ISO-10303-21;
HEADER;

/* File generated by Shapr3D Version 5.911.0.9224 */

FILE_DESCRIPTION(('HOOPS Exchange Step'),'2;1');

FILE_NAME('/Users/ddanier/Library/Containers/com.shapr3d.shapr/Data/tmp/export/temp_export',
'2025-08-07T21:06:34+02:00',
('ddanier'),
('Shapr3D Limited'),
'HOOPS Exchange 2024.8',
'Shapr3D',
'Authorized');

FILE_SCHEMA( ('AP242_MANAGED_MODEL_BASED_3D_ENGINEERING_MIM_LF {1 0 10303 442 1 1 4}') );

ENDSEC;

DATA;
#3=(NAMED_UNIT(*)PLANE_ANGLE_UNIT()SI_UNIT($,.RADIAN.));
#4=PLANE_ANGLE_MEASURE_WITH_UNIT(PLANE_ANGLE_MEASURE(0.0174532925),#3);
#5=(CONVERSION_BASED_UNIT('DEGREE',#4)NAMED_UNIT(#6)PLANE_ANGLE_UNIT());
#6=DIMENSIONAL_EXPONENTS(0.,0.,0.,0.,0.,0.,0.);
#7=(NAMED_UNIT(*)SI_UNIT($,.STERADIAN.)SOLID_ANGLE_UNIT());
#8=(LENGTH_UNIT()NAMED_UNIT(*)SI_UNIT(.MILLI.,.METRE.));
#9=UNCERTAINTY_MEASURE_WITH_UNIT(LENGTH_MEASURE(1.000000E-05),#8,'DISTANCE_ACCURACY_VALUE','Maximum Tolerance applied to model');
#10=(GEOMETRIC_REPRESENTATION_CONTEXT(3)GLOBAL_UNCERTAINTY_ASSIGNED_CONTEXT((#9))GLOBAL_UNIT_ASSIGNED_CONTEXT((#8,#5,#7))REPRESENTATION_CONTEXT('','openGrid M4 Nut Directional Snap v2'));
#12=CARTESIAN_POINT('',(0.,0.,0.));
#13=DIRECTION('',(0.,0.,1.));
#14=DIRECTION('',(1.,0.,0.));
#15=AXIS2_PLACEMENT_3D('TS3D_PRODUCT_CSYS',#12,#13,#14);
#27=CARTESIAN_POINT('',(28.,56.,6.802));
#28=DIRECTION('',(0.,0.,-1.));
#29=DIRECTION('',(-1.,0.,0.));
#30=AXIS2_PLACEMENT_3D('',#27,#28,#29);
#31=CYLINDRICAL_SURFACE('',#30,2.25);
#32=CARTESIAN_POINT('',(25.75,56.,3.2));
#33=VERTEX_POINT('',#32);
#34=CARTESIAN_POINT('',(25.75,56.,6.8));
#35=VERTEX_POINT('',#34);
#36=CARTESIAN_POINT('',(25.75,56.,3.2));
#37=DIRECTION('',(-0.,-0.,1.));
#38=VECTOR('',#37,3.6);
#39=LINE('',#36,#38);
#40=EDGE_CURVE('',#33,#35,#39,.T.);
#41=ORIENTED_EDGE('',*,*,#40,.F.);
#42=CARTESIAN_POINT('',(28.,56.,3.2));
#43=DIRECTION('',(0.,0.,-1.));
#44=DIRECTION('',(-1.,0.,0.));
#45=AXIS2_PLACEMENT_3D('',#42,#43,#44);
#46=CIRCLE('',#45,2.25);
#47=EDGE_CURVE('',#33,#33,#46,.T.);
#48=ORIENTED_EDGE('',*,*,#47,.T.);
#49=ORIENTED_EDGE('',*,*,#40,.T.);
#50=CARTESIAN_POINT('',(30.25,56.,6.8));
#51=VERTEX_POINT('',#50);
#52=CARTESIAN_POINT('',(28.,56.,6.8));
#53=DIRECTION('',(-0.,-0.,-1.));
#54=DIRECTION('',(1.,0.,-0.));
#55=AXIS2_PLACEMENT_3D('',#52,#53,#54);
#56=CIRCLE('',#55,2.25);
#57=EDGE_CURVE('',#51,#35,#56,.T.);
#58=ORIENTED_EDGE('',*,*,#57,.F.);
#59=CARTESIAN_POINT('',(28.,56.,6.8));
#60=DIRECTION('',(-0.,-0.,-1.));
#61=DIRECTION('',(1.,0.,-0.));
#62=AXIS2_PLACEMENT_3D('',#59,#60,#61);
#63=CIRCLE('',#62,2.25);
#64=EDGE_CURVE('',#35,#51,#63,.T.);
#65=ORIENTED_EDGE('',*,*,#64,.F.);
#66=EDGE_LOOP('',(#41,#48,#49,#58,#65));
#67=FACE_BOUND('',#66,.T.);
#68=ADVANCED_FACE('',(#67),#31,.F.);
#69=CARTESIAN_POINT('',(39.4,61.9,6.2));
#70=DIRECTION('',(0.,0.,1.));
#71=DIRECTION('',(1.,0.,-0.));
#72=AXIS2_PLACEMENT_3D('',#69,#70,#71);
#73=CYLINDRICAL_SURFACE('',#72,0.3);
#74=CARTESIAN_POINT('',(39.4,62.2,0.));
#75=VERTEX_POINT('',#74);
#76=CARTESIAN_POINT('',(39.4,62.2,6.2));
#77=VERTEX_POINT('',#76);
#78=CARTESIAN_POINT('',(39.4,62.2,0.));
#79=DIRECTION('',(-0.,-0.,1.));
#80=VECTOR('',#79,6.2);
#81=LINE('',#78,#80);
#82=EDGE_CURVE('',#75,#77,#81,.T.);
#83=ORIENTED_EDGE('',*,*,#82,.T.);
#84=CARTESIAN_POINT('',(39.1,61.9,6.2));
#85=VERTEX_POINT('',#84);
#86=CARTESIAN_POINT('',(39.4,61.9,6.2));
#87=DIRECTION('',(0.,0.,-1.));
#88=DIRECTION('',(-1.,0.,0.));
#89=AXIS2_PLACEMENT_3D('',#86,#87,#88);
#90=CIRCLE('',#89,0.3);
#91=EDGE_CURVE('',#85,#77,#90,.T.);
#92=ORIENTED_EDGE('',*,*,#91,.F.);
#93=CARTESIAN_POINT('',(39.1,61.9,0.));
#94=VERTEX_POINT('',#93);
#95=CARTESIAN_POINT('',(39.1,61.9,0.));
#96=DIRECTION('',(-0.,-0.,1.));
#97=VECTOR('',#96,6.2);
#98=LINE('',#95,#97);
#99=EDGE_CURVE('',#94,#85,#98,.T.);
#100=ORIENTED_EDGE('',*,*,#99,.F.);
#101=CARTESIAN_POINT('',(39.4,61.9,0.));
#102=DIRECTION('',(0.,0.,1.));
#103=DIRECTION('',(1.,0.,-0.));
#104=AXIS2_PLACEMENT_3D('',#101,#102,#103);
#105=CIRCLE('',#104,0.3);
#106=EDGE_CURVE('',#75,#94,#105,.T.);
#107=ORIENTED_EDGE('',*,*,#106,.F.);
#108=EDGE_LOOP('',(#83,#92,#100,#107));
#109=FACE_BOUND('',#108,.T.);
#110=ADVANCED_FACE('',(#109),#73,.F.);
#111=CARTESIAN_POINT('',(39.4,61.9,6.2));
#112=DIRECTION('',(0.,0.,1.));
#113=DIRECTION('',(1.,0.,-0.));
#114=AXIS2_PLACEMENT_3D('',#111,#112,#113);
#115=CYLINDRICAL_SURFACE('',#114,0.3);
#116=CARTESIAN_POINT('',(39.7,61.9,5.6));
#117=VERTEX_POINT('',#116);
#118=CARTESIAN_POINT('',(39.7,61.9,0.));
#119=VERTEX_POINT('',#118);
#120=CARTESIAN_POINT('',(39.7,61.9,5.6));
#121=DIRECTION('',(0.,0.,-1.));
#122=VECTOR('',#121,5.6);
#123=LINE('',#120,#122);
#124=EDGE_CURVE('',#117,#119,#123,.T.);
#125=ORIENTED_EDGE('',*,*,#124,.F.);
#126=CARTESIAN_POINT('',(39.682842712,62.,5.6));
#127=VERTEX_POINT('',#126);
#128=CARTESIAN_POINT('',(39.4,61.9,5.6));
#129=DIRECTION('',(-0.,-0.,1.));
#130=DIRECTION('',(-1.,0.,0.));
#131=AXIS2_PLACEMENT_3D('',#128,#129,#130);
#132=CIRCLE('',#131,0.3);
#133=EDGE_CURVE('',#117,#127,#132,.T.);
#134=ORIENTED_EDGE('',*,*,#133,.T.);
#135=CARTESIAN_POINT('',(39.682842712,62.,6.));
#136=VERTEX_POINT('',#135);
#137=CARTESIAN_POINT('',(39.682842712,62.,5.6));
#138=DIRECTION('',(0.,0.,1.));
#139=VECTOR('',#138,0.4);
#140=LINE('',#137,#139);
#141=EDGE_CURVE('',#127,#136,#140,.T.);
#142=ORIENTED_EDGE('',*,*,#141,.T.);
#143=CARTESIAN_POINT('',(39.7,61.9,6.));
#144=VERTEX_POINT('',#143);
#145=CARTESIAN_POINT('',(39.4,61.9,6.));
#146=DIRECTION('',(-0.,-0.,-1.));
#147=DIRECTION('',(1.,0.,-0.));
#148=AXIS2_PLACEMENT_3D('',#145,#146,#147);
#149=CIRCLE('',#148,0.3);
#150=EDGE_CURVE('',#136,#144,#149,.T.);
#151=ORIENTED_EDGE('',*,*,#150,.T.);
#152=CARTESIAN_POINT('',(39.7,61.9,6.2));
#153=VERTEX_POINT('',#152);
#154=CARTESIAN_POINT('',(39.7,61.9,6.2));
#155=DIRECTION('',(0.,0.,-1.));
#156=VECTOR('',#155,0.2);
#157=LINE('',#154,#156);
#158=EDGE_CURVE('',#153,#144,#157,.T.);
#159=ORIENTED_EDGE('',*,*,#158,.F.);
#160=CARTESIAN_POINT('',(39.4,61.9,6.2));
#161=DIRECTION('',(0.,0.,-1.));
#162=DIRECTION('',(-1.,0.,0.));
#163=AXIS2_PLACEMENT_3D('',#160,#161,#162);
#164=CIRCLE('',#163,0.3);
#165=EDGE_CURVE('',#77,#153,#164,.T.);
#166=ORIENTED_EDGE('',*,*,#165,.F.);
#167=ORIENTED_EDGE('',*,*,#82,.F.);
#168=CARTESIAN_POINT('',(39.4,61.9,0.));
#169=DIRECTION('',(0.,0.,1.));
#170=DIRECTION('',(1.,0.,-0.));
#171=AXIS2_PLACEMENT_3D('',#168,#169,#170);
#172=CIRCLE('',#171,0.3);
#173=EDGE_CURVE('',#119,#75,#172,.T.);
#174=ORIENTED_EDGE('',*,*,#173,.F.);
#175=EDGE_LOOP('',(#125,#134,#142,#151,#159,#166,#167,#174));
#176=FACE_BOUND('',#175,.T.);
#177=ADVANCED_FACE('',(#176),#115,.F.);
#178=CARTESIAN_POINT('',(39.4,50.1,6.2));
#179=DIRECTION('',(0.,0.,1.));
#180=DIRECTION('',(1.,0.,-0.));
#181=AXIS2_PLACEMENT_3D('',#178,#179,#180);
#182=CYLINDRICAL_SURFACE('',#181,0.3);
#183=CARTESIAN_POINT('',(39.1,50.1,6.2));
#184=VERTEX_POINT('',#183);
#185=CARTESIAN_POINT('',(39.1,50.1,0.));
#186=VERTEX_POINT('',#185);
#187=CARTESIAN_POINT('',(39.1,50.1,6.2));
#188=DIRECTION('',(0.,0.,-1.));
#189=VECTOR('',#188,6.2);
#190=LINE('',#187,#189);
#191=EDGE_CURVE('',#184,#186,#190,.T.);
#192=ORIENTED_EDGE('',*,*,#191,.F.);
#193=CARTESIAN_POINT('',(39.4,49.8,6.2));
#194=VERTEX_POINT('',#193);
#195=CARTESIAN_POINT('',(39.4,50.1,6.2));
#196=DIRECTION('',(0.,0.,-1.));
#197=DIRECTION('',(-1.,0.,0.));
#198=AXIS2_PLACEMENT_3D('',#195,#196,#197);
#199=CIRCLE('',#198,0.3);
#200=EDGE_CURVE('',#194,#184,#199,.T.);
#201=ORIENTED_EDGE('',*,*,#200,.F.);
#202=CARTESIAN_POINT('',(39.4,49.8,0.));
#203=VERTEX_POINT('',#202);
#204=CARTESIAN_POINT('',(39.4,49.8,6.2));
#205=DIRECTION('',(0.,0.,-1.));
#206=VECTOR('',#205,6.2);
#207=LINE('',#204,#206);
#208=EDGE_CURVE('',#194,#203,#207,.T.);
#209=ORIENTED_EDGE('',*,*,#208,.T.);
#210=CARTESIAN_POINT('',(39.4,50.1,0.));
#211=DIRECTION('',(0.,0.,1.));
#212=DIRECTION('',(1.,0.,-0.));
#213=AXIS2_PLACEMENT_3D('',#210,#211,#212);
#214=CIRCLE('',#213,0.3);
#215=EDGE_CURVE('',#186,#203,#214,.T.);
#216=ORIENTED_EDGE('',*,*,#215,.F.);
#217=EDGE_LOOP('',(#192,#201,#209,#216));
#218=FACE_BOUND('',#217,.T.);
#219=ADVANCED_FACE('',(#218),#182,.F.);
#220=CARTESIAN_POINT('',(39.4,50.1,6.2));
#221=DIRECTION('',(0.,0.,1.));
#222=DIRECTION('',(1.,0.,-0.));
#223=AXIS2_PLACEMENT_3D('',#220,#221,#222);
#224=CYLINDRICAL_SURFACE('',#223,0.3);
#225=ORIENTED_EDGE('',*,*,#208,.F.);
#226=CARTESIAN_POINT('',(39.7,50.1,6.2));
#227=VERTEX_POINT('',#226);
#228=CARTESIAN_POINT('',(39.4,50.1,6.2));
#229=DIRECTION('',(0.,0.,-1.));
#230=DIRECTION('',(-1.,0.,0.));
#231=AXIS2_PLACEMENT_3D('',#228,#229,#230);
#232=CIRCLE('',#231,0.3);
#233=EDGE_CURVE('',#227,#194,#232,.T.);
#234=ORIENTED_EDGE('',*,*,#233,.F.);
#235=CARTESIAN_POINT('',(39.7,50.1,6.));
#236=VERTEX_POINT('',#235);
#237=CARTESIAN_POINT('',(39.7,50.1,6.));
#238=DIRECTION('',(-0.,-0.,1.));
#239=VECTOR('',#238,0.2);
#240=LINE('',#237,#239);
#241=EDGE_CURVE('',#236,#227,#240,.T.);
#242=ORIENTED_EDGE('',*,*,#241,.F.);
#243=CARTESIAN_POINT('',(39.682842712,50.,6.));
#244=VERTEX_POINT('',#243);
#245=CARTESIAN_POINT('',(39.4,50.1,6.));
#246=DIRECTION('',(-0.,-0.,-1.));
#247=DIRECTION('',(1.,0.,-0.));
#248=AXIS2_PLACEMENT_3D('',#245,#246,#247);
#249=CIRCLE('',#248,0.3);
#250=EDGE_CURVE('',#236,#244,#249,.T.);
#251=ORIENTED_EDGE('',*,*,#250,.T.);
#252=CARTESIAN_POINT('',(39.682842712,50.,5.6));
#253=VERTEX_POINT('',#252);
#254=CARTESIAN_POINT('',(39.682842712,50.,6.));
#255=DIRECTION('',(-0.,-0.,-1.));
#256=VECTOR('',#255,0.4);
#257=LINE('',#254,#256);
#258=EDGE_CURVE('',#244,#253,#257,.T.);
#259=ORIENTED_EDGE('',*,*,#258,.T.);
#260=CARTESIAN_POINT('',(39.7,50.1,5.6));
#261=VERTEX_POINT('',#260);
#262=CARTESIAN_POINT('',(39.4,50.1,5.6));
#263=DIRECTION('',(-0.,-0.,1.));
#264=DIRECTION('',(-1.,0.,0.));
#265=AXIS2_PLACEMENT_3D('',#262,#263,#264);
#266=CIRCLE('',#265,0.3);
#267=EDGE_CURVE('',#253,#261,#266,.T.);
#268=ORIENTED_EDGE('',*,*,#267,.T.);
#269=CARTESIAN_POINT('',(39.7,50.1,0.));
#270=VERTEX_POINT('',#269);
#271=CARTESIAN_POINT('',(39.7,50.1,0.));
#272=DIRECTION('',(-0.,-0.,1.));
#273=VECTOR('',#272,5.6);
#274=LINE('',#271,#273);
#275=EDGE_CURVE('',#270,#261,#274,.T.);
#276=ORIENTED_EDGE('',*,*,#275,.F.);
#277=CARTESIAN_POINT('',(39.4,50.1,0.));
#278=DIRECTION('',(0.,0.,1.));
#279=DIRECTION('',(1.,0.,-0.));
#280=AXIS2_PLACEMENT_3D('',#277,#278,#279);
#281=CIRCLE('',#280,0.3);
#282=EDGE_CURVE('',#203,#270,#281,.T.);
#283=ORIENTED_EDGE('',*,*,#282,.F.);
#284=EDGE_LOOP('',(#225,#234,#242,#251,#259,#268,#276,#283));
#285=FACE_BOUND('',#284,.T.);
#286=ADVANCED_FACE('',(#285),#224,.F.);
#287=CARTESIAN_POINT('',(39.1,56.,6.2));
#288=DIRECTION('',(1.,-0.,0.));
#289=DIRECTION('',(0.,1.,0.));
#290=AXIS2_PLACEMENT_3D('',#287,#288,#289);
#291=PLANE('',#290);
#292=ORIENTED_EDGE('',*,*,#99,.T.);
#293=CARTESIAN_POINT('',(39.1,61.9,6.2));
#294=DIRECTION('',(-0.,-1.,0.));
#295=VECTOR('',#294,11.8);
#296=LINE('',#293,#295);
#297=EDGE_CURVE('',#85,#184,#296,.T.);
#298=ORIENTED_EDGE('',*,*,#297,.T.);
#299=ORIENTED_EDGE('',*,*,#191,.T.);
#300=CARTESIAN_POINT('',(39.1,61.9,0.));
#301=DIRECTION('',(-0.,-1.,0.));
#302=VECTOR('',#301,11.8);
#303=LINE('',#300,#302);
#304=EDGE_CURVE('',#94,#186,#303,.T.);
#305=ORIENTED_EDGE('',*,*,#304,.F.);
#306=EDGE_LOOP('',(#292,#298,#299,#305));
#307=FACE_BOUND('',#306,.T.);
#308=ADVANCED_FACE('',(#307),#291,.T.);
#309=CARTESIAN_POINT('',(39.7,56.,6.2));
#310=DIRECTION('',(-1.,0.,0.));
#311=DIRECTION('',(-0.,-1.,0.));
#312=AXIS2_PLACEMENT_3D('',#309,#310,#311);
#313=PLANE('',#312);
#314=ORIENTED_EDGE('',*,*,#275,.T.);
#315=CARTESIAN_POINT('',(39.7,61.9,5.6));
#316=DIRECTION('',(-0.,-1.,0.));
#317=VECTOR('',#316,11.8);
#318=LINE('',#315,#317);
#319=EDGE_CURVE('',#117,#261,#318,.T.);
#320=ORIENTED_EDGE('',*,*,#319,.F.);
#321=ORIENTED_EDGE('',*,*,#124,.T.);
#322=CARTESIAN_POINT('',(39.7,50.1,0.));
#323=DIRECTION('',(0.,1.,0.));
#324=VECTOR('',#323,11.8);
#325=LINE('',#322,#324);
#326=EDGE_CURVE('',#270,#119,#325,.T.);
#327=ORIENTED_EDGE('',*,*,#326,.F.);
#328=EDGE_LOOP('',(#314,#320,#321,#327));
#329=FACE_BOUND('',#328,.T.);
#330=ADVANCED_FACE('',(#329),#313,.T.);
#331=CARTESIAN_POINT('',(18.667526671,46.667526671,-2.195876077));
#332=DIRECTION('',(-0.697518449,-0.697518449,-0.164121988));
#333=DIRECTION('',(0.707106781,-0.707106781,-0.));
#334=AXIS2_PLACEMENT_3D('',#331,#332,#333);
#335=PLANE('',#334);
#336=CARTESIAN_POINT('',(20.418376618,43.6,3.4));
#337=VERTEX_POINT('',#336);
#338=CARTESIAN_POINT('',(20.418376618,44.4,0.));
#339=VERTEX_POINT('',#338);
#340=CARTESIAN_POINT('',(20.418376618,43.6,3.4));
#341=DIRECTION('',(0.,0.229039334,-0.973417168));
#342=VECTOR('',#341,3.492849839);
#343=LINE('',#340,#342);
#344=EDGE_CURVE('',#337,#339,#343,.T.);
#345=ORIENTED_EDGE('',*,*,#344,.F.);
#346=CARTESIAN_POINT('',(15.6,48.418376618,3.4));
#347=VERTEX_POINT('',#346);
#348=CARTESIAN_POINT('',(20.418376618,43.6,3.4));
#349=DIRECTION('',(-0.707106781,0.707106781,0.));
#350=VECTOR('',#349,6.814213562);
#351=LINE('',#348,#350);
#352=EDGE_CURVE('',#337,#347,#351,.T.);
#353=ORIENTED_EDGE('',*,*,#352,.T.);
#354=CARTESIAN_POINT('',(15.6,49.218376618,0.));
#355=VERTEX_POINT('',#354);
#356=CARTESIAN_POINT('',(15.6,48.418376618,3.4));
#357=DIRECTION('',(0.,0.229039334,-0.973417168));
#358=VECTOR('',#357,3.492849839);
#359=LINE('',#356,#358);
#360=EDGE_CURVE('',#347,#355,#359,.T.);
#361=ORIENTED_EDGE('',*,*,#360,.T.);
#362=CARTESIAN_POINT('',(15.6,49.218376618,0.));
#363=DIRECTION('',(0.707106781,-0.707106781,0.));
#364=VECTOR('',#363,6.814213562);
#365=LINE('',#362,#364);
#366=EDGE_CURVE('',#355,#339,#365,.T.);
#367=ORIENTED_EDGE('',*,*,#366,.T.);
#368=EDGE_LOOP('',(#345,#353,#361,#367));
#369=FACE_BOUND('',#368,.T.);
#370=ADVANCED_FACE('',(#369),#335,.T.);
#371=CARTESIAN_POINT('',(15.6,56.8,6.8));
#372=DIRECTION('',(1.,0.,0.));
#373=DIRECTION('',(0.,0.,-1.));
#374=AXIS2_PLACEMENT_3D('',#371,#372,#373);
#375=PLANE('',#374);
#376=CARTESIAN_POINT('',(15.6,50.6,5.4));
#377=VERTEX_POINT('',#376);
#378=CARTESIAN_POINT('',(15.6,50.6,3.4));
#379=VERTEX_POINT('',#378);
#380=CARTESIAN_POINT('',(15.6,50.6,5.4));
#381=DIRECTION('',(0.,0.,-1.));
#382=VECTOR('',#381,2.);
#383=LINE('',#380,#382);
#384=EDGE_CURVE('',#377,#379,#383,.T.);
#385=ORIENTED_EDGE('',*,*,#384,.T.);
#386=CARTESIAN_POINT('',(15.6,61.4,3.4));
#387=VERTEX_POINT('',#386);
#388=CARTESIAN_POINT('',(15.6,50.6,3.4));
#389=DIRECTION('',(0.,1.,-0.));
#390=VECTOR('',#389,10.8);
#391=LINE('',#388,#390);
#392=EDGE_CURVE('',#379,#387,#391,.T.);
#393=ORIENTED_EDGE('',*,*,#392,.T.);
#394=CARTESIAN_POINT('',(15.6,61.4,5.4));
#395=VERTEX_POINT('',#394);
#396=CARTESIAN_POINT('',(15.6,61.4,3.4));
#397=DIRECTION('',(0.,0.,1.));
#398=VECTOR('',#397,2.);
#399=LINE('',#396,#398);
#400=EDGE_CURVE('',#387,#395,#399,.T.);
#401=ORIENTED_EDGE('',*,*,#400,.T.);
#402=CARTESIAN_POINT('',(15.6,61.4,5.4));
#403=DIRECTION('',(0.,-1.,0.));
#404=VECTOR('',#403,10.8);
#405=LINE('',#402,#404);
#406=EDGE_CURVE('',#395,#377,#405,.T.);
#407=ORIENTED_EDGE('',*,*,#406,.T.);
#408=EDGE_LOOP('',(#385,#393,#401,#407));
#409=FACE_BOUND('',#408,.T.);
#410=ORIENTED_EDGE('',*,*,#360,.F.);
#411=CARTESIAN_POINT('',(15.6,48.418376618,5.3));
#412=VERTEX_POINT('',#411);
#413=CARTESIAN_POINT('',(15.6,48.418376618,5.3));
#414=DIRECTION('',(0.,0.,-1.));
#415=VECTOR('',#414,1.9);
#416=LINE('',#413,#415);
#417=EDGE_CURVE('',#412,#347,#416,.T.);
#418=ORIENTED_EDGE('',*,*,#417,.F.);
#419=CARTESIAN_POINT('',(15.6,46.8627417,6.4));
#420=VERTEX_POINT('',#419);
#421=CARTESIAN_POINT('',(15.6,48.418376618,5.3));
#422=DIRECTION('',(-0.,-0.816496581,0.577350269));
#423=VECTOR('',#422,1.905255888);
#424=LINE('',#421,#423);
#425=EDGE_CURVE('',#412,#420,#424,.T.);
#426=ORIENTED_EDGE('',*,*,#425,.T.);
#427=CARTESIAN_POINT('',(15.6,46.8627417,6.8));
#428=VERTEX_POINT('',#427);
#429=CARTESIAN_POINT('',(15.6,46.8627417,6.4));
#430=DIRECTION('',(0.,0.,1.));
#431=VECTOR('',#430,0.4);
#432=LINE('',#429,#431);
#433=EDGE_CURVE('',#420,#428,#432,.T.);
#434=ORIENTED_EDGE('',*,*,#433,.T.);
#435=CARTESIAN_POINT('',(15.6,65.1372583,6.8));
#436=VERTEX_POINT('',#435);
#437=CARTESIAN_POINT('',(15.6,65.1372583,6.8));
#438=DIRECTION('',(0.,-1.,0.));
#439=VECTOR('',#438,18.2745166);
#440=LINE('',#437,#439);
#441=EDGE_CURVE('',#436,#428,#440,.T.);
#442=ORIENTED_EDGE('',*,*,#441,.F.);
#443=CARTESIAN_POINT('',(15.6,65.1372583,6.4));
#444=VERTEX_POINT('',#443);
#445=CARTESIAN_POINT('',(15.6,65.1372583,6.4));
#446=DIRECTION('',(0.,0.,1.));
#447=VECTOR('',#446,0.4);
#448=LINE('',#445,#447);
#449=EDGE_CURVE('',#444,#436,#448,.T.);
#450=ORIENTED_EDGE('',*,*,#449,.F.);
#451=CARTESIAN_POINT('',(15.6,63.581623382,5.3));
#452=VERTEX_POINT('',#451);
#453=CARTESIAN_POINT('',(15.6,65.1372583,6.4));
#454=DIRECTION('',(-0.,-0.816496581,-0.577350269));
#455=VECTOR('',#454,1.905255888);
#456=LINE('',#453,#455);
#457=EDGE_CURVE('',#444,#452,#456,.T.);
#458=ORIENTED_EDGE('',*,*,#457,.T.);
#459=CARTESIAN_POINT('',(15.6,63.581623382,1.5));
#460=VERTEX_POINT('',#459);
#461=CARTESIAN_POINT('',(15.6,63.581623382,5.3));
#462=DIRECTION('',(0.,0.,-1.));
#463=VECTOR('',#462,3.8);
#464=LINE('',#461,#463);
#465=EDGE_CURVE('',#452,#460,#464,.T.);
#466=ORIENTED_EDGE('',*,*,#465,.T.);
#467=CARTESIAN_POINT('',(15.6,63.808831175,1.339339828));
#468=VERTEX_POINT('',#467);
#469=CARTESIAN_POINT('',(15.6,63.581623382,1.5));
#470=DIRECTION('',(0.,0.816496581,-0.577350269));
#471=VECTOR('',#470,0.27827158);
#472=LINE('',#469,#471);
#473=EDGE_CURVE('',#460,#468,#472,.T.);
#474=ORIENTED_EDGE('',*,*,#473,.T.);
#475=CARTESIAN_POINT('',(15.6,63.808831175,0.));
#476=VERTEX_POINT('',#475);
#477=CARTESIAN_POINT('',(15.6,63.808831175,1.339339828));
#478=DIRECTION('',(-0.,-0.,-1.));
#479=VECTOR('',#478,1.339339828);
#480=LINE('',#477,#479);
#481=EDGE_CURVE('',#468,#476,#480,.T.);
#482=ORIENTED_EDGE('',*,*,#481,.T.);
#483=CARTESIAN_POINT('',(15.6,63.808831175,0.));
#484=DIRECTION('',(0.,-1.,0.));
#485=VECTOR('',#484,14.590454557);
#486=LINE('',#483,#485);
#487=EDGE_CURVE('',#476,#355,#486,.T.);
#488=ORIENTED_EDGE('',*,*,#487,.T.);
#489=EDGE_LOOP('',(#410,#418,#426,#434,#442,#450,#458,#466,#474,#482,#488));
#490=FACE_BOUND('',#489,.T.);
#491=CARTESIAN_POINT('',(15.6,50.,6.));
#492=VERTEX_POINT('',#491);
#493=CARTESIAN_POINT('',(15.6,62.,6.));
#494=VERTEX_POINT('',#493);
#495=CARTESIAN_POINT('',(15.6,50.,6.));
#496=DIRECTION('',(0.,1.,0.));
#497=VECTOR('',#496,12.);
#498=LINE('',#495,#497);
#499=EDGE_CURVE('',#492,#494,#498,.T.);
#500=ORIENTED_EDGE('',*,*,#499,.F.);
#501=CARTESIAN_POINT('',(15.6,50.,5.6));
#502=VERTEX_POINT('',#501);
#503=CARTESIAN_POINT('',(15.6,50.,5.6));
#504=DIRECTION('',(0.,0.,1.));
#505=VECTOR('',#504,0.4);
#506=LINE('',#503,#505);
#507=EDGE_CURVE('',#502,#492,#506,.T.);
#508=ORIENTED_EDGE('',*,*,#507,.F.);
#509=CARTESIAN_POINT('',(15.6,62.,5.6));
#510=VERTEX_POINT('',#509);
#511=CARTESIAN_POINT('',(15.6,62.,5.6));
#512=DIRECTION('',(0.,-1.,0.));
#513=VECTOR('',#512,12.);
#514=LINE('',#511,#513);
#515=EDGE_CURVE('',#510,#502,#514,.T.);
#516=ORIENTED_EDGE('',*,*,#515,.F.);
#517=CARTESIAN_POINT('',(15.6,62.,6.));
#518=DIRECTION('',(0.,0.,-1.));
#519=VECTOR('',#518,0.4);
#520=LINE('',#517,#519);
#521=EDGE_CURVE('',#494,#510,#520,.T.);
#522=ORIENTED_EDGE('',*,*,#521,.F.);
#523=EDGE_LOOP('',(#500,#508,#516,#522));
#524=FACE_BOUND('',#523,.T.);
#525=ADVANCED_FACE('',(#409,#490,#524),#375,.F.);
#526=CARTESIAN_POINT('',(18.009188309,65.990811691,6.8));
#527=DIRECTION('',(0.707106781,-0.707106781,0.));
#528=DIRECTION('',(0.707106781,0.707106781,0.));
#529=AXIS2_PLACEMENT_3D('',#526,#527,#528);
#530=PLANE('',#529);
#531=CARTESIAN_POINT('',(20.418376618,68.4,5.3));
#532=VERTEX_POINT('',#531);
#533=CARTESIAN_POINT('',(20.418376618,68.4,1.5));
#534=VERTEX_POINT('',#533);
#535=CARTESIAN_POINT('',(20.418376618,68.4,5.3));
#536=DIRECTION('',(0.,0.,-1.));
#537=VECTOR('',#536,3.8);
#538=LINE('',#535,#537);
#539=EDGE_CURVE('',#532,#534,#538,.T.);
#540=ORIENTED_EDGE('',*,*,#539,.T.);
#541=CARTESIAN_POINT('',(20.418376618,68.4,1.5));
#542=DIRECTION('',(-0.707106781,-0.707106781,-0.));
#543=VECTOR('',#542,6.814213562);
#544=LINE('',#541,#543);
#545=EDGE_CURVE('',#534,#460,#544,.T.);
#546=ORIENTED_EDGE('',*,*,#545,.T.);
#547=ORIENTED_EDGE('',*,*,#465,.F.);
#548=CARTESIAN_POINT('',(15.6,63.581623382,5.3));
#549=DIRECTION('',(0.707106781,0.707106781,-0.));
#550=VECTOR('',#549,6.814213562);
#551=LINE('',#548,#550);
#552=EDGE_CURVE('',#452,#532,#551,.T.);
#553=ORIENTED_EDGE('',*,*,#552,.T.);
#554=EDGE_LOOP('',(#540,#546,#547,#553));
#555=FACE_BOUND('',#554,.T.);
#556=ADVANCED_FACE('',(#555),#530,.F.);
#557=CARTESIAN_POINT('',(28.,68.4,6.8));
#558=DIRECTION('',(0.,-1.,0.));
#559=DIRECTION('',(0.,0.,-1.));
#560=AXIS2_PLACEMENT_3D('',#557,#558,#559);
#561=PLANE('',#560);
#562=CARTESIAN_POINT('',(21.,68.4,5.4));
#563=VERTEX_POINT('',#562);
#564=CARTESIAN_POINT('',(21.,68.4,3.4));
#565=VERTEX_POINT('',#564);
#566=CARTESIAN_POINT('',(21.,68.4,5.4));
#567=DIRECTION('',(0.,0.,-1.));
#568=VECTOR('',#567,2.);
#569=LINE('',#566,#568);
#570=EDGE_CURVE('',#563,#565,#569,.T.);
#571=ORIENTED_EDGE('',*,*,#570,.T.);
#572=CARTESIAN_POINT('',(21.,68.4,1.4));
#573=VERTEX_POINT('',#572);
#574=CARTESIAN_POINT('',(21.,68.4,3.4));
#575=DIRECTION('',(0.,0.,-1.));
#576=VECTOR('',#575,2.);
#577=LINE('',#574,#576);
#578=EDGE_CURVE('',#565,#573,#577,.T.);
#579=ORIENTED_EDGE('',*,*,#578,.T.);
#580=CARTESIAN_POINT('',(35.,68.4,1.4));
#581=VERTEX_POINT('',#580);
#582=CARTESIAN_POINT('',(21.,68.4,1.4));
#583=DIRECTION('',(1.,0.,-0.));
#584=VECTOR('',#583,14.);
#585=LINE('',#582,#584);
#586=EDGE_CURVE('',#573,#581,#585,.T.);
#587=ORIENTED_EDGE('',*,*,#586,.T.);
#588=CARTESIAN_POINT('',(35.,68.4,3.4));
#589=VERTEX_POINT('',#588);
#590=CARTESIAN_POINT('',(35.,68.4,1.4));
#591=DIRECTION('',(-0.,-0.,1.));
#592=VECTOR('',#591,2.);
#593=LINE('',#590,#592);
#594=EDGE_CURVE('',#581,#589,#593,.T.);
#595=ORIENTED_EDGE('',*,*,#594,.T.);
#596=CARTESIAN_POINT('',(35.,68.4,5.4));
#597=VERTEX_POINT('',#596);
#598=CARTESIAN_POINT('',(35.,68.4,3.4));
#599=DIRECTION('',(-0.,-0.,1.));
#600=VECTOR('',#599,2.);
#601=LINE('',#598,#600);
#602=EDGE_CURVE('',#589,#597,#601,.T.);
#603=ORIENTED_EDGE('',*,*,#602,.T.);
#604=CARTESIAN_POINT('',(35.,68.4,5.4));
#605=DIRECTION('',(-1.,0.,0.));
#606=VECTOR('',#605,14.);
#607=LINE('',#604,#606);
#608=EDGE_CURVE('',#597,#563,#607,.T.);
#609=ORIENTED_EDGE('',*,*,#608,.T.);
#610=EDGE_LOOP('',(#571,#579,#587,#595,#603,#609));
#611=FACE_BOUND('',#610,.T.);
#612=ORIENTED_EDGE('',*,*,#539,.F.);
#613=CARTESIAN_POINT('',(18.8627417,68.4,6.4));
#614=VERTEX_POINT('',#613);
#615=CARTESIAN_POINT('',(20.418376618,68.4,5.3));
#616=DIRECTION('',(-0.816496581,0.,0.577350269));
#617=VECTOR('',#616,1.905255888);
#618=LINE('',#615,#617);
#619=EDGE_CURVE('',#532,#614,#618,.T.);
#620=ORIENTED_EDGE('',*,*,#619,.T.);
#621=CARTESIAN_POINT('',(18.8627417,68.4,6.8));
#622=VERTEX_POINT('',#621);
#623=CARTESIAN_POINT('',(18.8627417,68.4,6.4));
#624=DIRECTION('',(0.,0.,1.));
#625=VECTOR('',#624,0.4);
#626=LINE('',#623,#625);
#627=EDGE_CURVE('',#614,#622,#626,.T.);
#628=ORIENTED_EDGE('',*,*,#627,.T.);
#629=CARTESIAN_POINT('',(37.1372583,68.4,6.8));
#630=VERTEX_POINT('',#629);
#631=CARTESIAN_POINT('',(18.8627417,68.4,6.8));
#632=DIRECTION('',(1.,-0.,0.));
#633=VECTOR('',#632,18.2745166);
#634=LINE('',#631,#633);
#635=EDGE_CURVE('',#622,#630,#634,.T.);
#636=ORIENTED_EDGE('',*,*,#635,.T.);
#637=CARTESIAN_POINT('',(37.1372583,68.4,6.4));
#638=VERTEX_POINT('',#637);
#639=CARTESIAN_POINT('',(37.1372583,68.4,6.4));
#640=DIRECTION('',(0.,0.,1.));
#641=VECTOR('',#640,0.4);
#642=LINE('',#639,#641);
#643=EDGE_CURVE('',#638,#630,#642,.T.);
#644=ORIENTED_EDGE('',*,*,#643,.F.);
#645=CARTESIAN_POINT('',(35.581623382,68.4,5.3));
#646=VERTEX_POINT('',#645);
#647=CARTESIAN_POINT('',(37.1372583,68.4,6.4));
#648=DIRECTION('',(-0.816496581,0.,-0.577350269));
#649=VECTOR('',#648,1.905255888);
#650=LINE('',#647,#649);
#651=EDGE_CURVE('',#638,#646,#650,.T.);
#652=ORIENTED_EDGE('',*,*,#651,.T.);
#653=CARTESIAN_POINT('',(35.581623382,68.4,1.5));
#654=VERTEX_POINT('',#653);
#655=CARTESIAN_POINT('',(35.581623382,68.4,5.3));
#656=DIRECTION('',(0.,0.,-1.));
#657=VECTOR('',#656,3.8);
#658=LINE('',#655,#657);
#659=EDGE_CURVE('',#646,#654,#658,.T.);
#660=ORIENTED_EDGE('',*,*,#659,.T.);
#661=CARTESIAN_POINT('',(35.808831175,68.4,1.339339828));
#662=VERTEX_POINT('',#661);
#663=CARTESIAN_POINT('',(35.581623382,68.4,1.5));
#664=DIRECTION('',(0.816496581,-0.,-0.577350269));
#665=VECTOR('',#664,0.27827158);
#666=LINE('',#663,#665);
#667=EDGE_CURVE('',#654,#662,#666,.T.);
#668=ORIENTED_EDGE('',*,*,#667,.T.);
#669=CARTESIAN_POINT('',(35.808831175,68.4,0.));
#670=VERTEX_POINT('',#669);
#671=CARTESIAN_POINT('',(35.808831175,68.4,1.339339828));
#672=DIRECTION('',(-0.,-0.,-1.));
#673=VECTOR('',#672,1.339339828);
#674=LINE('',#671,#673);
#675=EDGE_CURVE('',#662,#670,#674,.T.);
#676=ORIENTED_EDGE('',*,*,#675,.T.);
#677=CARTESIAN_POINT('',(20.191168825,68.4,0.));
#678=VERTEX_POINT('',#677);
#679=CARTESIAN_POINT('',(35.808831175,68.4,0.));
#680=DIRECTION('',(-1.,0.,0.));
#681=VECTOR('',#680,15.617662351);
#682=LINE('',#679,#681);
#683=EDGE_CURVE('',#670,#678,#682,.T.);
#684=ORIENTED_EDGE('',*,*,#683,.T.);
#685=CARTESIAN_POINT('',(20.191168825,68.4,1.339339828));
#686=VERTEX_POINT('',#685);
#687=CARTESIAN_POINT('',(20.191168825,68.4,0.));
#688=DIRECTION('',(0.,0.,1.));
#689=VECTOR('',#688,1.339339828);
#690=LINE('',#687,#689);
#691=EDGE_CURVE('',#678,#686,#690,.T.);
#692=ORIENTED_EDGE('',*,*,#691,.T.);
#693=CARTESIAN_POINT('',(20.191168825,68.4,1.339339828));
#694=DIRECTION('',(0.816496581,-0.,0.577350269));
#695=VECTOR('',#694,0.27827158);
#696=LINE('',#693,#695);
#697=EDGE_CURVE('',#686,#534,#696,.T.);
#698=ORIENTED_EDGE('',*,*,#697,.T.);
#699=EDGE_LOOP('',(#612,#620,#628,#636,#644,#652,#660,#668,#676,#684,#692,#698));
#700=FACE_BOUND('',#699,.T.);
#701=ADVANCED_FACE('',(#611,#700),#561,.F.);
#702=CARTESIAN_POINT('',(37.990811691,65.990811691,6.8));
#703=DIRECTION('',(-0.707106781,-0.707106781,0.));
#704=DIRECTION('',(0.707106781,-0.707106781,0.));
#705=AXIS2_PLACEMENT_3D('',#702,#703,#704);
#706=PLANE('',#705);
#707=CARTESIAN_POINT('',(40.4,63.581623382,5.3));
#708=VERTEX_POINT('',#707);
#709=CARTESIAN_POINT('',(40.4,63.581623382,1.5));
#710=VERTEX_POINT('',#709);
#711=CARTESIAN_POINT('',(40.4,63.581623382,5.3));
#712=DIRECTION('',(0.,0.,-1.));
#713=VECTOR('',#712,3.8);
#714=LINE('',#711,#713);
#715=EDGE_CURVE('',#708,#710,#714,.T.);
#716=ORIENTED_EDGE('',*,*,#715,.T.);
#717=CARTESIAN_POINT('',(40.4,63.581623382,1.5));
#718=DIRECTION('',(-0.707106781,0.707106781,-0.));
#719=VECTOR('',#718,6.814213562);
#720=LINE('',#717,#719);
#721=EDGE_CURVE('',#710,#654,#720,.T.);
#722=ORIENTED_EDGE('',*,*,#721,.T.);
#723=ORIENTED_EDGE('',*,*,#659,.F.);
#724=CARTESIAN_POINT('',(35.581623382,68.4,5.3));
#725=DIRECTION('',(0.707106781,-0.707106781,-0.));
#726=VECTOR('',#725,6.814213562);
#727=LINE('',#724,#726);
#728=EDGE_CURVE('',#646,#708,#727,.T.);
#729=ORIENTED_EDGE('',*,*,#728,.T.);
#730=EDGE_LOOP('',(#716,#722,#723,#729));
#731=FACE_BOUND('',#730,.T.);
#732=ADVANCED_FACE('',(#731),#706,.F.);
#733=CARTESIAN_POINT('',(40.4,56.8,6.8));
#734=DIRECTION('',(-1.,0.,0.));
#735=DIRECTION('',(0.,0.,1.));
#736=AXIS2_PLACEMENT_3D('',#733,#734,#735);
#737=PLANE('',#736);
#738=CARTESIAN_POINT('',(40.4,61.4,5.4));
#739=VERTEX_POINT('',#738);
#740=CARTESIAN_POINT('',(40.4,61.4,3.4));
#741=VERTEX_POINT('',#740);
#742=CARTESIAN_POINT('',(40.4,61.4,5.4));
#743=DIRECTION('',(0.,0.,-1.));
#744=VECTOR('',#743,2.);
#745=LINE('',#742,#744);
#746=EDGE_CURVE('',#739,#741,#745,.T.);
#747=ORIENTED_EDGE('',*,*,#746,.T.);
#748=CARTESIAN_POINT('',(40.4,50.6,3.4));
#749=VERTEX_POINT('',#748);
#750=CARTESIAN_POINT('',(40.4,61.4,3.4));
#751=DIRECTION('',(-0.,-1.,-0.));
#752=VECTOR('',#751,10.8);
#753=LINE('',#750,#752);
#754=EDGE_CURVE('',#741,#749,#753,.T.);
#755=ORIENTED_EDGE('',*,*,#754,.T.);
#756=CARTESIAN_POINT('',(40.4,50.6,5.4));
#757=VERTEX_POINT('',#756);
#758=CARTESIAN_POINT('',(40.4,50.6,3.4));
#759=DIRECTION('',(-0.,-0.,1.));
#760=VECTOR('',#759,2.);
#761=LINE('',#758,#760);
#762=EDGE_CURVE('',#749,#757,#761,.T.);
#763=ORIENTED_EDGE('',*,*,#762,.T.);
#764=CARTESIAN_POINT('',(40.4,50.6,5.4));
#765=DIRECTION('',(0.,1.,0.));
#766=VECTOR('',#765,10.8);
#767=LINE('',#764,#766);
#768=EDGE_CURVE('',#757,#739,#767,.T.);
#769=ORIENTED_EDGE('',*,*,#768,.T.);
#770=EDGE_LOOP('',(#747,#755,#763,#769));
#771=FACE_BOUND('',#770,.T.);
#772=ORIENTED_EDGE('',*,*,#715,.F.);
#773=CARTESIAN_POINT('',(40.4,65.1372583,6.4));
#774=VERTEX_POINT('',#773);
#775=CARTESIAN_POINT('',(40.4,63.581623382,5.3));
#776=DIRECTION('',(0.,0.816496581,0.577350269));
#777=VECTOR('',#776,1.905255888);
#778=LINE('',#775,#777);
#779=EDGE_CURVE('',#708,#774,#778,.T.);
#780=ORIENTED_EDGE('',*,*,#779,.T.);
#781=CARTESIAN_POINT('',(40.4,65.1372583,6.8));
#782=VERTEX_POINT('',#781);
#783=CARTESIAN_POINT('',(40.4,65.1372583,6.4));
#784=DIRECTION('',(0.,0.,1.));
#785=VECTOR('',#784,0.4);
#786=LINE('',#783,#785);
#787=EDGE_CURVE('',#774,#782,#786,.T.);
#788=ORIENTED_EDGE('',*,*,#787,.T.);
#789=CARTESIAN_POINT('',(40.4,46.8627417,6.8));
#790=VERTEX_POINT('',#789);
#791=CARTESIAN_POINT('',(40.4,65.1372583,6.8));
#792=DIRECTION('',(-0.,-1.,0.));
#793=VECTOR('',#792,18.2745166);
#794=LINE('',#791,#793);
#795=EDGE_CURVE('',#782,#790,#794,.T.);
#796=ORIENTED_EDGE('',*,*,#795,.T.);
#797=CARTESIAN_POINT('',(40.4,46.8627417,6.4));
#798=VERTEX_POINT('',#797);
#799=CARTESIAN_POINT('',(40.4,46.8627417,6.4));
#800=DIRECTION('',(0.,0.,1.));
#801=VECTOR('',#800,0.4);
#802=LINE('',#799,#801);
#803=EDGE_CURVE('',#798,#790,#802,.T.);
#804=ORIENTED_EDGE('',*,*,#803,.F.);
#805=CARTESIAN_POINT('',(40.4,48.418376618,5.3));
#806=VERTEX_POINT('',#805);
#807=CARTESIAN_POINT('',(40.4,46.8627417,6.4));
#808=DIRECTION('',(0.,0.816496581,-0.577350269));
#809=VECTOR('',#808,1.905255888);
#810=LINE('',#807,#809);
#811=EDGE_CURVE('',#798,#806,#810,.T.);
#812=ORIENTED_EDGE('',*,*,#811,.T.);
#813=CARTESIAN_POINT('',(40.4,48.418376618,3.4));
#814=VERTEX_POINT('',#813);
#815=CARTESIAN_POINT('',(40.4,48.418376618,5.3));
#816=DIRECTION('',(0.,0.,-1.));
#817=VECTOR('',#816,1.9);
#818=LINE('',#815,#817);
#819=EDGE_CURVE('',#806,#814,#818,.T.);
#820=ORIENTED_EDGE('',*,*,#819,.T.);
#821=CARTESIAN_POINT('',(40.4,49.218376618,0.));
#822=VERTEX_POINT('',#821);
#823=CARTESIAN_POINT('',(40.4,48.418376618,3.4));
#824=DIRECTION('',(0.,0.229039334,-0.973417168));
#825=VECTOR('',#824,3.492849839);
#826=LINE('',#823,#825);
#827=EDGE_CURVE('',#814,#822,#826,.T.);
#828=ORIENTED_EDGE('',*,*,#827,.T.);
#829=CARTESIAN_POINT('',(40.4,63.808831175,0.));
#830=VERTEX_POINT('',#829);
#831=CARTESIAN_POINT('',(40.4,49.218376618,0.));
#832=DIRECTION('',(0.,1.,0.));
#833=VECTOR('',#832,14.590454557);
#834=LINE('',#831,#833);
#835=EDGE_CURVE('',#822,#830,#834,.T.);
#836=ORIENTED_EDGE('',*,*,#835,.T.);
#837=CARTESIAN_POINT('',(40.4,63.808831175,1.339339828));
#838=VERTEX_POINT('',#837);
#839=CARTESIAN_POINT('',(40.4,63.808831175,0.));
#840=DIRECTION('',(0.,0.,1.));
#841=VECTOR('',#840,1.339339828);
#842=LINE('',#839,#841);
#843=EDGE_CURVE('',#830,#838,#842,.T.);
#844=ORIENTED_EDGE('',*,*,#843,.T.);
#845=CARTESIAN_POINT('',(40.4,63.808831175,1.339339828));
#846=DIRECTION('',(-0.,-0.816496581,0.577350269));
#847=VECTOR('',#846,0.27827158);
#848=LINE('',#845,#847);
#849=EDGE_CURVE('',#838,#710,#848,.T.);
#850=ORIENTED_EDGE('',*,*,#849,.T.);
#851=EDGE_LOOP('',(#772,#780,#788,#796,#804,#812,#820,#828,#836,#844,#850));
#852=FACE_BOUND('',#851,.T.);
#853=CARTESIAN_POINT('',(40.4,62.,6.));
#854=VERTEX_POINT('',#853);
#855=CARTESIAN_POINT('',(40.4,50.,6.));
#856=VERTEX_POINT('',#855);
#857=CARTESIAN_POINT('',(40.4,62.,6.));
#858=DIRECTION('',(-0.,-1.,0.));
#859=VECTOR('',#858,12.);
#860=LINE('',#857,#859);
#861=EDGE_CURVE('',#854,#856,#860,.T.);
#862=ORIENTED_EDGE('',*,*,#861,.F.);
#863=CARTESIAN_POINT('',(40.4,62.,5.6));
#864=VERTEX_POINT('',#863);
#865=CARTESIAN_POINT('',(40.4,62.,5.6));
#866=DIRECTION('',(0.,0.,1.));
#867=VECTOR('',#866,0.4);
#868=LINE('',#865,#867);
#869=EDGE_CURVE('',#864,#854,#868,.T.);
#870=ORIENTED_EDGE('',*,*,#869,.F.);
#871=CARTESIAN_POINT('',(40.4,50.,5.6));
#872=VERTEX_POINT('',#871);
#873=CARTESIAN_POINT('',(40.4,50.,5.6));
#874=DIRECTION('',(0.,1.,0.));
#875=VECTOR('',#874,12.);
#876=LINE('',#873,#875);
#877=EDGE_CURVE('',#872,#864,#876,.T.);
#878=ORIENTED_EDGE('',*,*,#877,.F.);
#879=CARTESIAN_POINT('',(40.4,50.,6.));
#880=DIRECTION('',(0.,0.,-1.));
#881=VECTOR('',#880,0.4);
#882=LINE('',#879,#881);
#883=EDGE_CURVE('',#856,#872,#882,.T.);
#884=ORIENTED_EDGE('',*,*,#883,.F.);
#885=EDGE_LOOP('',(#862,#870,#878,#884));
#886=FACE_BOUND('',#885,.T.);
#887=ADVANCED_FACE('',(#771,#852,#886),#737,.F.);
#888=CARTESIAN_POINT('',(37.332473329,46.667526671,-2.195876077));
#889=DIRECTION('',(0.697518449,-0.697518449,-0.164121988));
#890=DIRECTION('',(0.707106781,0.707106781,0.));
#891=AXIS2_PLACEMENT_3D('',#888,#889,#890);
#892=PLANE('',#891);
#893=ORIENTED_EDGE('',*,*,#827,.F.);
#894=CARTESIAN_POINT('',(35.581623382,43.6,3.4));
#895=VERTEX_POINT('',#894);
#896=CARTESIAN_POINT('',(40.4,48.418376618,3.4));
#897=DIRECTION('',(-0.707106781,-0.707106781,0.));
#898=VECTOR('',#897,6.814213562);
#899=LINE('',#896,#898);
#900=EDGE_CURVE('',#814,#895,#899,.T.);
#901=ORIENTED_EDGE('',*,*,#900,.T.);
#902=CARTESIAN_POINT('',(35.581623382,44.4,0.));
#903=VERTEX_POINT('',#902);
#904=CARTESIAN_POINT('',(35.581623382,43.6,3.4));
#905=DIRECTION('',(-0.,0.229039334,-0.973417168));
#906=VECTOR('',#905,3.492849839);
#907=LINE('',#904,#906);
#908=EDGE_CURVE('',#895,#903,#907,.T.);
#909=ORIENTED_EDGE('',*,*,#908,.T.);
#910=CARTESIAN_POINT('',(35.581623382,44.4,0.));
#911=DIRECTION('',(0.707106781,0.707106781,0.));
#912=VECTOR('',#911,6.814213562);
#913=LINE('',#910,#912);
#914=EDGE_CURVE('',#903,#822,#913,.T.);
#915=ORIENTED_EDGE('',*,*,#914,.T.);
#916=EDGE_LOOP('',(#893,#901,#909,#915));
#917=FACE_BOUND('',#916,.T.);
#918=ADVANCED_FACE('',(#917),#892,.T.);
#919=CARTESIAN_POINT('',(28.,45.00852459,-2.586229508));
#920=DIRECTION('',(-0.,-0.973417168,-0.229039334));
#921=DIRECTION('',(0.,0.229039334,-0.973417168));
#922=AXIS2_PLACEMENT_3D('',#919,#920,#921);
#923=PLANE('',#922);
#924=ORIENTED_EDGE('',*,*,#908,.F.);
#925=CARTESIAN_POINT('',(33.4,43.6,3.4));
#926=VERTEX_POINT('',#925);
#927=CARTESIAN_POINT('',(35.581623382,43.6,3.4));
#928=DIRECTION('',(-1.,0.,0.));
#929=VECTOR('',#928,2.181623382);
#930=LINE('',#927,#929);
#931=EDGE_CURVE('',#895,#926,#930,.T.);
#932=ORIENTED_EDGE('',*,*,#931,.T.);
#933=CARTESIAN_POINT('',(22.6,43.6,3.4));
#934=VERTEX_POINT('',#933);
#935=CARTESIAN_POINT('',(33.4,43.6,3.4));
#936=DIRECTION('',(-1.,0.,-0.));
#937=VECTOR('',#936,10.8);
#938=LINE('',#935,#937);
#939=EDGE_CURVE('',#926,#934,#938,.T.);
#940=ORIENTED_EDGE('',*,*,#939,.T.);
#941=CARTESIAN_POINT('',(22.6,43.6,3.4));
#942=DIRECTION('',(-1.,0.,0.));
#943=VECTOR('',#942,2.181623382);
#944=LINE('',#941,#943);
#945=EDGE_CURVE('',#934,#337,#944,.T.);
#946=ORIENTED_EDGE('',*,*,#945,.T.);
#947=ORIENTED_EDGE('',*,*,#344,.T.);
#948=CARTESIAN_POINT('',(20.418376618,44.4,0.));
#949=DIRECTION('',(1.,0.,-0.));
#950=VECTOR('',#949,15.163246763);
#951=LINE('',#948,#950);
#952=EDGE_CURVE('',#339,#903,#951,.T.);
#953=ORIENTED_EDGE('',*,*,#952,.T.);
#954=EDGE_LOOP('',(#924,#932,#940,#946,#947,#953));
#955=FACE_BOUND('',#954,.T.);
#956=ADVANCED_FACE('',(#955),#923,.T.);
#957=CARTESIAN_POINT('',(16.6,50.1,6.2));
#958=DIRECTION('',(0.,0.,1.));
#959=DIRECTION('',(1.,0.,-0.));
#960=AXIS2_PLACEMENT_3D('',#957,#958,#959);
#961=CYLINDRICAL_SURFACE('',#960,0.3);
#962=CARTESIAN_POINT('',(16.6,49.8,0.));
#963=VERTEX_POINT('',#962);
#964=CARTESIAN_POINT('',(16.6,49.8,6.2));
#965=VERTEX_POINT('',#964);
#966=CARTESIAN_POINT('',(16.6,49.8,0.));
#967=DIRECTION('',(-0.,-0.,1.));
#968=VECTOR('',#967,6.2);
#969=LINE('',#966,#968);
#970=EDGE_CURVE('',#963,#965,#969,.T.);
#971=ORIENTED_EDGE('',*,*,#970,.T.);
#972=CARTESIAN_POINT('',(16.9,50.1,6.2));
#973=VERTEX_POINT('',#972);
#974=CARTESIAN_POINT('',(16.6,50.1,6.2));
#975=DIRECTION('',(0.,0.,-1.));
#976=DIRECTION('',(-1.,0.,0.));
#977=AXIS2_PLACEMENT_3D('',#974,#975,#976);
#978=CIRCLE('',#977,0.3);
#979=EDGE_CURVE('',#973,#965,#978,.T.);
#980=ORIENTED_EDGE('',*,*,#979,.F.);
#981=CARTESIAN_POINT('',(16.9,50.1,0.));
#982=VERTEX_POINT('',#981);
#983=CARTESIAN_POINT('',(16.9,50.1,0.));
#984=DIRECTION('',(-0.,-0.,1.));
#985=VECTOR('',#984,6.2);
#986=LINE('',#983,#985);
#987=EDGE_CURVE('',#982,#973,#986,.T.);
#988=ORIENTED_EDGE('',*,*,#987,.F.);
#989=CARTESIAN_POINT('',(16.6,50.1,0.));
#990=DIRECTION('',(0.,0.,1.));
#991=DIRECTION('',(1.,0.,-0.));
#992=AXIS2_PLACEMENT_3D('',#989,#990,#991);
#993=CIRCLE('',#992,0.3);
#994=EDGE_CURVE('',#963,#982,#993,.T.);
#995=ORIENTED_EDGE('',*,*,#994,.F.);
#996=EDGE_LOOP('',(#971,#980,#988,#995));
#997=FACE_BOUND('',#996,.T.);
#998=ADVANCED_FACE('',(#997),#961,.F.);
#999=CARTESIAN_POINT('',(16.6,50.1,6.2));
#1000=DIRECTION('',(0.,0.,1.));
#1001=DIRECTION('',(1.,0.,-0.));
#1002=AXIS2_PLACEMENT_3D('',#999,#1000,#1001);
#1003=CYLINDRICAL_SURFACE('',#1002,0.3);
#1004=CARTESIAN_POINT('',(16.3,50.1,5.6));
#1005=VERTEX_POINT('',#1004);
#1006=CARTESIAN_POINT('',(16.3,50.1,0.));
#1007=VERTEX_POINT('',#1006);
#1008=CARTESIAN_POINT('',(16.3,50.1,5.6));
#1009=DIRECTION('',(0.,0.,-1.));
#1010=VECTOR('',#1009,5.6);
#1011=LINE('',#1008,#1010);
#1012=EDGE_CURVE('',#1005,#1007,#1011,.T.);
#1013=ORIENTED_EDGE('',*,*,#1012,.F.);
#1014=CARTESIAN_POINT('',(16.317157288,50.,5.6));
#1015=VERTEX_POINT('',#1014);
#1016=CARTESIAN_POINT('',(16.6,50.1,5.6));
#1017=DIRECTION('',(-0.,-0.,1.));
#1018=DIRECTION('',(-1.,0.,0.));
#1019=AXIS2_PLACEMENT_3D('',#1016,#1017,#1018);
#1020=CIRCLE('',#1019,0.3);
#1021=EDGE_CURVE('',#1005,#1015,#1020,.T.);
#1022=ORIENTED_EDGE('',*,*,#1021,.T.);
#1023=CARTESIAN_POINT('',(16.317157288,50.,6.));
#1024=VERTEX_POINT('',#1023);
#1025=CARTESIAN_POINT('',(16.317157288,50.,5.6));
#1026=DIRECTION('',(0.,0.,1.));
#1027=VECTOR('',#1026,0.4);
#1028=LINE('',#1025,#1027);
#1029=EDGE_CURVE('',#1015,#1024,#1028,.T.);
#1030=ORIENTED_EDGE('',*,*,#1029,.T.);
#1031=CARTESIAN_POINT('',(16.3,50.1,6.));
#1032=VERTEX_POINT('',#1031);
#1033=CARTESIAN_POINT('',(16.6,50.1,6.));
#1034=DIRECTION('',(-0.,-0.,-1.));
#1035=DIRECTION('',(1.,0.,-0.));
#1036=AXIS2_PLACEMENT_3D('',#1033,#1034,#1035);
#1037=CIRCLE('',#1036,0.3);
#1038=EDGE_CURVE('',#1024,#1032,#1037,.T.);
#1039=ORIENTED_EDGE('',*,*,#1038,.T.);
#1040=CARTESIAN_POINT('',(16.3,50.1,6.2));
#1041=VERTEX_POINT('',#1040);
#1042=CARTESIAN_POINT('',(16.3,50.1,6.2));
#1043=DIRECTION('',(0.,0.,-1.));
#1044=VECTOR('',#1043,0.2);
#1045=LINE('',#1042,#1044);
#1046=EDGE_CURVE('',#1041,#1032,#1045,.T.);
#1047=ORIENTED_EDGE('',*,*,#1046,.F.);
#1048=CARTESIAN_POINT('',(16.6,50.1,6.2));
#1049=DIRECTION('',(0.,0.,-1.));
#1050=DIRECTION('',(-1.,0.,0.));
#1051=AXIS2_PLACEMENT_3D('',#1048,#1049,#1050);
#1052=CIRCLE('',#1051,0.3);
#1053=EDGE_CURVE('',#965,#1041,#1052,.T.);
#1054=ORIENTED_EDGE('',*,*,#1053,.F.);
#1055=ORIENTED_EDGE('',*,*,#970,.F.);
#1056=CARTESIAN_POINT('',(16.6,50.1,0.));
#1057=DIRECTION('',(0.,0.,1.));
#1058=DIRECTION('',(1.,0.,-0.));
#1059=AXIS2_PLACEMENT_3D('',#1056,#1057,#1058);
#1060=CIRCLE('',#1059,0.3);
#1061=EDGE_CURVE('',#1007,#963,#1060,.T.);
#1062=ORIENTED_EDGE('',*,*,#1061,.F.);
#1063=EDGE_LOOP('',(#1013,#1022,#1030,#1039,#1047,#1054,#1055,#1062));
#1064=FACE_BOUND('',#1063,.T.);
#1065=ADVANCED_FACE('',(#1064),#1003,.F.);
#1066=CARTESIAN_POINT('',(16.6,61.9,6.2));
#1067=DIRECTION('',(0.,0.,1.));
#1068=DIRECTION('',(1.,0.,-0.));
#1069=AXIS2_PLACEMENT_3D('',#1066,#1067,#1068);
#1070=CYLINDRICAL_SURFACE('',#1069,0.3);
#1071=CARTESIAN_POINT('',(16.6,62.2,0.));
#1072=VERTEX_POINT('',#1071);
#1073=CARTESIAN_POINT('',(16.6,62.2,6.2));
#1074=VERTEX_POINT('',#1073);
#1075=CARTESIAN_POINT('',(16.6,62.2,0.));
#1076=DIRECTION('',(-0.,-0.,1.));
#1077=VECTOR('',#1076,6.2);
#1078=LINE('',#1075,#1077);
#1079=EDGE_CURVE('',#1072,#1074,#1078,.T.);
#1080=ORIENTED_EDGE('',*,*,#1079,.T.);
#1081=CARTESIAN_POINT('',(16.3,61.9,6.2));
#1082=VERTEX_POINT('',#1081);
#1083=CARTESIAN_POINT('',(16.6,61.9,6.2));
#1084=DIRECTION('',(0.,0.,-1.));
#1085=DIRECTION('',(-1.,0.,0.));
#1086=AXIS2_PLACEMENT_3D('',#1083,#1084,#1085);
#1087=CIRCLE('',#1086,0.3);
#1088=EDGE_CURVE('',#1082,#1074,#1087,.T.);
#1089=ORIENTED_EDGE('',*,*,#1088,.F.);
#1090=CARTESIAN_POINT('',(16.3,61.9,6.));
#1091=VERTEX_POINT('',#1090);
#1092=CARTESIAN_POINT('',(16.3,61.9,6.));
#1093=DIRECTION('',(-0.,-0.,1.));
#1094=VECTOR('',#1093,0.2);
#1095=LINE('',#1092,#1094);
#1096=EDGE_CURVE('',#1091,#1082,#1095,.T.);
#1097=ORIENTED_EDGE('',*,*,#1096,.F.);
#1098=CARTESIAN_POINT('',(16.317157288,62.,6.));
#1099=VERTEX_POINT('',#1098);
#1100=CARTESIAN_POINT('',(16.6,61.9,6.));
#1101=DIRECTION('',(-0.,-0.,-1.));
#1102=DIRECTION('',(1.,0.,-0.));
#1103=AXIS2_PLACEMENT_3D('',#1100,#1101,#1102);
#1104=CIRCLE('',#1103,0.3);
#1105=EDGE_CURVE('',#1091,#1099,#1104,.T.);
#1106=ORIENTED_EDGE('',*,*,#1105,.T.);
#1107=CARTESIAN_POINT('',(16.317157288,62.,5.6));
#1108=VERTEX_POINT('',#1107);
#1109=CARTESIAN_POINT('',(16.317157288,62.,6.));
#1110=DIRECTION('',(-0.,-0.,-1.));
#1111=VECTOR('',#1110,0.4);
#1112=LINE('',#1109,#1111);
#1113=EDGE_CURVE('',#1099,#1108,#1112,.T.);
#1114=ORIENTED_EDGE('',*,*,#1113,.T.);
#1115=CARTESIAN_POINT('',(16.3,61.9,5.6));
#1116=VERTEX_POINT('',#1115);
#1117=CARTESIAN_POINT('',(16.6,61.9,5.6));
#1118=DIRECTION('',(-0.,-0.,1.));
#1119=DIRECTION('',(-1.,0.,0.));
#1120=AXIS2_PLACEMENT_3D('',#1117,#1118,#1119);
#1121=CIRCLE('',#1120,0.3);
#1122=EDGE_CURVE('',#1108,#1116,#1121,.T.);
#1123=ORIENTED_EDGE('',*,*,#1122,.T.);
#1124=CARTESIAN_POINT('',(16.3,61.9,0.));
#1125=VERTEX_POINT('',#1124);
#1126=CARTESIAN_POINT('',(16.3,61.9,0.));
#1127=DIRECTION('',(-0.,-0.,1.));
#1128=VECTOR('',#1127,5.6);
#1129=LINE('',#1126,#1128);
#1130=EDGE_CURVE('',#1125,#1116,#1129,.T.);
#1131=ORIENTED_EDGE('',*,*,#1130,.F.);
#1132=CARTESIAN_POINT('',(16.6,61.9,0.));
#1133=DIRECTION('',(0.,0.,1.));
#1134=DIRECTION('',(1.,0.,-0.));
#1135=AXIS2_PLACEMENT_3D('',#1132,#1133,#1134);
#1136=CIRCLE('',#1135,0.3);
#1137=EDGE_CURVE('',#1072,#1125,#1136,.T.);
#1138=ORIENTED_EDGE('',*,*,#1137,.F.);
#1139=EDGE_LOOP('',(#1080,#1089,#1097,#1106,#1114,#1123,#1131,#1138));
#1140=FACE_BOUND('',#1139,.T.);
#1141=ADVANCED_FACE('',(#1140),#1070,.F.);
#1142=CARTESIAN_POINT('',(16.6,61.9,6.2));
#1143=DIRECTION('',(0.,0.,1.));
#1144=DIRECTION('',(1.,0.,-0.));
#1145=AXIS2_PLACEMENT_3D('',#1142,#1143,#1144);
#1146=CYLINDRICAL_SURFACE('',#1145,0.3);
#1147=CARTESIAN_POINT('',(16.9,61.9,6.2));
#1148=VERTEX_POINT('',#1147);
#1149=CARTESIAN_POINT('',(16.9,61.9,0.));
#1150=VERTEX_POINT('',#1149);
#1151=CARTESIAN_POINT('',(16.9,61.9,6.2));
#1152=DIRECTION('',(0.,0.,-1.));
#1153=VECTOR('',#1152,6.2);
#1154=LINE('',#1151,#1153);
#1155=EDGE_CURVE('',#1148,#1150,#1154,.T.);
#1156=ORIENTED_EDGE('',*,*,#1155,.F.);
#1157=CARTESIAN_POINT('',(16.6,61.9,6.2));
#1158=DIRECTION('',(0.,0.,-1.));
#1159=DIRECTION('',(-1.,0.,0.));
#1160=AXIS2_PLACEMENT_3D('',#1157,#1158,#1159);
#1161=CIRCLE('',#1160,0.3);
#1162=EDGE_CURVE('',#1074,#1148,#1161,.T.);
#1163=ORIENTED_EDGE('',*,*,#1162,.F.);
#1164=ORIENTED_EDGE('',*,*,#1079,.F.);
#1165=CARTESIAN_POINT('',(16.6,61.9,0.));
#1166=DIRECTION('',(0.,0.,1.));
#1167=DIRECTION('',(1.,0.,-0.));
#1168=AXIS2_PLACEMENT_3D('',#1165,#1166,#1167);
#1169=CIRCLE('',#1168,0.3);
#1170=EDGE_CURVE('',#1150,#1072,#1169,.T.);
#1171=ORIENTED_EDGE('',*,*,#1170,.F.);
#1172=EDGE_LOOP('',(#1156,#1163,#1164,#1171));
#1173=FACE_BOUND('',#1172,.T.);
#1174=ADVANCED_FACE('',(#1173),#1146,.F.);
#1175=CARTESIAN_POINT('',(16.9,56.,6.2));
#1176=DIRECTION('',(-1.,0.,0.));
#1177=DIRECTION('',(0.,0.,1.));
#1178=AXIS2_PLACEMENT_3D('',#1175,#1176,#1177);
#1179=PLANE('',#1178);
#1180=ORIENTED_EDGE('',*,*,#987,.T.);
#1181=CARTESIAN_POINT('',(16.9,50.1,6.2));
#1182=DIRECTION('',(0.,1.,0.));
#1183=VECTOR('',#1182,11.8);
#1184=LINE('',#1181,#1183);
#1185=EDGE_CURVE('',#973,#1148,#1184,.T.);
#1186=ORIENTED_EDGE('',*,*,#1185,.T.);
#1187=ORIENTED_EDGE('',*,*,#1155,.T.);
#1188=CARTESIAN_POINT('',(16.9,50.1,0.));
#1189=DIRECTION('',(0.,1.,0.));
#1190=VECTOR('',#1189,11.8);
#1191=LINE('',#1188,#1190);
#1192=EDGE_CURVE('',#982,#1150,#1191,.T.);
#1193=ORIENTED_EDGE('',*,*,#1192,.F.);
#1194=EDGE_LOOP('',(#1180,#1186,#1187,#1193));
#1195=FACE_BOUND('',#1194,.T.);
#1196=ADVANCED_FACE('',(#1195),#1179,.T.);
#1197=CARTESIAN_POINT('',(16.3,56.,6.2));
#1198=DIRECTION('',(1.,0.,0.));
#1199=DIRECTION('',(0.,0.,-1.));
#1200=AXIS2_PLACEMENT_3D('',#1197,#1198,#1199);
#1201=PLANE('',#1200);
#1202=ORIENTED_EDGE('',*,*,#1130,.T.);
#1203=CARTESIAN_POINT('',(16.3,50.1,5.6));
#1204=DIRECTION('',(0.,1.,0.));
#1205=VECTOR('',#1204,11.8);
#1206=LINE('',#1203,#1205);
#1207=EDGE_CURVE('',#1005,#1116,#1206,.T.);
#1208=ORIENTED_EDGE('',*,*,#1207,.F.);
#1209=ORIENTED_EDGE('',*,*,#1012,.T.);
#1210=CARTESIAN_POINT('',(16.3,61.9,0.));
#1211=DIRECTION('',(0.,-1.,0.));
#1212=VECTOR('',#1211,11.8);
#1213=LINE('',#1210,#1212);
#1214=EDGE_CURVE('',#1125,#1007,#1213,.T.);
#1215=ORIENTED_EDGE('',*,*,#1214,.F.);
#1216=EDGE_LOOP('',(#1202,#1208,#1209,#1215));
#1217=FACE_BOUND('',#1216,.T.);
#1218=ADVANCED_FACE('',(#1217),#1201,.T.);
#1219=CARTESIAN_POINT('',(28.,56.8,0.));
#1220=DIRECTION('',(0.,0.,1.));
#1221=DIRECTION('',(1.,0.,0.));
#1222=AXIS2_PLACEMENT_3D('',#1219,#1220,#1221);
#1223=PLANE('',#1222);
#1224=CARTESIAN_POINT('',(23.900813089,56.,0.));
#1225=VERTEX_POINT('',#1224);
#1226=CARTESIAN_POINT('',(25.950406544,59.55,0.));
#1227=VERTEX_POINT('',#1226);
#1228=CARTESIAN_POINT('',(23.900813089,56.,0.));
#1229=DIRECTION('',(0.5,0.866025404,0.));
#1230=VECTOR('',#1229,4.099186911);
#1231=LINE('',#1228,#1230);
#1232=EDGE_CURVE('',#1225,#1227,#1231,.T.);
#1233=ORIENTED_EDGE('',*,*,#1232,.F.);
#1234=CARTESIAN_POINT('',(25.950406544,52.45,0.));
#1235=VERTEX_POINT('',#1234);
#1236=CARTESIAN_POINT('',(25.950406544,52.45,0.));
#1237=DIRECTION('',(-0.5,0.866025404,0.));
#1238=VECTOR('',#1237,4.099186911);
#1239=LINE('',#1236,#1238);
#1240=EDGE_CURVE('',#1235,#1225,#1239,.T.);
#1241=ORIENTED_EDGE('',*,*,#1240,.F.);
#1242=CARTESIAN_POINT('',(30.049593456,52.45,0.));
#1243=VERTEX_POINT('',#1242);
#1244=CARTESIAN_POINT('',(30.049593456,52.45,0.));
#1245=DIRECTION('',(-1.,-0.,0.));
#1246=VECTOR('',#1245,4.099186911);
#1247=LINE('',#1244,#1246);
#1248=EDGE_CURVE('',#1243,#1235,#1247,.T.);
#1249=ORIENTED_EDGE('',*,*,#1248,.F.);
#1250=CARTESIAN_POINT('',(32.099186911,56.,0.));
#1251=VERTEX_POINT('',#1250);
#1252=CARTESIAN_POINT('',(32.099186911,56.,0.));
#1253=DIRECTION('',(-0.5,-0.866025404,0.));
#1254=VECTOR('',#1253,4.099186911);
#1255=LINE('',#1252,#1254);
#1256=EDGE_CURVE('',#1251,#1243,#1255,.T.);
#1257=ORIENTED_EDGE('',*,*,#1256,.F.);
#1258=CARTESIAN_POINT('',(30.049593456,59.55,0.));
#1259=VERTEX_POINT('',#1258);
#1260=CARTESIAN_POINT('',(30.049593456,59.55,0.));
#1261=DIRECTION('',(0.5,-0.866025404,0.));
#1262=VECTOR('',#1261,4.099186911);
#1263=LINE('',#1260,#1262);
#1264=EDGE_CURVE('',#1259,#1251,#1263,.T.);
#1265=ORIENTED_EDGE('',*,*,#1264,.F.);
#1266=CARTESIAN_POINT('',(25.950406544,59.55,0.));
#1267=DIRECTION('',(1.,0.,-0.));
#1268=VECTOR('',#1267,4.099186911);
#1269=LINE('',#1266,#1268);
#1270=EDGE_CURVE('',#1227,#1259,#1269,.T.);
#1271=ORIENTED_EDGE('',*,*,#1270,.F.);
#1272=EDGE_LOOP('',(#1233,#1241,#1249,#1257,#1265,#1271));
#1273=FACE_BOUND('',#1272,.T.);
#1274=CARTESIAN_POINT('',(28.,67.4,0.));
#1275=VERTEX_POINT('',#1274);
#1276=CARTESIAN_POINT('',(26.354551733,64.55,0.));
#1277=VERTEX_POINT('',#1276);
#1278=CARTESIAN_POINT('',(28.,67.4,0.));
#1279=DIRECTION('',(-0.5,-0.866025404,0.));
#1280=VECTOR('',#1279,3.290896534);
#1281=LINE('',#1278,#1280);
#1282=EDGE_CURVE('',#1275,#1277,#1281,.T.);
#1283=ORIENTED_EDGE('',*,*,#1282,.T.);
#1284=CARTESIAN_POINT('',(29.645448267,64.55,0.));
#1285=VERTEX_POINT('',#1284);
#1286=CARTESIAN_POINT('',(26.354551733,64.55,0.));
#1287=DIRECTION('',(1.,0.,0.));
#1288=VECTOR('',#1287,3.290896534);
#1289=LINE('',#1286,#1288);
#1290=EDGE_CURVE('',#1277,#1285,#1289,.T.);
#1291=ORIENTED_EDGE('',*,*,#1290,.T.);
#1292=CARTESIAN_POINT('',(29.645448267,64.55,0.));
#1293=DIRECTION('',(-0.5,0.866025404,0.));
#1294=VECTOR('',#1293,3.290896534);
#1295=LINE('',#1292,#1294);
#1296=EDGE_CURVE('',#1285,#1275,#1295,.T.);
#1297=ORIENTED_EDGE('',*,*,#1296,.T.);
#1298=EDGE_LOOP('',(#1283,#1291,#1297));
#1299=FACE_BOUND('',#1298,.T.);
#1300=ORIENTED_EDGE('',*,*,#1214,.T.);
#1301=ORIENTED_EDGE('',*,*,#1061,.T.);
#1302=ORIENTED_EDGE('',*,*,#994,.T.);
#1303=ORIENTED_EDGE('',*,*,#1192,.T.);
#1304=ORIENTED_EDGE('',*,*,#1170,.T.);
#1305=ORIENTED_EDGE('',*,*,#1137,.T.);
#1306=EDGE_LOOP('',(#1300,#1301,#1302,#1303,#1304,#1305));
#1307=FACE_BOUND('',#1306,.T.);
#1308=ORIENTED_EDGE('',*,*,#952,.F.);
#1309=ORIENTED_EDGE('',*,*,#366,.F.);
#1310=ORIENTED_EDGE('',*,*,#487,.F.);
#1311=CARTESIAN_POINT('',(16.039339828,64.869491347,0.));
#1312=VERTEX_POINT('',#1311);
#1313=CARTESIAN_POINT('',(17.1,63.808831175,0.));
#1314=DIRECTION('',(-0.,-0.,-1.));
#1315=DIRECTION('',(-1.,0.,0.));
#1316=AXIS2_PLACEMENT_3D('',#1313,#1314,#1315);
#1317=CIRCLE('',#1316,1.5);
#1318=EDGE_CURVE('',#476,#1312,#1317,.T.);
#1319=ORIENTED_EDGE('',*,*,#1318,.T.);
#1320=CARTESIAN_POINT('',(19.130508653,67.960660172,0.));
#1321=VERTEX_POINT('',#1320);
#1322=CARTESIAN_POINT('',(16.039339828,64.869491347,0.));
#1323=DIRECTION('',(0.707106781,0.707106781,-0.));
#1324=VECTOR('',#1323,4.371572875);
#1325=LINE('',#1322,#1324);
#1326=EDGE_CURVE('',#1312,#1321,#1325,.T.);
#1327=ORIENTED_EDGE('',*,*,#1326,.T.);
#1328=CARTESIAN_POINT('',(20.191168825,66.9,0.));
#1329=DIRECTION('',(-0.,-0.,-1.));
#1330=DIRECTION('',(-1.,0.,0.));
#1331=AXIS2_PLACEMENT_3D('',#1328,#1329,#1330);
#1332=CIRCLE('',#1331,1.5);
#1333=EDGE_CURVE('',#1321,#678,#1332,.T.);
#1334=ORIENTED_EDGE('',*,*,#1333,.T.);
#1335=ORIENTED_EDGE('',*,*,#683,.F.);
#1336=CARTESIAN_POINT('',(36.869491347,67.960660172,0.));
#1337=VERTEX_POINT('',#1336);
#1338=CARTESIAN_POINT('',(35.808831175,66.9,0.));
#1339=DIRECTION('',(-0.,0.,-1.));
#1340=DIRECTION('',(0.,1.,0.));
#1341=AXIS2_PLACEMENT_3D('',#1338,#1339,#1340);
#1342=CIRCLE('',#1341,1.5);
#1343=EDGE_CURVE('',#670,#1337,#1342,.T.);
#1344=ORIENTED_EDGE('',*,*,#1343,.T.);
#1345=CARTESIAN_POINT('',(39.960660172,64.869491347,0.));
#1346=VERTEX_POINT('',#1345);
#1347=CARTESIAN_POINT('',(36.869491347,67.960660172,0.));
#1348=DIRECTION('',(0.707106781,-0.707106781,-0.));
#1349=VECTOR('',#1348,4.371572875);
#1350=LINE('',#1347,#1349);
#1351=EDGE_CURVE('',#1337,#1346,#1350,.T.);
#1352=ORIENTED_EDGE('',*,*,#1351,.T.);
#1353=CARTESIAN_POINT('',(38.9,63.808831175,0.));
#1354=DIRECTION('',(-0.,0.,-1.));
#1355=DIRECTION('',(0.,1.,0.));
#1356=AXIS2_PLACEMENT_3D('',#1353,#1354,#1355);
#1357=CIRCLE('',#1356,1.5);
#1358=EDGE_CURVE('',#1346,#830,#1357,.T.);
#1359=ORIENTED_EDGE('',*,*,#1358,.T.);
#1360=ORIENTED_EDGE('',*,*,#835,.F.);
#1361=ORIENTED_EDGE('',*,*,#914,.F.);
#1362=EDGE_LOOP('',(#1308,#1309,#1310,#1319,#1327,#1334,#1335,#1344,#1352,#1359,#1360,#1361));
#1363=FACE_BOUND('',#1362,.T.);
#1364=CARTESIAN_POINT('',(33.9,45.1,0.));
#1365=VERTEX_POINT('',#1364);
#1366=CARTESIAN_POINT('',(34.2,45.4,0.));
#1367=VERTEX_POINT('',#1366);
#1368=CARTESIAN_POINT('',(33.9,45.1,0.));
#1369=CARTESIAN_POINT('',(34.023629251,45.099738621,0.));
#1370=CARTESIAN_POINT('',(34.112132034,45.187867966,0.));
#1371=CARTESIAN_POINT('',(34.2,45.275365171,0.));
#1372=CARTESIAN_POINT('',(34.2,45.4,0.));
#1373=B_SPLINE_CURVE_WITH_KNOTS('',2,(#1368,#1369,#1370,#1371,#1372),.UNSPECIFIED.,.F.,.F.,(3,2,3),(0.75,0.875,1.),.UNSPECIFIED.);
#1374=EDGE_CURVE('',#1365,#1367,#1373,.T.);
#1375=ORIENTED_EDGE('',*,*,#1374,.T.);
#1376=CARTESIAN_POINT('',(33.9,45.7,0.));
#1377=VERTEX_POINT('',#1376);
#1378=CARTESIAN_POINT('',(34.2,45.4,0.));
#1379=CARTESIAN_POINT('',(34.2,45.523891737,0.));
#1380=CARTESIAN_POINT('',(34.112132034,45.612132034,0.));
#1381=CARTESIAN_POINT('',(34.024897776,45.699735939,0.));
#1382=CARTESIAN_POINT('',(33.9,45.7,0.));
#1383=B_SPLINE_CURVE_WITH_KNOTS('',2,(#1378,#1379,#1380,#1381,#1382),.UNSPECIFIED.,.F.,.F.,(3,2,3),(0.,0.125,0.25),.UNSPECIFIED.);
#1384=EDGE_CURVE('',#1367,#1377,#1383,.T.);
#1385=ORIENTED_EDGE('',*,*,#1384,.T.);
#1386=CARTESIAN_POINT('',(22.1,45.7,0.));
#1387=VERTEX_POINT('',#1386);
#1388=CARTESIAN_POINT('',(33.9,45.7,0.));
#1389=DIRECTION('',(-1.,0.,0.));
#1390=VECTOR('',#1389,11.8);
#1391=LINE('',#1388,#1390);
#1392=EDGE_CURVE('',#1377,#1387,#1391,.T.);
#1393=ORIENTED_EDGE('',*,*,#1392,.T.);
#1394=CARTESIAN_POINT('',(21.8,45.4,0.));
#1395=VERTEX_POINT('',#1394);
#1396=CARTESIAN_POINT('',(22.1,45.7,0.));
#1397=CARTESIAN_POINT('',(21.976370749,45.700261379,0.));
#1398=CARTESIAN_POINT('',(21.887867966,45.612132034,0.));
#1399=CARTESIAN_POINT('',(21.800264061,45.524897776,0.));
#1400=CARTESIAN_POINT('',(21.8,45.4,0.));
#1401=B_SPLINE_CURVE_WITH_KNOTS('',2,(#1396,#1397,#1398,#1399,#1400),.UNSPECIFIED.,.F.,.F.,(3,2,3),(0.25,0.375,0.5),.UNSPECIFIED.);
#1402=EDGE_CURVE('',#1387,#1395,#1401,.T.);
#1403=ORIENTED_EDGE('',*,*,#1402,.T.);
#1404=CARTESIAN_POINT('',(22.1,45.1,0.));
#1405=VERTEX_POINT('',#1404);
#1406=CARTESIAN_POINT('',(21.8,45.4,0.));
#1407=CARTESIAN_POINT('',(21.799738621,45.276370749,0.));
#1408=CARTESIAN_POINT('',(21.887867966,45.187867966,0.));
#1409=CARTESIAN_POINT('',(21.975102224,45.100264061,0.));
#1410=CARTESIAN_POINT('',(22.1,45.1,0.));
#1411=B_SPLINE_CURVE_WITH_KNOTS('',2,(#1406,#1407,#1408,#1409,#1410),.UNSPECIFIED.,.F.,.F.,(3,2,3),(0.5,0.625,0.75),.UNSPECIFIED.);
#1412=EDGE_CURVE('',#1395,#1405,#1411,.T.);
#1413=ORIENTED_EDGE('',*,*,#1412,.T.);
#1414=CARTESIAN_POINT('',(33.9,45.1,0.));
#1415=DIRECTION('',(-1.,0.,0.));
#1416=VECTOR('',#1415,11.8);
#1417=LINE('',#1414,#1416);
#1418=EDGE_CURVE('',#1365,#1405,#1417,.T.);
#1419=ORIENTED_EDGE('',*,*,#1418,.F.);
#1420=EDGE_LOOP('',(#1375,#1385,#1393,#1403,#1413,#1419));
#1421=FACE_BOUND('',#1420,.T.);
#1422=ORIENTED_EDGE('',*,*,#326,.T.);
#1423=ORIENTED_EDGE('',*,*,#173,.T.);
#1424=ORIENTED_EDGE('',*,*,#106,.T.);
#1425=ORIENTED_EDGE('',*,*,#304,.T.);
#1426=ORIENTED_EDGE('',*,*,#215,.T.);
#1427=ORIENTED_EDGE('',*,*,#282,.T.);
#1428=EDGE_LOOP('',(#1422,#1423,#1424,#1425,#1426,#1427));
#1429=FACE_BOUND('',#1428,.T.);
#1430=ADVANCED_FACE('',(#1273,#1299,#1307,#1363,#1421,#1429),#1223,.F.);
#1431=CARTESIAN_POINT('',(33.9,44.3,3.4));
#1432=CARTESIAN_POINT('',(33.9,45.1,0.));
#1433=CARTESIAN_POINT('',(33.978760413,44.3,3.4));
#1434=CARTESIAN_POINT('',(33.978760414,45.1,0.));
#1435=CARTESIAN_POINT('',(34.056595998,44.332331929,3.4));
#1436=CARTESIAN_POINT('',(34.056595998,45.13233193,0.));
#1437=CARTESIAN_POINT('',(34.16766807,44.443404002,3.4));
#1438=CARTESIAN_POINT('',(34.167668071,45.243404002,0.));
#1439=CARTESIAN_POINT('',(34.2,44.521239586,3.4));
#1440=CARTESIAN_POINT('',(34.2,45.321239587,0.));
#1441=CARTESIAN_POINT('',(34.2,44.6,3.4));
#1442=CARTESIAN_POINT('',(34.2,45.4,0.));
#1443=B_SPLINE_SURFACE_WITH_KNOTS('',3,1,((#1431,#1432),(#1433,#1434),(#1435,#1436),(#1437,#1438),(#1439,#1440),(#1441,#1442)),.UNSPECIFIED.,.F.,.F.,.U.,(4,2,4),(2,2),(0.,0.5,1.),(0.,1.),.UNSPECIFIED.);
#1444=CARTESIAN_POINT('',(33.9,44.3,3.4));
#1445=VERTEX_POINT('',#1444);
#1446=CARTESIAN_POINT('',(33.9,44.3,3.4));
#1447=DIRECTION('',(0.,0.229039334,-0.973417168));
#1448=VECTOR('',#1447,3.492849839);
#1449=LINE('',#1446,#1448);
#1450=EDGE_CURVE('',#1445,#1365,#1449,.T.);
#1451=ORIENTED_EDGE('',*,*,#1450,.F.);
#1452=CARTESIAN_POINT('',(34.2,44.6,3.4));
#1453=VERTEX_POINT('',#1452);
#1454=CARTESIAN_POINT('',(33.9,44.6,3.4));
#1455=DIRECTION('',(0.,0.,1.));
#1456=DIRECTION('',(1.,0.,-0.));
#1457=AXIS2_PLACEMENT_3D('',#1454,#1455,#1456);
#1458=CIRCLE('',#1457,0.3);
#1459=EDGE_CURVE('',#1445,#1453,#1458,.T.);
#1460=ORIENTED_EDGE('',*,*,#1459,.T.);
#1461=CARTESIAN_POINT('',(34.2,44.6,3.4));
#1462=DIRECTION('',(0.,0.229039334,-0.973417168));
#1463=VECTOR('',#1462,3.492849839);
#1464=LINE('',#1461,#1463);
#1465=EDGE_CURVE('',#1453,#1367,#1464,.T.);
#1466=ORIENTED_EDGE('',*,*,#1465,.T.);
#1467=ORIENTED_EDGE('',*,*,#1374,.F.);
#1468=EDGE_LOOP('',(#1451,#1460,#1466,#1467));
#1469=FACE_BOUND('',#1468,.T.);
#1470=ADVANCED_FACE('',(#1469),#1443,.T.);
#1471=CARTESIAN_POINT('',(34.2,44.6,3.4));
#1472=CARTESIAN_POINT('',(34.2,45.4,0.));
#1473=CARTESIAN_POINT('',(34.2,44.678760413,3.4));
#1474=CARTESIAN_POINT('',(34.2,45.478760414,0.));
#1475=CARTESIAN_POINT('',(34.167668071,44.756595998,3.4));
#1476=CARTESIAN_POINT('',(34.16766807,45.556595998,0.));
#1477=CARTESIAN_POINT('',(34.056595998,44.86766807,3.4));
#1478=CARTESIAN_POINT('',(34.056595998,45.667668071,0.));
#1479=CARTESIAN_POINT('',(33.978760414,44.9,3.4));
#1480=CARTESIAN_POINT('',(33.978760413,45.7,0.));
#1481=CARTESIAN_POINT('',(33.9,44.9,3.4));
#1482=CARTESIAN_POINT('',(33.9,45.7,0.));
#1483=B_SPLINE_SURFACE_WITH_KNOTS('',3,1,((#1471,#1472),(#1473,#1474),(#1475,#1476),(#1477,#1478),(#1479,#1480),(#1481,#1482)),.UNSPECIFIED.,.F.,.F.,.U.,(4,2,4),(2,2),(0.,0.5,1.),(0.,1.),.UNSPECIFIED.);
#1484=ORIENTED_EDGE('',*,*,#1465,.F.);
#1485=CARTESIAN_POINT('',(33.9,44.9,3.4));
#1486=VERTEX_POINT('',#1485);
#1487=CARTESIAN_POINT('',(33.9,44.6,3.4));
#1488=DIRECTION('',(-0.,-0.,1.));
#1489=DIRECTION('',(-1.,0.,0.));
#1490=AXIS2_PLACEMENT_3D('',#1487,#1488,#1489);
#1491=CIRCLE('',#1490,0.3);
#1492=EDGE_CURVE('',#1453,#1486,#1491,.T.);
#1493=ORIENTED_EDGE('',*,*,#1492,.T.);
#1494=CARTESIAN_POINT('',(33.9,45.7,0.));
#1495=DIRECTION('',(0.,-0.229039334,0.973417168));
#1496=VECTOR('',#1495,3.492849839);
#1497=LINE('',#1494,#1496);
#1498=EDGE_CURVE('',#1377,#1486,#1497,.T.);
#1499=ORIENTED_EDGE('',*,*,#1498,.F.);
#1500=ORIENTED_EDGE('',*,*,#1384,.F.);
#1501=EDGE_LOOP('',(#1484,#1493,#1499,#1500));
#1502=FACE_BOUND('',#1501,.T.);
#1503=ADVANCED_FACE('',(#1502),#1483,.T.);
#1504=CARTESIAN_POINT('',(22.1,44.9,3.4));
#1505=CARTESIAN_POINT('',(22.1,45.7,0.));
#1506=CARTESIAN_POINT('',(22.021239587,44.9,3.4));
#1507=CARTESIAN_POINT('',(22.021239586,45.7,0.));
#1508=CARTESIAN_POINT('',(21.943404002,44.867668071,3.4));
#1509=CARTESIAN_POINT('',(21.943404002,45.66766807,0.));
#1510=CARTESIAN_POINT('',(21.83233193,44.756595998,3.4));
#1511=CARTESIAN_POINT('',(21.832331929,45.556595998,0.));
#1512=CARTESIAN_POINT('',(21.8,44.678760414,3.4));
#1513=CARTESIAN_POINT('',(21.8,45.478760413,0.));
#1514=CARTESIAN_POINT('',(21.8,44.6,3.4));
#1515=CARTESIAN_POINT('',(21.8,45.4,0.));
#1516=B_SPLINE_SURFACE_WITH_KNOTS('',3,1,((#1504,#1505),(#1506,#1507),(#1508,#1509),(#1510,#1511),(#1512,#1513),(#1514,#1515)),.UNSPECIFIED.,.F.,.F.,.U.,(4,2,4),(2,2),(0.,0.5,1.),(0.,1.),.UNSPECIFIED.);
#1517=CARTESIAN_POINT('',(22.1,44.9,3.4));
#1518=VERTEX_POINT('',#1517);
#1519=CARTESIAN_POINT('',(22.1,44.9,3.4));
#1520=DIRECTION('',(0.,0.229039334,-0.973417168));
#1521=VECTOR('',#1520,3.492849839);
#1522=LINE('',#1519,#1521);
#1523=EDGE_CURVE('',#1518,#1387,#1522,.T.);
#1524=ORIENTED_EDGE('',*,*,#1523,.F.);
#1525=CARTESIAN_POINT('',(21.8,44.6,3.4));
#1526=VERTEX_POINT('',#1525);
#1527=CARTESIAN_POINT('',(22.1,44.6,3.4));
#1528=DIRECTION('',(-0.,-0.,1.));
#1529=DIRECTION('',(-1.,0.,0.));
#1530=AXIS2_PLACEMENT_3D('',#1527,#1528,#1529);
#1531=CIRCLE('',#1530,0.3);
#1532=EDGE_CURVE('',#1518,#1526,#1531,.T.);
#1533=ORIENTED_EDGE('',*,*,#1532,.T.);
#1534=CARTESIAN_POINT('',(21.8,44.6,3.4));
#1535=DIRECTION('',(0.,0.229039334,-0.973417168));
#1536=VECTOR('',#1535,3.492849839);
#1537=LINE('',#1534,#1536);
#1538=EDGE_CURVE('',#1526,#1395,#1537,.T.);
#1539=ORIENTED_EDGE('',*,*,#1538,.T.);
#1540=ORIENTED_EDGE('',*,*,#1402,.F.);
#1541=EDGE_LOOP('',(#1524,#1533,#1539,#1540));
#1542=FACE_BOUND('',#1541,.T.);
#1543=ADVANCED_FACE('',(#1542),#1516,.T.);
#1544=CARTESIAN_POINT('',(21.8,44.6,3.4));
#1545=CARTESIAN_POINT('',(21.8,45.4,0.));
#1546=CARTESIAN_POINT('',(21.8,44.521239587,3.4));
#1547=CARTESIAN_POINT('',(21.8,45.321239586,0.));
#1548=CARTESIAN_POINT('',(21.832331929,44.443404002,3.4));
#1549=CARTESIAN_POINT('',(21.83233193,45.243404002,0.));
#1550=CARTESIAN_POINT('',(21.943404002,44.33233193,3.4));
#1551=CARTESIAN_POINT('',(21.943404002,45.132331929,0.));
#1552=CARTESIAN_POINT('',(22.021239586,44.3,3.4));
#1553=CARTESIAN_POINT('',(22.021239587,45.1,0.));
#1554=CARTESIAN_POINT('',(22.1,44.3,3.4));
#1555=CARTESIAN_POINT('',(22.1,45.1,0.));
#1556=B_SPLINE_SURFACE_WITH_KNOTS('',3,1,((#1544,#1545),(#1546,#1547),(#1548,#1549),(#1550,#1551),(#1552,#1553),(#1554,#1555)),.UNSPECIFIED.,.F.,.F.,.U.,(4,2,4),(2,2),(0.,0.5,1.),(0.,1.),.UNSPECIFIED.);
#1557=ORIENTED_EDGE('',*,*,#1538,.F.);
#1558=CARTESIAN_POINT('',(22.1,44.3,3.4));
#1559=VERTEX_POINT('',#1558);
#1560=CARTESIAN_POINT('',(22.1,44.6,3.4));
#1561=DIRECTION('',(0.,0.,1.));
#1562=DIRECTION('',(1.,0.,-0.));
#1563=AXIS2_PLACEMENT_3D('',#1560,#1561,#1562);
#1564=CIRCLE('',#1563,0.3);
#1565=EDGE_CURVE('',#1526,#1559,#1564,.T.);
#1566=ORIENTED_EDGE('',*,*,#1565,.T.);
#1567=CARTESIAN_POINT('',(22.1,45.1,0.));
#1568=DIRECTION('',(0.,-0.229039334,0.973417168));
#1569=VECTOR('',#1568,3.492849839);
#1570=LINE('',#1567,#1569);
#1571=EDGE_CURVE('',#1405,#1559,#1570,.T.);
#1572=ORIENTED_EDGE('',*,*,#1571,.F.);
#1573=ORIENTED_EDGE('',*,*,#1412,.F.);
#1574=EDGE_LOOP('',(#1557,#1566,#1572,#1573));
#1575=FACE_BOUND('',#1574,.T.);
#1576=ADVANCED_FACE('',(#1575),#1556,.T.);
#1577=CARTESIAN_POINT('',(28.,46.240327869,-2.296393443));
#1578=DIRECTION('',(0.,-0.973417168,-0.229039334));
#1579=DIRECTION('',(0.,0.229039334,-0.973417168));
#1580=AXIS2_PLACEMENT_3D('',#1577,#1578,#1579);
#1581=PLANE('',#1580);
#1582=CARTESIAN_POINT('',(22.1,44.9,3.4));
#1583=DIRECTION('',(1.,0.,-0.));
#1584=VECTOR('',#1583,11.8);
#1585=LINE('',#1582,#1584);
#1586=EDGE_CURVE('',#1518,#1486,#1585,.T.);
#1587=ORIENTED_EDGE('',*,*,#1586,.F.);
#1588=ORIENTED_EDGE('',*,*,#1523,.T.);
#1589=ORIENTED_EDGE('',*,*,#1392,.F.);
#1590=ORIENTED_EDGE('',*,*,#1498,.T.);
#1591=EDGE_LOOP('',(#1587,#1588,#1589,#1590));
#1592=FACE_BOUND('',#1591,.T.);
#1593=ADVANCED_FACE('',(#1592),#1581,.T.);
#1594=CARTESIAN_POINT('',(28.,45.671803279,-2.430163934));
#1595=DIRECTION('',(0.,0.973417168,0.229039334));
#1596=DIRECTION('',(0.,-0.229039334,0.973417168));
#1597=AXIS2_PLACEMENT_3D('',#1594,#1595,#1596);
#1598=PLANE('',#1597);
#1599=ORIENTED_EDGE('',*,*,#1571,.T.);
#1600=CARTESIAN_POINT('',(22.1,44.3,3.4));
#1601=DIRECTION('',(1.,-0.,0.));
#1602=VECTOR('',#1601,11.8);
#1603=LINE('',#1600,#1602);
#1604=EDGE_CURVE('',#1559,#1445,#1603,.T.);
#1605=ORIENTED_EDGE('',*,*,#1604,.T.);
#1606=ORIENTED_EDGE('',*,*,#1450,.T.);
#1607=ORIENTED_EDGE('',*,*,#1418,.T.);
#1608=EDGE_LOOP('',(#1599,#1605,#1606,#1607));
#1609=FACE_BOUND('',#1608,.T.);
#1610=ADVANCED_FACE('',(#1609),#1598,.T.);
#1611=CARTESIAN_POINT('',(28.,56.,0.2));
#1612=DIRECTION('',(0.,0.,-1.));
#1613=DIRECTION('',(-1.,0.,0.));
#1614=AXIS2_PLACEMENT_3D('',#1611,#1612,#1613);
#1615=PLANE('',#1614);
#1616=CARTESIAN_POINT('',(29.299038106,64.75,0.2));
#1617=VERTEX_POINT('',#1616);
#1618=CARTESIAN_POINT('',(26.700961894,64.75,0.2));
#1619=VERTEX_POINT('',#1618);
#1620=CARTESIAN_POINT('',(29.299038106,64.75,0.2));
#1621=DIRECTION('',(-1.,-0.,0.));
#1622=VECTOR('',#1621,2.598076211);
#1623=LINE('',#1620,#1622);
#1624=EDGE_CURVE('',#1617,#1619,#1623,.T.);
#1625=ORIENTED_EDGE('',*,*,#1624,.T.);
#1626=CARTESIAN_POINT('',(28.,67.,0.2));
#1627=VERTEX_POINT('',#1626);
#1628=CARTESIAN_POINT('',(26.700961894,64.75,0.2));
#1629=DIRECTION('',(0.5,0.866025404,0.));
#1630=VECTOR('',#1629,2.598076211);
#1631=LINE('',#1628,#1630);
#1632=EDGE_CURVE('',#1619,#1627,#1631,.T.);
#1633=ORIENTED_EDGE('',*,*,#1632,.T.);
#1634=CARTESIAN_POINT('',(28.,67.,0.2));
#1635=DIRECTION('',(0.5,-0.866025404,0.));
#1636=VECTOR('',#1635,2.598076211);
#1637=LINE('',#1634,#1636);
#1638=EDGE_CURVE('',#1627,#1617,#1637,.T.);
#1639=ORIENTED_EDGE('',*,*,#1638,.T.);
#1640=EDGE_LOOP('',(#1625,#1633,#1639));
#1641=FACE_BOUND('',#1640,.T.);
#1642=ADVANCED_FACE('',(#1641),#1615,.T.);
#1643=CARTESIAN_POINT('',(28.649519053,65.875,0.2));
#1644=DIRECTION('',(0.612372436,0.353553391,0.707106781));
#1645=DIRECTION('',(0.5,-0.866025404,0.));
#1646=AXIS2_PLACEMENT_3D('',#1643,#1644,#1645);
#1647=PLANE('',#1646);
#1648=CARTESIAN_POINT('',(29.299038106,64.75,0.2));
#1649=DIRECTION('',(0.774596669,-0.447213595,-0.447213595));
#1650=VECTOR('',#1649,0.447213595);
#1651=LINE('',#1648,#1650);
#1652=EDGE_CURVE('',#1617,#1285,#1651,.T.);
#1653=ORIENTED_EDGE('',*,*,#1652,.F.);
#1654=ORIENTED_EDGE('',*,*,#1638,.F.);
#1655=CARTESIAN_POINT('',(28.,67.4,0.));
#1656=DIRECTION('',(0.,-0.894427191,0.447213595));
#1657=VECTOR('',#1656,0.447213595);
#1658=LINE('',#1655,#1657);
#1659=EDGE_CURVE('',#1275,#1627,#1658,.T.);
#1660=ORIENTED_EDGE('',*,*,#1659,.F.);
#1661=ORIENTED_EDGE('',*,*,#1296,.F.);
#1662=EDGE_LOOP('',(#1653,#1654,#1660,#1661));
#1663=FACE_BOUND('',#1662,.T.);
#1664=ADVANCED_FACE('',(#1663),#1647,.F.);
#1665=CARTESIAN_POINT('',(27.350480947,65.875,0.2));
#1666=DIRECTION('',(-0.612372436,0.353553391,0.707106781));
#1667=DIRECTION('',(0.5,0.866025404,0.));
#1668=AXIS2_PLACEMENT_3D('',#1665,#1666,#1667);
#1669=PLANE('',#1668);
#1670=ORIENTED_EDGE('',*,*,#1659,.T.);
#1671=ORIENTED_EDGE('',*,*,#1632,.F.);
#1672=CARTESIAN_POINT('',(26.354551733,64.55,0.));
#1673=DIRECTION('',(0.774596669,0.447213595,0.447213595));
#1674=VECTOR('',#1673,0.447213595);
#1675=LINE('',#1672,#1674);
#1676=EDGE_CURVE('',#1277,#1619,#1675,.T.);
#1677=ORIENTED_EDGE('',*,*,#1676,.F.);
#1678=ORIENTED_EDGE('',*,*,#1282,.F.);
#1679=EDGE_LOOP('',(#1670,#1671,#1677,#1678));
#1680=FACE_BOUND('',#1679,.T.);
#1681=ADVANCED_FACE('',(#1680),#1669,.F.);
#1682=CARTESIAN_POINT('',(28.,64.75,0.2));
#1683=DIRECTION('',(0.,-0.707106781,0.707106781));
#1684=DIRECTION('',(-1.,-0.,-0.));
#1685=AXIS2_PLACEMENT_3D('',#1682,#1683,#1684);
#1686=PLANE('',#1685);
#1687=ORIENTED_EDGE('',*,*,#1652,.T.);
#1688=ORIENTED_EDGE('',*,*,#1290,.F.);
#1689=ORIENTED_EDGE('',*,*,#1676,.T.);
#1690=ORIENTED_EDGE('',*,*,#1624,.F.);
#1691=EDGE_LOOP('',(#1687,#1688,#1689,#1690));
#1692=FACE_BOUND('',#1691,.T.);
#1693=ADVANCED_FACE('',(#1692),#1686,.F.);
#1694=CARTESIAN_POINT('',(15.2,56.,0.));
#1695=DIRECTION('',(-1.,0.,0.));
#1696=DIRECTION('',(0.,-1.,0.));
#1697=AXIS2_PLACEMENT_3D('',#1694,#1695,#1696);
#1698=PLANE('',#1697);
#1699=CARTESIAN_POINT('',(15.2,57.914707296,3.971428571));
#1700=VERTEX_POINT('',#1699);
#1701=CARTESIAN_POINT('',(15.2,54.085292704,3.971428571));
#1702=VERTEX_POINT('',#1701);
#1703=CARTESIAN_POINT('',(15.2,57.914707296,3.971428571));
#1704=DIRECTION('',(0.,-1.,0.));
#1705=VECTOR('',#1704,3.829414592);
#1706=LINE('',#1703,#1705);
#1707=EDGE_CURVE('',#1700,#1702,#1706,.T.);
#1708=ORIENTED_EDGE('',*,*,#1707,.T.);
#1709=CARTESIAN_POINT('',(15.2,54.085292704,4.828571429));
#1710=VERTEX_POINT('',#1709);
#1711=CARTESIAN_POINT('',(15.2,54.085292704,3.971428571));
#1712=DIRECTION('',(0.,0.,1.));
#1713=VECTOR('',#1712,0.857142857);
#1714=LINE('',#1711,#1713);
#1715=EDGE_CURVE('',#1702,#1710,#1714,.T.);
#1716=ORIENTED_EDGE('',*,*,#1715,.T.);
#1717=CARTESIAN_POINT('',(15.2,57.914707296,4.828571429));
#1718=VERTEX_POINT('',#1717);
#1719=CARTESIAN_POINT('',(15.2,54.085292704,4.828571429));
#1720=DIRECTION('',(0.,1.,0.));
#1721=VECTOR('',#1720,3.829414592);
#1722=LINE('',#1719,#1721);
#1723=EDGE_CURVE('',#1710,#1718,#1722,.T.);
#1724=ORIENTED_EDGE('',*,*,#1723,.T.);
#1725=CARTESIAN_POINT('',(15.2,57.914707296,4.828571429));
#1726=DIRECTION('',(-0.,-0.,-1.));
#1727=VECTOR('',#1726,0.857142857);
#1728=LINE('',#1725,#1727);
#1729=EDGE_CURVE('',#1718,#1700,#1728,.T.);
#1730=ORIENTED_EDGE('',*,*,#1729,.T.);
#1731=EDGE_LOOP('',(#1708,#1716,#1724,#1730));
#1732=FACE_BOUND('',#1731,.T.);
#1733=ADVANCED_FACE('',(#1732),#1698,.T.);
#1734=CARTESIAN_POINT('',(15.6,58.5,3.4));
#1735=DIRECTION('',(0.819231921,0.,0.573462344));
#1736=DIRECTION('',(0.,1.,-0.));
#1737=AXIS2_PLACEMENT_3D('',#1734,#1735,#1736);
#1738=PLANE('',#1737);
#1739=CARTESIAN_POINT('',(15.491289865,51.143550677,3.555300193));
#1740=VERTEX_POINT('',#1739);
#1741=CARTESIAN_POINT('',(15.6,50.6,3.4));
#1742=DIRECTION('',(-0.188844645,0.944223224,0.269778064));
#1743=VECTOR('',#1742,0.575659085);
#1744=LINE('',#1741,#1743);
#1745=EDGE_CURVE('',#379,#1740,#1744,.T.);
#1746=ORIENTED_EDGE('',*,*,#1745,.T.);
#1747=CARTESIAN_POINT('',(15.491289865,51.143550677,3.555300193));
#1748=CARTESIAN_POINT('',(15.399621762,51.601891189,3.686254626));
#1749=CARTESIAN_POINT('',(15.350701407,51.856745104,3.756140847));
#1750=CARTESIAN_POINT('',(15.309000656,52.073987998,3.815713348));
#1751=CARTESIAN_POINT('',(15.284445752,52.21565717,3.850791783));
#1752=CARTESIAN_POINT('',(15.267052108,52.316009551,3.875639846));
#1753=CARTESIAN_POINT('',(15.255024686,52.397012955,3.892821877));
#1754=CARTESIAN_POINT('',(15.240608311,52.494105701,3.913416699));
#1755=CARTESIAN_POINT('',(15.231481207,52.580948299,3.926455419));
#1756=CARTESIAN_POINT('',(15.222182311,52.669425455,3.939739555));
#1757=CARTESIAN_POINT('',(15.216464964,52.767063724,3.947907194));
#1758=CARTESIAN_POINT('',(15.21161197,52.849940979,3.954840043));
#1759=CARTESIAN_POINT('',(15.208498222,52.954847451,3.959288255));
#1760=CARTESIAN_POINT('',(15.204186079,53.100129494,3.965448458));
#1761=CARTESIAN_POINT('',(15.202227998,53.331533485,3.968245716));
#1762=CARTESIAN_POINT('',(15.2,53.594836092,3.971428571));
#1763=CARTESIAN_POINT('',(15.2,54.085292704,3.971428571));
#1764=B_SPLINE_CURVE_WITH_KNOTS('',2,(#1747,#1748,#1749,#1750,#1751,#1752,#1753,#1754,#1755,#1756,#1757,#1758,#1759,#1760,#1761,#1762,#1763),.UNSPECIFIED.,.F.,.F.,(3,2,2,2,2,2,2,2,3),(0.,0.25,0.375,0.4375,0.5,0.5625,0.625,0.75,1.),.UNSPECIFIED.);
#1765=EDGE_CURVE('',#1740,#1702,#1764,.T.);
#1766=ORIENTED_EDGE('',*,*,#1765,.T.);
#1767=ORIENTED_EDGE('',*,*,#1707,.F.);
#1768=CARTESIAN_POINT('',(15.491289865,60.856449323,3.555300193));
#1769=VERTEX_POINT('',#1768);
#1770=CARTESIAN_POINT('',(15.2,57.914707296,3.971428571));
#1771=CARTESIAN_POINT('',(15.2,58.40460309,3.971428571));
#1772=CARTESIAN_POINT('',(15.202231188,58.668843852,3.96824116));
#1773=CARTESIAN_POINT('',(15.204176949,58.899281382,3.965461502));
#1774=CARTESIAN_POINT('',(15.208514796,59.045711505,3.959264577));
#1775=CARTESIAN_POINT('',(15.211593606,59.149641066,3.954866277));
#1776=CARTESIAN_POINT('',(15.216505418,59.233627611,3.947849403));
#1777=CARTESIAN_POINT('',(15.222170943,59.330501834,3.939755795));
#1778=CARTESIAN_POINT('',(15.231611012,59.420286527,3.926269983));
#1779=CARTESIAN_POINT('',(15.240611234,59.505887835,3.913412522));
#1780=CARTESIAN_POINT('',(15.255143779,59.603789209,3.892651744));
#1781=CARTESIAN_POINT('',(15.26700493,59.683694207,3.875707243));
#1782=CARTESIAN_POINT('',(15.284552816,59.784960605,3.850638835));
#1783=CARTESIAN_POINT('',(15.308911103,59.92552888,3.815841282));
#1784=CARTESIAN_POINT('',(15.35078411,60.143685758,3.7560227));
#1785=CARTESIAN_POINT('',(15.399529471,60.397647357,3.68638647));
#1786=CARTESIAN_POINT('',(15.491289865,60.856449323,3.555300193));
#1787=B_SPLINE_CURVE_WITH_KNOTS('',2,(#1770,#1771,#1772,#1773,#1774,#1775,#1776,#1777,#1778,#1779,#1780,#1781,#1782,#1783,#1784,#1785,#1786),.UNSPECIFIED.,.F.,.F.,(3,2,2,2,2,2,2,2,3),(0.,0.25,0.375,0.4375,0.5,0.5625,0.625,0.75,1.),.UNSPECIFIED.);
#1788=EDGE_CURVE('',#1700,#1769,#1787,.T.);
#1789=ORIENTED_EDGE('',*,*,#1788,.T.);
#1790=CARTESIAN_POINT('',(15.491289865,60.856449323,3.555300193));
#1791=DIRECTION('',(0.188844645,0.944223224,-0.269778064));
#1792=VECTOR('',#1791,0.575659085);
#1793=LINE('',#1790,#1792);
#1794=EDGE_CURVE('',#1769,#387,#1793,.T.);
#1795=ORIENTED_EDGE('',*,*,#1794,.T.);
#1796=ORIENTED_EDGE('',*,*,#392,.F.);
#1797=EDGE_LOOP('',(#1746,#1766,#1767,#1789,#1795,#1796));
#1798=FACE_BOUND('',#1797,.T.);
#1799=ADVANCED_FACE('',(#1798),#1738,.F.);
#1800=CARTESIAN_POINT('',(15.6,53.3,5.4));
#1801=DIRECTION('',(0.819231921,0.,-0.573462344));
#1802=DIRECTION('',(0.,-1.,0.));
#1803=AXIS2_PLACEMENT_3D('',#1800,#1801,#1802);
#1804=PLANE('',#1803);
#1805=ORIENTED_EDGE('',*,*,#1723,.F.);
#1806=CARTESIAN_POINT('',(15.491289865,51.143550677,5.244699807));
#1807=VERTEX_POINT('',#1806);
#1808=CARTESIAN_POINT('',(15.2,54.085292704,4.828571429));
#1809=CARTESIAN_POINT('',(15.2,53.59539691,4.828571429));
#1810=CARTESIAN_POINT('',(15.202231188,53.331156148,4.83175884));
#1811=CARTESIAN_POINT('',(15.204176949,53.100718618,4.834538498));
#1812=CARTESIAN_POINT('',(15.208514796,52.954288495,4.840735423));
#1813=CARTESIAN_POINT('',(15.211593606,52.850358934,4.845133723));
#1814=CARTESIAN_POINT('',(15.216505418,52.766372389,4.852150597));
#1815=CARTESIAN_POINT('',(15.222170943,52.669498166,4.860244205));
#1816=CARTESIAN_POINT('',(15.231611012,52.579713473,4.873730017));
#1817=CARTESIAN_POINT('',(15.240611234,52.494112165,4.886587478));
#1818=CARTESIAN_POINT('',(15.255143779,52.396210791,4.907348256));
#1819=CARTESIAN_POINT('',(15.26700493,52.316305793,4.924292757));
#1820=CARTESIAN_POINT('',(15.284552816,52.215039395,4.949361165));
#1821=CARTESIAN_POINT('',(15.308911103,52.07447112,4.984158718));
#1822=CARTESIAN_POINT('',(15.35078411,51.856314242,5.0439773));
#1823=CARTESIAN_POINT('',(15.399529471,51.602352643,5.11361353));
#1824=CARTESIAN_POINT('',(15.491289865,51.143550677,5.244699807));
#1825=B_SPLINE_CURVE_WITH_KNOTS('',2,(#1808,#1809,#1810,#1811,#1812,#1813,#1814,#1815,#1816,#1817,#1818,#1819,#1820,#1821,#1822,#1823,#1824),.UNSPECIFIED.,.F.,.F.,(3,2,2,2,2,2,2,2,3),(0.,0.25,0.375,0.4375,0.5,0.5625,0.625,0.75,1.),.UNSPECIFIED.);
#1826=EDGE_CURVE('',#1710,#1807,#1825,.T.);
#1827=ORIENTED_EDGE('',*,*,#1826,.T.);
#1828=CARTESIAN_POINT('',(15.491289865,51.143550677,5.244699807));
#1829=DIRECTION('',(0.188844645,-0.944223224,0.269778064));
#1830=VECTOR('',#1829,0.575659085);
#1831=LINE('',#1828,#1830);
#1832=EDGE_CURVE('',#1807,#377,#1831,.T.);
#1833=ORIENTED_EDGE('',*,*,#1832,.T.);
#1834=ORIENTED_EDGE('',*,*,#406,.F.);
#1835=CARTESIAN_POINT('',(15.491289865,60.856449323,5.244699807));
#1836=VERTEX_POINT('',#1835);
#1837=CARTESIAN_POINT('',(15.6,61.4,5.4));
#1838=DIRECTION('',(-0.188844645,-0.944223224,-0.269778064));
#1839=VECTOR('',#1838,0.575659085);
#1840=LINE('',#1837,#1839);
#1841=EDGE_CURVE('',#395,#1836,#1840,.T.);
#1842=ORIENTED_EDGE('',*,*,#1841,.T.);
#1843=CARTESIAN_POINT('',(15.491289865,60.856449323,5.244699807));
#1844=CARTESIAN_POINT('',(15.399621762,60.398108811,5.113745374));
#1845=CARTESIAN_POINT('',(15.350701407,60.143254896,5.043859153));
#1846=CARTESIAN_POINT('',(15.309000656,59.926012002,4.984286652));
#1847=CARTESIAN_POINT('',(15.284445752,59.78434283,4.949208217));
#1848=CARTESIAN_POINT('',(15.267052108,59.683990449,4.924360154));
#1849=CARTESIAN_POINT('',(15.255024686,59.602987045,4.907178123));
#1850=CARTESIAN_POINT('',(15.240608311,59.505894299,4.886583301));
#1851=CARTESIAN_POINT('',(15.231481207,59.419051701,4.873544581));
#1852=CARTESIAN_POINT('',(15.222182311,59.330574545,4.860260445));
#1853=CARTESIAN_POINT('',(15.216464964,59.232936276,4.852092806));
#1854=CARTESIAN_POINT('',(15.21161197,59.150059021,4.845159957));
#1855=CARTESIAN_POINT('',(15.208498222,59.045152549,4.840711745));
#1856=CARTESIAN_POINT('',(15.204186079,58.899870506,4.834551542));
#1857=CARTESIAN_POINT('',(15.202227998,58.668466515,4.831754284));
#1858=CARTESIAN_POINT('',(15.2,58.405163908,4.828571429));
#1859=CARTESIAN_POINT('',(15.2,57.914707296,4.828571429));
#1860=B_SPLINE_CURVE_WITH_KNOTS('',2,(#1843,#1844,#1845,#1846,#1847,#1848,#1849,#1850,#1851,#1852,#1853,#1854,#1855,#1856,#1857,#1858,#1859),.UNSPECIFIED.,.F.,.F.,(3,2,2,2,2,2,2,2,3),(0.,0.25,0.375,0.4375,0.5,0.5625,0.625,0.75,1.),.UNSPECIFIED.);
#1861=EDGE_CURVE('',#1836,#1718,#1860,.T.);
#1862=ORIENTED_EDGE('',*,*,#1861,.T.);
#1863=EDGE_LOOP('',(#1805,#1827,#1833,#1834,#1842,#1862));
#1864=FACE_BOUND('',#1863,.T.);
#1865=ADVANCED_FACE('',(#1864),#1804,.F.);
#1866=CARTESIAN_POINT('',(15.6,50.6,4.4));
#1867=DIRECTION('',(0.980580676,0.196116135,0.));
#1868=DIRECTION('',(0.,0.,-1.));
#1869=AXIS2_PLACEMENT_3D('',#1866,#1867,#1868);
#1870=PLANE('',#1869);
#1871=ORIENTED_EDGE('',*,*,#1832,.F.);
#1872=CARTESIAN_POINT('',(15.491289865,51.143550677,5.244699807));
#1873=DIRECTION('',(0.,0.,-1.));
#1874=VECTOR('',#1873,1.689399613);
#1875=LINE('',#1872,#1874);
#1876=EDGE_CURVE('',#1807,#1740,#1875,.T.);
#1877=ORIENTED_EDGE('',*,*,#1876,.T.);
#1878=ORIENTED_EDGE('',*,*,#1745,.F.);
#1879=ORIENTED_EDGE('',*,*,#384,.F.);
#1880=EDGE_LOOP('',(#1871,#1877,#1878,#1879));
#1881=FACE_BOUND('',#1880,.T.);
#1882=ADVANCED_FACE('',(#1881),#1870,.F.);
#1883=CARTESIAN_POINT('',(15.6,61.4,4.4));
#1884=DIRECTION('',(0.980580676,-0.196116135,0.));
#1885=DIRECTION('',(-0.,0.,1.));
#1886=AXIS2_PLACEMENT_3D('',#1883,#1884,#1885);
#1887=PLANE('',#1886);
#1888=ORIENTED_EDGE('',*,*,#1794,.F.);
#1889=CARTESIAN_POINT('',(15.491289865,60.856449323,3.555300193));
#1890=DIRECTION('',(-0.,0.,1.));
#1891=VECTOR('',#1890,1.689399613);
#1892=LINE('',#1889,#1891);
#1893=EDGE_CURVE('',#1769,#1836,#1892,.T.);
#1894=ORIENTED_EDGE('',*,*,#1893,.T.);
#1895=ORIENTED_EDGE('',*,*,#1841,.F.);
#1896=ORIENTED_EDGE('',*,*,#400,.F.);
#1897=EDGE_LOOP('',(#1888,#1894,#1895,#1896));
#1898=FACE_BOUND('',#1897,.T.);
#1899=ADVANCED_FACE('',(#1898),#1887,.F.);
#1900=CARTESIAN_POINT('',(15.491289865,51.143550677,5.244699807));
#1901=CARTESIAN_POINT('',(15.491289865,51.143550677,4.681566602));
#1902=CARTESIAN_POINT('',(15.491289865,51.143550677,4.118433398));
#1903=CARTESIAN_POINT('',(15.491289865,51.143550677,3.555300193));
#1904=CARTESIAN_POINT('',(15.2,52.6,5.244699807));
#1905=CARTESIAN_POINT('',(15.2,52.6,4.681566602));
#1906=CARTESIAN_POINT('',(15.2,52.6,4.118433398));
#1907=CARTESIAN_POINT('',(15.2,52.6,3.555300193));
#1908=CARTESIAN_POINT('',(15.2,54.085292704,5.244699807));
#1909=CARTESIAN_POINT('',(15.2,54.085292704,4.681566602));
#1910=CARTESIAN_POINT('',(15.2,54.085292704,4.118433398));
#1911=CARTESIAN_POINT('',(15.2,54.085292704,3.555300193));
#1912=(BOUNDED_SURFACE()
B_SPLINE_SURFACE(2,3,((#1900,#1901,#1902,#1903),(#1904,#1905,#1906,#1907),(#1908,#1909,#1910,#1911)),.UNSPECIFIED.,.F.,.F.,.U.)
B_SPLINE_SURFACE_WITH_KNOTS((3,3),(4,4),(0.,1.),(-0.0052447,-0.0035553),.UNSPECIFIED.)
GEOMETRIC_REPRESENTATION_ITEM()
RATIONAL_B_SPLINE_SURFACE(((1.,1.,1.,1.),(3.980533307,3.980533307,3.980533307,3.980533307),(1.,1.,1.,1.)))
REPRESENTATION_ITEM('')
SURFACE()
);
#1913=ORIENTED_EDGE('',*,*,#1765,.F.);
#1914=ORIENTED_EDGE('',*,*,#1876,.F.);
#1915=ORIENTED_EDGE('',*,*,#1826,.F.);
#1916=ORIENTED_EDGE('',*,*,#1715,.F.);
#1917=EDGE_LOOP('',(#1913,#1914,#1915,#1916));
#1918=FACE_BOUND('',#1917,.T.);
#1919=ADVANCED_FACE('',(#1918),#1912,.T.);
#1920=CARTESIAN_POINT('',(15.491289865,60.856449323,3.555300193));
#1921=CARTESIAN_POINT('',(15.491289865,60.856449323,4.118433398));
#1922=CARTESIAN_POINT('',(15.491289865,60.856449323,4.681566602));
#1923=CARTESIAN_POINT('',(15.491289865,60.856449323,5.244699807));
#1924=CARTESIAN_POINT('',(15.2,59.4,3.555300193));
#1925=CARTESIAN_POINT('',(15.2,59.4,4.118433398));
#1926=CARTESIAN_POINT('',(15.2,59.4,4.681566602));
#1927=CARTESIAN_POINT('',(15.2,59.4,5.244699807));
#1928=CARTESIAN_POINT('',(15.2,57.914707296,3.555300193));
#1929=CARTESIAN_POINT('',(15.2,57.914707296,4.118433398));
#1930=CARTESIAN_POINT('',(15.2,57.914707296,4.681566602));
#1931=CARTESIAN_POINT('',(15.2,57.914707296,5.244699807));
#1932=(BOUNDED_SURFACE()
B_SPLINE_SURFACE(2,3,((#1920,#1921,#1922,#1923),(#1924,#1925,#1926,#1927),(#1928,#1929,#1930,#1931)),.UNSPECIFIED.,.F.,.F.,.U.)
B_SPLINE_SURFACE_WITH_KNOTS((3,3),(4,4),(0.,1.),(0.0035553,0.0052447),.UNSPECIFIED.)
GEOMETRIC_REPRESENTATION_ITEM()
RATIONAL_B_SPLINE_SURFACE(((1.,1.,1.,1.),(3.980533307,3.980533307,3.980533307,3.980533307),(1.,1.,1.,1.)))
REPRESENTATION_ITEM('')
SURFACE()
);
#1933=ORIENTED_EDGE('',*,*,#1861,.F.);
#1934=ORIENTED_EDGE('',*,*,#1893,.F.);
#1935=ORIENTED_EDGE('',*,*,#1788,.F.);
#1936=ORIENTED_EDGE('',*,*,#1729,.F.);
#1937=EDGE_LOOP('',(#1933,#1934,#1935,#1936));
#1938=FACE_BOUND('',#1937,.T.);
#1939=ADVANCED_FACE('',(#1938),#1932,.T.);
#1940=CARTESIAN_POINT('',(17.23137085,45.23137085,-0.));
#1941=DIRECTION('',(-0.707106781,-0.707106781,0.));
#1942=DIRECTION('',(0.707106781,-0.707106781,0.));
#1943=AXIS2_PLACEMENT_3D('',#1940,#1941,#1942);
#1944=PLANE('',#1943);
#1945=ORIENTED_EDGE('',*,*,#433,.F.);
#1946=CARTESIAN_POINT('',(18.8627417,43.6,6.4));
#1947=VERTEX_POINT('',#1946);
#1948=CARTESIAN_POINT('',(15.6,46.8627417,6.4));
#1949=DIRECTION('',(0.707106781,-0.707106781,0.));
#1950=VECTOR('',#1949,4.614213562);
#1951=LINE('',#1948,#1950);
#1952=EDGE_CURVE('',#420,#1947,#1951,.T.);
#1953=ORIENTED_EDGE('',*,*,#1952,.T.);
#1954=CARTESIAN_POINT('',(18.8627417,43.6,6.8));
#1955=VERTEX_POINT('',#1954);
#1956=CARTESIAN_POINT('',(18.8627417,43.6,6.4));
#1957=DIRECTION('',(0.,0.,1.));
#1958=VECTOR('',#1957,0.4);
#1959=LINE('',#1956,#1958);
#1960=EDGE_CURVE('',#1947,#1955,#1959,.T.);
#1961=ORIENTED_EDGE('',*,*,#1960,.T.);
#1962=CARTESIAN_POINT('',(15.6,46.8627417,6.8));
#1963=DIRECTION('',(0.707106781,-0.707106781,-0.));
#1964=VECTOR('',#1963,4.614213562);
#1965=LINE('',#1962,#1964);
#1966=EDGE_CURVE('',#428,#1955,#1965,.T.);
#1967=ORIENTED_EDGE('',*,*,#1966,.F.);
#1968=EDGE_LOOP('',(#1945,#1953,#1961,#1967));
#1969=FACE_BOUND('',#1968,.T.);
#1970=ADVANCED_FACE('',(#1969),#1944,.T.);
#1971=CARTESIAN_POINT('',(17.23137085,45.23137085,6.8));
#1972=DIRECTION('',(0.,-0.,1.));
#1973=DIRECTION('',(0.,-1.,-0.));
#1974=AXIS2_PLACEMENT_3D('',#1971,#1972,#1973);
#1975=PLANE('',#1974);
#1976=ORIENTED_EDGE('',*,*,#57,.T.);
#1977=ORIENTED_EDGE('',*,*,#64,.T.);
#1978=EDGE_LOOP('',(#1976,#1977));
#1979=FACE_BOUND('',#1978,.T.);
#1980=CARTESIAN_POINT('',(37.1372583,43.6,6.8));
#1981=VERTEX_POINT('',#1980);
#1982=CARTESIAN_POINT('',(37.1372583,43.6,6.8));
#1983=DIRECTION('',(-1.,0.,0.));
#1984=VECTOR('',#1983,18.2745166);
#1985=LINE('',#1982,#1984);
#1986=EDGE_CURVE('',#1981,#1955,#1985,.T.);
#1987=ORIENTED_EDGE('',*,*,#1986,.F.);
#1988=CARTESIAN_POINT('',(37.1372583,43.6,6.8));
#1989=DIRECTION('',(0.707106781,0.707106781,-0.));
#1990=VECTOR('',#1989,4.614213562);
#1991=LINE('',#1988,#1990);
#1992=EDGE_CURVE('',#1981,#790,#1991,.T.);
#1993=ORIENTED_EDGE('',*,*,#1992,.T.);
#1994=ORIENTED_EDGE('',*,*,#795,.F.);
#1995=CARTESIAN_POINT('',(40.4,65.1372583,6.8));
#1996=DIRECTION('',(-0.707106781,0.707106781,-0.));
#1997=VECTOR('',#1996,4.614213562);
#1998=LINE('',#1995,#1997);
#1999=EDGE_CURVE('',#782,#630,#1998,.T.);
#2000=ORIENTED_EDGE('',*,*,#1999,.T.);
#2001=ORIENTED_EDGE('',*,*,#635,.F.);
#2002=CARTESIAN_POINT('',(18.8627417,68.4,6.8));
#2003=DIRECTION('',(-0.707106781,-0.707106781,-0.));
#2004=VECTOR('',#2003,4.614213562);
#2005=LINE('',#2002,#2004);
#2006=EDGE_CURVE('',#622,#436,#2005,.T.);
#2007=ORIENTED_EDGE('',*,*,#2006,.T.);
#2008=ORIENTED_EDGE('',*,*,#441,.T.);
#2009=ORIENTED_EDGE('',*,*,#1966,.T.);
#2010=EDGE_LOOP('',(#1987,#1993,#1994,#2000,#2001,#2007,#2008,#2009));
#2011=FACE_BOUND('',#2010,.T.);
#2012=ADVANCED_FACE('',(#1979,#2011),#1975,.T.);
#2013=CARTESIAN_POINT('',(19.640559159,43.6,-0.002));
#2014=DIRECTION('',(0.,1.,0.));
#2015=DIRECTION('',(0.,0.,1.));
#2016=AXIS2_PLACEMENT_3D('',#2013,#2014,#2015);
#2017=PLANE('',#2016);
#2018=ORIENTED_EDGE('',*,*,#1960,.F.);
#2019=CARTESIAN_POINT('',(20.418376618,43.6,5.3));
#2020=VERTEX_POINT('',#2019);
#2021=CARTESIAN_POINT('',(18.8627417,43.6,6.4));
#2022=DIRECTION('',(0.816496581,-0.,-0.577350269));
#2023=VECTOR('',#2022,1.905255888);
#2024=LINE('',#2021,#2023);
#2025=EDGE_CURVE('',#1947,#2020,#2024,.T.);
#2026=ORIENTED_EDGE('',*,*,#2025,.T.);
#2027=CARTESIAN_POINT('',(20.418376618,43.6,5.3));
#2028=DIRECTION('',(0.,0.,-1.));
#2029=VECTOR('',#2028,1.9);
#2030=LINE('',#2027,#2029);
#2031=EDGE_CURVE('',#2020,#337,#2030,.T.);
#2032=ORIENTED_EDGE('',*,*,#2031,.T.);
#2033=ORIENTED_EDGE('',*,*,#945,.F.);
#2034=CARTESIAN_POINT('',(22.6,43.6,5.4));
#2035=VERTEX_POINT('',#2034);
#2036=CARTESIAN_POINT('',(22.6,43.6,3.4));
#2037=DIRECTION('',(-0.,0.,1.));
#2038=VECTOR('',#2037,2.);
#2039=LINE('',#2036,#2038);
#2040=EDGE_CURVE('',#934,#2035,#2039,.T.);
#2041=ORIENTED_EDGE('',*,*,#2040,.T.);
#2042=CARTESIAN_POINT('',(33.4,43.6,5.4));
#2043=VERTEX_POINT('',#2042);
#2044=CARTESIAN_POINT('',(22.6,43.6,5.4));
#2045=DIRECTION('',(1.,-0.,0.));
#2046=VECTOR('',#2045,10.8);
#2047=LINE('',#2044,#2046);
#2048=EDGE_CURVE('',#2035,#2043,#2047,.T.);
#2049=ORIENTED_EDGE('',*,*,#2048,.T.);
#2050=CARTESIAN_POINT('',(33.4,43.6,5.4));
#2051=DIRECTION('',(0.,0.,-1.));
#2052=VECTOR('',#2051,2.);
#2053=LINE('',#2050,#2052);
#2054=EDGE_CURVE('',#2043,#926,#2053,.T.);
#2055=ORIENTED_EDGE('',*,*,#2054,.T.);
#2056=ORIENTED_EDGE('',*,*,#931,.F.);
#2057=CARTESIAN_POINT('',(35.581623382,43.6,5.3));
#2058=VERTEX_POINT('',#2057);
#2059=CARTESIAN_POINT('',(35.581623382,43.6,5.3));
#2060=DIRECTION('',(0.,0.,-1.));
#2061=VECTOR('',#2060,1.9);
#2062=LINE('',#2059,#2061);
#2063=EDGE_CURVE('',#2058,#895,#2062,.T.);
#2064=ORIENTED_EDGE('',*,*,#2063,.F.);
#2065=CARTESIAN_POINT('',(37.1372583,43.6,6.4));
#2066=VERTEX_POINT('',#2065);
#2067=CARTESIAN_POINT('',(35.581623382,43.6,5.3));
#2068=DIRECTION('',(0.816496581,-0.,0.577350269));
#2069=VECTOR('',#2068,1.905255888);
#2070=LINE('',#2067,#2069);
#2071=EDGE_CURVE('',#2058,#2066,#2070,.T.);
#2072=ORIENTED_EDGE('',*,*,#2071,.T.);
#2073=CARTESIAN_POINT('',(37.1372583,43.6,6.4));
#2074=DIRECTION('',(0.,0.,1.));
#2075=VECTOR('',#2074,0.4);
#2076=LINE('',#2073,#2075);
#2077=EDGE_CURVE('',#2066,#1981,#2076,.T.);
#2078=ORIENTED_EDGE('',*,*,#2077,.T.);
#2079=ORIENTED_EDGE('',*,*,#1986,.T.);
#2080=EDGE_LOOP('',(#2018,#2026,#2032,#2033,#2041,#2049,#2055,#2056,#2064,#2072,#2078,#2079));
#2081=FACE_BOUND('',#2080,.T.);
#2082=CARTESIAN_POINT('',(34.,43.6,6.));
#2083=VERTEX_POINT('',#2082);
#2084=CARTESIAN_POINT('',(22.,43.6,6.));
#2085=VERTEX_POINT('',#2084);
#2086=CARTESIAN_POINT('',(34.,43.6,6.));
#2087=DIRECTION('',(-1.,0.,0.));
#2088=VECTOR('',#2087,12.);
#2089=LINE('',#2086,#2088);
#2090=EDGE_CURVE('',#2083,#2085,#2089,.T.);
#2091=ORIENTED_EDGE('',*,*,#2090,.F.);
#2092=CARTESIAN_POINT('',(34.,43.6,5.6));
#2093=VERTEX_POINT('',#2092);
#2094=CARTESIAN_POINT('',(34.,43.6,5.6));
#2095=DIRECTION('',(0.,0.,1.));
#2096=VECTOR('',#2095,0.4);
#2097=LINE('',#2094,#2096);
#2098=EDGE_CURVE('',#2093,#2083,#2097,.T.);
#2099=ORIENTED_EDGE('',*,*,#2098,.F.);
#2100=CARTESIAN_POINT('',(22.,43.6,5.6));
#2101=VERTEX_POINT('',#2100);
#2102=CARTESIAN_POINT('',(22.,43.6,5.6));
#2103=DIRECTION('',(1.,-0.,0.));
#2104=VECTOR('',#2103,12.);
#2105=LINE('',#2102,#2104);
#2106=EDGE_CURVE('',#2101,#2093,#2105,.T.);
#2107=ORIENTED_EDGE('',*,*,#2106,.F.);
#2108=CARTESIAN_POINT('',(22.,43.6,6.));
#2109=DIRECTION('',(0.,0.,-1.));
#2110=VECTOR('',#2109,0.4);
#2111=LINE('',#2108,#2110);
#2112=EDGE_CURVE('',#2085,#2101,#2111,.T.);
#2113=ORIENTED_EDGE('',*,*,#2112,.F.);
#2114=EDGE_LOOP('',(#2091,#2099,#2107,#2113));
#2115=FACE_BOUND('',#2114,.T.);
#2116=ADVANCED_FACE('',(#2081,#2115),#2017,.F.);
#2117=CARTESIAN_POINT('',(18.009188309,46.009188309,5.3));
#2118=DIRECTION('',(0.5,0.5,0.707106781));
#2119=DIRECTION('',(-0.707106781,0.707106781,-0.));
#2120=AXIS2_PLACEMENT_3D('',#2117,#2118,#2119);
#2121=PLANE('',#2120);
#2122=ORIENTED_EDGE('',*,*,#2025,.F.);
#2123=ORIENTED_EDGE('',*,*,#1952,.F.);
#2124=ORIENTED_EDGE('',*,*,#425,.F.);
#2125=CARTESIAN_POINT('',(20.418376618,43.6,5.3));
#2126=DIRECTION('',(-0.707106781,0.707106781,-0.));
#2127=VECTOR('',#2126,6.814213562);
#2128=LINE('',#2125,#2127);
#2129=EDGE_CURVE('',#2020,#412,#2128,.T.);
#2130=ORIENTED_EDGE('',*,*,#2129,.F.);
#2131=EDGE_LOOP('',(#2122,#2123,#2124,#2130));
#2132=FACE_BOUND('',#2131,.T.);
#2133=ADVANCED_FACE('',(#2132),#2121,.F.);
#2134=CARTESIAN_POINT('',(18.009188309,46.009188309,6.8));
#2135=DIRECTION('',(0.707106781,0.707106781,0.));
#2136=DIRECTION('',(-0.707106781,0.707106781,0.));
#2137=AXIS2_PLACEMENT_3D('',#2134,#2135,#2136);
#2138=PLANE('',#2137);
#2139=ORIENTED_EDGE('',*,*,#2031,.F.);
#2140=ORIENTED_EDGE('',*,*,#2129,.T.);
#2141=ORIENTED_EDGE('',*,*,#417,.T.);
#2142=ORIENTED_EDGE('',*,*,#352,.F.);
#2143=EDGE_LOOP('',(#2139,#2140,#2141,#2142));
#2144=FACE_BOUND('',#2143,.T.);
#2145=ADVANCED_FACE('',(#2144),#2138,.F.);
#2146=CARTESIAN_POINT('',(28.,69.2,0.));
#2147=DIRECTION('',(0.,1.,0.));
#2148=DIRECTION('',(0.,0.,1.));
#2149=AXIS2_PLACEMENT_3D('',#2146,#2147,#2148);
#2150=PLANE('',#2149);
#2151=CARTESIAN_POINT('',(25.833218389,69.2,4.257142857));
#2152=VERTEX_POINT('',#2151);
#2153=CARTESIAN_POINT('',(30.166781611,69.2,4.257142857));
#2154=VERTEX_POINT('',#2153);
#2155=CARTESIAN_POINT('',(25.833218389,69.2,4.257142857));
#2156=DIRECTION('',(1.,0.,-0.));
#2157=VECTOR('',#2156,4.333563221);
#2158=LINE('',#2155,#2157);
#2159=EDGE_CURVE('',#2152,#2154,#2158,.T.);
#2160=ORIENTED_EDGE('',*,*,#2159,.T.);
#2161=CARTESIAN_POINT('',(30.166781611,69.2,2.5429));
#2162=VERTEX_POINT('',#2161);
#2163=CARTESIAN_POINT('',(30.166781611,69.2,4.257142857));
#2164=DIRECTION('',(-0.,0.,-1.));
#2165=VECTOR('',#2164,1.714242857);
#2166=LINE('',#2163,#2165);
#2167=EDGE_CURVE('',#2154,#2162,#2166,.T.);
#2168=ORIENTED_EDGE('',*,*,#2167,.T.);
#2169=CARTESIAN_POINT('',(25.833218389,69.2,2.5429));
#2170=VERTEX_POINT('',#2169);
#2171=CARTESIAN_POINT('',(30.166781611,69.2,2.5429));
#2172=DIRECTION('',(-1.,0.,0.));
#2173=VECTOR('',#2172,4.333563221);
#2174=LINE('',#2171,#2173);
#2175=EDGE_CURVE('',#2162,#2170,#2174,.T.);
#2176=ORIENTED_EDGE('',*,*,#2175,.T.);
#2177=CARTESIAN_POINT('',(25.833218389,69.2,2.5429));
#2178=DIRECTION('',(0.,-0.,1.));
#2179=VECTOR('',#2178,1.714242857);
#2180=LINE('',#2177,#2179);
#2181=EDGE_CURVE('',#2170,#2152,#2180,.T.);
#2182=ORIENTED_EDGE('',*,*,#2181,.T.);
#2183=EDGE_LOOP('',(#2160,#2168,#2176,#2182));
#2184=FACE_BOUND('',#2183,.T.);
#2185=ADVANCED_FACE('',(#2184),#2150,.T.);
#2186=CARTESIAN_POINT('',(31.5,68.4,5.4));
#2187=DIRECTION('',(-0.,-0.819231921,-0.573462344));
#2188=DIRECTION('',(-1.,0.,0.));
#2189=AXIS2_PLACEMENT_3D('',#2186,#2187,#2188);
#2190=PLANE('',#2189);
#2191=ORIENTED_EDGE('',*,*,#608,.F.);
#2192=CARTESIAN_POINT('',(35.,68.4,5.4));
#2193=CARTESIAN_POINT('',(34.756155546,68.482996725,5.28143325));
#2194=CARTESIAN_POINT('',(34.554610608,68.55100468,5.184279029));
#2195=CARTESIAN_POINT('',(34.158046266,68.684818657,4.993116204));
#2196=CARTESIAN_POINT('',(33.883526139,68.77457164,4.864897657));
#2197=CARTESIAN_POINT('',(33.543286741,68.885811209,4.705983987));
#2198=CARTESIAN_POINT('',(33.316987558,68.953204427,4.609707962));
#2199=CARTESIAN_POINT('',(33.156294797,69.001059669,4.54134333));
#2200=CARTESIAN_POINT('',(33.02669376,69.034735957,4.493234347));
#2201=CARTESIAN_POINT('',(32.866703466,69.076308766,4.43384462));
#2202=CARTESIAN_POINT('',(32.727039766,69.102953765,4.395780335));
#2203=CARTESIAN_POINT('',(32.65098209,69.117464026,4.375051391));
#2204=CARTESIAN_POINT('',(32.573789094,69.128925918,4.35867726));
#2205=CARTESIAN_POINT('',(32.498683899,69.140077806,4.342745991));
#2206=CARTESIAN_POINT('',(32.418085481,69.14887379,4.3301803));
#2207=CARTESIAN_POINT('',(32.277193546,69.164249814,4.308214552));
#2208=CARTESIAN_POINT('',(32.100629454,69.173914019,4.294408545));
#2209=CARTESIAN_POINT('',(31.96037811,69.181590652,4.283441926));
#2210=CARTESIAN_POINT('',(31.778959454,69.186663536,4.276194949));
#2211=CARTESIAN_POINT('',(31.636527553,69.190646261,4.270505342));
#2212=CARTESIAN_POINT('',(31.456660894,69.193338334,4.266659523));
#2213=CARTESIAN_POINT('',(31.192735577,69.197288517,4.261016404));
#2214=CARTESIAN_POINT('',(30.811759911,69.198856235,4.258776808));
#2215=CARTESIAN_POINT('',(30.533810179,69.2,4.257142857));
#2216=CARTESIAN_POINT('',(30.166781611,69.2,4.257142857));
#2217=B_SPLINE_CURVE_WITH_KNOTS('',2,(#2192,#2193,#2194,#2195,#2196,#2197,#2198,#2199,#2200,#2201,#2202,#2203,#2204,#2205,#2206,#2207,#2208,#2209,#2210,#2211,#2212,#2213,#2214,#2215,#2216),.UNSPECIFIED.,.F.,.F.,(3,2,2,2,2,2,2,2,2,2,2,2,3),(0.,0.1,0.25,0.375,0.4375,0.5,0.53125,0.5625,0.625,0.6875,0.75,0.875,1.),.UNSPECIFIED.);
#2218=EDGE_CURVE('',#597,#2154,#2217,.T.);
#2219=ORIENTED_EDGE('',*,*,#2218,.T.);
#2220=ORIENTED_EDGE('',*,*,#2159,.F.);
#2221=CARTESIAN_POINT('',(25.833218389,69.2,4.257142857));
#2222=CARTESIAN_POINT('',(25.465931196,69.2,4.257142857));
#2223=CARTESIAN_POINT('',(25.186791071,69.19885027,4.258785329));
#2224=CARTESIAN_POINT('',(24.80584788,69.19728123,4.261026815));
#2225=CARTESIAN_POINT('',(24.54043746,69.19329483,4.266721671));
#2226=CARTESIAN_POINT('',(24.361241291,69.190603348,4.270566646));
#2227=CARTESIAN_POINT('',(24.217500626,69.186564309,4.276336702));
#2228=CARTESIAN_POINT('',(24.03692396,69.181490198,4.283585432));
#2229=CARTESIAN_POINT('',(23.895437234,69.173698064,4.294717051));
#2230=CARTESIAN_POINT('',(23.718392684,69.163947646,4.30864622));
#2231=CARTESIAN_POINT('',(23.575303338,69.148148082,4.331217026));
#2232=CARTESIAN_POINT('',(23.49510525,69.139292811,4.343867412));
#2233=CARTESIAN_POINT('',(23.418236878,69.127734401,4.360379428));
#2234=CARTESIAN_POINT('',(23.342075556,69.116282306,4.376739562));
#2235=CARTESIAN_POINT('',(23.26475816,69.101380977,4.398027176));
#2236=CARTESIAN_POINT('',(23.127221183,69.074873568,4.435894903));
#2237=CARTESIAN_POINT('',(22.96718254,69.033141913,4.495511552));
#2238=CARTESIAN_POINT('',(22.838990727,68.999714634,4.543264809));
#2239=CARTESIAN_POINT('',(22.677949826,68.951695808,4.611863132));
#2240=CARTESIAN_POINT('',(22.453027877,68.88462907,4.707672758));
#2241=CARTESIAN_POINT('',(22.113027755,68.773444835,4.866507379));
#2242=CARTESIAN_POINT('',(21.70916638,68.641377182,5.055175454));
#2243=CARTESIAN_POINT('',(21.,68.4,5.4));
#2244=B_SPLINE_CURVE_WITH_KNOTS('',2,(#2221,#2222,#2223,#2224,#2225,#2226,#2227,#2228,#2229,#2230,#2231,#2232,#2233,#2234,#2235,#2236,#2237,#2238,#2239,#2240,#2241,#2242,#2243),.UNSPECIFIED.,.F.,.F.,(3,2,2,2,2,2,2,2,2,2,2,3),(0.,0.125,0.25,0.3125,0.375,0.4375,0.46875,0.5,0.5625,0.625,0.75,1.),.UNSPECIFIED.);
#2245=EDGE_CURVE('',#2152,#563,#2244,.T.);
#2246=ORIENTED_EDGE('',*,*,#2245,.T.);
#2247=EDGE_LOOP('',(#2191,#2219,#2220,#2246));
#2248=FACE_BOUND('',#2247,.T.);
#2249=ADVANCED_FACE('',(#2248),#2190,.F.);
#2250=CARTESIAN_POINT('',(31.5,68.4,1.4));
#2251=DIRECTION('',(0.,-0.819242023,0.573447912));
#2252=DIRECTION('',(1.,-0.,-0.));
#2253=AXIS2_PLACEMENT_3D('',#2250,#2251,#2252);
#2254=PLANE('',#2253);
#2255=ORIENTED_EDGE('',*,*,#2175,.F.);
#2256=CARTESIAN_POINT('',(30.166781611,69.2,2.5429));
#2257=CARTESIAN_POINT('',(30.534070021,69.2,2.5429));
#2258=CARTESIAN_POINT('',(30.813210815,69.198850262,2.541257455));
#2259=CARTESIAN_POINT('',(31.194155357,69.19728121,2.539015868));
#2260=CARTESIAN_POINT('',(31.459566306,69.193294774,2.533320746));
#2261=CARTESIAN_POINT('',(31.638763074,69.190603263,2.529475586));
#2262=CARTESIAN_POINT('',(31.782504066,69.186564177,2.523705247));
#2263=CARTESIAN_POINT('',(31.963081297,69.181490002,2.516456154));
#2264=CARTESIAN_POINT('',(32.104568344,69.173697756,2.505323957));
#2265=CARTESIAN_POINT('',(32.281613199,69.163947203,2.491394073));
#2266=CARTESIAN_POINT('',(32.424702956,69.148147386,2.468822059));
#2267=CARTESIAN_POINT('',(32.504900937,69.139292011,2.456171049));
#2268=CARTESIAN_POINT('',(32.581769363,69.127733461,2.439658216));
#2269=CARTESIAN_POINT('',(32.657930538,69.116281259,2.423297314));
#2270=CARTESIAN_POINT('',(32.735247964,69.101379796,2.40200871));
#2271=CARTESIAN_POINT('',(32.872784585,69.074872227,2.364139335));
#2272=CARTESIAN_POINT('',(33.032823263,69.0331404,2.304520203));
#2273=CARTESIAN_POINT('',(33.16101483,68.999713054,2.256765061));
#2274=CARTESIAN_POINT('',(33.322055436,68.951694239,2.188164182));
#2275=CARTESIAN_POINT('',(33.546976992,68.88462751,2.092350977));
#2276=CARTESIAN_POINT('',(33.886975903,68.773443638,1.933510918));
#2277=CARTESIAN_POINT('',(34.290836556,68.641376183,1.744836049));
#2278=CARTESIAN_POINT('',(35.,68.4,1.4));
#2279=B_SPLINE_CURVE_WITH_KNOTS('',2,(#2256,#2257,#2258,#2259,#2260,#2261,#2262,#2263,#2264,#2265,#2266,#2267,#2268,#2269,#2270,#2271,#2272,#2273,#2274,#2275,#2276,#2277,#2278),.UNSPECIFIED.,.F.,.F.,(3,2,2,2,2,2,2,2,2,2,2,3),(0.,0.125,0.25,0.3125,0.375,0.4375,0.46875,0.5,0.5625,0.625,0.75,1.),.UNSPECIFIED.);
#2280=EDGE_CURVE('',#2162,#581,#2279,.T.);
#2281=ORIENTED_EDGE('',*,*,#2280,.T.);
#2282=ORIENTED_EDGE('',*,*,#586,.F.);
#2283=CARTESIAN_POINT('',(21.,68.4,1.4));
#2284=CARTESIAN_POINT('',(21.243843497,68.482996399,1.518570731));
#2285=CARTESIAN_POINT('',(21.445387794,68.551004141,1.615728291));
#2286=CARTESIAN_POINT('',(21.841950485,68.684817567,1.806897496));
#2287=CARTESIAN_POINT('',(22.116469949,68.774570361,1.935120582));
#2288=CARTESIAN_POINT('',(22.456708031,68.885809536,2.094039648));
#2289=CARTESIAN_POINT('',(22.683006779,68.953202741,2.190319265));
#2290=CARTESIAN_POINT('',(22.843699153,69.001057951,2.258686415));
#2291=CARTESIAN_POINT('',(22.973299868,69.034734302,2.306797292));
#2292=CARTESIAN_POINT('',(23.13329012,69.076307281,2.366189489));
#2293=CARTESIAN_POINT('',(23.272953339,69.102952451,2.404255445));
#2294=CARTESIAN_POINT('',(23.349011075,69.117462866,2.424985387));
#2295=CARTESIAN_POINT('',(23.426203927,69.128924883,2.441360311));
#2296=CARTESIAN_POINT('',(23.501309252,69.140076933,2.457292408));
#2297=CARTESIAN_POINT('',(23.581907629,69.148873039,2.469858745));
#2298=CARTESIAN_POINT('',(23.722799971,69.164249329,2.491825698));
#2299=CARTESIAN_POINT('',(23.899364338,69.173913679,2.50563243));
#2300=CARTESIAN_POINT('',(24.039616044,69.181590436,2.516599636));
#2301=CARTESIAN_POINT('',(24.221035336,69.18666339,2.523846986));
#2302=CARTESIAN_POINT('',(24.363467603,69.190646167,2.52953688));
#2303=CARTESIAN_POINT('',(24.543334934,69.193338271,2.533382888));
#2304=CARTESIAN_POINT('',(24.807260838,69.197288495,2.539026276));
#2305=CARTESIAN_POINT('',(25.188237999,69.198856226,2.541265976));
#2306=CARTESIAN_POINT('',(25.466188471,69.2,2.5429));
#2307=CARTESIAN_POINT('',(25.833218389,69.2,2.5429));
#2308=B_SPLINE_CURVE_WITH_KNOTS('',2,(#2283,#2284,#2285,#2286,#2287,#2288,#2289,#2290,#2291,#2292,#2293,#2294,#2295,#2296,#2297,#2298,#2299,#2300,#2301,#2302,#2303,#2304,#2305,#2306,#2307),.UNSPECIFIED.,.F.,.F.,(3,2,2,2,2,2,2,2,2,2,2,2,3),(0.,0.1,0.25,0.375,0.4375,0.5,0.53125,0.5625,0.625,0.6875,0.75,0.875,1.),.UNSPECIFIED.);
#2309=EDGE_CURVE('',#573,#2170,#2308,.T.);
#2310=ORIENTED_EDGE('',*,*,#2309,.T.);
#2311=EDGE_LOOP('',(#2255,#2281,#2282,#2310));
#2312=FACE_BOUND('',#2311,.T.);
#2313=ADVANCED_FACE('',(#2312),#2254,.F.);
#2314=CARTESIAN_POINT('',(30.166781611,69.2,5.4));
#2315=CARTESIAN_POINT('',(30.166781611,69.2,4.066666667));
#2316=CARTESIAN_POINT('',(30.166781611,69.2,2.733333333));
#2317=CARTESIAN_POINT('',(30.166781611,69.2,1.4));
#2318=CARTESIAN_POINT('',(32.649599276,69.2,5.4));
#2319=CARTESIAN_POINT('',(32.649599276,69.2,4.066666667));
#2320=CARTESIAN_POINT('',(32.649599276,69.2,2.733333333));
#2321=CARTESIAN_POINT('',(32.649599276,69.2,1.4));
#2322=CARTESIAN_POINT('',(35.,68.4,5.4));
#2323=CARTESIAN_POINT('',(35.,68.4,4.066666667));
#2324=CARTESIAN_POINT('',(35.,68.4,2.733333333));
#2325=CARTESIAN_POINT('',(35.,68.4,1.4));
#2326=(BOUNDED_SURFACE()
B_SPLINE_SURFACE(2,3,((#2314,#2315,#2316,#2317),(#2318,#2319,#2320,#2321),(#2322,#2323,#2324,#2325)),.UNSPECIFIED.,.F.,.F.,.U.)
B_SPLINE_SURFACE_WITH_KNOTS((3,3),(4,4),(0.,1.),(-0.002,0.002),.UNSPECIFIED.)
GEOMETRIC_REPRESENTATION_ITEM()
RATIONAL_B_SPLINE_SURFACE(((1.,1.,1.,1.),(3.94630629,3.94630629,3.94630629,3.94630629),(1.,1.,1.,1.)))
REPRESENTATION_ITEM('')
SURFACE()
);
#2327=ORIENTED_EDGE('',*,*,#2218,.F.);
#2328=ORIENTED_EDGE('',*,*,#602,.F.);
#2329=ORIENTED_EDGE('',*,*,#594,.F.);
#2330=ORIENTED_EDGE('',*,*,#2280,.F.);
#2331=ORIENTED_EDGE('',*,*,#2167,.F.);
#2332=EDGE_LOOP('',(#2327,#2328,#2329,#2330,#2331));
#2333=FACE_BOUND('',#2332,.T.);
#2334=ADVANCED_FACE('',(#2333),#2326,.T.);
#2335=CARTESIAN_POINT('',(25.833218389,69.2,1.4));
#2336=CARTESIAN_POINT('',(25.833218389,69.2,2.733333333));
#2337=CARTESIAN_POINT('',(25.833218389,69.2,4.066666667));
#2338=CARTESIAN_POINT('',(25.833218389,69.2,5.4));
#2339=CARTESIAN_POINT('',(23.350400724,69.2,1.4));
#2340=CARTESIAN_POINT('',(23.350400724,69.2,2.733333333));
#2341=CARTESIAN_POINT('',(23.350400724,69.2,4.066666667));
#2342=CARTESIAN_POINT('',(23.350400724,69.2,5.4));
#2343=CARTESIAN_POINT('',(21.,68.4,1.4));
#2344=CARTESIAN_POINT('',(21.,68.4,2.733333333));
#2345=CARTESIAN_POINT('',(21.,68.4,4.066666667));
#2346=CARTESIAN_POINT('',(21.,68.4,5.4));
#2347=(BOUNDED_SURFACE()
B_SPLINE_SURFACE(2,3,((#2335,#2336,#2337,#2338),(#2339,#2340,#2341,#2342),(#2343,#2344,#2345,#2346)),.UNSPECIFIED.,.F.,.F.,.U.)
B_SPLINE_SURFACE_WITH_KNOTS((3,3),(4,4),(0.,1.),(-0.002,0.002),.UNSPECIFIED.)
GEOMETRIC_REPRESENTATION_ITEM()
RATIONAL_B_SPLINE_SURFACE(((1.,1.,1.,1.),(3.94630629,3.94630629,3.94630629,3.94630629),(1.,1.,1.,1.)))
REPRESENTATION_ITEM('')
SURFACE()
);
#2348=ORIENTED_EDGE('',*,*,#2309,.F.);
#2349=ORIENTED_EDGE('',*,*,#578,.F.);
#2350=ORIENTED_EDGE('',*,*,#570,.F.);
#2351=ORIENTED_EDGE('',*,*,#2245,.F.);
#2352=ORIENTED_EDGE('',*,*,#2181,.F.);
#2353=EDGE_LOOP('',(#2348,#2349,#2350,#2351,#2352));
#2354=FACE_BOUND('',#2353,.T.);
#2355=ADVANCED_FACE('',(#2354),#2347,.T.);
#2356=CARTESIAN_POINT('',(28.,43.2,0.));
#2357=DIRECTION('',(-0.,-1.,0.));
#2358=DIRECTION('',(1.,-0.,0.));
#2359=AXIS2_PLACEMENT_3D('',#2356,#2357,#2358);
#2360=PLANE('',#2359);
#2361=CARTESIAN_POINT('',(26.085292704,43.2,3.971428571));
#2362=VERTEX_POINT('',#2361);
#2363=CARTESIAN_POINT('',(29.914707296,43.2,3.971428571));
#2364=VERTEX_POINT('',#2363);
#2365=CARTESIAN_POINT('',(26.085292704,43.2,3.971428571));
#2366=DIRECTION('',(1.,-0.,0.));
#2367=VECTOR('',#2366,3.829414592);
#2368=LINE('',#2365,#2367);
#2369=EDGE_CURVE('',#2362,#2364,#2368,.T.);
#2370=ORIENTED_EDGE('',*,*,#2369,.T.);
#2371=CARTESIAN_POINT('',(29.914707296,43.2,4.828571429));
#2372=VERTEX_POINT('',#2371);
#2373=CARTESIAN_POINT('',(29.914707296,43.2,3.971428571));
#2374=DIRECTION('',(0.,0.,1.));
#2375=VECTOR('',#2374,0.857142857);
#2376=LINE('',#2373,#2375);
#2377=EDGE_CURVE('',#2364,#2372,#2376,.T.);
#2378=ORIENTED_EDGE('',*,*,#2377,.T.);
#2379=CARTESIAN_POINT('',(26.085292704,43.2,4.828571429));
#2380=VERTEX_POINT('',#2379);
#2381=CARTESIAN_POINT('',(29.914707296,43.2,4.828571429));
#2382=DIRECTION('',(-1.,0.,0.));
#2383=VECTOR('',#2382,3.829414592);
#2384=LINE('',#2381,#2383);
#2385=EDGE_CURVE('',#2372,#2380,#2384,.T.);
#2386=ORIENTED_EDGE('',*,*,#2385,.T.);
#2387=CARTESIAN_POINT('',(26.085292704,43.2,4.828571429));
#2388=DIRECTION('',(-0.,-0.,-1.));
#2389=VECTOR('',#2388,0.857142857);
#2390=LINE('',#2387,#2389);
#2391=EDGE_CURVE('',#2380,#2362,#2390,.T.);
#2392=ORIENTED_EDGE('',*,*,#2391,.T.);
#2393=EDGE_LOOP('',(#2370,#2378,#2386,#2392));
#2394=FACE_BOUND('',#2393,.T.);
#2395=ADVANCED_FACE('',(#2394),#2360,.T.);
#2396=CARTESIAN_POINT('',(25.5,43.6,3.4));
#2397=DIRECTION('',(-0.,0.819231921,0.573462344));
#2398=DIRECTION('',(-1.,0.,-0.));
#2399=AXIS2_PLACEMENT_3D('',#2396,#2397,#2398);
#2400=PLANE('',#2399);
#2401=CARTESIAN_POINT('',(32.856449323,43.491289865,3.555300193));
#2402=VERTEX_POINT('',#2401);
#2403=CARTESIAN_POINT('',(33.4,43.6,3.4));
#2404=DIRECTION('',(-0.944223224,-0.188844645,0.269778064));
#2405=VECTOR('',#2404,0.575659085);
#2406=LINE('',#2403,#2405);
#2407=EDGE_CURVE('',#926,#2402,#2406,.T.);
#2408=ORIENTED_EDGE('',*,*,#2407,.T.);
#2409=CARTESIAN_POINT('',(32.856449323,43.491289865,3.555300193));
#2410=CARTESIAN_POINT('',(32.398108811,43.399621762,3.686254626));
#2411=CARTESIAN_POINT('',(32.143254896,43.350701407,3.756140847));
#2412=CARTESIAN_POINT('',(31.926012002,43.309000656,3.815713348));
#2413=CARTESIAN_POINT('',(31.78434283,43.284445752,3.850791783));
#2414=CARTESIAN_POINT('',(31.683990449,43.267052108,3.875639846));
#2415=CARTESIAN_POINT('',(31.602987045,43.255024686,3.892821877));
#2416=CARTESIAN_POINT('',(31.505894299,43.240608311,3.913416699));
#2417=CARTESIAN_POINT('',(31.419051701,43.231481207,3.926455419));
#2418=CARTESIAN_POINT('',(31.330574545,43.222182311,3.939739555));
#2419=CARTESIAN_POINT('',(31.232936276,43.216464964,3.947907194));
#2420=CARTESIAN_POINT('',(31.150059021,43.21161197,3.954840043));
#2421=CARTESIAN_POINT('',(31.045152549,43.208498222,3.959288255));
#2422=CARTESIAN_POINT('',(30.899870506,43.204186079,3.965448458));
#2423=CARTESIAN_POINT('',(30.668466515,43.202227998,3.968245716));
#2424=CARTESIAN_POINT('',(30.405163908,43.2,3.971428571));
#2425=CARTESIAN_POINT('',(29.914707296,43.2,3.971428571));
#2426=B_SPLINE_CURVE_WITH_KNOTS('',2,(#2409,#2410,#2411,#2412,#2413,#2414,#2415,#2416,#2417,#2418,#2419,#2420,#2421,#2422,#2423,#2424,#2425),.UNSPECIFIED.,.F.,.F.,(3,2,2,2,2,2,2,2,3),(0.,0.25,0.375,0.4375,0.5,0.5625,0.625,0.75,1.),.UNSPECIFIED.);
#2427=EDGE_CURVE('',#2402,#2364,#2426,.T.);
#2428=ORIENTED_EDGE('',*,*,#2427,.T.);
#2429=ORIENTED_EDGE('',*,*,#2369,.F.);
#2430=CARTESIAN_POINT('',(23.143550677,43.491289865,3.555300193));
#2431=VERTEX_POINT('',#2430);
#2432=CARTESIAN_POINT('',(26.085292704,43.2,3.971428571));
#2433=CARTESIAN_POINT('',(25.59539691,43.2,3.971428571));
#2434=CARTESIAN_POINT('',(25.331156148,43.202231188,3.96824116));
#2435=CARTESIAN_POINT('',(25.100718618,43.204176949,3.965461502));
#2436=CARTESIAN_POINT('',(24.954288495,43.208514796,3.959264577));
#2437=CARTESIAN_POINT('',(24.850358934,43.211593606,3.954866277));
#2438=CARTESIAN_POINT('',(24.766372389,43.216505418,3.947849403));
#2439=CARTESIAN_POINT('',(24.669498166,43.222170943,3.939755795));
#2440=CARTESIAN_POINT('',(24.579713473,43.231611012,3.926269983));
#2441=CARTESIAN_POINT('',(24.494112165,43.240611234,3.913412522));
#2442=CARTESIAN_POINT('',(24.396210791,43.255143779,3.892651744));
#2443=CARTESIAN_POINT('',(24.316305793,43.26700493,3.875707243));
#2444=CARTESIAN_POINT('',(24.215039395,43.284552816,3.850638835));
#2445=CARTESIAN_POINT('',(24.07447112,43.308911103,3.815841282));
#2446=CARTESIAN_POINT('',(23.856314242,43.35078411,3.7560227));
#2447=CARTESIAN_POINT('',(23.602352643,43.399529471,3.68638647));
#2448=CARTESIAN_POINT('',(23.143550677,43.491289865,3.555300193));
#2449=B_SPLINE_CURVE_WITH_KNOTS('',2,(#2432,#2433,#2434,#2435,#2436,#2437,#2438,#2439,#2440,#2441,#2442,#2443,#2444,#2445,#2446,#2447,#2448),.UNSPECIFIED.,.F.,.F.,(3,2,2,2,2,2,2,2,3),(0.,0.25,0.375,0.4375,0.5,0.5625,0.625,0.75,1.),.UNSPECIFIED.);
#2450=EDGE_CURVE('',#2362,#2431,#2449,.T.);
#2451=ORIENTED_EDGE('',*,*,#2450,.T.);
#2452=CARTESIAN_POINT('',(23.143550677,43.491289865,3.555300193));
#2453=DIRECTION('',(-0.944223224,0.188844645,-0.269778064));
#2454=VECTOR('',#2453,0.575659085);
#2455=LINE('',#2452,#2454);
#2456=EDGE_CURVE('',#2431,#934,#2455,.T.);
#2457=ORIENTED_EDGE('',*,*,#2456,.T.);
#2458=ORIENTED_EDGE('',*,*,#939,.F.);
#2459=EDGE_LOOP('',(#2408,#2428,#2429,#2451,#2457,#2458));
#2460=FACE_BOUND('',#2459,.T.);
#2461=ADVANCED_FACE('',(#2460),#2400,.F.);
#2462=CARTESIAN_POINT('',(30.7,43.6,5.4));
#2463=DIRECTION('',(0.,0.819231921,-0.573462344));
#2464=DIRECTION('',(1.,-0.,-0.));
#2465=AXIS2_PLACEMENT_3D('',#2462,#2463,#2464);
#2466=PLANE('',#2465);
#2467=ORIENTED_EDGE('',*,*,#2385,.F.);
#2468=CARTESIAN_POINT('',(32.856449323,43.491289865,5.244699807));
#2469=VERTEX_POINT('',#2468);
#2470=CARTESIAN_POINT('',(29.914707296,43.2,4.828571429));
#2471=CARTESIAN_POINT('',(30.40460309,43.2,4.828571429));
#2472=CARTESIAN_POINT('',(30.668843852,43.202231188,4.83175884));
#2473=CARTESIAN_POINT('',(30.899281382,43.204176949,4.834538498));
#2474=CARTESIAN_POINT('',(31.045711505,43.208514796,4.840735423));
#2475=CARTESIAN_POINT('',(31.149641066,43.211593606,4.845133723));
#2476=CARTESIAN_POINT('',(31.233627611,43.216505418,4.852150597));
#2477=CARTESIAN_POINT('',(31.330501834,43.222170943,4.860244205));
#2478=CARTESIAN_POINT('',(31.420286527,43.231611012,4.873730017));
#2479=CARTESIAN_POINT('',(31.505887835,43.240611234,4.886587478));
#2480=CARTESIAN_POINT('',(31.603789209,43.255143779,4.907348256));
#2481=CARTESIAN_POINT('',(31.683694207,43.26700493,4.924292757));
#2482=CARTESIAN_POINT('',(31.784960605,43.284552816,4.949361165));
#2483=CARTESIAN_POINT('',(31.92552888,43.308911103,4.984158718));
#2484=CARTESIAN_POINT('',(32.143685758,43.35078411,5.0439773));
#2485=CARTESIAN_POINT('',(32.397647357,43.399529471,5.11361353));
#2486=CARTESIAN_POINT('',(32.856449323,43.491289865,5.244699807));
#2487=B_SPLINE_CURVE_WITH_KNOTS('',2,(#2470,#2471,#2472,#2473,#2474,#2475,#2476,#2477,#2478,#2479,#2480,#2481,#2482,#2483,#2484,#2485,#2486),.UNSPECIFIED.,.F.,.F.,(3,2,2,2,2,2,2,2,3),(0.,0.25,0.375,0.4375,0.5,0.5625,0.625,0.75,1.),.UNSPECIFIED.);
#2488=EDGE_CURVE('',#2372,#2469,#2487,.T.);
#2489=ORIENTED_EDGE('',*,*,#2488,.T.);
#2490=CARTESIAN_POINT('',(32.856449323,43.491289865,5.244699807));
#2491=DIRECTION('',(0.944223224,0.188844645,0.269778064));
#2492=VECTOR('',#2491,0.575659085);
#2493=LINE('',#2490,#2492);
#2494=EDGE_CURVE('',#2469,#2043,#2493,.T.);
#2495=ORIENTED_EDGE('',*,*,#2494,.T.);
#2496=ORIENTED_EDGE('',*,*,#2048,.F.);
#2497=CARTESIAN_POINT('',(23.143550677,43.491289865,5.244699807));
#2498=VERTEX_POINT('',#2497);
#2499=CARTESIAN_POINT('',(22.6,43.6,5.4));
#2500=DIRECTION('',(0.944223224,-0.188844645,-0.269778064));
#2501=VECTOR('',#2500,0.575659085);
#2502=LINE('',#2499,#2501);
#2503=EDGE_CURVE('',#2035,#2498,#2502,.T.);
#2504=ORIENTED_EDGE('',*,*,#2503,.T.);
#2505=CARTESIAN_POINT('',(23.143550677,43.491289865,5.244699807));
#2506=CARTESIAN_POINT('',(23.601891189,43.399621762,5.113745374));
#2507=CARTESIAN_POINT('',(23.856745104,43.350701407,5.043859153));
#2508=CARTESIAN_POINT('',(24.073987998,43.309000656,4.984286652));
#2509=CARTESIAN_POINT('',(24.21565717,43.284445752,4.949208217));
#2510=CARTESIAN_POINT('',(24.316009551,43.267052108,4.924360154));
#2511=CARTESIAN_POINT('',(24.397012955,43.255024686,4.907178123));
#2512=CARTESIAN_POINT('',(24.494105701,43.240608311,4.886583301));
#2513=CARTESIAN_POINT('',(24.580948299,43.231481207,4.873544581));
#2514=CARTESIAN_POINT('',(24.669425455,43.222182311,4.860260445));
#2515=CARTESIAN_POINT('',(24.767063724,43.216464964,4.852092806));
#2516=CARTESIAN_POINT('',(24.849940979,43.21161197,4.845159957));
#2517=CARTESIAN_POINT('',(24.954847451,43.208498222,4.840711745));
#2518=CARTESIAN_POINT('',(25.100129494,43.204186079,4.834551542));
#2519=CARTESIAN_POINT('',(25.331533485,43.202227998,4.831754284));
#2520=CARTESIAN_POINT('',(25.594836092,43.2,4.828571429));
#2521=CARTESIAN_POINT('',(26.085292704,43.2,4.828571429));
#2522=B_SPLINE_CURVE_WITH_KNOTS('',2,(#2505,#2506,#2507,#2508,#2509,#2510,#2511,#2512,#2513,#2514,#2515,#2516,#2517,#2518,#2519,#2520,#2521),.UNSPECIFIED.,.F.,.F.,(3,2,2,2,2,2,2,2,3),(0.,0.25,0.375,0.4375,0.5,0.5625,0.625,0.75,1.),.UNSPECIFIED.);
#2523=EDGE_CURVE('',#2498,#2380,#2522,.T.);
#2524=ORIENTED_EDGE('',*,*,#2523,.T.);
#2525=EDGE_LOOP('',(#2467,#2489,#2495,#2496,#2504,#2524));
#2526=FACE_BOUND('',#2525,.T.);
#2527=ADVANCED_FACE('',(#2526),#2466,.F.);
#2528=CARTESIAN_POINT('',(33.4,43.6,4.4));
#2529=DIRECTION('',(-0.196116135,0.980580676,0.));
#2530=DIRECTION('',(0.,0.,-1.));
#2531=AXIS2_PLACEMENT_3D('',#2528,#2529,#2530);
#2532=PLANE('',#2531);
#2533=ORIENTED_EDGE('',*,*,#2494,.F.);
#2534=CARTESIAN_POINT('',(32.856449323,43.491289865,5.244699807));
#2535=DIRECTION('',(0.,0.,-1.));
#2536=VECTOR('',#2535,1.689399613);
#2537=LINE('',#2534,#2536);
#2538=EDGE_CURVE('',#2469,#2402,#2537,.T.);
#2539=ORIENTED_EDGE('',*,*,#2538,.T.);
#2540=ORIENTED_EDGE('',*,*,#2407,.F.);
#2541=ORIENTED_EDGE('',*,*,#2054,.F.);
#2542=EDGE_LOOP('',(#2533,#2539,#2540,#2541));
#2543=FACE_BOUND('',#2542,.T.);
#2544=ADVANCED_FACE('',(#2543),#2532,.F.);
#2545=CARTESIAN_POINT('',(22.6,43.6,4.4));
#2546=DIRECTION('',(0.196116135,0.980580676,0.));
#2547=DIRECTION('',(-0.,0.,1.));
#2548=AXIS2_PLACEMENT_3D('',#2545,#2546,#2547);
#2549=PLANE('',#2548);
#2550=ORIENTED_EDGE('',*,*,#2456,.F.);
#2551=CARTESIAN_POINT('',(23.143550677,43.491289865,3.555300193));
#2552=DIRECTION('',(-0.,0.,1.));
#2553=VECTOR('',#2552,1.689399613);
#2554=LINE('',#2551,#2553);
#2555=EDGE_CURVE('',#2431,#2498,#2554,.T.);
#2556=ORIENTED_EDGE('',*,*,#2555,.T.);
#2557=ORIENTED_EDGE('',*,*,#2503,.F.);
#2558=ORIENTED_EDGE('',*,*,#2040,.F.);
#2559=EDGE_LOOP('',(#2550,#2556,#2557,#2558));
#2560=FACE_BOUND('',#2559,.T.);
#2561=ADVANCED_FACE('',(#2560),#2549,.F.);
#2562=CARTESIAN_POINT('',(32.856449323,43.491289865,5.244699807));
#2563=CARTESIAN_POINT('',(32.856449323,43.491289865,4.681566602));
#2564=CARTESIAN_POINT('',(32.856449323,43.491289865,4.118433398));
#2565=CARTESIAN_POINT('',(32.856449323,43.491289865,3.555300193));
#2566=CARTESIAN_POINT('',(31.4,43.2,5.244699807));
#2567=CARTESIAN_POINT('',(31.4,43.2,4.681566602));
#2568=CARTESIAN_POINT('',(31.4,43.2,4.118433398));
#2569=CARTESIAN_POINT('',(31.4,43.2,3.555300193));
#2570=CARTESIAN_POINT('',(29.914707296,43.2,5.244699807));
#2571=CARTESIAN_POINT('',(29.914707296,43.2,4.681566602));
#2572=CARTESIAN_POINT('',(29.914707296,43.2,4.118433398));
#2573=CARTESIAN_POINT('',(29.914707296,43.2,3.555300193));
#2574=(BOUNDED_SURFACE()
B_SPLINE_SURFACE(2,3,((#2562,#2563,#2564,#2565),(#2566,#2567,#2568,#2569),(#2570,#2571,#2572,#2573)),.UNSPECIFIED.,.F.,.F.,.U.)
B_SPLINE_SURFACE_WITH_KNOTS((3,3),(4,4),(0.,1.),(-0.0052447,-0.0035553),.UNSPECIFIED.)
GEOMETRIC_REPRESENTATION_ITEM()
RATIONAL_B_SPLINE_SURFACE(((1.,1.,1.,1.),(3.980533307,3.980533307,3.980533307,3.980533307),(1.,1.,1.,1.)))
REPRESENTATION_ITEM('')
SURFACE()
);
#2575=ORIENTED_EDGE('',*,*,#2427,.F.);
#2576=ORIENTED_EDGE('',*,*,#2538,.F.);
#2577=ORIENTED_EDGE('',*,*,#2488,.F.);
#2578=ORIENTED_EDGE('',*,*,#2377,.F.);
#2579=EDGE_LOOP('',(#2575,#2576,#2577,#2578));
#2580=FACE_BOUND('',#2579,.T.);
#2581=ADVANCED_FACE('',(#2580),#2574,.T.);
#2582=CARTESIAN_POINT('',(23.143550677,43.491289865,3.555300193));
#2583=CARTESIAN_POINT('',(23.143550677,43.491289865,4.118433398));
#2584=CARTESIAN_POINT('',(23.143550677,43.491289865,4.681566602));
#2585=CARTESIAN_POINT('',(23.143550677,43.491289865,5.244699807));
#2586=CARTESIAN_POINT('',(24.6,43.2,3.555300193));
#2587=CARTESIAN_POINT('',(24.6,43.2,4.118433398));
#2588=CARTESIAN_POINT('',(24.6,43.2,4.681566602));
#2589=CARTESIAN_POINT('',(24.6,43.2,5.244699807));
#2590=CARTESIAN_POINT('',(26.085292704,43.2,3.555300193));
#2591=CARTESIAN_POINT('',(26.085292704,43.2,4.118433398));
#2592=CARTESIAN_POINT('',(26.085292704,43.2,4.681566602));
#2593=CARTESIAN_POINT('',(26.085292704,43.2,5.244699807));
#2594=(BOUNDED_SURFACE()
B_SPLINE_SURFACE(2,3,((#2582,#2583,#2584,#2585),(#2586,#2587,#2588,#2589),(#2590,#2591,#2592,#2593)),.UNSPECIFIED.,.F.,.F.,.U.)
B_SPLINE_SURFACE_WITH_KNOTS((3,3),(4,4),(0.,1.),(0.0035553,0.0052447),.UNSPECIFIED.)
GEOMETRIC_REPRESENTATION_ITEM()
RATIONAL_B_SPLINE_SURFACE(((1.,1.,1.,1.),(3.980533307,3.980533307,3.980533307,3.980533307),(1.,1.,1.,1.)))
REPRESENTATION_ITEM('')
SURFACE()
);
#2595=ORIENTED_EDGE('',*,*,#2523,.F.);
#2596=ORIENTED_EDGE('',*,*,#2555,.F.);
#2597=ORIENTED_EDGE('',*,*,#2450,.F.);
#2598=ORIENTED_EDGE('',*,*,#2391,.F.);
#2599=EDGE_LOOP('',(#2595,#2596,#2597,#2598));
#2600=FACE_BOUND('',#2599,.T.);
#2601=ADVANCED_FACE('',(#2600),#2594,.T.);
#2602=CARTESIAN_POINT('',(40.8,56.,0.));
#2603=DIRECTION('',(1.,-0.,0.));
#2604=DIRECTION('',(0.,1.,0.));
#2605=AXIS2_PLACEMENT_3D('',#2602,#2603,#2604);
#2606=PLANE('',#2605);
#2607=CARTESIAN_POINT('',(40.8,54.085292704,3.971428571));
#2608=VERTEX_POINT('',#2607);
#2609=CARTESIAN_POINT('',(40.8,57.914707296,3.971428571));
#2610=VERTEX_POINT('',#2609);
#2611=CARTESIAN_POINT('',(40.8,54.085292704,3.971428571));
#2612=DIRECTION('',(0.,1.,0.));
#2613=VECTOR('',#2612,3.829414592);
#2614=LINE('',#2611,#2613);
#2615=EDGE_CURVE('',#2608,#2610,#2614,.T.);
#2616=ORIENTED_EDGE('',*,*,#2615,.T.);
#2617=CARTESIAN_POINT('',(40.8,57.914707296,4.828571429));
#2618=VERTEX_POINT('',#2617);
#2619=CARTESIAN_POINT('',(40.8,57.914707296,3.971428571));
#2620=DIRECTION('',(0.,0.,1.));
#2621=VECTOR('',#2620,0.857142857);
#2622=LINE('',#2619,#2621);
#2623=EDGE_CURVE('',#2610,#2618,#2622,.T.);
#2624=ORIENTED_EDGE('',*,*,#2623,.T.);
#2625=CARTESIAN_POINT('',(40.8,54.085292704,4.828571429));
#2626=VERTEX_POINT('',#2625);
#2627=CARTESIAN_POINT('',(40.8,57.914707296,4.828571429));
#2628=DIRECTION('',(-0.,-1.,0.));
#2629=VECTOR('',#2628,3.829414592);
#2630=LINE('',#2627,#2629);
#2631=EDGE_CURVE('',#2618,#2626,#2630,.T.);
#2632=ORIENTED_EDGE('',*,*,#2631,.T.);
#2633=CARTESIAN_POINT('',(40.8,54.085292704,4.828571429));
#2634=DIRECTION('',(-0.,-0.,-1.));
#2635=VECTOR('',#2634,0.857142857);
#2636=LINE('',#2633,#2635);
#2637=EDGE_CURVE('',#2626,#2608,#2636,.T.);
#2638=ORIENTED_EDGE('',*,*,#2637,.T.);
#2639=EDGE_LOOP('',(#2616,#2624,#2632,#2638));
#2640=FACE_BOUND('',#2639,.T.);
#2641=ADVANCED_FACE('',(#2640),#2606,.T.);
#2642=CARTESIAN_POINT('',(40.4,53.5,3.4));
#2643=DIRECTION('',(-0.819231921,0.,0.573462344));
#2644=DIRECTION('',(-0.,-1.,-0.));
#2645=AXIS2_PLACEMENT_3D('',#2642,#2643,#2644);
#2646=PLANE('',#2645);
#2647=CARTESIAN_POINT('',(40.508710135,60.856449323,3.555300193));
#2648=VERTEX_POINT('',#2647);
#2649=CARTESIAN_POINT('',(40.4,61.4,3.4));
#2650=DIRECTION('',(0.188844645,-0.944223224,0.269778064));
#2651=VECTOR('',#2650,0.575659085);
#2652=LINE('',#2649,#2651);
#2653=EDGE_CURVE('',#741,#2648,#2652,.T.);
#2654=ORIENTED_EDGE('',*,*,#2653,.T.);
#2655=CARTESIAN_POINT('',(40.508710135,60.856449323,3.555300193));
#2656=CARTESIAN_POINT('',(40.600378238,60.398108811,3.686254626));
#2657=CARTESIAN_POINT('',(40.649298593,60.143254896,3.756140847));
#2658=CARTESIAN_POINT('',(40.690999344,59.926012002,3.815713348));
#2659=CARTESIAN_POINT('',(40.715554248,59.78434283,3.850791783));
#2660=CARTESIAN_POINT('',(40.732947892,59.683990449,3.875639846));
#2661=CARTESIAN_POINT('',(40.744975314,59.602987045,3.892821877));
#2662=CARTESIAN_POINT('',(40.759391689,59.505894299,3.913416699));
#2663=CARTESIAN_POINT('',(40.768518793,59.419051701,3.926455419));
#2664=CARTESIAN_POINT('',(40.777817689,59.330574545,3.939739555));
#2665=CARTESIAN_POINT('',(40.783535036,59.232936276,3.947907194));
#2666=CARTESIAN_POINT('',(40.78838803,59.150059021,3.954840043));
#2667=CARTESIAN_POINT('',(40.791501778,59.045152549,3.959288255));
#2668=CARTESIAN_POINT('',(40.795813921,58.899870506,3.965448458));
#2669=CARTESIAN_POINT('',(40.797772002,58.668466515,3.968245716));
#2670=CARTESIAN_POINT('',(40.8,58.405163908,3.971428571));
#2671=CARTESIAN_POINT('',(40.8,57.914707296,3.971428571));
#2672=B_SPLINE_CURVE_WITH_KNOTS('',2,(#2655,#2656,#2657,#2658,#2659,#2660,#2661,#2662,#2663,#2664,#2665,#2666,#2667,#2668,#2669,#2670,#2671),.UNSPECIFIED.,.F.,.F.,(3,2,2,2,2,2,2,2,3),(0.,0.25,0.375,0.4375,0.5,0.5625,0.625,0.75,1.),.UNSPECIFIED.);
#2673=EDGE_CURVE('',#2648,#2610,#2672,.T.);
#2674=ORIENTED_EDGE('',*,*,#2673,.T.);
#2675=ORIENTED_EDGE('',*,*,#2615,.F.);
#2676=CARTESIAN_POINT('',(40.508710135,51.143550677,3.555300193));
#2677=VERTEX_POINT('',#2676);
#2678=CARTESIAN_POINT('',(40.8,54.085292704,3.971428571));
#2679=CARTESIAN_POINT('',(40.8,53.59539691,3.971428571));
#2680=CARTESIAN_POINT('',(40.797768812,53.331156148,3.96824116));
#2681=CARTESIAN_POINT('',(40.795823051,53.100718618,3.965461502));
#2682=CARTESIAN_POINT('',(40.791485204,52.954288495,3.959264577));
#2683=CARTESIAN_POINT('',(40.788406394,52.850358934,3.954866277));
#2684=CARTESIAN_POINT('',(40.783494582,52.766372389,3.947849403));
#2685=CARTESIAN_POINT('',(40.777829057,52.669498166,3.939755795));
#2686=CARTESIAN_POINT('',(40.768388988,52.579713473,3.926269983));
#2687=CARTESIAN_POINT('',(40.759388766,52.494112165,3.913412522));
#2688=CARTESIAN_POINT('',(40.744856221,52.396210791,3.892651744));
#2689=CARTESIAN_POINT('',(40.73299507,52.316305793,3.875707243));
#2690=CARTESIAN_POINT('',(40.715447184,52.215039395,3.850638835));
#2691=CARTESIAN_POINT('',(40.691088897,52.07447112,3.815841282));
#2692=CARTESIAN_POINT('',(40.64921589,51.856314242,3.7560227));
#2693=CARTESIAN_POINT('',(40.600470529,51.602352643,3.68638647));
#2694=CARTESIAN_POINT('',(40.508710135,51.143550677,3.555300193));
#2695=B_SPLINE_CURVE_WITH_KNOTS('',2,(#2678,#2679,#2680,#2681,#2682,#2683,#2684,#2685,#2686,#2687,#2688,#2689,#2690,#2691,#2692,#2693,#2694),.UNSPECIFIED.,.F.,.F.,(3,2,2,2,2,2,2,2,3),(0.,0.25,0.375,0.4375,0.5,0.5625,0.625,0.75,1.),.UNSPECIFIED.);
#2696=EDGE_CURVE('',#2608,#2677,#2695,.T.);
#2697=ORIENTED_EDGE('',*,*,#2696,.T.);
#2698=CARTESIAN_POINT('',(40.508710135,51.143550677,3.555300193));
#2699=DIRECTION('',(-0.188844645,-0.944223224,-0.269778064));
#2700=VECTOR('',#2699,0.575659085);
#2701=LINE('',#2698,#2700);
#2702=EDGE_CURVE('',#2677,#749,#2701,.T.);
#2703=ORIENTED_EDGE('',*,*,#2702,.T.);
#2704=ORIENTED_EDGE('',*,*,#754,.F.);
#2705=EDGE_LOOP('',(#2654,#2674,#2675,#2697,#2703,#2704));
#2706=FACE_BOUND('',#2705,.T.);
#2707=ADVANCED_FACE('',(#2706),#2646,.F.);
#2708=CARTESIAN_POINT('',(40.4,58.7,5.4));
#2709=DIRECTION('',(-0.819231921,0.,-0.573462344));
#2710=DIRECTION('',(0.,1.,0.));
#2711=AXIS2_PLACEMENT_3D('',#2708,#2709,#2710);
#2712=PLANE('',#2711);
#2713=ORIENTED_EDGE('',*,*,#2631,.F.);
#2714=CARTESIAN_POINT('',(40.508710135,60.856449323,5.244699807));
#2715=VERTEX_POINT('',#2714);
#2716=CARTESIAN_POINT('',(40.8,57.914707296,4.828571429));
#2717=CARTESIAN_POINT('',(40.8,58.40460309,4.828571429));
#2718=CARTESIAN_POINT('',(40.797768812,58.668843852,4.83175884));
#2719=CARTESIAN_POINT('',(40.795823051,58.899281382,4.834538498));
#2720=CARTESIAN_POINT('',(40.791485204,59.045711505,4.840735423));
#2721=CARTESIAN_POINT('',(40.788406394,59.149641066,4.845133723));
#2722=CARTESIAN_POINT('',(40.783494582,59.233627611,4.852150597));
#2723=CARTESIAN_POINT('',(40.777829057,59.330501834,4.860244205));
#2724=CARTESIAN_POINT('',(40.768388988,59.420286527,4.873730017));
#2725=CARTESIAN_POINT('',(40.759388766,59.505887835,4.886587478));
#2726=CARTESIAN_POINT('',(40.744856221,59.603789209,4.907348256));
#2727=CARTESIAN_POINT('',(40.73299507,59.683694207,4.924292757));
#2728=CARTESIAN_POINT('',(40.715447184,59.784960605,4.949361165));
#2729=CARTESIAN_POINT('',(40.691088897,59.92552888,4.984158718));
#2730=CARTESIAN_POINT('',(40.64921589,60.143685758,5.0439773));
#2731=CARTESIAN_POINT('',(40.600470529,60.397647357,5.11361353));
#2732=CARTESIAN_POINT('',(40.508710135,60.856449323,5.244699807));
#2733=B_SPLINE_CURVE_WITH_KNOTS('',2,(#2716,#2717,#2718,#2719,#2720,#2721,#2722,#2723,#2724,#2725,#2726,#2727,#2728,#2729,#2730,#2731,#2732),.UNSPECIFIED.,.F.,.F.,(3,2,2,2,2,2,2,2,3),(0.,0.25,0.375,0.4375,0.5,0.5625,0.625,0.75,1.),.UNSPECIFIED.);
#2734=EDGE_CURVE('',#2618,#2715,#2733,.T.);
#2735=ORIENTED_EDGE('',*,*,#2734,.T.);
#2736=CARTESIAN_POINT('',(40.508710135,60.856449323,5.244699807));
#2737=DIRECTION('',(-0.188844645,0.944223224,0.269778064));
#2738=VECTOR('',#2737,0.575659085);
#2739=LINE('',#2736,#2738);
#2740=EDGE_CURVE('',#2715,#739,#2739,.T.);
#2741=ORIENTED_EDGE('',*,*,#2740,.T.);
#2742=ORIENTED_EDGE('',*,*,#768,.F.);
#2743=CARTESIAN_POINT('',(40.508710135,51.143550677,5.244699807));
#2744=VERTEX_POINT('',#2743);
#2745=CARTESIAN_POINT('',(40.4,50.6,5.4));
#2746=DIRECTION('',(0.188844645,0.944223224,-0.269778064));
#2747=VECTOR('',#2746,0.575659085);
#2748=LINE('',#2745,#2747);
#2749=EDGE_CURVE('',#757,#2744,#2748,.T.);
#2750=ORIENTED_EDGE('',*,*,#2749,.T.);
#2751=CARTESIAN_POINT('',(40.508710135,51.143550677,5.244699807));
#2752=CARTESIAN_POINT('',(40.600378238,51.601891189,5.113745374));
#2753=CARTESIAN_POINT('',(40.649298593,51.856745104,5.043859153));
#2754=CARTESIAN_POINT('',(40.690999344,52.073987998,4.984286652));
#2755=CARTESIAN_POINT('',(40.715554248,52.21565717,4.949208217));
#2756=CARTESIAN_POINT('',(40.732947892,52.316009551,4.924360154));
#2757=CARTESIAN_POINT('',(40.744975314,52.397012955,4.907178123));
#2758=CARTESIAN_POINT('',(40.759391689,52.494105701,4.886583301));
#2759=CARTESIAN_POINT('',(40.768518793,52.580948299,4.873544581));
#2760=CARTESIAN_POINT('',(40.777817689,52.669425455,4.860260445));
#2761=CARTESIAN_POINT('',(40.783535036,52.767063724,4.852092806));
#2762=CARTESIAN_POINT('',(40.78838803,52.849940979,4.845159957));
#2763=CARTESIAN_POINT('',(40.791501778,52.954847451,4.840711745));
#2764=CARTESIAN_POINT('',(40.795813921,53.100129494,4.834551542));
#2765=CARTESIAN_POINT('',(40.797772002,53.331533485,4.831754284));
#2766=CARTESIAN_POINT('',(40.8,53.594836092,4.828571429));
#2767=CARTESIAN_POINT('',(40.8,54.085292704,4.828571429));
#2768=B_SPLINE_CURVE_WITH_KNOTS('',2,(#2751,#2752,#2753,#2754,#2755,#2756,#2757,#2758,#2759,#2760,#2761,#2762,#2763,#2764,#2765,#2766,#2767),.UNSPECIFIED.,.F.,.F.,(3,2,2,2,2,2,2,2,3),(0.,0.25,0.375,0.4375,0.5,0.5625,0.625,0.75,1.),.UNSPECIFIED.);
#2769=EDGE_CURVE('',#2744,#2626,#2768,.T.);
#2770=ORIENTED_EDGE('',*,*,#2769,.T.);
#2771=EDGE_LOOP('',(#2713,#2735,#2741,#2742,#2750,#2770));
#2772=FACE_BOUND('',#2771,.T.);
#2773=ADVANCED_FACE('',(#2772),#2712,.F.);
#2774=CARTESIAN_POINT('',(40.4,61.4,4.4));
#2775=DIRECTION('',(-0.980580676,-0.196116135,0.));
#2776=DIRECTION('',(0.,0.,-1.));
#2777=AXIS2_PLACEMENT_3D('',#2774,#2775,#2776);
#2778=PLANE('',#2777);
#2779=ORIENTED_EDGE('',*,*,#2740,.F.);
#2780=CARTESIAN_POINT('',(40.508710135,60.856449323,5.244699807));
#2781=DIRECTION('',(0.,0.,-1.));
#2782=VECTOR('',#2781,1.689399613);
#2783=LINE('',#2780,#2782);
#2784=EDGE_CURVE('',#2715,#2648,#2783,.T.);
#2785=ORIENTED_EDGE('',*,*,#2784,.T.);
#2786=ORIENTED_EDGE('',*,*,#2653,.F.);
#2787=ORIENTED_EDGE('',*,*,#746,.F.);
#2788=EDGE_LOOP('',(#2779,#2785,#2786,#2787));
#2789=FACE_BOUND('',#2788,.T.);
#2790=ADVANCED_FACE('',(#2789),#2778,.F.);
#2791=CARTESIAN_POINT('',(40.4,50.6,4.4));
#2792=DIRECTION('',(-0.980580676,0.196116135,0.));
#2793=DIRECTION('',(-0.,-0.,1.));
#2794=AXIS2_PLACEMENT_3D('',#2791,#2792,#2793);
#2795=PLANE('',#2794);
#2796=ORIENTED_EDGE('',*,*,#2702,.F.);
#2797=CARTESIAN_POINT('',(40.508710135,51.143550677,3.555300193));
#2798=DIRECTION('',(-0.,-0.,1.));
#2799=VECTOR('',#2798,1.689399613);
#2800=LINE('',#2797,#2799);
#2801=EDGE_CURVE('',#2677,#2744,#2800,.T.);
#2802=ORIENTED_EDGE('',*,*,#2801,.T.);
#2803=ORIENTED_EDGE('',*,*,#2749,.F.);
#2804=ORIENTED_EDGE('',*,*,#762,.F.);
#2805=EDGE_LOOP('',(#2796,#2802,#2803,#2804));
#2806=FACE_BOUND('',#2805,.T.);
#2807=ADVANCED_FACE('',(#2806),#2795,.F.);
#2808=CARTESIAN_POINT('',(40.508710135,60.856449323,5.244699807));
#2809=CARTESIAN_POINT('',(40.508710135,60.856449323,4.681566602));
#2810=CARTESIAN_POINT('',(40.508710135,60.856449323,4.118433398));
#2811=CARTESIAN_POINT('',(40.508710135,60.856449323,3.555300193));
#2812=CARTESIAN_POINT('',(40.8,59.4,5.244699807));
#2813=CARTESIAN_POINT('',(40.8,59.4,4.681566602));
#2814=CARTESIAN_POINT('',(40.8,59.4,4.118433398));
#2815=CARTESIAN_POINT('',(40.8,59.4,3.555300193));
#2816=CARTESIAN_POINT('',(40.8,57.914707296,5.244699807));
#2817=CARTESIAN_POINT('',(40.8,57.914707296,4.681566602));
#2818=CARTESIAN_POINT('',(40.8,57.914707296,4.118433398));
#2819=CARTESIAN_POINT('',(40.8,57.914707296,3.555300193));
#2820=(BOUNDED_SURFACE()
B_SPLINE_SURFACE(2,3,((#2808,#2809,#2810,#2811),(#2812,#2813,#2814,#2815),(#2816,#2817,#2818,#2819)),.UNSPECIFIED.,.F.,.F.,.U.)
B_SPLINE_SURFACE_WITH_KNOTS((3,3),(4,4),(0.,1.),(-0.0052447,-0.0035553),.UNSPECIFIED.)
GEOMETRIC_REPRESENTATION_ITEM()
RATIONAL_B_SPLINE_SURFACE(((1.,1.,1.,1.),(3.980533307,3.980533307,3.980533307,3.980533307),(1.,1.,1.,1.)))
REPRESENTATION_ITEM('')
SURFACE()
);
#2821=ORIENTED_EDGE('',*,*,#2673,.F.);
#2822=ORIENTED_EDGE('',*,*,#2784,.F.);
#2823=ORIENTED_EDGE('',*,*,#2734,.F.);
#2824=ORIENTED_EDGE('',*,*,#2623,.F.);
#2825=EDGE_LOOP('',(#2821,#2822,#2823,#2824));
#2826=FACE_BOUND('',#2825,.T.);
#2827=ADVANCED_FACE('',(#2826),#2820,.T.);
#2828=CARTESIAN_POINT('',(40.508710135,51.143550677,3.555300193));
#2829=CARTESIAN_POINT('',(40.508710135,51.143550677,4.118433398));
#2830=CARTESIAN_POINT('',(40.508710135,51.143550677,4.681566602));
#2831=CARTESIAN_POINT('',(40.508710135,51.143550677,5.244699807));
#2832=CARTESIAN_POINT('',(40.8,52.6,3.555300193));
#2833=CARTESIAN_POINT('',(40.8,52.6,4.118433398));
#2834=CARTESIAN_POINT('',(40.8,52.6,4.681566602));
#2835=CARTESIAN_POINT('',(40.8,52.6,5.244699807));
#2836=CARTESIAN_POINT('',(40.8,54.085292704,3.555300193));
#2837=CARTESIAN_POINT('',(40.8,54.085292704,4.118433398));
#2838=CARTESIAN_POINT('',(40.8,54.085292704,4.681566602));
#2839=CARTESIAN_POINT('',(40.8,54.085292704,5.244699807));
#2840=(BOUNDED_SURFACE()
B_SPLINE_SURFACE(2,3,((#2828,#2829,#2830,#2831),(#2832,#2833,#2834,#2835),(#2836,#2837,#2838,#2839)),.UNSPECIFIED.,.F.,.F.,.U.)
B_SPLINE_SURFACE_WITH_KNOTS((3,3),(4,4),(0.,1.),(0.0035553,0.0052447),.UNSPECIFIED.)
GEOMETRIC_REPRESENTATION_ITEM()
RATIONAL_B_SPLINE_SURFACE(((1.,1.,1.,1.),(3.980533307,3.980533307,3.980533307,3.980533307),(1.,1.,1.,1.)))
REPRESENTATION_ITEM('')
SURFACE()
);
#2841=ORIENTED_EDGE('',*,*,#2769,.F.);
#2842=ORIENTED_EDGE('',*,*,#2801,.F.);
#2843=ORIENTED_EDGE('',*,*,#2696,.F.);
#2844=ORIENTED_EDGE('',*,*,#2637,.F.);
#2845=EDGE_LOOP('',(#2841,#2842,#2843,#2844));
#2846=FACE_BOUND('',#2845,.T.);
#2847=ADVANCED_FACE('',(#2846),#2840,.T.);
#2848=CARTESIAN_POINT('',(38.76862915,45.23137085,-0.));
#2849=DIRECTION('',(0.707106781,-0.707106781,0.));
#2850=DIRECTION('',(0.707106781,0.707106781,0.));
#2851=AXIS2_PLACEMENT_3D('',#2848,#2849,#2850);
#2852=PLANE('',#2851);
#2853=ORIENTED_EDGE('',*,*,#2077,.F.);
#2854=CARTESIAN_POINT('',(37.1372583,43.6,6.4));
#2855=DIRECTION('',(0.707106781,0.707106781,0.));
#2856=VECTOR('',#2855,4.614213562);
#2857=LINE('',#2854,#2856);
#2858=EDGE_CURVE('',#2066,#798,#2857,.T.);
#2859=ORIENTED_EDGE('',*,*,#2858,.T.);
#2860=ORIENTED_EDGE('',*,*,#803,.T.);
#2861=ORIENTED_EDGE('',*,*,#1992,.F.);
#2862=EDGE_LOOP('',(#2853,#2859,#2860,#2861));
#2863=FACE_BOUND('',#2862,.T.);
#2864=ADVANCED_FACE('',(#2863),#2852,.T.);
#2865=CARTESIAN_POINT('',(37.990811691,46.009188309,5.3));
#2866=DIRECTION('',(-0.5,0.5,0.707106781));
#2867=DIRECTION('',(-0.707106781,-0.707106781,-0.));
#2868=AXIS2_PLACEMENT_3D('',#2865,#2866,#2867);
#2869=PLANE('',#2868);
#2870=ORIENTED_EDGE('',*,*,#811,.F.);
#2871=ORIENTED_EDGE('',*,*,#2858,.F.);
#2872=ORIENTED_EDGE('',*,*,#2071,.F.);
#2873=CARTESIAN_POINT('',(40.4,48.418376618,5.3));
#2874=DIRECTION('',(-0.707106781,-0.707106781,-0.));
#2875=VECTOR('',#2874,6.814213562);
#2876=LINE('',#2873,#2875);
#2877=EDGE_CURVE('',#806,#2058,#2876,.T.);
#2878=ORIENTED_EDGE('',*,*,#2877,.F.);
#2879=EDGE_LOOP('',(#2870,#2871,#2872,#2878));
#2880=FACE_BOUND('',#2879,.T.);
#2881=ADVANCED_FACE('',(#2880),#2869,.F.);
#2882=CARTESIAN_POINT('',(37.990811691,46.009188309,6.8));
#2883=DIRECTION('',(-0.707106781,0.707106781,0.));
#2884=DIRECTION('',(-0.707106781,-0.707106781,0.));
#2885=AXIS2_PLACEMENT_3D('',#2882,#2883,#2884);
#2886=PLANE('',#2885);
#2887=ORIENTED_EDGE('',*,*,#819,.F.);
#2888=ORIENTED_EDGE('',*,*,#2877,.T.);
#2889=ORIENTED_EDGE('',*,*,#2063,.T.);
#2890=ORIENTED_EDGE('',*,*,#900,.F.);
#2891=EDGE_LOOP('',(#2887,#2888,#2889,#2890));
#2892=FACE_BOUND('',#2891,.T.);
#2893=ADVANCED_FACE('',(#2892),#2886,.F.);
#2894=CARTESIAN_POINT('',(38.76862915,66.76862915,-0.));
#2895=DIRECTION('',(0.707106781,0.707106781,0.));
#2896=DIRECTION('',(-0.707106781,0.707106781,0.));
#2897=AXIS2_PLACEMENT_3D('',#2894,#2895,#2896);
#2898=PLANE('',#2897);
#2899=ORIENTED_EDGE('',*,*,#787,.F.);
#2900=CARTESIAN_POINT('',(40.4,65.1372583,6.4));
#2901=DIRECTION('',(-0.707106781,0.707106781,0.));
#2902=VECTOR('',#2901,4.614213562);
#2903=LINE('',#2900,#2902);
#2904=EDGE_CURVE('',#774,#638,#2903,.T.);
#2905=ORIENTED_EDGE('',*,*,#2904,.T.);
#2906=ORIENTED_EDGE('',*,*,#643,.T.);
#2907=ORIENTED_EDGE('',*,*,#1999,.F.);
#2908=EDGE_LOOP('',(#2899,#2905,#2906,#2907));
#2909=FACE_BOUND('',#2908,.T.);
#2910=ADVANCED_FACE('',(#2909),#2898,.T.);
#2911=CARTESIAN_POINT('',(37.990811691,65.990811691,5.3));
#2912=DIRECTION('',(-0.5,-0.5,0.707106781));
#2913=DIRECTION('',(0.707106781,-0.707106781,-0.));
#2914=AXIS2_PLACEMENT_3D('',#2911,#2912,#2913);
#2915=PLANE('',#2914);
#2916=ORIENTED_EDGE('',*,*,#651,.F.);
#2917=ORIENTED_EDGE('',*,*,#2904,.F.);
#2918=ORIENTED_EDGE('',*,*,#779,.F.);
#2919=ORIENTED_EDGE('',*,*,#728,.F.);
#2920=EDGE_LOOP('',(#2916,#2917,#2918,#2919));
#2921=FACE_BOUND('',#2920,.T.);
#2922=ADVANCED_FACE('',(#2921),#2915,.F.);
#2923=CARTESIAN_POINT('',(17.23137085,66.76862915,-0.));
#2924=DIRECTION('',(-0.707106781,0.707106781,0.));
#2925=DIRECTION('',(-0.707106781,-0.707106781,0.));
#2926=AXIS2_PLACEMENT_3D('',#2923,#2924,#2925);
#2927=PLANE('',#2926);
#2928=ORIENTED_EDGE('',*,*,#627,.F.);
#2929=CARTESIAN_POINT('',(18.8627417,68.4,6.4));
#2930=DIRECTION('',(-0.707106781,-0.707106781,0.));
#2931=VECTOR('',#2930,4.614213562);
#2932=LINE('',#2929,#2931);
#2933=EDGE_CURVE('',#614,#444,#2932,.T.);
#2934=ORIENTED_EDGE('',*,*,#2933,.T.);
#2935=ORIENTED_EDGE('',*,*,#449,.T.);
#2936=ORIENTED_EDGE('',*,*,#2006,.F.);
#2937=EDGE_LOOP('',(#2928,#2934,#2935,#2936));
#2938=FACE_BOUND('',#2937,.T.);
#2939=ADVANCED_FACE('',(#2938),#2927,.T.);
#2940=CARTESIAN_POINT('',(18.009188309,65.990811691,5.3));
#2941=DIRECTION('',(0.5,-0.5,0.707106781));
#2942=DIRECTION('',(0.707106781,0.707106781,-0.));
#2943=AXIS2_PLACEMENT_3D('',#2940,#2941,#2942);
#2944=PLANE('',#2943);
#2945=ORIENTED_EDGE('',*,*,#457,.F.);
#2946=ORIENTED_EDGE('',*,*,#2933,.F.);
#2947=ORIENTED_EDGE('',*,*,#619,.F.);
#2948=ORIENTED_EDGE('',*,*,#552,.F.);
#2949=EDGE_LOOP('',(#2945,#2946,#2947,#2948));
#2950=FACE_BOUND('',#2949,.T.);
#2951=ADVANCED_FACE('',(#2950),#2944,.F.);
#2952=CARTESIAN_POINT('',(28.,44.3,6.2));
#2953=DIRECTION('',(-0.,-1.,0.));
#2954=DIRECTION('',(1.,-0.,0.));
#2955=AXIS2_PLACEMENT_3D('',#2952,#2953,#2954);
#2956=PLANE('',#2955);
#2957=ORIENTED_EDGE('',*,*,#1604,.F.);
#2958=CARTESIAN_POINT('',(22.1,44.3,5.6));
#2959=VERTEX_POINT('',#2958);
#2960=CARTESIAN_POINT('',(22.1,44.3,3.4));
#2961=DIRECTION('',(-0.,-0.,1.));
#2962=VECTOR('',#2961,2.2);
#2963=LINE('',#2960,#2962);
#2964=EDGE_CURVE('',#1559,#2959,#2963,.T.);
#2965=ORIENTED_EDGE('',*,*,#2964,.T.);
#2966=CARTESIAN_POINT('',(33.9,44.3,5.6));
#2967=VERTEX_POINT('',#2966);
#2968=CARTESIAN_POINT('',(22.1,44.3,5.6));
#2969=DIRECTION('',(1.,-0.,0.));
#2970=VECTOR('',#2969,11.8);
#2971=LINE('',#2968,#2970);
#2972=EDGE_CURVE('',#2959,#2967,#2971,.T.);
#2973=ORIENTED_EDGE('',*,*,#2972,.T.);
#2974=CARTESIAN_POINT('',(33.9,44.3,5.6));
#2975=DIRECTION('',(0.,0.,-1.));
#2976=VECTOR('',#2975,2.2);
#2977=LINE('',#2974,#2976);
#2978=EDGE_CURVE('',#2967,#1445,#2977,.T.);
#2979=ORIENTED_EDGE('',*,*,#2978,.T.);
#2980=EDGE_LOOP('',(#2957,#2965,#2973,#2979));
#2981=FACE_BOUND('',#2980,.T.);
#2982=ADVANCED_FACE('',(#2981),#2956,.F.);
#2983=CARTESIAN_POINT('',(28.,44.9,6.2));
#2984=DIRECTION('',(0.,-1.,0.));
#2985=DIRECTION('',(0.,0.,-1.));
#2986=AXIS2_PLACEMENT_3D('',#2983,#2984,#2985);
#2987=PLANE('',#2986);
#2988=CARTESIAN_POINT('',(22.1,44.9,6.2));
#2989=VERTEX_POINT('',#2988);
#2990=CARTESIAN_POINT('',(22.1,44.9,6.2));
#2991=DIRECTION('',(0.,0.,-1.));
#2992=VECTOR('',#2991,2.8);
#2993=LINE('',#2990,#2992);
#2994=EDGE_CURVE('',#2989,#1518,#2993,.T.);
#2995=ORIENTED_EDGE('',*,*,#2994,.T.);
#2996=ORIENTED_EDGE('',*,*,#1586,.T.);
#2997=CARTESIAN_POINT('',(33.9,44.9,6.2));
#2998=VERTEX_POINT('',#2997);
#2999=CARTESIAN_POINT('',(33.9,44.9,3.4));
#3000=DIRECTION('',(-0.,-0.,1.));
#3001=VECTOR('',#3000,2.8);
#3002=LINE('',#2999,#3001);
#3003=EDGE_CURVE('',#1486,#2998,#3002,.T.);
#3004=ORIENTED_EDGE('',*,*,#3003,.T.);
#3005=CARTESIAN_POINT('',(33.9,44.9,6.2));
#3006=DIRECTION('',(-1.,0.,0.));
#3007=VECTOR('',#3006,11.8);
#3008=LINE('',#3005,#3007);
#3009=EDGE_CURVE('',#2998,#2989,#3008,.T.);
#3010=ORIENTED_EDGE('',*,*,#3009,.T.);
#3011=EDGE_LOOP('',(#2995,#2996,#3004,#3010));
#3012=FACE_BOUND('',#3011,.T.);
#3013=ADVANCED_FACE('',(#3012),#2987,.T.);
#3014=CARTESIAN_POINT('',(22.1,44.6,6.2));
#3015=DIRECTION('',(0.,0.,1.));
#3016=DIRECTION('',(1.,0.,-0.));
#3017=AXIS2_PLACEMENT_3D('',#3014,#3015,#3016);
#3018=CYLINDRICAL_SURFACE('',#3017,0.3);
#3019=ORIENTED_EDGE('',*,*,#1565,.F.);
#3020=CARTESIAN_POINT('',(21.8,44.6,6.2));
#3021=VERTEX_POINT('',#3020);
#3022=CARTESIAN_POINT('',(21.8,44.6,6.2));
#3023=DIRECTION('',(0.,0.,-1.));
#3024=VECTOR('',#3023,2.8);
#3025=LINE('',#3022,#3024);
#3026=EDGE_CURVE('',#3021,#1526,#3025,.T.);
#3027=ORIENTED_EDGE('',*,*,#3026,.F.);
#3028=CARTESIAN_POINT('',(22.1,44.3,6.2));
#3029=VERTEX_POINT('',#3028);
#3030=CARTESIAN_POINT('',(22.1,44.6,6.2));
#3031=DIRECTION('',(0.,0.,-1.));
#3032=DIRECTION('',(-1.,0.,0.));
#3033=AXIS2_PLACEMENT_3D('',#3030,#3031,#3032);
#3034=CIRCLE('',#3033,0.3);
#3035=EDGE_CURVE('',#3029,#3021,#3034,.T.);
#3036=ORIENTED_EDGE('',*,*,#3035,.F.);
#3037=CARTESIAN_POINT('',(22.1,44.3,6.));
#3038=VERTEX_POINT('',#3037);
#3039=CARTESIAN_POINT('',(22.1,44.3,6.));
#3040=DIRECTION('',(-0.,-0.,1.));
#3041=VECTOR('',#3040,0.2);
#3042=LINE('',#3039,#3041);
#3043=EDGE_CURVE('',#3038,#3029,#3042,.T.);
#3044=ORIENTED_EDGE('',*,*,#3043,.F.);
#3045=CARTESIAN_POINT('',(22.,44.317157288,6.));
#3046=VERTEX_POINT('',#3045);
#3047=CARTESIAN_POINT('',(22.1,44.6,6.));
#3048=DIRECTION('',(-0.,-0.,-1.));
#3049=DIRECTION('',(1.,0.,-0.));
#3050=AXIS2_PLACEMENT_3D('',#3047,#3048,#3049);
#3051=CIRCLE('',#3050,0.3);
#3052=EDGE_CURVE('',#3038,#3046,#3051,.T.);
#3053=ORIENTED_EDGE('',*,*,#3052,.T.);
#3054=CARTESIAN_POINT('',(22.,44.317157288,5.6));
#3055=VERTEX_POINT('',#3054);
#3056=CARTESIAN_POINT('',(22.,44.317157288,6.));
#3057=DIRECTION('',(-0.,-0.,-1.));
#3058=VECTOR('',#3057,0.4);
#3059=LINE('',#3056,#3058);
#3060=EDGE_CURVE('',#3046,#3055,#3059,.T.);
#3061=ORIENTED_EDGE('',*,*,#3060,.T.);
#3062=CARTESIAN_POINT('',(22.1,44.6,5.6));
#3063=DIRECTION('',(-0.,-0.,1.));
#3064=DIRECTION('',(-1.,0.,0.));
#3065=AXIS2_PLACEMENT_3D('',#3062,#3063,#3064);
#3066=CIRCLE('',#3065,0.3);
#3067=EDGE_CURVE('',#3055,#2959,#3066,.T.);
#3068=ORIENTED_EDGE('',*,*,#3067,.T.);
#3069=ORIENTED_EDGE('',*,*,#2964,.F.);
#3070=EDGE_LOOP('',(#3019,#3027,#3036,#3044,#3053,#3061,#3068,#3069));
#3071=FACE_BOUND('',#3070,.T.);
#3072=ADVANCED_FACE('',(#3071),#3018,.F.);
#3073=CARTESIAN_POINT('',(22.1,44.6,6.2));
#3074=DIRECTION('',(0.,0.,-1.));
#3075=DIRECTION('',(-1.,0.,0.));
#3076=AXIS2_PLACEMENT_3D('',#3073,#3074,#3075);
#3077=CYLINDRICAL_SURFACE('',#3076,0.3);
#3078=ORIENTED_EDGE('',*,*,#1532,.F.);
#3079=ORIENTED_EDGE('',*,*,#2994,.F.);
#3080=CARTESIAN_POINT('',(22.1,44.6,6.2));
#3081=DIRECTION('',(0.,0.,-1.));
#3082=DIRECTION('',(-1.,0.,0.));
#3083=AXIS2_PLACEMENT_3D('',#3080,#3081,#3082);
#3084=CIRCLE('',#3083,0.3);
#3085=EDGE_CURVE('',#3021,#2989,#3084,.T.);
#3086=ORIENTED_EDGE('',*,*,#3085,.F.);
#3087=ORIENTED_EDGE('',*,*,#3026,.T.);
#3088=EDGE_LOOP('',(#3078,#3079,#3086,#3087));
#3089=FACE_BOUND('',#3088,.T.);
#3090=ADVANCED_FACE('',(#3089),#3077,.F.);
#3091=CARTESIAN_POINT('',(33.9,44.6,6.2));
#3092=DIRECTION('',(0.,0.,-1.));
#3093=DIRECTION('',(-1.,0.,0.));
#3094=AXIS2_PLACEMENT_3D('',#3091,#3092,#3093);
#3095=CYLINDRICAL_SURFACE('',#3094,0.3);
#3096=ORIENTED_EDGE('',*,*,#1492,.F.);
#3097=CARTESIAN_POINT('',(34.2,44.6,6.2));
#3098=VERTEX_POINT('',#3097);
#3099=CARTESIAN_POINT('',(34.2,44.6,6.2));
#3100=DIRECTION('',(0.,0.,-1.));
#3101=VECTOR('',#3100,2.8);
#3102=LINE('',#3099,#3101);
#3103=EDGE_CURVE('',#3098,#1453,#3102,.T.);
#3104=ORIENTED_EDGE('',*,*,#3103,.F.);
#3105=CARTESIAN_POINT('',(33.9,44.6,6.2));
#3106=DIRECTION('',(0.,0.,-1.));
#3107=DIRECTION('',(-1.,0.,0.));
#3108=AXIS2_PLACEMENT_3D('',#3105,#3106,#3107);
#3109=CIRCLE('',#3108,0.3);
#3110=EDGE_CURVE('',#2998,#3098,#3109,.T.);
#3111=ORIENTED_EDGE('',*,*,#3110,.F.);
#3112=ORIENTED_EDGE('',*,*,#3003,.F.);
#3113=EDGE_LOOP('',(#3096,#3104,#3111,#3112));
#3114=FACE_BOUND('',#3113,.T.);
#3115=ADVANCED_FACE('',(#3114),#3095,.F.);
#3116=CARTESIAN_POINT('',(33.9,44.6,6.2));
#3117=DIRECTION('',(0.,0.,1.));
#3118=DIRECTION('',(1.,0.,-0.));
#3119=AXIS2_PLACEMENT_3D('',#3116,#3117,#3118);
#3120=CYLINDRICAL_SURFACE('',#3119,0.3);
#3121=ORIENTED_EDGE('',*,*,#1459,.F.);
#3122=ORIENTED_EDGE('',*,*,#2978,.F.);
#3123=CARTESIAN_POINT('',(34.,44.317157288,5.6));
#3124=VERTEX_POINT('',#3123);
#3125=CARTESIAN_POINT('',(33.9,44.6,5.6));
#3126=DIRECTION('',(-0.,-0.,1.));
#3127=DIRECTION('',(-1.,0.,0.));
#3128=AXIS2_PLACEMENT_3D('',#3125,#3126,#3127);
#3129=CIRCLE('',#3128,0.3);
#3130=EDGE_CURVE('',#2967,#3124,#3129,.T.);
#3131=ORIENTED_EDGE('',*,*,#3130,.T.);
#3132=CARTESIAN_POINT('',(34.,44.317157288,6.));
#3133=VERTEX_POINT('',#3132);
#3134=CARTESIAN_POINT('',(34.,44.317157288,5.6));
#3135=DIRECTION('',(0.,0.,1.));
#3136=VECTOR('',#3135,0.4);
#3137=LINE('',#3134,#3136);
#3138=EDGE_CURVE('',#3124,#3133,#3137,.T.);
#3139=ORIENTED_EDGE('',*,*,#3138,.T.);
#3140=CARTESIAN_POINT('',(33.9,44.3,6.));
#3141=VERTEX_POINT('',#3140);
#3142=CARTESIAN_POINT('',(33.9,44.6,6.));
#3143=DIRECTION('',(-0.,-0.,-1.));
#3144=DIRECTION('',(1.,0.,-0.));
#3145=AXIS2_PLACEMENT_3D('',#3142,#3143,#3144);
#3146=CIRCLE('',#3145,0.3);
#3147=EDGE_CURVE('',#3133,#3141,#3146,.T.);
#3148=ORIENTED_EDGE('',*,*,#3147,.T.);
#3149=CARTESIAN_POINT('',(33.9,44.3,6.2));
#3150=VERTEX_POINT('',#3149);
#3151=CARTESIAN_POINT('',(33.9,44.3,6.2));
#3152=DIRECTION('',(0.,0.,-1.));
#3153=VECTOR('',#3152,0.2);
#3154=LINE('',#3151,#3153);
#3155=EDGE_CURVE('',#3150,#3141,#3154,.T.);
#3156=ORIENTED_EDGE('',*,*,#3155,.F.);
#3157=CARTESIAN_POINT('',(33.9,44.6,6.2));
#3158=DIRECTION('',(0.,0.,-1.));
#3159=DIRECTION('',(-1.,0.,0.));
#3160=AXIS2_PLACEMENT_3D('',#3157,#3158,#3159);
#3161=CIRCLE('',#3160,0.3);
#3162=EDGE_CURVE('',#3098,#3150,#3161,.T.);
#3163=ORIENTED_EDGE('',*,*,#3162,.F.);
#3164=ORIENTED_EDGE('',*,*,#3103,.T.);
#3165=EDGE_LOOP('',(#3121,#3122,#3131,#3139,#3148,#3156,#3163,#3164));
#3166=FACE_BOUND('',#3165,.T.);
#3167=ADVANCED_FACE('',(#3166),#3120,.F.);
#3168=CARTESIAN_POINT('',(28.,44.3,6.2));
#3169=DIRECTION('',(-0.,-1.,0.));
#3170=DIRECTION('',(1.,-0.,0.));
#3171=AXIS2_PLACEMENT_3D('',#3168,#3169,#3170);
#3172=PLANE('',#3171);
#3173=ORIENTED_EDGE('',*,*,#3155,.T.);
#3174=CARTESIAN_POINT('',(33.9,44.3,6.));
#3175=DIRECTION('',(-1.,0.,0.));
#3176=VECTOR('',#3175,11.8);
#3177=LINE('',#3174,#3176);
#3178=EDGE_CURVE('',#3141,#3038,#3177,.T.);
#3179=ORIENTED_EDGE('',*,*,#3178,.T.);
#3180=ORIENTED_EDGE('',*,*,#3043,.T.);
#3181=CARTESIAN_POINT('',(33.9,44.3,6.2));
#3182=DIRECTION('',(-1.,0.,0.));
#3183=VECTOR('',#3182,11.8);
#3184=LINE('',#3181,#3183);
#3185=EDGE_CURVE('',#3150,#3029,#3184,.T.);
#3186=ORIENTED_EDGE('',*,*,#3185,.F.);
#3187=EDGE_LOOP('',(#3173,#3179,#3180,#3186));
#3188=FACE_BOUND('',#3187,.T.);
#3189=ADVANCED_FACE('',(#3188),#3172,.F.);
#3190=CARTESIAN_POINT('',(28.,56.,6.2));
#3191=DIRECTION('',(0.,0.,-1.));
#3192=DIRECTION('',(-1.,0.,0.));
#3193=AXIS2_PLACEMENT_3D('',#3190,#3191,#3192);
#3194=PLANE('',#3193);
#3195=ORIENTED_EDGE('',*,*,#3035,.T.);
#3196=ORIENTED_EDGE('',*,*,#3085,.T.);
#3197=ORIENTED_EDGE('',*,*,#3009,.F.);
#3198=ORIENTED_EDGE('',*,*,#3110,.T.);
#3199=ORIENTED_EDGE('',*,*,#3162,.T.);
#3200=ORIENTED_EDGE('',*,*,#3185,.T.);
#3201=EDGE_LOOP('',(#3195,#3196,#3197,#3198,#3199,#3200));
#3202=FACE_BOUND('',#3201,.T.);
#3203=ADVANCED_FACE('',(#3202),#3194,.T.);
#3204=CARTESIAN_POINT('',(16.3,56.,6.2));
#3205=DIRECTION('',(1.,0.,0.));
#3206=DIRECTION('',(0.,0.,-1.));
#3207=AXIS2_PLACEMENT_3D('',#3204,#3205,#3206);
#3208=PLANE('',#3207);
#3209=CARTESIAN_POINT('',(16.3,61.9,6.));
#3210=DIRECTION('',(0.,-1.,0.));
#3211=VECTOR('',#3210,11.8);
#3212=LINE('',#3209,#3211);
#3213=EDGE_CURVE('',#1091,#1032,#3212,.T.);
#3214=ORIENTED_EDGE('',*,*,#3213,.F.);
#3215=ORIENTED_EDGE('',*,*,#1096,.T.);
#3216=CARTESIAN_POINT('',(16.3,61.9,6.2));
#3217=DIRECTION('',(0.,-1.,0.));
#3218=VECTOR('',#3217,11.8);
#3219=LINE('',#3216,#3218);
#3220=EDGE_CURVE('',#1082,#1041,#3219,.T.);
#3221=ORIENTED_EDGE('',*,*,#3220,.T.);
#3222=ORIENTED_EDGE('',*,*,#1046,.T.);
#3223=EDGE_LOOP('',(#3214,#3215,#3221,#3222));
#3224=FACE_BOUND('',#3223,.T.);
#3225=ADVANCED_FACE('',(#3224),#3208,.T.);
#3226=CARTESIAN_POINT('',(28.,56.,6.2));
#3227=DIRECTION('',(0.,0.,-1.));
#3228=DIRECTION('',(-1.,0.,0.));
#3229=AXIS2_PLACEMENT_3D('',#3226,#3227,#3228);
#3230=PLANE('',#3229);
#3231=ORIENTED_EDGE('',*,*,#1185,.F.);
#3232=ORIENTED_EDGE('',*,*,#979,.T.);
#3233=ORIENTED_EDGE('',*,*,#1053,.T.);
#3234=ORIENTED_EDGE('',*,*,#3220,.F.);
#3235=ORIENTED_EDGE('',*,*,#1088,.T.);
#3236=ORIENTED_EDGE('',*,*,#1162,.T.);
#3237=EDGE_LOOP('',(#3231,#3232,#3233,#3234,#3235,#3236));
#3238=FACE_BOUND('',#3237,.T.);
#3239=ADVANCED_FACE('',(#3238),#3230,.T.);
#3240=CARTESIAN_POINT('',(39.7,56.,6.2));
#3241=DIRECTION('',(-1.,0.,0.));
#3242=DIRECTION('',(-0.,-1.,0.));
#3243=AXIS2_PLACEMENT_3D('',#3240,#3241,#3242);
#3244=PLANE('',#3243);
#3245=CARTESIAN_POINT('',(39.7,50.1,6.));
#3246=DIRECTION('',(0.,1.,0.));
#3247=VECTOR('',#3246,11.8);
#3248=LINE('',#3245,#3247);
#3249=EDGE_CURVE('',#236,#144,#3248,.T.);
#3250=ORIENTED_EDGE('',*,*,#3249,.F.);
#3251=ORIENTED_EDGE('',*,*,#241,.T.);
#3252=CARTESIAN_POINT('',(39.7,50.1,6.2));
#3253=DIRECTION('',(0.,1.,0.));
#3254=VECTOR('',#3253,11.8);
#3255=LINE('',#3252,#3254);
#3256=EDGE_CURVE('',#227,#153,#3255,.T.);
#3257=ORIENTED_EDGE('',*,*,#3256,.T.);
#3258=ORIENTED_EDGE('',*,*,#158,.T.);
#3259=EDGE_LOOP('',(#3250,#3251,#3257,#3258));
#3260=FACE_BOUND('',#3259,.T.);
#3261=ADVANCED_FACE('',(#3260),#3244,.T.);
#3262=CARTESIAN_POINT('',(28.,56.,6.2));
#3263=DIRECTION('',(0.,0.,-1.));
#3264=DIRECTION('',(-1.,0.,0.));
#3265=AXIS2_PLACEMENT_3D('',#3262,#3263,#3264);
#3266=PLANE('',#3265);
#3267=ORIENTED_EDGE('',*,*,#233,.T.);
#3268=ORIENTED_EDGE('',*,*,#200,.T.);
#3269=ORIENTED_EDGE('',*,*,#297,.F.);
#3270=ORIENTED_EDGE('',*,*,#91,.T.);
#3271=ORIENTED_EDGE('',*,*,#165,.T.);
#3272=ORIENTED_EDGE('',*,*,#3256,.F.);
#3273=EDGE_LOOP('',(#3267,#3268,#3269,#3270,#3271,#3272));
#3274=FACE_BOUND('',#3273,.T.);
#3275=ADVANCED_FACE('',(#3274),#3266,.T.);
#3276=CARTESIAN_POINT('',(16.302,62.,5.8));
#3277=DIRECTION('',(0.,1.,0.));
#3278=DIRECTION('',(0.,0.,1.));
#3279=AXIS2_PLACEMENT_3D('',#3276,#3277,#3278);
#3280=PLANE('',#3279);
#3281=CARTESIAN_POINT('',(16.317157288,62.,6.));
#3282=DIRECTION('',(-1.,0.,0.));
#3283=VECTOR('',#3282,0.717157288);
#3284=LINE('',#3281,#3283);
#3285=EDGE_CURVE('',#1099,#494,#3284,.T.);
#3286=ORIENTED_EDGE('',*,*,#3285,.T.);
#3287=ORIENTED_EDGE('',*,*,#521,.T.);
#3288=CARTESIAN_POINT('',(16.317157288,62.,5.6));
#3289=DIRECTION('',(-1.,0.,0.));
#3290=VECTOR('',#3289,0.717157288);
#3291=LINE('',#3288,#3290);
#3292=EDGE_CURVE('',#1108,#510,#3291,.T.);
#3293=ORIENTED_EDGE('',*,*,#3292,.F.);
#3294=ORIENTED_EDGE('',*,*,#1113,.F.);
#3295=EDGE_LOOP('',(#3286,#3287,#3293,#3294));
#3296=FACE_BOUND('',#3295,.T.);
#3297=ADVANCED_FACE('',(#3296),#3280,.F.);
#3298=CARTESIAN_POINT('',(16.302,50.,5.8));
#3299=DIRECTION('',(0.,-1.,0.));
#3300=DIRECTION('',(0.,0.,-1.));
#3301=AXIS2_PLACEMENT_3D('',#3298,#3299,#3300);
#3302=PLANE('',#3301);
#3303=CARTESIAN_POINT('',(16.317157288,50.,5.6));
#3304=DIRECTION('',(-1.,0.,0.));
#3305=VECTOR('',#3304,0.717157288);
#3306=LINE('',#3303,#3305);
#3307=EDGE_CURVE('',#1015,#502,#3306,.T.);
#3308=ORIENTED_EDGE('',*,*,#3307,.T.);
#3309=ORIENTED_EDGE('',*,*,#507,.T.);
#3310=CARTESIAN_POINT('',(16.317157288,50.,6.));
#3311=DIRECTION('',(-1.,0.,0.));
#3312=VECTOR('',#3311,0.717157288);
#3313=LINE('',#3310,#3312);
#3314=EDGE_CURVE('',#1024,#492,#3313,.T.);
#3315=ORIENTED_EDGE('',*,*,#3314,.F.);
#3316=ORIENTED_EDGE('',*,*,#1029,.F.);
#3317=EDGE_LOOP('',(#3308,#3309,#3315,#3316));
#3318=FACE_BOUND('',#3317,.T.);
#3319=ADVANCED_FACE('',(#3318),#3302,.F.);
#3320=CARTESIAN_POINT('',(16.302,53.,5.6));
#3321=DIRECTION('',(0.,0.,-1.));
#3322=DIRECTION('',(-1.,0.,0.));
#3323=AXIS2_PLACEMENT_3D('',#3320,#3321,#3322);
#3324=PLANE('',#3323);
#3325=ORIENTED_EDGE('',*,*,#3292,.T.);
#3326=ORIENTED_EDGE('',*,*,#515,.T.);
#3327=ORIENTED_EDGE('',*,*,#3307,.F.);
#3328=ORIENTED_EDGE('',*,*,#1021,.F.);
#3329=ORIENTED_EDGE('',*,*,#1207,.T.);
#3330=ORIENTED_EDGE('',*,*,#1122,.F.);
#3331=EDGE_LOOP('',(#3325,#3326,#3327,#3328,#3329,#3330));
#3332=FACE_BOUND('',#3331,.T.);
#3333=ADVANCED_FACE('',(#3332),#3324,.F.);
#3334=CARTESIAN_POINT('',(16.302,56.,6.));
#3335=DIRECTION('',(0.,0.,1.));
#3336=DIRECTION('',(1.,0.,0.));
#3337=AXIS2_PLACEMENT_3D('',#3334,#3335,#3336);
#3338=PLANE('',#3337);
#3339=ORIENTED_EDGE('',*,*,#3213,.T.);
#3340=ORIENTED_EDGE('',*,*,#1038,.F.);
#3341=ORIENTED_EDGE('',*,*,#3314,.T.);
#3342=ORIENTED_EDGE('',*,*,#499,.T.);
#3343=ORIENTED_EDGE('',*,*,#3285,.F.);
#3344=ORIENTED_EDGE('',*,*,#1105,.F.);
#3345=EDGE_LOOP('',(#3339,#3340,#3341,#3342,#3343,#3344));
#3346=FACE_BOUND('',#3345,.T.);
#3347=ADVANCED_FACE('',(#3346),#3338,.F.);
#3348=CARTESIAN_POINT('',(22.,44.302,5.8));
#3349=DIRECTION('',(-1.,0.,0.));
#3350=DIRECTION('',(0.,0.,1.));
#3351=AXIS2_PLACEMENT_3D('',#3348,#3349,#3350);
#3352=PLANE('',#3351);
#3353=CARTESIAN_POINT('',(22.,44.317157288,6.));
#3354=DIRECTION('',(-0.,-1.,0.));
#3355=VECTOR('',#3354,0.717157288);
#3356=LINE('',#3353,#3355);
#3357=EDGE_CURVE('',#3046,#2085,#3356,.T.);
#3358=ORIENTED_EDGE('',*,*,#3357,.T.);
#3359=ORIENTED_EDGE('',*,*,#2112,.T.);
#3360=CARTESIAN_POINT('',(22.,44.317157288,5.6));
#3361=DIRECTION('',(-0.,-1.,0.));
#3362=VECTOR('',#3361,0.717157288);
#3363=LINE('',#3360,#3362);
#3364=EDGE_CURVE('',#3055,#2101,#3363,.T.);
#3365=ORIENTED_EDGE('',*,*,#3364,.F.);
#3366=ORIENTED_EDGE('',*,*,#3060,.F.);
#3367=EDGE_LOOP('',(#3358,#3359,#3365,#3366));
#3368=FACE_BOUND('',#3367,.T.);
#3369=ADVANCED_FACE('',(#3368),#3352,.F.);
#3370=CARTESIAN_POINT('',(34.,44.302,5.8));
#3371=DIRECTION('',(1.,-0.,0.));
#3372=DIRECTION('',(0.,0.,-1.));
#3373=AXIS2_PLACEMENT_3D('',#3370,#3371,#3372);
#3374=PLANE('',#3373);
#3375=CARTESIAN_POINT('',(34.,44.317157288,5.6));
#3376=DIRECTION('',(-0.,-1.,0.));
#3377=VECTOR('',#3376,0.717157288);
#3378=LINE('',#3375,#3377);
#3379=EDGE_CURVE('',#3124,#2093,#3378,.T.);
#3380=ORIENTED_EDGE('',*,*,#3379,.T.);
#3381=ORIENTED_EDGE('',*,*,#2098,.T.);
#3382=CARTESIAN_POINT('',(34.,44.317157288,6.));
#3383=DIRECTION('',(-0.,-1.,0.));
#3384=VECTOR('',#3383,0.717157288);
#3385=LINE('',#3382,#3384);
#3386=EDGE_CURVE('',#3133,#2083,#3385,.T.);
#3387=ORIENTED_EDGE('',*,*,#3386,.F.);
#3388=ORIENTED_EDGE('',*,*,#3138,.F.);
#3389=EDGE_LOOP('',(#3380,#3381,#3387,#3388));
#3390=FACE_BOUND('',#3389,.T.);
#3391=ADVANCED_FACE('',(#3390),#3374,.F.);
#3392=CARTESIAN_POINT('',(31.,44.302,5.6));
#3393=DIRECTION('',(0.,0.,-1.));
#3394=DIRECTION('',(-0.,-1.,0.));
#3395=AXIS2_PLACEMENT_3D('',#3392,#3393,#3394);
#3396=PLANE('',#3395);
#3397=ORIENTED_EDGE('',*,*,#3364,.T.);
#3398=ORIENTED_EDGE('',*,*,#2106,.T.);
#3399=ORIENTED_EDGE('',*,*,#3379,.F.);
#3400=ORIENTED_EDGE('',*,*,#3130,.F.);
#3401=ORIENTED_EDGE('',*,*,#2972,.F.);
#3402=ORIENTED_EDGE('',*,*,#3067,.F.);
#3403=EDGE_LOOP('',(#3397,#3398,#3399,#3400,#3401,#3402));
#3404=FACE_BOUND('',#3403,.T.);
#3405=ADVANCED_FACE('',(#3404),#3396,.F.);
#3406=CARTESIAN_POINT('',(28.,44.302,6.));
#3407=DIRECTION('',(0.,0.,1.));
#3408=DIRECTION('',(0.,1.,0.));
#3409=AXIS2_PLACEMENT_3D('',#3406,#3407,#3408);
#3410=PLANE('',#3409);
#3411=ORIENTED_EDGE('',*,*,#3178,.F.);
#3412=ORIENTED_EDGE('',*,*,#3147,.F.);
#3413=ORIENTED_EDGE('',*,*,#3386,.T.);
#3414=ORIENTED_EDGE('',*,*,#2090,.T.);
#3415=ORIENTED_EDGE('',*,*,#3357,.F.);
#3416=ORIENTED_EDGE('',*,*,#3052,.F.);
#3417=EDGE_LOOP('',(#3411,#3412,#3413,#3414,#3415,#3416));
#3418=FACE_BOUND('',#3417,.T.);
#3419=ADVANCED_FACE('',(#3418),#3410,.F.);
#3420=CARTESIAN_POINT('',(39.698,62.,5.8));
#3421=DIRECTION('',(0.,1.,0.));
#3422=DIRECTION('',(0.,0.,-1.));
#3423=AXIS2_PLACEMENT_3D('',#3420,#3421,#3422);
#3424=PLANE('',#3423);
#3425=CARTESIAN_POINT('',(39.682842712,62.,5.6));
#3426=DIRECTION('',(1.,-0.,0.));
#3427=VECTOR('',#3426,0.717157288);
#3428=LINE('',#3425,#3427);
#3429=EDGE_CURVE('',#127,#864,#3428,.T.);
#3430=ORIENTED_EDGE('',*,*,#3429,.T.);
#3431=ORIENTED_EDGE('',*,*,#869,.T.);
#3432=CARTESIAN_POINT('',(39.682842712,62.,6.));
#3433=DIRECTION('',(1.,-0.,0.));
#3434=VECTOR('',#3433,0.717157288);
#3435=LINE('',#3432,#3434);
#3436=EDGE_CURVE('',#136,#854,#3435,.T.);
#3437=ORIENTED_EDGE('',*,*,#3436,.F.);
#3438=ORIENTED_EDGE('',*,*,#141,.F.);
#3439=EDGE_LOOP('',(#3430,#3431,#3437,#3438));
#3440=FACE_BOUND('',#3439,.T.);
#3441=ADVANCED_FACE('',(#3440),#3424,.F.);
#3442=CARTESIAN_POINT('',(39.698,59.,5.6));
#3443=DIRECTION('',(0.,0.,-1.));
#3444=DIRECTION('',(1.,-0.,0.));
#3445=AXIS2_PLACEMENT_3D('',#3442,#3443,#3444);
#3446=PLANE('',#3445);
#3447=ORIENTED_EDGE('',*,*,#319,.T.);
#3448=ORIENTED_EDGE('',*,*,#267,.F.);
#3449=CARTESIAN_POINT('',(39.682842712,50.,5.6));
#3450=DIRECTION('',(1.,-0.,0.));
#3451=VECTOR('',#3450,0.717157288);
#3452=LINE('',#3449,#3451);
#3453=EDGE_CURVE('',#253,#872,#3452,.T.);
#3454=ORIENTED_EDGE('',*,*,#3453,.T.);
#3455=ORIENTED_EDGE('',*,*,#877,.T.);
#3456=ORIENTED_EDGE('',*,*,#3429,.F.);
#3457=ORIENTED_EDGE('',*,*,#133,.F.);
#3458=EDGE_LOOP('',(#3447,#3448,#3454,#3455,#3456,#3457));
#3459=FACE_BOUND('',#3458,.T.);
#3460=ADVANCED_FACE('',(#3459),#3446,.F.);
#3461=CARTESIAN_POINT('',(39.698,56.,6.));
#3462=DIRECTION('',(0.,0.,1.));
#3463=DIRECTION('',(-1.,0.,0.));
#3464=AXIS2_PLACEMENT_3D('',#3461,#3462,#3463);
#3465=PLANE('',#3464);
#3466=ORIENTED_EDGE('',*,*,#3436,.T.);
#3467=ORIENTED_EDGE('',*,*,#861,.T.);
#3468=CARTESIAN_POINT('',(39.682842712,50.,6.));
#3469=DIRECTION('',(1.,-0.,0.));
#3470=VECTOR('',#3469,0.717157288);
#3471=LINE('',#3468,#3470);
#3472=EDGE_CURVE('',#244,#856,#3471,.T.);
#3473=ORIENTED_EDGE('',*,*,#3472,.F.);
#3474=ORIENTED_EDGE('',*,*,#250,.F.);
#3475=ORIENTED_EDGE('',*,*,#3249,.T.);
#3476=ORIENTED_EDGE('',*,*,#150,.F.);
#3477=EDGE_LOOP('',(#3466,#3467,#3473,#3474,#3475,#3476));
#3478=FACE_BOUND('',#3477,.T.);
#3479=ADVANCED_FACE('',(#3478),#3465,.F.);
#3480=CARTESIAN_POINT('',(39.698,50.,5.8));
#3481=DIRECTION('',(-0.,-1.,0.));
#3482=DIRECTION('',(0.,0.,1.));
#3483=AXIS2_PLACEMENT_3D('',#3480,#3481,#3482);
#3484=PLANE('',#3483);
#3485=ORIENTED_EDGE('',*,*,#3472,.T.);
#3486=ORIENTED_EDGE('',*,*,#883,.T.);
#3487=ORIENTED_EDGE('',*,*,#3453,.F.);
#3488=ORIENTED_EDGE('',*,*,#258,.F.);
#3489=EDGE_LOOP('',(#3485,#3486,#3487,#3488));
#3490=FACE_BOUND('',#3489,.T.);
#3491=ADVANCED_FACE('',(#3490),#3484,.F.);
#3492=CARTESIAN_POINT('',(38.41507576,66.41507576,-5.3));
#3493=DIRECTION('',(0.707106781,0.707106781,0.));
#3494=DIRECTION('',(-0.707106781,0.707106781,0.));
#3495=AXIS2_PLACEMENT_3D('',#3492,#3493,#3494);
#3496=PLANE('',#3495);
#3497=ORIENTED_EDGE('',*,*,#1351,.F.);
#3498=CARTESIAN_POINT('',(36.869491347,67.960660172,0.9));
#3499=VERTEX_POINT('',#3498);
#3500=CARTESIAN_POINT('',(36.869491347,67.960660172,0.));
#3501=DIRECTION('',(0.,0.,1.));
#3502=VECTOR('',#3501,0.9);
#3503=LINE('',#3500,#3502);
#3504=EDGE_CURVE('',#1337,#3499,#3503,.T.);
#3505=ORIENTED_EDGE('',*,*,#3504,.T.);
#3506=CARTESIAN_POINT('',(39.960660172,64.869491347,0.9));
#3507=VERTEX_POINT('',#3506);
#3508=CARTESIAN_POINT('',(36.869491347,67.960660172,0.9));
#3509=DIRECTION('',(0.707106781,-0.707106781,0.));
#3510=VECTOR('',#3509,4.371572875);
#3511=LINE('',#3508,#3510);
#3512=EDGE_CURVE('',#3499,#3507,#3511,.T.);
#3513=ORIENTED_EDGE('',*,*,#3512,.T.);
#3514=CARTESIAN_POINT('',(39.960660172,64.869491347,0.9));
#3515=DIRECTION('',(-0.,-0.,-1.));
#3516=VECTOR('',#3515,0.9);
#3517=LINE('',#3514,#3516);
#3518=EDGE_CURVE('',#3507,#1346,#3517,.T.);
#3519=ORIENTED_EDGE('',*,*,#3518,.T.);
#3520=EDGE_LOOP('',(#3497,#3505,#3513,#3519));
#3521=FACE_BOUND('',#3520,.T.);
#3522=ADVANCED_FACE('',(#3521),#3496,.T.);
#3523=CARTESIAN_POINT('',(37.990811691,65.990811691,1.5));
#3524=DIRECTION('',(-0.5,-0.5,-0.707106781));
#3525=DIRECTION('',(-0.707106781,0.707106781,-0.));
#3526=AXIS2_PLACEMENT_3D('',#3523,#3524,#3525);
#3527=PLANE('',#3526);
#3528=ORIENTED_EDGE('',*,*,#3512,.F.);
#3529=CARTESIAN_POINT('',(35.808831175,66.9,2.4));
#3530=DIRECTION('',(0.5,0.5,0.707106781));
#3531=DIRECTION('',(0.5,0.5,-0.707106781));
#3532=AXIS2_PLACEMENT_3D('',#3529,#3530,#3531);
#3533=ELLIPSE('',#3532,2.121320344,1.5);
#3534=EDGE_CURVE('',#3499,#662,#3533,.T.);
#3535=ORIENTED_EDGE('',*,*,#3534,.T.);
#3536=ORIENTED_EDGE('',*,*,#667,.F.);
#3537=ORIENTED_EDGE('',*,*,#721,.F.);
#3538=ORIENTED_EDGE('',*,*,#849,.F.);
#3539=CARTESIAN_POINT('',(38.9,63.808831175,2.4));
#3540=DIRECTION('',(0.5,0.5,0.707106781));
#3541=DIRECTION('',(-0.5,-0.5,0.707106781));
#3542=AXIS2_PLACEMENT_3D('',#3539,#3540,#3541);
#3543=ELLIPSE('',#3542,2.121320344,1.5);
#3544=EDGE_CURVE('',#838,#3507,#3543,.T.);
#3545=ORIENTED_EDGE('',*,*,#3544,.T.);
#3546=EDGE_LOOP('',(#3528,#3535,#3536,#3537,#3538,#3545));
#3547=FACE_BOUND('',#3546,.T.);
#3548=ADVANCED_FACE('',(#3547),#3527,.F.);
#3549=CARTESIAN_POINT('',(35.808831175,66.9,-5.3));
#3550=DIRECTION('',(0.,0.,-1.));
#3551=DIRECTION('',(-1.,0.,0.));
#3552=AXIS2_PLACEMENT_3D('',#3549,#3550,#3551);
#3553=CYLINDRICAL_SURFACE('',#3552,1.5);
#3554=ORIENTED_EDGE('',*,*,#1343,.F.);
#3555=ORIENTED_EDGE('',*,*,#675,.F.);
#3556=ORIENTED_EDGE('',*,*,#3534,.F.);
#3557=ORIENTED_EDGE('',*,*,#3504,.F.);
#3558=EDGE_LOOP('',(#3554,#3555,#3556,#3557));
#3559=FACE_BOUND('',#3558,.T.);
#3560=ADVANCED_FACE('',(#3559),#3553,.T.);
#3561=CARTESIAN_POINT('',(38.9,63.808831175,-0.002));
#3562=DIRECTION('',(0.,0.,1.));
#3563=DIRECTION('',(1.,0.,-0.));
#3564=AXIS2_PLACEMENT_3D('',#3561,#3562,#3563);
#3565=CYLINDRICAL_SURFACE('',#3564,1.5);
#3566=ORIENTED_EDGE('',*,*,#1358,.F.);
#3567=ORIENTED_EDGE('',*,*,#3518,.F.);
#3568=ORIENTED_EDGE('',*,*,#3544,.F.);
#3569=ORIENTED_EDGE('',*,*,#843,.F.);
#3570=EDGE_LOOP('',(#3566,#3567,#3568,#3569));
#3571=FACE_BOUND('',#3570,.T.);
#3572=ADVANCED_FACE('',(#3571),#3565,.T.);
#3573=CARTESIAN_POINT('',(17.58492424,66.41507576,-5.3));
#3574=DIRECTION('',(-0.707106781,0.707106781,0.));
#3575=DIRECTION('',(-0.707106781,-0.707106781,0.));
#3576=AXIS2_PLACEMENT_3D('',#3573,#3574,#3575);
#3577=PLANE('',#3576);
#3578=CARTESIAN_POINT('',(16.039339828,64.869491347,0.9));
#3579=VERTEX_POINT('',#3578);
#3580=CARTESIAN_POINT('',(19.130508653,67.960660172,0.9));
#3581=VERTEX_POINT('',#3580);
#3582=CARTESIAN_POINT('',(16.039339828,64.869491347,0.9));
#3583=DIRECTION('',(0.707106781,0.707106781,0.));
#3584=VECTOR('',#3583,4.371572875);
#3585=LINE('',#3582,#3584);
#3586=EDGE_CURVE('',#3579,#3581,#3585,.T.);
#3587=ORIENTED_EDGE('',*,*,#3586,.T.);
#3588=CARTESIAN_POINT('',(19.130508653,67.960660172,0.9));
#3589=DIRECTION('',(-0.,-0.,-1.));
#3590=VECTOR('',#3589,0.9);
#3591=LINE('',#3588,#3590);
#3592=EDGE_CURVE('',#3581,#1321,#3591,.T.);
#3593=ORIENTED_EDGE('',*,*,#3592,.T.);
#3594=ORIENTED_EDGE('',*,*,#1326,.F.);
#3595=CARTESIAN_POINT('',(16.039339828,64.869491347,0.));
#3596=DIRECTION('',(0.,0.,1.));
#3597=VECTOR('',#3596,0.9);
#3598=LINE('',#3595,#3597);
#3599=EDGE_CURVE('',#1312,#3579,#3598,.T.);
#3600=ORIENTED_EDGE('',*,*,#3599,.T.);
#3601=EDGE_LOOP('',(#3587,#3593,#3594,#3600));
#3602=FACE_BOUND('',#3601,.T.);
#3603=ADVANCED_FACE('',(#3602),#3577,.T.);
#3604=CARTESIAN_POINT('',(18.009188309,65.990811691,1.5));
#3605=DIRECTION('',(0.5,-0.5,-0.707106781));
#3606=DIRECTION('',(-0.707106781,-0.707106781,-0.));
#3607=AXIS2_PLACEMENT_3D('',#3604,#3605,#3606);
#3608=PLANE('',#3607);
#3609=ORIENTED_EDGE('',*,*,#697,.F.);
#3610=CARTESIAN_POINT('',(20.191168825,66.9,2.4));
#3611=DIRECTION('',(-0.5,0.5,0.707106781));
#3612=DIRECTION('',(0.5,-0.5,0.707106781));
#3613=AXIS2_PLACEMENT_3D('',#3610,#3611,#3612);
#3614=ELLIPSE('',#3613,2.121320344,1.5);
#3615=EDGE_CURVE('',#686,#3581,#3614,.T.);
#3616=ORIENTED_EDGE('',*,*,#3615,.T.);
#3617=ORIENTED_EDGE('',*,*,#3586,.F.);
#3618=CARTESIAN_POINT('',(17.1,63.808831175,2.4));
#3619=DIRECTION('',(-0.5,0.5,0.707106781));
#3620=DIRECTION('',(-0.5,0.5,-0.707106781));
#3621=AXIS2_PLACEMENT_3D('',#3618,#3619,#3620);
#3622=ELLIPSE('',#3621,2.121320344,1.5);
#3623=EDGE_CURVE('',#3579,#468,#3622,.T.);
#3624=ORIENTED_EDGE('',*,*,#3623,.T.);
#3625=ORIENTED_EDGE('',*,*,#473,.F.);
#3626=ORIENTED_EDGE('',*,*,#545,.F.);
#3627=EDGE_LOOP('',(#3609,#3616,#3617,#3624,#3625,#3626));
#3628=FACE_BOUND('',#3627,.T.);
#3629=ADVANCED_FACE('',(#3628),#3608,.F.);
#3630=CARTESIAN_POINT('',(20.191168825,66.9,-0.002));
#3631=DIRECTION('',(0.,0.,1.));
#3632=DIRECTION('',(1.,0.,-0.));
#3633=AXIS2_PLACEMENT_3D('',#3630,#3631,#3632);
#3634=CYLINDRICAL_SURFACE('',#3633,1.5);
#3635=ORIENTED_EDGE('',*,*,#1333,.F.);
#3636=ORIENTED_EDGE('',*,*,#3592,.F.);
#3637=ORIENTED_EDGE('',*,*,#3615,.F.);
#3638=ORIENTED_EDGE('',*,*,#691,.F.);
#3639=EDGE_LOOP('',(#3635,#3636,#3637,#3638));
#3640=FACE_BOUND('',#3639,.T.);
#3641=ADVANCED_FACE('',(#3640),#3634,.T.);
#3642=CARTESIAN_POINT('',(17.1,63.808831175,-5.3));
#3643=DIRECTION('',(0.,0.,-1.));
#3644=DIRECTION('',(-1.,0.,0.));
#3645=AXIS2_PLACEMENT_3D('',#3642,#3643,#3644);
#3646=CYLINDRICAL_SURFACE('',#3645,1.5);
#3647=ORIENTED_EDGE('',*,*,#1318,.F.);
#3648=ORIENTED_EDGE('',*,*,#481,.F.);
#3649=ORIENTED_EDGE('',*,*,#3623,.F.);
#3650=ORIENTED_EDGE('',*,*,#3599,.F.);
#3651=EDGE_LOOP('',(#3647,#3648,#3649,#3650));
#3652=FACE_BOUND('',#3651,.T.);
#3653=ADVANCED_FACE('',(#3652),#3646,.T.);
#3654=CARTESIAN_POINT('',(24.925609817,54.225,3.2));
#3655=DIRECTION('',(-0.866025404,-0.5,0.));
#3656=DIRECTION('',(0.5,-0.866025404,0.));
#3657=AXIS2_PLACEMENT_3D('',#3654,#3655,#3656);
#3658=PLANE('',#3657);
#3659=ORIENTED_EDGE('',*,*,#1240,.T.);
#3660=CARTESIAN_POINT('',(23.900813089,56.,3.2));
#3661=VERTEX_POINT('',#3660);
#3662=CARTESIAN_POINT('',(23.900813089,56.,3.2));
#3663=DIRECTION('',(0.,0.,-1.));
#3664=VECTOR('',#3663,3.2);
#3665=LINE('',#3662,#3664);
#3666=EDGE_CURVE('',#3661,#1225,#3665,.T.);
#3667=ORIENTED_EDGE('',*,*,#3666,.F.);
#3668=CARTESIAN_POINT('',(25.950406544,52.45,3.2));
#3669=VERTEX_POINT('',#3668);
#3670=CARTESIAN_POINT('',(25.950406544,52.45,3.2));
#3671=DIRECTION('',(-0.5,0.866025404,0.));
#3672=VECTOR('',#3671,4.099186911);
#3673=LINE('',#3670,#3672);
#3674=EDGE_CURVE('',#3669,#3661,#3673,.T.);
#3675=ORIENTED_EDGE('',*,*,#3674,.F.);
#3676=CARTESIAN_POINT('',(25.950406544,52.45,3.2));
#3677=DIRECTION('',(0.,0.,-1.));
#3678=VECTOR('',#3677,3.2);
#3679=LINE('',#3676,#3678);
#3680=EDGE_CURVE('',#3669,#1235,#3679,.T.);
#3681=ORIENTED_EDGE('',*,*,#3680,.T.);
#3682=EDGE_LOOP('',(#3659,#3667,#3675,#3681));
#3683=FACE_BOUND('',#3682,.T.);
#3684=ADVANCED_FACE('',(#3683),#3658,.F.);
#3685=CARTESIAN_POINT('',(24.925609817,57.775,3.2));
#3686=DIRECTION('',(-0.866025404,0.5,0.));
#3687=DIRECTION('',(-0.5,-0.866025404,0.));
#3688=AXIS2_PLACEMENT_3D('',#3685,#3686,#3687);
#3689=PLANE('',#3688);
#3690=ORIENTED_EDGE('',*,*,#1232,.T.);
#3691=CARTESIAN_POINT('',(25.950406544,59.55,3.2));
#3692=VERTEX_POINT('',#3691);
#3693=CARTESIAN_POINT('',(25.950406544,59.55,3.2));
#3694=DIRECTION('',(0.,0.,-1.));
#3695=VECTOR('',#3694,3.2);
#3696=LINE('',#3693,#3695);
#3697=EDGE_CURVE('',#3692,#1227,#3696,.T.);
#3698=ORIENTED_EDGE('',*,*,#3697,.F.);
#3699=CARTESIAN_POINT('',(23.900813089,56.,3.2));
#3700=DIRECTION('',(0.5,0.866025404,0.));
#3701=VECTOR('',#3700,4.099186911);
#3702=LINE('',#3699,#3701);
#3703=EDGE_CURVE('',#3661,#3692,#3702,.T.);
#3704=ORIENTED_EDGE('',*,*,#3703,.F.);
#3705=ORIENTED_EDGE('',*,*,#3666,.T.);
#3706=EDGE_LOOP('',(#3690,#3698,#3704,#3705));
#3707=FACE_BOUND('',#3706,.T.);
#3708=ADVANCED_FACE('',(#3707),#3689,.F.);
#3709=CARTESIAN_POINT('',(28.,59.55,3.2));
#3710=DIRECTION('',(0.,1.,0.));
#3711=DIRECTION('',(0.,0.,1.));
#3712=AXIS2_PLACEMENT_3D('',#3709,#3710,#3711);
#3713=PLANE('',#3712);
#3714=ORIENTED_EDGE('',*,*,#1270,.T.);
#3715=CARTESIAN_POINT('',(30.049593456,59.55,3.2));
#3716=VERTEX_POINT('',#3715);
#3717=CARTESIAN_POINT('',(30.049593456,59.55,3.2));
#3718=DIRECTION('',(0.,0.,-1.));
#3719=VECTOR('',#3718,3.2);
#3720=LINE('',#3717,#3719);
#3721=EDGE_CURVE('',#3716,#1259,#3720,.T.);
#3722=ORIENTED_EDGE('',*,*,#3721,.F.);
#3723=CARTESIAN_POINT('',(25.950406544,59.55,3.2));
#3724=DIRECTION('',(1.,0.,-0.));
#3725=VECTOR('',#3724,4.099186911);
#3726=LINE('',#3723,#3725);
#3727=EDGE_CURVE('',#3692,#3716,#3726,.T.);
#3728=ORIENTED_EDGE('',*,*,#3727,.F.);
#3729=ORIENTED_EDGE('',*,*,#3697,.T.);
#3730=EDGE_LOOP('',(#3714,#3722,#3728,#3729));
#3731=FACE_BOUND('',#3730,.T.);
#3732=ADVANCED_FACE('',(#3731),#3713,.F.);
#3733=CARTESIAN_POINT('',(31.074390183,57.775,3.2));
#3734=DIRECTION('',(0.866025404,0.5,0.));
#3735=DIRECTION('',(-0.5,0.866025404,0.));
#3736=AXIS2_PLACEMENT_3D('',#3733,#3734,#3735);
#3737=PLANE('',#3736);
#3738=ORIENTED_EDGE('',*,*,#1264,.T.);
#3739=CARTESIAN_POINT('',(32.099186911,56.,3.2));
#3740=VERTEX_POINT('',#3739);
#3741=CARTESIAN_POINT('',(32.099186911,56.,3.2));
#3742=DIRECTION('',(0.,0.,-1.));
#3743=VECTOR('',#3742,3.2);
#3744=LINE('',#3741,#3743);
#3745=EDGE_CURVE('',#3740,#1251,#3744,.T.);
#3746=ORIENTED_EDGE('',*,*,#3745,.F.);
#3747=CARTESIAN_POINT('',(30.049593456,59.55,3.2));
#3748=DIRECTION('',(0.5,-0.866025404,0.));
#3749=VECTOR('',#3748,4.099186911);
#3750=LINE('',#3747,#3749);
#3751=EDGE_CURVE('',#3716,#3740,#3750,.T.);
#3752=ORIENTED_EDGE('',*,*,#3751,.F.);
#3753=ORIENTED_EDGE('',*,*,#3721,.T.);
#3754=EDGE_LOOP('',(#3738,#3746,#3752,#3753));
#3755=FACE_BOUND('',#3754,.T.);
#3756=ADVANCED_FACE('',(#3755),#3737,.F.);
#3757=CARTESIAN_POINT('',(31.074390183,54.225,3.2));
#3758=DIRECTION('',(0.866025404,-0.5,0.));
#3759=DIRECTION('',(0.5,0.866025404,0.));
#3760=AXIS2_PLACEMENT_3D('',#3757,#3758,#3759);
#3761=PLANE('',#3760);
#3762=ORIENTED_EDGE('',*,*,#1256,.T.);
#3763=CARTESIAN_POINT('',(30.049593456,52.45,3.2));
#3764=VERTEX_POINT('',#3763);
#3765=CARTESIAN_POINT('',(30.049593456,52.45,3.2));
#3766=DIRECTION('',(0.,0.,-1.));
#3767=VECTOR('',#3766,3.2);
#3768=LINE('',#3765,#3767);
#3769=EDGE_CURVE('',#3764,#1243,#3768,.T.);
#3770=ORIENTED_EDGE('',*,*,#3769,.F.);
#3771=CARTESIAN_POINT('',(32.099186911,56.,3.2));
#3772=DIRECTION('',(-0.5,-0.866025404,0.));
#3773=VECTOR('',#3772,4.099186911);
#3774=LINE('',#3771,#3773);
#3775=EDGE_CURVE('',#3740,#3764,#3774,.T.);
#3776=ORIENTED_EDGE('',*,*,#3775,.F.);
#3777=ORIENTED_EDGE('',*,*,#3745,.T.);
#3778=EDGE_LOOP('',(#3762,#3770,#3776,#3777));
#3779=FACE_BOUND('',#3778,.T.);
#3780=ADVANCED_FACE('',(#3779),#3761,.F.);
#3781=CARTESIAN_POINT('',(28.,52.45,3.2));
#3782=DIRECTION('',(0.,-1.,0.));
#3783=DIRECTION('',(1.,0.,0.));
#3784=AXIS2_PLACEMENT_3D('',#3781,#3782,#3783);
#3785=PLANE('',#3784);
#3786=ORIENTED_EDGE('',*,*,#1248,.T.);
#3787=ORIENTED_EDGE('',*,*,#3680,.F.);
#3788=CARTESIAN_POINT('',(30.049593456,52.45,3.2));
#3789=DIRECTION('',(-1.,-0.,0.));
#3790=VECTOR('',#3789,4.099186911);
#3791=LINE('',#3788,#3790);
#3792=EDGE_CURVE('',#3764,#3669,#3791,.T.);
#3793=ORIENTED_EDGE('',*,*,#3792,.F.);
#3794=ORIENTED_EDGE('',*,*,#3769,.T.);
#3795=EDGE_LOOP('',(#3786,#3787,#3793,#3794));
#3796=FACE_BOUND('',#3795,.T.);
#3797=ADVANCED_FACE('',(#3796),#3785,.F.);
#3798=CARTESIAN_POINT('',(0.,0.,3.2));
#3799=DIRECTION('',(0.,0.,-1.));
#3800=DIRECTION('',(-1.,0.,0.));
#3801=AXIS2_PLACEMENT_3D('',#3798,#3799,#3800);
#3802=PLANE('',#3801);
#3803=ORIENTED_EDGE('',*,*,#47,.F.);
#3804=EDGE_LOOP('',(#3803));
#3805=FACE_BOUND('',#3804,.T.);
#3806=ORIENTED_EDGE('',*,*,#3674,.T.);
#3807=ORIENTED_EDGE('',*,*,#3703,.T.);
#3808=ORIENTED_EDGE('',*,*,#3727,.T.);
#3809=ORIENTED_EDGE('',*,*,#3751,.T.);
#3810=ORIENTED_EDGE('',*,*,#3775,.T.);
#3811=ORIENTED_EDGE('',*,*,#3792,.T.);
#3812=EDGE_LOOP('',(#3806,#3807,#3808,#3809,#3810,#3811));
#3813=FACE_BOUND('',#3812,.T.);
#3814=ADVANCED_FACE('',(#3805,#3813),#3802,.T.);
#3815=CLOSED_SHELL('',(#68,#110,#177,#219,#286,#308,#330,#370,#525,#556,#701,#732,#887,#918,#956,#998,#1065,#1141,#1174,#1196,#1218,#1430,#1470,#1503,#1543,#1576,
#1593,#1610,#1642,#1664,#1681,#1693,#1733,#1799,#1865,#1882,#1899,#1919,#1939,#1970,#2012,#2116,#2133,#2145,#2185,#2249,#2313,#2334,#2355,#2395,#2461,
#2527,#2544,#2561,#2581,#2601,#2641,#2707,#2773,#2790,#2807,#2827,#2847,#2864,#2881,#2893,#2910,#2922,#2939,#2951,#2982,#3013,#3072,#3090,#3115,#3167,
#3189,#3203,#3225,#3239,#3261,#3275,#3297,#3319,#3333,#3347,#3369,#3391,#3405,#3419,#3441,#3460,#3479,#3491,#3522,#3548,#3560,#3572,#3603,#3629,#3641,
#3653,#3684,#3708,#3732,#3756,#3780,#3797,#3814));
#3816=MANIFOLD_SOLID_BREP('Inner',#3815);
#3817=COLOUR_RGB('',0.494117647,0.494117647,0.525490224);
#3818=FILL_AREA_STYLE_COLOUR('',#3817);
#3819=FILL_AREA_STYLE('',(#3818));
#3820=SURFACE_STYLE_FILL_AREA(#3819);
#3821=SURFACE_SIDE_STYLE('',(#3820));
#3822=SURFACE_STYLE_USAGE(.BOTH.,#3821);
#3823=PRESENTATION_STYLE_ASSIGNMENT((#3822));
#26=STYLED_ITEM('',(#3823),#3816);
#16=SHAPE_REPRESENTATION('openGrid M4 Nut Directional Snap v2',(#15),#10);
#17=ADVANCED_BREP_SHAPE_REPRESENTATION('openGrid M4 Nut Directional Snap v2',(#3816),#10);
#3831=SHAPE_REPRESENTATION_RELATIONSHIP('','',#16,#17);
#3832=CARTESIAN_POINT('',(0.,0.,0.));
#3833=DIRECTION('',(0.,0.,1.));
#3834=DIRECTION('',(1.,0.,0.));
#3835=AXIS2_PLACEMENT_3D('',#3832,#3833,#3834);
#3837=MAPPED_ITEM('',#3836,#3835);
#3836=REPRESENTATION_MAP(#3835,#16);
#3838=APPLICATION_CONTEXT('Managed model based 3d engineering');
#3839=APPLICATION_PROTOCOL_DEFINITION('international standard','ap242_managed_model_based_3d_engineering',2014,#3838);
#3840=PRODUCT_CONTEXT('',#3838,'mechanical');
#3841=PRODUCT_DEFINITION_CONTEXT('part definition',#3838,'design');
#24=PRODUCT('openGrid M4 Nut Directional Snap v2','openGrid M4 Nut Directional Snap v2','',(#3840));
#3842=PRODUCT_RELATED_PRODUCT_CATEGORY('part','',(#24));
#3843=PRODUCT_DEFINITION_FORMATION_WITH_SPECIFIED_SOURCE('','',#24,.NOT_KNOWN.);
#25=PRODUCT_DEFINITION('design','',#3843,#3841);
#23=PRODUCT_DEFINITION_SHAPE('','',#25);
#3844=SHAPE_DEFINITION_REPRESENTATION(#23,#16);
#11=DRAUGHTING_MODEL('',(#3837),#10);
#3845=DESCRIPTIVE_REPRESENTATION_ITEM('KEY','/Users/ddanier/Library/Containers/com.shapr3d.shapr/Data/tmp/75E5F59A-A4F1-490A-857F-E0874C1E3454.tmp');
#3846=PROPERTY_DEFINITION('KEY','',#25);
#3847=REPRESENTATION('',(#3845),#10);
#3848=PROPERTY_DEFINITION_REPRESENTATION(#3846,#3847);
#3849=GENERAL_PROPERTY('','KEY','');
#3850=GENERAL_PROPERTY_ASSOCIATION('','',#3849,#3846);
#1=MECHANICAL_DESIGN_GEOMETRIC_PRESENTATION_REPRESENTATION('',(#26),#10);
ENDSEC;
END-ISO-10303-21;
