ISO-10303-21;
HEADER;

/* File generated by Shapr3D Version 5.911.0.9224 */

FILE_DESCRIPTION(('HOOPS Exchange Step'),'2;1');

FILE_NAME('/Users/ddanier/Library/Containers/com.shapr3d.shapr/Data/tmp/export/temp_export',
'2025-08-07T21:06:34+02:00',
('ddanier'),
('Shapr3D Limited'),
'HOOPS Exchange 2024.8',
'Shapr3D',
'Authorized');

FILE_SCHEMA( ('AP242_MANAGED_MODEL_BASED_3D_ENGINEERING_MIM_LF {1 0 10303 442 1 1 4}') );

ENDSEC;

DATA;
#3=(NAMED_UNIT(*)PLANE_ANGLE_UNIT()SI_UNIT($,.RADIAN.));
#4=PLANE_ANGLE_MEASURE_WITH_UNIT(PLANE_ANGLE_MEASURE(0.0174532925),#3);
#5=(CONVERSION_BASED_UNIT('DEGREE',#4)NAMED_UNIT(#6)PLANE_ANGLE_UNIT());
#6=DIMENSIONAL_EXPONENTS(0.,0.,0.,0.,0.,0.,0.);
#7=(NAMED_UNIT(*)SI_UNIT($,.STERADIAN.)SOLID_ANGLE_UNIT());
#8=(LENGTH_UNIT()NAMED_UNIT(*)SI_UNIT(.MILLI.,.METRE.));
#9=UNCERTAINTY_MEASURE_WITH_UNIT(LENGTH_MEASURE(1.000000E-05),#8,'DISTANCE_ACCURACY_VALUE','Maximum Tolerance applied to model');
#10=(GEOMETRIC_REPRESENTATION_CONTEXT(3)GLOBAL_UNCERTAINTY_ASSIGNED_CONTEXT((#9))GLOBAL_UNIT_ASSIGNED_CONTEXT((#8,#5,#7))REPRESENTATION_CONTEXT('','openGrid M3 Nut Directional Snap'));
#12=CARTESIAN_POINT('',(0.,0.,0.));
#13=DIRECTION('',(0.,0.,1.));
#14=DIRECTION('',(1.,0.,0.));
#15=AXIS2_PLACEMENT_3D('TS3D_PRODUCT_CSYS',#12,#13,#14);
#27=CARTESIAN_POINT('',(0.,28.,6.802));
#28=DIRECTION('',(0.,0.,-1.));
#29=DIRECTION('',(-1.,0.,0.));
#30=AXIS2_PLACEMENT_3D('',#27,#28,#29);
#31=CYLINDRICAL_SURFACE('',#30,1.7);
#32=CARTESIAN_POINT('',(-1.7,28.,2.4));
#33=VERTEX_POINT('',#32);
#34=CARTESIAN_POINT('',(-1.7,28.,6.8));
#35=VERTEX_POINT('',#34);
#36=CARTESIAN_POINT('',(-1.7,28.,2.4));
#37=DIRECTION('',(-0.,-0.,1.));
#38=VECTOR('',#37,4.4);
#39=LINE('',#36,#38);
#40=EDGE_CURVE('',#33,#35,#39,.T.);
#41=ORIENTED_EDGE('',*,*,#40,.F.);
#42=CARTESIAN_POINT('',(0.,28.,2.4));
#43=DIRECTION('',(0.,0.,-1.));
#44=DIRECTION('',(-1.,0.,0.));
#45=AXIS2_PLACEMENT_3D('',#42,#43,#44);
#46=CIRCLE('',#45,1.7);
#47=EDGE_CURVE('',#33,#33,#46,.T.);
#48=ORIENTED_EDGE('',*,*,#47,.T.);
#49=ORIENTED_EDGE('',*,*,#40,.T.);
#50=CARTESIAN_POINT('',(1.7,28.,6.8));
#51=VERTEX_POINT('',#50);
#52=CARTESIAN_POINT('',(0.,28.,6.8));
#53=DIRECTION('',(-0.,-0.,-1.));
#54=DIRECTION('',(1.,0.,-0.));
#55=AXIS2_PLACEMENT_3D('',#52,#53,#54);
#56=CIRCLE('',#55,1.7);
#57=EDGE_CURVE('',#51,#35,#56,.T.);
#58=ORIENTED_EDGE('',*,*,#57,.F.);
#59=CARTESIAN_POINT('',(0.,28.,6.8));
#60=DIRECTION('',(-0.,-0.,-1.));
#61=DIRECTION('',(1.,0.,-0.));
#62=AXIS2_PLACEMENT_3D('',#59,#60,#61);
#63=CIRCLE('',#62,1.7);
#64=EDGE_CURVE('',#35,#51,#63,.T.);
#65=ORIENTED_EDGE('',*,*,#64,.F.);
#66=EDGE_LOOP('',(#41,#48,#49,#58,#65));
#67=FACE_BOUND('',#66,.T.);
#68=ADVANCED_FACE('',(#67),#31,.F.);
#69=CARTESIAN_POINT('',(11.4,33.9,6.2));
#70=DIRECTION('',(0.,0.,1.));
#71=DIRECTION('',(1.,0.,-0.));
#72=AXIS2_PLACEMENT_3D('',#69,#70,#71);
#73=CYLINDRICAL_SURFACE('',#72,0.3);
#74=CARTESIAN_POINT('',(11.4,34.2,0.));
#75=VERTEX_POINT('',#74);
#76=CARTESIAN_POINT('',(11.4,34.2,6.2));
#77=VERTEX_POINT('',#76);
#78=CARTESIAN_POINT('',(11.4,34.2,0.));
#79=DIRECTION('',(-0.,-0.,1.));
#80=VECTOR('',#79,6.2);
#81=LINE('',#78,#80);
#82=EDGE_CURVE('',#75,#77,#81,.T.);
#83=ORIENTED_EDGE('',*,*,#82,.T.);
#84=CARTESIAN_POINT('',(11.1,33.9,6.2));
#85=VERTEX_POINT('',#84);
#86=CARTESIAN_POINT('',(11.4,33.9,6.2));
#87=DIRECTION('',(0.,0.,-1.));
#88=DIRECTION('',(-1.,0.,0.));
#89=AXIS2_PLACEMENT_3D('',#86,#87,#88);
#90=CIRCLE('',#89,0.3);
#91=EDGE_CURVE('',#85,#77,#90,.T.);
#92=ORIENTED_EDGE('',*,*,#91,.F.);
#93=CARTESIAN_POINT('',(11.1,33.9,0.));
#94=VERTEX_POINT('',#93);
#95=CARTESIAN_POINT('',(11.1,33.9,0.));
#96=DIRECTION('',(-0.,-0.,1.));
#97=VECTOR('',#96,6.2);
#98=LINE('',#95,#97);
#99=EDGE_CURVE('',#94,#85,#98,.T.);
#100=ORIENTED_EDGE('',*,*,#99,.F.);
#101=CARTESIAN_POINT('',(11.4,33.9,0.));
#102=DIRECTION('',(0.,0.,1.));
#103=DIRECTION('',(1.,0.,-0.));
#104=AXIS2_PLACEMENT_3D('',#101,#102,#103);
#105=CIRCLE('',#104,0.3);
#106=EDGE_CURVE('',#75,#94,#105,.T.);
#107=ORIENTED_EDGE('',*,*,#106,.F.);
#108=EDGE_LOOP('',(#83,#92,#100,#107));
#109=FACE_BOUND('',#108,.T.);
#110=ADVANCED_FACE('',(#109),#73,.F.);
#111=CARTESIAN_POINT('',(11.4,33.9,6.2));
#112=DIRECTION('',(0.,0.,1.));
#113=DIRECTION('',(1.,0.,-0.));
#114=AXIS2_PLACEMENT_3D('',#111,#112,#113);
#115=CYLINDRICAL_SURFACE('',#114,0.3);
#116=CARTESIAN_POINT('',(11.7,33.9,5.6));
#117=VERTEX_POINT('',#116);
#118=CARTESIAN_POINT('',(11.7,33.9,0.));
#119=VERTEX_POINT('',#118);
#120=CARTESIAN_POINT('',(11.7,33.9,5.6));
#121=DIRECTION('',(0.,0.,-1.));
#122=VECTOR('',#121,5.6);
#123=LINE('',#120,#122);
#124=EDGE_CURVE('',#117,#119,#123,.T.);
#125=ORIENTED_EDGE('',*,*,#124,.F.);
#126=CARTESIAN_POINT('',(11.682842712,34.,5.6));
#127=VERTEX_POINT('',#126);
#128=CARTESIAN_POINT('',(11.4,33.9,5.6));
#129=DIRECTION('',(-0.,-0.,1.));
#130=DIRECTION('',(-1.,0.,0.));
#131=AXIS2_PLACEMENT_3D('',#128,#129,#130);
#132=CIRCLE('',#131,0.3);
#133=EDGE_CURVE('',#117,#127,#132,.T.);
#134=ORIENTED_EDGE('',*,*,#133,.T.);
#135=CARTESIAN_POINT('',(11.682842712,34.,6.));
#136=VERTEX_POINT('',#135);
#137=CARTESIAN_POINT('',(11.682842712,34.,5.6));
#138=DIRECTION('',(0.,0.,1.));
#139=VECTOR('',#138,0.4);
#140=LINE('',#137,#139);
#141=EDGE_CURVE('',#127,#136,#140,.T.);
#142=ORIENTED_EDGE('',*,*,#141,.T.);
#143=CARTESIAN_POINT('',(11.7,33.9,6.));
#144=VERTEX_POINT('',#143);
#145=CARTESIAN_POINT('',(11.4,33.9,6.));
#146=DIRECTION('',(-0.,-0.,-1.));
#147=DIRECTION('',(1.,0.,-0.));
#148=AXIS2_PLACEMENT_3D('',#145,#146,#147);
#149=CIRCLE('',#148,0.3);
#150=EDGE_CURVE('',#136,#144,#149,.T.);
#151=ORIENTED_EDGE('',*,*,#150,.T.);
#152=CARTESIAN_POINT('',(11.7,33.9,6.2));
#153=VERTEX_POINT('',#152);
#154=CARTESIAN_POINT('',(11.7,33.9,6.2));
#155=DIRECTION('',(0.,0.,-1.));
#156=VECTOR('',#155,0.2);
#157=LINE('',#154,#156);
#158=EDGE_CURVE('',#153,#144,#157,.T.);
#159=ORIENTED_EDGE('',*,*,#158,.F.);
#160=CARTESIAN_POINT('',(11.4,33.9,6.2));
#161=DIRECTION('',(0.,0.,-1.));
#162=DIRECTION('',(-1.,0.,0.));
#163=AXIS2_PLACEMENT_3D('',#160,#161,#162);
#164=CIRCLE('',#163,0.3);
#165=EDGE_CURVE('',#77,#153,#164,.T.);
#166=ORIENTED_EDGE('',*,*,#165,.F.);
#167=ORIENTED_EDGE('',*,*,#82,.F.);
#168=CARTESIAN_POINT('',(11.4,33.9,0.));
#169=DIRECTION('',(0.,0.,1.));
#170=DIRECTION('',(1.,0.,-0.));
#171=AXIS2_PLACEMENT_3D('',#168,#169,#170);
#172=CIRCLE('',#171,0.3);
#173=EDGE_CURVE('',#119,#75,#172,.T.);
#174=ORIENTED_EDGE('',*,*,#173,.F.);
#175=EDGE_LOOP('',(#125,#134,#142,#151,#159,#166,#167,#174));
#176=FACE_BOUND('',#175,.T.);
#177=ADVANCED_FACE('',(#176),#115,.F.);
#178=CARTESIAN_POINT('',(11.4,22.1,6.2));
#179=DIRECTION('',(0.,0.,1.));
#180=DIRECTION('',(1.,0.,-0.));
#181=AXIS2_PLACEMENT_3D('',#178,#179,#180);
#182=CYLINDRICAL_SURFACE('',#181,0.3);
#183=CARTESIAN_POINT('',(11.1,22.1,6.2));
#184=VERTEX_POINT('',#183);
#185=CARTESIAN_POINT('',(11.1,22.1,0.));
#186=VERTEX_POINT('',#185);
#187=CARTESIAN_POINT('',(11.1,22.1,6.2));
#188=DIRECTION('',(0.,0.,-1.));
#189=VECTOR('',#188,6.2);
#190=LINE('',#187,#189);
#191=EDGE_CURVE('',#184,#186,#190,.T.);
#192=ORIENTED_EDGE('',*,*,#191,.F.);
#193=CARTESIAN_POINT('',(11.4,21.8,6.2));
#194=VERTEX_POINT('',#193);
#195=CARTESIAN_POINT('',(11.4,22.1,6.2));
#196=DIRECTION('',(0.,0.,-1.));
#197=DIRECTION('',(-1.,0.,0.));
#198=AXIS2_PLACEMENT_3D('',#195,#196,#197);
#199=CIRCLE('',#198,0.3);
#200=EDGE_CURVE('',#194,#184,#199,.T.);
#201=ORIENTED_EDGE('',*,*,#200,.F.);
#202=CARTESIAN_POINT('',(11.4,21.8,0.));
#203=VERTEX_POINT('',#202);
#204=CARTESIAN_POINT('',(11.4,21.8,6.2));
#205=DIRECTION('',(0.,0.,-1.));
#206=VECTOR('',#205,6.2);
#207=LINE('',#204,#206);
#208=EDGE_CURVE('',#194,#203,#207,.T.);
#209=ORIENTED_EDGE('',*,*,#208,.T.);
#210=CARTESIAN_POINT('',(11.4,22.1,0.));
#211=DIRECTION('',(0.,0.,1.));
#212=DIRECTION('',(1.,0.,-0.));
#213=AXIS2_PLACEMENT_3D('',#210,#211,#212);
#214=CIRCLE('',#213,0.3);
#215=EDGE_CURVE('',#186,#203,#214,.T.);
#216=ORIENTED_EDGE('',*,*,#215,.F.);
#217=EDGE_LOOP('',(#192,#201,#209,#216));
#218=FACE_BOUND('',#217,.T.);
#219=ADVANCED_FACE('',(#218),#182,.F.);
#220=CARTESIAN_POINT('',(11.4,22.1,6.2));
#221=DIRECTION('',(0.,0.,1.));
#222=DIRECTION('',(1.,0.,-0.));
#223=AXIS2_PLACEMENT_3D('',#220,#221,#222);
#224=CYLINDRICAL_SURFACE('',#223,0.3);
#225=ORIENTED_EDGE('',*,*,#208,.F.);
#226=CARTESIAN_POINT('',(11.7,22.1,6.2));
#227=VERTEX_POINT('',#226);
#228=CARTESIAN_POINT('',(11.4,22.1,6.2));
#229=DIRECTION('',(0.,0.,-1.));
#230=DIRECTION('',(-1.,0.,0.));
#231=AXIS2_PLACEMENT_3D('',#228,#229,#230);
#232=CIRCLE('',#231,0.3);
#233=EDGE_CURVE('',#227,#194,#232,.T.);
#234=ORIENTED_EDGE('',*,*,#233,.F.);
#235=CARTESIAN_POINT('',(11.7,22.1,6.));
#236=VERTEX_POINT('',#235);
#237=CARTESIAN_POINT('',(11.7,22.1,6.));
#238=DIRECTION('',(-0.,-0.,1.));
#239=VECTOR('',#238,0.2);
#240=LINE('',#237,#239);
#241=EDGE_CURVE('',#236,#227,#240,.T.);
#242=ORIENTED_EDGE('',*,*,#241,.F.);
#243=CARTESIAN_POINT('',(11.682842712,22.,6.));
#244=VERTEX_POINT('',#243);
#245=CARTESIAN_POINT('',(11.4,22.1,6.));
#246=DIRECTION('',(-0.,-0.,-1.));
#247=DIRECTION('',(1.,0.,-0.));
#248=AXIS2_PLACEMENT_3D('',#245,#246,#247);
#249=CIRCLE('',#248,0.3);
#250=EDGE_CURVE('',#236,#244,#249,.T.);
#251=ORIENTED_EDGE('',*,*,#250,.T.);
#252=CARTESIAN_POINT('',(11.682842712,22.,5.6));
#253=VERTEX_POINT('',#252);
#254=CARTESIAN_POINT('',(11.682842712,22.,6.));
#255=DIRECTION('',(-0.,-0.,-1.));
#256=VECTOR('',#255,0.4);
#257=LINE('',#254,#256);
#258=EDGE_CURVE('',#244,#253,#257,.T.);
#259=ORIENTED_EDGE('',*,*,#258,.T.);
#260=CARTESIAN_POINT('',(11.7,22.1,5.6));
#261=VERTEX_POINT('',#260);
#262=CARTESIAN_POINT('',(11.4,22.1,5.6));
#263=DIRECTION('',(-0.,-0.,1.));
#264=DIRECTION('',(-1.,0.,0.));
#265=AXIS2_PLACEMENT_3D('',#262,#263,#264);
#266=CIRCLE('',#265,0.3);
#267=EDGE_CURVE('',#253,#261,#266,.T.);
#268=ORIENTED_EDGE('',*,*,#267,.T.);
#269=CARTESIAN_POINT('',(11.7,22.1,0.));
#270=VERTEX_POINT('',#269);
#271=CARTESIAN_POINT('',(11.7,22.1,0.));
#272=DIRECTION('',(-0.,-0.,1.));
#273=VECTOR('',#272,5.6);
#274=LINE('',#271,#273);
#275=EDGE_CURVE('',#270,#261,#274,.T.);
#276=ORIENTED_EDGE('',*,*,#275,.F.);
#277=CARTESIAN_POINT('',(11.4,22.1,0.));
#278=DIRECTION('',(0.,0.,1.));
#279=DIRECTION('',(1.,0.,-0.));
#280=AXIS2_PLACEMENT_3D('',#277,#278,#279);
#281=CIRCLE('',#280,0.3);
#282=EDGE_CURVE('',#203,#270,#281,.T.);
#283=ORIENTED_EDGE('',*,*,#282,.F.);
#284=EDGE_LOOP('',(#225,#234,#242,#251,#259,#268,#276,#283));
#285=FACE_BOUND('',#284,.T.);
#286=ADVANCED_FACE('',(#285),#224,.F.);
#287=CARTESIAN_POINT('',(11.1,28.,6.2));
#288=DIRECTION('',(1.,-0.,0.));
#289=DIRECTION('',(0.,1.,0.));
#290=AXIS2_PLACEMENT_3D('',#287,#288,#289);
#291=PLANE('',#290);
#292=ORIENTED_EDGE('',*,*,#99,.T.);
#293=CARTESIAN_POINT('',(11.1,33.9,6.2));
#294=DIRECTION('',(-0.,-1.,0.));
#295=VECTOR('',#294,11.8);
#296=LINE('',#293,#295);
#297=EDGE_CURVE('',#85,#184,#296,.T.);
#298=ORIENTED_EDGE('',*,*,#297,.T.);
#299=ORIENTED_EDGE('',*,*,#191,.T.);
#300=CARTESIAN_POINT('',(11.1,33.9,0.));
#301=DIRECTION('',(-0.,-1.,0.));
#302=VECTOR('',#301,11.8);
#303=LINE('',#300,#302);
#304=EDGE_CURVE('',#94,#186,#303,.T.);
#305=ORIENTED_EDGE('',*,*,#304,.F.);
#306=EDGE_LOOP('',(#292,#298,#299,#305));
#307=FACE_BOUND('',#306,.T.);
#308=ADVANCED_FACE('',(#307),#291,.T.);
#309=CARTESIAN_POINT('',(11.7,28.,6.2));
#310=DIRECTION('',(-1.,0.,0.));
#311=DIRECTION('',(-0.,-1.,0.));
#312=AXIS2_PLACEMENT_3D('',#309,#310,#311);
#313=PLANE('',#312);
#314=ORIENTED_EDGE('',*,*,#275,.T.);
#315=CARTESIAN_POINT('',(11.7,33.9,5.6));
#316=DIRECTION('',(-0.,-1.,0.));
#317=VECTOR('',#316,11.8);
#318=LINE('',#315,#317);
#319=EDGE_CURVE('',#117,#261,#318,.T.);
#320=ORIENTED_EDGE('',*,*,#319,.F.);
#321=ORIENTED_EDGE('',*,*,#124,.T.);
#322=CARTESIAN_POINT('',(11.7,22.1,0.));
#323=DIRECTION('',(0.,1.,0.));
#324=VECTOR('',#323,11.8);
#325=LINE('',#322,#324);
#326=EDGE_CURVE('',#270,#119,#325,.T.);
#327=ORIENTED_EDGE('',*,*,#326,.F.);
#328=EDGE_LOOP('',(#314,#320,#321,#327));
#329=FACE_BOUND('',#328,.T.);
#330=ADVANCED_FACE('',(#329),#313,.T.);
#331=CARTESIAN_POINT('',(-9.332473329,18.667526671,-2.195876077));
#332=DIRECTION('',(-0.697518449,-0.697518449,-0.164121988));
#333=DIRECTION('',(0.707106781,-0.707106781,-0.));
#334=AXIS2_PLACEMENT_3D('',#331,#332,#333);
#335=PLANE('',#334);
#336=CARTESIAN_POINT('',(-7.581623382,15.6,3.4));
#337=VERTEX_POINT('',#336);
#338=CARTESIAN_POINT('',(-7.581623382,16.4,0.));
#339=VERTEX_POINT('',#338);
#340=CARTESIAN_POINT('',(-7.581623382,15.6,3.4));
#341=DIRECTION('',(0.,0.229039334,-0.973417168));
#342=VECTOR('',#341,3.492849839);
#343=LINE('',#340,#342);
#344=EDGE_CURVE('',#337,#339,#343,.T.);
#345=ORIENTED_EDGE('',*,*,#344,.F.);
#346=CARTESIAN_POINT('',(-12.4,20.418376618,3.4));
#347=VERTEX_POINT('',#346);
#348=CARTESIAN_POINT('',(-7.581623382,15.6,3.4));
#349=DIRECTION('',(-0.707106781,0.707106781,0.));
#350=VECTOR('',#349,6.814213562);
#351=LINE('',#348,#350);
#352=EDGE_CURVE('',#337,#347,#351,.T.);
#353=ORIENTED_EDGE('',*,*,#352,.T.);
#354=CARTESIAN_POINT('',(-12.4,21.218376618,0.));
#355=VERTEX_POINT('',#354);
#356=CARTESIAN_POINT('',(-12.4,20.418376618,3.4));
#357=DIRECTION('',(0.,0.229039334,-0.973417168));
#358=VECTOR('',#357,3.492849839);
#359=LINE('',#356,#358);
#360=EDGE_CURVE('',#347,#355,#359,.T.);
#361=ORIENTED_EDGE('',*,*,#360,.T.);
#362=CARTESIAN_POINT('',(-12.4,21.218376618,0.));
#363=DIRECTION('',(0.707106781,-0.707106781,0.));
#364=VECTOR('',#363,6.814213562);
#365=LINE('',#362,#364);
#366=EDGE_CURVE('',#355,#339,#365,.T.);
#367=ORIENTED_EDGE('',*,*,#366,.T.);
#368=EDGE_LOOP('',(#345,#353,#361,#367));
#369=FACE_BOUND('',#368,.T.);
#370=ADVANCED_FACE('',(#369),#335,.T.);
#371=CARTESIAN_POINT('',(-12.4,28.8,6.8));
#372=DIRECTION('',(1.,0.,0.));
#373=DIRECTION('',(0.,0.,-1.));
#374=AXIS2_PLACEMENT_3D('',#371,#372,#373);
#375=PLANE('',#374);
#376=CARTESIAN_POINT('',(-12.4,22.6,5.4));
#377=VERTEX_POINT('',#376);
#378=CARTESIAN_POINT('',(-12.4,22.6,3.4));
#379=VERTEX_POINT('',#378);
#380=CARTESIAN_POINT('',(-12.4,22.6,5.4));
#381=DIRECTION('',(0.,0.,-1.));
#382=VECTOR('',#381,2.);
#383=LINE('',#380,#382);
#384=EDGE_CURVE('',#377,#379,#383,.T.);
#385=ORIENTED_EDGE('',*,*,#384,.T.);
#386=CARTESIAN_POINT('',(-12.4,33.4,3.4));
#387=VERTEX_POINT('',#386);
#388=CARTESIAN_POINT('',(-12.4,22.6,3.4));
#389=DIRECTION('',(0.,1.,-0.));
#390=VECTOR('',#389,10.8);
#391=LINE('',#388,#390);
#392=EDGE_CURVE('',#379,#387,#391,.T.);
#393=ORIENTED_EDGE('',*,*,#392,.T.);
#394=CARTESIAN_POINT('',(-12.4,33.4,5.4));
#395=VERTEX_POINT('',#394);
#396=CARTESIAN_POINT('',(-12.4,33.4,3.4));
#397=DIRECTION('',(0.,0.,1.));
#398=VECTOR('',#397,2.);
#399=LINE('',#396,#398);
#400=EDGE_CURVE('',#387,#395,#399,.T.);
#401=ORIENTED_EDGE('',*,*,#400,.T.);
#402=CARTESIAN_POINT('',(-12.4,33.4,5.4));
#403=DIRECTION('',(0.,-1.,0.));
#404=VECTOR('',#403,10.8);
#405=LINE('',#402,#404);
#406=EDGE_CURVE('',#395,#377,#405,.T.);
#407=ORIENTED_EDGE('',*,*,#406,.T.);
#408=EDGE_LOOP('',(#385,#393,#401,#407));
#409=FACE_BOUND('',#408,.T.);
#410=ORIENTED_EDGE('',*,*,#360,.F.);
#411=CARTESIAN_POINT('',(-12.4,20.418376618,5.3));
#412=VERTEX_POINT('',#411);
#413=CARTESIAN_POINT('',(-12.4,20.418376618,5.3));
#414=DIRECTION('',(0.,0.,-1.));
#415=VECTOR('',#414,1.9);
#416=LINE('',#413,#415);
#417=EDGE_CURVE('',#412,#347,#416,.T.);
#418=ORIENTED_EDGE('',*,*,#417,.F.);
#419=CARTESIAN_POINT('',(-12.4,18.8627417,6.4));
#420=VERTEX_POINT('',#419);
#421=CARTESIAN_POINT('',(-12.4,20.418376618,5.3));
#422=DIRECTION('',(-0.,-0.816496581,0.577350269));
#423=VECTOR('',#422,1.905255888);
#424=LINE('',#421,#423);
#425=EDGE_CURVE('',#412,#420,#424,.T.);
#426=ORIENTED_EDGE('',*,*,#425,.T.);
#427=CARTESIAN_POINT('',(-12.4,18.8627417,6.8));
#428=VERTEX_POINT('',#427);
#429=CARTESIAN_POINT('',(-12.4,18.8627417,6.4));
#430=DIRECTION('',(0.,0.,1.));
#431=VECTOR('',#430,0.4);
#432=LINE('',#429,#431);
#433=EDGE_CURVE('',#420,#428,#432,.T.);
#434=ORIENTED_EDGE('',*,*,#433,.T.);
#435=CARTESIAN_POINT('',(-12.4,37.1372583,6.8));
#436=VERTEX_POINT('',#435);
#437=CARTESIAN_POINT('',(-12.4,18.8627417,6.8));
#438=DIRECTION('',(0.,1.,0.));
#439=VECTOR('',#438,18.2745166);
#440=LINE('',#437,#439);
#441=EDGE_CURVE('',#428,#436,#440,.T.);
#442=ORIENTED_EDGE('',*,*,#441,.T.);
#443=CARTESIAN_POINT('',(-12.4,37.1372583,6.4));
#444=VERTEX_POINT('',#443);
#445=CARTESIAN_POINT('',(-12.4,37.1372583,6.4));
#446=DIRECTION('',(0.,0.,1.));
#447=VECTOR('',#446,0.4);
#448=LINE('',#445,#447);
#449=EDGE_CURVE('',#444,#436,#448,.T.);
#450=ORIENTED_EDGE('',*,*,#449,.F.);
#451=CARTESIAN_POINT('',(-12.4,35.581623382,5.3));
#452=VERTEX_POINT('',#451);
#453=CARTESIAN_POINT('',(-12.4,37.1372583,6.4));
#454=DIRECTION('',(-0.,-0.816496581,-0.577350269));
#455=VECTOR('',#454,1.905255888);
#456=LINE('',#453,#455);
#457=EDGE_CURVE('',#444,#452,#456,.T.);
#458=ORIENTED_EDGE('',*,*,#457,.T.);
#459=CARTESIAN_POINT('',(-12.4,35.581623382,0.));
#460=VERTEX_POINT('',#459);
#461=CARTESIAN_POINT('',(-12.4,35.581623382,5.3));
#462=DIRECTION('',(0.,0.,-1.));
#463=VECTOR('',#462,5.3);
#464=LINE('',#461,#463);
#465=EDGE_CURVE('',#452,#460,#464,.T.);
#466=ORIENTED_EDGE('',*,*,#465,.T.);
#467=CARTESIAN_POINT('',(-12.4,35.581623382,0.));
#468=DIRECTION('',(0.,-1.,0.));
#469=VECTOR('',#468,14.363246763);
#470=LINE('',#467,#469);
#471=EDGE_CURVE('',#460,#355,#470,.T.);
#472=ORIENTED_EDGE('',*,*,#471,.T.);
#473=EDGE_LOOP('',(#410,#418,#426,#434,#442,#450,#458,#466,#472));
#474=FACE_BOUND('',#473,.T.);
#475=CARTESIAN_POINT('',(-12.4,22.,6.));
#476=VERTEX_POINT('',#475);
#477=CARTESIAN_POINT('',(-12.4,34.,6.));
#478=VERTEX_POINT('',#477);
#479=CARTESIAN_POINT('',(-12.4,22.,6.));
#480=DIRECTION('',(0.,1.,0.));
#481=VECTOR('',#480,12.);
#482=LINE('',#479,#481);
#483=EDGE_CURVE('',#476,#478,#482,.T.);
#484=ORIENTED_EDGE('',*,*,#483,.F.);
#485=CARTESIAN_POINT('',(-12.4,22.,5.6));
#486=VERTEX_POINT('',#485);
#487=CARTESIAN_POINT('',(-12.4,22.,5.6));
#488=DIRECTION('',(0.,0.,1.));
#489=VECTOR('',#488,0.4);
#490=LINE('',#487,#489);
#491=EDGE_CURVE('',#486,#476,#490,.T.);
#492=ORIENTED_EDGE('',*,*,#491,.F.);
#493=CARTESIAN_POINT('',(-12.4,34.,5.6));
#494=VERTEX_POINT('',#493);
#495=CARTESIAN_POINT('',(-12.4,34.,5.6));
#496=DIRECTION('',(0.,-1.,0.));
#497=VECTOR('',#496,12.);
#498=LINE('',#495,#497);
#499=EDGE_CURVE('',#494,#486,#498,.T.);
#500=ORIENTED_EDGE('',*,*,#499,.F.);
#501=CARTESIAN_POINT('',(-12.4,34.,6.));
#502=DIRECTION('',(0.,0.,-1.));
#503=VECTOR('',#502,0.4);
#504=LINE('',#501,#503);
#505=EDGE_CURVE('',#478,#494,#504,.T.);
#506=ORIENTED_EDGE('',*,*,#505,.F.);
#507=EDGE_LOOP('',(#484,#492,#500,#506));
#508=FACE_BOUND('',#507,.T.);
#509=ADVANCED_FACE('',(#409,#474,#508),#375,.F.);
#510=CARTESIAN_POINT('',(-9.990811691,37.990811691,6.8));
#511=DIRECTION('',(0.707106781,-0.707106781,0.));
#512=DIRECTION('',(0.707106781,0.707106781,0.));
#513=AXIS2_PLACEMENT_3D('',#510,#511,#512);
#514=PLANE('',#513);
#515=ORIENTED_EDGE('',*,*,#465,.F.);
#516=CARTESIAN_POINT('',(-7.581623382,40.4,5.3));
#517=VERTEX_POINT('',#516);
#518=CARTESIAN_POINT('',(-12.4,35.581623382,5.3));
#519=DIRECTION('',(0.707106781,0.707106781,-0.));
#520=VECTOR('',#519,6.814213562);
#521=LINE('',#518,#520);
#522=EDGE_CURVE('',#452,#517,#521,.T.);
#523=ORIENTED_EDGE('',*,*,#522,.T.);
#524=CARTESIAN_POINT('',(-7.581623382,40.4,0.));
#525=VERTEX_POINT('',#524);
#526=CARTESIAN_POINT('',(-7.581623382,40.4,5.3));
#527=DIRECTION('',(0.,0.,-1.));
#528=VECTOR('',#527,5.3);
#529=LINE('',#526,#528);
#530=EDGE_CURVE('',#517,#525,#529,.T.);
#531=ORIENTED_EDGE('',*,*,#530,.T.);
#532=CARTESIAN_POINT('',(-7.581623382,40.4,0.));
#533=DIRECTION('',(-0.707106781,-0.707106781,0.));
#534=VECTOR('',#533,6.814213562);
#535=LINE('',#532,#534);
#536=EDGE_CURVE('',#525,#460,#535,.T.);
#537=ORIENTED_EDGE('',*,*,#536,.T.);
#538=EDGE_LOOP('',(#515,#523,#531,#537));
#539=FACE_BOUND('',#538,.T.);
#540=ADVANCED_FACE('',(#539),#514,.F.);
#541=CARTESIAN_POINT('',(0.,40.4,6.8));
#542=DIRECTION('',(0.,-1.,0.));
#543=DIRECTION('',(0.,0.,-1.));
#544=AXIS2_PLACEMENT_3D('',#541,#542,#543);
#545=PLANE('',#544);
#546=CARTESIAN_POINT('',(-7.,40.4,5.4));
#547=VERTEX_POINT('',#546);
#548=CARTESIAN_POINT('',(-7.,40.4,3.4));
#549=VERTEX_POINT('',#548);
#550=CARTESIAN_POINT('',(-7.,40.4,5.4));
#551=DIRECTION('',(0.,0.,-1.));
#552=VECTOR('',#551,2.);
#553=LINE('',#550,#552);
#554=EDGE_CURVE('',#547,#549,#553,.T.);
#555=ORIENTED_EDGE('',*,*,#554,.T.);
#556=CARTESIAN_POINT('',(-7.,40.4,1.4));
#557=VERTEX_POINT('',#556);
#558=CARTESIAN_POINT('',(-7.,40.4,3.4));
#559=DIRECTION('',(0.,0.,-1.));
#560=VECTOR('',#559,2.);
#561=LINE('',#558,#560);
#562=EDGE_CURVE('',#549,#557,#561,.T.);
#563=ORIENTED_EDGE('',*,*,#562,.T.);
#564=CARTESIAN_POINT('',(7.,40.4,1.4));
#565=VERTEX_POINT('',#564);
#566=CARTESIAN_POINT('',(-7.,40.4,1.4));
#567=DIRECTION('',(1.,0.,-0.));
#568=VECTOR('',#567,14.);
#569=LINE('',#566,#568);
#570=EDGE_CURVE('',#557,#565,#569,.T.);
#571=ORIENTED_EDGE('',*,*,#570,.T.);
#572=CARTESIAN_POINT('',(7.,40.4,3.4));
#573=VERTEX_POINT('',#572);
#574=CARTESIAN_POINT('',(7.,40.4,1.4));
#575=DIRECTION('',(-0.,-0.,1.));
#576=VECTOR('',#575,2.);
#577=LINE('',#574,#576);
#578=EDGE_CURVE('',#565,#573,#577,.T.);
#579=ORIENTED_EDGE('',*,*,#578,.T.);
#580=CARTESIAN_POINT('',(7.,40.4,5.4));
#581=VERTEX_POINT('',#580);
#582=CARTESIAN_POINT('',(7.,40.4,3.4));
#583=DIRECTION('',(-0.,-0.,1.));
#584=VECTOR('',#583,2.);
#585=LINE('',#582,#584);
#586=EDGE_CURVE('',#573,#581,#585,.T.);
#587=ORIENTED_EDGE('',*,*,#586,.T.);
#588=CARTESIAN_POINT('',(7.,40.4,5.4));
#589=DIRECTION('',(-1.,0.,0.));
#590=VECTOR('',#589,14.);
#591=LINE('',#588,#590);
#592=EDGE_CURVE('',#581,#547,#591,.T.);
#593=ORIENTED_EDGE('',*,*,#592,.T.);
#594=EDGE_LOOP('',(#555,#563,#571,#579,#587,#593));
#595=FACE_BOUND('',#594,.T.);
#596=ORIENTED_EDGE('',*,*,#530,.F.);
#597=CARTESIAN_POINT('',(-9.1372583,40.4,6.4));
#598=VERTEX_POINT('',#597);
#599=CARTESIAN_POINT('',(-7.581623382,40.4,5.3));
#600=DIRECTION('',(-0.816496581,0.,0.577350269));
#601=VECTOR('',#600,1.905255888);
#602=LINE('',#599,#601);
#603=EDGE_CURVE('',#517,#598,#602,.T.);
#604=ORIENTED_EDGE('',*,*,#603,.T.);
#605=CARTESIAN_POINT('',(-9.1372583,40.4,6.8));
#606=VERTEX_POINT('',#605);
#607=CARTESIAN_POINT('',(-9.1372583,40.4,6.4));
#608=DIRECTION('',(0.,0.,1.));
#609=VECTOR('',#608,0.4);
#610=LINE('',#607,#609);
#611=EDGE_CURVE('',#598,#606,#610,.T.);
#612=ORIENTED_EDGE('',*,*,#611,.T.);
#613=CARTESIAN_POINT('',(9.1372583,40.4,6.8));
#614=VERTEX_POINT('',#613);
#615=CARTESIAN_POINT('',(9.1372583,40.4,6.8));
#616=DIRECTION('',(-1.,0.,0.));
#617=VECTOR('',#616,18.2745166);
#618=LINE('',#615,#617);
#619=EDGE_CURVE('',#614,#606,#618,.T.);
#620=ORIENTED_EDGE('',*,*,#619,.F.);
#621=CARTESIAN_POINT('',(9.1372583,40.4,6.4));
#622=VERTEX_POINT('',#621);
#623=CARTESIAN_POINT('',(9.1372583,40.4,6.4));
#624=DIRECTION('',(0.,0.,1.));
#625=VECTOR('',#624,0.4);
#626=LINE('',#623,#625);
#627=EDGE_CURVE('',#622,#614,#626,.T.);
#628=ORIENTED_EDGE('',*,*,#627,.F.);
#629=CARTESIAN_POINT('',(7.581623382,40.4,5.3));
#630=VERTEX_POINT('',#629);
#631=CARTESIAN_POINT('',(9.1372583,40.4,6.4));
#632=DIRECTION('',(-0.816496581,0.,-0.577350269));
#633=VECTOR('',#632,1.905255888);
#634=LINE('',#631,#633);
#635=EDGE_CURVE('',#622,#630,#634,.T.);
#636=ORIENTED_EDGE('',*,*,#635,.T.);
#637=CARTESIAN_POINT('',(7.581623382,40.4,0.));
#638=VERTEX_POINT('',#637);
#639=CARTESIAN_POINT('',(7.581623382,40.4,5.3));
#640=DIRECTION('',(0.,0.,-1.));
#641=VECTOR('',#640,5.3);
#642=LINE('',#639,#641);
#643=EDGE_CURVE('',#630,#638,#642,.T.);
#644=ORIENTED_EDGE('',*,*,#643,.T.);
#645=CARTESIAN_POINT('',(7.581623382,40.4,0.));
#646=DIRECTION('',(-1.,0.,0.));
#647=VECTOR('',#646,15.163246763);
#648=LINE('',#645,#647);
#649=EDGE_CURVE('',#638,#525,#648,.T.);
#650=ORIENTED_EDGE('',*,*,#649,.T.);
#651=EDGE_LOOP('',(#596,#604,#612,#620,#628,#636,#644,#650));
#652=FACE_BOUND('',#651,.T.);
#653=ADVANCED_FACE('',(#595,#652),#545,.F.);
#654=CARTESIAN_POINT('',(9.990811691,37.990811691,6.8));
#655=DIRECTION('',(-0.707106781,-0.707106781,0.));
#656=DIRECTION('',(0.707106781,-0.707106781,0.));
#657=AXIS2_PLACEMENT_3D('',#654,#655,#656);
#658=PLANE('',#657);
#659=ORIENTED_EDGE('',*,*,#643,.F.);
#660=CARTESIAN_POINT('',(12.4,35.581623382,5.3));
#661=VERTEX_POINT('',#660);
#662=CARTESIAN_POINT('',(7.581623382,40.4,5.3));
#663=DIRECTION('',(0.707106781,-0.707106781,-0.));
#664=VECTOR('',#663,6.814213562);
#665=LINE('',#662,#664);
#666=EDGE_CURVE('',#630,#661,#665,.T.);
#667=ORIENTED_EDGE('',*,*,#666,.T.);
#668=CARTESIAN_POINT('',(12.4,35.581623382,0.));
#669=VERTEX_POINT('',#668);
#670=CARTESIAN_POINT('',(12.4,35.581623382,5.3));
#671=DIRECTION('',(0.,0.,-1.));
#672=VECTOR('',#671,5.3);
#673=LINE('',#670,#672);
#674=EDGE_CURVE('',#661,#669,#673,.T.);
#675=ORIENTED_EDGE('',*,*,#674,.T.);
#676=CARTESIAN_POINT('',(12.4,35.581623382,0.));
#677=DIRECTION('',(-0.707106781,0.707106781,0.));
#678=VECTOR('',#677,6.814213562);
#679=LINE('',#676,#678);
#680=EDGE_CURVE('',#669,#638,#679,.T.);
#681=ORIENTED_EDGE('',*,*,#680,.T.);
#682=EDGE_LOOP('',(#659,#667,#675,#681));
#683=FACE_BOUND('',#682,.T.);
#684=ADVANCED_FACE('',(#683),#658,.F.);
#685=CARTESIAN_POINT('',(12.4,28.8,6.8));
#686=DIRECTION('',(-1.,0.,0.));
#687=DIRECTION('',(0.,0.,1.));
#688=AXIS2_PLACEMENT_3D('',#685,#686,#687);
#689=PLANE('',#688);
#690=CARTESIAN_POINT('',(12.4,33.4,5.4));
#691=VERTEX_POINT('',#690);
#692=CARTESIAN_POINT('',(12.4,33.4,3.4));
#693=VERTEX_POINT('',#692);
#694=CARTESIAN_POINT('',(12.4,33.4,5.4));
#695=DIRECTION('',(0.,0.,-1.));
#696=VECTOR('',#695,2.);
#697=LINE('',#694,#696);
#698=EDGE_CURVE('',#691,#693,#697,.T.);
#699=ORIENTED_EDGE('',*,*,#698,.T.);
#700=CARTESIAN_POINT('',(12.4,22.6,3.4));
#701=VERTEX_POINT('',#700);
#702=CARTESIAN_POINT('',(12.4,33.4,3.4));
#703=DIRECTION('',(-0.,-1.,-0.));
#704=VECTOR('',#703,10.8);
#705=LINE('',#702,#704);
#706=EDGE_CURVE('',#693,#701,#705,.T.);
#707=ORIENTED_EDGE('',*,*,#706,.T.);
#708=CARTESIAN_POINT('',(12.4,22.6,5.4));
#709=VERTEX_POINT('',#708);
#710=CARTESIAN_POINT('',(12.4,22.6,3.4));
#711=DIRECTION('',(-0.,-0.,1.));
#712=VECTOR('',#711,2.);
#713=LINE('',#710,#712);
#714=EDGE_CURVE('',#701,#709,#713,.T.);
#715=ORIENTED_EDGE('',*,*,#714,.T.);
#716=CARTESIAN_POINT('',(12.4,22.6,5.4));
#717=DIRECTION('',(0.,1.,0.));
#718=VECTOR('',#717,10.8);
#719=LINE('',#716,#718);
#720=EDGE_CURVE('',#709,#691,#719,.T.);
#721=ORIENTED_EDGE('',*,*,#720,.T.);
#722=EDGE_LOOP('',(#699,#707,#715,#721));
#723=FACE_BOUND('',#722,.T.);
#724=ORIENTED_EDGE('',*,*,#674,.F.);
#725=CARTESIAN_POINT('',(12.4,37.1372583,6.4));
#726=VERTEX_POINT('',#725);
#727=CARTESIAN_POINT('',(12.4,35.581623382,5.3));
#728=DIRECTION('',(0.,0.816496581,0.577350269));
#729=VECTOR('',#728,1.905255888);
#730=LINE('',#727,#729);
#731=EDGE_CURVE('',#661,#726,#730,.T.);
#732=ORIENTED_EDGE('',*,*,#731,.T.);
#733=CARTESIAN_POINT('',(12.4,37.1372583,6.8));
#734=VERTEX_POINT('',#733);
#735=CARTESIAN_POINT('',(12.4,37.1372583,6.4));
#736=DIRECTION('',(0.,0.,1.));
#737=VECTOR('',#736,0.4);
#738=LINE('',#735,#737);
#739=EDGE_CURVE('',#726,#734,#738,.T.);
#740=ORIENTED_EDGE('',*,*,#739,.T.);
#741=CARTESIAN_POINT('',(12.4,18.8627417,6.8));
#742=VERTEX_POINT('',#741);
#743=CARTESIAN_POINT('',(12.4,18.8627417,6.8));
#744=DIRECTION('',(0.,1.,0.));
#745=VECTOR('',#744,18.2745166);
#746=LINE('',#743,#745);
#747=EDGE_CURVE('',#742,#734,#746,.T.);
#748=ORIENTED_EDGE('',*,*,#747,.F.);
#749=CARTESIAN_POINT('',(12.4,18.8627417,6.4));
#750=VERTEX_POINT('',#749);
#751=CARTESIAN_POINT('',(12.4,18.8627417,6.4));
#752=DIRECTION('',(0.,0.,1.));
#753=VECTOR('',#752,0.4);
#754=LINE('',#751,#753);
#755=EDGE_CURVE('',#750,#742,#754,.T.);
#756=ORIENTED_EDGE('',*,*,#755,.F.);
#757=CARTESIAN_POINT('',(12.4,20.418376618,5.3));
#758=VERTEX_POINT('',#757);
#759=CARTESIAN_POINT('',(12.4,18.8627417,6.4));
#760=DIRECTION('',(0.,0.816496581,-0.577350269));
#761=VECTOR('',#760,1.905255888);
#762=LINE('',#759,#761);
#763=EDGE_CURVE('',#750,#758,#762,.T.);
#764=ORIENTED_EDGE('',*,*,#763,.T.);
#765=CARTESIAN_POINT('',(12.4,20.418376618,3.4));
#766=VERTEX_POINT('',#765);
#767=CARTESIAN_POINT('',(12.4,20.418376618,5.3));
#768=DIRECTION('',(0.,0.,-1.));
#769=VECTOR('',#768,1.9);
#770=LINE('',#767,#769);
#771=EDGE_CURVE('',#758,#766,#770,.T.);
#772=ORIENTED_EDGE('',*,*,#771,.T.);
#773=CARTESIAN_POINT('',(12.4,21.218376618,0.));
#774=VERTEX_POINT('',#773);
#775=CARTESIAN_POINT('',(12.4,20.418376618,3.4));
#776=DIRECTION('',(0.,0.229039334,-0.973417168));
#777=VECTOR('',#776,3.492849839);
#778=LINE('',#775,#777);
#779=EDGE_CURVE('',#766,#774,#778,.T.);
#780=ORIENTED_EDGE('',*,*,#779,.T.);
#781=CARTESIAN_POINT('',(12.4,21.218376618,0.));
#782=DIRECTION('',(0.,1.,0.));
#783=VECTOR('',#782,14.363246763);
#784=LINE('',#781,#783);
#785=EDGE_CURVE('',#774,#669,#784,.T.);
#786=ORIENTED_EDGE('',*,*,#785,.T.);
#787=EDGE_LOOP('',(#724,#732,#740,#748,#756,#764,#772,#780,#786));
#788=FACE_BOUND('',#787,.T.);
#789=CARTESIAN_POINT('',(12.4,34.,6.));
#790=VERTEX_POINT('',#789);
#791=CARTESIAN_POINT('',(12.4,22.,6.));
#792=VERTEX_POINT('',#791);
#793=CARTESIAN_POINT('',(12.4,34.,6.));
#794=DIRECTION('',(-0.,-1.,0.));
#795=VECTOR('',#794,12.);
#796=LINE('',#793,#795);
#797=EDGE_CURVE('',#790,#792,#796,.T.);
#798=ORIENTED_EDGE('',*,*,#797,.F.);
#799=CARTESIAN_POINT('',(12.4,34.,5.6));
#800=VERTEX_POINT('',#799);
#801=CARTESIAN_POINT('',(12.4,34.,5.6));
#802=DIRECTION('',(0.,0.,1.));
#803=VECTOR('',#802,0.4);
#804=LINE('',#801,#803);
#805=EDGE_CURVE('',#800,#790,#804,.T.);
#806=ORIENTED_EDGE('',*,*,#805,.F.);
#807=CARTESIAN_POINT('',(12.4,22.,5.6));
#808=VERTEX_POINT('',#807);
#809=CARTESIAN_POINT('',(12.4,22.,5.6));
#810=DIRECTION('',(0.,1.,0.));
#811=VECTOR('',#810,12.);
#812=LINE('',#809,#811);
#813=EDGE_CURVE('',#808,#800,#812,.T.);
#814=ORIENTED_EDGE('',*,*,#813,.F.);
#815=CARTESIAN_POINT('',(12.4,22.,6.));
#816=DIRECTION('',(0.,0.,-1.));
#817=VECTOR('',#816,0.4);
#818=LINE('',#815,#817);
#819=EDGE_CURVE('',#792,#808,#818,.T.);
#820=ORIENTED_EDGE('',*,*,#819,.F.);
#821=EDGE_LOOP('',(#798,#806,#814,#820));
#822=FACE_BOUND('',#821,.T.);
#823=ADVANCED_FACE('',(#723,#788,#822),#689,.F.);
#824=CARTESIAN_POINT('',(9.332473329,18.667526671,-2.195876077));
#825=DIRECTION('',(0.697518449,-0.697518449,-0.164121988));
#826=DIRECTION('',(0.707106781,0.707106781,0.));
#827=AXIS2_PLACEMENT_3D('',#824,#825,#826);
#828=PLANE('',#827);
#829=ORIENTED_EDGE('',*,*,#779,.F.);
#830=CARTESIAN_POINT('',(7.581623382,15.6,3.4));
#831=VERTEX_POINT('',#830);
#832=CARTESIAN_POINT('',(12.4,20.418376618,3.4));
#833=DIRECTION('',(-0.707106781,-0.707106781,0.));
#834=VECTOR('',#833,6.814213562);
#835=LINE('',#832,#834);
#836=EDGE_CURVE('',#766,#831,#835,.T.);
#837=ORIENTED_EDGE('',*,*,#836,.T.);
#838=CARTESIAN_POINT('',(7.581623382,16.4,0.));
#839=VERTEX_POINT('',#838);
#840=CARTESIAN_POINT('',(7.581623382,15.6,3.4));
#841=DIRECTION('',(-0.,0.229039334,-0.973417168));
#842=VECTOR('',#841,3.492849839);
#843=LINE('',#840,#842);
#844=EDGE_CURVE('',#831,#839,#843,.T.);
#845=ORIENTED_EDGE('',*,*,#844,.T.);
#846=CARTESIAN_POINT('',(7.581623382,16.4,0.));
#847=DIRECTION('',(0.707106781,0.707106781,0.));
#848=VECTOR('',#847,6.814213562);
#849=LINE('',#846,#848);
#850=EDGE_CURVE('',#839,#774,#849,.T.);
#851=ORIENTED_EDGE('',*,*,#850,.T.);
#852=EDGE_LOOP('',(#829,#837,#845,#851));
#853=FACE_BOUND('',#852,.T.);
#854=ADVANCED_FACE('',(#853),#828,.T.);
#855=CARTESIAN_POINT('',(-0.,17.00852459,-2.586229508));
#856=DIRECTION('',(-0.,-0.973417168,-0.229039334));
#857=DIRECTION('',(0.,0.229039334,-0.973417168));
#858=AXIS2_PLACEMENT_3D('',#855,#856,#857);
#859=PLANE('',#858);
#860=ORIENTED_EDGE('',*,*,#844,.F.);
#861=CARTESIAN_POINT('',(5.4,15.6,3.4));
#862=VERTEX_POINT('',#861);
#863=CARTESIAN_POINT('',(7.581623382,15.6,3.4));
#864=DIRECTION('',(-1.,0.,0.));
#865=VECTOR('',#864,2.181623382);
#866=LINE('',#863,#865);
#867=EDGE_CURVE('',#831,#862,#866,.T.);
#868=ORIENTED_EDGE('',*,*,#867,.T.);
#869=CARTESIAN_POINT('',(-5.4,15.6,3.4));
#870=VERTEX_POINT('',#869);
#871=CARTESIAN_POINT('',(5.4,15.6,3.4));
#872=DIRECTION('',(-1.,0.,-0.));
#873=VECTOR('',#872,10.8);
#874=LINE('',#871,#873);
#875=EDGE_CURVE('',#862,#870,#874,.T.);
#876=ORIENTED_EDGE('',*,*,#875,.T.);
#877=CARTESIAN_POINT('',(-5.4,15.6,3.4));
#878=DIRECTION('',(-1.,0.,0.));
#879=VECTOR('',#878,2.181623382);
#880=LINE('',#877,#879);
#881=EDGE_CURVE('',#870,#337,#880,.T.);
#882=ORIENTED_EDGE('',*,*,#881,.T.);
#883=ORIENTED_EDGE('',*,*,#344,.T.);
#884=CARTESIAN_POINT('',(-7.581623382,16.4,0.));
#885=DIRECTION('',(1.,0.,-0.));
#886=VECTOR('',#885,15.163246763);
#887=LINE('',#884,#886);
#888=EDGE_CURVE('',#339,#839,#887,.T.);
#889=ORIENTED_EDGE('',*,*,#888,.T.);
#890=EDGE_LOOP('',(#860,#868,#876,#882,#883,#889));
#891=FACE_BOUND('',#890,.T.);
#892=ADVANCED_FACE('',(#891),#859,.T.);
#893=CARTESIAN_POINT('',(-11.4,22.1,6.2));
#894=DIRECTION('',(0.,0.,1.));
#895=DIRECTION('',(1.,0.,-0.));
#896=AXIS2_PLACEMENT_3D('',#893,#894,#895);
#897=CYLINDRICAL_SURFACE('',#896,0.3);
#898=CARTESIAN_POINT('',(-11.4,21.8,0.));
#899=VERTEX_POINT('',#898);
#900=CARTESIAN_POINT('',(-11.4,21.8,6.2));
#901=VERTEX_POINT('',#900);
#902=CARTESIAN_POINT('',(-11.4,21.8,0.));
#903=DIRECTION('',(-0.,-0.,1.));
#904=VECTOR('',#903,6.2);
#905=LINE('',#902,#904);
#906=EDGE_CURVE('',#899,#901,#905,.T.);
#907=ORIENTED_EDGE('',*,*,#906,.T.);
#908=CARTESIAN_POINT('',(-11.1,22.1,6.2));
#909=VERTEX_POINT('',#908);
#910=CARTESIAN_POINT('',(-11.4,22.1,6.2));
#911=DIRECTION('',(0.,0.,-1.));
#912=DIRECTION('',(-1.,0.,0.));
#913=AXIS2_PLACEMENT_3D('',#910,#911,#912);
#914=CIRCLE('',#913,0.3);
#915=EDGE_CURVE('',#909,#901,#914,.T.);
#916=ORIENTED_EDGE('',*,*,#915,.F.);
#917=CARTESIAN_POINT('',(-11.1,22.1,0.));
#918=VERTEX_POINT('',#917);
#919=CARTESIAN_POINT('',(-11.1,22.1,0.));
#920=DIRECTION('',(-0.,-0.,1.));
#921=VECTOR('',#920,6.2);
#922=LINE('',#919,#921);
#923=EDGE_CURVE('',#918,#909,#922,.T.);
#924=ORIENTED_EDGE('',*,*,#923,.F.);
#925=CARTESIAN_POINT('',(-11.4,22.1,0.));
#926=DIRECTION('',(0.,0.,1.));
#927=DIRECTION('',(1.,0.,-0.));
#928=AXIS2_PLACEMENT_3D('',#925,#926,#927);
#929=CIRCLE('',#928,0.3);
#930=EDGE_CURVE('',#899,#918,#929,.T.);
#931=ORIENTED_EDGE('',*,*,#930,.F.);
#932=EDGE_LOOP('',(#907,#916,#924,#931));
#933=FACE_BOUND('',#932,.T.);
#934=ADVANCED_FACE('',(#933),#897,.F.);
#935=CARTESIAN_POINT('',(-11.4,22.1,6.2));
#936=DIRECTION('',(0.,0.,1.));
#937=DIRECTION('',(1.,0.,-0.));
#938=AXIS2_PLACEMENT_3D('',#935,#936,#937);
#939=CYLINDRICAL_SURFACE('',#938,0.3);
#940=CARTESIAN_POINT('',(-11.7,22.1,5.6));
#941=VERTEX_POINT('',#940);
#942=CARTESIAN_POINT('',(-11.7,22.1,0.));
#943=VERTEX_POINT('',#942);
#944=CARTESIAN_POINT('',(-11.7,22.1,5.6));
#945=DIRECTION('',(0.,0.,-1.));
#946=VECTOR('',#945,5.6);
#947=LINE('',#944,#946);
#948=EDGE_CURVE('',#941,#943,#947,.T.);
#949=ORIENTED_EDGE('',*,*,#948,.F.);
#950=CARTESIAN_POINT('',(-11.682842712,22.,5.6));
#951=VERTEX_POINT('',#950);
#952=CARTESIAN_POINT('',(-11.4,22.1,5.6));
#953=DIRECTION('',(-0.,-0.,1.));
#954=DIRECTION('',(-1.,0.,0.));
#955=AXIS2_PLACEMENT_3D('',#952,#953,#954);
#956=CIRCLE('',#955,0.3);
#957=EDGE_CURVE('',#941,#951,#956,.T.);
#958=ORIENTED_EDGE('',*,*,#957,.T.);
#959=CARTESIAN_POINT('',(-11.682842712,22.,6.));
#960=VERTEX_POINT('',#959);
#961=CARTESIAN_POINT('',(-11.682842712,22.,5.6));
#962=DIRECTION('',(0.,0.,1.));
#963=VECTOR('',#962,0.4);
#964=LINE('',#961,#963);
#965=EDGE_CURVE('',#951,#960,#964,.T.);
#966=ORIENTED_EDGE('',*,*,#965,.T.);
#967=CARTESIAN_POINT('',(-11.7,22.1,6.));
#968=VERTEX_POINT('',#967);
#969=CARTESIAN_POINT('',(-11.4,22.1,6.));
#970=DIRECTION('',(-0.,-0.,-1.));
#971=DIRECTION('',(1.,0.,-0.));
#972=AXIS2_PLACEMENT_3D('',#969,#970,#971);
#973=CIRCLE('',#972,0.3);
#974=EDGE_CURVE('',#960,#968,#973,.T.);
#975=ORIENTED_EDGE('',*,*,#974,.T.);
#976=CARTESIAN_POINT('',(-11.7,22.1,6.2));
#977=VERTEX_POINT('',#976);
#978=CARTESIAN_POINT('',(-11.7,22.1,6.2));
#979=DIRECTION('',(0.,0.,-1.));
#980=VECTOR('',#979,0.2);
#981=LINE('',#978,#980);
#982=EDGE_CURVE('',#977,#968,#981,.T.);
#983=ORIENTED_EDGE('',*,*,#982,.F.);
#984=CARTESIAN_POINT('',(-11.4,22.1,6.2));
#985=DIRECTION('',(0.,0.,-1.));
#986=DIRECTION('',(-1.,0.,0.));
#987=AXIS2_PLACEMENT_3D('',#984,#985,#986);
#988=CIRCLE('',#987,0.3);
#989=EDGE_CURVE('',#901,#977,#988,.T.);
#990=ORIENTED_EDGE('',*,*,#989,.F.);
#991=ORIENTED_EDGE('',*,*,#906,.F.);
#992=CARTESIAN_POINT('',(-11.4,22.1,0.));
#993=DIRECTION('',(0.,0.,1.));
#994=DIRECTION('',(1.,0.,-0.));
#995=AXIS2_PLACEMENT_3D('',#992,#993,#994);
#996=CIRCLE('',#995,0.3);
#997=EDGE_CURVE('',#943,#899,#996,.T.);
#998=ORIENTED_EDGE('',*,*,#997,.F.);
#999=EDGE_LOOP('',(#949,#958,#966,#975,#983,#990,#991,#998));
#1000=FACE_BOUND('',#999,.T.);
#1001=ADVANCED_FACE('',(#1000),#939,.F.);
#1002=CARTESIAN_POINT('',(-11.4,33.9,6.2));
#1003=DIRECTION('',(0.,0.,1.));
#1004=DIRECTION('',(1.,0.,-0.));
#1005=AXIS2_PLACEMENT_3D('',#1002,#1003,#1004);
#1006=CYLINDRICAL_SURFACE('',#1005,0.3);
#1007=CARTESIAN_POINT('',(-11.4,34.2,0.));
#1008=VERTEX_POINT('',#1007);
#1009=CARTESIAN_POINT('',(-11.4,34.2,6.2));
#1010=VERTEX_POINT('',#1009);
#1011=CARTESIAN_POINT('',(-11.4,34.2,0.));
#1012=DIRECTION('',(-0.,-0.,1.));
#1013=VECTOR('',#1012,6.2);
#1014=LINE('',#1011,#1013);
#1015=EDGE_CURVE('',#1008,#1010,#1014,.T.);
#1016=ORIENTED_EDGE('',*,*,#1015,.T.);
#1017=CARTESIAN_POINT('',(-11.7,33.9,6.2));
#1018=VERTEX_POINT('',#1017);
#1019=CARTESIAN_POINT('',(-11.4,33.9,6.2));
#1020=DIRECTION('',(0.,0.,-1.));
#1021=DIRECTION('',(-1.,0.,0.));
#1022=AXIS2_PLACEMENT_3D('',#1019,#1020,#1021);
#1023=CIRCLE('',#1022,0.3);
#1024=EDGE_CURVE('',#1018,#1010,#1023,.T.);
#1025=ORIENTED_EDGE('',*,*,#1024,.F.);
#1026=CARTESIAN_POINT('',(-11.7,33.9,6.));
#1027=VERTEX_POINT('',#1026);
#1028=CARTESIAN_POINT('',(-11.7,33.9,6.));
#1029=DIRECTION('',(-0.,-0.,1.));
#1030=VECTOR('',#1029,0.2);
#1031=LINE('',#1028,#1030);
#1032=EDGE_CURVE('',#1027,#1018,#1031,.T.);
#1033=ORIENTED_EDGE('',*,*,#1032,.F.);
#1034=CARTESIAN_POINT('',(-11.682842712,34.,6.));
#1035=VERTEX_POINT('',#1034);
#1036=CARTESIAN_POINT('',(-11.4,33.9,6.));
#1037=DIRECTION('',(-0.,-0.,-1.));
#1038=DIRECTION('',(1.,0.,-0.));
#1039=AXIS2_PLACEMENT_3D('',#1036,#1037,#1038);
#1040=CIRCLE('',#1039,0.3);
#1041=EDGE_CURVE('',#1027,#1035,#1040,.T.);
#1042=ORIENTED_EDGE('',*,*,#1041,.T.);
#1043=CARTESIAN_POINT('',(-11.682842712,34.,5.6));
#1044=VERTEX_POINT('',#1043);
#1045=CARTESIAN_POINT('',(-11.682842712,34.,6.));
#1046=DIRECTION('',(-0.,-0.,-1.));
#1047=VECTOR('',#1046,0.4);
#1048=LINE('',#1045,#1047);
#1049=EDGE_CURVE('',#1035,#1044,#1048,.T.);
#1050=ORIENTED_EDGE('',*,*,#1049,.T.);
#1051=CARTESIAN_POINT('',(-11.7,33.9,5.6));
#1052=VERTEX_POINT('',#1051);
#1053=CARTESIAN_POINT('',(-11.4,33.9,5.6));
#1054=DIRECTION('',(-0.,-0.,1.));
#1055=DIRECTION('',(-1.,0.,0.));
#1056=AXIS2_PLACEMENT_3D('',#1053,#1054,#1055);
#1057=CIRCLE('',#1056,0.3);
#1058=EDGE_CURVE('',#1044,#1052,#1057,.T.);
#1059=ORIENTED_EDGE('',*,*,#1058,.T.);
#1060=CARTESIAN_POINT('',(-11.7,33.9,0.));
#1061=VERTEX_POINT('',#1060);
#1062=CARTESIAN_POINT('',(-11.7,33.9,0.));
#1063=DIRECTION('',(-0.,-0.,1.));
#1064=VECTOR('',#1063,5.6);
#1065=LINE('',#1062,#1064);
#1066=EDGE_CURVE('',#1061,#1052,#1065,.T.);
#1067=ORIENTED_EDGE('',*,*,#1066,.F.);
#1068=CARTESIAN_POINT('',(-11.4,33.9,0.));
#1069=DIRECTION('',(0.,0.,1.));
#1070=DIRECTION('',(1.,0.,-0.));
#1071=AXIS2_PLACEMENT_3D('',#1068,#1069,#1070);
#1072=CIRCLE('',#1071,0.3);
#1073=EDGE_CURVE('',#1008,#1061,#1072,.T.);
#1074=ORIENTED_EDGE('',*,*,#1073,.F.);
#1075=EDGE_LOOP('',(#1016,#1025,#1033,#1042,#1050,#1059,#1067,#1074));
#1076=FACE_BOUND('',#1075,.T.);
#1077=ADVANCED_FACE('',(#1076),#1006,.F.);
#1078=CARTESIAN_POINT('',(-11.4,33.9,6.2));
#1079=DIRECTION('',(0.,0.,1.));
#1080=DIRECTION('',(1.,0.,-0.));
#1081=AXIS2_PLACEMENT_3D('',#1078,#1079,#1080);
#1082=CYLINDRICAL_SURFACE('',#1081,0.3);
#1083=CARTESIAN_POINT('',(-11.1,33.9,6.2));
#1084=VERTEX_POINT('',#1083);
#1085=CARTESIAN_POINT('',(-11.1,33.9,0.));
#1086=VERTEX_POINT('',#1085);
#1087=CARTESIAN_POINT('',(-11.1,33.9,6.2));
#1088=DIRECTION('',(0.,0.,-1.));
#1089=VECTOR('',#1088,6.2);
#1090=LINE('',#1087,#1089);
#1091=EDGE_CURVE('',#1084,#1086,#1090,.T.);
#1092=ORIENTED_EDGE('',*,*,#1091,.F.);
#1093=CARTESIAN_POINT('',(-11.4,33.9,6.2));
#1094=DIRECTION('',(0.,0.,-1.));
#1095=DIRECTION('',(-1.,0.,0.));
#1096=AXIS2_PLACEMENT_3D('',#1093,#1094,#1095);
#1097=CIRCLE('',#1096,0.3);
#1098=EDGE_CURVE('',#1010,#1084,#1097,.T.);
#1099=ORIENTED_EDGE('',*,*,#1098,.F.);
#1100=ORIENTED_EDGE('',*,*,#1015,.F.);
#1101=CARTESIAN_POINT('',(-11.4,33.9,0.));
#1102=DIRECTION('',(0.,0.,1.));
#1103=DIRECTION('',(1.,0.,-0.));
#1104=AXIS2_PLACEMENT_3D('',#1101,#1102,#1103);
#1105=CIRCLE('',#1104,0.3);
#1106=EDGE_CURVE('',#1086,#1008,#1105,.T.);
#1107=ORIENTED_EDGE('',*,*,#1106,.F.);
#1108=EDGE_LOOP('',(#1092,#1099,#1100,#1107));
#1109=FACE_BOUND('',#1108,.T.);
#1110=ADVANCED_FACE('',(#1109),#1082,.F.);
#1111=CARTESIAN_POINT('',(-11.1,28.,6.2));
#1112=DIRECTION('',(-1.,0.,0.));
#1113=DIRECTION('',(0.,0.,1.));
#1114=AXIS2_PLACEMENT_3D('',#1111,#1112,#1113);
#1115=PLANE('',#1114);
#1116=ORIENTED_EDGE('',*,*,#923,.T.);
#1117=CARTESIAN_POINT('',(-11.1,22.1,6.2));
#1118=DIRECTION('',(0.,1.,0.));
#1119=VECTOR('',#1118,11.8);
#1120=LINE('',#1117,#1119);
#1121=EDGE_CURVE('',#909,#1084,#1120,.T.);
#1122=ORIENTED_EDGE('',*,*,#1121,.T.);
#1123=ORIENTED_EDGE('',*,*,#1091,.T.);
#1124=CARTESIAN_POINT('',(-11.1,22.1,0.));
#1125=DIRECTION('',(0.,1.,0.));
#1126=VECTOR('',#1125,11.8);
#1127=LINE('',#1124,#1126);
#1128=EDGE_CURVE('',#918,#1086,#1127,.T.);
#1129=ORIENTED_EDGE('',*,*,#1128,.F.);
#1130=EDGE_LOOP('',(#1116,#1122,#1123,#1129));
#1131=FACE_BOUND('',#1130,.T.);
#1132=ADVANCED_FACE('',(#1131),#1115,.T.);
#1133=CARTESIAN_POINT('',(-11.7,28.,6.2));
#1134=DIRECTION('',(1.,0.,0.));
#1135=DIRECTION('',(0.,0.,-1.));
#1136=AXIS2_PLACEMENT_3D('',#1133,#1134,#1135);
#1137=PLANE('',#1136);
#1138=ORIENTED_EDGE('',*,*,#1066,.T.);
#1139=CARTESIAN_POINT('',(-11.7,22.1,5.6));
#1140=DIRECTION('',(0.,1.,0.));
#1141=VECTOR('',#1140,11.8);
#1142=LINE('',#1139,#1141);
#1143=EDGE_CURVE('',#941,#1052,#1142,.T.);
#1144=ORIENTED_EDGE('',*,*,#1143,.F.);
#1145=ORIENTED_EDGE('',*,*,#948,.T.);
#1146=CARTESIAN_POINT('',(-11.7,33.9,0.));
#1147=DIRECTION('',(0.,-1.,0.));
#1148=VECTOR('',#1147,11.8);
#1149=LINE('',#1146,#1148);
#1150=EDGE_CURVE('',#1061,#943,#1149,.T.);
#1151=ORIENTED_EDGE('',*,*,#1150,.F.);
#1152=EDGE_LOOP('',(#1138,#1144,#1145,#1151));
#1153=FACE_BOUND('',#1152,.T.);
#1154=ADVANCED_FACE('',(#1153),#1137,.T.);
#1155=CARTESIAN_POINT('',(0.,28.8,0.));
#1156=DIRECTION('',(0.,0.,1.));
#1157=DIRECTION('',(1.,0.,0.));
#1158=AXIS2_PLACEMENT_3D('',#1155,#1156,#1157);
#1159=PLANE('',#1158);
#1160=CARTESIAN_POINT('',(-3.175426481,28.,0.));
#1161=VERTEX_POINT('',#1160);
#1162=CARTESIAN_POINT('',(-1.58771324,30.75,0.));
#1163=VERTEX_POINT('',#1162);
#1164=CARTESIAN_POINT('',(-3.175426481,28.,0.));
#1165=DIRECTION('',(0.5,0.866025404,0.));
#1166=VECTOR('',#1165,3.175426481);
#1167=LINE('',#1164,#1166);
#1168=EDGE_CURVE('',#1161,#1163,#1167,.T.);
#1169=ORIENTED_EDGE('',*,*,#1168,.F.);
#1170=CARTESIAN_POINT('',(-1.58771324,25.25,0.));
#1171=VERTEX_POINT('',#1170);
#1172=CARTESIAN_POINT('',(-1.58771324,25.25,0.));
#1173=DIRECTION('',(-0.5,0.866025404,0.));
#1174=VECTOR('',#1173,3.175426481);
#1175=LINE('',#1172,#1174);
#1176=EDGE_CURVE('',#1171,#1161,#1175,.T.);
#1177=ORIENTED_EDGE('',*,*,#1176,.F.);
#1178=CARTESIAN_POINT('',(1.58771324,25.25,0.));
#1179=VERTEX_POINT('',#1178);
#1180=CARTESIAN_POINT('',(1.58771324,25.25,0.));
#1181=DIRECTION('',(-1.,-0.,0.));
#1182=VECTOR('',#1181,3.175426481);
#1183=LINE('',#1180,#1182);
#1184=EDGE_CURVE('',#1179,#1171,#1183,.T.);
#1185=ORIENTED_EDGE('',*,*,#1184,.F.);
#1186=CARTESIAN_POINT('',(3.175426481,28.,0.));
#1187=VERTEX_POINT('',#1186);
#1188=CARTESIAN_POINT('',(3.175426481,28.,0.));
#1189=DIRECTION('',(-0.5,-0.866025404,0.));
#1190=VECTOR('',#1189,3.175426481);
#1191=LINE('',#1188,#1190);
#1192=EDGE_CURVE('',#1187,#1179,#1191,.T.);
#1193=ORIENTED_EDGE('',*,*,#1192,.F.);
#1194=CARTESIAN_POINT('',(1.58771324,30.75,0.));
#1195=VERTEX_POINT('',#1194);
#1196=CARTESIAN_POINT('',(1.58771324,30.75,0.));
#1197=DIRECTION('',(0.5,-0.866025404,0.));
#1198=VECTOR('',#1197,3.175426481);
#1199=LINE('',#1196,#1198);
#1200=EDGE_CURVE('',#1195,#1187,#1199,.T.);
#1201=ORIENTED_EDGE('',*,*,#1200,.F.);
#1202=CARTESIAN_POINT('',(-1.58771324,30.75,0.));
#1203=DIRECTION('',(1.,0.,-0.));
#1204=VECTOR('',#1203,3.175426481);
#1205=LINE('',#1202,#1204);
#1206=EDGE_CURVE('',#1163,#1195,#1205,.T.);
#1207=ORIENTED_EDGE('',*,*,#1206,.F.);
#1208=EDGE_LOOP('',(#1169,#1177,#1185,#1193,#1201,#1207));
#1209=FACE_BOUND('',#1208,.T.);
#1210=CARTESIAN_POINT('',(-0.,39.4,0.));
#1211=VERTEX_POINT('',#1210);
#1212=CARTESIAN_POINT('',(-1.645448267,36.55,0.));
#1213=VERTEX_POINT('',#1212);
#1214=CARTESIAN_POINT('',(0.,39.4,0.));
#1215=DIRECTION('',(-0.5,-0.866025404,0.));
#1216=VECTOR('',#1215,3.290896534);
#1217=LINE('',#1214,#1216);
#1218=EDGE_CURVE('',#1211,#1213,#1217,.T.);
#1219=ORIENTED_EDGE('',*,*,#1218,.T.);
#1220=CARTESIAN_POINT('',(1.645448267,36.55,0.));
#1221=VERTEX_POINT('',#1220);
#1222=CARTESIAN_POINT('',(-1.645448267,36.55,0.));
#1223=DIRECTION('',(1.,0.,0.));
#1224=VECTOR('',#1223,3.290896534);
#1225=LINE('',#1222,#1224);
#1226=EDGE_CURVE('',#1213,#1221,#1225,.T.);
#1227=ORIENTED_EDGE('',*,*,#1226,.T.);
#1228=CARTESIAN_POINT('',(1.645448267,36.55,0.));
#1229=DIRECTION('',(-0.5,0.866025404,0.));
#1230=VECTOR('',#1229,3.290896534);
#1231=LINE('',#1228,#1230);
#1232=EDGE_CURVE('',#1221,#1211,#1231,.T.);
#1233=ORIENTED_EDGE('',*,*,#1232,.T.);
#1234=EDGE_LOOP('',(#1219,#1227,#1233));
#1235=FACE_BOUND('',#1234,.T.);
#1236=ORIENTED_EDGE('',*,*,#1150,.T.);
#1237=ORIENTED_EDGE('',*,*,#997,.T.);
#1238=ORIENTED_EDGE('',*,*,#930,.T.);
#1239=ORIENTED_EDGE('',*,*,#1128,.T.);
#1240=ORIENTED_EDGE('',*,*,#1106,.T.);
#1241=ORIENTED_EDGE('',*,*,#1073,.T.);
#1242=EDGE_LOOP('',(#1236,#1237,#1238,#1239,#1240,#1241));
#1243=FACE_BOUND('',#1242,.T.);
#1244=ORIENTED_EDGE('',*,*,#888,.F.);
#1245=ORIENTED_EDGE('',*,*,#366,.F.);
#1246=ORIENTED_EDGE('',*,*,#471,.F.);
#1247=ORIENTED_EDGE('',*,*,#536,.F.);
#1248=ORIENTED_EDGE('',*,*,#649,.F.);
#1249=ORIENTED_EDGE('',*,*,#680,.F.);
#1250=ORIENTED_EDGE('',*,*,#785,.F.);
#1251=ORIENTED_EDGE('',*,*,#850,.F.);
#1252=EDGE_LOOP('',(#1244,#1245,#1246,#1247,#1248,#1249,#1250,#1251));
#1253=FACE_BOUND('',#1252,.T.);
#1254=CARTESIAN_POINT('',(5.9,17.1,0.));
#1255=VERTEX_POINT('',#1254);
#1256=CARTESIAN_POINT('',(6.2,17.4,0.));
#1257=VERTEX_POINT('',#1256);
#1258=CARTESIAN_POINT('',(5.9,17.1,0.));
#1259=CARTESIAN_POINT('',(6.023629251,17.099738621,0.));
#1260=CARTESIAN_POINT('',(6.112132034,17.187867966,0.));
#1261=CARTESIAN_POINT('',(6.2,17.275365171,0.));
#1262=CARTESIAN_POINT('',(6.2,17.4,0.));
#1263=B_SPLINE_CURVE_WITH_KNOTS('',2,(#1258,#1259,#1260,#1261,#1262),.UNSPECIFIED.,.F.,.F.,(3,2,3),(0.75,0.875,1.),.UNSPECIFIED.);
#1264=EDGE_CURVE('',#1255,#1257,#1263,.T.);
#1265=ORIENTED_EDGE('',*,*,#1264,.T.);
#1266=CARTESIAN_POINT('',(5.9,17.7,0.));
#1267=VERTEX_POINT('',#1266);
#1268=CARTESIAN_POINT('',(6.2,17.4,0.));
#1269=CARTESIAN_POINT('',(6.2,17.523891737,0.));
#1270=CARTESIAN_POINT('',(6.112132034,17.612132034,0.));
#1271=CARTESIAN_POINT('',(6.024897776,17.699735939,0.));
#1272=CARTESIAN_POINT('',(5.9,17.7,0.));
#1273=B_SPLINE_CURVE_WITH_KNOTS('',2,(#1268,#1269,#1270,#1271,#1272),.UNSPECIFIED.,.F.,.F.,(3,2,3),(0.,0.125,0.25),.UNSPECIFIED.);
#1274=EDGE_CURVE('',#1257,#1267,#1273,.T.);
#1275=ORIENTED_EDGE('',*,*,#1274,.T.);
#1276=CARTESIAN_POINT('',(-5.9,17.7,0.));
#1277=VERTEX_POINT('',#1276);
#1278=CARTESIAN_POINT('',(5.9,17.7,0.));
#1279=DIRECTION('',(-1.,0.,0.));
#1280=VECTOR('',#1279,11.8);
#1281=LINE('',#1278,#1280);
#1282=EDGE_CURVE('',#1267,#1277,#1281,.T.);
#1283=ORIENTED_EDGE('',*,*,#1282,.T.);
#1284=CARTESIAN_POINT('',(-6.2,17.4,0.));
#1285=VERTEX_POINT('',#1284);
#1286=CARTESIAN_POINT('',(-5.9,17.7,0.));
#1287=CARTESIAN_POINT('',(-6.023629251,17.700261379,0.));
#1288=CARTESIAN_POINT('',(-6.112132034,17.612132034,0.));
#1289=CARTESIAN_POINT('',(-6.199735939,17.524897776,0.));
#1290=CARTESIAN_POINT('',(-6.2,17.4,0.));
#1291=B_SPLINE_CURVE_WITH_KNOTS('',2,(#1286,#1287,#1288,#1289,#1290),.UNSPECIFIED.,.F.,.F.,(3,2,3),(0.25,0.375,0.5),.UNSPECIFIED.);
#1292=EDGE_CURVE('',#1277,#1285,#1291,.T.);
#1293=ORIENTED_EDGE('',*,*,#1292,.T.);
#1294=CARTESIAN_POINT('',(-5.9,17.1,0.));
#1295=VERTEX_POINT('',#1294);
#1296=CARTESIAN_POINT('',(-6.2,17.4,0.));
#1297=CARTESIAN_POINT('',(-6.200261379,17.276370749,0.));
#1298=CARTESIAN_POINT('',(-6.112132034,17.187867966,0.));
#1299=CARTESIAN_POINT('',(-6.024897776,17.100264061,0.));
#1300=CARTESIAN_POINT('',(-5.9,17.1,0.));
#1301=B_SPLINE_CURVE_WITH_KNOTS('',2,(#1296,#1297,#1298,#1299,#1300),.UNSPECIFIED.,.F.,.F.,(3,2,3),(0.5,0.625,0.75),.UNSPECIFIED.);
#1302=EDGE_CURVE('',#1285,#1295,#1301,.T.);
#1303=ORIENTED_EDGE('',*,*,#1302,.T.);
#1304=CARTESIAN_POINT('',(5.9,17.1,0.));
#1305=DIRECTION('',(-1.,0.,0.));
#1306=VECTOR('',#1305,11.8);
#1307=LINE('',#1304,#1306);
#1308=EDGE_CURVE('',#1255,#1295,#1307,.T.);
#1309=ORIENTED_EDGE('',*,*,#1308,.F.);
#1310=EDGE_LOOP('',(#1265,#1275,#1283,#1293,#1303,#1309));
#1311=FACE_BOUND('',#1310,.T.);
#1312=ORIENTED_EDGE('',*,*,#326,.T.);
#1313=ORIENTED_EDGE('',*,*,#173,.T.);
#1314=ORIENTED_EDGE('',*,*,#106,.T.);
#1315=ORIENTED_EDGE('',*,*,#304,.T.);
#1316=ORIENTED_EDGE('',*,*,#215,.T.);
#1317=ORIENTED_EDGE('',*,*,#282,.T.);
#1318=EDGE_LOOP('',(#1312,#1313,#1314,#1315,#1316,#1317));
#1319=FACE_BOUND('',#1318,.T.);
#1320=ADVANCED_FACE('',(#1209,#1235,#1243,#1253,#1311,#1319),#1159,.F.);
#1321=CARTESIAN_POINT('',(5.9,16.3,3.4));
#1322=CARTESIAN_POINT('',(5.9,17.1,0.));
#1323=CARTESIAN_POINT('',(5.978760413,16.3,3.4));
#1324=CARTESIAN_POINT('',(5.978760414,17.1,0.));
#1325=CARTESIAN_POINT('',(6.056595998,16.332331929,3.4));
#1326=CARTESIAN_POINT('',(6.056595998,17.13233193,0.));
#1327=CARTESIAN_POINT('',(6.16766807,16.443404002,3.4));
#1328=CARTESIAN_POINT('',(6.167668071,17.243404002,0.));
#1329=CARTESIAN_POINT('',(6.2,16.521239586,3.4));
#1330=CARTESIAN_POINT('',(6.2,17.321239587,0.));
#1331=CARTESIAN_POINT('',(6.2,16.6,3.4));
#1332=CARTESIAN_POINT('',(6.2,17.4,0.));
#1333=B_SPLINE_SURFACE_WITH_KNOTS('',3,1,((#1321,#1322),(#1323,#1324),(#1325,#1326),(#1327,#1328),(#1329,#1330),(#1331,#1332)),.UNSPECIFIED.,.F.,.F.,.U.,(4,2,4),(2,2),(0.,0.5,1.),(0.,1.),.UNSPECIFIED.);
#1334=CARTESIAN_POINT('',(5.9,16.3,3.4));
#1335=VERTEX_POINT('',#1334);
#1336=CARTESIAN_POINT('',(5.9,16.3,3.4));
#1337=DIRECTION('',(0.,0.229039334,-0.973417168));
#1338=VECTOR('',#1337,3.492849839);
#1339=LINE('',#1336,#1338);
#1340=EDGE_CURVE('',#1335,#1255,#1339,.T.);
#1341=ORIENTED_EDGE('',*,*,#1340,.F.);
#1342=CARTESIAN_POINT('',(6.2,16.6,3.4));
#1343=VERTEX_POINT('',#1342);
#1344=CARTESIAN_POINT('',(5.9,16.6,3.4));
#1345=DIRECTION('',(0.,0.,1.));
#1346=DIRECTION('',(1.,0.,-0.));
#1347=AXIS2_PLACEMENT_3D('',#1344,#1345,#1346);
#1348=CIRCLE('',#1347,0.3);
#1349=EDGE_CURVE('',#1335,#1343,#1348,.T.);
#1350=ORIENTED_EDGE('',*,*,#1349,.T.);
#1351=CARTESIAN_POINT('',(6.2,16.6,3.4));
#1352=DIRECTION('',(0.,0.229039334,-0.973417168));
#1353=VECTOR('',#1352,3.492849839);
#1354=LINE('',#1351,#1353);
#1355=EDGE_CURVE('',#1343,#1257,#1354,.T.);
#1356=ORIENTED_EDGE('',*,*,#1355,.T.);
#1357=ORIENTED_EDGE('',*,*,#1264,.F.);
#1358=EDGE_LOOP('',(#1341,#1350,#1356,#1357));
#1359=FACE_BOUND('',#1358,.T.);
#1360=ADVANCED_FACE('',(#1359),#1333,.T.);
#1361=CARTESIAN_POINT('',(6.2,16.6,3.4));
#1362=CARTESIAN_POINT('',(6.2,17.4,0.));
#1363=CARTESIAN_POINT('',(6.2,16.678760413,3.4));
#1364=CARTESIAN_POINT('',(6.2,17.478760414,0.));
#1365=CARTESIAN_POINT('',(6.167668071,16.756595998,3.4));
#1366=CARTESIAN_POINT('',(6.16766807,17.556595998,0.));
#1367=CARTESIAN_POINT('',(6.056595998,16.86766807,3.4));
#1368=CARTESIAN_POINT('',(6.056595998,17.667668071,0.));
#1369=CARTESIAN_POINT('',(5.978760414,16.9,3.4));
#1370=CARTESIAN_POINT('',(5.978760413,17.7,0.));
#1371=CARTESIAN_POINT('',(5.9,16.9,3.4));
#1372=CARTESIAN_POINT('',(5.9,17.7,0.));
#1373=B_SPLINE_SURFACE_WITH_KNOTS('',3,1,((#1361,#1362),(#1363,#1364),(#1365,#1366),(#1367,#1368),(#1369,#1370),(#1371,#1372)),.UNSPECIFIED.,.F.,.F.,.U.,(4,2,4),(2,2),(0.,0.5,1.),(0.,1.),.UNSPECIFIED.);
#1374=ORIENTED_EDGE('',*,*,#1355,.F.);
#1375=CARTESIAN_POINT('',(5.9,16.9,3.4));
#1376=VERTEX_POINT('',#1375);
#1377=CARTESIAN_POINT('',(5.9,16.6,3.4));
#1378=DIRECTION('',(-0.,-0.,1.));
#1379=DIRECTION('',(-1.,0.,0.));
#1380=AXIS2_PLACEMENT_3D('',#1377,#1378,#1379);
#1381=CIRCLE('',#1380,0.3);
#1382=EDGE_CURVE('',#1343,#1376,#1381,.T.);
#1383=ORIENTED_EDGE('',*,*,#1382,.T.);
#1384=CARTESIAN_POINT('',(5.9,17.7,0.));
#1385=DIRECTION('',(0.,-0.229039334,0.973417168));
#1386=VECTOR('',#1385,3.492849839);
#1387=LINE('',#1384,#1386);
#1388=EDGE_CURVE('',#1267,#1376,#1387,.T.);
#1389=ORIENTED_EDGE('',*,*,#1388,.F.);
#1390=ORIENTED_EDGE('',*,*,#1274,.F.);
#1391=EDGE_LOOP('',(#1374,#1383,#1389,#1390));
#1392=FACE_BOUND('',#1391,.T.);
#1393=ADVANCED_FACE('',(#1392),#1373,.T.);
#1394=CARTESIAN_POINT('',(-5.9,16.9,3.4));
#1395=CARTESIAN_POINT('',(-5.9,17.7,0.));
#1396=CARTESIAN_POINT('',(-5.978760413,16.9,3.4));
#1397=CARTESIAN_POINT('',(-5.978760414,17.7,0.));
#1398=CARTESIAN_POINT('',(-6.056595998,16.867668071,3.4));
#1399=CARTESIAN_POINT('',(-6.056595998,17.66766807,0.));
#1400=CARTESIAN_POINT('',(-6.16766807,16.756595998,3.4));
#1401=CARTESIAN_POINT('',(-6.167668071,17.556595998,0.));
#1402=CARTESIAN_POINT('',(-6.2,16.678760414,3.4));
#1403=CARTESIAN_POINT('',(-6.2,17.478760413,0.));
#1404=CARTESIAN_POINT('',(-6.2,16.6,3.4));
#1405=CARTESIAN_POINT('',(-6.2,17.4,0.));
#1406=B_SPLINE_SURFACE_WITH_KNOTS('',3,1,((#1394,#1395),(#1396,#1397),(#1398,#1399),(#1400,#1401),(#1402,#1403),(#1404,#1405)),.UNSPECIFIED.,.F.,.F.,.U.,(4,2,4),(2,2),(0.,0.5,1.),(0.,1.),.UNSPECIFIED.);
#1407=CARTESIAN_POINT('',(-5.9,16.9,3.4));
#1408=VERTEX_POINT('',#1407);
#1409=CARTESIAN_POINT('',(-5.9,16.9,3.4));
#1410=DIRECTION('',(0.,0.229039334,-0.973417168));
#1411=VECTOR('',#1410,3.492849839);
#1412=LINE('',#1409,#1411);
#1413=EDGE_CURVE('',#1408,#1277,#1412,.T.);
#1414=ORIENTED_EDGE('',*,*,#1413,.F.);
#1415=CARTESIAN_POINT('',(-6.2,16.6,3.4));
#1416=VERTEX_POINT('',#1415);
#1417=CARTESIAN_POINT('',(-5.9,16.6,3.4));
#1418=DIRECTION('',(-0.,-0.,1.));
#1419=DIRECTION('',(-1.,0.,0.));
#1420=AXIS2_PLACEMENT_3D('',#1417,#1418,#1419);
#1421=CIRCLE('',#1420,0.3);
#1422=EDGE_CURVE('',#1408,#1416,#1421,.T.);
#1423=ORIENTED_EDGE('',*,*,#1422,.T.);
#1424=CARTESIAN_POINT('',(-6.2,16.6,3.4));
#1425=DIRECTION('',(0.,0.229039334,-0.973417168));
#1426=VECTOR('',#1425,3.492849839);
#1427=LINE('',#1424,#1426);
#1428=EDGE_CURVE('',#1416,#1285,#1427,.T.);
#1429=ORIENTED_EDGE('',*,*,#1428,.T.);
#1430=ORIENTED_EDGE('',*,*,#1292,.F.);
#1431=EDGE_LOOP('',(#1414,#1423,#1429,#1430));
#1432=FACE_BOUND('',#1431,.T.);
#1433=ADVANCED_FACE('',(#1432),#1406,.T.);
#1434=CARTESIAN_POINT('',(-6.2,16.6,3.4));
#1435=CARTESIAN_POINT('',(-6.2,17.4,0.));
#1436=CARTESIAN_POINT('',(-6.2,16.521239587,3.4));
#1437=CARTESIAN_POINT('',(-6.2,17.321239586,0.));
#1438=CARTESIAN_POINT('',(-6.167668071,16.443404002,3.4));
#1439=CARTESIAN_POINT('',(-6.16766807,17.243404002,0.));
#1440=CARTESIAN_POINT('',(-6.056595998,16.33233193,3.4));
#1441=CARTESIAN_POINT('',(-6.056595998,17.132331929,0.));
#1442=CARTESIAN_POINT('',(-5.978760414,16.3,3.4));
#1443=CARTESIAN_POINT('',(-5.978760413,17.1,0.));
#1444=CARTESIAN_POINT('',(-5.9,16.3,3.4));
#1445=CARTESIAN_POINT('',(-5.9,17.1,0.));
#1446=B_SPLINE_SURFACE_WITH_KNOTS('',3,1,((#1434,#1435),(#1436,#1437),(#1438,#1439),(#1440,#1441),(#1442,#1443),(#1444,#1445)),.UNSPECIFIED.,.F.,.F.,.U.,(4,2,4),(2,2),(0.,0.5,1.),(0.,1.),.UNSPECIFIED.);
#1447=ORIENTED_EDGE('',*,*,#1428,.F.);
#1448=CARTESIAN_POINT('',(-5.9,16.3,3.4));
#1449=VERTEX_POINT('',#1448);
#1450=CARTESIAN_POINT('',(-5.9,16.6,3.4));
#1451=DIRECTION('',(0.,0.,1.));
#1452=DIRECTION('',(1.,0.,-0.));
#1453=AXIS2_PLACEMENT_3D('',#1450,#1451,#1452);
#1454=CIRCLE('',#1453,0.3);
#1455=EDGE_CURVE('',#1416,#1449,#1454,.T.);
#1456=ORIENTED_EDGE('',*,*,#1455,.T.);
#1457=CARTESIAN_POINT('',(-5.9,17.1,0.));
#1458=DIRECTION('',(0.,-0.229039334,0.973417168));
#1459=VECTOR('',#1458,3.492849839);
#1460=LINE('',#1457,#1459);
#1461=EDGE_CURVE('',#1295,#1449,#1460,.T.);
#1462=ORIENTED_EDGE('',*,*,#1461,.F.);
#1463=ORIENTED_EDGE('',*,*,#1302,.F.);
#1464=EDGE_LOOP('',(#1447,#1456,#1462,#1463));
#1465=FACE_BOUND('',#1464,.T.);
#1466=ADVANCED_FACE('',(#1465),#1446,.T.);
#1467=CARTESIAN_POINT('',(0.,18.240327869,-2.296393443));
#1468=DIRECTION('',(0.,-0.973417168,-0.229039334));
#1469=DIRECTION('',(0.,0.229039334,-0.973417168));
#1470=AXIS2_PLACEMENT_3D('',#1467,#1468,#1469);
#1471=PLANE('',#1470);
#1472=CARTESIAN_POINT('',(-5.9,16.9,3.4));
#1473=DIRECTION('',(1.,0.,-0.));
#1474=VECTOR('',#1473,11.8);
#1475=LINE('',#1472,#1474);
#1476=EDGE_CURVE('',#1408,#1376,#1475,.T.);
#1477=ORIENTED_EDGE('',*,*,#1476,.F.);
#1478=ORIENTED_EDGE('',*,*,#1413,.T.);
#1479=ORIENTED_EDGE('',*,*,#1282,.F.);
#1480=ORIENTED_EDGE('',*,*,#1388,.T.);
#1481=EDGE_LOOP('',(#1477,#1478,#1479,#1480));
#1482=FACE_BOUND('',#1481,.T.);
#1483=ADVANCED_FACE('',(#1482),#1471,.T.);
#1484=CARTESIAN_POINT('',(-0.,17.671803279,-2.430163934));
#1485=DIRECTION('',(0.,0.973417168,0.229039334));
#1486=DIRECTION('',(0.,-0.229039334,0.973417168));
#1487=AXIS2_PLACEMENT_3D('',#1484,#1485,#1486);
#1488=PLANE('',#1487);
#1489=ORIENTED_EDGE('',*,*,#1461,.T.);
#1490=CARTESIAN_POINT('',(-5.9,16.3,3.4));
#1491=DIRECTION('',(1.,-0.,0.));
#1492=VECTOR('',#1491,11.8);
#1493=LINE('',#1490,#1492);
#1494=EDGE_CURVE('',#1449,#1335,#1493,.T.);
#1495=ORIENTED_EDGE('',*,*,#1494,.T.);
#1496=ORIENTED_EDGE('',*,*,#1340,.T.);
#1497=ORIENTED_EDGE('',*,*,#1308,.T.);
#1498=EDGE_LOOP('',(#1489,#1495,#1496,#1497));
#1499=FACE_BOUND('',#1498,.T.);
#1500=ADVANCED_FACE('',(#1499),#1488,.T.);
#1501=CARTESIAN_POINT('',(0.,28.,0.2));
#1502=DIRECTION('',(0.,0.,-1.));
#1503=DIRECTION('',(-1.,0.,0.));
#1504=AXIS2_PLACEMENT_3D('',#1501,#1502,#1503);
#1505=PLANE('',#1504);
#1506=CARTESIAN_POINT('',(1.299038106,36.75,0.2));
#1507=VERTEX_POINT('',#1506);
#1508=CARTESIAN_POINT('',(-1.299038106,36.75,0.2));
#1509=VERTEX_POINT('',#1508);
#1510=CARTESIAN_POINT('',(1.299038106,36.75,0.2));
#1511=DIRECTION('',(-1.,-0.,0.));
#1512=VECTOR('',#1511,2.598076211);
#1513=LINE('',#1510,#1512);
#1514=EDGE_CURVE('',#1507,#1509,#1513,.T.);
#1515=ORIENTED_EDGE('',*,*,#1514,.T.);
#1516=CARTESIAN_POINT('',(-0.,39.,0.2));
#1517=VERTEX_POINT('',#1516);
#1518=CARTESIAN_POINT('',(-1.299038106,36.75,0.2));
#1519=DIRECTION('',(0.5,0.866025404,0.));
#1520=VECTOR('',#1519,2.598076211);
#1521=LINE('',#1518,#1520);
#1522=EDGE_CURVE('',#1509,#1517,#1521,.T.);
#1523=ORIENTED_EDGE('',*,*,#1522,.T.);
#1524=CARTESIAN_POINT('',(-0.,39.,0.2));
#1525=DIRECTION('',(0.5,-0.866025404,0.));
#1526=VECTOR('',#1525,2.598076211);
#1527=LINE('',#1524,#1526);
#1528=EDGE_CURVE('',#1517,#1507,#1527,.T.);
#1529=ORIENTED_EDGE('',*,*,#1528,.T.);
#1530=EDGE_LOOP('',(#1515,#1523,#1529));
#1531=FACE_BOUND('',#1530,.T.);
#1532=ADVANCED_FACE('',(#1531),#1505,.T.);
#1533=CARTESIAN_POINT('',(0.649519053,37.875,0.2));
#1534=DIRECTION('',(0.612372436,0.353553391,0.707106781));
#1535=DIRECTION('',(0.5,-0.866025404,0.));
#1536=AXIS2_PLACEMENT_3D('',#1533,#1534,#1535);
#1537=PLANE('',#1536);
#1538=CARTESIAN_POINT('',(1.299038106,36.75,0.2));
#1539=DIRECTION('',(0.774596669,-0.447213595,-0.447213595));
#1540=VECTOR('',#1539,0.447213595);
#1541=LINE('',#1538,#1540);
#1542=EDGE_CURVE('',#1507,#1221,#1541,.T.);
#1543=ORIENTED_EDGE('',*,*,#1542,.F.);
#1544=ORIENTED_EDGE('',*,*,#1528,.F.);
#1545=CARTESIAN_POINT('',(-0.,39.4,-0.));
#1546=DIRECTION('',(0.,-0.894427191,0.447213595));
#1547=VECTOR('',#1546,0.447213595);
#1548=LINE('',#1545,#1547);
#1549=EDGE_CURVE('',#1211,#1517,#1548,.T.);
#1550=ORIENTED_EDGE('',*,*,#1549,.F.);
#1551=ORIENTED_EDGE('',*,*,#1232,.F.);
#1552=EDGE_LOOP('',(#1543,#1544,#1550,#1551));
#1553=FACE_BOUND('',#1552,.T.);
#1554=ADVANCED_FACE('',(#1553),#1537,.F.);
#1555=CARTESIAN_POINT('',(-0.649519053,37.875,0.2));
#1556=DIRECTION('',(-0.612372436,0.353553391,0.707106781));
#1557=DIRECTION('',(0.5,0.866025404,0.));
#1558=AXIS2_PLACEMENT_3D('',#1555,#1556,#1557);
#1559=PLANE('',#1558);
#1560=ORIENTED_EDGE('',*,*,#1549,.T.);
#1561=ORIENTED_EDGE('',*,*,#1522,.F.);
#1562=CARTESIAN_POINT('',(-1.645448267,36.55,0.));
#1563=DIRECTION('',(0.774596669,0.447213595,0.447213595));
#1564=VECTOR('',#1563,0.447213595);
#1565=LINE('',#1562,#1564);
#1566=EDGE_CURVE('',#1213,#1509,#1565,.T.);
#1567=ORIENTED_EDGE('',*,*,#1566,.F.);
#1568=ORIENTED_EDGE('',*,*,#1218,.F.);
#1569=EDGE_LOOP('',(#1560,#1561,#1567,#1568));
#1570=FACE_BOUND('',#1569,.T.);
#1571=ADVANCED_FACE('',(#1570),#1559,.F.);
#1572=CARTESIAN_POINT('',(0.,36.75,0.2));
#1573=DIRECTION('',(0.,-0.707106781,0.707106781));
#1574=DIRECTION('',(-1.,-0.,-0.));
#1575=AXIS2_PLACEMENT_3D('',#1572,#1573,#1574);
#1576=PLANE('',#1575);
#1577=ORIENTED_EDGE('',*,*,#1542,.T.);
#1578=ORIENTED_EDGE('',*,*,#1226,.F.);
#1579=ORIENTED_EDGE('',*,*,#1566,.T.);
#1580=ORIENTED_EDGE('',*,*,#1514,.F.);
#1581=EDGE_LOOP('',(#1577,#1578,#1579,#1580));
#1582=FACE_BOUND('',#1581,.T.);
#1583=ADVANCED_FACE('',(#1582),#1576,.F.);
#1584=CARTESIAN_POINT('',(-2.38156986,26.625,2.4));
#1585=DIRECTION('',(-0.866025404,-0.5,0.));
#1586=DIRECTION('',(0.5,-0.866025404,0.));
#1587=AXIS2_PLACEMENT_3D('',#1584,#1585,#1586);
#1588=PLANE('',#1587);
#1589=ORIENTED_EDGE('',*,*,#1176,.T.);
#1590=CARTESIAN_POINT('',(-3.175426481,28.,2.4));
#1591=VERTEX_POINT('',#1590);
#1592=CARTESIAN_POINT('',(-3.175426481,28.,2.4));
#1593=DIRECTION('',(0.,0.,-1.));
#1594=VECTOR('',#1593,2.4);
#1595=LINE('',#1592,#1594);
#1596=EDGE_CURVE('',#1591,#1161,#1595,.T.);
#1597=ORIENTED_EDGE('',*,*,#1596,.F.);
#1598=CARTESIAN_POINT('',(-1.58771324,25.25,2.4));
#1599=VERTEX_POINT('',#1598);
#1600=CARTESIAN_POINT('',(-1.58771324,25.25,2.4));
#1601=DIRECTION('',(-0.5,0.866025404,0.));
#1602=VECTOR('',#1601,3.175426481);
#1603=LINE('',#1600,#1602);
#1604=EDGE_CURVE('',#1599,#1591,#1603,.T.);
#1605=ORIENTED_EDGE('',*,*,#1604,.F.);
#1606=CARTESIAN_POINT('',(-1.58771324,25.25,2.4));
#1607=DIRECTION('',(0.,0.,-1.));
#1608=VECTOR('',#1607,2.4);
#1609=LINE('',#1606,#1608);
#1610=EDGE_CURVE('',#1599,#1171,#1609,.T.);
#1611=ORIENTED_EDGE('',*,*,#1610,.T.);
#1612=EDGE_LOOP('',(#1589,#1597,#1605,#1611));
#1613=FACE_BOUND('',#1612,.T.);
#1614=ADVANCED_FACE('',(#1613),#1588,.F.);
#1615=CARTESIAN_POINT('',(-2.38156986,29.375,2.4));
#1616=DIRECTION('',(-0.866025404,0.5,0.));
#1617=DIRECTION('',(-0.5,-0.866025404,0.));
#1618=AXIS2_PLACEMENT_3D('',#1615,#1616,#1617);
#1619=PLANE('',#1618);
#1620=ORIENTED_EDGE('',*,*,#1168,.T.);
#1621=CARTESIAN_POINT('',(-1.58771324,30.75,2.4));
#1622=VERTEX_POINT('',#1621);
#1623=CARTESIAN_POINT('',(-1.58771324,30.75,2.4));
#1624=DIRECTION('',(0.,0.,-1.));
#1625=VECTOR('',#1624,2.4);
#1626=LINE('',#1623,#1625);
#1627=EDGE_CURVE('',#1622,#1163,#1626,.T.);
#1628=ORIENTED_EDGE('',*,*,#1627,.F.);
#1629=CARTESIAN_POINT('',(-3.175426481,28.,2.4));
#1630=DIRECTION('',(0.5,0.866025404,0.));
#1631=VECTOR('',#1630,3.175426481);
#1632=LINE('',#1629,#1631);
#1633=EDGE_CURVE('',#1591,#1622,#1632,.T.);
#1634=ORIENTED_EDGE('',*,*,#1633,.F.);
#1635=ORIENTED_EDGE('',*,*,#1596,.T.);
#1636=EDGE_LOOP('',(#1620,#1628,#1634,#1635));
#1637=FACE_BOUND('',#1636,.T.);
#1638=ADVANCED_FACE('',(#1637),#1619,.F.);
#1639=CARTESIAN_POINT('',(0.,30.75,2.4));
#1640=DIRECTION('',(0.,1.,0.));
#1641=DIRECTION('',(0.,0.,1.));
#1642=AXIS2_PLACEMENT_3D('',#1639,#1640,#1641);
#1643=PLANE('',#1642);
#1644=ORIENTED_EDGE('',*,*,#1206,.T.);
#1645=CARTESIAN_POINT('',(1.58771324,30.75,2.4));
#1646=VERTEX_POINT('',#1645);
#1647=CARTESIAN_POINT('',(1.58771324,30.75,2.4));
#1648=DIRECTION('',(0.,0.,-1.));
#1649=VECTOR('',#1648,2.4);
#1650=LINE('',#1647,#1649);
#1651=EDGE_CURVE('',#1646,#1195,#1650,.T.);
#1652=ORIENTED_EDGE('',*,*,#1651,.F.);
#1653=CARTESIAN_POINT('',(-1.58771324,30.75,2.4));
#1654=DIRECTION('',(1.,0.,-0.));
#1655=VECTOR('',#1654,3.175426481);
#1656=LINE('',#1653,#1655);
#1657=EDGE_CURVE('',#1622,#1646,#1656,.T.);
#1658=ORIENTED_EDGE('',*,*,#1657,.F.);
#1659=ORIENTED_EDGE('',*,*,#1627,.T.);
#1660=EDGE_LOOP('',(#1644,#1652,#1658,#1659));
#1661=FACE_BOUND('',#1660,.T.);
#1662=ADVANCED_FACE('',(#1661),#1643,.F.);
#1663=CARTESIAN_POINT('',(2.38156986,29.375,2.4));
#1664=DIRECTION('',(0.866025404,0.5,0.));
#1665=DIRECTION('',(-0.5,0.866025404,0.));
#1666=AXIS2_PLACEMENT_3D('',#1663,#1664,#1665);
#1667=PLANE('',#1666);
#1668=ORIENTED_EDGE('',*,*,#1200,.T.);
#1669=CARTESIAN_POINT('',(3.175426481,28.,2.4));
#1670=VERTEX_POINT('',#1669);
#1671=CARTESIAN_POINT('',(3.175426481,28.,2.4));
#1672=DIRECTION('',(0.,0.,-1.));
#1673=VECTOR('',#1672,2.4);
#1674=LINE('',#1671,#1673);
#1675=EDGE_CURVE('',#1670,#1187,#1674,.T.);
#1676=ORIENTED_EDGE('',*,*,#1675,.F.);
#1677=CARTESIAN_POINT('',(1.58771324,30.75,2.4));
#1678=DIRECTION('',(0.5,-0.866025404,0.));
#1679=VECTOR('',#1678,3.175426481);
#1680=LINE('',#1677,#1679);
#1681=EDGE_CURVE('',#1646,#1670,#1680,.T.);
#1682=ORIENTED_EDGE('',*,*,#1681,.F.);
#1683=ORIENTED_EDGE('',*,*,#1651,.T.);
#1684=EDGE_LOOP('',(#1668,#1676,#1682,#1683));
#1685=FACE_BOUND('',#1684,.T.);
#1686=ADVANCED_FACE('',(#1685),#1667,.F.);
#1687=CARTESIAN_POINT('',(2.38156986,26.625,2.4));
#1688=DIRECTION('',(0.866025404,-0.5,0.));
#1689=DIRECTION('',(0.5,0.866025404,0.));
#1690=AXIS2_PLACEMENT_3D('',#1687,#1688,#1689);
#1691=PLANE('',#1690);
#1692=ORIENTED_EDGE('',*,*,#1192,.T.);
#1693=CARTESIAN_POINT('',(1.58771324,25.25,2.4));
#1694=VERTEX_POINT('',#1693);
#1695=CARTESIAN_POINT('',(1.58771324,25.25,2.4));
#1696=DIRECTION('',(0.,0.,-1.));
#1697=VECTOR('',#1696,2.4);
#1698=LINE('',#1695,#1697);
#1699=EDGE_CURVE('',#1694,#1179,#1698,.T.);
#1700=ORIENTED_EDGE('',*,*,#1699,.F.);
#1701=CARTESIAN_POINT('',(3.175426481,28.,2.4));
#1702=DIRECTION('',(-0.5,-0.866025404,0.));
#1703=VECTOR('',#1702,3.175426481);
#1704=LINE('',#1701,#1703);
#1705=EDGE_CURVE('',#1670,#1694,#1704,.T.);
#1706=ORIENTED_EDGE('',*,*,#1705,.F.);
#1707=ORIENTED_EDGE('',*,*,#1675,.T.);
#1708=EDGE_LOOP('',(#1692,#1700,#1706,#1707));
#1709=FACE_BOUND('',#1708,.T.);
#1710=ADVANCED_FACE('',(#1709),#1691,.F.);
#1711=CARTESIAN_POINT('',(0.,25.25,2.4));
#1712=DIRECTION('',(0.,-1.,0.));
#1713=DIRECTION('',(1.,0.,0.));
#1714=AXIS2_PLACEMENT_3D('',#1711,#1712,#1713);
#1715=PLANE('',#1714);
#1716=ORIENTED_EDGE('',*,*,#1184,.T.);
#1717=ORIENTED_EDGE('',*,*,#1610,.F.);
#1718=CARTESIAN_POINT('',(1.58771324,25.25,2.4));
#1719=DIRECTION('',(-1.,-0.,0.));
#1720=VECTOR('',#1719,3.175426481);
#1721=LINE('',#1718,#1720);
#1722=EDGE_CURVE('',#1694,#1599,#1721,.T.);
#1723=ORIENTED_EDGE('',*,*,#1722,.F.);
#1724=ORIENTED_EDGE('',*,*,#1699,.T.);
#1725=EDGE_LOOP('',(#1716,#1717,#1723,#1724));
#1726=FACE_BOUND('',#1725,.T.);
#1727=ADVANCED_FACE('',(#1726),#1715,.F.);
#1728=CARTESIAN_POINT('',(0.,0.,2.4));
#1729=DIRECTION('',(0.,0.,-1.));
#1730=DIRECTION('',(-1.,0.,0.));
#1731=AXIS2_PLACEMENT_3D('',#1728,#1729,#1730);
#1732=PLANE('',#1731);
#1733=ORIENTED_EDGE('',*,*,#47,.F.);
#1734=EDGE_LOOP('',(#1733));
#1735=FACE_BOUND('',#1734,.T.);
#1736=ORIENTED_EDGE('',*,*,#1604,.T.);
#1737=ORIENTED_EDGE('',*,*,#1633,.T.);
#1738=ORIENTED_EDGE('',*,*,#1657,.T.);
#1739=ORIENTED_EDGE('',*,*,#1681,.T.);
#1740=ORIENTED_EDGE('',*,*,#1705,.T.);
#1741=ORIENTED_EDGE('',*,*,#1722,.T.);
#1742=EDGE_LOOP('',(#1736,#1737,#1738,#1739,#1740,#1741));
#1743=FACE_BOUND('',#1742,.T.);
#1744=ADVANCED_FACE('',(#1735,#1743),#1732,.T.);
#1745=CARTESIAN_POINT('',(-10.76862915,38.76862915,-0.));
#1746=DIRECTION('',(-0.707106781,0.707106781,0.));
#1747=DIRECTION('',(-0.707106781,-0.707106781,0.));
#1748=AXIS2_PLACEMENT_3D('',#1745,#1746,#1747);
#1749=PLANE('',#1748);
#1750=ORIENTED_EDGE('',*,*,#611,.F.);
#1751=CARTESIAN_POINT('',(-9.1372583,40.4,6.4));
#1752=DIRECTION('',(-0.707106781,-0.707106781,0.));
#1753=VECTOR('',#1752,4.614213562);
#1754=LINE('',#1751,#1753);
#1755=EDGE_CURVE('',#598,#444,#1754,.T.);
#1756=ORIENTED_EDGE('',*,*,#1755,.T.);
#1757=ORIENTED_EDGE('',*,*,#449,.T.);
#1758=CARTESIAN_POINT('',(-9.1372583,40.4,6.8));
#1759=DIRECTION('',(-0.707106781,-0.707106781,-0.));
#1760=VECTOR('',#1759,4.614213562);
#1761=LINE('',#1758,#1760);
#1762=EDGE_CURVE('',#606,#436,#1761,.T.);
#1763=ORIENTED_EDGE('',*,*,#1762,.F.);
#1764=EDGE_LOOP('',(#1750,#1756,#1757,#1763));
#1765=FACE_BOUND('',#1764,.T.);
#1766=ADVANCED_FACE('',(#1765),#1749,.T.);
#1767=CARTESIAN_POINT('',(-10.76862915,38.76862915,6.8));
#1768=DIRECTION('',(-0.,-0.,1.));
#1769=DIRECTION('',(-1.,0.,-0.));
#1770=AXIS2_PLACEMENT_3D('',#1767,#1768,#1769);
#1771=PLANE('',#1770);
#1772=ORIENTED_EDGE('',*,*,#441,.F.);
#1773=CARTESIAN_POINT('',(-9.1372583,15.6,6.8));
#1774=VERTEX_POINT('',#1773);
#1775=CARTESIAN_POINT('',(-12.4,18.8627417,6.8));
#1776=DIRECTION('',(0.707106781,-0.707106781,-0.));
#1777=VECTOR('',#1776,4.614213562);
#1778=LINE('',#1775,#1777);
#1779=EDGE_CURVE('',#428,#1774,#1778,.T.);
#1780=ORIENTED_EDGE('',*,*,#1779,.T.);
#1781=CARTESIAN_POINT('',(9.1372583,15.6,6.8));
#1782=VERTEX_POINT('',#1781);
#1783=CARTESIAN_POINT('',(9.1372583,15.6,6.8));
#1784=DIRECTION('',(-1.,0.,0.));
#1785=VECTOR('',#1784,18.2745166);
#1786=LINE('',#1783,#1785);
#1787=EDGE_CURVE('',#1782,#1774,#1786,.T.);
#1788=ORIENTED_EDGE('',*,*,#1787,.F.);
#1789=CARTESIAN_POINT('',(9.1372583,15.6,6.8));
#1790=DIRECTION('',(0.707106781,0.707106781,-0.));
#1791=VECTOR('',#1790,4.614213562);
#1792=LINE('',#1789,#1791);
#1793=EDGE_CURVE('',#1782,#742,#1792,.T.);
#1794=ORIENTED_EDGE('',*,*,#1793,.T.);
#1795=ORIENTED_EDGE('',*,*,#747,.T.);
#1796=CARTESIAN_POINT('',(12.4,37.1372583,6.8));
#1797=DIRECTION('',(-0.707106781,0.707106781,-0.));
#1798=VECTOR('',#1797,4.614213562);
#1799=LINE('',#1796,#1798);
#1800=EDGE_CURVE('',#734,#614,#1799,.T.);
#1801=ORIENTED_EDGE('',*,*,#1800,.T.);
#1802=ORIENTED_EDGE('',*,*,#619,.T.);
#1803=ORIENTED_EDGE('',*,*,#1762,.T.);
#1804=EDGE_LOOP('',(#1772,#1780,#1788,#1794,#1795,#1801,#1802,#1803));
#1805=FACE_BOUND('',#1804,.T.);
#1806=ORIENTED_EDGE('',*,*,#57,.T.);
#1807=ORIENTED_EDGE('',*,*,#64,.T.);
#1808=EDGE_LOOP('',(#1806,#1807));
#1809=FACE_BOUND('',#1808,.T.);
#1810=ADVANCED_FACE('',(#1805,#1809),#1771,.T.);
#1811=CARTESIAN_POINT('',(-9.990811691,37.990811691,5.3));
#1812=DIRECTION('',(0.5,-0.5,0.707106781));
#1813=DIRECTION('',(0.707106781,0.707106781,-0.));
#1814=AXIS2_PLACEMENT_3D('',#1811,#1812,#1813);
#1815=PLANE('',#1814);
#1816=ORIENTED_EDGE('',*,*,#457,.F.);
#1817=ORIENTED_EDGE('',*,*,#1755,.F.);
#1818=ORIENTED_EDGE('',*,*,#603,.F.);
#1819=ORIENTED_EDGE('',*,*,#522,.F.);
#1820=EDGE_LOOP('',(#1816,#1817,#1818,#1819));
#1821=FACE_BOUND('',#1820,.T.);
#1822=ADVANCED_FACE('',(#1821),#1815,.F.);
#1823=CARTESIAN_POINT('',(10.76862915,38.76862915,-0.));
#1824=DIRECTION('',(0.707106781,0.707106781,0.));
#1825=DIRECTION('',(-0.707106781,0.707106781,0.));
#1826=AXIS2_PLACEMENT_3D('',#1823,#1824,#1825);
#1827=PLANE('',#1826);
#1828=ORIENTED_EDGE('',*,*,#739,.F.);
#1829=CARTESIAN_POINT('',(12.4,37.1372583,6.4));
#1830=DIRECTION('',(-0.707106781,0.707106781,0.));
#1831=VECTOR('',#1830,4.614213562);
#1832=LINE('',#1829,#1831);
#1833=EDGE_CURVE('',#726,#622,#1832,.T.);
#1834=ORIENTED_EDGE('',*,*,#1833,.T.);
#1835=ORIENTED_EDGE('',*,*,#627,.T.);
#1836=ORIENTED_EDGE('',*,*,#1800,.F.);
#1837=EDGE_LOOP('',(#1828,#1834,#1835,#1836));
#1838=FACE_BOUND('',#1837,.T.);
#1839=ADVANCED_FACE('',(#1838),#1827,.T.);
#1840=CARTESIAN_POINT('',(9.990811691,37.990811691,5.3));
#1841=DIRECTION('',(-0.5,-0.5,0.707106781));
#1842=DIRECTION('',(0.707106781,-0.707106781,-0.));
#1843=AXIS2_PLACEMENT_3D('',#1840,#1841,#1842);
#1844=PLANE('',#1843);
#1845=ORIENTED_EDGE('',*,*,#635,.F.);
#1846=ORIENTED_EDGE('',*,*,#1833,.F.);
#1847=ORIENTED_EDGE('',*,*,#731,.F.);
#1848=ORIENTED_EDGE('',*,*,#666,.F.);
#1849=EDGE_LOOP('',(#1845,#1846,#1847,#1848));
#1850=FACE_BOUND('',#1849,.T.);
#1851=ADVANCED_FACE('',(#1850),#1844,.F.);
#1852=CARTESIAN_POINT('',(0.,41.2,0.));
#1853=DIRECTION('',(0.,1.,0.));
#1854=DIRECTION('',(0.,0.,1.));
#1855=AXIS2_PLACEMENT_3D('',#1852,#1853,#1854);
#1856=PLANE('',#1855);
#1857=CARTESIAN_POINT('',(-2.166781611,41.2,4.257142857));
#1858=VERTEX_POINT('',#1857);
#1859=CARTESIAN_POINT('',(2.166781611,41.2,4.257142857));
#1860=VERTEX_POINT('',#1859);
#1861=CARTESIAN_POINT('',(-2.166781611,41.2,4.257142857));
#1862=DIRECTION('',(1.,0.,-0.));
#1863=VECTOR('',#1862,4.333563221);
#1864=LINE('',#1861,#1863);
#1865=EDGE_CURVE('',#1858,#1860,#1864,.T.);
#1866=ORIENTED_EDGE('',*,*,#1865,.T.);
#1867=CARTESIAN_POINT('',(2.166781611,41.2,2.2));
#1868=VERTEX_POINT('',#1867);
#1869=CARTESIAN_POINT('',(2.166781611,41.2,4.257142857));
#1870=DIRECTION('',(-0.,0.,-1.));
#1871=VECTOR('',#1870,2.057142857);
#1872=LINE('',#1869,#1871);
#1873=EDGE_CURVE('',#1860,#1868,#1872,.T.);
#1874=ORIENTED_EDGE('',*,*,#1873,.T.);
#1875=CARTESIAN_POINT('',(-2.166781611,41.2,2.2));
#1876=VERTEX_POINT('',#1875);
#1877=CARTESIAN_POINT('',(2.166781611,41.2,2.2));
#1878=DIRECTION('',(-1.,0.,0.));
#1879=VECTOR('',#1878,4.333563221);
#1880=LINE('',#1877,#1879);
#1881=EDGE_CURVE('',#1868,#1876,#1880,.T.);
#1882=ORIENTED_EDGE('',*,*,#1881,.T.);
#1883=CARTESIAN_POINT('',(-2.166781611,41.2,2.2));
#1884=DIRECTION('',(0.,-0.,1.));
#1885=VECTOR('',#1884,2.057142857);
#1886=LINE('',#1883,#1885);
#1887=EDGE_CURVE('',#1876,#1858,#1886,.T.);
#1888=ORIENTED_EDGE('',*,*,#1887,.T.);
#1889=EDGE_LOOP('',(#1866,#1874,#1882,#1888));
#1890=FACE_BOUND('',#1889,.T.);
#1891=ADVANCED_FACE('',(#1890),#1856,.T.);
#1892=CARTESIAN_POINT('',(3.5,40.4,5.4));
#1893=DIRECTION('',(-0.,-0.819231921,-0.573462344));
#1894=DIRECTION('',(-1.,0.,0.));
#1895=AXIS2_PLACEMENT_3D('',#1892,#1893,#1894);
#1896=PLANE('',#1895);
#1897=ORIENTED_EDGE('',*,*,#592,.F.);
#1898=CARTESIAN_POINT('',(7.,40.4,5.4));
#1899=CARTESIAN_POINT('',(6.756155546,40.482996725,5.28143325));
#1900=CARTESIAN_POINT('',(6.554610608,40.55100468,5.184279029));
#1901=CARTESIAN_POINT('',(6.158046266,40.684818657,4.993116204));
#1902=CARTESIAN_POINT('',(5.883526139,40.77457164,4.864897657));
#1903=CARTESIAN_POINT('',(5.543286741,40.885811209,4.705983987));
#1904=CARTESIAN_POINT('',(5.316987558,40.953204427,4.609707962));
#1905=CARTESIAN_POINT('',(5.156294797,41.001059669,4.54134333));
#1906=CARTESIAN_POINT('',(5.02669376,41.034735957,4.493234347));
#1907=CARTESIAN_POINT('',(4.866703466,41.076308766,4.43384462));
#1908=CARTESIAN_POINT('',(4.727039766,41.102953765,4.395780335));
#1909=CARTESIAN_POINT('',(4.65098209,41.117464026,4.375051391));
#1910=CARTESIAN_POINT('',(4.573789094,41.128925918,4.35867726));
#1911=CARTESIAN_POINT('',(4.498683899,41.140077806,4.342745991));
#1912=CARTESIAN_POINT('',(4.418085481,41.14887379,4.3301803));
#1913=CARTESIAN_POINT('',(4.277193546,41.164249814,4.308214552));
#1914=CARTESIAN_POINT('',(4.100629454,41.173914019,4.294408545));
#1915=CARTESIAN_POINT('',(3.96037811,41.181590652,4.283441926));
#1916=CARTESIAN_POINT('',(3.778959454,41.186663536,4.276194949));
#1917=CARTESIAN_POINT('',(3.636527553,41.190646261,4.270505342));
#1918=CARTESIAN_POINT('',(3.456660894,41.193338334,4.266659523));
#1919=CARTESIAN_POINT('',(3.192735577,41.197288517,4.261016404));
#1920=CARTESIAN_POINT('',(2.811759911,41.198856235,4.258776808));
#1921=CARTESIAN_POINT('',(2.533810179,41.2,4.257142857));
#1922=CARTESIAN_POINT('',(2.166781611,41.2,4.257142857));
#1923=B_SPLINE_CURVE_WITH_KNOTS('',2,(#1898,#1899,#1900,#1901,#1902,#1903,#1904,#1905,#1906,#1907,#1908,#1909,#1910,#1911,#1912,#1913,#1914,#1915,#1916,#1917,#1918,#1919,#1920,#1921,#1922),.UNSPECIFIED.,.F.,.F.,(3,2,2,2,2,2,2,2,2,2,2,2,3),(0.,0.1,0.25,0.375,0.4375,0.5,0.53125,0.5625,0.625,0.6875,0.75,0.875,1.),.UNSPECIFIED.);
#1924=EDGE_CURVE('',#581,#1860,#1923,.T.);
#1925=ORIENTED_EDGE('',*,*,#1924,.T.);
#1926=ORIENTED_EDGE('',*,*,#1865,.F.);
#1927=CARTESIAN_POINT('',(-2.166781611,41.2,4.257142857));
#1928=CARTESIAN_POINT('',(-2.534068804,41.2,4.257142857));
#1929=CARTESIAN_POINT('',(-2.813208929,41.19885027,4.258785329));
#1930=CARTESIAN_POINT('',(-3.19415212,41.19728123,4.261026815));
#1931=CARTESIAN_POINT('',(-3.45956254,41.19329483,4.266721671));
#1932=CARTESIAN_POINT('',(-3.638758709,41.190603348,4.270566646));
#1933=CARTESIAN_POINT('',(-3.782499374,41.186564309,4.276336702));
#1934=CARTESIAN_POINT('',(-3.96307604,41.181490198,4.283585432));
#1935=CARTESIAN_POINT('',(-4.104562766,41.173698064,4.294717051));
#1936=CARTESIAN_POINT('',(-4.281607316,41.163947646,4.30864622));
#1937=CARTESIAN_POINT('',(-4.424696662,41.148148082,4.331217026));
#1938=CARTESIAN_POINT('',(-4.50489475,41.139292811,4.343867412));
#1939=CARTESIAN_POINT('',(-4.581763122,41.127734401,4.360379428));
#1940=CARTESIAN_POINT('',(-4.657924444,41.116282306,4.376739562));
#1941=CARTESIAN_POINT('',(-4.73524184,41.101380977,4.398027176));
#1942=CARTESIAN_POINT('',(-4.872778817,41.074873568,4.435894903));
#1943=CARTESIAN_POINT('',(-5.03281746,41.033141913,4.495511552));
#1944=CARTESIAN_POINT('',(-5.161009273,40.999714634,4.543264809));
#1945=CARTESIAN_POINT('',(-5.322050174,40.951695808,4.611863132));
#1946=CARTESIAN_POINT('',(-5.546972123,40.88462907,4.707672758));
#1947=CARTESIAN_POINT('',(-5.886972245,40.773444835,4.866507379));
#1948=CARTESIAN_POINT('',(-6.29083362,40.641377182,5.055175454));
#1949=CARTESIAN_POINT('',(-7.,40.4,5.4));
#1950=B_SPLINE_CURVE_WITH_KNOTS('',2,(#1927,#1928,#1929,#1930,#1931,#1932,#1933,#1934,#1935,#1936,#1937,#1938,#1939,#1940,#1941,#1942,#1943,#1944,#1945,#1946,#1947,#1948,#1949),.UNSPECIFIED.,.F.,.F.,(3,2,2,2,2,2,2,2,2,2,2,3),(0.,0.125,0.25,0.3125,0.375,0.4375,0.46875,0.5,0.5625,0.625,0.75,1.),.UNSPECIFIED.);
#1951=EDGE_CURVE('',#1858,#547,#1950,.T.);
#1952=ORIENTED_EDGE('',*,*,#1951,.T.);
#1953=EDGE_LOOP('',(#1897,#1925,#1926,#1952));
#1954=FACE_BOUND('',#1953,.T.);
#1955=ADVANCED_FACE('',(#1954),#1896,.F.);
#1956=CARTESIAN_POINT('',(3.5,40.4,1.4));
#1957=DIRECTION('',(0.,-0.707106781,0.707106781));
#1958=DIRECTION('',(1.,-0.,-0.));
#1959=AXIS2_PLACEMENT_3D('',#1956,#1957,#1958);
#1960=PLANE('',#1959);
#1961=ORIENTED_EDGE('',*,*,#1881,.F.);
#1962=CARTESIAN_POINT('',(2.166781611,41.2,2.2));
#1963=CARTESIAN_POINT('',(2.524546565,41.2,2.2));
#1964=CARTESIAN_POINT('',(2.79841393,41.198910241,2.198910241));
#1965=CARTESIAN_POINT('',(3.168805799,41.197436396,2.197436396));
#1966=CARTESIAN_POINT('',(3.430003509,41.193726999,2.193726999));
#1967=CARTESIAN_POINT('',(3.604501679,41.191248865,2.191248865));
#1968=CARTESIAN_POINT('',(3.745661667,41.187563353,2.187563353));
#1969=CARTESIAN_POINT('',(3.921765756,41.182965492,2.182965492));
#1970=CARTESIAN_POINT('',(4.060733893,41.17600365,2.17600365));
#1971=CARTESIAN_POINT('',(4.234812368,41.167282897,2.167282897));
#1972=CARTESIAN_POINT('',(4.374546913,41.15340821,2.15340821));
#1973=CARTESIAN_POINT('',(4.454850222,41.14543464,2.14543464));
#1974=CARTESIAN_POINT('',(4.530632343,41.135077461,2.135077461));
#1975=CARTESIAN_POINT('',(4.607895118,41.124517921,2.124517921));
#1976=CARTESIAN_POINT('',(4.684818319,41.110758255,2.110758255));
#1977=CARTESIAN_POINT('',(4.825804303,41.085539335,2.085539335));
#1978=CARTESIAN_POINT('',(4.985872918,41.045187326,2.045187326));
#1979=CARTESIAN_POINT('',(5.116409163,41.01228019,2.01228019));
#1980=CARTESIAN_POINT('',(5.280136703,40.964113178,1.964113178));
#1981=CARTESIAN_POINT('',(5.508209984,40.89701629,1.89701629));
#1982=CARTESIAN_POINT('',(5.857843164,40.782959326,1.782959326));
#1983=CARTESIAN_POINT('',(6.267335951,40.649375025,1.649375025));
#1984=CARTESIAN_POINT('',(7.,40.4,1.4));
#1985=B_SPLINE_CURVE_WITH_KNOTS('',2,(#1962,#1963,#1964,#1965,#1966,#1967,#1968,#1969,#1970,#1971,#1972,#1973,#1974,#1975,#1976,#1977,#1978,#1979,#1980,#1981,#1982,#1983,#1984),.UNSPECIFIED.,.F.,.F.,(3,2,2,2,2,2,2,2,2,2,2,3),(0.,0.125,0.25,0.3125,0.375,0.4375,0.46875,0.5,0.5625,0.625,0.75,1.),.UNSPECIFIED.);
#1986=EDGE_CURVE('',#1868,#565,#1985,.T.);
#1987=ORIENTED_EDGE('',*,*,#1986,.T.);
#1988=ORIENTED_EDGE('',*,*,#570,.F.);
#1989=CARTESIAN_POINT('',(-7.,40.4,1.4));
#1990=CARTESIAN_POINT('',(-6.2687033,40.648909624,1.648909624));
#1991=CARTESIAN_POINT('',(-5.858618642,40.782706332,1.782706332));
#1992=CARTESIAN_POINT('',(-5.510362882,40.896330369,1.896330369));
#1993=CARTESIAN_POINT('',(-5.28146324,40.963722775,1.963722775));
#1994=CARTESIAN_POINT('',(-5.118834765,41.011603689,2.011603689));
#1995=CARTESIAN_POINT('',(-4.987434956,41.044793157,2.044793157));
#1996=CARTESIAN_POINT('',(-4.827891517,41.085091251,2.085091251));
#1997=CARTESIAN_POINT('',(-4.685644781,41.110610205,2.110610205));
#1998=CARTESIAN_POINT('',(-4.610002845,41.124180309,2.124180309));
#1999=CARTESIAN_POINT('',(-4.531995891,41.134890684,2.134890684));
#2000=CARTESIAN_POINT('',(-4.457539307,41.145113591,2.145113591));
#2001=CARTESIAN_POINT('',(-4.376601177,41.15320357,2.15320357));
#2002=CARTESIAN_POINT('',(-4.237671599,41.167089947,2.167089947));
#2003=CARTESIAN_POINT('',(-4.062297402,41.175925099,2.175925099));
#2004=CARTESIAN_POINT('',(-3.924212926,41.182881638,2.182881638));
#2005=CARTESIAN_POINT('',(-3.746769951,41.187534353,2.187534353));
#2006=CARTESIAN_POINT('',(-3.60654757,41.19121111,2.19121111));
#2007=CARTESIAN_POINT('',(-3.43083679,41.193715145,2.193715145));
#2008=CARTESIAN_POINT('',(-3.170545764,41.197424523,2.197424523));
#2009=CARTESIAN_POINT('',(-2.798836836,41.198908555,2.198908555));
#2010=CARTESIAN_POINT('',(-2.525460059,41.2,2.2));
#2011=CARTESIAN_POINT('',(-2.166781611,41.2,2.2));
#2012=B_SPLINE_CURVE_WITH_KNOTS('',2,(#1989,#1990,#1991,#1992,#1993,#1994,#1995,#1996,#1997,#1998,#1999,#2000,#2001,#2002,#2003,#2004,#2005,#2006,#2007,#2008,#2009,#2010,#2011),.UNSPECIFIED.,.F.,.F.,(3,2,2,2,2,2,2,2,2,2,2,3),(0.,0.25,0.375,0.4375,0.5,0.53125,0.5625,0.625,0.6875,0.75,0.875,1.),.UNSPECIFIED.);
#2013=EDGE_CURVE('',#557,#1876,#2012,.T.);
#2014=ORIENTED_EDGE('',*,*,#2013,.T.);
#2015=EDGE_LOOP('',(#1961,#1987,#1988,#2014));
#2016=FACE_BOUND('',#2015,.T.);
#2017=ADVANCED_FACE('',(#2016),#1960,.F.);
#2018=CARTESIAN_POINT('',(2.166781611,41.2,5.4));
#2019=CARTESIAN_POINT('',(2.166781611,41.2,4.066666667));
#2020=CARTESIAN_POINT('',(2.166781611,41.2,2.733333333));
#2021=CARTESIAN_POINT('',(2.166781611,41.2,1.4));
#2022=CARTESIAN_POINT('',(4.649599276,41.2,5.4));
#2023=CARTESIAN_POINT('',(4.649599276,41.2,4.066666667));
#2024=CARTESIAN_POINT('',(4.649599276,41.2,2.733333333));
#2025=CARTESIAN_POINT('',(4.649599276,41.2,1.4));
#2026=CARTESIAN_POINT('',(7.,40.4,5.4));
#2027=CARTESIAN_POINT('',(7.,40.4,4.066666667));
#2028=CARTESIAN_POINT('',(7.,40.4,2.733333333));
#2029=CARTESIAN_POINT('',(7.,40.4,1.4));
#2030=(BOUNDED_SURFACE()
B_SPLINE_SURFACE(2,3,((#2018,#2019,#2020,#2021),(#2022,#2023,#2024,#2025),(#2026,#2027,#2028,#2029)),.UNSPECIFIED.,.F.,.F.,.U.)
B_SPLINE_SURFACE_WITH_KNOTS((3,3),(4,4),(0.,1.),(-0.002,0.002),.UNSPECIFIED.)
GEOMETRIC_REPRESENTATION_ITEM()
RATIONAL_B_SPLINE_SURFACE(((1.,1.,1.,1.),(3.94630629,3.94630629,3.94630629,3.94630629),(1.,1.,1.,1.)))
REPRESENTATION_ITEM('')
SURFACE()
);
#2031=ORIENTED_EDGE('',*,*,#1924,.F.);
#2032=ORIENTED_EDGE('',*,*,#586,.F.);
#2033=ORIENTED_EDGE('',*,*,#578,.F.);
#2034=ORIENTED_EDGE('',*,*,#1986,.F.);
#2035=ORIENTED_EDGE('',*,*,#1873,.F.);
#2036=EDGE_LOOP('',(#2031,#2032,#2033,#2034,#2035));
#2037=FACE_BOUND('',#2036,.T.);
#2038=ADVANCED_FACE('',(#2037),#2030,.T.);
#2039=CARTESIAN_POINT('',(-2.166781611,41.2,1.4));
#2040=CARTESIAN_POINT('',(-2.166781611,41.2,2.733333333));
#2041=CARTESIAN_POINT('',(-2.166781611,41.2,4.066666667));
#2042=CARTESIAN_POINT('',(-2.166781611,41.2,5.4));
#2043=CARTESIAN_POINT('',(-4.649599276,41.2,1.4));
#2044=CARTESIAN_POINT('',(-4.649599276,41.2,2.733333333));
#2045=CARTESIAN_POINT('',(-4.649599276,41.2,4.066666667));
#2046=CARTESIAN_POINT('',(-4.649599276,41.2,5.4));
#2047=CARTESIAN_POINT('',(-7.,40.4,1.4));
#2048=CARTESIAN_POINT('',(-7.,40.4,2.733333333));
#2049=CARTESIAN_POINT('',(-7.,40.4,4.066666667));
#2050=CARTESIAN_POINT('',(-7.,40.4,5.4));
#2051=(BOUNDED_SURFACE()
B_SPLINE_SURFACE(2,3,((#2039,#2040,#2041,#2042),(#2043,#2044,#2045,#2046),(#2047,#2048,#2049,#2050)),.UNSPECIFIED.,.F.,.F.,.U.)
B_SPLINE_SURFACE_WITH_KNOTS((3,3),(4,4),(0.,1.),(-0.002,0.002),.UNSPECIFIED.)
GEOMETRIC_REPRESENTATION_ITEM()
RATIONAL_B_SPLINE_SURFACE(((1.,1.,1.,1.),(3.94630629,3.94630629,3.94630629,3.94630629),(1.,1.,1.,1.)))
REPRESENTATION_ITEM('')
SURFACE()
);
#2052=ORIENTED_EDGE('',*,*,#2013,.F.);
#2053=ORIENTED_EDGE('',*,*,#562,.F.);
#2054=ORIENTED_EDGE('',*,*,#554,.F.);
#2055=ORIENTED_EDGE('',*,*,#1951,.F.);
#2056=ORIENTED_EDGE('',*,*,#1887,.F.);
#2057=EDGE_LOOP('',(#2052,#2053,#2054,#2055,#2056));
#2058=FACE_BOUND('',#2057,.T.);
#2059=ADVANCED_FACE('',(#2058),#2051,.T.);
#2060=CARTESIAN_POINT('',(12.8,28.,0.));
#2061=DIRECTION('',(1.,-0.,0.));
#2062=DIRECTION('',(0.,1.,0.));
#2063=AXIS2_PLACEMENT_3D('',#2060,#2061,#2062);
#2064=PLANE('',#2063);
#2065=CARTESIAN_POINT('',(12.8,26.085292704,3.971428571));
#2066=VERTEX_POINT('',#2065);
#2067=CARTESIAN_POINT('',(12.8,29.914707296,3.971428571));
#2068=VERTEX_POINT('',#2067);
#2069=CARTESIAN_POINT('',(12.8,26.085292704,3.971428571));
#2070=DIRECTION('',(0.,1.,0.));
#2071=VECTOR('',#2070,3.829414592);
#2072=LINE('',#2069,#2071);
#2073=EDGE_CURVE('',#2066,#2068,#2072,.T.);
#2074=ORIENTED_EDGE('',*,*,#2073,.T.);
#2075=CARTESIAN_POINT('',(12.8,29.914707296,4.828571429));
#2076=VERTEX_POINT('',#2075);
#2077=CARTESIAN_POINT('',(12.8,29.914707296,3.971428571));
#2078=DIRECTION('',(0.,0.,1.));
#2079=VECTOR('',#2078,0.857142857);
#2080=LINE('',#2077,#2079);
#2081=EDGE_CURVE('',#2068,#2076,#2080,.T.);
#2082=ORIENTED_EDGE('',*,*,#2081,.T.);
#2083=CARTESIAN_POINT('',(12.8,26.085292704,4.828571429));
#2084=VERTEX_POINT('',#2083);
#2085=CARTESIAN_POINT('',(12.8,29.914707296,4.828571429));
#2086=DIRECTION('',(-0.,-1.,0.));
#2087=VECTOR('',#2086,3.829414592);
#2088=LINE('',#2085,#2087);
#2089=EDGE_CURVE('',#2076,#2084,#2088,.T.);
#2090=ORIENTED_EDGE('',*,*,#2089,.T.);
#2091=CARTESIAN_POINT('',(12.8,26.085292704,4.828571429));
#2092=DIRECTION('',(-0.,-0.,-1.));
#2093=VECTOR('',#2092,0.857142857);
#2094=LINE('',#2091,#2093);
#2095=EDGE_CURVE('',#2084,#2066,#2094,.T.);
#2096=ORIENTED_EDGE('',*,*,#2095,.T.);
#2097=EDGE_LOOP('',(#2074,#2082,#2090,#2096));
#2098=FACE_BOUND('',#2097,.T.);
#2099=ADVANCED_FACE('',(#2098),#2064,.T.);
#2100=CARTESIAN_POINT('',(12.4,25.5,3.4));
#2101=DIRECTION('',(-0.819231921,0.,0.573462344));
#2102=DIRECTION('',(-0.,-1.,-0.));
#2103=AXIS2_PLACEMENT_3D('',#2100,#2101,#2102);
#2104=PLANE('',#2103);
#2105=CARTESIAN_POINT('',(12.508710135,32.856449323,3.555300193));
#2106=VERTEX_POINT('',#2105);
#2107=CARTESIAN_POINT('',(12.4,33.4,3.4));
#2108=DIRECTION('',(0.188844645,-0.944223224,0.269778064));
#2109=VECTOR('',#2108,0.575659085);
#2110=LINE('',#2107,#2109);
#2111=EDGE_CURVE('',#693,#2106,#2110,.T.);
#2112=ORIENTED_EDGE('',*,*,#2111,.T.);
#2113=CARTESIAN_POINT('',(12.508710135,32.856449323,3.555300193));
#2114=CARTESIAN_POINT('',(12.600378238,32.398108811,3.686254626));
#2115=CARTESIAN_POINT('',(12.649298593,32.143254896,3.756140847));
#2116=CARTESIAN_POINT('',(12.690999344,31.926012002,3.815713348));
#2117=CARTESIAN_POINT('',(12.715554248,31.78434283,3.850791783));
#2118=CARTESIAN_POINT('',(12.732947892,31.683990449,3.875639846));
#2119=CARTESIAN_POINT('',(12.744975314,31.602987045,3.892821877));
#2120=CARTESIAN_POINT('',(12.759391689,31.505894299,3.913416699));
#2121=CARTESIAN_POINT('',(12.768518793,31.419051701,3.926455419));
#2122=CARTESIAN_POINT('',(12.777817689,31.330574545,3.939739555));
#2123=CARTESIAN_POINT('',(12.783535036,31.232936276,3.947907194));
#2124=CARTESIAN_POINT('',(12.78838803,31.150059021,3.954840043));
#2125=CARTESIAN_POINT('',(12.791501778,31.045152549,3.959288255));
#2126=CARTESIAN_POINT('',(12.795813921,30.899870506,3.965448458));
#2127=CARTESIAN_POINT('',(12.797772002,30.668466515,3.968245716));
#2128=CARTESIAN_POINT('',(12.8,30.405163908,3.971428571));
#2129=CARTESIAN_POINT('',(12.8,29.914707296,3.971428571));
#2130=B_SPLINE_CURVE_WITH_KNOTS('',2,(#2113,#2114,#2115,#2116,#2117,#2118,#2119,#2120,#2121,#2122,#2123,#2124,#2125,#2126,#2127,#2128,#2129),.UNSPECIFIED.,.F.,.F.,(3,2,2,2,2,2,2,2,3),(0.,0.25,0.375,0.4375,0.5,0.5625,0.625,0.75,1.),.UNSPECIFIED.);
#2131=EDGE_CURVE('',#2106,#2068,#2130,.T.);
#2132=ORIENTED_EDGE('',*,*,#2131,.T.);
#2133=ORIENTED_EDGE('',*,*,#2073,.F.);
#2134=CARTESIAN_POINT('',(12.508710135,23.143550677,3.555300193));
#2135=VERTEX_POINT('',#2134);
#2136=CARTESIAN_POINT('',(12.8,26.085292704,3.971428571));
#2137=CARTESIAN_POINT('',(12.8,25.59539691,3.971428571));
#2138=CARTESIAN_POINT('',(12.797768812,25.331156148,3.96824116));
#2139=CARTESIAN_POINT('',(12.795823051,25.100718618,3.965461502));
#2140=CARTESIAN_POINT('',(12.791485204,24.954288495,3.959264577));
#2141=CARTESIAN_POINT('',(12.788406394,24.850358934,3.954866277));
#2142=CARTESIAN_POINT('',(12.783494582,24.766372389,3.947849403));
#2143=CARTESIAN_POINT('',(12.777829057,24.669498166,3.939755795));
#2144=CARTESIAN_POINT('',(12.768388988,24.579713473,3.926269983));
#2145=CARTESIAN_POINT('',(12.759388766,24.494112165,3.913412522));
#2146=CARTESIAN_POINT('',(12.744856221,24.396210791,3.892651744));
#2147=CARTESIAN_POINT('',(12.73299507,24.316305793,3.875707243));
#2148=CARTESIAN_POINT('',(12.715447184,24.215039395,3.850638835));
#2149=CARTESIAN_POINT('',(12.691088897,24.07447112,3.815841282));
#2150=CARTESIAN_POINT('',(12.64921589,23.856314242,3.7560227));
#2151=CARTESIAN_POINT('',(12.600470529,23.602352643,3.68638647));
#2152=CARTESIAN_POINT('',(12.508710135,23.143550677,3.555300193));
#2153=B_SPLINE_CURVE_WITH_KNOTS('',2,(#2136,#2137,#2138,#2139,#2140,#2141,#2142,#2143,#2144,#2145,#2146,#2147,#2148,#2149,#2150,#2151,#2152),.UNSPECIFIED.,.F.,.F.,(3,2,2,2,2,2,2,2,3),(0.,0.25,0.375,0.4375,0.5,0.5625,0.625,0.75,1.),.UNSPECIFIED.);
#2154=EDGE_CURVE('',#2066,#2135,#2153,.T.);
#2155=ORIENTED_EDGE('',*,*,#2154,.T.);
#2156=CARTESIAN_POINT('',(12.508710135,23.143550677,3.555300193));
#2157=DIRECTION('',(-0.188844645,-0.944223224,-0.269778064));
#2158=VECTOR('',#2157,0.575659085);
#2159=LINE('',#2156,#2158);
#2160=EDGE_CURVE('',#2135,#701,#2159,.T.);
#2161=ORIENTED_EDGE('',*,*,#2160,.T.);
#2162=ORIENTED_EDGE('',*,*,#706,.F.);
#2163=EDGE_LOOP('',(#2112,#2132,#2133,#2155,#2161,#2162));
#2164=FACE_BOUND('',#2163,.T.);
#2165=ADVANCED_FACE('',(#2164),#2104,.F.);
#2166=CARTESIAN_POINT('',(12.4,30.7,5.4));
#2167=DIRECTION('',(-0.819231921,0.,-0.573462344));
#2168=DIRECTION('',(0.,1.,0.));
#2169=AXIS2_PLACEMENT_3D('',#2166,#2167,#2168);
#2170=PLANE('',#2169);
#2171=ORIENTED_EDGE('',*,*,#2089,.F.);
#2172=CARTESIAN_POINT('',(12.508710135,32.856449323,5.244699807));
#2173=VERTEX_POINT('',#2172);
#2174=CARTESIAN_POINT('',(12.8,29.914707296,4.828571429));
#2175=CARTESIAN_POINT('',(12.8,30.40460309,4.828571429));
#2176=CARTESIAN_POINT('',(12.797768812,30.668843852,4.83175884));
#2177=CARTESIAN_POINT('',(12.795823051,30.899281382,4.834538498));
#2178=CARTESIAN_POINT('',(12.791485204,31.045711505,4.840735423));
#2179=CARTESIAN_POINT('',(12.788406394,31.149641066,4.845133723));
#2180=CARTESIAN_POINT('',(12.783494582,31.233627611,4.852150597));
#2181=CARTESIAN_POINT('',(12.777829057,31.330501834,4.860244205));
#2182=CARTESIAN_POINT('',(12.768388988,31.420286527,4.873730017));
#2183=CARTESIAN_POINT('',(12.759388766,31.505887835,4.886587478));
#2184=CARTESIAN_POINT('',(12.744856221,31.603789209,4.907348256));
#2185=CARTESIAN_POINT('',(12.73299507,31.683694207,4.924292757));
#2186=CARTESIAN_POINT('',(12.715447184,31.784960605,4.949361165));
#2187=CARTESIAN_POINT('',(12.691088897,31.92552888,4.984158718));
#2188=CARTESIAN_POINT('',(12.64921589,32.143685758,5.0439773));
#2189=CARTESIAN_POINT('',(12.600470529,32.397647357,5.11361353));
#2190=CARTESIAN_POINT('',(12.508710135,32.856449323,5.244699807));
#2191=B_SPLINE_CURVE_WITH_KNOTS('',2,(#2174,#2175,#2176,#2177,#2178,#2179,#2180,#2181,#2182,#2183,#2184,#2185,#2186,#2187,#2188,#2189,#2190),.UNSPECIFIED.,.F.,.F.,(3,2,2,2,2,2,2,2,3),(0.,0.25,0.375,0.4375,0.5,0.5625,0.625,0.75,1.),.UNSPECIFIED.);
#2192=EDGE_CURVE('',#2076,#2173,#2191,.T.);
#2193=ORIENTED_EDGE('',*,*,#2192,.T.);
#2194=CARTESIAN_POINT('',(12.508710135,32.856449323,5.244699807));
#2195=DIRECTION('',(-0.188844645,0.944223224,0.269778064));
#2196=VECTOR('',#2195,0.575659085);
#2197=LINE('',#2194,#2196);
#2198=EDGE_CURVE('',#2173,#691,#2197,.T.);
#2199=ORIENTED_EDGE('',*,*,#2198,.T.);
#2200=ORIENTED_EDGE('',*,*,#720,.F.);
#2201=CARTESIAN_POINT('',(12.508710135,23.143550677,5.244699807));
#2202=VERTEX_POINT('',#2201);
#2203=CARTESIAN_POINT('',(12.4,22.6,5.4));
#2204=DIRECTION('',(0.188844645,0.944223224,-0.269778064));
#2205=VECTOR('',#2204,0.575659085);
#2206=LINE('',#2203,#2205);
#2207=EDGE_CURVE('',#709,#2202,#2206,.T.);
#2208=ORIENTED_EDGE('',*,*,#2207,.T.);
#2209=CARTESIAN_POINT('',(12.508710135,23.143550677,5.244699807));
#2210=CARTESIAN_POINT('',(12.600378238,23.601891189,5.113745374));
#2211=CARTESIAN_POINT('',(12.649298593,23.856745104,5.043859153));
#2212=CARTESIAN_POINT('',(12.690999344,24.073987998,4.984286652));
#2213=CARTESIAN_POINT('',(12.715554248,24.21565717,4.949208217));
#2214=CARTESIAN_POINT('',(12.732947892,24.316009551,4.924360154));
#2215=CARTESIAN_POINT('',(12.744975314,24.397012955,4.907178123));
#2216=CARTESIAN_POINT('',(12.759391689,24.494105701,4.886583301));
#2217=CARTESIAN_POINT('',(12.768518793,24.580948299,4.873544581));
#2218=CARTESIAN_POINT('',(12.777817689,24.669425455,4.860260445));
#2219=CARTESIAN_POINT('',(12.783535036,24.767063724,4.852092806));
#2220=CARTESIAN_POINT('',(12.78838803,24.849940979,4.845159957));
#2221=CARTESIAN_POINT('',(12.791501778,24.954847451,4.840711745));
#2222=CARTESIAN_POINT('',(12.795813921,25.100129494,4.834551542));
#2223=CARTESIAN_POINT('',(12.797772002,25.331533485,4.831754284));
#2224=CARTESIAN_POINT('',(12.8,25.594836092,4.828571429));
#2225=CARTESIAN_POINT('',(12.8,26.085292704,4.828571429));
#2226=B_SPLINE_CURVE_WITH_KNOTS('',2,(#2209,#2210,#2211,#2212,#2213,#2214,#2215,#2216,#2217,#2218,#2219,#2220,#2221,#2222,#2223,#2224,#2225),.UNSPECIFIED.,.F.,.F.,(3,2,2,2,2,2,2,2,3),(0.,0.25,0.375,0.4375,0.5,0.5625,0.625,0.75,1.),.UNSPECIFIED.);
#2227=EDGE_CURVE('',#2202,#2084,#2226,.T.);
#2228=ORIENTED_EDGE('',*,*,#2227,.T.);
#2229=EDGE_LOOP('',(#2171,#2193,#2199,#2200,#2208,#2228));
#2230=FACE_BOUND('',#2229,.T.);
#2231=ADVANCED_FACE('',(#2230),#2170,.F.);
#2232=CARTESIAN_POINT('',(12.4,33.4,4.4));
#2233=DIRECTION('',(-0.980580676,-0.196116135,0.));
#2234=DIRECTION('',(0.,0.,-1.));
#2235=AXIS2_PLACEMENT_3D('',#2232,#2233,#2234);
#2236=PLANE('',#2235);
#2237=ORIENTED_EDGE('',*,*,#2198,.F.);
#2238=CARTESIAN_POINT('',(12.508710135,32.856449323,5.244699807));
#2239=DIRECTION('',(0.,0.,-1.));
#2240=VECTOR('',#2239,1.689399613);
#2241=LINE('',#2238,#2240);
#2242=EDGE_CURVE('',#2173,#2106,#2241,.T.);
#2243=ORIENTED_EDGE('',*,*,#2242,.T.);
#2244=ORIENTED_EDGE('',*,*,#2111,.F.);
#2245=ORIENTED_EDGE('',*,*,#698,.F.);
#2246=EDGE_LOOP('',(#2237,#2243,#2244,#2245));
#2247=FACE_BOUND('',#2246,.T.);
#2248=ADVANCED_FACE('',(#2247),#2236,.F.);
#2249=CARTESIAN_POINT('',(12.4,22.6,4.4));
#2250=DIRECTION('',(-0.980580676,0.196116135,0.));
#2251=DIRECTION('',(-0.,-0.,1.));
#2252=AXIS2_PLACEMENT_3D('',#2249,#2250,#2251);
#2253=PLANE('',#2252);
#2254=ORIENTED_EDGE('',*,*,#2160,.F.);
#2255=CARTESIAN_POINT('',(12.508710135,23.143550677,3.555300193));
#2256=DIRECTION('',(-0.,-0.,1.));
#2257=VECTOR('',#2256,1.689399613);
#2258=LINE('',#2255,#2257);
#2259=EDGE_CURVE('',#2135,#2202,#2258,.T.);
#2260=ORIENTED_EDGE('',*,*,#2259,.T.);
#2261=ORIENTED_EDGE('',*,*,#2207,.F.);
#2262=ORIENTED_EDGE('',*,*,#714,.F.);
#2263=EDGE_LOOP('',(#2254,#2260,#2261,#2262));
#2264=FACE_BOUND('',#2263,.T.);
#2265=ADVANCED_FACE('',(#2264),#2253,.F.);
#2266=CARTESIAN_POINT('',(12.508710135,32.856449323,5.244699807));
#2267=CARTESIAN_POINT('',(12.508710135,32.856449323,4.681566602));
#2268=CARTESIAN_POINT('',(12.508710135,32.856449323,4.118433398));
#2269=CARTESIAN_POINT('',(12.508710135,32.856449323,3.555300193));
#2270=CARTESIAN_POINT('',(12.8,31.4,5.244699807));
#2271=CARTESIAN_POINT('',(12.8,31.4,4.681566602));
#2272=CARTESIAN_POINT('',(12.8,31.4,4.118433398));
#2273=CARTESIAN_POINT('',(12.8,31.4,3.555300193));
#2274=CARTESIAN_POINT('',(12.8,29.914707296,5.244699807));
#2275=CARTESIAN_POINT('',(12.8,29.914707296,4.681566602));
#2276=CARTESIAN_POINT('',(12.8,29.914707296,4.118433398));
#2277=CARTESIAN_POINT('',(12.8,29.914707296,3.555300193));
#2278=(BOUNDED_SURFACE()
B_SPLINE_SURFACE(2,3,((#2266,#2267,#2268,#2269),(#2270,#2271,#2272,#2273),(#2274,#2275,#2276,#2277)),.UNSPECIFIED.,.F.,.F.,.U.)
B_SPLINE_SURFACE_WITH_KNOTS((3,3),(4,4),(0.,1.),(-0.0052447,-0.0035553),.UNSPECIFIED.)
GEOMETRIC_REPRESENTATION_ITEM()
RATIONAL_B_SPLINE_SURFACE(((1.,1.,1.,1.),(3.980533307,3.980533307,3.980533307,3.980533307),(1.,1.,1.,1.)))
REPRESENTATION_ITEM('')
SURFACE()
);
#2279=ORIENTED_EDGE('',*,*,#2131,.F.);
#2280=ORIENTED_EDGE('',*,*,#2242,.F.);
#2281=ORIENTED_EDGE('',*,*,#2192,.F.);
#2282=ORIENTED_EDGE('',*,*,#2081,.F.);
#2283=EDGE_LOOP('',(#2279,#2280,#2281,#2282));
#2284=FACE_BOUND('',#2283,.T.);
#2285=ADVANCED_FACE('',(#2284),#2278,.T.);
#2286=CARTESIAN_POINT('',(12.508710135,23.143550677,3.555300193));
#2287=CARTESIAN_POINT('',(12.508710135,23.143550677,4.118433398));
#2288=CARTESIAN_POINT('',(12.508710135,23.143550677,4.681566602));
#2289=CARTESIAN_POINT('',(12.508710135,23.143550677,5.244699807));
#2290=CARTESIAN_POINT('',(12.8,24.6,3.555300193));
#2291=CARTESIAN_POINT('',(12.8,24.6,4.118433398));
#2292=CARTESIAN_POINT('',(12.8,24.6,4.681566602));
#2293=CARTESIAN_POINT('',(12.8,24.6,5.244699807));
#2294=CARTESIAN_POINT('',(12.8,26.085292704,3.555300193));
#2295=CARTESIAN_POINT('',(12.8,26.085292704,4.118433398));
#2296=CARTESIAN_POINT('',(12.8,26.085292704,4.681566602));
#2297=CARTESIAN_POINT('',(12.8,26.085292704,5.244699807));
#2298=(BOUNDED_SURFACE()
B_SPLINE_SURFACE(2,3,((#2286,#2287,#2288,#2289),(#2290,#2291,#2292,#2293),(#2294,#2295,#2296,#2297)),.UNSPECIFIED.,.F.,.F.,.U.)
B_SPLINE_SURFACE_WITH_KNOTS((3,3),(4,4),(0.,1.),(0.0035553,0.0052447),.UNSPECIFIED.)
GEOMETRIC_REPRESENTATION_ITEM()
RATIONAL_B_SPLINE_SURFACE(((1.,1.,1.,1.),(3.980533307,3.980533307,3.980533307,3.980533307),(1.,1.,1.,1.)))
REPRESENTATION_ITEM('')
SURFACE()
);
#2299=ORIENTED_EDGE('',*,*,#2227,.F.);
#2300=ORIENTED_EDGE('',*,*,#2259,.F.);
#2301=ORIENTED_EDGE('',*,*,#2154,.F.);
#2302=ORIENTED_EDGE('',*,*,#2095,.F.);
#2303=EDGE_LOOP('',(#2299,#2300,#2301,#2302));
#2304=FACE_BOUND('',#2303,.T.);
#2305=ADVANCED_FACE('',(#2304),#2298,.T.);
#2306=CARTESIAN_POINT('',(-10.76862915,17.23137085,-0.));
#2307=DIRECTION('',(-0.707106781,-0.707106781,0.));
#2308=DIRECTION('',(0.707106781,-0.707106781,0.));
#2309=AXIS2_PLACEMENT_3D('',#2306,#2307,#2308);
#2310=PLANE('',#2309);
#2311=ORIENTED_EDGE('',*,*,#433,.F.);
#2312=CARTESIAN_POINT('',(-9.1372583,15.6,6.4));
#2313=VERTEX_POINT('',#2312);
#2314=CARTESIAN_POINT('',(-12.4,18.8627417,6.4));
#2315=DIRECTION('',(0.707106781,-0.707106781,0.));
#2316=VECTOR('',#2315,4.614213562);
#2317=LINE('',#2314,#2316);
#2318=EDGE_CURVE('',#420,#2313,#2317,.T.);
#2319=ORIENTED_EDGE('',*,*,#2318,.T.);
#2320=CARTESIAN_POINT('',(-9.1372583,15.6,6.4));
#2321=DIRECTION('',(0.,0.,1.));
#2322=VECTOR('',#2321,0.4);
#2323=LINE('',#2320,#2322);
#2324=EDGE_CURVE('',#2313,#1774,#2323,.T.);
#2325=ORIENTED_EDGE('',*,*,#2324,.T.);
#2326=ORIENTED_EDGE('',*,*,#1779,.F.);
#2327=EDGE_LOOP('',(#2311,#2319,#2325,#2326));
#2328=FACE_BOUND('',#2327,.T.);
#2329=ADVANCED_FACE('',(#2328),#2310,.T.);
#2330=CARTESIAN_POINT('',(-8.359440841,15.6,5.298));
#2331=DIRECTION('',(0.,1.,0.));
#2332=DIRECTION('',(0.,0.,1.));
#2333=AXIS2_PLACEMENT_3D('',#2330,#2331,#2332);
#2334=PLANE('',#2333);
#2335=ORIENTED_EDGE('',*,*,#2324,.F.);
#2336=CARTESIAN_POINT('',(-7.581623382,15.6,5.3));
#2337=VERTEX_POINT('',#2336);
#2338=CARTESIAN_POINT('',(-9.1372583,15.6,6.4));
#2339=DIRECTION('',(0.816496581,-0.,-0.577350269));
#2340=VECTOR('',#2339,1.905255888);
#2341=LINE('',#2338,#2340);
#2342=EDGE_CURVE('',#2313,#2337,#2341,.T.);
#2343=ORIENTED_EDGE('',*,*,#2342,.T.);
#2344=CARTESIAN_POINT('',(-7.581623382,15.6,5.3));
#2345=DIRECTION('',(0.,0.,-1.));
#2346=VECTOR('',#2345,1.9);
#2347=LINE('',#2344,#2346);
#2348=EDGE_CURVE('',#2337,#337,#2347,.T.);
#2349=ORIENTED_EDGE('',*,*,#2348,.T.);
#2350=ORIENTED_EDGE('',*,*,#881,.F.);
#2351=CARTESIAN_POINT('',(-5.4,15.6,5.4));
#2352=VERTEX_POINT('',#2351);
#2353=CARTESIAN_POINT('',(-5.4,15.6,3.4));
#2354=DIRECTION('',(-0.,0.,1.));
#2355=VECTOR('',#2354,2.);
#2356=LINE('',#2353,#2355);
#2357=EDGE_CURVE('',#870,#2352,#2356,.T.);
#2358=ORIENTED_EDGE('',*,*,#2357,.T.);
#2359=CARTESIAN_POINT('',(5.4,15.6,5.4));
#2360=VERTEX_POINT('',#2359);
#2361=CARTESIAN_POINT('',(-5.4,15.6,5.4));
#2362=DIRECTION('',(1.,-0.,0.));
#2363=VECTOR('',#2362,10.8);
#2364=LINE('',#2361,#2363);
#2365=EDGE_CURVE('',#2352,#2360,#2364,.T.);
#2366=ORIENTED_EDGE('',*,*,#2365,.T.);
#2367=CARTESIAN_POINT('',(5.4,15.6,5.4));
#2368=DIRECTION('',(0.,0.,-1.));
#2369=VECTOR('',#2368,2.);
#2370=LINE('',#2367,#2369);
#2371=EDGE_CURVE('',#2360,#862,#2370,.T.);
#2372=ORIENTED_EDGE('',*,*,#2371,.T.);
#2373=ORIENTED_EDGE('',*,*,#867,.F.);
#2374=CARTESIAN_POINT('',(7.581623382,15.6,5.3));
#2375=VERTEX_POINT('',#2374);
#2376=CARTESIAN_POINT('',(7.581623382,15.6,5.3));
#2377=DIRECTION('',(0.,0.,-1.));
#2378=VECTOR('',#2377,1.9);
#2379=LINE('',#2376,#2378);
#2380=EDGE_CURVE('',#2375,#831,#2379,.T.);
#2381=ORIENTED_EDGE('',*,*,#2380,.F.);
#2382=CARTESIAN_POINT('',(9.1372583,15.6,6.4));
#2383=VERTEX_POINT('',#2382);
#2384=CARTESIAN_POINT('',(7.581623382,15.6,5.3));
#2385=DIRECTION('',(0.816496581,-0.,0.577350269));
#2386=VECTOR('',#2385,1.905255888);
#2387=LINE('',#2384,#2386);
#2388=EDGE_CURVE('',#2375,#2383,#2387,.T.);
#2389=ORIENTED_EDGE('',*,*,#2388,.T.);
#2390=CARTESIAN_POINT('',(9.1372583,15.6,6.4));
#2391=DIRECTION('',(0.,0.,1.));
#2392=VECTOR('',#2391,0.4);
#2393=LINE('',#2390,#2392);
#2394=EDGE_CURVE('',#2383,#1782,#2393,.T.);
#2395=ORIENTED_EDGE('',*,*,#2394,.T.);
#2396=ORIENTED_EDGE('',*,*,#1787,.T.);
#2397=EDGE_LOOP('',(#2335,#2343,#2349,#2350,#2358,#2366,#2372,#2373,#2381,#2389,#2395,#2396));
#2398=FACE_BOUND('',#2397,.T.);
#2399=CARTESIAN_POINT('',(6.,15.6,6.));
#2400=VERTEX_POINT('',#2399);
#2401=CARTESIAN_POINT('',(-6.,15.6,6.));
#2402=VERTEX_POINT('',#2401);
#2403=CARTESIAN_POINT('',(6.,15.6,6.));
#2404=DIRECTION('',(-1.,0.,0.));
#2405=VECTOR('',#2404,12.);
#2406=LINE('',#2403,#2405);
#2407=EDGE_CURVE('',#2400,#2402,#2406,.T.);
#2408=ORIENTED_EDGE('',*,*,#2407,.F.);
#2409=CARTESIAN_POINT('',(6.,15.6,5.6));
#2410=VERTEX_POINT('',#2409);
#2411=CARTESIAN_POINT('',(6.,15.6,5.6));
#2412=DIRECTION('',(0.,0.,1.));
#2413=VECTOR('',#2412,0.4);
#2414=LINE('',#2411,#2413);
#2415=EDGE_CURVE('',#2410,#2400,#2414,.T.);
#2416=ORIENTED_EDGE('',*,*,#2415,.F.);
#2417=CARTESIAN_POINT('',(-6.,15.6,5.6));
#2418=VERTEX_POINT('',#2417);
#2419=CARTESIAN_POINT('',(-6.,15.6,5.6));
#2420=DIRECTION('',(1.,-0.,0.));
#2421=VECTOR('',#2420,12.);
#2422=LINE('',#2419,#2421);
#2423=EDGE_CURVE('',#2418,#2410,#2422,.T.);
#2424=ORIENTED_EDGE('',*,*,#2423,.F.);
#2425=CARTESIAN_POINT('',(-6.,15.6,6.));
#2426=DIRECTION('',(0.,0.,-1.));
#2427=VECTOR('',#2426,0.4);
#2428=LINE('',#2425,#2427);
#2429=EDGE_CURVE('',#2402,#2418,#2428,.T.);
#2430=ORIENTED_EDGE('',*,*,#2429,.F.);
#2431=EDGE_LOOP('',(#2408,#2416,#2424,#2430));
#2432=FACE_BOUND('',#2431,.T.);
#2433=ADVANCED_FACE('',(#2398,#2432),#2334,.F.);
#2434=CARTESIAN_POINT('',(-9.990811691,18.009188309,5.3));
#2435=DIRECTION('',(0.5,0.5,0.707106781));
#2436=DIRECTION('',(-0.707106781,0.707106781,-0.));
#2437=AXIS2_PLACEMENT_3D('',#2434,#2435,#2436);
#2438=PLANE('',#2437);
#2439=ORIENTED_EDGE('',*,*,#2342,.F.);
#2440=ORIENTED_EDGE('',*,*,#2318,.F.);
#2441=ORIENTED_EDGE('',*,*,#425,.F.);
#2442=CARTESIAN_POINT('',(-7.581623382,15.6,5.3));
#2443=DIRECTION('',(-0.707106781,0.707106781,-0.));
#2444=VECTOR('',#2443,6.814213562);
#2445=LINE('',#2442,#2444);
#2446=EDGE_CURVE('',#2337,#412,#2445,.T.);
#2447=ORIENTED_EDGE('',*,*,#2446,.F.);
#2448=EDGE_LOOP('',(#2439,#2440,#2441,#2447));
#2449=FACE_BOUND('',#2448,.T.);
#2450=ADVANCED_FACE('',(#2449),#2438,.F.);
#2451=CARTESIAN_POINT('',(-9.990811691,18.009188309,6.8));
#2452=DIRECTION('',(0.707106781,0.707106781,0.));
#2453=DIRECTION('',(-0.707106781,0.707106781,0.));
#2454=AXIS2_PLACEMENT_3D('',#2451,#2452,#2453);
#2455=PLANE('',#2454);
#2456=ORIENTED_EDGE('',*,*,#2348,.F.);
#2457=ORIENTED_EDGE('',*,*,#2446,.T.);
#2458=ORIENTED_EDGE('',*,*,#417,.T.);
#2459=ORIENTED_EDGE('',*,*,#352,.F.);
#2460=EDGE_LOOP('',(#2456,#2457,#2458,#2459));
#2461=FACE_BOUND('',#2460,.T.);
#2462=ADVANCED_FACE('',(#2461),#2455,.F.);
#2463=CARTESIAN_POINT('',(-12.8,28.,0.));
#2464=DIRECTION('',(-1.,0.,0.));
#2465=DIRECTION('',(0.,-1.,0.));
#2466=AXIS2_PLACEMENT_3D('',#2463,#2464,#2465);
#2467=PLANE('',#2466);
#2468=CARTESIAN_POINT('',(-12.8,29.914707296,3.971428571));
#2469=VERTEX_POINT('',#2468);
#2470=CARTESIAN_POINT('',(-12.8,26.085292704,3.971428571));
#2471=VERTEX_POINT('',#2470);
#2472=CARTESIAN_POINT('',(-12.8,29.914707296,3.971428571));
#2473=DIRECTION('',(0.,-1.,0.));
#2474=VECTOR('',#2473,3.829414592);
#2475=LINE('',#2472,#2474);
#2476=EDGE_CURVE('',#2469,#2471,#2475,.T.);
#2477=ORIENTED_EDGE('',*,*,#2476,.T.);
#2478=CARTESIAN_POINT('',(-12.8,26.085292704,4.828571429));
#2479=VERTEX_POINT('',#2478);
#2480=CARTESIAN_POINT('',(-12.8,26.085292704,3.971428571));
#2481=DIRECTION('',(0.,0.,1.));
#2482=VECTOR('',#2481,0.857142857);
#2483=LINE('',#2480,#2482);
#2484=EDGE_CURVE('',#2471,#2479,#2483,.T.);
#2485=ORIENTED_EDGE('',*,*,#2484,.T.);
#2486=CARTESIAN_POINT('',(-12.8,29.914707296,4.828571429));
#2487=VERTEX_POINT('',#2486);
#2488=CARTESIAN_POINT('',(-12.8,26.085292704,4.828571429));
#2489=DIRECTION('',(0.,1.,0.));
#2490=VECTOR('',#2489,3.829414592);
#2491=LINE('',#2488,#2490);
#2492=EDGE_CURVE('',#2479,#2487,#2491,.T.);
#2493=ORIENTED_EDGE('',*,*,#2492,.T.);
#2494=CARTESIAN_POINT('',(-12.8,29.914707296,4.828571429));
#2495=DIRECTION('',(-0.,-0.,-1.));
#2496=VECTOR('',#2495,0.857142857);
#2497=LINE('',#2494,#2496);
#2498=EDGE_CURVE('',#2487,#2469,#2497,.T.);
#2499=ORIENTED_EDGE('',*,*,#2498,.T.);
#2500=EDGE_LOOP('',(#2477,#2485,#2493,#2499));
#2501=FACE_BOUND('',#2500,.T.);
#2502=ADVANCED_FACE('',(#2501),#2467,.T.);
#2503=CARTESIAN_POINT('',(-12.4,30.5,3.4));
#2504=DIRECTION('',(0.819231921,0.,0.573462344));
#2505=DIRECTION('',(0.,1.,-0.));
#2506=AXIS2_PLACEMENT_3D('',#2503,#2504,#2505);
#2507=PLANE('',#2506);
#2508=CARTESIAN_POINT('',(-12.508710135,23.143550677,3.555300193));
#2509=VERTEX_POINT('',#2508);
#2510=CARTESIAN_POINT('',(-12.4,22.6,3.4));
#2511=DIRECTION('',(-0.188844645,0.944223224,0.269778064));
#2512=VECTOR('',#2511,0.575659085);
#2513=LINE('',#2510,#2512);
#2514=EDGE_CURVE('',#379,#2509,#2513,.T.);
#2515=ORIENTED_EDGE('',*,*,#2514,.T.);
#2516=CARTESIAN_POINT('',(-12.508710135,23.143550677,3.555300193));
#2517=CARTESIAN_POINT('',(-12.600378238,23.601891189,3.686254626));
#2518=CARTESIAN_POINT('',(-12.649298593,23.856745104,3.756140847));
#2519=CARTESIAN_POINT('',(-12.690999344,24.073987998,3.815713348));
#2520=CARTESIAN_POINT('',(-12.715554248,24.21565717,3.850791783));
#2521=CARTESIAN_POINT('',(-12.732947892,24.316009551,3.875639846));
#2522=CARTESIAN_POINT('',(-12.744975314,24.397012955,3.892821877));
#2523=CARTESIAN_POINT('',(-12.759391689,24.494105701,3.913416699));
#2524=CARTESIAN_POINT('',(-12.768518793,24.580948299,3.926455419));
#2525=CARTESIAN_POINT('',(-12.777817689,24.669425455,3.939739555));
#2526=CARTESIAN_POINT('',(-12.783535036,24.767063724,3.947907194));
#2527=CARTESIAN_POINT('',(-12.78838803,24.849940979,3.954840043));
#2528=CARTESIAN_POINT('',(-12.791501778,24.954847451,3.959288255));
#2529=CARTESIAN_POINT('',(-12.795813921,25.100129494,3.965448458));
#2530=CARTESIAN_POINT('',(-12.797772002,25.331533485,3.968245716));
#2531=CARTESIAN_POINT('',(-12.8,25.594836092,3.971428571));
#2532=CARTESIAN_POINT('',(-12.8,26.085292704,3.971428571));
#2533=B_SPLINE_CURVE_WITH_KNOTS('',2,(#2516,#2517,#2518,#2519,#2520,#2521,#2522,#2523,#2524,#2525,#2526,#2527,#2528,#2529,#2530,#2531,#2532),.UNSPECIFIED.,.F.,.F.,(3,2,2,2,2,2,2,2,3),(0.,0.25,0.375,0.4375,0.5,0.5625,0.625,0.75,1.),.UNSPECIFIED.);
#2534=EDGE_CURVE('',#2509,#2471,#2533,.T.);
#2535=ORIENTED_EDGE('',*,*,#2534,.T.);
#2536=ORIENTED_EDGE('',*,*,#2476,.F.);
#2537=CARTESIAN_POINT('',(-12.508710135,32.856449323,3.555300193));
#2538=VERTEX_POINT('',#2537);
#2539=CARTESIAN_POINT('',(-12.8,29.914707296,3.971428571));
#2540=CARTESIAN_POINT('',(-12.8,30.40460309,3.971428571));
#2541=CARTESIAN_POINT('',(-12.797768812,30.668843852,3.96824116));
#2542=CARTESIAN_POINT('',(-12.795823051,30.899281382,3.965461502));
#2543=CARTESIAN_POINT('',(-12.791485204,31.045711505,3.959264577));
#2544=CARTESIAN_POINT('',(-12.788406394,31.149641066,3.954866277));
#2545=CARTESIAN_POINT('',(-12.783494582,31.233627611,3.947849403));
#2546=CARTESIAN_POINT('',(-12.777829057,31.330501834,3.939755795));
#2547=CARTESIAN_POINT('',(-12.768388988,31.420286527,3.926269983));
#2548=CARTESIAN_POINT('',(-12.759388766,31.505887835,3.913412522));
#2549=CARTESIAN_POINT('',(-12.744856221,31.603789209,3.892651744));
#2550=CARTESIAN_POINT('',(-12.73299507,31.683694207,3.875707243));
#2551=CARTESIAN_POINT('',(-12.715447184,31.784960605,3.850638835));
#2552=CARTESIAN_POINT('',(-12.691088897,31.92552888,3.815841282));
#2553=CARTESIAN_POINT('',(-12.64921589,32.143685758,3.7560227));
#2554=CARTESIAN_POINT('',(-12.600470529,32.397647357,3.68638647));
#2555=CARTESIAN_POINT('',(-12.508710135,32.856449323,3.555300193));
#2556=B_SPLINE_CURVE_WITH_KNOTS('',2,(#2539,#2540,#2541,#2542,#2543,#2544,#2545,#2546,#2547,#2548,#2549,#2550,#2551,#2552,#2553,#2554,#2555),.UNSPECIFIED.,.F.,.F.,(3,2,2,2,2,2,2,2,3),(0.,0.25,0.375,0.4375,0.5,0.5625,0.625,0.75,1.),.UNSPECIFIED.);
#2557=EDGE_CURVE('',#2469,#2538,#2556,.T.);
#2558=ORIENTED_EDGE('',*,*,#2557,.T.);
#2559=CARTESIAN_POINT('',(-12.508710135,32.856449323,3.555300193));
#2560=DIRECTION('',(0.188844645,0.944223224,-0.269778064));
#2561=VECTOR('',#2560,0.575659085);
#2562=LINE('',#2559,#2561);
#2563=EDGE_CURVE('',#2538,#387,#2562,.T.);
#2564=ORIENTED_EDGE('',*,*,#2563,.T.);
#2565=ORIENTED_EDGE('',*,*,#392,.F.);
#2566=EDGE_LOOP('',(#2515,#2535,#2536,#2558,#2564,#2565));
#2567=FACE_BOUND('',#2566,.T.);
#2568=ADVANCED_FACE('',(#2567),#2507,.F.);
#2569=CARTESIAN_POINT('',(-12.4,25.3,5.4));
#2570=DIRECTION('',(0.819231921,0.,-0.573462344));
#2571=DIRECTION('',(0.,-1.,0.));
#2572=AXIS2_PLACEMENT_3D('',#2569,#2570,#2571);
#2573=PLANE('',#2572);
#2574=ORIENTED_EDGE('',*,*,#2492,.F.);
#2575=CARTESIAN_POINT('',(-12.508710135,23.143550677,5.244699807));
#2576=VERTEX_POINT('',#2575);
#2577=CARTESIAN_POINT('',(-12.8,26.085292704,4.828571429));
#2578=CARTESIAN_POINT('',(-12.8,25.59539691,4.828571429));
#2579=CARTESIAN_POINT('',(-12.797768812,25.331156148,4.83175884));
#2580=CARTESIAN_POINT('',(-12.795823051,25.100718618,4.834538498));
#2581=CARTESIAN_POINT('',(-12.791485204,24.954288495,4.840735423));
#2582=CARTESIAN_POINT('',(-12.788406394,24.850358934,4.845133723));
#2583=CARTESIAN_POINT('',(-12.783494582,24.766372389,4.852150597));
#2584=CARTESIAN_POINT('',(-12.777829057,24.669498166,4.860244205));
#2585=CARTESIAN_POINT('',(-12.768388988,24.579713473,4.873730017));
#2586=CARTESIAN_POINT('',(-12.759388766,24.494112165,4.886587478));
#2587=CARTESIAN_POINT('',(-12.744856221,24.396210791,4.907348256));
#2588=CARTESIAN_POINT('',(-12.73299507,24.316305793,4.924292757));
#2589=CARTESIAN_POINT('',(-12.715447184,24.215039395,4.949361165));
#2590=CARTESIAN_POINT('',(-12.691088897,24.07447112,4.984158718));
#2591=CARTESIAN_POINT('',(-12.64921589,23.856314242,5.0439773));
#2592=CARTESIAN_POINT('',(-12.600470529,23.602352643,5.11361353));
#2593=CARTESIAN_POINT('',(-12.508710135,23.143550677,5.244699807));
#2594=B_SPLINE_CURVE_WITH_KNOTS('',2,(#2577,#2578,#2579,#2580,#2581,#2582,#2583,#2584,#2585,#2586,#2587,#2588,#2589,#2590,#2591,#2592,#2593),.UNSPECIFIED.,.F.,.F.,(3,2,2,2,2,2,2,2,3),(0.,0.25,0.375,0.4375,0.5,0.5625,0.625,0.75,1.),.UNSPECIFIED.);
#2595=EDGE_CURVE('',#2479,#2576,#2594,.T.);
#2596=ORIENTED_EDGE('',*,*,#2595,.T.);
#2597=CARTESIAN_POINT('',(-12.508710135,23.143550677,5.244699807));
#2598=DIRECTION('',(0.188844645,-0.944223224,0.269778064));
#2599=VECTOR('',#2598,0.575659085);
#2600=LINE('',#2597,#2599);
#2601=EDGE_CURVE('',#2576,#377,#2600,.T.);
#2602=ORIENTED_EDGE('',*,*,#2601,.T.);
#2603=ORIENTED_EDGE('',*,*,#406,.F.);
#2604=CARTESIAN_POINT('',(-12.508710135,32.856449323,5.244699807));
#2605=VERTEX_POINT('',#2604);
#2606=CARTESIAN_POINT('',(-12.4,33.4,5.4));
#2607=DIRECTION('',(-0.188844645,-0.944223224,-0.269778064));
#2608=VECTOR('',#2607,0.575659085);
#2609=LINE('',#2606,#2608);
#2610=EDGE_CURVE('',#395,#2605,#2609,.T.);
#2611=ORIENTED_EDGE('',*,*,#2610,.T.);
#2612=CARTESIAN_POINT('',(-12.508710135,32.856449323,5.244699807));
#2613=CARTESIAN_POINT('',(-12.600378238,32.398108811,5.113745374));
#2614=CARTESIAN_POINT('',(-12.649298593,32.143254896,5.043859153));
#2615=CARTESIAN_POINT('',(-12.690999344,31.926012002,4.984286652));
#2616=CARTESIAN_POINT('',(-12.715554248,31.78434283,4.949208217));
#2617=CARTESIAN_POINT('',(-12.732947892,31.683990449,4.924360154));
#2618=CARTESIAN_POINT('',(-12.744975314,31.602987045,4.907178123));
#2619=CARTESIAN_POINT('',(-12.759391689,31.505894299,4.886583301));
#2620=CARTESIAN_POINT('',(-12.768518793,31.419051701,4.873544581));
#2621=CARTESIAN_POINT('',(-12.777817689,31.330574545,4.860260445));
#2622=CARTESIAN_POINT('',(-12.783535036,31.232936276,4.852092806));
#2623=CARTESIAN_POINT('',(-12.78838803,31.150059021,4.845159957));
#2624=CARTESIAN_POINT('',(-12.791501778,31.045152549,4.840711745));
#2625=CARTESIAN_POINT('',(-12.795813921,30.899870506,4.834551542));
#2626=CARTESIAN_POINT('',(-12.797772002,30.668466515,4.831754284));
#2627=CARTESIAN_POINT('',(-12.8,30.405163908,4.828571429));
#2628=CARTESIAN_POINT('',(-12.8,29.914707296,4.828571429));
#2629=B_SPLINE_CURVE_WITH_KNOTS('',2,(#2612,#2613,#2614,#2615,#2616,#2617,#2618,#2619,#2620,#2621,#2622,#2623,#2624,#2625,#2626,#2627,#2628),.UNSPECIFIED.,.F.,.F.,(3,2,2,2,2,2,2,2,3),(0.,0.25,0.375,0.4375,0.5,0.5625,0.625,0.75,1.),.UNSPECIFIED.);
#2630=EDGE_CURVE('',#2605,#2487,#2629,.T.);
#2631=ORIENTED_EDGE('',*,*,#2630,.T.);
#2632=EDGE_LOOP('',(#2574,#2596,#2602,#2603,#2611,#2631));
#2633=FACE_BOUND('',#2632,.T.);
#2634=ADVANCED_FACE('',(#2633),#2573,.F.);
#2635=CARTESIAN_POINT('',(-12.4,22.6,4.4));
#2636=DIRECTION('',(0.980580676,0.196116135,0.));
#2637=DIRECTION('',(0.,0.,-1.));
#2638=AXIS2_PLACEMENT_3D('',#2635,#2636,#2637);
#2639=PLANE('',#2638);
#2640=ORIENTED_EDGE('',*,*,#2601,.F.);
#2641=CARTESIAN_POINT('',(-12.508710135,23.143550677,5.244699807));
#2642=DIRECTION('',(0.,0.,-1.));
#2643=VECTOR('',#2642,1.689399613);
#2644=LINE('',#2641,#2643);
#2645=EDGE_CURVE('',#2576,#2509,#2644,.T.);
#2646=ORIENTED_EDGE('',*,*,#2645,.T.);
#2647=ORIENTED_EDGE('',*,*,#2514,.F.);
#2648=ORIENTED_EDGE('',*,*,#384,.F.);
#2649=EDGE_LOOP('',(#2640,#2646,#2647,#2648));
#2650=FACE_BOUND('',#2649,.T.);
#2651=ADVANCED_FACE('',(#2650),#2639,.F.);
#2652=CARTESIAN_POINT('',(-12.4,33.4,4.4));
#2653=DIRECTION('',(0.980580676,-0.196116135,0.));
#2654=DIRECTION('',(-0.,0.,1.));
#2655=AXIS2_PLACEMENT_3D('',#2652,#2653,#2654);
#2656=PLANE('',#2655);
#2657=ORIENTED_EDGE('',*,*,#2563,.F.);
#2658=CARTESIAN_POINT('',(-12.508710135,32.856449323,3.555300193));
#2659=DIRECTION('',(-0.,0.,1.));
#2660=VECTOR('',#2659,1.689399613);
#2661=LINE('',#2658,#2660);
#2662=EDGE_CURVE('',#2538,#2605,#2661,.T.);
#2663=ORIENTED_EDGE('',*,*,#2662,.T.);
#2664=ORIENTED_EDGE('',*,*,#2610,.F.);
#2665=ORIENTED_EDGE('',*,*,#400,.F.);
#2666=EDGE_LOOP('',(#2657,#2663,#2664,#2665));
#2667=FACE_BOUND('',#2666,.T.);
#2668=ADVANCED_FACE('',(#2667),#2656,.F.);
#2669=CARTESIAN_POINT('',(-12.508710135,23.143550677,5.244699807));
#2670=CARTESIAN_POINT('',(-12.508710135,23.143550677,4.681566602));
#2671=CARTESIAN_POINT('',(-12.508710135,23.143550677,4.118433398));
#2672=CARTESIAN_POINT('',(-12.508710135,23.143550677,3.555300193));
#2673=CARTESIAN_POINT('',(-12.8,24.6,5.244699807));
#2674=CARTESIAN_POINT('',(-12.8,24.6,4.681566602));
#2675=CARTESIAN_POINT('',(-12.8,24.6,4.118433398));
#2676=CARTESIAN_POINT('',(-12.8,24.6,3.555300193));
#2677=CARTESIAN_POINT('',(-12.8,26.085292704,5.244699807));
#2678=CARTESIAN_POINT('',(-12.8,26.085292704,4.681566602));
#2679=CARTESIAN_POINT('',(-12.8,26.085292704,4.118433398));
#2680=CARTESIAN_POINT('',(-12.8,26.085292704,3.555300193));
#2681=(BOUNDED_SURFACE()
B_SPLINE_SURFACE(2,3,((#2669,#2670,#2671,#2672),(#2673,#2674,#2675,#2676),(#2677,#2678,#2679,#2680)),.UNSPECIFIED.,.F.,.F.,.U.)
B_SPLINE_SURFACE_WITH_KNOTS((3,3),(4,4),(0.,1.),(-0.0052447,-0.0035553),.UNSPECIFIED.)
GEOMETRIC_REPRESENTATION_ITEM()
RATIONAL_B_SPLINE_SURFACE(((1.,1.,1.,1.),(3.980533307,3.980533307,3.980533307,3.980533307),(1.,1.,1.,1.)))
REPRESENTATION_ITEM('')
SURFACE()
);
#2682=ORIENTED_EDGE('',*,*,#2534,.F.);
#2683=ORIENTED_EDGE('',*,*,#2645,.F.);
#2684=ORIENTED_EDGE('',*,*,#2595,.F.);
#2685=ORIENTED_EDGE('',*,*,#2484,.F.);
#2686=EDGE_LOOP('',(#2682,#2683,#2684,#2685));
#2687=FACE_BOUND('',#2686,.T.);
#2688=ADVANCED_FACE('',(#2687),#2681,.T.);
#2689=CARTESIAN_POINT('',(-12.508710135,32.856449323,3.555300193));
#2690=CARTESIAN_POINT('',(-12.508710135,32.856449323,4.118433398));
#2691=CARTESIAN_POINT('',(-12.508710135,32.856449323,4.681566602));
#2692=CARTESIAN_POINT('',(-12.508710135,32.856449323,5.244699807));
#2693=CARTESIAN_POINT('',(-12.8,31.4,3.555300193));
#2694=CARTESIAN_POINT('',(-12.8,31.4,4.118433398));
#2695=CARTESIAN_POINT('',(-12.8,31.4,4.681566602));
#2696=CARTESIAN_POINT('',(-12.8,31.4,5.244699807));
#2697=CARTESIAN_POINT('',(-12.8,29.914707296,3.555300193));
#2698=CARTESIAN_POINT('',(-12.8,29.914707296,4.118433398));
#2699=CARTESIAN_POINT('',(-12.8,29.914707296,4.681566602));
#2700=CARTESIAN_POINT('',(-12.8,29.914707296,5.244699807));
#2701=(BOUNDED_SURFACE()
B_SPLINE_SURFACE(2,3,((#2689,#2690,#2691,#2692),(#2693,#2694,#2695,#2696),(#2697,#2698,#2699,#2700)),.UNSPECIFIED.,.F.,.F.,.U.)
B_SPLINE_SURFACE_WITH_KNOTS((3,3),(4,4),(0.,1.),(0.0035553,0.0052447),.UNSPECIFIED.)
GEOMETRIC_REPRESENTATION_ITEM()
RATIONAL_B_SPLINE_SURFACE(((1.,1.,1.,1.),(3.980533307,3.980533307,3.980533307,3.980533307),(1.,1.,1.,1.)))
REPRESENTATION_ITEM('')
SURFACE()
);
#2702=ORIENTED_EDGE('',*,*,#2630,.F.);
#2703=ORIENTED_EDGE('',*,*,#2662,.F.);
#2704=ORIENTED_EDGE('',*,*,#2557,.F.);
#2705=ORIENTED_EDGE('',*,*,#2498,.F.);
#2706=EDGE_LOOP('',(#2702,#2703,#2704,#2705));
#2707=FACE_BOUND('',#2706,.T.);
#2708=ADVANCED_FACE('',(#2707),#2701,.T.);
#2709=CARTESIAN_POINT('',(-0.,15.2,0.));
#2710=DIRECTION('',(-0.,-1.,0.));
#2711=DIRECTION('',(1.,-0.,0.));
#2712=AXIS2_PLACEMENT_3D('',#2709,#2710,#2711);
#2713=PLANE('',#2712);
#2714=CARTESIAN_POINT('',(-1.914707296,15.2,3.971428571));
#2715=VERTEX_POINT('',#2714);
#2716=CARTESIAN_POINT('',(1.914707296,15.2,3.971428571));
#2717=VERTEX_POINT('',#2716);
#2718=CARTESIAN_POINT('',(-1.914707296,15.2,3.971428571));
#2719=DIRECTION('',(1.,-0.,0.));
#2720=VECTOR('',#2719,3.829414592);
#2721=LINE('',#2718,#2720);
#2722=EDGE_CURVE('',#2715,#2717,#2721,.T.);
#2723=ORIENTED_EDGE('',*,*,#2722,.T.);
#2724=CARTESIAN_POINT('',(1.914707296,15.2,4.828571429));
#2725=VERTEX_POINT('',#2724);
#2726=CARTESIAN_POINT('',(1.914707296,15.2,3.971428571));
#2727=DIRECTION('',(0.,0.,1.));
#2728=VECTOR('',#2727,0.857142857);
#2729=LINE('',#2726,#2728);
#2730=EDGE_CURVE('',#2717,#2725,#2729,.T.);
#2731=ORIENTED_EDGE('',*,*,#2730,.T.);
#2732=CARTESIAN_POINT('',(-1.914707296,15.2,4.828571429));
#2733=VERTEX_POINT('',#2732);
#2734=CARTESIAN_POINT('',(1.914707296,15.2,4.828571429));
#2735=DIRECTION('',(-1.,0.,0.));
#2736=VECTOR('',#2735,3.829414592);
#2737=LINE('',#2734,#2736);
#2738=EDGE_CURVE('',#2725,#2733,#2737,.T.);
#2739=ORIENTED_EDGE('',*,*,#2738,.T.);
#2740=CARTESIAN_POINT('',(-1.914707296,15.2,4.828571429));
#2741=DIRECTION('',(-0.,-0.,-1.));
#2742=VECTOR('',#2741,0.857142857);
#2743=LINE('',#2740,#2742);
#2744=EDGE_CURVE('',#2733,#2715,#2743,.T.);
#2745=ORIENTED_EDGE('',*,*,#2744,.T.);
#2746=EDGE_LOOP('',(#2723,#2731,#2739,#2745));
#2747=FACE_BOUND('',#2746,.T.);
#2748=ADVANCED_FACE('',(#2747),#2713,.T.);
#2749=CARTESIAN_POINT('',(-2.5,15.6,3.4));
#2750=DIRECTION('',(-0.,0.819231921,0.573462344));
#2751=DIRECTION('',(-1.,0.,-0.));
#2752=AXIS2_PLACEMENT_3D('',#2749,#2750,#2751);
#2753=PLANE('',#2752);
#2754=CARTESIAN_POINT('',(4.856449323,15.491289865,3.555300193));
#2755=VERTEX_POINT('',#2754);
#2756=CARTESIAN_POINT('',(5.4,15.6,3.4));
#2757=DIRECTION('',(-0.944223224,-0.188844645,0.269778064));
#2758=VECTOR('',#2757,0.575659085);
#2759=LINE('',#2756,#2758);
#2760=EDGE_CURVE('',#862,#2755,#2759,.T.);
#2761=ORIENTED_EDGE('',*,*,#2760,.T.);
#2762=CARTESIAN_POINT('',(4.856449323,15.491289865,3.555300193));
#2763=CARTESIAN_POINT('',(4.398108811,15.399621762,3.686254626));
#2764=CARTESIAN_POINT('',(4.143254896,15.350701407,3.756140847));
#2765=CARTESIAN_POINT('',(3.926012002,15.309000656,3.815713348));
#2766=CARTESIAN_POINT('',(3.78434283,15.284445752,3.850791783));
#2767=CARTESIAN_POINT('',(3.683990449,15.267052108,3.875639846));
#2768=CARTESIAN_POINT('',(3.602987045,15.255024686,3.892821877));
#2769=CARTESIAN_POINT('',(3.505894299,15.240608311,3.913416699));
#2770=CARTESIAN_POINT('',(3.419051701,15.231481207,3.926455419));
#2771=CARTESIAN_POINT('',(3.330574545,15.222182311,3.939739555));
#2772=CARTESIAN_POINT('',(3.232936276,15.216464964,3.947907194));
#2773=CARTESIAN_POINT('',(3.150059021,15.21161197,3.954840043));
#2774=CARTESIAN_POINT('',(3.045152549,15.208498222,3.959288255));
#2775=CARTESIAN_POINT('',(2.899870506,15.204186079,3.965448458));
#2776=CARTESIAN_POINT('',(2.668466515,15.202227998,3.968245716));
#2777=CARTESIAN_POINT('',(2.405163908,15.2,3.971428571));
#2778=CARTESIAN_POINT('',(1.914707296,15.2,3.971428571));
#2779=B_SPLINE_CURVE_WITH_KNOTS('',2,(#2762,#2763,#2764,#2765,#2766,#2767,#2768,#2769,#2770,#2771,#2772,#2773,#2774,#2775,#2776,#2777,#2778),.UNSPECIFIED.,.F.,.F.,(3,2,2,2,2,2,2,2,3),(0.,0.25,0.375,0.4375,0.5,0.5625,0.625,0.75,1.),.UNSPECIFIED.);
#2780=EDGE_CURVE('',#2755,#2717,#2779,.T.);
#2781=ORIENTED_EDGE('',*,*,#2780,.T.);
#2782=ORIENTED_EDGE('',*,*,#2722,.F.);
#2783=CARTESIAN_POINT('',(-4.856449323,15.491289865,3.555300193));
#2784=VERTEX_POINT('',#2783);
#2785=CARTESIAN_POINT('',(-1.914707296,15.2,3.971428571));
#2786=CARTESIAN_POINT('',(-2.40460309,15.2,3.971428571));
#2787=CARTESIAN_POINT('',(-2.668843852,15.202231188,3.96824116));
#2788=CARTESIAN_POINT('',(-2.899281382,15.204176949,3.965461502));
#2789=CARTESIAN_POINT('',(-3.045711505,15.208514796,3.959264577));
#2790=CARTESIAN_POINT('',(-3.149641066,15.211593606,3.954866277));
#2791=CARTESIAN_POINT('',(-3.233627611,15.216505418,3.947849403));
#2792=CARTESIAN_POINT('',(-3.330501834,15.222170943,3.939755795));
#2793=CARTESIAN_POINT('',(-3.420286527,15.231611012,3.926269983));
#2794=CARTESIAN_POINT('',(-3.505887835,15.240611234,3.913412522));
#2795=CARTESIAN_POINT('',(-3.603789209,15.255143779,3.892651744));
#2796=CARTESIAN_POINT('',(-3.683694207,15.26700493,3.875707243));
#2797=CARTESIAN_POINT('',(-3.784960605,15.284552816,3.850638835));
#2798=CARTESIAN_POINT('',(-3.92552888,15.308911103,3.815841282));
#2799=CARTESIAN_POINT('',(-4.143685758,15.35078411,3.7560227));
#2800=CARTESIAN_POINT('',(-4.397647357,15.399529471,3.68638647));
#2801=CARTESIAN_POINT('',(-4.856449323,15.491289865,3.555300193));
#2802=B_SPLINE_CURVE_WITH_KNOTS('',2,(#2785,#2786,#2787,#2788,#2789,#2790,#2791,#2792,#2793,#2794,#2795,#2796,#2797,#2798,#2799,#2800,#2801),.UNSPECIFIED.,.F.,.F.,(3,2,2,2,2,2,2,2,3),(0.,0.25,0.375,0.4375,0.5,0.5625,0.625,0.75,1.),.UNSPECIFIED.);
#2803=EDGE_CURVE('',#2715,#2784,#2802,.T.);
#2804=ORIENTED_EDGE('',*,*,#2803,.T.);
#2805=CARTESIAN_POINT('',(-4.856449323,15.491289865,3.555300193));
#2806=DIRECTION('',(-0.944223224,0.188844645,-0.269778064));
#2807=VECTOR('',#2806,0.575659085);
#2808=LINE('',#2805,#2807);
#2809=EDGE_CURVE('',#2784,#870,#2808,.T.);
#2810=ORIENTED_EDGE('',*,*,#2809,.T.);
#2811=ORIENTED_EDGE('',*,*,#875,.F.);
#2812=EDGE_LOOP('',(#2761,#2781,#2782,#2804,#2810,#2811));
#2813=FACE_BOUND('',#2812,.T.);
#2814=ADVANCED_FACE('',(#2813),#2753,.F.);
#2815=CARTESIAN_POINT('',(2.7,15.6,5.4));
#2816=DIRECTION('',(0.,0.819231921,-0.573462344));
#2817=DIRECTION('',(1.,-0.,-0.));
#2818=AXIS2_PLACEMENT_3D('',#2815,#2816,#2817);
#2819=PLANE('',#2818);
#2820=ORIENTED_EDGE('',*,*,#2738,.F.);
#2821=CARTESIAN_POINT('',(4.856449323,15.491289865,5.244699807));
#2822=VERTEX_POINT('',#2821);
#2823=CARTESIAN_POINT('',(1.914707296,15.2,4.828571429));
#2824=CARTESIAN_POINT('',(2.40460309,15.2,4.828571429));
#2825=CARTESIAN_POINT('',(2.668843852,15.202231188,4.83175884));
#2826=CARTESIAN_POINT('',(2.899281382,15.204176949,4.834538498));
#2827=CARTESIAN_POINT('',(3.045711505,15.208514796,4.840735423));
#2828=CARTESIAN_POINT('',(3.149641066,15.211593606,4.845133723));
#2829=CARTESIAN_POINT('',(3.233627611,15.216505418,4.852150597));
#2830=CARTESIAN_POINT('',(3.330501834,15.222170943,4.860244205));
#2831=CARTESIAN_POINT('',(3.420286527,15.231611012,4.873730017));
#2832=CARTESIAN_POINT('',(3.505887835,15.240611234,4.886587478));
#2833=CARTESIAN_POINT('',(3.603789209,15.255143779,4.907348256));
#2834=CARTESIAN_POINT('',(3.683694207,15.26700493,4.924292757));
#2835=CARTESIAN_POINT('',(3.784960605,15.284552816,4.949361165));
#2836=CARTESIAN_POINT('',(3.92552888,15.308911103,4.984158718));
#2837=CARTESIAN_POINT('',(4.143685758,15.35078411,5.0439773));
#2838=CARTESIAN_POINT('',(4.397647357,15.399529471,5.11361353));
#2839=CARTESIAN_POINT('',(4.856449323,15.491289865,5.244699807));
#2840=B_SPLINE_CURVE_WITH_KNOTS('',2,(#2823,#2824,#2825,#2826,#2827,#2828,#2829,#2830,#2831,#2832,#2833,#2834,#2835,#2836,#2837,#2838,#2839),.UNSPECIFIED.,.F.,.F.,(3,2,2,2,2,2,2,2,3),(0.,0.25,0.375,0.4375,0.5,0.5625,0.625,0.75,1.),.UNSPECIFIED.);
#2841=EDGE_CURVE('',#2725,#2822,#2840,.T.);
#2842=ORIENTED_EDGE('',*,*,#2841,.T.);
#2843=CARTESIAN_POINT('',(4.856449323,15.491289865,5.244699807));
#2844=DIRECTION('',(0.944223224,0.188844645,0.269778064));
#2845=VECTOR('',#2844,0.575659085);
#2846=LINE('',#2843,#2845);
#2847=EDGE_CURVE('',#2822,#2360,#2846,.T.);
#2848=ORIENTED_EDGE('',*,*,#2847,.T.);
#2849=ORIENTED_EDGE('',*,*,#2365,.F.);
#2850=CARTESIAN_POINT('',(-4.856449323,15.491289865,5.244699807));
#2851=VERTEX_POINT('',#2850);
#2852=CARTESIAN_POINT('',(-5.4,15.6,5.4));
#2853=DIRECTION('',(0.944223224,-0.188844645,-0.269778064));
#2854=VECTOR('',#2853,0.575659085);
#2855=LINE('',#2852,#2854);
#2856=EDGE_CURVE('',#2352,#2851,#2855,.T.);
#2857=ORIENTED_EDGE('',*,*,#2856,.T.);
#2858=CARTESIAN_POINT('',(-4.856449323,15.491289865,5.244699807));
#2859=CARTESIAN_POINT('',(-4.398108811,15.399621762,5.113745374));
#2860=CARTESIAN_POINT('',(-4.143254896,15.350701407,5.043859153));
#2861=CARTESIAN_POINT('',(-3.926012002,15.309000656,4.984286652));
#2862=CARTESIAN_POINT('',(-3.78434283,15.284445752,4.949208217));
#2863=CARTESIAN_POINT('',(-3.683990449,15.267052108,4.924360154));
#2864=CARTESIAN_POINT('',(-3.602987045,15.255024686,4.907178123));
#2865=CARTESIAN_POINT('',(-3.505894299,15.240608311,4.886583301));
#2866=CARTESIAN_POINT('',(-3.419051701,15.231481207,4.873544581));
#2867=CARTESIAN_POINT('',(-3.330574545,15.222182311,4.860260445));
#2868=CARTESIAN_POINT('',(-3.232936276,15.216464964,4.852092806));
#2869=CARTESIAN_POINT('',(-3.150059021,15.21161197,4.845159957));
#2870=CARTESIAN_POINT('',(-3.045152549,15.208498222,4.840711745));
#2871=CARTESIAN_POINT('',(-2.899870506,15.204186079,4.834551542));
#2872=CARTESIAN_POINT('',(-2.668466515,15.202227998,4.831754284));
#2873=CARTESIAN_POINT('',(-2.405163908,15.2,4.828571429));
#2874=CARTESIAN_POINT('',(-1.914707296,15.2,4.828571429));
#2875=B_SPLINE_CURVE_WITH_KNOTS('',2,(#2858,#2859,#2860,#2861,#2862,#2863,#2864,#2865,#2866,#2867,#2868,#2869,#2870,#2871,#2872,#2873,#2874),.UNSPECIFIED.,.F.,.F.,(3,2,2,2,2,2,2,2,3),(0.,0.25,0.375,0.4375,0.5,0.5625,0.625,0.75,1.),.UNSPECIFIED.);
#2876=EDGE_CURVE('',#2851,#2733,#2875,.T.);
#2877=ORIENTED_EDGE('',*,*,#2876,.T.);
#2878=EDGE_LOOP('',(#2820,#2842,#2848,#2849,#2857,#2877));
#2879=FACE_BOUND('',#2878,.T.);
#2880=ADVANCED_FACE('',(#2879),#2819,.F.);
#2881=CARTESIAN_POINT('',(5.4,15.6,4.4));
#2882=DIRECTION('',(-0.196116135,0.980580676,0.));
#2883=DIRECTION('',(0.,0.,-1.));
#2884=AXIS2_PLACEMENT_3D('',#2881,#2882,#2883);
#2885=PLANE('',#2884);
#2886=ORIENTED_EDGE('',*,*,#2847,.F.);
#2887=CARTESIAN_POINT('',(4.856449323,15.491289865,5.244699807));
#2888=DIRECTION('',(0.,0.,-1.));
#2889=VECTOR('',#2888,1.689399613);
#2890=LINE('',#2887,#2889);
#2891=EDGE_CURVE('',#2822,#2755,#2890,.T.);
#2892=ORIENTED_EDGE('',*,*,#2891,.T.);
#2893=ORIENTED_EDGE('',*,*,#2760,.F.);
#2894=ORIENTED_EDGE('',*,*,#2371,.F.);
#2895=EDGE_LOOP('',(#2886,#2892,#2893,#2894));
#2896=FACE_BOUND('',#2895,.T.);
#2897=ADVANCED_FACE('',(#2896),#2885,.F.);
#2898=CARTESIAN_POINT('',(-5.4,15.6,4.4));
#2899=DIRECTION('',(0.196116135,0.980580676,0.));
#2900=DIRECTION('',(-0.,0.,1.));
#2901=AXIS2_PLACEMENT_3D('',#2898,#2899,#2900);
#2902=PLANE('',#2901);
#2903=ORIENTED_EDGE('',*,*,#2809,.F.);
#2904=CARTESIAN_POINT('',(-4.856449323,15.491289865,3.555300193));
#2905=DIRECTION('',(-0.,0.,1.));
#2906=VECTOR('',#2905,1.689399613);
#2907=LINE('',#2904,#2906);
#2908=EDGE_CURVE('',#2784,#2851,#2907,.T.);
#2909=ORIENTED_EDGE('',*,*,#2908,.T.);
#2910=ORIENTED_EDGE('',*,*,#2856,.F.);
#2911=ORIENTED_EDGE('',*,*,#2357,.F.);
#2912=EDGE_LOOP('',(#2903,#2909,#2910,#2911));
#2913=FACE_BOUND('',#2912,.T.);
#2914=ADVANCED_FACE('',(#2913),#2902,.F.);
#2915=CARTESIAN_POINT('',(4.856449323,15.491289865,5.244699807));
#2916=CARTESIAN_POINT('',(4.856449323,15.491289865,4.681566602));
#2917=CARTESIAN_POINT('',(4.856449323,15.491289865,4.118433398));
#2918=CARTESIAN_POINT('',(4.856449323,15.491289865,3.555300193));
#2919=CARTESIAN_POINT('',(3.4,15.2,5.244699807));
#2920=CARTESIAN_POINT('',(3.4,15.2,4.681566602));
#2921=CARTESIAN_POINT('',(3.4,15.2,4.118433398));
#2922=CARTESIAN_POINT('',(3.4,15.2,3.555300193));
#2923=CARTESIAN_POINT('',(1.914707296,15.2,5.244699807));
#2924=CARTESIAN_POINT('',(1.914707296,15.2,4.681566602));
#2925=CARTESIAN_POINT('',(1.914707296,15.2,4.118433398));
#2926=CARTESIAN_POINT('',(1.914707296,15.2,3.555300193));
#2927=(BOUNDED_SURFACE()
B_SPLINE_SURFACE(2,3,((#2915,#2916,#2917,#2918),(#2919,#2920,#2921,#2922),(#2923,#2924,#2925,#2926)),.UNSPECIFIED.,.F.,.F.,.U.)
B_SPLINE_SURFACE_WITH_KNOTS((3,3),(4,4),(0.,1.),(-0.0052447,-0.0035553),.UNSPECIFIED.)
GEOMETRIC_REPRESENTATION_ITEM()
RATIONAL_B_SPLINE_SURFACE(((1.,1.,1.,1.),(3.980533307,3.980533307,3.980533307,3.980533307),(1.,1.,1.,1.)))
REPRESENTATION_ITEM('')
SURFACE()
);
#2928=ORIENTED_EDGE('',*,*,#2780,.F.);
#2929=ORIENTED_EDGE('',*,*,#2891,.F.);
#2930=ORIENTED_EDGE('',*,*,#2841,.F.);
#2931=ORIENTED_EDGE('',*,*,#2730,.F.);
#2932=EDGE_LOOP('',(#2928,#2929,#2930,#2931));
#2933=FACE_BOUND('',#2932,.T.);
#2934=ADVANCED_FACE('',(#2933),#2927,.T.);
#2935=CARTESIAN_POINT('',(-4.856449323,15.491289865,3.555300193));
#2936=CARTESIAN_POINT('',(-4.856449323,15.491289865,4.118433398));
#2937=CARTESIAN_POINT('',(-4.856449323,15.491289865,4.681566602));
#2938=CARTESIAN_POINT('',(-4.856449323,15.491289865,5.244699807));
#2939=CARTESIAN_POINT('',(-3.4,15.2,3.555300193));
#2940=CARTESIAN_POINT('',(-3.4,15.2,4.118433398));
#2941=CARTESIAN_POINT('',(-3.4,15.2,4.681566602));
#2942=CARTESIAN_POINT('',(-3.4,15.2,5.244699807));
#2943=CARTESIAN_POINT('',(-1.914707296,15.2,3.555300193));
#2944=CARTESIAN_POINT('',(-1.914707296,15.2,4.118433398));
#2945=CARTESIAN_POINT('',(-1.914707296,15.2,4.681566602));
#2946=CARTESIAN_POINT('',(-1.914707296,15.2,5.244699807));
#2947=(BOUNDED_SURFACE()
B_SPLINE_SURFACE(2,3,((#2935,#2936,#2937,#2938),(#2939,#2940,#2941,#2942),(#2943,#2944,#2945,#2946)),.UNSPECIFIED.,.F.,.F.,.U.)
B_SPLINE_SURFACE_WITH_KNOTS((3,3),(4,4),(0.,1.),(0.0035553,0.0052447),.UNSPECIFIED.)
GEOMETRIC_REPRESENTATION_ITEM()
RATIONAL_B_SPLINE_SURFACE(((1.,1.,1.,1.),(3.980533307,3.980533307,3.980533307,3.980533307),(1.,1.,1.,1.)))
REPRESENTATION_ITEM('')
SURFACE()
);
#2948=ORIENTED_EDGE('',*,*,#2876,.F.);
#2949=ORIENTED_EDGE('',*,*,#2908,.F.);
#2950=ORIENTED_EDGE('',*,*,#2803,.F.);
#2951=ORIENTED_EDGE('',*,*,#2744,.F.);
#2952=EDGE_LOOP('',(#2948,#2949,#2950,#2951));
#2953=FACE_BOUND('',#2952,.T.);
#2954=ADVANCED_FACE('',(#2953),#2947,.T.);
#2955=CARTESIAN_POINT('',(-0.,16.3,6.2));
#2956=DIRECTION('',(-0.,-1.,0.));
#2957=DIRECTION('',(1.,-0.,0.));
#2958=AXIS2_PLACEMENT_3D('',#2955,#2956,#2957);
#2959=PLANE('',#2958);
#2960=ORIENTED_EDGE('',*,*,#1494,.F.);
#2961=CARTESIAN_POINT('',(-5.9,16.3,5.6));
#2962=VERTEX_POINT('',#2961);
#2963=CARTESIAN_POINT('',(-5.9,16.3,3.4));
#2964=DIRECTION('',(-0.,-0.,1.));
#2965=VECTOR('',#2964,2.2);
#2966=LINE('',#2963,#2965);
#2967=EDGE_CURVE('',#1449,#2962,#2966,.T.);
#2968=ORIENTED_EDGE('',*,*,#2967,.T.);
#2969=CARTESIAN_POINT('',(5.9,16.3,5.6));
#2970=VERTEX_POINT('',#2969);
#2971=CARTESIAN_POINT('',(-5.9,16.3,5.6));
#2972=DIRECTION('',(1.,-0.,0.));
#2973=VECTOR('',#2972,11.8);
#2974=LINE('',#2971,#2973);
#2975=EDGE_CURVE('',#2962,#2970,#2974,.T.);
#2976=ORIENTED_EDGE('',*,*,#2975,.T.);
#2977=CARTESIAN_POINT('',(5.9,16.3,5.6));
#2978=DIRECTION('',(0.,0.,-1.));
#2979=VECTOR('',#2978,2.2);
#2980=LINE('',#2977,#2979);
#2981=EDGE_CURVE('',#2970,#1335,#2980,.T.);
#2982=ORIENTED_EDGE('',*,*,#2981,.T.);
#2983=EDGE_LOOP('',(#2960,#2968,#2976,#2982));
#2984=FACE_BOUND('',#2983,.T.);
#2985=ADVANCED_FACE('',(#2984),#2959,.F.);
#2986=CARTESIAN_POINT('',(9.990811691,18.009188309,6.8));
#2987=DIRECTION('',(-0.707106781,0.707106781,0.));
#2988=DIRECTION('',(-0.707106781,-0.707106781,0.));
#2989=AXIS2_PLACEMENT_3D('',#2986,#2987,#2988);
#2990=PLANE('',#2989);
#2991=ORIENTED_EDGE('',*,*,#771,.F.);
#2992=CARTESIAN_POINT('',(12.4,20.418376618,5.3));
#2993=DIRECTION('',(-0.707106781,-0.707106781,-0.));
#2994=VECTOR('',#2993,6.814213562);
#2995=LINE('',#2992,#2994);
#2996=EDGE_CURVE('',#758,#2375,#2995,.T.);
#2997=ORIENTED_EDGE('',*,*,#2996,.T.);
#2998=ORIENTED_EDGE('',*,*,#2380,.T.);
#2999=ORIENTED_EDGE('',*,*,#836,.F.);
#3000=EDGE_LOOP('',(#2991,#2997,#2998,#2999));
#3001=FACE_BOUND('',#3000,.T.);
#3002=ADVANCED_FACE('',(#3001),#2990,.F.);
#3003=CARTESIAN_POINT('',(-0.,16.9,6.2));
#3004=DIRECTION('',(0.,-1.,0.));
#3005=DIRECTION('',(0.,0.,-1.));
#3006=AXIS2_PLACEMENT_3D('',#3003,#3004,#3005);
#3007=PLANE('',#3006);
#3008=CARTESIAN_POINT('',(-5.9,16.9,6.2));
#3009=VERTEX_POINT('',#3008);
#3010=CARTESIAN_POINT('',(-5.9,16.9,6.2));
#3011=DIRECTION('',(0.,0.,-1.));
#3012=VECTOR('',#3011,2.8);
#3013=LINE('',#3010,#3012);
#3014=EDGE_CURVE('',#3009,#1408,#3013,.T.);
#3015=ORIENTED_EDGE('',*,*,#3014,.T.);
#3016=ORIENTED_EDGE('',*,*,#1476,.T.);
#3017=CARTESIAN_POINT('',(5.9,16.9,6.2));
#3018=VERTEX_POINT('',#3017);
#3019=CARTESIAN_POINT('',(5.9,16.9,3.4));
#3020=DIRECTION('',(-0.,-0.,1.));
#3021=VECTOR('',#3020,2.8);
#3022=LINE('',#3019,#3021);
#3023=EDGE_CURVE('',#1376,#3018,#3022,.T.);
#3024=ORIENTED_EDGE('',*,*,#3023,.T.);
#3025=CARTESIAN_POINT('',(5.9,16.9,6.2));
#3026=DIRECTION('',(-1.,0.,0.));
#3027=VECTOR('',#3026,11.8);
#3028=LINE('',#3025,#3027);
#3029=EDGE_CURVE('',#3018,#3009,#3028,.T.);
#3030=ORIENTED_EDGE('',*,*,#3029,.T.);
#3031=EDGE_LOOP('',(#3015,#3016,#3024,#3030));
#3032=FACE_BOUND('',#3031,.T.);
#3033=ADVANCED_FACE('',(#3032),#3007,.T.);
#3034=CARTESIAN_POINT('',(-5.9,16.6,6.2));
#3035=DIRECTION('',(0.,0.,1.));
#3036=DIRECTION('',(1.,0.,-0.));
#3037=AXIS2_PLACEMENT_3D('',#3034,#3035,#3036);
#3038=CYLINDRICAL_SURFACE('',#3037,0.3);
#3039=ORIENTED_EDGE('',*,*,#1455,.F.);
#3040=CARTESIAN_POINT('',(-6.2,16.6,6.2));
#3041=VERTEX_POINT('',#3040);
#3042=CARTESIAN_POINT('',(-6.2,16.6,6.2));
#3043=DIRECTION('',(0.,0.,-1.));
#3044=VECTOR('',#3043,2.8);
#3045=LINE('',#3042,#3044);
#3046=EDGE_CURVE('',#3041,#1416,#3045,.T.);
#3047=ORIENTED_EDGE('',*,*,#3046,.F.);
#3048=CARTESIAN_POINT('',(-5.9,16.3,6.2));
#3049=VERTEX_POINT('',#3048);
#3050=CARTESIAN_POINT('',(-5.9,16.6,6.2));
#3051=DIRECTION('',(0.,0.,-1.));
#3052=DIRECTION('',(-1.,0.,0.));
#3053=AXIS2_PLACEMENT_3D('',#3050,#3051,#3052);
#3054=CIRCLE('',#3053,0.3);
#3055=EDGE_CURVE('',#3049,#3041,#3054,.T.);
#3056=ORIENTED_EDGE('',*,*,#3055,.F.);
#3057=CARTESIAN_POINT('',(-5.9,16.3,6.));
#3058=VERTEX_POINT('',#3057);
#3059=CARTESIAN_POINT('',(-5.9,16.3,6.));
#3060=DIRECTION('',(-0.,-0.,1.));
#3061=VECTOR('',#3060,0.2);
#3062=LINE('',#3059,#3061);
#3063=EDGE_CURVE('',#3058,#3049,#3062,.T.);
#3064=ORIENTED_EDGE('',*,*,#3063,.F.);
#3065=CARTESIAN_POINT('',(-6.,16.317157288,6.));
#3066=VERTEX_POINT('',#3065);
#3067=CARTESIAN_POINT('',(-5.9,16.6,6.));
#3068=DIRECTION('',(-0.,-0.,-1.));
#3069=DIRECTION('',(1.,0.,-0.));
#3070=AXIS2_PLACEMENT_3D('',#3067,#3068,#3069);
#3071=CIRCLE('',#3070,0.3);
#3072=EDGE_CURVE('',#3058,#3066,#3071,.T.);
#3073=ORIENTED_EDGE('',*,*,#3072,.T.);
#3074=CARTESIAN_POINT('',(-6.,16.317157288,5.6));
#3075=VERTEX_POINT('',#3074);
#3076=CARTESIAN_POINT('',(-6.,16.317157288,6.));
#3077=DIRECTION('',(-0.,-0.,-1.));
#3078=VECTOR('',#3077,0.4);
#3079=LINE('',#3076,#3078);
#3080=EDGE_CURVE('',#3066,#3075,#3079,.T.);
#3081=ORIENTED_EDGE('',*,*,#3080,.T.);
#3082=CARTESIAN_POINT('',(-5.9,16.6,5.6));
#3083=DIRECTION('',(-0.,-0.,1.));
#3084=DIRECTION('',(-1.,0.,0.));
#3085=AXIS2_PLACEMENT_3D('',#3082,#3083,#3084);
#3086=CIRCLE('',#3085,0.3);
#3087=EDGE_CURVE('',#3075,#2962,#3086,.T.);
#3088=ORIENTED_EDGE('',*,*,#3087,.T.);
#3089=ORIENTED_EDGE('',*,*,#2967,.F.);
#3090=EDGE_LOOP('',(#3039,#3047,#3056,#3064,#3073,#3081,#3088,#3089));
#3091=FACE_BOUND('',#3090,.T.);
#3092=ADVANCED_FACE('',(#3091),#3038,.F.);
#3093=CARTESIAN_POINT('',(-5.9,16.6,6.2));
#3094=DIRECTION('',(0.,0.,-1.));
#3095=DIRECTION('',(-1.,0.,0.));
#3096=AXIS2_PLACEMENT_3D('',#3093,#3094,#3095);
#3097=CYLINDRICAL_SURFACE('',#3096,0.3);
#3098=ORIENTED_EDGE('',*,*,#1422,.F.);
#3099=ORIENTED_EDGE('',*,*,#3014,.F.);
#3100=CARTESIAN_POINT('',(-5.9,16.6,6.2));
#3101=DIRECTION('',(0.,0.,-1.));
#3102=DIRECTION('',(-1.,0.,0.));
#3103=AXIS2_PLACEMENT_3D('',#3100,#3101,#3102);
#3104=CIRCLE('',#3103,0.3);
#3105=EDGE_CURVE('',#3041,#3009,#3104,.T.);
#3106=ORIENTED_EDGE('',*,*,#3105,.F.);
#3107=ORIENTED_EDGE('',*,*,#3046,.T.);
#3108=EDGE_LOOP('',(#3098,#3099,#3106,#3107));
#3109=FACE_BOUND('',#3108,.T.);
#3110=ADVANCED_FACE('',(#3109),#3097,.F.);
#3111=CARTESIAN_POINT('',(5.9,16.6,6.2));
#3112=DIRECTION('',(0.,0.,-1.));
#3113=DIRECTION('',(-1.,0.,0.));
#3114=AXIS2_PLACEMENT_3D('',#3111,#3112,#3113);
#3115=CYLINDRICAL_SURFACE('',#3114,0.3);
#3116=ORIENTED_EDGE('',*,*,#1382,.F.);
#3117=CARTESIAN_POINT('',(6.2,16.6,6.2));
#3118=VERTEX_POINT('',#3117);
#3119=CARTESIAN_POINT('',(6.2,16.6,6.2));
#3120=DIRECTION('',(0.,0.,-1.));
#3121=VECTOR('',#3120,2.8);
#3122=LINE('',#3119,#3121);
#3123=EDGE_CURVE('',#3118,#1343,#3122,.T.);
#3124=ORIENTED_EDGE('',*,*,#3123,.F.);
#3125=CARTESIAN_POINT('',(5.9,16.6,6.2));
#3126=DIRECTION('',(0.,0.,-1.));
#3127=DIRECTION('',(-1.,0.,0.));
#3128=AXIS2_PLACEMENT_3D('',#3125,#3126,#3127);
#3129=CIRCLE('',#3128,0.3);
#3130=EDGE_CURVE('',#3018,#3118,#3129,.T.);
#3131=ORIENTED_EDGE('',*,*,#3130,.F.);
#3132=ORIENTED_EDGE('',*,*,#3023,.F.);
#3133=EDGE_LOOP('',(#3116,#3124,#3131,#3132));
#3134=FACE_BOUND('',#3133,.T.);
#3135=ADVANCED_FACE('',(#3134),#3115,.F.);
#3136=CARTESIAN_POINT('',(5.9,16.6,6.2));
#3137=DIRECTION('',(0.,0.,1.));
#3138=DIRECTION('',(1.,0.,-0.));
#3139=AXIS2_PLACEMENT_3D('',#3136,#3137,#3138);
#3140=CYLINDRICAL_SURFACE('',#3139,0.3);
#3141=ORIENTED_EDGE('',*,*,#1349,.F.);
#3142=ORIENTED_EDGE('',*,*,#2981,.F.);
#3143=CARTESIAN_POINT('',(6.,16.317157288,5.6));
#3144=VERTEX_POINT('',#3143);
#3145=CARTESIAN_POINT('',(5.9,16.6,5.6));
#3146=DIRECTION('',(-0.,-0.,1.));
#3147=DIRECTION('',(-1.,0.,0.));
#3148=AXIS2_PLACEMENT_3D('',#3145,#3146,#3147);
#3149=CIRCLE('',#3148,0.3);
#3150=EDGE_CURVE('',#2970,#3144,#3149,.T.);
#3151=ORIENTED_EDGE('',*,*,#3150,.T.);
#3152=CARTESIAN_POINT('',(6.,16.317157288,6.));
#3153=VERTEX_POINT('',#3152);
#3154=CARTESIAN_POINT('',(6.,16.317157288,5.6));
#3155=DIRECTION('',(0.,0.,1.));
#3156=VECTOR('',#3155,0.4);
#3157=LINE('',#3154,#3156);
#3158=EDGE_CURVE('',#3144,#3153,#3157,.T.);
#3159=ORIENTED_EDGE('',*,*,#3158,.T.);
#3160=CARTESIAN_POINT('',(5.9,16.3,6.));
#3161=VERTEX_POINT('',#3160);
#3162=CARTESIAN_POINT('',(5.9,16.6,6.));
#3163=DIRECTION('',(-0.,-0.,-1.));
#3164=DIRECTION('',(1.,0.,-0.));
#3165=AXIS2_PLACEMENT_3D('',#3162,#3163,#3164);
#3166=CIRCLE('',#3165,0.3);
#3167=EDGE_CURVE('',#3153,#3161,#3166,.T.);
#3168=ORIENTED_EDGE('',*,*,#3167,.T.);
#3169=CARTESIAN_POINT('',(5.9,16.3,6.2));
#3170=VERTEX_POINT('',#3169);
#3171=CARTESIAN_POINT('',(5.9,16.3,6.2));
#3172=DIRECTION('',(0.,0.,-1.));
#3173=VECTOR('',#3172,0.2);
#3174=LINE('',#3171,#3173);
#3175=EDGE_CURVE('',#3170,#3161,#3174,.T.);
#3176=ORIENTED_EDGE('',*,*,#3175,.F.);
#3177=CARTESIAN_POINT('',(5.9,16.6,6.2));
#3178=DIRECTION('',(0.,0.,-1.));
#3179=DIRECTION('',(-1.,0.,0.));
#3180=AXIS2_PLACEMENT_3D('',#3177,#3178,#3179);
#3181=CIRCLE('',#3180,0.3);
#3182=EDGE_CURVE('',#3118,#3170,#3181,.T.);
#3183=ORIENTED_EDGE('',*,*,#3182,.F.);
#3184=ORIENTED_EDGE('',*,*,#3123,.T.);
#3185=EDGE_LOOP('',(#3141,#3142,#3151,#3159,#3168,#3176,#3183,#3184));
#3186=FACE_BOUND('',#3185,.T.);
#3187=ADVANCED_FACE('',(#3186),#3140,.F.);
#3188=CARTESIAN_POINT('',(-0.,16.3,6.2));
#3189=DIRECTION('',(-0.,-1.,0.));
#3190=DIRECTION('',(1.,-0.,0.));
#3191=AXIS2_PLACEMENT_3D('',#3188,#3189,#3190);
#3192=PLANE('',#3191);
#3193=ORIENTED_EDGE('',*,*,#3175,.T.);
#3194=CARTESIAN_POINT('',(5.9,16.3,6.));
#3195=DIRECTION('',(-1.,0.,0.));
#3196=VECTOR('',#3195,11.8);
#3197=LINE('',#3194,#3196);
#3198=EDGE_CURVE('',#3161,#3058,#3197,.T.);
#3199=ORIENTED_EDGE('',*,*,#3198,.T.);
#3200=ORIENTED_EDGE('',*,*,#3063,.T.);
#3201=CARTESIAN_POINT('',(5.9,16.3,6.2));
#3202=DIRECTION('',(-1.,0.,0.));
#3203=VECTOR('',#3202,11.8);
#3204=LINE('',#3201,#3203);
#3205=EDGE_CURVE('',#3170,#3049,#3204,.T.);
#3206=ORIENTED_EDGE('',*,*,#3205,.F.);
#3207=EDGE_LOOP('',(#3193,#3199,#3200,#3206));
#3208=FACE_BOUND('',#3207,.T.);
#3209=ADVANCED_FACE('',(#3208),#3192,.F.);
#3210=CARTESIAN_POINT('',(0.,28.,6.2));
#3211=DIRECTION('',(0.,0.,-1.));
#3212=DIRECTION('',(-1.,0.,0.));
#3213=AXIS2_PLACEMENT_3D('',#3210,#3211,#3212);
#3214=PLANE('',#3213);
#3215=ORIENTED_EDGE('',*,*,#3055,.T.);
#3216=ORIENTED_EDGE('',*,*,#3105,.T.);
#3217=ORIENTED_EDGE('',*,*,#3029,.F.);
#3218=ORIENTED_EDGE('',*,*,#3130,.T.);
#3219=ORIENTED_EDGE('',*,*,#3182,.T.);
#3220=ORIENTED_EDGE('',*,*,#3205,.T.);
#3221=EDGE_LOOP('',(#3215,#3216,#3217,#3218,#3219,#3220));
#3222=FACE_BOUND('',#3221,.T.);
#3223=ADVANCED_FACE('',(#3222),#3214,.T.);
#3224=CARTESIAN_POINT('',(-11.7,28.,6.2));
#3225=DIRECTION('',(1.,0.,0.));
#3226=DIRECTION('',(0.,0.,-1.));
#3227=AXIS2_PLACEMENT_3D('',#3224,#3225,#3226);
#3228=PLANE('',#3227);
#3229=CARTESIAN_POINT('',(-11.7,33.9,6.));
#3230=DIRECTION('',(0.,-1.,0.));
#3231=VECTOR('',#3230,11.8);
#3232=LINE('',#3229,#3231);
#3233=EDGE_CURVE('',#1027,#968,#3232,.T.);
#3234=ORIENTED_EDGE('',*,*,#3233,.F.);
#3235=ORIENTED_EDGE('',*,*,#1032,.T.);
#3236=CARTESIAN_POINT('',(-11.7,33.9,6.2));
#3237=DIRECTION('',(0.,-1.,0.));
#3238=VECTOR('',#3237,11.8);
#3239=LINE('',#3236,#3238);
#3240=EDGE_CURVE('',#1018,#977,#3239,.T.);
#3241=ORIENTED_EDGE('',*,*,#3240,.T.);
#3242=ORIENTED_EDGE('',*,*,#982,.T.);
#3243=EDGE_LOOP('',(#3234,#3235,#3241,#3242));
#3244=FACE_BOUND('',#3243,.T.);
#3245=ADVANCED_FACE('',(#3244),#3228,.T.);
#3246=CARTESIAN_POINT('',(0.,28.,6.2));
#3247=DIRECTION('',(0.,0.,-1.));
#3248=DIRECTION('',(-1.,0.,0.));
#3249=AXIS2_PLACEMENT_3D('',#3246,#3247,#3248);
#3250=PLANE('',#3249);
#3251=ORIENTED_EDGE('',*,*,#1121,.F.);
#3252=ORIENTED_EDGE('',*,*,#915,.T.);
#3253=ORIENTED_EDGE('',*,*,#989,.T.);
#3254=ORIENTED_EDGE('',*,*,#3240,.F.);
#3255=ORIENTED_EDGE('',*,*,#1024,.T.);
#3256=ORIENTED_EDGE('',*,*,#1098,.T.);
#3257=EDGE_LOOP('',(#3251,#3252,#3253,#3254,#3255,#3256));
#3258=FACE_BOUND('',#3257,.T.);
#3259=ADVANCED_FACE('',(#3258),#3250,.T.);
#3260=CARTESIAN_POINT('',(11.7,28.,6.2));
#3261=DIRECTION('',(-1.,0.,0.));
#3262=DIRECTION('',(-0.,-1.,0.));
#3263=AXIS2_PLACEMENT_3D('',#3260,#3261,#3262);
#3264=PLANE('',#3263);
#3265=CARTESIAN_POINT('',(11.7,22.1,6.));
#3266=DIRECTION('',(0.,1.,0.));
#3267=VECTOR('',#3266,11.8);
#3268=LINE('',#3265,#3267);
#3269=EDGE_CURVE('',#236,#144,#3268,.T.);
#3270=ORIENTED_EDGE('',*,*,#3269,.F.);
#3271=ORIENTED_EDGE('',*,*,#241,.T.);
#3272=CARTESIAN_POINT('',(11.7,22.1,6.2));
#3273=DIRECTION('',(0.,1.,0.));
#3274=VECTOR('',#3273,11.8);
#3275=LINE('',#3272,#3274);
#3276=EDGE_CURVE('',#227,#153,#3275,.T.);
#3277=ORIENTED_EDGE('',*,*,#3276,.T.);
#3278=ORIENTED_EDGE('',*,*,#158,.T.);
#3279=EDGE_LOOP('',(#3270,#3271,#3277,#3278));
#3280=FACE_BOUND('',#3279,.T.);
#3281=ADVANCED_FACE('',(#3280),#3264,.T.);
#3282=CARTESIAN_POINT('',(0.,28.,6.2));
#3283=DIRECTION('',(0.,0.,-1.));
#3284=DIRECTION('',(-1.,0.,0.));
#3285=AXIS2_PLACEMENT_3D('',#3282,#3283,#3284);
#3286=PLANE('',#3285);
#3287=ORIENTED_EDGE('',*,*,#233,.T.);
#3288=ORIENTED_EDGE('',*,*,#200,.T.);
#3289=ORIENTED_EDGE('',*,*,#297,.F.);
#3290=ORIENTED_EDGE('',*,*,#91,.T.);
#3291=ORIENTED_EDGE('',*,*,#165,.T.);
#3292=ORIENTED_EDGE('',*,*,#3276,.F.);
#3293=EDGE_LOOP('',(#3287,#3288,#3289,#3290,#3291,#3292));
#3294=FACE_BOUND('',#3293,.T.);
#3295=ADVANCED_FACE('',(#3294),#3286,.T.);
#3296=CARTESIAN_POINT('',(-11.698,34.,5.8));
#3297=DIRECTION('',(0.,1.,0.));
#3298=DIRECTION('',(0.,0.,1.));
#3299=AXIS2_PLACEMENT_3D('',#3296,#3297,#3298);
#3300=PLANE('',#3299);
#3301=CARTESIAN_POINT('',(-11.682842712,34.,6.));
#3302=DIRECTION('',(-1.,0.,0.));
#3303=VECTOR('',#3302,0.717157288);
#3304=LINE('',#3301,#3303);
#3305=EDGE_CURVE('',#1035,#478,#3304,.T.);
#3306=ORIENTED_EDGE('',*,*,#3305,.T.);
#3307=ORIENTED_EDGE('',*,*,#505,.T.);
#3308=CARTESIAN_POINT('',(-11.682842712,34.,5.6));
#3309=DIRECTION('',(-1.,0.,0.));
#3310=VECTOR('',#3309,0.717157288);
#3311=LINE('',#3308,#3310);
#3312=EDGE_CURVE('',#1044,#494,#3311,.T.);
#3313=ORIENTED_EDGE('',*,*,#3312,.F.);
#3314=ORIENTED_EDGE('',*,*,#1049,.F.);
#3315=EDGE_LOOP('',(#3306,#3307,#3313,#3314));
#3316=FACE_BOUND('',#3315,.T.);
#3317=ADVANCED_FACE('',(#3316),#3300,.F.);
#3318=CARTESIAN_POINT('',(-11.698,22.,5.8));
#3319=DIRECTION('',(0.,-1.,0.));
#3320=DIRECTION('',(0.,0.,-1.));
#3321=AXIS2_PLACEMENT_3D('',#3318,#3319,#3320);
#3322=PLANE('',#3321);
#3323=CARTESIAN_POINT('',(-11.682842712,22.,5.6));
#3324=DIRECTION('',(-1.,0.,0.));
#3325=VECTOR('',#3324,0.717157288);
#3326=LINE('',#3323,#3325);
#3327=EDGE_CURVE('',#951,#486,#3326,.T.);
#3328=ORIENTED_EDGE('',*,*,#3327,.T.);
#3329=ORIENTED_EDGE('',*,*,#491,.T.);
#3330=CARTESIAN_POINT('',(-11.682842712,22.,6.));
#3331=DIRECTION('',(-1.,0.,0.));
#3332=VECTOR('',#3331,0.717157288);
#3333=LINE('',#3330,#3332);
#3334=EDGE_CURVE('',#960,#476,#3333,.T.);
#3335=ORIENTED_EDGE('',*,*,#3334,.F.);
#3336=ORIENTED_EDGE('',*,*,#965,.F.);
#3337=EDGE_LOOP('',(#3328,#3329,#3335,#3336));
#3338=FACE_BOUND('',#3337,.T.);
#3339=ADVANCED_FACE('',(#3338),#3322,.F.);
#3340=CARTESIAN_POINT('',(-11.698,25.,5.6));
#3341=DIRECTION('',(0.,0.,-1.));
#3342=DIRECTION('',(-1.,0.,0.));
#3343=AXIS2_PLACEMENT_3D('',#3340,#3341,#3342);
#3344=PLANE('',#3343);
#3345=ORIENTED_EDGE('',*,*,#3312,.T.);
#3346=ORIENTED_EDGE('',*,*,#499,.T.);
#3347=ORIENTED_EDGE('',*,*,#3327,.F.);
#3348=ORIENTED_EDGE('',*,*,#957,.F.);
#3349=ORIENTED_EDGE('',*,*,#1143,.T.);
#3350=ORIENTED_EDGE('',*,*,#1058,.F.);
#3351=EDGE_LOOP('',(#3345,#3346,#3347,#3348,#3349,#3350));
#3352=FACE_BOUND('',#3351,.T.);
#3353=ADVANCED_FACE('',(#3352),#3344,.F.);
#3354=CARTESIAN_POINT('',(-11.698,28.,6.));
#3355=DIRECTION('',(0.,0.,1.));
#3356=DIRECTION('',(1.,0.,0.));
#3357=AXIS2_PLACEMENT_3D('',#3354,#3355,#3356);
#3358=PLANE('',#3357);
#3359=ORIENTED_EDGE('',*,*,#3233,.T.);
#3360=ORIENTED_EDGE('',*,*,#974,.F.);
#3361=ORIENTED_EDGE('',*,*,#3334,.T.);
#3362=ORIENTED_EDGE('',*,*,#483,.T.);
#3363=ORIENTED_EDGE('',*,*,#3305,.F.);
#3364=ORIENTED_EDGE('',*,*,#1041,.F.);
#3365=EDGE_LOOP('',(#3359,#3360,#3361,#3362,#3363,#3364));
#3366=FACE_BOUND('',#3365,.T.);
#3367=ADVANCED_FACE('',(#3366),#3358,.F.);
#3368=CARTESIAN_POINT('',(-6.,16.302,5.8));
#3369=DIRECTION('',(-1.,0.,0.));
#3370=DIRECTION('',(0.,0.,1.));
#3371=AXIS2_PLACEMENT_3D('',#3368,#3369,#3370);
#3372=PLANE('',#3371);
#3373=CARTESIAN_POINT('',(-6.,16.317157288,6.));
#3374=DIRECTION('',(-0.,-1.,0.));
#3375=VECTOR('',#3374,0.717157288);
#3376=LINE('',#3373,#3375);
#3377=EDGE_CURVE('',#3066,#2402,#3376,.T.);
#3378=ORIENTED_EDGE('',*,*,#3377,.T.);
#3379=ORIENTED_EDGE('',*,*,#2429,.T.);
#3380=CARTESIAN_POINT('',(-6.,16.317157288,5.6));
#3381=DIRECTION('',(-0.,-1.,0.));
#3382=VECTOR('',#3381,0.717157288);
#3383=LINE('',#3380,#3382);
#3384=EDGE_CURVE('',#3075,#2418,#3383,.T.);
#3385=ORIENTED_EDGE('',*,*,#3384,.F.);
#3386=ORIENTED_EDGE('',*,*,#3080,.F.);
#3387=EDGE_LOOP('',(#3378,#3379,#3385,#3386));
#3388=FACE_BOUND('',#3387,.T.);
#3389=ADVANCED_FACE('',(#3388),#3372,.F.);
#3390=CARTESIAN_POINT('',(6.,16.302,5.8));
#3391=DIRECTION('',(1.,-0.,0.));
#3392=DIRECTION('',(0.,0.,-1.));
#3393=AXIS2_PLACEMENT_3D('',#3390,#3391,#3392);
#3394=PLANE('',#3393);
#3395=CARTESIAN_POINT('',(6.,16.317157288,5.6));
#3396=DIRECTION('',(-0.,-1.,0.));
#3397=VECTOR('',#3396,0.717157288);
#3398=LINE('',#3395,#3397);
#3399=EDGE_CURVE('',#3144,#2410,#3398,.T.);
#3400=ORIENTED_EDGE('',*,*,#3399,.T.);
#3401=ORIENTED_EDGE('',*,*,#2415,.T.);
#3402=CARTESIAN_POINT('',(6.,16.317157288,6.));
#3403=DIRECTION('',(-0.,-1.,0.));
#3404=VECTOR('',#3403,0.717157288);
#3405=LINE('',#3402,#3404);
#3406=EDGE_CURVE('',#3153,#2400,#3405,.T.);
#3407=ORIENTED_EDGE('',*,*,#3406,.F.);
#3408=ORIENTED_EDGE('',*,*,#3158,.F.);
#3409=EDGE_LOOP('',(#3400,#3401,#3407,#3408));
#3410=FACE_BOUND('',#3409,.T.);
#3411=ADVANCED_FACE('',(#3410),#3394,.F.);
#3412=CARTESIAN_POINT('',(3.,16.302,5.6));
#3413=DIRECTION('',(0.,0.,-1.));
#3414=DIRECTION('',(-0.,-1.,0.));
#3415=AXIS2_PLACEMENT_3D('',#3412,#3413,#3414);
#3416=PLANE('',#3415);
#3417=ORIENTED_EDGE('',*,*,#3384,.T.);
#3418=ORIENTED_EDGE('',*,*,#2423,.T.);
#3419=ORIENTED_EDGE('',*,*,#3399,.F.);
#3420=ORIENTED_EDGE('',*,*,#3150,.F.);
#3421=ORIENTED_EDGE('',*,*,#2975,.F.);
#3422=ORIENTED_EDGE('',*,*,#3087,.F.);
#3423=EDGE_LOOP('',(#3417,#3418,#3419,#3420,#3421,#3422));
#3424=FACE_BOUND('',#3423,.T.);
#3425=ADVANCED_FACE('',(#3424),#3416,.F.);
#3426=CARTESIAN_POINT('',(-0.,16.302,6.));
#3427=DIRECTION('',(0.,0.,1.));
#3428=DIRECTION('',(0.,1.,0.));
#3429=AXIS2_PLACEMENT_3D('',#3426,#3427,#3428);
#3430=PLANE('',#3429);
#3431=ORIENTED_EDGE('',*,*,#3198,.F.);
#3432=ORIENTED_EDGE('',*,*,#3167,.F.);
#3433=ORIENTED_EDGE('',*,*,#3406,.T.);
#3434=ORIENTED_EDGE('',*,*,#2407,.T.);
#3435=ORIENTED_EDGE('',*,*,#3377,.F.);
#3436=ORIENTED_EDGE('',*,*,#3072,.F.);
#3437=EDGE_LOOP('',(#3431,#3432,#3433,#3434,#3435,#3436));
#3438=FACE_BOUND('',#3437,.T.);
#3439=ADVANCED_FACE('',(#3438),#3430,.F.);
#3440=CARTESIAN_POINT('',(11.698,34.,5.8));
#3441=DIRECTION('',(0.,1.,0.));
#3442=DIRECTION('',(0.,0.,-1.));
#3443=AXIS2_PLACEMENT_3D('',#3440,#3441,#3442);
#3444=PLANE('',#3443);
#3445=CARTESIAN_POINT('',(11.682842712,34.,5.6));
#3446=DIRECTION('',(1.,-0.,0.));
#3447=VECTOR('',#3446,0.717157288);
#3448=LINE('',#3445,#3447);
#3449=EDGE_CURVE('',#127,#800,#3448,.T.);
#3450=ORIENTED_EDGE('',*,*,#3449,.T.);
#3451=ORIENTED_EDGE('',*,*,#805,.T.);
#3452=CARTESIAN_POINT('',(11.682842712,34.,6.));
#3453=DIRECTION('',(1.,-0.,0.));
#3454=VECTOR('',#3453,0.717157288);
#3455=LINE('',#3452,#3454);
#3456=EDGE_CURVE('',#136,#790,#3455,.T.);
#3457=ORIENTED_EDGE('',*,*,#3456,.F.);
#3458=ORIENTED_EDGE('',*,*,#141,.F.);
#3459=EDGE_LOOP('',(#3450,#3451,#3457,#3458));
#3460=FACE_BOUND('',#3459,.T.);
#3461=ADVANCED_FACE('',(#3460),#3444,.F.);
#3462=CARTESIAN_POINT('',(11.698,31.,5.6));
#3463=DIRECTION('',(0.,0.,-1.));
#3464=DIRECTION('',(1.,-0.,0.));
#3465=AXIS2_PLACEMENT_3D('',#3462,#3463,#3464);
#3466=PLANE('',#3465);
#3467=ORIENTED_EDGE('',*,*,#319,.T.);
#3468=ORIENTED_EDGE('',*,*,#267,.F.);
#3469=CARTESIAN_POINT('',(11.682842712,22.,5.6));
#3470=DIRECTION('',(1.,-0.,0.));
#3471=VECTOR('',#3470,0.717157288);
#3472=LINE('',#3469,#3471);
#3473=EDGE_CURVE('',#253,#808,#3472,.T.);
#3474=ORIENTED_EDGE('',*,*,#3473,.T.);
#3475=ORIENTED_EDGE('',*,*,#813,.T.);
#3476=ORIENTED_EDGE('',*,*,#3449,.F.);
#3477=ORIENTED_EDGE('',*,*,#133,.F.);
#3478=EDGE_LOOP('',(#3467,#3468,#3474,#3475,#3476,#3477));
#3479=FACE_BOUND('',#3478,.T.);
#3480=ADVANCED_FACE('',(#3479),#3466,.F.);
#3481=CARTESIAN_POINT('',(11.698,28.,6.));
#3482=DIRECTION('',(0.,0.,1.));
#3483=DIRECTION('',(-1.,0.,0.));
#3484=AXIS2_PLACEMENT_3D('',#3481,#3482,#3483);
#3485=PLANE('',#3484);
#3486=ORIENTED_EDGE('',*,*,#3456,.T.);
#3487=ORIENTED_EDGE('',*,*,#797,.T.);
#3488=CARTESIAN_POINT('',(11.682842712,22.,6.));
#3489=DIRECTION('',(1.,-0.,0.));
#3490=VECTOR('',#3489,0.717157288);
#3491=LINE('',#3488,#3490);
#3492=EDGE_CURVE('',#244,#792,#3491,.T.);
#3493=ORIENTED_EDGE('',*,*,#3492,.F.);
#3494=ORIENTED_EDGE('',*,*,#250,.F.);
#3495=ORIENTED_EDGE('',*,*,#3269,.T.);
#3496=ORIENTED_EDGE('',*,*,#150,.F.);
#3497=EDGE_LOOP('',(#3486,#3487,#3493,#3494,#3495,#3496));
#3498=FACE_BOUND('',#3497,.T.);
#3499=ADVANCED_FACE('',(#3498),#3485,.F.);
#3500=CARTESIAN_POINT('',(11.698,22.,5.8));
#3501=DIRECTION('',(-0.,-1.,0.));
#3502=DIRECTION('',(0.,0.,1.));
#3503=AXIS2_PLACEMENT_3D('',#3500,#3501,#3502);
#3504=PLANE('',#3503);
#3505=ORIENTED_EDGE('',*,*,#3492,.T.);
#3506=ORIENTED_EDGE('',*,*,#819,.T.);
#3507=ORIENTED_EDGE('',*,*,#3473,.F.);
#3508=ORIENTED_EDGE('',*,*,#258,.F.);
#3509=EDGE_LOOP('',(#3505,#3506,#3507,#3508));
#3510=FACE_BOUND('',#3509,.T.);
#3511=ADVANCED_FACE('',(#3510),#3504,.F.);
#3512=CARTESIAN_POINT('',(10.76862915,17.23137085,-0.));
#3513=DIRECTION('',(0.707106781,-0.707106781,0.));
#3514=DIRECTION('',(0.707106781,0.707106781,0.));
#3515=AXIS2_PLACEMENT_3D('',#3512,#3513,#3514);
#3516=PLANE('',#3515);
#3517=ORIENTED_EDGE('',*,*,#2394,.F.);
#3518=CARTESIAN_POINT('',(9.1372583,15.6,6.4));
#3519=DIRECTION('',(0.707106781,0.707106781,0.));
#3520=VECTOR('',#3519,4.614213562);
#3521=LINE('',#3518,#3520);
#3522=EDGE_CURVE('',#2383,#750,#3521,.T.);
#3523=ORIENTED_EDGE('',*,*,#3522,.T.);
#3524=ORIENTED_EDGE('',*,*,#755,.T.);
#3525=ORIENTED_EDGE('',*,*,#1793,.F.);
#3526=EDGE_LOOP('',(#3517,#3523,#3524,#3525));
#3527=FACE_BOUND('',#3526,.T.);
#3528=ADVANCED_FACE('',(#3527),#3516,.T.);
#3529=CARTESIAN_POINT('',(9.990811691,18.009188309,5.3));
#3530=DIRECTION('',(-0.5,0.5,0.707106781));
#3531=DIRECTION('',(-0.707106781,-0.707106781,-0.));
#3532=AXIS2_PLACEMENT_3D('',#3529,#3530,#3531);
#3533=PLANE('',#3532);
#3534=ORIENTED_EDGE('',*,*,#763,.F.);
#3535=ORIENTED_EDGE('',*,*,#3522,.F.);
#3536=ORIENTED_EDGE('',*,*,#2388,.F.);
#3537=ORIENTED_EDGE('',*,*,#2996,.F.);
#3538=EDGE_LOOP('',(#3534,#3535,#3536,#3537));
#3539=FACE_BOUND('',#3538,.T.);
#3540=ADVANCED_FACE('',(#3539),#3533,.F.);
#3541=CLOSED_SHELL('',(#68,#110,#177,#219,#286,#308,#330,#370,#509,#540,#653,#684,#823,#854,#892,#934,#1001,#1077,#1110,#1132,#1154,#1320,#1360,#1393,#1433,#1466,
#1483,#1500,#1532,#1554,#1571,#1583,#1614,#1638,#1662,#1686,#1710,#1727,#1744,#1766,#1810,#1822,#1839,#1851,#1891,#1955,#2017,#2038,#2059,#2099,#2165,
#2231,#2248,#2265,#2285,#2305,#2329,#2433,#2450,#2462,#2502,#2568,#2634,#2651,#2668,#2688,#2708,#2748,#2814,#2880,#2897,#2914,#2934,#2954,#2985,#3002,
#3033,#3092,#3110,#3135,#3187,#3209,#3223,#3245,#3259,#3281,#3295,#3317,#3339,#3353,#3367,#3389,#3411,#3425,#3439,#3461,#3480,#3499,#3511,#3528,#3540));
#3542=MANIFOLD_SOLID_BREP('Inner',#3541);
#3543=COLOUR_RGB('',0.494117647,0.494117647,0.525490224);
#3544=FILL_AREA_STYLE_COLOUR('',#3543);
#3545=FILL_AREA_STYLE('',(#3544));
#3546=SURFACE_STYLE_FILL_AREA(#3545);
#3547=SURFACE_SIDE_STYLE('',(#3546));
#3548=SURFACE_STYLE_USAGE(.BOTH.,#3547);
#3549=PRESENTATION_STYLE_ASSIGNMENT((#3548));
#26=STYLED_ITEM('',(#3549),#3542);
#16=SHAPE_REPRESENTATION('openGrid M3 Nut Directional Snap',(#15),#10);
#17=ADVANCED_BREP_SHAPE_REPRESENTATION('openGrid M3 Nut Directional Snap',(#3542),#10);
#3557=SHAPE_REPRESENTATION_RELATIONSHIP('','',#16,#17);
#3558=CARTESIAN_POINT('',(0.,0.,0.));
#3559=DIRECTION('',(0.,0.,1.));
#3560=DIRECTION('',(1.,0.,0.));
#3561=AXIS2_PLACEMENT_3D('',#3558,#3559,#3560);
#3563=MAPPED_ITEM('',#3562,#3561);
#3562=REPRESENTATION_MAP(#3561,#16);
#3564=APPLICATION_CONTEXT('Managed model based 3d engineering');
#3565=APPLICATION_PROTOCOL_DEFINITION('international standard','ap242_managed_model_based_3d_engineering',2014,#3564);
#3566=PRODUCT_CONTEXT('',#3564,'mechanical');
#3567=PRODUCT_DEFINITION_CONTEXT('part definition',#3564,'design');
#24=PRODUCT('openGrid M3 Nut Directional Snap','openGrid M3 Nut Directional Snap','',(#3566));
#3568=PRODUCT_RELATED_PRODUCT_CATEGORY('part','',(#24));
#3569=PRODUCT_DEFINITION_FORMATION_WITH_SPECIFIED_SOURCE('','',#24,.NOT_KNOWN.);
#25=PRODUCT_DEFINITION('design','',#3569,#3567);
#23=PRODUCT_DEFINITION_SHAPE('','',#25);
#3570=SHAPE_DEFINITION_REPRESENTATION(#23,#16);
#11=DRAUGHTING_MODEL('',(#3563),#10);
#3571=DESCRIPTIVE_REPRESENTATION_ITEM('KEY','/Users/ddanier/Library/Containers/com.shapr3d.shapr/Data/tmp/CEC10826-107F-4420-B806-6782C9167A80.tmp');
#3572=PROPERTY_DEFINITION('KEY','',#25);
#3573=REPRESENTATION('',(#3571),#10);
#3574=PROPERTY_DEFINITION_REPRESENTATION(#3572,#3573);
#3575=GENERAL_PROPERTY('','KEY','');
#3576=GENERAL_PROPERTY_ASSOCIATION('','',#3575,#3572);
#1=MECHANICAL_DESIGN_GEOMETRIC_PRESENTATION_REPRESENTATION('',(#26),#10);
ENDSEC;
END-ISO-10303-21;
