ISO-10303-21;
HEADER;

/* File generated by Shapr3D Version 5.800.0.8232 */

FILE_DESCRIPTION(('HOOPS Exchange Step'),'2;1');

FILE_NAME('/Users/ddanier/Library/Containers/com.shapr3d.shapr/Data/tmp/export/temp_export',
'2025-03-02T21:49:33+01:00',
('ddanier'),
('Shapr3D Limited'),
'HOOPS Exchange 2024.8',
'Shapr3D',
'Authorized');

FILE_SCHEMA( ('AP242_MANAGED_MODEL_BASED_3D_ENGINEERING_MIM_LF {1 0 10303 442 1 1 4}') );

ENDSEC;

DATA;
#3=(NAMED_UNIT(*)PLANE_ANGLE_UNIT()SI_UNIT($,.RADIAN.));
#4=PLANE_ANGLE_MEASURE_WITH_UNIT(PLANE_ANGLE_MEASURE(0.0174532925),#3);
#5=(CONVERSION_BASED_UNIT('DEGREE',#4)NAMED_UNIT(#6)PLANE_ANGLE_UNIT());
#6=DIMENSIONAL_EXPONENTS(0.,0.,0.,0.,0.,0.,0.);
#7=(NAMED_UNIT(*)SI_UNIT($,.STERADIAN.)SOLID_ANGLE_UNIT());
#8=(LENGTH_UNIT()NAMED_UNIT(*)SI_UNIT(.MILLI.,.METRE.));
#9=UNCERTAINTY_MEASURE_WITH_UNIT(LENGTH_MEASURE(1.000000E-05),#8,'DISTANCE_ACCURACY_VALUE','Maximum Tolerance applied to model');
#10=(GEOMETRIC_REPRESENTATION_CONTEXT(3)GLOBAL_UNCERTAINTY_ASSIGNED_CONTEXT((#9))GLOBAL_UNIT_ASSIGNED_CONTEXT((#8,#5,#7))REPRESENTATION_CONTEXT('','openGrid 7x2'));
#12=CARTESIAN_POINT('',(0.,0.,0.));
#13=DIRECTION('',(0.,0.,1.));
#14=DIRECTION('',(1.,0.,0.));
#15=AXIS2_PLACEMENT_3D('TS3D_PRODUCT_CSYS',#12,#13,#14);
#27=CARTESIAN_POINT('',(1412.5,-728.,2.4));
#28=DIRECTION('',(-1.,0.,0.));
#29=DIRECTION('',(0.,-1.,0.));
#30=AXIS2_PLACEMENT_3D('',#27,#28,#29);
#31=PLANE('',#30);
#32=CARTESIAN_POINT('',(1412.5,-720.376955262,1.4));
#33=VERTEX_POINT('',#32);
#34=CARTESIAN_POINT('',(1412.5,-718.9627417,0.4));
#35=VERTEX_POINT('',#34);
#36=CARTESIAN_POINT('',(1412.5,-720.376955262,1.4));
#37=DIRECTION('',(0.,0.816496581,-0.577350269));
#38=VECTOR('',#37,1.732050807);
#39=LINE('',#36,#38);
#40=EDGE_CURVE('',#33,#35,#39,.T.);
#41=ORIENTED_EDGE('',*,*,#40,.T.);
#42=CARTESIAN_POINT('',(1412.5,-737.0372583,0.4));
#43=VERTEX_POINT('',#42);
#44=CARTESIAN_POINT('',(1412.5,-718.9627417,0.4));
#45=DIRECTION('',(0.,-1.,0.));
#46=VECTOR('',#45,18.0745166);
#47=LINE('',#44,#46);
#48=EDGE_CURVE('',#35,#43,#47,.T.);
#49=ORIENTED_EDGE('',*,*,#48,.T.);
#50=CARTESIAN_POINT('',(1412.5,-735.623044738,1.4));
#51=VERTEX_POINT('',#50);
#52=CARTESIAN_POINT('',(1412.5,-737.0372583,0.4));
#53=DIRECTION('',(0.,0.816496581,0.577350269));
#54=VECTOR('',#53,1.732050807);
#55=LINE('',#52,#54);
#56=EDGE_CURVE('',#43,#51,#55,.T.);
#57=ORIENTED_EDGE('',*,*,#56,.T.);
#58=CARTESIAN_POINT('',(1412.5,-735.623044738,1.4));
#59=DIRECTION('',(-0.,1.,-0.));
#60=VECTOR('',#59,15.246089476);
#61=LINE('',#58,#60);
#62=EDGE_CURVE('',#51,#33,#61,.T.);
#63=ORIENTED_EDGE('',*,*,#62,.T.);
#64=EDGE_LOOP('',(#41,#49,#57,#63));
#65=FACE_BOUND('',#64,.T.);
#66=ADVANCED_FACE('',(#65),#31,.T.);
#67=CARTESIAN_POINT('',(1400.,-728.,0.));
#68=DIRECTION('',(0.,0.,1.));
#69=DIRECTION('',(1.,0.,0.));
#70=AXIS2_PLACEMENT_3D('',#67,#68,#69);
#71=PLANE('',#70);
#72=CARTESIAN_POINT('',(1437.8,-714.,0.));
#73=VERTEX_POINT('',#72);
#74=CARTESIAN_POINT('',(1390.2,-714.,0.));
#75=VERTEX_POINT('',#74);
#76=CARTESIAN_POINT('',(1437.8,-714.,0.));
#77=DIRECTION('',(-1.,-0.,0.));
#78=VECTOR('',#77,47.6);
#79=LINE('',#76,#78);
#80=EDGE_CURVE('',#73,#75,#79,.T.);
#81=ORIENTED_EDGE('',*,*,#80,.F.);
#82=CARTESIAN_POINT('',(1442.,-718.2,-0.));
#83=VERTEX_POINT('',#82);
#84=CARTESIAN_POINT('',(1437.8,-714.,0.));
#85=DIRECTION('',(0.707106781,-0.707106781,0.));
#86=VECTOR('',#85,5.939696962);
#87=LINE('',#84,#86);
#88=EDGE_CURVE('',#73,#83,#87,.T.);
#89=ORIENTED_EDGE('',*,*,#88,.T.);
#90=CARTESIAN_POINT('',(1442.,-905.8,0.));
#91=VERTEX_POINT('',#90);
#92=CARTESIAN_POINT('',(1442.,-905.8,0.));
#93=DIRECTION('',(-0.,1.,-0.));
#94=VECTOR('',#93,187.6);
#95=LINE('',#92,#94);
#96=EDGE_CURVE('',#91,#83,#95,.T.);
#97=ORIENTED_EDGE('',*,*,#96,.F.);
#98=CARTESIAN_POINT('',(1437.8,-910.,0.));
#99=VERTEX_POINT('',#98);
#100=CARTESIAN_POINT('',(1442.,-905.8,0.));
#101=DIRECTION('',(-0.707106781,-0.707106781,0.));
#102=VECTOR('',#101,5.939696962);
#103=LINE('',#100,#102);
#104=EDGE_CURVE('',#91,#99,#103,.T.);
#105=ORIENTED_EDGE('',*,*,#104,.T.);
#106=CARTESIAN_POINT('',(1390.2,-910.,0.));
#107=VERTEX_POINT('',#106);
#108=CARTESIAN_POINT('',(1390.2,-910.,0.));
#109=DIRECTION('',(1.,0.,-0.));
#110=VECTOR('',#109,47.6);
#111=LINE('',#108,#110);
#112=EDGE_CURVE('',#107,#99,#111,.T.);
#113=ORIENTED_EDGE('',*,*,#112,.F.);
#114=CARTESIAN_POINT('',(1386.,-905.8,0.));
#115=VERTEX_POINT('',#114);
#116=CARTESIAN_POINT('',(1390.2,-910.,0.));
#117=DIRECTION('',(-0.707106781,0.707106781,0.));
#118=VECTOR('',#117,5.939696962);
#119=LINE('',#116,#118);
#120=EDGE_CURVE('',#107,#115,#119,.T.);
#121=ORIENTED_EDGE('',*,*,#120,.T.);
#122=CARTESIAN_POINT('',(1386.,-718.2,0.));
#123=VERTEX_POINT('',#122);
#124=CARTESIAN_POINT('',(1386.,-718.2,0.));
#125=DIRECTION('',(-0.,-1.,-0.));
#126=VECTOR('',#125,187.6);
#127=LINE('',#124,#126);
#128=EDGE_CURVE('',#123,#115,#127,.T.);
#129=ORIENTED_EDGE('',*,*,#128,.F.);
#130=CARTESIAN_POINT('',(1386.,-718.2,0.));
#131=DIRECTION('',(0.707106781,0.707106781,0.));
#132=VECTOR('',#131,5.939696962);
#133=LINE('',#130,#132);
#134=EDGE_CURVE('',#123,#75,#133,.T.);
#135=ORIENTED_EDGE('',*,*,#134,.T.);
#136=EDGE_LOOP('',(#81,#89,#97,#105,#113,#121,#129,#135));
#137=FACE_BOUND('',#136,.T.);
#138=CARTESIAN_POINT('',(1409.202943725,-715.1,0.));
#139=VERTEX_POINT('',#138);
#140=CARTESIAN_POINT('',(1390.797056275,-715.1,0.));
#141=VERTEX_POINT('',#140);
#142=CARTESIAN_POINT('',(1409.202943725,-715.1,0.));
#143=DIRECTION('',(-1.,-0.,0.));
#144=VECTOR('',#143,18.40588745);
#145=LINE('',#142,#144);
#146=EDGE_CURVE('',#139,#141,#145,.T.);
#147=ORIENTED_EDGE('',*,*,#146,.T.);
#148=CARTESIAN_POINT('',(1387.1,-718.797056275,0.));
#149=VERTEX_POINT('',#148);
#150=CARTESIAN_POINT('',(1390.797056275,-715.1,0.));
#151=DIRECTION('',(-0.707106781,-0.707106781,0.));
#152=VECTOR('',#151,5.228427125);
#153=LINE('',#150,#152);
#154=EDGE_CURVE('',#141,#149,#153,.T.);
#155=ORIENTED_EDGE('',*,*,#154,.T.);
#156=CARTESIAN_POINT('',(1387.1,-737.202943725,0.));
#157=VERTEX_POINT('',#156);
#158=CARTESIAN_POINT('',(1387.1,-718.797056275,0.));
#159=DIRECTION('',(-0.,-1.,-0.));
#160=VECTOR('',#159,18.40588745);
#161=LINE('',#158,#160);
#162=EDGE_CURVE('',#149,#157,#161,.T.);
#163=ORIENTED_EDGE('',*,*,#162,.T.);
#164=CARTESIAN_POINT('',(1390.797056275,-740.9,0.));
#165=VERTEX_POINT('',#164);
#166=CARTESIAN_POINT('',(1387.1,-737.202943725,0.));
#167=DIRECTION('',(0.707106781,-0.707106781,0.));
#168=VECTOR('',#167,5.228427125);
#169=LINE('',#166,#168);
#170=EDGE_CURVE('',#157,#165,#169,.T.);
#171=ORIENTED_EDGE('',*,*,#170,.T.);
#172=CARTESIAN_POINT('',(1409.202943725,-740.9,0.));
#173=VERTEX_POINT('',#172);
#174=CARTESIAN_POINT('',(1390.797056275,-740.9,0.));
#175=DIRECTION('',(1.,0.,-0.));
#176=VECTOR('',#175,18.40588745);
#177=LINE('',#174,#176);
#178=EDGE_CURVE('',#165,#173,#177,.T.);
#179=ORIENTED_EDGE('',*,*,#178,.T.);
#180=CARTESIAN_POINT('',(1412.9,-737.202943725,0.));
#181=VERTEX_POINT('',#180);
#182=CARTESIAN_POINT('',(1409.202943725,-740.9,0.));
#183=DIRECTION('',(0.707106781,0.707106781,0.));
#184=VECTOR('',#183,5.228427125);
#185=LINE('',#182,#184);
#186=EDGE_CURVE('',#173,#181,#185,.T.);
#187=ORIENTED_EDGE('',*,*,#186,.T.);
#188=CARTESIAN_POINT('',(1412.9,-718.797056275,0.));
#189=VERTEX_POINT('',#188);
#190=CARTESIAN_POINT('',(1412.9,-737.202943725,0.));
#191=DIRECTION('',(0.,1.,0.));
#192=VECTOR('',#191,18.40588745);
#193=LINE('',#190,#192);
#194=EDGE_CURVE('',#181,#189,#193,.T.);
#195=ORIENTED_EDGE('',*,*,#194,.T.);
#196=CARTESIAN_POINT('',(1412.9,-718.797056275,0.));
#197=DIRECTION('',(-0.707106781,0.707106781,0.));
#198=VECTOR('',#197,5.228427125);
#199=LINE('',#196,#198);
#200=EDGE_CURVE('',#189,#139,#199,.T.);
#201=ORIENTED_EDGE('',*,*,#200,.T.);
#202=EDGE_LOOP('',(#147,#155,#163,#171,#179,#187,#195,#201));
#203=FACE_BOUND('',#202,.T.);
#204=CARTESIAN_POINT('',(1409.202943725,-743.1,0.));
#205=VERTEX_POINT('',#204);
#206=CARTESIAN_POINT('',(1390.797056275,-743.1,0.));
#207=VERTEX_POINT('',#206);
#208=CARTESIAN_POINT('',(1409.202943725,-743.1,0.));
#209=DIRECTION('',(-1.,-0.,0.));
#210=VECTOR('',#209,18.40588745);
#211=LINE('',#208,#210);
#212=EDGE_CURVE('',#205,#207,#211,.T.);
#213=ORIENTED_EDGE('',*,*,#212,.T.);
#214=CARTESIAN_POINT('',(1387.1,-746.797056275,0.));
#215=VERTEX_POINT('',#214);
#216=CARTESIAN_POINT('',(1390.797056275,-743.1,0.));
#217=DIRECTION('',(-0.707106781,-0.707106781,0.));
#218=VECTOR('',#217,5.228427125);
#219=LINE('',#216,#218);
#220=EDGE_CURVE('',#207,#215,#219,.T.);
#221=ORIENTED_EDGE('',*,*,#220,.T.);
#222=CARTESIAN_POINT('',(1387.1,-765.202943725,0.));
#223=VERTEX_POINT('',#222);
#224=CARTESIAN_POINT('',(1387.1,-746.797056275,0.));
#225=DIRECTION('',(-0.,-1.,-0.));
#226=VECTOR('',#225,18.40588745);
#227=LINE('',#224,#226);
#228=EDGE_CURVE('',#215,#223,#227,.T.);
#229=ORIENTED_EDGE('',*,*,#228,.T.);
#230=CARTESIAN_POINT('',(1390.797056275,-768.9,0.));
#231=VERTEX_POINT('',#230);
#232=CARTESIAN_POINT('',(1387.1,-765.202943725,0.));
#233=DIRECTION('',(0.707106781,-0.707106781,0.));
#234=VECTOR('',#233,5.228427125);
#235=LINE('',#232,#234);
#236=EDGE_CURVE('',#223,#231,#235,.T.);
#237=ORIENTED_EDGE('',*,*,#236,.T.);
#238=CARTESIAN_POINT('',(1409.202943725,-768.9,0.));
#239=VERTEX_POINT('',#238);
#240=CARTESIAN_POINT('',(1390.797056275,-768.9,0.));
#241=DIRECTION('',(1.,0.,-0.));
#242=VECTOR('',#241,18.40588745);
#243=LINE('',#240,#242);
#244=EDGE_CURVE('',#231,#239,#243,.T.);
#245=ORIENTED_EDGE('',*,*,#244,.T.);
#246=CARTESIAN_POINT('',(1412.9,-765.202943725,0.));
#247=VERTEX_POINT('',#246);
#248=CARTESIAN_POINT('',(1409.202943725,-768.9,0.));
#249=DIRECTION('',(0.707106781,0.707106781,0.));
#250=VECTOR('',#249,5.228427125);
#251=LINE('',#248,#250);
#252=EDGE_CURVE('',#239,#247,#251,.T.);
#253=ORIENTED_EDGE('',*,*,#252,.T.);
#254=CARTESIAN_POINT('',(1412.9,-746.797056275,0.));
#255=VERTEX_POINT('',#254);
#256=CARTESIAN_POINT('',(1412.9,-765.202943725,0.));
#257=DIRECTION('',(0.,1.,0.));
#258=VECTOR('',#257,18.40588745);
#259=LINE('',#256,#258);
#260=EDGE_CURVE('',#247,#255,#259,.T.);
#261=ORIENTED_EDGE('',*,*,#260,.T.);
#262=CARTESIAN_POINT('',(1412.9,-746.797056275,0.));
#263=DIRECTION('',(-0.707106781,0.707106781,0.));
#264=VECTOR('',#263,5.228427125);
#265=LINE('',#262,#264);
#266=EDGE_CURVE('',#255,#205,#265,.T.);
#267=ORIENTED_EDGE('',*,*,#266,.T.);
#268=EDGE_LOOP('',(#213,#221,#229,#237,#245,#253,#261,#267));
#269=FACE_BOUND('',#268,.T.);
#270=CARTESIAN_POINT('',(1409.202943725,-771.1,0.));
#271=VERTEX_POINT('',#270);
#272=CARTESIAN_POINT('',(1390.797056275,-771.1,0.));
#273=VERTEX_POINT('',#272);
#274=CARTESIAN_POINT('',(1409.202943725,-771.1,0.));
#275=DIRECTION('',(-1.,-0.,0.));
#276=VECTOR('',#275,18.40588745);
#277=LINE('',#274,#276);
#278=EDGE_CURVE('',#271,#273,#277,.T.);
#279=ORIENTED_EDGE('',*,*,#278,.T.);
#280=CARTESIAN_POINT('',(1387.1,-774.797056275,0.));
#281=VERTEX_POINT('',#280);
#282=CARTESIAN_POINT('',(1390.797056275,-771.1,0.));
#283=DIRECTION('',(-0.707106781,-0.707106781,0.));
#284=VECTOR('',#283,5.228427125);
#285=LINE('',#282,#284);
#286=EDGE_CURVE('',#273,#281,#285,.T.);
#287=ORIENTED_EDGE('',*,*,#286,.T.);
#288=CARTESIAN_POINT('',(1387.1,-793.202943725,0.));
#289=VERTEX_POINT('',#288);
#290=CARTESIAN_POINT('',(1387.1,-774.797056275,0.));
#291=DIRECTION('',(-0.,-1.,-0.));
#292=VECTOR('',#291,18.40588745);
#293=LINE('',#290,#292);
#294=EDGE_CURVE('',#281,#289,#293,.T.);
#295=ORIENTED_EDGE('',*,*,#294,.T.);
#296=CARTESIAN_POINT('',(1390.797056275,-796.9,0.));
#297=VERTEX_POINT('',#296);
#298=CARTESIAN_POINT('',(1387.1,-793.202943725,0.));
#299=DIRECTION('',(0.707106781,-0.707106781,0.));
#300=VECTOR('',#299,5.228427125);
#301=LINE('',#298,#300);
#302=EDGE_CURVE('',#289,#297,#301,.T.);
#303=ORIENTED_EDGE('',*,*,#302,.T.);
#304=CARTESIAN_POINT('',(1409.202943725,-796.9,0.));
#305=VERTEX_POINT('',#304);
#306=CARTESIAN_POINT('',(1390.797056275,-796.9,0.));
#307=DIRECTION('',(1.,0.,-0.));
#308=VECTOR('',#307,18.40588745);
#309=LINE('',#306,#308);
#310=EDGE_CURVE('',#297,#305,#309,.T.);
#311=ORIENTED_EDGE('',*,*,#310,.T.);
#312=CARTESIAN_POINT('',(1412.9,-793.202943725,0.));
#313=VERTEX_POINT('',#312);
#314=CARTESIAN_POINT('',(1409.202943725,-796.9,0.));
#315=DIRECTION('',(0.707106781,0.707106781,0.));
#316=VECTOR('',#315,5.228427125);
#317=LINE('',#314,#316);
#318=EDGE_CURVE('',#305,#313,#317,.T.);
#319=ORIENTED_EDGE('',*,*,#318,.T.);
#320=CARTESIAN_POINT('',(1412.9,-774.797056275,0.));
#321=VERTEX_POINT('',#320);
#322=CARTESIAN_POINT('',(1412.9,-793.202943725,0.));
#323=DIRECTION('',(0.,1.,0.));
#324=VECTOR('',#323,18.40588745);
#325=LINE('',#322,#324);
#326=EDGE_CURVE('',#313,#321,#325,.T.);
#327=ORIENTED_EDGE('',*,*,#326,.T.);
#328=CARTESIAN_POINT('',(1412.9,-774.797056275,0.));
#329=DIRECTION('',(-0.707106781,0.707106781,0.));
#330=VECTOR('',#329,5.228427125);
#331=LINE('',#328,#330);
#332=EDGE_CURVE('',#321,#271,#331,.T.);
#333=ORIENTED_EDGE('',*,*,#332,.T.);
#334=EDGE_LOOP('',(#279,#287,#295,#303,#311,#319,#327,#333));
#335=FACE_BOUND('',#334,.T.);
#336=CARTESIAN_POINT('',(1409.202943725,-799.1,0.));
#337=VERTEX_POINT('',#336);
#338=CARTESIAN_POINT('',(1390.797056275,-799.1,0.));
#339=VERTEX_POINT('',#338);
#340=CARTESIAN_POINT('',(1409.202943725,-799.1,0.));
#341=DIRECTION('',(-1.,-0.,0.));
#342=VECTOR('',#341,18.40588745);
#343=LINE('',#340,#342);
#344=EDGE_CURVE('',#337,#339,#343,.T.);
#345=ORIENTED_EDGE('',*,*,#344,.T.);
#346=CARTESIAN_POINT('',(1387.1,-802.797056275,0.));
#347=VERTEX_POINT('',#346);
#348=CARTESIAN_POINT('',(1390.797056275,-799.1,0.));
#349=DIRECTION('',(-0.707106781,-0.707106781,0.));
#350=VECTOR('',#349,5.228427125);
#351=LINE('',#348,#350);
#352=EDGE_CURVE('',#339,#347,#351,.T.);
#353=ORIENTED_EDGE('',*,*,#352,.T.);
#354=CARTESIAN_POINT('',(1387.1,-821.202943725,0.));
#355=VERTEX_POINT('',#354);
#356=CARTESIAN_POINT('',(1387.1,-802.797056275,0.));
#357=DIRECTION('',(-0.,-1.,-0.));
#358=VECTOR('',#357,18.40588745);
#359=LINE('',#356,#358);
#360=EDGE_CURVE('',#347,#355,#359,.T.);
#361=ORIENTED_EDGE('',*,*,#360,.T.);
#362=CARTESIAN_POINT('',(1390.797056275,-824.9,0.));
#363=VERTEX_POINT('',#362);
#364=CARTESIAN_POINT('',(1387.1,-821.202943725,0.));
#365=DIRECTION('',(0.707106781,-0.707106781,0.));
#366=VECTOR('',#365,5.228427125);
#367=LINE('',#364,#366);
#368=EDGE_CURVE('',#355,#363,#367,.T.);
#369=ORIENTED_EDGE('',*,*,#368,.T.);
#370=CARTESIAN_POINT('',(1409.202943725,-824.9,0.));
#371=VERTEX_POINT('',#370);
#372=CARTESIAN_POINT('',(1390.797056275,-824.9,0.));
#373=DIRECTION('',(1.,0.,-0.));
#374=VECTOR('',#373,18.40588745);
#375=LINE('',#372,#374);
#376=EDGE_CURVE('',#363,#371,#375,.T.);
#377=ORIENTED_EDGE('',*,*,#376,.T.);
#378=CARTESIAN_POINT('',(1412.9,-821.202943725,0.));
#379=VERTEX_POINT('',#378);
#380=CARTESIAN_POINT('',(1409.202943725,-824.9,0.));
#381=DIRECTION('',(0.707106781,0.707106781,0.));
#382=VECTOR('',#381,5.228427125);
#383=LINE('',#380,#382);
#384=EDGE_CURVE('',#371,#379,#383,.T.);
#385=ORIENTED_EDGE('',*,*,#384,.T.);
#386=CARTESIAN_POINT('',(1412.9,-802.797056275,0.));
#387=VERTEX_POINT('',#386);
#388=CARTESIAN_POINT('',(1412.9,-821.202943725,0.));
#389=DIRECTION('',(0.,1.,0.));
#390=VECTOR('',#389,18.40588745);
#391=LINE('',#388,#390);
#392=EDGE_CURVE('',#379,#387,#391,.T.);
#393=ORIENTED_EDGE('',*,*,#392,.T.);
#394=CARTESIAN_POINT('',(1412.9,-802.797056275,0.));
#395=DIRECTION('',(-0.707106781,0.707106781,0.));
#396=VECTOR('',#395,5.228427125);
#397=LINE('',#394,#396);
#398=EDGE_CURVE('',#387,#337,#397,.T.);
#399=ORIENTED_EDGE('',*,*,#398,.T.);
#400=EDGE_LOOP('',(#345,#353,#361,#369,#377,#385,#393,#399));
#401=FACE_BOUND('',#400,.T.);
#402=CARTESIAN_POINT('',(1409.202943725,-883.1,0.));
#403=VERTEX_POINT('',#402);
#404=CARTESIAN_POINT('',(1390.797056275,-883.1,0.));
#405=VERTEX_POINT('',#404);
#406=CARTESIAN_POINT('',(1409.202943725,-883.1,0.));
#407=DIRECTION('',(-1.,-0.,0.));
#408=VECTOR('',#407,18.40588745);
#409=LINE('',#406,#408);
#410=EDGE_CURVE('',#403,#405,#409,.T.);
#411=ORIENTED_EDGE('',*,*,#410,.T.);
#412=CARTESIAN_POINT('',(1387.1,-886.797056275,0.));
#413=VERTEX_POINT('',#412);
#414=CARTESIAN_POINT('',(1390.797056275,-883.1,0.));
#415=DIRECTION('',(-0.707106781,-0.707106781,0.));
#416=VECTOR('',#415,5.228427125);
#417=LINE('',#414,#416);
#418=EDGE_CURVE('',#405,#413,#417,.T.);
#419=ORIENTED_EDGE('',*,*,#418,.T.);
#420=CARTESIAN_POINT('',(1387.1,-905.202943725,0.));
#421=VERTEX_POINT('',#420);
#422=CARTESIAN_POINT('',(1387.1,-886.797056275,0.));
#423=DIRECTION('',(-0.,-1.,-0.));
#424=VECTOR('',#423,18.40588745);
#425=LINE('',#422,#424);
#426=EDGE_CURVE('',#413,#421,#425,.T.);
#427=ORIENTED_EDGE('',*,*,#426,.T.);
#428=CARTESIAN_POINT('',(1390.797056275,-908.9,0.));
#429=VERTEX_POINT('',#428);
#430=CARTESIAN_POINT('',(1387.1,-905.202943725,0.));
#431=DIRECTION('',(0.707106781,-0.707106781,0.));
#432=VECTOR('',#431,5.228427125);
#433=LINE('',#430,#432);
#434=EDGE_CURVE('',#421,#429,#433,.T.);
#435=ORIENTED_EDGE('',*,*,#434,.T.);
#436=CARTESIAN_POINT('',(1409.202943725,-908.9,0.));
#437=VERTEX_POINT('',#436);
#438=CARTESIAN_POINT('',(1390.797056275,-908.9,0.));
#439=DIRECTION('',(1.,0.,-0.));
#440=VECTOR('',#439,18.40588745);
#441=LINE('',#438,#440);
#442=EDGE_CURVE('',#429,#437,#441,.T.);
#443=ORIENTED_EDGE('',*,*,#442,.T.);
#444=CARTESIAN_POINT('',(1412.9,-905.202943725,0.));
#445=VERTEX_POINT('',#444);
#446=CARTESIAN_POINT('',(1409.202943725,-908.9,0.));
#447=DIRECTION('',(0.707106781,0.707106781,0.));
#448=VECTOR('',#447,5.228427125);
#449=LINE('',#446,#448);
#450=EDGE_CURVE('',#437,#445,#449,.T.);
#451=ORIENTED_EDGE('',*,*,#450,.T.);
#452=CARTESIAN_POINT('',(1412.9,-886.797056275,0.));
#453=VERTEX_POINT('',#452);
#454=CARTESIAN_POINT('',(1412.9,-905.202943725,0.));
#455=DIRECTION('',(0.,1.,0.));
#456=VECTOR('',#455,18.40588745);
#457=LINE('',#454,#456);
#458=EDGE_CURVE('',#445,#453,#457,.T.);
#459=ORIENTED_EDGE('',*,*,#458,.T.);
#460=CARTESIAN_POINT('',(1412.9,-886.797056275,0.));
#461=DIRECTION('',(-0.707106781,0.707106781,0.));
#462=VECTOR('',#461,5.228427125);
#463=LINE('',#460,#462);
#464=EDGE_CURVE('',#453,#403,#463,.T.);
#465=ORIENTED_EDGE('',*,*,#464,.T.);
#466=EDGE_LOOP('',(#411,#419,#427,#435,#443,#451,#459,#465));
#467=FACE_BOUND('',#466,.T.);
#468=CARTESIAN_POINT('',(1437.202943725,-715.1,0.));
#469=VERTEX_POINT('',#468);
#470=CARTESIAN_POINT('',(1418.797056275,-715.1,0.));
#471=VERTEX_POINT('',#470);
#472=CARTESIAN_POINT('',(1437.202943725,-715.1,0.));
#473=DIRECTION('',(-1.,-0.,0.));
#474=VECTOR('',#473,18.40588745);
#475=LINE('',#472,#474);
#476=EDGE_CURVE('',#469,#471,#475,.T.);
#477=ORIENTED_EDGE('',*,*,#476,.T.);
#478=CARTESIAN_POINT('',(1415.1,-718.797056275,0.));
#479=VERTEX_POINT('',#478);
#480=CARTESIAN_POINT('',(1418.797056275,-715.1,0.));
#481=DIRECTION('',(-0.707106781,-0.707106781,0.));
#482=VECTOR('',#481,5.228427125);
#483=LINE('',#480,#482);
#484=EDGE_CURVE('',#471,#479,#483,.T.);
#485=ORIENTED_EDGE('',*,*,#484,.T.);
#486=CARTESIAN_POINT('',(1415.1,-737.202943725,0.));
#487=VERTEX_POINT('',#486);
#488=CARTESIAN_POINT('',(1415.1,-718.797056275,0.));
#489=DIRECTION('',(-0.,-1.,-0.));
#490=VECTOR('',#489,18.40588745);
#491=LINE('',#488,#490);
#492=EDGE_CURVE('',#479,#487,#491,.T.);
#493=ORIENTED_EDGE('',*,*,#492,.T.);
#494=CARTESIAN_POINT('',(1418.797056275,-740.9,0.));
#495=VERTEX_POINT('',#494);
#496=CARTESIAN_POINT('',(1415.1,-737.202943725,0.));
#497=DIRECTION('',(0.707106781,-0.707106781,0.));
#498=VECTOR('',#497,5.228427125);
#499=LINE('',#496,#498);
#500=EDGE_CURVE('',#487,#495,#499,.T.);
#501=ORIENTED_EDGE('',*,*,#500,.T.);
#502=CARTESIAN_POINT('',(1437.202943725,-740.9,0.));
#503=VERTEX_POINT('',#502);
#504=CARTESIAN_POINT('',(1418.797056275,-740.9,0.));
#505=DIRECTION('',(1.,0.,-0.));
#506=VECTOR('',#505,18.40588745);
#507=LINE('',#504,#506);
#508=EDGE_CURVE('',#495,#503,#507,.T.);
#509=ORIENTED_EDGE('',*,*,#508,.T.);
#510=CARTESIAN_POINT('',(1440.9,-737.202943725,0.));
#511=VERTEX_POINT('',#510);
#512=CARTESIAN_POINT('',(1437.202943725,-740.9,0.));
#513=DIRECTION('',(0.707106781,0.707106781,0.));
#514=VECTOR('',#513,5.228427125);
#515=LINE('',#512,#514);
#516=EDGE_CURVE('',#503,#511,#515,.T.);
#517=ORIENTED_EDGE('',*,*,#516,.T.);
#518=CARTESIAN_POINT('',(1440.9,-718.797056275,0.));
#519=VERTEX_POINT('',#518);
#520=CARTESIAN_POINT('',(1440.9,-737.202943725,0.));
#521=DIRECTION('',(0.,1.,0.));
#522=VECTOR('',#521,18.40588745);
#523=LINE('',#520,#522);
#524=EDGE_CURVE('',#511,#519,#523,.T.);
#525=ORIENTED_EDGE('',*,*,#524,.T.);
#526=CARTESIAN_POINT('',(1440.9,-718.797056275,0.));
#527=DIRECTION('',(-0.707106781,0.707106781,0.));
#528=VECTOR('',#527,5.228427125);
#529=LINE('',#526,#528);
#530=EDGE_CURVE('',#519,#469,#529,.T.);
#531=ORIENTED_EDGE('',*,*,#530,.T.);
#532=EDGE_LOOP('',(#477,#485,#493,#501,#509,#517,#525,#531));
#533=FACE_BOUND('',#532,.T.);
#534=CARTESIAN_POINT('',(1437.202943725,-743.1,0.));
#535=VERTEX_POINT('',#534);
#536=CARTESIAN_POINT('',(1418.797056275,-743.1,0.));
#537=VERTEX_POINT('',#536);
#538=CARTESIAN_POINT('',(1437.202943725,-743.1,0.));
#539=DIRECTION('',(-1.,-0.,0.));
#540=VECTOR('',#539,18.40588745);
#541=LINE('',#538,#540);
#542=EDGE_CURVE('',#535,#537,#541,.T.);
#543=ORIENTED_EDGE('',*,*,#542,.T.);
#544=CARTESIAN_POINT('',(1415.1,-746.797056275,0.));
#545=VERTEX_POINT('',#544);
#546=CARTESIAN_POINT('',(1418.797056275,-743.1,0.));
#547=DIRECTION('',(-0.707106781,-0.707106781,0.));
#548=VECTOR('',#547,5.228427125);
#549=LINE('',#546,#548);
#550=EDGE_CURVE('',#537,#545,#549,.T.);
#551=ORIENTED_EDGE('',*,*,#550,.T.);
#552=CARTESIAN_POINT('',(1415.1,-765.202943725,0.));
#553=VERTEX_POINT('',#552);
#554=CARTESIAN_POINT('',(1415.1,-746.797056275,0.));
#555=DIRECTION('',(-0.,-1.,-0.));
#556=VECTOR('',#555,18.40588745);
#557=LINE('',#554,#556);
#558=EDGE_CURVE('',#545,#553,#557,.T.);
#559=ORIENTED_EDGE('',*,*,#558,.T.);
#560=CARTESIAN_POINT('',(1418.797056275,-768.9,0.));
#561=VERTEX_POINT('',#560);
#562=CARTESIAN_POINT('',(1415.1,-765.202943725,0.));
#563=DIRECTION('',(0.707106781,-0.707106781,0.));
#564=VECTOR('',#563,5.228427125);
#565=LINE('',#562,#564);
#566=EDGE_CURVE('',#553,#561,#565,.T.);
#567=ORIENTED_EDGE('',*,*,#566,.T.);
#568=CARTESIAN_POINT('',(1437.202943725,-768.9,0.));
#569=VERTEX_POINT('',#568);
#570=CARTESIAN_POINT('',(1418.797056275,-768.9,0.));
#571=DIRECTION('',(1.,0.,-0.));
#572=VECTOR('',#571,18.40588745);
#573=LINE('',#570,#572);
#574=EDGE_CURVE('',#561,#569,#573,.T.);
#575=ORIENTED_EDGE('',*,*,#574,.T.);
#576=CARTESIAN_POINT('',(1440.9,-765.202943725,0.));
#577=VERTEX_POINT('',#576);
#578=CARTESIAN_POINT('',(1437.202943725,-768.9,0.));
#579=DIRECTION('',(0.707106781,0.707106781,0.));
#580=VECTOR('',#579,5.228427125);
#581=LINE('',#578,#580);
#582=EDGE_CURVE('',#569,#577,#581,.T.);
#583=ORIENTED_EDGE('',*,*,#582,.T.);
#584=CARTESIAN_POINT('',(1440.9,-746.797056275,0.));
#585=VERTEX_POINT('',#584);
#586=CARTESIAN_POINT('',(1440.9,-765.202943725,0.));
#587=DIRECTION('',(0.,1.,0.));
#588=VECTOR('',#587,18.40588745);
#589=LINE('',#586,#588);
#590=EDGE_CURVE('',#577,#585,#589,.T.);
#591=ORIENTED_EDGE('',*,*,#590,.T.);
#592=CARTESIAN_POINT('',(1440.9,-746.797056275,0.));
#593=DIRECTION('',(-0.707106781,0.707106781,0.));
#594=VECTOR('',#593,5.228427125);
#595=LINE('',#592,#594);
#596=EDGE_CURVE('',#585,#535,#595,.T.);
#597=ORIENTED_EDGE('',*,*,#596,.T.);
#598=EDGE_LOOP('',(#543,#551,#559,#567,#575,#583,#591,#597));
#599=FACE_BOUND('',#598,.T.);
#600=CARTESIAN_POINT('',(1437.202943725,-771.1,0.));
#601=VERTEX_POINT('',#600);
#602=CARTESIAN_POINT('',(1418.797056275,-771.1,0.));
#603=VERTEX_POINT('',#602);
#604=CARTESIAN_POINT('',(1437.202943725,-771.1,0.));
#605=DIRECTION('',(-1.,-0.,0.));
#606=VECTOR('',#605,18.40588745);
#607=LINE('',#604,#606);
#608=EDGE_CURVE('',#601,#603,#607,.T.);
#609=ORIENTED_EDGE('',*,*,#608,.T.);
#610=CARTESIAN_POINT('',(1415.1,-774.797056275,0.));
#611=VERTEX_POINT('',#610);
#612=CARTESIAN_POINT('',(1418.797056275,-771.1,0.));
#613=DIRECTION('',(-0.707106781,-0.707106781,0.));
#614=VECTOR('',#613,5.228427125);
#615=LINE('',#612,#614);
#616=EDGE_CURVE('',#603,#611,#615,.T.);
#617=ORIENTED_EDGE('',*,*,#616,.T.);
#618=CARTESIAN_POINT('',(1415.1,-793.202943725,0.));
#619=VERTEX_POINT('',#618);
#620=CARTESIAN_POINT('',(1415.1,-774.797056275,0.));
#621=DIRECTION('',(-0.,-1.,-0.));
#622=VECTOR('',#621,18.40588745);
#623=LINE('',#620,#622);
#624=EDGE_CURVE('',#611,#619,#623,.T.);
#625=ORIENTED_EDGE('',*,*,#624,.T.);
#626=CARTESIAN_POINT('',(1418.797056275,-796.9,0.));
#627=VERTEX_POINT('',#626);
#628=CARTESIAN_POINT('',(1415.1,-793.202943725,0.));
#629=DIRECTION('',(0.707106781,-0.707106781,0.));
#630=VECTOR('',#629,5.228427125);
#631=LINE('',#628,#630);
#632=EDGE_CURVE('',#619,#627,#631,.T.);
#633=ORIENTED_EDGE('',*,*,#632,.T.);
#634=CARTESIAN_POINT('',(1437.202943725,-796.9,0.));
#635=VERTEX_POINT('',#634);
#636=CARTESIAN_POINT('',(1418.797056275,-796.9,0.));
#637=DIRECTION('',(1.,0.,-0.));
#638=VECTOR('',#637,18.40588745);
#639=LINE('',#636,#638);
#640=EDGE_CURVE('',#627,#635,#639,.T.);
#641=ORIENTED_EDGE('',*,*,#640,.T.);
#642=CARTESIAN_POINT('',(1440.9,-793.202943725,0.));
#643=VERTEX_POINT('',#642);
#644=CARTESIAN_POINT('',(1437.202943725,-796.9,0.));
#645=DIRECTION('',(0.707106781,0.707106781,0.));
#646=VECTOR('',#645,5.228427125);
#647=LINE('',#644,#646);
#648=EDGE_CURVE('',#635,#643,#647,.T.);
#649=ORIENTED_EDGE('',*,*,#648,.T.);
#650=CARTESIAN_POINT('',(1440.9,-774.797056275,0.));
#651=VERTEX_POINT('',#650);
#652=CARTESIAN_POINT('',(1440.9,-793.202943725,0.));
#653=DIRECTION('',(0.,1.,0.));
#654=VECTOR('',#653,18.40588745);
#655=LINE('',#652,#654);
#656=EDGE_CURVE('',#643,#651,#655,.T.);
#657=ORIENTED_EDGE('',*,*,#656,.T.);
#658=CARTESIAN_POINT('',(1440.9,-774.797056275,0.));
#659=DIRECTION('',(-0.707106781,0.707106781,0.));
#660=VECTOR('',#659,5.228427125);
#661=LINE('',#658,#660);
#662=EDGE_CURVE('',#651,#601,#661,.T.);
#663=ORIENTED_EDGE('',*,*,#662,.T.);
#664=EDGE_LOOP('',(#609,#617,#625,#633,#641,#649,#657,#663));
#665=FACE_BOUND('',#664,.T.);
#666=CARTESIAN_POINT('',(1437.202943725,-799.1,0.));
#667=VERTEX_POINT('',#666);
#668=CARTESIAN_POINT('',(1418.797056275,-799.1,0.));
#669=VERTEX_POINT('',#668);
#670=CARTESIAN_POINT('',(1437.202943725,-799.1,0.));
#671=DIRECTION('',(-1.,-0.,0.));
#672=VECTOR('',#671,18.40588745);
#673=LINE('',#670,#672);
#674=EDGE_CURVE('',#667,#669,#673,.T.);
#675=ORIENTED_EDGE('',*,*,#674,.T.);
#676=CARTESIAN_POINT('',(1415.1,-802.797056275,0.));
#677=VERTEX_POINT('',#676);
#678=CARTESIAN_POINT('',(1418.797056275,-799.1,0.));
#679=DIRECTION('',(-0.707106781,-0.707106781,0.));
#680=VECTOR('',#679,5.228427125);
#681=LINE('',#678,#680);
#682=EDGE_CURVE('',#669,#677,#681,.T.);
#683=ORIENTED_EDGE('',*,*,#682,.T.);
#684=CARTESIAN_POINT('',(1415.1,-821.202943725,0.));
#685=VERTEX_POINT('',#684);
#686=CARTESIAN_POINT('',(1415.1,-802.797056275,0.));
#687=DIRECTION('',(-0.,-1.,-0.));
#688=VECTOR('',#687,18.40588745);
#689=LINE('',#686,#688);
#690=EDGE_CURVE('',#677,#685,#689,.T.);
#691=ORIENTED_EDGE('',*,*,#690,.T.);
#692=CARTESIAN_POINT('',(1418.797056275,-824.9,0.));
#693=VERTEX_POINT('',#692);
#694=CARTESIAN_POINT('',(1415.1,-821.202943725,0.));
#695=DIRECTION('',(0.707106781,-0.707106781,0.));
#696=VECTOR('',#695,5.228427125);
#697=LINE('',#694,#696);
#698=EDGE_CURVE('',#685,#693,#697,.T.);
#699=ORIENTED_EDGE('',*,*,#698,.T.);
#700=CARTESIAN_POINT('',(1437.202943725,-824.9,0.));
#701=VERTEX_POINT('',#700);
#702=CARTESIAN_POINT('',(1418.797056275,-824.9,0.));
#703=DIRECTION('',(1.,0.,-0.));
#704=VECTOR('',#703,18.40588745);
#705=LINE('',#702,#704);
#706=EDGE_CURVE('',#693,#701,#705,.T.);
#707=ORIENTED_EDGE('',*,*,#706,.T.);
#708=CARTESIAN_POINT('',(1440.9,-821.202943725,0.));
#709=VERTEX_POINT('',#708);
#710=CARTESIAN_POINT('',(1437.202943725,-824.9,0.));
#711=DIRECTION('',(0.707106781,0.707106781,0.));
#712=VECTOR('',#711,5.228427125);
#713=LINE('',#710,#712);
#714=EDGE_CURVE('',#701,#709,#713,.T.);
#715=ORIENTED_EDGE('',*,*,#714,.T.);
#716=CARTESIAN_POINT('',(1440.9,-802.797056275,0.));
#717=VERTEX_POINT('',#716);
#718=CARTESIAN_POINT('',(1440.9,-821.202943725,0.));
#719=DIRECTION('',(0.,1.,0.));
#720=VECTOR('',#719,18.40588745);
#721=LINE('',#718,#720);
#722=EDGE_CURVE('',#709,#717,#721,.T.);
#723=ORIENTED_EDGE('',*,*,#722,.T.);
#724=CARTESIAN_POINT('',(1440.9,-802.797056275,0.));
#725=DIRECTION('',(-0.707106781,0.707106781,0.));
#726=VECTOR('',#725,5.228427125);
#727=LINE('',#724,#726);
#728=EDGE_CURVE('',#717,#667,#727,.T.);
#729=ORIENTED_EDGE('',*,*,#728,.T.);
#730=EDGE_LOOP('',(#675,#683,#691,#699,#707,#715,#723,#729));
#731=FACE_BOUND('',#730,.T.);
#732=CARTESIAN_POINT('',(1437.202943725,-883.1,0.));
#733=VERTEX_POINT('',#732);
#734=CARTESIAN_POINT('',(1418.797056275,-883.1,0.));
#735=VERTEX_POINT('',#734);
#736=CARTESIAN_POINT('',(1437.202943725,-883.1,0.));
#737=DIRECTION('',(-1.,-0.,0.));
#738=VECTOR('',#737,18.40588745);
#739=LINE('',#736,#738);
#740=EDGE_CURVE('',#733,#735,#739,.T.);
#741=ORIENTED_EDGE('',*,*,#740,.T.);
#742=CARTESIAN_POINT('',(1415.1,-886.797056275,0.));
#743=VERTEX_POINT('',#742);
#744=CARTESIAN_POINT('',(1418.797056275,-883.1,0.));
#745=DIRECTION('',(-0.707106781,-0.707106781,0.));
#746=VECTOR('',#745,5.228427125);
#747=LINE('',#744,#746);
#748=EDGE_CURVE('',#735,#743,#747,.T.);
#749=ORIENTED_EDGE('',*,*,#748,.T.);
#750=CARTESIAN_POINT('',(1415.1,-905.202943725,0.));
#751=VERTEX_POINT('',#750);
#752=CARTESIAN_POINT('',(1415.1,-886.797056275,0.));
#753=DIRECTION('',(-0.,-1.,-0.));
#754=VECTOR('',#753,18.40588745);
#755=LINE('',#752,#754);
#756=EDGE_CURVE('',#743,#751,#755,.T.);
#757=ORIENTED_EDGE('',*,*,#756,.T.);
#758=CARTESIAN_POINT('',(1418.797056275,-908.9,0.));
#759=VERTEX_POINT('',#758);
#760=CARTESIAN_POINT('',(1415.1,-905.202943725,0.));
#761=DIRECTION('',(0.707106781,-0.707106781,0.));
#762=VECTOR('',#761,5.228427125);
#763=LINE('',#760,#762);
#764=EDGE_CURVE('',#751,#759,#763,.T.);
#765=ORIENTED_EDGE('',*,*,#764,.T.);
#766=CARTESIAN_POINT('',(1437.202943725,-908.9,0.));
#767=VERTEX_POINT('',#766);
#768=CARTESIAN_POINT('',(1418.797056275,-908.9,0.));
#769=DIRECTION('',(1.,0.,-0.));
#770=VECTOR('',#769,18.40588745);
#771=LINE('',#768,#770);
#772=EDGE_CURVE('',#759,#767,#771,.T.);
#773=ORIENTED_EDGE('',*,*,#772,.T.);
#774=CARTESIAN_POINT('',(1440.9,-905.202943725,0.));
#775=VERTEX_POINT('',#774);
#776=CARTESIAN_POINT('',(1437.202943725,-908.9,0.));
#777=DIRECTION('',(0.707106781,0.707106781,0.));
#778=VECTOR('',#777,5.228427125);
#779=LINE('',#776,#778);
#780=EDGE_CURVE('',#767,#775,#779,.T.);
#781=ORIENTED_EDGE('',*,*,#780,.T.);
#782=CARTESIAN_POINT('',(1440.9,-886.797056275,0.));
#783=VERTEX_POINT('',#782);
#784=CARTESIAN_POINT('',(1440.9,-905.202943725,0.));
#785=DIRECTION('',(0.,1.,0.));
#786=VECTOR('',#785,18.40588745);
#787=LINE('',#784,#786);
#788=EDGE_CURVE('',#775,#783,#787,.T.);
#789=ORIENTED_EDGE('',*,*,#788,.T.);
#790=CARTESIAN_POINT('',(1440.9,-886.797056275,0.));
#791=DIRECTION('',(-0.707106781,0.707106781,0.));
#792=VECTOR('',#791,5.228427125);
#793=LINE('',#790,#792);
#794=EDGE_CURVE('',#783,#733,#793,.T.);
#795=ORIENTED_EDGE('',*,*,#794,.T.);
#796=EDGE_LOOP('',(#741,#749,#757,#765,#773,#781,#789,#795));
#797=FACE_BOUND('',#796,.T.);
#798=CARTESIAN_POINT('',(1409.202943725,-827.1,0.));
#799=VERTEX_POINT('',#798);
#800=CARTESIAN_POINT('',(1390.797056275,-827.1,0.));
#801=VERTEX_POINT('',#800);
#802=CARTESIAN_POINT('',(1409.202943725,-827.1,0.));
#803=DIRECTION('',(-1.,-0.,0.));
#804=VECTOR('',#803,18.40588745);
#805=LINE('',#802,#804);
#806=EDGE_CURVE('',#799,#801,#805,.T.);
#807=ORIENTED_EDGE('',*,*,#806,.T.);
#808=CARTESIAN_POINT('',(1387.1,-830.797056275,0.));
#809=VERTEX_POINT('',#808);
#810=CARTESIAN_POINT('',(1390.797056275,-827.1,0.));
#811=DIRECTION('',(-0.707106781,-0.707106781,0.));
#812=VECTOR('',#811,5.228427125);
#813=LINE('',#810,#812);
#814=EDGE_CURVE('',#801,#809,#813,.T.);
#815=ORIENTED_EDGE('',*,*,#814,.T.);
#816=CARTESIAN_POINT('',(1387.1,-849.202943725,0.));
#817=VERTEX_POINT('',#816);
#818=CARTESIAN_POINT('',(1387.1,-830.797056275,0.));
#819=DIRECTION('',(-0.,-1.,-0.));
#820=VECTOR('',#819,18.40588745);
#821=LINE('',#818,#820);
#822=EDGE_CURVE('',#809,#817,#821,.T.);
#823=ORIENTED_EDGE('',*,*,#822,.T.);
#824=CARTESIAN_POINT('',(1390.797056275,-852.9,0.));
#825=VERTEX_POINT('',#824);
#826=CARTESIAN_POINT('',(1387.1,-849.202943725,0.));
#827=DIRECTION('',(0.707106781,-0.707106781,0.));
#828=VECTOR('',#827,5.228427125);
#829=LINE('',#826,#828);
#830=EDGE_CURVE('',#817,#825,#829,.T.);
#831=ORIENTED_EDGE('',*,*,#830,.T.);
#832=CARTESIAN_POINT('',(1409.202943725,-852.9,0.));
#833=VERTEX_POINT('',#832);
#834=CARTESIAN_POINT('',(1390.797056275,-852.9,0.));
#835=DIRECTION('',(1.,0.,-0.));
#836=VECTOR('',#835,18.40588745);
#837=LINE('',#834,#836);
#838=EDGE_CURVE('',#825,#833,#837,.T.);
#839=ORIENTED_EDGE('',*,*,#838,.T.);
#840=CARTESIAN_POINT('',(1412.9,-849.202943725,0.));
#841=VERTEX_POINT('',#840);
#842=CARTESIAN_POINT('',(1409.202943725,-852.9,0.));
#843=DIRECTION('',(0.707106781,0.707106781,0.));
#844=VECTOR('',#843,5.228427125);
#845=LINE('',#842,#844);
#846=EDGE_CURVE('',#833,#841,#845,.T.);
#847=ORIENTED_EDGE('',*,*,#846,.T.);
#848=CARTESIAN_POINT('',(1412.9,-830.797056275,0.));
#849=VERTEX_POINT('',#848);
#850=CARTESIAN_POINT('',(1412.9,-849.202943725,0.));
#851=DIRECTION('',(0.,1.,0.));
#852=VECTOR('',#851,18.40588745);
#853=LINE('',#850,#852);
#854=EDGE_CURVE('',#841,#849,#853,.T.);
#855=ORIENTED_EDGE('',*,*,#854,.T.);
#856=CARTESIAN_POINT('',(1412.9,-830.797056275,0.));
#857=DIRECTION('',(-0.707106781,0.707106781,0.));
#858=VECTOR('',#857,5.228427125);
#859=LINE('',#856,#858);
#860=EDGE_CURVE('',#849,#799,#859,.T.);
#861=ORIENTED_EDGE('',*,*,#860,.T.);
#862=EDGE_LOOP('',(#807,#815,#823,#831,#839,#847,#855,#861));
#863=FACE_BOUND('',#862,.T.);
#864=CARTESIAN_POINT('',(1437.202943725,-827.1,0.));
#865=VERTEX_POINT('',#864);
#866=CARTESIAN_POINT('',(1418.797056275,-827.1,0.));
#867=VERTEX_POINT('',#866);
#868=CARTESIAN_POINT('',(1437.202943725,-827.1,0.));
#869=DIRECTION('',(-1.,-0.,0.));
#870=VECTOR('',#869,18.40588745);
#871=LINE('',#868,#870);
#872=EDGE_CURVE('',#865,#867,#871,.T.);
#873=ORIENTED_EDGE('',*,*,#872,.T.);
#874=CARTESIAN_POINT('',(1415.1,-830.797056275,0.));
#875=VERTEX_POINT('',#874);
#876=CARTESIAN_POINT('',(1418.797056275,-827.1,0.));
#877=DIRECTION('',(-0.707106781,-0.707106781,0.));
#878=VECTOR('',#877,5.228427125);
#879=LINE('',#876,#878);
#880=EDGE_CURVE('',#867,#875,#879,.T.);
#881=ORIENTED_EDGE('',*,*,#880,.T.);
#882=CARTESIAN_POINT('',(1415.1,-849.202943725,0.));
#883=VERTEX_POINT('',#882);
#884=CARTESIAN_POINT('',(1415.1,-830.797056275,0.));
#885=DIRECTION('',(-0.,-1.,-0.));
#886=VECTOR('',#885,18.40588745);
#887=LINE('',#884,#886);
#888=EDGE_CURVE('',#875,#883,#887,.T.);
#889=ORIENTED_EDGE('',*,*,#888,.T.);
#890=CARTESIAN_POINT('',(1418.797056275,-852.9,0.));
#891=VERTEX_POINT('',#890);
#892=CARTESIAN_POINT('',(1415.1,-849.202943725,0.));
#893=DIRECTION('',(0.707106781,-0.707106781,0.));
#894=VECTOR('',#893,5.228427125);
#895=LINE('',#892,#894);
#896=EDGE_CURVE('',#883,#891,#895,.T.);
#897=ORIENTED_EDGE('',*,*,#896,.T.);
#898=CARTESIAN_POINT('',(1437.202943725,-852.9,0.));
#899=VERTEX_POINT('',#898);
#900=CARTESIAN_POINT('',(1418.797056275,-852.9,0.));
#901=DIRECTION('',(1.,0.,-0.));
#902=VECTOR('',#901,18.40588745);
#903=LINE('',#900,#902);
#904=EDGE_CURVE('',#891,#899,#903,.T.);
#905=ORIENTED_EDGE('',*,*,#904,.T.);
#906=CARTESIAN_POINT('',(1440.9,-849.202943725,0.));
#907=VERTEX_POINT('',#906);
#908=CARTESIAN_POINT('',(1437.202943725,-852.9,0.));
#909=DIRECTION('',(0.707106781,0.707106781,0.));
#910=VECTOR('',#909,5.228427125);
#911=LINE('',#908,#910);
#912=EDGE_CURVE('',#899,#907,#911,.T.);
#913=ORIENTED_EDGE('',*,*,#912,.T.);
#914=CARTESIAN_POINT('',(1440.9,-830.797056275,0.));
#915=VERTEX_POINT('',#914);
#916=CARTESIAN_POINT('',(1440.9,-849.202943725,0.));
#917=DIRECTION('',(0.,1.,0.));
#918=VECTOR('',#917,18.40588745);
#919=LINE('',#916,#918);
#920=EDGE_CURVE('',#907,#915,#919,.T.);
#921=ORIENTED_EDGE('',*,*,#920,.T.);
#922=CARTESIAN_POINT('',(1440.9,-830.797056275,0.));
#923=DIRECTION('',(-0.707106781,0.707106781,0.));
#924=VECTOR('',#923,5.228427125);
#925=LINE('',#922,#924);
#926=EDGE_CURVE('',#915,#865,#925,.T.);
#927=ORIENTED_EDGE('',*,*,#926,.T.);
#928=EDGE_LOOP('',(#873,#881,#889,#897,#905,#913,#921,#927));
#929=FACE_BOUND('',#928,.T.);
#930=CARTESIAN_POINT('',(1409.202943725,-855.1,0.));
#931=VERTEX_POINT('',#930);
#932=CARTESIAN_POINT('',(1390.797056275,-855.1,0.));
#933=VERTEX_POINT('',#932);
#934=CARTESIAN_POINT('',(1409.202943725,-855.1,0.));
#935=DIRECTION('',(-1.,-0.,0.));
#936=VECTOR('',#935,18.40588745);
#937=LINE('',#934,#936);
#938=EDGE_CURVE('',#931,#933,#937,.T.);
#939=ORIENTED_EDGE('',*,*,#938,.T.);
#940=CARTESIAN_POINT('',(1387.1,-858.797056275,0.));
#941=VERTEX_POINT('',#940);
#942=CARTESIAN_POINT('',(1390.797056275,-855.1,0.));
#943=DIRECTION('',(-0.707106781,-0.707106781,0.));
#944=VECTOR('',#943,5.228427125);
#945=LINE('',#942,#944);
#946=EDGE_CURVE('',#933,#941,#945,.T.);
#947=ORIENTED_EDGE('',*,*,#946,.T.);
#948=CARTESIAN_POINT('',(1387.1,-877.202943725,0.));
#949=VERTEX_POINT('',#948);
#950=CARTESIAN_POINT('',(1387.1,-858.797056275,0.));
#951=DIRECTION('',(-0.,-1.,-0.));
#952=VECTOR('',#951,18.40588745);
#953=LINE('',#950,#952);
#954=EDGE_CURVE('',#941,#949,#953,.T.);
#955=ORIENTED_EDGE('',*,*,#954,.T.);
#956=CARTESIAN_POINT('',(1390.797056275,-880.9,0.));
#957=VERTEX_POINT('',#956);
#958=CARTESIAN_POINT('',(1387.1,-877.202943725,0.));
#959=DIRECTION('',(0.707106781,-0.707106781,0.));
#960=VECTOR('',#959,5.228427125);
#961=LINE('',#958,#960);
#962=EDGE_CURVE('',#949,#957,#961,.T.);
#963=ORIENTED_EDGE('',*,*,#962,.T.);
#964=CARTESIAN_POINT('',(1409.202943725,-880.9,0.));
#965=VERTEX_POINT('',#964);
#966=CARTESIAN_POINT('',(1390.797056275,-880.9,0.));
#967=DIRECTION('',(1.,0.,-0.));
#968=VECTOR('',#967,18.40588745);
#969=LINE('',#966,#968);
#970=EDGE_CURVE('',#957,#965,#969,.T.);
#971=ORIENTED_EDGE('',*,*,#970,.T.);
#972=CARTESIAN_POINT('',(1412.9,-877.202943725,0.));
#973=VERTEX_POINT('',#972);
#974=CARTESIAN_POINT('',(1409.202943725,-880.9,0.));
#975=DIRECTION('',(0.707106781,0.707106781,0.));
#976=VECTOR('',#975,5.228427125);
#977=LINE('',#974,#976);
#978=EDGE_CURVE('',#965,#973,#977,.T.);
#979=ORIENTED_EDGE('',*,*,#978,.T.);
#980=CARTESIAN_POINT('',(1412.9,-858.797056275,0.));
#981=VERTEX_POINT('',#980);
#982=CARTESIAN_POINT('',(1412.9,-877.202943725,0.));
#983=DIRECTION('',(0.,1.,0.));
#984=VECTOR('',#983,18.40588745);
#985=LINE('',#982,#984);
#986=EDGE_CURVE('',#973,#981,#985,.T.);
#987=ORIENTED_EDGE('',*,*,#986,.T.);
#988=CARTESIAN_POINT('',(1412.9,-858.797056275,0.));
#989=DIRECTION('',(-0.707106781,0.707106781,0.));
#990=VECTOR('',#989,5.228427125);
#991=LINE('',#988,#990);
#992=EDGE_CURVE('',#981,#931,#991,.T.);
#993=ORIENTED_EDGE('',*,*,#992,.T.);
#994=EDGE_LOOP('',(#939,#947,#955,#963,#971,#979,#987,#993));
#995=FACE_BOUND('',#994,.T.);
#996=CARTESIAN_POINT('',(1437.202943725,-855.1,0.));
#997=VERTEX_POINT('',#996);
#998=CARTESIAN_POINT('',(1418.797056275,-855.1,0.));
#999=VERTEX_POINT('',#998);
#1000=CARTESIAN_POINT('',(1437.202943725,-855.1,0.));
#1001=DIRECTION('',(-1.,-0.,0.));
#1002=VECTOR('',#1001,18.40588745);
#1003=LINE('',#1000,#1002);
#1004=EDGE_CURVE('',#997,#999,#1003,.T.);
#1005=ORIENTED_EDGE('',*,*,#1004,.T.);
#1006=CARTESIAN_POINT('',(1415.1,-858.797056275,0.));
#1007=VERTEX_POINT('',#1006);
#1008=CARTESIAN_POINT('',(1418.797056275,-855.1,0.));
#1009=DIRECTION('',(-0.707106781,-0.707106781,0.));
#1010=VECTOR('',#1009,5.228427125);
#1011=LINE('',#1008,#1010);
#1012=EDGE_CURVE('',#999,#1007,#1011,.T.);
#1013=ORIENTED_EDGE('',*,*,#1012,.T.);
#1014=CARTESIAN_POINT('',(1415.1,-877.202943725,0.));
#1015=VERTEX_POINT('',#1014);
#1016=CARTESIAN_POINT('',(1415.1,-858.797056275,0.));
#1017=DIRECTION('',(-0.,-1.,-0.));
#1018=VECTOR('',#1017,18.40588745);
#1019=LINE('',#1016,#1018);
#1020=EDGE_CURVE('',#1007,#1015,#1019,.T.);
#1021=ORIENTED_EDGE('',*,*,#1020,.T.);
#1022=CARTESIAN_POINT('',(1418.797056275,-880.9,0.));
#1023=VERTEX_POINT('',#1022);
#1024=CARTESIAN_POINT('',(1415.1,-877.202943725,0.));
#1025=DIRECTION('',(0.707106781,-0.707106781,0.));
#1026=VECTOR('',#1025,5.228427125);
#1027=LINE('',#1024,#1026);
#1028=EDGE_CURVE('',#1015,#1023,#1027,.T.);
#1029=ORIENTED_EDGE('',*,*,#1028,.T.);
#1030=CARTESIAN_POINT('',(1437.202943725,-880.9,0.));
#1031=VERTEX_POINT('',#1030);
#1032=CARTESIAN_POINT('',(1418.797056275,-880.9,0.));
#1033=DIRECTION('',(1.,0.,-0.));
#1034=VECTOR('',#1033,18.40588745);
#1035=LINE('',#1032,#1034);
#1036=EDGE_CURVE('',#1023,#1031,#1035,.T.);
#1037=ORIENTED_EDGE('',*,*,#1036,.T.);
#1038=CARTESIAN_POINT('',(1440.9,-877.202943725,0.));
#1039=VERTEX_POINT('',#1038);
#1040=CARTESIAN_POINT('',(1437.202943725,-880.9,0.));
#1041=DIRECTION('',(0.707106781,0.707106781,0.));
#1042=VECTOR('',#1041,5.228427125);
#1043=LINE('',#1040,#1042);
#1044=EDGE_CURVE('',#1031,#1039,#1043,.T.);
#1045=ORIENTED_EDGE('',*,*,#1044,.T.);
#1046=CARTESIAN_POINT('',(1440.9,-858.797056275,0.));
#1047=VERTEX_POINT('',#1046);
#1048=CARTESIAN_POINT('',(1440.9,-877.202943725,0.));
#1049=DIRECTION('',(0.,1.,0.));
#1050=VECTOR('',#1049,18.40588745);
#1051=LINE('',#1048,#1050);
#1052=EDGE_CURVE('',#1039,#1047,#1051,.T.);
#1053=ORIENTED_EDGE('',*,*,#1052,.T.);
#1054=CARTESIAN_POINT('',(1440.9,-858.797056275,0.));
#1055=DIRECTION('',(-0.707106781,0.707106781,0.));
#1056=VECTOR('',#1055,5.228427125);
#1057=LINE('',#1054,#1056);
#1058=EDGE_CURVE('',#1047,#997,#1057,.T.);
#1059=ORIENTED_EDGE('',*,*,#1058,.T.);
#1060=EDGE_LOOP('',(#1005,#1013,#1021,#1029,#1037,#1045,#1053,#1059));
#1061=FACE_BOUND('',#1060,.T.);
#1062=ADVANCED_FACE('',(#137,#203,#269,#335,#401,#467,#533,#599,#665,#731,#797,#863,#929,#995,#1061),#71,.F.);
#1063=CARTESIAN_POINT('',(1412.5,-728.,1.4));
#1064=DIRECTION('',(0.819231921,0.,-0.573462344));
#1065=DIRECTION('',(0.,1.,0.));
#1066=AXIS2_PLACEMENT_3D('',#1063,#1064,#1065);
#1067=PLANE('',#1066);
#1068=CARTESIAN_POINT('',(1413.2,-734.923044738,2.4));
#1069=VERTEX_POINT('',#1068);
#1070=CARTESIAN_POINT('',(1413.2,-734.923044738,2.4));
#1071=DIRECTION('',(-0.497468338,-0.497468338,-0.710669055));
#1072=VECTOR('',#1071,1.407124728);
#1073=LINE('',#1070,#1072);
#1074=EDGE_CURVE('',#1069,#51,#1073,.T.);
#1075=ORIENTED_EDGE('',*,*,#1074,.F.);
#1076=CARTESIAN_POINT('',(1413.2,-721.076955262,2.4));
#1077=VERTEX_POINT('',#1076);
#1078=CARTESIAN_POINT('',(1413.199999999,-734.923044738,2.4));
#1079=DIRECTION('',(0.,1.,0.));
#1080=VECTOR('',#1079,13.846089476);
#1081=LINE('',#1078,#1080);
#1082=EDGE_CURVE('',#1069,#1077,#1081,.T.);
#1083=ORIENTED_EDGE('',*,*,#1082,.T.);
#1084=CARTESIAN_POINT('',(1412.5,-720.376955262,1.4));
#1085=DIRECTION('',(0.497468338,-0.497468338,0.710669055));
#1086=VECTOR('',#1085,1.407124728);
#1087=LINE('',#1084,#1086);
#1088=EDGE_CURVE('',#33,#1077,#1087,.T.);
#1089=ORIENTED_EDGE('',*,*,#1088,.F.);
#1090=ORIENTED_EDGE('',*,*,#62,.F.);
#1091=EDGE_LOOP('',(#1075,#1083,#1089,#1090));
#1092=FACE_BOUND('',#1091,.T.);
#1093=ADVANCED_FACE('',(#1092),#1067,.F.);
#1094=CARTESIAN_POINT('',(1413.2,-728.,6.8));
#1095=DIRECTION('',(-1.,0.,0.));
#1096=DIRECTION('',(0.,-1.,0.));
#1097=AXIS2_PLACEMENT_3D('',#1094,#1095,#1096);
#1098=PLANE('',#1097);
#1099=ORIENTED_EDGE('',*,*,#1082,.F.);
#1100=CARTESIAN_POINT('',(1413.2,-734.923044738,4.4));
#1101=VERTEX_POINT('',#1100);
#1102=CARTESIAN_POINT('',(1413.2,-734.923044738,4.4));
#1103=DIRECTION('',(-0.,-0.,-1.));
#1104=VECTOR('',#1103,2.);
#1105=LINE('',#1102,#1104);
#1106=EDGE_CURVE('',#1101,#1069,#1105,.T.);
#1107=ORIENTED_EDGE('',*,*,#1106,.F.);
#1108=CARTESIAN_POINT('',(1413.2,-721.076955262,4.4));
#1109=VERTEX_POINT('',#1108);
#1110=CARTESIAN_POINT('',(1413.2,-734.923044738,4.4));
#1111=DIRECTION('',(-0.,1.,-0.));
#1112=VECTOR('',#1111,13.846089476);
#1113=LINE('',#1110,#1112);
#1114=EDGE_CURVE('',#1101,#1109,#1113,.T.);
#1115=ORIENTED_EDGE('',*,*,#1114,.T.);
#1116=CARTESIAN_POINT('',(1413.2,-721.076955262,4.4));
#1117=DIRECTION('',(-0.,-0.,-1.));
#1118=VECTOR('',#1117,2.);
#1119=LINE('',#1116,#1118);
#1120=EDGE_CURVE('',#1109,#1077,#1119,.T.);
#1121=ORIENTED_EDGE('',*,*,#1120,.T.);
#1122=EDGE_LOOP('',(#1099,#1107,#1115,#1121));
#1123=FACE_BOUND('',#1122,.T.);
#1124=ADVANCED_FACE('',(#1123),#1098,.T.);
#1125=CARTESIAN_POINT('',(1412.85,-720.726955262,6.8));
#1126=DIRECTION('',(-0.707106781,-0.707106781,0.));
#1127=DIRECTION('',(0.707106781,-0.707106781,0.));
#1128=AXIS2_PLACEMENT_3D('',#1125,#1126,#1127);
#1129=PLANE('',#1128);
#1130=CARTESIAN_POINT('',(1412.5,-720.376955262,5.4));
#1131=VERTEX_POINT('',#1130);
#1132=CARTESIAN_POINT('',(1413.2,-721.076955262,4.4));
#1133=DIRECTION('',(-0.497468338,0.497468338,0.710669055));
#1134=VECTOR('',#1133,1.407124728);
#1135=LINE('',#1132,#1134);
#1136=EDGE_CURVE('',#1109,#1131,#1135,.T.);
#1137=ORIENTED_EDGE('',*,*,#1136,.T.);
#1138=CARTESIAN_POINT('',(1407.623044738,-715.5,5.4));
#1139=VERTEX_POINT('',#1138);
#1140=CARTESIAN_POINT('',(1412.5,-720.376955262,5.4));
#1141=DIRECTION('',(-0.707106781,0.707106781,-0.));
#1142=VECTOR('',#1141,6.897056275);
#1143=LINE('',#1140,#1142);
#1144=EDGE_CURVE('',#1131,#1139,#1143,.T.);
#1145=ORIENTED_EDGE('',*,*,#1144,.T.);
#1146=CARTESIAN_POINT('',(1406.923044738,-714.8,4.4));
#1147=VERTEX_POINT('',#1146);
#1148=CARTESIAN_POINT('',(1407.623044738,-715.5,5.4));
#1149=DIRECTION('',(-0.497468338,0.497468338,-0.710669055));
#1150=VECTOR('',#1149,1.407124728);
#1151=LINE('',#1148,#1150);
#1152=EDGE_CURVE('',#1139,#1147,#1151,.T.);
#1153=ORIENTED_EDGE('',*,*,#1152,.T.);
#1154=CARTESIAN_POINT('',(1406.923044738,-714.8,2.4));
#1155=VERTEX_POINT('',#1154);
#1156=CARTESIAN_POINT('',(1406.923044738,-714.8,4.4));
#1157=DIRECTION('',(-0.,-0.,-1.));
#1158=VECTOR('',#1157,2.);
#1159=LINE('',#1156,#1158);
#1160=EDGE_CURVE('',#1147,#1155,#1159,.T.);
#1161=ORIENTED_EDGE('',*,*,#1160,.T.);
#1162=CARTESIAN_POINT('',(1407.623044738,-715.5,1.4));
#1163=VERTEX_POINT('',#1162);
#1164=CARTESIAN_POINT('',(1406.923044738,-714.8,2.4));
#1165=DIRECTION('',(0.497468338,-0.497468338,-0.710669055));
#1166=VECTOR('',#1165,1.407124728);
#1167=LINE('',#1164,#1166);
#1168=EDGE_CURVE('',#1155,#1163,#1167,.T.);
#1169=ORIENTED_EDGE('',*,*,#1168,.T.);
#1170=CARTESIAN_POINT('',(1407.623044738,-715.5,1.4));
#1171=DIRECTION('',(0.707106781,-0.707106781,0.));
#1172=VECTOR('',#1171,6.897056275);
#1173=LINE('',#1170,#1172);
#1174=EDGE_CURVE('',#1163,#33,#1173,.T.);
#1175=ORIENTED_EDGE('',*,*,#1174,.T.);
#1176=ORIENTED_EDGE('',*,*,#1088,.T.);
#1177=ORIENTED_EDGE('',*,*,#1120,.F.);
#1178=EDGE_LOOP('',(#1137,#1145,#1153,#1161,#1169,#1175,#1176,#1177));
#1179=FACE_BOUND('',#1178,.T.);
#1180=ADVANCED_FACE('',(#1179),#1129,.T.);
#1181=CARTESIAN_POINT('',(1400.,-740.5,2.4));
#1182=DIRECTION('',(0.,1.,0.));
#1183=DIRECTION('',(-1.,0.,0.));
#1184=AXIS2_PLACEMENT_3D('',#1181,#1182,#1183);
#1185=PLANE('',#1184);
#1186=CARTESIAN_POINT('',(1407.623044738,-740.5,1.4));
#1187=VERTEX_POINT('',#1186);
#1188=CARTESIAN_POINT('',(1409.0372583,-740.5,0.4));
#1189=VERTEX_POINT('',#1188);
#1190=CARTESIAN_POINT('',(1407.623044738,-740.5,1.4));
#1191=DIRECTION('',(0.816496581,0.,-0.577350269));
#1192=VECTOR('',#1191,1.732050807);
#1193=LINE('',#1190,#1192);
#1194=EDGE_CURVE('',#1187,#1189,#1193,.T.);
#1195=ORIENTED_EDGE('',*,*,#1194,.T.);
#1196=CARTESIAN_POINT('',(1390.9627417,-740.5,0.4));
#1197=VERTEX_POINT('',#1196);
#1198=CARTESIAN_POINT('',(1409.0372583,-740.5,0.4));
#1199=DIRECTION('',(-1.,0.,0.));
#1200=VECTOR('',#1199,18.0745166);
#1201=LINE('',#1198,#1200);
#1202=EDGE_CURVE('',#1189,#1197,#1201,.T.);
#1203=ORIENTED_EDGE('',*,*,#1202,.T.);
#1204=CARTESIAN_POINT('',(1392.376955262,-740.5,1.4));
#1205=VERTEX_POINT('',#1204);
#1206=CARTESIAN_POINT('',(1390.9627417,-740.5,0.4));
#1207=DIRECTION('',(0.816496581,0.,0.577350269));
#1208=VECTOR('',#1207,1.732050807);
#1209=LINE('',#1206,#1208);
#1210=EDGE_CURVE('',#1197,#1205,#1209,.T.);
#1211=ORIENTED_EDGE('',*,*,#1210,.T.);
#1212=CARTESIAN_POINT('',(1392.376955262,-740.5,1.4));
#1213=DIRECTION('',(1.,-0.,-0.));
#1214=VECTOR('',#1213,15.246089476);
#1215=LINE('',#1212,#1214);
#1216=EDGE_CURVE('',#1205,#1187,#1215,.T.);
#1217=ORIENTED_EDGE('',*,*,#1216,.T.);
#1218=EDGE_LOOP('',(#1195,#1203,#1211,#1217));
#1219=FACE_BOUND('',#1218,.T.);
#1220=ADVANCED_FACE('',(#1219),#1185,.T.);
#1221=CARTESIAN_POINT('',(1400.,-740.5,1.4));
#1222=DIRECTION('',(0.,-0.819231921,-0.573462344));
#1223=DIRECTION('',(1.,0.,0.));
#1224=AXIS2_PLACEMENT_3D('',#1221,#1222,#1223);
#1225=PLANE('',#1224);
#1226=CARTESIAN_POINT('',(1393.076955262,-741.2,2.4));
#1227=VERTEX_POINT('',#1226);
#1228=CARTESIAN_POINT('',(1393.076955262,-741.2,2.4));
#1229=DIRECTION('',(-0.497468338,0.497468338,-0.710669055));
#1230=VECTOR('',#1229,1.407124728);
#1231=LINE('',#1228,#1230);
#1232=EDGE_CURVE('',#1227,#1205,#1231,.T.);
#1233=ORIENTED_EDGE('',*,*,#1232,.F.);
#1234=CARTESIAN_POINT('',(1406.923044738,-741.2,2.4));
#1235=VERTEX_POINT('',#1234);
#1236=CARTESIAN_POINT('',(1393.076955262,-741.199999999,2.4));
#1237=DIRECTION('',(1.,0.,-0.));
#1238=VECTOR('',#1237,13.846089476);
#1239=LINE('',#1236,#1238);
#1240=EDGE_CURVE('',#1227,#1235,#1239,.T.);
#1241=ORIENTED_EDGE('',*,*,#1240,.T.);
#1242=CARTESIAN_POINT('',(1407.623044738,-740.5,1.4));
#1243=DIRECTION('',(-0.497468338,-0.497468338,0.710669055));
#1244=VECTOR('',#1243,1.407124728);
#1245=LINE('',#1242,#1244);
#1246=EDGE_CURVE('',#1187,#1235,#1245,.T.);
#1247=ORIENTED_EDGE('',*,*,#1246,.F.);
#1248=ORIENTED_EDGE('',*,*,#1216,.F.);
#1249=EDGE_LOOP('',(#1233,#1241,#1247,#1248));
#1250=FACE_BOUND('',#1249,.T.);
#1251=ADVANCED_FACE('',(#1250),#1225,.F.);
#1252=CARTESIAN_POINT('',(1400.,-741.2,6.8));
#1253=DIRECTION('',(0.,1.,0.));
#1254=DIRECTION('',(-1.,0.,0.));
#1255=AXIS2_PLACEMENT_3D('',#1252,#1253,#1254);
#1256=PLANE('',#1255);
#1257=ORIENTED_EDGE('',*,*,#1240,.F.);
#1258=CARTESIAN_POINT('',(1393.076955262,-741.2,4.4));
#1259=VERTEX_POINT('',#1258);
#1260=CARTESIAN_POINT('',(1393.076955262,-741.2,4.4));
#1261=DIRECTION('',(-0.,-0.,-1.));
#1262=VECTOR('',#1261,2.);
#1263=LINE('',#1260,#1262);
#1264=EDGE_CURVE('',#1259,#1227,#1263,.T.);
#1265=ORIENTED_EDGE('',*,*,#1264,.F.);
#1266=CARTESIAN_POINT('',(1406.923044738,-741.2,4.4));
#1267=VERTEX_POINT('',#1266);
#1268=CARTESIAN_POINT('',(1393.076955262,-741.2,4.4));
#1269=DIRECTION('',(1.,-0.,-0.));
#1270=VECTOR('',#1269,13.846089476);
#1271=LINE('',#1268,#1270);
#1272=EDGE_CURVE('',#1259,#1267,#1271,.T.);
#1273=ORIENTED_EDGE('',*,*,#1272,.T.);
#1274=CARTESIAN_POINT('',(1406.923044738,-741.2,4.4));
#1275=DIRECTION('',(-0.,-0.,-1.));
#1276=VECTOR('',#1275,2.);
#1277=LINE('',#1274,#1276);
#1278=EDGE_CURVE('',#1267,#1235,#1277,.T.);
#1279=ORIENTED_EDGE('',*,*,#1278,.T.);
#1280=EDGE_LOOP('',(#1257,#1265,#1273,#1279));
#1281=FACE_BOUND('',#1280,.T.);
#1282=ADVANCED_FACE('',(#1281),#1256,.T.);
#1283=CARTESIAN_POINT('',(1407.273044738,-740.85,6.8));
#1284=DIRECTION('',(-0.707106781,0.707106781,0.));
#1285=DIRECTION('',(-0.707106781,-0.707106781,0.));
#1286=AXIS2_PLACEMENT_3D('',#1283,#1284,#1285);
#1287=PLANE('',#1286);
#1288=CARTESIAN_POINT('',(1407.623044738,-740.5,5.4));
#1289=VERTEX_POINT('',#1288);
#1290=CARTESIAN_POINT('',(1406.923044738,-741.2,4.4));
#1291=DIRECTION('',(0.497468338,0.497468338,0.710669055));
#1292=VECTOR('',#1291,1.407124728);
#1293=LINE('',#1290,#1292);
#1294=EDGE_CURVE('',#1267,#1289,#1293,.T.);
#1295=ORIENTED_EDGE('',*,*,#1294,.T.);
#1296=CARTESIAN_POINT('',(1412.5,-735.623044738,5.4));
#1297=VERTEX_POINT('',#1296);
#1298=CARTESIAN_POINT('',(1407.623044738,-740.5,5.4));
#1299=DIRECTION('',(0.707106781,0.707106781,-0.));
#1300=VECTOR('',#1299,6.897056275);
#1301=LINE('',#1298,#1300);
#1302=EDGE_CURVE('',#1289,#1297,#1301,.T.);
#1303=ORIENTED_EDGE('',*,*,#1302,.T.);
#1304=CARTESIAN_POINT('',(1412.5,-735.623044738,5.4));
#1305=DIRECTION('',(0.497468338,0.497468338,-0.710669055));
#1306=VECTOR('',#1305,1.407124728);
#1307=LINE('',#1304,#1306);
#1308=EDGE_CURVE('',#1297,#1101,#1307,.T.);
#1309=ORIENTED_EDGE('',*,*,#1308,.T.);
#1310=ORIENTED_EDGE('',*,*,#1106,.T.);
#1311=ORIENTED_EDGE('',*,*,#1074,.T.);
#1312=CARTESIAN_POINT('',(1412.5,-735.623044738,1.4));
#1313=DIRECTION('',(-0.707106781,-0.707106781,0.));
#1314=VECTOR('',#1313,6.897056275);
#1315=LINE('',#1312,#1314);
#1316=EDGE_CURVE('',#51,#1187,#1315,.T.);
#1317=ORIENTED_EDGE('',*,*,#1316,.T.);
#1318=ORIENTED_EDGE('',*,*,#1246,.T.);
#1319=ORIENTED_EDGE('',*,*,#1278,.F.);
#1320=EDGE_LOOP('',(#1295,#1303,#1309,#1310,#1311,#1317,#1318,#1319));
#1321=FACE_BOUND('',#1320,.T.);
#1322=ADVANCED_FACE('',(#1321),#1287,.T.);
#1323=CARTESIAN_POINT('',(1387.5,-728.,2.4));
#1324=DIRECTION('',(1.,0.,0.));
#1325=DIRECTION('',(0.,1.,0.));
#1326=AXIS2_PLACEMENT_3D('',#1323,#1324,#1325);
#1327=PLANE('',#1326);
#1328=CARTESIAN_POINT('',(1387.5,-735.623044738,1.4));
#1329=VERTEX_POINT('',#1328);
#1330=CARTESIAN_POINT('',(1387.5,-737.0372583,0.4));
#1331=VERTEX_POINT('',#1330);
#1332=CARTESIAN_POINT('',(1387.5,-735.623044738,1.4));
#1333=DIRECTION('',(0.,-0.816496581,-0.577350269));
#1334=VECTOR('',#1333,1.732050807);
#1335=LINE('',#1332,#1334);
#1336=EDGE_CURVE('',#1329,#1331,#1335,.T.);
#1337=ORIENTED_EDGE('',*,*,#1336,.T.);
#1338=CARTESIAN_POINT('',(1387.5,-718.9627417,0.4));
#1339=VERTEX_POINT('',#1338);
#1340=CARTESIAN_POINT('',(1387.5,-737.0372583,0.4));
#1341=DIRECTION('',(0.,1.,0.));
#1342=VECTOR('',#1341,18.0745166);
#1343=LINE('',#1340,#1342);
#1344=EDGE_CURVE('',#1331,#1339,#1343,.T.);
#1345=ORIENTED_EDGE('',*,*,#1344,.T.);
#1346=CARTESIAN_POINT('',(1387.5,-720.376955262,1.4));
#1347=VERTEX_POINT('',#1346);
#1348=CARTESIAN_POINT('',(1387.5,-718.9627417,0.4));
#1349=DIRECTION('',(0.,-0.816496581,0.577350269));
#1350=VECTOR('',#1349,1.732050807);
#1351=LINE('',#1348,#1350);
#1352=EDGE_CURVE('',#1339,#1347,#1351,.T.);
#1353=ORIENTED_EDGE('',*,*,#1352,.T.);
#1354=CARTESIAN_POINT('',(1387.5,-720.376955262,1.4));
#1355=DIRECTION('',(-0.,-1.,-0.));
#1356=VECTOR('',#1355,15.246089476);
#1357=LINE('',#1354,#1356);
#1358=EDGE_CURVE('',#1347,#1329,#1357,.T.);
#1359=ORIENTED_EDGE('',*,*,#1358,.T.);
#1360=EDGE_LOOP('',(#1337,#1345,#1353,#1359));
#1361=FACE_BOUND('',#1360,.T.);
#1362=ADVANCED_FACE('',(#1361),#1327,.T.);
#1363=CARTESIAN_POINT('',(1387.5,-728.,1.4));
#1364=DIRECTION('',(-0.819231921,0.,-0.573462344));
#1365=DIRECTION('',(0.,-1.,0.));
#1366=AXIS2_PLACEMENT_3D('',#1363,#1364,#1365);
#1367=PLANE('',#1366);
#1368=CARTESIAN_POINT('',(1386.8,-721.076955262,2.4));
#1369=VERTEX_POINT('',#1368);
#1370=CARTESIAN_POINT('',(1386.8,-721.076955262,2.4));
#1371=DIRECTION('',(0.497468338,0.497468338,-0.710669055));
#1372=VECTOR('',#1371,1.407124728);
#1373=LINE('',#1370,#1372);
#1374=EDGE_CURVE('',#1369,#1347,#1373,.T.);
#1375=ORIENTED_EDGE('',*,*,#1374,.F.);
#1376=CARTESIAN_POINT('',(1386.8,-734.923044738,2.4));
#1377=VERTEX_POINT('',#1376);
#1378=CARTESIAN_POINT('',(1386.800000001,-721.076955262,2.4));
#1379=DIRECTION('',(0.,-1.,0.));
#1380=VECTOR('',#1379,13.846089476);
#1381=LINE('',#1378,#1380);
#1382=EDGE_CURVE('',#1369,#1377,#1381,.T.);
#1383=ORIENTED_EDGE('',*,*,#1382,.T.);
#1384=CARTESIAN_POINT('',(1387.5,-735.623044738,1.4));
#1385=DIRECTION('',(-0.497468338,0.497468338,0.710669055));
#1386=VECTOR('',#1385,1.407124728);
#1387=LINE('',#1384,#1386);
#1388=EDGE_CURVE('',#1329,#1377,#1387,.T.);
#1389=ORIENTED_EDGE('',*,*,#1388,.F.);
#1390=ORIENTED_EDGE('',*,*,#1358,.F.);
#1391=EDGE_LOOP('',(#1375,#1383,#1389,#1390));
#1392=FACE_BOUND('',#1391,.T.);
#1393=ADVANCED_FACE('',(#1392),#1367,.F.);
#1394=CARTESIAN_POINT('',(1386.8,-728.,6.8));
#1395=DIRECTION('',(1.,0.,0.));
#1396=DIRECTION('',(0.,1.,0.));
#1397=AXIS2_PLACEMENT_3D('',#1394,#1395,#1396);
#1398=PLANE('',#1397);
#1399=ORIENTED_EDGE('',*,*,#1382,.F.);
#1400=CARTESIAN_POINT('',(1386.8,-721.076955262,4.4));
#1401=VERTEX_POINT('',#1400);
#1402=CARTESIAN_POINT('',(1386.8,-721.076955262,4.4));
#1403=DIRECTION('',(-0.,-0.,-1.));
#1404=VECTOR('',#1403,2.);
#1405=LINE('',#1402,#1404);
#1406=EDGE_CURVE('',#1401,#1369,#1405,.T.);
#1407=ORIENTED_EDGE('',*,*,#1406,.F.);
#1408=CARTESIAN_POINT('',(1386.8,-734.923044738,4.4));
#1409=VERTEX_POINT('',#1408);
#1410=CARTESIAN_POINT('',(1386.8,-721.076955262,4.4));
#1411=DIRECTION('',(-0.,-1.,-0.));
#1412=VECTOR('',#1411,13.846089476);
#1413=LINE('',#1410,#1412);
#1414=EDGE_CURVE('',#1401,#1409,#1413,.T.);
#1415=ORIENTED_EDGE('',*,*,#1414,.T.);
#1416=CARTESIAN_POINT('',(1386.8,-734.923044738,4.4));
#1417=DIRECTION('',(-0.,-0.,-1.));
#1418=VECTOR('',#1417,2.);
#1419=LINE('',#1416,#1418);
#1420=EDGE_CURVE('',#1409,#1377,#1419,.T.);
#1421=ORIENTED_EDGE('',*,*,#1420,.T.);
#1422=EDGE_LOOP('',(#1399,#1407,#1415,#1421));
#1423=FACE_BOUND('',#1422,.T.);
#1424=ADVANCED_FACE('',(#1423),#1398,.T.);
#1425=CARTESIAN_POINT('',(1387.15,-735.273044738,6.8));
#1426=DIRECTION('',(0.707106781,0.707106781,0.));
#1427=DIRECTION('',(-0.707106781,0.707106781,0.));
#1428=AXIS2_PLACEMENT_3D('',#1425,#1426,#1427);
#1429=PLANE('',#1428);
#1430=ORIENTED_EDGE('',*,*,#1232,.T.);
#1431=CARTESIAN_POINT('',(1392.376955262,-740.5,1.4));
#1432=DIRECTION('',(-0.707106781,0.707106781,0.));
#1433=VECTOR('',#1432,6.897056275);
#1434=LINE('',#1431,#1433);
#1435=EDGE_CURVE('',#1205,#1329,#1434,.T.);
#1436=ORIENTED_EDGE('',*,*,#1435,.T.);
#1437=ORIENTED_EDGE('',*,*,#1388,.T.);
#1438=ORIENTED_EDGE('',*,*,#1420,.F.);
#1439=CARTESIAN_POINT('',(1387.5,-735.623044738,5.4));
#1440=VERTEX_POINT('',#1439);
#1441=CARTESIAN_POINT('',(1386.8,-734.923044738,4.4));
#1442=DIRECTION('',(0.497468338,-0.497468338,0.710669055));
#1443=VECTOR('',#1442,1.407124728);
#1444=LINE('',#1441,#1443);
#1445=EDGE_CURVE('',#1409,#1440,#1444,.T.);
#1446=ORIENTED_EDGE('',*,*,#1445,.T.);
#1447=CARTESIAN_POINT('',(1392.376955262,-740.5,5.4));
#1448=VERTEX_POINT('',#1447);
#1449=CARTESIAN_POINT('',(1387.5,-735.623044738,5.4));
#1450=DIRECTION('',(0.707106781,-0.707106781,-0.));
#1451=VECTOR('',#1450,6.897056275);
#1452=LINE('',#1449,#1451);
#1453=EDGE_CURVE('',#1440,#1448,#1452,.T.);
#1454=ORIENTED_EDGE('',*,*,#1453,.T.);
#1455=CARTESIAN_POINT('',(1392.376955262,-740.5,5.4));
#1456=DIRECTION('',(0.497468338,-0.497468338,-0.710669055));
#1457=VECTOR('',#1456,1.407124728);
#1458=LINE('',#1455,#1457);
#1459=EDGE_CURVE('',#1448,#1259,#1458,.T.);
#1460=ORIENTED_EDGE('',*,*,#1459,.T.);
#1461=ORIENTED_EDGE('',*,*,#1264,.T.);
#1462=EDGE_LOOP('',(#1430,#1436,#1437,#1438,#1446,#1454,#1460,#1461));
#1463=FACE_BOUND('',#1462,.T.);
#1464=ADVANCED_FACE('',(#1463),#1429,.T.);
#1465=CARTESIAN_POINT('',(1400.,-715.5,2.4));
#1466=DIRECTION('',(0.,-1.,0.));
#1467=DIRECTION('',(1.,0.,0.));
#1468=AXIS2_PLACEMENT_3D('',#1465,#1466,#1467);
#1469=PLANE('',#1468);
#1470=CARTESIAN_POINT('',(1392.376955262,-715.5,1.4));
#1471=VERTEX_POINT('',#1470);
#1472=CARTESIAN_POINT('',(1390.9627417,-715.5,0.4));
#1473=VERTEX_POINT('',#1472);
#1474=CARTESIAN_POINT('',(1392.376955262,-715.5,1.4));
#1475=DIRECTION('',(-0.816496581,0.,-0.577350269));
#1476=VECTOR('',#1475,1.732050807);
#1477=LINE('',#1474,#1476);
#1478=EDGE_CURVE('',#1471,#1473,#1477,.T.);
#1479=ORIENTED_EDGE('',*,*,#1478,.T.);
#1480=CARTESIAN_POINT('',(1409.0372583,-715.5,0.4));
#1481=VERTEX_POINT('',#1480);
#1482=CARTESIAN_POINT('',(1390.9627417,-715.5,0.4));
#1483=DIRECTION('',(1.,0.,-0.));
#1484=VECTOR('',#1483,18.0745166);
#1485=LINE('',#1482,#1484);
#1486=EDGE_CURVE('',#1473,#1481,#1485,.T.);
#1487=ORIENTED_EDGE('',*,*,#1486,.T.);
#1488=CARTESIAN_POINT('',(1409.0372583,-715.5,0.4));
#1489=DIRECTION('',(-0.816496581,0.,0.577350269));
#1490=VECTOR('',#1489,1.732050807);
#1491=LINE('',#1488,#1490);
#1492=EDGE_CURVE('',#1481,#1163,#1491,.T.);
#1493=ORIENTED_EDGE('',*,*,#1492,.T.);
#1494=CARTESIAN_POINT('',(1407.623044738,-715.5,1.4));
#1495=DIRECTION('',(-1.,-0.,0.));
#1496=VECTOR('',#1495,15.246089476);
#1497=LINE('',#1494,#1496);
#1498=EDGE_CURVE('',#1163,#1471,#1497,.T.);
#1499=ORIENTED_EDGE('',*,*,#1498,.T.);
#1500=EDGE_LOOP('',(#1479,#1487,#1493,#1499));
#1501=FACE_BOUND('',#1500,.T.);
#1502=ADVANCED_FACE('',(#1501),#1469,.T.);
#1503=CARTESIAN_POINT('',(1400.,-715.5,1.4));
#1504=DIRECTION('',(0.,0.819231921,-0.573462344));
#1505=DIRECTION('',(-1.,0.,0.));
#1506=AXIS2_PLACEMENT_3D('',#1503,#1504,#1505);
#1507=PLANE('',#1506);
#1508=ORIENTED_EDGE('',*,*,#1168,.F.);
#1509=CARTESIAN_POINT('',(1393.076955262,-714.8,2.4));
#1510=VERTEX_POINT('',#1509);
#1511=CARTESIAN_POINT('',(1406.923044738,-714.800000001,2.4));
#1512=DIRECTION('',(-1.,0.,0.));
#1513=VECTOR('',#1512,13.846089476);
#1514=LINE('',#1511,#1513);
#1515=EDGE_CURVE('',#1155,#1510,#1514,.T.);
#1516=ORIENTED_EDGE('',*,*,#1515,.T.);
#1517=CARTESIAN_POINT('',(1392.376955262,-715.5,1.4));
#1518=DIRECTION('',(0.497468338,0.497468338,0.710669055));
#1519=VECTOR('',#1518,1.407124728);
#1520=LINE('',#1517,#1519);
#1521=EDGE_CURVE('',#1471,#1510,#1520,.T.);
#1522=ORIENTED_EDGE('',*,*,#1521,.F.);
#1523=ORIENTED_EDGE('',*,*,#1498,.F.);
#1524=EDGE_LOOP('',(#1508,#1516,#1522,#1523));
#1525=FACE_BOUND('',#1524,.T.);
#1526=ADVANCED_FACE('',(#1525),#1507,.F.);
#1527=CARTESIAN_POINT('',(1400.,-714.8,6.8));
#1528=DIRECTION('',(0.,-1.,0.));
#1529=DIRECTION('',(1.,0.,0.));
#1530=AXIS2_PLACEMENT_3D('',#1527,#1528,#1529);
#1531=PLANE('',#1530);
#1532=ORIENTED_EDGE('',*,*,#1515,.F.);
#1533=ORIENTED_EDGE('',*,*,#1160,.F.);
#1534=CARTESIAN_POINT('',(1393.076955262,-714.8,4.4));
#1535=VERTEX_POINT('',#1534);
#1536=CARTESIAN_POINT('',(1406.923044738,-714.8,4.4));
#1537=DIRECTION('',(-1.,-0.,0.));
#1538=VECTOR('',#1537,13.846089476);
#1539=LINE('',#1536,#1538);
#1540=EDGE_CURVE('',#1147,#1535,#1539,.T.);
#1541=ORIENTED_EDGE('',*,*,#1540,.T.);
#1542=CARTESIAN_POINT('',(1393.076955262,-714.8,4.4));
#1543=DIRECTION('',(-0.,-0.,-1.));
#1544=VECTOR('',#1543,2.);
#1545=LINE('',#1542,#1544);
#1546=EDGE_CURVE('',#1535,#1510,#1545,.T.);
#1547=ORIENTED_EDGE('',*,*,#1546,.T.);
#1548=EDGE_LOOP('',(#1532,#1533,#1541,#1547));
#1549=FACE_BOUND('',#1548,.T.);
#1550=ADVANCED_FACE('',(#1549),#1531,.T.);
#1551=CARTESIAN_POINT('',(1392.726955262,-715.15,6.8));
#1552=DIRECTION('',(0.707106781,-0.707106781,0.));
#1553=DIRECTION('',(0.707106781,0.707106781,0.));
#1554=AXIS2_PLACEMENT_3D('',#1551,#1552,#1553);
#1555=PLANE('',#1554);
#1556=ORIENTED_EDGE('',*,*,#1374,.T.);
#1557=CARTESIAN_POINT('',(1387.5,-720.376955262,1.4));
#1558=DIRECTION('',(0.707106781,0.707106781,0.));
#1559=VECTOR('',#1558,6.897056275);
#1560=LINE('',#1557,#1559);
#1561=EDGE_CURVE('',#1347,#1471,#1560,.T.);
#1562=ORIENTED_EDGE('',*,*,#1561,.T.);
#1563=ORIENTED_EDGE('',*,*,#1521,.T.);
#1564=ORIENTED_EDGE('',*,*,#1546,.F.);
#1565=CARTESIAN_POINT('',(1392.376955262,-715.5,5.4));
#1566=VERTEX_POINT('',#1565);
#1567=CARTESIAN_POINT('',(1393.076955262,-714.8,4.4));
#1568=DIRECTION('',(-0.497468338,-0.497468338,0.710669055));
#1569=VECTOR('',#1568,1.407124728);
#1570=LINE('',#1567,#1569);
#1571=EDGE_CURVE('',#1535,#1566,#1570,.T.);
#1572=ORIENTED_EDGE('',*,*,#1571,.T.);
#1573=CARTESIAN_POINT('',(1387.5,-720.376955262,5.4));
#1574=VERTEX_POINT('',#1573);
#1575=CARTESIAN_POINT('',(1392.376955262,-715.5,5.4));
#1576=DIRECTION('',(-0.707106781,-0.707106781,-0.));
#1577=VECTOR('',#1576,6.897056275);
#1578=LINE('',#1575,#1577);
#1579=EDGE_CURVE('',#1566,#1574,#1578,.T.);
#1580=ORIENTED_EDGE('',*,*,#1579,.T.);
#1581=CARTESIAN_POINT('',(1387.5,-720.376955262,5.4));
#1582=DIRECTION('',(-0.497468338,-0.497468338,-0.710669055));
#1583=VECTOR('',#1582,1.407124728);
#1584=LINE('',#1581,#1583);
#1585=EDGE_CURVE('',#1574,#1401,#1584,.T.);
#1586=ORIENTED_EDGE('',*,*,#1585,.T.);
#1587=ORIENTED_EDGE('',*,*,#1406,.T.);
#1588=EDGE_LOOP('',(#1556,#1562,#1563,#1564,#1572,#1580,#1586,#1587));
#1589=FACE_BOUND('',#1588,.T.);
#1590=ADVANCED_FACE('',(#1589),#1555,.T.);
#1591=CARTESIAN_POINT('',(1400.,-714.,6.8));
#1592=DIRECTION('',(0.,-1.,0.));
#1593=DIRECTION('',(1.,0.,0.));
#1594=AXIS2_PLACEMENT_3D('',#1591,#1592,#1593);
#1595=PLANE('',#1594);
#1596=CARTESIAN_POINT('',(1416.567223359,-714.,4.6));
#1597=VERTEX_POINT('',#1596);
#1598=CARTESIAN_POINT('',(1416.567223359,-714.,2.2));
#1599=VERTEX_POINT('',#1598);
#1600=CARTESIAN_POINT('',(1416.567223359,-714.,4.6));
#1601=DIRECTION('',(0.,0.,-1.));
#1602=VECTOR('',#1601,2.4);
#1603=LINE('',#1600,#1602);
#1604=EDGE_CURVE('',#1597,#1599,#1603,.T.);
#1605=ORIENTED_EDGE('',*,*,#1604,.F.);
#1606=CARTESIAN_POINT('',(1411.432776641,-714.,4.6));
#1607=VERTEX_POINT('',#1606);
#1608=CARTESIAN_POINT('',(1416.567223359,-714.,4.6));
#1609=DIRECTION('',(-1.,-0.,0.));
#1610=VECTOR('',#1609,5.134446718);
#1611=LINE('',#1608,#1610);
#1612=EDGE_CURVE('',#1597,#1607,#1611,.T.);
#1613=ORIENTED_EDGE('',*,*,#1612,.T.);
#1614=CARTESIAN_POINT('',(1411.432776641,-714.,2.2));
#1615=VERTEX_POINT('',#1614);
#1616=CARTESIAN_POINT('',(1411.432776641,-714.,2.2));
#1617=DIRECTION('',(-0.,-0.,1.));
#1618=VECTOR('',#1617,2.4);
#1619=LINE('',#1616,#1618);
#1620=EDGE_CURVE('',#1615,#1607,#1619,.T.);
#1621=ORIENTED_EDGE('',*,*,#1620,.F.);
#1622=CARTESIAN_POINT('',(1416.567223359,-714.,2.2));
#1623=DIRECTION('',(-1.,0.,0.));
#1624=VECTOR('',#1623,5.134446718);
#1625=LINE('',#1622,#1624);
#1626=EDGE_CURVE('',#1599,#1615,#1625,.T.);
#1627=ORIENTED_EDGE('',*,*,#1626,.F.);
#1628=EDGE_LOOP('',(#1605,#1613,#1621,#1627));
#1629=FACE_BOUND('',#1628,.T.);
#1630=CARTESIAN_POINT('',(1437.8,-714.,6.8));
#1631=VERTEX_POINT('',#1630);
#1632=CARTESIAN_POINT('',(1390.2,-714.,6.8));
#1633=VERTEX_POINT('',#1632);
#1634=CARTESIAN_POINT('',(1437.8,-714.,6.8));
#1635=DIRECTION('',(-1.,-0.,0.));
#1636=VECTOR('',#1635,47.6);
#1637=LINE('',#1634,#1636);
#1638=EDGE_CURVE('',#1631,#1633,#1637,.T.);
#1639=ORIENTED_EDGE('',*,*,#1638,.F.);
#1640=CARTESIAN_POINT('',(1437.8,-714.,6.8));
#1641=DIRECTION('',(-0.,-0.,-1.));
#1642=VECTOR('',#1641,6.8);
#1643=LINE('',#1640,#1642);
#1644=EDGE_CURVE('',#1631,#73,#1643,.T.);
#1645=ORIENTED_EDGE('',*,*,#1644,.T.);
#1646=ORIENTED_EDGE('',*,*,#80,.T.);
#1647=CARTESIAN_POINT('',(1390.2,-714.,0.));
#1648=DIRECTION('',(0.,0.,1.));
#1649=VECTOR('',#1648,6.8);
#1650=LINE('',#1647,#1649);
#1651=EDGE_CURVE('',#75,#1633,#1650,.T.);
#1652=ORIENTED_EDGE('',*,*,#1651,.T.);
#1653=EDGE_LOOP('',(#1639,#1645,#1646,#1652));
#1654=FACE_BOUND('',#1653,.T.);
#1655=ADVANCED_FACE('',(#1629,#1654),#1595,.F.);
#1656=CARTESIAN_POINT('',(1386.,-735.961522369,6.8));
#1657=DIRECTION('',(1.,0.,0.));
#1658=DIRECTION('',(0.,0.,-1.));
#1659=AXIS2_PLACEMENT_3D('',#1656,#1657,#1658);
#1660=PLANE('',#1659);
#1661=CARTESIAN_POINT('',(1386.,-739.432776641,4.6));
#1662=VERTEX_POINT('',#1661);
#1663=CARTESIAN_POINT('',(1386.,-744.567223359,4.6));
#1664=VERTEX_POINT('',#1663);
#1665=CARTESIAN_POINT('',(1386.,-739.432776641,4.6));
#1666=DIRECTION('',(-0.,-1.,-0.));
#1667=VECTOR('',#1666,5.134446718);
#1668=LINE('',#1665,#1667);
#1669=EDGE_CURVE('',#1662,#1664,#1668,.T.);
#1670=ORIENTED_EDGE('',*,*,#1669,.T.);
#1671=CARTESIAN_POINT('',(1386.,-744.567223359,2.2));
#1672=VERTEX_POINT('',#1671);
#1673=CARTESIAN_POINT('',(1386.,-744.567223359,2.2));
#1674=DIRECTION('',(-0.,-0.,1.));
#1675=VECTOR('',#1674,2.4);
#1676=LINE('',#1673,#1675);
#1677=EDGE_CURVE('',#1672,#1664,#1676,.T.);
#1678=ORIENTED_EDGE('',*,*,#1677,.F.);
#1679=CARTESIAN_POINT('',(1386.,-739.432776641,2.2));
#1680=VERTEX_POINT('',#1679);
#1681=CARTESIAN_POINT('',(1386.,-739.432776641,2.2));
#1682=DIRECTION('',(0.,-1.,0.));
#1683=VECTOR('',#1682,5.134446718);
#1684=LINE('',#1681,#1683);
#1685=EDGE_CURVE('',#1680,#1672,#1684,.T.);
#1686=ORIENTED_EDGE('',*,*,#1685,.F.);
#1687=CARTESIAN_POINT('',(1386.,-739.432776641,4.6));
#1688=DIRECTION('',(0.,0.,-1.));
#1689=VECTOR('',#1688,2.4);
#1690=LINE('',#1687,#1689);
#1691=EDGE_CURVE('',#1662,#1680,#1690,.T.);
#1692=ORIENTED_EDGE('',*,*,#1691,.F.);
#1693=EDGE_LOOP('',(#1670,#1678,#1686,#1692));
#1694=FACE_BOUND('',#1693,.T.);
#1695=CARTESIAN_POINT('',(1386.,-905.8,6.8));
#1696=VERTEX_POINT('',#1695);
#1697=CARTESIAN_POINT('',(1386.,-905.8,0.));
#1698=DIRECTION('',(-0.,-0.,1.));
#1699=VECTOR('',#1698,6.8);
#1700=LINE('',#1697,#1699);
#1701=EDGE_CURVE('',#115,#1696,#1700,.T.);
#1702=ORIENTED_EDGE('',*,*,#1701,.T.);
#1703=CARTESIAN_POINT('',(1386.,-718.2,6.8));
#1704=VERTEX_POINT('',#1703);
#1705=CARTESIAN_POINT('',(1386.,-718.2,6.8));
#1706=DIRECTION('',(-0.,-1.,-0.));
#1707=VECTOR('',#1706,187.6);
#1708=LINE('',#1705,#1707);
#1709=EDGE_CURVE('',#1704,#1696,#1708,.T.);
#1710=ORIENTED_EDGE('',*,*,#1709,.F.);
#1711=CARTESIAN_POINT('',(1386.,-718.2,6.8));
#1712=DIRECTION('',(0.,0.,-1.));
#1713=VECTOR('',#1712,6.8);
#1714=LINE('',#1711,#1713);
#1715=EDGE_CURVE('',#1704,#123,#1714,.T.);
#1716=ORIENTED_EDGE('',*,*,#1715,.T.);
#1717=ORIENTED_EDGE('',*,*,#128,.T.);
#1718=EDGE_LOOP('',(#1702,#1710,#1716,#1717));
#1719=FACE_BOUND('',#1718,.T.);
#1720=CARTESIAN_POINT('',(1386.,-767.432776641,4.6));
#1721=VERTEX_POINT('',#1720);
#1722=CARTESIAN_POINT('',(1386.,-772.567223359,4.6));
#1723=VERTEX_POINT('',#1722);
#1724=CARTESIAN_POINT('',(1386.,-767.432776641,4.6));
#1725=DIRECTION('',(-0.,-1.,-0.));
#1726=VECTOR('',#1725,5.134446718);
#1727=LINE('',#1724,#1726);
#1728=EDGE_CURVE('',#1721,#1723,#1727,.T.);
#1729=ORIENTED_EDGE('',*,*,#1728,.T.);
#1730=CARTESIAN_POINT('',(1386.,-772.567223359,2.2));
#1731=VERTEX_POINT('',#1730);
#1732=CARTESIAN_POINT('',(1386.,-772.567223359,2.2));
#1733=DIRECTION('',(-0.,-0.,1.));
#1734=VECTOR('',#1733,2.4);
#1735=LINE('',#1732,#1734);
#1736=EDGE_CURVE('',#1731,#1723,#1735,.T.);
#1737=ORIENTED_EDGE('',*,*,#1736,.F.);
#1738=CARTESIAN_POINT('',(1386.,-767.432776641,2.2));
#1739=VERTEX_POINT('',#1738);
#1740=CARTESIAN_POINT('',(1386.,-767.432776641,2.2));
#1741=DIRECTION('',(0.,-1.,0.));
#1742=VECTOR('',#1741,5.134446718);
#1743=LINE('',#1740,#1742);
#1744=EDGE_CURVE('',#1739,#1731,#1743,.T.);
#1745=ORIENTED_EDGE('',*,*,#1744,.F.);
#1746=CARTESIAN_POINT('',(1386.,-767.432776641,4.6));
#1747=DIRECTION('',(0.,0.,-1.));
#1748=VECTOR('',#1747,2.4);
#1749=LINE('',#1746,#1748);
#1750=EDGE_CURVE('',#1721,#1739,#1749,.T.);
#1751=ORIENTED_EDGE('',*,*,#1750,.F.);
#1752=EDGE_LOOP('',(#1729,#1737,#1745,#1751));
#1753=FACE_BOUND('',#1752,.T.);
#1754=CARTESIAN_POINT('',(1386.,-795.432776641,4.6));
#1755=VERTEX_POINT('',#1754);
#1756=CARTESIAN_POINT('',(1386.,-800.567223359,4.6));
#1757=VERTEX_POINT('',#1756);
#1758=CARTESIAN_POINT('',(1386.,-795.432776641,4.6));
#1759=DIRECTION('',(-0.,-1.,-0.));
#1760=VECTOR('',#1759,5.134446718);
#1761=LINE('',#1758,#1760);
#1762=EDGE_CURVE('',#1755,#1757,#1761,.T.);
#1763=ORIENTED_EDGE('',*,*,#1762,.T.);
#1764=CARTESIAN_POINT('',(1386.,-800.567223359,2.2));
#1765=VERTEX_POINT('',#1764);
#1766=CARTESIAN_POINT('',(1386.,-800.567223359,2.2));
#1767=DIRECTION('',(-0.,-0.,1.));
#1768=VECTOR('',#1767,2.4);
#1769=LINE('',#1766,#1768);
#1770=EDGE_CURVE('',#1765,#1757,#1769,.T.);
#1771=ORIENTED_EDGE('',*,*,#1770,.F.);
#1772=CARTESIAN_POINT('',(1386.,-795.432776641,2.2));
#1773=VERTEX_POINT('',#1772);
#1774=CARTESIAN_POINT('',(1386.,-795.432776641,2.2));
#1775=DIRECTION('',(0.,-1.,0.));
#1776=VECTOR('',#1775,5.134446718);
#1777=LINE('',#1774,#1776);
#1778=EDGE_CURVE('',#1773,#1765,#1777,.T.);
#1779=ORIENTED_EDGE('',*,*,#1778,.F.);
#1780=CARTESIAN_POINT('',(1386.,-795.432776641,4.6));
#1781=DIRECTION('',(0.,0.,-1.));
#1782=VECTOR('',#1781,2.4);
#1783=LINE('',#1780,#1782);
#1784=EDGE_CURVE('',#1755,#1773,#1783,.T.);
#1785=ORIENTED_EDGE('',*,*,#1784,.F.);
#1786=EDGE_LOOP('',(#1763,#1771,#1779,#1785));
#1787=FACE_BOUND('',#1786,.T.);
#1788=CARTESIAN_POINT('',(1386.,-823.432776641,4.6));
#1789=VERTEX_POINT('',#1788);
#1790=CARTESIAN_POINT('',(1386.,-828.567223359,4.6));
#1791=VERTEX_POINT('',#1790);
#1792=CARTESIAN_POINT('',(1386.,-823.432776641,4.6));
#1793=DIRECTION('',(-0.,-1.,-0.));
#1794=VECTOR('',#1793,5.134446718);
#1795=LINE('',#1792,#1794);
#1796=EDGE_CURVE('',#1789,#1791,#1795,.T.);
#1797=ORIENTED_EDGE('',*,*,#1796,.T.);
#1798=CARTESIAN_POINT('',(1386.,-828.567223359,2.2));
#1799=VERTEX_POINT('',#1798);
#1800=CARTESIAN_POINT('',(1386.,-828.567223359,2.2));
#1801=DIRECTION('',(-0.,-0.,1.));
#1802=VECTOR('',#1801,2.4);
#1803=LINE('',#1800,#1802);
#1804=EDGE_CURVE('',#1799,#1791,#1803,.T.);
#1805=ORIENTED_EDGE('',*,*,#1804,.F.);
#1806=CARTESIAN_POINT('',(1386.,-823.432776641,2.2));
#1807=VERTEX_POINT('',#1806);
#1808=CARTESIAN_POINT('',(1386.,-823.432776641,2.2));
#1809=DIRECTION('',(0.,-1.,0.));
#1810=VECTOR('',#1809,5.134446718);
#1811=LINE('',#1808,#1810);
#1812=EDGE_CURVE('',#1807,#1799,#1811,.T.);
#1813=ORIENTED_EDGE('',*,*,#1812,.F.);
#1814=CARTESIAN_POINT('',(1386.,-823.432776641,4.6));
#1815=DIRECTION('',(0.,0.,-1.));
#1816=VECTOR('',#1815,2.4);
#1817=LINE('',#1814,#1816);
#1818=EDGE_CURVE('',#1789,#1807,#1817,.T.);
#1819=ORIENTED_EDGE('',*,*,#1818,.F.);
#1820=EDGE_LOOP('',(#1797,#1805,#1813,#1819));
#1821=FACE_BOUND('',#1820,.T.);
#1822=CARTESIAN_POINT('',(1386.,-879.432776641,4.6));
#1823=VERTEX_POINT('',#1822);
#1824=CARTESIAN_POINT('',(1386.,-879.432776641,2.2));
#1825=VERTEX_POINT('',#1824);
#1826=CARTESIAN_POINT('',(1386.,-879.432776641,4.6));
#1827=DIRECTION('',(0.,0.,-1.));
#1828=VECTOR('',#1827,2.4);
#1829=LINE('',#1826,#1828);
#1830=EDGE_CURVE('',#1823,#1825,#1829,.T.);
#1831=ORIENTED_EDGE('',*,*,#1830,.F.);
#1832=CARTESIAN_POINT('',(1386.,-884.567223359,4.6));
#1833=VERTEX_POINT('',#1832);
#1834=CARTESIAN_POINT('',(1386.,-879.432776641,4.6));
#1835=DIRECTION('',(-0.,-1.,-0.));
#1836=VECTOR('',#1835,5.134446718);
#1837=LINE('',#1834,#1836);
#1838=EDGE_CURVE('',#1823,#1833,#1837,.T.);
#1839=ORIENTED_EDGE('',*,*,#1838,.T.);
#1840=CARTESIAN_POINT('',(1386.,-884.567223359,2.2));
#1841=VERTEX_POINT('',#1840);
#1842=CARTESIAN_POINT('',(1386.,-884.567223359,2.2));
#1843=DIRECTION('',(-0.,-0.,1.));
#1844=VECTOR('',#1843,2.4);
#1845=LINE('',#1842,#1844);
#1846=EDGE_CURVE('',#1841,#1833,#1845,.T.);
#1847=ORIENTED_EDGE('',*,*,#1846,.F.);
#1848=CARTESIAN_POINT('',(1386.,-879.432776641,2.2));
#1849=DIRECTION('',(0.,-1.,0.));
#1850=VECTOR('',#1849,5.134446718);
#1851=LINE('',#1848,#1850);
#1852=EDGE_CURVE('',#1825,#1841,#1851,.T.);
#1853=ORIENTED_EDGE('',*,*,#1852,.F.);
#1854=EDGE_LOOP('',(#1831,#1839,#1847,#1853));
#1855=FACE_BOUND('',#1854,.T.);
#1856=CARTESIAN_POINT('',(1386.,-851.432776641,4.6));
#1857=VERTEX_POINT('',#1856);
#1858=CARTESIAN_POINT('',(1386.,-856.567223359,4.6));
#1859=VERTEX_POINT('',#1858);
#1860=CARTESIAN_POINT('',(1386.,-851.432776641,4.6));
#1861=DIRECTION('',(-0.,-1.,-0.));
#1862=VECTOR('',#1861,5.134446718);
#1863=LINE('',#1860,#1862);
#1864=EDGE_CURVE('',#1857,#1859,#1863,.T.);
#1865=ORIENTED_EDGE('',*,*,#1864,.T.);
#1866=CARTESIAN_POINT('',(1386.,-856.567223359,2.2));
#1867=VERTEX_POINT('',#1866);
#1868=CARTESIAN_POINT('',(1386.,-856.567223359,2.2));
#1869=DIRECTION('',(-0.,-0.,1.));
#1870=VECTOR('',#1869,2.4);
#1871=LINE('',#1868,#1870);
#1872=EDGE_CURVE('',#1867,#1859,#1871,.T.);
#1873=ORIENTED_EDGE('',*,*,#1872,.F.);
#1874=CARTESIAN_POINT('',(1386.,-851.432776641,2.2));
#1875=VERTEX_POINT('',#1874);
#1876=CARTESIAN_POINT('',(1386.,-851.432776641,2.2));
#1877=DIRECTION('',(0.,-1.,0.));
#1878=VECTOR('',#1877,5.134446718);
#1879=LINE('',#1876,#1878);
#1880=EDGE_CURVE('',#1875,#1867,#1879,.T.);
#1881=ORIENTED_EDGE('',*,*,#1880,.F.);
#1882=CARTESIAN_POINT('',(1386.,-851.432776641,4.6));
#1883=DIRECTION('',(0.,0.,-1.));
#1884=VECTOR('',#1883,2.4);
#1885=LINE('',#1882,#1884);
#1886=EDGE_CURVE('',#1857,#1875,#1885,.T.);
#1887=ORIENTED_EDGE('',*,*,#1886,.F.);
#1888=EDGE_LOOP('',(#1865,#1873,#1881,#1887));
#1889=FACE_BOUND('',#1888,.T.);
#1890=ADVANCED_FACE('',(#1694,#1719,#1753,#1787,#1821,#1855,#1889),#1660,.F.);
#1891=CARTESIAN_POINT('',(1400.,-728.,6.8));
#1892=DIRECTION('',(0.,0.,1.));
#1893=DIRECTION('',(1.,0.,0.));
#1894=AXIS2_PLACEMENT_3D('',#1891,#1892,#1893);
#1895=PLANE('',#1894);
#1896=CARTESIAN_POINT('',(1387.1,-737.202943725,6.8));
#1897=VERTEX_POINT('',#1896);
#1898=CARTESIAN_POINT('',(1387.1,-718.797056275,6.8));
#1899=VERTEX_POINT('',#1898);
#1900=CARTESIAN_POINT('',(1387.1,-737.202943725,6.8));
#1901=DIRECTION('',(0.,1.,0.));
#1902=VECTOR('',#1901,18.40588745);
#1903=LINE('',#1900,#1902);
#1904=EDGE_CURVE('',#1897,#1899,#1903,.T.);
#1905=ORIENTED_EDGE('',*,*,#1904,.T.);
#1906=CARTESIAN_POINT('',(1390.797056275,-715.1,6.8));
#1907=VERTEX_POINT('',#1906);
#1908=CARTESIAN_POINT('',(1387.1,-718.797056275,6.8));
#1909=DIRECTION('',(0.707106781,0.707106781,0.));
#1910=VECTOR('',#1909,5.228427125);
#1911=LINE('',#1908,#1910);
#1912=EDGE_CURVE('',#1899,#1907,#1911,.T.);
#1913=ORIENTED_EDGE('',*,*,#1912,.T.);
#1914=CARTESIAN_POINT('',(1409.202943725,-715.1,6.8));
#1915=VERTEX_POINT('',#1914);
#1916=CARTESIAN_POINT('',(1390.797056275,-715.1,6.8));
#1917=DIRECTION('',(1.,0.,-0.));
#1918=VECTOR('',#1917,18.40588745);
#1919=LINE('',#1916,#1918);
#1920=EDGE_CURVE('',#1907,#1915,#1919,.T.);
#1921=ORIENTED_EDGE('',*,*,#1920,.T.);
#1922=CARTESIAN_POINT('',(1412.9,-718.797056275,6.8));
#1923=VERTEX_POINT('',#1922);
#1924=CARTESIAN_POINT('',(1409.202943725,-715.1,6.8));
#1925=DIRECTION('',(0.707106781,-0.707106781,0.));
#1926=VECTOR('',#1925,5.228427125);
#1927=LINE('',#1924,#1926);
#1928=EDGE_CURVE('',#1915,#1923,#1927,.T.);
#1929=ORIENTED_EDGE('',*,*,#1928,.T.);
#1930=CARTESIAN_POINT('',(1412.9,-737.202943725,6.8));
#1931=VERTEX_POINT('',#1930);
#1932=CARTESIAN_POINT('',(1412.9,-718.797056275,6.8));
#1933=DIRECTION('',(-0.,-1.,-0.));
#1934=VECTOR('',#1933,18.40588745);
#1935=LINE('',#1932,#1934);
#1936=EDGE_CURVE('',#1923,#1931,#1935,.T.);
#1937=ORIENTED_EDGE('',*,*,#1936,.T.);
#1938=CARTESIAN_POINT('',(1409.202943725,-740.9,6.8));
#1939=VERTEX_POINT('',#1938);
#1940=CARTESIAN_POINT('',(1412.9,-737.202943725,6.8));
#1941=DIRECTION('',(-0.707106781,-0.707106781,0.));
#1942=VECTOR('',#1941,5.228427125);
#1943=LINE('',#1940,#1942);
#1944=EDGE_CURVE('',#1931,#1939,#1943,.T.);
#1945=ORIENTED_EDGE('',*,*,#1944,.T.);
#1946=CARTESIAN_POINT('',(1390.797056275,-740.9,6.8));
#1947=VERTEX_POINT('',#1946);
#1948=CARTESIAN_POINT('',(1409.202943725,-740.9,6.8));
#1949=DIRECTION('',(-1.,-0.,0.));
#1950=VECTOR('',#1949,18.40588745);
#1951=LINE('',#1948,#1950);
#1952=EDGE_CURVE('',#1939,#1947,#1951,.T.);
#1953=ORIENTED_EDGE('',*,*,#1952,.T.);
#1954=CARTESIAN_POINT('',(1390.797056275,-740.9,6.8));
#1955=DIRECTION('',(-0.707106781,0.707106781,0.));
#1956=VECTOR('',#1955,5.228427125);
#1957=LINE('',#1954,#1956);
#1958=EDGE_CURVE('',#1947,#1897,#1957,.T.);
#1959=ORIENTED_EDGE('',*,*,#1958,.T.);
#1960=EDGE_LOOP('',(#1905,#1913,#1921,#1929,#1937,#1945,#1953,#1959));
#1961=FACE_BOUND('',#1960,.T.);
#1962=ORIENTED_EDGE('',*,*,#1638,.T.);
#1963=CARTESIAN_POINT('',(1390.2,-714.,6.8));
#1964=DIRECTION('',(-0.707106781,-0.707106781,0.));
#1965=VECTOR('',#1964,5.939696962);
#1966=LINE('',#1963,#1965);
#1967=EDGE_CURVE('',#1633,#1704,#1966,.T.);
#1968=ORIENTED_EDGE('',*,*,#1967,.T.);
#1969=ORIENTED_EDGE('',*,*,#1709,.T.);
#1970=CARTESIAN_POINT('',(1390.2,-910.,6.8));
#1971=VERTEX_POINT('',#1970);
#1972=CARTESIAN_POINT('',(1386.,-905.8,6.8));
#1973=DIRECTION('',(0.707106781,-0.707106781,0.));
#1974=VECTOR('',#1973,5.939696962);
#1975=LINE('',#1972,#1974);
#1976=EDGE_CURVE('',#1696,#1971,#1975,.T.);
#1977=ORIENTED_EDGE('',*,*,#1976,.T.);
#1978=CARTESIAN_POINT('',(1437.8,-910.,6.8));
#1979=VERTEX_POINT('',#1978);
#1980=CARTESIAN_POINT('',(1390.2,-910.,6.8));
#1981=DIRECTION('',(1.,0.,-0.));
#1982=VECTOR('',#1981,47.6);
#1983=LINE('',#1980,#1982);
#1984=EDGE_CURVE('',#1971,#1979,#1983,.T.);
#1985=ORIENTED_EDGE('',*,*,#1984,.T.);
#1986=CARTESIAN_POINT('',(1442.,-905.8,6.8));
#1987=VERTEX_POINT('',#1986);
#1988=CARTESIAN_POINT('',(1437.8,-910.,6.8));
#1989=DIRECTION('',(0.707106781,0.707106781,0.));
#1990=VECTOR('',#1989,5.939696962);
#1991=LINE('',#1988,#1990);
#1992=EDGE_CURVE('',#1979,#1987,#1991,.T.);
#1993=ORIENTED_EDGE('',*,*,#1992,.T.);
#1994=CARTESIAN_POINT('',(1442.,-718.2,6.8));
#1995=VERTEX_POINT('',#1994);
#1996=CARTESIAN_POINT('',(1442.,-905.8,6.8));
#1997=DIRECTION('',(0.,1.,0.));
#1998=VECTOR('',#1997,187.6);
#1999=LINE('',#1996,#1998);
#2000=EDGE_CURVE('',#1987,#1995,#1999,.T.);
#2001=ORIENTED_EDGE('',*,*,#2000,.T.);
#2002=CARTESIAN_POINT('',(1442.,-718.2,6.8));
#2003=DIRECTION('',(-0.707106781,0.707106781,0.));
#2004=VECTOR('',#2003,5.939696962);
#2005=LINE('',#2002,#2004);
#2006=EDGE_CURVE('',#1995,#1631,#2005,.T.);
#2007=ORIENTED_EDGE('',*,*,#2006,.T.);
#2008=EDGE_LOOP('',(#1962,#1968,#1969,#1977,#1985,#1993,#2001,#2007));
#2009=FACE_BOUND('',#2008,.T.);
#2010=CARTESIAN_POINT('',(1387.1,-765.202943725,6.8));
#2011=VERTEX_POINT('',#2010);
#2012=CARTESIAN_POINT('',(1387.1,-746.797056275,6.8));
#2013=VERTEX_POINT('',#2012);
#2014=CARTESIAN_POINT('',(1387.1,-765.202943725,6.8));
#2015=DIRECTION('',(0.,1.,0.));
#2016=VECTOR('',#2015,18.40588745);
#2017=LINE('',#2014,#2016);
#2018=EDGE_CURVE('',#2011,#2013,#2017,.T.);
#2019=ORIENTED_EDGE('',*,*,#2018,.T.);
#2020=CARTESIAN_POINT('',(1390.797056275,-743.1,6.8));
#2021=VERTEX_POINT('',#2020);
#2022=CARTESIAN_POINT('',(1387.1,-746.797056275,6.8));
#2023=DIRECTION('',(0.707106781,0.707106781,0.));
#2024=VECTOR('',#2023,5.228427125);
#2025=LINE('',#2022,#2024);
#2026=EDGE_CURVE('',#2013,#2021,#2025,.T.);
#2027=ORIENTED_EDGE('',*,*,#2026,.T.);
#2028=CARTESIAN_POINT('',(1409.202943725,-743.1,6.8));
#2029=VERTEX_POINT('',#2028);
#2030=CARTESIAN_POINT('',(1390.797056275,-743.1,6.8));
#2031=DIRECTION('',(1.,0.,-0.));
#2032=VECTOR('',#2031,18.40588745);
#2033=LINE('',#2030,#2032);
#2034=EDGE_CURVE('',#2021,#2029,#2033,.T.);
#2035=ORIENTED_EDGE('',*,*,#2034,.T.);
#2036=CARTESIAN_POINT('',(1412.9,-746.797056275,6.8));
#2037=VERTEX_POINT('',#2036);
#2038=CARTESIAN_POINT('',(1409.202943725,-743.1,6.8));
#2039=DIRECTION('',(0.707106781,-0.707106781,0.));
#2040=VECTOR('',#2039,5.228427125);
#2041=LINE('',#2038,#2040);
#2042=EDGE_CURVE('',#2029,#2037,#2041,.T.);
#2043=ORIENTED_EDGE('',*,*,#2042,.T.);
#2044=CARTESIAN_POINT('',(1412.9,-765.202943725,6.8));
#2045=VERTEX_POINT('',#2044);
#2046=CARTESIAN_POINT('',(1412.9,-746.797056275,6.8));
#2047=DIRECTION('',(-0.,-1.,-0.));
#2048=VECTOR('',#2047,18.40588745);
#2049=LINE('',#2046,#2048);
#2050=EDGE_CURVE('',#2037,#2045,#2049,.T.);
#2051=ORIENTED_EDGE('',*,*,#2050,.T.);
#2052=CARTESIAN_POINT('',(1409.202943725,-768.9,6.8));
#2053=VERTEX_POINT('',#2052);
#2054=CARTESIAN_POINT('',(1412.9,-765.202943725,6.8));
#2055=DIRECTION('',(-0.707106781,-0.707106781,0.));
#2056=VECTOR('',#2055,5.228427125);
#2057=LINE('',#2054,#2056);
#2058=EDGE_CURVE('',#2045,#2053,#2057,.T.);
#2059=ORIENTED_EDGE('',*,*,#2058,.T.);
#2060=CARTESIAN_POINT('',(1390.797056275,-768.9,6.8));
#2061=VERTEX_POINT('',#2060);
#2062=CARTESIAN_POINT('',(1409.202943725,-768.9,6.8));
#2063=DIRECTION('',(-1.,-0.,0.));
#2064=VECTOR('',#2063,18.40588745);
#2065=LINE('',#2062,#2064);
#2066=EDGE_CURVE('',#2053,#2061,#2065,.T.);
#2067=ORIENTED_EDGE('',*,*,#2066,.T.);
#2068=CARTESIAN_POINT('',(1390.797056275,-768.9,6.8));
#2069=DIRECTION('',(-0.707106781,0.707106781,0.));
#2070=VECTOR('',#2069,5.228427125);
#2071=LINE('',#2068,#2070);
#2072=EDGE_CURVE('',#2061,#2011,#2071,.T.);
#2073=ORIENTED_EDGE('',*,*,#2072,.T.);
#2074=EDGE_LOOP('',(#2019,#2027,#2035,#2043,#2051,#2059,#2067,#2073));
#2075=FACE_BOUND('',#2074,.T.);
#2076=CARTESIAN_POINT('',(1387.1,-793.202943725,6.8));
#2077=VERTEX_POINT('',#2076);
#2078=CARTESIAN_POINT('',(1387.1,-774.797056275,6.8));
#2079=VERTEX_POINT('',#2078);
#2080=CARTESIAN_POINT('',(1387.1,-793.202943725,6.8));
#2081=DIRECTION('',(0.,1.,0.));
#2082=VECTOR('',#2081,18.40588745);
#2083=LINE('',#2080,#2082);
#2084=EDGE_CURVE('',#2077,#2079,#2083,.T.);
#2085=ORIENTED_EDGE('',*,*,#2084,.T.);
#2086=CARTESIAN_POINT('',(1390.797056275,-771.1,6.8));
#2087=VERTEX_POINT('',#2086);
#2088=CARTESIAN_POINT('',(1387.1,-774.797056275,6.8));
#2089=DIRECTION('',(0.707106781,0.707106781,0.));
#2090=VECTOR('',#2089,5.228427125);
#2091=LINE('',#2088,#2090);
#2092=EDGE_CURVE('',#2079,#2087,#2091,.T.);
#2093=ORIENTED_EDGE('',*,*,#2092,.T.);
#2094=CARTESIAN_POINT('',(1409.202943725,-771.1,6.8));
#2095=VERTEX_POINT('',#2094);
#2096=CARTESIAN_POINT('',(1390.797056275,-771.1,6.8));
#2097=DIRECTION('',(1.,0.,-0.));
#2098=VECTOR('',#2097,18.40588745);
#2099=LINE('',#2096,#2098);
#2100=EDGE_CURVE('',#2087,#2095,#2099,.T.);
#2101=ORIENTED_EDGE('',*,*,#2100,.T.);
#2102=CARTESIAN_POINT('',(1412.9,-774.797056275,6.8));
#2103=VERTEX_POINT('',#2102);
#2104=CARTESIAN_POINT('',(1409.202943725,-771.1,6.8));
#2105=DIRECTION('',(0.707106781,-0.707106781,0.));
#2106=VECTOR('',#2105,5.228427125);
#2107=LINE('',#2104,#2106);
#2108=EDGE_CURVE('',#2095,#2103,#2107,.T.);
#2109=ORIENTED_EDGE('',*,*,#2108,.T.);
#2110=CARTESIAN_POINT('',(1412.9,-793.202943725,6.8));
#2111=VERTEX_POINT('',#2110);
#2112=CARTESIAN_POINT('',(1412.9,-774.797056275,6.8));
#2113=DIRECTION('',(-0.,-1.,-0.));
#2114=VECTOR('',#2113,18.40588745);
#2115=LINE('',#2112,#2114);
#2116=EDGE_CURVE('',#2103,#2111,#2115,.T.);
#2117=ORIENTED_EDGE('',*,*,#2116,.T.);
#2118=CARTESIAN_POINT('',(1409.202943725,-796.9,6.8));
#2119=VERTEX_POINT('',#2118);
#2120=CARTESIAN_POINT('',(1412.9,-793.202943725,6.8));
#2121=DIRECTION('',(-0.707106781,-0.707106781,0.));
#2122=VECTOR('',#2121,5.228427125);
#2123=LINE('',#2120,#2122);
#2124=EDGE_CURVE('',#2111,#2119,#2123,.T.);
#2125=ORIENTED_EDGE('',*,*,#2124,.T.);
#2126=CARTESIAN_POINT('',(1390.797056275,-796.9,6.8));
#2127=VERTEX_POINT('',#2126);
#2128=CARTESIAN_POINT('',(1409.202943725,-796.9,6.8));
#2129=DIRECTION('',(-1.,-0.,0.));
#2130=VECTOR('',#2129,18.40588745);
#2131=LINE('',#2128,#2130);
#2132=EDGE_CURVE('',#2119,#2127,#2131,.T.);
#2133=ORIENTED_EDGE('',*,*,#2132,.T.);
#2134=CARTESIAN_POINT('',(1390.797056275,-796.9,6.8));
#2135=DIRECTION('',(-0.707106781,0.707106781,0.));
#2136=VECTOR('',#2135,5.228427125);
#2137=LINE('',#2134,#2136);
#2138=EDGE_CURVE('',#2127,#2077,#2137,.T.);
#2139=ORIENTED_EDGE('',*,*,#2138,.T.);
#2140=EDGE_LOOP('',(#2085,#2093,#2101,#2109,#2117,#2125,#2133,#2139));
#2141=FACE_BOUND('',#2140,.T.);
#2142=CARTESIAN_POINT('',(1387.1,-821.202943725,6.8));
#2143=VERTEX_POINT('',#2142);
#2144=CARTESIAN_POINT('',(1387.1,-802.797056275,6.8));
#2145=VERTEX_POINT('',#2144);
#2146=CARTESIAN_POINT('',(1387.1,-821.202943725,6.8));
#2147=DIRECTION('',(0.,1.,0.));
#2148=VECTOR('',#2147,18.40588745);
#2149=LINE('',#2146,#2148);
#2150=EDGE_CURVE('',#2143,#2145,#2149,.T.);
#2151=ORIENTED_EDGE('',*,*,#2150,.T.);
#2152=CARTESIAN_POINT('',(1390.797056275,-799.1,6.8));
#2153=VERTEX_POINT('',#2152);
#2154=CARTESIAN_POINT('',(1387.1,-802.797056275,6.8));
#2155=DIRECTION('',(0.707106781,0.707106781,0.));
#2156=VECTOR('',#2155,5.228427125);
#2157=LINE('',#2154,#2156);
#2158=EDGE_CURVE('',#2145,#2153,#2157,.T.);
#2159=ORIENTED_EDGE('',*,*,#2158,.T.);
#2160=CARTESIAN_POINT('',(1409.202943725,-799.1,6.8));
#2161=VERTEX_POINT('',#2160);
#2162=CARTESIAN_POINT('',(1390.797056275,-799.1,6.8));
#2163=DIRECTION('',(1.,0.,-0.));
#2164=VECTOR('',#2163,18.40588745);
#2165=LINE('',#2162,#2164);
#2166=EDGE_CURVE('',#2153,#2161,#2165,.T.);
#2167=ORIENTED_EDGE('',*,*,#2166,.T.);
#2168=CARTESIAN_POINT('',(1412.9,-802.797056275,6.8));
#2169=VERTEX_POINT('',#2168);
#2170=CARTESIAN_POINT('',(1409.202943725,-799.1,6.8));
#2171=DIRECTION('',(0.707106781,-0.707106781,0.));
#2172=VECTOR('',#2171,5.228427125);
#2173=LINE('',#2170,#2172);
#2174=EDGE_CURVE('',#2161,#2169,#2173,.T.);
#2175=ORIENTED_EDGE('',*,*,#2174,.T.);
#2176=CARTESIAN_POINT('',(1412.9,-821.202943725,6.8));
#2177=VERTEX_POINT('',#2176);
#2178=CARTESIAN_POINT('',(1412.9,-802.797056275,6.8));
#2179=DIRECTION('',(-0.,-1.,-0.));
#2180=VECTOR('',#2179,18.40588745);
#2181=LINE('',#2178,#2180);
#2182=EDGE_CURVE('',#2169,#2177,#2181,.T.);
#2183=ORIENTED_EDGE('',*,*,#2182,.T.);
#2184=CARTESIAN_POINT('',(1409.202943725,-824.9,6.8));
#2185=VERTEX_POINT('',#2184);
#2186=CARTESIAN_POINT('',(1412.9,-821.202943725,6.8));
#2187=DIRECTION('',(-0.707106781,-0.707106781,0.));
#2188=VECTOR('',#2187,5.228427125);
#2189=LINE('',#2186,#2188);
#2190=EDGE_CURVE('',#2177,#2185,#2189,.T.);
#2191=ORIENTED_EDGE('',*,*,#2190,.T.);
#2192=CARTESIAN_POINT('',(1390.797056275,-824.9,6.8));
#2193=VERTEX_POINT('',#2192);
#2194=CARTESIAN_POINT('',(1409.202943725,-824.9,6.8));
#2195=DIRECTION('',(-1.,-0.,0.));
#2196=VECTOR('',#2195,18.40588745);
#2197=LINE('',#2194,#2196);
#2198=EDGE_CURVE('',#2185,#2193,#2197,.T.);
#2199=ORIENTED_EDGE('',*,*,#2198,.T.);
#2200=CARTESIAN_POINT('',(1390.797056275,-824.9,6.8));
#2201=DIRECTION('',(-0.707106781,0.707106781,0.));
#2202=VECTOR('',#2201,5.228427125);
#2203=LINE('',#2200,#2202);
#2204=EDGE_CURVE('',#2193,#2143,#2203,.T.);
#2205=ORIENTED_EDGE('',*,*,#2204,.T.);
#2206=EDGE_LOOP('',(#2151,#2159,#2167,#2175,#2183,#2191,#2199,#2205));
#2207=FACE_BOUND('',#2206,.T.);
#2208=CARTESIAN_POINT('',(1387.1,-905.202943725,6.8));
#2209=VERTEX_POINT('',#2208);
#2210=CARTESIAN_POINT('',(1387.1,-886.797056275,6.8));
#2211=VERTEX_POINT('',#2210);
#2212=CARTESIAN_POINT('',(1387.1,-905.202943725,6.8));
#2213=DIRECTION('',(0.,1.,0.));
#2214=VECTOR('',#2213,18.40588745);
#2215=LINE('',#2212,#2214);
#2216=EDGE_CURVE('',#2209,#2211,#2215,.T.);
#2217=ORIENTED_EDGE('',*,*,#2216,.T.);
#2218=CARTESIAN_POINT('',(1390.797056275,-883.1,6.8));
#2219=VERTEX_POINT('',#2218);
#2220=CARTESIAN_POINT('',(1387.1,-886.797056275,6.8));
#2221=DIRECTION('',(0.707106781,0.707106781,0.));
#2222=VECTOR('',#2221,5.228427125);
#2223=LINE('',#2220,#2222);
#2224=EDGE_CURVE('',#2211,#2219,#2223,.T.);
#2225=ORIENTED_EDGE('',*,*,#2224,.T.);
#2226=CARTESIAN_POINT('',(1409.202943725,-883.1,6.8));
#2227=VERTEX_POINT('',#2226);
#2228=CARTESIAN_POINT('',(1390.797056275,-883.1,6.8));
#2229=DIRECTION('',(1.,0.,-0.));
#2230=VECTOR('',#2229,18.40588745);
#2231=LINE('',#2228,#2230);
#2232=EDGE_CURVE('',#2219,#2227,#2231,.T.);
#2233=ORIENTED_EDGE('',*,*,#2232,.T.);
#2234=CARTESIAN_POINT('',(1412.9,-886.797056275,6.8));
#2235=VERTEX_POINT('',#2234);
#2236=CARTESIAN_POINT('',(1409.202943725,-883.1,6.8));
#2237=DIRECTION('',(0.707106781,-0.707106781,0.));
#2238=VECTOR('',#2237,5.228427125);
#2239=LINE('',#2236,#2238);
#2240=EDGE_CURVE('',#2227,#2235,#2239,.T.);
#2241=ORIENTED_EDGE('',*,*,#2240,.T.);
#2242=CARTESIAN_POINT('',(1412.9,-905.202943725,6.8));
#2243=VERTEX_POINT('',#2242);
#2244=CARTESIAN_POINT('',(1412.9,-886.797056275,6.8));
#2245=DIRECTION('',(-0.,-1.,-0.));
#2246=VECTOR('',#2245,18.40588745);
#2247=LINE('',#2244,#2246);
#2248=EDGE_CURVE('',#2235,#2243,#2247,.T.);
#2249=ORIENTED_EDGE('',*,*,#2248,.T.);
#2250=CARTESIAN_POINT('',(1409.202943725,-908.9,6.8));
#2251=VERTEX_POINT('',#2250);
#2252=CARTESIAN_POINT('',(1412.9,-905.202943725,6.8));
#2253=DIRECTION('',(-0.707106781,-0.707106781,0.));
#2254=VECTOR('',#2253,5.228427125);
#2255=LINE('',#2252,#2254);
#2256=EDGE_CURVE('',#2243,#2251,#2255,.T.);
#2257=ORIENTED_EDGE('',*,*,#2256,.T.);
#2258=CARTESIAN_POINT('',(1390.797056275,-908.9,6.8));
#2259=VERTEX_POINT('',#2258);
#2260=CARTESIAN_POINT('',(1409.202943725,-908.9,6.8));
#2261=DIRECTION('',(-1.,-0.,0.));
#2262=VECTOR('',#2261,18.40588745);
#2263=LINE('',#2260,#2262);
#2264=EDGE_CURVE('',#2251,#2259,#2263,.T.);
#2265=ORIENTED_EDGE('',*,*,#2264,.T.);
#2266=CARTESIAN_POINT('',(1390.797056275,-908.9,6.8));
#2267=DIRECTION('',(-0.707106781,0.707106781,0.));
#2268=VECTOR('',#2267,5.228427125);
#2269=LINE('',#2266,#2268);
#2270=EDGE_CURVE('',#2259,#2209,#2269,.T.);
#2271=ORIENTED_EDGE('',*,*,#2270,.T.);
#2272=EDGE_LOOP('',(#2217,#2225,#2233,#2241,#2249,#2257,#2265,#2271));
#2273=FACE_BOUND('',#2272,.T.);
#2274=CARTESIAN_POINT('',(1415.1,-737.202943725,6.8));
#2275=VERTEX_POINT('',#2274);
#2276=CARTESIAN_POINT('',(1415.1,-718.797056275,6.8));
#2277=VERTEX_POINT('',#2276);
#2278=CARTESIAN_POINT('',(1415.1,-737.202943725,6.8));
#2279=DIRECTION('',(0.,1.,0.));
#2280=VECTOR('',#2279,18.40588745);
#2281=LINE('',#2278,#2280);
#2282=EDGE_CURVE('',#2275,#2277,#2281,.T.);
#2283=ORIENTED_EDGE('',*,*,#2282,.T.);
#2284=CARTESIAN_POINT('',(1418.797056275,-715.1,6.8));
#2285=VERTEX_POINT('',#2284);
#2286=CARTESIAN_POINT('',(1415.1,-718.797056275,6.8));
#2287=DIRECTION('',(0.707106781,0.707106781,0.));
#2288=VECTOR('',#2287,5.228427125);
#2289=LINE('',#2286,#2288);
#2290=EDGE_CURVE('',#2277,#2285,#2289,.T.);
#2291=ORIENTED_EDGE('',*,*,#2290,.T.);
#2292=CARTESIAN_POINT('',(1437.202943725,-715.1,6.8));
#2293=VERTEX_POINT('',#2292);
#2294=CARTESIAN_POINT('',(1418.797056275,-715.1,6.8));
#2295=DIRECTION('',(1.,0.,-0.));
#2296=VECTOR('',#2295,18.40588745);
#2297=LINE('',#2294,#2296);
#2298=EDGE_CURVE('',#2285,#2293,#2297,.T.);
#2299=ORIENTED_EDGE('',*,*,#2298,.T.);
#2300=CARTESIAN_POINT('',(1440.9,-718.797056275,6.8));
#2301=VERTEX_POINT('',#2300);
#2302=CARTESIAN_POINT('',(1437.202943725,-715.1,6.8));
#2303=DIRECTION('',(0.707106781,-0.707106781,0.));
#2304=VECTOR('',#2303,5.228427125);
#2305=LINE('',#2302,#2304);
#2306=EDGE_CURVE('',#2293,#2301,#2305,.T.);
#2307=ORIENTED_EDGE('',*,*,#2306,.T.);
#2308=CARTESIAN_POINT('',(1440.9,-737.202943725,6.8));
#2309=VERTEX_POINT('',#2308);
#2310=CARTESIAN_POINT('',(1440.9,-718.797056275,6.8));
#2311=DIRECTION('',(-0.,-1.,-0.));
#2312=VECTOR('',#2311,18.40588745);
#2313=LINE('',#2310,#2312);
#2314=EDGE_CURVE('',#2301,#2309,#2313,.T.);
#2315=ORIENTED_EDGE('',*,*,#2314,.T.);
#2316=CARTESIAN_POINT('',(1437.202943725,-740.9,6.8));
#2317=VERTEX_POINT('',#2316);
#2318=CARTESIAN_POINT('',(1440.9,-737.202943725,6.8));
#2319=DIRECTION('',(-0.707106781,-0.707106781,0.));
#2320=VECTOR('',#2319,5.228427125);
#2321=LINE('',#2318,#2320);
#2322=EDGE_CURVE('',#2309,#2317,#2321,.T.);
#2323=ORIENTED_EDGE('',*,*,#2322,.T.);
#2324=CARTESIAN_POINT('',(1418.797056275,-740.9,6.8));
#2325=VERTEX_POINT('',#2324);
#2326=CARTESIAN_POINT('',(1437.202943725,-740.9,6.8));
#2327=DIRECTION('',(-1.,-0.,0.));
#2328=VECTOR('',#2327,18.40588745);
#2329=LINE('',#2326,#2328);
#2330=EDGE_CURVE('',#2317,#2325,#2329,.T.);
#2331=ORIENTED_EDGE('',*,*,#2330,.T.);
#2332=CARTESIAN_POINT('',(1418.797056275,-740.9,6.8));
#2333=DIRECTION('',(-0.707106781,0.707106781,0.));
#2334=VECTOR('',#2333,5.228427125);
#2335=LINE('',#2332,#2334);
#2336=EDGE_CURVE('',#2325,#2275,#2335,.T.);
#2337=ORIENTED_EDGE('',*,*,#2336,.T.);
#2338=EDGE_LOOP('',(#2283,#2291,#2299,#2307,#2315,#2323,#2331,#2337));
#2339=FACE_BOUND('',#2338,.T.);
#2340=CARTESIAN_POINT('',(1415.1,-765.202943725,6.8));
#2341=VERTEX_POINT('',#2340);
#2342=CARTESIAN_POINT('',(1415.1,-746.797056275,6.8));
#2343=VERTEX_POINT('',#2342);
#2344=CARTESIAN_POINT('',(1415.1,-765.202943725,6.8));
#2345=DIRECTION('',(0.,1.,0.));
#2346=VECTOR('',#2345,18.40588745);
#2347=LINE('',#2344,#2346);
#2348=EDGE_CURVE('',#2341,#2343,#2347,.T.);
#2349=ORIENTED_EDGE('',*,*,#2348,.T.);
#2350=CARTESIAN_POINT('',(1418.797056275,-743.1,6.8));
#2351=VERTEX_POINT('',#2350);
#2352=CARTESIAN_POINT('',(1415.1,-746.797056275,6.8));
#2353=DIRECTION('',(0.707106781,0.707106781,0.));
#2354=VECTOR('',#2353,5.228427125);
#2355=LINE('',#2352,#2354);
#2356=EDGE_CURVE('',#2343,#2351,#2355,.T.);
#2357=ORIENTED_EDGE('',*,*,#2356,.T.);
#2358=CARTESIAN_POINT('',(1437.202943725,-743.1,6.8));
#2359=VERTEX_POINT('',#2358);
#2360=CARTESIAN_POINT('',(1418.797056275,-743.1,6.8));
#2361=DIRECTION('',(1.,0.,-0.));
#2362=VECTOR('',#2361,18.40588745);
#2363=LINE('',#2360,#2362);
#2364=EDGE_CURVE('',#2351,#2359,#2363,.T.);
#2365=ORIENTED_EDGE('',*,*,#2364,.T.);
#2366=CARTESIAN_POINT('',(1440.9,-746.797056275,6.8));
#2367=VERTEX_POINT('',#2366);
#2368=CARTESIAN_POINT('',(1437.202943725,-743.1,6.8));
#2369=DIRECTION('',(0.707106781,-0.707106781,0.));
#2370=VECTOR('',#2369,5.228427125);
#2371=LINE('',#2368,#2370);
#2372=EDGE_CURVE('',#2359,#2367,#2371,.T.);
#2373=ORIENTED_EDGE('',*,*,#2372,.T.);
#2374=CARTESIAN_POINT('',(1440.9,-765.202943725,6.8));
#2375=VERTEX_POINT('',#2374);
#2376=CARTESIAN_POINT('',(1440.9,-746.797056275,6.8));
#2377=DIRECTION('',(-0.,-1.,-0.));
#2378=VECTOR('',#2377,18.40588745);
#2379=LINE('',#2376,#2378);
#2380=EDGE_CURVE('',#2367,#2375,#2379,.T.);
#2381=ORIENTED_EDGE('',*,*,#2380,.T.);
#2382=CARTESIAN_POINT('',(1437.202943725,-768.9,6.8));
#2383=VERTEX_POINT('',#2382);
#2384=CARTESIAN_POINT('',(1440.9,-765.202943725,6.8));
#2385=DIRECTION('',(-0.707106781,-0.707106781,0.));
#2386=VECTOR('',#2385,5.228427125);
#2387=LINE('',#2384,#2386);
#2388=EDGE_CURVE('',#2375,#2383,#2387,.T.);
#2389=ORIENTED_EDGE('',*,*,#2388,.T.);
#2390=CARTESIAN_POINT('',(1418.797056275,-768.9,6.8));
#2391=VERTEX_POINT('',#2390);
#2392=CARTESIAN_POINT('',(1437.202943725,-768.9,6.8));
#2393=DIRECTION('',(-1.,-0.,0.));
#2394=VECTOR('',#2393,18.40588745);
#2395=LINE('',#2392,#2394);
#2396=EDGE_CURVE('',#2383,#2391,#2395,.T.);
#2397=ORIENTED_EDGE('',*,*,#2396,.T.);
#2398=CARTESIAN_POINT('',(1418.797056275,-768.9,6.8));
#2399=DIRECTION('',(-0.707106781,0.707106781,0.));
#2400=VECTOR('',#2399,5.228427125);
#2401=LINE('',#2398,#2400);
#2402=EDGE_CURVE('',#2391,#2341,#2401,.T.);
#2403=ORIENTED_EDGE('',*,*,#2402,.T.);
#2404=EDGE_LOOP('',(#2349,#2357,#2365,#2373,#2381,#2389,#2397,#2403));
#2405=FACE_BOUND('',#2404,.T.);
#2406=CARTESIAN_POINT('',(1415.1,-793.202943725,6.8));
#2407=VERTEX_POINT('',#2406);
#2408=CARTESIAN_POINT('',(1415.1,-774.797056275,6.8));
#2409=VERTEX_POINT('',#2408);
#2410=CARTESIAN_POINT('',(1415.1,-793.202943725,6.8));
#2411=DIRECTION('',(0.,1.,0.));
#2412=VECTOR('',#2411,18.40588745);
#2413=LINE('',#2410,#2412);
#2414=EDGE_CURVE('',#2407,#2409,#2413,.T.);
#2415=ORIENTED_EDGE('',*,*,#2414,.T.);
#2416=CARTESIAN_POINT('',(1418.797056275,-771.1,6.8));
#2417=VERTEX_POINT('',#2416);
#2418=CARTESIAN_POINT('',(1415.1,-774.797056275,6.8));
#2419=DIRECTION('',(0.707106781,0.707106781,0.));
#2420=VECTOR('',#2419,5.228427125);
#2421=LINE('',#2418,#2420);
#2422=EDGE_CURVE('',#2409,#2417,#2421,.T.);
#2423=ORIENTED_EDGE('',*,*,#2422,.T.);
#2424=CARTESIAN_POINT('',(1437.202943725,-771.1,6.8));
#2425=VERTEX_POINT('',#2424);
#2426=CARTESIAN_POINT('',(1418.797056275,-771.1,6.8));
#2427=DIRECTION('',(1.,0.,-0.));
#2428=VECTOR('',#2427,18.40588745);
#2429=LINE('',#2426,#2428);
#2430=EDGE_CURVE('',#2417,#2425,#2429,.T.);
#2431=ORIENTED_EDGE('',*,*,#2430,.T.);
#2432=CARTESIAN_POINT('',(1440.9,-774.797056275,6.8));
#2433=VERTEX_POINT('',#2432);
#2434=CARTESIAN_POINT('',(1437.202943725,-771.1,6.8));
#2435=DIRECTION('',(0.707106781,-0.707106781,0.));
#2436=VECTOR('',#2435,5.228427125);
#2437=LINE('',#2434,#2436);
#2438=EDGE_CURVE('',#2425,#2433,#2437,.T.);
#2439=ORIENTED_EDGE('',*,*,#2438,.T.);
#2440=CARTESIAN_POINT('',(1440.9,-793.202943725,6.8));
#2441=VERTEX_POINT('',#2440);
#2442=CARTESIAN_POINT('',(1440.9,-774.797056275,6.8));
#2443=DIRECTION('',(-0.,-1.,-0.));
#2444=VECTOR('',#2443,18.40588745);
#2445=LINE('',#2442,#2444);
#2446=EDGE_CURVE('',#2433,#2441,#2445,.T.);
#2447=ORIENTED_EDGE('',*,*,#2446,.T.);
#2448=CARTESIAN_POINT('',(1437.202943725,-796.9,6.8));
#2449=VERTEX_POINT('',#2448);
#2450=CARTESIAN_POINT('',(1440.9,-793.202943725,6.8));
#2451=DIRECTION('',(-0.707106781,-0.707106781,0.));
#2452=VECTOR('',#2451,5.228427125);
#2453=LINE('',#2450,#2452);
#2454=EDGE_CURVE('',#2441,#2449,#2453,.T.);
#2455=ORIENTED_EDGE('',*,*,#2454,.T.);
#2456=CARTESIAN_POINT('',(1418.797056275,-796.9,6.8));
#2457=VERTEX_POINT('',#2456);
#2458=CARTESIAN_POINT('',(1437.202943725,-796.9,6.8));
#2459=DIRECTION('',(-1.,-0.,0.));
#2460=VECTOR('',#2459,18.40588745);
#2461=LINE('',#2458,#2460);
#2462=EDGE_CURVE('',#2449,#2457,#2461,.T.);
#2463=ORIENTED_EDGE('',*,*,#2462,.T.);
#2464=CARTESIAN_POINT('',(1418.797056275,-796.9,6.8));
#2465=DIRECTION('',(-0.707106781,0.707106781,0.));
#2466=VECTOR('',#2465,5.228427125);
#2467=LINE('',#2464,#2466);
#2468=EDGE_CURVE('',#2457,#2407,#2467,.T.);
#2469=ORIENTED_EDGE('',*,*,#2468,.T.);
#2470=EDGE_LOOP('',(#2415,#2423,#2431,#2439,#2447,#2455,#2463,#2469));
#2471=FACE_BOUND('',#2470,.T.);
#2472=CARTESIAN_POINT('',(1415.1,-821.202943725,6.8));
#2473=VERTEX_POINT('',#2472);
#2474=CARTESIAN_POINT('',(1415.1,-802.797056275,6.8));
#2475=VERTEX_POINT('',#2474);
#2476=CARTESIAN_POINT('',(1415.1,-821.202943725,6.8));
#2477=DIRECTION('',(0.,1.,0.));
#2478=VECTOR('',#2477,18.40588745);
#2479=LINE('',#2476,#2478);
#2480=EDGE_CURVE('',#2473,#2475,#2479,.T.);
#2481=ORIENTED_EDGE('',*,*,#2480,.T.);
#2482=CARTESIAN_POINT('',(1418.797056275,-799.1,6.8));
#2483=VERTEX_POINT('',#2482);
#2484=CARTESIAN_POINT('',(1415.1,-802.797056275,6.8));
#2485=DIRECTION('',(0.707106781,0.707106781,0.));
#2486=VECTOR('',#2485,5.228427125);
#2487=LINE('',#2484,#2486);
#2488=EDGE_CURVE('',#2475,#2483,#2487,.T.);
#2489=ORIENTED_EDGE('',*,*,#2488,.T.);
#2490=CARTESIAN_POINT('',(1437.202943725,-799.1,6.8));
#2491=VERTEX_POINT('',#2490);
#2492=CARTESIAN_POINT('',(1418.797056275,-799.1,6.8));
#2493=DIRECTION('',(1.,0.,-0.));
#2494=VECTOR('',#2493,18.40588745);
#2495=LINE('',#2492,#2494);
#2496=EDGE_CURVE('',#2483,#2491,#2495,.T.);
#2497=ORIENTED_EDGE('',*,*,#2496,.T.);
#2498=CARTESIAN_POINT('',(1440.9,-802.797056275,6.8));
#2499=VERTEX_POINT('',#2498);
#2500=CARTESIAN_POINT('',(1437.202943725,-799.1,6.8));
#2501=DIRECTION('',(0.707106781,-0.707106781,0.));
#2502=VECTOR('',#2501,5.228427125);
#2503=LINE('',#2500,#2502);
#2504=EDGE_CURVE('',#2491,#2499,#2503,.T.);
#2505=ORIENTED_EDGE('',*,*,#2504,.T.);
#2506=CARTESIAN_POINT('',(1440.9,-821.202943725,6.8));
#2507=VERTEX_POINT('',#2506);
#2508=CARTESIAN_POINT('',(1440.9,-802.797056275,6.8));
#2509=DIRECTION('',(-0.,-1.,-0.));
#2510=VECTOR('',#2509,18.40588745);
#2511=LINE('',#2508,#2510);
#2512=EDGE_CURVE('',#2499,#2507,#2511,.T.);
#2513=ORIENTED_EDGE('',*,*,#2512,.T.);
#2514=CARTESIAN_POINT('',(1437.202943725,-824.9,6.8));
#2515=VERTEX_POINT('',#2514);
#2516=CARTESIAN_POINT('',(1440.9,-821.202943725,6.8));
#2517=DIRECTION('',(-0.707106781,-0.707106781,0.));
#2518=VECTOR('',#2517,5.228427125);
#2519=LINE('',#2516,#2518);
#2520=EDGE_CURVE('',#2507,#2515,#2519,.T.);
#2521=ORIENTED_EDGE('',*,*,#2520,.T.);
#2522=CARTESIAN_POINT('',(1418.797056275,-824.9,6.8));
#2523=VERTEX_POINT('',#2522);
#2524=CARTESIAN_POINT('',(1437.202943725,-824.9,6.8));
#2525=DIRECTION('',(-1.,-0.,0.));
#2526=VECTOR('',#2525,18.40588745);
#2527=LINE('',#2524,#2526);
#2528=EDGE_CURVE('',#2515,#2523,#2527,.T.);
#2529=ORIENTED_EDGE('',*,*,#2528,.T.);
#2530=CARTESIAN_POINT('',(1418.797056275,-824.9,6.8));
#2531=DIRECTION('',(-0.707106781,0.707106781,0.));
#2532=VECTOR('',#2531,5.228427125);
#2533=LINE('',#2530,#2532);
#2534=EDGE_CURVE('',#2523,#2473,#2533,.T.);
#2535=ORIENTED_EDGE('',*,*,#2534,.T.);
#2536=EDGE_LOOP('',(#2481,#2489,#2497,#2505,#2513,#2521,#2529,#2535));
#2537=FACE_BOUND('',#2536,.T.);
#2538=CARTESIAN_POINT('',(1415.1,-905.202943725,6.8));
#2539=VERTEX_POINT('',#2538);
#2540=CARTESIAN_POINT('',(1415.1,-886.797056275,6.8));
#2541=VERTEX_POINT('',#2540);
#2542=CARTESIAN_POINT('',(1415.1,-905.202943725,6.8));
#2543=DIRECTION('',(0.,1.,0.));
#2544=VECTOR('',#2543,18.40588745);
#2545=LINE('',#2542,#2544);
#2546=EDGE_CURVE('',#2539,#2541,#2545,.T.);
#2547=ORIENTED_EDGE('',*,*,#2546,.T.);
#2548=CARTESIAN_POINT('',(1418.797056275,-883.1,6.8));
#2549=VERTEX_POINT('',#2548);
#2550=CARTESIAN_POINT('',(1415.1,-886.797056275,6.8));
#2551=DIRECTION('',(0.707106781,0.707106781,0.));
#2552=VECTOR('',#2551,5.228427125);
#2553=LINE('',#2550,#2552);
#2554=EDGE_CURVE('',#2541,#2549,#2553,.T.);
#2555=ORIENTED_EDGE('',*,*,#2554,.T.);
#2556=CARTESIAN_POINT('',(1437.202943725,-883.1,6.8));
#2557=VERTEX_POINT('',#2556);
#2558=CARTESIAN_POINT('',(1418.797056275,-883.1,6.8));
#2559=DIRECTION('',(1.,0.,-0.));
#2560=VECTOR('',#2559,18.40588745);
#2561=LINE('',#2558,#2560);
#2562=EDGE_CURVE('',#2549,#2557,#2561,.T.);
#2563=ORIENTED_EDGE('',*,*,#2562,.T.);
#2564=CARTESIAN_POINT('',(1440.9,-886.797056275,6.8));
#2565=VERTEX_POINT('',#2564);
#2566=CARTESIAN_POINT('',(1437.202943725,-883.1,6.8));
#2567=DIRECTION('',(0.707106781,-0.707106781,0.));
#2568=VECTOR('',#2567,5.228427125);
#2569=LINE('',#2566,#2568);
#2570=EDGE_CURVE('',#2557,#2565,#2569,.T.);
#2571=ORIENTED_EDGE('',*,*,#2570,.T.);
#2572=CARTESIAN_POINT('',(1440.9,-905.202943725,6.8));
#2573=VERTEX_POINT('',#2572);
#2574=CARTESIAN_POINT('',(1440.9,-886.797056275,6.8));
#2575=DIRECTION('',(-0.,-1.,-0.));
#2576=VECTOR('',#2575,18.40588745);
#2577=LINE('',#2574,#2576);
#2578=EDGE_CURVE('',#2565,#2573,#2577,.T.);
#2579=ORIENTED_EDGE('',*,*,#2578,.T.);
#2580=CARTESIAN_POINT('',(1437.202943725,-908.9,6.8));
#2581=VERTEX_POINT('',#2580);
#2582=CARTESIAN_POINT('',(1440.9,-905.202943725,6.8));
#2583=DIRECTION('',(-0.707106781,-0.707106781,0.));
#2584=VECTOR('',#2583,5.228427125);
#2585=LINE('',#2582,#2584);
#2586=EDGE_CURVE('',#2573,#2581,#2585,.T.);
#2587=ORIENTED_EDGE('',*,*,#2586,.T.);
#2588=CARTESIAN_POINT('',(1418.797056275,-908.9,6.8));
#2589=VERTEX_POINT('',#2588);
#2590=CARTESIAN_POINT('',(1437.202943725,-908.9,6.8));
#2591=DIRECTION('',(-1.,-0.,0.));
#2592=VECTOR('',#2591,18.40588745);
#2593=LINE('',#2590,#2592);
#2594=EDGE_CURVE('',#2581,#2589,#2593,.T.);
#2595=ORIENTED_EDGE('',*,*,#2594,.T.);
#2596=CARTESIAN_POINT('',(1418.797056275,-908.9,6.8));
#2597=DIRECTION('',(-0.707106781,0.707106781,0.));
#2598=VECTOR('',#2597,5.228427125);
#2599=LINE('',#2596,#2598);
#2600=EDGE_CURVE('',#2589,#2539,#2599,.T.);
#2601=ORIENTED_EDGE('',*,*,#2600,.T.);
#2602=EDGE_LOOP('',(#2547,#2555,#2563,#2571,#2579,#2587,#2595,#2601));
#2603=FACE_BOUND('',#2602,.T.);
#2604=CARTESIAN_POINT('',(1387.1,-849.202943725,6.8));
#2605=VERTEX_POINT('',#2604);
#2606=CARTESIAN_POINT('',(1387.1,-830.797056275,6.8));
#2607=VERTEX_POINT('',#2606);
#2608=CARTESIAN_POINT('',(1387.1,-849.202943725,6.8));
#2609=DIRECTION('',(0.,1.,0.));
#2610=VECTOR('',#2609,18.40588745);
#2611=LINE('',#2608,#2610);
#2612=EDGE_CURVE('',#2605,#2607,#2611,.T.);
#2613=ORIENTED_EDGE('',*,*,#2612,.T.);
#2614=CARTESIAN_POINT('',(1390.797056275,-827.1,6.8));
#2615=VERTEX_POINT('',#2614);
#2616=CARTESIAN_POINT('',(1387.1,-830.797056275,6.8));
#2617=DIRECTION('',(0.707106781,0.707106781,0.));
#2618=VECTOR('',#2617,5.228427125);
#2619=LINE('',#2616,#2618);
#2620=EDGE_CURVE('',#2607,#2615,#2619,.T.);
#2621=ORIENTED_EDGE('',*,*,#2620,.T.);
#2622=CARTESIAN_POINT('',(1409.202943725,-827.1,6.8));
#2623=VERTEX_POINT('',#2622);
#2624=CARTESIAN_POINT('',(1390.797056275,-827.1,6.8));
#2625=DIRECTION('',(1.,0.,-0.));
#2626=VECTOR('',#2625,18.40588745);
#2627=LINE('',#2624,#2626);
#2628=EDGE_CURVE('',#2615,#2623,#2627,.T.);
#2629=ORIENTED_EDGE('',*,*,#2628,.T.);
#2630=CARTESIAN_POINT('',(1412.9,-830.797056275,6.8));
#2631=VERTEX_POINT('',#2630);
#2632=CARTESIAN_POINT('',(1409.202943725,-827.1,6.8));
#2633=DIRECTION('',(0.707106781,-0.707106781,0.));
#2634=VECTOR('',#2633,5.228427125);
#2635=LINE('',#2632,#2634);
#2636=EDGE_CURVE('',#2623,#2631,#2635,.T.);
#2637=ORIENTED_EDGE('',*,*,#2636,.T.);
#2638=CARTESIAN_POINT('',(1412.9,-849.202943725,6.8));
#2639=VERTEX_POINT('',#2638);
#2640=CARTESIAN_POINT('',(1412.9,-830.797056275,6.8));
#2641=DIRECTION('',(-0.,-1.,-0.));
#2642=VECTOR('',#2641,18.40588745);
#2643=LINE('',#2640,#2642);
#2644=EDGE_CURVE('',#2631,#2639,#2643,.T.);
#2645=ORIENTED_EDGE('',*,*,#2644,.T.);
#2646=CARTESIAN_POINT('',(1409.202943725,-852.9,6.8));
#2647=VERTEX_POINT('',#2646);
#2648=CARTESIAN_POINT('',(1412.9,-849.202943725,6.8));
#2649=DIRECTION('',(-0.707106781,-0.707106781,0.));
#2650=VECTOR('',#2649,5.228427125);
#2651=LINE('',#2648,#2650);
#2652=EDGE_CURVE('',#2639,#2647,#2651,.T.);
#2653=ORIENTED_EDGE('',*,*,#2652,.T.);
#2654=CARTESIAN_POINT('',(1390.797056275,-852.9,6.8));
#2655=VERTEX_POINT('',#2654);
#2656=CARTESIAN_POINT('',(1409.202943725,-852.9,6.8));
#2657=DIRECTION('',(-1.,-0.,0.));
#2658=VECTOR('',#2657,18.40588745);
#2659=LINE('',#2656,#2658);
#2660=EDGE_CURVE('',#2647,#2655,#2659,.T.);
#2661=ORIENTED_EDGE('',*,*,#2660,.T.);
#2662=CARTESIAN_POINT('',(1390.797056275,-852.9,6.8));
#2663=DIRECTION('',(-0.707106781,0.707106781,0.));
#2664=VECTOR('',#2663,5.228427125);
#2665=LINE('',#2662,#2664);
#2666=EDGE_CURVE('',#2655,#2605,#2665,.T.);
#2667=ORIENTED_EDGE('',*,*,#2666,.T.);
#2668=EDGE_LOOP('',(#2613,#2621,#2629,#2637,#2645,#2653,#2661,#2667));
#2669=FACE_BOUND('',#2668,.T.);
#2670=CARTESIAN_POINT('',(1415.1,-849.202943725,6.8));
#2671=VERTEX_POINT('',#2670);
#2672=CARTESIAN_POINT('',(1415.1,-830.797056275,6.8));
#2673=VERTEX_POINT('',#2672);
#2674=CARTESIAN_POINT('',(1415.1,-849.202943725,6.8));
#2675=DIRECTION('',(0.,1.,0.));
#2676=VECTOR('',#2675,18.40588745);
#2677=LINE('',#2674,#2676);
#2678=EDGE_CURVE('',#2671,#2673,#2677,.T.);
#2679=ORIENTED_EDGE('',*,*,#2678,.T.);
#2680=CARTESIAN_POINT('',(1418.797056275,-827.1,6.8));
#2681=VERTEX_POINT('',#2680);
#2682=CARTESIAN_POINT('',(1415.1,-830.797056275,6.8));
#2683=DIRECTION('',(0.707106781,0.707106781,0.));
#2684=VECTOR('',#2683,5.228427125);
#2685=LINE('',#2682,#2684);
#2686=EDGE_CURVE('',#2673,#2681,#2685,.T.);
#2687=ORIENTED_EDGE('',*,*,#2686,.T.);
#2688=CARTESIAN_POINT('',(1437.202943725,-827.1,6.8));
#2689=VERTEX_POINT('',#2688);
#2690=CARTESIAN_POINT('',(1418.797056275,-827.1,6.8));
#2691=DIRECTION('',(1.,0.,-0.));
#2692=VECTOR('',#2691,18.40588745);
#2693=LINE('',#2690,#2692);
#2694=EDGE_CURVE('',#2681,#2689,#2693,.T.);
#2695=ORIENTED_EDGE('',*,*,#2694,.T.);
#2696=CARTESIAN_POINT('',(1440.9,-830.797056275,6.8));
#2697=VERTEX_POINT('',#2696);
#2698=CARTESIAN_POINT('',(1437.202943725,-827.1,6.8));
#2699=DIRECTION('',(0.707106781,-0.707106781,0.));
#2700=VECTOR('',#2699,5.228427125);
#2701=LINE('',#2698,#2700);
#2702=EDGE_CURVE('',#2689,#2697,#2701,.T.);
#2703=ORIENTED_EDGE('',*,*,#2702,.T.);
#2704=CARTESIAN_POINT('',(1440.9,-849.202943725,6.8));
#2705=VERTEX_POINT('',#2704);
#2706=CARTESIAN_POINT('',(1440.9,-830.797056275,6.8));
#2707=DIRECTION('',(-0.,-1.,-0.));
#2708=VECTOR('',#2707,18.40588745);
#2709=LINE('',#2706,#2708);
#2710=EDGE_CURVE('',#2697,#2705,#2709,.T.);
#2711=ORIENTED_EDGE('',*,*,#2710,.T.);
#2712=CARTESIAN_POINT('',(1437.202943725,-852.9,6.8));
#2713=VERTEX_POINT('',#2712);
#2714=CARTESIAN_POINT('',(1440.9,-849.202943725,6.8));
#2715=DIRECTION('',(-0.707106781,-0.707106781,0.));
#2716=VECTOR('',#2715,5.228427125);
#2717=LINE('',#2714,#2716);
#2718=EDGE_CURVE('',#2705,#2713,#2717,.T.);
#2719=ORIENTED_EDGE('',*,*,#2718,.T.);
#2720=CARTESIAN_POINT('',(1418.797056275,-852.9,6.8));
#2721=VERTEX_POINT('',#2720);
#2722=CARTESIAN_POINT('',(1437.202943725,-852.9,6.8));
#2723=DIRECTION('',(-1.,-0.,0.));
#2724=VECTOR('',#2723,18.40588745);
#2725=LINE('',#2722,#2724);
#2726=EDGE_CURVE('',#2713,#2721,#2725,.T.);
#2727=ORIENTED_EDGE('',*,*,#2726,.T.);
#2728=CARTESIAN_POINT('',(1418.797056275,-852.9,6.8));
#2729=DIRECTION('',(-0.707106781,0.707106781,0.));
#2730=VECTOR('',#2729,5.228427125);
#2731=LINE('',#2728,#2730);
#2732=EDGE_CURVE('',#2721,#2671,#2731,.T.);
#2733=ORIENTED_EDGE('',*,*,#2732,.T.);
#2734=EDGE_LOOP('',(#2679,#2687,#2695,#2703,#2711,#2719,#2727,#2733));
#2735=FACE_BOUND('',#2734,.T.);
#2736=CARTESIAN_POINT('',(1387.1,-877.202943725,6.8));
#2737=VERTEX_POINT('',#2736);
#2738=CARTESIAN_POINT('',(1387.1,-858.797056275,6.8));
#2739=VERTEX_POINT('',#2738);
#2740=CARTESIAN_POINT('',(1387.1,-877.202943725,6.8));
#2741=DIRECTION('',(0.,1.,0.));
#2742=VECTOR('',#2741,18.40588745);
#2743=LINE('',#2740,#2742);
#2744=EDGE_CURVE('',#2737,#2739,#2743,.T.);
#2745=ORIENTED_EDGE('',*,*,#2744,.T.);
#2746=CARTESIAN_POINT('',(1390.797056275,-855.1,6.8));
#2747=VERTEX_POINT('',#2746);
#2748=CARTESIAN_POINT('',(1387.1,-858.797056275,6.8));
#2749=DIRECTION('',(0.707106781,0.707106781,0.));
#2750=VECTOR('',#2749,5.228427125);
#2751=LINE('',#2748,#2750);
#2752=EDGE_CURVE('',#2739,#2747,#2751,.T.);
#2753=ORIENTED_EDGE('',*,*,#2752,.T.);
#2754=CARTESIAN_POINT('',(1409.202943725,-855.1,6.8));
#2755=VERTEX_POINT('',#2754);
#2756=CARTESIAN_POINT('',(1390.797056275,-855.1,6.8));
#2757=DIRECTION('',(1.,0.,-0.));
#2758=VECTOR('',#2757,18.40588745);
#2759=LINE('',#2756,#2758);
#2760=EDGE_CURVE('',#2747,#2755,#2759,.T.);
#2761=ORIENTED_EDGE('',*,*,#2760,.T.);
#2762=CARTESIAN_POINT('',(1412.9,-858.797056275,6.8));
#2763=VERTEX_POINT('',#2762);
#2764=CARTESIAN_POINT('',(1409.202943725,-855.1,6.8));
#2765=DIRECTION('',(0.707106781,-0.707106781,0.));
#2766=VECTOR('',#2765,5.228427125);
#2767=LINE('',#2764,#2766);
#2768=EDGE_CURVE('',#2755,#2763,#2767,.T.);
#2769=ORIENTED_EDGE('',*,*,#2768,.T.);
#2770=CARTESIAN_POINT('',(1412.9,-877.202943725,6.8));
#2771=VERTEX_POINT('',#2770);
#2772=CARTESIAN_POINT('',(1412.9,-858.797056275,6.8));
#2773=DIRECTION('',(-0.,-1.,-0.));
#2774=VECTOR('',#2773,18.40588745);
#2775=LINE('',#2772,#2774);
#2776=EDGE_CURVE('',#2763,#2771,#2775,.T.);
#2777=ORIENTED_EDGE('',*,*,#2776,.T.);
#2778=CARTESIAN_POINT('',(1409.202943725,-880.9,6.8));
#2779=VERTEX_POINT('',#2778);
#2780=CARTESIAN_POINT('',(1412.9,-877.202943725,6.8));
#2781=DIRECTION('',(-0.707106781,-0.707106781,0.));
#2782=VECTOR('',#2781,5.228427125);
#2783=LINE('',#2780,#2782);
#2784=EDGE_CURVE('',#2771,#2779,#2783,.T.);
#2785=ORIENTED_EDGE('',*,*,#2784,.T.);
#2786=CARTESIAN_POINT('',(1390.797056275,-880.9,6.8));
#2787=VERTEX_POINT('',#2786);
#2788=CARTESIAN_POINT('',(1409.202943725,-880.9,6.8));
#2789=DIRECTION('',(-1.,-0.,0.));
#2790=VECTOR('',#2789,18.40588745);
#2791=LINE('',#2788,#2790);
#2792=EDGE_CURVE('',#2779,#2787,#2791,.T.);
#2793=ORIENTED_EDGE('',*,*,#2792,.T.);
#2794=CARTESIAN_POINT('',(1390.797056275,-880.9,6.8));
#2795=DIRECTION('',(-0.707106781,0.707106781,0.));
#2796=VECTOR('',#2795,5.228427125);
#2797=LINE('',#2794,#2796);
#2798=EDGE_CURVE('',#2787,#2737,#2797,.T.);
#2799=ORIENTED_EDGE('',*,*,#2798,.T.);
#2800=EDGE_LOOP('',(#2745,#2753,#2761,#2769,#2777,#2785,#2793,#2799));
#2801=FACE_BOUND('',#2800,.T.);
#2802=CARTESIAN_POINT('',(1415.1,-877.202943725,6.8));
#2803=VERTEX_POINT('',#2802);
#2804=CARTESIAN_POINT('',(1415.1,-858.797056275,6.8));
#2805=VERTEX_POINT('',#2804);
#2806=CARTESIAN_POINT('',(1415.1,-877.202943725,6.8));
#2807=DIRECTION('',(0.,1.,0.));
#2808=VECTOR('',#2807,18.40588745);
#2809=LINE('',#2806,#2808);
#2810=EDGE_CURVE('',#2803,#2805,#2809,.T.);
#2811=ORIENTED_EDGE('',*,*,#2810,.T.);
#2812=CARTESIAN_POINT('',(1418.797056275,-855.1,6.8));
#2813=VERTEX_POINT('',#2812);
#2814=CARTESIAN_POINT('',(1415.1,-858.797056275,6.8));
#2815=DIRECTION('',(0.707106781,0.707106781,0.));
#2816=VECTOR('',#2815,5.228427125);
#2817=LINE('',#2814,#2816);
#2818=EDGE_CURVE('',#2805,#2813,#2817,.T.);
#2819=ORIENTED_EDGE('',*,*,#2818,.T.);
#2820=CARTESIAN_POINT('',(1437.202943725,-855.1,6.8));
#2821=VERTEX_POINT('',#2820);
#2822=CARTESIAN_POINT('',(1418.797056275,-855.1,6.8));
#2823=DIRECTION('',(1.,0.,-0.));
#2824=VECTOR('',#2823,18.40588745);
#2825=LINE('',#2822,#2824);
#2826=EDGE_CURVE('',#2813,#2821,#2825,.T.);
#2827=ORIENTED_EDGE('',*,*,#2826,.T.);
#2828=CARTESIAN_POINT('',(1440.9,-858.797056275,6.8));
#2829=VERTEX_POINT('',#2828);
#2830=CARTESIAN_POINT('',(1437.202943725,-855.1,6.8));
#2831=DIRECTION('',(0.707106781,-0.707106781,0.));
#2832=VECTOR('',#2831,5.228427125);
#2833=LINE('',#2830,#2832);
#2834=EDGE_CURVE('',#2821,#2829,#2833,.T.);
#2835=ORIENTED_EDGE('',*,*,#2834,.T.);
#2836=CARTESIAN_POINT('',(1440.9,-877.202943725,6.8));
#2837=VERTEX_POINT('',#2836);
#2838=CARTESIAN_POINT('',(1440.9,-858.797056275,6.8));
#2839=DIRECTION('',(-0.,-1.,-0.));
#2840=VECTOR('',#2839,18.40588745);
#2841=LINE('',#2838,#2840);
#2842=EDGE_CURVE('',#2829,#2837,#2841,.T.);
#2843=ORIENTED_EDGE('',*,*,#2842,.T.);
#2844=CARTESIAN_POINT('',(1437.202943725,-880.9,6.8));
#2845=VERTEX_POINT('',#2844);
#2846=CARTESIAN_POINT('',(1440.9,-877.202943725,6.8));
#2847=DIRECTION('',(-0.707106781,-0.707106781,0.));
#2848=VECTOR('',#2847,5.228427125);
#2849=LINE('',#2846,#2848);
#2850=EDGE_CURVE('',#2837,#2845,#2849,.T.);
#2851=ORIENTED_EDGE('',*,*,#2850,.T.);
#2852=CARTESIAN_POINT('',(1418.797056275,-880.9,6.8));
#2853=VERTEX_POINT('',#2852);
#2854=CARTESIAN_POINT('',(1437.202943725,-880.9,6.8));
#2855=DIRECTION('',(-1.,-0.,0.));
#2856=VECTOR('',#2855,18.40588745);
#2857=LINE('',#2854,#2856);
#2858=EDGE_CURVE('',#2845,#2853,#2857,.T.);
#2859=ORIENTED_EDGE('',*,*,#2858,.T.);
#2860=CARTESIAN_POINT('',(1418.797056275,-880.9,6.8));
#2861=DIRECTION('',(-0.707106781,0.707106781,0.));
#2862=VECTOR('',#2861,5.228427125);
#2863=LINE('',#2860,#2862);
#2864=EDGE_CURVE('',#2853,#2803,#2863,.T.);
#2865=ORIENTED_EDGE('',*,*,#2864,.T.);
#2866=EDGE_LOOP('',(#2811,#2819,#2827,#2835,#2843,#2851,#2859,#2865));
#2867=FACE_BOUND('',#2866,.T.);
#2868=ADVANCED_FACE('',(#1961,#2009,#2075,#2141,#2207,#2273,#2339,#2405,#2471,#2537,#2603,#2669,#2735,#2801,#2867),#1895,.T.);
#2869=CARTESIAN_POINT('',(1412.5,-728.,4.4));
#2870=DIRECTION('',(-1.,0.,0.));
#2871=DIRECTION('',(0.,-1.,0.));
#2872=AXIS2_PLACEMENT_3D('',#2869,#2870,#2871);
#2873=PLANE('',#2872);
#2874=CARTESIAN_POINT('',(1412.5,-737.0372583,6.4));
#2875=VERTEX_POINT('',#2874);
#2876=CARTESIAN_POINT('',(1412.5,-735.623044738,5.4));
#2877=DIRECTION('',(0.,-0.816496581,0.577350269));
#2878=VECTOR('',#2877,1.732050807);
#2879=LINE('',#2876,#2878);
#2880=EDGE_CURVE('',#1297,#2875,#2879,.T.);
#2881=ORIENTED_EDGE('',*,*,#2880,.T.);
#2882=CARTESIAN_POINT('',(1412.5,-718.9627417,6.4));
#2883=VERTEX_POINT('',#2882);
#2884=CARTESIAN_POINT('',(1412.5,-737.0372583,6.4));
#2885=DIRECTION('',(-0.,1.,-0.));
#2886=VECTOR('',#2885,18.0745166);
#2887=LINE('',#2884,#2886);
#2888=EDGE_CURVE('',#2875,#2883,#2887,.T.);
#2889=ORIENTED_EDGE('',*,*,#2888,.T.);
#2890=CARTESIAN_POINT('',(1412.5,-718.9627417,6.4));
#2891=DIRECTION('',(0.,-0.816496581,-0.577350269));
#2892=VECTOR('',#2891,1.732050807);
#2893=LINE('',#2890,#2892);
#2894=EDGE_CURVE('',#2883,#1131,#2893,.T.);
#2895=ORIENTED_EDGE('',*,*,#2894,.T.);
#2896=CARTESIAN_POINT('',(1412.5,-720.376955262,5.4));
#2897=DIRECTION('',(0.,-1.,0.));
#2898=VECTOR('',#2897,15.246089476);
#2899=LINE('',#2896,#2898);
#2900=EDGE_CURVE('',#1131,#1297,#2899,.T.);
#2901=ORIENTED_EDGE('',*,*,#2900,.T.);
#2902=EDGE_LOOP('',(#2881,#2889,#2895,#2901));
#2903=FACE_BOUND('',#2902,.T.);
#2904=ADVANCED_FACE('',(#2903),#2873,.T.);
#2905=CARTESIAN_POINT('',(1412.5,-728.,5.4));
#2906=DIRECTION('',(-0.819231921,0.,-0.573462344));
#2907=DIRECTION('',(0.,1.,0.));
#2908=AXIS2_PLACEMENT_3D('',#2905,#2906,#2907);
#2909=PLANE('',#2908);
#2910=ORIENTED_EDGE('',*,*,#1136,.F.);
#2911=ORIENTED_EDGE('',*,*,#1114,.F.);
#2912=ORIENTED_EDGE('',*,*,#1308,.F.);
#2913=ORIENTED_EDGE('',*,*,#2900,.F.);
#2914=EDGE_LOOP('',(#2910,#2911,#2912,#2913));
#2915=FACE_BOUND('',#2914,.T.);
#2916=ADVANCED_FACE('',(#2915),#2909,.T.);
#2917=CARTESIAN_POINT('',(1400.,-740.5,4.4));
#2918=DIRECTION('',(0.,1.,0.));
#2919=DIRECTION('',(-1.,0.,0.));
#2920=AXIS2_PLACEMENT_3D('',#2917,#2918,#2919);
#2921=PLANE('',#2920);
#2922=CARTESIAN_POINT('',(1390.9627417,-740.5,6.4));
#2923=VERTEX_POINT('',#2922);
#2924=CARTESIAN_POINT('',(1392.376955262,-740.5,5.4));
#2925=DIRECTION('',(-0.816496581,0.,0.577350269));
#2926=VECTOR('',#2925,1.732050807);
#2927=LINE('',#2924,#2926);
#2928=EDGE_CURVE('',#1448,#2923,#2927,.T.);
#2929=ORIENTED_EDGE('',*,*,#2928,.T.);
#2930=CARTESIAN_POINT('',(1409.0372583,-740.5,6.4));
#2931=VERTEX_POINT('',#2930);
#2932=CARTESIAN_POINT('',(1390.9627417,-740.5,6.4));
#2933=DIRECTION('',(1.,-0.,-0.));
#2934=VECTOR('',#2933,18.0745166);
#2935=LINE('',#2932,#2934);
#2936=EDGE_CURVE('',#2923,#2931,#2935,.T.);
#2937=ORIENTED_EDGE('',*,*,#2936,.T.);
#2938=CARTESIAN_POINT('',(1409.0372583,-740.5,6.4));
#2939=DIRECTION('',(-0.816496581,0.,-0.577350269));
#2940=VECTOR('',#2939,1.732050807);
#2941=LINE('',#2938,#2940);
#2942=EDGE_CURVE('',#2931,#1289,#2941,.T.);
#2943=ORIENTED_EDGE('',*,*,#2942,.T.);
#2944=CARTESIAN_POINT('',(1407.623044738,-740.5,5.4));
#2945=DIRECTION('',(-1.,0.,0.));
#2946=VECTOR('',#2945,15.246089476);
#2947=LINE('',#2944,#2946);
#2948=EDGE_CURVE('',#1289,#1448,#2947,.T.);
#2949=ORIENTED_EDGE('',*,*,#2948,.T.);
#2950=EDGE_LOOP('',(#2929,#2937,#2943,#2949));
#2951=FACE_BOUND('',#2950,.T.);
#2952=ADVANCED_FACE('',(#2951),#2921,.T.);
#2953=CARTESIAN_POINT('',(1400.,-740.5,5.4));
#2954=DIRECTION('',(0.,0.819231921,-0.573462344));
#2955=DIRECTION('',(1.,0.,0.));
#2956=AXIS2_PLACEMENT_3D('',#2953,#2954,#2955);
#2957=PLANE('',#2956);
#2958=ORIENTED_EDGE('',*,*,#1294,.F.);
#2959=ORIENTED_EDGE('',*,*,#1272,.F.);
#2960=ORIENTED_EDGE('',*,*,#1459,.F.);
#2961=ORIENTED_EDGE('',*,*,#2948,.F.);
#2962=EDGE_LOOP('',(#2958,#2959,#2960,#2961));
#2963=FACE_BOUND('',#2962,.T.);
#2964=ADVANCED_FACE('',(#2963),#2957,.T.);
#2965=CARTESIAN_POINT('',(1387.5,-728.,4.4));
#2966=DIRECTION('',(1.,0.,0.));
#2967=DIRECTION('',(0.,1.,0.));
#2968=AXIS2_PLACEMENT_3D('',#2965,#2966,#2967);
#2969=PLANE('',#2968);
#2970=CARTESIAN_POINT('',(1387.5,-718.9627417,6.4));
#2971=VERTEX_POINT('',#2970);
#2972=CARTESIAN_POINT('',(1387.5,-720.376955262,5.4));
#2973=DIRECTION('',(0.,0.816496581,0.577350269));
#2974=VECTOR('',#2973,1.732050807);
#2975=LINE('',#2972,#2974);
#2976=EDGE_CURVE('',#1574,#2971,#2975,.T.);
#2977=ORIENTED_EDGE('',*,*,#2976,.T.);
#2978=CARTESIAN_POINT('',(1387.5,-737.0372583,6.4));
#2979=VERTEX_POINT('',#2978);
#2980=CARTESIAN_POINT('',(1387.5,-718.9627417,6.4));
#2981=DIRECTION('',(-0.,-1.,-0.));
#2982=VECTOR('',#2981,18.0745166);
#2983=LINE('',#2980,#2982);
#2984=EDGE_CURVE('',#2971,#2979,#2983,.T.);
#2985=ORIENTED_EDGE('',*,*,#2984,.T.);
#2986=CARTESIAN_POINT('',(1387.5,-737.0372583,6.4));
#2987=DIRECTION('',(0.,0.816496581,-0.577350269));
#2988=VECTOR('',#2987,1.732050807);
#2989=LINE('',#2986,#2988);
#2990=EDGE_CURVE('',#2979,#1440,#2989,.T.);
#2991=ORIENTED_EDGE('',*,*,#2990,.T.);
#2992=CARTESIAN_POINT('',(1387.5,-735.623044738,5.4));
#2993=DIRECTION('',(0.,1.,0.));
#2994=VECTOR('',#2993,15.246089476);
#2995=LINE('',#2992,#2994);
#2996=EDGE_CURVE('',#1440,#1574,#2995,.T.);
#2997=ORIENTED_EDGE('',*,*,#2996,.T.);
#2998=EDGE_LOOP('',(#2977,#2985,#2991,#2997));
#2999=FACE_BOUND('',#2998,.T.);
#3000=ADVANCED_FACE('',(#2999),#2969,.T.);
#3001=CARTESIAN_POINT('',(1387.5,-728.,5.4));
#3002=DIRECTION('',(0.819231921,0.,-0.573462344));
#3003=DIRECTION('',(0.,-1.,0.));
#3004=AXIS2_PLACEMENT_3D('',#3001,#3002,#3003);
#3005=PLANE('',#3004);
#3006=ORIENTED_EDGE('',*,*,#1445,.F.);
#3007=ORIENTED_EDGE('',*,*,#1414,.F.);
#3008=ORIENTED_EDGE('',*,*,#1585,.F.);
#3009=ORIENTED_EDGE('',*,*,#2996,.F.);
#3010=EDGE_LOOP('',(#3006,#3007,#3008,#3009));
#3011=FACE_BOUND('',#3010,.T.);
#3012=ADVANCED_FACE('',(#3011),#3005,.T.);
#3013=CARTESIAN_POINT('',(1400.,-715.5,4.4));
#3014=DIRECTION('',(0.,-1.,0.));
#3015=DIRECTION('',(1.,0.,0.));
#3016=AXIS2_PLACEMENT_3D('',#3013,#3014,#3015);
#3017=PLANE('',#3016);
#3018=CARTESIAN_POINT('',(1409.0372583,-715.5,6.4));
#3019=VERTEX_POINT('',#3018);
#3020=CARTESIAN_POINT('',(1407.623044738,-715.5,5.4));
#3021=DIRECTION('',(0.816496581,0.,0.577350269));
#3022=VECTOR('',#3021,1.732050807);
#3023=LINE('',#3020,#3022);
#3024=EDGE_CURVE('',#1139,#3019,#3023,.T.);
#3025=ORIENTED_EDGE('',*,*,#3024,.T.);
#3026=CARTESIAN_POINT('',(1390.9627417,-715.5,6.4));
#3027=VERTEX_POINT('',#3026);
#3028=CARTESIAN_POINT('',(1409.0372583,-715.5,6.4));
#3029=DIRECTION('',(-1.,-0.,0.));
#3030=VECTOR('',#3029,18.0745166);
#3031=LINE('',#3028,#3030);
#3032=EDGE_CURVE('',#3019,#3027,#3031,.T.);
#3033=ORIENTED_EDGE('',*,*,#3032,.T.);
#3034=CARTESIAN_POINT('',(1390.9627417,-715.5,6.4));
#3035=DIRECTION('',(0.816496581,0.,-0.577350269));
#3036=VECTOR('',#3035,1.732050807);
#3037=LINE('',#3034,#3036);
#3038=EDGE_CURVE('',#3027,#1566,#3037,.T.);
#3039=ORIENTED_EDGE('',*,*,#3038,.T.);
#3040=CARTESIAN_POINT('',(1392.376955262,-715.5,5.4));
#3041=DIRECTION('',(1.,0.,-0.));
#3042=VECTOR('',#3041,15.246089476);
#3043=LINE('',#3040,#3042);
#3044=EDGE_CURVE('',#1566,#1139,#3043,.T.);
#3045=ORIENTED_EDGE('',*,*,#3044,.T.);
#3046=EDGE_LOOP('',(#3025,#3033,#3039,#3045));
#3047=FACE_BOUND('',#3046,.T.);
#3048=ADVANCED_FACE('',(#3047),#3017,.T.);
#3049=CARTESIAN_POINT('',(1400.,-715.5,5.4));
#3050=DIRECTION('',(0.,-0.819231921,-0.573462344));
#3051=DIRECTION('',(-1.,0.,0.));
#3052=AXIS2_PLACEMENT_3D('',#3049,#3050,#3051);
#3053=PLANE('',#3052);
#3054=ORIENTED_EDGE('',*,*,#1571,.F.);
#3055=ORIENTED_EDGE('',*,*,#1540,.F.);
#3056=ORIENTED_EDGE('',*,*,#1152,.F.);
#3057=ORIENTED_EDGE('',*,*,#3044,.F.);
#3058=EDGE_LOOP('',(#3054,#3055,#3056,#3057));
#3059=FACE_BOUND('',#3058,.T.);
#3060=ADVANCED_FACE('',(#3059),#3053,.T.);
#3061=CARTESIAN_POINT('',(1388.948528137,-716.948528137,0.));
#3062=DIRECTION('',(0.5,-0.5,-0.707106781));
#3063=DIRECTION('',(0.707106781,0.707106781,0.));
#3064=AXIS2_PLACEMENT_3D('',#3061,#3062,#3063);
#3065=PLANE('',#3064);
#3066=ORIENTED_EDGE('',*,*,#1478,.F.);
#3067=ORIENTED_EDGE('',*,*,#1561,.F.);
#3068=ORIENTED_EDGE('',*,*,#1352,.F.);
#3069=CARTESIAN_POINT('',(1387.5,-718.9627417,0.4));
#3070=DIRECTION('',(-0.678598344,0.281084638,-0.678598345));
#3071=VECTOR('',#3070,0.589450303);
#3072=LINE('',#3069,#3071);
#3073=EDGE_CURVE('',#1339,#149,#3072,.T.);
#3074=ORIENTED_EDGE('',*,*,#3073,.T.);
#3075=ORIENTED_EDGE('',*,*,#154,.F.);
#3076=CARTESIAN_POINT('',(1390.797056275,-715.1,0.));
#3077=DIRECTION('',(0.281084638,-0.678598344,0.678598345));
#3078=VECTOR('',#3077,0.589450303);
#3079=LINE('',#3076,#3078);
#3080=EDGE_CURVE('',#141,#1473,#3079,.T.);
#3081=ORIENTED_EDGE('',*,*,#3080,.T.);
#3082=EDGE_LOOP('',(#3066,#3067,#3068,#3074,#3075,#3081));
#3083=FACE_BOUND('',#3082,.T.);
#3084=ADVANCED_FACE('',(#3083),#3065,.T.);
#3085=CARTESIAN_POINT('',(1392.726955262,-715.15,5.4));
#3086=DIRECTION('',(-0.5,0.5,-0.707106781));
#3087=DIRECTION('',(-0.707106781,-0.707106781,0.));
#3088=AXIS2_PLACEMENT_3D('',#3085,#3086,#3087);
#3089=PLANE('',#3088);
#3090=ORIENTED_EDGE('',*,*,#3038,.F.);
#3091=CARTESIAN_POINT('',(1390.9627417,-715.5,6.4));
#3092=DIRECTION('',(-0.281084638,0.678598344,0.678598345));
#3093=VECTOR('',#3092,0.589450303);
#3094=LINE('',#3091,#3093);
#3095=EDGE_CURVE('',#3027,#1907,#3094,.T.);
#3096=ORIENTED_EDGE('',*,*,#3095,.T.);
#3097=ORIENTED_EDGE('',*,*,#1912,.F.);
#3098=CARTESIAN_POINT('',(1387.1,-718.797056275,6.8));
#3099=DIRECTION('',(0.678598344,-0.281084638,-0.678598345));
#3100=VECTOR('',#3099,0.589450303);
#3101=LINE('',#3098,#3100);
#3102=EDGE_CURVE('',#1899,#2971,#3101,.T.);
#3103=ORIENTED_EDGE('',*,*,#3102,.T.);
#3104=ORIENTED_EDGE('',*,*,#2976,.F.);
#3105=ORIENTED_EDGE('',*,*,#1579,.F.);
#3106=EDGE_LOOP('',(#3090,#3096,#3097,#3103,#3104,#3105));
#3107=FACE_BOUND('',#3106,.T.);
#3108=ADVANCED_FACE('',(#3107),#3089,.F.);
#3109=CARTESIAN_POINT('',(1407.273044738,-740.85,5.4));
#3110=DIRECTION('',(0.5,-0.5,-0.707106781));
#3111=DIRECTION('',(0.707106781,0.707106781,0.));
#3112=AXIS2_PLACEMENT_3D('',#3109,#3110,#3111);
#3113=PLANE('',#3112);
#3114=ORIENTED_EDGE('',*,*,#2942,.F.);
#3115=CARTESIAN_POINT('',(1409.0372583,-740.5,6.4));
#3116=DIRECTION('',(0.281084638,-0.678598344,0.678598345));
#3117=VECTOR('',#3116,0.589450303);
#3118=LINE('',#3115,#3117);
#3119=EDGE_CURVE('',#2931,#1939,#3118,.T.);
#3120=ORIENTED_EDGE('',*,*,#3119,.T.);
#3121=ORIENTED_EDGE('',*,*,#1944,.F.);
#3122=CARTESIAN_POINT('',(1412.9,-737.202943725,6.8));
#3123=DIRECTION('',(-0.678598344,0.281084638,-0.678598345));
#3124=VECTOR('',#3123,0.589450303);
#3125=LINE('',#3122,#3124);
#3126=EDGE_CURVE('',#1931,#2875,#3125,.T.);
#3127=ORIENTED_EDGE('',*,*,#3126,.T.);
#3128=ORIENTED_EDGE('',*,*,#2880,.F.);
#3129=ORIENTED_EDGE('',*,*,#1302,.F.);
#3130=EDGE_LOOP('',(#3114,#3120,#3121,#3127,#3128,#3129));
#3131=FACE_BOUND('',#3130,.T.);
#3132=ADVANCED_FACE('',(#3131),#3113,.F.);
#3133=CARTESIAN_POINT('',(1388.948528137,-739.051471863,0.));
#3134=DIRECTION('',(0.5,0.5,-0.707106781));
#3135=DIRECTION('',(-0.707106781,0.707106781,0.));
#3136=AXIS2_PLACEMENT_3D('',#3133,#3134,#3135);
#3137=PLANE('',#3136);
#3138=ORIENTED_EDGE('',*,*,#1336,.F.);
#3139=ORIENTED_EDGE('',*,*,#1435,.F.);
#3140=ORIENTED_EDGE('',*,*,#1210,.F.);
#3141=CARTESIAN_POINT('',(1390.9627417,-740.5,0.4));
#3142=DIRECTION('',(-0.281084638,-0.678598344,-0.678598345));
#3143=VECTOR('',#3142,0.589450303);
#3144=LINE('',#3141,#3143);
#3145=EDGE_CURVE('',#1197,#165,#3144,.T.);
#3146=ORIENTED_EDGE('',*,*,#3145,.T.);
#3147=ORIENTED_EDGE('',*,*,#170,.F.);
#3148=CARTESIAN_POINT('',(1387.1,-737.202943725,0.));
#3149=DIRECTION('',(0.678598344,0.281084638,0.678598345));
#3150=VECTOR('',#3149,0.589450303);
#3151=LINE('',#3148,#3150);
#3152=EDGE_CURVE('',#157,#1331,#3151,.T.);
#3153=ORIENTED_EDGE('',*,*,#3152,.T.);
#3154=EDGE_LOOP('',(#3138,#3139,#3140,#3146,#3147,#3153));
#3155=FACE_BOUND('',#3154,.T.);
#3156=ADVANCED_FACE('',(#3155),#3137,.T.);
#3157=CARTESIAN_POINT('',(1412.85,-720.726955262,5.4));
#3158=DIRECTION('',(0.5,0.5,-0.707106781));
#3159=DIRECTION('',(-0.707106781,0.707106781,0.));
#3160=AXIS2_PLACEMENT_3D('',#3157,#3158,#3159);
#3161=PLANE('',#3160);
#3162=ORIENTED_EDGE('',*,*,#2894,.F.);
#3163=CARTESIAN_POINT('',(1412.5,-718.9627417,6.4));
#3164=DIRECTION('',(0.678598344,0.281084638,0.678598345));
#3165=VECTOR('',#3164,0.589450303);
#3166=LINE('',#3163,#3165);
#3167=EDGE_CURVE('',#2883,#1923,#3166,.T.);
#3168=ORIENTED_EDGE('',*,*,#3167,.T.);
#3169=ORIENTED_EDGE('',*,*,#1928,.F.);
#3170=CARTESIAN_POINT('',(1409.202943725,-715.1,6.8));
#3171=DIRECTION('',(-0.281084638,-0.678598344,-0.678598345));
#3172=VECTOR('',#3171,0.589450303);
#3173=LINE('',#3170,#3172);
#3174=EDGE_CURVE('',#1915,#3019,#3173,.T.);
#3175=ORIENTED_EDGE('',*,*,#3174,.T.);
#3176=ORIENTED_EDGE('',*,*,#3024,.F.);
#3177=ORIENTED_EDGE('',*,*,#1144,.F.);
#3178=EDGE_LOOP('',(#3162,#3168,#3169,#3175,#3176,#3177));
#3179=FACE_BOUND('',#3178,.T.);
#3180=ADVANCED_FACE('',(#3179),#3161,.F.);
#3181=CARTESIAN_POINT('',(1411.051471863,-739.051471863,0.));
#3182=DIRECTION('',(-0.5,0.5,-0.707106781));
#3183=DIRECTION('',(-0.707106781,-0.707106781,0.));
#3184=AXIS2_PLACEMENT_3D('',#3181,#3182,#3183);
#3185=PLANE('',#3184);
#3186=ORIENTED_EDGE('',*,*,#1194,.F.);
#3187=ORIENTED_EDGE('',*,*,#1316,.F.);
#3188=ORIENTED_EDGE('',*,*,#56,.F.);
#3189=CARTESIAN_POINT('',(1412.5,-737.0372583,0.4));
#3190=DIRECTION('',(0.678598344,-0.281084638,-0.678598345));
#3191=VECTOR('',#3190,0.589450303);
#3192=LINE('',#3189,#3191);
#3193=EDGE_CURVE('',#43,#181,#3192,.T.);
#3194=ORIENTED_EDGE('',*,*,#3193,.T.);
#3195=ORIENTED_EDGE('',*,*,#186,.F.);
#3196=CARTESIAN_POINT('',(1409.202943725,-740.9,0.));
#3197=DIRECTION('',(-0.281084638,0.678598344,0.678598345));
#3198=VECTOR('',#3197,0.589450303);
#3199=LINE('',#3196,#3198);
#3200=EDGE_CURVE('',#173,#1189,#3199,.T.);
#3201=ORIENTED_EDGE('',*,*,#3200,.T.);
#3202=EDGE_LOOP('',(#3186,#3187,#3188,#3194,#3195,#3201));
#3203=FACE_BOUND('',#3202,.T.);
#3204=ADVANCED_FACE('',(#3203),#3185,.T.);
#3205=CARTESIAN_POINT('',(1411.051471863,-716.948528137,0.));
#3206=DIRECTION('',(-0.5,-0.5,-0.707106781));
#3207=DIRECTION('',(0.707106781,-0.707106781,0.));
#3208=AXIS2_PLACEMENT_3D('',#3205,#3206,#3207);
#3209=PLANE('',#3208);
#3210=ORIENTED_EDGE('',*,*,#40,.F.);
#3211=ORIENTED_EDGE('',*,*,#1174,.F.);
#3212=ORIENTED_EDGE('',*,*,#1492,.F.);
#3213=CARTESIAN_POINT('',(1409.0372583,-715.5,0.4));
#3214=DIRECTION('',(0.281084638,0.678598344,-0.678598345));
#3215=VECTOR('',#3214,0.589450303);
#3216=LINE('',#3213,#3215);
#3217=EDGE_CURVE('',#1481,#139,#3216,.T.);
#3218=ORIENTED_EDGE('',*,*,#3217,.T.);
#3219=ORIENTED_EDGE('',*,*,#200,.F.);
#3220=CARTESIAN_POINT('',(1412.9,-718.797056275,0.));
#3221=DIRECTION('',(-0.678598344,-0.281084638,0.678598345));
#3222=VECTOR('',#3221,0.589450303);
#3223=LINE('',#3220,#3222);
#3224=EDGE_CURVE('',#189,#35,#3223,.T.);
#3225=ORIENTED_EDGE('',*,*,#3224,.T.);
#3226=EDGE_LOOP('',(#3210,#3211,#3212,#3218,#3219,#3225));
#3227=FACE_BOUND('',#3226,.T.);
#3228=ADVANCED_FACE('',(#3227),#3209,.T.);
#3229=CARTESIAN_POINT('',(1387.15,-735.273044738,5.4));
#3230=DIRECTION('',(-0.5,-0.5,-0.707106781));
#3231=DIRECTION('',(0.707106781,-0.707106781,0.));
#3232=AXIS2_PLACEMENT_3D('',#3229,#3230,#3231);
#3233=PLANE('',#3232);
#3234=ORIENTED_EDGE('',*,*,#2990,.F.);
#3235=CARTESIAN_POINT('',(1387.5,-737.0372583,6.4));
#3236=DIRECTION('',(-0.678598344,-0.281084638,0.678598345));
#3237=VECTOR('',#3236,0.589450303);
#3238=LINE('',#3235,#3237);
#3239=EDGE_CURVE('',#2979,#1897,#3238,.T.);
#3240=ORIENTED_EDGE('',*,*,#3239,.T.);
#3241=ORIENTED_EDGE('',*,*,#1958,.F.);
#3242=CARTESIAN_POINT('',(1390.797056275,-740.9,6.8));
#3243=DIRECTION('',(0.281084638,0.678598344,-0.678598345));
#3244=VECTOR('',#3243,0.589450303);
#3245=LINE('',#3242,#3244);
#3246=EDGE_CURVE('',#1947,#2923,#3245,.T.);
#3247=ORIENTED_EDGE('',*,*,#3246,.T.);
#3248=ORIENTED_EDGE('',*,*,#2928,.F.);
#3249=ORIENTED_EDGE('',*,*,#1453,.F.);
#3250=EDGE_LOOP('',(#3234,#3240,#3241,#3247,#3248,#3249));
#3251=FACE_BOUND('',#3250,.T.);
#3252=ADVANCED_FACE('',(#3251),#3233,.F.);
#3253=CARTESIAN_POINT('',(1387.1,-728.,6.8));
#3254=DIRECTION('',(-0.707106781,0.,-0.707106781));
#3255=DIRECTION('',(0.,1.,0.));
#3256=AXIS2_PLACEMENT_3D('',#3253,#3254,#3255);
#3257=PLANE('',#3256);
#3258=ORIENTED_EDGE('',*,*,#3239,.F.);
#3259=ORIENTED_EDGE('',*,*,#2984,.F.);
#3260=ORIENTED_EDGE('',*,*,#3102,.F.);
#3261=ORIENTED_EDGE('',*,*,#1904,.F.);
#3262=EDGE_LOOP('',(#3258,#3259,#3260,#3261));
#3263=FACE_BOUND('',#3262,.T.);
#3264=ADVANCED_FACE('',(#3263),#3257,.F.);
#3265=CARTESIAN_POINT('',(1400.,-715.1,0.));
#3266=DIRECTION('',(0.,-0.707106781,-0.707106781));
#3267=DIRECTION('',(1.,0.,0.));
#3268=AXIS2_PLACEMENT_3D('',#3265,#3266,#3267);
#3269=PLANE('',#3268);
#3270=ORIENTED_EDGE('',*,*,#3217,.F.);
#3271=ORIENTED_EDGE('',*,*,#1486,.F.);
#3272=ORIENTED_EDGE('',*,*,#3080,.F.);
#3273=ORIENTED_EDGE('',*,*,#146,.F.);
#3274=EDGE_LOOP('',(#3270,#3271,#3272,#3273));
#3275=FACE_BOUND('',#3274,.T.);
#3276=ADVANCED_FACE('',(#3275),#3269,.T.);
#3277=CARTESIAN_POINT('',(1412.9,-728.,0.));
#3278=DIRECTION('',(-0.707106781,0.,-0.707106781));
#3279=DIRECTION('',(0.,-1.,0.));
#3280=AXIS2_PLACEMENT_3D('',#3277,#3278,#3279);
#3281=PLANE('',#3280);
#3282=ORIENTED_EDGE('',*,*,#3193,.F.);
#3283=ORIENTED_EDGE('',*,*,#48,.F.);
#3284=ORIENTED_EDGE('',*,*,#3224,.F.);
#3285=ORIENTED_EDGE('',*,*,#194,.F.);
#3286=EDGE_LOOP('',(#3282,#3283,#3284,#3285));
#3287=FACE_BOUND('',#3286,.T.);
#3288=ADVANCED_FACE('',(#3287),#3281,.T.);
#3289=CARTESIAN_POINT('',(1400.,-740.9,6.8));
#3290=DIRECTION('',(0.,-0.707106781,-0.707106781));
#3291=DIRECTION('',(-1.,0.,0.));
#3292=AXIS2_PLACEMENT_3D('',#3289,#3290,#3291);
#3293=PLANE('',#3292);
#3294=ORIENTED_EDGE('',*,*,#3119,.F.);
#3295=ORIENTED_EDGE('',*,*,#2936,.F.);
#3296=ORIENTED_EDGE('',*,*,#3246,.F.);
#3297=ORIENTED_EDGE('',*,*,#1952,.F.);
#3298=EDGE_LOOP('',(#3294,#3295,#3296,#3297));
#3299=FACE_BOUND('',#3298,.T.);
#3300=ADVANCED_FACE('',(#3299),#3293,.F.);
#3301=CARTESIAN_POINT('',(1412.9,-728.,6.8));
#3302=DIRECTION('',(0.707106781,0.,-0.707106781));
#3303=DIRECTION('',(0.,-1.,0.));
#3304=AXIS2_PLACEMENT_3D('',#3301,#3302,#3303);
#3305=PLANE('',#3304);
#3306=ORIENTED_EDGE('',*,*,#3167,.F.);
#3307=ORIENTED_EDGE('',*,*,#2888,.F.);
#3308=ORIENTED_EDGE('',*,*,#3126,.F.);
#3309=ORIENTED_EDGE('',*,*,#1936,.F.);
#3310=EDGE_LOOP('',(#3306,#3307,#3308,#3309));
#3311=FACE_BOUND('',#3310,.T.);
#3312=ADVANCED_FACE('',(#3311),#3305,.F.);
#3313=CARTESIAN_POINT('',(1400.,-715.1,6.8));
#3314=DIRECTION('',(0.,0.707106781,-0.707106781));
#3315=DIRECTION('',(1.,0.,0.));
#3316=AXIS2_PLACEMENT_3D('',#3313,#3314,#3315);
#3317=PLANE('',#3316);
#3318=ORIENTED_EDGE('',*,*,#3095,.F.);
#3319=ORIENTED_EDGE('',*,*,#3032,.F.);
#3320=ORIENTED_EDGE('',*,*,#3174,.F.);
#3321=ORIENTED_EDGE('',*,*,#1920,.F.);
#3322=EDGE_LOOP('',(#3318,#3319,#3320,#3321));
#3323=FACE_BOUND('',#3322,.T.);
#3324=ADVANCED_FACE('',(#3323),#3317,.F.);
#3325=CARTESIAN_POINT('',(1387.1,-728.,0.));
#3326=DIRECTION('',(0.707106781,0.,-0.707106781));
#3327=DIRECTION('',(0.,1.,0.));
#3328=AXIS2_PLACEMENT_3D('',#3325,#3326,#3327);
#3329=PLANE('',#3328);
#3330=ORIENTED_EDGE('',*,*,#3073,.F.);
#3331=ORIENTED_EDGE('',*,*,#1344,.F.);
#3332=ORIENTED_EDGE('',*,*,#3152,.F.);
#3333=ORIENTED_EDGE('',*,*,#162,.F.);
#3334=EDGE_LOOP('',(#3330,#3331,#3332,#3333));
#3335=FACE_BOUND('',#3334,.T.);
#3336=ADVANCED_FACE('',(#3335),#3329,.T.);
#3337=CARTESIAN_POINT('',(1400.,-740.9,0.));
#3338=DIRECTION('',(0.,0.707106781,-0.707106781));
#3339=DIRECTION('',(-1.,0.,0.));
#3340=AXIS2_PLACEMENT_3D('',#3337,#3338,#3339);
#3341=PLANE('',#3340);
#3342=ORIENTED_EDGE('',*,*,#3145,.F.);
#3343=ORIENTED_EDGE('',*,*,#1202,.F.);
#3344=ORIENTED_EDGE('',*,*,#3200,.F.);
#3345=ORIENTED_EDGE('',*,*,#178,.F.);
#3346=EDGE_LOOP('',(#3342,#3343,#3344,#3345));
#3347=FACE_BOUND('',#3346,.T.);
#3348=ADVANCED_FACE('',(#3347),#3341,.T.);
#3349=CARTESIAN_POINT('',(1386.,-718.2,6.8));
#3350=DIRECTION('',(0.707106781,-0.707106781,0.));
#3351=DIRECTION('',(0.,0.,-1.));
#3352=AXIS2_PLACEMENT_3D('',#3349,#3350,#3351);
#3353=PLANE('',#3352);
#3354=ORIENTED_EDGE('',*,*,#1967,.F.);
#3355=ORIENTED_EDGE('',*,*,#1651,.F.);
#3356=ORIENTED_EDGE('',*,*,#134,.F.);
#3357=ORIENTED_EDGE('',*,*,#1715,.F.);
#3358=EDGE_LOOP('',(#3354,#3355,#3356,#3357));
#3359=FACE_BOUND('',#3358,.T.);
#3360=ADVANCED_FACE('',(#3359),#3353,.F.);
#3361=CARTESIAN_POINT('',(1388.5,-742.,4.6));
#3362=DIRECTION('',(0.,0.,-1.));
#3363=DIRECTION('',(1.,0.,0.));
#3364=AXIS2_PLACEMENT_3D('',#3361,#3362,#3363);
#3365=CYLINDRICAL_SURFACE('',#3364,2.6);
#3366=CARTESIAN_POINT('',(1391.1,-742.,2.2));
#3367=VERTEX_POINT('',#3366);
#3368=CARTESIAN_POINT('',(1391.1,-742.,4.6));
#3369=VERTEX_POINT('',#3368);
#3370=CARTESIAN_POINT('',(1391.1,-742.,2.2));
#3371=DIRECTION('',(-0.,-0.,1.));
#3372=VECTOR('',#3371,2.4);
#3373=LINE('',#3370,#3372);
#3374=EDGE_CURVE('',#3367,#3369,#3373,.T.);
#3375=ORIENTED_EDGE('',*,*,#3374,.F.);
#3376=CARTESIAN_POINT('',(1388.5,-744.6,2.2));
#3377=VERTEX_POINT('',#3376);
#3378=CARTESIAN_POINT('',(1388.5,-742.,2.2));
#3379=DIRECTION('',(-0.,-0.,1.));
#3380=DIRECTION('',(-1.,0.,0.));
#3381=AXIS2_PLACEMENT_3D('',#3378,#3379,#3380);
#3382=CIRCLE('',#3381,2.6);
#3383=EDGE_CURVE('',#3377,#3367,#3382,.T.);
#3384=ORIENTED_EDGE('',*,*,#3383,.F.);
#3385=CARTESIAN_POINT('',(1388.5,-744.6,4.6));
#3386=VERTEX_POINT('',#3385);
#3387=CARTESIAN_POINT('',(1388.5,-744.6,4.6));
#3388=DIRECTION('',(-0.,-0.,-1.));
#3389=VECTOR('',#3388,2.4);
#3390=LINE('',#3387,#3389);
#3391=EDGE_CURVE('',#3386,#3377,#3390,.T.);
#3392=ORIENTED_EDGE('',*,*,#3391,.F.);
#3393=CARTESIAN_POINT('',(1388.5,-742.,4.6));
#3394=DIRECTION('',(-0.,-0.,1.));
#3395=DIRECTION('',(-1.,0.,0.));
#3396=AXIS2_PLACEMENT_3D('',#3393,#3394,#3395);
#3397=CIRCLE('',#3396,2.6);
#3398=EDGE_CURVE('',#3386,#3369,#3397,.T.);
#3399=ORIENTED_EDGE('',*,*,#3398,.T.);
#3400=EDGE_LOOP('',(#3375,#3384,#3392,#3399));
#3401=FACE_BOUND('',#3400,.T.);
#3402=ADVANCED_FACE('',(#3401),#3365,.F.);
#3403=CARTESIAN_POINT('',(1400.,-728.,4.6));
#3404=DIRECTION('',(0.,0.,1.));
#3405=DIRECTION('',(-1.,0.,0.));
#3406=AXIS2_PLACEMENT_3D('',#3403,#3404,#3405);
#3407=PLANE('',#3406);
#3408=ORIENTED_EDGE('',*,*,#1669,.F.);
#3409=CARTESIAN_POINT('',(1386.274557137,-739.681567612,4.6));
#3410=VERTEX_POINT('',#3409);
#3411=CARTESIAN_POINT('',(1386.25,-739.432776641,4.6));
#3412=DIRECTION('',(0.,0.,-1.));
#3413=DIRECTION('',(-1.,0.,0.));
#3414=AXIS2_PLACEMENT_3D('',#3411,#3412,#3413);
#3415=CIRCLE('',#3414,0.25);
#3416=EDGE_CURVE('',#3410,#1662,#3415,.T.);
#3417=ORIENTED_EDGE('',*,*,#3416,.F.);
#3418=CARTESIAN_POINT('',(1387.156119539,-739.444776535,4.6));
#3419=VERTEX_POINT('',#3418);
#3420=CARTESIAN_POINT('',(1386.,-736.9,4.6));
#3421=DIRECTION('',(-0.,-0.,1.));
#3422=DIRECTION('',(-1.,0.,0.));
#3423=AXIS2_PLACEMENT_3D('',#3420,#3421,#3422);
#3424=CIRCLE('',#3423,2.795084972);
#3425=EDGE_CURVE('',#3410,#3419,#3424,.T.);
#3426=ORIENTED_EDGE('',*,*,#3425,.T.);
#3427=CARTESIAN_POINT('',(1387.36293249,-739.4,4.6));
#3428=VERTEX_POINT('',#3427);
#3429=CARTESIAN_POINT('',(1387.36293249,-739.9,4.6));
#3430=DIRECTION('',(-0.,-0.,1.));
#3431=DIRECTION('',(-1.,0.,0.));
#3432=AXIS2_PLACEMENT_3D('',#3429,#3430,#3431);
#3433=CIRCLE('',#3432,0.5);
#3434=EDGE_CURVE('',#3428,#3419,#3433,.T.);
#3435=ORIENTED_EDGE('',*,*,#3434,.F.);
#3436=CARTESIAN_POINT('',(1388.5,-739.4,4.6));
#3437=VERTEX_POINT('',#3436);
#3438=CARTESIAN_POINT('',(1388.5,-739.4,4.6));
#3439=DIRECTION('',(-1.,0.,0.));
#3440=VECTOR('',#3439,1.13706751);
#3441=LINE('',#3438,#3440);
#3442=EDGE_CURVE('',#3437,#3428,#3441,.T.);
#3443=ORIENTED_EDGE('',*,*,#3442,.F.);
#3444=CARTESIAN_POINT('',(1388.5,-742.,4.6));
#3445=DIRECTION('',(-0.,-0.,1.));
#3446=DIRECTION('',(-1.,0.,0.));
#3447=AXIS2_PLACEMENT_3D('',#3444,#3445,#3446);
#3448=CIRCLE('',#3447,2.6);
#3449=EDGE_CURVE('',#3369,#3437,#3448,.T.);
#3450=ORIENTED_EDGE('',*,*,#3449,.F.);
#3451=ORIENTED_EDGE('',*,*,#3398,.F.);
#3452=CARTESIAN_POINT('',(1387.36293249,-744.6,4.6));
#3453=VERTEX_POINT('',#3452);
#3454=CARTESIAN_POINT('',(1388.5,-744.6,4.6));
#3455=DIRECTION('',(-1.,0.,0.));
#3456=VECTOR('',#3455,1.13706751);
#3457=LINE('',#3454,#3456);
#3458=EDGE_CURVE('',#3386,#3453,#3457,.T.);
#3459=ORIENTED_EDGE('',*,*,#3458,.T.);
#3460=CARTESIAN_POINT('',(1387.156119539,-744.555223465,4.6));
#3461=VERTEX_POINT('',#3460);
#3462=CARTESIAN_POINT('',(1387.36293249,-744.1,4.6));
#3463=DIRECTION('',(-0.,-0.,1.));
#3464=DIRECTION('',(-1.,0.,0.));
#3465=AXIS2_PLACEMENT_3D('',#3462,#3463,#3464);
#3466=CIRCLE('',#3465,0.5);
#3467=EDGE_CURVE('',#3461,#3453,#3466,.T.);
#3468=ORIENTED_EDGE('',*,*,#3467,.F.);
#3469=CARTESIAN_POINT('',(1386.274557137,-744.318432388,4.6));
#3470=VERTEX_POINT('',#3469);
#3471=CARTESIAN_POINT('',(1386.,-747.1,4.6));
#3472=DIRECTION('',(-0.,-0.,1.));
#3473=DIRECTION('',(-1.,0.,0.));
#3474=AXIS2_PLACEMENT_3D('',#3471,#3472,#3473);
#3475=CIRCLE('',#3474,2.795084972);
#3476=EDGE_CURVE('',#3461,#3470,#3475,.T.);
#3477=ORIENTED_EDGE('',*,*,#3476,.T.);
#3478=CARTESIAN_POINT('',(1386.25,-744.567223359,4.6));
#3479=DIRECTION('',(0.,0.,-1.));
#3480=DIRECTION('',(-1.,0.,0.));
#3481=AXIS2_PLACEMENT_3D('',#3478,#3479,#3480);
#3482=CIRCLE('',#3481,0.25);
#3483=EDGE_CURVE('',#1664,#3470,#3482,.T.);
#3484=ORIENTED_EDGE('',*,*,#3483,.F.);
#3485=EDGE_LOOP('',(#3408,#3417,#3426,#3435,#3443,#3450,#3451,#3459,#3468,#3477,#3484));
#3486=FACE_BOUND('',#3485,.T.);
#3487=ADVANCED_FACE('',(#3486),#3407,.F.);
#3488=CARTESIAN_POINT('',(1400.,-728.,2.2));
#3489=DIRECTION('',(0.,0.,1.));
#3490=DIRECTION('',(-1.,0.,0.));
#3491=AXIS2_PLACEMENT_3D('',#3488,#3489,#3490);
#3492=PLANE('',#3491);
#3493=ORIENTED_EDGE('',*,*,#1685,.T.);
#3494=CARTESIAN_POINT('',(1386.274557137,-744.318432388,2.2));
#3495=VERTEX_POINT('',#3494);
#3496=CARTESIAN_POINT('',(1386.25,-744.567223359,2.2));
#3497=DIRECTION('',(-0.,-0.,1.));
#3498=DIRECTION('',(-1.,0.,0.));
#3499=AXIS2_PLACEMENT_3D('',#3496,#3497,#3498);
#3500=CIRCLE('',#3499,0.25);
#3501=EDGE_CURVE('',#3495,#1672,#3500,.T.);
#3502=ORIENTED_EDGE('',*,*,#3501,.F.);
#3503=CARTESIAN_POINT('',(1387.156119539,-744.555223465,2.2));
#3504=VERTEX_POINT('',#3503);
#3505=CARTESIAN_POINT('',(1386.,-747.1,2.2));
#3506=DIRECTION('',(-0.,-0.,1.));
#3507=DIRECTION('',(-1.,0.,0.));
#3508=AXIS2_PLACEMENT_3D('',#3505,#3506,#3507);
#3509=CIRCLE('',#3508,2.795084972);
#3510=EDGE_CURVE('',#3504,#3495,#3509,.T.);
#3511=ORIENTED_EDGE('',*,*,#3510,.F.);
#3512=CARTESIAN_POINT('',(1387.36293249,-744.6,2.2));
#3513=VERTEX_POINT('',#3512);
#3514=CARTESIAN_POINT('',(1387.36293249,-744.1,2.2));
#3515=DIRECTION('',(0.,0.,-1.));
#3516=DIRECTION('',(-1.,0.,0.));
#3517=AXIS2_PLACEMENT_3D('',#3514,#3515,#3516);
#3518=CIRCLE('',#3517,0.5);
#3519=EDGE_CURVE('',#3513,#3504,#3518,.T.);
#3520=ORIENTED_EDGE('',*,*,#3519,.F.);
#3521=CARTESIAN_POINT('',(1388.5,-744.6,2.2));
#3522=DIRECTION('',(-1.,0.,0.));
#3523=VECTOR('',#3522,1.13706751);
#3524=LINE('',#3521,#3523);
#3525=EDGE_CURVE('',#3377,#3513,#3524,.T.);
#3526=ORIENTED_EDGE('',*,*,#3525,.F.);
#3527=ORIENTED_EDGE('',*,*,#3383,.T.);
#3528=CARTESIAN_POINT('',(1388.5,-739.4,2.2));
#3529=VERTEX_POINT('',#3528);
#3530=CARTESIAN_POINT('',(1388.5,-742.,2.2));
#3531=DIRECTION('',(-0.,-0.,1.));
#3532=DIRECTION('',(-1.,0.,0.));
#3533=AXIS2_PLACEMENT_3D('',#3530,#3531,#3532);
#3534=CIRCLE('',#3533,2.6);
#3535=EDGE_CURVE('',#3367,#3529,#3534,.T.);
#3536=ORIENTED_EDGE('',*,*,#3535,.T.);
#3537=CARTESIAN_POINT('',(1387.36293249,-739.4,2.2));
#3538=VERTEX_POINT('',#3537);
#3539=CARTESIAN_POINT('',(1388.5,-739.4,2.2));
#3540=DIRECTION('',(-1.,0.,0.));
#3541=VECTOR('',#3540,1.13706751);
#3542=LINE('',#3539,#3541);
#3543=EDGE_CURVE('',#3529,#3538,#3542,.T.);
#3544=ORIENTED_EDGE('',*,*,#3543,.T.);
#3545=CARTESIAN_POINT('',(1387.156119539,-739.444776535,2.2));
#3546=VERTEX_POINT('',#3545);
#3547=CARTESIAN_POINT('',(1387.36293249,-739.9,2.2));
#3548=DIRECTION('',(0.,0.,-1.));
#3549=DIRECTION('',(-1.,0.,0.));
#3550=AXIS2_PLACEMENT_3D('',#3547,#3548,#3549);
#3551=CIRCLE('',#3550,0.5);
#3552=EDGE_CURVE('',#3546,#3538,#3551,.T.);
#3553=ORIENTED_EDGE('',*,*,#3552,.F.);
#3554=CARTESIAN_POINT('',(1386.274557137,-739.681567612,2.2));
#3555=VERTEX_POINT('',#3554);
#3556=CARTESIAN_POINT('',(1386.,-736.9,2.2));
#3557=DIRECTION('',(-0.,-0.,1.));
#3558=DIRECTION('',(-1.,0.,0.));
#3559=AXIS2_PLACEMENT_3D('',#3556,#3557,#3558);
#3560=CIRCLE('',#3559,2.795084972);
#3561=EDGE_CURVE('',#3555,#3546,#3560,.T.);
#3562=ORIENTED_EDGE('',*,*,#3561,.F.);
#3563=CARTESIAN_POINT('',(1386.25,-739.432776641,2.2));
#3564=DIRECTION('',(-0.,-0.,1.));
#3565=DIRECTION('',(-1.,0.,0.));
#3566=AXIS2_PLACEMENT_3D('',#3563,#3564,#3565);
#3567=CIRCLE('',#3566,0.25);
#3568=EDGE_CURVE('',#1680,#3555,#3567,.T.);
#3569=ORIENTED_EDGE('',*,*,#3568,.F.);
#3570=EDGE_LOOP('',(#3493,#3502,#3511,#3520,#3526,#3527,#3536,#3544,#3553,#3562,#3569));
#3571=FACE_BOUND('',#3570,.T.);
#3572=ADVANCED_FACE('',(#3571),#3492,.T.);
#3573=CARTESIAN_POINT('',(1387.36293249,-739.9,4.6));
#3574=DIRECTION('',(0.,0.,-1.));
#3575=DIRECTION('',(1.,0.,0.));
#3576=AXIS2_PLACEMENT_3D('',#3573,#3574,#3575);
#3577=CYLINDRICAL_SURFACE('',#3576,0.5);
#3578=ORIENTED_EDGE('',*,*,#3434,.T.);
#3579=CARTESIAN_POINT('',(1387.156119539,-739.444776535,4.6));
#3580=DIRECTION('',(0.,0.,-1.));
#3581=VECTOR('',#3580,2.4);
#3582=LINE('',#3579,#3581);
#3583=EDGE_CURVE('',#3419,#3546,#3582,.T.);
#3584=ORIENTED_EDGE('',*,*,#3583,.T.);
#3585=ORIENTED_EDGE('',*,*,#3552,.T.);
#3586=CARTESIAN_POINT('',(1387.36293249,-739.4,2.2));
#3587=DIRECTION('',(-0.,-0.,1.));
#3588=VECTOR('',#3587,2.4);
#3589=LINE('',#3586,#3588);
#3590=EDGE_CURVE('',#3538,#3428,#3589,.T.);
#3591=ORIENTED_EDGE('',*,*,#3590,.T.);
#3592=EDGE_LOOP('',(#3578,#3584,#3585,#3591));
#3593=FACE_BOUND('',#3592,.T.);
#3594=ADVANCED_FACE('',(#3593),#3577,.F.);
#3595=CARTESIAN_POINT('',(1387.875,-739.4,4.6));
#3596=DIRECTION('',(0.,-1.,0.));
#3597=DIRECTION('',(0.,0.,1.));
#3598=AXIS2_PLACEMENT_3D('',#3595,#3596,#3597);
#3599=PLANE('',#3598);
#3600=ORIENTED_EDGE('',*,*,#3543,.F.);
#3601=CARTESIAN_POINT('',(1388.5,-739.4,4.6));
#3602=DIRECTION('',(0.,0.,-1.));
#3603=VECTOR('',#3602,2.4);
#3604=LINE('',#3601,#3603);
#3605=EDGE_CURVE('',#3437,#3529,#3604,.T.);
#3606=ORIENTED_EDGE('',*,*,#3605,.F.);
#3607=ORIENTED_EDGE('',*,*,#3442,.T.);
#3608=ORIENTED_EDGE('',*,*,#3590,.F.);
#3609=EDGE_LOOP('',(#3600,#3606,#3607,#3608));
#3610=FACE_BOUND('',#3609,.T.);
#3611=ADVANCED_FACE('',(#3610),#3599,.T.);
#3612=CARTESIAN_POINT('',(1386.,-736.9,4.6));
#3613=DIRECTION('',(0.,0.,-1.));
#3614=DIRECTION('',(1.,0.,0.));
#3615=AXIS2_PLACEMENT_3D('',#3612,#3613,#3614);
#3616=CYLINDRICAL_SURFACE('',#3615,2.795084972);
#3617=ORIENTED_EDGE('',*,*,#3425,.F.);
#3618=CARTESIAN_POINT('',(1386.274557137,-739.681567612,2.2));
#3619=DIRECTION('',(-0.,-0.,1.));
#3620=VECTOR('',#3619,2.4);
#3621=LINE('',#3618,#3620);
#3622=EDGE_CURVE('',#3555,#3410,#3621,.T.);
#3623=ORIENTED_EDGE('',*,*,#3622,.F.);
#3624=ORIENTED_EDGE('',*,*,#3561,.T.);
#3625=ORIENTED_EDGE('',*,*,#3583,.F.);
#3626=EDGE_LOOP('',(#3617,#3623,#3624,#3625));
#3627=FACE_BOUND('',#3626,.T.);
#3628=ADVANCED_FACE('',(#3627),#3616,.T.);
#3629=CARTESIAN_POINT('',(1386.25,-739.432776641,4.6));
#3630=DIRECTION('',(0.,0.,-1.));
#3631=DIRECTION('',(1.,0.,0.));
#3632=AXIS2_PLACEMENT_3D('',#3629,#3630,#3631);
#3633=CYLINDRICAL_SURFACE('',#3632,0.25);
#3634=ORIENTED_EDGE('',*,*,#3416,.T.);
#3635=ORIENTED_EDGE('',*,*,#1691,.T.);
#3636=ORIENTED_EDGE('',*,*,#3568,.T.);
#3637=ORIENTED_EDGE('',*,*,#3622,.T.);
#3638=EDGE_LOOP('',(#3634,#3635,#3636,#3637));
#3639=FACE_BOUND('',#3638,.T.);
#3640=ADVANCED_FACE('',(#3639),#3633,.T.);
#3641=CARTESIAN_POINT('',(1414.,-716.5,4.6));
#3642=DIRECTION('',(0.,0.,-1.));
#3643=DIRECTION('',(0.,-1.,0.));
#3644=AXIS2_PLACEMENT_3D('',#3641,#3642,#3643);
#3645=CYLINDRICAL_SURFACE('',#3644,2.6);
#3646=CARTESIAN_POINT('',(1414.,-719.1,2.2));
#3647=VERTEX_POINT('',#3646);
#3648=CARTESIAN_POINT('',(1414.,-719.1,4.6));
#3649=VERTEX_POINT('',#3648);
#3650=CARTESIAN_POINT('',(1414.,-719.1,2.2));
#3651=DIRECTION('',(-0.,-0.,1.));
#3652=VECTOR('',#3651,2.4);
#3653=LINE('',#3650,#3652);
#3654=EDGE_CURVE('',#3647,#3649,#3653,.T.);
#3655=ORIENTED_EDGE('',*,*,#3654,.F.);
#3656=CARTESIAN_POINT('',(1411.4,-716.5,2.2));
#3657=VERTEX_POINT('',#3656);
#3658=CARTESIAN_POINT('',(1414.,-716.5,2.2));
#3659=DIRECTION('',(-0.,-0.,1.));
#3660=DIRECTION('',(-1.,0.,0.));
#3661=AXIS2_PLACEMENT_3D('',#3658,#3659,#3660);
#3662=CIRCLE('',#3661,2.6);
#3663=EDGE_CURVE('',#3657,#3647,#3662,.T.);
#3664=ORIENTED_EDGE('',*,*,#3663,.F.);
#3665=CARTESIAN_POINT('',(1411.4,-716.5,4.6));
#3666=VERTEX_POINT('',#3665);
#3667=CARTESIAN_POINT('',(1411.4,-716.5,4.6));
#3668=DIRECTION('',(-0.,-0.,-1.));
#3669=VECTOR('',#3668,2.4);
#3670=LINE('',#3667,#3669);
#3671=EDGE_CURVE('',#3666,#3657,#3670,.T.);
#3672=ORIENTED_EDGE('',*,*,#3671,.F.);
#3673=CARTESIAN_POINT('',(1414.,-716.5,4.6));
#3674=DIRECTION('',(-0.,-0.,1.));
#3675=DIRECTION('',(-1.,0.,0.));
#3676=AXIS2_PLACEMENT_3D('',#3673,#3674,#3675);
#3677=CIRCLE('',#3676,2.6);
#3678=EDGE_CURVE('',#3666,#3649,#3677,.T.);
#3679=ORIENTED_EDGE('',*,*,#3678,.T.);
#3680=EDGE_LOOP('',(#3655,#3664,#3672,#3679));
#3681=FACE_BOUND('',#3680,.T.);
#3682=ADVANCED_FACE('',(#3681),#3645,.F.);
#3683=CARTESIAN_POINT('',(1428.,-728.,4.6));
#3684=DIRECTION('',(0.,0.,1.));
#3685=DIRECTION('',(0.,1.,0.));
#3686=AXIS2_PLACEMENT_3D('',#3683,#3684,#3685);
#3687=PLANE('',#3686);
#3688=CARTESIAN_POINT('',(1416.6,-716.5,4.6));
#3689=VERTEX_POINT('',#3688);
#3690=CARTESIAN_POINT('',(1414.,-716.5,4.6));
#3691=DIRECTION('',(-0.,-0.,1.));
#3692=DIRECTION('',(-1.,0.,0.));
#3693=AXIS2_PLACEMENT_3D('',#3690,#3691,#3692);
#3694=CIRCLE('',#3693,2.6);
#3695=EDGE_CURVE('',#3649,#3689,#3694,.T.);
#3696=ORIENTED_EDGE('',*,*,#3695,.F.);
#3697=ORIENTED_EDGE('',*,*,#3678,.F.);
#3698=CARTESIAN_POINT('',(1411.4,-715.36293249,4.6));
#3699=VERTEX_POINT('',#3698);
#3700=CARTESIAN_POINT('',(1411.4,-716.5,4.6));
#3701=DIRECTION('',(0.,1.,0.));
#3702=VECTOR('',#3701,1.13706751);
#3703=LINE('',#3700,#3702);
#3704=EDGE_CURVE('',#3666,#3699,#3703,.T.);
#3705=ORIENTED_EDGE('',*,*,#3704,.T.);
#3706=CARTESIAN_POINT('',(1411.444776535,-715.156119539,4.6));
#3707=VERTEX_POINT('',#3706);
#3708=CARTESIAN_POINT('',(1411.9,-715.36293249,4.6));
#3709=DIRECTION('',(-0.,-0.,1.));
#3710=DIRECTION('',(-1.,0.,0.));
#3711=AXIS2_PLACEMENT_3D('',#3708,#3709,#3710);
#3712=CIRCLE('',#3711,0.5);
#3713=EDGE_CURVE('',#3707,#3699,#3712,.T.);
#3714=ORIENTED_EDGE('',*,*,#3713,.F.);
#3715=CARTESIAN_POINT('',(1411.681567612,-714.274557137,4.6));
#3716=VERTEX_POINT('',#3715);
#3717=CARTESIAN_POINT('',(1408.9,-714.,4.6));
#3718=DIRECTION('',(-0.,-0.,1.));
#3719=DIRECTION('',(-1.,0.,0.));
#3720=AXIS2_PLACEMENT_3D('',#3717,#3718,#3719);
#3721=CIRCLE('',#3720,2.795084972);
#3722=EDGE_CURVE('',#3707,#3716,#3721,.T.);
#3723=ORIENTED_EDGE('',*,*,#3722,.T.);
#3724=CARTESIAN_POINT('',(1411.432776641,-714.25,4.6));
#3725=DIRECTION('',(0.,0.,-1.));
#3726=DIRECTION('',(-1.,0.,0.));
#3727=AXIS2_PLACEMENT_3D('',#3724,#3725,#3726);
#3728=CIRCLE('',#3727,0.25);
#3729=EDGE_CURVE('',#1607,#3716,#3728,.T.);
#3730=ORIENTED_EDGE('',*,*,#3729,.F.);
#3731=ORIENTED_EDGE('',*,*,#1612,.F.);
#3732=CARTESIAN_POINT('',(1416.318432388,-714.274557137,4.6));
#3733=VERTEX_POINT('',#3732);
#3734=CARTESIAN_POINT('',(1416.567223359,-714.25,4.6));
#3735=DIRECTION('',(0.,0.,-1.));
#3736=DIRECTION('',(-1.,0.,0.));
#3737=AXIS2_PLACEMENT_3D('',#3734,#3735,#3736);
#3738=CIRCLE('',#3737,0.25);
#3739=EDGE_CURVE('',#3733,#1597,#3738,.T.);
#3740=ORIENTED_EDGE('',*,*,#3739,.F.);
#3741=CARTESIAN_POINT('',(1416.555223465,-715.156119539,4.6));
#3742=VERTEX_POINT('',#3741);
#3743=CARTESIAN_POINT('',(1419.1,-714.,4.6));
#3744=DIRECTION('',(-0.,-0.,1.));
#3745=DIRECTION('',(-1.,0.,0.));
#3746=AXIS2_PLACEMENT_3D('',#3743,#3744,#3745);
#3747=CIRCLE('',#3746,2.795084972);
#3748=EDGE_CURVE('',#3733,#3742,#3747,.T.);
#3749=ORIENTED_EDGE('',*,*,#3748,.T.);
#3750=CARTESIAN_POINT('',(1416.6,-715.36293249,4.6));
#3751=VERTEX_POINT('',#3750);
#3752=CARTESIAN_POINT('',(1416.1,-715.36293249,4.6));
#3753=DIRECTION('',(-0.,-0.,1.));
#3754=DIRECTION('',(-1.,0.,0.));
#3755=AXIS2_PLACEMENT_3D('',#3752,#3753,#3754);
#3756=CIRCLE('',#3755,0.5);
#3757=EDGE_CURVE('',#3751,#3742,#3756,.T.);
#3758=ORIENTED_EDGE('',*,*,#3757,.F.);
#3759=CARTESIAN_POINT('',(1416.6,-716.5,4.6));
#3760=DIRECTION('',(0.,1.,0.));
#3761=VECTOR('',#3760,1.13706751);
#3762=LINE('',#3759,#3761);
#3763=EDGE_CURVE('',#3689,#3751,#3762,.T.);
#3764=ORIENTED_EDGE('',*,*,#3763,.F.);
#3765=EDGE_LOOP('',(#3696,#3697,#3705,#3714,#3723,#3730,#3731,#3740,#3749,#3758,#3764));
#3766=FACE_BOUND('',#3765,.T.);
#3767=ADVANCED_FACE('',(#3766),#3687,.F.);
#3768=CARTESIAN_POINT('',(1428.,-728.,2.2));
#3769=DIRECTION('',(0.,0.,1.));
#3770=DIRECTION('',(0.,1.,0.));
#3771=AXIS2_PLACEMENT_3D('',#3768,#3769,#3770);
#3772=PLANE('',#3771);
#3773=ORIENTED_EDGE('',*,*,#3663,.T.);
#3774=CARTESIAN_POINT('',(1416.6,-716.5,2.2));
#3775=VERTEX_POINT('',#3774);
#3776=CARTESIAN_POINT('',(1414.,-716.5,2.2));
#3777=DIRECTION('',(-0.,-0.,1.));
#3778=DIRECTION('',(-1.,0.,0.));
#3779=AXIS2_PLACEMENT_3D('',#3776,#3777,#3778);
#3780=CIRCLE('',#3779,2.6);
#3781=EDGE_CURVE('',#3647,#3775,#3780,.T.);
#3782=ORIENTED_EDGE('',*,*,#3781,.T.);
#3783=CARTESIAN_POINT('',(1416.6,-715.36293249,2.2));
#3784=VERTEX_POINT('',#3783);
#3785=CARTESIAN_POINT('',(1416.6,-716.5,2.2));
#3786=DIRECTION('',(0.,1.,0.));
#3787=VECTOR('',#3786,1.13706751);
#3788=LINE('',#3785,#3787);
#3789=EDGE_CURVE('',#3775,#3784,#3788,.T.);
#3790=ORIENTED_EDGE('',*,*,#3789,.T.);
#3791=CARTESIAN_POINT('',(1416.555223465,-715.156119539,2.2));
#3792=VERTEX_POINT('',#3791);
#3793=CARTESIAN_POINT('',(1416.1,-715.36293249,2.2));
#3794=DIRECTION('',(0.,0.,-1.));
#3795=DIRECTION('',(-1.,0.,0.));
#3796=AXIS2_PLACEMENT_3D('',#3793,#3794,#3795);
#3797=CIRCLE('',#3796,0.5);
#3798=EDGE_CURVE('',#3792,#3784,#3797,.T.);
#3799=ORIENTED_EDGE('',*,*,#3798,.F.);
#3800=CARTESIAN_POINT('',(1416.318432388,-714.274557137,2.2));
#3801=VERTEX_POINT('',#3800);
#3802=CARTESIAN_POINT('',(1419.1,-714.,2.2));
#3803=DIRECTION('',(-0.,-0.,1.));
#3804=DIRECTION('',(-1.,0.,0.));
#3805=AXIS2_PLACEMENT_3D('',#3802,#3803,#3804);
#3806=CIRCLE('',#3805,2.795084972);
#3807=EDGE_CURVE('',#3801,#3792,#3806,.T.);
#3808=ORIENTED_EDGE('',*,*,#3807,.F.);
#3809=CARTESIAN_POINT('',(1416.567223359,-714.25,2.2));
#3810=DIRECTION('',(-0.,-0.,1.));
#3811=DIRECTION('',(-1.,0.,0.));
#3812=AXIS2_PLACEMENT_3D('',#3809,#3810,#3811);
#3813=CIRCLE('',#3812,0.25);
#3814=EDGE_CURVE('',#1599,#3801,#3813,.T.);
#3815=ORIENTED_EDGE('',*,*,#3814,.F.);
#3816=ORIENTED_EDGE('',*,*,#1626,.T.);
#3817=CARTESIAN_POINT('',(1411.681567612,-714.274557137,2.2));
#3818=VERTEX_POINT('',#3817);
#3819=CARTESIAN_POINT('',(1411.432776641,-714.25,2.2));
#3820=DIRECTION('',(-0.,-0.,1.));
#3821=DIRECTION('',(-1.,0.,0.));
#3822=AXIS2_PLACEMENT_3D('',#3819,#3820,#3821);
#3823=CIRCLE('',#3822,0.25);
#3824=EDGE_CURVE('',#3818,#1615,#3823,.T.);
#3825=ORIENTED_EDGE('',*,*,#3824,.F.);
#3826=CARTESIAN_POINT('',(1411.444776535,-715.156119539,2.2));
#3827=VERTEX_POINT('',#3826);
#3828=CARTESIAN_POINT('',(1408.9,-714.,2.2));
#3829=DIRECTION('',(-0.,-0.,1.));
#3830=DIRECTION('',(-1.,0.,0.));
#3831=AXIS2_PLACEMENT_3D('',#3828,#3829,#3830);
#3832=CIRCLE('',#3831,2.795084972);
#3833=EDGE_CURVE('',#3827,#3818,#3832,.T.);
#3834=ORIENTED_EDGE('',*,*,#3833,.F.);
#3835=CARTESIAN_POINT('',(1411.4,-715.36293249,2.2));
#3836=VERTEX_POINT('',#3835);
#3837=CARTESIAN_POINT('',(1411.9,-715.36293249,2.2));
#3838=DIRECTION('',(0.,0.,-1.));
#3839=DIRECTION('',(-1.,0.,0.));
#3840=AXIS2_PLACEMENT_3D('',#3837,#3838,#3839);
#3841=CIRCLE('',#3840,0.5);
#3842=EDGE_CURVE('',#3836,#3827,#3841,.T.);
#3843=ORIENTED_EDGE('',*,*,#3842,.F.);
#3844=CARTESIAN_POINT('',(1411.4,-716.5,2.2));
#3845=DIRECTION('',(0.,1.,0.));
#3846=VECTOR('',#3845,1.13706751);
#3847=LINE('',#3844,#3846);
#3848=EDGE_CURVE('',#3657,#3836,#3847,.T.);
#3849=ORIENTED_EDGE('',*,*,#3848,.F.);
#3850=EDGE_LOOP('',(#3773,#3782,#3790,#3799,#3808,#3815,#3816,#3825,#3834,#3843,#3849));
#3851=FACE_BOUND('',#3850,.T.);
#3852=ADVANCED_FACE('',(#3851),#3772,.T.);
#3853=CARTESIAN_POINT('',(1411.4,-715.875,4.6));
#3854=DIRECTION('',(-1.,0.,0.));
#3855=DIRECTION('',(0.,0.,1.));
#3856=AXIS2_PLACEMENT_3D('',#3853,#3854,#3855);
#3857=PLANE('',#3856);
#3858=ORIENTED_EDGE('',*,*,#3704,.F.);
#3859=ORIENTED_EDGE('',*,*,#3671,.T.);
#3860=ORIENTED_EDGE('',*,*,#3848,.T.);
#3861=CARTESIAN_POINT('',(1411.4,-715.36293249,4.6));
#3862=DIRECTION('',(0.,0.,-1.));
#3863=VECTOR('',#3862,2.4);
#3864=LINE('',#3861,#3863);
#3865=EDGE_CURVE('',#3699,#3836,#3864,.T.);
#3866=ORIENTED_EDGE('',*,*,#3865,.F.);
#3867=EDGE_LOOP('',(#3858,#3859,#3860,#3866));
#3868=FACE_BOUND('',#3867,.T.);
#3869=ADVANCED_FACE('',(#3868),#3857,.F.);
#3870=CARTESIAN_POINT('',(1411.9,-715.36293249,4.6));
#3871=DIRECTION('',(0.,0.,-1.));
#3872=DIRECTION('',(0.,-1.,0.));
#3873=AXIS2_PLACEMENT_3D('',#3870,#3871,#3872);
#3874=CYLINDRICAL_SURFACE('',#3873,0.5);
#3875=ORIENTED_EDGE('',*,*,#3713,.T.);
#3876=ORIENTED_EDGE('',*,*,#3865,.T.);
#3877=ORIENTED_EDGE('',*,*,#3842,.T.);
#3878=CARTESIAN_POINT('',(1411.444776535,-715.156119539,2.2));
#3879=DIRECTION('',(-0.,-0.,1.));
#3880=VECTOR('',#3879,2.4);
#3881=LINE('',#3878,#3880);
#3882=EDGE_CURVE('',#3827,#3707,#3881,.T.);
#3883=ORIENTED_EDGE('',*,*,#3882,.T.);
#3884=EDGE_LOOP('',(#3875,#3876,#3877,#3883));
#3885=FACE_BOUND('',#3884,.T.);
#3886=ADVANCED_FACE('',(#3885),#3874,.F.);
#3887=CARTESIAN_POINT('',(1408.9,-714.,4.6));
#3888=DIRECTION('',(0.,0.,-1.));
#3889=DIRECTION('',(0.,-1.,0.));
#3890=AXIS2_PLACEMENT_3D('',#3887,#3888,#3889);
#3891=CYLINDRICAL_SURFACE('',#3890,2.795084972);
#3892=ORIENTED_EDGE('',*,*,#3833,.T.);
#3893=CARTESIAN_POINT('',(1411.681567612,-714.274557137,4.6));
#3894=DIRECTION('',(0.,0.,-1.));
#3895=VECTOR('',#3894,2.4);
#3896=LINE('',#3893,#3895);
#3897=EDGE_CURVE('',#3716,#3818,#3896,.T.);
#3898=ORIENTED_EDGE('',*,*,#3897,.F.);
#3899=ORIENTED_EDGE('',*,*,#3722,.F.);
#3900=ORIENTED_EDGE('',*,*,#3882,.F.);
#3901=EDGE_LOOP('',(#3892,#3898,#3899,#3900));
#3902=FACE_BOUND('',#3901,.T.);
#3903=ADVANCED_FACE('',(#3902),#3891,.T.);
#3904=CARTESIAN_POINT('',(1411.432776641,-714.25,4.6));
#3905=DIRECTION('',(0.,0.,-1.));
#3906=DIRECTION('',(0.,-1.,0.));
#3907=AXIS2_PLACEMENT_3D('',#3904,#3905,#3906);
#3908=CYLINDRICAL_SURFACE('',#3907,0.25);
#3909=ORIENTED_EDGE('',*,*,#3729,.T.);
#3910=ORIENTED_EDGE('',*,*,#3897,.T.);
#3911=ORIENTED_EDGE('',*,*,#3824,.T.);
#3912=ORIENTED_EDGE('',*,*,#1620,.T.);
#3913=EDGE_LOOP('',(#3909,#3910,#3911,#3912));
#3914=FACE_BOUND('',#3913,.T.);
#3915=ADVANCED_FACE('',(#3914),#3908,.T.);
#3916=CARTESIAN_POINT('',(1412.5,-756.,2.4));
#3917=DIRECTION('',(-1.,0.,0.));
#3918=DIRECTION('',(0.,-1.,0.));
#3919=AXIS2_PLACEMENT_3D('',#3916,#3917,#3918);
#3920=PLANE('',#3919);
#3921=CARTESIAN_POINT('',(1412.5,-748.376955262,1.4));
#3922=VERTEX_POINT('',#3921);
#3923=CARTESIAN_POINT('',(1412.5,-746.9627417,0.4));
#3924=VERTEX_POINT('',#3923);
#3925=CARTESIAN_POINT('',(1412.5,-748.376955262,1.4));
#3926=DIRECTION('',(0.,0.816496581,-0.577350269));
#3927=VECTOR('',#3926,1.732050807);
#3928=LINE('',#3925,#3927);
#3929=EDGE_CURVE('',#3922,#3924,#3928,.T.);
#3930=ORIENTED_EDGE('',*,*,#3929,.T.);
#3931=CARTESIAN_POINT('',(1412.5,-765.0372583,0.4));
#3932=VERTEX_POINT('',#3931);
#3933=CARTESIAN_POINT('',(1412.5,-746.9627417,0.4));
#3934=DIRECTION('',(0.,-1.,0.));
#3935=VECTOR('',#3934,18.0745166);
#3936=LINE('',#3933,#3935);
#3937=EDGE_CURVE('',#3924,#3932,#3936,.T.);
#3938=ORIENTED_EDGE('',*,*,#3937,.T.);
#3939=CARTESIAN_POINT('',(1412.5,-763.623044738,1.4));
#3940=VERTEX_POINT('',#3939);
#3941=CARTESIAN_POINT('',(1412.5,-765.0372583,0.4));
#3942=DIRECTION('',(0.,0.816496581,0.577350269));
#3943=VECTOR('',#3942,1.732050807);
#3944=LINE('',#3941,#3943);
#3945=EDGE_CURVE('',#3932,#3940,#3944,.T.);
#3946=ORIENTED_EDGE('',*,*,#3945,.T.);
#3947=CARTESIAN_POINT('',(1412.5,-763.623044738,1.4));
#3948=DIRECTION('',(-0.,1.,-0.));
#3949=VECTOR('',#3948,15.246089476);
#3950=LINE('',#3947,#3949);
#3951=EDGE_CURVE('',#3940,#3922,#3950,.T.);
#3952=ORIENTED_EDGE('',*,*,#3951,.T.);
#3953=EDGE_LOOP('',(#3930,#3938,#3946,#3952));
#3954=FACE_BOUND('',#3953,.T.);
#3955=ADVANCED_FACE('',(#3954),#3920,.T.);
#3956=CARTESIAN_POINT('',(1412.5,-756.,1.4));
#3957=DIRECTION('',(0.819231921,0.,-0.573462344));
#3958=DIRECTION('',(0.,1.,0.));
#3959=AXIS2_PLACEMENT_3D('',#3956,#3957,#3958);
#3960=PLANE('',#3959);
#3961=CARTESIAN_POINT('',(1413.2,-762.923044738,2.4));
#3962=VERTEX_POINT('',#3961);
#3963=CARTESIAN_POINT('',(1413.2,-762.923044738,2.4));
#3964=DIRECTION('',(-0.497468338,-0.497468338,-0.710669055));
#3965=VECTOR('',#3964,1.407124728);
#3966=LINE('',#3963,#3965);
#3967=EDGE_CURVE('',#3962,#3940,#3966,.T.);
#3968=ORIENTED_EDGE('',*,*,#3967,.F.);
#3969=CARTESIAN_POINT('',(1413.2,-749.076955262,2.4));
#3970=VERTEX_POINT('',#3969);
#3971=CARTESIAN_POINT('',(1413.199999999,-762.923044738,2.4));
#3972=DIRECTION('',(0.,1.,0.));
#3973=VECTOR('',#3972,13.846089476);
#3974=LINE('',#3971,#3973);
#3975=EDGE_CURVE('',#3962,#3970,#3974,.T.);
#3976=ORIENTED_EDGE('',*,*,#3975,.T.);
#3977=CARTESIAN_POINT('',(1412.5,-748.376955262,1.4));
#3978=DIRECTION('',(0.497468338,-0.497468338,0.710669055));
#3979=VECTOR('',#3978,1.407124728);
#3980=LINE('',#3977,#3979);
#3981=EDGE_CURVE('',#3922,#3970,#3980,.T.);
#3982=ORIENTED_EDGE('',*,*,#3981,.F.);
#3983=ORIENTED_EDGE('',*,*,#3951,.F.);
#3984=EDGE_LOOP('',(#3968,#3976,#3982,#3983));
#3985=FACE_BOUND('',#3984,.T.);
#3986=ADVANCED_FACE('',(#3985),#3960,.F.);
#3987=CARTESIAN_POINT('',(1413.2,-756.,6.8));
#3988=DIRECTION('',(-1.,0.,0.));
#3989=DIRECTION('',(0.,-1.,0.));
#3990=AXIS2_PLACEMENT_3D('',#3987,#3988,#3989);
#3991=PLANE('',#3990);
#3992=ORIENTED_EDGE('',*,*,#3975,.F.);
#3993=CARTESIAN_POINT('',(1413.2,-762.923044738,4.4));
#3994=VERTEX_POINT('',#3993);
#3995=CARTESIAN_POINT('',(1413.2,-762.923044738,4.4));
#3996=DIRECTION('',(-0.,-0.,-1.));
#3997=VECTOR('',#3996,2.);
#3998=LINE('',#3995,#3997);
#3999=EDGE_CURVE('',#3994,#3962,#3998,.T.);
#4000=ORIENTED_EDGE('',*,*,#3999,.F.);
#4001=CARTESIAN_POINT('',(1413.2,-749.076955262,4.4));
#4002=VERTEX_POINT('',#4001);
#4003=CARTESIAN_POINT('',(1413.2,-762.923044738,4.4));
#4004=DIRECTION('',(-0.,1.,-0.));
#4005=VECTOR('',#4004,13.846089476);
#4006=LINE('',#4003,#4005);
#4007=EDGE_CURVE('',#3994,#4002,#4006,.T.);
#4008=ORIENTED_EDGE('',*,*,#4007,.T.);
#4009=CARTESIAN_POINT('',(1413.2,-749.076955262,4.4));
#4010=DIRECTION('',(-0.,-0.,-1.));
#4011=VECTOR('',#4010,2.);
#4012=LINE('',#4009,#4011);
#4013=EDGE_CURVE('',#4002,#3970,#4012,.T.);
#4014=ORIENTED_EDGE('',*,*,#4013,.T.);
#4015=EDGE_LOOP('',(#3992,#4000,#4008,#4014));
#4016=FACE_BOUND('',#4015,.T.);
#4017=ADVANCED_FACE('',(#4016),#3991,.T.);
#4018=CARTESIAN_POINT('',(1412.85,-748.726955262,6.8));
#4019=DIRECTION('',(-0.707106781,-0.707106781,0.));
#4020=DIRECTION('',(0.707106781,-0.707106781,0.));
#4021=AXIS2_PLACEMENT_3D('',#4018,#4019,#4020);
#4022=PLANE('',#4021);
#4023=CARTESIAN_POINT('',(1412.5,-748.376955262,5.4));
#4024=VERTEX_POINT('',#4023);
#4025=CARTESIAN_POINT('',(1413.2,-749.076955262,4.4));
#4026=DIRECTION('',(-0.497468338,0.497468338,0.710669055));
#4027=VECTOR('',#4026,1.407124728);
#4028=LINE('',#4025,#4027);
#4029=EDGE_CURVE('',#4002,#4024,#4028,.T.);
#4030=ORIENTED_EDGE('',*,*,#4029,.T.);
#4031=CARTESIAN_POINT('',(1407.623044738,-743.5,5.4));
#4032=VERTEX_POINT('',#4031);
#4033=CARTESIAN_POINT('',(1412.5,-748.376955262,5.4));
#4034=DIRECTION('',(-0.707106781,0.707106781,-0.));
#4035=VECTOR('',#4034,6.897056275);
#4036=LINE('',#4033,#4035);
#4037=EDGE_CURVE('',#4024,#4032,#4036,.T.);
#4038=ORIENTED_EDGE('',*,*,#4037,.T.);
#4039=CARTESIAN_POINT('',(1406.923044738,-742.8,4.4));
#4040=VERTEX_POINT('',#4039);
#4041=CARTESIAN_POINT('',(1407.623044738,-743.5,5.4));
#4042=DIRECTION('',(-0.497468338,0.497468338,-0.710669055));
#4043=VECTOR('',#4042,1.407124728);
#4044=LINE('',#4041,#4043);
#4045=EDGE_CURVE('',#4032,#4040,#4044,.T.);
#4046=ORIENTED_EDGE('',*,*,#4045,.T.);
#4047=CARTESIAN_POINT('',(1406.923044738,-742.8,2.4));
#4048=VERTEX_POINT('',#4047);
#4049=CARTESIAN_POINT('',(1406.923044738,-742.8,4.4));
#4050=DIRECTION('',(-0.,-0.,-1.));
#4051=VECTOR('',#4050,2.);
#4052=LINE('',#4049,#4051);
#4053=EDGE_CURVE('',#4040,#4048,#4052,.T.);
#4054=ORIENTED_EDGE('',*,*,#4053,.T.);
#4055=CARTESIAN_POINT('',(1407.623044738,-743.5,1.4));
#4056=VERTEX_POINT('',#4055);
#4057=CARTESIAN_POINT('',(1406.923044738,-742.8,2.4));
#4058=DIRECTION('',(0.497468338,-0.497468338,-0.710669055));
#4059=VECTOR('',#4058,1.407124728);
#4060=LINE('',#4057,#4059);
#4061=EDGE_CURVE('',#4048,#4056,#4060,.T.);
#4062=ORIENTED_EDGE('',*,*,#4061,.T.);
#4063=CARTESIAN_POINT('',(1407.623044738,-743.5,1.4));
#4064=DIRECTION('',(0.707106781,-0.707106781,0.));
#4065=VECTOR('',#4064,6.897056275);
#4066=LINE('',#4063,#4065);
#4067=EDGE_CURVE('',#4056,#3922,#4066,.T.);
#4068=ORIENTED_EDGE('',*,*,#4067,.T.);
#4069=ORIENTED_EDGE('',*,*,#3981,.T.);
#4070=ORIENTED_EDGE('',*,*,#4013,.F.);
#4071=EDGE_LOOP('',(#4030,#4038,#4046,#4054,#4062,#4068,#4069,#4070));
#4072=FACE_BOUND('',#4071,.T.);
#4073=ADVANCED_FACE('',(#4072),#4022,.T.);
#4074=CARTESIAN_POINT('',(1400.,-768.5,2.4));
#4075=DIRECTION('',(0.,1.,0.));
#4076=DIRECTION('',(-1.,0.,0.));
#4077=AXIS2_PLACEMENT_3D('',#4074,#4075,#4076);
#4078=PLANE('',#4077);
#4079=CARTESIAN_POINT('',(1407.623044738,-768.5,1.4));
#4080=VERTEX_POINT('',#4079);
#4081=CARTESIAN_POINT('',(1409.0372583,-768.5,0.4));
#4082=VERTEX_POINT('',#4081);
#4083=CARTESIAN_POINT('',(1407.623044738,-768.5,1.4));
#4084=DIRECTION('',(0.816496581,0.,-0.577350269));
#4085=VECTOR('',#4084,1.732050807);
#4086=LINE('',#4083,#4085);
#4087=EDGE_CURVE('',#4080,#4082,#4086,.T.);
#4088=ORIENTED_EDGE('',*,*,#4087,.T.);
#4089=CARTESIAN_POINT('',(1390.9627417,-768.5,0.4));
#4090=VERTEX_POINT('',#4089);
#4091=CARTESIAN_POINT('',(1409.0372583,-768.5,0.4));
#4092=DIRECTION('',(-1.,0.,0.));
#4093=VECTOR('',#4092,18.0745166);
#4094=LINE('',#4091,#4093);
#4095=EDGE_CURVE('',#4082,#4090,#4094,.T.);
#4096=ORIENTED_EDGE('',*,*,#4095,.T.);
#4097=CARTESIAN_POINT('',(1392.376955262,-768.5,1.4));
#4098=VERTEX_POINT('',#4097);
#4099=CARTESIAN_POINT('',(1390.9627417,-768.5,0.4));
#4100=DIRECTION('',(0.816496581,0.,0.577350269));
#4101=VECTOR('',#4100,1.732050807);
#4102=LINE('',#4099,#4101);
#4103=EDGE_CURVE('',#4090,#4098,#4102,.T.);
#4104=ORIENTED_EDGE('',*,*,#4103,.T.);
#4105=CARTESIAN_POINT('',(1392.376955262,-768.5,1.4));
#4106=DIRECTION('',(1.,-0.,-0.));
#4107=VECTOR('',#4106,15.246089476);
#4108=LINE('',#4105,#4107);
#4109=EDGE_CURVE('',#4098,#4080,#4108,.T.);
#4110=ORIENTED_EDGE('',*,*,#4109,.T.);
#4111=EDGE_LOOP('',(#4088,#4096,#4104,#4110));
#4112=FACE_BOUND('',#4111,.T.);
#4113=ADVANCED_FACE('',(#4112),#4078,.T.);
#4114=CARTESIAN_POINT('',(1400.,-768.5,1.4));
#4115=DIRECTION('',(0.,-0.819231921,-0.573462344));
#4116=DIRECTION('',(1.,0.,0.));
#4117=AXIS2_PLACEMENT_3D('',#4114,#4115,#4116);
#4118=PLANE('',#4117);
#4119=CARTESIAN_POINT('',(1393.076955262,-769.2,2.4));
#4120=VERTEX_POINT('',#4119);
#4121=CARTESIAN_POINT('',(1393.076955262,-769.2,2.4));
#4122=DIRECTION('',(-0.497468338,0.497468338,-0.710669055));
#4123=VECTOR('',#4122,1.407124728);
#4124=LINE('',#4121,#4123);
#4125=EDGE_CURVE('',#4120,#4098,#4124,.T.);
#4126=ORIENTED_EDGE('',*,*,#4125,.F.);
#4127=CARTESIAN_POINT('',(1406.923044738,-769.2,2.4));
#4128=VERTEX_POINT('',#4127);
#4129=CARTESIAN_POINT('',(1393.076955262,-769.199999999,2.4));
#4130=DIRECTION('',(1.,0.,-0.));
#4131=VECTOR('',#4130,13.846089476);
#4132=LINE('',#4129,#4131);
#4133=EDGE_CURVE('',#4120,#4128,#4132,.T.);
#4134=ORIENTED_EDGE('',*,*,#4133,.T.);
#4135=CARTESIAN_POINT('',(1407.623044738,-768.5,1.4));
#4136=DIRECTION('',(-0.497468338,-0.497468338,0.710669055));
#4137=VECTOR('',#4136,1.407124728);
#4138=LINE('',#4135,#4137);
#4139=EDGE_CURVE('',#4080,#4128,#4138,.T.);
#4140=ORIENTED_EDGE('',*,*,#4139,.F.);
#4141=ORIENTED_EDGE('',*,*,#4109,.F.);
#4142=EDGE_LOOP('',(#4126,#4134,#4140,#4141));
#4143=FACE_BOUND('',#4142,.T.);
#4144=ADVANCED_FACE('',(#4143),#4118,.F.);
#4145=CARTESIAN_POINT('',(1400.,-769.2,6.8));
#4146=DIRECTION('',(0.,1.,0.));
#4147=DIRECTION('',(-1.,0.,0.));
#4148=AXIS2_PLACEMENT_3D('',#4145,#4146,#4147);
#4149=PLANE('',#4148);
#4150=ORIENTED_EDGE('',*,*,#4133,.F.);
#4151=CARTESIAN_POINT('',(1393.076955262,-769.2,4.4));
#4152=VERTEX_POINT('',#4151);
#4153=CARTESIAN_POINT('',(1393.076955262,-769.2,4.4));
#4154=DIRECTION('',(-0.,-0.,-1.));
#4155=VECTOR('',#4154,2.);
#4156=LINE('',#4153,#4155);
#4157=EDGE_CURVE('',#4152,#4120,#4156,.T.);
#4158=ORIENTED_EDGE('',*,*,#4157,.F.);
#4159=CARTESIAN_POINT('',(1406.923044738,-769.2,4.4));
#4160=VERTEX_POINT('',#4159);
#4161=CARTESIAN_POINT('',(1393.076955262,-769.2,4.4));
#4162=DIRECTION('',(1.,-0.,-0.));
#4163=VECTOR('',#4162,13.846089476);
#4164=LINE('',#4161,#4163);
#4165=EDGE_CURVE('',#4152,#4160,#4164,.T.);
#4166=ORIENTED_EDGE('',*,*,#4165,.T.);
#4167=CARTESIAN_POINT('',(1406.923044738,-769.2,4.4));
#4168=DIRECTION('',(-0.,-0.,-1.));
#4169=VECTOR('',#4168,2.);
#4170=LINE('',#4167,#4169);
#4171=EDGE_CURVE('',#4160,#4128,#4170,.T.);
#4172=ORIENTED_EDGE('',*,*,#4171,.T.);
#4173=EDGE_LOOP('',(#4150,#4158,#4166,#4172));
#4174=FACE_BOUND('',#4173,.T.);
#4175=ADVANCED_FACE('',(#4174),#4149,.T.);
#4176=CARTESIAN_POINT('',(1407.273044738,-768.85,6.8));
#4177=DIRECTION('',(-0.707106781,0.707106781,0.));
#4178=DIRECTION('',(-0.707106781,-0.707106781,0.));
#4179=AXIS2_PLACEMENT_3D('',#4176,#4177,#4178);
#4180=PLANE('',#4179);
#4181=CARTESIAN_POINT('',(1407.623044738,-768.5,5.4));
#4182=VERTEX_POINT('',#4181);
#4183=CARTESIAN_POINT('',(1406.923044738,-769.2,4.4));
#4184=DIRECTION('',(0.497468338,0.497468338,0.710669055));
#4185=VECTOR('',#4184,1.407124728);
#4186=LINE('',#4183,#4185);
#4187=EDGE_CURVE('',#4160,#4182,#4186,.T.);
#4188=ORIENTED_EDGE('',*,*,#4187,.T.);
#4189=CARTESIAN_POINT('',(1412.5,-763.623044738,5.4));
#4190=VERTEX_POINT('',#4189);
#4191=CARTESIAN_POINT('',(1407.623044738,-768.5,5.4));
#4192=DIRECTION('',(0.707106781,0.707106781,-0.));
#4193=VECTOR('',#4192,6.897056275);
#4194=LINE('',#4191,#4193);
#4195=EDGE_CURVE('',#4182,#4190,#4194,.T.);
#4196=ORIENTED_EDGE('',*,*,#4195,.T.);
#4197=CARTESIAN_POINT('',(1412.5,-763.623044738,5.4));
#4198=DIRECTION('',(0.497468338,0.497468338,-0.710669055));
#4199=VECTOR('',#4198,1.407124728);
#4200=LINE('',#4197,#4199);
#4201=EDGE_CURVE('',#4190,#3994,#4200,.T.);
#4202=ORIENTED_EDGE('',*,*,#4201,.T.);
#4203=ORIENTED_EDGE('',*,*,#3999,.T.);
#4204=ORIENTED_EDGE('',*,*,#3967,.T.);
#4205=CARTESIAN_POINT('',(1412.5,-763.623044738,1.4));
#4206=DIRECTION('',(-0.707106781,-0.707106781,0.));
#4207=VECTOR('',#4206,6.897056275);
#4208=LINE('',#4205,#4207);
#4209=EDGE_CURVE('',#3940,#4080,#4208,.T.);
#4210=ORIENTED_EDGE('',*,*,#4209,.T.);
#4211=ORIENTED_EDGE('',*,*,#4139,.T.);
#4212=ORIENTED_EDGE('',*,*,#4171,.F.);
#4213=EDGE_LOOP('',(#4188,#4196,#4202,#4203,#4204,#4210,#4211,#4212));
#4214=FACE_BOUND('',#4213,.T.);
#4215=ADVANCED_FACE('',(#4214),#4180,.T.);
#4216=CARTESIAN_POINT('',(1387.5,-756.,2.4));
#4217=DIRECTION('',(1.,0.,0.));
#4218=DIRECTION('',(0.,1.,0.));
#4219=AXIS2_PLACEMENT_3D('',#4216,#4217,#4218);
#4220=PLANE('',#4219);
#4221=CARTESIAN_POINT('',(1387.5,-763.623044738,1.4));
#4222=VERTEX_POINT('',#4221);
#4223=CARTESIAN_POINT('',(1387.5,-765.0372583,0.4));
#4224=VERTEX_POINT('',#4223);
#4225=CARTESIAN_POINT('',(1387.5,-763.623044738,1.4));
#4226=DIRECTION('',(0.,-0.816496581,-0.577350269));
#4227=VECTOR('',#4226,1.732050807);
#4228=LINE('',#4225,#4227);
#4229=EDGE_CURVE('',#4222,#4224,#4228,.T.);
#4230=ORIENTED_EDGE('',*,*,#4229,.T.);
#4231=CARTESIAN_POINT('',(1387.5,-746.9627417,0.4));
#4232=VERTEX_POINT('',#4231);
#4233=CARTESIAN_POINT('',(1387.5,-765.0372583,0.4));
#4234=DIRECTION('',(0.,1.,0.));
#4235=VECTOR('',#4234,18.0745166);
#4236=LINE('',#4233,#4235);
#4237=EDGE_CURVE('',#4224,#4232,#4236,.T.);
#4238=ORIENTED_EDGE('',*,*,#4237,.T.);
#4239=CARTESIAN_POINT('',(1387.5,-748.376955262,1.4));
#4240=VERTEX_POINT('',#4239);
#4241=CARTESIAN_POINT('',(1387.5,-746.9627417,0.4));
#4242=DIRECTION('',(0.,-0.816496581,0.577350269));
#4243=VECTOR('',#4242,1.732050807);
#4244=LINE('',#4241,#4243);
#4245=EDGE_CURVE('',#4232,#4240,#4244,.T.);
#4246=ORIENTED_EDGE('',*,*,#4245,.T.);
#4247=CARTESIAN_POINT('',(1387.5,-748.376955262,1.4));
#4248=DIRECTION('',(-0.,-1.,-0.));
#4249=VECTOR('',#4248,15.246089476);
#4250=LINE('',#4247,#4249);
#4251=EDGE_CURVE('',#4240,#4222,#4250,.T.);
#4252=ORIENTED_EDGE('',*,*,#4251,.T.);
#4253=EDGE_LOOP('',(#4230,#4238,#4246,#4252));
#4254=FACE_BOUND('',#4253,.T.);
#4255=ADVANCED_FACE('',(#4254),#4220,.T.);
#4256=CARTESIAN_POINT('',(1387.5,-756.,1.4));
#4257=DIRECTION('',(-0.819231921,0.,-0.573462344));
#4258=DIRECTION('',(0.,-1.,0.));
#4259=AXIS2_PLACEMENT_3D('',#4256,#4257,#4258);
#4260=PLANE('',#4259);
#4261=CARTESIAN_POINT('',(1386.8,-749.076955262,2.4));
#4262=VERTEX_POINT('',#4261);
#4263=CARTESIAN_POINT('',(1386.8,-749.076955262,2.4));
#4264=DIRECTION('',(0.497468338,0.497468338,-0.710669055));
#4265=VECTOR('',#4264,1.407124728);
#4266=LINE('',#4263,#4265);
#4267=EDGE_CURVE('',#4262,#4240,#4266,.T.);
#4268=ORIENTED_EDGE('',*,*,#4267,.F.);
#4269=CARTESIAN_POINT('',(1386.8,-762.923044738,2.4));
#4270=VERTEX_POINT('',#4269);
#4271=CARTESIAN_POINT('',(1386.800000001,-749.076955262,2.4));
#4272=DIRECTION('',(0.,-1.,0.));
#4273=VECTOR('',#4272,13.846089476);
#4274=LINE('',#4271,#4273);
#4275=EDGE_CURVE('',#4262,#4270,#4274,.T.);
#4276=ORIENTED_EDGE('',*,*,#4275,.T.);
#4277=CARTESIAN_POINT('',(1387.5,-763.623044738,1.4));
#4278=DIRECTION('',(-0.497468338,0.497468338,0.710669055));
#4279=VECTOR('',#4278,1.407124728);
#4280=LINE('',#4277,#4279);
#4281=EDGE_CURVE('',#4222,#4270,#4280,.T.);
#4282=ORIENTED_EDGE('',*,*,#4281,.F.);
#4283=ORIENTED_EDGE('',*,*,#4251,.F.);
#4284=EDGE_LOOP('',(#4268,#4276,#4282,#4283));
#4285=FACE_BOUND('',#4284,.T.);
#4286=ADVANCED_FACE('',(#4285),#4260,.F.);
#4287=CARTESIAN_POINT('',(1386.8,-756.,6.8));
#4288=DIRECTION('',(1.,0.,0.));
#4289=DIRECTION('',(0.,1.,0.));
#4290=AXIS2_PLACEMENT_3D('',#4287,#4288,#4289);
#4291=PLANE('',#4290);
#4292=ORIENTED_EDGE('',*,*,#4275,.F.);
#4293=CARTESIAN_POINT('',(1386.8,-749.076955262,4.4));
#4294=VERTEX_POINT('',#4293);
#4295=CARTESIAN_POINT('',(1386.8,-749.076955262,4.4));
#4296=DIRECTION('',(-0.,-0.,-1.));
#4297=VECTOR('',#4296,2.);
#4298=LINE('',#4295,#4297);
#4299=EDGE_CURVE('',#4294,#4262,#4298,.T.);
#4300=ORIENTED_EDGE('',*,*,#4299,.F.);
#4301=CARTESIAN_POINT('',(1386.8,-762.923044738,4.4));
#4302=VERTEX_POINT('',#4301);
#4303=CARTESIAN_POINT('',(1386.8,-749.076955262,4.4));
#4304=DIRECTION('',(-0.,-1.,-0.));
#4305=VECTOR('',#4304,13.846089476);
#4306=LINE('',#4303,#4305);
#4307=EDGE_CURVE('',#4294,#4302,#4306,.T.);
#4308=ORIENTED_EDGE('',*,*,#4307,.T.);
#4309=CARTESIAN_POINT('',(1386.8,-762.923044738,4.4));
#4310=DIRECTION('',(-0.,-0.,-1.));
#4311=VECTOR('',#4310,2.);
#4312=LINE('',#4309,#4311);
#4313=EDGE_CURVE('',#4302,#4270,#4312,.T.);
#4314=ORIENTED_EDGE('',*,*,#4313,.T.);
#4315=EDGE_LOOP('',(#4292,#4300,#4308,#4314));
#4316=FACE_BOUND('',#4315,.T.);
#4317=ADVANCED_FACE('',(#4316),#4291,.T.);
#4318=CARTESIAN_POINT('',(1387.15,-763.273044738,6.8));
#4319=DIRECTION('',(0.707106781,0.707106781,0.));
#4320=DIRECTION('',(-0.707106781,0.707106781,0.));
#4321=AXIS2_PLACEMENT_3D('',#4318,#4319,#4320);
#4322=PLANE('',#4321);
#4323=ORIENTED_EDGE('',*,*,#4125,.T.);
#4324=CARTESIAN_POINT('',(1392.376955262,-768.5,1.4));
#4325=DIRECTION('',(-0.707106781,0.707106781,0.));
#4326=VECTOR('',#4325,6.897056275);
#4327=LINE('',#4324,#4326);
#4328=EDGE_CURVE('',#4098,#4222,#4327,.T.);
#4329=ORIENTED_EDGE('',*,*,#4328,.T.);
#4330=ORIENTED_EDGE('',*,*,#4281,.T.);
#4331=ORIENTED_EDGE('',*,*,#4313,.F.);
#4332=CARTESIAN_POINT('',(1387.5,-763.623044738,5.4));
#4333=VERTEX_POINT('',#4332);
#4334=CARTESIAN_POINT('',(1386.8,-762.923044738,4.4));
#4335=DIRECTION('',(0.497468338,-0.497468338,0.710669055));
#4336=VECTOR('',#4335,1.407124728);
#4337=LINE('',#4334,#4336);
#4338=EDGE_CURVE('',#4302,#4333,#4337,.T.);
#4339=ORIENTED_EDGE('',*,*,#4338,.T.);
#4340=CARTESIAN_POINT('',(1392.376955262,-768.5,5.4));
#4341=VERTEX_POINT('',#4340);
#4342=CARTESIAN_POINT('',(1387.5,-763.623044738,5.4));
#4343=DIRECTION('',(0.707106781,-0.707106781,-0.));
#4344=VECTOR('',#4343,6.897056275);
#4345=LINE('',#4342,#4344);
#4346=EDGE_CURVE('',#4333,#4341,#4345,.T.);
#4347=ORIENTED_EDGE('',*,*,#4346,.T.);
#4348=CARTESIAN_POINT('',(1392.376955262,-768.5,5.4));
#4349=DIRECTION('',(0.497468338,-0.497468338,-0.710669055));
#4350=VECTOR('',#4349,1.407124728);
#4351=LINE('',#4348,#4350);
#4352=EDGE_CURVE('',#4341,#4152,#4351,.T.);
#4353=ORIENTED_EDGE('',*,*,#4352,.T.);
#4354=ORIENTED_EDGE('',*,*,#4157,.T.);
#4355=EDGE_LOOP('',(#4323,#4329,#4330,#4331,#4339,#4347,#4353,#4354));
#4356=FACE_BOUND('',#4355,.T.);
#4357=ADVANCED_FACE('',(#4356),#4322,.T.);
#4358=CARTESIAN_POINT('',(1400.,-743.5,2.4));
#4359=DIRECTION('',(0.,-1.,0.));
#4360=DIRECTION('',(1.,0.,0.));
#4361=AXIS2_PLACEMENT_3D('',#4358,#4359,#4360);
#4362=PLANE('',#4361);
#4363=CARTESIAN_POINT('',(1392.376955262,-743.5,1.4));
#4364=VERTEX_POINT('',#4363);
#4365=CARTESIAN_POINT('',(1390.9627417,-743.5,0.4));
#4366=VERTEX_POINT('',#4365);
#4367=CARTESIAN_POINT('',(1392.376955262,-743.5,1.4));
#4368=DIRECTION('',(-0.816496581,0.,-0.577350269));
#4369=VECTOR('',#4368,1.732050807);
#4370=LINE('',#4367,#4369);
#4371=EDGE_CURVE('',#4364,#4366,#4370,.T.);
#4372=ORIENTED_EDGE('',*,*,#4371,.T.);
#4373=CARTESIAN_POINT('',(1409.0372583,-743.5,0.4));
#4374=VERTEX_POINT('',#4373);
#4375=CARTESIAN_POINT('',(1390.9627417,-743.5,0.4));
#4376=DIRECTION('',(1.,0.,-0.));
#4377=VECTOR('',#4376,18.0745166);
#4378=LINE('',#4375,#4377);
#4379=EDGE_CURVE('',#4366,#4374,#4378,.T.);
#4380=ORIENTED_EDGE('',*,*,#4379,.T.);
#4381=CARTESIAN_POINT('',(1409.0372583,-743.5,0.4));
#4382=DIRECTION('',(-0.816496581,0.,0.577350269));
#4383=VECTOR('',#4382,1.732050807);
#4384=LINE('',#4381,#4383);
#4385=EDGE_CURVE('',#4374,#4056,#4384,.T.);
#4386=ORIENTED_EDGE('',*,*,#4385,.T.);
#4387=CARTESIAN_POINT('',(1407.623044738,-743.5,1.4));
#4388=DIRECTION('',(-1.,-0.,0.));
#4389=VECTOR('',#4388,15.246089476);
#4390=LINE('',#4387,#4389);
#4391=EDGE_CURVE('',#4056,#4364,#4390,.T.);
#4392=ORIENTED_EDGE('',*,*,#4391,.T.);
#4393=EDGE_LOOP('',(#4372,#4380,#4386,#4392));
#4394=FACE_BOUND('',#4393,.T.);
#4395=ADVANCED_FACE('',(#4394),#4362,.T.);
#4396=CARTESIAN_POINT('',(1400.,-743.5,1.4));
#4397=DIRECTION('',(0.,0.819231921,-0.573462344));
#4398=DIRECTION('',(-1.,0.,0.));
#4399=AXIS2_PLACEMENT_3D('',#4396,#4397,#4398);
#4400=PLANE('',#4399);
#4401=ORIENTED_EDGE('',*,*,#4061,.F.);
#4402=CARTESIAN_POINT('',(1393.076955262,-742.8,2.4));
#4403=VERTEX_POINT('',#4402);
#4404=CARTESIAN_POINT('',(1406.923044738,-742.800000001,2.4));
#4405=DIRECTION('',(-1.,0.,0.));
#4406=VECTOR('',#4405,13.846089476);
#4407=LINE('',#4404,#4406);
#4408=EDGE_CURVE('',#4048,#4403,#4407,.T.);
#4409=ORIENTED_EDGE('',*,*,#4408,.T.);
#4410=CARTESIAN_POINT('',(1392.376955262,-743.5,1.4));
#4411=DIRECTION('',(0.497468338,0.497468338,0.710669055));
#4412=VECTOR('',#4411,1.407124728);
#4413=LINE('',#4410,#4412);
#4414=EDGE_CURVE('',#4364,#4403,#4413,.T.);
#4415=ORIENTED_EDGE('',*,*,#4414,.F.);
#4416=ORIENTED_EDGE('',*,*,#4391,.F.);
#4417=EDGE_LOOP('',(#4401,#4409,#4415,#4416));
#4418=FACE_BOUND('',#4417,.T.);
#4419=ADVANCED_FACE('',(#4418),#4400,.F.);
#4420=CARTESIAN_POINT('',(1400.,-742.8,6.8));
#4421=DIRECTION('',(0.,-1.,0.));
#4422=DIRECTION('',(1.,0.,0.));
#4423=AXIS2_PLACEMENT_3D('',#4420,#4421,#4422);
#4424=PLANE('',#4423);
#4425=ORIENTED_EDGE('',*,*,#4408,.F.);
#4426=ORIENTED_EDGE('',*,*,#4053,.F.);
#4427=CARTESIAN_POINT('',(1393.076955262,-742.8,4.4));
#4428=VERTEX_POINT('',#4427);
#4429=CARTESIAN_POINT('',(1406.923044738,-742.8,4.4));
#4430=DIRECTION('',(-1.,-0.,0.));
#4431=VECTOR('',#4430,13.846089476);
#4432=LINE('',#4429,#4431);
#4433=EDGE_CURVE('',#4040,#4428,#4432,.T.);
#4434=ORIENTED_EDGE('',*,*,#4433,.T.);
#4435=CARTESIAN_POINT('',(1393.076955262,-742.8,4.4));
#4436=DIRECTION('',(-0.,-0.,-1.));
#4437=VECTOR('',#4436,2.);
#4438=LINE('',#4435,#4437);
#4439=EDGE_CURVE('',#4428,#4403,#4438,.T.);
#4440=ORIENTED_EDGE('',*,*,#4439,.T.);
#4441=EDGE_LOOP('',(#4425,#4426,#4434,#4440));
#4442=FACE_BOUND('',#4441,.T.);
#4443=ADVANCED_FACE('',(#4442),#4424,.T.);
#4444=CARTESIAN_POINT('',(1392.726955262,-743.15,6.8));
#4445=DIRECTION('',(0.707106781,-0.707106781,0.));
#4446=DIRECTION('',(0.707106781,0.707106781,0.));
#4447=AXIS2_PLACEMENT_3D('',#4444,#4445,#4446);
#4448=PLANE('',#4447);
#4449=ORIENTED_EDGE('',*,*,#4267,.T.);
#4450=CARTESIAN_POINT('',(1387.5,-748.376955262,1.4));
#4451=DIRECTION('',(0.707106781,0.707106781,0.));
#4452=VECTOR('',#4451,6.897056275);
#4453=LINE('',#4450,#4452);
#4454=EDGE_CURVE('',#4240,#4364,#4453,.T.);
#4455=ORIENTED_EDGE('',*,*,#4454,.T.);
#4456=ORIENTED_EDGE('',*,*,#4414,.T.);
#4457=ORIENTED_EDGE('',*,*,#4439,.F.);
#4458=CARTESIAN_POINT('',(1392.376955262,-743.5,5.4));
#4459=VERTEX_POINT('',#4458);
#4460=CARTESIAN_POINT('',(1393.076955262,-742.8,4.4));
#4461=DIRECTION('',(-0.497468338,-0.497468338,0.710669055));
#4462=VECTOR('',#4461,1.407124728);
#4463=LINE('',#4460,#4462);
#4464=EDGE_CURVE('',#4428,#4459,#4463,.T.);
#4465=ORIENTED_EDGE('',*,*,#4464,.T.);
#4466=CARTESIAN_POINT('',(1387.5,-748.376955262,5.4));
#4467=VERTEX_POINT('',#4466);
#4468=CARTESIAN_POINT('',(1392.376955262,-743.5,5.4));
#4469=DIRECTION('',(-0.707106781,-0.707106781,-0.));
#4470=VECTOR('',#4469,6.897056275);
#4471=LINE('',#4468,#4470);
#4472=EDGE_CURVE('',#4459,#4467,#4471,.T.);
#4473=ORIENTED_EDGE('',*,*,#4472,.T.);
#4474=CARTESIAN_POINT('',(1387.5,-748.376955262,5.4));
#4475=DIRECTION('',(-0.497468338,-0.497468338,-0.710669055));
#4476=VECTOR('',#4475,1.407124728);
#4477=LINE('',#4474,#4476);
#4478=EDGE_CURVE('',#4467,#4294,#4477,.T.);
#4479=ORIENTED_EDGE('',*,*,#4478,.T.);
#4480=ORIENTED_EDGE('',*,*,#4299,.T.);
#4481=EDGE_LOOP('',(#4449,#4455,#4456,#4457,#4465,#4473,#4479,#4480));
#4482=FACE_BOUND('',#4481,.T.);
#4483=ADVANCED_FACE('',(#4482),#4448,.T.);
#4484=CARTESIAN_POINT('',(1412.5,-756.,4.4));
#4485=DIRECTION('',(-1.,0.,0.));
#4486=DIRECTION('',(0.,-1.,0.));
#4487=AXIS2_PLACEMENT_3D('',#4484,#4485,#4486);
#4488=PLANE('',#4487);
#4489=CARTESIAN_POINT('',(1412.5,-765.0372583,6.4));
#4490=VERTEX_POINT('',#4489);
#4491=CARTESIAN_POINT('',(1412.5,-763.623044738,5.4));
#4492=DIRECTION('',(0.,-0.816496581,0.577350269));
#4493=VECTOR('',#4492,1.732050807);
#4494=LINE('',#4491,#4493);
#4495=EDGE_CURVE('',#4190,#4490,#4494,.T.);
#4496=ORIENTED_EDGE('',*,*,#4495,.T.);
#4497=CARTESIAN_POINT('',(1412.5,-746.9627417,6.4));
#4498=VERTEX_POINT('',#4497);
#4499=CARTESIAN_POINT('',(1412.5,-765.0372583,6.4));
#4500=DIRECTION('',(-0.,1.,-0.));
#4501=VECTOR('',#4500,18.0745166);
#4502=LINE('',#4499,#4501);
#4503=EDGE_CURVE('',#4490,#4498,#4502,.T.);
#4504=ORIENTED_EDGE('',*,*,#4503,.T.);
#4505=CARTESIAN_POINT('',(1412.5,-746.9627417,6.4));
#4506=DIRECTION('',(0.,-0.816496581,-0.577350269));
#4507=VECTOR('',#4506,1.732050807);
#4508=LINE('',#4505,#4507);
#4509=EDGE_CURVE('',#4498,#4024,#4508,.T.);
#4510=ORIENTED_EDGE('',*,*,#4509,.T.);
#4511=CARTESIAN_POINT('',(1412.5,-748.376955262,5.4));
#4512=DIRECTION('',(0.,-1.,0.));
#4513=VECTOR('',#4512,15.246089476);
#4514=LINE('',#4511,#4513);
#4515=EDGE_CURVE('',#4024,#4190,#4514,.T.);
#4516=ORIENTED_EDGE('',*,*,#4515,.T.);
#4517=EDGE_LOOP('',(#4496,#4504,#4510,#4516));
#4518=FACE_BOUND('',#4517,.T.);
#4519=ADVANCED_FACE('',(#4518),#4488,.T.);
#4520=CARTESIAN_POINT('',(1412.5,-756.,5.4));
#4521=DIRECTION('',(-0.819231921,0.,-0.573462344));
#4522=DIRECTION('',(0.,1.,0.));
#4523=AXIS2_PLACEMENT_3D('',#4520,#4521,#4522);
#4524=PLANE('',#4523);
#4525=ORIENTED_EDGE('',*,*,#4029,.F.);
#4526=ORIENTED_EDGE('',*,*,#4007,.F.);
#4527=ORIENTED_EDGE('',*,*,#4201,.F.);
#4528=ORIENTED_EDGE('',*,*,#4515,.F.);
#4529=EDGE_LOOP('',(#4525,#4526,#4527,#4528));
#4530=FACE_BOUND('',#4529,.T.);
#4531=ADVANCED_FACE('',(#4530),#4524,.T.);
#4532=CARTESIAN_POINT('',(1400.,-768.5,4.4));
#4533=DIRECTION('',(0.,1.,0.));
#4534=DIRECTION('',(-1.,0.,0.));
#4535=AXIS2_PLACEMENT_3D('',#4532,#4533,#4534);
#4536=PLANE('',#4535);
#4537=CARTESIAN_POINT('',(1390.9627417,-768.5,6.4));
#4538=VERTEX_POINT('',#4537);
#4539=CARTESIAN_POINT('',(1392.376955262,-768.5,5.4));
#4540=DIRECTION('',(-0.816496581,0.,0.577350269));
#4541=VECTOR('',#4540,1.732050807);
#4542=LINE('',#4539,#4541);
#4543=EDGE_CURVE('',#4341,#4538,#4542,.T.);
#4544=ORIENTED_EDGE('',*,*,#4543,.T.);
#4545=CARTESIAN_POINT('',(1409.0372583,-768.5,6.4));
#4546=VERTEX_POINT('',#4545);
#4547=CARTESIAN_POINT('',(1390.9627417,-768.5,6.4));
#4548=DIRECTION('',(1.,-0.,-0.));
#4549=VECTOR('',#4548,18.0745166);
#4550=LINE('',#4547,#4549);
#4551=EDGE_CURVE('',#4538,#4546,#4550,.T.);
#4552=ORIENTED_EDGE('',*,*,#4551,.T.);
#4553=CARTESIAN_POINT('',(1409.0372583,-768.5,6.4));
#4554=DIRECTION('',(-0.816496581,0.,-0.577350269));
#4555=VECTOR('',#4554,1.732050807);
#4556=LINE('',#4553,#4555);
#4557=EDGE_CURVE('',#4546,#4182,#4556,.T.);
#4558=ORIENTED_EDGE('',*,*,#4557,.T.);
#4559=CARTESIAN_POINT('',(1407.623044738,-768.5,5.4));
#4560=DIRECTION('',(-1.,0.,0.));
#4561=VECTOR('',#4560,15.246089476);
#4562=LINE('',#4559,#4561);
#4563=EDGE_CURVE('',#4182,#4341,#4562,.T.);
#4564=ORIENTED_EDGE('',*,*,#4563,.T.);
#4565=EDGE_LOOP('',(#4544,#4552,#4558,#4564));
#4566=FACE_BOUND('',#4565,.T.);
#4567=ADVANCED_FACE('',(#4566),#4536,.T.);
#4568=CARTESIAN_POINT('',(1400.,-768.5,5.4));
#4569=DIRECTION('',(0.,0.819231921,-0.573462344));
#4570=DIRECTION('',(1.,0.,0.));
#4571=AXIS2_PLACEMENT_3D('',#4568,#4569,#4570);
#4572=PLANE('',#4571);
#4573=ORIENTED_EDGE('',*,*,#4187,.F.);
#4574=ORIENTED_EDGE('',*,*,#4165,.F.);
#4575=ORIENTED_EDGE('',*,*,#4352,.F.);
#4576=ORIENTED_EDGE('',*,*,#4563,.F.);
#4577=EDGE_LOOP('',(#4573,#4574,#4575,#4576));
#4578=FACE_BOUND('',#4577,.T.);
#4579=ADVANCED_FACE('',(#4578),#4572,.T.);
#4580=CARTESIAN_POINT('',(1387.5,-756.,4.4));
#4581=DIRECTION('',(1.,0.,0.));
#4582=DIRECTION('',(0.,1.,0.));
#4583=AXIS2_PLACEMENT_3D('',#4580,#4581,#4582);
#4584=PLANE('',#4583);
#4585=CARTESIAN_POINT('',(1387.5,-746.9627417,6.4));
#4586=VERTEX_POINT('',#4585);
#4587=CARTESIAN_POINT('',(1387.5,-748.376955262,5.4));
#4588=DIRECTION('',(0.,0.816496581,0.577350269));
#4589=VECTOR('',#4588,1.732050807);
#4590=LINE('',#4587,#4589);
#4591=EDGE_CURVE('',#4467,#4586,#4590,.T.);
#4592=ORIENTED_EDGE('',*,*,#4591,.T.);
#4593=CARTESIAN_POINT('',(1387.5,-765.0372583,6.4));
#4594=VERTEX_POINT('',#4593);
#4595=CARTESIAN_POINT('',(1387.5,-746.9627417,6.4));
#4596=DIRECTION('',(-0.,-1.,-0.));
#4597=VECTOR('',#4596,18.0745166);
#4598=LINE('',#4595,#4597);
#4599=EDGE_CURVE('',#4586,#4594,#4598,.T.);
#4600=ORIENTED_EDGE('',*,*,#4599,.T.);
#4601=CARTESIAN_POINT('',(1387.5,-765.0372583,6.4));
#4602=DIRECTION('',(0.,0.816496581,-0.577350269));
#4603=VECTOR('',#4602,1.732050807);
#4604=LINE('',#4601,#4603);
#4605=EDGE_CURVE('',#4594,#4333,#4604,.T.);
#4606=ORIENTED_EDGE('',*,*,#4605,.T.);
#4607=CARTESIAN_POINT('',(1387.5,-763.623044738,5.4));
#4608=DIRECTION('',(0.,1.,0.));
#4609=VECTOR('',#4608,15.246089476);
#4610=LINE('',#4607,#4609);
#4611=EDGE_CURVE('',#4333,#4467,#4610,.T.);
#4612=ORIENTED_EDGE('',*,*,#4611,.T.);
#4613=EDGE_LOOP('',(#4592,#4600,#4606,#4612));
#4614=FACE_BOUND('',#4613,.T.);
#4615=ADVANCED_FACE('',(#4614),#4584,.T.);
#4616=CARTESIAN_POINT('',(1387.5,-756.,5.4));
#4617=DIRECTION('',(0.819231921,0.,-0.573462344));
#4618=DIRECTION('',(0.,-1.,0.));
#4619=AXIS2_PLACEMENT_3D('',#4616,#4617,#4618);
#4620=PLANE('',#4619);
#4621=ORIENTED_EDGE('',*,*,#4338,.F.);
#4622=ORIENTED_EDGE('',*,*,#4307,.F.);
#4623=ORIENTED_EDGE('',*,*,#4478,.F.);
#4624=ORIENTED_EDGE('',*,*,#4611,.F.);
#4625=EDGE_LOOP('',(#4621,#4622,#4623,#4624));
#4626=FACE_BOUND('',#4625,.T.);
#4627=ADVANCED_FACE('',(#4626),#4620,.T.);
#4628=CARTESIAN_POINT('',(1400.,-743.5,4.4));
#4629=DIRECTION('',(0.,-1.,0.));
#4630=DIRECTION('',(1.,0.,0.));
#4631=AXIS2_PLACEMENT_3D('',#4628,#4629,#4630);
#4632=PLANE('',#4631);
#4633=CARTESIAN_POINT('',(1409.0372583,-743.5,6.4));
#4634=VERTEX_POINT('',#4633);
#4635=CARTESIAN_POINT('',(1407.623044738,-743.5,5.4));
#4636=DIRECTION('',(0.816496581,0.,0.577350269));
#4637=VECTOR('',#4636,1.732050807);
#4638=LINE('',#4635,#4637);
#4639=EDGE_CURVE('',#4032,#4634,#4638,.T.);
#4640=ORIENTED_EDGE('',*,*,#4639,.T.);
#4641=CARTESIAN_POINT('',(1390.9627417,-743.5,6.4));
#4642=VERTEX_POINT('',#4641);
#4643=CARTESIAN_POINT('',(1409.0372583,-743.5,6.4));
#4644=DIRECTION('',(-1.,-0.,0.));
#4645=VECTOR('',#4644,18.0745166);
#4646=LINE('',#4643,#4645);
#4647=EDGE_CURVE('',#4634,#4642,#4646,.T.);
#4648=ORIENTED_EDGE('',*,*,#4647,.T.);
#4649=CARTESIAN_POINT('',(1390.9627417,-743.5,6.4));
#4650=DIRECTION('',(0.816496581,0.,-0.577350269));
#4651=VECTOR('',#4650,1.732050807);
#4652=LINE('',#4649,#4651);
#4653=EDGE_CURVE('',#4642,#4459,#4652,.T.);
#4654=ORIENTED_EDGE('',*,*,#4653,.T.);
#4655=CARTESIAN_POINT('',(1392.376955262,-743.5,5.4));
#4656=DIRECTION('',(1.,0.,-0.));
#4657=VECTOR('',#4656,15.246089476);
#4658=LINE('',#4655,#4657);
#4659=EDGE_CURVE('',#4459,#4032,#4658,.T.);
#4660=ORIENTED_EDGE('',*,*,#4659,.T.);
#4661=EDGE_LOOP('',(#4640,#4648,#4654,#4660));
#4662=FACE_BOUND('',#4661,.T.);
#4663=ADVANCED_FACE('',(#4662),#4632,.T.);
#4664=CARTESIAN_POINT('',(1400.,-743.5,5.4));
#4665=DIRECTION('',(0.,-0.819231921,-0.573462344));
#4666=DIRECTION('',(-1.,0.,0.));
#4667=AXIS2_PLACEMENT_3D('',#4664,#4665,#4666);
#4668=PLANE('',#4667);
#4669=ORIENTED_EDGE('',*,*,#4464,.F.);
#4670=ORIENTED_EDGE('',*,*,#4433,.F.);
#4671=ORIENTED_EDGE('',*,*,#4045,.F.);
#4672=ORIENTED_EDGE('',*,*,#4659,.F.);
#4673=EDGE_LOOP('',(#4669,#4670,#4671,#4672));
#4674=FACE_BOUND('',#4673,.T.);
#4675=ADVANCED_FACE('',(#4674),#4668,.T.);
#4676=CARTESIAN_POINT('',(1388.948528137,-744.948528137,0.));
#4677=DIRECTION('',(0.5,-0.5,-0.707106781));
#4678=DIRECTION('',(0.707106781,0.707106781,0.));
#4679=AXIS2_PLACEMENT_3D('',#4676,#4677,#4678);
#4680=PLANE('',#4679);
#4681=ORIENTED_EDGE('',*,*,#4371,.F.);
#4682=ORIENTED_EDGE('',*,*,#4454,.F.);
#4683=ORIENTED_EDGE('',*,*,#4245,.F.);
#4684=CARTESIAN_POINT('',(1387.5,-746.9627417,0.4));
#4685=DIRECTION('',(-0.678598344,0.281084638,-0.678598345));
#4686=VECTOR('',#4685,0.589450303);
#4687=LINE('',#4684,#4686);
#4688=EDGE_CURVE('',#4232,#215,#4687,.T.);
#4689=ORIENTED_EDGE('',*,*,#4688,.T.);
#4690=ORIENTED_EDGE('',*,*,#220,.F.);
#4691=CARTESIAN_POINT('',(1390.797056275,-743.1,0.));
#4692=DIRECTION('',(0.281084638,-0.678598344,0.678598345));
#4693=VECTOR('',#4692,0.589450303);
#4694=LINE('',#4691,#4693);
#4695=EDGE_CURVE('',#207,#4366,#4694,.T.);
#4696=ORIENTED_EDGE('',*,*,#4695,.T.);
#4697=EDGE_LOOP('',(#4681,#4682,#4683,#4689,#4690,#4696));
#4698=FACE_BOUND('',#4697,.T.);
#4699=ADVANCED_FACE('',(#4698),#4680,.T.);
#4700=CARTESIAN_POINT('',(1392.726955262,-743.15,5.4));
#4701=DIRECTION('',(-0.5,0.5,-0.707106781));
#4702=DIRECTION('',(-0.707106781,-0.707106781,0.));
#4703=AXIS2_PLACEMENT_3D('',#4700,#4701,#4702);
#4704=PLANE('',#4703);
#4705=ORIENTED_EDGE('',*,*,#4653,.F.);
#4706=CARTESIAN_POINT('',(1390.9627417,-743.5,6.4));
#4707=DIRECTION('',(-0.281084638,0.678598344,0.678598345));
#4708=VECTOR('',#4707,0.589450303);
#4709=LINE('',#4706,#4708);
#4710=EDGE_CURVE('',#4642,#2021,#4709,.T.);
#4711=ORIENTED_EDGE('',*,*,#4710,.T.);
#4712=ORIENTED_EDGE('',*,*,#2026,.F.);
#4713=CARTESIAN_POINT('',(1387.1,-746.797056275,6.8));
#4714=DIRECTION('',(0.678598344,-0.281084638,-0.678598345));
#4715=VECTOR('',#4714,0.589450303);
#4716=LINE('',#4713,#4715);
#4717=EDGE_CURVE('',#2013,#4586,#4716,.T.);
#4718=ORIENTED_EDGE('',*,*,#4717,.T.);
#4719=ORIENTED_EDGE('',*,*,#4591,.F.);
#4720=ORIENTED_EDGE('',*,*,#4472,.F.);
#4721=EDGE_LOOP('',(#4705,#4711,#4712,#4718,#4719,#4720));
#4722=FACE_BOUND('',#4721,.T.);
#4723=ADVANCED_FACE('',(#4722),#4704,.F.);
#4724=CARTESIAN_POINT('',(1407.273044738,-768.85,5.4));
#4725=DIRECTION('',(0.5,-0.5,-0.707106781));
#4726=DIRECTION('',(0.707106781,0.707106781,0.));
#4727=AXIS2_PLACEMENT_3D('',#4724,#4725,#4726);
#4728=PLANE('',#4727);
#4729=ORIENTED_EDGE('',*,*,#4557,.F.);
#4730=CARTESIAN_POINT('',(1409.0372583,-768.5,6.4));
#4731=DIRECTION('',(0.281084638,-0.678598344,0.678598345));
#4732=VECTOR('',#4731,0.589450303);
#4733=LINE('',#4730,#4732);
#4734=EDGE_CURVE('',#4546,#2053,#4733,.T.);
#4735=ORIENTED_EDGE('',*,*,#4734,.T.);
#4736=ORIENTED_EDGE('',*,*,#2058,.F.);
#4737=CARTESIAN_POINT('',(1412.9,-765.202943725,6.8));
#4738=DIRECTION('',(-0.678598344,0.281084638,-0.678598345));
#4739=VECTOR('',#4738,0.589450303);
#4740=LINE('',#4737,#4739);
#4741=EDGE_CURVE('',#2045,#4490,#4740,.T.);
#4742=ORIENTED_EDGE('',*,*,#4741,.T.);
#4743=ORIENTED_EDGE('',*,*,#4495,.F.);
#4744=ORIENTED_EDGE('',*,*,#4195,.F.);
#4745=EDGE_LOOP('',(#4729,#4735,#4736,#4742,#4743,#4744));
#4746=FACE_BOUND('',#4745,.T.);
#4747=ADVANCED_FACE('',(#4746),#4728,.F.);
#4748=CARTESIAN_POINT('',(1388.948528137,-767.051471863,0.));
#4749=DIRECTION('',(0.5,0.5,-0.707106781));
#4750=DIRECTION('',(-0.707106781,0.707106781,0.));
#4751=AXIS2_PLACEMENT_3D('',#4748,#4749,#4750);
#4752=PLANE('',#4751);
#4753=ORIENTED_EDGE('',*,*,#4229,.F.);
#4754=ORIENTED_EDGE('',*,*,#4328,.F.);
#4755=ORIENTED_EDGE('',*,*,#4103,.F.);
#4756=CARTESIAN_POINT('',(1390.9627417,-768.5,0.4));
#4757=DIRECTION('',(-0.281084638,-0.678598344,-0.678598345));
#4758=VECTOR('',#4757,0.589450303);
#4759=LINE('',#4756,#4758);
#4760=EDGE_CURVE('',#4090,#231,#4759,.T.);
#4761=ORIENTED_EDGE('',*,*,#4760,.T.);
#4762=ORIENTED_EDGE('',*,*,#236,.F.);
#4763=CARTESIAN_POINT('',(1387.1,-765.202943725,0.));
#4764=DIRECTION('',(0.678598344,0.281084638,0.678598345));
#4765=VECTOR('',#4764,0.589450303);
#4766=LINE('',#4763,#4765);
#4767=EDGE_CURVE('',#223,#4224,#4766,.T.);
#4768=ORIENTED_EDGE('',*,*,#4767,.T.);
#4769=EDGE_LOOP('',(#4753,#4754,#4755,#4761,#4762,#4768));
#4770=FACE_BOUND('',#4769,.T.);
#4771=ADVANCED_FACE('',(#4770),#4752,.T.);
#4772=CARTESIAN_POINT('',(1412.85,-748.726955262,5.4));
#4773=DIRECTION('',(0.5,0.5,-0.707106781));
#4774=DIRECTION('',(-0.707106781,0.707106781,0.));
#4775=AXIS2_PLACEMENT_3D('',#4772,#4773,#4774);
#4776=PLANE('',#4775);
#4777=ORIENTED_EDGE('',*,*,#4509,.F.);
#4778=CARTESIAN_POINT('',(1412.5,-746.9627417,6.4));
#4779=DIRECTION('',(0.678598344,0.281084638,0.678598345));
#4780=VECTOR('',#4779,0.589450303);
#4781=LINE('',#4778,#4780);
#4782=EDGE_CURVE('',#4498,#2037,#4781,.T.);
#4783=ORIENTED_EDGE('',*,*,#4782,.T.);
#4784=ORIENTED_EDGE('',*,*,#2042,.F.);
#4785=CARTESIAN_POINT('',(1409.202943725,-743.1,6.8));
#4786=DIRECTION('',(-0.281084638,-0.678598344,-0.678598345));
#4787=VECTOR('',#4786,0.589450303);
#4788=LINE('',#4785,#4787);
#4789=EDGE_CURVE('',#2029,#4634,#4788,.T.);
#4790=ORIENTED_EDGE('',*,*,#4789,.T.);
#4791=ORIENTED_EDGE('',*,*,#4639,.F.);
#4792=ORIENTED_EDGE('',*,*,#4037,.F.);
#4793=EDGE_LOOP('',(#4777,#4783,#4784,#4790,#4791,#4792));
#4794=FACE_BOUND('',#4793,.T.);
#4795=ADVANCED_FACE('',(#4794),#4776,.F.);
#4796=CARTESIAN_POINT('',(1411.051471863,-767.051471863,0.));
#4797=DIRECTION('',(-0.5,0.5,-0.707106781));
#4798=DIRECTION('',(-0.707106781,-0.707106781,0.));
#4799=AXIS2_PLACEMENT_3D('',#4796,#4797,#4798);
#4800=PLANE('',#4799);
#4801=ORIENTED_EDGE('',*,*,#4087,.F.);
#4802=ORIENTED_EDGE('',*,*,#4209,.F.);
#4803=ORIENTED_EDGE('',*,*,#3945,.F.);
#4804=CARTESIAN_POINT('',(1412.5,-765.0372583,0.4));
#4805=DIRECTION('',(0.678598344,-0.281084638,-0.678598345));
#4806=VECTOR('',#4805,0.589450303);
#4807=LINE('',#4804,#4806);
#4808=EDGE_CURVE('',#3932,#247,#4807,.T.);
#4809=ORIENTED_EDGE('',*,*,#4808,.T.);
#4810=ORIENTED_EDGE('',*,*,#252,.F.);
#4811=CARTESIAN_POINT('',(1409.202943725,-768.9,0.));
#4812=DIRECTION('',(-0.281084638,0.678598344,0.678598345));
#4813=VECTOR('',#4812,0.589450303);
#4814=LINE('',#4811,#4813);
#4815=EDGE_CURVE('',#239,#4082,#4814,.T.);
#4816=ORIENTED_EDGE('',*,*,#4815,.T.);
#4817=EDGE_LOOP('',(#4801,#4802,#4803,#4809,#4810,#4816));
#4818=FACE_BOUND('',#4817,.T.);
#4819=ADVANCED_FACE('',(#4818),#4800,.T.);
#4820=CARTESIAN_POINT('',(1411.051471863,-744.948528137,0.));
#4821=DIRECTION('',(-0.5,-0.5,-0.707106781));
#4822=DIRECTION('',(0.707106781,-0.707106781,0.));
#4823=AXIS2_PLACEMENT_3D('',#4820,#4821,#4822);
#4824=PLANE('',#4823);
#4825=ORIENTED_EDGE('',*,*,#3929,.F.);
#4826=ORIENTED_EDGE('',*,*,#4067,.F.);
#4827=ORIENTED_EDGE('',*,*,#4385,.F.);
#4828=CARTESIAN_POINT('',(1409.0372583,-743.5,0.4));
#4829=DIRECTION('',(0.281084638,0.678598344,-0.678598345));
#4830=VECTOR('',#4829,0.589450303);
#4831=LINE('',#4828,#4830);
#4832=EDGE_CURVE('',#4374,#205,#4831,.T.);
#4833=ORIENTED_EDGE('',*,*,#4832,.T.);
#4834=ORIENTED_EDGE('',*,*,#266,.F.);
#4835=CARTESIAN_POINT('',(1412.9,-746.797056275,0.));
#4836=DIRECTION('',(-0.678598344,-0.281084638,0.678598345));
#4837=VECTOR('',#4836,0.589450303);
#4838=LINE('',#4835,#4837);
#4839=EDGE_CURVE('',#255,#3924,#4838,.T.);
#4840=ORIENTED_EDGE('',*,*,#4839,.T.);
#4841=EDGE_LOOP('',(#4825,#4826,#4827,#4833,#4834,#4840));
#4842=FACE_BOUND('',#4841,.T.);
#4843=ADVANCED_FACE('',(#4842),#4824,.T.);
#4844=CARTESIAN_POINT('',(1387.15,-763.273044738,5.4));
#4845=DIRECTION('',(-0.5,-0.5,-0.707106781));
#4846=DIRECTION('',(0.707106781,-0.707106781,0.));
#4847=AXIS2_PLACEMENT_3D('',#4844,#4845,#4846);
#4848=PLANE('',#4847);
#4849=ORIENTED_EDGE('',*,*,#4605,.F.);
#4850=CARTESIAN_POINT('',(1387.5,-765.0372583,6.4));
#4851=DIRECTION('',(-0.678598344,-0.281084638,0.678598345));
#4852=VECTOR('',#4851,0.589450303);
#4853=LINE('',#4850,#4852);
#4854=EDGE_CURVE('',#4594,#2011,#4853,.T.);
#4855=ORIENTED_EDGE('',*,*,#4854,.T.);
#4856=ORIENTED_EDGE('',*,*,#2072,.F.);
#4857=CARTESIAN_POINT('',(1390.797056275,-768.9,6.8));
#4858=DIRECTION('',(0.281084638,0.678598344,-0.678598345));
#4859=VECTOR('',#4858,0.589450303);
#4860=LINE('',#4857,#4859);
#4861=EDGE_CURVE('',#2061,#4538,#4860,.T.);
#4862=ORIENTED_EDGE('',*,*,#4861,.T.);
#4863=ORIENTED_EDGE('',*,*,#4543,.F.);
#4864=ORIENTED_EDGE('',*,*,#4346,.F.);
#4865=EDGE_LOOP('',(#4849,#4855,#4856,#4862,#4863,#4864));
#4866=FACE_BOUND('',#4865,.T.);
#4867=ADVANCED_FACE('',(#4866),#4848,.F.);
#4868=CARTESIAN_POINT('',(1387.1,-756.,6.8));
#4869=DIRECTION('',(-0.707106781,0.,-0.707106781));
#4870=DIRECTION('',(0.,1.,0.));
#4871=AXIS2_PLACEMENT_3D('',#4868,#4869,#4870);
#4872=PLANE('',#4871);
#4873=ORIENTED_EDGE('',*,*,#4854,.F.);
#4874=ORIENTED_EDGE('',*,*,#4599,.F.);
#4875=ORIENTED_EDGE('',*,*,#4717,.F.);
#4876=ORIENTED_EDGE('',*,*,#2018,.F.);
#4877=EDGE_LOOP('',(#4873,#4874,#4875,#4876));
#4878=FACE_BOUND('',#4877,.T.);
#4879=ADVANCED_FACE('',(#4878),#4872,.F.);
#4880=CARTESIAN_POINT('',(1400.,-743.1,0.));
#4881=DIRECTION('',(0.,-0.707106781,-0.707106781));
#4882=DIRECTION('',(1.,0.,0.));
#4883=AXIS2_PLACEMENT_3D('',#4880,#4881,#4882);
#4884=PLANE('',#4883);
#4885=ORIENTED_EDGE('',*,*,#4832,.F.);
#4886=ORIENTED_EDGE('',*,*,#4379,.F.);
#4887=ORIENTED_EDGE('',*,*,#4695,.F.);
#4888=ORIENTED_EDGE('',*,*,#212,.F.);
#4889=EDGE_LOOP('',(#4885,#4886,#4887,#4888));
#4890=FACE_BOUND('',#4889,.T.);
#4891=ADVANCED_FACE('',(#4890),#4884,.T.);
#4892=CARTESIAN_POINT('',(1412.9,-756.,0.));
#4893=DIRECTION('',(-0.707106781,0.,-0.707106781));
#4894=DIRECTION('',(0.,-1.,0.));
#4895=AXIS2_PLACEMENT_3D('',#4892,#4893,#4894);
#4896=PLANE('',#4895);
#4897=ORIENTED_EDGE('',*,*,#4808,.F.);
#4898=ORIENTED_EDGE('',*,*,#3937,.F.);
#4899=ORIENTED_EDGE('',*,*,#4839,.F.);
#4900=ORIENTED_EDGE('',*,*,#260,.F.);
#4901=EDGE_LOOP('',(#4897,#4898,#4899,#4900));
#4902=FACE_BOUND('',#4901,.T.);
#4903=ADVANCED_FACE('',(#4902),#4896,.T.);
#4904=CARTESIAN_POINT('',(1400.,-768.9,6.8));
#4905=DIRECTION('',(0.,-0.707106781,-0.707106781));
#4906=DIRECTION('',(-1.,0.,0.));
#4907=AXIS2_PLACEMENT_3D('',#4904,#4905,#4906);
#4908=PLANE('',#4907);
#4909=ORIENTED_EDGE('',*,*,#4734,.F.);
#4910=ORIENTED_EDGE('',*,*,#4551,.F.);
#4911=ORIENTED_EDGE('',*,*,#4861,.F.);
#4912=ORIENTED_EDGE('',*,*,#2066,.F.);
#4913=EDGE_LOOP('',(#4909,#4910,#4911,#4912));
#4914=FACE_BOUND('',#4913,.T.);
#4915=ADVANCED_FACE('',(#4914),#4908,.F.);
#4916=CARTESIAN_POINT('',(1412.9,-756.,6.8));
#4917=DIRECTION('',(0.707106781,0.,-0.707106781));
#4918=DIRECTION('',(0.,-1.,0.));
#4919=AXIS2_PLACEMENT_3D('',#4916,#4917,#4918);
#4920=PLANE('',#4919);
#4921=ORIENTED_EDGE('',*,*,#4782,.F.);
#4922=ORIENTED_EDGE('',*,*,#4503,.F.);
#4923=ORIENTED_EDGE('',*,*,#4741,.F.);
#4924=ORIENTED_EDGE('',*,*,#2050,.F.);
#4925=EDGE_LOOP('',(#4921,#4922,#4923,#4924));
#4926=FACE_BOUND('',#4925,.T.);
#4927=ADVANCED_FACE('',(#4926),#4920,.F.);
#4928=CARTESIAN_POINT('',(1400.,-743.1,6.8));
#4929=DIRECTION('',(0.,0.707106781,-0.707106781));
#4930=DIRECTION('',(1.,0.,0.));
#4931=AXIS2_PLACEMENT_3D('',#4928,#4929,#4930);
#4932=PLANE('',#4931);
#4933=ORIENTED_EDGE('',*,*,#4710,.F.);
#4934=ORIENTED_EDGE('',*,*,#4647,.F.);
#4935=ORIENTED_EDGE('',*,*,#4789,.F.);
#4936=ORIENTED_EDGE('',*,*,#2034,.F.);
#4937=EDGE_LOOP('',(#4933,#4934,#4935,#4936));
#4938=FACE_BOUND('',#4937,.T.);
#4939=ADVANCED_FACE('',(#4938),#4932,.F.);
#4940=CARTESIAN_POINT('',(1387.1,-756.,0.));
#4941=DIRECTION('',(0.707106781,0.,-0.707106781));
#4942=DIRECTION('',(0.,1.,0.));
#4943=AXIS2_PLACEMENT_3D('',#4940,#4941,#4942);
#4944=PLANE('',#4943);
#4945=ORIENTED_EDGE('',*,*,#4688,.F.);
#4946=ORIENTED_EDGE('',*,*,#4237,.F.);
#4947=ORIENTED_EDGE('',*,*,#4767,.F.);
#4948=ORIENTED_EDGE('',*,*,#228,.F.);
#4949=EDGE_LOOP('',(#4945,#4946,#4947,#4948));
#4950=FACE_BOUND('',#4949,.T.);
#4951=ADVANCED_FACE('',(#4950),#4944,.T.);
#4952=CARTESIAN_POINT('',(1400.,-768.9,0.));
#4953=DIRECTION('',(0.,0.707106781,-0.707106781));
#4954=DIRECTION('',(-1.,0.,0.));
#4955=AXIS2_PLACEMENT_3D('',#4952,#4953,#4954);
#4956=PLANE('',#4955);
#4957=ORIENTED_EDGE('',*,*,#4760,.F.);
#4958=ORIENTED_EDGE('',*,*,#4095,.F.);
#4959=ORIENTED_EDGE('',*,*,#4815,.F.);
#4960=ORIENTED_EDGE('',*,*,#244,.F.);
#4961=EDGE_LOOP('',(#4957,#4958,#4959,#4960));
#4962=FACE_BOUND('',#4961,.T.);
#4963=ADVANCED_FACE('',(#4962),#4956,.T.);
#4964=CARTESIAN_POINT('',(1388.5,-770.,4.6));
#4965=DIRECTION('',(0.,0.,-1.));
#4966=DIRECTION('',(1.,0.,0.));
#4967=AXIS2_PLACEMENT_3D('',#4964,#4965,#4966);
#4968=CYLINDRICAL_SURFACE('',#4967,2.6);
#4969=CARTESIAN_POINT('',(1391.1,-770.,2.2));
#4970=VERTEX_POINT('',#4969);
#4971=CARTESIAN_POINT('',(1391.1,-770.,4.6));
#4972=VERTEX_POINT('',#4971);
#4973=CARTESIAN_POINT('',(1391.1,-770.,2.2));
#4974=DIRECTION('',(-0.,-0.,1.));
#4975=VECTOR('',#4974,2.4);
#4976=LINE('',#4973,#4975);
#4977=EDGE_CURVE('',#4970,#4972,#4976,.T.);
#4978=ORIENTED_EDGE('',*,*,#4977,.F.);
#4979=CARTESIAN_POINT('',(1388.5,-772.6,2.2));
#4980=VERTEX_POINT('',#4979);
#4981=CARTESIAN_POINT('',(1388.5,-770.,2.2));
#4982=DIRECTION('',(-0.,-0.,1.));
#4983=DIRECTION('',(-1.,0.,0.));
#4984=AXIS2_PLACEMENT_3D('',#4981,#4982,#4983);
#4985=CIRCLE('',#4984,2.6);
#4986=EDGE_CURVE('',#4980,#4970,#4985,.T.);
#4987=ORIENTED_EDGE('',*,*,#4986,.F.);
#4988=CARTESIAN_POINT('',(1388.5,-772.6,4.6));
#4989=VERTEX_POINT('',#4988);
#4990=CARTESIAN_POINT('',(1388.5,-772.6,4.6));
#4991=DIRECTION('',(-0.,-0.,-1.));
#4992=VECTOR('',#4991,2.4);
#4993=LINE('',#4990,#4992);
#4994=EDGE_CURVE('',#4989,#4980,#4993,.T.);
#4995=ORIENTED_EDGE('',*,*,#4994,.F.);
#4996=CARTESIAN_POINT('',(1388.5,-770.,4.6));
#4997=DIRECTION('',(-0.,-0.,1.));
#4998=DIRECTION('',(-1.,0.,0.));
#4999=AXIS2_PLACEMENT_3D('',#4996,#4997,#4998);
#5000=CIRCLE('',#4999,2.6);
#5001=EDGE_CURVE('',#4989,#4972,#5000,.T.);
#5002=ORIENTED_EDGE('',*,*,#5001,.T.);
#5003=EDGE_LOOP('',(#4978,#4987,#4995,#5002));
#5004=FACE_BOUND('',#5003,.T.);
#5005=ADVANCED_FACE('',(#5004),#4968,.F.);
#5006=CARTESIAN_POINT('',(1400.,-756.,4.6));
#5007=DIRECTION('',(0.,0.,1.));
#5008=DIRECTION('',(-1.,0.,0.));
#5009=AXIS2_PLACEMENT_3D('',#5006,#5007,#5008);
#5010=PLANE('',#5009);
#5011=ORIENTED_EDGE('',*,*,#1728,.F.);
#5012=CARTESIAN_POINT('',(1386.274557137,-767.681567612,4.6));
#5013=VERTEX_POINT('',#5012);
#5014=CARTESIAN_POINT('',(1386.25,-767.432776641,4.6));
#5015=DIRECTION('',(0.,0.,-1.));
#5016=DIRECTION('',(-1.,0.,0.));
#5017=AXIS2_PLACEMENT_3D('',#5014,#5015,#5016);
#5018=CIRCLE('',#5017,0.25);
#5019=EDGE_CURVE('',#5013,#1721,#5018,.T.);
#5020=ORIENTED_EDGE('',*,*,#5019,.F.);
#5021=CARTESIAN_POINT('',(1387.156119539,-767.444776535,4.6));
#5022=VERTEX_POINT('',#5021);
#5023=CARTESIAN_POINT('',(1386.,-764.9,4.6));
#5024=DIRECTION('',(-0.,-0.,1.));
#5025=DIRECTION('',(-1.,0.,0.));
#5026=AXIS2_PLACEMENT_3D('',#5023,#5024,#5025);
#5027=CIRCLE('',#5026,2.795084972);
#5028=EDGE_CURVE('',#5013,#5022,#5027,.T.);
#5029=ORIENTED_EDGE('',*,*,#5028,.T.);
#5030=CARTESIAN_POINT('',(1387.36293249,-767.4,4.6));
#5031=VERTEX_POINT('',#5030);
#5032=CARTESIAN_POINT('',(1387.36293249,-767.9,4.6));
#5033=DIRECTION('',(-0.,-0.,1.));
#5034=DIRECTION('',(-1.,0.,0.));
#5035=AXIS2_PLACEMENT_3D('',#5032,#5033,#5034);
#5036=CIRCLE('',#5035,0.5);
#5037=EDGE_CURVE('',#5031,#5022,#5036,.T.);
#5038=ORIENTED_EDGE('',*,*,#5037,.F.);
#5039=CARTESIAN_POINT('',(1388.5,-767.4,4.6));
#5040=VERTEX_POINT('',#5039);
#5041=CARTESIAN_POINT('',(1388.5,-767.4,4.6));
#5042=DIRECTION('',(-1.,0.,0.));
#5043=VECTOR('',#5042,1.13706751);
#5044=LINE('',#5041,#5043);
#5045=EDGE_CURVE('',#5040,#5031,#5044,.T.);
#5046=ORIENTED_EDGE('',*,*,#5045,.F.);
#5047=CARTESIAN_POINT('',(1388.5,-770.,4.6));
#5048=DIRECTION('',(-0.,-0.,1.));
#5049=DIRECTION('',(-1.,0.,0.));
#5050=AXIS2_PLACEMENT_3D('',#5047,#5048,#5049);
#5051=CIRCLE('',#5050,2.6);
#5052=EDGE_CURVE('',#4972,#5040,#5051,.T.);
#5053=ORIENTED_EDGE('',*,*,#5052,.F.);
#5054=ORIENTED_EDGE('',*,*,#5001,.F.);
#5055=CARTESIAN_POINT('',(1387.36293249,-772.6,4.6));
#5056=VERTEX_POINT('',#5055);
#5057=CARTESIAN_POINT('',(1388.5,-772.6,4.6));
#5058=DIRECTION('',(-1.,0.,0.));
#5059=VECTOR('',#5058,1.13706751);
#5060=LINE('',#5057,#5059);
#5061=EDGE_CURVE('',#4989,#5056,#5060,.T.);
#5062=ORIENTED_EDGE('',*,*,#5061,.T.);
#5063=CARTESIAN_POINT('',(1387.156119539,-772.555223465,4.6));
#5064=VERTEX_POINT('',#5063);
#5065=CARTESIAN_POINT('',(1387.36293249,-772.1,4.6));
#5066=DIRECTION('',(-0.,-0.,1.));
#5067=DIRECTION('',(-1.,0.,0.));
#5068=AXIS2_PLACEMENT_3D('',#5065,#5066,#5067);
#5069=CIRCLE('',#5068,0.5);
#5070=EDGE_CURVE('',#5064,#5056,#5069,.T.);
#5071=ORIENTED_EDGE('',*,*,#5070,.F.);
#5072=CARTESIAN_POINT('',(1386.274557137,-772.318432388,4.6));
#5073=VERTEX_POINT('',#5072);
#5074=CARTESIAN_POINT('',(1386.,-775.1,4.6));
#5075=DIRECTION('',(-0.,-0.,1.));
#5076=DIRECTION('',(-1.,0.,0.));
#5077=AXIS2_PLACEMENT_3D('',#5074,#5075,#5076);
#5078=CIRCLE('',#5077,2.795084972);
#5079=EDGE_CURVE('',#5064,#5073,#5078,.T.);
#5080=ORIENTED_EDGE('',*,*,#5079,.T.);
#5081=CARTESIAN_POINT('',(1386.25,-772.567223359,4.6));
#5082=DIRECTION('',(0.,0.,-1.));
#5083=DIRECTION('',(-1.,0.,0.));
#5084=AXIS2_PLACEMENT_3D('',#5081,#5082,#5083);
#5085=CIRCLE('',#5084,0.25);
#5086=EDGE_CURVE('',#1723,#5073,#5085,.T.);
#5087=ORIENTED_EDGE('',*,*,#5086,.F.);
#5088=EDGE_LOOP('',(#5011,#5020,#5029,#5038,#5046,#5053,#5054,#5062,#5071,#5080,#5087));
#5089=FACE_BOUND('',#5088,.T.);
#5090=ADVANCED_FACE('',(#5089),#5010,.F.);
#5091=CARTESIAN_POINT('',(1400.,-756.,2.2));
#5092=DIRECTION('',(0.,0.,1.));
#5093=DIRECTION('',(-1.,0.,0.));
#5094=AXIS2_PLACEMENT_3D('',#5091,#5092,#5093);
#5095=PLANE('',#5094);
#5096=ORIENTED_EDGE('',*,*,#1744,.T.);
#5097=CARTESIAN_POINT('',(1386.274557137,-772.318432388,2.2));
#5098=VERTEX_POINT('',#5097);
#5099=CARTESIAN_POINT('',(1386.25,-772.567223359,2.2));
#5100=DIRECTION('',(-0.,-0.,1.));
#5101=DIRECTION('',(-1.,0.,0.));
#5102=AXIS2_PLACEMENT_3D('',#5099,#5100,#5101);
#5103=CIRCLE('',#5102,0.25);
#5104=EDGE_CURVE('',#5098,#1731,#5103,.T.);
#5105=ORIENTED_EDGE('',*,*,#5104,.F.);
#5106=CARTESIAN_POINT('',(1387.156119539,-772.555223465,2.2));
#5107=VERTEX_POINT('',#5106);
#5108=CARTESIAN_POINT('',(1386.,-775.1,2.2));
#5109=DIRECTION('',(-0.,-0.,1.));
#5110=DIRECTION('',(-1.,0.,0.));
#5111=AXIS2_PLACEMENT_3D('',#5108,#5109,#5110);
#5112=CIRCLE('',#5111,2.795084972);
#5113=EDGE_CURVE('',#5107,#5098,#5112,.T.);
#5114=ORIENTED_EDGE('',*,*,#5113,.F.);
#5115=CARTESIAN_POINT('',(1387.36293249,-772.6,2.2));
#5116=VERTEX_POINT('',#5115);
#5117=CARTESIAN_POINT('',(1387.36293249,-772.1,2.2));
#5118=DIRECTION('',(0.,0.,-1.));
#5119=DIRECTION('',(-1.,0.,0.));
#5120=AXIS2_PLACEMENT_3D('',#5117,#5118,#5119);
#5121=CIRCLE('',#5120,0.5);
#5122=EDGE_CURVE('',#5116,#5107,#5121,.T.);
#5123=ORIENTED_EDGE('',*,*,#5122,.F.);
#5124=CARTESIAN_POINT('',(1388.5,-772.6,2.2));
#5125=DIRECTION('',(-1.,0.,0.));
#5126=VECTOR('',#5125,1.13706751);
#5127=LINE('',#5124,#5126);
#5128=EDGE_CURVE('',#4980,#5116,#5127,.T.);
#5129=ORIENTED_EDGE('',*,*,#5128,.F.);
#5130=ORIENTED_EDGE('',*,*,#4986,.T.);
#5131=CARTESIAN_POINT('',(1388.5,-767.4,2.2));
#5132=VERTEX_POINT('',#5131);
#5133=CARTESIAN_POINT('',(1388.5,-770.,2.2));
#5134=DIRECTION('',(-0.,-0.,1.));
#5135=DIRECTION('',(-1.,0.,0.));
#5136=AXIS2_PLACEMENT_3D('',#5133,#5134,#5135);
#5137=CIRCLE('',#5136,2.6);
#5138=EDGE_CURVE('',#4970,#5132,#5137,.T.);
#5139=ORIENTED_EDGE('',*,*,#5138,.T.);
#5140=CARTESIAN_POINT('',(1387.36293249,-767.4,2.2));
#5141=VERTEX_POINT('',#5140);
#5142=CARTESIAN_POINT('',(1388.5,-767.4,2.2));
#5143=DIRECTION('',(-1.,0.,0.));
#5144=VECTOR('',#5143,1.13706751);
#5145=LINE('',#5142,#5144);
#5146=EDGE_CURVE('',#5132,#5141,#5145,.T.);
#5147=ORIENTED_EDGE('',*,*,#5146,.T.);
#5148=CARTESIAN_POINT('',(1387.156119539,-767.444776535,2.2));
#5149=VERTEX_POINT('',#5148);
#5150=CARTESIAN_POINT('',(1387.36293249,-767.9,2.2));
#5151=DIRECTION('',(0.,0.,-1.));
#5152=DIRECTION('',(-1.,0.,0.));
#5153=AXIS2_PLACEMENT_3D('',#5150,#5151,#5152);
#5154=CIRCLE('',#5153,0.5);
#5155=EDGE_CURVE('',#5149,#5141,#5154,.T.);
#5156=ORIENTED_EDGE('',*,*,#5155,.F.);
#5157=CARTESIAN_POINT('',(1386.274557137,-767.681567612,2.2));
#5158=VERTEX_POINT('',#5157);
#5159=CARTESIAN_POINT('',(1386.,-764.9,2.2));
#5160=DIRECTION('',(-0.,-0.,1.));
#5161=DIRECTION('',(-1.,0.,0.));
#5162=AXIS2_PLACEMENT_3D('',#5159,#5160,#5161);
#5163=CIRCLE('',#5162,2.795084972);
#5164=EDGE_CURVE('',#5158,#5149,#5163,.T.);
#5165=ORIENTED_EDGE('',*,*,#5164,.F.);
#5166=CARTESIAN_POINT('',(1386.25,-767.432776641,2.2));
#5167=DIRECTION('',(-0.,-0.,1.));
#5168=DIRECTION('',(-1.,0.,0.));
#5169=AXIS2_PLACEMENT_3D('',#5166,#5167,#5168);
#5170=CIRCLE('',#5169,0.25);
#5171=EDGE_CURVE('',#1739,#5158,#5170,.T.);
#5172=ORIENTED_EDGE('',*,*,#5171,.F.);
#5173=EDGE_LOOP('',(#5096,#5105,#5114,#5123,#5129,#5130,#5139,#5147,#5156,#5165,#5172));
#5174=FACE_BOUND('',#5173,.T.);
#5175=ADVANCED_FACE('',(#5174),#5095,.T.);
#5176=CARTESIAN_POINT('',(1387.36293249,-767.9,4.6));
#5177=DIRECTION('',(0.,0.,-1.));
#5178=DIRECTION('',(1.,0.,0.));
#5179=AXIS2_PLACEMENT_3D('',#5176,#5177,#5178);
#5180=CYLINDRICAL_SURFACE('',#5179,0.5);
#5181=ORIENTED_EDGE('',*,*,#5037,.T.);
#5182=CARTESIAN_POINT('',(1387.156119539,-767.444776535,4.6));
#5183=DIRECTION('',(0.,0.,-1.));
#5184=VECTOR('',#5183,2.4);
#5185=LINE('',#5182,#5184);
#5186=EDGE_CURVE('',#5022,#5149,#5185,.T.);
#5187=ORIENTED_EDGE('',*,*,#5186,.T.);
#5188=ORIENTED_EDGE('',*,*,#5155,.T.);
#5189=CARTESIAN_POINT('',(1387.36293249,-767.4,2.2));
#5190=DIRECTION('',(-0.,-0.,1.));
#5191=VECTOR('',#5190,2.4);
#5192=LINE('',#5189,#5191);
#5193=EDGE_CURVE('',#5141,#5031,#5192,.T.);
#5194=ORIENTED_EDGE('',*,*,#5193,.T.);
#5195=EDGE_LOOP('',(#5181,#5187,#5188,#5194));
#5196=FACE_BOUND('',#5195,.T.);
#5197=ADVANCED_FACE('',(#5196),#5180,.F.);
#5198=CARTESIAN_POINT('',(1387.875,-767.4,4.6));
#5199=DIRECTION('',(0.,-1.,0.));
#5200=DIRECTION('',(0.,0.,1.));
#5201=AXIS2_PLACEMENT_3D('',#5198,#5199,#5200);
#5202=PLANE('',#5201);
#5203=ORIENTED_EDGE('',*,*,#5146,.F.);
#5204=CARTESIAN_POINT('',(1388.5,-767.4,4.6));
#5205=DIRECTION('',(0.,0.,-1.));
#5206=VECTOR('',#5205,2.4);
#5207=LINE('',#5204,#5206);
#5208=EDGE_CURVE('',#5040,#5132,#5207,.T.);
#5209=ORIENTED_EDGE('',*,*,#5208,.F.);
#5210=ORIENTED_EDGE('',*,*,#5045,.T.);
#5211=ORIENTED_EDGE('',*,*,#5193,.F.);
#5212=EDGE_LOOP('',(#5203,#5209,#5210,#5211));
#5213=FACE_BOUND('',#5212,.T.);
#5214=ADVANCED_FACE('',(#5213),#5202,.T.);
#5215=CARTESIAN_POINT('',(1386.,-764.9,4.6));
#5216=DIRECTION('',(0.,0.,-1.));
#5217=DIRECTION('',(1.,0.,0.));
#5218=AXIS2_PLACEMENT_3D('',#5215,#5216,#5217);
#5219=CYLINDRICAL_SURFACE('',#5218,2.795084972);
#5220=ORIENTED_EDGE('',*,*,#5028,.F.);
#5221=CARTESIAN_POINT('',(1386.274557137,-767.681567612,2.2));
#5222=DIRECTION('',(-0.,-0.,1.));
#5223=VECTOR('',#5222,2.4);
#5224=LINE('',#5221,#5223);
#5225=EDGE_CURVE('',#5158,#5013,#5224,.T.);
#5226=ORIENTED_EDGE('',*,*,#5225,.F.);
#5227=ORIENTED_EDGE('',*,*,#5164,.T.);
#5228=ORIENTED_EDGE('',*,*,#5186,.F.);
#5229=EDGE_LOOP('',(#5220,#5226,#5227,#5228));
#5230=FACE_BOUND('',#5229,.T.);
#5231=ADVANCED_FACE('',(#5230),#5219,.T.);
#5232=CARTESIAN_POINT('',(1386.25,-767.432776641,4.6));
#5233=DIRECTION('',(0.,0.,-1.));
#5234=DIRECTION('',(1.,0.,0.));
#5235=AXIS2_PLACEMENT_3D('',#5232,#5233,#5234);
#5236=CYLINDRICAL_SURFACE('',#5235,0.25);
#5237=ORIENTED_EDGE('',*,*,#5019,.T.);
#5238=ORIENTED_EDGE('',*,*,#1750,.T.);
#5239=ORIENTED_EDGE('',*,*,#5171,.T.);
#5240=ORIENTED_EDGE('',*,*,#5225,.T.);
#5241=EDGE_LOOP('',(#5237,#5238,#5239,#5240));
#5242=FACE_BOUND('',#5241,.T.);
#5243=ADVANCED_FACE('',(#5242),#5236,.T.);
#5244=CARTESIAN_POINT('',(1387.875,-744.6,4.6));
#5245=DIRECTION('',(0.,-1.,0.));
#5246=DIRECTION('',(0.,0.,1.));
#5247=AXIS2_PLACEMENT_3D('',#5244,#5245,#5246);
#5248=PLANE('',#5247);
#5249=ORIENTED_EDGE('',*,*,#3458,.F.);
#5250=ORIENTED_EDGE('',*,*,#3391,.T.);
#5251=ORIENTED_EDGE('',*,*,#3525,.T.);
#5252=CARTESIAN_POINT('',(1387.36293249,-744.6,4.6));
#5253=DIRECTION('',(0.,0.,-1.));
#5254=VECTOR('',#5253,2.4);
#5255=LINE('',#5252,#5254);
#5256=EDGE_CURVE('',#3453,#3513,#5255,.T.);
#5257=ORIENTED_EDGE('',*,*,#5256,.F.);
#5258=EDGE_LOOP('',(#5249,#5250,#5251,#5257));
#5259=FACE_BOUND('',#5258,.T.);
#5260=ADVANCED_FACE('',(#5259),#5248,.F.);
#5261=CARTESIAN_POINT('',(1387.36293249,-744.1,4.6));
#5262=DIRECTION('',(0.,0.,-1.));
#5263=DIRECTION('',(1.,0.,0.));
#5264=AXIS2_PLACEMENT_3D('',#5261,#5262,#5263);
#5265=CYLINDRICAL_SURFACE('',#5264,0.5);
#5266=ORIENTED_EDGE('',*,*,#3467,.T.);
#5267=ORIENTED_EDGE('',*,*,#5256,.T.);
#5268=ORIENTED_EDGE('',*,*,#3519,.T.);
#5269=CARTESIAN_POINT('',(1387.156119539,-744.555223465,2.2));
#5270=DIRECTION('',(-0.,-0.,1.));
#5271=VECTOR('',#5270,2.4);
#5272=LINE('',#5269,#5271);
#5273=EDGE_CURVE('',#3504,#3461,#5272,.T.);
#5274=ORIENTED_EDGE('',*,*,#5273,.T.);
#5275=EDGE_LOOP('',(#5266,#5267,#5268,#5274));
#5276=FACE_BOUND('',#5275,.T.);
#5277=ADVANCED_FACE('',(#5276),#5265,.F.);
#5278=CARTESIAN_POINT('',(1386.,-747.1,4.6));
#5279=DIRECTION('',(0.,0.,-1.));
#5280=DIRECTION('',(1.,0.,0.));
#5281=AXIS2_PLACEMENT_3D('',#5278,#5279,#5280);
#5282=CYLINDRICAL_SURFACE('',#5281,2.795084972);
#5283=ORIENTED_EDGE('',*,*,#3510,.T.);
#5284=CARTESIAN_POINT('',(1386.274557137,-744.318432388,4.6));
#5285=DIRECTION('',(0.,0.,-1.));
#5286=VECTOR('',#5285,2.4);
#5287=LINE('',#5284,#5286);
#5288=EDGE_CURVE('',#3470,#3495,#5287,.T.);
#5289=ORIENTED_EDGE('',*,*,#5288,.F.);
#5290=ORIENTED_EDGE('',*,*,#3476,.F.);
#5291=ORIENTED_EDGE('',*,*,#5273,.F.);
#5292=EDGE_LOOP('',(#5283,#5289,#5290,#5291));
#5293=FACE_BOUND('',#5292,.T.);
#5294=ADVANCED_FACE('',(#5293),#5282,.T.);
#5295=CARTESIAN_POINT('',(1386.25,-744.567223359,4.6));
#5296=DIRECTION('',(0.,0.,-1.));
#5297=DIRECTION('',(1.,0.,0.));
#5298=AXIS2_PLACEMENT_3D('',#5295,#5296,#5297);
#5299=CYLINDRICAL_SURFACE('',#5298,0.25);
#5300=ORIENTED_EDGE('',*,*,#3483,.T.);
#5301=ORIENTED_EDGE('',*,*,#5288,.T.);
#5302=ORIENTED_EDGE('',*,*,#3501,.T.);
#5303=ORIENTED_EDGE('',*,*,#1677,.T.);
#5304=EDGE_LOOP('',(#5300,#5301,#5302,#5303));
#5305=FACE_BOUND('',#5304,.T.);
#5306=ADVANCED_FACE('',(#5305),#5299,.T.);
#5307=CARTESIAN_POINT('',(1412.5,-784.,2.4));
#5308=DIRECTION('',(-1.,0.,0.));
#5309=DIRECTION('',(0.,-1.,0.));
#5310=AXIS2_PLACEMENT_3D('',#5307,#5308,#5309);
#5311=PLANE('',#5310);
#5312=CARTESIAN_POINT('',(1412.5,-776.376955262,1.4));
#5313=VERTEX_POINT('',#5312);
#5314=CARTESIAN_POINT('',(1412.5,-774.9627417,0.4));
#5315=VERTEX_POINT('',#5314);
#5316=CARTESIAN_POINT('',(1412.5,-776.376955262,1.4));
#5317=DIRECTION('',(0.,0.816496581,-0.577350269));
#5318=VECTOR('',#5317,1.732050807);
#5319=LINE('',#5316,#5318);
#5320=EDGE_CURVE('',#5313,#5315,#5319,.T.);
#5321=ORIENTED_EDGE('',*,*,#5320,.T.);
#5322=CARTESIAN_POINT('',(1412.5,-793.0372583,0.4));
#5323=VERTEX_POINT('',#5322);
#5324=CARTESIAN_POINT('',(1412.5,-774.9627417,0.4));
#5325=DIRECTION('',(0.,-1.,0.));
#5326=VECTOR('',#5325,18.0745166);
#5327=LINE('',#5324,#5326);
#5328=EDGE_CURVE('',#5315,#5323,#5327,.T.);
#5329=ORIENTED_EDGE('',*,*,#5328,.T.);
#5330=CARTESIAN_POINT('',(1412.5,-791.623044738,1.4));
#5331=VERTEX_POINT('',#5330);
#5332=CARTESIAN_POINT('',(1412.5,-793.0372583,0.4));
#5333=DIRECTION('',(0.,0.816496581,0.577350269));
#5334=VECTOR('',#5333,1.732050807);
#5335=LINE('',#5332,#5334);
#5336=EDGE_CURVE('',#5323,#5331,#5335,.T.);
#5337=ORIENTED_EDGE('',*,*,#5336,.T.);
#5338=CARTESIAN_POINT('',(1412.5,-791.623044738,1.4));
#5339=DIRECTION('',(-0.,1.,-0.));
#5340=VECTOR('',#5339,15.246089476);
#5341=LINE('',#5338,#5340);
#5342=EDGE_CURVE('',#5331,#5313,#5341,.T.);
#5343=ORIENTED_EDGE('',*,*,#5342,.T.);
#5344=EDGE_LOOP('',(#5321,#5329,#5337,#5343));
#5345=FACE_BOUND('',#5344,.T.);
#5346=ADVANCED_FACE('',(#5345),#5311,.T.);
#5347=CARTESIAN_POINT('',(1412.5,-784.,1.4));
#5348=DIRECTION('',(0.819231921,0.,-0.573462344));
#5349=DIRECTION('',(0.,1.,0.));
#5350=AXIS2_PLACEMENT_3D('',#5347,#5348,#5349);
#5351=PLANE('',#5350);
#5352=CARTESIAN_POINT('',(1413.2,-790.923044738,2.4));
#5353=VERTEX_POINT('',#5352);
#5354=CARTESIAN_POINT('',(1413.2,-790.923044738,2.4));
#5355=DIRECTION('',(-0.497468338,-0.497468338,-0.710669055));
#5356=VECTOR('',#5355,1.407124728);
#5357=LINE('',#5354,#5356);
#5358=EDGE_CURVE('',#5353,#5331,#5357,.T.);
#5359=ORIENTED_EDGE('',*,*,#5358,.F.);
#5360=CARTESIAN_POINT('',(1413.2,-777.076955262,2.4));
#5361=VERTEX_POINT('',#5360);
#5362=CARTESIAN_POINT('',(1413.199999999,-790.923044738,2.4));
#5363=DIRECTION('',(0.,1.,0.));
#5364=VECTOR('',#5363,13.846089476);
#5365=LINE('',#5362,#5364);
#5366=EDGE_CURVE('',#5353,#5361,#5365,.T.);
#5367=ORIENTED_EDGE('',*,*,#5366,.T.);
#5368=CARTESIAN_POINT('',(1412.5,-776.376955262,1.4));
#5369=DIRECTION('',(0.497468338,-0.497468338,0.710669055));
#5370=VECTOR('',#5369,1.407124728);
#5371=LINE('',#5368,#5370);
#5372=EDGE_CURVE('',#5313,#5361,#5371,.T.);
#5373=ORIENTED_EDGE('',*,*,#5372,.F.);
#5374=ORIENTED_EDGE('',*,*,#5342,.F.);
#5375=EDGE_LOOP('',(#5359,#5367,#5373,#5374));
#5376=FACE_BOUND('',#5375,.T.);
#5377=ADVANCED_FACE('',(#5376),#5351,.F.);
#5378=CARTESIAN_POINT('',(1413.2,-784.,6.8));
#5379=DIRECTION('',(-1.,0.,0.));
#5380=DIRECTION('',(0.,-1.,0.));
#5381=AXIS2_PLACEMENT_3D('',#5378,#5379,#5380);
#5382=PLANE('',#5381);
#5383=ORIENTED_EDGE('',*,*,#5366,.F.);
#5384=CARTESIAN_POINT('',(1413.2,-790.923044738,4.4));
#5385=VERTEX_POINT('',#5384);
#5386=CARTESIAN_POINT('',(1413.2,-790.923044738,4.4));
#5387=DIRECTION('',(-0.,-0.,-1.));
#5388=VECTOR('',#5387,2.);
#5389=LINE('',#5386,#5388);
#5390=EDGE_CURVE('',#5385,#5353,#5389,.T.);
#5391=ORIENTED_EDGE('',*,*,#5390,.F.);
#5392=CARTESIAN_POINT('',(1413.2,-777.076955262,4.4));
#5393=VERTEX_POINT('',#5392);
#5394=CARTESIAN_POINT('',(1413.2,-790.923044738,4.4));
#5395=DIRECTION('',(-0.,1.,-0.));
#5396=VECTOR('',#5395,13.846089476);
#5397=LINE('',#5394,#5396);
#5398=EDGE_CURVE('',#5385,#5393,#5397,.T.);
#5399=ORIENTED_EDGE('',*,*,#5398,.T.);
#5400=CARTESIAN_POINT('',(1413.2,-777.076955262,4.4));
#5401=DIRECTION('',(-0.,-0.,-1.));
#5402=VECTOR('',#5401,2.);
#5403=LINE('',#5400,#5402);
#5404=EDGE_CURVE('',#5393,#5361,#5403,.T.);
#5405=ORIENTED_EDGE('',*,*,#5404,.T.);
#5406=EDGE_LOOP('',(#5383,#5391,#5399,#5405));
#5407=FACE_BOUND('',#5406,.T.);
#5408=ADVANCED_FACE('',(#5407),#5382,.T.);
#5409=CARTESIAN_POINT('',(1412.85,-776.726955262,6.8));
#5410=DIRECTION('',(-0.707106781,-0.707106781,0.));
#5411=DIRECTION('',(0.707106781,-0.707106781,0.));
#5412=AXIS2_PLACEMENT_3D('',#5409,#5410,#5411);
#5413=PLANE('',#5412);
#5414=CARTESIAN_POINT('',(1412.5,-776.376955262,5.4));
#5415=VERTEX_POINT('',#5414);
#5416=CARTESIAN_POINT('',(1413.2,-777.076955262,4.4));
#5417=DIRECTION('',(-0.497468338,0.497468338,0.710669055));
#5418=VECTOR('',#5417,1.407124728);
#5419=LINE('',#5416,#5418);
#5420=EDGE_CURVE('',#5393,#5415,#5419,.T.);
#5421=ORIENTED_EDGE('',*,*,#5420,.T.);
#5422=CARTESIAN_POINT('',(1407.623044738,-771.5,5.4));
#5423=VERTEX_POINT('',#5422);
#5424=CARTESIAN_POINT('',(1412.5,-776.376955262,5.4));
#5425=DIRECTION('',(-0.707106781,0.707106781,-0.));
#5426=VECTOR('',#5425,6.897056275);
#5427=LINE('',#5424,#5426);
#5428=EDGE_CURVE('',#5415,#5423,#5427,.T.);
#5429=ORIENTED_EDGE('',*,*,#5428,.T.);
#5430=CARTESIAN_POINT('',(1406.923044738,-770.8,4.4));
#5431=VERTEX_POINT('',#5430);
#5432=CARTESIAN_POINT('',(1407.623044738,-771.5,5.4));
#5433=DIRECTION('',(-0.497468338,0.497468338,-0.710669055));
#5434=VECTOR('',#5433,1.407124728);
#5435=LINE('',#5432,#5434);
#5436=EDGE_CURVE('',#5423,#5431,#5435,.T.);
#5437=ORIENTED_EDGE('',*,*,#5436,.T.);
#5438=CARTESIAN_POINT('',(1406.923044738,-770.8,2.4));
#5439=VERTEX_POINT('',#5438);
#5440=CARTESIAN_POINT('',(1406.923044738,-770.8,4.4));
#5441=DIRECTION('',(-0.,-0.,-1.));
#5442=VECTOR('',#5441,2.);
#5443=LINE('',#5440,#5442);
#5444=EDGE_CURVE('',#5431,#5439,#5443,.T.);
#5445=ORIENTED_EDGE('',*,*,#5444,.T.);
#5446=CARTESIAN_POINT('',(1407.623044738,-771.5,1.4));
#5447=VERTEX_POINT('',#5446);
#5448=CARTESIAN_POINT('',(1406.923044738,-770.8,2.4));
#5449=DIRECTION('',(0.497468338,-0.497468338,-0.710669055));
#5450=VECTOR('',#5449,1.407124728);
#5451=LINE('',#5448,#5450);
#5452=EDGE_CURVE('',#5439,#5447,#5451,.T.);
#5453=ORIENTED_EDGE('',*,*,#5452,.T.);
#5454=CARTESIAN_POINT('',(1407.623044738,-771.5,1.4));
#5455=DIRECTION('',(0.707106781,-0.707106781,0.));
#5456=VECTOR('',#5455,6.897056275);
#5457=LINE('',#5454,#5456);
#5458=EDGE_CURVE('',#5447,#5313,#5457,.T.);
#5459=ORIENTED_EDGE('',*,*,#5458,.T.);
#5460=ORIENTED_EDGE('',*,*,#5372,.T.);
#5461=ORIENTED_EDGE('',*,*,#5404,.F.);
#5462=EDGE_LOOP('',(#5421,#5429,#5437,#5445,#5453,#5459,#5460,#5461));
#5463=FACE_BOUND('',#5462,.T.);
#5464=ADVANCED_FACE('',(#5463),#5413,.T.);
#5465=CARTESIAN_POINT('',(1400.,-796.5,2.4));
#5466=DIRECTION('',(0.,1.,0.));
#5467=DIRECTION('',(-1.,0.,0.));
#5468=AXIS2_PLACEMENT_3D('',#5465,#5466,#5467);
#5469=PLANE('',#5468);
#5470=CARTESIAN_POINT('',(1407.623044738,-796.5,1.4));
#5471=VERTEX_POINT('',#5470);
#5472=CARTESIAN_POINT('',(1409.0372583,-796.5,0.4));
#5473=VERTEX_POINT('',#5472);
#5474=CARTESIAN_POINT('',(1407.623044738,-796.5,1.4));
#5475=DIRECTION('',(0.816496581,0.,-0.577350269));
#5476=VECTOR('',#5475,1.732050807);
#5477=LINE('',#5474,#5476);
#5478=EDGE_CURVE('',#5471,#5473,#5477,.T.);
#5479=ORIENTED_EDGE('',*,*,#5478,.T.);
#5480=CARTESIAN_POINT('',(1390.9627417,-796.5,0.4));
#5481=VERTEX_POINT('',#5480);
#5482=CARTESIAN_POINT('',(1409.0372583,-796.5,0.4));
#5483=DIRECTION('',(-1.,0.,0.));
#5484=VECTOR('',#5483,18.0745166);
#5485=LINE('',#5482,#5484);
#5486=EDGE_CURVE('',#5473,#5481,#5485,.T.);
#5487=ORIENTED_EDGE('',*,*,#5486,.T.);
#5488=CARTESIAN_POINT('',(1392.376955262,-796.5,1.4));
#5489=VERTEX_POINT('',#5488);
#5490=CARTESIAN_POINT('',(1390.9627417,-796.5,0.4));
#5491=DIRECTION('',(0.816496581,0.,0.577350269));
#5492=VECTOR('',#5491,1.732050807);
#5493=LINE('',#5490,#5492);
#5494=EDGE_CURVE('',#5481,#5489,#5493,.T.);
#5495=ORIENTED_EDGE('',*,*,#5494,.T.);
#5496=CARTESIAN_POINT('',(1392.376955262,-796.5,1.4));
#5497=DIRECTION('',(1.,-0.,-0.));
#5498=VECTOR('',#5497,15.246089476);
#5499=LINE('',#5496,#5498);
#5500=EDGE_CURVE('',#5489,#5471,#5499,.T.);
#5501=ORIENTED_EDGE('',*,*,#5500,.T.);
#5502=EDGE_LOOP('',(#5479,#5487,#5495,#5501));
#5503=FACE_BOUND('',#5502,.T.);
#5504=ADVANCED_FACE('',(#5503),#5469,.T.);
#5505=CARTESIAN_POINT('',(1400.,-796.5,1.4));
#5506=DIRECTION('',(0.,-0.819231921,-0.573462344));
#5507=DIRECTION('',(1.,0.,0.));
#5508=AXIS2_PLACEMENT_3D('',#5505,#5506,#5507);
#5509=PLANE('',#5508);
#5510=CARTESIAN_POINT('',(1393.076955262,-797.2,2.4));
#5511=VERTEX_POINT('',#5510);
#5512=CARTESIAN_POINT('',(1393.076955262,-797.2,2.4));
#5513=DIRECTION('',(-0.497468338,0.497468338,-0.710669055));
#5514=VECTOR('',#5513,1.407124728);
#5515=LINE('',#5512,#5514);
#5516=EDGE_CURVE('',#5511,#5489,#5515,.T.);
#5517=ORIENTED_EDGE('',*,*,#5516,.F.);
#5518=CARTESIAN_POINT('',(1406.923044738,-797.2,2.4));
#5519=VERTEX_POINT('',#5518);
#5520=CARTESIAN_POINT('',(1393.076955262,-797.199999999,2.4));
#5521=DIRECTION('',(1.,0.,-0.));
#5522=VECTOR('',#5521,13.846089476);
#5523=LINE('',#5520,#5522);
#5524=EDGE_CURVE('',#5511,#5519,#5523,.T.);
#5525=ORIENTED_EDGE('',*,*,#5524,.T.);
#5526=CARTESIAN_POINT('',(1407.623044738,-796.5,1.4));
#5527=DIRECTION('',(-0.497468338,-0.497468338,0.710669055));
#5528=VECTOR('',#5527,1.407124728);
#5529=LINE('',#5526,#5528);
#5530=EDGE_CURVE('',#5471,#5519,#5529,.T.);
#5531=ORIENTED_EDGE('',*,*,#5530,.F.);
#5532=ORIENTED_EDGE('',*,*,#5500,.F.);
#5533=EDGE_LOOP('',(#5517,#5525,#5531,#5532));
#5534=FACE_BOUND('',#5533,.T.);
#5535=ADVANCED_FACE('',(#5534),#5509,.F.);
#5536=CARTESIAN_POINT('',(1400.,-797.2,6.8));
#5537=DIRECTION('',(0.,1.,0.));
#5538=DIRECTION('',(-1.,0.,0.));
#5539=AXIS2_PLACEMENT_3D('',#5536,#5537,#5538);
#5540=PLANE('',#5539);
#5541=ORIENTED_EDGE('',*,*,#5524,.F.);
#5542=CARTESIAN_POINT('',(1393.076955262,-797.2,4.4));
#5543=VERTEX_POINT('',#5542);
#5544=CARTESIAN_POINT('',(1393.076955262,-797.2,4.4));
#5545=DIRECTION('',(-0.,-0.,-1.));
#5546=VECTOR('',#5545,2.);
#5547=LINE('',#5544,#5546);
#5548=EDGE_CURVE('',#5543,#5511,#5547,.T.);
#5549=ORIENTED_EDGE('',*,*,#5548,.F.);
#5550=CARTESIAN_POINT('',(1406.923044738,-797.2,4.4));
#5551=VERTEX_POINT('',#5550);
#5552=CARTESIAN_POINT('',(1393.076955262,-797.2,4.4));
#5553=DIRECTION('',(1.,-0.,-0.));
#5554=VECTOR('',#5553,13.846089476);
#5555=LINE('',#5552,#5554);
#5556=EDGE_CURVE('',#5543,#5551,#5555,.T.);
#5557=ORIENTED_EDGE('',*,*,#5556,.T.);
#5558=CARTESIAN_POINT('',(1406.923044738,-797.2,4.4));
#5559=DIRECTION('',(-0.,-0.,-1.));
#5560=VECTOR('',#5559,2.);
#5561=LINE('',#5558,#5560);
#5562=EDGE_CURVE('',#5551,#5519,#5561,.T.);
#5563=ORIENTED_EDGE('',*,*,#5562,.T.);
#5564=EDGE_LOOP('',(#5541,#5549,#5557,#5563));
#5565=FACE_BOUND('',#5564,.T.);
#5566=ADVANCED_FACE('',(#5565),#5540,.T.);
#5567=CARTESIAN_POINT('',(1407.273044738,-796.85,6.8));
#5568=DIRECTION('',(-0.707106781,0.707106781,0.));
#5569=DIRECTION('',(-0.707106781,-0.707106781,0.));
#5570=AXIS2_PLACEMENT_3D('',#5567,#5568,#5569);
#5571=PLANE('',#5570);
#5572=CARTESIAN_POINT('',(1407.623044738,-796.5,5.4));
#5573=VERTEX_POINT('',#5572);
#5574=CARTESIAN_POINT('',(1406.923044738,-797.2,4.4));
#5575=DIRECTION('',(0.497468338,0.497468338,0.710669055));
#5576=VECTOR('',#5575,1.407124728);
#5577=LINE('',#5574,#5576);
#5578=EDGE_CURVE('',#5551,#5573,#5577,.T.);
#5579=ORIENTED_EDGE('',*,*,#5578,.T.);
#5580=CARTESIAN_POINT('',(1412.5,-791.623044738,5.4));
#5581=VERTEX_POINT('',#5580);
#5582=CARTESIAN_POINT('',(1407.623044738,-796.5,5.4));
#5583=DIRECTION('',(0.707106781,0.707106781,-0.));
#5584=VECTOR('',#5583,6.897056275);
#5585=LINE('',#5582,#5584);
#5586=EDGE_CURVE('',#5573,#5581,#5585,.T.);
#5587=ORIENTED_EDGE('',*,*,#5586,.T.);
#5588=CARTESIAN_POINT('',(1412.5,-791.623044738,5.4));
#5589=DIRECTION('',(0.497468338,0.497468338,-0.710669055));
#5590=VECTOR('',#5589,1.407124728);
#5591=LINE('',#5588,#5590);
#5592=EDGE_CURVE('',#5581,#5385,#5591,.T.);
#5593=ORIENTED_EDGE('',*,*,#5592,.T.);
#5594=ORIENTED_EDGE('',*,*,#5390,.T.);
#5595=ORIENTED_EDGE('',*,*,#5358,.T.);
#5596=CARTESIAN_POINT('',(1412.5,-791.623044738,1.4));
#5597=DIRECTION('',(-0.707106781,-0.707106781,0.));
#5598=VECTOR('',#5597,6.897056275);
#5599=LINE('',#5596,#5598);
#5600=EDGE_CURVE('',#5331,#5471,#5599,.T.);
#5601=ORIENTED_EDGE('',*,*,#5600,.T.);
#5602=ORIENTED_EDGE('',*,*,#5530,.T.);
#5603=ORIENTED_EDGE('',*,*,#5562,.F.);
#5604=EDGE_LOOP('',(#5579,#5587,#5593,#5594,#5595,#5601,#5602,#5603));
#5605=FACE_BOUND('',#5604,.T.);
#5606=ADVANCED_FACE('',(#5605),#5571,.T.);
#5607=CARTESIAN_POINT('',(1387.5,-784.,2.4));
#5608=DIRECTION('',(1.,0.,0.));
#5609=DIRECTION('',(0.,1.,0.));
#5610=AXIS2_PLACEMENT_3D('',#5607,#5608,#5609);
#5611=PLANE('',#5610);
#5612=CARTESIAN_POINT('',(1387.5,-791.623044738,1.4));
#5613=VERTEX_POINT('',#5612);
#5614=CARTESIAN_POINT('',(1387.5,-793.0372583,0.4));
#5615=VERTEX_POINT('',#5614);
#5616=CARTESIAN_POINT('',(1387.5,-791.623044738,1.4));
#5617=DIRECTION('',(0.,-0.816496581,-0.577350269));
#5618=VECTOR('',#5617,1.732050807);
#5619=LINE('',#5616,#5618);
#5620=EDGE_CURVE('',#5613,#5615,#5619,.T.);
#5621=ORIENTED_EDGE('',*,*,#5620,.T.);
#5622=CARTESIAN_POINT('',(1387.5,-774.9627417,0.4));
#5623=VERTEX_POINT('',#5622);
#5624=CARTESIAN_POINT('',(1387.5,-793.0372583,0.4));
#5625=DIRECTION('',(0.,1.,0.));
#5626=VECTOR('',#5625,18.0745166);
#5627=LINE('',#5624,#5626);
#5628=EDGE_CURVE('',#5615,#5623,#5627,.T.);
#5629=ORIENTED_EDGE('',*,*,#5628,.T.);
#5630=CARTESIAN_POINT('',(1387.5,-776.376955262,1.4));
#5631=VERTEX_POINT('',#5630);
#5632=CARTESIAN_POINT('',(1387.5,-774.9627417,0.4));
#5633=DIRECTION('',(0.,-0.816496581,0.577350269));
#5634=VECTOR('',#5633,1.732050807);
#5635=LINE('',#5632,#5634);
#5636=EDGE_CURVE('',#5623,#5631,#5635,.T.);
#5637=ORIENTED_EDGE('',*,*,#5636,.T.);
#5638=CARTESIAN_POINT('',(1387.5,-776.376955262,1.4));
#5639=DIRECTION('',(-0.,-1.,-0.));
#5640=VECTOR('',#5639,15.246089476);
#5641=LINE('',#5638,#5640);
#5642=EDGE_CURVE('',#5631,#5613,#5641,.T.);
#5643=ORIENTED_EDGE('',*,*,#5642,.T.);
#5644=EDGE_LOOP('',(#5621,#5629,#5637,#5643));
#5645=FACE_BOUND('',#5644,.T.);
#5646=ADVANCED_FACE('',(#5645),#5611,.T.);
#5647=CARTESIAN_POINT('',(1387.5,-784.,1.4));
#5648=DIRECTION('',(-0.819231921,0.,-0.573462344));
#5649=DIRECTION('',(0.,-1.,0.));
#5650=AXIS2_PLACEMENT_3D('',#5647,#5648,#5649);
#5651=PLANE('',#5650);
#5652=CARTESIAN_POINT('',(1386.8,-777.076955262,2.4));
#5653=VERTEX_POINT('',#5652);
#5654=CARTESIAN_POINT('',(1386.8,-777.076955262,2.4));
#5655=DIRECTION('',(0.497468338,0.497468338,-0.710669055));
#5656=VECTOR('',#5655,1.407124728);
#5657=LINE('',#5654,#5656);
#5658=EDGE_CURVE('',#5653,#5631,#5657,.T.);
#5659=ORIENTED_EDGE('',*,*,#5658,.F.);
#5660=CARTESIAN_POINT('',(1386.8,-790.923044738,2.4));
#5661=VERTEX_POINT('',#5660);
#5662=CARTESIAN_POINT('',(1386.800000001,-777.076955262,2.4));
#5663=DIRECTION('',(0.,-1.,0.));
#5664=VECTOR('',#5663,13.846089476);
#5665=LINE('',#5662,#5664);
#5666=EDGE_CURVE('',#5653,#5661,#5665,.T.);
#5667=ORIENTED_EDGE('',*,*,#5666,.T.);
#5668=CARTESIAN_POINT('',(1387.5,-791.623044738,1.4));
#5669=DIRECTION('',(-0.497468338,0.497468338,0.710669055));
#5670=VECTOR('',#5669,1.407124728);
#5671=LINE('',#5668,#5670);
#5672=EDGE_CURVE('',#5613,#5661,#5671,.T.);
#5673=ORIENTED_EDGE('',*,*,#5672,.F.);
#5674=ORIENTED_EDGE('',*,*,#5642,.F.);
#5675=EDGE_LOOP('',(#5659,#5667,#5673,#5674));
#5676=FACE_BOUND('',#5675,.T.);
#5677=ADVANCED_FACE('',(#5676),#5651,.F.);
#5678=CARTESIAN_POINT('',(1386.8,-784.,6.8));
#5679=DIRECTION('',(1.,0.,0.));
#5680=DIRECTION('',(0.,1.,0.));
#5681=AXIS2_PLACEMENT_3D('',#5678,#5679,#5680);
#5682=PLANE('',#5681);
#5683=ORIENTED_EDGE('',*,*,#5666,.F.);
#5684=CARTESIAN_POINT('',(1386.8,-777.076955262,4.4));
#5685=VERTEX_POINT('',#5684);
#5686=CARTESIAN_POINT('',(1386.8,-777.076955262,4.4));
#5687=DIRECTION('',(-0.,-0.,-1.));
#5688=VECTOR('',#5687,2.);
#5689=LINE('',#5686,#5688);
#5690=EDGE_CURVE('',#5685,#5653,#5689,.T.);
#5691=ORIENTED_EDGE('',*,*,#5690,.F.);
#5692=CARTESIAN_POINT('',(1386.8,-790.923044738,4.4));
#5693=VERTEX_POINT('',#5692);
#5694=CARTESIAN_POINT('',(1386.8,-777.076955262,4.4));
#5695=DIRECTION('',(-0.,-1.,-0.));
#5696=VECTOR('',#5695,13.846089476);
#5697=LINE('',#5694,#5696);
#5698=EDGE_CURVE('',#5685,#5693,#5697,.T.);
#5699=ORIENTED_EDGE('',*,*,#5698,.T.);
#5700=CARTESIAN_POINT('',(1386.8,-790.923044738,4.4));
#5701=DIRECTION('',(-0.,-0.,-1.));
#5702=VECTOR('',#5701,2.);
#5703=LINE('',#5700,#5702);
#5704=EDGE_CURVE('',#5693,#5661,#5703,.T.);
#5705=ORIENTED_EDGE('',*,*,#5704,.T.);
#5706=EDGE_LOOP('',(#5683,#5691,#5699,#5705));
#5707=FACE_BOUND('',#5706,.T.);
#5708=ADVANCED_FACE('',(#5707),#5682,.T.);
#5709=CARTESIAN_POINT('',(1387.15,-791.273044738,6.8));
#5710=DIRECTION('',(0.707106781,0.707106781,0.));
#5711=DIRECTION('',(-0.707106781,0.707106781,0.));
#5712=AXIS2_PLACEMENT_3D('',#5709,#5710,#5711);
#5713=PLANE('',#5712);
#5714=ORIENTED_EDGE('',*,*,#5516,.T.);
#5715=CARTESIAN_POINT('',(1392.376955262,-796.5,1.4));
#5716=DIRECTION('',(-0.707106781,0.707106781,0.));
#5717=VECTOR('',#5716,6.897056275);
#5718=LINE('',#5715,#5717);
#5719=EDGE_CURVE('',#5489,#5613,#5718,.T.);
#5720=ORIENTED_EDGE('',*,*,#5719,.T.);
#5721=ORIENTED_EDGE('',*,*,#5672,.T.);
#5722=ORIENTED_EDGE('',*,*,#5704,.F.);
#5723=CARTESIAN_POINT('',(1387.5,-791.623044738,5.4));
#5724=VERTEX_POINT('',#5723);
#5725=CARTESIAN_POINT('',(1386.8,-790.923044738,4.4));
#5726=DIRECTION('',(0.497468338,-0.497468338,0.710669055));
#5727=VECTOR('',#5726,1.407124728);
#5728=LINE('',#5725,#5727);
#5729=EDGE_CURVE('',#5693,#5724,#5728,.T.);
#5730=ORIENTED_EDGE('',*,*,#5729,.T.);
#5731=CARTESIAN_POINT('',(1392.376955262,-796.5,5.4));
#5732=VERTEX_POINT('',#5731);
#5733=CARTESIAN_POINT('',(1387.5,-791.623044738,5.4));
#5734=DIRECTION('',(0.707106781,-0.707106781,-0.));
#5735=VECTOR('',#5734,6.897056275);
#5736=LINE('',#5733,#5735);
#5737=EDGE_CURVE('',#5724,#5732,#5736,.T.);
#5738=ORIENTED_EDGE('',*,*,#5737,.T.);
#5739=CARTESIAN_POINT('',(1392.376955262,-796.5,5.4));
#5740=DIRECTION('',(0.497468338,-0.497468338,-0.710669055));
#5741=VECTOR('',#5740,1.407124728);
#5742=LINE('',#5739,#5741);
#5743=EDGE_CURVE('',#5732,#5543,#5742,.T.);
#5744=ORIENTED_EDGE('',*,*,#5743,.T.);
#5745=ORIENTED_EDGE('',*,*,#5548,.T.);
#5746=EDGE_LOOP('',(#5714,#5720,#5721,#5722,#5730,#5738,#5744,#5745));
#5747=FACE_BOUND('',#5746,.T.);
#5748=ADVANCED_FACE('',(#5747),#5713,.T.);
#5749=CARTESIAN_POINT('',(1400.,-771.5,2.4));
#5750=DIRECTION('',(0.,-1.,0.));
#5751=DIRECTION('',(1.,0.,0.));
#5752=AXIS2_PLACEMENT_3D('',#5749,#5750,#5751);
#5753=PLANE('',#5752);
#5754=CARTESIAN_POINT('',(1392.376955262,-771.5,1.4));
#5755=VERTEX_POINT('',#5754);
#5756=CARTESIAN_POINT('',(1390.9627417,-771.5,0.4));
#5757=VERTEX_POINT('',#5756);
#5758=CARTESIAN_POINT('',(1392.376955262,-771.5,1.4));
#5759=DIRECTION('',(-0.816496581,0.,-0.577350269));
#5760=VECTOR('',#5759,1.732050807);
#5761=LINE('',#5758,#5760);
#5762=EDGE_CURVE('',#5755,#5757,#5761,.T.);
#5763=ORIENTED_EDGE('',*,*,#5762,.T.);
#5764=CARTESIAN_POINT('',(1409.0372583,-771.5,0.4));
#5765=VERTEX_POINT('',#5764);
#5766=CARTESIAN_POINT('',(1390.9627417,-771.5,0.4));
#5767=DIRECTION('',(1.,0.,-0.));
#5768=VECTOR('',#5767,18.0745166);
#5769=LINE('',#5766,#5768);
#5770=EDGE_CURVE('',#5757,#5765,#5769,.T.);
#5771=ORIENTED_EDGE('',*,*,#5770,.T.);
#5772=CARTESIAN_POINT('',(1409.0372583,-771.5,0.4));
#5773=DIRECTION('',(-0.816496581,0.,0.577350269));
#5774=VECTOR('',#5773,1.732050807);
#5775=LINE('',#5772,#5774);
#5776=EDGE_CURVE('',#5765,#5447,#5775,.T.);
#5777=ORIENTED_EDGE('',*,*,#5776,.T.);
#5778=CARTESIAN_POINT('',(1407.623044738,-771.5,1.4));
#5779=DIRECTION('',(-1.,-0.,0.));
#5780=VECTOR('',#5779,15.246089476);
#5781=LINE('',#5778,#5780);
#5782=EDGE_CURVE('',#5447,#5755,#5781,.T.);
#5783=ORIENTED_EDGE('',*,*,#5782,.T.);
#5784=EDGE_LOOP('',(#5763,#5771,#5777,#5783));
#5785=FACE_BOUND('',#5784,.T.);
#5786=ADVANCED_FACE('',(#5785),#5753,.T.);
#5787=CARTESIAN_POINT('',(1400.,-771.5,1.4));
#5788=DIRECTION('',(0.,0.819231921,-0.573462344));
#5789=DIRECTION('',(-1.,0.,0.));
#5790=AXIS2_PLACEMENT_3D('',#5787,#5788,#5789);
#5791=PLANE('',#5790);
#5792=ORIENTED_EDGE('',*,*,#5452,.F.);
#5793=CARTESIAN_POINT('',(1393.076955262,-770.8,2.4));
#5794=VERTEX_POINT('',#5793);
#5795=CARTESIAN_POINT('',(1406.923044738,-770.800000001,2.4));
#5796=DIRECTION('',(-1.,0.,0.));
#5797=VECTOR('',#5796,13.846089476);
#5798=LINE('',#5795,#5797);
#5799=EDGE_CURVE('',#5439,#5794,#5798,.T.);
#5800=ORIENTED_EDGE('',*,*,#5799,.T.);
#5801=CARTESIAN_POINT('',(1392.376955262,-771.5,1.4));
#5802=DIRECTION('',(0.497468338,0.497468338,0.710669055));
#5803=VECTOR('',#5802,1.407124728);
#5804=LINE('',#5801,#5803);
#5805=EDGE_CURVE('',#5755,#5794,#5804,.T.);
#5806=ORIENTED_EDGE('',*,*,#5805,.F.);
#5807=ORIENTED_EDGE('',*,*,#5782,.F.);
#5808=EDGE_LOOP('',(#5792,#5800,#5806,#5807));
#5809=FACE_BOUND('',#5808,.T.);
#5810=ADVANCED_FACE('',(#5809),#5791,.F.);
#5811=CARTESIAN_POINT('',(1400.,-770.8,6.8));
#5812=DIRECTION('',(0.,-1.,0.));
#5813=DIRECTION('',(1.,0.,0.));
#5814=AXIS2_PLACEMENT_3D('',#5811,#5812,#5813);
#5815=PLANE('',#5814);
#5816=ORIENTED_EDGE('',*,*,#5799,.F.);
#5817=ORIENTED_EDGE('',*,*,#5444,.F.);
#5818=CARTESIAN_POINT('',(1393.076955262,-770.8,4.4));
#5819=VERTEX_POINT('',#5818);
#5820=CARTESIAN_POINT('',(1406.923044738,-770.8,4.4));
#5821=DIRECTION('',(-1.,-0.,0.));
#5822=VECTOR('',#5821,13.846089476);
#5823=LINE('',#5820,#5822);
#5824=EDGE_CURVE('',#5431,#5819,#5823,.T.);
#5825=ORIENTED_EDGE('',*,*,#5824,.T.);
#5826=CARTESIAN_POINT('',(1393.076955262,-770.8,4.4));
#5827=DIRECTION('',(-0.,-0.,-1.));
#5828=VECTOR('',#5827,2.);
#5829=LINE('',#5826,#5828);
#5830=EDGE_CURVE('',#5819,#5794,#5829,.T.);
#5831=ORIENTED_EDGE('',*,*,#5830,.T.);
#5832=EDGE_LOOP('',(#5816,#5817,#5825,#5831));
#5833=FACE_BOUND('',#5832,.T.);
#5834=ADVANCED_FACE('',(#5833),#5815,.T.);
#5835=CARTESIAN_POINT('',(1392.726955262,-771.15,6.8));
#5836=DIRECTION('',(0.707106781,-0.707106781,0.));
#5837=DIRECTION('',(0.707106781,0.707106781,0.));
#5838=AXIS2_PLACEMENT_3D('',#5835,#5836,#5837);
#5839=PLANE('',#5838);
#5840=ORIENTED_EDGE('',*,*,#5658,.T.);
#5841=CARTESIAN_POINT('',(1387.5,-776.376955262,1.4));
#5842=DIRECTION('',(0.707106781,0.707106781,0.));
#5843=VECTOR('',#5842,6.897056275);
#5844=LINE('',#5841,#5843);
#5845=EDGE_CURVE('',#5631,#5755,#5844,.T.);
#5846=ORIENTED_EDGE('',*,*,#5845,.T.);
#5847=ORIENTED_EDGE('',*,*,#5805,.T.);
#5848=ORIENTED_EDGE('',*,*,#5830,.F.);
#5849=CARTESIAN_POINT('',(1392.376955262,-771.5,5.4));
#5850=VERTEX_POINT('',#5849);
#5851=CARTESIAN_POINT('',(1393.076955262,-770.8,4.4));
#5852=DIRECTION('',(-0.497468338,-0.497468338,0.710669055));
#5853=VECTOR('',#5852,1.407124728);
#5854=LINE('',#5851,#5853);
#5855=EDGE_CURVE('',#5819,#5850,#5854,.T.);
#5856=ORIENTED_EDGE('',*,*,#5855,.T.);
#5857=CARTESIAN_POINT('',(1387.5,-776.376955262,5.4));
#5858=VERTEX_POINT('',#5857);
#5859=CARTESIAN_POINT('',(1392.376955262,-771.5,5.4));
#5860=DIRECTION('',(-0.707106781,-0.707106781,-0.));
#5861=VECTOR('',#5860,6.897056275);
#5862=LINE('',#5859,#5861);
#5863=EDGE_CURVE('',#5850,#5858,#5862,.T.);
#5864=ORIENTED_EDGE('',*,*,#5863,.T.);
#5865=CARTESIAN_POINT('',(1387.5,-776.376955262,5.4));
#5866=DIRECTION('',(-0.497468338,-0.497468338,-0.710669055));
#5867=VECTOR('',#5866,1.407124728);
#5868=LINE('',#5865,#5867);
#5869=EDGE_CURVE('',#5858,#5685,#5868,.T.);
#5870=ORIENTED_EDGE('',*,*,#5869,.T.);
#5871=ORIENTED_EDGE('',*,*,#5690,.T.);
#5872=EDGE_LOOP('',(#5840,#5846,#5847,#5848,#5856,#5864,#5870,#5871));
#5873=FACE_BOUND('',#5872,.T.);
#5874=ADVANCED_FACE('',(#5873),#5839,.T.);
#5875=CARTESIAN_POINT('',(1412.5,-784.,4.4));
#5876=DIRECTION('',(-1.,0.,0.));
#5877=DIRECTION('',(0.,-1.,0.));
#5878=AXIS2_PLACEMENT_3D('',#5875,#5876,#5877);
#5879=PLANE('',#5878);
#5880=CARTESIAN_POINT('',(1412.5,-793.0372583,6.4));
#5881=VERTEX_POINT('',#5880);
#5882=CARTESIAN_POINT('',(1412.5,-791.623044738,5.4));
#5883=DIRECTION('',(0.,-0.816496581,0.577350269));
#5884=VECTOR('',#5883,1.732050807);
#5885=LINE('',#5882,#5884);
#5886=EDGE_CURVE('',#5581,#5881,#5885,.T.);
#5887=ORIENTED_EDGE('',*,*,#5886,.T.);
#5888=CARTESIAN_POINT('',(1412.5,-774.9627417,6.4));
#5889=VERTEX_POINT('',#5888);
#5890=CARTESIAN_POINT('',(1412.5,-793.0372583,6.4));
#5891=DIRECTION('',(-0.,1.,-0.));
#5892=VECTOR('',#5891,18.0745166);
#5893=LINE('',#5890,#5892);
#5894=EDGE_CURVE('',#5881,#5889,#5893,.T.);
#5895=ORIENTED_EDGE('',*,*,#5894,.T.);
#5896=CARTESIAN_POINT('',(1412.5,-774.9627417,6.4));
#5897=DIRECTION('',(0.,-0.816496581,-0.577350269));
#5898=VECTOR('',#5897,1.732050807);
#5899=LINE('',#5896,#5898);
#5900=EDGE_CURVE('',#5889,#5415,#5899,.T.);
#5901=ORIENTED_EDGE('',*,*,#5900,.T.);
#5902=CARTESIAN_POINT('',(1412.5,-776.376955262,5.4));
#5903=DIRECTION('',(0.,-1.,0.));
#5904=VECTOR('',#5903,15.246089476);
#5905=LINE('',#5902,#5904);
#5906=EDGE_CURVE('',#5415,#5581,#5905,.T.);
#5907=ORIENTED_EDGE('',*,*,#5906,.T.);
#5908=EDGE_LOOP('',(#5887,#5895,#5901,#5907));
#5909=FACE_BOUND('',#5908,.T.);
#5910=ADVANCED_FACE('',(#5909),#5879,.T.);
#5911=CARTESIAN_POINT('',(1412.5,-784.,5.4));
#5912=DIRECTION('',(-0.819231921,0.,-0.573462344));
#5913=DIRECTION('',(0.,1.,0.));
#5914=AXIS2_PLACEMENT_3D('',#5911,#5912,#5913);
#5915=PLANE('',#5914);
#5916=ORIENTED_EDGE('',*,*,#5420,.F.);
#5917=ORIENTED_EDGE('',*,*,#5398,.F.);
#5918=ORIENTED_EDGE('',*,*,#5592,.F.);
#5919=ORIENTED_EDGE('',*,*,#5906,.F.);
#5920=EDGE_LOOP('',(#5916,#5917,#5918,#5919));
#5921=FACE_BOUND('',#5920,.T.);
#5922=ADVANCED_FACE('',(#5921),#5915,.T.);
#5923=CARTESIAN_POINT('',(1400.,-796.5,4.4));
#5924=DIRECTION('',(0.,1.,0.));
#5925=DIRECTION('',(-1.,0.,0.));
#5926=AXIS2_PLACEMENT_3D('',#5923,#5924,#5925);
#5927=PLANE('',#5926);
#5928=CARTESIAN_POINT('',(1390.9627417,-796.5,6.4));
#5929=VERTEX_POINT('',#5928);
#5930=CARTESIAN_POINT('',(1392.376955262,-796.5,5.4));
#5931=DIRECTION('',(-0.816496581,0.,0.577350269));
#5932=VECTOR('',#5931,1.732050807);
#5933=LINE('',#5930,#5932);
#5934=EDGE_CURVE('',#5732,#5929,#5933,.T.);
#5935=ORIENTED_EDGE('',*,*,#5934,.T.);
#5936=CARTESIAN_POINT('',(1409.0372583,-796.5,6.4));
#5937=VERTEX_POINT('',#5936);
#5938=CARTESIAN_POINT('',(1390.9627417,-796.5,6.4));
#5939=DIRECTION('',(1.,-0.,-0.));
#5940=VECTOR('',#5939,18.0745166);
#5941=LINE('',#5938,#5940);
#5942=EDGE_CURVE('',#5929,#5937,#5941,.T.);
#5943=ORIENTED_EDGE('',*,*,#5942,.T.);
#5944=CARTESIAN_POINT('',(1409.0372583,-796.5,6.4));
#5945=DIRECTION('',(-0.816496581,0.,-0.577350269));
#5946=VECTOR('',#5945,1.732050807);
#5947=LINE('',#5944,#5946);
#5948=EDGE_CURVE('',#5937,#5573,#5947,.T.);
#5949=ORIENTED_EDGE('',*,*,#5948,.T.);
#5950=CARTESIAN_POINT('',(1407.623044738,-796.5,5.4));
#5951=DIRECTION('',(-1.,0.,0.));
#5952=VECTOR('',#5951,15.246089476);
#5953=LINE('',#5950,#5952);
#5954=EDGE_CURVE('',#5573,#5732,#5953,.T.);
#5955=ORIENTED_EDGE('',*,*,#5954,.T.);
#5956=EDGE_LOOP('',(#5935,#5943,#5949,#5955));
#5957=FACE_BOUND('',#5956,.T.);
#5958=ADVANCED_FACE('',(#5957),#5927,.T.);
#5959=CARTESIAN_POINT('',(1400.,-796.5,5.4));
#5960=DIRECTION('',(0.,0.819231921,-0.573462344));
#5961=DIRECTION('',(1.,0.,0.));
#5962=AXIS2_PLACEMENT_3D('',#5959,#5960,#5961);
#5963=PLANE('',#5962);
#5964=ORIENTED_EDGE('',*,*,#5578,.F.);
#5965=ORIENTED_EDGE('',*,*,#5556,.F.);
#5966=ORIENTED_EDGE('',*,*,#5743,.F.);
#5967=ORIENTED_EDGE('',*,*,#5954,.F.);
#5968=EDGE_LOOP('',(#5964,#5965,#5966,#5967));
#5969=FACE_BOUND('',#5968,.T.);
#5970=ADVANCED_FACE('',(#5969),#5963,.T.);
#5971=CARTESIAN_POINT('',(1387.5,-784.,4.4));
#5972=DIRECTION('',(1.,0.,0.));
#5973=DIRECTION('',(0.,1.,0.));
#5974=AXIS2_PLACEMENT_3D('',#5971,#5972,#5973);
#5975=PLANE('',#5974);
#5976=CARTESIAN_POINT('',(1387.5,-774.9627417,6.4));
#5977=VERTEX_POINT('',#5976);
#5978=CARTESIAN_POINT('',(1387.5,-776.376955262,5.4));
#5979=DIRECTION('',(0.,0.816496581,0.577350269));
#5980=VECTOR('',#5979,1.732050807);
#5981=LINE('',#5978,#5980);
#5982=EDGE_CURVE('',#5858,#5977,#5981,.T.);
#5983=ORIENTED_EDGE('',*,*,#5982,.T.);
#5984=CARTESIAN_POINT('',(1387.5,-793.0372583,6.4));
#5985=VERTEX_POINT('',#5984);
#5986=CARTESIAN_POINT('',(1387.5,-774.9627417,6.4));
#5987=DIRECTION('',(-0.,-1.,-0.));
#5988=VECTOR('',#5987,18.0745166);
#5989=LINE('',#5986,#5988);
#5990=EDGE_CURVE('',#5977,#5985,#5989,.T.);
#5991=ORIENTED_EDGE('',*,*,#5990,.T.);
#5992=CARTESIAN_POINT('',(1387.5,-793.0372583,6.4));
#5993=DIRECTION('',(0.,0.816496581,-0.577350269));
#5994=VECTOR('',#5993,1.732050807);
#5995=LINE('',#5992,#5994);
#5996=EDGE_CURVE('',#5985,#5724,#5995,.T.);
#5997=ORIENTED_EDGE('',*,*,#5996,.T.);
#5998=CARTESIAN_POINT('',(1387.5,-791.623044738,5.4));
#5999=DIRECTION('',(0.,1.,0.));
#6000=VECTOR('',#5999,15.246089476);
#6001=LINE('',#5998,#6000);
#6002=EDGE_CURVE('',#5724,#5858,#6001,.T.);
#6003=ORIENTED_EDGE('',*,*,#6002,.T.);
#6004=EDGE_LOOP('',(#5983,#5991,#5997,#6003));
#6005=FACE_BOUND('',#6004,.T.);
#6006=ADVANCED_FACE('',(#6005),#5975,.T.);
#6007=CARTESIAN_POINT('',(1387.5,-784.,5.4));
#6008=DIRECTION('',(0.819231921,0.,-0.573462344));
#6009=DIRECTION('',(0.,-1.,0.));
#6010=AXIS2_PLACEMENT_3D('',#6007,#6008,#6009);
#6011=PLANE('',#6010);
#6012=ORIENTED_EDGE('',*,*,#5729,.F.);
#6013=ORIENTED_EDGE('',*,*,#5698,.F.);
#6014=ORIENTED_EDGE('',*,*,#5869,.F.);
#6015=ORIENTED_EDGE('',*,*,#6002,.F.);
#6016=EDGE_LOOP('',(#6012,#6013,#6014,#6015));
#6017=FACE_BOUND('',#6016,.T.);
#6018=ADVANCED_FACE('',(#6017),#6011,.T.);
#6019=CARTESIAN_POINT('',(1400.,-771.5,4.4));
#6020=DIRECTION('',(0.,-1.,0.));
#6021=DIRECTION('',(1.,0.,0.));
#6022=AXIS2_PLACEMENT_3D('',#6019,#6020,#6021);
#6023=PLANE('',#6022);
#6024=CARTESIAN_POINT('',(1409.0372583,-771.5,6.4));
#6025=VERTEX_POINT('',#6024);
#6026=CARTESIAN_POINT('',(1407.623044738,-771.5,5.4));
#6027=DIRECTION('',(0.816496581,0.,0.577350269));
#6028=VECTOR('',#6027,1.732050807);
#6029=LINE('',#6026,#6028);
#6030=EDGE_CURVE('',#5423,#6025,#6029,.T.);
#6031=ORIENTED_EDGE('',*,*,#6030,.T.);
#6032=CARTESIAN_POINT('',(1390.9627417,-771.5,6.4));
#6033=VERTEX_POINT('',#6032);
#6034=CARTESIAN_POINT('',(1409.0372583,-771.5,6.4));
#6035=DIRECTION('',(-1.,-0.,0.));
#6036=VECTOR('',#6035,18.0745166);
#6037=LINE('',#6034,#6036);
#6038=EDGE_CURVE('',#6025,#6033,#6037,.T.);
#6039=ORIENTED_EDGE('',*,*,#6038,.T.);
#6040=CARTESIAN_POINT('',(1390.9627417,-771.5,6.4));
#6041=DIRECTION('',(0.816496581,0.,-0.577350269));
#6042=VECTOR('',#6041,1.732050807);
#6043=LINE('',#6040,#6042);
#6044=EDGE_CURVE('',#6033,#5850,#6043,.T.);
#6045=ORIENTED_EDGE('',*,*,#6044,.T.);
#6046=CARTESIAN_POINT('',(1392.376955262,-771.5,5.4));
#6047=DIRECTION('',(1.,0.,-0.));
#6048=VECTOR('',#6047,15.246089476);
#6049=LINE('',#6046,#6048);
#6050=EDGE_CURVE('',#5850,#5423,#6049,.T.);
#6051=ORIENTED_EDGE('',*,*,#6050,.T.);
#6052=EDGE_LOOP('',(#6031,#6039,#6045,#6051));
#6053=FACE_BOUND('',#6052,.T.);
#6054=ADVANCED_FACE('',(#6053),#6023,.T.);
#6055=CARTESIAN_POINT('',(1400.,-771.5,5.4));
#6056=DIRECTION('',(0.,-0.819231921,-0.573462344));
#6057=DIRECTION('',(-1.,0.,0.));
#6058=AXIS2_PLACEMENT_3D('',#6055,#6056,#6057);
#6059=PLANE('',#6058);
#6060=ORIENTED_EDGE('',*,*,#5855,.F.);
#6061=ORIENTED_EDGE('',*,*,#5824,.F.);
#6062=ORIENTED_EDGE('',*,*,#5436,.F.);
#6063=ORIENTED_EDGE('',*,*,#6050,.F.);
#6064=EDGE_LOOP('',(#6060,#6061,#6062,#6063));
#6065=FACE_BOUND('',#6064,.T.);
#6066=ADVANCED_FACE('',(#6065),#6059,.T.);
#6067=CARTESIAN_POINT('',(1388.948528137,-772.948528137,0.));
#6068=DIRECTION('',(0.5,-0.5,-0.707106781));
#6069=DIRECTION('',(0.707106781,0.707106781,0.));
#6070=AXIS2_PLACEMENT_3D('',#6067,#6068,#6069);
#6071=PLANE('',#6070);
#6072=ORIENTED_EDGE('',*,*,#5762,.F.);
#6073=ORIENTED_EDGE('',*,*,#5845,.F.);
#6074=ORIENTED_EDGE('',*,*,#5636,.F.);
#6075=CARTESIAN_POINT('',(1387.5,-774.9627417,0.4));
#6076=DIRECTION('',(-0.678598344,0.281084638,-0.678598345));
#6077=VECTOR('',#6076,0.589450303);
#6078=LINE('',#6075,#6077);
#6079=EDGE_CURVE('',#5623,#281,#6078,.T.);
#6080=ORIENTED_EDGE('',*,*,#6079,.T.);
#6081=ORIENTED_EDGE('',*,*,#286,.F.);
#6082=CARTESIAN_POINT('',(1390.797056275,-771.1,0.));
#6083=DIRECTION('',(0.281084638,-0.678598344,0.678598345));
#6084=VECTOR('',#6083,0.589450303);
#6085=LINE('',#6082,#6084);
#6086=EDGE_CURVE('',#273,#5757,#6085,.T.);
#6087=ORIENTED_EDGE('',*,*,#6086,.T.);
#6088=EDGE_LOOP('',(#6072,#6073,#6074,#6080,#6081,#6087));
#6089=FACE_BOUND('',#6088,.T.);
#6090=ADVANCED_FACE('',(#6089),#6071,.T.);
#6091=CARTESIAN_POINT('',(1392.726955262,-771.15,5.4));
#6092=DIRECTION('',(-0.5,0.5,-0.707106781));
#6093=DIRECTION('',(-0.707106781,-0.707106781,0.));
#6094=AXIS2_PLACEMENT_3D('',#6091,#6092,#6093);
#6095=PLANE('',#6094);
#6096=ORIENTED_EDGE('',*,*,#6044,.F.);
#6097=CARTESIAN_POINT('',(1390.9627417,-771.5,6.4));
#6098=DIRECTION('',(-0.281084638,0.678598344,0.678598345));
#6099=VECTOR('',#6098,0.589450303);
#6100=LINE('',#6097,#6099);
#6101=EDGE_CURVE('',#6033,#2087,#6100,.T.);
#6102=ORIENTED_EDGE('',*,*,#6101,.T.);
#6103=ORIENTED_EDGE('',*,*,#2092,.F.);
#6104=CARTESIAN_POINT('',(1387.1,-774.797056275,6.8));
#6105=DIRECTION('',(0.678598344,-0.281084638,-0.678598345));
#6106=VECTOR('',#6105,0.589450303);
#6107=LINE('',#6104,#6106);
#6108=EDGE_CURVE('',#2079,#5977,#6107,.T.);
#6109=ORIENTED_EDGE('',*,*,#6108,.T.);
#6110=ORIENTED_EDGE('',*,*,#5982,.F.);
#6111=ORIENTED_EDGE('',*,*,#5863,.F.);
#6112=EDGE_LOOP('',(#6096,#6102,#6103,#6109,#6110,#6111));
#6113=FACE_BOUND('',#6112,.T.);
#6114=ADVANCED_FACE('',(#6113),#6095,.F.);
#6115=CARTESIAN_POINT('',(1407.273044738,-796.85,5.4));
#6116=DIRECTION('',(0.5,-0.5,-0.707106781));
#6117=DIRECTION('',(0.707106781,0.707106781,0.));
#6118=AXIS2_PLACEMENT_3D('',#6115,#6116,#6117);
#6119=PLANE('',#6118);
#6120=ORIENTED_EDGE('',*,*,#5948,.F.);
#6121=CARTESIAN_POINT('',(1409.0372583,-796.5,6.4));
#6122=DIRECTION('',(0.281084638,-0.678598344,0.678598345));
#6123=VECTOR('',#6122,0.589450303);
#6124=LINE('',#6121,#6123);
#6125=EDGE_CURVE('',#5937,#2119,#6124,.T.);
#6126=ORIENTED_EDGE('',*,*,#6125,.T.);
#6127=ORIENTED_EDGE('',*,*,#2124,.F.);
#6128=CARTESIAN_POINT('',(1412.9,-793.202943725,6.8));
#6129=DIRECTION('',(-0.678598344,0.281084638,-0.678598345));
#6130=VECTOR('',#6129,0.589450303);
#6131=LINE('',#6128,#6130);
#6132=EDGE_CURVE('',#2111,#5881,#6131,.T.);
#6133=ORIENTED_EDGE('',*,*,#6132,.T.);
#6134=ORIENTED_EDGE('',*,*,#5886,.F.);
#6135=ORIENTED_EDGE('',*,*,#5586,.F.);
#6136=EDGE_LOOP('',(#6120,#6126,#6127,#6133,#6134,#6135));
#6137=FACE_BOUND('',#6136,.T.);
#6138=ADVANCED_FACE('',(#6137),#6119,.F.);
#6139=CARTESIAN_POINT('',(1388.948528137,-795.051471863,0.));
#6140=DIRECTION('',(0.5,0.5,-0.707106781));
#6141=DIRECTION('',(-0.707106781,0.707106781,0.));
#6142=AXIS2_PLACEMENT_3D('',#6139,#6140,#6141);
#6143=PLANE('',#6142);
#6144=ORIENTED_EDGE('',*,*,#5620,.F.);
#6145=ORIENTED_EDGE('',*,*,#5719,.F.);
#6146=ORIENTED_EDGE('',*,*,#5494,.F.);
#6147=CARTESIAN_POINT('',(1390.9627417,-796.5,0.4));
#6148=DIRECTION('',(-0.281084638,-0.678598344,-0.678598345));
#6149=VECTOR('',#6148,0.589450303);
#6150=LINE('',#6147,#6149);
#6151=EDGE_CURVE('',#5481,#297,#6150,.T.);
#6152=ORIENTED_EDGE('',*,*,#6151,.T.);
#6153=ORIENTED_EDGE('',*,*,#302,.F.);
#6154=CARTESIAN_POINT('',(1387.1,-793.202943725,0.));
#6155=DIRECTION('',(0.678598344,0.281084638,0.678598345));
#6156=VECTOR('',#6155,0.589450303);
#6157=LINE('',#6154,#6156);
#6158=EDGE_CURVE('',#289,#5615,#6157,.T.);
#6159=ORIENTED_EDGE('',*,*,#6158,.T.);
#6160=EDGE_LOOP('',(#6144,#6145,#6146,#6152,#6153,#6159));
#6161=FACE_BOUND('',#6160,.T.);
#6162=ADVANCED_FACE('',(#6161),#6143,.T.);
#6163=CARTESIAN_POINT('',(1412.85,-776.726955262,5.4));
#6164=DIRECTION('',(0.5,0.5,-0.707106781));
#6165=DIRECTION('',(-0.707106781,0.707106781,0.));
#6166=AXIS2_PLACEMENT_3D('',#6163,#6164,#6165);
#6167=PLANE('',#6166);
#6168=ORIENTED_EDGE('',*,*,#5900,.F.);
#6169=CARTESIAN_POINT('',(1412.5,-774.9627417,6.4));
#6170=DIRECTION('',(0.678598344,0.281084638,0.678598345));
#6171=VECTOR('',#6170,0.589450303);
#6172=LINE('',#6169,#6171);
#6173=EDGE_CURVE('',#5889,#2103,#6172,.T.);
#6174=ORIENTED_EDGE('',*,*,#6173,.T.);
#6175=ORIENTED_EDGE('',*,*,#2108,.F.);
#6176=CARTESIAN_POINT('',(1409.202943725,-771.1,6.8));
#6177=DIRECTION('',(-0.281084638,-0.678598344,-0.678598345));
#6178=VECTOR('',#6177,0.589450303);
#6179=LINE('',#6176,#6178);
#6180=EDGE_CURVE('',#2095,#6025,#6179,.T.);
#6181=ORIENTED_EDGE('',*,*,#6180,.T.);
#6182=ORIENTED_EDGE('',*,*,#6030,.F.);
#6183=ORIENTED_EDGE('',*,*,#5428,.F.);
#6184=EDGE_LOOP('',(#6168,#6174,#6175,#6181,#6182,#6183));
#6185=FACE_BOUND('',#6184,.T.);
#6186=ADVANCED_FACE('',(#6185),#6167,.F.);
#6187=CARTESIAN_POINT('',(1411.051471863,-795.051471863,0.));
#6188=DIRECTION('',(-0.5,0.5,-0.707106781));
#6189=DIRECTION('',(-0.707106781,-0.707106781,0.));
#6190=AXIS2_PLACEMENT_3D('',#6187,#6188,#6189);
#6191=PLANE('',#6190);
#6192=ORIENTED_EDGE('',*,*,#5478,.F.);
#6193=ORIENTED_EDGE('',*,*,#5600,.F.);
#6194=ORIENTED_EDGE('',*,*,#5336,.F.);
#6195=CARTESIAN_POINT('',(1412.5,-793.0372583,0.4));
#6196=DIRECTION('',(0.678598344,-0.281084638,-0.678598345));
#6197=VECTOR('',#6196,0.589450303);
#6198=LINE('',#6195,#6197);
#6199=EDGE_CURVE('',#5323,#313,#6198,.T.);
#6200=ORIENTED_EDGE('',*,*,#6199,.T.);
#6201=ORIENTED_EDGE('',*,*,#318,.F.);
#6202=CARTESIAN_POINT('',(1409.202943725,-796.9,0.));
#6203=DIRECTION('',(-0.281084638,0.678598344,0.678598345));
#6204=VECTOR('',#6203,0.589450303);
#6205=LINE('',#6202,#6204);
#6206=EDGE_CURVE('',#305,#5473,#6205,.T.);
#6207=ORIENTED_EDGE('',*,*,#6206,.T.);
#6208=EDGE_LOOP('',(#6192,#6193,#6194,#6200,#6201,#6207));
#6209=FACE_BOUND('',#6208,.T.);
#6210=ADVANCED_FACE('',(#6209),#6191,.T.);
#6211=CARTESIAN_POINT('',(1411.051471863,-772.948528137,0.));
#6212=DIRECTION('',(-0.5,-0.5,-0.707106781));
#6213=DIRECTION('',(0.707106781,-0.707106781,0.));
#6214=AXIS2_PLACEMENT_3D('',#6211,#6212,#6213);
#6215=PLANE('',#6214);
#6216=ORIENTED_EDGE('',*,*,#5320,.F.);
#6217=ORIENTED_EDGE('',*,*,#5458,.F.);
#6218=ORIENTED_EDGE('',*,*,#5776,.F.);
#6219=CARTESIAN_POINT('',(1409.0372583,-771.5,0.4));
#6220=DIRECTION('',(0.281084638,0.678598344,-0.678598345));
#6221=VECTOR('',#6220,0.589450303);
#6222=LINE('',#6219,#6221);
#6223=EDGE_CURVE('',#5765,#271,#6222,.T.);
#6224=ORIENTED_EDGE('',*,*,#6223,.T.);
#6225=ORIENTED_EDGE('',*,*,#332,.F.);
#6226=CARTESIAN_POINT('',(1412.9,-774.797056275,0.));
#6227=DIRECTION('',(-0.678598344,-0.281084638,0.678598345));
#6228=VECTOR('',#6227,0.589450303);
#6229=LINE('',#6226,#6228);
#6230=EDGE_CURVE('',#321,#5315,#6229,.T.);
#6231=ORIENTED_EDGE('',*,*,#6230,.T.);
#6232=EDGE_LOOP('',(#6216,#6217,#6218,#6224,#6225,#6231));
#6233=FACE_BOUND('',#6232,.T.);
#6234=ADVANCED_FACE('',(#6233),#6215,.T.);
#6235=CARTESIAN_POINT('',(1387.15,-791.273044738,5.4));
#6236=DIRECTION('',(-0.5,-0.5,-0.707106781));
#6237=DIRECTION('',(0.707106781,-0.707106781,0.));
#6238=AXIS2_PLACEMENT_3D('',#6235,#6236,#6237);
#6239=PLANE('',#6238);
#6240=ORIENTED_EDGE('',*,*,#5996,.F.);
#6241=CARTESIAN_POINT('',(1387.5,-793.0372583,6.4));
#6242=DIRECTION('',(-0.678598344,-0.281084638,0.678598345));
#6243=VECTOR('',#6242,0.589450303);
#6244=LINE('',#6241,#6243);
#6245=EDGE_CURVE('',#5985,#2077,#6244,.T.);
#6246=ORIENTED_EDGE('',*,*,#6245,.T.);
#6247=ORIENTED_EDGE('',*,*,#2138,.F.);
#6248=CARTESIAN_POINT('',(1390.797056275,-796.9,6.8));
#6249=DIRECTION('',(0.281084638,0.678598344,-0.678598345));
#6250=VECTOR('',#6249,0.589450303);
#6251=LINE('',#6248,#6250);
#6252=EDGE_CURVE('',#2127,#5929,#6251,.T.);
#6253=ORIENTED_EDGE('',*,*,#6252,.T.);
#6254=ORIENTED_EDGE('',*,*,#5934,.F.);
#6255=ORIENTED_EDGE('',*,*,#5737,.F.);
#6256=EDGE_LOOP('',(#6240,#6246,#6247,#6253,#6254,#6255));
#6257=FACE_BOUND('',#6256,.T.);
#6258=ADVANCED_FACE('',(#6257),#6239,.F.);
#6259=CARTESIAN_POINT('',(1387.1,-784.,6.8));
#6260=DIRECTION('',(-0.707106781,0.,-0.707106781));
#6261=DIRECTION('',(0.,1.,0.));
#6262=AXIS2_PLACEMENT_3D('',#6259,#6260,#6261);
#6263=PLANE('',#6262);
#6264=ORIENTED_EDGE('',*,*,#6245,.F.);
#6265=ORIENTED_EDGE('',*,*,#5990,.F.);
#6266=ORIENTED_EDGE('',*,*,#6108,.F.);
#6267=ORIENTED_EDGE('',*,*,#2084,.F.);
#6268=EDGE_LOOP('',(#6264,#6265,#6266,#6267));
#6269=FACE_BOUND('',#6268,.T.);
#6270=ADVANCED_FACE('',(#6269),#6263,.F.);
#6271=CARTESIAN_POINT('',(1400.,-771.1,0.));
#6272=DIRECTION('',(0.,-0.707106781,-0.707106781));
#6273=DIRECTION('',(1.,0.,0.));
#6274=AXIS2_PLACEMENT_3D('',#6271,#6272,#6273);
#6275=PLANE('',#6274);
#6276=ORIENTED_EDGE('',*,*,#6223,.F.);
#6277=ORIENTED_EDGE('',*,*,#5770,.F.);
#6278=ORIENTED_EDGE('',*,*,#6086,.F.);
#6279=ORIENTED_EDGE('',*,*,#278,.F.);
#6280=EDGE_LOOP('',(#6276,#6277,#6278,#6279));
#6281=FACE_BOUND('',#6280,.T.);
#6282=ADVANCED_FACE('',(#6281),#6275,.T.);
#6283=CARTESIAN_POINT('',(1412.9,-784.,0.));
#6284=DIRECTION('',(-0.707106781,0.,-0.707106781));
#6285=DIRECTION('',(0.,-1.,0.));
#6286=AXIS2_PLACEMENT_3D('',#6283,#6284,#6285);
#6287=PLANE('',#6286);
#6288=ORIENTED_EDGE('',*,*,#6199,.F.);
#6289=ORIENTED_EDGE('',*,*,#5328,.F.);
#6290=ORIENTED_EDGE('',*,*,#6230,.F.);
#6291=ORIENTED_EDGE('',*,*,#326,.F.);
#6292=EDGE_LOOP('',(#6288,#6289,#6290,#6291));
#6293=FACE_BOUND('',#6292,.T.);
#6294=ADVANCED_FACE('',(#6293),#6287,.T.);
#6295=CARTESIAN_POINT('',(1400.,-796.9,6.8));
#6296=DIRECTION('',(0.,-0.707106781,-0.707106781));
#6297=DIRECTION('',(-1.,0.,0.));
#6298=AXIS2_PLACEMENT_3D('',#6295,#6296,#6297);
#6299=PLANE('',#6298);
#6300=ORIENTED_EDGE('',*,*,#6125,.F.);
#6301=ORIENTED_EDGE('',*,*,#5942,.F.);
#6302=ORIENTED_EDGE('',*,*,#6252,.F.);
#6303=ORIENTED_EDGE('',*,*,#2132,.F.);
#6304=EDGE_LOOP('',(#6300,#6301,#6302,#6303));
#6305=FACE_BOUND('',#6304,.T.);
#6306=ADVANCED_FACE('',(#6305),#6299,.F.);
#6307=CARTESIAN_POINT('',(1412.9,-784.,6.8));
#6308=DIRECTION('',(0.707106781,0.,-0.707106781));
#6309=DIRECTION('',(0.,-1.,0.));
#6310=AXIS2_PLACEMENT_3D('',#6307,#6308,#6309);
#6311=PLANE('',#6310);
#6312=ORIENTED_EDGE('',*,*,#6173,.F.);
#6313=ORIENTED_EDGE('',*,*,#5894,.F.);
#6314=ORIENTED_EDGE('',*,*,#6132,.F.);
#6315=ORIENTED_EDGE('',*,*,#2116,.F.);
#6316=EDGE_LOOP('',(#6312,#6313,#6314,#6315));
#6317=FACE_BOUND('',#6316,.T.);
#6318=ADVANCED_FACE('',(#6317),#6311,.F.);
#6319=CARTESIAN_POINT('',(1400.,-771.1,6.8));
#6320=DIRECTION('',(0.,0.707106781,-0.707106781));
#6321=DIRECTION('',(1.,0.,0.));
#6322=AXIS2_PLACEMENT_3D('',#6319,#6320,#6321);
#6323=PLANE('',#6322);
#6324=ORIENTED_EDGE('',*,*,#6101,.F.);
#6325=ORIENTED_EDGE('',*,*,#6038,.F.);
#6326=ORIENTED_EDGE('',*,*,#6180,.F.);
#6327=ORIENTED_EDGE('',*,*,#2100,.F.);
#6328=EDGE_LOOP('',(#6324,#6325,#6326,#6327));
#6329=FACE_BOUND('',#6328,.T.);
#6330=ADVANCED_FACE('',(#6329),#6323,.F.);
#6331=CARTESIAN_POINT('',(1387.1,-784.,0.));
#6332=DIRECTION('',(0.707106781,0.,-0.707106781));
#6333=DIRECTION('',(0.,1.,0.));
#6334=AXIS2_PLACEMENT_3D('',#6331,#6332,#6333);
#6335=PLANE('',#6334);
#6336=ORIENTED_EDGE('',*,*,#6079,.F.);
#6337=ORIENTED_EDGE('',*,*,#5628,.F.);
#6338=ORIENTED_EDGE('',*,*,#6158,.F.);
#6339=ORIENTED_EDGE('',*,*,#294,.F.);
#6340=EDGE_LOOP('',(#6336,#6337,#6338,#6339));
#6341=FACE_BOUND('',#6340,.T.);
#6342=ADVANCED_FACE('',(#6341),#6335,.T.);
#6343=CARTESIAN_POINT('',(1400.,-796.9,0.));
#6344=DIRECTION('',(0.,0.707106781,-0.707106781));
#6345=DIRECTION('',(-1.,0.,0.));
#6346=AXIS2_PLACEMENT_3D('',#6343,#6344,#6345);
#6347=PLANE('',#6346);
#6348=ORIENTED_EDGE('',*,*,#6151,.F.);
#6349=ORIENTED_EDGE('',*,*,#5486,.F.);
#6350=ORIENTED_EDGE('',*,*,#6206,.F.);
#6351=ORIENTED_EDGE('',*,*,#310,.F.);
#6352=EDGE_LOOP('',(#6348,#6349,#6350,#6351));
#6353=FACE_BOUND('',#6352,.T.);
#6354=ADVANCED_FACE('',(#6353),#6347,.T.);
#6355=CARTESIAN_POINT('',(1388.5,-798.,4.6));
#6356=DIRECTION('',(0.,0.,-1.));
#6357=DIRECTION('',(1.,0.,0.));
#6358=AXIS2_PLACEMENT_3D('',#6355,#6356,#6357);
#6359=CYLINDRICAL_SURFACE('',#6358,2.6);
#6360=CARTESIAN_POINT('',(1391.1,-798.,2.2));
#6361=VERTEX_POINT('',#6360);
#6362=CARTESIAN_POINT('',(1391.1,-798.,4.6));
#6363=VERTEX_POINT('',#6362);
#6364=CARTESIAN_POINT('',(1391.1,-798.,2.2));
#6365=DIRECTION('',(-0.,-0.,1.));
#6366=VECTOR('',#6365,2.4);
#6367=LINE('',#6364,#6366);
#6368=EDGE_CURVE('',#6361,#6363,#6367,.T.);
#6369=ORIENTED_EDGE('',*,*,#6368,.F.);
#6370=CARTESIAN_POINT('',(1388.5,-800.6,2.2));
#6371=VERTEX_POINT('',#6370);
#6372=CARTESIAN_POINT('',(1388.5,-798.,2.2));
#6373=DIRECTION('',(-0.,-0.,1.));
#6374=DIRECTION('',(-1.,0.,0.));
#6375=AXIS2_PLACEMENT_3D('',#6372,#6373,#6374);
#6376=CIRCLE('',#6375,2.6);
#6377=EDGE_CURVE('',#6371,#6361,#6376,.T.);
#6378=ORIENTED_EDGE('',*,*,#6377,.F.);
#6379=CARTESIAN_POINT('',(1388.5,-800.6,4.6));
#6380=VERTEX_POINT('',#6379);
#6381=CARTESIAN_POINT('',(1388.5,-800.6,4.6));
#6382=DIRECTION('',(-0.,-0.,-1.));
#6383=VECTOR('',#6382,2.4);
#6384=LINE('',#6381,#6383);
#6385=EDGE_CURVE('',#6380,#6371,#6384,.T.);
#6386=ORIENTED_EDGE('',*,*,#6385,.F.);
#6387=CARTESIAN_POINT('',(1388.5,-798.,4.6));
#6388=DIRECTION('',(-0.,-0.,1.));
#6389=DIRECTION('',(-1.,0.,0.));
#6390=AXIS2_PLACEMENT_3D('',#6387,#6388,#6389);
#6391=CIRCLE('',#6390,2.6);
#6392=EDGE_CURVE('',#6380,#6363,#6391,.T.);
#6393=ORIENTED_EDGE('',*,*,#6392,.T.);
#6394=EDGE_LOOP('',(#6369,#6378,#6386,#6393));
#6395=FACE_BOUND('',#6394,.T.);
#6396=ADVANCED_FACE('',(#6395),#6359,.F.);
#6397=CARTESIAN_POINT('',(1400.,-784.,4.6));
#6398=DIRECTION('',(0.,0.,1.));
#6399=DIRECTION('',(-1.,0.,0.));
#6400=AXIS2_PLACEMENT_3D('',#6397,#6398,#6399);
#6401=PLANE('',#6400);
#6402=ORIENTED_EDGE('',*,*,#1762,.F.);
#6403=CARTESIAN_POINT('',(1386.274557137,-795.681567612,4.6));
#6404=VERTEX_POINT('',#6403);
#6405=CARTESIAN_POINT('',(1386.25,-795.432776641,4.6));
#6406=DIRECTION('',(0.,0.,-1.));
#6407=DIRECTION('',(-1.,0.,0.));
#6408=AXIS2_PLACEMENT_3D('',#6405,#6406,#6407);
#6409=CIRCLE('',#6408,0.25);
#6410=EDGE_CURVE('',#6404,#1755,#6409,.T.);
#6411=ORIENTED_EDGE('',*,*,#6410,.F.);
#6412=CARTESIAN_POINT('',(1387.156119539,-795.444776535,4.6));
#6413=VERTEX_POINT('',#6412);
#6414=CARTESIAN_POINT('',(1386.,-792.9,4.6));
#6415=DIRECTION('',(-0.,-0.,1.));
#6416=DIRECTION('',(-1.,0.,0.));
#6417=AXIS2_PLACEMENT_3D('',#6414,#6415,#6416);
#6418=CIRCLE('',#6417,2.795084972);
#6419=EDGE_CURVE('',#6404,#6413,#6418,.T.);
#6420=ORIENTED_EDGE('',*,*,#6419,.T.);
#6421=CARTESIAN_POINT('',(1387.36293249,-795.4,4.6));
#6422=VERTEX_POINT('',#6421);
#6423=CARTESIAN_POINT('',(1387.36293249,-795.9,4.6));
#6424=DIRECTION('',(-0.,-0.,1.));
#6425=DIRECTION('',(-1.,0.,0.));
#6426=AXIS2_PLACEMENT_3D('',#6423,#6424,#6425);
#6427=CIRCLE('',#6426,0.5);
#6428=EDGE_CURVE('',#6422,#6413,#6427,.T.);
#6429=ORIENTED_EDGE('',*,*,#6428,.F.);
#6430=CARTESIAN_POINT('',(1388.5,-795.4,4.6));
#6431=VERTEX_POINT('',#6430);
#6432=CARTESIAN_POINT('',(1388.5,-795.4,4.6));
#6433=DIRECTION('',(-1.,0.,0.));
#6434=VECTOR('',#6433,1.13706751);
#6435=LINE('',#6432,#6434);
#6436=EDGE_CURVE('',#6431,#6422,#6435,.T.);
#6437=ORIENTED_EDGE('',*,*,#6436,.F.);
#6438=CARTESIAN_POINT('',(1388.5,-798.,4.6));
#6439=DIRECTION('',(-0.,-0.,1.));
#6440=DIRECTION('',(-1.,0.,0.));
#6441=AXIS2_PLACEMENT_3D('',#6438,#6439,#6440);
#6442=CIRCLE('',#6441,2.6);
#6443=EDGE_CURVE('',#6363,#6431,#6442,.T.);
#6444=ORIENTED_EDGE('',*,*,#6443,.F.);
#6445=ORIENTED_EDGE('',*,*,#6392,.F.);
#6446=CARTESIAN_POINT('',(1387.36293249,-800.6,4.6));
#6447=VERTEX_POINT('',#6446);
#6448=CARTESIAN_POINT('',(1388.5,-800.6,4.6));
#6449=DIRECTION('',(-1.,0.,0.));
#6450=VECTOR('',#6449,1.13706751);
#6451=LINE('',#6448,#6450);
#6452=EDGE_CURVE('',#6380,#6447,#6451,.T.);
#6453=ORIENTED_EDGE('',*,*,#6452,.T.);
#6454=CARTESIAN_POINT('',(1387.156119539,-800.555223465,4.6));
#6455=VERTEX_POINT('',#6454);
#6456=CARTESIAN_POINT('',(1387.36293249,-800.1,4.6));
#6457=DIRECTION('',(-0.,-0.,1.));
#6458=DIRECTION('',(-1.,0.,0.));
#6459=AXIS2_PLACEMENT_3D('',#6456,#6457,#6458);
#6460=CIRCLE('',#6459,0.5);
#6461=EDGE_CURVE('',#6455,#6447,#6460,.T.);
#6462=ORIENTED_EDGE('',*,*,#6461,.F.);
#6463=CARTESIAN_POINT('',(1386.274557137,-800.318432388,4.6));
#6464=VERTEX_POINT('',#6463);
#6465=CARTESIAN_POINT('',(1386.,-803.1,4.6));
#6466=DIRECTION('',(-0.,-0.,1.));
#6467=DIRECTION('',(-1.,0.,0.));
#6468=AXIS2_PLACEMENT_3D('',#6465,#6466,#6467);
#6469=CIRCLE('',#6468,2.795084972);
#6470=EDGE_CURVE('',#6455,#6464,#6469,.T.);
#6471=ORIENTED_EDGE('',*,*,#6470,.T.);
#6472=CARTESIAN_POINT('',(1386.25,-800.567223359,4.6));
#6473=DIRECTION('',(0.,0.,-1.));
#6474=DIRECTION('',(-1.,0.,0.));
#6475=AXIS2_PLACEMENT_3D('',#6472,#6473,#6474);
#6476=CIRCLE('',#6475,0.25);
#6477=EDGE_CURVE('',#1757,#6464,#6476,.T.);
#6478=ORIENTED_EDGE('',*,*,#6477,.F.);
#6479=EDGE_LOOP('',(#6402,#6411,#6420,#6429,#6437,#6444,#6445,#6453,#6462,#6471,#6478));
#6480=FACE_BOUND('',#6479,.T.);
#6481=ADVANCED_FACE('',(#6480),#6401,.F.);
#6482=CARTESIAN_POINT('',(1400.,-784.,2.2));
#6483=DIRECTION('',(0.,0.,1.));
#6484=DIRECTION('',(-1.,0.,0.));
#6485=AXIS2_PLACEMENT_3D('',#6482,#6483,#6484);
#6486=PLANE('',#6485);
#6487=ORIENTED_EDGE('',*,*,#1778,.T.);
#6488=CARTESIAN_POINT('',(1386.274557137,-800.318432388,2.2));
#6489=VERTEX_POINT('',#6488);
#6490=CARTESIAN_POINT('',(1386.25,-800.567223359,2.2));
#6491=DIRECTION('',(-0.,-0.,1.));
#6492=DIRECTION('',(-1.,0.,0.));
#6493=AXIS2_PLACEMENT_3D('',#6490,#6491,#6492);
#6494=CIRCLE('',#6493,0.25);
#6495=EDGE_CURVE('',#6489,#1765,#6494,.T.);
#6496=ORIENTED_EDGE('',*,*,#6495,.F.);
#6497=CARTESIAN_POINT('',(1387.156119539,-800.555223465,2.2));
#6498=VERTEX_POINT('',#6497);
#6499=CARTESIAN_POINT('',(1386.,-803.1,2.2));
#6500=DIRECTION('',(-0.,-0.,1.));
#6501=DIRECTION('',(-1.,0.,0.));
#6502=AXIS2_PLACEMENT_3D('',#6499,#6500,#6501);
#6503=CIRCLE('',#6502,2.795084972);
#6504=EDGE_CURVE('',#6498,#6489,#6503,.T.);
#6505=ORIENTED_EDGE('',*,*,#6504,.F.);
#6506=CARTESIAN_POINT('',(1387.36293249,-800.6,2.2));
#6507=VERTEX_POINT('',#6506);
#6508=CARTESIAN_POINT('',(1387.36293249,-800.1,2.2));
#6509=DIRECTION('',(0.,0.,-1.));
#6510=DIRECTION('',(-1.,0.,0.));
#6511=AXIS2_PLACEMENT_3D('',#6508,#6509,#6510);
#6512=CIRCLE('',#6511,0.5);
#6513=EDGE_CURVE('',#6507,#6498,#6512,.T.);
#6514=ORIENTED_EDGE('',*,*,#6513,.F.);
#6515=CARTESIAN_POINT('',(1388.5,-800.6,2.2));
#6516=DIRECTION('',(-1.,0.,0.));
#6517=VECTOR('',#6516,1.13706751);
#6518=LINE('',#6515,#6517);
#6519=EDGE_CURVE('',#6371,#6507,#6518,.T.);
#6520=ORIENTED_EDGE('',*,*,#6519,.F.);
#6521=ORIENTED_EDGE('',*,*,#6377,.T.);
#6522=CARTESIAN_POINT('',(1388.5,-795.4,2.2));
#6523=VERTEX_POINT('',#6522);
#6524=CARTESIAN_POINT('',(1388.5,-798.,2.2));
#6525=DIRECTION('',(-0.,-0.,1.));
#6526=DIRECTION('',(-1.,0.,0.));
#6527=AXIS2_PLACEMENT_3D('',#6524,#6525,#6526);
#6528=CIRCLE('',#6527,2.6);
#6529=EDGE_CURVE('',#6361,#6523,#6528,.T.);
#6530=ORIENTED_EDGE('',*,*,#6529,.T.);
#6531=CARTESIAN_POINT('',(1387.36293249,-795.4,2.2));
#6532=VERTEX_POINT('',#6531);
#6533=CARTESIAN_POINT('',(1388.5,-795.4,2.2));
#6534=DIRECTION('',(-1.,0.,0.));
#6535=VECTOR('',#6534,1.13706751);
#6536=LINE('',#6533,#6535);
#6537=EDGE_CURVE('',#6523,#6532,#6536,.T.);
#6538=ORIENTED_EDGE('',*,*,#6537,.T.);
#6539=CARTESIAN_POINT('',(1387.156119539,-795.444776535,2.2));
#6540=VERTEX_POINT('',#6539);
#6541=CARTESIAN_POINT('',(1387.36293249,-795.9,2.2));
#6542=DIRECTION('',(0.,0.,-1.));
#6543=DIRECTION('',(-1.,0.,0.));
#6544=AXIS2_PLACEMENT_3D('',#6541,#6542,#6543);
#6545=CIRCLE('',#6544,0.5);
#6546=EDGE_CURVE('',#6540,#6532,#6545,.T.);
#6547=ORIENTED_EDGE('',*,*,#6546,.F.);
#6548=CARTESIAN_POINT('',(1386.274557137,-795.681567612,2.2));
#6549=VERTEX_POINT('',#6548);
#6550=CARTESIAN_POINT('',(1386.,-792.9,2.2));
#6551=DIRECTION('',(-0.,-0.,1.));
#6552=DIRECTION('',(-1.,0.,0.));
#6553=AXIS2_PLACEMENT_3D('',#6550,#6551,#6552);
#6554=CIRCLE('',#6553,2.795084972);
#6555=EDGE_CURVE('',#6549,#6540,#6554,.T.);
#6556=ORIENTED_EDGE('',*,*,#6555,.F.);
#6557=CARTESIAN_POINT('',(1386.25,-795.432776641,2.2));
#6558=DIRECTION('',(-0.,-0.,1.));
#6559=DIRECTION('',(-1.,0.,0.));
#6560=AXIS2_PLACEMENT_3D('',#6557,#6558,#6559);
#6561=CIRCLE('',#6560,0.25);
#6562=EDGE_CURVE('',#1773,#6549,#6561,.T.);
#6563=ORIENTED_EDGE('',*,*,#6562,.F.);
#6564=EDGE_LOOP('',(#6487,#6496,#6505,#6514,#6520,#6521,#6530,#6538,#6547,#6556,#6563));
#6565=FACE_BOUND('',#6564,.T.);
#6566=ADVANCED_FACE('',(#6565),#6486,.T.);
#6567=CARTESIAN_POINT('',(1387.36293249,-795.9,4.6));
#6568=DIRECTION('',(0.,0.,-1.));
#6569=DIRECTION('',(1.,0.,0.));
#6570=AXIS2_PLACEMENT_3D('',#6567,#6568,#6569);
#6571=CYLINDRICAL_SURFACE('',#6570,0.5);
#6572=ORIENTED_EDGE('',*,*,#6428,.T.);
#6573=CARTESIAN_POINT('',(1387.156119539,-795.444776535,4.6));
#6574=DIRECTION('',(0.,0.,-1.));
#6575=VECTOR('',#6574,2.4);
#6576=LINE('',#6573,#6575);
#6577=EDGE_CURVE('',#6413,#6540,#6576,.T.);
#6578=ORIENTED_EDGE('',*,*,#6577,.T.);
#6579=ORIENTED_EDGE('',*,*,#6546,.T.);
#6580=CARTESIAN_POINT('',(1387.36293249,-795.4,2.2));
#6581=DIRECTION('',(-0.,-0.,1.));
#6582=VECTOR('',#6581,2.4);
#6583=LINE('',#6580,#6582);
#6584=EDGE_CURVE('',#6532,#6422,#6583,.T.);
#6585=ORIENTED_EDGE('',*,*,#6584,.T.);
#6586=EDGE_LOOP('',(#6572,#6578,#6579,#6585));
#6587=FACE_BOUND('',#6586,.T.);
#6588=ADVANCED_FACE('',(#6587),#6571,.F.);
#6589=CARTESIAN_POINT('',(1387.875,-795.4,4.6));
#6590=DIRECTION('',(0.,-1.,0.));
#6591=DIRECTION('',(0.,0.,1.));
#6592=AXIS2_PLACEMENT_3D('',#6589,#6590,#6591);
#6593=PLANE('',#6592);
#6594=ORIENTED_EDGE('',*,*,#6537,.F.);
#6595=CARTESIAN_POINT('',(1388.5,-795.4,4.6));
#6596=DIRECTION('',(0.,0.,-1.));
#6597=VECTOR('',#6596,2.4);
#6598=LINE('',#6595,#6597);
#6599=EDGE_CURVE('',#6431,#6523,#6598,.T.);
#6600=ORIENTED_EDGE('',*,*,#6599,.F.);
#6601=ORIENTED_EDGE('',*,*,#6436,.T.);
#6602=ORIENTED_EDGE('',*,*,#6584,.F.);
#6603=EDGE_LOOP('',(#6594,#6600,#6601,#6602));
#6604=FACE_BOUND('',#6603,.T.);
#6605=ADVANCED_FACE('',(#6604),#6593,.T.);
#6606=CARTESIAN_POINT('',(1386.,-792.9,4.6));
#6607=DIRECTION('',(0.,0.,-1.));
#6608=DIRECTION('',(1.,0.,0.));
#6609=AXIS2_PLACEMENT_3D('',#6606,#6607,#6608);
#6610=CYLINDRICAL_SURFACE('',#6609,2.795084972);
#6611=ORIENTED_EDGE('',*,*,#6419,.F.);
#6612=CARTESIAN_POINT('',(1386.274557137,-795.681567612,2.2));
#6613=DIRECTION('',(-0.,-0.,1.));
#6614=VECTOR('',#6613,2.4);
#6615=LINE('',#6612,#6614);
#6616=EDGE_CURVE('',#6549,#6404,#6615,.T.);
#6617=ORIENTED_EDGE('',*,*,#6616,.F.);
#6618=ORIENTED_EDGE('',*,*,#6555,.T.);
#6619=ORIENTED_EDGE('',*,*,#6577,.F.);
#6620=EDGE_LOOP('',(#6611,#6617,#6618,#6619));
#6621=FACE_BOUND('',#6620,.T.);
#6622=ADVANCED_FACE('',(#6621),#6610,.T.);
#6623=CARTESIAN_POINT('',(1386.25,-795.432776641,4.6));
#6624=DIRECTION('',(0.,0.,-1.));
#6625=DIRECTION('',(1.,0.,0.));
#6626=AXIS2_PLACEMENT_3D('',#6623,#6624,#6625);
#6627=CYLINDRICAL_SURFACE('',#6626,0.25);
#6628=ORIENTED_EDGE('',*,*,#6410,.T.);
#6629=ORIENTED_EDGE('',*,*,#1784,.T.);
#6630=ORIENTED_EDGE('',*,*,#6562,.T.);
#6631=ORIENTED_EDGE('',*,*,#6616,.T.);
#6632=EDGE_LOOP('',(#6628,#6629,#6630,#6631));
#6633=FACE_BOUND('',#6632,.T.);
#6634=ADVANCED_FACE('',(#6633),#6627,.T.);
#6635=CARTESIAN_POINT('',(1387.875,-772.6,4.6));
#6636=DIRECTION('',(0.,-1.,0.));
#6637=DIRECTION('',(0.,0.,1.));
#6638=AXIS2_PLACEMENT_3D('',#6635,#6636,#6637);
#6639=PLANE('',#6638);
#6640=ORIENTED_EDGE('',*,*,#5061,.F.);
#6641=ORIENTED_EDGE('',*,*,#4994,.T.);
#6642=ORIENTED_EDGE('',*,*,#5128,.T.);
#6643=CARTESIAN_POINT('',(1387.36293249,-772.6,4.6));
#6644=DIRECTION('',(0.,0.,-1.));
#6645=VECTOR('',#6644,2.4);
#6646=LINE('',#6643,#6645);
#6647=EDGE_CURVE('',#5056,#5116,#6646,.T.);
#6648=ORIENTED_EDGE('',*,*,#6647,.F.);
#6649=EDGE_LOOP('',(#6640,#6641,#6642,#6648));
#6650=FACE_BOUND('',#6649,.T.);
#6651=ADVANCED_FACE('',(#6650),#6639,.F.);
#6652=CARTESIAN_POINT('',(1387.36293249,-772.1,4.6));
#6653=DIRECTION('',(0.,0.,-1.));
#6654=DIRECTION('',(1.,0.,0.));
#6655=AXIS2_PLACEMENT_3D('',#6652,#6653,#6654);
#6656=CYLINDRICAL_SURFACE('',#6655,0.5);
#6657=ORIENTED_EDGE('',*,*,#5070,.T.);
#6658=ORIENTED_EDGE('',*,*,#6647,.T.);
#6659=ORIENTED_EDGE('',*,*,#5122,.T.);
#6660=CARTESIAN_POINT('',(1387.156119539,-772.555223465,2.2));
#6661=DIRECTION('',(-0.,-0.,1.));
#6662=VECTOR('',#6661,2.4);
#6663=LINE('',#6660,#6662);
#6664=EDGE_CURVE('',#5107,#5064,#6663,.T.);
#6665=ORIENTED_EDGE('',*,*,#6664,.T.);
#6666=EDGE_LOOP('',(#6657,#6658,#6659,#6665));
#6667=FACE_BOUND('',#6666,.T.);
#6668=ADVANCED_FACE('',(#6667),#6656,.F.);
#6669=CARTESIAN_POINT('',(1386.,-775.1,4.6));
#6670=DIRECTION('',(0.,0.,-1.));
#6671=DIRECTION('',(1.,0.,0.));
#6672=AXIS2_PLACEMENT_3D('',#6669,#6670,#6671);
#6673=CYLINDRICAL_SURFACE('',#6672,2.795084972);
#6674=ORIENTED_EDGE('',*,*,#5113,.T.);
#6675=CARTESIAN_POINT('',(1386.274557137,-772.318432388,4.6));
#6676=DIRECTION('',(0.,0.,-1.));
#6677=VECTOR('',#6676,2.4);
#6678=LINE('',#6675,#6677);
#6679=EDGE_CURVE('',#5073,#5098,#6678,.T.);
#6680=ORIENTED_EDGE('',*,*,#6679,.F.);
#6681=ORIENTED_EDGE('',*,*,#5079,.F.);
#6682=ORIENTED_EDGE('',*,*,#6664,.F.);
#6683=EDGE_LOOP('',(#6674,#6680,#6681,#6682));
#6684=FACE_BOUND('',#6683,.T.);
#6685=ADVANCED_FACE('',(#6684),#6673,.T.);
#6686=CARTESIAN_POINT('',(1386.25,-772.567223359,4.6));
#6687=DIRECTION('',(0.,0.,-1.));
#6688=DIRECTION('',(1.,0.,0.));
#6689=AXIS2_PLACEMENT_3D('',#6686,#6687,#6688);
#6690=CYLINDRICAL_SURFACE('',#6689,0.25);
#6691=ORIENTED_EDGE('',*,*,#5086,.T.);
#6692=ORIENTED_EDGE('',*,*,#6679,.T.);
#6693=ORIENTED_EDGE('',*,*,#5104,.T.);
#6694=ORIENTED_EDGE('',*,*,#1736,.T.);
#6695=EDGE_LOOP('',(#6691,#6692,#6693,#6694));
#6696=FACE_BOUND('',#6695,.T.);
#6697=ADVANCED_FACE('',(#6696),#6690,.T.);
#6698=CARTESIAN_POINT('',(1412.5,-812.,2.4));
#6699=DIRECTION('',(-1.,0.,0.));
#6700=DIRECTION('',(0.,-1.,0.));
#6701=AXIS2_PLACEMENT_3D('',#6698,#6699,#6700);
#6702=PLANE('',#6701);
#6703=CARTESIAN_POINT('',(1412.5,-804.376955262,1.4));
#6704=VERTEX_POINT('',#6703);
#6705=CARTESIAN_POINT('',(1412.5,-802.9627417,0.4));
#6706=VERTEX_POINT('',#6705);
#6707=CARTESIAN_POINT('',(1412.5,-804.376955262,1.4));
#6708=DIRECTION('',(0.,0.816496581,-0.577350269));
#6709=VECTOR('',#6708,1.732050807);
#6710=LINE('',#6707,#6709);
#6711=EDGE_CURVE('',#6704,#6706,#6710,.T.);
#6712=ORIENTED_EDGE('',*,*,#6711,.T.);
#6713=CARTESIAN_POINT('',(1412.5,-821.0372583,0.4));
#6714=VERTEX_POINT('',#6713);
#6715=CARTESIAN_POINT('',(1412.5,-802.9627417,0.4));
#6716=DIRECTION('',(0.,-1.,0.));
#6717=VECTOR('',#6716,18.0745166);
#6718=LINE('',#6715,#6717);
#6719=EDGE_CURVE('',#6706,#6714,#6718,.T.);
#6720=ORIENTED_EDGE('',*,*,#6719,.T.);
#6721=CARTESIAN_POINT('',(1412.5,-819.623044738,1.4));
#6722=VERTEX_POINT('',#6721);
#6723=CARTESIAN_POINT('',(1412.5,-821.0372583,0.4));
#6724=DIRECTION('',(0.,0.816496581,0.577350269));
#6725=VECTOR('',#6724,1.732050807);
#6726=LINE('',#6723,#6725);
#6727=EDGE_CURVE('',#6714,#6722,#6726,.T.);
#6728=ORIENTED_EDGE('',*,*,#6727,.T.);
#6729=CARTESIAN_POINT('',(1412.5,-819.623044738,1.4));
#6730=DIRECTION('',(-0.,1.,-0.));
#6731=VECTOR('',#6730,15.246089476);
#6732=LINE('',#6729,#6731);
#6733=EDGE_CURVE('',#6722,#6704,#6732,.T.);
#6734=ORIENTED_EDGE('',*,*,#6733,.T.);
#6735=EDGE_LOOP('',(#6712,#6720,#6728,#6734));
#6736=FACE_BOUND('',#6735,.T.);
#6737=ADVANCED_FACE('',(#6736),#6702,.T.);
#6738=CARTESIAN_POINT('',(1412.5,-812.,1.4));
#6739=DIRECTION('',(0.819231921,0.,-0.573462344));
#6740=DIRECTION('',(0.,1.,0.));
#6741=AXIS2_PLACEMENT_3D('',#6738,#6739,#6740);
#6742=PLANE('',#6741);
#6743=CARTESIAN_POINT('',(1413.2,-818.923044738,2.4));
#6744=VERTEX_POINT('',#6743);
#6745=CARTESIAN_POINT('',(1413.2,-818.923044738,2.4));
#6746=DIRECTION('',(-0.497468338,-0.497468338,-0.710669055));
#6747=VECTOR('',#6746,1.407124728);
#6748=LINE('',#6745,#6747);
#6749=EDGE_CURVE('',#6744,#6722,#6748,.T.);
#6750=ORIENTED_EDGE('',*,*,#6749,.F.);
#6751=CARTESIAN_POINT('',(1413.2,-805.076955262,2.4));
#6752=VERTEX_POINT('',#6751);
#6753=CARTESIAN_POINT('',(1413.199999999,-818.923044738,2.4));
#6754=DIRECTION('',(0.,1.,0.));
#6755=VECTOR('',#6754,13.846089476);
#6756=LINE('',#6753,#6755);
#6757=EDGE_CURVE('',#6744,#6752,#6756,.T.);
#6758=ORIENTED_EDGE('',*,*,#6757,.T.);
#6759=CARTESIAN_POINT('',(1412.5,-804.376955262,1.4));
#6760=DIRECTION('',(0.497468338,-0.497468338,0.710669055));
#6761=VECTOR('',#6760,1.407124728);
#6762=LINE('',#6759,#6761);
#6763=EDGE_CURVE('',#6704,#6752,#6762,.T.);
#6764=ORIENTED_EDGE('',*,*,#6763,.F.);
#6765=ORIENTED_EDGE('',*,*,#6733,.F.);
#6766=EDGE_LOOP('',(#6750,#6758,#6764,#6765));
#6767=FACE_BOUND('',#6766,.T.);
#6768=ADVANCED_FACE('',(#6767),#6742,.F.);
#6769=CARTESIAN_POINT('',(1413.2,-812.,6.8));
#6770=DIRECTION('',(-1.,0.,0.));
#6771=DIRECTION('',(0.,-1.,0.));
#6772=AXIS2_PLACEMENT_3D('',#6769,#6770,#6771);
#6773=PLANE('',#6772);
#6774=ORIENTED_EDGE('',*,*,#6757,.F.);
#6775=CARTESIAN_POINT('',(1413.2,-818.923044738,4.4));
#6776=VERTEX_POINT('',#6775);
#6777=CARTESIAN_POINT('',(1413.2,-818.923044738,4.4));
#6778=DIRECTION('',(-0.,-0.,-1.));
#6779=VECTOR('',#6778,2.);
#6780=LINE('',#6777,#6779);
#6781=EDGE_CURVE('',#6776,#6744,#6780,.T.);
#6782=ORIENTED_EDGE('',*,*,#6781,.F.);
#6783=CARTESIAN_POINT('',(1413.2,-805.076955262,4.4));
#6784=VERTEX_POINT('',#6783);
#6785=CARTESIAN_POINT('',(1413.2,-818.923044738,4.4));
#6786=DIRECTION('',(-0.,1.,-0.));
#6787=VECTOR('',#6786,13.846089476);
#6788=LINE('',#6785,#6787);
#6789=EDGE_CURVE('',#6776,#6784,#6788,.T.);
#6790=ORIENTED_EDGE('',*,*,#6789,.T.);
#6791=CARTESIAN_POINT('',(1413.2,-805.076955262,4.4));
#6792=DIRECTION('',(-0.,-0.,-1.));
#6793=VECTOR('',#6792,2.);
#6794=LINE('',#6791,#6793);
#6795=EDGE_CURVE('',#6784,#6752,#6794,.T.);
#6796=ORIENTED_EDGE('',*,*,#6795,.T.);
#6797=EDGE_LOOP('',(#6774,#6782,#6790,#6796));
#6798=FACE_BOUND('',#6797,.T.);
#6799=ADVANCED_FACE('',(#6798),#6773,.T.);
#6800=CARTESIAN_POINT('',(1412.85,-804.726955262,6.8));
#6801=DIRECTION('',(-0.707106781,-0.707106781,0.));
#6802=DIRECTION('',(0.707106781,-0.707106781,0.));
#6803=AXIS2_PLACEMENT_3D('',#6800,#6801,#6802);
#6804=PLANE('',#6803);
#6805=CARTESIAN_POINT('',(1412.5,-804.376955262,5.4));
#6806=VERTEX_POINT('',#6805);
#6807=CARTESIAN_POINT('',(1413.2,-805.076955262,4.4));
#6808=DIRECTION('',(-0.497468338,0.497468338,0.710669055));
#6809=VECTOR('',#6808,1.407124728);
#6810=LINE('',#6807,#6809);
#6811=EDGE_CURVE('',#6784,#6806,#6810,.T.);
#6812=ORIENTED_EDGE('',*,*,#6811,.T.);
#6813=CARTESIAN_POINT('',(1407.623044738,-799.5,5.4));
#6814=VERTEX_POINT('',#6813);
#6815=CARTESIAN_POINT('',(1412.5,-804.376955262,5.4));
#6816=DIRECTION('',(-0.707106781,0.707106781,-0.));
#6817=VECTOR('',#6816,6.897056275);
#6818=LINE('',#6815,#6817);
#6819=EDGE_CURVE('',#6806,#6814,#6818,.T.);
#6820=ORIENTED_EDGE('',*,*,#6819,.T.);
#6821=CARTESIAN_POINT('',(1406.923044738,-798.8,4.4));
#6822=VERTEX_POINT('',#6821);
#6823=CARTESIAN_POINT('',(1407.623044738,-799.5,5.4));
#6824=DIRECTION('',(-0.497468338,0.497468338,-0.710669055));
#6825=VECTOR('',#6824,1.407124728);
#6826=LINE('',#6823,#6825);
#6827=EDGE_CURVE('',#6814,#6822,#6826,.T.);
#6828=ORIENTED_EDGE('',*,*,#6827,.T.);
#6829=CARTESIAN_POINT('',(1406.923044738,-798.8,2.4));
#6830=VERTEX_POINT('',#6829);
#6831=CARTESIAN_POINT('',(1406.923044738,-798.8,4.4));
#6832=DIRECTION('',(-0.,-0.,-1.));
#6833=VECTOR('',#6832,2.);
#6834=LINE('',#6831,#6833);
#6835=EDGE_CURVE('',#6822,#6830,#6834,.T.);
#6836=ORIENTED_EDGE('',*,*,#6835,.T.);
#6837=CARTESIAN_POINT('',(1407.623044738,-799.5,1.4));
#6838=VERTEX_POINT('',#6837);
#6839=CARTESIAN_POINT('',(1406.923044738,-798.8,2.4));
#6840=DIRECTION('',(0.497468338,-0.497468338,-0.710669055));
#6841=VECTOR('',#6840,1.407124728);
#6842=LINE('',#6839,#6841);
#6843=EDGE_CURVE('',#6830,#6838,#6842,.T.);
#6844=ORIENTED_EDGE('',*,*,#6843,.T.);
#6845=CARTESIAN_POINT('',(1407.623044738,-799.5,1.4));
#6846=DIRECTION('',(0.707106781,-0.707106781,0.));
#6847=VECTOR('',#6846,6.897056275);
#6848=LINE('',#6845,#6847);
#6849=EDGE_CURVE('',#6838,#6704,#6848,.T.);
#6850=ORIENTED_EDGE('',*,*,#6849,.T.);
#6851=ORIENTED_EDGE('',*,*,#6763,.T.);
#6852=ORIENTED_EDGE('',*,*,#6795,.F.);
#6853=EDGE_LOOP('',(#6812,#6820,#6828,#6836,#6844,#6850,#6851,#6852));
#6854=FACE_BOUND('',#6853,.T.);
#6855=ADVANCED_FACE('',(#6854),#6804,.T.);
#6856=CARTESIAN_POINT('',(1400.,-824.5,2.4));
#6857=DIRECTION('',(0.,1.,0.));
#6858=DIRECTION('',(-1.,0.,0.));
#6859=AXIS2_PLACEMENT_3D('',#6856,#6857,#6858);
#6860=PLANE('',#6859);
#6861=CARTESIAN_POINT('',(1407.623044738,-824.5,1.4));
#6862=VERTEX_POINT('',#6861);
#6863=CARTESIAN_POINT('',(1409.0372583,-824.5,0.4));
#6864=VERTEX_POINT('',#6863);
#6865=CARTESIAN_POINT('',(1407.623044738,-824.5,1.4));
#6866=DIRECTION('',(0.816496581,0.,-0.577350269));
#6867=VECTOR('',#6866,1.732050807);
#6868=LINE('',#6865,#6867);
#6869=EDGE_CURVE('',#6862,#6864,#6868,.T.);
#6870=ORIENTED_EDGE('',*,*,#6869,.T.);
#6871=CARTESIAN_POINT('',(1390.9627417,-824.5,0.4));
#6872=VERTEX_POINT('',#6871);
#6873=CARTESIAN_POINT('',(1409.0372583,-824.5,0.4));
#6874=DIRECTION('',(-1.,0.,0.));
#6875=VECTOR('',#6874,18.0745166);
#6876=LINE('',#6873,#6875);
#6877=EDGE_CURVE('',#6864,#6872,#6876,.T.);
#6878=ORIENTED_EDGE('',*,*,#6877,.T.);
#6879=CARTESIAN_POINT('',(1392.376955262,-824.5,1.4));
#6880=VERTEX_POINT('',#6879);
#6881=CARTESIAN_POINT('',(1390.9627417,-824.5,0.4));
#6882=DIRECTION('',(0.816496581,0.,0.577350269));
#6883=VECTOR('',#6882,1.732050807);
#6884=LINE('',#6881,#6883);
#6885=EDGE_CURVE('',#6872,#6880,#6884,.T.);
#6886=ORIENTED_EDGE('',*,*,#6885,.T.);
#6887=CARTESIAN_POINT('',(1392.376955262,-824.5,1.4));
#6888=DIRECTION('',(1.,-0.,-0.));
#6889=VECTOR('',#6888,15.246089476);
#6890=LINE('',#6887,#6889);
#6891=EDGE_CURVE('',#6880,#6862,#6890,.T.);
#6892=ORIENTED_EDGE('',*,*,#6891,.T.);
#6893=EDGE_LOOP('',(#6870,#6878,#6886,#6892));
#6894=FACE_BOUND('',#6893,.T.);
#6895=ADVANCED_FACE('',(#6894),#6860,.T.);
#6896=CARTESIAN_POINT('',(1400.,-824.5,1.4));
#6897=DIRECTION('',(0.,-0.819231921,-0.573462344));
#6898=DIRECTION('',(1.,0.,0.));
#6899=AXIS2_PLACEMENT_3D('',#6896,#6897,#6898);
#6900=PLANE('',#6899);
#6901=CARTESIAN_POINT('',(1393.076955262,-825.2,2.4));
#6902=VERTEX_POINT('',#6901);
#6903=CARTESIAN_POINT('',(1393.076955262,-825.2,2.4));
#6904=DIRECTION('',(-0.497468338,0.497468338,-0.710669055));
#6905=VECTOR('',#6904,1.407124728);
#6906=LINE('',#6903,#6905);
#6907=EDGE_CURVE('',#6902,#6880,#6906,.T.);
#6908=ORIENTED_EDGE('',*,*,#6907,.F.);
#6909=CARTESIAN_POINT('',(1406.923044738,-825.2,2.4));
#6910=VERTEX_POINT('',#6909);
#6911=CARTESIAN_POINT('',(1393.076955262,-825.199999999,2.4));
#6912=DIRECTION('',(1.,0.,-0.));
#6913=VECTOR('',#6912,13.846089476);
#6914=LINE('',#6911,#6913);
#6915=EDGE_CURVE('',#6902,#6910,#6914,.T.);
#6916=ORIENTED_EDGE('',*,*,#6915,.T.);
#6917=CARTESIAN_POINT('',(1407.623044738,-824.5,1.4));
#6918=DIRECTION('',(-0.497468338,-0.497468338,0.710669055));
#6919=VECTOR('',#6918,1.407124728);
#6920=LINE('',#6917,#6919);
#6921=EDGE_CURVE('',#6862,#6910,#6920,.T.);
#6922=ORIENTED_EDGE('',*,*,#6921,.F.);
#6923=ORIENTED_EDGE('',*,*,#6891,.F.);
#6924=EDGE_LOOP('',(#6908,#6916,#6922,#6923));
#6925=FACE_BOUND('',#6924,.T.);
#6926=ADVANCED_FACE('',(#6925),#6900,.F.);
#6927=CARTESIAN_POINT('',(1400.,-825.2,6.8));
#6928=DIRECTION('',(0.,1.,0.));
#6929=DIRECTION('',(-1.,0.,0.));
#6930=AXIS2_PLACEMENT_3D('',#6927,#6928,#6929);
#6931=PLANE('',#6930);
#6932=ORIENTED_EDGE('',*,*,#6915,.F.);
#6933=CARTESIAN_POINT('',(1393.076955262,-825.2,4.4));
#6934=VERTEX_POINT('',#6933);
#6935=CARTESIAN_POINT('',(1393.076955262,-825.2,4.4));
#6936=DIRECTION('',(-0.,-0.,-1.));
#6937=VECTOR('',#6936,2.);
#6938=LINE('',#6935,#6937);
#6939=EDGE_CURVE('',#6934,#6902,#6938,.T.);
#6940=ORIENTED_EDGE('',*,*,#6939,.F.);
#6941=CARTESIAN_POINT('',(1406.923044738,-825.2,4.4));
#6942=VERTEX_POINT('',#6941);
#6943=CARTESIAN_POINT('',(1393.076955262,-825.2,4.4));
#6944=DIRECTION('',(1.,-0.,-0.));
#6945=VECTOR('',#6944,13.846089476);
#6946=LINE('',#6943,#6945);
#6947=EDGE_CURVE('',#6934,#6942,#6946,.T.);
#6948=ORIENTED_EDGE('',*,*,#6947,.T.);
#6949=CARTESIAN_POINT('',(1406.923044738,-825.2,4.4));
#6950=DIRECTION('',(-0.,-0.,-1.));
#6951=VECTOR('',#6950,2.);
#6952=LINE('',#6949,#6951);
#6953=EDGE_CURVE('',#6942,#6910,#6952,.T.);
#6954=ORIENTED_EDGE('',*,*,#6953,.T.);
#6955=EDGE_LOOP('',(#6932,#6940,#6948,#6954));
#6956=FACE_BOUND('',#6955,.T.);
#6957=ADVANCED_FACE('',(#6956),#6931,.T.);
#6958=CARTESIAN_POINT('',(1407.273044738,-824.85,6.8));
#6959=DIRECTION('',(-0.707106781,0.707106781,0.));
#6960=DIRECTION('',(-0.707106781,-0.707106781,0.));
#6961=AXIS2_PLACEMENT_3D('',#6958,#6959,#6960);
#6962=PLANE('',#6961);
#6963=CARTESIAN_POINT('',(1407.623044738,-824.5,5.4));
#6964=VERTEX_POINT('',#6963);
#6965=CARTESIAN_POINT('',(1406.923044738,-825.2,4.4));
#6966=DIRECTION('',(0.497468338,0.497468338,0.710669055));
#6967=VECTOR('',#6966,1.407124728);
#6968=LINE('',#6965,#6967);
#6969=EDGE_CURVE('',#6942,#6964,#6968,.T.);
#6970=ORIENTED_EDGE('',*,*,#6969,.T.);
#6971=CARTESIAN_POINT('',(1412.5,-819.623044738,5.4));
#6972=VERTEX_POINT('',#6971);
#6973=CARTESIAN_POINT('',(1407.623044738,-824.5,5.4));
#6974=DIRECTION('',(0.707106781,0.707106781,-0.));
#6975=VECTOR('',#6974,6.897056275);
#6976=LINE('',#6973,#6975);
#6977=EDGE_CURVE('',#6964,#6972,#6976,.T.);
#6978=ORIENTED_EDGE('',*,*,#6977,.T.);
#6979=CARTESIAN_POINT('',(1412.5,-819.623044738,5.4));
#6980=DIRECTION('',(0.497468338,0.497468338,-0.710669055));
#6981=VECTOR('',#6980,1.407124728);
#6982=LINE('',#6979,#6981);
#6983=EDGE_CURVE('',#6972,#6776,#6982,.T.);
#6984=ORIENTED_EDGE('',*,*,#6983,.T.);
#6985=ORIENTED_EDGE('',*,*,#6781,.T.);
#6986=ORIENTED_EDGE('',*,*,#6749,.T.);
#6987=CARTESIAN_POINT('',(1412.5,-819.623044738,1.4));
#6988=DIRECTION('',(-0.707106781,-0.707106781,0.));
#6989=VECTOR('',#6988,6.897056275);
#6990=LINE('',#6987,#6989);
#6991=EDGE_CURVE('',#6722,#6862,#6990,.T.);
#6992=ORIENTED_EDGE('',*,*,#6991,.T.);
#6993=ORIENTED_EDGE('',*,*,#6921,.T.);
#6994=ORIENTED_EDGE('',*,*,#6953,.F.);
#6995=EDGE_LOOP('',(#6970,#6978,#6984,#6985,#6986,#6992,#6993,#6994));
#6996=FACE_BOUND('',#6995,.T.);
#6997=ADVANCED_FACE('',(#6996),#6962,.T.);
#6998=CARTESIAN_POINT('',(1387.5,-812.,2.4));
#6999=DIRECTION('',(1.,0.,0.));
#7000=DIRECTION('',(0.,1.,0.));
#7001=AXIS2_PLACEMENT_3D('',#6998,#6999,#7000);
#7002=PLANE('',#7001);
#7003=CARTESIAN_POINT('',(1387.5,-819.623044738,1.4));
#7004=VERTEX_POINT('',#7003);
#7005=CARTESIAN_POINT('',(1387.5,-821.0372583,0.4));
#7006=VERTEX_POINT('',#7005);
#7007=CARTESIAN_POINT('',(1387.5,-819.623044738,1.4));
#7008=DIRECTION('',(0.,-0.816496581,-0.577350269));
#7009=VECTOR('',#7008,1.732050807);
#7010=LINE('',#7007,#7009);
#7011=EDGE_CURVE('',#7004,#7006,#7010,.T.);
#7012=ORIENTED_EDGE('',*,*,#7011,.T.);
#7013=CARTESIAN_POINT('',(1387.5,-802.9627417,0.4));
#7014=VERTEX_POINT('',#7013);
#7015=CARTESIAN_POINT('',(1387.5,-821.0372583,0.4));
#7016=DIRECTION('',(0.,1.,0.));
#7017=VECTOR('',#7016,18.0745166);
#7018=LINE('',#7015,#7017);
#7019=EDGE_CURVE('',#7006,#7014,#7018,.T.);
#7020=ORIENTED_EDGE('',*,*,#7019,.T.);
#7021=CARTESIAN_POINT('',(1387.5,-804.376955262,1.4));
#7022=VERTEX_POINT('',#7021);
#7023=CARTESIAN_POINT('',(1387.5,-802.9627417,0.4));
#7024=DIRECTION('',(0.,-0.816496581,0.577350269));
#7025=VECTOR('',#7024,1.732050807);
#7026=LINE('',#7023,#7025);
#7027=EDGE_CURVE('',#7014,#7022,#7026,.T.);
#7028=ORIENTED_EDGE('',*,*,#7027,.T.);
#7029=CARTESIAN_POINT('',(1387.5,-804.376955262,1.4));
#7030=DIRECTION('',(-0.,-1.,-0.));
#7031=VECTOR('',#7030,15.246089476);
#7032=LINE('',#7029,#7031);
#7033=EDGE_CURVE('',#7022,#7004,#7032,.T.);
#7034=ORIENTED_EDGE('',*,*,#7033,.T.);
#7035=EDGE_LOOP('',(#7012,#7020,#7028,#7034));
#7036=FACE_BOUND('',#7035,.T.);
#7037=ADVANCED_FACE('',(#7036),#7002,.T.);
#7038=CARTESIAN_POINT('',(1387.5,-812.,1.4));
#7039=DIRECTION('',(-0.819231921,0.,-0.573462344));
#7040=DIRECTION('',(0.,-1.,0.));
#7041=AXIS2_PLACEMENT_3D('',#7038,#7039,#7040);
#7042=PLANE('',#7041);
#7043=CARTESIAN_POINT('',(1386.8,-805.076955262,2.4));
#7044=VERTEX_POINT('',#7043);
#7045=CARTESIAN_POINT('',(1386.8,-805.076955262,2.4));
#7046=DIRECTION('',(0.497468338,0.497468338,-0.710669055));
#7047=VECTOR('',#7046,1.407124728);
#7048=LINE('',#7045,#7047);
#7049=EDGE_CURVE('',#7044,#7022,#7048,.T.);
#7050=ORIENTED_EDGE('',*,*,#7049,.F.);
#7051=CARTESIAN_POINT('',(1386.8,-818.923044738,2.4));
#7052=VERTEX_POINT('',#7051);
#7053=CARTESIAN_POINT('',(1386.800000001,-805.076955262,2.4));
#7054=DIRECTION('',(0.,-1.,0.));
#7055=VECTOR('',#7054,13.846089476);
#7056=LINE('',#7053,#7055);
#7057=EDGE_CURVE('',#7044,#7052,#7056,.T.);
#7058=ORIENTED_EDGE('',*,*,#7057,.T.);
#7059=CARTESIAN_POINT('',(1387.5,-819.623044738,1.4));
#7060=DIRECTION('',(-0.497468338,0.497468338,0.710669055));
#7061=VECTOR('',#7060,1.407124728);
#7062=LINE('',#7059,#7061);
#7063=EDGE_CURVE('',#7004,#7052,#7062,.T.);
#7064=ORIENTED_EDGE('',*,*,#7063,.F.);
#7065=ORIENTED_EDGE('',*,*,#7033,.F.);
#7066=EDGE_LOOP('',(#7050,#7058,#7064,#7065));
#7067=FACE_BOUND('',#7066,.T.);
#7068=ADVANCED_FACE('',(#7067),#7042,.F.);
#7069=CARTESIAN_POINT('',(1386.8,-812.,6.8));
#7070=DIRECTION('',(1.,0.,0.));
#7071=DIRECTION('',(0.,1.,0.));
#7072=AXIS2_PLACEMENT_3D('',#7069,#7070,#7071);
#7073=PLANE('',#7072);
#7074=ORIENTED_EDGE('',*,*,#7057,.F.);
#7075=CARTESIAN_POINT('',(1386.8,-805.076955262,4.4));
#7076=VERTEX_POINT('',#7075);
#7077=CARTESIAN_POINT('',(1386.8,-805.076955262,4.4));
#7078=DIRECTION('',(-0.,-0.,-1.));
#7079=VECTOR('',#7078,2.);
#7080=LINE('',#7077,#7079);
#7081=EDGE_CURVE('',#7076,#7044,#7080,.T.);
#7082=ORIENTED_EDGE('',*,*,#7081,.F.);
#7083=CARTESIAN_POINT('',(1386.8,-818.923044738,4.4));
#7084=VERTEX_POINT('',#7083);
#7085=CARTESIAN_POINT('',(1386.8,-805.076955262,4.4));
#7086=DIRECTION('',(-0.,-1.,-0.));
#7087=VECTOR('',#7086,13.846089476);
#7088=LINE('',#7085,#7087);
#7089=EDGE_CURVE('',#7076,#7084,#7088,.T.);
#7090=ORIENTED_EDGE('',*,*,#7089,.T.);
#7091=CARTESIAN_POINT('',(1386.8,-818.923044738,4.4));
#7092=DIRECTION('',(-0.,-0.,-1.));
#7093=VECTOR('',#7092,2.);
#7094=LINE('',#7091,#7093);
#7095=EDGE_CURVE('',#7084,#7052,#7094,.T.);
#7096=ORIENTED_EDGE('',*,*,#7095,.T.);
#7097=EDGE_LOOP('',(#7074,#7082,#7090,#7096));
#7098=FACE_BOUND('',#7097,.T.);
#7099=ADVANCED_FACE('',(#7098),#7073,.T.);
#7100=CARTESIAN_POINT('',(1387.15,-819.273044738,6.8));
#7101=DIRECTION('',(0.707106781,0.707106781,0.));
#7102=DIRECTION('',(-0.707106781,0.707106781,0.));
#7103=AXIS2_PLACEMENT_3D('',#7100,#7101,#7102);
#7104=PLANE('',#7103);
#7105=ORIENTED_EDGE('',*,*,#6907,.T.);
#7106=CARTESIAN_POINT('',(1392.376955262,-824.5,1.4));
#7107=DIRECTION('',(-0.707106781,0.707106781,0.));
#7108=VECTOR('',#7107,6.897056275);
#7109=LINE('',#7106,#7108);
#7110=EDGE_CURVE('',#6880,#7004,#7109,.T.);
#7111=ORIENTED_EDGE('',*,*,#7110,.T.);
#7112=ORIENTED_EDGE('',*,*,#7063,.T.);
#7113=ORIENTED_EDGE('',*,*,#7095,.F.);
#7114=CARTESIAN_POINT('',(1387.5,-819.623044738,5.4));
#7115=VERTEX_POINT('',#7114);
#7116=CARTESIAN_POINT('',(1386.8,-818.923044738,4.4));
#7117=DIRECTION('',(0.497468338,-0.497468338,0.710669055));
#7118=VECTOR('',#7117,1.407124728);
#7119=LINE('',#7116,#7118);
#7120=EDGE_CURVE('',#7084,#7115,#7119,.T.);
#7121=ORIENTED_EDGE('',*,*,#7120,.T.);
#7122=CARTESIAN_POINT('',(1392.376955262,-824.5,5.4));
#7123=VERTEX_POINT('',#7122);
#7124=CARTESIAN_POINT('',(1387.5,-819.623044738,5.4));
#7125=DIRECTION('',(0.707106781,-0.707106781,-0.));
#7126=VECTOR('',#7125,6.897056275);
#7127=LINE('',#7124,#7126);
#7128=EDGE_CURVE('',#7115,#7123,#7127,.T.);
#7129=ORIENTED_EDGE('',*,*,#7128,.T.);
#7130=CARTESIAN_POINT('',(1392.376955262,-824.5,5.4));
#7131=DIRECTION('',(0.497468338,-0.497468338,-0.710669055));
#7132=VECTOR('',#7131,1.407124728);
#7133=LINE('',#7130,#7132);
#7134=EDGE_CURVE('',#7123,#6934,#7133,.T.);
#7135=ORIENTED_EDGE('',*,*,#7134,.T.);
#7136=ORIENTED_EDGE('',*,*,#6939,.T.);
#7137=EDGE_LOOP('',(#7105,#7111,#7112,#7113,#7121,#7129,#7135,#7136));
#7138=FACE_BOUND('',#7137,.T.);
#7139=ADVANCED_FACE('',(#7138),#7104,.T.);
#7140=CARTESIAN_POINT('',(1400.,-799.5,2.4));
#7141=DIRECTION('',(0.,-1.,0.));
#7142=DIRECTION('',(1.,0.,0.));
#7143=AXIS2_PLACEMENT_3D('',#7140,#7141,#7142);
#7144=PLANE('',#7143);
#7145=CARTESIAN_POINT('',(1392.376955262,-799.5,1.4));
#7146=VERTEX_POINT('',#7145);
#7147=CARTESIAN_POINT('',(1390.9627417,-799.5,0.4));
#7148=VERTEX_POINT('',#7147);
#7149=CARTESIAN_POINT('',(1392.376955262,-799.5,1.4));
#7150=DIRECTION('',(-0.816496581,0.,-0.577350269));
#7151=VECTOR('',#7150,1.732050807);
#7152=LINE('',#7149,#7151);
#7153=EDGE_CURVE('',#7146,#7148,#7152,.T.);
#7154=ORIENTED_EDGE('',*,*,#7153,.T.);
#7155=CARTESIAN_POINT('',(1409.0372583,-799.5,0.4));
#7156=VERTEX_POINT('',#7155);
#7157=CARTESIAN_POINT('',(1390.9627417,-799.5,0.4));
#7158=DIRECTION('',(1.,0.,-0.));
#7159=VECTOR('',#7158,18.0745166);
#7160=LINE('',#7157,#7159);
#7161=EDGE_CURVE('',#7148,#7156,#7160,.T.);
#7162=ORIENTED_EDGE('',*,*,#7161,.T.);
#7163=CARTESIAN_POINT('',(1409.0372583,-799.5,0.4));
#7164=DIRECTION('',(-0.816496581,0.,0.577350269));
#7165=VECTOR('',#7164,1.732050807);
#7166=LINE('',#7163,#7165);
#7167=EDGE_CURVE('',#7156,#6838,#7166,.T.);
#7168=ORIENTED_EDGE('',*,*,#7167,.T.);
#7169=CARTESIAN_POINT('',(1407.623044738,-799.5,1.4));
#7170=DIRECTION('',(-1.,-0.,0.));
#7171=VECTOR('',#7170,15.246089476);
#7172=LINE('',#7169,#7171);
#7173=EDGE_CURVE('',#6838,#7146,#7172,.T.);
#7174=ORIENTED_EDGE('',*,*,#7173,.T.);
#7175=EDGE_LOOP('',(#7154,#7162,#7168,#7174));
#7176=FACE_BOUND('',#7175,.T.);
#7177=ADVANCED_FACE('',(#7176),#7144,.T.);
#7178=CARTESIAN_POINT('',(1400.,-799.5,1.4));
#7179=DIRECTION('',(0.,0.819231921,-0.573462344));
#7180=DIRECTION('',(-1.,0.,0.));
#7181=AXIS2_PLACEMENT_3D('',#7178,#7179,#7180);
#7182=PLANE('',#7181);
#7183=ORIENTED_EDGE('',*,*,#6843,.F.);
#7184=CARTESIAN_POINT('',(1393.076955262,-798.8,2.4));
#7185=VERTEX_POINT('',#7184);
#7186=CARTESIAN_POINT('',(1406.923044738,-798.800000001,2.4));
#7187=DIRECTION('',(-1.,0.,0.));
#7188=VECTOR('',#7187,13.846089476);
#7189=LINE('',#7186,#7188);
#7190=EDGE_CURVE('',#6830,#7185,#7189,.T.);
#7191=ORIENTED_EDGE('',*,*,#7190,.T.);
#7192=CARTESIAN_POINT('',(1392.376955262,-799.5,1.4));
#7193=DIRECTION('',(0.497468338,0.497468338,0.710669055));
#7194=VECTOR('',#7193,1.407124728);
#7195=LINE('',#7192,#7194);
#7196=EDGE_CURVE('',#7146,#7185,#7195,.T.);
#7197=ORIENTED_EDGE('',*,*,#7196,.F.);
#7198=ORIENTED_EDGE('',*,*,#7173,.F.);
#7199=EDGE_LOOP('',(#7183,#7191,#7197,#7198));
#7200=FACE_BOUND('',#7199,.T.);
#7201=ADVANCED_FACE('',(#7200),#7182,.F.);
#7202=CARTESIAN_POINT('',(1400.,-798.8,6.8));
#7203=DIRECTION('',(0.,-1.,0.));
#7204=DIRECTION('',(1.,0.,0.));
#7205=AXIS2_PLACEMENT_3D('',#7202,#7203,#7204);
#7206=PLANE('',#7205);
#7207=ORIENTED_EDGE('',*,*,#7190,.F.);
#7208=ORIENTED_EDGE('',*,*,#6835,.F.);
#7209=CARTESIAN_POINT('',(1393.076955262,-798.8,4.4));
#7210=VERTEX_POINT('',#7209);
#7211=CARTESIAN_POINT('',(1406.923044738,-798.8,4.4));
#7212=DIRECTION('',(-1.,-0.,0.));
#7213=VECTOR('',#7212,13.846089476);
#7214=LINE('',#7211,#7213);
#7215=EDGE_CURVE('',#6822,#7210,#7214,.T.);
#7216=ORIENTED_EDGE('',*,*,#7215,.T.);
#7217=CARTESIAN_POINT('',(1393.076955262,-798.8,4.4));
#7218=DIRECTION('',(-0.,-0.,-1.));
#7219=VECTOR('',#7218,2.);
#7220=LINE('',#7217,#7219);
#7221=EDGE_CURVE('',#7210,#7185,#7220,.T.);
#7222=ORIENTED_EDGE('',*,*,#7221,.T.);
#7223=EDGE_LOOP('',(#7207,#7208,#7216,#7222));
#7224=FACE_BOUND('',#7223,.T.);
#7225=ADVANCED_FACE('',(#7224),#7206,.T.);
#7226=CARTESIAN_POINT('',(1392.726955262,-799.15,6.8));
#7227=DIRECTION('',(0.707106781,-0.707106781,0.));
#7228=DIRECTION('',(0.707106781,0.707106781,0.));
#7229=AXIS2_PLACEMENT_3D('',#7226,#7227,#7228);
#7230=PLANE('',#7229);
#7231=ORIENTED_EDGE('',*,*,#7049,.T.);
#7232=CARTESIAN_POINT('',(1387.5,-804.376955262,1.4));
#7233=DIRECTION('',(0.707106781,0.707106781,0.));
#7234=VECTOR('',#7233,6.897056275);
#7235=LINE('',#7232,#7234);
#7236=EDGE_CURVE('',#7022,#7146,#7235,.T.);
#7237=ORIENTED_EDGE('',*,*,#7236,.T.);
#7238=ORIENTED_EDGE('',*,*,#7196,.T.);
#7239=ORIENTED_EDGE('',*,*,#7221,.F.);
#7240=CARTESIAN_POINT('',(1392.376955262,-799.5,5.4));
#7241=VERTEX_POINT('',#7240);
#7242=CARTESIAN_POINT('',(1393.076955262,-798.8,4.4));
#7243=DIRECTION('',(-0.497468338,-0.497468338,0.710669055));
#7244=VECTOR('',#7243,1.407124728);
#7245=LINE('',#7242,#7244);
#7246=EDGE_CURVE('',#7210,#7241,#7245,.T.);
#7247=ORIENTED_EDGE('',*,*,#7246,.T.);
#7248=CARTESIAN_POINT('',(1387.5,-804.376955262,5.4));
#7249=VERTEX_POINT('',#7248);
#7250=CARTESIAN_POINT('',(1392.376955262,-799.5,5.4));
#7251=DIRECTION('',(-0.707106781,-0.707106781,-0.));
#7252=VECTOR('',#7251,6.897056275);
#7253=LINE('',#7250,#7252);
#7254=EDGE_CURVE('',#7241,#7249,#7253,.T.);
#7255=ORIENTED_EDGE('',*,*,#7254,.T.);
#7256=CARTESIAN_POINT('',(1387.5,-804.376955262,5.4));
#7257=DIRECTION('',(-0.497468338,-0.497468338,-0.710669055));
#7258=VECTOR('',#7257,1.407124728);
#7259=LINE('',#7256,#7258);
#7260=EDGE_CURVE('',#7249,#7076,#7259,.T.);
#7261=ORIENTED_EDGE('',*,*,#7260,.T.);
#7262=ORIENTED_EDGE('',*,*,#7081,.T.);
#7263=EDGE_LOOP('',(#7231,#7237,#7238,#7239,#7247,#7255,#7261,#7262));
#7264=FACE_BOUND('',#7263,.T.);
#7265=ADVANCED_FACE('',(#7264),#7230,.T.);
#7266=CARTESIAN_POINT('',(1412.5,-812.,4.4));
#7267=DIRECTION('',(-1.,0.,0.));
#7268=DIRECTION('',(0.,-1.,0.));
#7269=AXIS2_PLACEMENT_3D('',#7266,#7267,#7268);
#7270=PLANE('',#7269);
#7271=CARTESIAN_POINT('',(1412.5,-821.0372583,6.4));
#7272=VERTEX_POINT('',#7271);
#7273=CARTESIAN_POINT('',(1412.5,-819.623044738,5.4));
#7274=DIRECTION('',(0.,-0.816496581,0.577350269));
#7275=VECTOR('',#7274,1.732050807);
#7276=LINE('',#7273,#7275);
#7277=EDGE_CURVE('',#6972,#7272,#7276,.T.);
#7278=ORIENTED_EDGE('',*,*,#7277,.T.);
#7279=CARTESIAN_POINT('',(1412.5,-802.9627417,6.4));
#7280=VERTEX_POINT('',#7279);
#7281=CARTESIAN_POINT('',(1412.5,-821.0372583,6.4));
#7282=DIRECTION('',(-0.,1.,-0.));
#7283=VECTOR('',#7282,18.0745166);
#7284=LINE('',#7281,#7283);
#7285=EDGE_CURVE('',#7272,#7280,#7284,.T.);
#7286=ORIENTED_EDGE('',*,*,#7285,.T.);
#7287=CARTESIAN_POINT('',(1412.5,-802.9627417,6.4));
#7288=DIRECTION('',(0.,-0.816496581,-0.577350269));
#7289=VECTOR('',#7288,1.732050807);
#7290=LINE('',#7287,#7289);
#7291=EDGE_CURVE('',#7280,#6806,#7290,.T.);
#7292=ORIENTED_EDGE('',*,*,#7291,.T.);
#7293=CARTESIAN_POINT('',(1412.5,-804.376955262,5.4));
#7294=DIRECTION('',(0.,-1.,0.));
#7295=VECTOR('',#7294,15.246089476);
#7296=LINE('',#7293,#7295);
#7297=EDGE_CURVE('',#6806,#6972,#7296,.T.);
#7298=ORIENTED_EDGE('',*,*,#7297,.T.);
#7299=EDGE_LOOP('',(#7278,#7286,#7292,#7298));
#7300=FACE_BOUND('',#7299,.T.);
#7301=ADVANCED_FACE('',(#7300),#7270,.T.);
#7302=CARTESIAN_POINT('',(1412.5,-812.,5.4));
#7303=DIRECTION('',(-0.819231921,0.,-0.573462344));
#7304=DIRECTION('',(0.,1.,0.));
#7305=AXIS2_PLACEMENT_3D('',#7302,#7303,#7304);
#7306=PLANE('',#7305);
#7307=ORIENTED_EDGE('',*,*,#6811,.F.);
#7308=ORIENTED_EDGE('',*,*,#6789,.F.);
#7309=ORIENTED_EDGE('',*,*,#6983,.F.);
#7310=ORIENTED_EDGE('',*,*,#7297,.F.);
#7311=EDGE_LOOP('',(#7307,#7308,#7309,#7310));
#7312=FACE_BOUND('',#7311,.T.);
#7313=ADVANCED_FACE('',(#7312),#7306,.T.);
#7314=CARTESIAN_POINT('',(1400.,-824.5,4.4));
#7315=DIRECTION('',(0.,1.,0.));
#7316=DIRECTION('',(-1.,0.,0.));
#7317=AXIS2_PLACEMENT_3D('',#7314,#7315,#7316);
#7318=PLANE('',#7317);
#7319=CARTESIAN_POINT('',(1390.9627417,-824.5,6.4));
#7320=VERTEX_POINT('',#7319);
#7321=CARTESIAN_POINT('',(1392.376955262,-824.5,5.4));
#7322=DIRECTION('',(-0.816496581,0.,0.577350269));
#7323=VECTOR('',#7322,1.732050807);
#7324=LINE('',#7321,#7323);
#7325=EDGE_CURVE('',#7123,#7320,#7324,.T.);
#7326=ORIENTED_EDGE('',*,*,#7325,.T.);
#7327=CARTESIAN_POINT('',(1409.0372583,-824.5,6.4));
#7328=VERTEX_POINT('',#7327);
#7329=CARTESIAN_POINT('',(1390.9627417,-824.5,6.4));
#7330=DIRECTION('',(1.,-0.,-0.));
#7331=VECTOR('',#7330,18.0745166);
#7332=LINE('',#7329,#7331);
#7333=EDGE_CURVE('',#7320,#7328,#7332,.T.);
#7334=ORIENTED_EDGE('',*,*,#7333,.T.);
#7335=CARTESIAN_POINT('',(1409.0372583,-824.5,6.4));
#7336=DIRECTION('',(-0.816496581,0.,-0.577350269));
#7337=VECTOR('',#7336,1.732050807);
#7338=LINE('',#7335,#7337);
#7339=EDGE_CURVE('',#7328,#6964,#7338,.T.);
#7340=ORIENTED_EDGE('',*,*,#7339,.T.);
#7341=CARTESIAN_POINT('',(1407.623044738,-824.5,5.4));
#7342=DIRECTION('',(-1.,0.,0.));
#7343=VECTOR('',#7342,15.246089476);
#7344=LINE('',#7341,#7343);
#7345=EDGE_CURVE('',#6964,#7123,#7344,.T.);
#7346=ORIENTED_EDGE('',*,*,#7345,.T.);
#7347=EDGE_LOOP('',(#7326,#7334,#7340,#7346));
#7348=FACE_BOUND('',#7347,.T.);
#7349=ADVANCED_FACE('',(#7348),#7318,.T.);
#7350=CARTESIAN_POINT('',(1400.,-824.5,5.4));
#7351=DIRECTION('',(0.,0.819231921,-0.573462344));
#7352=DIRECTION('',(1.,0.,0.));
#7353=AXIS2_PLACEMENT_3D('',#7350,#7351,#7352);
#7354=PLANE('',#7353);
#7355=ORIENTED_EDGE('',*,*,#6969,.F.);
#7356=ORIENTED_EDGE('',*,*,#6947,.F.);
#7357=ORIENTED_EDGE('',*,*,#7134,.F.);
#7358=ORIENTED_EDGE('',*,*,#7345,.F.);
#7359=EDGE_LOOP('',(#7355,#7356,#7357,#7358));
#7360=FACE_BOUND('',#7359,.T.);
#7361=ADVANCED_FACE('',(#7360),#7354,.T.);
#7362=CARTESIAN_POINT('',(1387.5,-812.,4.4));
#7363=DIRECTION('',(1.,0.,0.));
#7364=DIRECTION('',(0.,1.,0.));
#7365=AXIS2_PLACEMENT_3D('',#7362,#7363,#7364);
#7366=PLANE('',#7365);
#7367=CARTESIAN_POINT('',(1387.5,-802.9627417,6.4));
#7368=VERTEX_POINT('',#7367);
#7369=CARTESIAN_POINT('',(1387.5,-804.376955262,5.4));
#7370=DIRECTION('',(0.,0.816496581,0.577350269));
#7371=VECTOR('',#7370,1.732050807);
#7372=LINE('',#7369,#7371);
#7373=EDGE_CURVE('',#7249,#7368,#7372,.T.);
#7374=ORIENTED_EDGE('',*,*,#7373,.T.);
#7375=CARTESIAN_POINT('',(1387.5,-821.0372583,6.4));
#7376=VERTEX_POINT('',#7375);
#7377=CARTESIAN_POINT('',(1387.5,-802.9627417,6.4));
#7378=DIRECTION('',(-0.,-1.,-0.));
#7379=VECTOR('',#7378,18.0745166);
#7380=LINE('',#7377,#7379);
#7381=EDGE_CURVE('',#7368,#7376,#7380,.T.);
#7382=ORIENTED_EDGE('',*,*,#7381,.T.);
#7383=CARTESIAN_POINT('',(1387.5,-821.0372583,6.4));
#7384=DIRECTION('',(0.,0.816496581,-0.577350269));
#7385=VECTOR('',#7384,1.732050807);
#7386=LINE('',#7383,#7385);
#7387=EDGE_CURVE('',#7376,#7115,#7386,.T.);
#7388=ORIENTED_EDGE('',*,*,#7387,.T.);
#7389=CARTESIAN_POINT('',(1387.5,-819.623044738,5.4));
#7390=DIRECTION('',(0.,1.,0.));
#7391=VECTOR('',#7390,15.246089476);
#7392=LINE('',#7389,#7391);
#7393=EDGE_CURVE('',#7115,#7249,#7392,.T.);
#7394=ORIENTED_EDGE('',*,*,#7393,.T.);
#7395=EDGE_LOOP('',(#7374,#7382,#7388,#7394));
#7396=FACE_BOUND('',#7395,.T.);
#7397=ADVANCED_FACE('',(#7396),#7366,.T.);
#7398=CARTESIAN_POINT('',(1387.5,-812.,5.4));
#7399=DIRECTION('',(0.819231921,0.,-0.573462344));
#7400=DIRECTION('',(0.,-1.,0.));
#7401=AXIS2_PLACEMENT_3D('',#7398,#7399,#7400);
#7402=PLANE('',#7401);
#7403=ORIENTED_EDGE('',*,*,#7120,.F.);
#7404=ORIENTED_EDGE('',*,*,#7089,.F.);
#7405=ORIENTED_EDGE('',*,*,#7260,.F.);
#7406=ORIENTED_EDGE('',*,*,#7393,.F.);
#7407=EDGE_LOOP('',(#7403,#7404,#7405,#7406));
#7408=FACE_BOUND('',#7407,.T.);
#7409=ADVANCED_FACE('',(#7408),#7402,.T.);
#7410=CARTESIAN_POINT('',(1400.,-799.5,4.4));
#7411=DIRECTION('',(0.,-1.,0.));
#7412=DIRECTION('',(1.,0.,0.));
#7413=AXIS2_PLACEMENT_3D('',#7410,#7411,#7412);
#7414=PLANE('',#7413);
#7415=CARTESIAN_POINT('',(1409.0372583,-799.5,6.4));
#7416=VERTEX_POINT('',#7415);
#7417=CARTESIAN_POINT('',(1407.623044738,-799.5,5.4));
#7418=DIRECTION('',(0.816496581,0.,0.577350269));
#7419=VECTOR('',#7418,1.732050807);
#7420=LINE('',#7417,#7419);
#7421=EDGE_CURVE('',#6814,#7416,#7420,.T.);
#7422=ORIENTED_EDGE('',*,*,#7421,.T.);
#7423=CARTESIAN_POINT('',(1390.9627417,-799.5,6.4));
#7424=VERTEX_POINT('',#7423);
#7425=CARTESIAN_POINT('',(1409.0372583,-799.5,6.4));
#7426=DIRECTION('',(-1.,-0.,0.));
#7427=VECTOR('',#7426,18.0745166);
#7428=LINE('',#7425,#7427);
#7429=EDGE_CURVE('',#7416,#7424,#7428,.T.);
#7430=ORIENTED_EDGE('',*,*,#7429,.T.);
#7431=CARTESIAN_POINT('',(1390.9627417,-799.5,6.4));
#7432=DIRECTION('',(0.816496581,0.,-0.577350269));
#7433=VECTOR('',#7432,1.732050807);
#7434=LINE('',#7431,#7433);
#7435=EDGE_CURVE('',#7424,#7241,#7434,.T.);
#7436=ORIENTED_EDGE('',*,*,#7435,.T.);
#7437=CARTESIAN_POINT('',(1392.376955262,-799.5,5.4));
#7438=DIRECTION('',(1.,0.,-0.));
#7439=VECTOR('',#7438,15.246089476);
#7440=LINE('',#7437,#7439);
#7441=EDGE_CURVE('',#7241,#6814,#7440,.T.);
#7442=ORIENTED_EDGE('',*,*,#7441,.T.);
#7443=EDGE_LOOP('',(#7422,#7430,#7436,#7442));
#7444=FACE_BOUND('',#7443,.T.);
#7445=ADVANCED_FACE('',(#7444),#7414,.T.);
#7446=CARTESIAN_POINT('',(1400.,-799.5,5.4));
#7447=DIRECTION('',(0.,-0.819231921,-0.573462344));
#7448=DIRECTION('',(-1.,0.,0.));
#7449=AXIS2_PLACEMENT_3D('',#7446,#7447,#7448);
#7450=PLANE('',#7449);
#7451=ORIENTED_EDGE('',*,*,#7246,.F.);
#7452=ORIENTED_EDGE('',*,*,#7215,.F.);
#7453=ORIENTED_EDGE('',*,*,#6827,.F.);
#7454=ORIENTED_EDGE('',*,*,#7441,.F.);
#7455=EDGE_LOOP('',(#7451,#7452,#7453,#7454));
#7456=FACE_BOUND('',#7455,.T.);
#7457=ADVANCED_FACE('',(#7456),#7450,.T.);
#7458=CARTESIAN_POINT('',(1388.948528137,-800.948528137,0.));
#7459=DIRECTION('',(0.5,-0.5,-0.707106781));
#7460=DIRECTION('',(0.707106781,0.707106781,0.));
#7461=AXIS2_PLACEMENT_3D('',#7458,#7459,#7460);
#7462=PLANE('',#7461);
#7463=ORIENTED_EDGE('',*,*,#7153,.F.);
#7464=ORIENTED_EDGE('',*,*,#7236,.F.);
#7465=ORIENTED_EDGE('',*,*,#7027,.F.);
#7466=CARTESIAN_POINT('',(1387.5,-802.9627417,0.4));
#7467=DIRECTION('',(-0.678598344,0.281084638,-0.678598345));
#7468=VECTOR('',#7467,0.589450303);
#7469=LINE('',#7466,#7468);
#7470=EDGE_CURVE('',#7014,#347,#7469,.T.);
#7471=ORIENTED_EDGE('',*,*,#7470,.T.);
#7472=ORIENTED_EDGE('',*,*,#352,.F.);
#7473=CARTESIAN_POINT('',(1390.797056275,-799.1,0.));
#7474=DIRECTION('',(0.281084638,-0.678598344,0.678598345));
#7475=VECTOR('',#7474,0.589450303);
#7476=LINE('',#7473,#7475);
#7477=EDGE_CURVE('',#339,#7148,#7476,.T.);
#7478=ORIENTED_EDGE('',*,*,#7477,.T.);
#7479=EDGE_LOOP('',(#7463,#7464,#7465,#7471,#7472,#7478));
#7480=FACE_BOUND('',#7479,.T.);
#7481=ADVANCED_FACE('',(#7480),#7462,.T.);
#7482=CARTESIAN_POINT('',(1392.726955262,-799.15,5.4));
#7483=DIRECTION('',(-0.5,0.5,-0.707106781));
#7484=DIRECTION('',(-0.707106781,-0.707106781,0.));
#7485=AXIS2_PLACEMENT_3D('',#7482,#7483,#7484);
#7486=PLANE('',#7485);
#7487=ORIENTED_EDGE('',*,*,#7435,.F.);
#7488=CARTESIAN_POINT('',(1390.9627417,-799.5,6.4));
#7489=DIRECTION('',(-0.281084638,0.678598344,0.678598345));
#7490=VECTOR('',#7489,0.589450303);
#7491=LINE('',#7488,#7490);
#7492=EDGE_CURVE('',#7424,#2153,#7491,.T.);
#7493=ORIENTED_EDGE('',*,*,#7492,.T.);
#7494=ORIENTED_EDGE('',*,*,#2158,.F.);
#7495=CARTESIAN_POINT('',(1387.1,-802.797056275,6.8));
#7496=DIRECTION('',(0.678598344,-0.281084638,-0.678598345));
#7497=VECTOR('',#7496,0.589450303);
#7498=LINE('',#7495,#7497);
#7499=EDGE_CURVE('',#2145,#7368,#7498,.T.);
#7500=ORIENTED_EDGE('',*,*,#7499,.T.);
#7501=ORIENTED_EDGE('',*,*,#7373,.F.);
#7502=ORIENTED_EDGE('',*,*,#7254,.F.);
#7503=EDGE_LOOP('',(#7487,#7493,#7494,#7500,#7501,#7502));
#7504=FACE_BOUND('',#7503,.T.);
#7505=ADVANCED_FACE('',(#7504),#7486,.F.);
#7506=CARTESIAN_POINT('',(1407.273044738,-824.85,5.4));
#7507=DIRECTION('',(0.5,-0.5,-0.707106781));
#7508=DIRECTION('',(0.707106781,0.707106781,0.));
#7509=AXIS2_PLACEMENT_3D('',#7506,#7507,#7508);
#7510=PLANE('',#7509);
#7511=ORIENTED_EDGE('',*,*,#7339,.F.);
#7512=CARTESIAN_POINT('',(1409.0372583,-824.5,6.4));
#7513=DIRECTION('',(0.281084638,-0.678598344,0.678598345));
#7514=VECTOR('',#7513,0.589450303);
#7515=LINE('',#7512,#7514);
#7516=EDGE_CURVE('',#7328,#2185,#7515,.T.);
#7517=ORIENTED_EDGE('',*,*,#7516,.T.);
#7518=ORIENTED_EDGE('',*,*,#2190,.F.);
#7519=CARTESIAN_POINT('',(1412.9,-821.202943725,6.8));
#7520=DIRECTION('',(-0.678598344,0.281084638,-0.678598345));
#7521=VECTOR('',#7520,0.589450303);
#7522=LINE('',#7519,#7521);
#7523=EDGE_CURVE('',#2177,#7272,#7522,.T.);
#7524=ORIENTED_EDGE('',*,*,#7523,.T.);
#7525=ORIENTED_EDGE('',*,*,#7277,.F.);
#7526=ORIENTED_EDGE('',*,*,#6977,.F.);
#7527=EDGE_LOOP('',(#7511,#7517,#7518,#7524,#7525,#7526));
#7528=FACE_BOUND('',#7527,.T.);
#7529=ADVANCED_FACE('',(#7528),#7510,.F.);
#7530=CARTESIAN_POINT('',(1388.948528137,-823.051471863,0.));
#7531=DIRECTION('',(0.5,0.5,-0.707106781));
#7532=DIRECTION('',(-0.707106781,0.707106781,0.));
#7533=AXIS2_PLACEMENT_3D('',#7530,#7531,#7532);
#7534=PLANE('',#7533);
#7535=ORIENTED_EDGE('',*,*,#7011,.F.);
#7536=ORIENTED_EDGE('',*,*,#7110,.F.);
#7537=ORIENTED_EDGE('',*,*,#6885,.F.);
#7538=CARTESIAN_POINT('',(1390.9627417,-824.5,0.4));
#7539=DIRECTION('',(-0.281084638,-0.678598344,-0.678598345));
#7540=VECTOR('',#7539,0.589450303);
#7541=LINE('',#7538,#7540);
#7542=EDGE_CURVE('',#6872,#363,#7541,.T.);
#7543=ORIENTED_EDGE('',*,*,#7542,.T.);
#7544=ORIENTED_EDGE('',*,*,#368,.F.);
#7545=CARTESIAN_POINT('',(1387.1,-821.202943725,0.));
#7546=DIRECTION('',(0.678598344,0.281084638,0.678598345));
#7547=VECTOR('',#7546,0.589450303);
#7548=LINE('',#7545,#7547);
#7549=EDGE_CURVE('',#355,#7006,#7548,.T.);
#7550=ORIENTED_EDGE('',*,*,#7549,.T.);
#7551=EDGE_LOOP('',(#7535,#7536,#7537,#7543,#7544,#7550));
#7552=FACE_BOUND('',#7551,.T.);
#7553=ADVANCED_FACE('',(#7552),#7534,.T.);
#7554=CARTESIAN_POINT('',(1412.85,-804.726955262,5.4));
#7555=DIRECTION('',(0.5,0.5,-0.707106781));
#7556=DIRECTION('',(-0.707106781,0.707106781,0.));
#7557=AXIS2_PLACEMENT_3D('',#7554,#7555,#7556);
#7558=PLANE('',#7557);
#7559=ORIENTED_EDGE('',*,*,#7291,.F.);
#7560=CARTESIAN_POINT('',(1412.5,-802.9627417,6.4));
#7561=DIRECTION('',(0.678598344,0.281084638,0.678598345));
#7562=VECTOR('',#7561,0.589450303);
#7563=LINE('',#7560,#7562);
#7564=EDGE_CURVE('',#7280,#2169,#7563,.T.);
#7565=ORIENTED_EDGE('',*,*,#7564,.T.);
#7566=ORIENTED_EDGE('',*,*,#2174,.F.);
#7567=CARTESIAN_POINT('',(1409.202943725,-799.1,6.8));
#7568=DIRECTION('',(-0.281084638,-0.678598344,-0.678598345));
#7569=VECTOR('',#7568,0.589450303);
#7570=LINE('',#7567,#7569);
#7571=EDGE_CURVE('',#2161,#7416,#7570,.T.);
#7572=ORIENTED_EDGE('',*,*,#7571,.T.);
#7573=ORIENTED_EDGE('',*,*,#7421,.F.);
#7574=ORIENTED_EDGE('',*,*,#6819,.F.);
#7575=EDGE_LOOP('',(#7559,#7565,#7566,#7572,#7573,#7574));
#7576=FACE_BOUND('',#7575,.T.);
#7577=ADVANCED_FACE('',(#7576),#7558,.F.);
#7578=CARTESIAN_POINT('',(1411.051471863,-823.051471863,0.));
#7579=DIRECTION('',(-0.5,0.5,-0.707106781));
#7580=DIRECTION('',(-0.707106781,-0.707106781,0.));
#7581=AXIS2_PLACEMENT_3D('',#7578,#7579,#7580);
#7582=PLANE('',#7581);
#7583=ORIENTED_EDGE('',*,*,#6869,.F.);
#7584=ORIENTED_EDGE('',*,*,#6991,.F.);
#7585=ORIENTED_EDGE('',*,*,#6727,.F.);
#7586=CARTESIAN_POINT('',(1412.5,-821.0372583,0.4));
#7587=DIRECTION('',(0.678598344,-0.281084638,-0.678598345));
#7588=VECTOR('',#7587,0.589450303);
#7589=LINE('',#7586,#7588);
#7590=EDGE_CURVE('',#6714,#379,#7589,.T.);
#7591=ORIENTED_EDGE('',*,*,#7590,.T.);
#7592=ORIENTED_EDGE('',*,*,#384,.F.);
#7593=CARTESIAN_POINT('',(1409.202943725,-824.9,0.));
#7594=DIRECTION('',(-0.281084638,0.678598344,0.678598345));
#7595=VECTOR('',#7594,0.589450303);
#7596=LINE('',#7593,#7595);
#7597=EDGE_CURVE('',#371,#6864,#7596,.T.);
#7598=ORIENTED_EDGE('',*,*,#7597,.T.);
#7599=EDGE_LOOP('',(#7583,#7584,#7585,#7591,#7592,#7598));
#7600=FACE_BOUND('',#7599,.T.);
#7601=ADVANCED_FACE('',(#7600),#7582,.T.);
#7602=CARTESIAN_POINT('',(1411.051471863,-800.948528137,0.));
#7603=DIRECTION('',(-0.5,-0.5,-0.707106781));
#7604=DIRECTION('',(0.707106781,-0.707106781,0.));
#7605=AXIS2_PLACEMENT_3D('',#7602,#7603,#7604);
#7606=PLANE('',#7605);
#7607=ORIENTED_EDGE('',*,*,#6711,.F.);
#7608=ORIENTED_EDGE('',*,*,#6849,.F.);
#7609=ORIENTED_EDGE('',*,*,#7167,.F.);
#7610=CARTESIAN_POINT('',(1409.0372583,-799.5,0.4));
#7611=DIRECTION('',(0.281084638,0.678598344,-0.678598345));
#7612=VECTOR('',#7611,0.589450303);
#7613=LINE('',#7610,#7612);
#7614=EDGE_CURVE('',#7156,#337,#7613,.T.);
#7615=ORIENTED_EDGE('',*,*,#7614,.T.);
#7616=ORIENTED_EDGE('',*,*,#398,.F.);
#7617=CARTESIAN_POINT('',(1412.9,-802.797056275,0.));
#7618=DIRECTION('',(-0.678598344,-0.281084638,0.678598345));
#7619=VECTOR('',#7618,0.589450303);
#7620=LINE('',#7617,#7619);
#7621=EDGE_CURVE('',#387,#6706,#7620,.T.);
#7622=ORIENTED_EDGE('',*,*,#7621,.T.);
#7623=EDGE_LOOP('',(#7607,#7608,#7609,#7615,#7616,#7622));
#7624=FACE_BOUND('',#7623,.T.);
#7625=ADVANCED_FACE('',(#7624),#7606,.T.);
#7626=CARTESIAN_POINT('',(1387.15,-819.273044738,5.4));
#7627=DIRECTION('',(-0.5,-0.5,-0.707106781));
#7628=DIRECTION('',(0.707106781,-0.707106781,0.));
#7629=AXIS2_PLACEMENT_3D('',#7626,#7627,#7628);
#7630=PLANE('',#7629);
#7631=ORIENTED_EDGE('',*,*,#7387,.F.);
#7632=CARTESIAN_POINT('',(1387.5,-821.0372583,6.4));
#7633=DIRECTION('',(-0.678598344,-0.281084638,0.678598345));
#7634=VECTOR('',#7633,0.589450303);
#7635=LINE('',#7632,#7634);
#7636=EDGE_CURVE('',#7376,#2143,#7635,.T.);
#7637=ORIENTED_EDGE('',*,*,#7636,.T.);
#7638=ORIENTED_EDGE('',*,*,#2204,.F.);
#7639=CARTESIAN_POINT('',(1390.797056275,-824.9,6.8));
#7640=DIRECTION('',(0.281084638,0.678598344,-0.678598345));
#7641=VECTOR('',#7640,0.589450303);
#7642=LINE('',#7639,#7641);
#7643=EDGE_CURVE('',#2193,#7320,#7642,.T.);
#7644=ORIENTED_EDGE('',*,*,#7643,.T.);
#7645=ORIENTED_EDGE('',*,*,#7325,.F.);
#7646=ORIENTED_EDGE('',*,*,#7128,.F.);
#7647=EDGE_LOOP('',(#7631,#7637,#7638,#7644,#7645,#7646));
#7648=FACE_BOUND('',#7647,.T.);
#7649=ADVANCED_FACE('',(#7648),#7630,.F.);
#7650=CARTESIAN_POINT('',(1387.1,-812.,6.8));
#7651=DIRECTION('',(-0.707106781,0.,-0.707106781));
#7652=DIRECTION('',(0.,1.,0.));
#7653=AXIS2_PLACEMENT_3D('',#7650,#7651,#7652);
#7654=PLANE('',#7653);
#7655=ORIENTED_EDGE('',*,*,#7636,.F.);
#7656=ORIENTED_EDGE('',*,*,#7381,.F.);
#7657=ORIENTED_EDGE('',*,*,#7499,.F.);
#7658=ORIENTED_EDGE('',*,*,#2150,.F.);
#7659=EDGE_LOOP('',(#7655,#7656,#7657,#7658));
#7660=FACE_BOUND('',#7659,.T.);
#7661=ADVANCED_FACE('',(#7660),#7654,.F.);
#7662=CARTESIAN_POINT('',(1400.,-799.1,0.));
#7663=DIRECTION('',(0.,-0.707106781,-0.707106781));
#7664=DIRECTION('',(1.,0.,0.));
#7665=AXIS2_PLACEMENT_3D('',#7662,#7663,#7664);
#7666=PLANE('',#7665);
#7667=ORIENTED_EDGE('',*,*,#7614,.F.);
#7668=ORIENTED_EDGE('',*,*,#7161,.F.);
#7669=ORIENTED_EDGE('',*,*,#7477,.F.);
#7670=ORIENTED_EDGE('',*,*,#344,.F.);
#7671=EDGE_LOOP('',(#7667,#7668,#7669,#7670));
#7672=FACE_BOUND('',#7671,.T.);
#7673=ADVANCED_FACE('',(#7672),#7666,.T.);
#7674=CARTESIAN_POINT('',(1412.9,-812.,0.));
#7675=DIRECTION('',(-0.707106781,0.,-0.707106781));
#7676=DIRECTION('',(0.,-1.,0.));
#7677=AXIS2_PLACEMENT_3D('',#7674,#7675,#7676);
#7678=PLANE('',#7677);
#7679=ORIENTED_EDGE('',*,*,#7590,.F.);
#7680=ORIENTED_EDGE('',*,*,#6719,.F.);
#7681=ORIENTED_EDGE('',*,*,#7621,.F.);
#7682=ORIENTED_EDGE('',*,*,#392,.F.);
#7683=EDGE_LOOP('',(#7679,#7680,#7681,#7682));
#7684=FACE_BOUND('',#7683,.T.);
#7685=ADVANCED_FACE('',(#7684),#7678,.T.);
#7686=CARTESIAN_POINT('',(1400.,-824.9,6.8));
#7687=DIRECTION('',(0.,-0.707106781,-0.707106781));
#7688=DIRECTION('',(-1.,0.,0.));
#7689=AXIS2_PLACEMENT_3D('',#7686,#7687,#7688);
#7690=PLANE('',#7689);
#7691=ORIENTED_EDGE('',*,*,#7516,.F.);
#7692=ORIENTED_EDGE('',*,*,#7333,.F.);
#7693=ORIENTED_EDGE('',*,*,#7643,.F.);
#7694=ORIENTED_EDGE('',*,*,#2198,.F.);
#7695=EDGE_LOOP('',(#7691,#7692,#7693,#7694));
#7696=FACE_BOUND('',#7695,.T.);
#7697=ADVANCED_FACE('',(#7696),#7690,.F.);
#7698=CARTESIAN_POINT('',(1412.9,-812.,6.8));
#7699=DIRECTION('',(0.707106781,0.,-0.707106781));
#7700=DIRECTION('',(0.,-1.,0.));
#7701=AXIS2_PLACEMENT_3D('',#7698,#7699,#7700);
#7702=PLANE('',#7701);
#7703=ORIENTED_EDGE('',*,*,#7564,.F.);
#7704=ORIENTED_EDGE('',*,*,#7285,.F.);
#7705=ORIENTED_EDGE('',*,*,#7523,.F.);
#7706=ORIENTED_EDGE('',*,*,#2182,.F.);
#7707=EDGE_LOOP('',(#7703,#7704,#7705,#7706));
#7708=FACE_BOUND('',#7707,.T.);
#7709=ADVANCED_FACE('',(#7708),#7702,.F.);
#7710=CARTESIAN_POINT('',(1400.,-799.1,6.8));
#7711=DIRECTION('',(0.,0.707106781,-0.707106781));
#7712=DIRECTION('',(1.,0.,0.));
#7713=AXIS2_PLACEMENT_3D('',#7710,#7711,#7712);
#7714=PLANE('',#7713);
#7715=ORIENTED_EDGE('',*,*,#7492,.F.);
#7716=ORIENTED_EDGE('',*,*,#7429,.F.);
#7717=ORIENTED_EDGE('',*,*,#7571,.F.);
#7718=ORIENTED_EDGE('',*,*,#2166,.F.);
#7719=EDGE_LOOP('',(#7715,#7716,#7717,#7718));
#7720=FACE_BOUND('',#7719,.T.);
#7721=ADVANCED_FACE('',(#7720),#7714,.F.);
#7722=CARTESIAN_POINT('',(1387.1,-812.,0.));
#7723=DIRECTION('',(0.707106781,0.,-0.707106781));
#7724=DIRECTION('',(0.,1.,0.));
#7725=AXIS2_PLACEMENT_3D('',#7722,#7723,#7724);
#7726=PLANE('',#7725);
#7727=ORIENTED_EDGE('',*,*,#7470,.F.);
#7728=ORIENTED_EDGE('',*,*,#7019,.F.);
#7729=ORIENTED_EDGE('',*,*,#7549,.F.);
#7730=ORIENTED_EDGE('',*,*,#360,.F.);
#7731=EDGE_LOOP('',(#7727,#7728,#7729,#7730));
#7732=FACE_BOUND('',#7731,.T.);
#7733=ADVANCED_FACE('',(#7732),#7726,.T.);
#7734=CARTESIAN_POINT('',(1400.,-824.9,0.));
#7735=DIRECTION('',(0.,0.707106781,-0.707106781));
#7736=DIRECTION('',(-1.,0.,0.));
#7737=AXIS2_PLACEMENT_3D('',#7734,#7735,#7736);
#7738=PLANE('',#7737);
#7739=ORIENTED_EDGE('',*,*,#7542,.F.);
#7740=ORIENTED_EDGE('',*,*,#6877,.F.);
#7741=ORIENTED_EDGE('',*,*,#7597,.F.);
#7742=ORIENTED_EDGE('',*,*,#376,.F.);
#7743=EDGE_LOOP('',(#7739,#7740,#7741,#7742));
#7744=FACE_BOUND('',#7743,.T.);
#7745=ADVANCED_FACE('',(#7744),#7738,.T.);
#7746=CARTESIAN_POINT('',(1388.5,-826.,4.6));
#7747=DIRECTION('',(0.,0.,-1.));
#7748=DIRECTION('',(1.,0.,0.));
#7749=AXIS2_PLACEMENT_3D('',#7746,#7747,#7748);
#7750=CYLINDRICAL_SURFACE('',#7749,2.6);
#7751=CARTESIAN_POINT('',(1391.1,-826.,2.2));
#7752=VERTEX_POINT('',#7751);
#7753=CARTESIAN_POINT('',(1391.1,-826.,4.6));
#7754=VERTEX_POINT('',#7753);
#7755=CARTESIAN_POINT('',(1391.1,-826.,2.2));
#7756=DIRECTION('',(-0.,-0.,1.));
#7757=VECTOR('',#7756,2.4);
#7758=LINE('',#7755,#7757);
#7759=EDGE_CURVE('',#7752,#7754,#7758,.T.);
#7760=ORIENTED_EDGE('',*,*,#7759,.F.);
#7761=CARTESIAN_POINT('',(1388.5,-828.6,2.2));
#7762=VERTEX_POINT('',#7761);
#7763=CARTESIAN_POINT('',(1388.5,-826.,2.2));
#7764=DIRECTION('',(-0.,-0.,1.));
#7765=DIRECTION('',(-1.,0.,0.));
#7766=AXIS2_PLACEMENT_3D('',#7763,#7764,#7765);
#7767=CIRCLE('',#7766,2.6);
#7768=EDGE_CURVE('',#7762,#7752,#7767,.T.);
#7769=ORIENTED_EDGE('',*,*,#7768,.F.);
#7770=CARTESIAN_POINT('',(1388.5,-828.6,4.6));
#7771=VERTEX_POINT('',#7770);
#7772=CARTESIAN_POINT('',(1388.5,-828.6,4.6));
#7773=DIRECTION('',(-0.,-0.,-1.));
#7774=VECTOR('',#7773,2.4);
#7775=LINE('',#7772,#7774);
#7776=EDGE_CURVE('',#7771,#7762,#7775,.T.);
#7777=ORIENTED_EDGE('',*,*,#7776,.F.);
#7778=CARTESIAN_POINT('',(1388.5,-826.,4.6));
#7779=DIRECTION('',(-0.,-0.,1.));
#7780=DIRECTION('',(-1.,0.,0.));
#7781=AXIS2_PLACEMENT_3D('',#7778,#7779,#7780);
#7782=CIRCLE('',#7781,2.6);
#7783=EDGE_CURVE('',#7771,#7754,#7782,.T.);
#7784=ORIENTED_EDGE('',*,*,#7783,.T.);
#7785=EDGE_LOOP('',(#7760,#7769,#7777,#7784));
#7786=FACE_BOUND('',#7785,.T.);
#7787=ADVANCED_FACE('',(#7786),#7750,.F.);
#7788=CARTESIAN_POINT('',(1400.,-812.,4.6));
#7789=DIRECTION('',(0.,0.,1.));
#7790=DIRECTION('',(-1.,0.,0.));
#7791=AXIS2_PLACEMENT_3D('',#7788,#7789,#7790);
#7792=PLANE('',#7791);
#7793=ORIENTED_EDGE('',*,*,#1796,.F.);
#7794=CARTESIAN_POINT('',(1386.274557137,-823.681567612,4.6));
#7795=VERTEX_POINT('',#7794);
#7796=CARTESIAN_POINT('',(1386.25,-823.432776641,4.6));
#7797=DIRECTION('',(0.,0.,-1.));
#7798=DIRECTION('',(-1.,0.,0.));
#7799=AXIS2_PLACEMENT_3D('',#7796,#7797,#7798);
#7800=CIRCLE('',#7799,0.25);
#7801=EDGE_CURVE('',#7795,#1789,#7800,.T.);
#7802=ORIENTED_EDGE('',*,*,#7801,.F.);
#7803=CARTESIAN_POINT('',(1387.156119539,-823.444776535,4.6));
#7804=VERTEX_POINT('',#7803);
#7805=CARTESIAN_POINT('',(1386.,-820.9,4.6));
#7806=DIRECTION('',(-0.,-0.,1.));
#7807=DIRECTION('',(-1.,0.,0.));
#7808=AXIS2_PLACEMENT_3D('',#7805,#7806,#7807);
#7809=CIRCLE('',#7808,2.795084972);
#7810=EDGE_CURVE('',#7795,#7804,#7809,.T.);
#7811=ORIENTED_EDGE('',*,*,#7810,.T.);
#7812=CARTESIAN_POINT('',(1387.36293249,-823.4,4.6));
#7813=VERTEX_POINT('',#7812);
#7814=CARTESIAN_POINT('',(1387.36293249,-823.9,4.6));
#7815=DIRECTION('',(-0.,-0.,1.));
#7816=DIRECTION('',(-1.,0.,0.));
#7817=AXIS2_PLACEMENT_3D('',#7814,#7815,#7816);
#7818=CIRCLE('',#7817,0.5);
#7819=EDGE_CURVE('',#7813,#7804,#7818,.T.);
#7820=ORIENTED_EDGE('',*,*,#7819,.F.);
#7821=CARTESIAN_POINT('',(1388.5,-823.4,4.6));
#7822=VERTEX_POINT('',#7821);
#7823=CARTESIAN_POINT('',(1388.5,-823.4,4.6));
#7824=DIRECTION('',(-1.,0.,0.));
#7825=VECTOR('',#7824,1.13706751);
#7826=LINE('',#7823,#7825);
#7827=EDGE_CURVE('',#7822,#7813,#7826,.T.);
#7828=ORIENTED_EDGE('',*,*,#7827,.F.);
#7829=CARTESIAN_POINT('',(1388.5,-826.,4.6));
#7830=DIRECTION('',(-0.,-0.,1.));
#7831=DIRECTION('',(-1.,0.,0.));
#7832=AXIS2_PLACEMENT_3D('',#7829,#7830,#7831);
#7833=CIRCLE('',#7832,2.6);
#7834=EDGE_CURVE('',#7754,#7822,#7833,.T.);
#7835=ORIENTED_EDGE('',*,*,#7834,.F.);
#7836=ORIENTED_EDGE('',*,*,#7783,.F.);
#7837=CARTESIAN_POINT('',(1387.36293249,-828.6,4.6));
#7838=VERTEX_POINT('',#7837);
#7839=CARTESIAN_POINT('',(1388.5,-828.6,4.6));
#7840=DIRECTION('',(-1.,0.,0.));
#7841=VECTOR('',#7840,1.13706751);
#7842=LINE('',#7839,#7841);
#7843=EDGE_CURVE('',#7771,#7838,#7842,.T.);
#7844=ORIENTED_EDGE('',*,*,#7843,.T.);
#7845=CARTESIAN_POINT('',(1387.156119539,-828.555223465,4.6));
#7846=VERTEX_POINT('',#7845);
#7847=CARTESIAN_POINT('',(1387.36293249,-828.1,4.6));
#7848=DIRECTION('',(-0.,-0.,1.));
#7849=DIRECTION('',(-1.,0.,0.));
#7850=AXIS2_PLACEMENT_3D('',#7847,#7848,#7849);
#7851=CIRCLE('',#7850,0.5);
#7852=EDGE_CURVE('',#7846,#7838,#7851,.T.);
#7853=ORIENTED_EDGE('',*,*,#7852,.F.);
#7854=CARTESIAN_POINT('',(1386.274557137,-828.318432388,4.6));
#7855=VERTEX_POINT('',#7854);
#7856=CARTESIAN_POINT('',(1386.,-831.1,4.6));
#7857=DIRECTION('',(-0.,-0.,1.));
#7858=DIRECTION('',(-1.,0.,0.));
#7859=AXIS2_PLACEMENT_3D('',#7856,#7857,#7858);
#7860=CIRCLE('',#7859,2.795084972);
#7861=EDGE_CURVE('',#7846,#7855,#7860,.T.);
#7862=ORIENTED_EDGE('',*,*,#7861,.T.);
#7863=CARTESIAN_POINT('',(1386.25,-828.567223359,4.6));
#7864=DIRECTION('',(0.,0.,-1.));
#7865=DIRECTION('',(-1.,0.,0.));
#7866=AXIS2_PLACEMENT_3D('',#7863,#7864,#7865);
#7867=CIRCLE('',#7866,0.25);
#7868=EDGE_CURVE('',#1791,#7855,#7867,.T.);
#7869=ORIENTED_EDGE('',*,*,#7868,.F.);
#7870=EDGE_LOOP('',(#7793,#7802,#7811,#7820,#7828,#7835,#7836,#7844,#7853,#7862,#7869));
#7871=FACE_BOUND('',#7870,.T.);
#7872=ADVANCED_FACE('',(#7871),#7792,.F.);
#7873=CARTESIAN_POINT('',(1400.,-812.,2.2));
#7874=DIRECTION('',(0.,0.,1.));
#7875=DIRECTION('',(-1.,0.,0.));
#7876=AXIS2_PLACEMENT_3D('',#7873,#7874,#7875);
#7877=PLANE('',#7876);
#7878=ORIENTED_EDGE('',*,*,#1812,.T.);
#7879=CARTESIAN_POINT('',(1386.274557137,-828.318432388,2.2));
#7880=VERTEX_POINT('',#7879);
#7881=CARTESIAN_POINT('',(1386.25,-828.567223359,2.2));
#7882=DIRECTION('',(-0.,-0.,1.));
#7883=DIRECTION('',(-1.,0.,0.));
#7884=AXIS2_PLACEMENT_3D('',#7881,#7882,#7883);
#7885=CIRCLE('',#7884,0.25);
#7886=EDGE_CURVE('',#7880,#1799,#7885,.T.);
#7887=ORIENTED_EDGE('',*,*,#7886,.F.);
#7888=CARTESIAN_POINT('',(1387.156119539,-828.555223465,2.2));
#7889=VERTEX_POINT('',#7888);
#7890=CARTESIAN_POINT('',(1386.,-831.1,2.2));
#7891=DIRECTION('',(-0.,-0.,1.));
#7892=DIRECTION('',(-1.,0.,0.));
#7893=AXIS2_PLACEMENT_3D('',#7890,#7891,#7892);
#7894=CIRCLE('',#7893,2.795084972);
#7895=EDGE_CURVE('',#7889,#7880,#7894,.T.);
#7896=ORIENTED_EDGE('',*,*,#7895,.F.);
#7897=CARTESIAN_POINT('',(1387.36293249,-828.6,2.2));
#7898=VERTEX_POINT('',#7897);
#7899=CARTESIAN_POINT('',(1387.36293249,-828.1,2.2));
#7900=DIRECTION('',(0.,0.,-1.));
#7901=DIRECTION('',(-1.,0.,0.));
#7902=AXIS2_PLACEMENT_3D('',#7899,#7900,#7901);
#7903=CIRCLE('',#7902,0.5);
#7904=EDGE_CURVE('',#7898,#7889,#7903,.T.);
#7905=ORIENTED_EDGE('',*,*,#7904,.F.);
#7906=CARTESIAN_POINT('',(1388.5,-828.6,2.2));
#7907=DIRECTION('',(-1.,0.,0.));
#7908=VECTOR('',#7907,1.13706751);
#7909=LINE('',#7906,#7908);
#7910=EDGE_CURVE('',#7762,#7898,#7909,.T.);
#7911=ORIENTED_EDGE('',*,*,#7910,.F.);
#7912=ORIENTED_EDGE('',*,*,#7768,.T.);
#7913=CARTESIAN_POINT('',(1388.5,-823.4,2.2));
#7914=VERTEX_POINT('',#7913);
#7915=CARTESIAN_POINT('',(1388.5,-826.,2.2));
#7916=DIRECTION('',(-0.,-0.,1.));
#7917=DIRECTION('',(-1.,0.,0.));
#7918=AXIS2_PLACEMENT_3D('',#7915,#7916,#7917);
#7919=CIRCLE('',#7918,2.6);
#7920=EDGE_CURVE('',#7752,#7914,#7919,.T.);
#7921=ORIENTED_EDGE('',*,*,#7920,.T.);
#7922=CARTESIAN_POINT('',(1387.36293249,-823.4,2.2));
#7923=VERTEX_POINT('',#7922);
#7924=CARTESIAN_POINT('',(1388.5,-823.4,2.2));
#7925=DIRECTION('',(-1.,0.,0.));
#7926=VECTOR('',#7925,1.13706751);
#7927=LINE('',#7924,#7926);
#7928=EDGE_CURVE('',#7914,#7923,#7927,.T.);
#7929=ORIENTED_EDGE('',*,*,#7928,.T.);
#7930=CARTESIAN_POINT('',(1387.156119539,-823.444776535,2.2));
#7931=VERTEX_POINT('',#7930);
#7932=CARTESIAN_POINT('',(1387.36293249,-823.9,2.2));
#7933=DIRECTION('',(0.,0.,-1.));
#7934=DIRECTION('',(-1.,0.,0.));
#7935=AXIS2_PLACEMENT_3D('',#7932,#7933,#7934);
#7936=CIRCLE('',#7935,0.5);
#7937=EDGE_CURVE('',#7931,#7923,#7936,.T.);
#7938=ORIENTED_EDGE('',*,*,#7937,.F.);
#7939=CARTESIAN_POINT('',(1386.274557137,-823.681567612,2.2));
#7940=VERTEX_POINT('',#7939);
#7941=CARTESIAN_POINT('',(1386.,-820.9,2.2));
#7942=DIRECTION('',(-0.,-0.,1.));
#7943=DIRECTION('',(-1.,0.,0.));
#7944=AXIS2_PLACEMENT_3D('',#7941,#7942,#7943);
#7945=CIRCLE('',#7944,2.795084972);
#7946=EDGE_CURVE('',#7940,#7931,#7945,.T.);
#7947=ORIENTED_EDGE('',*,*,#7946,.F.);
#7948=CARTESIAN_POINT('',(1386.25,-823.432776641,2.2));
#7949=DIRECTION('',(-0.,-0.,1.));
#7950=DIRECTION('',(-1.,0.,0.));
#7951=AXIS2_PLACEMENT_3D('',#7948,#7949,#7950);
#7952=CIRCLE('',#7951,0.25);
#7953=EDGE_CURVE('',#1807,#7940,#7952,.T.);
#7954=ORIENTED_EDGE('',*,*,#7953,.F.);
#7955=EDGE_LOOP('',(#7878,#7887,#7896,#7905,#7911,#7912,#7921,#7929,#7938,#7947,#7954));
#7956=FACE_BOUND('',#7955,.T.);
#7957=ADVANCED_FACE('',(#7956),#7877,.T.);
#7958=CARTESIAN_POINT('',(1387.36293249,-823.9,4.6));
#7959=DIRECTION('',(0.,0.,-1.));
#7960=DIRECTION('',(1.,0.,0.));
#7961=AXIS2_PLACEMENT_3D('',#7958,#7959,#7960);
#7962=CYLINDRICAL_SURFACE('',#7961,0.5);
#7963=ORIENTED_EDGE('',*,*,#7819,.T.);
#7964=CARTESIAN_POINT('',(1387.156119539,-823.444776535,4.6));
#7965=DIRECTION('',(0.,0.,-1.));
#7966=VECTOR('',#7965,2.4);
#7967=LINE('',#7964,#7966);
#7968=EDGE_CURVE('',#7804,#7931,#7967,.T.);
#7969=ORIENTED_EDGE('',*,*,#7968,.T.);
#7970=ORIENTED_EDGE('',*,*,#7937,.T.);
#7971=CARTESIAN_POINT('',(1387.36293249,-823.4,2.2));
#7972=DIRECTION('',(-0.,-0.,1.));
#7973=VECTOR('',#7972,2.4);
#7974=LINE('',#7971,#7973);
#7975=EDGE_CURVE('',#7923,#7813,#7974,.T.);
#7976=ORIENTED_EDGE('',*,*,#7975,.T.);
#7977=EDGE_LOOP('',(#7963,#7969,#7970,#7976));
#7978=FACE_BOUND('',#7977,.T.);
#7979=ADVANCED_FACE('',(#7978),#7962,.F.);
#7980=CARTESIAN_POINT('',(1387.875,-823.4,4.6));
#7981=DIRECTION('',(0.,-1.,0.));
#7982=DIRECTION('',(0.,0.,1.));
#7983=AXIS2_PLACEMENT_3D('',#7980,#7981,#7982);
#7984=PLANE('',#7983);
#7985=ORIENTED_EDGE('',*,*,#7928,.F.);
#7986=CARTESIAN_POINT('',(1388.5,-823.4,4.6));
#7987=DIRECTION('',(0.,0.,-1.));
#7988=VECTOR('',#7987,2.4);
#7989=LINE('',#7986,#7988);
#7990=EDGE_CURVE('',#7822,#7914,#7989,.T.);
#7991=ORIENTED_EDGE('',*,*,#7990,.F.);
#7992=ORIENTED_EDGE('',*,*,#7827,.T.);
#7993=ORIENTED_EDGE('',*,*,#7975,.F.);
#7994=EDGE_LOOP('',(#7985,#7991,#7992,#7993));
#7995=FACE_BOUND('',#7994,.T.);
#7996=ADVANCED_FACE('',(#7995),#7984,.T.);
#7997=CARTESIAN_POINT('',(1386.,-820.9,4.6));
#7998=DIRECTION('',(0.,0.,-1.));
#7999=DIRECTION('',(1.,0.,0.));
#8000=AXIS2_PLACEMENT_3D('',#7997,#7998,#7999);
#8001=CYLINDRICAL_SURFACE('',#8000,2.795084972);
#8002=ORIENTED_EDGE('',*,*,#7810,.F.);
#8003=CARTESIAN_POINT('',(1386.274557137,-823.681567612,2.2));
#8004=DIRECTION('',(-0.,-0.,1.));
#8005=VECTOR('',#8004,2.4);
#8006=LINE('',#8003,#8005);
#8007=EDGE_CURVE('',#7940,#7795,#8006,.T.);
#8008=ORIENTED_EDGE('',*,*,#8007,.F.);
#8009=ORIENTED_EDGE('',*,*,#7946,.T.);
#8010=ORIENTED_EDGE('',*,*,#7968,.F.);
#8011=EDGE_LOOP('',(#8002,#8008,#8009,#8010));
#8012=FACE_BOUND('',#8011,.T.);
#8013=ADVANCED_FACE('',(#8012),#8001,.T.);
#8014=CARTESIAN_POINT('',(1386.25,-823.432776641,4.6));
#8015=DIRECTION('',(0.,0.,-1.));
#8016=DIRECTION('',(1.,0.,0.));
#8017=AXIS2_PLACEMENT_3D('',#8014,#8015,#8016);
#8018=CYLINDRICAL_SURFACE('',#8017,0.25);
#8019=ORIENTED_EDGE('',*,*,#7801,.T.);
#8020=ORIENTED_EDGE('',*,*,#1818,.T.);
#8021=ORIENTED_EDGE('',*,*,#7953,.T.);
#8022=ORIENTED_EDGE('',*,*,#8007,.T.);
#8023=EDGE_LOOP('',(#8019,#8020,#8021,#8022));
#8024=FACE_BOUND('',#8023,.T.);
#8025=ADVANCED_FACE('',(#8024),#8018,.T.);
#8026=CARTESIAN_POINT('',(1387.875,-800.6,4.6));
#8027=DIRECTION('',(0.,-1.,0.));
#8028=DIRECTION('',(0.,0.,1.));
#8029=AXIS2_PLACEMENT_3D('',#8026,#8027,#8028);
#8030=PLANE('',#8029);
#8031=ORIENTED_EDGE('',*,*,#6452,.F.);
#8032=ORIENTED_EDGE('',*,*,#6385,.T.);
#8033=ORIENTED_EDGE('',*,*,#6519,.T.);
#8034=CARTESIAN_POINT('',(1387.36293249,-800.6,4.6));
#8035=DIRECTION('',(0.,0.,-1.));
#8036=VECTOR('',#8035,2.4);
#8037=LINE('',#8034,#8036);
#8038=EDGE_CURVE('',#6447,#6507,#8037,.T.);
#8039=ORIENTED_EDGE('',*,*,#8038,.F.);
#8040=EDGE_LOOP('',(#8031,#8032,#8033,#8039));
#8041=FACE_BOUND('',#8040,.T.);
#8042=ADVANCED_FACE('',(#8041),#8030,.F.);
#8043=CARTESIAN_POINT('',(1387.36293249,-800.1,4.6));
#8044=DIRECTION('',(0.,0.,-1.));
#8045=DIRECTION('',(1.,0.,0.));
#8046=AXIS2_PLACEMENT_3D('',#8043,#8044,#8045);
#8047=CYLINDRICAL_SURFACE('',#8046,0.5);
#8048=ORIENTED_EDGE('',*,*,#6461,.T.);
#8049=ORIENTED_EDGE('',*,*,#8038,.T.);
#8050=ORIENTED_EDGE('',*,*,#6513,.T.);
#8051=CARTESIAN_POINT('',(1387.156119539,-800.555223465,2.2));
#8052=DIRECTION('',(-0.,-0.,1.));
#8053=VECTOR('',#8052,2.4);
#8054=LINE('',#8051,#8053);
#8055=EDGE_CURVE('',#6498,#6455,#8054,.T.);
#8056=ORIENTED_EDGE('',*,*,#8055,.T.);
#8057=EDGE_LOOP('',(#8048,#8049,#8050,#8056));
#8058=FACE_BOUND('',#8057,.T.);
#8059=ADVANCED_FACE('',(#8058),#8047,.F.);
#8060=CARTESIAN_POINT('',(1386.,-803.1,4.6));
#8061=DIRECTION('',(0.,0.,-1.));
#8062=DIRECTION('',(1.,0.,0.));
#8063=AXIS2_PLACEMENT_3D('',#8060,#8061,#8062);
#8064=CYLINDRICAL_SURFACE('',#8063,2.795084972);
#8065=ORIENTED_EDGE('',*,*,#6504,.T.);
#8066=CARTESIAN_POINT('',(1386.274557137,-800.318432388,4.6));
#8067=DIRECTION('',(0.,0.,-1.));
#8068=VECTOR('',#8067,2.4);
#8069=LINE('',#8066,#8068);
#8070=EDGE_CURVE('',#6464,#6489,#8069,.T.);
#8071=ORIENTED_EDGE('',*,*,#8070,.F.);
#8072=ORIENTED_EDGE('',*,*,#6470,.F.);
#8073=ORIENTED_EDGE('',*,*,#8055,.F.);
#8074=EDGE_LOOP('',(#8065,#8071,#8072,#8073));
#8075=FACE_BOUND('',#8074,.T.);
#8076=ADVANCED_FACE('',(#8075),#8064,.T.);
#8077=CARTESIAN_POINT('',(1386.25,-800.567223359,4.6));
#8078=DIRECTION('',(0.,0.,-1.));
#8079=DIRECTION('',(1.,0.,0.));
#8080=AXIS2_PLACEMENT_3D('',#8077,#8078,#8079);
#8081=CYLINDRICAL_SURFACE('',#8080,0.25);
#8082=ORIENTED_EDGE('',*,*,#6477,.T.);
#8083=ORIENTED_EDGE('',*,*,#8070,.T.);
#8084=ORIENTED_EDGE('',*,*,#6495,.T.);
#8085=ORIENTED_EDGE('',*,*,#1770,.T.);
#8086=EDGE_LOOP('',(#8082,#8083,#8084,#8085));
#8087=FACE_BOUND('',#8086,.T.);
#8088=ADVANCED_FACE('',(#8087),#8081,.T.);
#8089=CARTESIAN_POINT('',(1412.5,-896.,2.4));
#8090=DIRECTION('',(-1.,0.,0.));
#8091=DIRECTION('',(0.,-1.,0.));
#8092=AXIS2_PLACEMENT_3D('',#8089,#8090,#8091);
#8093=PLANE('',#8092);
#8094=CARTESIAN_POINT('',(1412.5,-888.376955262,1.4));
#8095=VERTEX_POINT('',#8094);
#8096=CARTESIAN_POINT('',(1412.5,-886.9627417,0.4));
#8097=VERTEX_POINT('',#8096);
#8098=CARTESIAN_POINT('',(1412.5,-888.376955262,1.4));
#8099=DIRECTION('',(0.,0.816496581,-0.577350269));
#8100=VECTOR('',#8099,1.732050807);
#8101=LINE('',#8098,#8100);
#8102=EDGE_CURVE('',#8095,#8097,#8101,.T.);
#8103=ORIENTED_EDGE('',*,*,#8102,.T.);
#8104=CARTESIAN_POINT('',(1412.5,-905.0372583,0.4));
#8105=VERTEX_POINT('',#8104);
#8106=CARTESIAN_POINT('',(1412.5,-886.9627417,0.4));
#8107=DIRECTION('',(0.,-1.,0.));
#8108=VECTOR('',#8107,18.0745166);
#8109=LINE('',#8106,#8108);
#8110=EDGE_CURVE('',#8097,#8105,#8109,.T.);
#8111=ORIENTED_EDGE('',*,*,#8110,.T.);
#8112=CARTESIAN_POINT('',(1412.5,-903.623044738,1.4));
#8113=VERTEX_POINT('',#8112);
#8114=CARTESIAN_POINT('',(1412.5,-905.0372583,0.4));
#8115=DIRECTION('',(0.,0.816496581,0.577350269));
#8116=VECTOR('',#8115,1.732050807);
#8117=LINE('',#8114,#8116);
#8118=EDGE_CURVE('',#8105,#8113,#8117,.T.);
#8119=ORIENTED_EDGE('',*,*,#8118,.T.);
#8120=CARTESIAN_POINT('',(1412.5,-903.623044738,1.4));
#8121=DIRECTION('',(-0.,1.,-0.));
#8122=VECTOR('',#8121,15.246089476);
#8123=LINE('',#8120,#8122);
#8124=EDGE_CURVE('',#8113,#8095,#8123,.T.);
#8125=ORIENTED_EDGE('',*,*,#8124,.T.);
#8126=EDGE_LOOP('',(#8103,#8111,#8119,#8125));
#8127=FACE_BOUND('',#8126,.T.);
#8128=ADVANCED_FACE('',(#8127),#8093,.T.);
#8129=CARTESIAN_POINT('',(1412.5,-896.,1.4));
#8130=DIRECTION('',(0.819231921,0.,-0.573462344));
#8131=DIRECTION('',(0.,1.,0.));
#8132=AXIS2_PLACEMENT_3D('',#8129,#8130,#8131);
#8133=PLANE('',#8132);
#8134=CARTESIAN_POINT('',(1413.2,-902.923044738,2.4));
#8135=VERTEX_POINT('',#8134);
#8136=CARTESIAN_POINT('',(1413.2,-902.923044738,2.4));
#8137=DIRECTION('',(-0.497468338,-0.497468338,-0.710669055));
#8138=VECTOR('',#8137,1.407124728);
#8139=LINE('',#8136,#8138);
#8140=EDGE_CURVE('',#8135,#8113,#8139,.T.);
#8141=ORIENTED_EDGE('',*,*,#8140,.F.);
#8142=CARTESIAN_POINT('',(1413.2,-889.076955262,2.4));
#8143=VERTEX_POINT('',#8142);
#8144=CARTESIAN_POINT('',(1413.199999999,-902.923044738,2.4));
#8145=DIRECTION('',(0.,1.,0.));
#8146=VECTOR('',#8145,13.846089476);
#8147=LINE('',#8144,#8146);
#8148=EDGE_CURVE('',#8135,#8143,#8147,.T.);
#8149=ORIENTED_EDGE('',*,*,#8148,.T.);
#8150=CARTESIAN_POINT('',(1412.5,-888.376955262,1.4));
#8151=DIRECTION('',(0.497468338,-0.497468338,0.710669055));
#8152=VECTOR('',#8151,1.407124728);
#8153=LINE('',#8150,#8152);
#8154=EDGE_CURVE('',#8095,#8143,#8153,.T.);
#8155=ORIENTED_EDGE('',*,*,#8154,.F.);
#8156=ORIENTED_EDGE('',*,*,#8124,.F.);
#8157=EDGE_LOOP('',(#8141,#8149,#8155,#8156));
#8158=FACE_BOUND('',#8157,.T.);
#8159=ADVANCED_FACE('',(#8158),#8133,.F.);
#8160=CARTESIAN_POINT('',(1413.2,-896.,6.8));
#8161=DIRECTION('',(-1.,0.,0.));
#8162=DIRECTION('',(0.,-1.,0.));
#8163=AXIS2_PLACEMENT_3D('',#8160,#8161,#8162);
#8164=PLANE('',#8163);
#8165=ORIENTED_EDGE('',*,*,#8148,.F.);
#8166=CARTESIAN_POINT('',(1413.2,-902.923044738,4.4));
#8167=VERTEX_POINT('',#8166);
#8168=CARTESIAN_POINT('',(1413.2,-902.923044738,4.4));
#8169=DIRECTION('',(-0.,-0.,-1.));
#8170=VECTOR('',#8169,2.);
#8171=LINE('',#8168,#8170);
#8172=EDGE_CURVE('',#8167,#8135,#8171,.T.);
#8173=ORIENTED_EDGE('',*,*,#8172,.F.);
#8174=CARTESIAN_POINT('',(1413.2,-889.076955262,4.4));
#8175=VERTEX_POINT('',#8174);
#8176=CARTESIAN_POINT('',(1413.2,-902.923044738,4.4));
#8177=DIRECTION('',(-0.,1.,-0.));
#8178=VECTOR('',#8177,13.846089476);
#8179=LINE('',#8176,#8178);
#8180=EDGE_CURVE('',#8167,#8175,#8179,.T.);
#8181=ORIENTED_EDGE('',*,*,#8180,.T.);
#8182=CARTESIAN_POINT('',(1413.2,-889.076955262,4.4));
#8183=DIRECTION('',(-0.,-0.,-1.));
#8184=VECTOR('',#8183,2.);
#8185=LINE('',#8182,#8184);
#8186=EDGE_CURVE('',#8175,#8143,#8185,.T.);
#8187=ORIENTED_EDGE('',*,*,#8186,.T.);
#8188=EDGE_LOOP('',(#8165,#8173,#8181,#8187));
#8189=FACE_BOUND('',#8188,.T.);
#8190=ADVANCED_FACE('',(#8189),#8164,.T.);
#8191=CARTESIAN_POINT('',(1412.85,-888.726955262,6.8));
#8192=DIRECTION('',(-0.707106781,-0.707106781,0.));
#8193=DIRECTION('',(0.707106781,-0.707106781,0.));
#8194=AXIS2_PLACEMENT_3D('',#8191,#8192,#8193);
#8195=PLANE('',#8194);
#8196=CARTESIAN_POINT('',(1412.5,-888.376955262,5.4));
#8197=VERTEX_POINT('',#8196);
#8198=CARTESIAN_POINT('',(1413.2,-889.076955262,4.4));
#8199=DIRECTION('',(-0.497468338,0.497468338,0.710669055));
#8200=VECTOR('',#8199,1.407124728);
#8201=LINE('',#8198,#8200);
#8202=EDGE_CURVE('',#8175,#8197,#8201,.T.);
#8203=ORIENTED_EDGE('',*,*,#8202,.T.);
#8204=CARTESIAN_POINT('',(1407.623044738,-883.5,5.4));
#8205=VERTEX_POINT('',#8204);
#8206=CARTESIAN_POINT('',(1412.5,-888.376955262,5.4));
#8207=DIRECTION('',(-0.707106781,0.707106781,-0.));
#8208=VECTOR('',#8207,6.897056275);
#8209=LINE('',#8206,#8208);
#8210=EDGE_CURVE('',#8197,#8205,#8209,.T.);
#8211=ORIENTED_EDGE('',*,*,#8210,.T.);
#8212=CARTESIAN_POINT('',(1406.923044738,-882.8,4.4));
#8213=VERTEX_POINT('',#8212);
#8214=CARTESIAN_POINT('',(1407.623044738,-883.5,5.4));
#8215=DIRECTION('',(-0.497468338,0.497468338,-0.710669055));
#8216=VECTOR('',#8215,1.407124728);
#8217=LINE('',#8214,#8216);
#8218=EDGE_CURVE('',#8205,#8213,#8217,.T.);
#8219=ORIENTED_EDGE('',*,*,#8218,.T.);
#8220=CARTESIAN_POINT('',(1406.923044738,-882.8,2.4));
#8221=VERTEX_POINT('',#8220);
#8222=CARTESIAN_POINT('',(1406.923044738,-882.8,4.4));
#8223=DIRECTION('',(-0.,-0.,-1.));
#8224=VECTOR('',#8223,2.);
#8225=LINE('',#8222,#8224);
#8226=EDGE_CURVE('',#8213,#8221,#8225,.T.);
#8227=ORIENTED_EDGE('',*,*,#8226,.T.);
#8228=CARTESIAN_POINT('',(1407.623044738,-883.5,1.4));
#8229=VERTEX_POINT('',#8228);
#8230=CARTESIAN_POINT('',(1406.923044738,-882.8,2.4));
#8231=DIRECTION('',(0.497468338,-0.497468338,-0.710669055));
#8232=VECTOR('',#8231,1.407124728);
#8233=LINE('',#8230,#8232);
#8234=EDGE_CURVE('',#8221,#8229,#8233,.T.);
#8235=ORIENTED_EDGE('',*,*,#8234,.T.);
#8236=CARTESIAN_POINT('',(1407.623044738,-883.5,1.4));
#8237=DIRECTION('',(0.707106781,-0.707106781,0.));
#8238=VECTOR('',#8237,6.897056275);
#8239=LINE('',#8236,#8238);
#8240=EDGE_CURVE('',#8229,#8095,#8239,.T.);
#8241=ORIENTED_EDGE('',*,*,#8240,.T.);
#8242=ORIENTED_EDGE('',*,*,#8154,.T.);
#8243=ORIENTED_EDGE('',*,*,#8186,.F.);
#8244=EDGE_LOOP('',(#8203,#8211,#8219,#8227,#8235,#8241,#8242,#8243));
#8245=FACE_BOUND('',#8244,.T.);
#8246=ADVANCED_FACE('',(#8245),#8195,.T.);
#8247=CARTESIAN_POINT('',(1400.,-908.5,2.4));
#8248=DIRECTION('',(0.,1.,0.));
#8249=DIRECTION('',(-1.,0.,0.));
#8250=AXIS2_PLACEMENT_3D('',#8247,#8248,#8249);
#8251=PLANE('',#8250);
#8252=CARTESIAN_POINT('',(1407.623044738,-908.5,1.4));
#8253=VERTEX_POINT('',#8252);
#8254=CARTESIAN_POINT('',(1409.0372583,-908.5,0.4));
#8255=VERTEX_POINT('',#8254);
#8256=CARTESIAN_POINT('',(1407.623044738,-908.5,1.4));
#8257=DIRECTION('',(0.816496581,0.,-0.577350269));
#8258=VECTOR('',#8257,1.732050807);
#8259=LINE('',#8256,#8258);
#8260=EDGE_CURVE('',#8253,#8255,#8259,.T.);
#8261=ORIENTED_EDGE('',*,*,#8260,.T.);
#8262=CARTESIAN_POINT('',(1390.9627417,-908.5,0.4));
#8263=VERTEX_POINT('',#8262);
#8264=CARTESIAN_POINT('',(1409.0372583,-908.5,0.4));
#8265=DIRECTION('',(-1.,0.,0.));
#8266=VECTOR('',#8265,18.0745166);
#8267=LINE('',#8264,#8266);
#8268=EDGE_CURVE('',#8255,#8263,#8267,.T.);
#8269=ORIENTED_EDGE('',*,*,#8268,.T.);
#8270=CARTESIAN_POINT('',(1392.376955262,-908.5,1.4));
#8271=VERTEX_POINT('',#8270);
#8272=CARTESIAN_POINT('',(1390.9627417,-908.5,0.4));
#8273=DIRECTION('',(0.816496581,0.,0.577350269));
#8274=VECTOR('',#8273,1.732050807);
#8275=LINE('',#8272,#8274);
#8276=EDGE_CURVE('',#8263,#8271,#8275,.T.);
#8277=ORIENTED_EDGE('',*,*,#8276,.T.);
#8278=CARTESIAN_POINT('',(1392.376955262,-908.5,1.4));
#8279=DIRECTION('',(1.,-0.,-0.));
#8280=VECTOR('',#8279,15.246089476);
#8281=LINE('',#8278,#8280);
#8282=EDGE_CURVE('',#8271,#8253,#8281,.T.);
#8283=ORIENTED_EDGE('',*,*,#8282,.T.);
#8284=EDGE_LOOP('',(#8261,#8269,#8277,#8283));
#8285=FACE_BOUND('',#8284,.T.);
#8286=ADVANCED_FACE('',(#8285),#8251,.T.);
#8287=CARTESIAN_POINT('',(1400.,-908.5,1.4));
#8288=DIRECTION('',(0.,-0.819231921,-0.573462344));
#8289=DIRECTION('',(1.,0.,0.));
#8290=AXIS2_PLACEMENT_3D('',#8287,#8288,#8289);
#8291=PLANE('',#8290);
#8292=CARTESIAN_POINT('',(1393.076955262,-909.2,2.4));
#8293=VERTEX_POINT('',#8292);
#8294=CARTESIAN_POINT('',(1393.076955262,-909.2,2.4));
#8295=DIRECTION('',(-0.497468338,0.497468338,-0.710669055));
#8296=VECTOR('',#8295,1.407124728);
#8297=LINE('',#8294,#8296);
#8298=EDGE_CURVE('',#8293,#8271,#8297,.T.);
#8299=ORIENTED_EDGE('',*,*,#8298,.F.);
#8300=CARTESIAN_POINT('',(1406.923044738,-909.2,2.4));
#8301=VERTEX_POINT('',#8300);
#8302=CARTESIAN_POINT('',(1393.076955262,-909.199999999,2.4));
#8303=DIRECTION('',(1.,0.,-0.));
#8304=VECTOR('',#8303,13.846089476);
#8305=LINE('',#8302,#8304);
#8306=EDGE_CURVE('',#8293,#8301,#8305,.T.);
#8307=ORIENTED_EDGE('',*,*,#8306,.T.);
#8308=CARTESIAN_POINT('',(1407.623044738,-908.5,1.4));
#8309=DIRECTION('',(-0.497468338,-0.497468338,0.710669055));
#8310=VECTOR('',#8309,1.407124728);
#8311=LINE('',#8308,#8310);
#8312=EDGE_CURVE('',#8253,#8301,#8311,.T.);
#8313=ORIENTED_EDGE('',*,*,#8312,.F.);
#8314=ORIENTED_EDGE('',*,*,#8282,.F.);
#8315=EDGE_LOOP('',(#8299,#8307,#8313,#8314));
#8316=FACE_BOUND('',#8315,.T.);
#8317=ADVANCED_FACE('',(#8316),#8291,.F.);
#8318=CARTESIAN_POINT('',(1400.,-909.2,6.8));
#8319=DIRECTION('',(0.,1.,0.));
#8320=DIRECTION('',(-1.,0.,0.));
#8321=AXIS2_PLACEMENT_3D('',#8318,#8319,#8320);
#8322=PLANE('',#8321);
#8323=ORIENTED_EDGE('',*,*,#8306,.F.);
#8324=CARTESIAN_POINT('',(1393.076955262,-909.2,4.4));
#8325=VERTEX_POINT('',#8324);
#8326=CARTESIAN_POINT('',(1393.076955262,-909.2,4.4));
#8327=DIRECTION('',(-0.,-0.,-1.));
#8328=VECTOR('',#8327,2.);
#8329=LINE('',#8326,#8328);
#8330=EDGE_CURVE('',#8325,#8293,#8329,.T.);
#8331=ORIENTED_EDGE('',*,*,#8330,.F.);
#8332=CARTESIAN_POINT('',(1406.923044738,-909.2,4.4));
#8333=VERTEX_POINT('',#8332);
#8334=CARTESIAN_POINT('',(1393.076955262,-909.2,4.4));
#8335=DIRECTION('',(1.,-0.,-0.));
#8336=VECTOR('',#8335,13.846089476);
#8337=LINE('',#8334,#8336);
#8338=EDGE_CURVE('',#8325,#8333,#8337,.T.);
#8339=ORIENTED_EDGE('',*,*,#8338,.T.);
#8340=CARTESIAN_POINT('',(1406.923044738,-909.2,4.4));
#8341=DIRECTION('',(-0.,-0.,-1.));
#8342=VECTOR('',#8341,2.);
#8343=LINE('',#8340,#8342);
#8344=EDGE_CURVE('',#8333,#8301,#8343,.T.);
#8345=ORIENTED_EDGE('',*,*,#8344,.T.);
#8346=EDGE_LOOP('',(#8323,#8331,#8339,#8345));
#8347=FACE_BOUND('',#8346,.T.);
#8348=ADVANCED_FACE('',(#8347),#8322,.T.);
#8349=CARTESIAN_POINT('',(1407.273044738,-908.85,6.8));
#8350=DIRECTION('',(-0.707106781,0.707106781,0.));
#8351=DIRECTION('',(-0.707106781,-0.707106781,0.));
#8352=AXIS2_PLACEMENT_3D('',#8349,#8350,#8351);
#8353=PLANE('',#8352);
#8354=CARTESIAN_POINT('',(1407.623044738,-908.5,5.4));
#8355=VERTEX_POINT('',#8354);
#8356=CARTESIAN_POINT('',(1406.923044738,-909.2,4.4));
#8357=DIRECTION('',(0.497468338,0.497468338,0.710669055));
#8358=VECTOR('',#8357,1.407124728);
#8359=LINE('',#8356,#8358);
#8360=EDGE_CURVE('',#8333,#8355,#8359,.T.);
#8361=ORIENTED_EDGE('',*,*,#8360,.T.);
#8362=CARTESIAN_POINT('',(1412.5,-903.623044738,5.4));
#8363=VERTEX_POINT('',#8362);
#8364=CARTESIAN_POINT('',(1407.623044738,-908.5,5.4));
#8365=DIRECTION('',(0.707106781,0.707106781,-0.));
#8366=VECTOR('',#8365,6.897056275);
#8367=LINE('',#8364,#8366);
#8368=EDGE_CURVE('',#8355,#8363,#8367,.T.);
#8369=ORIENTED_EDGE('',*,*,#8368,.T.);
#8370=CARTESIAN_POINT('',(1412.5,-903.623044738,5.4));
#8371=DIRECTION('',(0.497468338,0.497468338,-0.710669055));
#8372=VECTOR('',#8371,1.407124728);
#8373=LINE('',#8370,#8372);
#8374=EDGE_CURVE('',#8363,#8167,#8373,.T.);
#8375=ORIENTED_EDGE('',*,*,#8374,.T.);
#8376=ORIENTED_EDGE('',*,*,#8172,.T.);
#8377=ORIENTED_EDGE('',*,*,#8140,.T.);
#8378=CARTESIAN_POINT('',(1412.5,-903.623044738,1.4));
#8379=DIRECTION('',(-0.707106781,-0.707106781,0.));
#8380=VECTOR('',#8379,6.897056275);
#8381=LINE('',#8378,#8380);
#8382=EDGE_CURVE('',#8113,#8253,#8381,.T.);
#8383=ORIENTED_EDGE('',*,*,#8382,.T.);
#8384=ORIENTED_EDGE('',*,*,#8312,.T.);
#8385=ORIENTED_EDGE('',*,*,#8344,.F.);
#8386=EDGE_LOOP('',(#8361,#8369,#8375,#8376,#8377,#8383,#8384,#8385));
#8387=FACE_BOUND('',#8386,.T.);
#8388=ADVANCED_FACE('',(#8387),#8353,.T.);
#8389=CARTESIAN_POINT('',(1387.5,-896.,2.4));
#8390=DIRECTION('',(1.,0.,0.));
#8391=DIRECTION('',(0.,1.,0.));
#8392=AXIS2_PLACEMENT_3D('',#8389,#8390,#8391);
#8393=PLANE('',#8392);
#8394=CARTESIAN_POINT('',(1387.5,-903.623044738,1.4));
#8395=VERTEX_POINT('',#8394);
#8396=CARTESIAN_POINT('',(1387.5,-905.0372583,0.4));
#8397=VERTEX_POINT('',#8396);
#8398=CARTESIAN_POINT('',(1387.5,-903.623044738,1.4));
#8399=DIRECTION('',(0.,-0.816496581,-0.577350269));
#8400=VECTOR('',#8399,1.732050807);
#8401=LINE('',#8398,#8400);
#8402=EDGE_CURVE('',#8395,#8397,#8401,.T.);
#8403=ORIENTED_EDGE('',*,*,#8402,.T.);
#8404=CARTESIAN_POINT('',(1387.5,-886.9627417,0.4));
#8405=VERTEX_POINT('',#8404);
#8406=CARTESIAN_POINT('',(1387.5,-905.0372583,0.4));
#8407=DIRECTION('',(0.,1.,0.));
#8408=VECTOR('',#8407,18.0745166);
#8409=LINE('',#8406,#8408);
#8410=EDGE_CURVE('',#8397,#8405,#8409,.T.);
#8411=ORIENTED_EDGE('',*,*,#8410,.T.);
#8412=CARTESIAN_POINT('',(1387.5,-888.376955262,1.4));
#8413=VERTEX_POINT('',#8412);
#8414=CARTESIAN_POINT('',(1387.5,-886.9627417,0.4));
#8415=DIRECTION('',(0.,-0.816496581,0.577350269));
#8416=VECTOR('',#8415,1.732050807);
#8417=LINE('',#8414,#8416);
#8418=EDGE_CURVE('',#8405,#8413,#8417,.T.);
#8419=ORIENTED_EDGE('',*,*,#8418,.T.);
#8420=CARTESIAN_POINT('',(1387.5,-888.376955262,1.4));
#8421=DIRECTION('',(-0.,-1.,-0.));
#8422=VECTOR('',#8421,15.246089476);
#8423=LINE('',#8420,#8422);
#8424=EDGE_CURVE('',#8413,#8395,#8423,.T.);
#8425=ORIENTED_EDGE('',*,*,#8424,.T.);
#8426=EDGE_LOOP('',(#8403,#8411,#8419,#8425));
#8427=FACE_BOUND('',#8426,.T.);
#8428=ADVANCED_FACE('',(#8427),#8393,.T.);
#8429=CARTESIAN_POINT('',(1387.5,-896.,1.4));
#8430=DIRECTION('',(-0.819231921,0.,-0.573462344));
#8431=DIRECTION('',(0.,-1.,0.));
#8432=AXIS2_PLACEMENT_3D('',#8429,#8430,#8431);
#8433=PLANE('',#8432);
#8434=CARTESIAN_POINT('',(1386.8,-889.076955262,2.4));
#8435=VERTEX_POINT('',#8434);
#8436=CARTESIAN_POINT('',(1386.8,-889.076955262,2.4));
#8437=DIRECTION('',(0.497468338,0.497468338,-0.710669055));
#8438=VECTOR('',#8437,1.407124728);
#8439=LINE('',#8436,#8438);
#8440=EDGE_CURVE('',#8435,#8413,#8439,.T.);
#8441=ORIENTED_EDGE('',*,*,#8440,.F.);
#8442=CARTESIAN_POINT('',(1386.8,-902.923044738,2.4));
#8443=VERTEX_POINT('',#8442);
#8444=CARTESIAN_POINT('',(1386.800000001,-889.076955262,2.4));
#8445=DIRECTION('',(0.,-1.,0.));
#8446=VECTOR('',#8445,13.846089476);
#8447=LINE('',#8444,#8446);
#8448=EDGE_CURVE('',#8435,#8443,#8447,.T.);
#8449=ORIENTED_EDGE('',*,*,#8448,.T.);
#8450=CARTESIAN_POINT('',(1387.5,-903.623044738,1.4));
#8451=DIRECTION('',(-0.497468338,0.497468338,0.710669055));
#8452=VECTOR('',#8451,1.407124728);
#8453=LINE('',#8450,#8452);
#8454=EDGE_CURVE('',#8395,#8443,#8453,.T.);
#8455=ORIENTED_EDGE('',*,*,#8454,.F.);
#8456=ORIENTED_EDGE('',*,*,#8424,.F.);
#8457=EDGE_LOOP('',(#8441,#8449,#8455,#8456));
#8458=FACE_BOUND('',#8457,.T.);
#8459=ADVANCED_FACE('',(#8458),#8433,.F.);
#8460=CARTESIAN_POINT('',(1386.8,-896.,6.8));
#8461=DIRECTION('',(1.,0.,0.));
#8462=DIRECTION('',(0.,1.,0.));
#8463=AXIS2_PLACEMENT_3D('',#8460,#8461,#8462);
#8464=PLANE('',#8463);
#8465=ORIENTED_EDGE('',*,*,#8448,.F.);
#8466=CARTESIAN_POINT('',(1386.8,-889.076955262,4.4));
#8467=VERTEX_POINT('',#8466);
#8468=CARTESIAN_POINT('',(1386.8,-889.076955262,4.4));
#8469=DIRECTION('',(-0.,-0.,-1.));
#8470=VECTOR('',#8469,2.);
#8471=LINE('',#8468,#8470);
#8472=EDGE_CURVE('',#8467,#8435,#8471,.T.);
#8473=ORIENTED_EDGE('',*,*,#8472,.F.);
#8474=CARTESIAN_POINT('',(1386.8,-902.923044738,4.4));
#8475=VERTEX_POINT('',#8474);
#8476=CARTESIAN_POINT('',(1386.8,-889.076955262,4.4));
#8477=DIRECTION('',(-0.,-1.,-0.));
#8478=VECTOR('',#8477,13.846089476);
#8479=LINE('',#8476,#8478);
#8480=EDGE_CURVE('',#8467,#8475,#8479,.T.);
#8481=ORIENTED_EDGE('',*,*,#8480,.T.);
#8482=CARTESIAN_POINT('',(1386.8,-902.923044738,4.4));
#8483=DIRECTION('',(-0.,-0.,-1.));
#8484=VECTOR('',#8483,2.);
#8485=LINE('',#8482,#8484);
#8486=EDGE_CURVE('',#8475,#8443,#8485,.T.);
#8487=ORIENTED_EDGE('',*,*,#8486,.T.);
#8488=EDGE_LOOP('',(#8465,#8473,#8481,#8487));
#8489=FACE_BOUND('',#8488,.T.);
#8490=ADVANCED_FACE('',(#8489),#8464,.T.);
#8491=CARTESIAN_POINT('',(1387.15,-903.273044738,6.8));
#8492=DIRECTION('',(0.707106781,0.707106781,0.));
#8493=DIRECTION('',(-0.707106781,0.707106781,0.));
#8494=AXIS2_PLACEMENT_3D('',#8491,#8492,#8493);
#8495=PLANE('',#8494);
#8496=ORIENTED_EDGE('',*,*,#8298,.T.);
#8497=CARTESIAN_POINT('',(1392.376955262,-908.5,1.4));
#8498=DIRECTION('',(-0.707106781,0.707106781,0.));
#8499=VECTOR('',#8498,6.897056275);
#8500=LINE('',#8497,#8499);
#8501=EDGE_CURVE('',#8271,#8395,#8500,.T.);
#8502=ORIENTED_EDGE('',*,*,#8501,.T.);
#8503=ORIENTED_EDGE('',*,*,#8454,.T.);
#8504=ORIENTED_EDGE('',*,*,#8486,.F.);
#8505=CARTESIAN_POINT('',(1387.5,-903.623044738,5.4));
#8506=VERTEX_POINT('',#8505);
#8507=CARTESIAN_POINT('',(1386.8,-902.923044738,4.4));
#8508=DIRECTION('',(0.497468338,-0.497468338,0.710669055));
#8509=VECTOR('',#8508,1.407124728);
#8510=LINE('',#8507,#8509);
#8511=EDGE_CURVE('',#8475,#8506,#8510,.T.);
#8512=ORIENTED_EDGE('',*,*,#8511,.T.);
#8513=CARTESIAN_POINT('',(1392.376955262,-908.5,5.4));
#8514=VERTEX_POINT('',#8513);
#8515=CARTESIAN_POINT('',(1387.5,-903.623044738,5.4));
#8516=DIRECTION('',(0.707106781,-0.707106781,-0.));
#8517=VECTOR('',#8516,6.897056275);
#8518=LINE('',#8515,#8517);
#8519=EDGE_CURVE('',#8506,#8514,#8518,.T.);
#8520=ORIENTED_EDGE('',*,*,#8519,.T.);
#8521=CARTESIAN_POINT('',(1392.376955262,-908.5,5.4));
#8522=DIRECTION('',(0.497468338,-0.497468338,-0.710669055));
#8523=VECTOR('',#8522,1.407124728);
#8524=LINE('',#8521,#8523);
#8525=EDGE_CURVE('',#8514,#8325,#8524,.T.);
#8526=ORIENTED_EDGE('',*,*,#8525,.T.);
#8527=ORIENTED_EDGE('',*,*,#8330,.T.);
#8528=EDGE_LOOP('',(#8496,#8502,#8503,#8504,#8512,#8520,#8526,#8527));
#8529=FACE_BOUND('',#8528,.T.);
#8530=ADVANCED_FACE('',(#8529),#8495,.T.);
#8531=CARTESIAN_POINT('',(1400.,-883.5,2.4));
#8532=DIRECTION('',(0.,-1.,0.));
#8533=DIRECTION('',(1.,0.,0.));
#8534=AXIS2_PLACEMENT_3D('',#8531,#8532,#8533);
#8535=PLANE('',#8534);
#8536=CARTESIAN_POINT('',(1392.376955262,-883.5,1.4));
#8537=VERTEX_POINT('',#8536);
#8538=CARTESIAN_POINT('',(1390.9627417,-883.5,0.4));
#8539=VERTEX_POINT('',#8538);
#8540=CARTESIAN_POINT('',(1392.376955262,-883.5,1.4));
#8541=DIRECTION('',(-0.816496581,0.,-0.577350269));
#8542=VECTOR('',#8541,1.732050807);
#8543=LINE('',#8540,#8542);
#8544=EDGE_CURVE('',#8537,#8539,#8543,.T.);
#8545=ORIENTED_EDGE('',*,*,#8544,.T.);
#8546=CARTESIAN_POINT('',(1409.0372583,-883.5,0.4));
#8547=VERTEX_POINT('',#8546);
#8548=CARTESIAN_POINT('',(1390.9627417,-883.5,0.4));
#8549=DIRECTION('',(1.,0.,-0.));
#8550=VECTOR('',#8549,18.0745166);
#8551=LINE('',#8548,#8550);
#8552=EDGE_CURVE('',#8539,#8547,#8551,.T.);
#8553=ORIENTED_EDGE('',*,*,#8552,.T.);
#8554=CARTESIAN_POINT('',(1409.0372583,-883.5,0.4));
#8555=DIRECTION('',(-0.816496581,0.,0.577350269));
#8556=VECTOR('',#8555,1.732050807);
#8557=LINE('',#8554,#8556);
#8558=EDGE_CURVE('',#8547,#8229,#8557,.T.);
#8559=ORIENTED_EDGE('',*,*,#8558,.T.);
#8560=CARTESIAN_POINT('',(1407.623044738,-883.5,1.4));
#8561=DIRECTION('',(-1.,-0.,0.));
#8562=VECTOR('',#8561,15.246089476);
#8563=LINE('',#8560,#8562);
#8564=EDGE_CURVE('',#8229,#8537,#8563,.T.);
#8565=ORIENTED_EDGE('',*,*,#8564,.T.);
#8566=EDGE_LOOP('',(#8545,#8553,#8559,#8565));
#8567=FACE_BOUND('',#8566,.T.);
#8568=ADVANCED_FACE('',(#8567),#8535,.T.);
#8569=CARTESIAN_POINT('',(1400.,-883.5,1.4));
#8570=DIRECTION('',(0.,0.819231921,-0.573462344));
#8571=DIRECTION('',(-1.,0.,0.));
#8572=AXIS2_PLACEMENT_3D('',#8569,#8570,#8571);
#8573=PLANE('',#8572);
#8574=ORIENTED_EDGE('',*,*,#8234,.F.);
#8575=CARTESIAN_POINT('',(1393.076955262,-882.8,2.4));
#8576=VERTEX_POINT('',#8575);
#8577=CARTESIAN_POINT('',(1406.923044738,-882.800000001,2.4));
#8578=DIRECTION('',(-1.,0.,0.));
#8579=VECTOR('',#8578,13.846089476);
#8580=LINE('',#8577,#8579);
#8581=EDGE_CURVE('',#8221,#8576,#8580,.T.);
#8582=ORIENTED_EDGE('',*,*,#8581,.T.);
#8583=CARTESIAN_POINT('',(1392.376955262,-883.5,1.4));
#8584=DIRECTION('',(0.497468338,0.497468338,0.710669055));
#8585=VECTOR('',#8584,1.407124728);
#8586=LINE('',#8583,#8585);
#8587=EDGE_CURVE('',#8537,#8576,#8586,.T.);
#8588=ORIENTED_EDGE('',*,*,#8587,.F.);
#8589=ORIENTED_EDGE('',*,*,#8564,.F.);
#8590=EDGE_LOOP('',(#8574,#8582,#8588,#8589));
#8591=FACE_BOUND('',#8590,.T.);
#8592=ADVANCED_FACE('',(#8591),#8573,.F.);
#8593=CARTESIAN_POINT('',(1400.,-882.8,6.8));
#8594=DIRECTION('',(0.,-1.,0.));
#8595=DIRECTION('',(1.,0.,0.));
#8596=AXIS2_PLACEMENT_3D('',#8593,#8594,#8595);
#8597=PLANE('',#8596);
#8598=ORIENTED_EDGE('',*,*,#8581,.F.);
#8599=ORIENTED_EDGE('',*,*,#8226,.F.);
#8600=CARTESIAN_POINT('',(1393.076955262,-882.8,4.4));
#8601=VERTEX_POINT('',#8600);
#8602=CARTESIAN_POINT('',(1406.923044738,-882.8,4.4));
#8603=DIRECTION('',(-1.,-0.,0.));
#8604=VECTOR('',#8603,13.846089476);
#8605=LINE('',#8602,#8604);
#8606=EDGE_CURVE('',#8213,#8601,#8605,.T.);
#8607=ORIENTED_EDGE('',*,*,#8606,.T.);
#8608=CARTESIAN_POINT('',(1393.076955262,-882.8,4.4));
#8609=DIRECTION('',(-0.,-0.,-1.));
#8610=VECTOR('',#8609,2.);
#8611=LINE('',#8608,#8610);
#8612=EDGE_CURVE('',#8601,#8576,#8611,.T.);
#8613=ORIENTED_EDGE('',*,*,#8612,.T.);
#8614=EDGE_LOOP('',(#8598,#8599,#8607,#8613));
#8615=FACE_BOUND('',#8614,.T.);
#8616=ADVANCED_FACE('',(#8615),#8597,.T.);
#8617=CARTESIAN_POINT('',(1392.726955262,-883.15,6.8));
#8618=DIRECTION('',(0.707106781,-0.707106781,0.));
#8619=DIRECTION('',(0.707106781,0.707106781,0.));
#8620=AXIS2_PLACEMENT_3D('',#8617,#8618,#8619);
#8621=PLANE('',#8620);
#8622=ORIENTED_EDGE('',*,*,#8440,.T.);
#8623=CARTESIAN_POINT('',(1387.5,-888.376955262,1.4));
#8624=DIRECTION('',(0.707106781,0.707106781,0.));
#8625=VECTOR('',#8624,6.897056275);
#8626=LINE('',#8623,#8625);
#8627=EDGE_CURVE('',#8413,#8537,#8626,.T.);
#8628=ORIENTED_EDGE('',*,*,#8627,.T.);
#8629=ORIENTED_EDGE('',*,*,#8587,.T.);
#8630=ORIENTED_EDGE('',*,*,#8612,.F.);
#8631=CARTESIAN_POINT('',(1392.376955262,-883.5,5.4));
#8632=VERTEX_POINT('',#8631);
#8633=CARTESIAN_POINT('',(1393.076955262,-882.8,4.4));
#8634=DIRECTION('',(-0.497468338,-0.497468338,0.710669055));
#8635=VECTOR('',#8634,1.407124728);
#8636=LINE('',#8633,#8635);
#8637=EDGE_CURVE('',#8601,#8632,#8636,.T.);
#8638=ORIENTED_EDGE('',*,*,#8637,.T.);
#8639=CARTESIAN_POINT('',(1387.5,-888.376955262,5.4));
#8640=VERTEX_POINT('',#8639);
#8641=CARTESIAN_POINT('',(1392.376955262,-883.5,5.4));
#8642=DIRECTION('',(-0.707106781,-0.707106781,-0.));
#8643=VECTOR('',#8642,6.897056275);
#8644=LINE('',#8641,#8643);
#8645=EDGE_CURVE('',#8632,#8640,#8644,.T.);
#8646=ORIENTED_EDGE('',*,*,#8645,.T.);
#8647=CARTESIAN_POINT('',(1387.5,-888.376955262,5.4));
#8648=DIRECTION('',(-0.497468338,-0.497468338,-0.710669055));
#8649=VECTOR('',#8648,1.407124728);
#8650=LINE('',#8647,#8649);
#8651=EDGE_CURVE('',#8640,#8467,#8650,.T.);
#8652=ORIENTED_EDGE('',*,*,#8651,.T.);
#8653=ORIENTED_EDGE('',*,*,#8472,.T.);
#8654=EDGE_LOOP('',(#8622,#8628,#8629,#8630,#8638,#8646,#8652,#8653));
#8655=FACE_BOUND('',#8654,.T.);
#8656=ADVANCED_FACE('',(#8655),#8621,.T.);
#8657=CARTESIAN_POINT('',(1407.961522369,-910.,6.8));
#8658=DIRECTION('',(0.,1.,0.));
#8659=DIRECTION('',(0.,0.,1.));
#8660=AXIS2_PLACEMENT_3D('',#8657,#8658,#8659);
#8661=PLANE('',#8660);
#8662=CARTESIAN_POINT('',(1411.432776641,-910.,4.6));
#8663=VERTEX_POINT('',#8662);
#8664=CARTESIAN_POINT('',(1416.567223359,-910.,4.6));
#8665=VERTEX_POINT('',#8664);
#8666=CARTESIAN_POINT('',(1411.432776641,-910.,4.6));
#8667=DIRECTION('',(1.,0.,-0.));
#8668=VECTOR('',#8667,5.134446718);
#8669=LINE('',#8666,#8668);
#8670=EDGE_CURVE('',#8663,#8665,#8669,.T.);
#8671=ORIENTED_EDGE('',*,*,#8670,.T.);
#8672=CARTESIAN_POINT('',(1416.567223359,-910.,2.2));
#8673=VERTEX_POINT('',#8672);
#8674=CARTESIAN_POINT('',(1416.567223359,-910.,2.2));
#8675=DIRECTION('',(-0.,-0.,1.));
#8676=VECTOR('',#8675,2.4);
#8677=LINE('',#8674,#8676);
#8678=EDGE_CURVE('',#8673,#8665,#8677,.T.);
#8679=ORIENTED_EDGE('',*,*,#8678,.F.);
#8680=CARTESIAN_POINT('',(1411.432776641,-910.,2.2));
#8681=VERTEX_POINT('',#8680);
#8682=CARTESIAN_POINT('',(1411.432776641,-910.,2.2));
#8683=DIRECTION('',(1.,0.,-0.));
#8684=VECTOR('',#8683,5.134446718);
#8685=LINE('',#8682,#8684);
#8686=EDGE_CURVE('',#8681,#8673,#8685,.T.);
#8687=ORIENTED_EDGE('',*,*,#8686,.F.);
#8688=CARTESIAN_POINT('',(1411.432776641,-910.,4.6));
#8689=DIRECTION('',(0.,0.,-1.));
#8690=VECTOR('',#8689,2.4);
#8691=LINE('',#8688,#8690);
#8692=EDGE_CURVE('',#8663,#8681,#8691,.T.);
#8693=ORIENTED_EDGE('',*,*,#8692,.F.);
#8694=EDGE_LOOP('',(#8671,#8679,#8687,#8693));
#8695=FACE_BOUND('',#8694,.T.);
#8696=CARTESIAN_POINT('',(1437.8,-910.,0.));
#8697=DIRECTION('',(0.,0.,1.));
#8698=VECTOR('',#8697,6.8);
#8699=LINE('',#8696,#8698);
#8700=EDGE_CURVE('',#99,#1979,#8699,.T.);
#8701=ORIENTED_EDGE('',*,*,#8700,.T.);
#8702=ORIENTED_EDGE('',*,*,#1984,.F.);
#8703=CARTESIAN_POINT('',(1390.2,-910.,6.8));
#8704=DIRECTION('',(-0.,-0.,-1.));
#8705=VECTOR('',#8704,6.8);
#8706=LINE('',#8703,#8705);
#8707=EDGE_CURVE('',#1971,#107,#8706,.T.);
#8708=ORIENTED_EDGE('',*,*,#8707,.T.);
#8709=ORIENTED_EDGE('',*,*,#112,.T.);
#8710=EDGE_LOOP('',(#8701,#8702,#8708,#8709));
#8711=FACE_BOUND('',#8710,.T.);
#8712=ADVANCED_FACE('',(#8695,#8711),#8661,.F.);
#8713=CARTESIAN_POINT('',(1412.5,-896.,4.4));
#8714=DIRECTION('',(-1.,0.,0.));
#8715=DIRECTION('',(0.,-1.,0.));
#8716=AXIS2_PLACEMENT_3D('',#8713,#8714,#8715);
#8717=PLANE('',#8716);
#8718=CARTESIAN_POINT('',(1412.5,-905.0372583,6.4));
#8719=VERTEX_POINT('',#8718);
#8720=CARTESIAN_POINT('',(1412.5,-903.623044738,5.4));
#8721=DIRECTION('',(0.,-0.816496581,0.577350269));
#8722=VECTOR('',#8721,1.732050807);
#8723=LINE('',#8720,#8722);
#8724=EDGE_CURVE('',#8363,#8719,#8723,.T.);
#8725=ORIENTED_EDGE('',*,*,#8724,.T.);
#8726=CARTESIAN_POINT('',(1412.5,-886.9627417,6.4));
#8727=VERTEX_POINT('',#8726);
#8728=CARTESIAN_POINT('',(1412.5,-905.0372583,6.4));
#8729=DIRECTION('',(-0.,1.,-0.));
#8730=VECTOR('',#8729,18.0745166);
#8731=LINE('',#8728,#8730);
#8732=EDGE_CURVE('',#8719,#8727,#8731,.T.);
#8733=ORIENTED_EDGE('',*,*,#8732,.T.);
#8734=CARTESIAN_POINT('',(1412.5,-886.9627417,6.4));
#8735=DIRECTION('',(0.,-0.816496581,-0.577350269));
#8736=VECTOR('',#8735,1.732050807);
#8737=LINE('',#8734,#8736);
#8738=EDGE_CURVE('',#8727,#8197,#8737,.T.);
#8739=ORIENTED_EDGE('',*,*,#8738,.T.);
#8740=CARTESIAN_POINT('',(1412.5,-888.376955262,5.4));
#8741=DIRECTION('',(0.,-1.,0.));
#8742=VECTOR('',#8741,15.246089476);
#8743=LINE('',#8740,#8742);
#8744=EDGE_CURVE('',#8197,#8363,#8743,.T.);
#8745=ORIENTED_EDGE('',*,*,#8744,.T.);
#8746=EDGE_LOOP('',(#8725,#8733,#8739,#8745));
#8747=FACE_BOUND('',#8746,.T.);
#8748=ADVANCED_FACE('',(#8747),#8717,.T.);
#8749=CARTESIAN_POINT('',(1412.5,-896.,5.4));
#8750=DIRECTION('',(-0.819231921,0.,-0.573462344));
#8751=DIRECTION('',(0.,1.,0.));
#8752=AXIS2_PLACEMENT_3D('',#8749,#8750,#8751);
#8753=PLANE('',#8752);
#8754=ORIENTED_EDGE('',*,*,#8202,.F.);
#8755=ORIENTED_EDGE('',*,*,#8180,.F.);
#8756=ORIENTED_EDGE('',*,*,#8374,.F.);
#8757=ORIENTED_EDGE('',*,*,#8744,.F.);
#8758=EDGE_LOOP('',(#8754,#8755,#8756,#8757));
#8759=FACE_BOUND('',#8758,.T.);
#8760=ADVANCED_FACE('',(#8759),#8753,.T.);
#8761=CARTESIAN_POINT('',(1400.,-908.5,4.4));
#8762=DIRECTION('',(0.,1.,0.));
#8763=DIRECTION('',(-1.,0.,0.));
#8764=AXIS2_PLACEMENT_3D('',#8761,#8762,#8763);
#8765=PLANE('',#8764);
#8766=CARTESIAN_POINT('',(1390.9627417,-908.5,6.4));
#8767=VERTEX_POINT('',#8766);
#8768=CARTESIAN_POINT('',(1392.376955262,-908.5,5.4));
#8769=DIRECTION('',(-0.816496581,0.,0.577350269));
#8770=VECTOR('',#8769,1.732050807);
#8771=LINE('',#8768,#8770);
#8772=EDGE_CURVE('',#8514,#8767,#8771,.T.);
#8773=ORIENTED_EDGE('',*,*,#8772,.T.);
#8774=CARTESIAN_POINT('',(1409.0372583,-908.5,6.4));
#8775=VERTEX_POINT('',#8774);
#8776=CARTESIAN_POINT('',(1390.9627417,-908.5,6.4));
#8777=DIRECTION('',(1.,-0.,-0.));
#8778=VECTOR('',#8777,18.0745166);
#8779=LINE('',#8776,#8778);
#8780=EDGE_CURVE('',#8767,#8775,#8779,.T.);
#8781=ORIENTED_EDGE('',*,*,#8780,.T.);
#8782=CARTESIAN_POINT('',(1409.0372583,-908.5,6.4));
#8783=DIRECTION('',(-0.816496581,0.,-0.577350269));
#8784=VECTOR('',#8783,1.732050807);
#8785=LINE('',#8782,#8784);
#8786=EDGE_CURVE('',#8775,#8355,#8785,.T.);
#8787=ORIENTED_EDGE('',*,*,#8786,.T.);
#8788=CARTESIAN_POINT('',(1407.623044738,-908.5,5.4));
#8789=DIRECTION('',(-1.,0.,0.));
#8790=VECTOR('',#8789,15.246089476);
#8791=LINE('',#8788,#8790);
#8792=EDGE_CURVE('',#8355,#8514,#8791,.T.);
#8793=ORIENTED_EDGE('',*,*,#8792,.T.);
#8794=EDGE_LOOP('',(#8773,#8781,#8787,#8793));
#8795=FACE_BOUND('',#8794,.T.);
#8796=ADVANCED_FACE('',(#8795),#8765,.T.);
#8797=CARTESIAN_POINT('',(1400.,-908.5,5.4));
#8798=DIRECTION('',(0.,0.819231921,-0.573462344));
#8799=DIRECTION('',(1.,0.,0.));
#8800=AXIS2_PLACEMENT_3D('',#8797,#8798,#8799);
#8801=PLANE('',#8800);
#8802=ORIENTED_EDGE('',*,*,#8360,.F.);
#8803=ORIENTED_EDGE('',*,*,#8338,.F.);
#8804=ORIENTED_EDGE('',*,*,#8525,.F.);
#8805=ORIENTED_EDGE('',*,*,#8792,.F.);
#8806=EDGE_LOOP('',(#8802,#8803,#8804,#8805));
#8807=FACE_BOUND('',#8806,.T.);
#8808=ADVANCED_FACE('',(#8807),#8801,.T.);
#8809=CARTESIAN_POINT('',(1387.5,-896.,4.4));
#8810=DIRECTION('',(1.,0.,0.));
#8811=DIRECTION('',(0.,1.,0.));
#8812=AXIS2_PLACEMENT_3D('',#8809,#8810,#8811);
#8813=PLANE('',#8812);
#8814=CARTESIAN_POINT('',(1387.5,-886.9627417,6.4));
#8815=VERTEX_POINT('',#8814);
#8816=CARTESIAN_POINT('',(1387.5,-888.376955262,5.4));
#8817=DIRECTION('',(0.,0.816496581,0.577350269));
#8818=VECTOR('',#8817,1.732050807);
#8819=LINE('',#8816,#8818);
#8820=EDGE_CURVE('',#8640,#8815,#8819,.T.);
#8821=ORIENTED_EDGE('',*,*,#8820,.T.);
#8822=CARTESIAN_POINT('',(1387.5,-905.0372583,6.4));
#8823=VERTEX_POINT('',#8822);
#8824=CARTESIAN_POINT('',(1387.5,-886.9627417,6.4));
#8825=DIRECTION('',(-0.,-1.,-0.));
#8826=VECTOR('',#8825,18.0745166);
#8827=LINE('',#8824,#8826);
#8828=EDGE_CURVE('',#8815,#8823,#8827,.T.);
#8829=ORIENTED_EDGE('',*,*,#8828,.T.);
#8830=CARTESIAN_POINT('',(1387.5,-905.0372583,6.4));
#8831=DIRECTION('',(0.,0.816496581,-0.577350269));
#8832=VECTOR('',#8831,1.732050807);
#8833=LINE('',#8830,#8832);
#8834=EDGE_CURVE('',#8823,#8506,#8833,.T.);
#8835=ORIENTED_EDGE('',*,*,#8834,.T.);
#8836=CARTESIAN_POINT('',(1387.5,-903.623044738,5.4));
#8837=DIRECTION('',(0.,1.,0.));
#8838=VECTOR('',#8837,15.246089476);
#8839=LINE('',#8836,#8838);
#8840=EDGE_CURVE('',#8506,#8640,#8839,.T.);
#8841=ORIENTED_EDGE('',*,*,#8840,.T.);
#8842=EDGE_LOOP('',(#8821,#8829,#8835,#8841));
#8843=FACE_BOUND('',#8842,.T.);
#8844=ADVANCED_FACE('',(#8843),#8813,.T.);
#8845=CARTESIAN_POINT('',(1387.5,-896.,5.4));
#8846=DIRECTION('',(0.819231921,0.,-0.573462344));
#8847=DIRECTION('',(0.,-1.,0.));
#8848=AXIS2_PLACEMENT_3D('',#8845,#8846,#8847);
#8849=PLANE('',#8848);
#8850=ORIENTED_EDGE('',*,*,#8511,.F.);
#8851=ORIENTED_EDGE('',*,*,#8480,.F.);
#8852=ORIENTED_EDGE('',*,*,#8651,.F.);
#8853=ORIENTED_EDGE('',*,*,#8840,.F.);
#8854=EDGE_LOOP('',(#8850,#8851,#8852,#8853));
#8855=FACE_BOUND('',#8854,.T.);
#8856=ADVANCED_FACE('',(#8855),#8849,.T.);
#8857=CARTESIAN_POINT('',(1400.,-883.5,4.4));
#8858=DIRECTION('',(0.,-1.,0.));
#8859=DIRECTION('',(1.,0.,0.));
#8860=AXIS2_PLACEMENT_3D('',#8857,#8858,#8859);
#8861=PLANE('',#8860);
#8862=CARTESIAN_POINT('',(1409.0372583,-883.5,6.4));
#8863=VERTEX_POINT('',#8862);
#8864=CARTESIAN_POINT('',(1407.623044738,-883.5,5.4));
#8865=DIRECTION('',(0.816496581,0.,0.577350269));
#8866=VECTOR('',#8865,1.732050807);
#8867=LINE('',#8864,#8866);
#8868=EDGE_CURVE('',#8205,#8863,#8867,.T.);
#8869=ORIENTED_EDGE('',*,*,#8868,.T.);
#8870=CARTESIAN_POINT('',(1390.9627417,-883.5,6.4));
#8871=VERTEX_POINT('',#8870);
#8872=CARTESIAN_POINT('',(1409.0372583,-883.5,6.4));
#8873=DIRECTION('',(-1.,-0.,0.));
#8874=VECTOR('',#8873,18.0745166);
#8875=LINE('',#8872,#8874);
#8876=EDGE_CURVE('',#8863,#8871,#8875,.T.);
#8877=ORIENTED_EDGE('',*,*,#8876,.T.);
#8878=CARTESIAN_POINT('',(1390.9627417,-883.5,6.4));
#8879=DIRECTION('',(0.816496581,0.,-0.577350269));
#8880=VECTOR('',#8879,1.732050807);
#8881=LINE('',#8878,#8880);
#8882=EDGE_CURVE('',#8871,#8632,#8881,.T.);
#8883=ORIENTED_EDGE('',*,*,#8882,.T.);
#8884=CARTESIAN_POINT('',(1392.376955262,-883.5,5.4));
#8885=DIRECTION('',(1.,0.,-0.));
#8886=VECTOR('',#8885,15.246089476);
#8887=LINE('',#8884,#8886);
#8888=EDGE_CURVE('',#8632,#8205,#8887,.T.);
#8889=ORIENTED_EDGE('',*,*,#8888,.T.);
#8890=EDGE_LOOP('',(#8869,#8877,#8883,#8889));
#8891=FACE_BOUND('',#8890,.T.);
#8892=ADVANCED_FACE('',(#8891),#8861,.T.);
#8893=CARTESIAN_POINT('',(1400.,-883.5,5.4));
#8894=DIRECTION('',(0.,-0.819231921,-0.573462344));
#8895=DIRECTION('',(-1.,0.,0.));
#8896=AXIS2_PLACEMENT_3D('',#8893,#8894,#8895);
#8897=PLANE('',#8896);
#8898=ORIENTED_EDGE('',*,*,#8637,.F.);
#8899=ORIENTED_EDGE('',*,*,#8606,.F.);
#8900=ORIENTED_EDGE('',*,*,#8218,.F.);
#8901=ORIENTED_EDGE('',*,*,#8888,.F.);
#8902=EDGE_LOOP('',(#8898,#8899,#8900,#8901));
#8903=FACE_BOUND('',#8902,.T.);
#8904=ADVANCED_FACE('',(#8903),#8897,.T.);
#8905=CARTESIAN_POINT('',(1388.948528137,-884.948528137,0.));
#8906=DIRECTION('',(0.5,-0.5,-0.707106781));
#8907=DIRECTION('',(0.707106781,0.707106781,0.));
#8908=AXIS2_PLACEMENT_3D('',#8905,#8906,#8907);
#8909=PLANE('',#8908);
#8910=ORIENTED_EDGE('',*,*,#8544,.F.);
#8911=ORIENTED_EDGE('',*,*,#8627,.F.);
#8912=ORIENTED_EDGE('',*,*,#8418,.F.);
#8913=CARTESIAN_POINT('',(1387.5,-886.9627417,0.4));
#8914=DIRECTION('',(-0.678598344,0.281084638,-0.678598345));
#8915=VECTOR('',#8914,0.589450303);
#8916=LINE('',#8913,#8915);
#8917=EDGE_CURVE('',#8405,#413,#8916,.T.);
#8918=ORIENTED_EDGE('',*,*,#8917,.T.);
#8919=ORIENTED_EDGE('',*,*,#418,.F.);
#8920=CARTESIAN_POINT('',(1390.797056275,-883.1,0.));
#8921=DIRECTION('',(0.281084638,-0.678598344,0.678598345));
#8922=VECTOR('',#8921,0.589450303);
#8923=LINE('',#8920,#8922);
#8924=EDGE_CURVE('',#405,#8539,#8923,.T.);
#8925=ORIENTED_EDGE('',*,*,#8924,.T.);
#8926=EDGE_LOOP('',(#8910,#8911,#8912,#8918,#8919,#8925));
#8927=FACE_BOUND('',#8926,.T.);
#8928=ADVANCED_FACE('',(#8927),#8909,.T.);
#8929=CARTESIAN_POINT('',(1392.726955262,-883.15,5.4));
#8930=DIRECTION('',(-0.5,0.5,-0.707106781));
#8931=DIRECTION('',(-0.707106781,-0.707106781,0.));
#8932=AXIS2_PLACEMENT_3D('',#8929,#8930,#8931);
#8933=PLANE('',#8932);
#8934=ORIENTED_EDGE('',*,*,#8882,.F.);
#8935=CARTESIAN_POINT('',(1390.9627417,-883.5,6.4));
#8936=DIRECTION('',(-0.281084638,0.678598344,0.678598345));
#8937=VECTOR('',#8936,0.589450303);
#8938=LINE('',#8935,#8937);
#8939=EDGE_CURVE('',#8871,#2219,#8938,.T.);
#8940=ORIENTED_EDGE('',*,*,#8939,.T.);
#8941=ORIENTED_EDGE('',*,*,#2224,.F.);
#8942=CARTESIAN_POINT('',(1387.1,-886.797056275,6.8));
#8943=DIRECTION('',(0.678598344,-0.281084638,-0.678598345));
#8944=VECTOR('',#8943,0.589450303);
#8945=LINE('',#8942,#8944);
#8946=EDGE_CURVE('',#2211,#8815,#8945,.T.);
#8947=ORIENTED_EDGE('',*,*,#8946,.T.);
#8948=ORIENTED_EDGE('',*,*,#8820,.F.);
#8949=ORIENTED_EDGE('',*,*,#8645,.F.);
#8950=EDGE_LOOP('',(#8934,#8940,#8941,#8947,#8948,#8949));
#8951=FACE_BOUND('',#8950,.T.);
#8952=ADVANCED_FACE('',(#8951),#8933,.F.);
#8953=CARTESIAN_POINT('',(1407.273044738,-908.85,5.4));
#8954=DIRECTION('',(0.5,-0.5,-0.707106781));
#8955=DIRECTION('',(0.707106781,0.707106781,0.));
#8956=AXIS2_PLACEMENT_3D('',#8953,#8954,#8955);
#8957=PLANE('',#8956);
#8958=ORIENTED_EDGE('',*,*,#8786,.F.);
#8959=CARTESIAN_POINT('',(1409.0372583,-908.5,6.4));
#8960=DIRECTION('',(0.281084638,-0.678598344,0.678598345));
#8961=VECTOR('',#8960,0.589450303);
#8962=LINE('',#8959,#8961);
#8963=EDGE_CURVE('',#8775,#2251,#8962,.T.);
#8964=ORIENTED_EDGE('',*,*,#8963,.T.);
#8965=ORIENTED_EDGE('',*,*,#2256,.F.);
#8966=CARTESIAN_POINT('',(1412.9,-905.202943725,6.8));
#8967=DIRECTION('',(-0.678598344,0.281084638,-0.678598345));
#8968=VECTOR('',#8967,0.589450303);
#8969=LINE('',#8966,#8968);
#8970=EDGE_CURVE('',#2243,#8719,#8969,.T.);
#8971=ORIENTED_EDGE('',*,*,#8970,.T.);
#8972=ORIENTED_EDGE('',*,*,#8724,.F.);
#8973=ORIENTED_EDGE('',*,*,#8368,.F.);
#8974=EDGE_LOOP('',(#8958,#8964,#8965,#8971,#8972,#8973));
#8975=FACE_BOUND('',#8974,.T.);
#8976=ADVANCED_FACE('',(#8975),#8957,.F.);
#8977=CARTESIAN_POINT('',(1388.948528137,-907.051471863,0.));
#8978=DIRECTION('',(0.5,0.5,-0.707106781));
#8979=DIRECTION('',(-0.707106781,0.707106781,0.));
#8980=AXIS2_PLACEMENT_3D('',#8977,#8978,#8979);
#8981=PLANE('',#8980);
#8982=ORIENTED_EDGE('',*,*,#8402,.F.);
#8983=ORIENTED_EDGE('',*,*,#8501,.F.);
#8984=ORIENTED_EDGE('',*,*,#8276,.F.);
#8985=CARTESIAN_POINT('',(1390.9627417,-908.5,0.4));
#8986=DIRECTION('',(-0.281084638,-0.678598344,-0.678598345));
#8987=VECTOR('',#8986,0.589450303);
#8988=LINE('',#8985,#8987);
#8989=EDGE_CURVE('',#8263,#429,#8988,.T.);
#8990=ORIENTED_EDGE('',*,*,#8989,.T.);
#8991=ORIENTED_EDGE('',*,*,#434,.F.);
#8992=CARTESIAN_POINT('',(1387.1,-905.202943725,0.));
#8993=DIRECTION('',(0.678598344,0.281084638,0.678598345));
#8994=VECTOR('',#8993,0.589450303);
#8995=LINE('',#8992,#8994);
#8996=EDGE_CURVE('',#421,#8397,#8995,.T.);
#8997=ORIENTED_EDGE('',*,*,#8996,.T.);
#8998=EDGE_LOOP('',(#8982,#8983,#8984,#8990,#8991,#8997));
#8999=FACE_BOUND('',#8998,.T.);
#9000=ADVANCED_FACE('',(#8999),#8981,.T.);
#9001=CARTESIAN_POINT('',(1412.85,-888.726955262,5.4));
#9002=DIRECTION('',(0.5,0.5,-0.707106781));
#9003=DIRECTION('',(-0.707106781,0.707106781,0.));
#9004=AXIS2_PLACEMENT_3D('',#9001,#9002,#9003);
#9005=PLANE('',#9004);
#9006=ORIENTED_EDGE('',*,*,#8738,.F.);
#9007=CARTESIAN_POINT('',(1412.5,-886.9627417,6.4));
#9008=DIRECTION('',(0.678598344,0.281084638,0.678598345));
#9009=VECTOR('',#9008,0.589450303);
#9010=LINE('',#9007,#9009);
#9011=EDGE_CURVE('',#8727,#2235,#9010,.T.);
#9012=ORIENTED_EDGE('',*,*,#9011,.T.);
#9013=ORIENTED_EDGE('',*,*,#2240,.F.);
#9014=CARTESIAN_POINT('',(1409.202943725,-883.1,6.8));
#9015=DIRECTION('',(-0.281084638,-0.678598344,-0.678598345));
#9016=VECTOR('',#9015,0.589450303);
#9017=LINE('',#9014,#9016);
#9018=EDGE_CURVE('',#2227,#8863,#9017,.T.);
#9019=ORIENTED_EDGE('',*,*,#9018,.T.);
#9020=ORIENTED_EDGE('',*,*,#8868,.F.);
#9021=ORIENTED_EDGE('',*,*,#8210,.F.);
#9022=EDGE_LOOP('',(#9006,#9012,#9013,#9019,#9020,#9021));
#9023=FACE_BOUND('',#9022,.T.);
#9024=ADVANCED_FACE('',(#9023),#9005,.F.);
#9025=CARTESIAN_POINT('',(1411.051471863,-907.051471863,0.));
#9026=DIRECTION('',(-0.5,0.5,-0.707106781));
#9027=DIRECTION('',(-0.707106781,-0.707106781,0.));
#9028=AXIS2_PLACEMENT_3D('',#9025,#9026,#9027);
#9029=PLANE('',#9028);
#9030=ORIENTED_EDGE('',*,*,#8260,.F.);
#9031=ORIENTED_EDGE('',*,*,#8382,.F.);
#9032=ORIENTED_EDGE('',*,*,#8118,.F.);
#9033=CARTESIAN_POINT('',(1412.5,-905.0372583,0.4));
#9034=DIRECTION('',(0.678598344,-0.281084638,-0.678598345));
#9035=VECTOR('',#9034,0.589450303);
#9036=LINE('',#9033,#9035);
#9037=EDGE_CURVE('',#8105,#445,#9036,.T.);
#9038=ORIENTED_EDGE('',*,*,#9037,.T.);
#9039=ORIENTED_EDGE('',*,*,#450,.F.);
#9040=CARTESIAN_POINT('',(1409.202943725,-908.9,0.));
#9041=DIRECTION('',(-0.281084638,0.678598344,0.678598345));
#9042=VECTOR('',#9041,0.589450303);
#9043=LINE('',#9040,#9042);
#9044=EDGE_CURVE('',#437,#8255,#9043,.T.);
#9045=ORIENTED_EDGE('',*,*,#9044,.T.);
#9046=EDGE_LOOP('',(#9030,#9031,#9032,#9038,#9039,#9045));
#9047=FACE_BOUND('',#9046,.T.);
#9048=ADVANCED_FACE('',(#9047),#9029,.T.);
#9049=CARTESIAN_POINT('',(1411.051471863,-884.948528137,0.));
#9050=DIRECTION('',(-0.5,-0.5,-0.707106781));
#9051=DIRECTION('',(0.707106781,-0.707106781,0.));
#9052=AXIS2_PLACEMENT_3D('',#9049,#9050,#9051);
#9053=PLANE('',#9052);
#9054=ORIENTED_EDGE('',*,*,#8102,.F.);
#9055=ORIENTED_EDGE('',*,*,#8240,.F.);
#9056=ORIENTED_EDGE('',*,*,#8558,.F.);
#9057=CARTESIAN_POINT('',(1409.0372583,-883.5,0.4));
#9058=DIRECTION('',(0.281084638,0.678598344,-0.678598345));
#9059=VECTOR('',#9058,0.589450303);
#9060=LINE('',#9057,#9059);
#9061=EDGE_CURVE('',#8547,#403,#9060,.T.);
#9062=ORIENTED_EDGE('',*,*,#9061,.T.);
#9063=ORIENTED_EDGE('',*,*,#464,.F.);
#9064=CARTESIAN_POINT('',(1412.9,-886.797056275,0.));
#9065=DIRECTION('',(-0.678598344,-0.281084638,0.678598345));
#9066=VECTOR('',#9065,0.589450303);
#9067=LINE('',#9064,#9066);
#9068=EDGE_CURVE('',#453,#8097,#9067,.T.);
#9069=ORIENTED_EDGE('',*,*,#9068,.T.);
#9070=EDGE_LOOP('',(#9054,#9055,#9056,#9062,#9063,#9069));
#9071=FACE_BOUND('',#9070,.T.);
#9072=ADVANCED_FACE('',(#9071),#9053,.T.);
#9073=CARTESIAN_POINT('',(1387.15,-903.273044738,5.4));
#9074=DIRECTION('',(-0.5,-0.5,-0.707106781));
#9075=DIRECTION('',(0.707106781,-0.707106781,0.));
#9076=AXIS2_PLACEMENT_3D('',#9073,#9074,#9075);
#9077=PLANE('',#9076);
#9078=ORIENTED_EDGE('',*,*,#8834,.F.);
#9079=CARTESIAN_POINT('',(1387.5,-905.0372583,6.4));
#9080=DIRECTION('',(-0.678598344,-0.281084638,0.678598345));
#9081=VECTOR('',#9080,0.589450303);
#9082=LINE('',#9079,#9081);
#9083=EDGE_CURVE('',#8823,#2209,#9082,.T.);
#9084=ORIENTED_EDGE('',*,*,#9083,.T.);
#9085=ORIENTED_EDGE('',*,*,#2270,.F.);
#9086=CARTESIAN_POINT('',(1390.797056275,-908.9,6.8));
#9087=DIRECTION('',(0.281084638,0.678598344,-0.678598345));
#9088=VECTOR('',#9087,0.589450303);
#9089=LINE('',#9086,#9088);
#9090=EDGE_CURVE('',#2259,#8767,#9089,.T.);
#9091=ORIENTED_EDGE('',*,*,#9090,.T.);
#9092=ORIENTED_EDGE('',*,*,#8772,.F.);
#9093=ORIENTED_EDGE('',*,*,#8519,.F.);
#9094=EDGE_LOOP('',(#9078,#9084,#9085,#9091,#9092,#9093));
#9095=FACE_BOUND('',#9094,.T.);
#9096=ADVANCED_FACE('',(#9095),#9077,.F.);
#9097=CARTESIAN_POINT('',(1387.1,-896.,6.8));
#9098=DIRECTION('',(-0.707106781,0.,-0.707106781));
#9099=DIRECTION('',(0.,1.,0.));
#9100=AXIS2_PLACEMENT_3D('',#9097,#9098,#9099);
#9101=PLANE('',#9100);
#9102=ORIENTED_EDGE('',*,*,#9083,.F.);
#9103=ORIENTED_EDGE('',*,*,#8828,.F.);
#9104=ORIENTED_EDGE('',*,*,#8946,.F.);
#9105=ORIENTED_EDGE('',*,*,#2216,.F.);
#9106=EDGE_LOOP('',(#9102,#9103,#9104,#9105));
#9107=FACE_BOUND('',#9106,.T.);
#9108=ADVANCED_FACE('',(#9107),#9101,.F.);
#9109=CARTESIAN_POINT('',(1400.,-883.1,0.));
#9110=DIRECTION('',(0.,-0.707106781,-0.707106781));
#9111=DIRECTION('',(1.,0.,0.));
#9112=AXIS2_PLACEMENT_3D('',#9109,#9110,#9111);
#9113=PLANE('',#9112);
#9114=ORIENTED_EDGE('',*,*,#9061,.F.);
#9115=ORIENTED_EDGE('',*,*,#8552,.F.);
#9116=ORIENTED_EDGE('',*,*,#8924,.F.);
#9117=ORIENTED_EDGE('',*,*,#410,.F.);
#9118=EDGE_LOOP('',(#9114,#9115,#9116,#9117));
#9119=FACE_BOUND('',#9118,.T.);
#9120=ADVANCED_FACE('',(#9119),#9113,.T.);
#9121=CARTESIAN_POINT('',(1412.9,-896.,0.));
#9122=DIRECTION('',(-0.707106781,0.,-0.707106781));
#9123=DIRECTION('',(0.,-1.,0.));
#9124=AXIS2_PLACEMENT_3D('',#9121,#9122,#9123);
#9125=PLANE('',#9124);
#9126=ORIENTED_EDGE('',*,*,#9037,.F.);
#9127=ORIENTED_EDGE('',*,*,#8110,.F.);
#9128=ORIENTED_EDGE('',*,*,#9068,.F.);
#9129=ORIENTED_EDGE('',*,*,#458,.F.);
#9130=EDGE_LOOP('',(#9126,#9127,#9128,#9129));
#9131=FACE_BOUND('',#9130,.T.);
#9132=ADVANCED_FACE('',(#9131),#9125,.T.);
#9133=CARTESIAN_POINT('',(1400.,-908.9,6.8));
#9134=DIRECTION('',(0.,-0.707106781,-0.707106781));
#9135=DIRECTION('',(-1.,0.,0.));
#9136=AXIS2_PLACEMENT_3D('',#9133,#9134,#9135);
#9137=PLANE('',#9136);
#9138=ORIENTED_EDGE('',*,*,#8963,.F.);
#9139=ORIENTED_EDGE('',*,*,#8780,.F.);
#9140=ORIENTED_EDGE('',*,*,#9090,.F.);
#9141=ORIENTED_EDGE('',*,*,#2264,.F.);
#9142=EDGE_LOOP('',(#9138,#9139,#9140,#9141));
#9143=FACE_BOUND('',#9142,.T.);
#9144=ADVANCED_FACE('',(#9143),#9137,.F.);
#9145=CARTESIAN_POINT('',(1412.9,-896.,6.8));
#9146=DIRECTION('',(0.707106781,0.,-0.707106781));
#9147=DIRECTION('',(0.,-1.,0.));
#9148=AXIS2_PLACEMENT_3D('',#9145,#9146,#9147);
#9149=PLANE('',#9148);
#9150=ORIENTED_EDGE('',*,*,#9011,.F.);
#9151=ORIENTED_EDGE('',*,*,#8732,.F.);
#9152=ORIENTED_EDGE('',*,*,#8970,.F.);
#9153=ORIENTED_EDGE('',*,*,#2248,.F.);
#9154=EDGE_LOOP('',(#9150,#9151,#9152,#9153));
#9155=FACE_BOUND('',#9154,.T.);
#9156=ADVANCED_FACE('',(#9155),#9149,.F.);
#9157=CARTESIAN_POINT('',(1400.,-883.1,6.8));
#9158=DIRECTION('',(0.,0.707106781,-0.707106781));
#9159=DIRECTION('',(1.,0.,0.));
#9160=AXIS2_PLACEMENT_3D('',#9157,#9158,#9159);
#9161=PLANE('',#9160);
#9162=ORIENTED_EDGE('',*,*,#8939,.F.);
#9163=ORIENTED_EDGE('',*,*,#8876,.F.);
#9164=ORIENTED_EDGE('',*,*,#9018,.F.);
#9165=ORIENTED_EDGE('',*,*,#2232,.F.);
#9166=EDGE_LOOP('',(#9162,#9163,#9164,#9165));
#9167=FACE_BOUND('',#9166,.T.);
#9168=ADVANCED_FACE('',(#9167),#9161,.F.);
#9169=CARTESIAN_POINT('',(1387.1,-896.,0.));
#9170=DIRECTION('',(0.707106781,0.,-0.707106781));
#9171=DIRECTION('',(0.,1.,0.));
#9172=AXIS2_PLACEMENT_3D('',#9169,#9170,#9171);
#9173=PLANE('',#9172);
#9174=ORIENTED_EDGE('',*,*,#8917,.F.);
#9175=ORIENTED_EDGE('',*,*,#8410,.F.);
#9176=ORIENTED_EDGE('',*,*,#8996,.F.);
#9177=ORIENTED_EDGE('',*,*,#426,.F.);
#9178=EDGE_LOOP('',(#9174,#9175,#9176,#9177));
#9179=FACE_BOUND('',#9178,.T.);
#9180=ADVANCED_FACE('',(#9179),#9173,.T.);
#9181=CARTESIAN_POINT('',(1400.,-908.9,0.));
#9182=DIRECTION('',(0.,0.707106781,-0.707106781));
#9183=DIRECTION('',(-1.,0.,0.));
#9184=AXIS2_PLACEMENT_3D('',#9181,#9182,#9183);
#9185=PLANE('',#9184);
#9186=ORIENTED_EDGE('',*,*,#8989,.F.);
#9187=ORIENTED_EDGE('',*,*,#8268,.F.);
#9188=ORIENTED_EDGE('',*,*,#9044,.F.);
#9189=ORIENTED_EDGE('',*,*,#442,.F.);
#9190=EDGE_LOOP('',(#9186,#9187,#9188,#9189));
#9191=FACE_BOUND('',#9190,.T.);
#9192=ADVANCED_FACE('',(#9191),#9185,.T.);
#9193=CARTESIAN_POINT('',(1390.2,-910.,6.8));
#9194=DIRECTION('',(0.707106781,0.707106781,0.));
#9195=DIRECTION('',(0.,0.,-1.));
#9196=AXIS2_PLACEMENT_3D('',#9193,#9194,#9195);
#9197=PLANE('',#9196);
#9198=ORIENTED_EDGE('',*,*,#1976,.F.);
#9199=ORIENTED_EDGE('',*,*,#1701,.F.);
#9200=ORIENTED_EDGE('',*,*,#120,.F.);
#9201=ORIENTED_EDGE('',*,*,#8707,.F.);
#9202=EDGE_LOOP('',(#9198,#9199,#9200,#9201));
#9203=FACE_BOUND('',#9202,.T.);
#9204=ADVANCED_FACE('',(#9203),#9197,.F.);
#9205=CARTESIAN_POINT('',(1414.,-907.5,4.6));
#9206=DIRECTION('',(0.,0.,-1.));
#9207=DIRECTION('',(0.,1.,0.));
#9208=AXIS2_PLACEMENT_3D('',#9205,#9206,#9207);
#9209=CYLINDRICAL_SURFACE('',#9208,2.6);
#9210=CARTESIAN_POINT('',(1414.,-904.9,2.2));
#9211=VERTEX_POINT('',#9210);
#9212=CARTESIAN_POINT('',(1414.,-904.9,4.6));
#9213=VERTEX_POINT('',#9212);
#9214=CARTESIAN_POINT('',(1414.,-904.9,2.2));
#9215=DIRECTION('',(-0.,-0.,1.));
#9216=VECTOR('',#9215,2.4);
#9217=LINE('',#9214,#9216);
#9218=EDGE_CURVE('',#9211,#9213,#9217,.T.);
#9219=ORIENTED_EDGE('',*,*,#9218,.F.);
#9220=CARTESIAN_POINT('',(1416.6,-907.5,2.2));
#9221=VERTEX_POINT('',#9220);
#9222=CARTESIAN_POINT('',(1414.,-907.5,2.2));
#9223=DIRECTION('',(-0.,-0.,1.));
#9224=DIRECTION('',(-1.,0.,0.));
#9225=AXIS2_PLACEMENT_3D('',#9222,#9223,#9224);
#9226=CIRCLE('',#9225,2.6);
#9227=EDGE_CURVE('',#9221,#9211,#9226,.T.);
#9228=ORIENTED_EDGE('',*,*,#9227,.F.);
#9229=CARTESIAN_POINT('',(1416.6,-907.5,4.6));
#9230=VERTEX_POINT('',#9229);
#9231=CARTESIAN_POINT('',(1416.6,-907.5,4.6));
#9232=DIRECTION('',(-0.,-0.,-1.));
#9233=VECTOR('',#9232,2.4);
#9234=LINE('',#9231,#9233);
#9235=EDGE_CURVE('',#9230,#9221,#9234,.T.);
#9236=ORIENTED_EDGE('',*,*,#9235,.F.);
#9237=CARTESIAN_POINT('',(1414.,-907.5,4.6));
#9238=DIRECTION('',(-0.,-0.,1.));
#9239=DIRECTION('',(-1.,0.,0.));
#9240=AXIS2_PLACEMENT_3D('',#9237,#9238,#9239);
#9241=CIRCLE('',#9240,2.6);
#9242=EDGE_CURVE('',#9230,#9213,#9241,.T.);
#9243=ORIENTED_EDGE('',*,*,#9242,.T.);
#9244=EDGE_LOOP('',(#9219,#9228,#9236,#9243));
#9245=FACE_BOUND('',#9244,.T.);
#9246=ADVANCED_FACE('',(#9245),#9209,.F.);
#9247=CARTESIAN_POINT('',(1400.,-896.,4.6));
#9248=DIRECTION('',(0.,0.,1.));
#9249=DIRECTION('',(0.,-1.,0.));
#9250=AXIS2_PLACEMENT_3D('',#9247,#9248,#9249);
#9251=PLANE('',#9250);
#9252=ORIENTED_EDGE('',*,*,#8670,.F.);
#9253=CARTESIAN_POINT('',(1411.681567612,-909.725442863,4.6));
#9254=VERTEX_POINT('',#9253);
#9255=CARTESIAN_POINT('',(1411.432776641,-909.75,4.6));
#9256=DIRECTION('',(0.,0.,-1.));
#9257=DIRECTION('',(-1.,0.,0.));
#9258=AXIS2_PLACEMENT_3D('',#9255,#9256,#9257);
#9259=CIRCLE('',#9258,0.25);
#9260=EDGE_CURVE('',#9254,#8663,#9259,.T.);
#9261=ORIENTED_EDGE('',*,*,#9260,.F.);
#9262=CARTESIAN_POINT('',(1411.444776535,-908.843880461,4.6));
#9263=VERTEX_POINT('',#9262);
#9264=CARTESIAN_POINT('',(1408.9,-910.,4.6));
#9265=DIRECTION('',(-0.,-0.,1.));
#9266=DIRECTION('',(-1.,0.,0.));
#9267=AXIS2_PLACEMENT_3D('',#9264,#9265,#9266);
#9268=CIRCLE('',#9267,2.795084972);
#9269=EDGE_CURVE('',#9254,#9263,#9268,.T.);
#9270=ORIENTED_EDGE('',*,*,#9269,.T.);
#9271=CARTESIAN_POINT('',(1411.4,-908.63706751,4.6));
#9272=VERTEX_POINT('',#9271);
#9273=CARTESIAN_POINT('',(1411.9,-908.63706751,4.6));
#9274=DIRECTION('',(-0.,-0.,1.));
#9275=DIRECTION('',(-1.,0.,0.));
#9276=AXIS2_PLACEMENT_3D('',#9273,#9274,#9275);
#9277=CIRCLE('',#9276,0.5);
#9278=EDGE_CURVE('',#9272,#9263,#9277,.T.);
#9279=ORIENTED_EDGE('',*,*,#9278,.F.);
#9280=CARTESIAN_POINT('',(1411.4,-907.5,4.6));
#9281=VERTEX_POINT('',#9280);
#9282=CARTESIAN_POINT('',(1411.4,-907.5,4.6));
#9283=DIRECTION('',(0.,-1.,0.));
#9284=VECTOR('',#9283,1.13706751);
#9285=LINE('',#9282,#9284);
#9286=EDGE_CURVE('',#9281,#9272,#9285,.T.);
#9287=ORIENTED_EDGE('',*,*,#9286,.F.);
#9288=CARTESIAN_POINT('',(1414.,-907.5,4.6));
#9289=DIRECTION('',(-0.,-0.,1.));
#9290=DIRECTION('',(-1.,0.,0.));
#9291=AXIS2_PLACEMENT_3D('',#9288,#9289,#9290);
#9292=CIRCLE('',#9291,2.6);
#9293=EDGE_CURVE('',#9213,#9281,#9292,.T.);
#9294=ORIENTED_EDGE('',*,*,#9293,.F.);
#9295=ORIENTED_EDGE('',*,*,#9242,.F.);
#9296=CARTESIAN_POINT('',(1416.6,-908.63706751,4.6));
#9297=VERTEX_POINT('',#9296);
#9298=CARTESIAN_POINT('',(1416.6,-907.5,4.6));
#9299=DIRECTION('',(0.,-1.,0.));
#9300=VECTOR('',#9299,1.13706751);
#9301=LINE('',#9298,#9300);
#9302=EDGE_CURVE('',#9230,#9297,#9301,.T.);
#9303=ORIENTED_EDGE('',*,*,#9302,.T.);
#9304=CARTESIAN_POINT('',(1416.555223465,-908.843880461,4.6));
#9305=VERTEX_POINT('',#9304);
#9306=CARTESIAN_POINT('',(1416.1,-908.63706751,4.6));
#9307=DIRECTION('',(-0.,-0.,1.));
#9308=DIRECTION('',(-1.,0.,0.));
#9309=AXIS2_PLACEMENT_3D('',#9306,#9307,#9308);
#9310=CIRCLE('',#9309,0.5);
#9311=EDGE_CURVE('',#9305,#9297,#9310,.T.);
#9312=ORIENTED_EDGE('',*,*,#9311,.F.);
#9313=CARTESIAN_POINT('',(1416.318432388,-909.725442863,4.6));
#9314=VERTEX_POINT('',#9313);
#9315=CARTESIAN_POINT('',(1419.1,-910.,4.6));
#9316=DIRECTION('',(-0.,-0.,1.));
#9317=DIRECTION('',(-1.,0.,0.));
#9318=AXIS2_PLACEMENT_3D('',#9315,#9316,#9317);
#9319=CIRCLE('',#9318,2.795084972);
#9320=EDGE_CURVE('',#9305,#9314,#9319,.T.);
#9321=ORIENTED_EDGE('',*,*,#9320,.T.);
#9322=CARTESIAN_POINT('',(1416.567223359,-909.75,4.6));
#9323=DIRECTION('',(0.,0.,-1.));
#9324=DIRECTION('',(-1.,0.,0.));
#9325=AXIS2_PLACEMENT_3D('',#9322,#9323,#9324);
#9326=CIRCLE('',#9325,0.25);
#9327=EDGE_CURVE('',#8665,#9314,#9326,.T.);
#9328=ORIENTED_EDGE('',*,*,#9327,.F.);
#9329=EDGE_LOOP('',(#9252,#9261,#9270,#9279,#9287,#9294,#9295,#9303,#9312,#9321,#9328));
#9330=FACE_BOUND('',#9329,.T.);
#9331=ADVANCED_FACE('',(#9330),#9251,.F.);
#9332=CARTESIAN_POINT('',(1400.,-896.,2.2));
#9333=DIRECTION('',(0.,0.,1.));
#9334=DIRECTION('',(0.,-1.,0.));
#9335=AXIS2_PLACEMENT_3D('',#9332,#9333,#9334);
#9336=PLANE('',#9335);
#9337=ORIENTED_EDGE('',*,*,#8686,.T.);
#9338=CARTESIAN_POINT('',(1416.318432388,-909.725442863,2.2));
#9339=VERTEX_POINT('',#9338);
#9340=CARTESIAN_POINT('',(1416.567223359,-909.75,2.2));
#9341=DIRECTION('',(-0.,-0.,1.));
#9342=DIRECTION('',(-1.,0.,0.));
#9343=AXIS2_PLACEMENT_3D('',#9340,#9341,#9342);
#9344=CIRCLE('',#9343,0.25);
#9345=EDGE_CURVE('',#9339,#8673,#9344,.T.);
#9346=ORIENTED_EDGE('',*,*,#9345,.F.);
#9347=CARTESIAN_POINT('',(1416.555223465,-908.843880461,2.2));
#9348=VERTEX_POINT('',#9347);
#9349=CARTESIAN_POINT('',(1419.1,-910.,2.2));
#9350=DIRECTION('',(-0.,-0.,1.));
#9351=DIRECTION('',(-1.,0.,0.));
#9352=AXIS2_PLACEMENT_3D('',#9349,#9350,#9351);
#9353=CIRCLE('',#9352,2.795084972);
#9354=EDGE_CURVE('',#9348,#9339,#9353,.T.);
#9355=ORIENTED_EDGE('',*,*,#9354,.F.);
#9356=CARTESIAN_POINT('',(1416.6,-908.63706751,2.2));
#9357=VERTEX_POINT('',#9356);
#9358=CARTESIAN_POINT('',(1416.1,-908.63706751,2.2));
#9359=DIRECTION('',(0.,0.,-1.));
#9360=DIRECTION('',(-1.,0.,0.));
#9361=AXIS2_PLACEMENT_3D('',#9358,#9359,#9360);
#9362=CIRCLE('',#9361,0.5);
#9363=EDGE_CURVE('',#9357,#9348,#9362,.T.);
#9364=ORIENTED_EDGE('',*,*,#9363,.F.);
#9365=CARTESIAN_POINT('',(1416.6,-907.5,2.2));
#9366=DIRECTION('',(0.,-1.,0.));
#9367=VECTOR('',#9366,1.13706751);
#9368=LINE('',#9365,#9367);
#9369=EDGE_CURVE('',#9221,#9357,#9368,.T.);
#9370=ORIENTED_EDGE('',*,*,#9369,.F.);
#9371=ORIENTED_EDGE('',*,*,#9227,.T.);
#9372=CARTESIAN_POINT('',(1411.4,-907.5,2.2));
#9373=VERTEX_POINT('',#9372);
#9374=CARTESIAN_POINT('',(1414.,-907.5,2.2));
#9375=DIRECTION('',(-0.,-0.,1.));
#9376=DIRECTION('',(-1.,0.,0.));
#9377=AXIS2_PLACEMENT_3D('',#9374,#9375,#9376);
#9378=CIRCLE('',#9377,2.6);
#9379=EDGE_CURVE('',#9211,#9373,#9378,.T.);
#9380=ORIENTED_EDGE('',*,*,#9379,.T.);
#9381=CARTESIAN_POINT('',(1411.4,-908.63706751,2.2));
#9382=VERTEX_POINT('',#9381);
#9383=CARTESIAN_POINT('',(1411.4,-907.5,2.2));
#9384=DIRECTION('',(0.,-1.,0.));
#9385=VECTOR('',#9384,1.13706751);
#9386=LINE('',#9383,#9385);
#9387=EDGE_CURVE('',#9373,#9382,#9386,.T.);
#9388=ORIENTED_EDGE('',*,*,#9387,.T.);
#9389=CARTESIAN_POINT('',(1411.444776535,-908.843880461,2.2));
#9390=VERTEX_POINT('',#9389);
#9391=CARTESIAN_POINT('',(1411.9,-908.63706751,2.2));
#9392=DIRECTION('',(0.,0.,-1.));
#9393=DIRECTION('',(-1.,0.,0.));
#9394=AXIS2_PLACEMENT_3D('',#9391,#9392,#9393);
#9395=CIRCLE('',#9394,0.5);
#9396=EDGE_CURVE('',#9390,#9382,#9395,.T.);
#9397=ORIENTED_EDGE('',*,*,#9396,.F.);
#9398=CARTESIAN_POINT('',(1411.681567612,-909.725442863,2.2));
#9399=VERTEX_POINT('',#9398);
#9400=CARTESIAN_POINT('',(1408.9,-910.,2.2));
#9401=DIRECTION('',(-0.,-0.,1.));
#9402=DIRECTION('',(-1.,0.,0.));
#9403=AXIS2_PLACEMENT_3D('',#9400,#9401,#9402);
#9404=CIRCLE('',#9403,2.795084972);
#9405=EDGE_CURVE('',#9399,#9390,#9404,.T.);
#9406=ORIENTED_EDGE('',*,*,#9405,.F.);
#9407=CARTESIAN_POINT('',(1411.432776641,-909.75,2.2));
#9408=DIRECTION('',(-0.,-0.,1.));
#9409=DIRECTION('',(-1.,0.,0.));
#9410=AXIS2_PLACEMENT_3D('',#9407,#9408,#9409);
#9411=CIRCLE('',#9410,0.25);
#9412=EDGE_CURVE('',#8681,#9399,#9411,.T.);
#9413=ORIENTED_EDGE('',*,*,#9412,.F.);
#9414=EDGE_LOOP('',(#9337,#9346,#9355,#9364,#9370,#9371,#9380,#9388,#9397,#9406,#9413));
#9415=FACE_BOUND('',#9414,.T.);
#9416=ADVANCED_FACE('',(#9415),#9336,.T.);
#9417=CARTESIAN_POINT('',(1411.9,-908.63706751,4.6));
#9418=DIRECTION('',(0.,0.,-1.));
#9419=DIRECTION('',(0.,1.,0.));
#9420=AXIS2_PLACEMENT_3D('',#9417,#9418,#9419);
#9421=CYLINDRICAL_SURFACE('',#9420,0.5);
#9422=ORIENTED_EDGE('',*,*,#9278,.T.);
#9423=CARTESIAN_POINT('',(1411.444776535,-908.843880461,4.6));
#9424=DIRECTION('',(0.,0.,-1.));
#9425=VECTOR('',#9424,2.4);
#9426=LINE('',#9423,#9425);
#9427=EDGE_CURVE('',#9263,#9390,#9426,.T.);
#9428=ORIENTED_EDGE('',*,*,#9427,.T.);
#9429=ORIENTED_EDGE('',*,*,#9396,.T.);
#9430=CARTESIAN_POINT('',(1411.4,-908.63706751,2.2));
#9431=DIRECTION('',(-0.,-0.,1.));
#9432=VECTOR('',#9431,2.4);
#9433=LINE('',#9430,#9432);
#9434=EDGE_CURVE('',#9382,#9272,#9433,.T.);
#9435=ORIENTED_EDGE('',*,*,#9434,.T.);
#9436=EDGE_LOOP('',(#9422,#9428,#9429,#9435));
#9437=FACE_BOUND('',#9436,.T.);
#9438=ADVANCED_FACE('',(#9437),#9421,.F.);
#9439=CARTESIAN_POINT('',(1411.4,-908.125,4.6));
#9440=DIRECTION('',(1.,0.,0.));
#9441=DIRECTION('',(0.,0.,1.));
#9442=AXIS2_PLACEMENT_3D('',#9439,#9440,#9441);
#9443=PLANE('',#9442);
#9444=ORIENTED_EDGE('',*,*,#9387,.F.);
#9445=CARTESIAN_POINT('',(1411.4,-907.5,4.6));
#9446=DIRECTION('',(0.,0.,-1.));
#9447=VECTOR('',#9446,2.4);
#9448=LINE('',#9445,#9447);
#9449=EDGE_CURVE('',#9281,#9373,#9448,.T.);
#9450=ORIENTED_EDGE('',*,*,#9449,.F.);
#9451=ORIENTED_EDGE('',*,*,#9286,.T.);
#9452=ORIENTED_EDGE('',*,*,#9434,.F.);
#9453=EDGE_LOOP('',(#9444,#9450,#9451,#9452));
#9454=FACE_BOUND('',#9453,.T.);
#9455=ADVANCED_FACE('',(#9454),#9443,.T.);
#9456=CARTESIAN_POINT('',(1408.9,-910.,4.6));
#9457=DIRECTION('',(0.,0.,-1.));
#9458=DIRECTION('',(0.,1.,0.));
#9459=AXIS2_PLACEMENT_3D('',#9456,#9457,#9458);
#9460=CYLINDRICAL_SURFACE('',#9459,2.795084972);
#9461=ORIENTED_EDGE('',*,*,#9269,.F.);
#9462=CARTESIAN_POINT('',(1411.681567612,-909.725442863,2.2));
#9463=DIRECTION('',(-0.,-0.,1.));
#9464=VECTOR('',#9463,2.4);
#9465=LINE('',#9462,#9464);
#9466=EDGE_CURVE('',#9399,#9254,#9465,.T.);
#9467=ORIENTED_EDGE('',*,*,#9466,.F.);
#9468=ORIENTED_EDGE('',*,*,#9405,.T.);
#9469=ORIENTED_EDGE('',*,*,#9427,.F.);
#9470=EDGE_LOOP('',(#9461,#9467,#9468,#9469));
#9471=FACE_BOUND('',#9470,.T.);
#9472=ADVANCED_FACE('',(#9471),#9460,.T.);
#9473=CARTESIAN_POINT('',(1411.432776641,-909.75,4.6));
#9474=DIRECTION('',(0.,0.,-1.));
#9475=DIRECTION('',(0.,1.,0.));
#9476=AXIS2_PLACEMENT_3D('',#9473,#9474,#9475);
#9477=CYLINDRICAL_SURFACE('',#9476,0.25);
#9478=ORIENTED_EDGE('',*,*,#9260,.T.);
#9479=ORIENTED_EDGE('',*,*,#8692,.T.);
#9480=ORIENTED_EDGE('',*,*,#9412,.T.);
#9481=ORIENTED_EDGE('',*,*,#9466,.T.);
#9482=EDGE_LOOP('',(#9478,#9479,#9480,#9481));
#9483=FACE_BOUND('',#9482,.T.);
#9484=ADVANCED_FACE('',(#9483),#9477,.T.);
#9485=CARTESIAN_POINT('',(1388.5,-882.,4.6));
#9486=DIRECTION('',(0.,0.,-1.));
#9487=DIRECTION('',(1.,0.,0.));
#9488=AXIS2_PLACEMENT_3D('',#9485,#9486,#9487);
#9489=CYLINDRICAL_SURFACE('',#9488,2.6);
#9490=CARTESIAN_POINT('',(1391.1,-882.,2.2));
#9491=VERTEX_POINT('',#9490);
#9492=CARTESIAN_POINT('',(1391.1,-882.,4.6));
#9493=VERTEX_POINT('',#9492);
#9494=CARTESIAN_POINT('',(1391.1,-882.,2.2));
#9495=DIRECTION('',(-0.,-0.,1.));
#9496=VECTOR('',#9495,2.4);
#9497=LINE('',#9494,#9496);
#9498=EDGE_CURVE('',#9491,#9493,#9497,.T.);
#9499=ORIENTED_EDGE('',*,*,#9498,.F.);
#9500=CARTESIAN_POINT('',(1388.5,-884.6,2.2));
#9501=VERTEX_POINT('',#9500);
#9502=CARTESIAN_POINT('',(1388.5,-882.,2.2));
#9503=DIRECTION('',(-0.,-0.,1.));
#9504=DIRECTION('',(-1.,0.,0.));
#9505=AXIS2_PLACEMENT_3D('',#9502,#9503,#9504);
#9506=CIRCLE('',#9505,2.6);
#9507=EDGE_CURVE('',#9501,#9491,#9506,.T.);
#9508=ORIENTED_EDGE('',*,*,#9507,.F.);
#9509=CARTESIAN_POINT('',(1388.5,-884.6,4.6));
#9510=VERTEX_POINT('',#9509);
#9511=CARTESIAN_POINT('',(1388.5,-884.6,4.6));
#9512=DIRECTION('',(-0.,-0.,-1.));
#9513=VECTOR('',#9512,2.4);
#9514=LINE('',#9511,#9513);
#9515=EDGE_CURVE('',#9510,#9501,#9514,.T.);
#9516=ORIENTED_EDGE('',*,*,#9515,.F.);
#9517=CARTESIAN_POINT('',(1388.5,-882.,4.6));
#9518=DIRECTION('',(-0.,-0.,1.));
#9519=DIRECTION('',(-1.,0.,0.));
#9520=AXIS2_PLACEMENT_3D('',#9517,#9518,#9519);
#9521=CIRCLE('',#9520,2.6);
#9522=EDGE_CURVE('',#9510,#9493,#9521,.T.);
#9523=ORIENTED_EDGE('',*,*,#9522,.T.);
#9524=EDGE_LOOP('',(#9499,#9508,#9516,#9523));
#9525=FACE_BOUND('',#9524,.T.);
#9526=ADVANCED_FACE('',(#9525),#9489,.F.);
#9527=CARTESIAN_POINT('',(1400.,-868.,4.6));
#9528=DIRECTION('',(0.,0.,1.));
#9529=DIRECTION('',(-1.,0.,0.));
#9530=AXIS2_PLACEMENT_3D('',#9527,#9528,#9529);
#9531=PLANE('',#9530);
#9532=CARTESIAN_POINT('',(1388.5,-879.4,4.6));
#9533=VERTEX_POINT('',#9532);
#9534=CARTESIAN_POINT('',(1388.5,-882.,4.6));
#9535=DIRECTION('',(-0.,-0.,1.));
#9536=DIRECTION('',(-1.,0.,0.));
#9537=AXIS2_PLACEMENT_3D('',#9534,#9535,#9536);
#9538=CIRCLE('',#9537,2.6);
#9539=EDGE_CURVE('',#9493,#9533,#9538,.T.);
#9540=ORIENTED_EDGE('',*,*,#9539,.F.);
#9541=ORIENTED_EDGE('',*,*,#9522,.F.);
#9542=CARTESIAN_POINT('',(1387.36293249,-884.6,4.6));
#9543=VERTEX_POINT('',#9542);
#9544=CARTESIAN_POINT('',(1388.5,-884.6,4.6));
#9545=DIRECTION('',(-1.,0.,0.));
#9546=VECTOR('',#9545,1.13706751);
#9547=LINE('',#9544,#9546);
#9548=EDGE_CURVE('',#9510,#9543,#9547,.T.);
#9549=ORIENTED_EDGE('',*,*,#9548,.T.);
#9550=CARTESIAN_POINT('',(1387.156119539,-884.555223465,4.6));
#9551=VERTEX_POINT('',#9550);
#9552=CARTESIAN_POINT('',(1387.36293249,-884.1,4.6));
#9553=DIRECTION('',(-0.,-0.,1.));
#9554=DIRECTION('',(-1.,0.,0.));
#9555=AXIS2_PLACEMENT_3D('',#9552,#9553,#9554);
#9556=CIRCLE('',#9555,0.5);
#9557=EDGE_CURVE('',#9551,#9543,#9556,.T.);
#9558=ORIENTED_EDGE('',*,*,#9557,.F.);
#9559=CARTESIAN_POINT('',(1386.274557137,-884.318432388,4.6));
#9560=VERTEX_POINT('',#9559);
#9561=CARTESIAN_POINT('',(1386.,-887.1,4.6));
#9562=DIRECTION('',(-0.,-0.,1.));
#9563=DIRECTION('',(-1.,0.,0.));
#9564=AXIS2_PLACEMENT_3D('',#9561,#9562,#9563);
#9565=CIRCLE('',#9564,2.795084972);
#9566=EDGE_CURVE('',#9551,#9560,#9565,.T.);
#9567=ORIENTED_EDGE('',*,*,#9566,.T.);
#9568=CARTESIAN_POINT('',(1386.25,-884.567223359,4.6));
#9569=DIRECTION('',(0.,0.,-1.));
#9570=DIRECTION('',(-1.,0.,0.));
#9571=AXIS2_PLACEMENT_3D('',#9568,#9569,#9570);
#9572=CIRCLE('',#9571,0.25);
#9573=EDGE_CURVE('',#1833,#9560,#9572,.T.);
#9574=ORIENTED_EDGE('',*,*,#9573,.F.);
#9575=ORIENTED_EDGE('',*,*,#1838,.F.);
#9576=CARTESIAN_POINT('',(1386.274557137,-879.681567612,4.6));
#9577=VERTEX_POINT('',#9576);
#9578=CARTESIAN_POINT('',(1386.25,-879.432776641,4.6));
#9579=DIRECTION('',(0.,0.,-1.));
#9580=DIRECTION('',(-1.,0.,0.));
#9581=AXIS2_PLACEMENT_3D('',#9578,#9579,#9580);
#9582=CIRCLE('',#9581,0.25);
#9583=EDGE_CURVE('',#9577,#1823,#9582,.T.);
#9584=ORIENTED_EDGE('',*,*,#9583,.F.);
#9585=CARTESIAN_POINT('',(1387.156119539,-879.444776535,4.6));
#9586=VERTEX_POINT('',#9585);
#9587=CARTESIAN_POINT('',(1386.,-876.9,4.6));
#9588=DIRECTION('',(-0.,-0.,1.));
#9589=DIRECTION('',(-1.,0.,0.));
#9590=AXIS2_PLACEMENT_3D('',#9587,#9588,#9589);
#9591=CIRCLE('',#9590,2.795084972);
#9592=EDGE_CURVE('',#9577,#9586,#9591,.T.);
#9593=ORIENTED_EDGE('',*,*,#9592,.T.);
#9594=CARTESIAN_POINT('',(1387.36293249,-879.4,4.6));
#9595=VERTEX_POINT('',#9594);
#9596=CARTESIAN_POINT('',(1387.36293249,-879.9,4.6));
#9597=DIRECTION('',(-0.,-0.,1.));
#9598=DIRECTION('',(-1.,0.,0.));
#9599=AXIS2_PLACEMENT_3D('',#9596,#9597,#9598);
#9600=CIRCLE('',#9599,0.5);
#9601=EDGE_CURVE('',#9595,#9586,#9600,.T.);
#9602=ORIENTED_EDGE('',*,*,#9601,.F.);
#9603=CARTESIAN_POINT('',(1388.5,-879.4,4.6));
#9604=DIRECTION('',(-1.,0.,0.));
#9605=VECTOR('',#9604,1.13706751);
#9606=LINE('',#9603,#9605);
#9607=EDGE_CURVE('',#9533,#9595,#9606,.T.);
#9608=ORIENTED_EDGE('',*,*,#9607,.F.);
#9609=EDGE_LOOP('',(#9540,#9541,#9549,#9558,#9567,#9574,#9575,#9584,#9593,#9602,#9608));
#9610=FACE_BOUND('',#9609,.T.);
#9611=ADVANCED_FACE('',(#9610),#9531,.F.);
#9612=CARTESIAN_POINT('',(1400.,-868.,2.2));
#9613=DIRECTION('',(0.,0.,1.));
#9614=DIRECTION('',(-1.,0.,0.));
#9615=AXIS2_PLACEMENT_3D('',#9612,#9613,#9614);
#9616=PLANE('',#9615);
#9617=ORIENTED_EDGE('',*,*,#9507,.T.);
#9618=CARTESIAN_POINT('',(1388.5,-879.4,2.2));
#9619=VERTEX_POINT('',#9618);
#9620=CARTESIAN_POINT('',(1388.5,-882.,2.2));
#9621=DIRECTION('',(-0.,-0.,1.));
#9622=DIRECTION('',(-1.,0.,0.));
#9623=AXIS2_PLACEMENT_3D('',#9620,#9621,#9622);
#9624=CIRCLE('',#9623,2.6);
#9625=EDGE_CURVE('',#9491,#9619,#9624,.T.);
#9626=ORIENTED_EDGE('',*,*,#9625,.T.);
#9627=CARTESIAN_POINT('',(1387.36293249,-879.4,2.2));
#9628=VERTEX_POINT('',#9627);
#9629=CARTESIAN_POINT('',(1388.5,-879.4,2.2));
#9630=DIRECTION('',(-1.,0.,0.));
#9631=VECTOR('',#9630,1.13706751);
#9632=LINE('',#9629,#9631);
#9633=EDGE_CURVE('',#9619,#9628,#9632,.T.);
#9634=ORIENTED_EDGE('',*,*,#9633,.T.);
#9635=CARTESIAN_POINT('',(1387.156119539,-879.444776535,2.2));
#9636=VERTEX_POINT('',#9635);
#9637=CARTESIAN_POINT('',(1387.36293249,-879.9,2.2));
#9638=DIRECTION('',(0.,0.,-1.));
#9639=DIRECTION('',(-1.,0.,0.));
#9640=AXIS2_PLACEMENT_3D('',#9637,#9638,#9639);
#9641=CIRCLE('',#9640,0.5);
#9642=EDGE_CURVE('',#9636,#9628,#9641,.T.);
#9643=ORIENTED_EDGE('',*,*,#9642,.F.);
#9644=CARTESIAN_POINT('',(1386.274557137,-879.681567612,2.2));
#9645=VERTEX_POINT('',#9644);
#9646=CARTESIAN_POINT('',(1386.,-876.9,2.2));
#9647=DIRECTION('',(-0.,-0.,1.));
#9648=DIRECTION('',(-1.,0.,0.));
#9649=AXIS2_PLACEMENT_3D('',#9646,#9647,#9648);
#9650=CIRCLE('',#9649,2.795084972);
#9651=EDGE_CURVE('',#9645,#9636,#9650,.T.);
#9652=ORIENTED_EDGE('',*,*,#9651,.F.);
#9653=CARTESIAN_POINT('',(1386.25,-879.432776641,2.2));
#9654=DIRECTION('',(-0.,-0.,1.));
#9655=DIRECTION('',(-1.,0.,0.));
#9656=AXIS2_PLACEMENT_3D('',#9653,#9654,#9655);
#9657=CIRCLE('',#9656,0.25);
#9658=EDGE_CURVE('',#1825,#9645,#9657,.T.);
#9659=ORIENTED_EDGE('',*,*,#9658,.F.);
#9660=ORIENTED_EDGE('',*,*,#1852,.T.);
#9661=CARTESIAN_POINT('',(1386.274557137,-884.318432388,2.2));
#9662=VERTEX_POINT('',#9661);
#9663=CARTESIAN_POINT('',(1386.25,-884.567223359,2.2));
#9664=DIRECTION('',(-0.,-0.,1.));
#9665=DIRECTION('',(-1.,0.,0.));
#9666=AXIS2_PLACEMENT_3D('',#9663,#9664,#9665);
#9667=CIRCLE('',#9666,0.25);
#9668=EDGE_CURVE('',#9662,#1841,#9667,.T.);
#9669=ORIENTED_EDGE('',*,*,#9668,.F.);
#9670=CARTESIAN_POINT('',(1387.156119539,-884.555223465,2.2));
#9671=VERTEX_POINT('',#9670);
#9672=CARTESIAN_POINT('',(1386.,-887.1,2.2));
#9673=DIRECTION('',(-0.,-0.,1.));
#9674=DIRECTION('',(-1.,0.,0.));
#9675=AXIS2_PLACEMENT_3D('',#9672,#9673,#9674);
#9676=CIRCLE('',#9675,2.795084972);
#9677=EDGE_CURVE('',#9671,#9662,#9676,.T.);
#9678=ORIENTED_EDGE('',*,*,#9677,.F.);
#9679=CARTESIAN_POINT('',(1387.36293249,-884.6,2.2));
#9680=VERTEX_POINT('',#9679);
#9681=CARTESIAN_POINT('',(1387.36293249,-884.1,2.2));
#9682=DIRECTION('',(0.,0.,-1.));
#9683=DIRECTION('',(-1.,0.,0.));
#9684=AXIS2_PLACEMENT_3D('',#9681,#9682,#9683);
#9685=CIRCLE('',#9684,0.5);
#9686=EDGE_CURVE('',#9680,#9671,#9685,.T.);
#9687=ORIENTED_EDGE('',*,*,#9686,.F.);
#9688=CARTESIAN_POINT('',(1388.5,-884.6,2.2));
#9689=DIRECTION('',(-1.,0.,0.));
#9690=VECTOR('',#9689,1.13706751);
#9691=LINE('',#9688,#9690);
#9692=EDGE_CURVE('',#9501,#9680,#9691,.T.);
#9693=ORIENTED_EDGE('',*,*,#9692,.F.);
#9694=EDGE_LOOP('',(#9617,#9626,#9634,#9643,#9652,#9659,#9660,#9669,#9678,#9687,#9693));
#9695=FACE_BOUND('',#9694,.T.);
#9696=ADVANCED_FACE('',(#9695),#9616,.T.);
#9697=CARTESIAN_POINT('',(1387.875,-884.6,4.6));
#9698=DIRECTION('',(0.,-1.,0.));
#9699=DIRECTION('',(0.,0.,1.));
#9700=AXIS2_PLACEMENT_3D('',#9697,#9698,#9699);
#9701=PLANE('',#9700);
#9702=ORIENTED_EDGE('',*,*,#9548,.F.);
#9703=ORIENTED_EDGE('',*,*,#9515,.T.);
#9704=ORIENTED_EDGE('',*,*,#9692,.T.);
#9705=CARTESIAN_POINT('',(1387.36293249,-884.6,4.6));
#9706=DIRECTION('',(0.,0.,-1.));
#9707=VECTOR('',#9706,2.4);
#9708=LINE('',#9705,#9707);
#9709=EDGE_CURVE('',#9543,#9680,#9708,.T.);
#9710=ORIENTED_EDGE('',*,*,#9709,.F.);
#9711=EDGE_LOOP('',(#9702,#9703,#9704,#9710));
#9712=FACE_BOUND('',#9711,.T.);
#9713=ADVANCED_FACE('',(#9712),#9701,.F.);
#9714=CARTESIAN_POINT('',(1387.36293249,-884.1,4.6));
#9715=DIRECTION('',(0.,0.,-1.));
#9716=DIRECTION('',(1.,0.,0.));
#9717=AXIS2_PLACEMENT_3D('',#9714,#9715,#9716);
#9718=CYLINDRICAL_SURFACE('',#9717,0.5);
#9719=ORIENTED_EDGE('',*,*,#9557,.T.);
#9720=ORIENTED_EDGE('',*,*,#9709,.T.);
#9721=ORIENTED_EDGE('',*,*,#9686,.T.);
#9722=CARTESIAN_POINT('',(1387.156119539,-884.555223465,2.2));
#9723=DIRECTION('',(-0.,-0.,1.));
#9724=VECTOR('',#9723,2.4);
#9725=LINE('',#9722,#9724);
#9726=EDGE_CURVE('',#9671,#9551,#9725,.T.);
#9727=ORIENTED_EDGE('',*,*,#9726,.T.);
#9728=EDGE_LOOP('',(#9719,#9720,#9721,#9727));
#9729=FACE_BOUND('',#9728,.T.);
#9730=ADVANCED_FACE('',(#9729),#9718,.F.);
#9731=CARTESIAN_POINT('',(1386.,-887.1,4.6));
#9732=DIRECTION('',(0.,0.,-1.));
#9733=DIRECTION('',(1.,0.,0.));
#9734=AXIS2_PLACEMENT_3D('',#9731,#9732,#9733);
#9735=CYLINDRICAL_SURFACE('',#9734,2.795084972);
#9736=ORIENTED_EDGE('',*,*,#9677,.T.);
#9737=CARTESIAN_POINT('',(1386.274557137,-884.318432388,4.6));
#9738=DIRECTION('',(0.,0.,-1.));
#9739=VECTOR('',#9738,2.4);
#9740=LINE('',#9737,#9739);
#9741=EDGE_CURVE('',#9560,#9662,#9740,.T.);
#9742=ORIENTED_EDGE('',*,*,#9741,.F.);
#9743=ORIENTED_EDGE('',*,*,#9566,.F.);
#9744=ORIENTED_EDGE('',*,*,#9726,.F.);
#9745=EDGE_LOOP('',(#9736,#9742,#9743,#9744));
#9746=FACE_BOUND('',#9745,.T.);
#9747=ADVANCED_FACE('',(#9746),#9735,.T.);
#9748=CARTESIAN_POINT('',(1386.25,-884.567223359,4.6));
#9749=DIRECTION('',(0.,0.,-1.));
#9750=DIRECTION('',(1.,0.,0.));
#9751=AXIS2_PLACEMENT_3D('',#9748,#9749,#9750);
#9752=CYLINDRICAL_SURFACE('',#9751,0.25);
#9753=ORIENTED_EDGE('',*,*,#9573,.T.);
#9754=ORIENTED_EDGE('',*,*,#9741,.T.);
#9755=ORIENTED_EDGE('',*,*,#9668,.T.);
#9756=ORIENTED_EDGE('',*,*,#1846,.T.);
#9757=EDGE_LOOP('',(#9753,#9754,#9755,#9756));
#9758=FACE_BOUND('',#9757,.T.);
#9759=ADVANCED_FACE('',(#9758),#9752,.T.);
#9760=CARTESIAN_POINT('',(1440.5,-728.,2.4));
#9761=DIRECTION('',(-1.,0.,0.));
#9762=DIRECTION('',(0.,-1.,0.));
#9763=AXIS2_PLACEMENT_3D('',#9760,#9761,#9762);
#9764=PLANE('',#9763);
#9765=CARTESIAN_POINT('',(1440.5,-720.376955262,1.4));
#9766=VERTEX_POINT('',#9765);
#9767=CARTESIAN_POINT('',(1440.5,-718.9627417,0.4));
#9768=VERTEX_POINT('',#9767);
#9769=CARTESIAN_POINT('',(1440.5,-720.376955262,1.4));
#9770=DIRECTION('',(0.,0.816496581,-0.577350269));
#9771=VECTOR('',#9770,1.732050807);
#9772=LINE('',#9769,#9771);
#9773=EDGE_CURVE('',#9766,#9768,#9772,.T.);
#9774=ORIENTED_EDGE('',*,*,#9773,.T.);
#9775=CARTESIAN_POINT('',(1440.5,-737.0372583,0.4));
#9776=VERTEX_POINT('',#9775);
#9777=CARTESIAN_POINT('',(1440.5,-718.9627417,0.4));
#9778=DIRECTION('',(0.,-1.,0.));
#9779=VECTOR('',#9778,18.0745166);
#9780=LINE('',#9777,#9779);
#9781=EDGE_CURVE('',#9768,#9776,#9780,.T.);
#9782=ORIENTED_EDGE('',*,*,#9781,.T.);
#9783=CARTESIAN_POINT('',(1440.5,-735.623044738,1.4));
#9784=VERTEX_POINT('',#9783);
#9785=CARTESIAN_POINT('',(1440.5,-737.0372583,0.4));
#9786=DIRECTION('',(0.,0.816496581,0.577350269));
#9787=VECTOR('',#9786,1.732050807);
#9788=LINE('',#9785,#9787);
#9789=EDGE_CURVE('',#9776,#9784,#9788,.T.);
#9790=ORIENTED_EDGE('',*,*,#9789,.T.);
#9791=CARTESIAN_POINT('',(1440.5,-735.623044738,1.4));
#9792=DIRECTION('',(-0.,1.,-0.));
#9793=VECTOR('',#9792,15.246089476);
#9794=LINE('',#9791,#9793);
#9795=EDGE_CURVE('',#9784,#9766,#9794,.T.);
#9796=ORIENTED_EDGE('',*,*,#9795,.T.);
#9797=EDGE_LOOP('',(#9774,#9782,#9790,#9796));
#9798=FACE_BOUND('',#9797,.T.);
#9799=ADVANCED_FACE('',(#9798),#9764,.T.);
#9800=CARTESIAN_POINT('',(1440.5,-728.,1.4));
#9801=DIRECTION('',(0.819231921,0.,-0.573462344));
#9802=DIRECTION('',(0.,1.,0.));
#9803=AXIS2_PLACEMENT_3D('',#9800,#9801,#9802);
#9804=PLANE('',#9803);
#9805=CARTESIAN_POINT('',(1441.2,-734.923044738,2.4));
#9806=VERTEX_POINT('',#9805);
#9807=CARTESIAN_POINT('',(1441.2,-734.923044738,2.4));
#9808=DIRECTION('',(-0.497468338,-0.497468338,-0.710669055));
#9809=VECTOR('',#9808,1.407124728);
#9810=LINE('',#9807,#9809);
#9811=EDGE_CURVE('',#9806,#9784,#9810,.T.);
#9812=ORIENTED_EDGE('',*,*,#9811,.F.);
#9813=CARTESIAN_POINT('',(1441.2,-721.076955262,2.4));
#9814=VERTEX_POINT('',#9813);
#9815=CARTESIAN_POINT('',(1441.199999999,-734.923044738,2.4));
#9816=DIRECTION('',(0.,1.,0.));
#9817=VECTOR('',#9816,13.846089476);
#9818=LINE('',#9815,#9817);
#9819=EDGE_CURVE('',#9806,#9814,#9818,.T.);
#9820=ORIENTED_EDGE('',*,*,#9819,.T.);
#9821=CARTESIAN_POINT('',(1440.5,-720.376955262,1.4));
#9822=DIRECTION('',(0.497468338,-0.497468338,0.710669055));
#9823=VECTOR('',#9822,1.407124728);
#9824=LINE('',#9821,#9823);
#9825=EDGE_CURVE('',#9766,#9814,#9824,.T.);
#9826=ORIENTED_EDGE('',*,*,#9825,.F.);
#9827=ORIENTED_EDGE('',*,*,#9795,.F.);
#9828=EDGE_LOOP('',(#9812,#9820,#9826,#9827));
#9829=FACE_BOUND('',#9828,.T.);
#9830=ADVANCED_FACE('',(#9829),#9804,.F.);
#9831=CARTESIAN_POINT('',(1441.2,-728.,6.8));
#9832=DIRECTION('',(-1.,0.,0.));
#9833=DIRECTION('',(0.,-1.,0.));
#9834=AXIS2_PLACEMENT_3D('',#9831,#9832,#9833);
#9835=PLANE('',#9834);
#9836=ORIENTED_EDGE('',*,*,#9819,.F.);
#9837=CARTESIAN_POINT('',(1441.2,-734.923044738,4.4));
#9838=VERTEX_POINT('',#9837);
#9839=CARTESIAN_POINT('',(1441.2,-734.923044738,4.4));
#9840=DIRECTION('',(-0.,-0.,-1.));
#9841=VECTOR('',#9840,2.);
#9842=LINE('',#9839,#9841);
#9843=EDGE_CURVE('',#9838,#9806,#9842,.T.);
#9844=ORIENTED_EDGE('',*,*,#9843,.F.);
#9845=CARTESIAN_POINT('',(1441.2,-721.076955262,4.4));
#9846=VERTEX_POINT('',#9845);
#9847=CARTESIAN_POINT('',(1441.2,-734.923044738,4.4));
#9848=DIRECTION('',(-0.,1.,-0.));
#9849=VECTOR('',#9848,13.846089476);
#9850=LINE('',#9847,#9849);
#9851=EDGE_CURVE('',#9838,#9846,#9850,.T.);
#9852=ORIENTED_EDGE('',*,*,#9851,.T.);
#9853=CARTESIAN_POINT('',(1441.2,-721.076955262,4.4));
#9854=DIRECTION('',(-0.,-0.,-1.));
#9855=VECTOR('',#9854,2.);
#9856=LINE('',#9853,#9855);
#9857=EDGE_CURVE('',#9846,#9814,#9856,.T.);
#9858=ORIENTED_EDGE('',*,*,#9857,.T.);
#9859=EDGE_LOOP('',(#9836,#9844,#9852,#9858));
#9860=FACE_BOUND('',#9859,.T.);
#9861=ADVANCED_FACE('',(#9860),#9835,.T.);
#9862=CARTESIAN_POINT('',(1440.85,-720.726955262,6.8));
#9863=DIRECTION('',(-0.707106781,-0.707106781,0.));
#9864=DIRECTION('',(0.707106781,-0.707106781,0.));
#9865=AXIS2_PLACEMENT_3D('',#9862,#9863,#9864);
#9866=PLANE('',#9865);
#9867=CARTESIAN_POINT('',(1440.5,-720.376955262,5.4));
#9868=VERTEX_POINT('',#9867);
#9869=CARTESIAN_POINT('',(1441.2,-721.076955262,4.4));
#9870=DIRECTION('',(-0.497468338,0.497468338,0.710669055));
#9871=VECTOR('',#9870,1.407124728);
#9872=LINE('',#9869,#9871);
#9873=EDGE_CURVE('',#9846,#9868,#9872,.T.);
#9874=ORIENTED_EDGE('',*,*,#9873,.T.);
#9875=CARTESIAN_POINT('',(1435.623044738,-715.5,5.4));
#9876=VERTEX_POINT('',#9875);
#9877=CARTESIAN_POINT('',(1440.5,-720.376955262,5.4));
#9878=DIRECTION('',(-0.707106781,0.707106781,-0.));
#9879=VECTOR('',#9878,6.897056275);
#9880=LINE('',#9877,#9879);
#9881=EDGE_CURVE('',#9868,#9876,#9880,.T.);
#9882=ORIENTED_EDGE('',*,*,#9881,.T.);
#9883=CARTESIAN_POINT('',(1434.923044738,-714.8,4.4));
#9884=VERTEX_POINT('',#9883);
#9885=CARTESIAN_POINT('',(1435.623044738,-715.5,5.4));
#9886=DIRECTION('',(-0.497468338,0.497468338,-0.710669055));
#9887=VECTOR('',#9886,1.407124728);
#9888=LINE('',#9885,#9887);
#9889=EDGE_CURVE('',#9876,#9884,#9888,.T.);
#9890=ORIENTED_EDGE('',*,*,#9889,.T.);
#9891=CARTESIAN_POINT('',(1434.923044738,-714.8,2.4));
#9892=VERTEX_POINT('',#9891);
#9893=CARTESIAN_POINT('',(1434.923044738,-714.8,4.4));
#9894=DIRECTION('',(-0.,-0.,-1.));
#9895=VECTOR('',#9894,2.);
#9896=LINE('',#9893,#9895);
#9897=EDGE_CURVE('',#9884,#9892,#9896,.T.);
#9898=ORIENTED_EDGE('',*,*,#9897,.T.);
#9899=CARTESIAN_POINT('',(1435.623044738,-715.5,1.4));
#9900=VERTEX_POINT('',#9899);
#9901=CARTESIAN_POINT('',(1434.923044738,-714.8,2.4));
#9902=DIRECTION('',(0.497468338,-0.497468338,-0.710669055));
#9903=VECTOR('',#9902,1.407124728);
#9904=LINE('',#9901,#9903);
#9905=EDGE_CURVE('',#9892,#9900,#9904,.T.);
#9906=ORIENTED_EDGE('',*,*,#9905,.T.);
#9907=CARTESIAN_POINT('',(1435.623044738,-715.5,1.4));
#9908=DIRECTION('',(0.707106781,-0.707106781,0.));
#9909=VECTOR('',#9908,6.897056275);
#9910=LINE('',#9907,#9909);
#9911=EDGE_CURVE('',#9900,#9766,#9910,.T.);
#9912=ORIENTED_EDGE('',*,*,#9911,.T.);
#9913=ORIENTED_EDGE('',*,*,#9825,.T.);
#9914=ORIENTED_EDGE('',*,*,#9857,.F.);
#9915=EDGE_LOOP('',(#9874,#9882,#9890,#9898,#9906,#9912,#9913,#9914));
#9916=FACE_BOUND('',#9915,.T.);
#9917=ADVANCED_FACE('',(#9916),#9866,.T.);
#9918=CARTESIAN_POINT('',(1428.,-740.5,2.4));
#9919=DIRECTION('',(0.,1.,0.));
#9920=DIRECTION('',(-1.,0.,0.));
#9921=AXIS2_PLACEMENT_3D('',#9918,#9919,#9920);
#9922=PLANE('',#9921);
#9923=CARTESIAN_POINT('',(1435.623044738,-740.5,1.4));
#9924=VERTEX_POINT('',#9923);
#9925=CARTESIAN_POINT('',(1437.0372583,-740.5,0.4));
#9926=VERTEX_POINT('',#9925);
#9927=CARTESIAN_POINT('',(1435.623044738,-740.5,1.4));
#9928=DIRECTION('',(0.816496581,0.,-0.577350269));
#9929=VECTOR('',#9928,1.732050807);
#9930=LINE('',#9927,#9929);
#9931=EDGE_CURVE('',#9924,#9926,#9930,.T.);
#9932=ORIENTED_EDGE('',*,*,#9931,.T.);
#9933=CARTESIAN_POINT('',(1418.9627417,-740.5,0.4));
#9934=VERTEX_POINT('',#9933);
#9935=CARTESIAN_POINT('',(1437.0372583,-740.5,0.4));
#9936=DIRECTION('',(-1.,0.,0.));
#9937=VECTOR('',#9936,18.0745166);
#9938=LINE('',#9935,#9937);
#9939=EDGE_CURVE('',#9926,#9934,#9938,.T.);
#9940=ORIENTED_EDGE('',*,*,#9939,.T.);
#9941=CARTESIAN_POINT('',(1420.376955262,-740.5,1.4));
#9942=VERTEX_POINT('',#9941);
#9943=CARTESIAN_POINT('',(1418.9627417,-740.5,0.4));
#9944=DIRECTION('',(0.816496581,0.,0.577350269));
#9945=VECTOR('',#9944,1.732050807);
#9946=LINE('',#9943,#9945);
#9947=EDGE_CURVE('',#9934,#9942,#9946,.T.);
#9948=ORIENTED_EDGE('',*,*,#9947,.T.);
#9949=CARTESIAN_POINT('',(1420.376955262,-740.5,1.4));
#9950=DIRECTION('',(1.,-0.,-0.));
#9951=VECTOR('',#9950,15.246089476);
#9952=LINE('',#9949,#9951);
#9953=EDGE_CURVE('',#9942,#9924,#9952,.T.);
#9954=ORIENTED_EDGE('',*,*,#9953,.T.);
#9955=EDGE_LOOP('',(#9932,#9940,#9948,#9954));
#9956=FACE_BOUND('',#9955,.T.);
#9957=ADVANCED_FACE('',(#9956),#9922,.T.);
#9958=CARTESIAN_POINT('',(1428.,-740.5,1.4));
#9959=DIRECTION('',(0.,-0.819231921,-0.573462344));
#9960=DIRECTION('',(1.,0.,0.));
#9961=AXIS2_PLACEMENT_3D('',#9958,#9959,#9960);
#9962=PLANE('',#9961);
#9963=CARTESIAN_POINT('',(1421.076955262,-741.2,2.4));
#9964=VERTEX_POINT('',#9963);
#9965=CARTESIAN_POINT('',(1421.076955262,-741.2,2.4));
#9966=DIRECTION('',(-0.497468338,0.497468338,-0.710669055));
#9967=VECTOR('',#9966,1.407124728);
#9968=LINE('',#9965,#9967);
#9969=EDGE_CURVE('',#9964,#9942,#9968,.T.);
#9970=ORIENTED_EDGE('',*,*,#9969,.F.);
#9971=CARTESIAN_POINT('',(1434.923044738,-741.2,2.4));
#9972=VERTEX_POINT('',#9971);
#9973=CARTESIAN_POINT('',(1421.076955262,-741.199999999,2.4));
#9974=DIRECTION('',(1.,0.,-0.));
#9975=VECTOR('',#9974,13.846089476);
#9976=LINE('',#9973,#9975);
#9977=EDGE_CURVE('',#9964,#9972,#9976,.T.);
#9978=ORIENTED_EDGE('',*,*,#9977,.T.);
#9979=CARTESIAN_POINT('',(1435.623044738,-740.5,1.4));
#9980=DIRECTION('',(-0.497468338,-0.497468338,0.710669055));
#9981=VECTOR('',#9980,1.407124728);
#9982=LINE('',#9979,#9981);
#9983=EDGE_CURVE('',#9924,#9972,#9982,.T.);
#9984=ORIENTED_EDGE('',*,*,#9983,.F.);
#9985=ORIENTED_EDGE('',*,*,#9953,.F.);
#9986=EDGE_LOOP('',(#9970,#9978,#9984,#9985));
#9987=FACE_BOUND('',#9986,.T.);
#9988=ADVANCED_FACE('',(#9987),#9962,.F.);
#9989=CARTESIAN_POINT('',(1428.,-741.2,6.8));
#9990=DIRECTION('',(0.,1.,0.));
#9991=DIRECTION('',(-1.,0.,0.));
#9992=AXIS2_PLACEMENT_3D('',#9989,#9990,#9991);
#9993=PLANE('',#9992);
#9994=ORIENTED_EDGE('',*,*,#9977,.F.);
#9995=CARTESIAN_POINT('',(1421.076955262,-741.2,4.4));
#9996=VERTEX_POINT('',#9995);
#9997=CARTESIAN_POINT('',(1421.076955262,-741.2,4.4));
#9998=DIRECTION('',(-0.,-0.,-1.));
#9999=VECTOR('',#9998,2.);
#10000=LINE('',#9997,#9999);
#10001=EDGE_CURVE('',#9996,#9964,#10000,.T.);
#10002=ORIENTED_EDGE('',*,*,#10001,.F.);
#10003=CARTESIAN_POINT('',(1434.923044738,-741.2,4.4));
#10004=VERTEX_POINT('',#10003);
#10005=CARTESIAN_POINT('',(1421.076955262,-741.2,4.4));
#10006=DIRECTION('',(1.,-0.,-0.));
#10007=VECTOR('',#10006,13.846089476);
#10008=LINE('',#10005,#10007);
#10009=EDGE_CURVE('',#9996,#10004,#10008,.T.);
#10010=ORIENTED_EDGE('',*,*,#10009,.T.);
#10011=CARTESIAN_POINT('',(1434.923044738,-741.2,4.4));
#10012=DIRECTION('',(-0.,-0.,-1.));
#10013=VECTOR('',#10012,2.);
#10014=LINE('',#10011,#10013);
#10015=EDGE_CURVE('',#10004,#9972,#10014,.T.);
#10016=ORIENTED_EDGE('',*,*,#10015,.T.);
#10017=EDGE_LOOP('',(#9994,#10002,#10010,#10016));
#10018=FACE_BOUND('',#10017,.T.);
#10019=ADVANCED_FACE('',(#10018),#9993,.T.);
#10020=CARTESIAN_POINT('',(1435.273044738,-740.85,6.8));
#10021=DIRECTION('',(-0.707106781,0.707106781,0.));
#10022=DIRECTION('',(-0.707106781,-0.707106781,0.));
#10023=AXIS2_PLACEMENT_3D('',#10020,#10021,#10022);
#10024=PLANE('',#10023);
#10025=CARTESIAN_POINT('',(1435.623044738,-740.5,5.4));
#10026=VERTEX_POINT('',#10025);
#10027=CARTESIAN_POINT('',(1434.923044738,-741.2,4.4));
#10028=DIRECTION('',(0.497468338,0.497468338,0.710669055));
#10029=VECTOR('',#10028,1.407124728);
#10030=LINE('',#10027,#10029);
#10031=EDGE_CURVE('',#10004,#10026,#10030,.T.);
#10032=ORIENTED_EDGE('',*,*,#10031,.T.);
#10033=CARTESIAN_POINT('',(1440.5,-735.623044738,5.4));
#10034=VERTEX_POINT('',#10033);
#10035=CARTESIAN_POINT('',(1435.623044738,-740.5,5.4));
#10036=DIRECTION('',(0.707106781,0.707106781,-0.));
#10037=VECTOR('',#10036,6.897056275);
#10038=LINE('',#10035,#10037);
#10039=EDGE_CURVE('',#10026,#10034,#10038,.T.);
#10040=ORIENTED_EDGE('',*,*,#10039,.T.);
#10041=CARTESIAN_POINT('',(1440.5,-735.623044738,5.4));
#10042=DIRECTION('',(0.497468338,0.497468338,-0.710669055));
#10043=VECTOR('',#10042,1.407124728);
#10044=LINE('',#10041,#10043);
#10045=EDGE_CURVE('',#10034,#9838,#10044,.T.);
#10046=ORIENTED_EDGE('',*,*,#10045,.T.);
#10047=ORIENTED_EDGE('',*,*,#9843,.T.);
#10048=ORIENTED_EDGE('',*,*,#9811,.T.);
#10049=CARTESIAN_POINT('',(1440.5,-735.623044738,1.4));
#10050=DIRECTION('',(-0.707106781,-0.707106781,0.));
#10051=VECTOR('',#10050,6.897056275);
#10052=LINE('',#10049,#10051);
#10053=EDGE_CURVE('',#9784,#9924,#10052,.T.);
#10054=ORIENTED_EDGE('',*,*,#10053,.T.);
#10055=ORIENTED_EDGE('',*,*,#9983,.T.);
#10056=ORIENTED_EDGE('',*,*,#10015,.F.);
#10057=EDGE_LOOP('',(#10032,#10040,#10046,#10047,#10048,#10054,#10055,#10056));
#10058=FACE_BOUND('',#10057,.T.);
#10059=ADVANCED_FACE('',(#10058),#10024,.T.);
#10060=CARTESIAN_POINT('',(1415.5,-728.,2.4));
#10061=DIRECTION('',(1.,0.,0.));
#10062=DIRECTION('',(0.,1.,0.));
#10063=AXIS2_PLACEMENT_3D('',#10060,#10061,#10062);
#10064=PLANE('',#10063);
#10065=CARTESIAN_POINT('',(1415.5,-735.623044738,1.4));
#10066=VERTEX_POINT('',#10065);
#10067=CARTESIAN_POINT('',(1415.5,-737.0372583,0.4));
#10068=VERTEX_POINT('',#10067);
#10069=CARTESIAN_POINT('',(1415.5,-735.623044738,1.4));
#10070=DIRECTION('',(0.,-0.816496581,-0.577350269));
#10071=VECTOR('',#10070,1.732050807);
#10072=LINE('',#10069,#10071);
#10073=EDGE_CURVE('',#10066,#10068,#10072,.T.);
#10074=ORIENTED_EDGE('',*,*,#10073,.T.);
#10075=CARTESIAN_POINT('',(1415.5,-718.9627417,0.4));
#10076=VERTEX_POINT('',#10075);
#10077=CARTESIAN_POINT('',(1415.5,-737.0372583,0.4));
#10078=DIRECTION('',(0.,1.,0.));
#10079=VECTOR('',#10078,18.0745166);
#10080=LINE('',#10077,#10079);
#10081=EDGE_CURVE('',#10068,#10076,#10080,.T.);
#10082=ORIENTED_EDGE('',*,*,#10081,.T.);
#10083=CARTESIAN_POINT('',(1415.5,-720.376955262,1.4));
#10084=VERTEX_POINT('',#10083);
#10085=CARTESIAN_POINT('',(1415.5,-718.9627417,0.4));
#10086=DIRECTION('',(0.,-0.816496581,0.577350269));
#10087=VECTOR('',#10086,1.732050807);
#10088=LINE('',#10085,#10087);
#10089=EDGE_CURVE('',#10076,#10084,#10088,.T.);
#10090=ORIENTED_EDGE('',*,*,#10089,.T.);
#10091=CARTESIAN_POINT('',(1415.5,-720.376955262,1.4));
#10092=DIRECTION('',(-0.,-1.,-0.));
#10093=VECTOR('',#10092,15.246089476);
#10094=LINE('',#10091,#10093);
#10095=EDGE_CURVE('',#10084,#10066,#10094,.T.);
#10096=ORIENTED_EDGE('',*,*,#10095,.T.);
#10097=EDGE_LOOP('',(#10074,#10082,#10090,#10096));
#10098=FACE_BOUND('',#10097,.T.);
#10099=ADVANCED_FACE('',(#10098),#10064,.T.);
#10100=CARTESIAN_POINT('',(1415.5,-728.,1.4));
#10101=DIRECTION('',(-0.819231921,0.,-0.573462344));
#10102=DIRECTION('',(0.,-1.,0.));
#10103=AXIS2_PLACEMENT_3D('',#10100,#10101,#10102);
#10104=PLANE('',#10103);
#10105=CARTESIAN_POINT('',(1414.8,-721.076955262,2.4));
#10106=VERTEX_POINT('',#10105);
#10107=CARTESIAN_POINT('',(1414.8,-721.076955262,2.4));
#10108=DIRECTION('',(0.497468338,0.497468338,-0.710669055));
#10109=VECTOR('',#10108,1.407124728);
#10110=LINE('',#10107,#10109);
#10111=EDGE_CURVE('',#10106,#10084,#10110,.T.);
#10112=ORIENTED_EDGE('',*,*,#10111,.F.);
#10113=CARTESIAN_POINT('',(1414.8,-734.923044738,2.4));
#10114=VERTEX_POINT('',#10113);
#10115=CARTESIAN_POINT('',(1414.800000001,-721.076955262,2.4));
#10116=DIRECTION('',(0.,-1.,0.));
#10117=VECTOR('',#10116,13.846089476);
#10118=LINE('',#10115,#10117);
#10119=EDGE_CURVE('',#10106,#10114,#10118,.T.);
#10120=ORIENTED_EDGE('',*,*,#10119,.T.);
#10121=CARTESIAN_POINT('',(1415.5,-735.623044738,1.4));
#10122=DIRECTION('',(-0.497468338,0.497468338,0.710669055));
#10123=VECTOR('',#10122,1.407124728);
#10124=LINE('',#10121,#10123);
#10125=EDGE_CURVE('',#10066,#10114,#10124,.T.);
#10126=ORIENTED_EDGE('',*,*,#10125,.F.);
#10127=ORIENTED_EDGE('',*,*,#10095,.F.);
#10128=EDGE_LOOP('',(#10112,#10120,#10126,#10127));
#10129=FACE_BOUND('',#10128,.T.);
#10130=ADVANCED_FACE('',(#10129),#10104,.F.);
#10131=CARTESIAN_POINT('',(1414.8,-728.,6.8));
#10132=DIRECTION('',(1.,0.,0.));
#10133=DIRECTION('',(0.,1.,0.));
#10134=AXIS2_PLACEMENT_3D('',#10131,#10132,#10133);
#10135=PLANE('',#10134);
#10136=ORIENTED_EDGE('',*,*,#10119,.F.);
#10137=CARTESIAN_POINT('',(1414.8,-721.076955262,4.4));
#10138=VERTEX_POINT('',#10137);
#10139=CARTESIAN_POINT('',(1414.8,-721.076955262,4.4));
#10140=DIRECTION('',(-0.,-0.,-1.));
#10141=VECTOR('',#10140,2.);
#10142=LINE('',#10139,#10141);
#10143=EDGE_CURVE('',#10138,#10106,#10142,.T.);
#10144=ORIENTED_EDGE('',*,*,#10143,.F.);
#10145=CARTESIAN_POINT('',(1414.8,-734.923044738,4.4));
#10146=VERTEX_POINT('',#10145);
#10147=CARTESIAN_POINT('',(1414.8,-721.076955262,4.4));
#10148=DIRECTION('',(-0.,-1.,-0.));
#10149=VECTOR('',#10148,13.846089476);
#10150=LINE('',#10147,#10149);
#10151=EDGE_CURVE('',#10138,#10146,#10150,.T.);
#10152=ORIENTED_EDGE('',*,*,#10151,.T.);
#10153=CARTESIAN_POINT('',(1414.8,-734.923044738,4.4));
#10154=DIRECTION('',(-0.,-0.,-1.));
#10155=VECTOR('',#10154,2.);
#10156=LINE('',#10153,#10155);
#10157=EDGE_CURVE('',#10146,#10114,#10156,.T.);
#10158=ORIENTED_EDGE('',*,*,#10157,.T.);
#10159=EDGE_LOOP('',(#10136,#10144,#10152,#10158));
#10160=FACE_BOUND('',#10159,.T.);
#10161=ADVANCED_FACE('',(#10160),#10135,.T.);
#10162=CARTESIAN_POINT('',(1415.15,-735.273044738,6.8));
#10163=DIRECTION('',(0.707106781,0.707106781,0.));
#10164=DIRECTION('',(-0.707106781,0.707106781,0.));
#10165=AXIS2_PLACEMENT_3D('',#10162,#10163,#10164);
#10166=PLANE('',#10165);
#10167=ORIENTED_EDGE('',*,*,#9969,.T.);
#10168=CARTESIAN_POINT('',(1420.376955262,-740.5,1.4));
#10169=DIRECTION('',(-0.707106781,0.707106781,0.));
#10170=VECTOR('',#10169,6.897056275);
#10171=LINE('',#10168,#10170);
#10172=EDGE_CURVE('',#9942,#10066,#10171,.T.);
#10173=ORIENTED_EDGE('',*,*,#10172,.T.);
#10174=ORIENTED_EDGE('',*,*,#10125,.T.);
#10175=ORIENTED_EDGE('',*,*,#10157,.F.);
#10176=CARTESIAN_POINT('',(1415.5,-735.623044738,5.4));
#10177=VERTEX_POINT('',#10176);
#10178=CARTESIAN_POINT('',(1414.8,-734.923044738,4.4));
#10179=DIRECTION('',(0.497468338,-0.497468338,0.710669055));
#10180=VECTOR('',#10179,1.407124728);
#10181=LINE('',#10178,#10180);
#10182=EDGE_CURVE('',#10146,#10177,#10181,.T.);
#10183=ORIENTED_EDGE('',*,*,#10182,.T.);
#10184=CARTESIAN_POINT('',(1420.376955262,-740.5,5.4));
#10185=VERTEX_POINT('',#10184);
#10186=CARTESIAN_POINT('',(1415.5,-735.623044738,5.4));
#10187=DIRECTION('',(0.707106781,-0.707106781,-0.));
#10188=VECTOR('',#10187,6.897056275);
#10189=LINE('',#10186,#10188);
#10190=EDGE_CURVE('',#10177,#10185,#10189,.T.);
#10191=ORIENTED_EDGE('',*,*,#10190,.T.);
#10192=CARTESIAN_POINT('',(1420.376955262,-740.5,5.4));
#10193=DIRECTION('',(0.497468338,-0.497468338,-0.710669055));
#10194=VECTOR('',#10193,1.407124728);
#10195=LINE('',#10192,#10194);
#10196=EDGE_CURVE('',#10185,#9996,#10195,.T.);
#10197=ORIENTED_EDGE('',*,*,#10196,.T.);
#10198=ORIENTED_EDGE('',*,*,#10001,.T.);
#10199=EDGE_LOOP('',(#10167,#10173,#10174,#10175,#10183,#10191,#10197,#10198));
#10200=FACE_BOUND('',#10199,.T.);
#10201=ADVANCED_FACE('',(#10200),#10166,.T.);
#10202=CARTESIAN_POINT('',(1428.,-715.5,2.4));
#10203=DIRECTION('',(0.,-1.,0.));
#10204=DIRECTION('',(1.,0.,0.));
#10205=AXIS2_PLACEMENT_3D('',#10202,#10203,#10204);
#10206=PLANE('',#10205);
#10207=CARTESIAN_POINT('',(1420.376955262,-715.5,1.4));
#10208=VERTEX_POINT('',#10207);
#10209=CARTESIAN_POINT('',(1418.9627417,-715.5,0.4));
#10210=VERTEX_POINT('',#10209);
#10211=CARTESIAN_POINT('',(1420.376955262,-715.5,1.4));
#10212=DIRECTION('',(-0.816496581,0.,-0.577350269));
#10213=VECTOR('',#10212,1.732050807);
#10214=LINE('',#10211,#10213);
#10215=EDGE_CURVE('',#10208,#10210,#10214,.T.);
#10216=ORIENTED_EDGE('',*,*,#10215,.T.);
#10217=CARTESIAN_POINT('',(1437.0372583,-715.5,0.4));
#10218=VERTEX_POINT('',#10217);
#10219=CARTESIAN_POINT('',(1418.9627417,-715.5,0.4));
#10220=DIRECTION('',(1.,0.,-0.));
#10221=VECTOR('',#10220,18.0745166);
#10222=LINE('',#10219,#10221);
#10223=EDGE_CURVE('',#10210,#10218,#10222,.T.);
#10224=ORIENTED_EDGE('',*,*,#10223,.T.);
#10225=CARTESIAN_POINT('',(1437.0372583,-715.5,0.4));
#10226=DIRECTION('',(-0.816496581,0.,0.577350269));
#10227=VECTOR('',#10226,1.732050807);
#10228=LINE('',#10225,#10227);
#10229=EDGE_CURVE('',#10218,#9900,#10228,.T.);
#10230=ORIENTED_EDGE('',*,*,#10229,.T.);
#10231=CARTESIAN_POINT('',(1435.623044738,-715.5,1.4));
#10232=DIRECTION('',(-1.,-0.,0.));
#10233=VECTOR('',#10232,15.246089476);
#10234=LINE('',#10231,#10233);
#10235=EDGE_CURVE('',#9900,#10208,#10234,.T.);
#10236=ORIENTED_EDGE('',*,*,#10235,.T.);
#10237=EDGE_LOOP('',(#10216,#10224,#10230,#10236));
#10238=FACE_BOUND('',#10237,.T.);
#10239=ADVANCED_FACE('',(#10238),#10206,.T.);
#10240=CARTESIAN_POINT('',(1428.,-715.5,1.4));
#10241=DIRECTION('',(0.,0.819231921,-0.573462344));
#10242=DIRECTION('',(-1.,0.,0.));
#10243=AXIS2_PLACEMENT_3D('',#10240,#10241,#10242);
#10244=PLANE('',#10243);
#10245=ORIENTED_EDGE('',*,*,#9905,.F.);
#10246=CARTESIAN_POINT('',(1421.076955262,-714.8,2.4));
#10247=VERTEX_POINT('',#10246);
#10248=CARTESIAN_POINT('',(1434.923044738,-714.800000001,2.4));
#10249=DIRECTION('',(-1.,0.,0.));
#10250=VECTOR('',#10249,13.846089476);
#10251=LINE('',#10248,#10250);
#10252=EDGE_CURVE('',#9892,#10247,#10251,.T.);
#10253=ORIENTED_EDGE('',*,*,#10252,.T.);
#10254=CARTESIAN_POINT('',(1420.376955262,-715.5,1.4));
#10255=DIRECTION('',(0.497468338,0.497468338,0.710669055));
#10256=VECTOR('',#10255,1.407124728);
#10257=LINE('',#10254,#10256);
#10258=EDGE_CURVE('',#10208,#10247,#10257,.T.);
#10259=ORIENTED_EDGE('',*,*,#10258,.F.);
#10260=ORIENTED_EDGE('',*,*,#10235,.F.);
#10261=EDGE_LOOP('',(#10245,#10253,#10259,#10260));
#10262=FACE_BOUND('',#10261,.T.);
#10263=ADVANCED_FACE('',(#10262),#10244,.F.);
#10264=CARTESIAN_POINT('',(1428.,-714.8,6.8));
#10265=DIRECTION('',(0.,-1.,0.));
#10266=DIRECTION('',(1.,0.,0.));
#10267=AXIS2_PLACEMENT_3D('',#10264,#10265,#10266);
#10268=PLANE('',#10267);
#10269=ORIENTED_EDGE('',*,*,#10252,.F.);
#10270=ORIENTED_EDGE('',*,*,#9897,.F.);
#10271=CARTESIAN_POINT('',(1421.076955262,-714.8,4.4));
#10272=VERTEX_POINT('',#10271);
#10273=CARTESIAN_POINT('',(1434.923044738,-714.8,4.4));
#10274=DIRECTION('',(-1.,-0.,0.));
#10275=VECTOR('',#10274,13.846089476);
#10276=LINE('',#10273,#10275);
#10277=EDGE_CURVE('',#9884,#10272,#10276,.T.);
#10278=ORIENTED_EDGE('',*,*,#10277,.T.);
#10279=CARTESIAN_POINT('',(1421.076955262,-714.8,4.4));
#10280=DIRECTION('',(-0.,-0.,-1.));
#10281=VECTOR('',#10280,2.);
#10282=LINE('',#10279,#10281);
#10283=EDGE_CURVE('',#10272,#10247,#10282,.T.);
#10284=ORIENTED_EDGE('',*,*,#10283,.T.);
#10285=EDGE_LOOP('',(#10269,#10270,#10278,#10284));
#10286=FACE_BOUND('',#10285,.T.);
#10287=ADVANCED_FACE('',(#10286),#10268,.T.);
#10288=CARTESIAN_POINT('',(1420.726955262,-715.15,6.8));
#10289=DIRECTION('',(0.707106781,-0.707106781,0.));
#10290=DIRECTION('',(0.707106781,0.707106781,0.));
#10291=AXIS2_PLACEMENT_3D('',#10288,#10289,#10290);
#10292=PLANE('',#10291);
#10293=ORIENTED_EDGE('',*,*,#10111,.T.);
#10294=CARTESIAN_POINT('',(1415.5,-720.376955262,1.4));
#10295=DIRECTION('',(0.707106781,0.707106781,0.));
#10296=VECTOR('',#10295,6.897056275);
#10297=LINE('',#10294,#10296);
#10298=EDGE_CURVE('',#10084,#10208,#10297,.T.);
#10299=ORIENTED_EDGE('',*,*,#10298,.T.);
#10300=ORIENTED_EDGE('',*,*,#10258,.T.);
#10301=ORIENTED_EDGE('',*,*,#10283,.F.);
#10302=CARTESIAN_POINT('',(1420.376955262,-715.5,5.4));
#10303=VERTEX_POINT('',#10302);
#10304=CARTESIAN_POINT('',(1421.076955262,-714.8,4.4));
#10305=DIRECTION('',(-0.497468338,-0.497468338,0.710669055));
#10306=VECTOR('',#10305,1.407124728);
#10307=LINE('',#10304,#10306);
#10308=EDGE_CURVE('',#10272,#10303,#10307,.T.);
#10309=ORIENTED_EDGE('',*,*,#10308,.T.);
#10310=CARTESIAN_POINT('',(1415.5,-720.376955262,5.4));
#10311=VERTEX_POINT('',#10310);
#10312=CARTESIAN_POINT('',(1420.376955262,-715.5,5.4));
#10313=DIRECTION('',(-0.707106781,-0.707106781,-0.));
#10314=VECTOR('',#10313,6.897056275);
#10315=LINE('',#10312,#10314);
#10316=EDGE_CURVE('',#10303,#10311,#10315,.T.);
#10317=ORIENTED_EDGE('',*,*,#10316,.T.);
#10318=CARTESIAN_POINT('',(1415.5,-720.376955262,5.4));
#10319=DIRECTION('',(-0.497468338,-0.497468338,-0.710669055));
#10320=VECTOR('',#10319,1.407124728);
#10321=LINE('',#10318,#10320);
#10322=EDGE_CURVE('',#10311,#10138,#10321,.T.);
#10323=ORIENTED_EDGE('',*,*,#10322,.T.);
#10324=ORIENTED_EDGE('',*,*,#10143,.T.);
#10325=EDGE_LOOP('',(#10293,#10299,#10300,#10301,#10309,#10317,#10323,#10324));
#10326=FACE_BOUND('',#10325,.T.);
#10327=ADVANCED_FACE('',(#10326),#10292,.T.);
#10328=CARTESIAN_POINT('',(1442.,-728.,6.8));
#10329=DIRECTION('',(-1.,0.,0.));
#10330=DIRECTION('',(0.,-1.,0.));
#10331=AXIS2_PLACEMENT_3D('',#10328,#10329,#10330);
#10332=PLANE('',#10331);
#10333=CARTESIAN_POINT('',(1442.,-744.567223359,4.6));
#10334=VERTEX_POINT('',#10333);
#10335=CARTESIAN_POINT('',(1442.,-744.567223359,2.2));
#10336=VERTEX_POINT('',#10335);
#10337=CARTESIAN_POINT('',(1442.,-744.567223359,4.6));
#10338=DIRECTION('',(0.,0.,-1.));
#10339=VECTOR('',#10338,2.4);
#10340=LINE('',#10337,#10339);
#10341=EDGE_CURVE('',#10334,#10336,#10340,.T.);
#10342=ORIENTED_EDGE('',*,*,#10341,.F.);
#10343=CARTESIAN_POINT('',(1442.,-739.432776641,4.6));
#10344=VERTEX_POINT('',#10343);
#10345=CARTESIAN_POINT('',(1442.,-744.567223359,4.6));
#10346=DIRECTION('',(-0.,1.,-0.));
#10347=VECTOR('',#10346,5.134446718);
#10348=LINE('',#10345,#10347);
#10349=EDGE_CURVE('',#10334,#10344,#10348,.T.);
#10350=ORIENTED_EDGE('',*,*,#10349,.T.);
#10351=CARTESIAN_POINT('',(1442.,-739.432776641,2.2));
#10352=VERTEX_POINT('',#10351);
#10353=CARTESIAN_POINT('',(1442.,-739.432776641,2.2));
#10354=DIRECTION('',(-0.,-0.,1.));
#10355=VECTOR('',#10354,2.4);
#10356=LINE('',#10353,#10355);
#10357=EDGE_CURVE('',#10352,#10344,#10356,.T.);
#10358=ORIENTED_EDGE('',*,*,#10357,.F.);
#10359=CARTESIAN_POINT('',(1442.,-744.567223359,2.2));
#10360=DIRECTION('',(0.,1.,0.));
#10361=VECTOR('',#10360,5.134446718);
#10362=LINE('',#10359,#10361);
#10363=EDGE_CURVE('',#10336,#10352,#10362,.T.);
#10364=ORIENTED_EDGE('',*,*,#10363,.F.);
#10365=EDGE_LOOP('',(#10342,#10350,#10358,#10364));
#10366=FACE_BOUND('',#10365,.T.);
#10367=ORIENTED_EDGE('',*,*,#2000,.F.);
#10368=CARTESIAN_POINT('',(1442.,-905.8,6.8));
#10369=DIRECTION('',(-0.,-0.,-1.));
#10370=VECTOR('',#10369,6.8);
#10371=LINE('',#10368,#10370);
#10372=EDGE_CURVE('',#1987,#91,#10371,.T.);
#10373=ORIENTED_EDGE('',*,*,#10372,.T.);
#10374=ORIENTED_EDGE('',*,*,#96,.T.);
#10375=CARTESIAN_POINT('',(1442.,-718.2,-0.));
#10376=DIRECTION('',(0.,0.,1.));
#10377=VECTOR('',#10376,6.8);
#10378=LINE('',#10375,#10377);
#10379=EDGE_CURVE('',#83,#1995,#10378,.T.);
#10380=ORIENTED_EDGE('',*,*,#10379,.T.);
#10381=EDGE_LOOP('',(#10367,#10373,#10374,#10380));
#10382=FACE_BOUND('',#10381,.T.);
#10383=CARTESIAN_POINT('',(1442.,-772.567223359,4.6));
#10384=VERTEX_POINT('',#10383);
#10385=CARTESIAN_POINT('',(1442.,-772.567223359,2.2));
#10386=VERTEX_POINT('',#10385);
#10387=CARTESIAN_POINT('',(1442.,-772.567223359,4.6));
#10388=DIRECTION('',(0.,0.,-1.));
#10389=VECTOR('',#10388,2.4);
#10390=LINE('',#10387,#10389);
#10391=EDGE_CURVE('',#10384,#10386,#10390,.T.);
#10392=ORIENTED_EDGE('',*,*,#10391,.F.);
#10393=CARTESIAN_POINT('',(1442.,-767.432776641,4.6));
#10394=VERTEX_POINT('',#10393);
#10395=CARTESIAN_POINT('',(1442.,-772.567223359,4.6));
#10396=DIRECTION('',(-0.,1.,-0.));
#10397=VECTOR('',#10396,5.134446718);
#10398=LINE('',#10395,#10397);
#10399=EDGE_CURVE('',#10384,#10394,#10398,.T.);
#10400=ORIENTED_EDGE('',*,*,#10399,.T.);
#10401=CARTESIAN_POINT('',(1442.,-767.432776641,2.2));
#10402=VERTEX_POINT('',#10401);
#10403=CARTESIAN_POINT('',(1442.,-767.432776641,2.2));
#10404=DIRECTION('',(-0.,-0.,1.));
#10405=VECTOR('',#10404,2.4);
#10406=LINE('',#10403,#10405);
#10407=EDGE_CURVE('',#10402,#10394,#10406,.T.);
#10408=ORIENTED_EDGE('',*,*,#10407,.F.);
#10409=CARTESIAN_POINT('',(1442.,-772.567223359,2.2));
#10410=DIRECTION('',(0.,1.,0.));
#10411=VECTOR('',#10410,5.134446718);
#10412=LINE('',#10409,#10411);
#10413=EDGE_CURVE('',#10386,#10402,#10412,.T.);
#10414=ORIENTED_EDGE('',*,*,#10413,.F.);
#10415=EDGE_LOOP('',(#10392,#10400,#10408,#10414));
#10416=FACE_BOUND('',#10415,.T.);
#10417=CARTESIAN_POINT('',(1442.,-800.567223359,4.6));
#10418=VERTEX_POINT('',#10417);
#10419=CARTESIAN_POINT('',(1442.,-800.567223359,2.2));
#10420=VERTEX_POINT('',#10419);
#10421=CARTESIAN_POINT('',(1442.,-800.567223359,4.6));
#10422=DIRECTION('',(0.,0.,-1.));
#10423=VECTOR('',#10422,2.4);
#10424=LINE('',#10421,#10423);
#10425=EDGE_CURVE('',#10418,#10420,#10424,.T.);
#10426=ORIENTED_EDGE('',*,*,#10425,.F.);
#10427=CARTESIAN_POINT('',(1442.,-795.432776641,4.6));
#10428=VERTEX_POINT('',#10427);
#10429=CARTESIAN_POINT('',(1442.,-800.567223359,4.6));
#10430=DIRECTION('',(-0.,1.,-0.));
#10431=VECTOR('',#10430,5.134446718);
#10432=LINE('',#10429,#10431);
#10433=EDGE_CURVE('',#10418,#10428,#10432,.T.);
#10434=ORIENTED_EDGE('',*,*,#10433,.T.);
#10435=CARTESIAN_POINT('',(1442.,-795.432776641,2.2));
#10436=VERTEX_POINT('',#10435);
#10437=CARTESIAN_POINT('',(1442.,-795.432776641,2.2));
#10438=DIRECTION('',(-0.,-0.,1.));
#10439=VECTOR('',#10438,2.4);
#10440=LINE('',#10437,#10439);
#10441=EDGE_CURVE('',#10436,#10428,#10440,.T.);
#10442=ORIENTED_EDGE('',*,*,#10441,.F.);
#10443=CARTESIAN_POINT('',(1442.,-800.567223359,2.2));
#10444=DIRECTION('',(0.,1.,0.));
#10445=VECTOR('',#10444,5.134446718);
#10446=LINE('',#10443,#10445);
#10447=EDGE_CURVE('',#10420,#10436,#10446,.T.);
#10448=ORIENTED_EDGE('',*,*,#10447,.F.);
#10449=EDGE_LOOP('',(#10426,#10434,#10442,#10448));
#10450=FACE_BOUND('',#10449,.T.);
#10451=CARTESIAN_POINT('',(1442.,-828.567223359,4.6));
#10452=VERTEX_POINT('',#10451);
#10453=CARTESIAN_POINT('',(1442.,-828.567223359,2.2));
#10454=VERTEX_POINT('',#10453);
#10455=CARTESIAN_POINT('',(1442.,-828.567223359,4.6));
#10456=DIRECTION('',(0.,0.,-1.));
#10457=VECTOR('',#10456,2.4);
#10458=LINE('',#10455,#10457);
#10459=EDGE_CURVE('',#10452,#10454,#10458,.T.);
#10460=ORIENTED_EDGE('',*,*,#10459,.F.);
#10461=CARTESIAN_POINT('',(1442.,-823.432776641,4.6));
#10462=VERTEX_POINT('',#10461);
#10463=CARTESIAN_POINT('',(1442.,-828.567223359,4.6));
#10464=DIRECTION('',(-0.,1.,-0.));
#10465=VECTOR('',#10464,5.134446718);
#10466=LINE('',#10463,#10465);
#10467=EDGE_CURVE('',#10452,#10462,#10466,.T.);
#10468=ORIENTED_EDGE('',*,*,#10467,.T.);
#10469=CARTESIAN_POINT('',(1442.,-823.432776641,2.2));
#10470=VERTEX_POINT('',#10469);
#10471=CARTESIAN_POINT('',(1442.,-823.432776641,2.2));
#10472=DIRECTION('',(-0.,-0.,1.));
#10473=VECTOR('',#10472,2.4);
#10474=LINE('',#10471,#10473);
#10475=EDGE_CURVE('',#10470,#10462,#10474,.T.);
#10476=ORIENTED_EDGE('',*,*,#10475,.F.);
#10477=CARTESIAN_POINT('',(1442.,-828.567223359,2.2));
#10478=DIRECTION('',(0.,1.,0.));
#10479=VECTOR('',#10478,5.134446718);
#10480=LINE('',#10477,#10479);
#10481=EDGE_CURVE('',#10454,#10470,#10480,.T.);
#10482=ORIENTED_EDGE('',*,*,#10481,.F.);
#10483=EDGE_LOOP('',(#10460,#10468,#10476,#10482));
#10484=FACE_BOUND('',#10483,.T.);
#10485=CARTESIAN_POINT('',(1442.,-884.567223359,4.6));
#10486=VERTEX_POINT('',#10485);
#10487=CARTESIAN_POINT('',(1442.,-879.432776641,4.6));
#10488=VERTEX_POINT('',#10487);
#10489=CARTESIAN_POINT('',(1442.,-884.567223359,4.6));
#10490=DIRECTION('',(-0.,1.,-0.));
#10491=VECTOR('',#10490,5.134446718);
#10492=LINE('',#10489,#10491);
#10493=EDGE_CURVE('',#10486,#10488,#10492,.T.);
#10494=ORIENTED_EDGE('',*,*,#10493,.T.);
#10495=CARTESIAN_POINT('',(1442.,-879.432776641,2.2));
#10496=VERTEX_POINT('',#10495);
#10497=CARTESIAN_POINT('',(1442.,-879.432776641,2.2));
#10498=DIRECTION('',(-0.,-0.,1.));
#10499=VECTOR('',#10498,2.4);
#10500=LINE('',#10497,#10499);
#10501=EDGE_CURVE('',#10496,#10488,#10500,.T.);
#10502=ORIENTED_EDGE('',*,*,#10501,.F.);
#10503=CARTESIAN_POINT('',(1442.,-884.567223359,2.2));
#10504=VERTEX_POINT('',#10503);
#10505=CARTESIAN_POINT('',(1442.,-884.567223359,2.2));
#10506=DIRECTION('',(0.,1.,0.));
#10507=VECTOR('',#10506,5.134446718);
#10508=LINE('',#10505,#10507);
#10509=EDGE_CURVE('',#10504,#10496,#10508,.T.);
#10510=ORIENTED_EDGE('',*,*,#10509,.F.);
#10511=CARTESIAN_POINT('',(1442.,-884.567223359,4.6));
#10512=DIRECTION('',(0.,0.,-1.));
#10513=VECTOR('',#10512,2.4);
#10514=LINE('',#10511,#10513);
#10515=EDGE_CURVE('',#10486,#10504,#10514,.T.);
#10516=ORIENTED_EDGE('',*,*,#10515,.F.);
#10517=EDGE_LOOP('',(#10494,#10502,#10510,#10516));
#10518=FACE_BOUND('',#10517,.T.);
#10519=CARTESIAN_POINT('',(1442.,-856.567223359,4.6));
#10520=VERTEX_POINT('',#10519);
#10521=CARTESIAN_POINT('',(1442.,-856.567223359,2.2));
#10522=VERTEX_POINT('',#10521);
#10523=CARTESIAN_POINT('',(1442.,-856.567223359,4.6));
#10524=DIRECTION('',(0.,0.,-1.));
#10525=VECTOR('',#10524,2.4);
#10526=LINE('',#10523,#10525);
#10527=EDGE_CURVE('',#10520,#10522,#10526,.T.);
#10528=ORIENTED_EDGE('',*,*,#10527,.F.);
#10529=CARTESIAN_POINT('',(1442.,-851.432776641,4.6));
#10530=VERTEX_POINT('',#10529);
#10531=CARTESIAN_POINT('',(1442.,-856.567223359,4.6));
#10532=DIRECTION('',(-0.,1.,-0.));
#10533=VECTOR('',#10532,5.134446718);
#10534=LINE('',#10531,#10533);
#10535=EDGE_CURVE('',#10520,#10530,#10534,.T.);
#10536=ORIENTED_EDGE('',*,*,#10535,.T.);
#10537=CARTESIAN_POINT('',(1442.,-851.432776641,2.2));
#10538=VERTEX_POINT('',#10537);
#10539=CARTESIAN_POINT('',(1442.,-851.432776641,2.2));
#10540=DIRECTION('',(-0.,-0.,1.));
#10541=VECTOR('',#10540,2.4);
#10542=LINE('',#10539,#10541);
#10543=EDGE_CURVE('',#10538,#10530,#10542,.T.);
#10544=ORIENTED_EDGE('',*,*,#10543,.F.);
#10545=CARTESIAN_POINT('',(1442.,-856.567223359,2.2));
#10546=DIRECTION('',(0.,1.,0.));
#10547=VECTOR('',#10546,5.134446718);
#10548=LINE('',#10545,#10547);
#10549=EDGE_CURVE('',#10522,#10538,#10548,.T.);
#10550=ORIENTED_EDGE('',*,*,#10549,.F.);
#10551=EDGE_LOOP('',(#10528,#10536,#10544,#10550));
#10552=FACE_BOUND('',#10551,.T.);
#10553=ADVANCED_FACE('',(#10366,#10382,#10416,#10450,#10484,#10518,#10552),#10332,.F.);
#10554=CARTESIAN_POINT('',(1440.5,-728.,4.4));
#10555=DIRECTION('',(-1.,0.,0.));
#10556=DIRECTION('',(0.,-1.,0.));
#10557=AXIS2_PLACEMENT_3D('',#10554,#10555,#10556);
#10558=PLANE('',#10557);
#10559=CARTESIAN_POINT('',(1440.5,-737.0372583,6.4));
#10560=VERTEX_POINT('',#10559);
#10561=CARTESIAN_POINT('',(1440.5,-735.623044738,5.4));
#10562=DIRECTION('',(0.,-0.816496581,0.577350269));
#10563=VECTOR('',#10562,1.732050807);
#10564=LINE('',#10561,#10563);
#10565=EDGE_CURVE('',#10034,#10560,#10564,.T.);
#10566=ORIENTED_EDGE('',*,*,#10565,.T.);
#10567=CARTESIAN_POINT('',(1440.5,-718.9627417,6.4));
#10568=VERTEX_POINT('',#10567);
#10569=CARTESIAN_POINT('',(1440.5,-737.0372583,6.4));
#10570=DIRECTION('',(-0.,1.,-0.));
#10571=VECTOR('',#10570,18.0745166);
#10572=LINE('',#10569,#10571);
#10573=EDGE_CURVE('',#10560,#10568,#10572,.T.);
#10574=ORIENTED_EDGE('',*,*,#10573,.T.);
#10575=CARTESIAN_POINT('',(1440.5,-718.9627417,6.4));
#10576=DIRECTION('',(0.,-0.816496581,-0.577350269));
#10577=VECTOR('',#10576,1.732050807);
#10578=LINE('',#10575,#10577);
#10579=EDGE_CURVE('',#10568,#9868,#10578,.T.);
#10580=ORIENTED_EDGE('',*,*,#10579,.T.);
#10581=CARTESIAN_POINT('',(1440.5,-720.376955262,5.4));
#10582=DIRECTION('',(0.,-1.,0.));
#10583=VECTOR('',#10582,15.246089476);
#10584=LINE('',#10581,#10583);
#10585=EDGE_CURVE('',#9868,#10034,#10584,.T.);
#10586=ORIENTED_EDGE('',*,*,#10585,.T.);
#10587=EDGE_LOOP('',(#10566,#10574,#10580,#10586));
#10588=FACE_BOUND('',#10587,.T.);
#10589=ADVANCED_FACE('',(#10588),#10558,.T.);
#10590=CARTESIAN_POINT('',(1440.5,-728.,5.4));
#10591=DIRECTION('',(-0.819231921,0.,-0.573462344));
#10592=DIRECTION('',(0.,1.,0.));
#10593=AXIS2_PLACEMENT_3D('',#10590,#10591,#10592);
#10594=PLANE('',#10593);
#10595=ORIENTED_EDGE('',*,*,#9873,.F.);
#10596=ORIENTED_EDGE('',*,*,#9851,.F.);
#10597=ORIENTED_EDGE('',*,*,#10045,.F.);
#10598=ORIENTED_EDGE('',*,*,#10585,.F.);
#10599=EDGE_LOOP('',(#10595,#10596,#10597,#10598));
#10600=FACE_BOUND('',#10599,.T.);
#10601=ADVANCED_FACE('',(#10600),#10594,.T.);
#10602=CARTESIAN_POINT('',(1428.,-740.5,4.4));
#10603=DIRECTION('',(0.,1.,0.));
#10604=DIRECTION('',(-1.,0.,0.));
#10605=AXIS2_PLACEMENT_3D('',#10602,#10603,#10604);
#10606=PLANE('',#10605);
#10607=CARTESIAN_POINT('',(1418.9627417,-740.5,6.4));
#10608=VERTEX_POINT('',#10607);
#10609=CARTESIAN_POINT('',(1420.376955262,-740.5,5.4));
#10610=DIRECTION('',(-0.816496581,0.,0.577350269));
#10611=VECTOR('',#10610,1.732050807);
#10612=LINE('',#10609,#10611);
#10613=EDGE_CURVE('',#10185,#10608,#10612,.T.);
#10614=ORIENTED_EDGE('',*,*,#10613,.T.);
#10615=CARTESIAN_POINT('',(1437.0372583,-740.5,6.4));
#10616=VERTEX_POINT('',#10615);
#10617=CARTESIAN_POINT('',(1418.9627417,-740.5,6.4));
#10618=DIRECTION('',(1.,-0.,-0.));
#10619=VECTOR('',#10618,18.0745166);
#10620=LINE('',#10617,#10619);
#10621=EDGE_CURVE('',#10608,#10616,#10620,.T.);
#10622=ORIENTED_EDGE('',*,*,#10621,.T.);
#10623=CARTESIAN_POINT('',(1437.0372583,-740.5,6.4));
#10624=DIRECTION('',(-0.816496581,0.,-0.577350269));
#10625=VECTOR('',#10624,1.732050807);
#10626=LINE('',#10623,#10625);
#10627=EDGE_CURVE('',#10616,#10026,#10626,.T.);
#10628=ORIENTED_EDGE('',*,*,#10627,.T.);
#10629=CARTESIAN_POINT('',(1435.623044738,-740.5,5.4));
#10630=DIRECTION('',(-1.,0.,0.));
#10631=VECTOR('',#10630,15.246089476);
#10632=LINE('',#10629,#10631);
#10633=EDGE_CURVE('',#10026,#10185,#10632,.T.);
#10634=ORIENTED_EDGE('',*,*,#10633,.T.);
#10635=EDGE_LOOP('',(#10614,#10622,#10628,#10634));
#10636=FACE_BOUND('',#10635,.T.);
#10637=ADVANCED_FACE('',(#10636),#10606,.T.);
#10638=CARTESIAN_POINT('',(1428.,-740.5,5.4));
#10639=DIRECTION('',(0.,0.819231921,-0.573462344));
#10640=DIRECTION('',(1.,0.,0.));
#10641=AXIS2_PLACEMENT_3D('',#10638,#10639,#10640);
#10642=PLANE('',#10641);
#10643=ORIENTED_EDGE('',*,*,#10031,.F.);
#10644=ORIENTED_EDGE('',*,*,#10009,.F.);
#10645=ORIENTED_EDGE('',*,*,#10196,.F.);
#10646=ORIENTED_EDGE('',*,*,#10633,.F.);
#10647=EDGE_LOOP('',(#10643,#10644,#10645,#10646));
#10648=FACE_BOUND('',#10647,.T.);
#10649=ADVANCED_FACE('',(#10648),#10642,.T.);
#10650=CARTESIAN_POINT('',(1415.5,-728.,4.4));
#10651=DIRECTION('',(1.,0.,0.));
#10652=DIRECTION('',(0.,1.,0.));
#10653=AXIS2_PLACEMENT_3D('',#10650,#10651,#10652);
#10654=PLANE('',#10653);
#10655=CARTESIAN_POINT('',(1415.5,-718.9627417,6.4));
#10656=VERTEX_POINT('',#10655);
#10657=CARTESIAN_POINT('',(1415.5,-720.376955262,5.4));
#10658=DIRECTION('',(0.,0.816496581,0.577350269));
#10659=VECTOR('',#10658,1.732050807);
#10660=LINE('',#10657,#10659);
#10661=EDGE_CURVE('',#10311,#10656,#10660,.T.);
#10662=ORIENTED_EDGE('',*,*,#10661,.T.);
#10663=CARTESIAN_POINT('',(1415.5,-737.0372583,6.4));
#10664=VERTEX_POINT('',#10663);
#10665=CARTESIAN_POINT('',(1415.5,-718.9627417,6.4));
#10666=DIRECTION('',(-0.,-1.,-0.));
#10667=VECTOR('',#10666,18.0745166);
#10668=LINE('',#10665,#10667);
#10669=EDGE_CURVE('',#10656,#10664,#10668,.T.);
#10670=ORIENTED_EDGE('',*,*,#10669,.T.);
#10671=CARTESIAN_POINT('',(1415.5,-737.0372583,6.4));
#10672=DIRECTION('',(0.,0.816496581,-0.577350269));
#10673=VECTOR('',#10672,1.732050807);
#10674=LINE('',#10671,#10673);
#10675=EDGE_CURVE('',#10664,#10177,#10674,.T.);
#10676=ORIENTED_EDGE('',*,*,#10675,.T.);
#10677=CARTESIAN_POINT('',(1415.5,-735.623044738,5.4));
#10678=DIRECTION('',(0.,1.,0.));
#10679=VECTOR('',#10678,15.246089476);
#10680=LINE('',#10677,#10679);
#10681=EDGE_CURVE('',#10177,#10311,#10680,.T.);
#10682=ORIENTED_EDGE('',*,*,#10681,.T.);
#10683=EDGE_LOOP('',(#10662,#10670,#10676,#10682));
#10684=FACE_BOUND('',#10683,.T.);
#10685=ADVANCED_FACE('',(#10684),#10654,.T.);
#10686=CARTESIAN_POINT('',(1415.5,-728.,5.4));
#10687=DIRECTION('',(0.819231921,0.,-0.573462344));
#10688=DIRECTION('',(0.,-1.,0.));
#10689=AXIS2_PLACEMENT_3D('',#10686,#10687,#10688);
#10690=PLANE('',#10689);
#10691=ORIENTED_EDGE('',*,*,#10182,.F.);
#10692=ORIENTED_EDGE('',*,*,#10151,.F.);
#10693=ORIENTED_EDGE('',*,*,#10322,.F.);
#10694=ORIENTED_EDGE('',*,*,#10681,.F.);
#10695=EDGE_LOOP('',(#10691,#10692,#10693,#10694));
#10696=FACE_BOUND('',#10695,.T.);
#10697=ADVANCED_FACE('',(#10696),#10690,.T.);
#10698=CARTESIAN_POINT('',(1428.,-715.5,4.4));
#10699=DIRECTION('',(0.,-1.,0.));
#10700=DIRECTION('',(1.,0.,0.));
#10701=AXIS2_PLACEMENT_3D('',#10698,#10699,#10700);
#10702=PLANE('',#10701);
#10703=CARTESIAN_POINT('',(1437.0372583,-715.5,6.4));
#10704=VERTEX_POINT('',#10703);
#10705=CARTESIAN_POINT('',(1435.623044738,-715.5,5.4));
#10706=DIRECTION('',(0.816496581,0.,0.577350269));
#10707=VECTOR('',#10706,1.732050807);
#10708=LINE('',#10705,#10707);
#10709=EDGE_CURVE('',#9876,#10704,#10708,.T.);
#10710=ORIENTED_EDGE('',*,*,#10709,.T.);
#10711=CARTESIAN_POINT('',(1418.9627417,-715.5,6.4));
#10712=VERTEX_POINT('',#10711);
#10713=CARTESIAN_POINT('',(1437.0372583,-715.5,6.4));
#10714=DIRECTION('',(-1.,-0.,0.));
#10715=VECTOR('',#10714,18.0745166);
#10716=LINE('',#10713,#10715);
#10717=EDGE_CURVE('',#10704,#10712,#10716,.T.);
#10718=ORIENTED_EDGE('',*,*,#10717,.T.);
#10719=CARTESIAN_POINT('',(1418.9627417,-715.5,6.4));
#10720=DIRECTION('',(0.816496581,0.,-0.577350269));
#10721=VECTOR('',#10720,1.732050807);
#10722=LINE('',#10719,#10721);
#10723=EDGE_CURVE('',#10712,#10303,#10722,.T.);
#10724=ORIENTED_EDGE('',*,*,#10723,.T.);
#10725=CARTESIAN_POINT('',(1420.376955262,-715.5,5.4));
#10726=DIRECTION('',(1.,0.,-0.));
#10727=VECTOR('',#10726,15.246089476);
#10728=LINE('',#10725,#10727);
#10729=EDGE_CURVE('',#10303,#9876,#10728,.T.);
#10730=ORIENTED_EDGE('',*,*,#10729,.T.);
#10731=EDGE_LOOP('',(#10710,#10718,#10724,#10730));
#10732=FACE_BOUND('',#10731,.T.);
#10733=ADVANCED_FACE('',(#10732),#10702,.T.);
#10734=CARTESIAN_POINT('',(1428.,-715.5,5.4));
#10735=DIRECTION('',(0.,-0.819231921,-0.573462344));
#10736=DIRECTION('',(-1.,0.,0.));
#10737=AXIS2_PLACEMENT_3D('',#10734,#10735,#10736);
#10738=PLANE('',#10737);
#10739=ORIENTED_EDGE('',*,*,#10308,.F.);
#10740=ORIENTED_EDGE('',*,*,#10277,.F.);
#10741=ORIENTED_EDGE('',*,*,#9889,.F.);
#10742=ORIENTED_EDGE('',*,*,#10729,.F.);
#10743=EDGE_LOOP('',(#10739,#10740,#10741,#10742));
#10744=FACE_BOUND('',#10743,.T.);
#10745=ADVANCED_FACE('',(#10744),#10738,.T.);
#10746=CARTESIAN_POINT('',(1416.948528137,-716.948528137,0.));
#10747=DIRECTION('',(0.5,-0.5,-0.707106781));
#10748=DIRECTION('',(0.707106781,0.707106781,0.));
#10749=AXIS2_PLACEMENT_3D('',#10746,#10747,#10748);
#10750=PLANE('',#10749);
#10751=ORIENTED_EDGE('',*,*,#10215,.F.);
#10752=ORIENTED_EDGE('',*,*,#10298,.F.);
#10753=ORIENTED_EDGE('',*,*,#10089,.F.);
#10754=CARTESIAN_POINT('',(1415.5,-718.9627417,0.4));
#10755=DIRECTION('',(-0.678598344,0.281084638,-0.678598345));
#10756=VECTOR('',#10755,0.589450303);
#10757=LINE('',#10754,#10756);
#10758=EDGE_CURVE('',#10076,#479,#10757,.T.);
#10759=ORIENTED_EDGE('',*,*,#10758,.T.);
#10760=ORIENTED_EDGE('',*,*,#484,.F.);
#10761=CARTESIAN_POINT('',(1418.797056275,-715.1,0.));
#10762=DIRECTION('',(0.281084638,-0.678598344,0.678598345));
#10763=VECTOR('',#10762,0.589450303);
#10764=LINE('',#10761,#10763);
#10765=EDGE_CURVE('',#471,#10210,#10764,.T.);
#10766=ORIENTED_EDGE('',*,*,#10765,.T.);
#10767=EDGE_LOOP('',(#10751,#10752,#10753,#10759,#10760,#10766));
#10768=FACE_BOUND('',#10767,.T.);
#10769=ADVANCED_FACE('',(#10768),#10750,.T.);
#10770=CARTESIAN_POINT('',(1420.726955262,-715.15,5.4));
#10771=DIRECTION('',(-0.5,0.5,-0.707106781));
#10772=DIRECTION('',(-0.707106781,-0.707106781,0.));
#10773=AXIS2_PLACEMENT_3D('',#10770,#10771,#10772);
#10774=PLANE('',#10773);
#10775=ORIENTED_EDGE('',*,*,#10723,.F.);
#10776=CARTESIAN_POINT('',(1418.9627417,-715.5,6.4));
#10777=DIRECTION('',(-0.281084638,0.678598344,0.678598345));
#10778=VECTOR('',#10777,0.589450303);
#10779=LINE('',#10776,#10778);
#10780=EDGE_CURVE('',#10712,#2285,#10779,.T.);
#10781=ORIENTED_EDGE('',*,*,#10780,.T.);
#10782=ORIENTED_EDGE('',*,*,#2290,.F.);
#10783=CARTESIAN_POINT('',(1415.1,-718.797056275,6.8));
#10784=DIRECTION('',(0.678598344,-0.281084638,-0.678598345));
#10785=VECTOR('',#10784,0.589450303);
#10786=LINE('',#10783,#10785);
#10787=EDGE_CURVE('',#2277,#10656,#10786,.T.);
#10788=ORIENTED_EDGE('',*,*,#10787,.T.);
#10789=ORIENTED_EDGE('',*,*,#10661,.F.);
#10790=ORIENTED_EDGE('',*,*,#10316,.F.);
#10791=EDGE_LOOP('',(#10775,#10781,#10782,#10788,#10789,#10790));
#10792=FACE_BOUND('',#10791,.T.);
#10793=ADVANCED_FACE('',(#10792),#10774,.F.);
#10794=CARTESIAN_POINT('',(1435.273044738,-740.85,5.4));
#10795=DIRECTION('',(0.5,-0.5,-0.707106781));
#10796=DIRECTION('',(0.707106781,0.707106781,0.));
#10797=AXIS2_PLACEMENT_3D('',#10794,#10795,#10796);
#10798=PLANE('',#10797);
#10799=ORIENTED_EDGE('',*,*,#10627,.F.);
#10800=CARTESIAN_POINT('',(1437.0372583,-740.5,6.4));
#10801=DIRECTION('',(0.281084638,-0.678598344,0.678598345));
#10802=VECTOR('',#10801,0.589450303);
#10803=LINE('',#10800,#10802);
#10804=EDGE_CURVE('',#10616,#2317,#10803,.T.);
#10805=ORIENTED_EDGE('',*,*,#10804,.T.);
#10806=ORIENTED_EDGE('',*,*,#2322,.F.);
#10807=CARTESIAN_POINT('',(1440.9,-737.202943725,6.8));
#10808=DIRECTION('',(-0.678598344,0.281084638,-0.678598345));
#10809=VECTOR('',#10808,0.589450303);
#10810=LINE('',#10807,#10809);
#10811=EDGE_CURVE('',#2309,#10560,#10810,.T.);
#10812=ORIENTED_EDGE('',*,*,#10811,.T.);
#10813=ORIENTED_EDGE('',*,*,#10565,.F.);
#10814=ORIENTED_EDGE('',*,*,#10039,.F.);
#10815=EDGE_LOOP('',(#10799,#10805,#10806,#10812,#10813,#10814));
#10816=FACE_BOUND('',#10815,.T.);
#10817=ADVANCED_FACE('',(#10816),#10798,.F.);
#10818=CARTESIAN_POINT('',(1416.948528137,-739.051471863,0.));
#10819=DIRECTION('',(0.5,0.5,-0.707106781));
#10820=DIRECTION('',(-0.707106781,0.707106781,0.));
#10821=AXIS2_PLACEMENT_3D('',#10818,#10819,#10820);
#10822=PLANE('',#10821);
#10823=ORIENTED_EDGE('',*,*,#10073,.F.);
#10824=ORIENTED_EDGE('',*,*,#10172,.F.);
#10825=ORIENTED_EDGE('',*,*,#9947,.F.);
#10826=CARTESIAN_POINT('',(1418.9627417,-740.5,0.4));
#10827=DIRECTION('',(-0.281084638,-0.678598344,-0.678598345));
#10828=VECTOR('',#10827,0.589450303);
#10829=LINE('',#10826,#10828);
#10830=EDGE_CURVE('',#9934,#495,#10829,.T.);
#10831=ORIENTED_EDGE('',*,*,#10830,.T.);
#10832=ORIENTED_EDGE('',*,*,#500,.F.);
#10833=CARTESIAN_POINT('',(1415.1,-737.202943725,0.));
#10834=DIRECTION('',(0.678598344,0.281084638,0.678598345));
#10835=VECTOR('',#10834,0.589450303);
#10836=LINE('',#10833,#10835);
#10837=EDGE_CURVE('',#487,#10068,#10836,.T.);
#10838=ORIENTED_EDGE('',*,*,#10837,.T.);
#10839=EDGE_LOOP('',(#10823,#10824,#10825,#10831,#10832,#10838));
#10840=FACE_BOUND('',#10839,.T.);
#10841=ADVANCED_FACE('',(#10840),#10822,.T.);
#10842=CARTESIAN_POINT('',(1440.85,-720.726955262,5.4));
#10843=DIRECTION('',(0.5,0.5,-0.707106781));
#10844=DIRECTION('',(-0.707106781,0.707106781,0.));
#10845=AXIS2_PLACEMENT_3D('',#10842,#10843,#10844);
#10846=PLANE('',#10845);
#10847=ORIENTED_EDGE('',*,*,#10579,.F.);
#10848=CARTESIAN_POINT('',(1440.5,-718.9627417,6.4));
#10849=DIRECTION('',(0.678598344,0.281084638,0.678598345));
#10850=VECTOR('',#10849,0.589450303);
#10851=LINE('',#10848,#10850);
#10852=EDGE_CURVE('',#10568,#2301,#10851,.T.);
#10853=ORIENTED_EDGE('',*,*,#10852,.T.);
#10854=ORIENTED_EDGE('',*,*,#2306,.F.);
#10855=CARTESIAN_POINT('',(1437.202943725,-715.1,6.8));
#10856=DIRECTION('',(-0.281084638,-0.678598344,-0.678598345));
#10857=VECTOR('',#10856,0.589450303);
#10858=LINE('',#10855,#10857);
#10859=EDGE_CURVE('',#2293,#10704,#10858,.T.);
#10860=ORIENTED_EDGE('',*,*,#10859,.T.);
#10861=ORIENTED_EDGE('',*,*,#10709,.F.);
#10862=ORIENTED_EDGE('',*,*,#9881,.F.);
#10863=EDGE_LOOP('',(#10847,#10853,#10854,#10860,#10861,#10862));
#10864=FACE_BOUND('',#10863,.T.);
#10865=ADVANCED_FACE('',(#10864),#10846,.F.);
#10866=CARTESIAN_POINT('',(1439.051471863,-739.051471863,0.));
#10867=DIRECTION('',(-0.5,0.5,-0.707106781));
#10868=DIRECTION('',(-0.707106781,-0.707106781,0.));
#10869=AXIS2_PLACEMENT_3D('',#10866,#10867,#10868);
#10870=PLANE('',#10869);
#10871=ORIENTED_EDGE('',*,*,#9931,.F.);
#10872=ORIENTED_EDGE('',*,*,#10053,.F.);
#10873=ORIENTED_EDGE('',*,*,#9789,.F.);
#10874=CARTESIAN_POINT('',(1440.5,-737.0372583,0.4));
#10875=DIRECTION('',(0.678598344,-0.281084638,-0.678598345));
#10876=VECTOR('',#10875,0.589450303);
#10877=LINE('',#10874,#10876);
#10878=EDGE_CURVE('',#9776,#511,#10877,.T.);
#10879=ORIENTED_EDGE('',*,*,#10878,.T.);
#10880=ORIENTED_EDGE('',*,*,#516,.F.);
#10881=CARTESIAN_POINT('',(1437.202943725,-740.9,0.));
#10882=DIRECTION('',(-0.281084638,0.678598344,0.678598345));
#10883=VECTOR('',#10882,0.589450303);
#10884=LINE('',#10881,#10883);
#10885=EDGE_CURVE('',#503,#9926,#10884,.T.);
#10886=ORIENTED_EDGE('',*,*,#10885,.T.);
#10887=EDGE_LOOP('',(#10871,#10872,#10873,#10879,#10880,#10886));
#10888=FACE_BOUND('',#10887,.T.);
#10889=ADVANCED_FACE('',(#10888),#10870,.T.);
#10890=CARTESIAN_POINT('',(1439.051471863,-716.948528137,0.));
#10891=DIRECTION('',(-0.5,-0.5,-0.707106781));
#10892=DIRECTION('',(0.707106781,-0.707106781,0.));
#10893=AXIS2_PLACEMENT_3D('',#10890,#10891,#10892);
#10894=PLANE('',#10893);
#10895=ORIENTED_EDGE('',*,*,#9773,.F.);
#10896=ORIENTED_EDGE('',*,*,#9911,.F.);
#10897=ORIENTED_EDGE('',*,*,#10229,.F.);
#10898=CARTESIAN_POINT('',(1437.0372583,-715.5,0.4));
#10899=DIRECTION('',(0.281084638,0.678598344,-0.678598345));
#10900=VECTOR('',#10899,0.589450303);
#10901=LINE('',#10898,#10900);
#10902=EDGE_CURVE('',#10218,#469,#10901,.T.);
#10903=ORIENTED_EDGE('',*,*,#10902,.T.);
#10904=ORIENTED_EDGE('',*,*,#530,.F.);
#10905=CARTESIAN_POINT('',(1440.9,-718.797056275,0.));
#10906=DIRECTION('',(-0.678598344,-0.281084638,0.678598345));
#10907=VECTOR('',#10906,0.589450303);
#10908=LINE('',#10905,#10907);
#10909=EDGE_CURVE('',#519,#9768,#10908,.T.);
#10910=ORIENTED_EDGE('',*,*,#10909,.T.);
#10911=EDGE_LOOP('',(#10895,#10896,#10897,#10903,#10904,#10910));
#10912=FACE_BOUND('',#10911,.T.);
#10913=ADVANCED_FACE('',(#10912),#10894,.T.);
#10914=CARTESIAN_POINT('',(1415.15,-735.273044738,5.4));
#10915=DIRECTION('',(-0.5,-0.5,-0.707106781));
#10916=DIRECTION('',(0.707106781,-0.707106781,0.));
#10917=AXIS2_PLACEMENT_3D('',#10914,#10915,#10916);
#10918=PLANE('',#10917);
#10919=ORIENTED_EDGE('',*,*,#10675,.F.);
#10920=CARTESIAN_POINT('',(1415.5,-737.0372583,6.4));
#10921=DIRECTION('',(-0.678598344,-0.281084638,0.678598345));
#10922=VECTOR('',#10921,0.589450303);
#10923=LINE('',#10920,#10922);
#10924=EDGE_CURVE('',#10664,#2275,#10923,.T.);
#10925=ORIENTED_EDGE('',*,*,#10924,.T.);
#10926=ORIENTED_EDGE('',*,*,#2336,.F.);
#10927=CARTESIAN_POINT('',(1418.797056275,-740.9,6.8));
#10928=DIRECTION('',(0.281084638,0.678598344,-0.678598345));
#10929=VECTOR('',#10928,0.589450303);
#10930=LINE('',#10927,#10929);
#10931=EDGE_CURVE('',#2325,#10608,#10930,.T.);
#10932=ORIENTED_EDGE('',*,*,#10931,.T.);
#10933=ORIENTED_EDGE('',*,*,#10613,.F.);
#10934=ORIENTED_EDGE('',*,*,#10190,.F.);
#10935=EDGE_LOOP('',(#10919,#10925,#10926,#10932,#10933,#10934));
#10936=FACE_BOUND('',#10935,.T.);
#10937=ADVANCED_FACE('',(#10936),#10918,.F.);
#10938=CARTESIAN_POINT('',(1415.1,-728.,6.8));
#10939=DIRECTION('',(-0.707106781,0.,-0.707106781));
#10940=DIRECTION('',(0.,1.,0.));
#10941=AXIS2_PLACEMENT_3D('',#10938,#10939,#10940);
#10942=PLANE('',#10941);
#10943=ORIENTED_EDGE('',*,*,#10924,.F.);
#10944=ORIENTED_EDGE('',*,*,#10669,.F.);
#10945=ORIENTED_EDGE('',*,*,#10787,.F.);
#10946=ORIENTED_EDGE('',*,*,#2282,.F.);
#10947=EDGE_LOOP('',(#10943,#10944,#10945,#10946));
#10948=FACE_BOUND('',#10947,.T.);
#10949=ADVANCED_FACE('',(#10948),#10942,.F.);
#10950=CARTESIAN_POINT('',(1428.,-715.1,0.));
#10951=DIRECTION('',(0.,-0.707106781,-0.707106781));
#10952=DIRECTION('',(1.,0.,0.));
#10953=AXIS2_PLACEMENT_3D('',#10950,#10951,#10952);
#10954=PLANE('',#10953);
#10955=ORIENTED_EDGE('',*,*,#10902,.F.);
#10956=ORIENTED_EDGE('',*,*,#10223,.F.);
#10957=ORIENTED_EDGE('',*,*,#10765,.F.);
#10958=ORIENTED_EDGE('',*,*,#476,.F.);
#10959=EDGE_LOOP('',(#10955,#10956,#10957,#10958));
#10960=FACE_BOUND('',#10959,.T.);
#10961=ADVANCED_FACE('',(#10960),#10954,.T.);
#10962=CARTESIAN_POINT('',(1440.9,-728.,0.));
#10963=DIRECTION('',(-0.707106781,0.,-0.707106781));
#10964=DIRECTION('',(0.,-1.,0.));
#10965=AXIS2_PLACEMENT_3D('',#10962,#10963,#10964);
#10966=PLANE('',#10965);
#10967=ORIENTED_EDGE('',*,*,#10878,.F.);
#10968=ORIENTED_EDGE('',*,*,#9781,.F.);
#10969=ORIENTED_EDGE('',*,*,#10909,.F.);
#10970=ORIENTED_EDGE('',*,*,#524,.F.);
#10971=EDGE_LOOP('',(#10967,#10968,#10969,#10970));
#10972=FACE_BOUND('',#10971,.T.);
#10973=ADVANCED_FACE('',(#10972),#10966,.T.);
#10974=CARTESIAN_POINT('',(1428.,-740.9,6.8));
#10975=DIRECTION('',(0.,-0.707106781,-0.707106781));
#10976=DIRECTION('',(-1.,0.,0.));
#10977=AXIS2_PLACEMENT_3D('',#10974,#10975,#10976);
#10978=PLANE('',#10977);
#10979=ORIENTED_EDGE('',*,*,#10804,.F.);
#10980=ORIENTED_EDGE('',*,*,#10621,.F.);
#10981=ORIENTED_EDGE('',*,*,#10931,.F.);
#10982=ORIENTED_EDGE('',*,*,#2330,.F.);
#10983=EDGE_LOOP('',(#10979,#10980,#10981,#10982));
#10984=FACE_BOUND('',#10983,.T.);
#10985=ADVANCED_FACE('',(#10984),#10978,.F.);
#10986=CARTESIAN_POINT('',(1440.9,-728.,6.8));
#10987=DIRECTION('',(0.707106781,0.,-0.707106781));
#10988=DIRECTION('',(0.,-1.,0.));
#10989=AXIS2_PLACEMENT_3D('',#10986,#10987,#10988);
#10990=PLANE('',#10989);
#10991=ORIENTED_EDGE('',*,*,#10852,.F.);
#10992=ORIENTED_EDGE('',*,*,#10573,.F.);
#10993=ORIENTED_EDGE('',*,*,#10811,.F.);
#10994=ORIENTED_EDGE('',*,*,#2314,.F.);
#10995=EDGE_LOOP('',(#10991,#10992,#10993,#10994));
#10996=FACE_BOUND('',#10995,.T.);
#10997=ADVANCED_FACE('',(#10996),#10990,.F.);
#10998=CARTESIAN_POINT('',(1428.,-715.1,6.8));
#10999=DIRECTION('',(0.,0.707106781,-0.707106781));
#11000=DIRECTION('',(1.,0.,0.));
#11001=AXIS2_PLACEMENT_3D('',#10998,#10999,#11000);
#11002=PLANE('',#11001);
#11003=ORIENTED_EDGE('',*,*,#10780,.F.);
#11004=ORIENTED_EDGE('',*,*,#10717,.F.);
#11005=ORIENTED_EDGE('',*,*,#10859,.F.);
#11006=ORIENTED_EDGE('',*,*,#2298,.F.);
#11007=EDGE_LOOP('',(#11003,#11004,#11005,#11006));
#11008=FACE_BOUND('',#11007,.T.);
#11009=ADVANCED_FACE('',(#11008),#11002,.F.);
#11010=CARTESIAN_POINT('',(1415.1,-728.,0.));
#11011=DIRECTION('',(0.707106781,0.,-0.707106781));
#11012=DIRECTION('',(0.,1.,0.));
#11013=AXIS2_PLACEMENT_3D('',#11010,#11011,#11012);
#11014=PLANE('',#11013);
#11015=ORIENTED_EDGE('',*,*,#10758,.F.);
#11016=ORIENTED_EDGE('',*,*,#10081,.F.);
#11017=ORIENTED_EDGE('',*,*,#10837,.F.);
#11018=ORIENTED_EDGE('',*,*,#492,.F.);
#11019=EDGE_LOOP('',(#11015,#11016,#11017,#11018));
#11020=FACE_BOUND('',#11019,.T.);
#11021=ADVANCED_FACE('',(#11020),#11014,.T.);
#11022=CARTESIAN_POINT('',(1428.,-740.9,0.));
#11023=DIRECTION('',(0.,0.707106781,-0.707106781));
#11024=DIRECTION('',(-1.,0.,0.));
#11025=AXIS2_PLACEMENT_3D('',#11022,#11023,#11024);
#11026=PLANE('',#11025);
#11027=ORIENTED_EDGE('',*,*,#10830,.F.);
#11028=ORIENTED_EDGE('',*,*,#9939,.F.);
#11029=ORIENTED_EDGE('',*,*,#10885,.F.);
#11030=ORIENTED_EDGE('',*,*,#508,.F.);
#11031=EDGE_LOOP('',(#11027,#11028,#11029,#11030));
#11032=FACE_BOUND('',#11031,.T.);
#11033=ADVANCED_FACE('',(#11032),#11026,.T.);
#11034=CARTESIAN_POINT('',(1437.8,-714.,6.8));
#11035=DIRECTION('',(-0.707106781,-0.707106781,0.));
#11036=DIRECTION('',(0.,0.,-1.));
#11037=AXIS2_PLACEMENT_3D('',#11034,#11035,#11036);
#11038=PLANE('',#11037);
#11039=ORIENTED_EDGE('',*,*,#2006,.F.);
#11040=ORIENTED_EDGE('',*,*,#10379,.F.);
#11041=ORIENTED_EDGE('',*,*,#88,.F.);
#11042=ORIENTED_EDGE('',*,*,#1644,.F.);
#11043=EDGE_LOOP('',(#11039,#11040,#11041,#11042));
#11044=FACE_BOUND('',#11043,.T.);
#11045=ADVANCED_FACE('',(#11044),#11038,.F.);
#11046=CARTESIAN_POINT('',(1416.1,-715.36293249,4.6));
#11047=DIRECTION('',(0.,0.,-1.));
#11048=DIRECTION('',(0.,-1.,0.));
#11049=AXIS2_PLACEMENT_3D('',#11046,#11047,#11048);
#11050=CYLINDRICAL_SURFACE('',#11049,0.5);
#11051=ORIENTED_EDGE('',*,*,#3757,.T.);
#11052=CARTESIAN_POINT('',(1416.555223465,-715.156119539,4.6));
#11053=DIRECTION('',(0.,0.,-1.));
#11054=VECTOR('',#11053,2.4);
#11055=LINE('',#11052,#11054);
#11056=EDGE_CURVE('',#3742,#3792,#11055,.T.);
#11057=ORIENTED_EDGE('',*,*,#11056,.T.);
#11058=ORIENTED_EDGE('',*,*,#3798,.T.);
#11059=CARTESIAN_POINT('',(1416.6,-715.36293249,2.2));
#11060=DIRECTION('',(-0.,-0.,1.));
#11061=VECTOR('',#11060,2.4);
#11062=LINE('',#11059,#11061);
#11063=EDGE_CURVE('',#3784,#3751,#11062,.T.);
#11064=ORIENTED_EDGE('',*,*,#11063,.T.);
#11065=EDGE_LOOP('',(#11051,#11057,#11058,#11064));
#11066=FACE_BOUND('',#11065,.T.);
#11067=ADVANCED_FACE('',(#11066),#11050,.F.);
#11068=CARTESIAN_POINT('',(1416.6,-715.875,4.6));
#11069=DIRECTION('',(-1.,0.,0.));
#11070=DIRECTION('',(0.,0.,1.));
#11071=AXIS2_PLACEMENT_3D('',#11068,#11069,#11070);
#11072=PLANE('',#11071);
#11073=ORIENTED_EDGE('',*,*,#3789,.F.);
#11074=CARTESIAN_POINT('',(1416.6,-716.5,4.6));
#11075=DIRECTION('',(0.,0.,-1.));
#11076=VECTOR('',#11075,2.4);
#11077=LINE('',#11074,#11076);
#11078=EDGE_CURVE('',#3689,#3775,#11077,.T.);
#11079=ORIENTED_EDGE('',*,*,#11078,.F.);
#11080=ORIENTED_EDGE('',*,*,#3763,.T.);
#11081=ORIENTED_EDGE('',*,*,#11063,.F.);
#11082=EDGE_LOOP('',(#11073,#11079,#11080,#11081));
#11083=FACE_BOUND('',#11082,.T.);
#11084=ADVANCED_FACE('',(#11083),#11072,.T.);
#11085=CARTESIAN_POINT('',(1419.1,-714.,4.6));
#11086=DIRECTION('',(0.,0.,-1.));
#11087=DIRECTION('',(0.,-1.,0.));
#11088=AXIS2_PLACEMENT_3D('',#11085,#11086,#11087);
#11089=CYLINDRICAL_SURFACE('',#11088,2.795084972);
#11090=ORIENTED_EDGE('',*,*,#3748,.F.);
#11091=CARTESIAN_POINT('',(1416.318432388,-714.274557137,2.2));
#11092=DIRECTION('',(-0.,-0.,1.));
#11093=VECTOR('',#11092,2.4);
#11094=LINE('',#11091,#11093);
#11095=EDGE_CURVE('',#3801,#3733,#11094,.T.);
#11096=ORIENTED_EDGE('',*,*,#11095,.F.);
#11097=ORIENTED_EDGE('',*,*,#3807,.T.);
#11098=ORIENTED_EDGE('',*,*,#11056,.F.);
#11099=EDGE_LOOP('',(#11090,#11096,#11097,#11098));
#11100=FACE_BOUND('',#11099,.T.);
#11101=ADVANCED_FACE('',(#11100),#11089,.T.);
#11102=CARTESIAN_POINT('',(1416.567223359,-714.25,4.6));
#11103=DIRECTION('',(0.,0.,-1.));
#11104=DIRECTION('',(0.,-1.,0.));
#11105=AXIS2_PLACEMENT_3D('',#11102,#11103,#11104);
#11106=CYLINDRICAL_SURFACE('',#11105,0.25);
#11107=ORIENTED_EDGE('',*,*,#3739,.T.);
#11108=ORIENTED_EDGE('',*,*,#1604,.T.);
#11109=ORIENTED_EDGE('',*,*,#3814,.T.);
#11110=ORIENTED_EDGE('',*,*,#11095,.T.);
#11111=EDGE_LOOP('',(#11107,#11108,#11109,#11110));
#11112=FACE_BOUND('',#11111,.T.);
#11113=ADVANCED_FACE('',(#11112),#11106,.T.);
#11114=CARTESIAN_POINT('',(1439.5,-742.,4.6));
#11115=DIRECTION('',(0.,0.,-1.));
#11116=DIRECTION('',(-1.,0.,0.));
#11117=AXIS2_PLACEMENT_3D('',#11114,#11115,#11116);
#11118=CYLINDRICAL_SURFACE('',#11117,2.6);
#11119=CARTESIAN_POINT('',(1436.9,-742.,2.2));
#11120=VERTEX_POINT('',#11119);
#11121=CARTESIAN_POINT('',(1436.9,-742.,4.6));
#11122=VERTEX_POINT('',#11121);
#11123=CARTESIAN_POINT('',(1436.9,-742.,2.2));
#11124=DIRECTION('',(-0.,-0.,1.));
#11125=VECTOR('',#11124,2.4);
#11126=LINE('',#11123,#11125);
#11127=EDGE_CURVE('',#11120,#11122,#11126,.T.);
#11128=ORIENTED_EDGE('',*,*,#11127,.F.);
#11129=CARTESIAN_POINT('',(1439.5,-739.4,2.2));
#11130=VERTEX_POINT('',#11129);
#11131=CARTESIAN_POINT('',(1439.5,-742.,2.2));
#11132=DIRECTION('',(-0.,-0.,1.));
#11133=DIRECTION('',(-1.,0.,0.));
#11134=AXIS2_PLACEMENT_3D('',#11131,#11132,#11133);
#11135=CIRCLE('',#11134,2.6);
#11136=EDGE_CURVE('',#11130,#11120,#11135,.T.);
#11137=ORIENTED_EDGE('',*,*,#11136,.F.);
#11138=CARTESIAN_POINT('',(1439.5,-739.4,4.6));
#11139=VERTEX_POINT('',#11138);
#11140=CARTESIAN_POINT('',(1439.5,-739.4,4.6));
#11141=DIRECTION('',(-0.,-0.,-1.));
#11142=VECTOR('',#11141,2.4);
#11143=LINE('',#11140,#11142);
#11144=EDGE_CURVE('',#11139,#11130,#11143,.T.);
#11145=ORIENTED_EDGE('',*,*,#11144,.F.);
#11146=CARTESIAN_POINT('',(1439.5,-742.,4.6));
#11147=DIRECTION('',(-0.,-0.,1.));
#11148=DIRECTION('',(-1.,0.,0.));
#11149=AXIS2_PLACEMENT_3D('',#11146,#11147,#11148);
#11150=CIRCLE('',#11149,2.6);
#11151=EDGE_CURVE('',#11139,#11122,#11150,.T.);
#11152=ORIENTED_EDGE('',*,*,#11151,.T.);
#11153=EDGE_LOOP('',(#11128,#11137,#11145,#11152));
#11154=FACE_BOUND('',#11153,.T.);
#11155=ADVANCED_FACE('',(#11154),#11118,.F.);
#11156=CARTESIAN_POINT('',(1428.,-756.,4.6));
#11157=DIRECTION('',(0.,0.,1.));
#11158=DIRECTION('',(1.,0.,0.));
#11159=AXIS2_PLACEMENT_3D('',#11156,#11157,#11158);
#11160=PLANE('',#11159);
#11161=CARTESIAN_POINT('',(1439.5,-744.6,4.6));
#11162=VERTEX_POINT('',#11161);
#11163=CARTESIAN_POINT('',(1439.5,-742.,4.6));
#11164=DIRECTION('',(-0.,-0.,1.));
#11165=DIRECTION('',(-1.,0.,0.));
#11166=AXIS2_PLACEMENT_3D('',#11163,#11164,#11165);
#11167=CIRCLE('',#11166,2.6);
#11168=EDGE_CURVE('',#11122,#11162,#11167,.T.);
#11169=ORIENTED_EDGE('',*,*,#11168,.F.);
#11170=ORIENTED_EDGE('',*,*,#11151,.F.);
#11171=CARTESIAN_POINT('',(1440.63706751,-739.4,4.6));
#11172=VERTEX_POINT('',#11171);
#11173=CARTESIAN_POINT('',(1439.5,-739.4,4.6));
#11174=DIRECTION('',(1.,0.,-0.));
#11175=VECTOR('',#11174,1.13706751);
#11176=LINE('',#11173,#11175);
#11177=EDGE_CURVE('',#11139,#11172,#11176,.T.);
#11178=ORIENTED_EDGE('',*,*,#11177,.T.);
#11179=CARTESIAN_POINT('',(1440.843880461,-739.444776535,4.6));
#11180=VERTEX_POINT('',#11179);
#11181=CARTESIAN_POINT('',(1440.63706751,-739.9,4.6));
#11182=DIRECTION('',(-0.,-0.,1.));
#11183=DIRECTION('',(-1.,0.,0.));
#11184=AXIS2_PLACEMENT_3D('',#11181,#11182,#11183);
#11185=CIRCLE('',#11184,0.5);
#11186=EDGE_CURVE('',#11180,#11172,#11185,.T.);
#11187=ORIENTED_EDGE('',*,*,#11186,.F.);
#11188=CARTESIAN_POINT('',(1441.725442863,-739.681567612,4.6));
#11189=VERTEX_POINT('',#11188);
#11190=CARTESIAN_POINT('',(1442.,-736.9,4.6));
#11191=DIRECTION('',(-0.,-0.,1.));
#11192=DIRECTION('',(-1.,0.,0.));
#11193=AXIS2_PLACEMENT_3D('',#11190,#11191,#11192);
#11194=CIRCLE('',#11193,2.795084972);
#11195=EDGE_CURVE('',#11180,#11189,#11194,.T.);
#11196=ORIENTED_EDGE('',*,*,#11195,.T.);
#11197=CARTESIAN_POINT('',(1441.75,-739.432776641,4.6));
#11198=DIRECTION('',(0.,0.,-1.));
#11199=DIRECTION('',(-1.,0.,0.));
#11200=AXIS2_PLACEMENT_3D('',#11197,#11198,#11199);
#11201=CIRCLE('',#11200,0.25);
#11202=EDGE_CURVE('',#10344,#11189,#11201,.T.);
#11203=ORIENTED_EDGE('',*,*,#11202,.F.);
#11204=ORIENTED_EDGE('',*,*,#10349,.F.);
#11205=CARTESIAN_POINT('',(1441.725442863,-744.318432388,4.6));
#11206=VERTEX_POINT('',#11205);
#11207=CARTESIAN_POINT('',(1441.75,-744.567223359,4.6));
#11208=DIRECTION('',(0.,0.,-1.));
#11209=DIRECTION('',(-1.,0.,0.));
#11210=AXIS2_PLACEMENT_3D('',#11207,#11208,#11209);
#11211=CIRCLE('',#11210,0.25);
#11212=EDGE_CURVE('',#11206,#10334,#11211,.T.);
#11213=ORIENTED_EDGE('',*,*,#11212,.F.);
#11214=CARTESIAN_POINT('',(1440.843880461,-744.555223465,4.6));
#11215=VERTEX_POINT('',#11214);
#11216=CARTESIAN_POINT('',(1442.,-747.1,4.6));
#11217=DIRECTION('',(-0.,-0.,1.));
#11218=DIRECTION('',(-1.,0.,0.));
#11219=AXIS2_PLACEMENT_3D('',#11216,#11217,#11218);
#11220=CIRCLE('',#11219,2.795084972);
#11221=EDGE_CURVE('',#11206,#11215,#11220,.T.);
#11222=ORIENTED_EDGE('',*,*,#11221,.T.);
#11223=CARTESIAN_POINT('',(1440.63706751,-744.6,4.6));
#11224=VERTEX_POINT('',#11223);
#11225=CARTESIAN_POINT('',(1440.63706751,-744.1,4.6));
#11226=DIRECTION('',(-0.,-0.,1.));
#11227=DIRECTION('',(-1.,0.,0.));
#11228=AXIS2_PLACEMENT_3D('',#11225,#11226,#11227);
#11229=CIRCLE('',#11228,0.5);
#11230=EDGE_CURVE('',#11224,#11215,#11229,.T.);
#11231=ORIENTED_EDGE('',*,*,#11230,.F.);
#11232=CARTESIAN_POINT('',(1439.5,-744.6,4.6));
#11233=DIRECTION('',(1.,0.,-0.));
#11234=VECTOR('',#11233,1.13706751);
#11235=LINE('',#11232,#11234);
#11236=EDGE_CURVE('',#11162,#11224,#11235,.T.);
#11237=ORIENTED_EDGE('',*,*,#11236,.F.);
#11238=EDGE_LOOP('',(#11169,#11170,#11178,#11187,#11196,#11203,#11204,#11213,#11222,#11231,#11237));
#11239=FACE_BOUND('',#11238,.T.);
#11240=ADVANCED_FACE('',(#11239),#11160,.F.);
#11241=CARTESIAN_POINT('',(1428.,-756.,2.2));
#11242=DIRECTION('',(0.,0.,1.));
#11243=DIRECTION('',(1.,0.,0.));
#11244=AXIS2_PLACEMENT_3D('',#11241,#11242,#11243);
#11245=PLANE('',#11244);
#11246=ORIENTED_EDGE('',*,*,#11136,.T.);
#11247=CARTESIAN_POINT('',(1439.5,-744.6,2.2));
#11248=VERTEX_POINT('',#11247);
#11249=CARTESIAN_POINT('',(1439.5,-742.,2.2));
#11250=DIRECTION('',(-0.,-0.,1.));
#11251=DIRECTION('',(-1.,0.,0.));
#11252=AXIS2_PLACEMENT_3D('',#11249,#11250,#11251);
#11253=CIRCLE('',#11252,2.6);
#11254=EDGE_CURVE('',#11120,#11248,#11253,.T.);
#11255=ORIENTED_EDGE('',*,*,#11254,.T.);
#11256=CARTESIAN_POINT('',(1440.63706751,-744.6,2.2));
#11257=VERTEX_POINT('',#11256);
#11258=CARTESIAN_POINT('',(1439.5,-744.6,2.2));
#11259=DIRECTION('',(1.,0.,-0.));
#11260=VECTOR('',#11259,1.13706751);
#11261=LINE('',#11258,#11260);
#11262=EDGE_CURVE('',#11248,#11257,#11261,.T.);
#11263=ORIENTED_EDGE('',*,*,#11262,.T.);
#11264=CARTESIAN_POINT('',(1440.843880461,-744.555223465,2.2));
#11265=VERTEX_POINT('',#11264);
#11266=CARTESIAN_POINT('',(1440.63706751,-744.1,2.2));
#11267=DIRECTION('',(0.,0.,-1.));
#11268=DIRECTION('',(-1.,0.,0.));
#11269=AXIS2_PLACEMENT_3D('',#11266,#11267,#11268);
#11270=CIRCLE('',#11269,0.5);
#11271=EDGE_CURVE('',#11265,#11257,#11270,.T.);
#11272=ORIENTED_EDGE('',*,*,#11271,.F.);
#11273=CARTESIAN_POINT('',(1441.725442863,-744.318432388,2.2));
#11274=VERTEX_POINT('',#11273);
#11275=CARTESIAN_POINT('',(1442.,-747.1,2.2));
#11276=DIRECTION('',(-0.,-0.,1.));
#11277=DIRECTION('',(-1.,0.,0.));
#11278=AXIS2_PLACEMENT_3D('',#11275,#11276,#11277);
#11279=CIRCLE('',#11278,2.795084972);
#11280=EDGE_CURVE('',#11274,#11265,#11279,.T.);
#11281=ORIENTED_EDGE('',*,*,#11280,.F.);
#11282=CARTESIAN_POINT('',(1441.75,-744.567223359,2.2));
#11283=DIRECTION('',(-0.,-0.,1.));
#11284=DIRECTION('',(-1.,0.,0.));
#11285=AXIS2_PLACEMENT_3D('',#11282,#11283,#11284);
#11286=CIRCLE('',#11285,0.25);
#11287=EDGE_CURVE('',#10336,#11274,#11286,.T.);
#11288=ORIENTED_EDGE('',*,*,#11287,.F.);
#11289=ORIENTED_EDGE('',*,*,#10363,.T.);
#11290=CARTESIAN_POINT('',(1441.725442863,-739.681567612,2.2));
#11291=VERTEX_POINT('',#11290);
#11292=CARTESIAN_POINT('',(1441.75,-739.432776641,2.2));
#11293=DIRECTION('',(-0.,-0.,1.));
#11294=DIRECTION('',(-1.,0.,0.));
#11295=AXIS2_PLACEMENT_3D('',#11292,#11293,#11294);
#11296=CIRCLE('',#11295,0.25);
#11297=EDGE_CURVE('',#11291,#10352,#11296,.T.);
#11298=ORIENTED_EDGE('',*,*,#11297,.F.);
#11299=CARTESIAN_POINT('',(1440.843880461,-739.444776535,2.2));
#11300=VERTEX_POINT('',#11299);
#11301=CARTESIAN_POINT('',(1442.,-736.9,2.2));
#11302=DIRECTION('',(-0.,-0.,1.));
#11303=DIRECTION('',(-1.,0.,0.));
#11304=AXIS2_PLACEMENT_3D('',#11301,#11302,#11303);
#11305=CIRCLE('',#11304,2.795084972);
#11306=EDGE_CURVE('',#11300,#11291,#11305,.T.);
#11307=ORIENTED_EDGE('',*,*,#11306,.F.);
#11308=CARTESIAN_POINT('',(1440.63706751,-739.4,2.2));
#11309=VERTEX_POINT('',#11308);
#11310=CARTESIAN_POINT('',(1440.63706751,-739.9,2.2));
#11311=DIRECTION('',(0.,0.,-1.));
#11312=DIRECTION('',(-1.,0.,0.));
#11313=AXIS2_PLACEMENT_3D('',#11310,#11311,#11312);
#11314=CIRCLE('',#11313,0.5);
#11315=EDGE_CURVE('',#11309,#11300,#11314,.T.);
#11316=ORIENTED_EDGE('',*,*,#11315,.F.);
#11317=CARTESIAN_POINT('',(1439.5,-739.4,2.2));
#11318=DIRECTION('',(1.,0.,-0.));
#11319=VECTOR('',#11318,1.13706751);
#11320=LINE('',#11317,#11319);
#11321=EDGE_CURVE('',#11130,#11309,#11320,.T.);
#11322=ORIENTED_EDGE('',*,*,#11321,.F.);
#11323=EDGE_LOOP('',(#11246,#11255,#11263,#11272,#11281,#11288,#11289,#11298,#11307,#11316,#11322));
#11324=FACE_BOUND('',#11323,.T.);
#11325=ADVANCED_FACE('',(#11324),#11245,.T.);
#11326=CARTESIAN_POINT('',(1440.125,-739.4,4.6));
#11327=DIRECTION('',(0.,1.,0.));
#11328=DIRECTION('',(0.,0.,1.));
#11329=AXIS2_PLACEMENT_3D('',#11326,#11327,#11328);
#11330=PLANE('',#11329);
#11331=ORIENTED_EDGE('',*,*,#11177,.F.);
#11332=ORIENTED_EDGE('',*,*,#11144,.T.);
#11333=ORIENTED_EDGE('',*,*,#11321,.T.);
#11334=CARTESIAN_POINT('',(1440.63706751,-739.4,4.6));
#11335=DIRECTION('',(0.,0.,-1.));
#11336=VECTOR('',#11335,2.4);
#11337=LINE('',#11334,#11336);
#11338=EDGE_CURVE('',#11172,#11309,#11337,.T.);
#11339=ORIENTED_EDGE('',*,*,#11338,.F.);
#11340=EDGE_LOOP('',(#11331,#11332,#11333,#11339));
#11341=FACE_BOUND('',#11340,.T.);
#11342=ADVANCED_FACE('',(#11341),#11330,.F.);
#11343=CARTESIAN_POINT('',(1440.63706751,-739.9,4.6));
#11344=DIRECTION('',(0.,0.,-1.));
#11345=DIRECTION('',(-1.,0.,0.));
#11346=AXIS2_PLACEMENT_3D('',#11343,#11344,#11345);
#11347=CYLINDRICAL_SURFACE('',#11346,0.5);
#11348=ORIENTED_EDGE('',*,*,#11186,.T.);
#11349=ORIENTED_EDGE('',*,*,#11338,.T.);
#11350=ORIENTED_EDGE('',*,*,#11315,.T.);
#11351=CARTESIAN_POINT('',(1440.843880461,-739.444776535,2.2));
#11352=DIRECTION('',(-0.,-0.,1.));
#11353=VECTOR('',#11352,2.4);
#11354=LINE('',#11351,#11353);
#11355=EDGE_CURVE('',#11300,#11180,#11354,.T.);
#11356=ORIENTED_EDGE('',*,*,#11355,.T.);
#11357=EDGE_LOOP('',(#11348,#11349,#11350,#11356));
#11358=FACE_BOUND('',#11357,.T.);
#11359=ADVANCED_FACE('',(#11358),#11347,.F.);
#11360=CARTESIAN_POINT('',(1442.,-736.9,4.6));
#11361=DIRECTION('',(0.,0.,-1.));
#11362=DIRECTION('',(-1.,0.,0.));
#11363=AXIS2_PLACEMENT_3D('',#11360,#11361,#11362);
#11364=CYLINDRICAL_SURFACE('',#11363,2.795084972);
#11365=ORIENTED_EDGE('',*,*,#11306,.T.);
#11366=CARTESIAN_POINT('',(1441.725442863,-739.681567612,4.6));
#11367=DIRECTION('',(0.,0.,-1.));
#11368=VECTOR('',#11367,2.4);
#11369=LINE('',#11366,#11368);
#11370=EDGE_CURVE('',#11189,#11291,#11369,.T.);
#11371=ORIENTED_EDGE('',*,*,#11370,.F.);
#11372=ORIENTED_EDGE('',*,*,#11195,.F.);
#11373=ORIENTED_EDGE('',*,*,#11355,.F.);
#11374=EDGE_LOOP('',(#11365,#11371,#11372,#11373));
#11375=FACE_BOUND('',#11374,.T.);
#11376=ADVANCED_FACE('',(#11375),#11364,.T.);
#11377=CARTESIAN_POINT('',(1441.75,-739.432776641,4.6));
#11378=DIRECTION('',(0.,0.,-1.));
#11379=DIRECTION('',(-1.,0.,0.));
#11380=AXIS2_PLACEMENT_3D('',#11377,#11378,#11379);
#11381=CYLINDRICAL_SURFACE('',#11380,0.25);
#11382=ORIENTED_EDGE('',*,*,#11202,.T.);
#11383=ORIENTED_EDGE('',*,*,#11370,.T.);
#11384=ORIENTED_EDGE('',*,*,#11297,.T.);
#11385=ORIENTED_EDGE('',*,*,#10357,.T.);
#11386=EDGE_LOOP('',(#11382,#11383,#11384,#11385));
#11387=FACE_BOUND('',#11386,.T.);
#11388=ADVANCED_FACE('',(#11387),#11381,.T.);
#11389=CARTESIAN_POINT('',(1440.5,-756.,2.4));
#11390=DIRECTION('',(-1.,0.,0.));
#11391=DIRECTION('',(0.,-1.,0.));
#11392=AXIS2_PLACEMENT_3D('',#11389,#11390,#11391);
#11393=PLANE('',#11392);
#11394=CARTESIAN_POINT('',(1440.5,-748.376955262,1.4));
#11395=VERTEX_POINT('',#11394);
#11396=CARTESIAN_POINT('',(1440.5,-746.9627417,0.4));
#11397=VERTEX_POINT('',#11396);
#11398=CARTESIAN_POINT('',(1440.5,-748.376955262,1.4));
#11399=DIRECTION('',(0.,0.816496581,-0.577350269));
#11400=VECTOR('',#11399,1.732050807);
#11401=LINE('',#11398,#11400);
#11402=EDGE_CURVE('',#11395,#11397,#11401,.T.);
#11403=ORIENTED_EDGE('',*,*,#11402,.T.);
#11404=CARTESIAN_POINT('',(1440.5,-765.0372583,0.4));
#11405=VERTEX_POINT('',#11404);
#11406=CARTESIAN_POINT('',(1440.5,-746.9627417,0.4));
#11407=DIRECTION('',(0.,-1.,0.));
#11408=VECTOR('',#11407,18.0745166);
#11409=LINE('',#11406,#11408);
#11410=EDGE_CURVE('',#11397,#11405,#11409,.T.);
#11411=ORIENTED_EDGE('',*,*,#11410,.T.);
#11412=CARTESIAN_POINT('',(1440.5,-763.623044738,1.4));
#11413=VERTEX_POINT('',#11412);
#11414=CARTESIAN_POINT('',(1440.5,-765.0372583,0.4));
#11415=DIRECTION('',(0.,0.816496581,0.577350269));
#11416=VECTOR('',#11415,1.732050807);
#11417=LINE('',#11414,#11416);
#11418=EDGE_CURVE('',#11405,#11413,#11417,.T.);
#11419=ORIENTED_EDGE('',*,*,#11418,.T.);
#11420=CARTESIAN_POINT('',(1440.5,-763.623044738,1.4));
#11421=DIRECTION('',(-0.,1.,-0.));
#11422=VECTOR('',#11421,15.246089476);
#11423=LINE('',#11420,#11422);
#11424=EDGE_CURVE('',#11413,#11395,#11423,.T.);
#11425=ORIENTED_EDGE('',*,*,#11424,.T.);
#11426=EDGE_LOOP('',(#11403,#11411,#11419,#11425));
#11427=FACE_BOUND('',#11426,.T.);
#11428=ADVANCED_FACE('',(#11427),#11393,.T.);
#11429=CARTESIAN_POINT('',(1440.5,-756.,1.4));
#11430=DIRECTION('',(0.819231921,0.,-0.573462344));
#11431=DIRECTION('',(0.,1.,0.));
#11432=AXIS2_PLACEMENT_3D('',#11429,#11430,#11431);
#11433=PLANE('',#11432);
#11434=CARTESIAN_POINT('',(1441.2,-762.923044738,2.4));
#11435=VERTEX_POINT('',#11434);
#11436=CARTESIAN_POINT('',(1441.2,-762.923044738,2.4));
#11437=DIRECTION('',(-0.497468338,-0.497468338,-0.710669055));
#11438=VECTOR('',#11437,1.407124728);
#11439=LINE('',#11436,#11438);
#11440=EDGE_CURVE('',#11435,#11413,#11439,.T.);
#11441=ORIENTED_EDGE('',*,*,#11440,.F.);
#11442=CARTESIAN_POINT('',(1441.2,-749.076955262,2.4));
#11443=VERTEX_POINT('',#11442);
#11444=CARTESIAN_POINT('',(1441.199999999,-762.923044738,2.4));
#11445=DIRECTION('',(0.,1.,0.));
#11446=VECTOR('',#11445,13.846089476);
#11447=LINE('',#11444,#11446);
#11448=EDGE_CURVE('',#11435,#11443,#11447,.T.);
#11449=ORIENTED_EDGE('',*,*,#11448,.T.);
#11450=CARTESIAN_POINT('',(1440.5,-748.376955262,1.4));
#11451=DIRECTION('',(0.497468338,-0.497468338,0.710669055));
#11452=VECTOR('',#11451,1.407124728);
#11453=LINE('',#11450,#11452);
#11454=EDGE_CURVE('',#11395,#11443,#11453,.T.);
#11455=ORIENTED_EDGE('',*,*,#11454,.F.);
#11456=ORIENTED_EDGE('',*,*,#11424,.F.);
#11457=EDGE_LOOP('',(#11441,#11449,#11455,#11456));
#11458=FACE_BOUND('',#11457,.T.);
#11459=ADVANCED_FACE('',(#11458),#11433,.F.);
#11460=CARTESIAN_POINT('',(1441.2,-756.,6.8));
#11461=DIRECTION('',(-1.,0.,0.));
#11462=DIRECTION('',(0.,-1.,0.));
#11463=AXIS2_PLACEMENT_3D('',#11460,#11461,#11462);
#11464=PLANE('',#11463);
#11465=ORIENTED_EDGE('',*,*,#11448,.F.);
#11466=CARTESIAN_POINT('',(1441.2,-762.923044738,4.4));
#11467=VERTEX_POINT('',#11466);
#11468=CARTESIAN_POINT('',(1441.2,-762.923044738,4.4));
#11469=DIRECTION('',(-0.,-0.,-1.));
#11470=VECTOR('',#11469,2.);
#11471=LINE('',#11468,#11470);
#11472=EDGE_CURVE('',#11467,#11435,#11471,.T.);
#11473=ORIENTED_EDGE('',*,*,#11472,.F.);
#11474=CARTESIAN_POINT('',(1441.2,-749.076955262,4.4));
#11475=VERTEX_POINT('',#11474);
#11476=CARTESIAN_POINT('',(1441.2,-762.923044738,4.4));
#11477=DIRECTION('',(-0.,1.,-0.));
#11478=VECTOR('',#11477,13.846089476);
#11479=LINE('',#11476,#11478);
#11480=EDGE_CURVE('',#11467,#11475,#11479,.T.);
#11481=ORIENTED_EDGE('',*,*,#11480,.T.);
#11482=CARTESIAN_POINT('',(1441.2,-749.076955262,4.4));
#11483=DIRECTION('',(-0.,-0.,-1.));
#11484=VECTOR('',#11483,2.);
#11485=LINE('',#11482,#11484);
#11486=EDGE_CURVE('',#11475,#11443,#11485,.T.);
#11487=ORIENTED_EDGE('',*,*,#11486,.T.);
#11488=EDGE_LOOP('',(#11465,#11473,#11481,#11487));
#11489=FACE_BOUND('',#11488,.T.);
#11490=ADVANCED_FACE('',(#11489),#11464,.T.);
#11491=CARTESIAN_POINT('',(1440.85,-748.726955262,6.8));
#11492=DIRECTION('',(-0.707106781,-0.707106781,0.));
#11493=DIRECTION('',(0.707106781,-0.707106781,0.));
#11494=AXIS2_PLACEMENT_3D('',#11491,#11492,#11493);
#11495=PLANE('',#11494);
#11496=CARTESIAN_POINT('',(1440.5,-748.376955262,5.4));
#11497=VERTEX_POINT('',#11496);
#11498=CARTESIAN_POINT('',(1441.2,-749.076955262,4.4));
#11499=DIRECTION('',(-0.497468338,0.497468338,0.710669055));
#11500=VECTOR('',#11499,1.407124728);
#11501=LINE('',#11498,#11500);
#11502=EDGE_CURVE('',#11475,#11497,#11501,.T.);
#11503=ORIENTED_EDGE('',*,*,#11502,.T.);
#11504=CARTESIAN_POINT('',(1435.623044738,-743.5,5.4));
#11505=VERTEX_POINT('',#11504);
#11506=CARTESIAN_POINT('',(1440.5,-748.376955262,5.4));
#11507=DIRECTION('',(-0.707106781,0.707106781,-0.));
#11508=VECTOR('',#11507,6.897056275);
#11509=LINE('',#11506,#11508);
#11510=EDGE_CURVE('',#11497,#11505,#11509,.T.);
#11511=ORIENTED_EDGE('',*,*,#11510,.T.);
#11512=CARTESIAN_POINT('',(1434.923044738,-742.8,4.4));
#11513=VERTEX_POINT('',#11512);
#11514=CARTESIAN_POINT('',(1435.623044738,-743.5,5.4));
#11515=DIRECTION('',(-0.497468338,0.497468338,-0.710669055));
#11516=VECTOR('',#11515,1.407124728);
#11517=LINE('',#11514,#11516);
#11518=EDGE_CURVE('',#11505,#11513,#11517,.T.);
#11519=ORIENTED_EDGE('',*,*,#11518,.T.);
#11520=CARTESIAN_POINT('',(1434.923044738,-742.8,2.4));
#11521=VERTEX_POINT('',#11520);
#11522=CARTESIAN_POINT('',(1434.923044738,-742.8,4.4));
#11523=DIRECTION('',(-0.,-0.,-1.));
#11524=VECTOR('',#11523,2.);
#11525=LINE('',#11522,#11524);
#11526=EDGE_CURVE('',#11513,#11521,#11525,.T.);
#11527=ORIENTED_EDGE('',*,*,#11526,.T.);
#11528=CARTESIAN_POINT('',(1435.623044738,-743.5,1.4));
#11529=VERTEX_POINT('',#11528);
#11530=CARTESIAN_POINT('',(1434.923044738,-742.8,2.4));
#11531=DIRECTION('',(0.497468338,-0.497468338,-0.710669055));
#11532=VECTOR('',#11531,1.407124728);
#11533=LINE('',#11530,#11532);
#11534=EDGE_CURVE('',#11521,#11529,#11533,.T.);
#11535=ORIENTED_EDGE('',*,*,#11534,.T.);
#11536=CARTESIAN_POINT('',(1435.623044738,-743.5,1.4));
#11537=DIRECTION('',(0.707106781,-0.707106781,0.));
#11538=VECTOR('',#11537,6.897056275);
#11539=LINE('',#11536,#11538);
#11540=EDGE_CURVE('',#11529,#11395,#11539,.T.);
#11541=ORIENTED_EDGE('',*,*,#11540,.T.);
#11542=ORIENTED_EDGE('',*,*,#11454,.T.);
#11543=ORIENTED_EDGE('',*,*,#11486,.F.);
#11544=EDGE_LOOP('',(#11503,#11511,#11519,#11527,#11535,#11541,#11542,#11543));
#11545=FACE_BOUND('',#11544,.T.);
#11546=ADVANCED_FACE('',(#11545),#11495,.T.);
#11547=CARTESIAN_POINT('',(1428.,-768.5,2.4));
#11548=DIRECTION('',(0.,1.,0.));
#11549=DIRECTION('',(-1.,0.,0.));
#11550=AXIS2_PLACEMENT_3D('',#11547,#11548,#11549);
#11551=PLANE('',#11550);
#11552=CARTESIAN_POINT('',(1435.623044738,-768.5,1.4));
#11553=VERTEX_POINT('',#11552);
#11554=CARTESIAN_POINT('',(1437.0372583,-768.5,0.4));
#11555=VERTEX_POINT('',#11554);
#11556=CARTESIAN_POINT('',(1435.623044738,-768.5,1.4));
#11557=DIRECTION('',(0.816496581,0.,-0.577350269));
#11558=VECTOR('',#11557,1.732050807);
#11559=LINE('',#11556,#11558);
#11560=EDGE_CURVE('',#11553,#11555,#11559,.T.);
#11561=ORIENTED_EDGE('',*,*,#11560,.T.);
#11562=CARTESIAN_POINT('',(1418.9627417,-768.5,0.4));
#11563=VERTEX_POINT('',#11562);
#11564=CARTESIAN_POINT('',(1437.0372583,-768.5,0.4));
#11565=DIRECTION('',(-1.,0.,0.));
#11566=VECTOR('',#11565,18.0745166);
#11567=LINE('',#11564,#11566);
#11568=EDGE_CURVE('',#11555,#11563,#11567,.T.);
#11569=ORIENTED_EDGE('',*,*,#11568,.T.);
#11570=CARTESIAN_POINT('',(1420.376955262,-768.5,1.4));
#11571=VERTEX_POINT('',#11570);
#11572=CARTESIAN_POINT('',(1418.9627417,-768.5,0.4));
#11573=DIRECTION('',(0.816496581,0.,0.577350269));
#11574=VECTOR('',#11573,1.732050807);
#11575=LINE('',#11572,#11574);
#11576=EDGE_CURVE('',#11563,#11571,#11575,.T.);
#11577=ORIENTED_EDGE('',*,*,#11576,.T.);
#11578=CARTESIAN_POINT('',(1420.376955262,-768.5,1.4));
#11579=DIRECTION('',(1.,-0.,-0.));
#11580=VECTOR('',#11579,15.246089476);
#11581=LINE('',#11578,#11580);
#11582=EDGE_CURVE('',#11571,#11553,#11581,.T.);
#11583=ORIENTED_EDGE('',*,*,#11582,.T.);
#11584=EDGE_LOOP('',(#11561,#11569,#11577,#11583));
#11585=FACE_BOUND('',#11584,.T.);
#11586=ADVANCED_FACE('',(#11585),#11551,.T.);
#11587=CARTESIAN_POINT('',(1428.,-768.5,1.4));
#11588=DIRECTION('',(0.,-0.819231921,-0.573462344));
#11589=DIRECTION('',(1.,0.,0.));
#11590=AXIS2_PLACEMENT_3D('',#11587,#11588,#11589);
#11591=PLANE('',#11590);
#11592=CARTESIAN_POINT('',(1421.076955262,-769.2,2.4));
#11593=VERTEX_POINT('',#11592);
#11594=CARTESIAN_POINT('',(1421.076955262,-769.2,2.4));
#11595=DIRECTION('',(-0.497468338,0.497468338,-0.710669055));
#11596=VECTOR('',#11595,1.407124728);
#11597=LINE('',#11594,#11596);
#11598=EDGE_CURVE('',#11593,#11571,#11597,.T.);
#11599=ORIENTED_EDGE('',*,*,#11598,.F.);
#11600=CARTESIAN_POINT('',(1434.923044738,-769.2,2.4));
#11601=VERTEX_POINT('',#11600);
#11602=CARTESIAN_POINT('',(1421.076955262,-769.199999999,2.4));
#11603=DIRECTION('',(1.,0.,-0.));
#11604=VECTOR('',#11603,13.846089476);
#11605=LINE('',#11602,#11604);
#11606=EDGE_CURVE('',#11593,#11601,#11605,.T.);
#11607=ORIENTED_EDGE('',*,*,#11606,.T.);
#11608=CARTESIAN_POINT('',(1435.623044738,-768.5,1.4));
#11609=DIRECTION('',(-0.497468338,-0.497468338,0.710669055));
#11610=VECTOR('',#11609,1.407124728);
#11611=LINE('',#11608,#11610);
#11612=EDGE_CURVE('',#11553,#11601,#11611,.T.);
#11613=ORIENTED_EDGE('',*,*,#11612,.F.);
#11614=ORIENTED_EDGE('',*,*,#11582,.F.);
#11615=EDGE_LOOP('',(#11599,#11607,#11613,#11614));
#11616=FACE_BOUND('',#11615,.T.);
#11617=ADVANCED_FACE('',(#11616),#11591,.F.);
#11618=CARTESIAN_POINT('',(1428.,-769.2,6.8));
#11619=DIRECTION('',(0.,1.,0.));
#11620=DIRECTION('',(-1.,0.,0.));
#11621=AXIS2_PLACEMENT_3D('',#11618,#11619,#11620);
#11622=PLANE('',#11621);
#11623=ORIENTED_EDGE('',*,*,#11606,.F.);
#11624=CARTESIAN_POINT('',(1421.076955262,-769.2,4.4));
#11625=VERTEX_POINT('',#11624);
#11626=CARTESIAN_POINT('',(1421.076955262,-769.2,4.4));
#11627=DIRECTION('',(-0.,-0.,-1.));
#11628=VECTOR('',#11627,2.);
#11629=LINE('',#11626,#11628);
#11630=EDGE_CURVE('',#11625,#11593,#11629,.T.);
#11631=ORIENTED_EDGE('',*,*,#11630,.F.);
#11632=CARTESIAN_POINT('',(1434.923044738,-769.2,4.4));
#11633=VERTEX_POINT('',#11632);
#11634=CARTESIAN_POINT('',(1421.076955262,-769.2,4.4));
#11635=DIRECTION('',(1.,-0.,-0.));
#11636=VECTOR('',#11635,13.846089476);
#11637=LINE('',#11634,#11636);
#11638=EDGE_CURVE('',#11625,#11633,#11637,.T.);
#11639=ORIENTED_EDGE('',*,*,#11638,.T.);
#11640=CARTESIAN_POINT('',(1434.923044738,-769.2,4.4));
#11641=DIRECTION('',(-0.,-0.,-1.));
#11642=VECTOR('',#11641,2.);
#11643=LINE('',#11640,#11642);
#11644=EDGE_CURVE('',#11633,#11601,#11643,.T.);
#11645=ORIENTED_EDGE('',*,*,#11644,.T.);
#11646=EDGE_LOOP('',(#11623,#11631,#11639,#11645));
#11647=FACE_BOUND('',#11646,.T.);
#11648=ADVANCED_FACE('',(#11647),#11622,.T.);
#11649=CARTESIAN_POINT('',(1435.273044738,-768.85,6.8));
#11650=DIRECTION('',(-0.707106781,0.707106781,0.));
#11651=DIRECTION('',(-0.707106781,-0.707106781,0.));
#11652=AXIS2_PLACEMENT_3D('',#11649,#11650,#11651);
#11653=PLANE('',#11652);
#11654=CARTESIAN_POINT('',(1435.623044738,-768.5,5.4));
#11655=VERTEX_POINT('',#11654);
#11656=CARTESIAN_POINT('',(1434.923044738,-769.2,4.4));
#11657=DIRECTION('',(0.497468338,0.497468338,0.710669055));
#11658=VECTOR('',#11657,1.407124728);
#11659=LINE('',#11656,#11658);
#11660=EDGE_CURVE('',#11633,#11655,#11659,.T.);
#11661=ORIENTED_EDGE('',*,*,#11660,.T.);
#11662=CARTESIAN_POINT('',(1440.5,-763.623044738,5.4));
#11663=VERTEX_POINT('',#11662);
#11664=CARTESIAN_POINT('',(1435.623044738,-768.5,5.4));
#11665=DIRECTION('',(0.707106781,0.707106781,-0.));
#11666=VECTOR('',#11665,6.897056275);
#11667=LINE('',#11664,#11666);
#11668=EDGE_CURVE('',#11655,#11663,#11667,.T.);
#11669=ORIENTED_EDGE('',*,*,#11668,.T.);
#11670=CARTESIAN_POINT('',(1440.5,-763.623044738,5.4));
#11671=DIRECTION('',(0.497468338,0.497468338,-0.710669055));
#11672=VECTOR('',#11671,1.407124728);
#11673=LINE('',#11670,#11672);
#11674=EDGE_CURVE('',#11663,#11467,#11673,.T.);
#11675=ORIENTED_EDGE('',*,*,#11674,.T.);
#11676=ORIENTED_EDGE('',*,*,#11472,.T.);
#11677=ORIENTED_EDGE('',*,*,#11440,.T.);
#11678=CARTESIAN_POINT('',(1440.5,-763.623044738,1.4));
#11679=DIRECTION('',(-0.707106781,-0.707106781,0.));
#11680=VECTOR('',#11679,6.897056275);
#11681=LINE('',#11678,#11680);
#11682=EDGE_CURVE('',#11413,#11553,#11681,.T.);
#11683=ORIENTED_EDGE('',*,*,#11682,.T.);
#11684=ORIENTED_EDGE('',*,*,#11612,.T.);
#11685=ORIENTED_EDGE('',*,*,#11644,.F.);
#11686=EDGE_LOOP('',(#11661,#11669,#11675,#11676,#11677,#11683,#11684,#11685));
#11687=FACE_BOUND('',#11686,.T.);
#11688=ADVANCED_FACE('',(#11687),#11653,.T.);
#11689=CARTESIAN_POINT('',(1415.5,-756.,2.4));
#11690=DIRECTION('',(1.,0.,0.));
#11691=DIRECTION('',(0.,1.,0.));
#11692=AXIS2_PLACEMENT_3D('',#11689,#11690,#11691);
#11693=PLANE('',#11692);
#11694=CARTESIAN_POINT('',(1415.5,-763.623044738,1.4));
#11695=VERTEX_POINT('',#11694);
#11696=CARTESIAN_POINT('',(1415.5,-765.0372583,0.4));
#11697=VERTEX_POINT('',#11696);
#11698=CARTESIAN_POINT('',(1415.5,-763.623044738,1.4));
#11699=DIRECTION('',(0.,-0.816496581,-0.577350269));
#11700=VECTOR('',#11699,1.732050807);
#11701=LINE('',#11698,#11700);
#11702=EDGE_CURVE('',#11695,#11697,#11701,.T.);
#11703=ORIENTED_EDGE('',*,*,#11702,.T.);
#11704=CARTESIAN_POINT('',(1415.5,-746.9627417,0.4));
#11705=VERTEX_POINT('',#11704);
#11706=CARTESIAN_POINT('',(1415.5,-765.0372583,0.4));
#11707=DIRECTION('',(0.,1.,0.));
#11708=VECTOR('',#11707,18.0745166);
#11709=LINE('',#11706,#11708);
#11710=EDGE_CURVE('',#11697,#11705,#11709,.T.);
#11711=ORIENTED_EDGE('',*,*,#11710,.T.);
#11712=CARTESIAN_POINT('',(1415.5,-748.376955262,1.4));
#11713=VERTEX_POINT('',#11712);
#11714=CARTESIAN_POINT('',(1415.5,-746.9627417,0.4));
#11715=DIRECTION('',(0.,-0.816496581,0.577350269));
#11716=VECTOR('',#11715,1.732050807);
#11717=LINE('',#11714,#11716);
#11718=EDGE_CURVE('',#11705,#11713,#11717,.T.);
#11719=ORIENTED_EDGE('',*,*,#11718,.T.);
#11720=CARTESIAN_POINT('',(1415.5,-748.376955262,1.4));
#11721=DIRECTION('',(-0.,-1.,-0.));
#11722=VECTOR('',#11721,15.246089476);
#11723=LINE('',#11720,#11722);
#11724=EDGE_CURVE('',#11713,#11695,#11723,.T.);
#11725=ORIENTED_EDGE('',*,*,#11724,.T.);
#11726=EDGE_LOOP('',(#11703,#11711,#11719,#11725));
#11727=FACE_BOUND('',#11726,.T.);
#11728=ADVANCED_FACE('',(#11727),#11693,.T.);
#11729=CARTESIAN_POINT('',(1415.5,-756.,1.4));
#11730=DIRECTION('',(-0.819231921,0.,-0.573462344));
#11731=DIRECTION('',(0.,-1.,0.));
#11732=AXIS2_PLACEMENT_3D('',#11729,#11730,#11731);
#11733=PLANE('',#11732);
#11734=CARTESIAN_POINT('',(1414.8,-749.076955262,2.4));
#11735=VERTEX_POINT('',#11734);
#11736=CARTESIAN_POINT('',(1414.8,-749.076955262,2.4));
#11737=DIRECTION('',(0.497468338,0.497468338,-0.710669055));
#11738=VECTOR('',#11737,1.407124728);
#11739=LINE('',#11736,#11738);
#11740=EDGE_CURVE('',#11735,#11713,#11739,.T.);
#11741=ORIENTED_EDGE('',*,*,#11740,.F.);
#11742=CARTESIAN_POINT('',(1414.8,-762.923044738,2.4));
#11743=VERTEX_POINT('',#11742);
#11744=CARTESIAN_POINT('',(1414.800000001,-749.076955262,2.4));
#11745=DIRECTION('',(0.,-1.,0.));
#11746=VECTOR('',#11745,13.846089476);
#11747=LINE('',#11744,#11746);
#11748=EDGE_CURVE('',#11735,#11743,#11747,.T.);
#11749=ORIENTED_EDGE('',*,*,#11748,.T.);
#11750=CARTESIAN_POINT('',(1415.5,-763.623044738,1.4));
#11751=DIRECTION('',(-0.497468338,0.497468338,0.710669055));
#11752=VECTOR('',#11751,1.407124728);
#11753=LINE('',#11750,#11752);
#11754=EDGE_CURVE('',#11695,#11743,#11753,.T.);
#11755=ORIENTED_EDGE('',*,*,#11754,.F.);
#11756=ORIENTED_EDGE('',*,*,#11724,.F.);
#11757=EDGE_LOOP('',(#11741,#11749,#11755,#11756));
#11758=FACE_BOUND('',#11757,.T.);
#11759=ADVANCED_FACE('',(#11758),#11733,.F.);
#11760=CARTESIAN_POINT('',(1414.8,-756.,6.8));
#11761=DIRECTION('',(1.,0.,0.));
#11762=DIRECTION('',(0.,1.,0.));
#11763=AXIS2_PLACEMENT_3D('',#11760,#11761,#11762);
#11764=PLANE('',#11763);
#11765=ORIENTED_EDGE('',*,*,#11748,.F.);
#11766=CARTESIAN_POINT('',(1414.8,-749.076955262,4.4));
#11767=VERTEX_POINT('',#11766);
#11768=CARTESIAN_POINT('',(1414.8,-749.076955262,4.4));
#11769=DIRECTION('',(-0.,-0.,-1.));
#11770=VECTOR('',#11769,2.);
#11771=LINE('',#11768,#11770);
#11772=EDGE_CURVE('',#11767,#11735,#11771,.T.);
#11773=ORIENTED_EDGE('',*,*,#11772,.F.);
#11774=CARTESIAN_POINT('',(1414.8,-762.923044738,4.4));
#11775=VERTEX_POINT('',#11774);
#11776=CARTESIAN_POINT('',(1414.8,-749.076955262,4.4));
#11777=DIRECTION('',(-0.,-1.,-0.));
#11778=VECTOR('',#11777,13.846089476);
#11779=LINE('',#11776,#11778);
#11780=EDGE_CURVE('',#11767,#11775,#11779,.T.);
#11781=ORIENTED_EDGE('',*,*,#11780,.T.);
#11782=CARTESIAN_POINT('',(1414.8,-762.923044738,4.4));
#11783=DIRECTION('',(-0.,-0.,-1.));
#11784=VECTOR('',#11783,2.);
#11785=LINE('',#11782,#11784);
#11786=EDGE_CURVE('',#11775,#11743,#11785,.T.);
#11787=ORIENTED_EDGE('',*,*,#11786,.T.);
#11788=EDGE_LOOP('',(#11765,#11773,#11781,#11787));
#11789=FACE_BOUND('',#11788,.T.);
#11790=ADVANCED_FACE('',(#11789),#11764,.T.);
#11791=CARTESIAN_POINT('',(1415.15,-763.273044738,6.8));
#11792=DIRECTION('',(0.707106781,0.707106781,0.));
#11793=DIRECTION('',(-0.707106781,0.707106781,0.));
#11794=AXIS2_PLACEMENT_3D('',#11791,#11792,#11793);
#11795=PLANE('',#11794);
#11796=ORIENTED_EDGE('',*,*,#11598,.T.);
#11797=CARTESIAN_POINT('',(1420.376955262,-768.5,1.4));
#11798=DIRECTION('',(-0.707106781,0.707106781,0.));
#11799=VECTOR('',#11798,6.897056275);
#11800=LINE('',#11797,#11799);
#11801=EDGE_CURVE('',#11571,#11695,#11800,.T.);
#11802=ORIENTED_EDGE('',*,*,#11801,.T.);
#11803=ORIENTED_EDGE('',*,*,#11754,.T.);
#11804=ORIENTED_EDGE('',*,*,#11786,.F.);
#11805=CARTESIAN_POINT('',(1415.5,-763.623044738,5.4));
#11806=VERTEX_POINT('',#11805);
#11807=CARTESIAN_POINT('',(1414.8,-762.923044738,4.4));
#11808=DIRECTION('',(0.497468338,-0.497468338,0.710669055));
#11809=VECTOR('',#11808,1.407124728);
#11810=LINE('',#11807,#11809);
#11811=EDGE_CURVE('',#11775,#11806,#11810,.T.);
#11812=ORIENTED_EDGE('',*,*,#11811,.T.);
#11813=CARTESIAN_POINT('',(1420.376955262,-768.5,5.4));
#11814=VERTEX_POINT('',#11813);
#11815=CARTESIAN_POINT('',(1415.5,-763.623044738,5.4));
#11816=DIRECTION('',(0.707106781,-0.707106781,-0.));
#11817=VECTOR('',#11816,6.897056275);
#11818=LINE('',#11815,#11817);
#11819=EDGE_CURVE('',#11806,#11814,#11818,.T.);
#11820=ORIENTED_EDGE('',*,*,#11819,.T.);
#11821=CARTESIAN_POINT('',(1420.376955262,-768.5,5.4));
#11822=DIRECTION('',(0.497468338,-0.497468338,-0.710669055));
#11823=VECTOR('',#11822,1.407124728);
#11824=LINE('',#11821,#11823);
#11825=EDGE_CURVE('',#11814,#11625,#11824,.T.);
#11826=ORIENTED_EDGE('',*,*,#11825,.T.);
#11827=ORIENTED_EDGE('',*,*,#11630,.T.);
#11828=EDGE_LOOP('',(#11796,#11802,#11803,#11804,#11812,#11820,#11826,#11827));
#11829=FACE_BOUND('',#11828,.T.);
#11830=ADVANCED_FACE('',(#11829),#11795,.T.);
#11831=CARTESIAN_POINT('',(1428.,-743.5,2.4));
#11832=DIRECTION('',(0.,-1.,0.));
#11833=DIRECTION('',(1.,0.,0.));
#11834=AXIS2_PLACEMENT_3D('',#11831,#11832,#11833);
#11835=PLANE('',#11834);
#11836=CARTESIAN_POINT('',(1420.376955262,-743.5,1.4));
#11837=VERTEX_POINT('',#11836);
#11838=CARTESIAN_POINT('',(1418.9627417,-743.5,0.4));
#11839=VERTEX_POINT('',#11838);
#11840=CARTESIAN_POINT('',(1420.376955262,-743.5,1.4));
#11841=DIRECTION('',(-0.816496581,0.,-0.577350269));
#11842=VECTOR('',#11841,1.732050807);
#11843=LINE('',#11840,#11842);
#11844=EDGE_CURVE('',#11837,#11839,#11843,.T.);
#11845=ORIENTED_EDGE('',*,*,#11844,.T.);
#11846=CARTESIAN_POINT('',(1437.0372583,-743.5,0.4));
#11847=VERTEX_POINT('',#11846);
#11848=CARTESIAN_POINT('',(1418.9627417,-743.5,0.4));
#11849=DIRECTION('',(1.,0.,-0.));
#11850=VECTOR('',#11849,18.0745166);
#11851=LINE('',#11848,#11850);
#11852=EDGE_CURVE('',#11839,#11847,#11851,.T.);
#11853=ORIENTED_EDGE('',*,*,#11852,.T.);
#11854=CARTESIAN_POINT('',(1437.0372583,-743.5,0.4));
#11855=DIRECTION('',(-0.816496581,0.,0.577350269));
#11856=VECTOR('',#11855,1.732050807);
#11857=LINE('',#11854,#11856);
#11858=EDGE_CURVE('',#11847,#11529,#11857,.T.);
#11859=ORIENTED_EDGE('',*,*,#11858,.T.);
#11860=CARTESIAN_POINT('',(1435.623044738,-743.5,1.4));
#11861=DIRECTION('',(-1.,-0.,0.));
#11862=VECTOR('',#11861,15.246089476);
#11863=LINE('',#11860,#11862);
#11864=EDGE_CURVE('',#11529,#11837,#11863,.T.);
#11865=ORIENTED_EDGE('',*,*,#11864,.T.);
#11866=EDGE_LOOP('',(#11845,#11853,#11859,#11865));
#11867=FACE_BOUND('',#11866,.T.);
#11868=ADVANCED_FACE('',(#11867),#11835,.T.);
#11869=CARTESIAN_POINT('',(1428.,-743.5,1.4));
#11870=DIRECTION('',(0.,0.819231921,-0.573462344));
#11871=DIRECTION('',(-1.,0.,0.));
#11872=AXIS2_PLACEMENT_3D('',#11869,#11870,#11871);
#11873=PLANE('',#11872);
#11874=ORIENTED_EDGE('',*,*,#11534,.F.);
#11875=CARTESIAN_POINT('',(1421.076955262,-742.8,2.4));
#11876=VERTEX_POINT('',#11875);
#11877=CARTESIAN_POINT('',(1434.923044738,-742.800000001,2.4));
#11878=DIRECTION('',(-1.,0.,0.));
#11879=VECTOR('',#11878,13.846089476);
#11880=LINE('',#11877,#11879);
#11881=EDGE_CURVE('',#11521,#11876,#11880,.T.);
#11882=ORIENTED_EDGE('',*,*,#11881,.T.);
#11883=CARTESIAN_POINT('',(1420.376955262,-743.5,1.4));
#11884=DIRECTION('',(0.497468338,0.497468338,0.710669055));
#11885=VECTOR('',#11884,1.407124728);
#11886=LINE('',#11883,#11885);
#11887=EDGE_CURVE('',#11837,#11876,#11886,.T.);
#11888=ORIENTED_EDGE('',*,*,#11887,.F.);
#11889=ORIENTED_EDGE('',*,*,#11864,.F.);
#11890=EDGE_LOOP('',(#11874,#11882,#11888,#11889));
#11891=FACE_BOUND('',#11890,.T.);
#11892=ADVANCED_FACE('',(#11891),#11873,.F.);
#11893=CARTESIAN_POINT('',(1428.,-742.8,6.8));
#11894=DIRECTION('',(0.,-1.,0.));
#11895=DIRECTION('',(1.,0.,0.));
#11896=AXIS2_PLACEMENT_3D('',#11893,#11894,#11895);
#11897=PLANE('',#11896);
#11898=ORIENTED_EDGE('',*,*,#11881,.F.);
#11899=ORIENTED_EDGE('',*,*,#11526,.F.);
#11900=CARTESIAN_POINT('',(1421.076955262,-742.8,4.4));
#11901=VERTEX_POINT('',#11900);
#11902=CARTESIAN_POINT('',(1434.923044738,-742.8,4.4));
#11903=DIRECTION('',(-1.,-0.,0.));
#11904=VECTOR('',#11903,13.846089476);
#11905=LINE('',#11902,#11904);
#11906=EDGE_CURVE('',#11513,#11901,#11905,.T.);
#11907=ORIENTED_EDGE('',*,*,#11906,.T.);
#11908=CARTESIAN_POINT('',(1421.076955262,-742.8,4.4));
#11909=DIRECTION('',(-0.,-0.,-1.));
#11910=VECTOR('',#11909,2.);
#11911=LINE('',#11908,#11910);
#11912=EDGE_CURVE('',#11901,#11876,#11911,.T.);
#11913=ORIENTED_EDGE('',*,*,#11912,.T.);
#11914=EDGE_LOOP('',(#11898,#11899,#11907,#11913));
#11915=FACE_BOUND('',#11914,.T.);
#11916=ADVANCED_FACE('',(#11915),#11897,.T.);
#11917=CARTESIAN_POINT('',(1420.726955262,-743.15,6.8));
#11918=DIRECTION('',(0.707106781,-0.707106781,0.));
#11919=DIRECTION('',(0.707106781,0.707106781,0.));
#11920=AXIS2_PLACEMENT_3D('',#11917,#11918,#11919);
#11921=PLANE('',#11920);
#11922=ORIENTED_EDGE('',*,*,#11740,.T.);
#11923=CARTESIAN_POINT('',(1415.5,-748.376955262,1.4));
#11924=DIRECTION('',(0.707106781,0.707106781,0.));
#11925=VECTOR('',#11924,6.897056275);
#11926=LINE('',#11923,#11925);
#11927=EDGE_CURVE('',#11713,#11837,#11926,.T.);
#11928=ORIENTED_EDGE('',*,*,#11927,.T.);
#11929=ORIENTED_EDGE('',*,*,#11887,.T.);
#11930=ORIENTED_EDGE('',*,*,#11912,.F.);
#11931=CARTESIAN_POINT('',(1420.376955262,-743.5,5.4));
#11932=VERTEX_POINT('',#11931);
#11933=CARTESIAN_POINT('',(1421.076955262,-742.8,4.4));
#11934=DIRECTION('',(-0.497468338,-0.497468338,0.710669055));
#11935=VECTOR('',#11934,1.407124728);
#11936=LINE('',#11933,#11935);
#11937=EDGE_CURVE('',#11901,#11932,#11936,.T.);
#11938=ORIENTED_EDGE('',*,*,#11937,.T.);
#11939=CARTESIAN_POINT('',(1415.5,-748.376955262,5.4));
#11940=VERTEX_POINT('',#11939);
#11941=CARTESIAN_POINT('',(1420.376955262,-743.5,5.4));
#11942=DIRECTION('',(-0.707106781,-0.707106781,-0.));
#11943=VECTOR('',#11942,6.897056275);
#11944=LINE('',#11941,#11943);
#11945=EDGE_CURVE('',#11932,#11940,#11944,.T.);
#11946=ORIENTED_EDGE('',*,*,#11945,.T.);
#11947=CARTESIAN_POINT('',(1415.5,-748.376955262,5.4));
#11948=DIRECTION('',(-0.497468338,-0.497468338,-0.710669055));
#11949=VECTOR('',#11948,1.407124728);
#11950=LINE('',#11947,#11949);
#11951=EDGE_CURVE('',#11940,#11767,#11950,.T.);
#11952=ORIENTED_EDGE('',*,*,#11951,.T.);
#11953=ORIENTED_EDGE('',*,*,#11772,.T.);
#11954=EDGE_LOOP('',(#11922,#11928,#11929,#11930,#11938,#11946,#11952,#11953));
#11955=FACE_BOUND('',#11954,.T.);
#11956=ADVANCED_FACE('',(#11955),#11921,.T.);
#11957=CARTESIAN_POINT('',(1440.5,-756.,4.4));
#11958=DIRECTION('',(-1.,0.,0.));
#11959=DIRECTION('',(0.,-1.,0.));
#11960=AXIS2_PLACEMENT_3D('',#11957,#11958,#11959);
#11961=PLANE('',#11960);
#11962=CARTESIAN_POINT('',(1440.5,-765.0372583,6.4));
#11963=VERTEX_POINT('',#11962);
#11964=CARTESIAN_POINT('',(1440.5,-763.623044738,5.4));
#11965=DIRECTION('',(0.,-0.816496581,0.577350269));
#11966=VECTOR('',#11965,1.732050807);
#11967=LINE('',#11964,#11966);
#11968=EDGE_CURVE('',#11663,#11963,#11967,.T.);
#11969=ORIENTED_EDGE('',*,*,#11968,.T.);
#11970=CARTESIAN_POINT('',(1440.5,-746.9627417,6.4));
#11971=VERTEX_POINT('',#11970);
#11972=CARTESIAN_POINT('',(1440.5,-765.0372583,6.4));
#11973=DIRECTION('',(-0.,1.,-0.));
#11974=VECTOR('',#11973,18.0745166);
#11975=LINE('',#11972,#11974);
#11976=EDGE_CURVE('',#11963,#11971,#11975,.T.);
#11977=ORIENTED_EDGE('',*,*,#11976,.T.);
#11978=CARTESIAN_POINT('',(1440.5,-746.9627417,6.4));
#11979=DIRECTION('',(0.,-0.816496581,-0.577350269));
#11980=VECTOR('',#11979,1.732050807);
#11981=LINE('',#11978,#11980);
#11982=EDGE_CURVE('',#11971,#11497,#11981,.T.);
#11983=ORIENTED_EDGE('',*,*,#11982,.T.);
#11984=CARTESIAN_POINT('',(1440.5,-748.376955262,5.4));
#11985=DIRECTION('',(0.,-1.,0.));
#11986=VECTOR('',#11985,15.246089476);
#11987=LINE('',#11984,#11986);
#11988=EDGE_CURVE('',#11497,#11663,#11987,.T.);
#11989=ORIENTED_EDGE('',*,*,#11988,.T.);
#11990=EDGE_LOOP('',(#11969,#11977,#11983,#11989));
#11991=FACE_BOUND('',#11990,.T.);
#11992=ADVANCED_FACE('',(#11991),#11961,.T.);
#11993=CARTESIAN_POINT('',(1440.5,-756.,5.4));
#11994=DIRECTION('',(-0.819231921,0.,-0.573462344));
#11995=DIRECTION('',(0.,1.,0.));
#11996=AXIS2_PLACEMENT_3D('',#11993,#11994,#11995);
#11997=PLANE('',#11996);
#11998=ORIENTED_EDGE('',*,*,#11502,.F.);
#11999=ORIENTED_EDGE('',*,*,#11480,.F.);
#12000=ORIENTED_EDGE('',*,*,#11674,.F.);
#12001=ORIENTED_EDGE('',*,*,#11988,.F.);
#12002=EDGE_LOOP('',(#11998,#11999,#12000,#12001));
#12003=FACE_BOUND('',#12002,.T.);
#12004=ADVANCED_FACE('',(#12003),#11997,.T.);
#12005=CARTESIAN_POINT('',(1428.,-768.5,4.4));
#12006=DIRECTION('',(0.,1.,0.));
#12007=DIRECTION('',(-1.,0.,0.));
#12008=AXIS2_PLACEMENT_3D('',#12005,#12006,#12007);
#12009=PLANE('',#12008);
#12010=CARTESIAN_POINT('',(1418.9627417,-768.5,6.4));
#12011=VERTEX_POINT('',#12010);
#12012=CARTESIAN_POINT('',(1420.376955262,-768.5,5.4));
#12013=DIRECTION('',(-0.816496581,0.,0.577350269));
#12014=VECTOR('',#12013,1.732050807);
#12015=LINE('',#12012,#12014);
#12016=EDGE_CURVE('',#11814,#12011,#12015,.T.);
#12017=ORIENTED_EDGE('',*,*,#12016,.T.);
#12018=CARTESIAN_POINT('',(1437.0372583,-768.5,6.4));
#12019=VERTEX_POINT('',#12018);
#12020=CARTESIAN_POINT('',(1418.9627417,-768.5,6.4));
#12021=DIRECTION('',(1.,-0.,-0.));
#12022=VECTOR('',#12021,18.0745166);
#12023=LINE('',#12020,#12022);
#12024=EDGE_CURVE('',#12011,#12019,#12023,.T.);
#12025=ORIENTED_EDGE('',*,*,#12024,.T.);
#12026=CARTESIAN_POINT('',(1437.0372583,-768.5,6.4));
#12027=DIRECTION('',(-0.816496581,0.,-0.577350269));
#12028=VECTOR('',#12027,1.732050807);
#12029=LINE('',#12026,#12028);
#12030=EDGE_CURVE('',#12019,#11655,#12029,.T.);
#12031=ORIENTED_EDGE('',*,*,#12030,.T.);
#12032=CARTESIAN_POINT('',(1435.623044738,-768.5,5.4));
#12033=DIRECTION('',(-1.,0.,0.));
#12034=VECTOR('',#12033,15.246089476);
#12035=LINE('',#12032,#12034);
#12036=EDGE_CURVE('',#11655,#11814,#12035,.T.);
#12037=ORIENTED_EDGE('',*,*,#12036,.T.);
#12038=EDGE_LOOP('',(#12017,#12025,#12031,#12037));
#12039=FACE_BOUND('',#12038,.T.);
#12040=ADVANCED_FACE('',(#12039),#12009,.T.);
#12041=CARTESIAN_POINT('',(1428.,-768.5,5.4));
#12042=DIRECTION('',(0.,0.819231921,-0.573462344));
#12043=DIRECTION('',(1.,0.,0.));
#12044=AXIS2_PLACEMENT_3D('',#12041,#12042,#12043);
#12045=PLANE('',#12044);
#12046=ORIENTED_EDGE('',*,*,#11660,.F.);
#12047=ORIENTED_EDGE('',*,*,#11638,.F.);
#12048=ORIENTED_EDGE('',*,*,#11825,.F.);
#12049=ORIENTED_EDGE('',*,*,#12036,.F.);
#12050=EDGE_LOOP('',(#12046,#12047,#12048,#12049));
#12051=FACE_BOUND('',#12050,.T.);
#12052=ADVANCED_FACE('',(#12051),#12045,.T.);
#12053=CARTESIAN_POINT('',(1415.5,-756.,4.4));
#12054=DIRECTION('',(1.,0.,0.));
#12055=DIRECTION('',(0.,1.,0.));
#12056=AXIS2_PLACEMENT_3D('',#12053,#12054,#12055);
#12057=PLANE('',#12056);
#12058=CARTESIAN_POINT('',(1415.5,-746.9627417,6.4));
#12059=VERTEX_POINT('',#12058);
#12060=CARTESIAN_POINT('',(1415.5,-748.376955262,5.4));
#12061=DIRECTION('',(0.,0.816496581,0.577350269));
#12062=VECTOR('',#12061,1.732050807);
#12063=LINE('',#12060,#12062);
#12064=EDGE_CURVE('',#11940,#12059,#12063,.T.);
#12065=ORIENTED_EDGE('',*,*,#12064,.T.);
#12066=CARTESIAN_POINT('',(1415.5,-765.0372583,6.4));
#12067=VERTEX_POINT('',#12066);
#12068=CARTESIAN_POINT('',(1415.5,-746.9627417,6.4));
#12069=DIRECTION('',(-0.,-1.,-0.));
#12070=VECTOR('',#12069,18.0745166);
#12071=LINE('',#12068,#12070);
#12072=EDGE_CURVE('',#12059,#12067,#12071,.T.);
#12073=ORIENTED_EDGE('',*,*,#12072,.T.);
#12074=CARTESIAN_POINT('',(1415.5,-765.0372583,6.4));
#12075=DIRECTION('',(0.,0.816496581,-0.577350269));
#12076=VECTOR('',#12075,1.732050807);
#12077=LINE('',#12074,#12076);
#12078=EDGE_CURVE('',#12067,#11806,#12077,.T.);
#12079=ORIENTED_EDGE('',*,*,#12078,.T.);
#12080=CARTESIAN_POINT('',(1415.5,-763.623044738,5.4));
#12081=DIRECTION('',(0.,1.,0.));
#12082=VECTOR('',#12081,15.246089476);
#12083=LINE('',#12080,#12082);
#12084=EDGE_CURVE('',#11806,#11940,#12083,.T.);
#12085=ORIENTED_EDGE('',*,*,#12084,.T.);
#12086=EDGE_LOOP('',(#12065,#12073,#12079,#12085));
#12087=FACE_BOUND('',#12086,.T.);
#12088=ADVANCED_FACE('',(#12087),#12057,.T.);
#12089=CARTESIAN_POINT('',(1415.5,-756.,5.4));
#12090=DIRECTION('',(0.819231921,0.,-0.573462344));
#12091=DIRECTION('',(0.,-1.,0.));
#12092=AXIS2_PLACEMENT_3D('',#12089,#12090,#12091);
#12093=PLANE('',#12092);
#12094=ORIENTED_EDGE('',*,*,#11811,.F.);
#12095=ORIENTED_EDGE('',*,*,#11780,.F.);
#12096=ORIENTED_EDGE('',*,*,#11951,.F.);
#12097=ORIENTED_EDGE('',*,*,#12084,.F.);
#12098=EDGE_LOOP('',(#12094,#12095,#12096,#12097));
#12099=FACE_BOUND('',#12098,.T.);
#12100=ADVANCED_FACE('',(#12099),#12093,.T.);
#12101=CARTESIAN_POINT('',(1428.,-743.5,4.4));
#12102=DIRECTION('',(0.,-1.,0.));
#12103=DIRECTION('',(1.,0.,0.));
#12104=AXIS2_PLACEMENT_3D('',#12101,#12102,#12103);
#12105=PLANE('',#12104);
#12106=CARTESIAN_POINT('',(1437.0372583,-743.5,6.4));
#12107=VERTEX_POINT('',#12106);
#12108=CARTESIAN_POINT('',(1435.623044738,-743.5,5.4));
#12109=DIRECTION('',(0.816496581,0.,0.577350269));
#12110=VECTOR('',#12109,1.732050807);
#12111=LINE('',#12108,#12110);
#12112=EDGE_CURVE('',#11505,#12107,#12111,.T.);
#12113=ORIENTED_EDGE('',*,*,#12112,.T.);
#12114=CARTESIAN_POINT('',(1418.9627417,-743.5,6.4));
#12115=VERTEX_POINT('',#12114);
#12116=CARTESIAN_POINT('',(1437.0372583,-743.5,6.4));
#12117=DIRECTION('',(-1.,-0.,0.));
#12118=VECTOR('',#12117,18.0745166);
#12119=LINE('',#12116,#12118);
#12120=EDGE_CURVE('',#12107,#12115,#12119,.T.);
#12121=ORIENTED_EDGE('',*,*,#12120,.T.);
#12122=CARTESIAN_POINT('',(1418.9627417,-743.5,6.4));
#12123=DIRECTION('',(0.816496581,0.,-0.577350269));
#12124=VECTOR('',#12123,1.732050807);
#12125=LINE('',#12122,#12124);
#12126=EDGE_CURVE('',#12115,#11932,#12125,.T.);
#12127=ORIENTED_EDGE('',*,*,#12126,.T.);
#12128=CARTESIAN_POINT('',(1420.376955262,-743.5,5.4));
#12129=DIRECTION('',(1.,0.,-0.));
#12130=VECTOR('',#12129,15.246089476);
#12131=LINE('',#12128,#12130);
#12132=EDGE_CURVE('',#11932,#11505,#12131,.T.);
#12133=ORIENTED_EDGE('',*,*,#12132,.T.);
#12134=EDGE_LOOP('',(#12113,#12121,#12127,#12133));
#12135=FACE_BOUND('',#12134,.T.);
#12136=ADVANCED_FACE('',(#12135),#12105,.T.);
#12137=CARTESIAN_POINT('',(1428.,-743.5,5.4));
#12138=DIRECTION('',(0.,-0.819231921,-0.573462344));
#12139=DIRECTION('',(-1.,0.,0.));
#12140=AXIS2_PLACEMENT_3D('',#12137,#12138,#12139);
#12141=PLANE('',#12140);
#12142=ORIENTED_EDGE('',*,*,#11937,.F.);
#12143=ORIENTED_EDGE('',*,*,#11906,.F.);
#12144=ORIENTED_EDGE('',*,*,#11518,.F.);
#12145=ORIENTED_EDGE('',*,*,#12132,.F.);
#12146=EDGE_LOOP('',(#12142,#12143,#12144,#12145));
#12147=FACE_BOUND('',#12146,.T.);
#12148=ADVANCED_FACE('',(#12147),#12141,.T.);
#12149=CARTESIAN_POINT('',(1416.948528137,-744.948528137,0.));
#12150=DIRECTION('',(0.5,-0.5,-0.707106781));
#12151=DIRECTION('',(0.707106781,0.707106781,0.));
#12152=AXIS2_PLACEMENT_3D('',#12149,#12150,#12151);
#12153=PLANE('',#12152);
#12154=ORIENTED_EDGE('',*,*,#11844,.F.);
#12155=ORIENTED_EDGE('',*,*,#11927,.F.);
#12156=ORIENTED_EDGE('',*,*,#11718,.F.);
#12157=CARTESIAN_POINT('',(1415.5,-746.9627417,0.4));
#12158=DIRECTION('',(-0.678598344,0.281084638,-0.678598345));
#12159=VECTOR('',#12158,0.589450303);
#12160=LINE('',#12157,#12159);
#12161=EDGE_CURVE('',#11705,#545,#12160,.T.);
#12162=ORIENTED_EDGE('',*,*,#12161,.T.);
#12163=ORIENTED_EDGE('',*,*,#550,.F.);
#12164=CARTESIAN_POINT('',(1418.797056275,-743.1,0.));
#12165=DIRECTION('',(0.281084638,-0.678598344,0.678598345));
#12166=VECTOR('',#12165,0.589450303);
#12167=LINE('',#12164,#12166);
#12168=EDGE_CURVE('',#537,#11839,#12167,.T.);
#12169=ORIENTED_EDGE('',*,*,#12168,.T.);
#12170=EDGE_LOOP('',(#12154,#12155,#12156,#12162,#12163,#12169));
#12171=FACE_BOUND('',#12170,.T.);
#12172=ADVANCED_FACE('',(#12171),#12153,.T.);
#12173=CARTESIAN_POINT('',(1420.726955262,-743.15,5.4));
#12174=DIRECTION('',(-0.5,0.5,-0.707106781));
#12175=DIRECTION('',(-0.707106781,-0.707106781,0.));
#12176=AXIS2_PLACEMENT_3D('',#12173,#12174,#12175);
#12177=PLANE('',#12176);
#12178=ORIENTED_EDGE('',*,*,#12126,.F.);
#12179=CARTESIAN_POINT('',(1418.9627417,-743.5,6.4));
#12180=DIRECTION('',(-0.281084638,0.678598344,0.678598345));
#12181=VECTOR('',#12180,0.589450303);
#12182=LINE('',#12179,#12181);
#12183=EDGE_CURVE('',#12115,#2351,#12182,.T.);
#12184=ORIENTED_EDGE('',*,*,#12183,.T.);
#12185=ORIENTED_EDGE('',*,*,#2356,.F.);
#12186=CARTESIAN_POINT('',(1415.1,-746.797056275,6.8));
#12187=DIRECTION('',(0.678598344,-0.281084638,-0.678598345));
#12188=VECTOR('',#12187,0.589450303);
#12189=LINE('',#12186,#12188);
#12190=EDGE_CURVE('',#2343,#12059,#12189,.T.);
#12191=ORIENTED_EDGE('',*,*,#12190,.T.);
#12192=ORIENTED_EDGE('',*,*,#12064,.F.);
#12193=ORIENTED_EDGE('',*,*,#11945,.F.);
#12194=EDGE_LOOP('',(#12178,#12184,#12185,#12191,#12192,#12193));
#12195=FACE_BOUND('',#12194,.T.);
#12196=ADVANCED_FACE('',(#12195),#12177,.F.);
#12197=CARTESIAN_POINT('',(1435.273044738,-768.85,5.4));
#12198=DIRECTION('',(0.5,-0.5,-0.707106781));
#12199=DIRECTION('',(0.707106781,0.707106781,0.));
#12200=AXIS2_PLACEMENT_3D('',#12197,#12198,#12199);
#12201=PLANE('',#12200);
#12202=ORIENTED_EDGE('',*,*,#12030,.F.);
#12203=CARTESIAN_POINT('',(1437.0372583,-768.5,6.4));
#12204=DIRECTION('',(0.281084638,-0.678598344,0.678598345));
#12205=VECTOR('',#12204,0.589450303);
#12206=LINE('',#12203,#12205);
#12207=EDGE_CURVE('',#12019,#2383,#12206,.T.);
#12208=ORIENTED_EDGE('',*,*,#12207,.T.);
#12209=ORIENTED_EDGE('',*,*,#2388,.F.);
#12210=CARTESIAN_POINT('',(1440.9,-765.202943725,6.8));
#12211=DIRECTION('',(-0.678598344,0.281084638,-0.678598345));
#12212=VECTOR('',#12211,0.589450303);
#12213=LINE('',#12210,#12212);
#12214=EDGE_CURVE('',#2375,#11963,#12213,.T.);
#12215=ORIENTED_EDGE('',*,*,#12214,.T.);
#12216=ORIENTED_EDGE('',*,*,#11968,.F.);
#12217=ORIENTED_EDGE('',*,*,#11668,.F.);
#12218=EDGE_LOOP('',(#12202,#12208,#12209,#12215,#12216,#12217));
#12219=FACE_BOUND('',#12218,.T.);
#12220=ADVANCED_FACE('',(#12219),#12201,.F.);
#12221=CARTESIAN_POINT('',(1416.948528137,-767.051471863,0.));
#12222=DIRECTION('',(0.5,0.5,-0.707106781));
#12223=DIRECTION('',(-0.707106781,0.707106781,0.));
#12224=AXIS2_PLACEMENT_3D('',#12221,#12222,#12223);
#12225=PLANE('',#12224);
#12226=ORIENTED_EDGE('',*,*,#11702,.F.);
#12227=ORIENTED_EDGE('',*,*,#11801,.F.);
#12228=ORIENTED_EDGE('',*,*,#11576,.F.);
#12229=CARTESIAN_POINT('',(1418.9627417,-768.5,0.4));
#12230=DIRECTION('',(-0.281084638,-0.678598344,-0.678598345));
#12231=VECTOR('',#12230,0.589450303);
#12232=LINE('',#12229,#12231);
#12233=EDGE_CURVE('',#11563,#561,#12232,.T.);
#12234=ORIENTED_EDGE('',*,*,#12233,.T.);
#12235=ORIENTED_EDGE('',*,*,#566,.F.);
#12236=CARTESIAN_POINT('',(1415.1,-765.202943725,0.));
#12237=DIRECTION('',(0.678598344,0.281084638,0.678598345));
#12238=VECTOR('',#12237,0.589450303);
#12239=LINE('',#12236,#12238);
#12240=EDGE_CURVE('',#553,#11697,#12239,.T.);
#12241=ORIENTED_EDGE('',*,*,#12240,.T.);
#12242=EDGE_LOOP('',(#12226,#12227,#12228,#12234,#12235,#12241));
#12243=FACE_BOUND('',#12242,.T.);
#12244=ADVANCED_FACE('',(#12243),#12225,.T.);
#12245=CARTESIAN_POINT('',(1440.85,-748.726955262,5.4));
#12246=DIRECTION('',(0.5,0.5,-0.707106781));
#12247=DIRECTION('',(-0.707106781,0.707106781,0.));
#12248=AXIS2_PLACEMENT_3D('',#12245,#12246,#12247);
#12249=PLANE('',#12248);
#12250=ORIENTED_EDGE('',*,*,#11982,.F.);
#12251=CARTESIAN_POINT('',(1440.5,-746.9627417,6.4));
#12252=DIRECTION('',(0.678598344,0.281084638,0.678598345));
#12253=VECTOR('',#12252,0.589450303);
#12254=LINE('',#12251,#12253);
#12255=EDGE_CURVE('',#11971,#2367,#12254,.T.);
#12256=ORIENTED_EDGE('',*,*,#12255,.T.);
#12257=ORIENTED_EDGE('',*,*,#2372,.F.);
#12258=CARTESIAN_POINT('',(1437.202943725,-743.1,6.8));
#12259=DIRECTION('',(-0.281084638,-0.678598344,-0.678598345));
#12260=VECTOR('',#12259,0.589450303);
#12261=LINE('',#12258,#12260);
#12262=EDGE_CURVE('',#2359,#12107,#12261,.T.);
#12263=ORIENTED_EDGE('',*,*,#12262,.T.);
#12264=ORIENTED_EDGE('',*,*,#12112,.F.);
#12265=ORIENTED_EDGE('',*,*,#11510,.F.);
#12266=EDGE_LOOP('',(#12250,#12256,#12257,#12263,#12264,#12265));
#12267=FACE_BOUND('',#12266,.T.);
#12268=ADVANCED_FACE('',(#12267),#12249,.F.);
#12269=CARTESIAN_POINT('',(1439.051471863,-767.051471863,0.));
#12270=DIRECTION('',(-0.5,0.5,-0.707106781));
#12271=DIRECTION('',(-0.707106781,-0.707106781,0.));
#12272=AXIS2_PLACEMENT_3D('',#12269,#12270,#12271);
#12273=PLANE('',#12272);
#12274=ORIENTED_EDGE('',*,*,#11560,.F.);
#12275=ORIENTED_EDGE('',*,*,#11682,.F.);
#12276=ORIENTED_EDGE('',*,*,#11418,.F.);
#12277=CARTESIAN_POINT('',(1440.5,-765.0372583,0.4));
#12278=DIRECTION('',(0.678598344,-0.281084638,-0.678598345));
#12279=VECTOR('',#12278,0.589450303);
#12280=LINE('',#12277,#12279);
#12281=EDGE_CURVE('',#11405,#577,#12280,.T.);
#12282=ORIENTED_EDGE('',*,*,#12281,.T.);
#12283=ORIENTED_EDGE('',*,*,#582,.F.);
#12284=CARTESIAN_POINT('',(1437.202943725,-768.9,0.));
#12285=DIRECTION('',(-0.281084638,0.678598344,0.678598345));
#12286=VECTOR('',#12285,0.589450303);
#12287=LINE('',#12284,#12286);
#12288=EDGE_CURVE('',#569,#11555,#12287,.T.);
#12289=ORIENTED_EDGE('',*,*,#12288,.T.);
#12290=EDGE_LOOP('',(#12274,#12275,#12276,#12282,#12283,#12289));
#12291=FACE_BOUND('',#12290,.T.);
#12292=ADVANCED_FACE('',(#12291),#12273,.T.);
#12293=CARTESIAN_POINT('',(1439.051471863,-744.948528137,0.));
#12294=DIRECTION('',(-0.5,-0.5,-0.707106781));
#12295=DIRECTION('',(0.707106781,-0.707106781,0.));
#12296=AXIS2_PLACEMENT_3D('',#12293,#12294,#12295);
#12297=PLANE('',#12296);
#12298=ORIENTED_EDGE('',*,*,#11402,.F.);
#12299=ORIENTED_EDGE('',*,*,#11540,.F.);
#12300=ORIENTED_EDGE('',*,*,#11858,.F.);
#12301=CARTESIAN_POINT('',(1437.0372583,-743.5,0.4));
#12302=DIRECTION('',(0.281084638,0.678598344,-0.678598345));
#12303=VECTOR('',#12302,0.589450303);
#12304=LINE('',#12301,#12303);
#12305=EDGE_CURVE('',#11847,#535,#12304,.T.);
#12306=ORIENTED_EDGE('',*,*,#12305,.T.);
#12307=ORIENTED_EDGE('',*,*,#596,.F.);
#12308=CARTESIAN_POINT('',(1440.9,-746.797056275,0.));
#12309=DIRECTION('',(-0.678598344,-0.281084638,0.678598345));
#12310=VECTOR('',#12309,0.589450303);
#12311=LINE('',#12308,#12310);
#12312=EDGE_CURVE('',#585,#11397,#12311,.T.);
#12313=ORIENTED_EDGE('',*,*,#12312,.T.);
#12314=EDGE_LOOP('',(#12298,#12299,#12300,#12306,#12307,#12313));
#12315=FACE_BOUND('',#12314,.T.);
#12316=ADVANCED_FACE('',(#12315),#12297,.T.);
#12317=CARTESIAN_POINT('',(1415.15,-763.273044738,5.4));
#12318=DIRECTION('',(-0.5,-0.5,-0.707106781));
#12319=DIRECTION('',(0.707106781,-0.707106781,0.));
#12320=AXIS2_PLACEMENT_3D('',#12317,#12318,#12319);
#12321=PLANE('',#12320);
#12322=ORIENTED_EDGE('',*,*,#12078,.F.);
#12323=CARTESIAN_POINT('',(1415.5,-765.0372583,6.4));
#12324=DIRECTION('',(-0.678598344,-0.281084638,0.678598345));
#12325=VECTOR('',#12324,0.589450303);
#12326=LINE('',#12323,#12325);
#12327=EDGE_CURVE('',#12067,#2341,#12326,.T.);
#12328=ORIENTED_EDGE('',*,*,#12327,.T.);
#12329=ORIENTED_EDGE('',*,*,#2402,.F.);
#12330=CARTESIAN_POINT('',(1418.797056275,-768.9,6.8));
#12331=DIRECTION('',(0.281084638,0.678598344,-0.678598345));
#12332=VECTOR('',#12331,0.589450303);
#12333=LINE('',#12330,#12332);
#12334=EDGE_CURVE('',#2391,#12011,#12333,.T.);
#12335=ORIENTED_EDGE('',*,*,#12334,.T.);
#12336=ORIENTED_EDGE('',*,*,#12016,.F.);
#12337=ORIENTED_EDGE('',*,*,#11819,.F.);
#12338=EDGE_LOOP('',(#12322,#12328,#12329,#12335,#12336,#12337));
#12339=FACE_BOUND('',#12338,.T.);
#12340=ADVANCED_FACE('',(#12339),#12321,.F.);
#12341=CARTESIAN_POINT('',(1415.1,-756.,6.8));
#12342=DIRECTION('',(-0.707106781,0.,-0.707106781));
#12343=DIRECTION('',(0.,1.,0.));
#12344=AXIS2_PLACEMENT_3D('',#12341,#12342,#12343);
#12345=PLANE('',#12344);
#12346=ORIENTED_EDGE('',*,*,#12327,.F.);
#12347=ORIENTED_EDGE('',*,*,#12072,.F.);
#12348=ORIENTED_EDGE('',*,*,#12190,.F.);
#12349=ORIENTED_EDGE('',*,*,#2348,.F.);
#12350=EDGE_LOOP('',(#12346,#12347,#12348,#12349));
#12351=FACE_BOUND('',#12350,.T.);
#12352=ADVANCED_FACE('',(#12351),#12345,.F.);
#12353=CARTESIAN_POINT('',(1428.,-743.1,0.));
#12354=DIRECTION('',(0.,-0.707106781,-0.707106781));
#12355=DIRECTION('',(1.,0.,0.));
#12356=AXIS2_PLACEMENT_3D('',#12353,#12354,#12355);
#12357=PLANE('',#12356);
#12358=ORIENTED_EDGE('',*,*,#12305,.F.);
#12359=ORIENTED_EDGE('',*,*,#11852,.F.);
#12360=ORIENTED_EDGE('',*,*,#12168,.F.);
#12361=ORIENTED_EDGE('',*,*,#542,.F.);
#12362=EDGE_LOOP('',(#12358,#12359,#12360,#12361));
#12363=FACE_BOUND('',#12362,.T.);
#12364=ADVANCED_FACE('',(#12363),#12357,.T.);
#12365=CARTESIAN_POINT('',(1440.9,-756.,0.));
#12366=DIRECTION('',(-0.707106781,0.,-0.707106781));
#12367=DIRECTION('',(0.,-1.,0.));
#12368=AXIS2_PLACEMENT_3D('',#12365,#12366,#12367);
#12369=PLANE('',#12368);
#12370=ORIENTED_EDGE('',*,*,#12281,.F.);
#12371=ORIENTED_EDGE('',*,*,#11410,.F.);
#12372=ORIENTED_EDGE('',*,*,#12312,.F.);
#12373=ORIENTED_EDGE('',*,*,#590,.F.);
#12374=EDGE_LOOP('',(#12370,#12371,#12372,#12373));
#12375=FACE_BOUND('',#12374,.T.);
#12376=ADVANCED_FACE('',(#12375),#12369,.T.);
#12377=CARTESIAN_POINT('',(1428.,-768.9,6.8));
#12378=DIRECTION('',(0.,-0.707106781,-0.707106781));
#12379=DIRECTION('',(-1.,0.,0.));
#12380=AXIS2_PLACEMENT_3D('',#12377,#12378,#12379);
#12381=PLANE('',#12380);
#12382=ORIENTED_EDGE('',*,*,#12207,.F.);
#12383=ORIENTED_EDGE('',*,*,#12024,.F.);
#12384=ORIENTED_EDGE('',*,*,#12334,.F.);
#12385=ORIENTED_EDGE('',*,*,#2396,.F.);
#12386=EDGE_LOOP('',(#12382,#12383,#12384,#12385));
#12387=FACE_BOUND('',#12386,.T.);
#12388=ADVANCED_FACE('',(#12387),#12381,.F.);
#12389=CARTESIAN_POINT('',(1440.9,-756.,6.8));
#12390=DIRECTION('',(0.707106781,0.,-0.707106781));
#12391=DIRECTION('',(0.,-1.,0.));
#12392=AXIS2_PLACEMENT_3D('',#12389,#12390,#12391);
#12393=PLANE('',#12392);
#12394=ORIENTED_EDGE('',*,*,#12255,.F.);
#12395=ORIENTED_EDGE('',*,*,#11976,.F.);
#12396=ORIENTED_EDGE('',*,*,#12214,.F.);
#12397=ORIENTED_EDGE('',*,*,#2380,.F.);
#12398=EDGE_LOOP('',(#12394,#12395,#12396,#12397));
#12399=FACE_BOUND('',#12398,.T.);
#12400=ADVANCED_FACE('',(#12399),#12393,.F.);
#12401=CARTESIAN_POINT('',(1428.,-743.1,6.8));
#12402=DIRECTION('',(0.,0.707106781,-0.707106781));
#12403=DIRECTION('',(1.,0.,0.));
#12404=AXIS2_PLACEMENT_3D('',#12401,#12402,#12403);
#12405=PLANE('',#12404);
#12406=ORIENTED_EDGE('',*,*,#12183,.F.);
#12407=ORIENTED_EDGE('',*,*,#12120,.F.);
#12408=ORIENTED_EDGE('',*,*,#12262,.F.);
#12409=ORIENTED_EDGE('',*,*,#2364,.F.);
#12410=EDGE_LOOP('',(#12406,#12407,#12408,#12409));
#12411=FACE_BOUND('',#12410,.T.);
#12412=ADVANCED_FACE('',(#12411),#12405,.F.);
#12413=CARTESIAN_POINT('',(1415.1,-756.,0.));
#12414=DIRECTION('',(0.707106781,0.,-0.707106781));
#12415=DIRECTION('',(0.,1.,0.));
#12416=AXIS2_PLACEMENT_3D('',#12413,#12414,#12415);
#12417=PLANE('',#12416);
#12418=ORIENTED_EDGE('',*,*,#12161,.F.);
#12419=ORIENTED_EDGE('',*,*,#11710,.F.);
#12420=ORIENTED_EDGE('',*,*,#12240,.F.);
#12421=ORIENTED_EDGE('',*,*,#558,.F.);
#12422=EDGE_LOOP('',(#12418,#12419,#12420,#12421));
#12423=FACE_BOUND('',#12422,.T.);
#12424=ADVANCED_FACE('',(#12423),#12417,.T.);
#12425=CARTESIAN_POINT('',(1428.,-768.9,0.));
#12426=DIRECTION('',(0.,0.707106781,-0.707106781));
#12427=DIRECTION('',(-1.,0.,0.));
#12428=AXIS2_PLACEMENT_3D('',#12425,#12426,#12427);
#12429=PLANE('',#12428);
#12430=ORIENTED_EDGE('',*,*,#12233,.F.);
#12431=ORIENTED_EDGE('',*,*,#11568,.F.);
#12432=ORIENTED_EDGE('',*,*,#12288,.F.);
#12433=ORIENTED_EDGE('',*,*,#574,.F.);
#12434=EDGE_LOOP('',(#12430,#12431,#12432,#12433));
#12435=FACE_BOUND('',#12434,.T.);
#12436=ADVANCED_FACE('',(#12435),#12429,.T.);
#12437=CARTESIAN_POINT('',(1440.63706751,-744.1,4.6));
#12438=DIRECTION('',(0.,0.,-1.));
#12439=DIRECTION('',(-1.,0.,0.));
#12440=AXIS2_PLACEMENT_3D('',#12437,#12438,#12439);
#12441=CYLINDRICAL_SURFACE('',#12440,0.5);
#12442=ORIENTED_EDGE('',*,*,#11230,.T.);
#12443=CARTESIAN_POINT('',(1440.843880461,-744.555223465,4.6));
#12444=DIRECTION('',(0.,0.,-1.));
#12445=VECTOR('',#12444,2.4);
#12446=LINE('',#12443,#12445);
#12447=EDGE_CURVE('',#11215,#11265,#12446,.T.);
#12448=ORIENTED_EDGE('',*,*,#12447,.T.);
#12449=ORIENTED_EDGE('',*,*,#11271,.T.);
#12450=CARTESIAN_POINT('',(1440.63706751,-744.6,2.2));
#12451=DIRECTION('',(-0.,-0.,1.));
#12452=VECTOR('',#12451,2.4);
#12453=LINE('',#12450,#12452);
#12454=EDGE_CURVE('',#11257,#11224,#12453,.T.);
#12455=ORIENTED_EDGE('',*,*,#12454,.T.);
#12456=EDGE_LOOP('',(#12442,#12448,#12449,#12455));
#12457=FACE_BOUND('',#12456,.T.);
#12458=ADVANCED_FACE('',(#12457),#12441,.F.);
#12459=CARTESIAN_POINT('',(1440.125,-744.6,4.6));
#12460=DIRECTION('',(0.,1.,0.));
#12461=DIRECTION('',(0.,0.,1.));
#12462=AXIS2_PLACEMENT_3D('',#12459,#12460,#12461);
#12463=PLANE('',#12462);
#12464=ORIENTED_EDGE('',*,*,#11262,.F.);
#12465=CARTESIAN_POINT('',(1439.5,-744.6,4.6));
#12466=DIRECTION('',(0.,0.,-1.));
#12467=VECTOR('',#12466,2.4);
#12468=LINE('',#12465,#12467);
#12469=EDGE_CURVE('',#11162,#11248,#12468,.T.);
#12470=ORIENTED_EDGE('',*,*,#12469,.F.);
#12471=ORIENTED_EDGE('',*,*,#11236,.T.);
#12472=ORIENTED_EDGE('',*,*,#12454,.F.);
#12473=EDGE_LOOP('',(#12464,#12470,#12471,#12472));
#12474=FACE_BOUND('',#12473,.T.);
#12475=ADVANCED_FACE('',(#12474),#12463,.T.);
#12476=CARTESIAN_POINT('',(1442.,-747.1,4.6));
#12477=DIRECTION('',(0.,0.,-1.));
#12478=DIRECTION('',(-1.,0.,0.));
#12479=AXIS2_PLACEMENT_3D('',#12476,#12477,#12478);
#12480=CYLINDRICAL_SURFACE('',#12479,2.795084972);
#12481=ORIENTED_EDGE('',*,*,#11221,.F.);
#12482=CARTESIAN_POINT('',(1441.725442863,-744.318432388,2.2));
#12483=DIRECTION('',(-0.,-0.,1.));
#12484=VECTOR('',#12483,2.4);
#12485=LINE('',#12482,#12484);
#12486=EDGE_CURVE('',#11274,#11206,#12485,.T.);
#12487=ORIENTED_EDGE('',*,*,#12486,.F.);
#12488=ORIENTED_EDGE('',*,*,#11280,.T.);
#12489=ORIENTED_EDGE('',*,*,#12447,.F.);
#12490=EDGE_LOOP('',(#12481,#12487,#12488,#12489));
#12491=FACE_BOUND('',#12490,.T.);
#12492=ADVANCED_FACE('',(#12491),#12480,.T.);
#12493=CARTESIAN_POINT('',(1441.75,-744.567223359,4.6));
#12494=DIRECTION('',(0.,0.,-1.));
#12495=DIRECTION('',(-1.,0.,0.));
#12496=AXIS2_PLACEMENT_3D('',#12493,#12494,#12495);
#12497=CYLINDRICAL_SURFACE('',#12496,0.25);
#12498=ORIENTED_EDGE('',*,*,#11212,.T.);
#12499=ORIENTED_EDGE('',*,*,#10341,.T.);
#12500=ORIENTED_EDGE('',*,*,#11287,.T.);
#12501=ORIENTED_EDGE('',*,*,#12486,.T.);
#12502=EDGE_LOOP('',(#12498,#12499,#12500,#12501));
#12503=FACE_BOUND('',#12502,.T.);
#12504=ADVANCED_FACE('',(#12503),#12497,.T.);
#12505=CARTESIAN_POINT('',(1439.5,-770.,4.6));
#12506=DIRECTION('',(0.,0.,-1.));
#12507=DIRECTION('',(-1.,0.,0.));
#12508=AXIS2_PLACEMENT_3D('',#12505,#12506,#12507);
#12509=CYLINDRICAL_SURFACE('',#12508,2.6);
#12510=CARTESIAN_POINT('',(1436.9,-770.,2.2));
#12511=VERTEX_POINT('',#12510);
#12512=CARTESIAN_POINT('',(1436.9,-770.,4.6));
#12513=VERTEX_POINT('',#12512);
#12514=CARTESIAN_POINT('',(1436.9,-770.,2.2));
#12515=DIRECTION('',(-0.,-0.,1.));
#12516=VECTOR('',#12515,2.4);
#12517=LINE('',#12514,#12516);
#12518=EDGE_CURVE('',#12511,#12513,#12517,.T.);
#12519=ORIENTED_EDGE('',*,*,#12518,.F.);
#12520=CARTESIAN_POINT('',(1439.5,-767.4,2.2));
#12521=VERTEX_POINT('',#12520);
#12522=CARTESIAN_POINT('',(1439.5,-770.,2.2));
#12523=DIRECTION('',(-0.,-0.,1.));
#12524=DIRECTION('',(-1.,0.,0.));
#12525=AXIS2_PLACEMENT_3D('',#12522,#12523,#12524);
#12526=CIRCLE('',#12525,2.6);
#12527=EDGE_CURVE('',#12521,#12511,#12526,.T.);
#12528=ORIENTED_EDGE('',*,*,#12527,.F.);
#12529=CARTESIAN_POINT('',(1439.5,-767.4,4.6));
#12530=VERTEX_POINT('',#12529);
#12531=CARTESIAN_POINT('',(1439.5,-767.4,4.6));
#12532=DIRECTION('',(-0.,-0.,-1.));
#12533=VECTOR('',#12532,2.4);
#12534=LINE('',#12531,#12533);
#12535=EDGE_CURVE('',#12530,#12521,#12534,.T.);
#12536=ORIENTED_EDGE('',*,*,#12535,.F.);
#12537=CARTESIAN_POINT('',(1439.5,-770.,4.6));
#12538=DIRECTION('',(-0.,-0.,1.));
#12539=DIRECTION('',(-1.,0.,0.));
#12540=AXIS2_PLACEMENT_3D('',#12537,#12538,#12539);
#12541=CIRCLE('',#12540,2.6);
#12542=EDGE_CURVE('',#12530,#12513,#12541,.T.);
#12543=ORIENTED_EDGE('',*,*,#12542,.T.);
#12544=EDGE_LOOP('',(#12519,#12528,#12536,#12543));
#12545=FACE_BOUND('',#12544,.T.);
#12546=ADVANCED_FACE('',(#12545),#12509,.F.);
#12547=CARTESIAN_POINT('',(1428.,-784.,4.6));
#12548=DIRECTION('',(0.,0.,1.));
#12549=DIRECTION('',(1.,0.,0.));
#12550=AXIS2_PLACEMENT_3D('',#12547,#12548,#12549);
#12551=PLANE('',#12550);
#12552=CARTESIAN_POINT('',(1439.5,-772.6,4.6));
#12553=VERTEX_POINT('',#12552);
#12554=CARTESIAN_POINT('',(1439.5,-770.,4.6));
#12555=DIRECTION('',(-0.,-0.,1.));
#12556=DIRECTION('',(-1.,0.,0.));
#12557=AXIS2_PLACEMENT_3D('',#12554,#12555,#12556);
#12558=CIRCLE('',#12557,2.6);
#12559=EDGE_CURVE('',#12513,#12553,#12558,.T.);
#12560=ORIENTED_EDGE('',*,*,#12559,.F.);
#12561=ORIENTED_EDGE('',*,*,#12542,.F.);
#12562=CARTESIAN_POINT('',(1440.63706751,-767.4,4.6));
#12563=VERTEX_POINT('',#12562);
#12564=CARTESIAN_POINT('',(1439.5,-767.4,4.6));
#12565=DIRECTION('',(1.,0.,-0.));
#12566=VECTOR('',#12565,1.13706751);
#12567=LINE('',#12564,#12566);
#12568=EDGE_CURVE('',#12530,#12563,#12567,.T.);
#12569=ORIENTED_EDGE('',*,*,#12568,.T.);
#12570=CARTESIAN_POINT('',(1440.843880461,-767.444776535,4.6));
#12571=VERTEX_POINT('',#12570);
#12572=CARTESIAN_POINT('',(1440.63706751,-767.9,4.6));
#12573=DIRECTION('',(-0.,-0.,1.));
#12574=DIRECTION('',(-1.,0.,0.));
#12575=AXIS2_PLACEMENT_3D('',#12572,#12573,#12574);
#12576=CIRCLE('',#12575,0.5);
#12577=EDGE_CURVE('',#12571,#12563,#12576,.T.);
#12578=ORIENTED_EDGE('',*,*,#12577,.F.);
#12579=CARTESIAN_POINT('',(1441.725442863,-767.681567612,4.6));
#12580=VERTEX_POINT('',#12579);
#12581=CARTESIAN_POINT('',(1442.,-764.9,4.6));
#12582=DIRECTION('',(-0.,-0.,1.));
#12583=DIRECTION('',(-1.,0.,0.));
#12584=AXIS2_PLACEMENT_3D('',#12581,#12582,#12583);
#12585=CIRCLE('',#12584,2.795084972);
#12586=EDGE_CURVE('',#12571,#12580,#12585,.T.);
#12587=ORIENTED_EDGE('',*,*,#12586,.T.);
#12588=CARTESIAN_POINT('',(1441.75,-767.432776641,4.6));
#12589=DIRECTION('',(0.,0.,-1.));
#12590=DIRECTION('',(-1.,0.,0.));
#12591=AXIS2_PLACEMENT_3D('',#12588,#12589,#12590);
#12592=CIRCLE('',#12591,0.25);
#12593=EDGE_CURVE('',#10394,#12580,#12592,.T.);
#12594=ORIENTED_EDGE('',*,*,#12593,.F.);
#12595=ORIENTED_EDGE('',*,*,#10399,.F.);
#12596=CARTESIAN_POINT('',(1441.725442863,-772.318432388,4.6));
#12597=VERTEX_POINT('',#12596);
#12598=CARTESIAN_POINT('',(1441.75,-772.567223359,4.6));
#12599=DIRECTION('',(0.,0.,-1.));
#12600=DIRECTION('',(-1.,0.,0.));
#12601=AXIS2_PLACEMENT_3D('',#12598,#12599,#12600);
#12602=CIRCLE('',#12601,0.25);
#12603=EDGE_CURVE('',#12597,#10384,#12602,.T.);
#12604=ORIENTED_EDGE('',*,*,#12603,.F.);
#12605=CARTESIAN_POINT('',(1440.843880461,-772.555223465,4.6));
#12606=VERTEX_POINT('',#12605);
#12607=CARTESIAN_POINT('',(1442.,-775.1,4.6));
#12608=DIRECTION('',(-0.,-0.,1.));
#12609=DIRECTION('',(-1.,0.,0.));
#12610=AXIS2_PLACEMENT_3D('',#12607,#12608,#12609);
#12611=CIRCLE('',#12610,2.795084972);
#12612=EDGE_CURVE('',#12597,#12606,#12611,.T.);
#12613=ORIENTED_EDGE('',*,*,#12612,.T.);
#12614=CARTESIAN_POINT('',(1440.63706751,-772.6,4.6));
#12615=VERTEX_POINT('',#12614);
#12616=CARTESIAN_POINT('',(1440.63706751,-772.1,4.6));
#12617=DIRECTION('',(-0.,-0.,1.));
#12618=DIRECTION('',(-1.,0.,0.));
#12619=AXIS2_PLACEMENT_3D('',#12616,#12617,#12618);
#12620=CIRCLE('',#12619,0.5);
#12621=EDGE_CURVE('',#12615,#12606,#12620,.T.);
#12622=ORIENTED_EDGE('',*,*,#12621,.F.);
#12623=CARTESIAN_POINT('',(1439.5,-772.6,4.6));
#12624=DIRECTION('',(1.,0.,-0.));
#12625=VECTOR('',#12624,1.13706751);
#12626=LINE('',#12623,#12625);
#12627=EDGE_CURVE('',#12553,#12615,#12626,.T.);
#12628=ORIENTED_EDGE('',*,*,#12627,.F.);
#12629=EDGE_LOOP('',(#12560,#12561,#12569,#12578,#12587,#12594,#12595,#12604,#12613,#12622,#12628));
#12630=FACE_BOUND('',#12629,.T.);
#12631=ADVANCED_FACE('',(#12630),#12551,.F.);
#12632=CARTESIAN_POINT('',(1428.,-784.,2.2));
#12633=DIRECTION('',(0.,0.,1.));
#12634=DIRECTION('',(1.,0.,0.));
#12635=AXIS2_PLACEMENT_3D('',#12632,#12633,#12634);
#12636=PLANE('',#12635);
#12637=ORIENTED_EDGE('',*,*,#12527,.T.);
#12638=CARTESIAN_POINT('',(1439.5,-772.6,2.2));
#12639=VERTEX_POINT('',#12638);
#12640=CARTESIAN_POINT('',(1439.5,-770.,2.2));
#12641=DIRECTION('',(-0.,-0.,1.));
#12642=DIRECTION('',(-1.,0.,0.));
#12643=AXIS2_PLACEMENT_3D('',#12640,#12641,#12642);
#12644=CIRCLE('',#12643,2.6);
#12645=EDGE_CURVE('',#12511,#12639,#12644,.T.);
#12646=ORIENTED_EDGE('',*,*,#12645,.T.);
#12647=CARTESIAN_POINT('',(1440.63706751,-772.6,2.2));
#12648=VERTEX_POINT('',#12647);
#12649=CARTESIAN_POINT('',(1439.5,-772.6,2.2));
#12650=DIRECTION('',(1.,0.,-0.));
#12651=VECTOR('',#12650,1.13706751);
#12652=LINE('',#12649,#12651);
#12653=EDGE_CURVE('',#12639,#12648,#12652,.T.);
#12654=ORIENTED_EDGE('',*,*,#12653,.T.);
#12655=CARTESIAN_POINT('',(1440.843880461,-772.555223465,2.2));
#12656=VERTEX_POINT('',#12655);
#12657=CARTESIAN_POINT('',(1440.63706751,-772.1,2.2));
#12658=DIRECTION('',(0.,0.,-1.));
#12659=DIRECTION('',(-1.,0.,0.));
#12660=AXIS2_PLACEMENT_3D('',#12657,#12658,#12659);
#12661=CIRCLE('',#12660,0.5);
#12662=EDGE_CURVE('',#12656,#12648,#12661,.T.);
#12663=ORIENTED_EDGE('',*,*,#12662,.F.);
#12664=CARTESIAN_POINT('',(1441.725442863,-772.318432388,2.2));
#12665=VERTEX_POINT('',#12664);
#12666=CARTESIAN_POINT('',(1442.,-775.1,2.2));
#12667=DIRECTION('',(-0.,-0.,1.));
#12668=DIRECTION('',(-1.,0.,0.));
#12669=AXIS2_PLACEMENT_3D('',#12666,#12667,#12668);
#12670=CIRCLE('',#12669,2.795084972);
#12671=EDGE_CURVE('',#12665,#12656,#12670,.T.);
#12672=ORIENTED_EDGE('',*,*,#12671,.F.);
#12673=CARTESIAN_POINT('',(1441.75,-772.567223359,2.2));
#12674=DIRECTION('',(-0.,-0.,1.));
#12675=DIRECTION('',(-1.,0.,0.));
#12676=AXIS2_PLACEMENT_3D('',#12673,#12674,#12675);
#12677=CIRCLE('',#12676,0.25);
#12678=EDGE_CURVE('',#10386,#12665,#12677,.T.);
#12679=ORIENTED_EDGE('',*,*,#12678,.F.);
#12680=ORIENTED_EDGE('',*,*,#10413,.T.);
#12681=CARTESIAN_POINT('',(1441.725442863,-767.681567612,2.2));
#12682=VERTEX_POINT('',#12681);
#12683=CARTESIAN_POINT('',(1441.75,-767.432776641,2.2));
#12684=DIRECTION('',(-0.,-0.,1.));
#12685=DIRECTION('',(-1.,0.,0.));
#12686=AXIS2_PLACEMENT_3D('',#12683,#12684,#12685);
#12687=CIRCLE('',#12686,0.25);
#12688=EDGE_CURVE('',#12682,#10402,#12687,.T.);
#12689=ORIENTED_EDGE('',*,*,#12688,.F.);
#12690=CARTESIAN_POINT('',(1440.843880461,-767.444776535,2.2));
#12691=VERTEX_POINT('',#12690);
#12692=CARTESIAN_POINT('',(1442.,-764.9,2.2));
#12693=DIRECTION('',(-0.,-0.,1.));
#12694=DIRECTION('',(-1.,0.,0.));
#12695=AXIS2_PLACEMENT_3D('',#12692,#12693,#12694);
#12696=CIRCLE('',#12695,2.795084972);
#12697=EDGE_CURVE('',#12691,#12682,#12696,.T.);
#12698=ORIENTED_EDGE('',*,*,#12697,.F.);
#12699=CARTESIAN_POINT('',(1440.63706751,-767.4,2.2));
#12700=VERTEX_POINT('',#12699);
#12701=CARTESIAN_POINT('',(1440.63706751,-767.9,2.2));
#12702=DIRECTION('',(0.,0.,-1.));
#12703=DIRECTION('',(-1.,0.,0.));
#12704=AXIS2_PLACEMENT_3D('',#12701,#12702,#12703);
#12705=CIRCLE('',#12704,0.5);
#12706=EDGE_CURVE('',#12700,#12691,#12705,.T.);
#12707=ORIENTED_EDGE('',*,*,#12706,.F.);
#12708=CARTESIAN_POINT('',(1439.5,-767.4,2.2));
#12709=DIRECTION('',(1.,0.,-0.));
#12710=VECTOR('',#12709,1.13706751);
#12711=LINE('',#12708,#12710);
#12712=EDGE_CURVE('',#12521,#12700,#12711,.T.);
#12713=ORIENTED_EDGE('',*,*,#12712,.F.);
#12714=EDGE_LOOP('',(#12637,#12646,#12654,#12663,#12672,#12679,#12680,#12689,#12698,#12707,#12713));
#12715=FACE_BOUND('',#12714,.T.);
#12716=ADVANCED_FACE('',(#12715),#12636,.T.);
#12717=CARTESIAN_POINT('',(1440.125,-767.4,4.6));
#12718=DIRECTION('',(0.,1.,0.));
#12719=DIRECTION('',(0.,0.,1.));
#12720=AXIS2_PLACEMENT_3D('',#12717,#12718,#12719);
#12721=PLANE('',#12720);
#12722=ORIENTED_EDGE('',*,*,#12568,.F.);
#12723=ORIENTED_EDGE('',*,*,#12535,.T.);
#12724=ORIENTED_EDGE('',*,*,#12712,.T.);
#12725=CARTESIAN_POINT('',(1440.63706751,-767.4,4.6));
#12726=DIRECTION('',(0.,0.,-1.));
#12727=VECTOR('',#12726,2.4);
#12728=LINE('',#12725,#12727);
#12729=EDGE_CURVE('',#12563,#12700,#12728,.T.);
#12730=ORIENTED_EDGE('',*,*,#12729,.F.);
#12731=EDGE_LOOP('',(#12722,#12723,#12724,#12730));
#12732=FACE_BOUND('',#12731,.T.);
#12733=ADVANCED_FACE('',(#12732),#12721,.F.);
#12734=CARTESIAN_POINT('',(1440.63706751,-767.9,4.6));
#12735=DIRECTION('',(0.,0.,-1.));
#12736=DIRECTION('',(-1.,0.,0.));
#12737=AXIS2_PLACEMENT_3D('',#12734,#12735,#12736);
#12738=CYLINDRICAL_SURFACE('',#12737,0.5);
#12739=ORIENTED_EDGE('',*,*,#12577,.T.);
#12740=ORIENTED_EDGE('',*,*,#12729,.T.);
#12741=ORIENTED_EDGE('',*,*,#12706,.T.);
#12742=CARTESIAN_POINT('',(1440.843880461,-767.444776535,2.2));
#12743=DIRECTION('',(-0.,-0.,1.));
#12744=VECTOR('',#12743,2.4);
#12745=LINE('',#12742,#12744);
#12746=EDGE_CURVE('',#12691,#12571,#12745,.T.);
#12747=ORIENTED_EDGE('',*,*,#12746,.T.);
#12748=EDGE_LOOP('',(#12739,#12740,#12741,#12747));
#12749=FACE_BOUND('',#12748,.T.);
#12750=ADVANCED_FACE('',(#12749),#12738,.F.);
#12751=CARTESIAN_POINT('',(1442.,-764.9,4.6));
#12752=DIRECTION('',(0.,0.,-1.));
#12753=DIRECTION('',(-1.,0.,0.));
#12754=AXIS2_PLACEMENT_3D('',#12751,#12752,#12753);
#12755=CYLINDRICAL_SURFACE('',#12754,2.795084972);
#12756=ORIENTED_EDGE('',*,*,#12697,.T.);
#12757=CARTESIAN_POINT('',(1441.725442863,-767.681567612,4.6));
#12758=DIRECTION('',(0.,0.,-1.));
#12759=VECTOR('',#12758,2.4);
#12760=LINE('',#12757,#12759);
#12761=EDGE_CURVE('',#12580,#12682,#12760,.T.);
#12762=ORIENTED_EDGE('',*,*,#12761,.F.);
#12763=ORIENTED_EDGE('',*,*,#12586,.F.);
#12764=ORIENTED_EDGE('',*,*,#12746,.F.);
#12765=EDGE_LOOP('',(#12756,#12762,#12763,#12764));
#12766=FACE_BOUND('',#12765,.T.);
#12767=ADVANCED_FACE('',(#12766),#12755,.T.);
#12768=CARTESIAN_POINT('',(1441.75,-767.432776641,4.6));
#12769=DIRECTION('',(0.,0.,-1.));
#12770=DIRECTION('',(-1.,0.,0.));
#12771=AXIS2_PLACEMENT_3D('',#12768,#12769,#12770);
#12772=CYLINDRICAL_SURFACE('',#12771,0.25);
#12773=ORIENTED_EDGE('',*,*,#12593,.T.);
#12774=ORIENTED_EDGE('',*,*,#12761,.T.);
#12775=ORIENTED_EDGE('',*,*,#12688,.T.);
#12776=ORIENTED_EDGE('',*,*,#10407,.T.);
#12777=EDGE_LOOP('',(#12773,#12774,#12775,#12776));
#12778=FACE_BOUND('',#12777,.T.);
#12779=ADVANCED_FACE('',(#12778),#12772,.T.);
#12780=CARTESIAN_POINT('',(1440.5,-784.,2.4));
#12781=DIRECTION('',(-1.,0.,0.));
#12782=DIRECTION('',(0.,-1.,0.));
#12783=AXIS2_PLACEMENT_3D('',#12780,#12781,#12782);
#12784=PLANE('',#12783);
#12785=CARTESIAN_POINT('',(1440.5,-776.376955262,1.4));
#12786=VERTEX_POINT('',#12785);
#12787=CARTESIAN_POINT('',(1440.5,-774.9627417,0.4));
#12788=VERTEX_POINT('',#12787);
#12789=CARTESIAN_POINT('',(1440.5,-776.376955262,1.4));
#12790=DIRECTION('',(0.,0.816496581,-0.577350269));
#12791=VECTOR('',#12790,1.732050807);
#12792=LINE('',#12789,#12791);
#12793=EDGE_CURVE('',#12786,#12788,#12792,.T.);
#12794=ORIENTED_EDGE('',*,*,#12793,.T.);
#12795=CARTESIAN_POINT('',(1440.5,-793.0372583,0.4));
#12796=VERTEX_POINT('',#12795);
#12797=CARTESIAN_POINT('',(1440.5,-774.9627417,0.4));
#12798=DIRECTION('',(0.,-1.,0.));
#12799=VECTOR('',#12798,18.0745166);
#12800=LINE('',#12797,#12799);
#12801=EDGE_CURVE('',#12788,#12796,#12800,.T.);
#12802=ORIENTED_EDGE('',*,*,#12801,.T.);
#12803=CARTESIAN_POINT('',(1440.5,-791.623044738,1.4));
#12804=VERTEX_POINT('',#12803);
#12805=CARTESIAN_POINT('',(1440.5,-793.0372583,0.4));
#12806=DIRECTION('',(0.,0.816496581,0.577350269));
#12807=VECTOR('',#12806,1.732050807);
#12808=LINE('',#12805,#12807);
#12809=EDGE_CURVE('',#12796,#12804,#12808,.T.);
#12810=ORIENTED_EDGE('',*,*,#12809,.T.);
#12811=CARTESIAN_POINT('',(1440.5,-791.623044738,1.4));
#12812=DIRECTION('',(-0.,1.,-0.));
#12813=VECTOR('',#12812,15.246089476);
#12814=LINE('',#12811,#12813);
#12815=EDGE_CURVE('',#12804,#12786,#12814,.T.);
#12816=ORIENTED_EDGE('',*,*,#12815,.T.);
#12817=EDGE_LOOP('',(#12794,#12802,#12810,#12816));
#12818=FACE_BOUND('',#12817,.T.);
#12819=ADVANCED_FACE('',(#12818),#12784,.T.);
#12820=CARTESIAN_POINT('',(1440.5,-784.,1.4));
#12821=DIRECTION('',(0.819231921,0.,-0.573462344));
#12822=DIRECTION('',(0.,1.,0.));
#12823=AXIS2_PLACEMENT_3D('',#12820,#12821,#12822);
#12824=PLANE('',#12823);
#12825=CARTESIAN_POINT('',(1441.2,-790.923044738,2.4));
#12826=VERTEX_POINT('',#12825);
#12827=CARTESIAN_POINT('',(1441.2,-790.923044738,2.4));
#12828=DIRECTION('',(-0.497468338,-0.497468338,-0.710669055));
#12829=VECTOR('',#12828,1.407124728);
#12830=LINE('',#12827,#12829);
#12831=EDGE_CURVE('',#12826,#12804,#12830,.T.);
#12832=ORIENTED_EDGE('',*,*,#12831,.F.);
#12833=CARTESIAN_POINT('',(1441.2,-777.076955262,2.4));
#12834=VERTEX_POINT('',#12833);
#12835=CARTESIAN_POINT('',(1441.199999999,-790.923044738,2.4));
#12836=DIRECTION('',(0.,1.,0.));
#12837=VECTOR('',#12836,13.846089476);
#12838=LINE('',#12835,#12837);
#12839=EDGE_CURVE('',#12826,#12834,#12838,.T.);
#12840=ORIENTED_EDGE('',*,*,#12839,.T.);
#12841=CARTESIAN_POINT('',(1440.5,-776.376955262,1.4));
#12842=DIRECTION('',(0.497468338,-0.497468338,0.710669055));
#12843=VECTOR('',#12842,1.407124728);
#12844=LINE('',#12841,#12843);
#12845=EDGE_CURVE('',#12786,#12834,#12844,.T.);
#12846=ORIENTED_EDGE('',*,*,#12845,.F.);
#12847=ORIENTED_EDGE('',*,*,#12815,.F.);
#12848=EDGE_LOOP('',(#12832,#12840,#12846,#12847));
#12849=FACE_BOUND('',#12848,.T.);
#12850=ADVANCED_FACE('',(#12849),#12824,.F.);
#12851=CARTESIAN_POINT('',(1441.2,-784.,6.8));
#12852=DIRECTION('',(-1.,0.,0.));
#12853=DIRECTION('',(0.,-1.,0.));
#12854=AXIS2_PLACEMENT_3D('',#12851,#12852,#12853);
#12855=PLANE('',#12854);
#12856=ORIENTED_EDGE('',*,*,#12839,.F.);
#12857=CARTESIAN_POINT('',(1441.2,-790.923044738,4.4));
#12858=VERTEX_POINT('',#12857);
#12859=CARTESIAN_POINT('',(1441.2,-790.923044738,4.4));
#12860=DIRECTION('',(-0.,-0.,-1.));
#12861=VECTOR('',#12860,2.);
#12862=LINE('',#12859,#12861);
#12863=EDGE_CURVE('',#12858,#12826,#12862,.T.);
#12864=ORIENTED_EDGE('',*,*,#12863,.F.);
#12865=CARTESIAN_POINT('',(1441.2,-777.076955262,4.4));
#12866=VERTEX_POINT('',#12865);
#12867=CARTESIAN_POINT('',(1441.2,-790.923044738,4.4));
#12868=DIRECTION('',(-0.,1.,-0.));
#12869=VECTOR('',#12868,13.846089476);
#12870=LINE('',#12867,#12869);
#12871=EDGE_CURVE('',#12858,#12866,#12870,.T.);
#12872=ORIENTED_EDGE('',*,*,#12871,.T.);
#12873=CARTESIAN_POINT('',(1441.2,-777.076955262,4.4));
#12874=DIRECTION('',(-0.,-0.,-1.));
#12875=VECTOR('',#12874,2.);
#12876=LINE('',#12873,#12875);
#12877=EDGE_CURVE('',#12866,#12834,#12876,.T.);
#12878=ORIENTED_EDGE('',*,*,#12877,.T.);
#12879=EDGE_LOOP('',(#12856,#12864,#12872,#12878));
#12880=FACE_BOUND('',#12879,.T.);
#12881=ADVANCED_FACE('',(#12880),#12855,.T.);
#12882=CARTESIAN_POINT('',(1440.85,-776.726955262,6.8));
#12883=DIRECTION('',(-0.707106781,-0.707106781,0.));
#12884=DIRECTION('',(0.707106781,-0.707106781,0.));
#12885=AXIS2_PLACEMENT_3D('',#12882,#12883,#12884);
#12886=PLANE('',#12885);
#12887=CARTESIAN_POINT('',(1440.5,-776.376955262,5.4));
#12888=VERTEX_POINT('',#12887);
#12889=CARTESIAN_POINT('',(1441.2,-777.076955262,4.4));
#12890=DIRECTION('',(-0.497468338,0.497468338,0.710669055));
#12891=VECTOR('',#12890,1.407124728);
#12892=LINE('',#12889,#12891);
#12893=EDGE_CURVE('',#12866,#12888,#12892,.T.);
#12894=ORIENTED_EDGE('',*,*,#12893,.T.);
#12895=CARTESIAN_POINT('',(1435.623044738,-771.5,5.4));
#12896=VERTEX_POINT('',#12895);
#12897=CARTESIAN_POINT('',(1440.5,-776.376955262,5.4));
#12898=DIRECTION('',(-0.707106781,0.707106781,-0.));
#12899=VECTOR('',#12898,6.897056275);
#12900=LINE('',#12897,#12899);
#12901=EDGE_CURVE('',#12888,#12896,#12900,.T.);
#12902=ORIENTED_EDGE('',*,*,#12901,.T.);
#12903=CARTESIAN_POINT('',(1434.923044738,-770.8,4.4));
#12904=VERTEX_POINT('',#12903);
#12905=CARTESIAN_POINT('',(1435.623044738,-771.5,5.4));
#12906=DIRECTION('',(-0.497468338,0.497468338,-0.710669055));
#12907=VECTOR('',#12906,1.407124728);
#12908=LINE('',#12905,#12907);
#12909=EDGE_CURVE('',#12896,#12904,#12908,.T.);
#12910=ORIENTED_EDGE('',*,*,#12909,.T.);
#12911=CARTESIAN_POINT('',(1434.923044738,-770.8,2.4));
#12912=VERTEX_POINT('',#12911);
#12913=CARTESIAN_POINT('',(1434.923044738,-770.8,4.4));
#12914=DIRECTION('',(-0.,-0.,-1.));
#12915=VECTOR('',#12914,2.);
#12916=LINE('',#12913,#12915);
#12917=EDGE_CURVE('',#12904,#12912,#12916,.T.);
#12918=ORIENTED_EDGE('',*,*,#12917,.T.);
#12919=CARTESIAN_POINT('',(1435.623044738,-771.5,1.4));
#12920=VERTEX_POINT('',#12919);
#12921=CARTESIAN_POINT('',(1434.923044738,-770.8,2.4));
#12922=DIRECTION('',(0.497468338,-0.497468338,-0.710669055));
#12923=VECTOR('',#12922,1.407124728);
#12924=LINE('',#12921,#12923);
#12925=EDGE_CURVE('',#12912,#12920,#12924,.T.);
#12926=ORIENTED_EDGE('',*,*,#12925,.T.);
#12927=CARTESIAN_POINT('',(1435.623044738,-771.5,1.4));
#12928=DIRECTION('',(0.707106781,-0.707106781,0.));
#12929=VECTOR('',#12928,6.897056275);
#12930=LINE('',#12927,#12929);
#12931=EDGE_CURVE('',#12920,#12786,#12930,.T.);
#12932=ORIENTED_EDGE('',*,*,#12931,.T.);
#12933=ORIENTED_EDGE('',*,*,#12845,.T.);
#12934=ORIENTED_EDGE('',*,*,#12877,.F.);
#12935=EDGE_LOOP('',(#12894,#12902,#12910,#12918,#12926,#12932,#12933,#12934));
#12936=FACE_BOUND('',#12935,.T.);
#12937=ADVANCED_FACE('',(#12936),#12886,.T.);
#12938=CARTESIAN_POINT('',(1428.,-796.5,2.4));
#12939=DIRECTION('',(0.,1.,0.));
#12940=DIRECTION('',(-1.,0.,0.));
#12941=AXIS2_PLACEMENT_3D('',#12938,#12939,#12940);
#12942=PLANE('',#12941);
#12943=CARTESIAN_POINT('',(1435.623044738,-796.5,1.4));
#12944=VERTEX_POINT('',#12943);
#12945=CARTESIAN_POINT('',(1437.0372583,-796.5,0.4));
#12946=VERTEX_POINT('',#12945);
#12947=CARTESIAN_POINT('',(1435.623044738,-796.5,1.4));
#12948=DIRECTION('',(0.816496581,0.,-0.577350269));
#12949=VECTOR('',#12948,1.732050807);
#12950=LINE('',#12947,#12949);
#12951=EDGE_CURVE('',#12944,#12946,#12950,.T.);
#12952=ORIENTED_EDGE('',*,*,#12951,.T.);
#12953=CARTESIAN_POINT('',(1418.9627417,-796.5,0.4));
#12954=VERTEX_POINT('',#12953);
#12955=CARTESIAN_POINT('',(1437.0372583,-796.5,0.4));
#12956=DIRECTION('',(-1.,0.,0.));
#12957=VECTOR('',#12956,18.0745166);
#12958=LINE('',#12955,#12957);
#12959=EDGE_CURVE('',#12946,#12954,#12958,.T.);
#12960=ORIENTED_EDGE('',*,*,#12959,.T.);
#12961=CARTESIAN_POINT('',(1420.376955262,-796.5,1.4));
#12962=VERTEX_POINT('',#12961);
#12963=CARTESIAN_POINT('',(1418.9627417,-796.5,0.4));
#12964=DIRECTION('',(0.816496581,0.,0.577350269));
#12965=VECTOR('',#12964,1.732050807);
#12966=LINE('',#12963,#12965);
#12967=EDGE_CURVE('',#12954,#12962,#12966,.T.);
#12968=ORIENTED_EDGE('',*,*,#12967,.T.);
#12969=CARTESIAN_POINT('',(1420.376955262,-796.5,1.4));
#12970=DIRECTION('',(1.,-0.,-0.));
#12971=VECTOR('',#12970,15.246089476);
#12972=LINE('',#12969,#12971);
#12973=EDGE_CURVE('',#12962,#12944,#12972,.T.);
#12974=ORIENTED_EDGE('',*,*,#12973,.T.);
#12975=EDGE_LOOP('',(#12952,#12960,#12968,#12974));
#12976=FACE_BOUND('',#12975,.T.);
#12977=ADVANCED_FACE('',(#12976),#12942,.T.);
#12978=CARTESIAN_POINT('',(1428.,-796.5,1.4));
#12979=DIRECTION('',(0.,-0.819231921,-0.573462344));
#12980=DIRECTION('',(1.,0.,0.));
#12981=AXIS2_PLACEMENT_3D('',#12978,#12979,#12980);
#12982=PLANE('',#12981);
#12983=CARTESIAN_POINT('',(1421.076955262,-797.2,2.4));
#12984=VERTEX_POINT('',#12983);
#12985=CARTESIAN_POINT('',(1421.076955262,-797.2,2.4));
#12986=DIRECTION('',(-0.497468338,0.497468338,-0.710669055));
#12987=VECTOR('',#12986,1.407124728);
#12988=LINE('',#12985,#12987);
#12989=EDGE_CURVE('',#12984,#12962,#12988,.T.);
#12990=ORIENTED_EDGE('',*,*,#12989,.F.);
#12991=CARTESIAN_POINT('',(1434.923044738,-797.2,2.4));
#12992=VERTEX_POINT('',#12991);
#12993=CARTESIAN_POINT('',(1421.076955262,-797.199999999,2.4));
#12994=DIRECTION('',(1.,0.,-0.));
#12995=VECTOR('',#12994,13.846089476);
#12996=LINE('',#12993,#12995);
#12997=EDGE_CURVE('',#12984,#12992,#12996,.T.);
#12998=ORIENTED_EDGE('',*,*,#12997,.T.);
#12999=CARTESIAN_POINT('',(1435.623044738,-796.5,1.4));
#13000=DIRECTION('',(-0.497468338,-0.497468338,0.710669055));
#13001=VECTOR('',#13000,1.407124728);
#13002=LINE('',#12999,#13001);
#13003=EDGE_CURVE('',#12944,#12992,#13002,.T.);
#13004=ORIENTED_EDGE('',*,*,#13003,.F.);
#13005=ORIENTED_EDGE('',*,*,#12973,.F.);
#13006=EDGE_LOOP('',(#12990,#12998,#13004,#13005));
#13007=FACE_BOUND('',#13006,.T.);
#13008=ADVANCED_FACE('',(#13007),#12982,.F.);
#13009=CARTESIAN_POINT('',(1428.,-797.2,6.8));
#13010=DIRECTION('',(0.,1.,0.));
#13011=DIRECTION('',(-1.,0.,0.));
#13012=AXIS2_PLACEMENT_3D('',#13009,#13010,#13011);
#13013=PLANE('',#13012);
#13014=ORIENTED_EDGE('',*,*,#12997,.F.);
#13015=CARTESIAN_POINT('',(1421.076955262,-797.2,4.4));
#13016=VERTEX_POINT('',#13015);
#13017=CARTESIAN_POINT('',(1421.076955262,-797.2,4.4));
#13018=DIRECTION('',(-0.,-0.,-1.));
#13019=VECTOR('',#13018,2.);
#13020=LINE('',#13017,#13019);
#13021=EDGE_CURVE('',#13016,#12984,#13020,.T.);
#13022=ORIENTED_EDGE('',*,*,#13021,.F.);
#13023=CARTESIAN_POINT('',(1434.923044738,-797.2,4.4));
#13024=VERTEX_POINT('',#13023);
#13025=CARTESIAN_POINT('',(1421.076955262,-797.2,4.4));
#13026=DIRECTION('',(1.,-0.,-0.));
#13027=VECTOR('',#13026,13.846089476);
#13028=LINE('',#13025,#13027);
#13029=EDGE_CURVE('',#13016,#13024,#13028,.T.);
#13030=ORIENTED_EDGE('',*,*,#13029,.T.);
#13031=CARTESIAN_POINT('',(1434.923044738,-797.2,4.4));
#13032=DIRECTION('',(-0.,-0.,-1.));
#13033=VECTOR('',#13032,2.);
#13034=LINE('',#13031,#13033);
#13035=EDGE_CURVE('',#13024,#12992,#13034,.T.);
#13036=ORIENTED_EDGE('',*,*,#13035,.T.);
#13037=EDGE_LOOP('',(#13014,#13022,#13030,#13036));
#13038=FACE_BOUND('',#13037,.T.);
#13039=ADVANCED_FACE('',(#13038),#13013,.T.);
#13040=CARTESIAN_POINT('',(1435.273044738,-796.85,6.8));
#13041=DIRECTION('',(-0.707106781,0.707106781,0.));
#13042=DIRECTION('',(-0.707106781,-0.707106781,0.));
#13043=AXIS2_PLACEMENT_3D('',#13040,#13041,#13042);
#13044=PLANE('',#13043);
#13045=CARTESIAN_POINT('',(1435.623044738,-796.5,5.4));
#13046=VERTEX_POINT('',#13045);
#13047=CARTESIAN_POINT('',(1434.923044738,-797.2,4.4));
#13048=DIRECTION('',(0.497468338,0.497468338,0.710669055));
#13049=VECTOR('',#13048,1.407124728);
#13050=LINE('',#13047,#13049);
#13051=EDGE_CURVE('',#13024,#13046,#13050,.T.);
#13052=ORIENTED_EDGE('',*,*,#13051,.T.);
#13053=CARTESIAN_POINT('',(1440.5,-791.623044738,5.4));
#13054=VERTEX_POINT('',#13053);
#13055=CARTESIAN_POINT('',(1435.623044738,-796.5,5.4));
#13056=DIRECTION('',(0.707106781,0.707106781,-0.));
#13057=VECTOR('',#13056,6.897056275);
#13058=LINE('',#13055,#13057);
#13059=EDGE_CURVE('',#13046,#13054,#13058,.T.);
#13060=ORIENTED_EDGE('',*,*,#13059,.T.);
#13061=CARTESIAN_POINT('',(1440.5,-791.623044738,5.4));
#13062=DIRECTION('',(0.497468338,0.497468338,-0.710669055));
#13063=VECTOR('',#13062,1.407124728);
#13064=LINE('',#13061,#13063);
#13065=EDGE_CURVE('',#13054,#12858,#13064,.T.);
#13066=ORIENTED_EDGE('',*,*,#13065,.T.);
#13067=ORIENTED_EDGE('',*,*,#12863,.T.);
#13068=ORIENTED_EDGE('',*,*,#12831,.T.);
#13069=CARTESIAN_POINT('',(1440.5,-791.623044738,1.4));
#13070=DIRECTION('',(-0.707106781,-0.707106781,0.));
#13071=VECTOR('',#13070,6.897056275);
#13072=LINE('',#13069,#13071);
#13073=EDGE_CURVE('',#12804,#12944,#13072,.T.);
#13074=ORIENTED_EDGE('',*,*,#13073,.T.);
#13075=ORIENTED_EDGE('',*,*,#13003,.T.);
#13076=ORIENTED_EDGE('',*,*,#13035,.F.);
#13077=EDGE_LOOP('',(#13052,#13060,#13066,#13067,#13068,#13074,#13075,#13076));
#13078=FACE_BOUND('',#13077,.T.);
#13079=ADVANCED_FACE('',(#13078),#13044,.T.);
#13080=CARTESIAN_POINT('',(1415.5,-784.,2.4));
#13081=DIRECTION('',(1.,0.,0.));
#13082=DIRECTION('',(0.,1.,0.));
#13083=AXIS2_PLACEMENT_3D('',#13080,#13081,#13082);
#13084=PLANE('',#13083);
#13085=CARTESIAN_POINT('',(1415.5,-791.623044738,1.4));
#13086=VERTEX_POINT('',#13085);
#13087=CARTESIAN_POINT('',(1415.5,-793.0372583,0.4));
#13088=VERTEX_POINT('',#13087);
#13089=CARTESIAN_POINT('',(1415.5,-791.623044738,1.4));
#13090=DIRECTION('',(0.,-0.816496581,-0.577350269));
#13091=VECTOR('',#13090,1.732050807);
#13092=LINE('',#13089,#13091);
#13093=EDGE_CURVE('',#13086,#13088,#13092,.T.);
#13094=ORIENTED_EDGE('',*,*,#13093,.T.);
#13095=CARTESIAN_POINT('',(1415.5,-774.9627417,0.4));
#13096=VERTEX_POINT('',#13095);
#13097=CARTESIAN_POINT('',(1415.5,-793.0372583,0.4));
#13098=DIRECTION('',(0.,1.,0.));
#13099=VECTOR('',#13098,18.0745166);
#13100=LINE('',#13097,#13099);
#13101=EDGE_CURVE('',#13088,#13096,#13100,.T.);
#13102=ORIENTED_EDGE('',*,*,#13101,.T.);
#13103=CARTESIAN_POINT('',(1415.5,-776.376955262,1.4));
#13104=VERTEX_POINT('',#13103);
#13105=CARTESIAN_POINT('',(1415.5,-774.9627417,0.4));
#13106=DIRECTION('',(0.,-0.816496581,0.577350269));
#13107=VECTOR('',#13106,1.732050807);
#13108=LINE('',#13105,#13107);
#13109=EDGE_CURVE('',#13096,#13104,#13108,.T.);
#13110=ORIENTED_EDGE('',*,*,#13109,.T.);
#13111=CARTESIAN_POINT('',(1415.5,-776.376955262,1.4));
#13112=DIRECTION('',(-0.,-1.,-0.));
#13113=VECTOR('',#13112,15.246089476);
#13114=LINE('',#13111,#13113);
#13115=EDGE_CURVE('',#13104,#13086,#13114,.T.);
#13116=ORIENTED_EDGE('',*,*,#13115,.T.);
#13117=EDGE_LOOP('',(#13094,#13102,#13110,#13116));
#13118=FACE_BOUND('',#13117,.T.);
#13119=ADVANCED_FACE('',(#13118),#13084,.T.);
#13120=CARTESIAN_POINT('',(1415.5,-784.,1.4));
#13121=DIRECTION('',(-0.819231921,0.,-0.573462344));
#13122=DIRECTION('',(0.,-1.,0.));
#13123=AXIS2_PLACEMENT_3D('',#13120,#13121,#13122);
#13124=PLANE('',#13123);
#13125=CARTESIAN_POINT('',(1414.8,-777.076955262,2.4));
#13126=VERTEX_POINT('',#13125);
#13127=CARTESIAN_POINT('',(1414.8,-777.076955262,2.4));
#13128=DIRECTION('',(0.497468338,0.497468338,-0.710669055));
#13129=VECTOR('',#13128,1.407124728);
#13130=LINE('',#13127,#13129);
#13131=EDGE_CURVE('',#13126,#13104,#13130,.T.);
#13132=ORIENTED_EDGE('',*,*,#13131,.F.);
#13133=CARTESIAN_POINT('',(1414.8,-790.923044738,2.4));
#13134=VERTEX_POINT('',#13133);
#13135=CARTESIAN_POINT('',(1414.800000001,-777.076955262,2.4));
#13136=DIRECTION('',(0.,-1.,0.));
#13137=VECTOR('',#13136,13.846089476);
#13138=LINE('',#13135,#13137);
#13139=EDGE_CURVE('',#13126,#13134,#13138,.T.);
#13140=ORIENTED_EDGE('',*,*,#13139,.T.);
#13141=CARTESIAN_POINT('',(1415.5,-791.623044738,1.4));
#13142=DIRECTION('',(-0.497468338,0.497468338,0.710669055));
#13143=VECTOR('',#13142,1.407124728);
#13144=LINE('',#13141,#13143);
#13145=EDGE_CURVE('',#13086,#13134,#13144,.T.);
#13146=ORIENTED_EDGE('',*,*,#13145,.F.);
#13147=ORIENTED_EDGE('',*,*,#13115,.F.);
#13148=EDGE_LOOP('',(#13132,#13140,#13146,#13147));
#13149=FACE_BOUND('',#13148,.T.);
#13150=ADVANCED_FACE('',(#13149),#13124,.F.);
#13151=CARTESIAN_POINT('',(1414.8,-784.,6.8));
#13152=DIRECTION('',(1.,0.,0.));
#13153=DIRECTION('',(0.,1.,0.));
#13154=AXIS2_PLACEMENT_3D('',#13151,#13152,#13153);
#13155=PLANE('',#13154);
#13156=ORIENTED_EDGE('',*,*,#13139,.F.);
#13157=CARTESIAN_POINT('',(1414.8,-777.076955262,4.4));
#13158=VERTEX_POINT('',#13157);
#13159=CARTESIAN_POINT('',(1414.8,-777.076955262,4.4));
#13160=DIRECTION('',(-0.,-0.,-1.));
#13161=VECTOR('',#13160,2.);
#13162=LINE('',#13159,#13161);
#13163=EDGE_CURVE('',#13158,#13126,#13162,.T.);
#13164=ORIENTED_EDGE('',*,*,#13163,.F.);
#13165=CARTESIAN_POINT('',(1414.8,-790.923044738,4.4));
#13166=VERTEX_POINT('',#13165);
#13167=CARTESIAN_POINT('',(1414.8,-777.076955262,4.4));
#13168=DIRECTION('',(-0.,-1.,-0.));
#13169=VECTOR('',#13168,13.846089476);
#13170=LINE('',#13167,#13169);
#13171=EDGE_CURVE('',#13158,#13166,#13170,.T.);
#13172=ORIENTED_EDGE('',*,*,#13171,.T.);
#13173=CARTESIAN_POINT('',(1414.8,-790.923044738,4.4));
#13174=DIRECTION('',(-0.,-0.,-1.));
#13175=VECTOR('',#13174,2.);
#13176=LINE('',#13173,#13175);
#13177=EDGE_CURVE('',#13166,#13134,#13176,.T.);
#13178=ORIENTED_EDGE('',*,*,#13177,.T.);
#13179=EDGE_LOOP('',(#13156,#13164,#13172,#13178));
#13180=FACE_BOUND('',#13179,.T.);
#13181=ADVANCED_FACE('',(#13180),#13155,.T.);
#13182=CARTESIAN_POINT('',(1415.15,-791.273044738,6.8));
#13183=DIRECTION('',(0.707106781,0.707106781,0.));
#13184=DIRECTION('',(-0.707106781,0.707106781,0.));
#13185=AXIS2_PLACEMENT_3D('',#13182,#13183,#13184);
#13186=PLANE('',#13185);
#13187=ORIENTED_EDGE('',*,*,#12989,.T.);
#13188=CARTESIAN_POINT('',(1420.376955262,-796.5,1.4));
#13189=DIRECTION('',(-0.707106781,0.707106781,0.));
#13190=VECTOR('',#13189,6.897056275);
#13191=LINE('',#13188,#13190);
#13192=EDGE_CURVE('',#12962,#13086,#13191,.T.);
#13193=ORIENTED_EDGE('',*,*,#13192,.T.);
#13194=ORIENTED_EDGE('',*,*,#13145,.T.);
#13195=ORIENTED_EDGE('',*,*,#13177,.F.);
#13196=CARTESIAN_POINT('',(1415.5,-791.623044738,5.4));
#13197=VERTEX_POINT('',#13196);
#13198=CARTESIAN_POINT('',(1414.8,-790.923044738,4.4));
#13199=DIRECTION('',(0.497468338,-0.497468338,0.710669055));
#13200=VECTOR('',#13199,1.407124728);
#13201=LINE('',#13198,#13200);
#13202=EDGE_CURVE('',#13166,#13197,#13201,.T.);
#13203=ORIENTED_EDGE('',*,*,#13202,.T.);
#13204=CARTESIAN_POINT('',(1420.376955262,-796.5,5.4));
#13205=VERTEX_POINT('',#13204);
#13206=CARTESIAN_POINT('',(1415.5,-791.623044738,5.4));
#13207=DIRECTION('',(0.707106781,-0.707106781,-0.));
#13208=VECTOR('',#13207,6.897056275);
#13209=LINE('',#13206,#13208);
#13210=EDGE_CURVE('',#13197,#13205,#13209,.T.);
#13211=ORIENTED_EDGE('',*,*,#13210,.T.);
#13212=CARTESIAN_POINT('',(1420.376955262,-796.5,5.4));
#13213=DIRECTION('',(0.497468338,-0.497468338,-0.710669055));
#13214=VECTOR('',#13213,1.407124728);
#13215=LINE('',#13212,#13214);
#13216=EDGE_CURVE('',#13205,#13016,#13215,.T.);
#13217=ORIENTED_EDGE('',*,*,#13216,.T.);
#13218=ORIENTED_EDGE('',*,*,#13021,.T.);
#13219=EDGE_LOOP('',(#13187,#13193,#13194,#13195,#13203,#13211,#13217,#13218));
#13220=FACE_BOUND('',#13219,.T.);
#13221=ADVANCED_FACE('',(#13220),#13186,.T.);
#13222=CARTESIAN_POINT('',(1428.,-771.5,2.4));
#13223=DIRECTION('',(0.,-1.,0.));
#13224=DIRECTION('',(1.,0.,0.));
#13225=AXIS2_PLACEMENT_3D('',#13222,#13223,#13224);
#13226=PLANE('',#13225);
#13227=CARTESIAN_POINT('',(1420.376955262,-771.5,1.4));
#13228=VERTEX_POINT('',#13227);
#13229=CARTESIAN_POINT('',(1418.9627417,-771.5,0.4));
#13230=VERTEX_POINT('',#13229);
#13231=CARTESIAN_POINT('',(1420.376955262,-771.5,1.4));
#13232=DIRECTION('',(-0.816496581,0.,-0.577350269));
#13233=VECTOR('',#13232,1.732050807);
#13234=LINE('',#13231,#13233);
#13235=EDGE_CURVE('',#13228,#13230,#13234,.T.);
#13236=ORIENTED_EDGE('',*,*,#13235,.T.);
#13237=CARTESIAN_POINT('',(1437.0372583,-771.5,0.4));
#13238=VERTEX_POINT('',#13237);
#13239=CARTESIAN_POINT('',(1418.9627417,-771.5,0.4));
#13240=DIRECTION('',(1.,0.,-0.));
#13241=VECTOR('',#13240,18.0745166);
#13242=LINE('',#13239,#13241);
#13243=EDGE_CURVE('',#13230,#13238,#13242,.T.);
#13244=ORIENTED_EDGE('',*,*,#13243,.T.);
#13245=CARTESIAN_POINT('',(1437.0372583,-771.5,0.4));
#13246=DIRECTION('',(-0.816496581,0.,0.577350269));
#13247=VECTOR('',#13246,1.732050807);
#13248=LINE('',#13245,#13247);
#13249=EDGE_CURVE('',#13238,#12920,#13248,.T.);
#13250=ORIENTED_EDGE('',*,*,#13249,.T.);
#13251=CARTESIAN_POINT('',(1435.623044738,-771.5,1.4));
#13252=DIRECTION('',(-1.,-0.,0.));
#13253=VECTOR('',#13252,15.246089476);
#13254=LINE('',#13251,#13253);
#13255=EDGE_CURVE('',#12920,#13228,#13254,.T.);
#13256=ORIENTED_EDGE('',*,*,#13255,.T.);
#13257=EDGE_LOOP('',(#13236,#13244,#13250,#13256));
#13258=FACE_BOUND('',#13257,.T.);
#13259=ADVANCED_FACE('',(#13258),#13226,.T.);
#13260=CARTESIAN_POINT('',(1428.,-771.5,1.4));
#13261=DIRECTION('',(0.,0.819231921,-0.573462344));
#13262=DIRECTION('',(-1.,0.,0.));
#13263=AXIS2_PLACEMENT_3D('',#13260,#13261,#13262);
#13264=PLANE('',#13263);
#13265=ORIENTED_EDGE('',*,*,#12925,.F.);
#13266=CARTESIAN_POINT('',(1421.076955262,-770.8,2.4));
#13267=VERTEX_POINT('',#13266);
#13268=CARTESIAN_POINT('',(1434.923044738,-770.800000001,2.4));
#13269=DIRECTION('',(-1.,0.,0.));
#13270=VECTOR('',#13269,13.846089476);
#13271=LINE('',#13268,#13270);
#13272=EDGE_CURVE('',#12912,#13267,#13271,.T.);
#13273=ORIENTED_EDGE('',*,*,#13272,.T.);
#13274=CARTESIAN_POINT('',(1420.376955262,-771.5,1.4));
#13275=DIRECTION('',(0.497468338,0.497468338,0.710669055));
#13276=VECTOR('',#13275,1.407124728);
#13277=LINE('',#13274,#13276);
#13278=EDGE_CURVE('',#13228,#13267,#13277,.T.);
#13279=ORIENTED_EDGE('',*,*,#13278,.F.);
#13280=ORIENTED_EDGE('',*,*,#13255,.F.);
#13281=EDGE_LOOP('',(#13265,#13273,#13279,#13280));
#13282=FACE_BOUND('',#13281,.T.);
#13283=ADVANCED_FACE('',(#13282),#13264,.F.);
#13284=CARTESIAN_POINT('',(1428.,-770.8,6.8));
#13285=DIRECTION('',(0.,-1.,0.));
#13286=DIRECTION('',(1.,0.,0.));
#13287=AXIS2_PLACEMENT_3D('',#13284,#13285,#13286);
#13288=PLANE('',#13287);
#13289=ORIENTED_EDGE('',*,*,#13272,.F.);
#13290=ORIENTED_EDGE('',*,*,#12917,.F.);
#13291=CARTESIAN_POINT('',(1421.076955262,-770.8,4.4));
#13292=VERTEX_POINT('',#13291);
#13293=CARTESIAN_POINT('',(1434.923044738,-770.8,4.4));
#13294=DIRECTION('',(-1.,-0.,0.));
#13295=VECTOR('',#13294,13.846089476);
#13296=LINE('',#13293,#13295);
#13297=EDGE_CURVE('',#12904,#13292,#13296,.T.);
#13298=ORIENTED_EDGE('',*,*,#13297,.T.);
#13299=CARTESIAN_POINT('',(1421.076955262,-770.8,4.4));
#13300=DIRECTION('',(-0.,-0.,-1.));
#13301=VECTOR('',#13300,2.);
#13302=LINE('',#13299,#13301);
#13303=EDGE_CURVE('',#13292,#13267,#13302,.T.);
#13304=ORIENTED_EDGE('',*,*,#13303,.T.);
#13305=EDGE_LOOP('',(#13289,#13290,#13298,#13304));
#13306=FACE_BOUND('',#13305,.T.);
#13307=ADVANCED_FACE('',(#13306),#13288,.T.);
#13308=CARTESIAN_POINT('',(1420.726955262,-771.15,6.8));
#13309=DIRECTION('',(0.707106781,-0.707106781,0.));
#13310=DIRECTION('',(0.707106781,0.707106781,0.));
#13311=AXIS2_PLACEMENT_3D('',#13308,#13309,#13310);
#13312=PLANE('',#13311);
#13313=ORIENTED_EDGE('',*,*,#13131,.T.);
#13314=CARTESIAN_POINT('',(1415.5,-776.376955262,1.4));
#13315=DIRECTION('',(0.707106781,0.707106781,0.));
#13316=VECTOR('',#13315,6.897056275);
#13317=LINE('',#13314,#13316);
#13318=EDGE_CURVE('',#13104,#13228,#13317,.T.);
#13319=ORIENTED_EDGE('',*,*,#13318,.T.);
#13320=ORIENTED_EDGE('',*,*,#13278,.T.);
#13321=ORIENTED_EDGE('',*,*,#13303,.F.);
#13322=CARTESIAN_POINT('',(1420.376955262,-771.5,5.4));
#13323=VERTEX_POINT('',#13322);
#13324=CARTESIAN_POINT('',(1421.076955262,-770.8,4.4));
#13325=DIRECTION('',(-0.497468338,-0.497468338,0.710669055));
#13326=VECTOR('',#13325,1.407124728);
#13327=LINE('',#13324,#13326);
#13328=EDGE_CURVE('',#13292,#13323,#13327,.T.);
#13329=ORIENTED_EDGE('',*,*,#13328,.T.);
#13330=CARTESIAN_POINT('',(1415.5,-776.376955262,5.4));
#13331=VERTEX_POINT('',#13330);
#13332=CARTESIAN_POINT('',(1420.376955262,-771.5,5.4));
#13333=DIRECTION('',(-0.707106781,-0.707106781,-0.));
#13334=VECTOR('',#13333,6.897056275);
#13335=LINE('',#13332,#13334);
#13336=EDGE_CURVE('',#13323,#13331,#13335,.T.);
#13337=ORIENTED_EDGE('',*,*,#13336,.T.);
#13338=CARTESIAN_POINT('',(1415.5,-776.376955262,5.4));
#13339=DIRECTION('',(-0.497468338,-0.497468338,-0.710669055));
#13340=VECTOR('',#13339,1.407124728);
#13341=LINE('',#13338,#13340);
#13342=EDGE_CURVE('',#13331,#13158,#13341,.T.);
#13343=ORIENTED_EDGE('',*,*,#13342,.T.);
#13344=ORIENTED_EDGE('',*,*,#13163,.T.);
#13345=EDGE_LOOP('',(#13313,#13319,#13320,#13321,#13329,#13337,#13343,#13344));
#13346=FACE_BOUND('',#13345,.T.);
#13347=ADVANCED_FACE('',(#13346),#13312,.T.);
#13348=CARTESIAN_POINT('',(1440.5,-784.,4.4));
#13349=DIRECTION('',(-1.,0.,0.));
#13350=DIRECTION('',(0.,-1.,0.));
#13351=AXIS2_PLACEMENT_3D('',#13348,#13349,#13350);
#13352=PLANE('',#13351);
#13353=CARTESIAN_POINT('',(1440.5,-793.0372583,6.4));
#13354=VERTEX_POINT('',#13353);
#13355=CARTESIAN_POINT('',(1440.5,-791.623044738,5.4));
#13356=DIRECTION('',(0.,-0.816496581,0.577350269));
#13357=VECTOR('',#13356,1.732050807);
#13358=LINE('',#13355,#13357);
#13359=EDGE_CURVE('',#13054,#13354,#13358,.T.);
#13360=ORIENTED_EDGE('',*,*,#13359,.T.);
#13361=CARTESIAN_POINT('',(1440.5,-774.9627417,6.4));
#13362=VERTEX_POINT('',#13361);
#13363=CARTESIAN_POINT('',(1440.5,-793.0372583,6.4));
#13364=DIRECTION('',(-0.,1.,-0.));
#13365=VECTOR('',#13364,18.0745166);
#13366=LINE('',#13363,#13365);
#13367=EDGE_CURVE('',#13354,#13362,#13366,.T.);
#13368=ORIENTED_EDGE('',*,*,#13367,.T.);
#13369=CARTESIAN_POINT('',(1440.5,-774.9627417,6.4));
#13370=DIRECTION('',(0.,-0.816496581,-0.577350269));
#13371=VECTOR('',#13370,1.732050807);
#13372=LINE('',#13369,#13371);
#13373=EDGE_CURVE('',#13362,#12888,#13372,.T.);
#13374=ORIENTED_EDGE('',*,*,#13373,.T.);
#13375=CARTESIAN_POINT('',(1440.5,-776.376955262,5.4));
#13376=DIRECTION('',(0.,-1.,0.));
#13377=VECTOR('',#13376,15.246089476);
#13378=LINE('',#13375,#13377);
#13379=EDGE_CURVE('',#12888,#13054,#13378,.T.);
#13380=ORIENTED_EDGE('',*,*,#13379,.T.);
#13381=EDGE_LOOP('',(#13360,#13368,#13374,#13380));
#13382=FACE_BOUND('',#13381,.T.);
#13383=ADVANCED_FACE('',(#13382),#13352,.T.);
#13384=CARTESIAN_POINT('',(1440.5,-784.,5.4));
#13385=DIRECTION('',(-0.819231921,0.,-0.573462344));
#13386=DIRECTION('',(0.,1.,0.));
#13387=AXIS2_PLACEMENT_3D('',#13384,#13385,#13386);
#13388=PLANE('',#13387);
#13389=ORIENTED_EDGE('',*,*,#12893,.F.);
#13390=ORIENTED_EDGE('',*,*,#12871,.F.);
#13391=ORIENTED_EDGE('',*,*,#13065,.F.);
#13392=ORIENTED_EDGE('',*,*,#13379,.F.);
#13393=EDGE_LOOP('',(#13389,#13390,#13391,#13392));
#13394=FACE_BOUND('',#13393,.T.);
#13395=ADVANCED_FACE('',(#13394),#13388,.T.);
#13396=CARTESIAN_POINT('',(1428.,-796.5,4.4));
#13397=DIRECTION('',(0.,1.,0.));
#13398=DIRECTION('',(-1.,0.,0.));
#13399=AXIS2_PLACEMENT_3D('',#13396,#13397,#13398);
#13400=PLANE('',#13399);
#13401=CARTESIAN_POINT('',(1418.9627417,-796.5,6.4));
#13402=VERTEX_POINT('',#13401);
#13403=CARTESIAN_POINT('',(1420.376955262,-796.5,5.4));
#13404=DIRECTION('',(-0.816496581,0.,0.577350269));
#13405=VECTOR('',#13404,1.732050807);
#13406=LINE('',#13403,#13405);
#13407=EDGE_CURVE('',#13205,#13402,#13406,.T.);
#13408=ORIENTED_EDGE('',*,*,#13407,.T.);
#13409=CARTESIAN_POINT('',(1437.0372583,-796.5,6.4));
#13410=VERTEX_POINT('',#13409);
#13411=CARTESIAN_POINT('',(1418.9627417,-796.5,6.4));
#13412=DIRECTION('',(1.,-0.,-0.));
#13413=VECTOR('',#13412,18.0745166);
#13414=LINE('',#13411,#13413);
#13415=EDGE_CURVE('',#13402,#13410,#13414,.T.);
#13416=ORIENTED_EDGE('',*,*,#13415,.T.);
#13417=CARTESIAN_POINT('',(1437.0372583,-796.5,6.4));
#13418=DIRECTION('',(-0.816496581,0.,-0.577350269));
#13419=VECTOR('',#13418,1.732050807);
#13420=LINE('',#13417,#13419);
#13421=EDGE_CURVE('',#13410,#13046,#13420,.T.);
#13422=ORIENTED_EDGE('',*,*,#13421,.T.);
#13423=CARTESIAN_POINT('',(1435.623044738,-796.5,5.4));
#13424=DIRECTION('',(-1.,0.,0.));
#13425=VECTOR('',#13424,15.246089476);
#13426=LINE('',#13423,#13425);
#13427=EDGE_CURVE('',#13046,#13205,#13426,.T.);
#13428=ORIENTED_EDGE('',*,*,#13427,.T.);
#13429=EDGE_LOOP('',(#13408,#13416,#13422,#13428));
#13430=FACE_BOUND('',#13429,.T.);
#13431=ADVANCED_FACE('',(#13430),#13400,.T.);
#13432=CARTESIAN_POINT('',(1428.,-796.5,5.4));
#13433=DIRECTION('',(0.,0.819231921,-0.573462344));
#13434=DIRECTION('',(1.,0.,0.));
#13435=AXIS2_PLACEMENT_3D('',#13432,#13433,#13434);
#13436=PLANE('',#13435);
#13437=ORIENTED_EDGE('',*,*,#13051,.F.);
#13438=ORIENTED_EDGE('',*,*,#13029,.F.);
#13439=ORIENTED_EDGE('',*,*,#13216,.F.);
#13440=ORIENTED_EDGE('',*,*,#13427,.F.);
#13441=EDGE_LOOP('',(#13437,#13438,#13439,#13440));
#13442=FACE_BOUND('',#13441,.T.);
#13443=ADVANCED_FACE('',(#13442),#13436,.T.);
#13444=CARTESIAN_POINT('',(1415.5,-784.,4.4));
#13445=DIRECTION('',(1.,0.,0.));
#13446=DIRECTION('',(0.,1.,0.));
#13447=AXIS2_PLACEMENT_3D('',#13444,#13445,#13446);
#13448=PLANE('',#13447);
#13449=CARTESIAN_POINT('',(1415.5,-774.9627417,6.4));
#13450=VERTEX_POINT('',#13449);
#13451=CARTESIAN_POINT('',(1415.5,-776.376955262,5.4));
#13452=DIRECTION('',(0.,0.816496581,0.577350269));
#13453=VECTOR('',#13452,1.732050807);
#13454=LINE('',#13451,#13453);
#13455=EDGE_CURVE('',#13331,#13450,#13454,.T.);
#13456=ORIENTED_EDGE('',*,*,#13455,.T.);
#13457=CARTESIAN_POINT('',(1415.5,-793.0372583,6.4));
#13458=VERTEX_POINT('',#13457);
#13459=CARTESIAN_POINT('',(1415.5,-774.9627417,6.4));
#13460=DIRECTION('',(-0.,-1.,-0.));
#13461=VECTOR('',#13460,18.0745166);
#13462=LINE('',#13459,#13461);
#13463=EDGE_CURVE('',#13450,#13458,#13462,.T.);
#13464=ORIENTED_EDGE('',*,*,#13463,.T.);
#13465=CARTESIAN_POINT('',(1415.5,-793.0372583,6.4));
#13466=DIRECTION('',(0.,0.816496581,-0.577350269));
#13467=VECTOR('',#13466,1.732050807);
#13468=LINE('',#13465,#13467);
#13469=EDGE_CURVE('',#13458,#13197,#13468,.T.);
#13470=ORIENTED_EDGE('',*,*,#13469,.T.);
#13471=CARTESIAN_POINT('',(1415.5,-791.623044738,5.4));
#13472=DIRECTION('',(0.,1.,0.));
#13473=VECTOR('',#13472,15.246089476);
#13474=LINE('',#13471,#13473);
#13475=EDGE_CURVE('',#13197,#13331,#13474,.T.);
#13476=ORIENTED_EDGE('',*,*,#13475,.T.);
#13477=EDGE_LOOP('',(#13456,#13464,#13470,#13476));
#13478=FACE_BOUND('',#13477,.T.);
#13479=ADVANCED_FACE('',(#13478),#13448,.T.);
#13480=CARTESIAN_POINT('',(1415.5,-784.,5.4));
#13481=DIRECTION('',(0.819231921,0.,-0.573462344));
#13482=DIRECTION('',(0.,-1.,0.));
#13483=AXIS2_PLACEMENT_3D('',#13480,#13481,#13482);
#13484=PLANE('',#13483);
#13485=ORIENTED_EDGE('',*,*,#13202,.F.);
#13486=ORIENTED_EDGE('',*,*,#13171,.F.);
#13487=ORIENTED_EDGE('',*,*,#13342,.F.);
#13488=ORIENTED_EDGE('',*,*,#13475,.F.);
#13489=EDGE_LOOP('',(#13485,#13486,#13487,#13488));
#13490=FACE_BOUND('',#13489,.T.);
#13491=ADVANCED_FACE('',(#13490),#13484,.T.);
#13492=CARTESIAN_POINT('',(1428.,-771.5,4.4));
#13493=DIRECTION('',(0.,-1.,0.));
#13494=DIRECTION('',(1.,0.,0.));
#13495=AXIS2_PLACEMENT_3D('',#13492,#13493,#13494);
#13496=PLANE('',#13495);
#13497=CARTESIAN_POINT('',(1437.0372583,-771.5,6.4));
#13498=VERTEX_POINT('',#13497);
#13499=CARTESIAN_POINT('',(1435.623044738,-771.5,5.4));
#13500=DIRECTION('',(0.816496581,0.,0.577350269));
#13501=VECTOR('',#13500,1.732050807);
#13502=LINE('',#13499,#13501);
#13503=EDGE_CURVE('',#12896,#13498,#13502,.T.);
#13504=ORIENTED_EDGE('',*,*,#13503,.T.);
#13505=CARTESIAN_POINT('',(1418.9627417,-771.5,6.4));
#13506=VERTEX_POINT('',#13505);
#13507=CARTESIAN_POINT('',(1437.0372583,-771.5,6.4));
#13508=DIRECTION('',(-1.,-0.,0.));
#13509=VECTOR('',#13508,18.0745166);
#13510=LINE('',#13507,#13509);
#13511=EDGE_CURVE('',#13498,#13506,#13510,.T.);
#13512=ORIENTED_EDGE('',*,*,#13511,.T.);
#13513=CARTESIAN_POINT('',(1418.9627417,-771.5,6.4));
#13514=DIRECTION('',(0.816496581,0.,-0.577350269));
#13515=VECTOR('',#13514,1.732050807);
#13516=LINE('',#13513,#13515);
#13517=EDGE_CURVE('',#13506,#13323,#13516,.T.);
#13518=ORIENTED_EDGE('',*,*,#13517,.T.);
#13519=CARTESIAN_POINT('',(1420.376955262,-771.5,5.4));
#13520=DIRECTION('',(1.,0.,-0.));
#13521=VECTOR('',#13520,15.246089476);
#13522=LINE('',#13519,#13521);
#13523=EDGE_CURVE('',#13323,#12896,#13522,.T.);
#13524=ORIENTED_EDGE('',*,*,#13523,.T.);
#13525=EDGE_LOOP('',(#13504,#13512,#13518,#13524));
#13526=FACE_BOUND('',#13525,.T.);
#13527=ADVANCED_FACE('',(#13526),#13496,.T.);
#13528=CARTESIAN_POINT('',(1428.,-771.5,5.4));
#13529=DIRECTION('',(0.,-0.819231921,-0.573462344));
#13530=DIRECTION('',(-1.,0.,0.));
#13531=AXIS2_PLACEMENT_3D('',#13528,#13529,#13530);
#13532=PLANE('',#13531);
#13533=ORIENTED_EDGE('',*,*,#13328,.F.);
#13534=ORIENTED_EDGE('',*,*,#13297,.F.);
#13535=ORIENTED_EDGE('',*,*,#12909,.F.);
#13536=ORIENTED_EDGE('',*,*,#13523,.F.);
#13537=EDGE_LOOP('',(#13533,#13534,#13535,#13536));
#13538=FACE_BOUND('',#13537,.T.);
#13539=ADVANCED_FACE('',(#13538),#13532,.T.);
#13540=CARTESIAN_POINT('',(1416.948528137,-772.948528137,0.));
#13541=DIRECTION('',(0.5,-0.5,-0.707106781));
#13542=DIRECTION('',(0.707106781,0.707106781,0.));
#13543=AXIS2_PLACEMENT_3D('',#13540,#13541,#13542);
#13544=PLANE('',#13543);
#13545=ORIENTED_EDGE('',*,*,#13235,.F.);
#13546=ORIENTED_EDGE('',*,*,#13318,.F.);
#13547=ORIENTED_EDGE('',*,*,#13109,.F.);
#13548=CARTESIAN_POINT('',(1415.5,-774.9627417,0.4));
#13549=DIRECTION('',(-0.678598344,0.281084638,-0.678598345));
#13550=VECTOR('',#13549,0.589450303);
#13551=LINE('',#13548,#13550);
#13552=EDGE_CURVE('',#13096,#611,#13551,.T.);
#13553=ORIENTED_EDGE('',*,*,#13552,.T.);
#13554=ORIENTED_EDGE('',*,*,#616,.F.);
#13555=CARTESIAN_POINT('',(1418.797056275,-771.1,0.));
#13556=DIRECTION('',(0.281084638,-0.678598344,0.678598345));
#13557=VECTOR('',#13556,0.589450303);
#13558=LINE('',#13555,#13557);
#13559=EDGE_CURVE('',#603,#13230,#13558,.T.);
#13560=ORIENTED_EDGE('',*,*,#13559,.T.);
#13561=EDGE_LOOP('',(#13545,#13546,#13547,#13553,#13554,#13560));
#13562=FACE_BOUND('',#13561,.T.);
#13563=ADVANCED_FACE('',(#13562),#13544,.T.);
#13564=CARTESIAN_POINT('',(1420.726955262,-771.15,5.4));
#13565=DIRECTION('',(-0.5,0.5,-0.707106781));
#13566=DIRECTION('',(-0.707106781,-0.707106781,0.));
#13567=AXIS2_PLACEMENT_3D('',#13564,#13565,#13566);
#13568=PLANE('',#13567);
#13569=ORIENTED_EDGE('',*,*,#13517,.F.);
#13570=CARTESIAN_POINT('',(1418.9627417,-771.5,6.4));
#13571=DIRECTION('',(-0.281084638,0.678598344,0.678598345));
#13572=VECTOR('',#13571,0.589450303);
#13573=LINE('',#13570,#13572);
#13574=EDGE_CURVE('',#13506,#2417,#13573,.T.);
#13575=ORIENTED_EDGE('',*,*,#13574,.T.);
#13576=ORIENTED_EDGE('',*,*,#2422,.F.);
#13577=CARTESIAN_POINT('',(1415.1,-774.797056275,6.8));
#13578=DIRECTION('',(0.678598344,-0.281084638,-0.678598345));
#13579=VECTOR('',#13578,0.589450303);
#13580=LINE('',#13577,#13579);
#13581=EDGE_CURVE('',#2409,#13450,#13580,.T.);
#13582=ORIENTED_EDGE('',*,*,#13581,.T.);
#13583=ORIENTED_EDGE('',*,*,#13455,.F.);
#13584=ORIENTED_EDGE('',*,*,#13336,.F.);
#13585=EDGE_LOOP('',(#13569,#13575,#13576,#13582,#13583,#13584));
#13586=FACE_BOUND('',#13585,.T.);
#13587=ADVANCED_FACE('',(#13586),#13568,.F.);
#13588=CARTESIAN_POINT('',(1435.273044738,-796.85,5.4));
#13589=DIRECTION('',(0.5,-0.5,-0.707106781));
#13590=DIRECTION('',(0.707106781,0.707106781,0.));
#13591=AXIS2_PLACEMENT_3D('',#13588,#13589,#13590);
#13592=PLANE('',#13591);
#13593=ORIENTED_EDGE('',*,*,#13421,.F.);
#13594=CARTESIAN_POINT('',(1437.0372583,-796.5,6.4));
#13595=DIRECTION('',(0.281084638,-0.678598344,0.678598345));
#13596=VECTOR('',#13595,0.589450303);
#13597=LINE('',#13594,#13596);
#13598=EDGE_CURVE('',#13410,#2449,#13597,.T.);
#13599=ORIENTED_EDGE('',*,*,#13598,.T.);
#13600=ORIENTED_EDGE('',*,*,#2454,.F.);
#13601=CARTESIAN_POINT('',(1440.9,-793.202943725,6.8));
#13602=DIRECTION('',(-0.678598344,0.281084638,-0.678598345));
#13603=VECTOR('',#13602,0.589450303);
#13604=LINE('',#13601,#13603);
#13605=EDGE_CURVE('',#2441,#13354,#13604,.T.);
#13606=ORIENTED_EDGE('',*,*,#13605,.T.);
#13607=ORIENTED_EDGE('',*,*,#13359,.F.);
#13608=ORIENTED_EDGE('',*,*,#13059,.F.);
#13609=EDGE_LOOP('',(#13593,#13599,#13600,#13606,#13607,#13608));
#13610=FACE_BOUND('',#13609,.T.);
#13611=ADVANCED_FACE('',(#13610),#13592,.F.);
#13612=CARTESIAN_POINT('',(1416.948528137,-795.051471863,0.));
#13613=DIRECTION('',(0.5,0.5,-0.707106781));
#13614=DIRECTION('',(-0.707106781,0.707106781,0.));
#13615=AXIS2_PLACEMENT_3D('',#13612,#13613,#13614);
#13616=PLANE('',#13615);
#13617=ORIENTED_EDGE('',*,*,#13093,.F.);
#13618=ORIENTED_EDGE('',*,*,#13192,.F.);
#13619=ORIENTED_EDGE('',*,*,#12967,.F.);
#13620=CARTESIAN_POINT('',(1418.9627417,-796.5,0.4));
#13621=DIRECTION('',(-0.281084638,-0.678598344,-0.678598345));
#13622=VECTOR('',#13621,0.589450303);
#13623=LINE('',#13620,#13622);
#13624=EDGE_CURVE('',#12954,#627,#13623,.T.);
#13625=ORIENTED_EDGE('',*,*,#13624,.T.);
#13626=ORIENTED_EDGE('',*,*,#632,.F.);
#13627=CARTESIAN_POINT('',(1415.1,-793.202943725,0.));
#13628=DIRECTION('',(0.678598344,0.281084638,0.678598345));
#13629=VECTOR('',#13628,0.589450303);
#13630=LINE('',#13627,#13629);
#13631=EDGE_CURVE('',#619,#13088,#13630,.T.);
#13632=ORIENTED_EDGE('',*,*,#13631,.T.);
#13633=EDGE_LOOP('',(#13617,#13618,#13619,#13625,#13626,#13632));
#13634=FACE_BOUND('',#13633,.T.);
#13635=ADVANCED_FACE('',(#13634),#13616,.T.);
#13636=CARTESIAN_POINT('',(1440.85,-776.726955262,5.4));
#13637=DIRECTION('',(0.5,0.5,-0.707106781));
#13638=DIRECTION('',(-0.707106781,0.707106781,0.));
#13639=AXIS2_PLACEMENT_3D('',#13636,#13637,#13638);
#13640=PLANE('',#13639);
#13641=ORIENTED_EDGE('',*,*,#13373,.F.);
#13642=CARTESIAN_POINT('',(1440.5,-774.9627417,6.4));
#13643=DIRECTION('',(0.678598344,0.281084638,0.678598345));
#13644=VECTOR('',#13643,0.589450303);
#13645=LINE('',#13642,#13644);
#13646=EDGE_CURVE('',#13362,#2433,#13645,.T.);
#13647=ORIENTED_EDGE('',*,*,#13646,.T.);
#13648=ORIENTED_EDGE('',*,*,#2438,.F.);
#13649=CARTESIAN_POINT('',(1437.202943725,-771.1,6.8));
#13650=DIRECTION('',(-0.281084638,-0.678598344,-0.678598345));
#13651=VECTOR('',#13650,0.589450303);
#13652=LINE('',#13649,#13651);
#13653=EDGE_CURVE('',#2425,#13498,#13652,.T.);
#13654=ORIENTED_EDGE('',*,*,#13653,.T.);
#13655=ORIENTED_EDGE('',*,*,#13503,.F.);
#13656=ORIENTED_EDGE('',*,*,#12901,.F.);
#13657=EDGE_LOOP('',(#13641,#13647,#13648,#13654,#13655,#13656));
#13658=FACE_BOUND('',#13657,.T.);
#13659=ADVANCED_FACE('',(#13658),#13640,.F.);
#13660=CARTESIAN_POINT('',(1439.051471863,-795.051471863,0.));
#13661=DIRECTION('',(-0.5,0.5,-0.707106781));
#13662=DIRECTION('',(-0.707106781,-0.707106781,0.));
#13663=AXIS2_PLACEMENT_3D('',#13660,#13661,#13662);
#13664=PLANE('',#13663);
#13665=ORIENTED_EDGE('',*,*,#12951,.F.);
#13666=ORIENTED_EDGE('',*,*,#13073,.F.);
#13667=ORIENTED_EDGE('',*,*,#12809,.F.);
#13668=CARTESIAN_POINT('',(1440.5,-793.0372583,0.4));
#13669=DIRECTION('',(0.678598344,-0.281084638,-0.678598345));
#13670=VECTOR('',#13669,0.589450303);
#13671=LINE('',#13668,#13670);
#13672=EDGE_CURVE('',#12796,#643,#13671,.T.);
#13673=ORIENTED_EDGE('',*,*,#13672,.T.);
#13674=ORIENTED_EDGE('',*,*,#648,.F.);
#13675=CARTESIAN_POINT('',(1437.202943725,-796.9,0.));
#13676=DIRECTION('',(-0.281084638,0.678598344,0.678598345));
#13677=VECTOR('',#13676,0.589450303);
#13678=LINE('',#13675,#13677);
#13679=EDGE_CURVE('',#635,#12946,#13678,.T.);
#13680=ORIENTED_EDGE('',*,*,#13679,.T.);
#13681=EDGE_LOOP('',(#13665,#13666,#13667,#13673,#13674,#13680));
#13682=FACE_BOUND('',#13681,.T.);
#13683=ADVANCED_FACE('',(#13682),#13664,.T.);
#13684=CARTESIAN_POINT('',(1439.051471863,-772.948528137,0.));
#13685=DIRECTION('',(-0.5,-0.5,-0.707106781));
#13686=DIRECTION('',(0.707106781,-0.707106781,0.));
#13687=AXIS2_PLACEMENT_3D('',#13684,#13685,#13686);
#13688=PLANE('',#13687);
#13689=ORIENTED_EDGE('',*,*,#12793,.F.);
#13690=ORIENTED_EDGE('',*,*,#12931,.F.);
#13691=ORIENTED_EDGE('',*,*,#13249,.F.);
#13692=CARTESIAN_POINT('',(1437.0372583,-771.5,0.4));
#13693=DIRECTION('',(0.281084638,0.678598344,-0.678598345));
#13694=VECTOR('',#13693,0.589450303);
#13695=LINE('',#13692,#13694);
#13696=EDGE_CURVE('',#13238,#601,#13695,.T.);
#13697=ORIENTED_EDGE('',*,*,#13696,.T.);
#13698=ORIENTED_EDGE('',*,*,#662,.F.);
#13699=CARTESIAN_POINT('',(1440.9,-774.797056275,0.));
#13700=DIRECTION('',(-0.678598344,-0.281084638,0.678598345));
#13701=VECTOR('',#13700,0.589450303);
#13702=LINE('',#13699,#13701);
#13703=EDGE_CURVE('',#651,#12788,#13702,.T.);
#13704=ORIENTED_EDGE('',*,*,#13703,.T.);
#13705=EDGE_LOOP('',(#13689,#13690,#13691,#13697,#13698,#13704));
#13706=FACE_BOUND('',#13705,.T.);
#13707=ADVANCED_FACE('',(#13706),#13688,.T.);
#13708=CARTESIAN_POINT('',(1415.15,-791.273044738,5.4));
#13709=DIRECTION('',(-0.5,-0.5,-0.707106781));
#13710=DIRECTION('',(0.707106781,-0.707106781,0.));
#13711=AXIS2_PLACEMENT_3D('',#13708,#13709,#13710);
#13712=PLANE('',#13711);
#13713=ORIENTED_EDGE('',*,*,#13469,.F.);
#13714=CARTESIAN_POINT('',(1415.5,-793.0372583,6.4));
#13715=DIRECTION('',(-0.678598344,-0.281084638,0.678598345));
#13716=VECTOR('',#13715,0.589450303);
#13717=LINE('',#13714,#13716);
#13718=EDGE_CURVE('',#13458,#2407,#13717,.T.);
#13719=ORIENTED_EDGE('',*,*,#13718,.T.);
#13720=ORIENTED_EDGE('',*,*,#2468,.F.);
#13721=CARTESIAN_POINT('',(1418.797056275,-796.9,6.8));
#13722=DIRECTION('',(0.281084638,0.678598344,-0.678598345));
#13723=VECTOR('',#13722,0.589450303);
#13724=LINE('',#13721,#13723);
#13725=EDGE_CURVE('',#2457,#13402,#13724,.T.);
#13726=ORIENTED_EDGE('',*,*,#13725,.T.);
#13727=ORIENTED_EDGE('',*,*,#13407,.F.);
#13728=ORIENTED_EDGE('',*,*,#13210,.F.);
#13729=EDGE_LOOP('',(#13713,#13719,#13720,#13726,#13727,#13728));
#13730=FACE_BOUND('',#13729,.T.);
#13731=ADVANCED_FACE('',(#13730),#13712,.F.);
#13732=CARTESIAN_POINT('',(1415.1,-784.,6.8));
#13733=DIRECTION('',(-0.707106781,0.,-0.707106781));
#13734=DIRECTION('',(0.,1.,0.));
#13735=AXIS2_PLACEMENT_3D('',#13732,#13733,#13734);
#13736=PLANE('',#13735);
#13737=ORIENTED_EDGE('',*,*,#13718,.F.);
#13738=ORIENTED_EDGE('',*,*,#13463,.F.);
#13739=ORIENTED_EDGE('',*,*,#13581,.F.);
#13740=ORIENTED_EDGE('',*,*,#2414,.F.);
#13741=EDGE_LOOP('',(#13737,#13738,#13739,#13740));
#13742=FACE_BOUND('',#13741,.T.);
#13743=ADVANCED_FACE('',(#13742),#13736,.F.);
#13744=CARTESIAN_POINT('',(1428.,-771.1,0.));
#13745=DIRECTION('',(0.,-0.707106781,-0.707106781));
#13746=DIRECTION('',(1.,0.,0.));
#13747=AXIS2_PLACEMENT_3D('',#13744,#13745,#13746);
#13748=PLANE('',#13747);
#13749=ORIENTED_EDGE('',*,*,#13696,.F.);
#13750=ORIENTED_EDGE('',*,*,#13243,.F.);
#13751=ORIENTED_EDGE('',*,*,#13559,.F.);
#13752=ORIENTED_EDGE('',*,*,#608,.F.);
#13753=EDGE_LOOP('',(#13749,#13750,#13751,#13752));
#13754=FACE_BOUND('',#13753,.T.);
#13755=ADVANCED_FACE('',(#13754),#13748,.T.);
#13756=CARTESIAN_POINT('',(1440.9,-784.,0.));
#13757=DIRECTION('',(-0.707106781,0.,-0.707106781));
#13758=DIRECTION('',(0.,-1.,0.));
#13759=AXIS2_PLACEMENT_3D('',#13756,#13757,#13758);
#13760=PLANE('',#13759);
#13761=ORIENTED_EDGE('',*,*,#13672,.F.);
#13762=ORIENTED_EDGE('',*,*,#12801,.F.);
#13763=ORIENTED_EDGE('',*,*,#13703,.F.);
#13764=ORIENTED_EDGE('',*,*,#656,.F.);
#13765=EDGE_LOOP('',(#13761,#13762,#13763,#13764));
#13766=FACE_BOUND('',#13765,.T.);
#13767=ADVANCED_FACE('',(#13766),#13760,.T.);
#13768=CARTESIAN_POINT('',(1428.,-796.9,6.8));
#13769=DIRECTION('',(0.,-0.707106781,-0.707106781));
#13770=DIRECTION('',(-1.,0.,0.));
#13771=AXIS2_PLACEMENT_3D('',#13768,#13769,#13770);
#13772=PLANE('',#13771);
#13773=ORIENTED_EDGE('',*,*,#13598,.F.);
#13774=ORIENTED_EDGE('',*,*,#13415,.F.);
#13775=ORIENTED_EDGE('',*,*,#13725,.F.);
#13776=ORIENTED_EDGE('',*,*,#2462,.F.);
#13777=EDGE_LOOP('',(#13773,#13774,#13775,#13776));
#13778=FACE_BOUND('',#13777,.T.);
#13779=ADVANCED_FACE('',(#13778),#13772,.F.);
#13780=CARTESIAN_POINT('',(1440.9,-784.,6.8));
#13781=DIRECTION('',(0.707106781,0.,-0.707106781));
#13782=DIRECTION('',(0.,-1.,0.));
#13783=AXIS2_PLACEMENT_3D('',#13780,#13781,#13782);
#13784=PLANE('',#13783);
#13785=ORIENTED_EDGE('',*,*,#13646,.F.);
#13786=ORIENTED_EDGE('',*,*,#13367,.F.);
#13787=ORIENTED_EDGE('',*,*,#13605,.F.);
#13788=ORIENTED_EDGE('',*,*,#2446,.F.);
#13789=EDGE_LOOP('',(#13785,#13786,#13787,#13788));
#13790=FACE_BOUND('',#13789,.T.);
#13791=ADVANCED_FACE('',(#13790),#13784,.F.);
#13792=CARTESIAN_POINT('',(1428.,-771.1,6.8));
#13793=DIRECTION('',(0.,0.707106781,-0.707106781));
#13794=DIRECTION('',(1.,0.,0.));
#13795=AXIS2_PLACEMENT_3D('',#13792,#13793,#13794);
#13796=PLANE('',#13795);
#13797=ORIENTED_EDGE('',*,*,#13574,.F.);
#13798=ORIENTED_EDGE('',*,*,#13511,.F.);
#13799=ORIENTED_EDGE('',*,*,#13653,.F.);
#13800=ORIENTED_EDGE('',*,*,#2430,.F.);
#13801=EDGE_LOOP('',(#13797,#13798,#13799,#13800));
#13802=FACE_BOUND('',#13801,.T.);
#13803=ADVANCED_FACE('',(#13802),#13796,.F.);
#13804=CARTESIAN_POINT('',(1415.1,-784.,0.));
#13805=DIRECTION('',(0.707106781,0.,-0.707106781));
#13806=DIRECTION('',(0.,1.,0.));
#13807=AXIS2_PLACEMENT_3D('',#13804,#13805,#13806);
#13808=PLANE('',#13807);
#13809=ORIENTED_EDGE('',*,*,#13552,.F.);
#13810=ORIENTED_EDGE('',*,*,#13101,.F.);
#13811=ORIENTED_EDGE('',*,*,#13631,.F.);
#13812=ORIENTED_EDGE('',*,*,#624,.F.);
#13813=EDGE_LOOP('',(#13809,#13810,#13811,#13812));
#13814=FACE_BOUND('',#13813,.T.);
#13815=ADVANCED_FACE('',(#13814),#13808,.T.);
#13816=CARTESIAN_POINT('',(1428.,-796.9,0.));
#13817=DIRECTION('',(0.,0.707106781,-0.707106781));
#13818=DIRECTION('',(-1.,0.,0.));
#13819=AXIS2_PLACEMENT_3D('',#13816,#13817,#13818);
#13820=PLANE('',#13819);
#13821=ORIENTED_EDGE('',*,*,#13624,.F.);
#13822=ORIENTED_EDGE('',*,*,#12959,.F.);
#13823=ORIENTED_EDGE('',*,*,#13679,.F.);
#13824=ORIENTED_EDGE('',*,*,#640,.F.);
#13825=EDGE_LOOP('',(#13821,#13822,#13823,#13824));
#13826=FACE_BOUND('',#13825,.T.);
#13827=ADVANCED_FACE('',(#13826),#13820,.T.);
#13828=CARTESIAN_POINT('',(1440.63706751,-772.1,4.6));
#13829=DIRECTION('',(0.,0.,-1.));
#13830=DIRECTION('',(-1.,0.,0.));
#13831=AXIS2_PLACEMENT_3D('',#13828,#13829,#13830);
#13832=CYLINDRICAL_SURFACE('',#13831,0.5);
#13833=ORIENTED_EDGE('',*,*,#12621,.T.);
#13834=CARTESIAN_POINT('',(1440.843880461,-772.555223465,4.6));
#13835=DIRECTION('',(0.,0.,-1.));
#13836=VECTOR('',#13835,2.4);
#13837=LINE('',#13834,#13836);
#13838=EDGE_CURVE('',#12606,#12656,#13837,.T.);
#13839=ORIENTED_EDGE('',*,*,#13838,.T.);
#13840=ORIENTED_EDGE('',*,*,#12662,.T.);
#13841=CARTESIAN_POINT('',(1440.63706751,-772.6,2.2));
#13842=DIRECTION('',(-0.,-0.,1.));
#13843=VECTOR('',#13842,2.4);
#13844=LINE('',#13841,#13843);
#13845=EDGE_CURVE('',#12648,#12615,#13844,.T.);
#13846=ORIENTED_EDGE('',*,*,#13845,.T.);
#13847=EDGE_LOOP('',(#13833,#13839,#13840,#13846));
#13848=FACE_BOUND('',#13847,.T.);
#13849=ADVANCED_FACE('',(#13848),#13832,.F.);
#13850=CARTESIAN_POINT('',(1440.125,-772.6,4.6));
#13851=DIRECTION('',(0.,1.,0.));
#13852=DIRECTION('',(0.,0.,1.));
#13853=AXIS2_PLACEMENT_3D('',#13850,#13851,#13852);
#13854=PLANE('',#13853);
#13855=ORIENTED_EDGE('',*,*,#12653,.F.);
#13856=CARTESIAN_POINT('',(1439.5,-772.6,4.6));
#13857=DIRECTION('',(0.,0.,-1.));
#13858=VECTOR('',#13857,2.4);
#13859=LINE('',#13856,#13858);
#13860=EDGE_CURVE('',#12553,#12639,#13859,.T.);
#13861=ORIENTED_EDGE('',*,*,#13860,.F.);
#13862=ORIENTED_EDGE('',*,*,#12627,.T.);
#13863=ORIENTED_EDGE('',*,*,#13845,.F.);
#13864=EDGE_LOOP('',(#13855,#13861,#13862,#13863));
#13865=FACE_BOUND('',#13864,.T.);
#13866=ADVANCED_FACE('',(#13865),#13854,.T.);
#13867=CARTESIAN_POINT('',(1442.,-775.1,4.6));
#13868=DIRECTION('',(0.,0.,-1.));
#13869=DIRECTION('',(-1.,0.,0.));
#13870=AXIS2_PLACEMENT_3D('',#13867,#13868,#13869);
#13871=CYLINDRICAL_SURFACE('',#13870,2.795084972);
#13872=ORIENTED_EDGE('',*,*,#12612,.F.);
#13873=CARTESIAN_POINT('',(1441.725442863,-772.318432388,2.2));
#13874=DIRECTION('',(-0.,-0.,1.));
#13875=VECTOR('',#13874,2.4);
#13876=LINE('',#13873,#13875);
#13877=EDGE_CURVE('',#12665,#12597,#13876,.T.);
#13878=ORIENTED_EDGE('',*,*,#13877,.F.);
#13879=ORIENTED_EDGE('',*,*,#12671,.T.);
#13880=ORIENTED_EDGE('',*,*,#13838,.F.);
#13881=EDGE_LOOP('',(#13872,#13878,#13879,#13880));
#13882=FACE_BOUND('',#13881,.T.);
#13883=ADVANCED_FACE('',(#13882),#13871,.T.);
#13884=CARTESIAN_POINT('',(1441.75,-772.567223359,4.6));
#13885=DIRECTION('',(0.,0.,-1.));
#13886=DIRECTION('',(-1.,0.,0.));
#13887=AXIS2_PLACEMENT_3D('',#13884,#13885,#13886);
#13888=CYLINDRICAL_SURFACE('',#13887,0.25);
#13889=ORIENTED_EDGE('',*,*,#12603,.T.);
#13890=ORIENTED_EDGE('',*,*,#10391,.T.);
#13891=ORIENTED_EDGE('',*,*,#12678,.T.);
#13892=ORIENTED_EDGE('',*,*,#13877,.T.);
#13893=EDGE_LOOP('',(#13889,#13890,#13891,#13892));
#13894=FACE_BOUND('',#13893,.T.);
#13895=ADVANCED_FACE('',(#13894),#13888,.T.);
#13896=CARTESIAN_POINT('',(1439.5,-798.,4.6));
#13897=DIRECTION('',(0.,0.,-1.));
#13898=DIRECTION('',(-1.,0.,0.));
#13899=AXIS2_PLACEMENT_3D('',#13896,#13897,#13898);
#13900=CYLINDRICAL_SURFACE('',#13899,2.6);
#13901=CARTESIAN_POINT('',(1436.9,-798.,2.2));
#13902=VERTEX_POINT('',#13901);
#13903=CARTESIAN_POINT('',(1436.9,-798.,4.6));
#13904=VERTEX_POINT('',#13903);
#13905=CARTESIAN_POINT('',(1436.9,-798.,2.2));
#13906=DIRECTION('',(-0.,-0.,1.));
#13907=VECTOR('',#13906,2.4);
#13908=LINE('',#13905,#13907);
#13909=EDGE_CURVE('',#13902,#13904,#13908,.T.);
#13910=ORIENTED_EDGE('',*,*,#13909,.F.);
#13911=CARTESIAN_POINT('',(1439.5,-795.4,2.2));
#13912=VERTEX_POINT('',#13911);
#13913=CARTESIAN_POINT('',(1439.5,-798.,2.2));
#13914=DIRECTION('',(-0.,-0.,1.));
#13915=DIRECTION('',(-1.,0.,0.));
#13916=AXIS2_PLACEMENT_3D('',#13913,#13914,#13915);
#13917=CIRCLE('',#13916,2.6);
#13918=EDGE_CURVE('',#13912,#13902,#13917,.T.);
#13919=ORIENTED_EDGE('',*,*,#13918,.F.);
#13920=CARTESIAN_POINT('',(1439.5,-795.4,4.6));
#13921=VERTEX_POINT('',#13920);
#13922=CARTESIAN_POINT('',(1439.5,-795.4,4.6));
#13923=DIRECTION('',(-0.,-0.,-1.));
#13924=VECTOR('',#13923,2.4);
#13925=LINE('',#13922,#13924);
#13926=EDGE_CURVE('',#13921,#13912,#13925,.T.);
#13927=ORIENTED_EDGE('',*,*,#13926,.F.);
#13928=CARTESIAN_POINT('',(1439.5,-798.,4.6));
#13929=DIRECTION('',(-0.,-0.,1.));
#13930=DIRECTION('',(-1.,0.,0.));
#13931=AXIS2_PLACEMENT_3D('',#13928,#13929,#13930);
#13932=CIRCLE('',#13931,2.6);
#13933=EDGE_CURVE('',#13921,#13904,#13932,.T.);
#13934=ORIENTED_EDGE('',*,*,#13933,.T.);
#13935=EDGE_LOOP('',(#13910,#13919,#13927,#13934));
#13936=FACE_BOUND('',#13935,.T.);
#13937=ADVANCED_FACE('',(#13936),#13900,.F.);
#13938=CARTESIAN_POINT('',(1428.,-812.,4.6));
#13939=DIRECTION('',(0.,0.,1.));
#13940=DIRECTION('',(1.,0.,0.));
#13941=AXIS2_PLACEMENT_3D('',#13938,#13939,#13940);
#13942=PLANE('',#13941);
#13943=CARTESIAN_POINT('',(1439.5,-800.6,4.6));
#13944=VERTEX_POINT('',#13943);
#13945=CARTESIAN_POINT('',(1439.5,-798.,4.6));
#13946=DIRECTION('',(-0.,-0.,1.));
#13947=DIRECTION('',(-1.,0.,0.));
#13948=AXIS2_PLACEMENT_3D('',#13945,#13946,#13947);
#13949=CIRCLE('',#13948,2.6);
#13950=EDGE_CURVE('',#13904,#13944,#13949,.T.);
#13951=ORIENTED_EDGE('',*,*,#13950,.F.);
#13952=ORIENTED_EDGE('',*,*,#13933,.F.);
#13953=CARTESIAN_POINT('',(1440.63706751,-795.4,4.6));
#13954=VERTEX_POINT('',#13953);
#13955=CARTESIAN_POINT('',(1439.5,-795.4,4.6));
#13956=DIRECTION('',(1.,0.,-0.));
#13957=VECTOR('',#13956,1.13706751);
#13958=LINE('',#13955,#13957);
#13959=EDGE_CURVE('',#13921,#13954,#13958,.T.);
#13960=ORIENTED_EDGE('',*,*,#13959,.T.);
#13961=CARTESIAN_POINT('',(1440.843880461,-795.444776535,4.6));
#13962=VERTEX_POINT('',#13961);
#13963=CARTESIAN_POINT('',(1440.63706751,-795.9,4.6));
#13964=DIRECTION('',(-0.,-0.,1.));
#13965=DIRECTION('',(-1.,0.,0.));
#13966=AXIS2_PLACEMENT_3D('',#13963,#13964,#13965);
#13967=CIRCLE('',#13966,0.5);
#13968=EDGE_CURVE('',#13962,#13954,#13967,.T.);
#13969=ORIENTED_EDGE('',*,*,#13968,.F.);
#13970=CARTESIAN_POINT('',(1441.725442863,-795.681567612,4.6));
#13971=VERTEX_POINT('',#13970);
#13972=CARTESIAN_POINT('',(1442.,-792.9,4.6));
#13973=DIRECTION('',(-0.,-0.,1.));
#13974=DIRECTION('',(-1.,0.,0.));
#13975=AXIS2_PLACEMENT_3D('',#13972,#13973,#13974);
#13976=CIRCLE('',#13975,2.795084972);
#13977=EDGE_CURVE('',#13962,#13971,#13976,.T.);
#13978=ORIENTED_EDGE('',*,*,#13977,.T.);
#13979=CARTESIAN_POINT('',(1441.75,-795.432776641,4.6));
#13980=DIRECTION('',(0.,0.,-1.));
#13981=DIRECTION('',(-1.,0.,0.));
#13982=AXIS2_PLACEMENT_3D('',#13979,#13980,#13981);
#13983=CIRCLE('',#13982,0.25);
#13984=EDGE_CURVE('',#10428,#13971,#13983,.T.);
#13985=ORIENTED_EDGE('',*,*,#13984,.F.);
#13986=ORIENTED_EDGE('',*,*,#10433,.F.);
#13987=CARTESIAN_POINT('',(1441.725442863,-800.318432388,4.6));
#13988=VERTEX_POINT('',#13987);
#13989=CARTESIAN_POINT('',(1441.75,-800.567223359,4.6));
#13990=DIRECTION('',(0.,0.,-1.));
#13991=DIRECTION('',(-1.,0.,0.));
#13992=AXIS2_PLACEMENT_3D('',#13989,#13990,#13991);
#13993=CIRCLE('',#13992,0.25);
#13994=EDGE_CURVE('',#13988,#10418,#13993,.T.);
#13995=ORIENTED_EDGE('',*,*,#13994,.F.);
#13996=CARTESIAN_POINT('',(1440.843880461,-800.555223465,4.6));
#13997=VERTEX_POINT('',#13996);
#13998=CARTESIAN_POINT('',(1442.,-803.1,4.6));
#13999=DIRECTION('',(-0.,-0.,1.));
#14000=DIRECTION('',(-1.,0.,0.));
#14001=AXIS2_PLACEMENT_3D('',#13998,#13999,#14000);
#14002=CIRCLE('',#14001,2.795084972);
#14003=EDGE_CURVE('',#13988,#13997,#14002,.T.);
#14004=ORIENTED_EDGE('',*,*,#14003,.T.);
#14005=CARTESIAN_POINT('',(1440.63706751,-800.6,4.6));
#14006=VERTEX_POINT('',#14005);
#14007=CARTESIAN_POINT('',(1440.63706751,-800.1,4.6));
#14008=DIRECTION('',(-0.,-0.,1.));
#14009=DIRECTION('',(-1.,0.,0.));
#14010=AXIS2_PLACEMENT_3D('',#14007,#14008,#14009);
#14011=CIRCLE('',#14010,0.5);
#14012=EDGE_CURVE('',#14006,#13997,#14011,.T.);
#14013=ORIENTED_EDGE('',*,*,#14012,.F.);
#14014=CARTESIAN_POINT('',(1439.5,-800.6,4.6));
#14015=DIRECTION('',(1.,0.,-0.));
#14016=VECTOR('',#14015,1.13706751);
#14017=LINE('',#14014,#14016);
#14018=EDGE_CURVE('',#13944,#14006,#14017,.T.);
#14019=ORIENTED_EDGE('',*,*,#14018,.F.);
#14020=EDGE_LOOP('',(#13951,#13952,#13960,#13969,#13978,#13985,#13986,#13995,#14004,#14013,#14019));
#14021=FACE_BOUND('',#14020,.T.);
#14022=ADVANCED_FACE('',(#14021),#13942,.F.);
#14023=CARTESIAN_POINT('',(1428.,-812.,2.2));
#14024=DIRECTION('',(0.,0.,1.));
#14025=DIRECTION('',(1.,0.,0.));
#14026=AXIS2_PLACEMENT_3D('',#14023,#14024,#14025);
#14027=PLANE('',#14026);
#14028=ORIENTED_EDGE('',*,*,#13918,.T.);
#14029=CARTESIAN_POINT('',(1439.5,-800.6,2.2));
#14030=VERTEX_POINT('',#14029);
#14031=CARTESIAN_POINT('',(1439.5,-798.,2.2));
#14032=DIRECTION('',(-0.,-0.,1.));
#14033=DIRECTION('',(-1.,0.,0.));
#14034=AXIS2_PLACEMENT_3D('',#14031,#14032,#14033);
#14035=CIRCLE('',#14034,2.6);
#14036=EDGE_CURVE('',#13902,#14030,#14035,.T.);
#14037=ORIENTED_EDGE('',*,*,#14036,.T.);
#14038=CARTESIAN_POINT('',(1440.63706751,-800.6,2.2));
#14039=VERTEX_POINT('',#14038);
#14040=CARTESIAN_POINT('',(1439.5,-800.6,2.2));
#14041=DIRECTION('',(1.,0.,-0.));
#14042=VECTOR('',#14041,1.13706751);
#14043=LINE('',#14040,#14042);
#14044=EDGE_CURVE('',#14030,#14039,#14043,.T.);
#14045=ORIENTED_EDGE('',*,*,#14044,.T.);
#14046=CARTESIAN_POINT('',(1440.843880461,-800.555223465,2.2));
#14047=VERTEX_POINT('',#14046);
#14048=CARTESIAN_POINT('',(1440.63706751,-800.1,2.2));
#14049=DIRECTION('',(0.,0.,-1.));
#14050=DIRECTION('',(-1.,0.,0.));
#14051=AXIS2_PLACEMENT_3D('',#14048,#14049,#14050);
#14052=CIRCLE('',#14051,0.5);
#14053=EDGE_CURVE('',#14047,#14039,#14052,.T.);
#14054=ORIENTED_EDGE('',*,*,#14053,.F.);
#14055=CARTESIAN_POINT('',(1441.725442863,-800.318432388,2.2));
#14056=VERTEX_POINT('',#14055);
#14057=CARTESIAN_POINT('',(1442.,-803.1,2.2));
#14058=DIRECTION('',(-0.,-0.,1.));
#14059=DIRECTION('',(-1.,0.,0.));
#14060=AXIS2_PLACEMENT_3D('',#14057,#14058,#14059);
#14061=CIRCLE('',#14060,2.795084972);
#14062=EDGE_CURVE('',#14056,#14047,#14061,.T.);
#14063=ORIENTED_EDGE('',*,*,#14062,.F.);
#14064=CARTESIAN_POINT('',(1441.75,-800.567223359,2.2));
#14065=DIRECTION('',(-0.,-0.,1.));
#14066=DIRECTION('',(-1.,0.,0.));
#14067=AXIS2_PLACEMENT_3D('',#14064,#14065,#14066);
#14068=CIRCLE('',#14067,0.25);
#14069=EDGE_CURVE('',#10420,#14056,#14068,.T.);
#14070=ORIENTED_EDGE('',*,*,#14069,.F.);
#14071=ORIENTED_EDGE('',*,*,#10447,.T.);
#14072=CARTESIAN_POINT('',(1441.725442863,-795.681567612,2.2));
#14073=VERTEX_POINT('',#14072);
#14074=CARTESIAN_POINT('',(1441.75,-795.432776641,2.2));
#14075=DIRECTION('',(-0.,-0.,1.));
#14076=DIRECTION('',(-1.,0.,0.));
#14077=AXIS2_PLACEMENT_3D('',#14074,#14075,#14076);
#14078=CIRCLE('',#14077,0.25);
#14079=EDGE_CURVE('',#14073,#10436,#14078,.T.);
#14080=ORIENTED_EDGE('',*,*,#14079,.F.);
#14081=CARTESIAN_POINT('',(1440.843880461,-795.444776535,2.2));
#14082=VERTEX_POINT('',#14081);
#14083=CARTESIAN_POINT('',(1442.,-792.9,2.2));
#14084=DIRECTION('',(-0.,-0.,1.));
#14085=DIRECTION('',(-1.,0.,0.));
#14086=AXIS2_PLACEMENT_3D('',#14083,#14084,#14085);
#14087=CIRCLE('',#14086,2.795084972);
#14088=EDGE_CURVE('',#14082,#14073,#14087,.T.);
#14089=ORIENTED_EDGE('',*,*,#14088,.F.);
#14090=CARTESIAN_POINT('',(1440.63706751,-795.4,2.2));
#14091=VERTEX_POINT('',#14090);
#14092=CARTESIAN_POINT('',(1440.63706751,-795.9,2.2));
#14093=DIRECTION('',(0.,0.,-1.));
#14094=DIRECTION('',(-1.,0.,0.));
#14095=AXIS2_PLACEMENT_3D('',#14092,#14093,#14094);
#14096=CIRCLE('',#14095,0.5);
#14097=EDGE_CURVE('',#14091,#14082,#14096,.T.);
#14098=ORIENTED_EDGE('',*,*,#14097,.F.);
#14099=CARTESIAN_POINT('',(1439.5,-795.4,2.2));
#14100=DIRECTION('',(1.,0.,-0.));
#14101=VECTOR('',#14100,1.13706751);
#14102=LINE('',#14099,#14101);
#14103=EDGE_CURVE('',#13912,#14091,#14102,.T.);
#14104=ORIENTED_EDGE('',*,*,#14103,.F.);
#14105=EDGE_LOOP('',(#14028,#14037,#14045,#14054,#14063,#14070,#14071,#14080,#14089,#14098,#14104));
#14106=FACE_BOUND('',#14105,.T.);
#14107=ADVANCED_FACE('',(#14106),#14027,.T.);
#14108=CARTESIAN_POINT('',(1440.125,-795.4,4.6));
#14109=DIRECTION('',(0.,1.,0.));
#14110=DIRECTION('',(0.,0.,1.));
#14111=AXIS2_PLACEMENT_3D('',#14108,#14109,#14110);
#14112=PLANE('',#14111);
#14113=ORIENTED_EDGE('',*,*,#13959,.F.);
#14114=ORIENTED_EDGE('',*,*,#13926,.T.);
#14115=ORIENTED_EDGE('',*,*,#14103,.T.);
#14116=CARTESIAN_POINT('',(1440.63706751,-795.4,4.6));
#14117=DIRECTION('',(0.,0.,-1.));
#14118=VECTOR('',#14117,2.4);
#14119=LINE('',#14116,#14118);
#14120=EDGE_CURVE('',#13954,#14091,#14119,.T.);
#14121=ORIENTED_EDGE('',*,*,#14120,.F.);
#14122=EDGE_LOOP('',(#14113,#14114,#14115,#14121));
#14123=FACE_BOUND('',#14122,.T.);
#14124=ADVANCED_FACE('',(#14123),#14112,.F.);
#14125=CARTESIAN_POINT('',(1440.63706751,-795.9,4.6));
#14126=DIRECTION('',(0.,0.,-1.));
#14127=DIRECTION('',(-1.,0.,0.));
#14128=AXIS2_PLACEMENT_3D('',#14125,#14126,#14127);
#14129=CYLINDRICAL_SURFACE('',#14128,0.5);
#14130=ORIENTED_EDGE('',*,*,#13968,.T.);
#14131=ORIENTED_EDGE('',*,*,#14120,.T.);
#14132=ORIENTED_EDGE('',*,*,#14097,.T.);
#14133=CARTESIAN_POINT('',(1440.843880461,-795.444776535,2.2));
#14134=DIRECTION('',(-0.,-0.,1.));
#14135=VECTOR('',#14134,2.4);
#14136=LINE('',#14133,#14135);
#14137=EDGE_CURVE('',#14082,#13962,#14136,.T.);
#14138=ORIENTED_EDGE('',*,*,#14137,.T.);
#14139=EDGE_LOOP('',(#14130,#14131,#14132,#14138));
#14140=FACE_BOUND('',#14139,.T.);
#14141=ADVANCED_FACE('',(#14140),#14129,.F.);
#14142=CARTESIAN_POINT('',(1442.,-792.9,4.6));
#14143=DIRECTION('',(0.,0.,-1.));
#14144=DIRECTION('',(-1.,0.,0.));
#14145=AXIS2_PLACEMENT_3D('',#14142,#14143,#14144);
#14146=CYLINDRICAL_SURFACE('',#14145,2.795084972);
#14147=ORIENTED_EDGE('',*,*,#14088,.T.);
#14148=CARTESIAN_POINT('',(1441.725442863,-795.681567612,4.6));
#14149=DIRECTION('',(0.,0.,-1.));
#14150=VECTOR('',#14149,2.4);
#14151=LINE('',#14148,#14150);
#14152=EDGE_CURVE('',#13971,#14073,#14151,.T.);
#14153=ORIENTED_EDGE('',*,*,#14152,.F.);
#14154=ORIENTED_EDGE('',*,*,#13977,.F.);
#14155=ORIENTED_EDGE('',*,*,#14137,.F.);
#14156=EDGE_LOOP('',(#14147,#14153,#14154,#14155));
#14157=FACE_BOUND('',#14156,.T.);
#14158=ADVANCED_FACE('',(#14157),#14146,.T.);
#14159=CARTESIAN_POINT('',(1441.75,-795.432776641,4.6));
#14160=DIRECTION('',(0.,0.,-1.));
#14161=DIRECTION('',(-1.,0.,0.));
#14162=AXIS2_PLACEMENT_3D('',#14159,#14160,#14161);
#14163=CYLINDRICAL_SURFACE('',#14162,0.25);
#14164=ORIENTED_EDGE('',*,*,#13984,.T.);
#14165=ORIENTED_EDGE('',*,*,#14152,.T.);
#14166=ORIENTED_EDGE('',*,*,#14079,.T.);
#14167=ORIENTED_EDGE('',*,*,#10441,.T.);
#14168=EDGE_LOOP('',(#14164,#14165,#14166,#14167));
#14169=FACE_BOUND('',#14168,.T.);
#14170=ADVANCED_FACE('',(#14169),#14163,.T.);
#14171=CARTESIAN_POINT('',(1440.5,-812.,2.4));
#14172=DIRECTION('',(-1.,0.,0.));
#14173=DIRECTION('',(0.,-1.,0.));
#14174=AXIS2_PLACEMENT_3D('',#14171,#14172,#14173);
#14175=PLANE('',#14174);
#14176=CARTESIAN_POINT('',(1440.5,-804.376955262,1.4));
#14177=VERTEX_POINT('',#14176);
#14178=CARTESIAN_POINT('',(1440.5,-802.9627417,0.4));
#14179=VERTEX_POINT('',#14178);
#14180=CARTESIAN_POINT('',(1440.5,-804.376955262,1.4));
#14181=DIRECTION('',(0.,0.816496581,-0.577350269));
#14182=VECTOR('',#14181,1.732050807);
#14183=LINE('',#14180,#14182);
#14184=EDGE_CURVE('',#14177,#14179,#14183,.T.);
#14185=ORIENTED_EDGE('',*,*,#14184,.T.);
#14186=CARTESIAN_POINT('',(1440.5,-821.0372583,0.4));
#14187=VERTEX_POINT('',#14186);
#14188=CARTESIAN_POINT('',(1440.5,-802.9627417,0.4));
#14189=DIRECTION('',(0.,-1.,0.));
#14190=VECTOR('',#14189,18.0745166);
#14191=LINE('',#14188,#14190);
#14192=EDGE_CURVE('',#14179,#14187,#14191,.T.);
#14193=ORIENTED_EDGE('',*,*,#14192,.T.);
#14194=CARTESIAN_POINT('',(1440.5,-819.623044738,1.4));
#14195=VERTEX_POINT('',#14194);
#14196=CARTESIAN_POINT('',(1440.5,-821.0372583,0.4));
#14197=DIRECTION('',(0.,0.816496581,0.577350269));
#14198=VECTOR('',#14197,1.732050807);
#14199=LINE('',#14196,#14198);
#14200=EDGE_CURVE('',#14187,#14195,#14199,.T.);
#14201=ORIENTED_EDGE('',*,*,#14200,.T.);
#14202=CARTESIAN_POINT('',(1440.5,-819.623044738,1.4));
#14203=DIRECTION('',(-0.,1.,-0.));
#14204=VECTOR('',#14203,15.246089476);
#14205=LINE('',#14202,#14204);
#14206=EDGE_CURVE('',#14195,#14177,#14205,.T.);
#14207=ORIENTED_EDGE('',*,*,#14206,.T.);
#14208=EDGE_LOOP('',(#14185,#14193,#14201,#14207));
#14209=FACE_BOUND('',#14208,.T.);
#14210=ADVANCED_FACE('',(#14209),#14175,.T.);
#14211=CARTESIAN_POINT('',(1440.5,-812.,1.4));
#14212=DIRECTION('',(0.819231921,0.,-0.573462344));
#14213=DIRECTION('',(0.,1.,0.));
#14214=AXIS2_PLACEMENT_3D('',#14211,#14212,#14213);
#14215=PLANE('',#14214);
#14216=CARTESIAN_POINT('',(1441.2,-818.923044738,2.4));
#14217=VERTEX_POINT('',#14216);
#14218=CARTESIAN_POINT('',(1441.2,-818.923044738,2.4));
#14219=DIRECTION('',(-0.497468338,-0.497468338,-0.710669055));
#14220=VECTOR('',#14219,1.407124728);
#14221=LINE('',#14218,#14220);
#14222=EDGE_CURVE('',#14217,#14195,#14221,.T.);
#14223=ORIENTED_EDGE('',*,*,#14222,.F.);
#14224=CARTESIAN_POINT('',(1441.2,-805.076955262,2.4));
#14225=VERTEX_POINT('',#14224);
#14226=CARTESIAN_POINT('',(1441.199999999,-818.923044738,2.4));
#14227=DIRECTION('',(0.,1.,0.));
#14228=VECTOR('',#14227,13.846089476);
#14229=LINE('',#14226,#14228);
#14230=EDGE_CURVE('',#14217,#14225,#14229,.T.);
#14231=ORIENTED_EDGE('',*,*,#14230,.T.);
#14232=CARTESIAN_POINT('',(1440.5,-804.376955262,1.4));
#14233=DIRECTION('',(0.497468338,-0.497468338,0.710669055));
#14234=VECTOR('',#14233,1.407124728);
#14235=LINE('',#14232,#14234);
#14236=EDGE_CURVE('',#14177,#14225,#14235,.T.);
#14237=ORIENTED_EDGE('',*,*,#14236,.F.);
#14238=ORIENTED_EDGE('',*,*,#14206,.F.);
#14239=EDGE_LOOP('',(#14223,#14231,#14237,#14238));
#14240=FACE_BOUND('',#14239,.T.);
#14241=ADVANCED_FACE('',(#14240),#14215,.F.);
#14242=CARTESIAN_POINT('',(1441.2,-812.,6.8));
#14243=DIRECTION('',(-1.,0.,0.));
#14244=DIRECTION('',(0.,-1.,0.));
#14245=AXIS2_PLACEMENT_3D('',#14242,#14243,#14244);
#14246=PLANE('',#14245);
#14247=ORIENTED_EDGE('',*,*,#14230,.F.);
#14248=CARTESIAN_POINT('',(1441.2,-818.923044738,4.4));
#14249=VERTEX_POINT('',#14248);
#14250=CARTESIAN_POINT('',(1441.2,-818.923044738,4.4));
#14251=DIRECTION('',(-0.,-0.,-1.));
#14252=VECTOR('',#14251,2.);
#14253=LINE('',#14250,#14252);
#14254=EDGE_CURVE('',#14249,#14217,#14253,.T.);
#14255=ORIENTED_EDGE('',*,*,#14254,.F.);
#14256=CARTESIAN_POINT('',(1441.2,-805.076955262,4.4));
#14257=VERTEX_POINT('',#14256);
#14258=CARTESIAN_POINT('',(1441.2,-818.923044738,4.4));
#14259=DIRECTION('',(-0.,1.,-0.));
#14260=VECTOR('',#14259,13.846089476);
#14261=LINE('',#14258,#14260);
#14262=EDGE_CURVE('',#14249,#14257,#14261,.T.);
#14263=ORIENTED_EDGE('',*,*,#14262,.T.);
#14264=CARTESIAN_POINT('',(1441.2,-805.076955262,4.4));
#14265=DIRECTION('',(-0.,-0.,-1.));
#14266=VECTOR('',#14265,2.);
#14267=LINE('',#14264,#14266);
#14268=EDGE_CURVE('',#14257,#14225,#14267,.T.);
#14269=ORIENTED_EDGE('',*,*,#14268,.T.);
#14270=EDGE_LOOP('',(#14247,#14255,#14263,#14269));
#14271=FACE_BOUND('',#14270,.T.);
#14272=ADVANCED_FACE('',(#14271),#14246,.T.);
#14273=CARTESIAN_POINT('',(1440.85,-804.726955262,6.8));
#14274=DIRECTION('',(-0.707106781,-0.707106781,0.));
#14275=DIRECTION('',(0.707106781,-0.707106781,0.));
#14276=AXIS2_PLACEMENT_3D('',#14273,#14274,#14275);
#14277=PLANE('',#14276);
#14278=CARTESIAN_POINT('',(1440.5,-804.376955262,5.4));
#14279=VERTEX_POINT('',#14278);
#14280=CARTESIAN_POINT('',(1441.2,-805.076955262,4.4));
#14281=DIRECTION('',(-0.497468338,0.497468338,0.710669055));
#14282=VECTOR('',#14281,1.407124728);
#14283=LINE('',#14280,#14282);
#14284=EDGE_CURVE('',#14257,#14279,#14283,.T.);
#14285=ORIENTED_EDGE('',*,*,#14284,.T.);
#14286=CARTESIAN_POINT('',(1435.623044738,-799.5,5.4));
#14287=VERTEX_POINT('',#14286);
#14288=CARTESIAN_POINT('',(1440.5,-804.376955262,5.4));
#14289=DIRECTION('',(-0.707106781,0.707106781,-0.));
#14290=VECTOR('',#14289,6.897056275);
#14291=LINE('',#14288,#14290);
#14292=EDGE_CURVE('',#14279,#14287,#14291,.T.);
#14293=ORIENTED_EDGE('',*,*,#14292,.T.);
#14294=CARTESIAN_POINT('',(1434.923044738,-798.8,4.4));
#14295=VERTEX_POINT('',#14294);
#14296=CARTESIAN_POINT('',(1435.623044738,-799.5,5.4));
#14297=DIRECTION('',(-0.497468338,0.497468338,-0.710669055));
#14298=VECTOR('',#14297,1.407124728);
#14299=LINE('',#14296,#14298);
#14300=EDGE_CURVE('',#14287,#14295,#14299,.T.);
#14301=ORIENTED_EDGE('',*,*,#14300,.T.);
#14302=CARTESIAN_POINT('',(1434.923044738,-798.8,2.4));
#14303=VERTEX_POINT('',#14302);
#14304=CARTESIAN_POINT('',(1434.923044738,-798.8,4.4));
#14305=DIRECTION('',(-0.,-0.,-1.));
#14306=VECTOR('',#14305,2.);
#14307=LINE('',#14304,#14306);
#14308=EDGE_CURVE('',#14295,#14303,#14307,.T.);
#14309=ORIENTED_EDGE('',*,*,#14308,.T.);
#14310=CARTESIAN_POINT('',(1435.623044738,-799.5,1.4));
#14311=VERTEX_POINT('',#14310);
#14312=CARTESIAN_POINT('',(1434.923044738,-798.8,2.4));
#14313=DIRECTION('',(0.497468338,-0.497468338,-0.710669055));
#14314=VECTOR('',#14313,1.407124728);
#14315=LINE('',#14312,#14314);
#14316=EDGE_CURVE('',#14303,#14311,#14315,.T.);
#14317=ORIENTED_EDGE('',*,*,#14316,.T.);
#14318=CARTESIAN_POINT('',(1435.623044738,-799.5,1.4));
#14319=DIRECTION('',(0.707106781,-0.707106781,0.));
#14320=VECTOR('',#14319,6.897056275);
#14321=LINE('',#14318,#14320);
#14322=EDGE_CURVE('',#14311,#14177,#14321,.T.);
#14323=ORIENTED_EDGE('',*,*,#14322,.T.);
#14324=ORIENTED_EDGE('',*,*,#14236,.T.);
#14325=ORIENTED_EDGE('',*,*,#14268,.F.);
#14326=EDGE_LOOP('',(#14285,#14293,#14301,#14309,#14317,#14323,#14324,#14325));
#14327=FACE_BOUND('',#14326,.T.);
#14328=ADVANCED_FACE('',(#14327),#14277,.T.);
#14329=CARTESIAN_POINT('',(1428.,-824.5,2.4));
#14330=DIRECTION('',(0.,1.,0.));
#14331=DIRECTION('',(-1.,0.,0.));
#14332=AXIS2_PLACEMENT_3D('',#14329,#14330,#14331);
#14333=PLANE('',#14332);
#14334=CARTESIAN_POINT('',(1435.623044738,-824.5,1.4));
#14335=VERTEX_POINT('',#14334);
#14336=CARTESIAN_POINT('',(1437.0372583,-824.5,0.4));
#14337=VERTEX_POINT('',#14336);
#14338=CARTESIAN_POINT('',(1435.623044738,-824.5,1.4));
#14339=DIRECTION('',(0.816496581,0.,-0.577350269));
#14340=VECTOR('',#14339,1.732050807);
#14341=LINE('',#14338,#14340);
#14342=EDGE_CURVE('',#14335,#14337,#14341,.T.);
#14343=ORIENTED_EDGE('',*,*,#14342,.T.);
#14344=CARTESIAN_POINT('',(1418.9627417,-824.5,0.4));
#14345=VERTEX_POINT('',#14344);
#14346=CARTESIAN_POINT('',(1437.0372583,-824.5,0.4));
#14347=DIRECTION('',(-1.,0.,0.));
#14348=VECTOR('',#14347,18.0745166);
#14349=LINE('',#14346,#14348);
#14350=EDGE_CURVE('',#14337,#14345,#14349,.T.);
#14351=ORIENTED_EDGE('',*,*,#14350,.T.);
#14352=CARTESIAN_POINT('',(1420.376955262,-824.5,1.4));
#14353=VERTEX_POINT('',#14352);
#14354=CARTESIAN_POINT('',(1418.9627417,-824.5,0.4));
#14355=DIRECTION('',(0.816496581,0.,0.577350269));
#14356=VECTOR('',#14355,1.732050807);
#14357=LINE('',#14354,#14356);
#14358=EDGE_CURVE('',#14345,#14353,#14357,.T.);
#14359=ORIENTED_EDGE('',*,*,#14358,.T.);
#14360=CARTESIAN_POINT('',(1420.376955262,-824.5,1.4));
#14361=DIRECTION('',(1.,-0.,-0.));
#14362=VECTOR('',#14361,15.246089476);
#14363=LINE('',#14360,#14362);
#14364=EDGE_CURVE('',#14353,#14335,#14363,.T.);
#14365=ORIENTED_EDGE('',*,*,#14364,.T.);
#14366=EDGE_LOOP('',(#14343,#14351,#14359,#14365));
#14367=FACE_BOUND('',#14366,.T.);
#14368=ADVANCED_FACE('',(#14367),#14333,.T.);
#14369=CARTESIAN_POINT('',(1428.,-824.5,1.4));
#14370=DIRECTION('',(0.,-0.819231921,-0.573462344));
#14371=DIRECTION('',(1.,0.,0.));
#14372=AXIS2_PLACEMENT_3D('',#14369,#14370,#14371);
#14373=PLANE('',#14372);
#14374=CARTESIAN_POINT('',(1421.076955262,-825.2,2.4));
#14375=VERTEX_POINT('',#14374);
#14376=CARTESIAN_POINT('',(1421.076955262,-825.2,2.4));
#14377=DIRECTION('',(-0.497468338,0.497468338,-0.710669055));
#14378=VECTOR('',#14377,1.407124728);
#14379=LINE('',#14376,#14378);
#14380=EDGE_CURVE('',#14375,#14353,#14379,.T.);
#14381=ORIENTED_EDGE('',*,*,#14380,.F.);
#14382=CARTESIAN_POINT('',(1434.923044738,-825.2,2.4));
#14383=VERTEX_POINT('',#14382);
#14384=CARTESIAN_POINT('',(1421.076955262,-825.199999999,2.4));
#14385=DIRECTION('',(1.,0.,-0.));
#14386=VECTOR('',#14385,13.846089476);
#14387=LINE('',#14384,#14386);
#14388=EDGE_CURVE('',#14375,#14383,#14387,.T.);
#14389=ORIENTED_EDGE('',*,*,#14388,.T.);
#14390=CARTESIAN_POINT('',(1435.623044738,-824.5,1.4));
#14391=DIRECTION('',(-0.497468338,-0.497468338,0.710669055));
#14392=VECTOR('',#14391,1.407124728);
#14393=LINE('',#14390,#14392);
#14394=EDGE_CURVE('',#14335,#14383,#14393,.T.);
#14395=ORIENTED_EDGE('',*,*,#14394,.F.);
#14396=ORIENTED_EDGE('',*,*,#14364,.F.);
#14397=EDGE_LOOP('',(#14381,#14389,#14395,#14396));
#14398=FACE_BOUND('',#14397,.T.);
#14399=ADVANCED_FACE('',(#14398),#14373,.F.);
#14400=CARTESIAN_POINT('',(1428.,-825.2,6.8));
#14401=DIRECTION('',(0.,1.,0.));
#14402=DIRECTION('',(-1.,0.,0.));
#14403=AXIS2_PLACEMENT_3D('',#14400,#14401,#14402);
#14404=PLANE('',#14403);
#14405=ORIENTED_EDGE('',*,*,#14388,.F.);
#14406=CARTESIAN_POINT('',(1421.076955262,-825.2,4.4));
#14407=VERTEX_POINT('',#14406);
#14408=CARTESIAN_POINT('',(1421.076955262,-825.2,4.4));
#14409=DIRECTION('',(-0.,-0.,-1.));
#14410=VECTOR('',#14409,2.);
#14411=LINE('',#14408,#14410);
#14412=EDGE_CURVE('',#14407,#14375,#14411,.T.);
#14413=ORIENTED_EDGE('',*,*,#14412,.F.);
#14414=CARTESIAN_POINT('',(1434.923044738,-825.2,4.4));
#14415=VERTEX_POINT('',#14414);
#14416=CARTESIAN_POINT('',(1421.076955262,-825.2,4.4));
#14417=DIRECTION('',(1.,-0.,-0.));
#14418=VECTOR('',#14417,13.846089476);
#14419=LINE('',#14416,#14418);
#14420=EDGE_CURVE('',#14407,#14415,#14419,.T.);
#14421=ORIENTED_EDGE('',*,*,#14420,.T.);
#14422=CARTESIAN_POINT('',(1434.923044738,-825.2,4.4));
#14423=DIRECTION('',(-0.,-0.,-1.));
#14424=VECTOR('',#14423,2.);
#14425=LINE('',#14422,#14424);
#14426=EDGE_CURVE('',#14415,#14383,#14425,.T.);
#14427=ORIENTED_EDGE('',*,*,#14426,.T.);
#14428=EDGE_LOOP('',(#14405,#14413,#14421,#14427));
#14429=FACE_BOUND('',#14428,.T.);
#14430=ADVANCED_FACE('',(#14429),#14404,.T.);
#14431=CARTESIAN_POINT('',(1435.273044738,-824.85,6.8));
#14432=DIRECTION('',(-0.707106781,0.707106781,0.));
#14433=DIRECTION('',(-0.707106781,-0.707106781,0.));
#14434=AXIS2_PLACEMENT_3D('',#14431,#14432,#14433);
#14435=PLANE('',#14434);
#14436=CARTESIAN_POINT('',(1435.623044738,-824.5,5.4));
#14437=VERTEX_POINT('',#14436);
#14438=CARTESIAN_POINT('',(1434.923044738,-825.2,4.4));
#14439=DIRECTION('',(0.497468338,0.497468338,0.710669055));
#14440=VECTOR('',#14439,1.407124728);
#14441=LINE('',#14438,#14440);
#14442=EDGE_CURVE('',#14415,#14437,#14441,.T.);
#14443=ORIENTED_EDGE('',*,*,#14442,.T.);
#14444=CARTESIAN_POINT('',(1440.5,-819.623044738,5.4));
#14445=VERTEX_POINT('',#14444);
#14446=CARTESIAN_POINT('',(1435.623044738,-824.5,5.4));
#14447=DIRECTION('',(0.707106781,0.707106781,-0.));
#14448=VECTOR('',#14447,6.897056275);
#14449=LINE('',#14446,#14448);
#14450=EDGE_CURVE('',#14437,#14445,#14449,.T.);
#14451=ORIENTED_EDGE('',*,*,#14450,.T.);
#14452=CARTESIAN_POINT('',(1440.5,-819.623044738,5.4));
#14453=DIRECTION('',(0.497468338,0.497468338,-0.710669055));
#14454=VECTOR('',#14453,1.407124728);
#14455=LINE('',#14452,#14454);
#14456=EDGE_CURVE('',#14445,#14249,#14455,.T.);
#14457=ORIENTED_EDGE('',*,*,#14456,.T.);
#14458=ORIENTED_EDGE('',*,*,#14254,.T.);
#14459=ORIENTED_EDGE('',*,*,#14222,.T.);
#14460=CARTESIAN_POINT('',(1440.5,-819.623044738,1.4));
#14461=DIRECTION('',(-0.707106781,-0.707106781,0.));
#14462=VECTOR('',#14461,6.897056275);
#14463=LINE('',#14460,#14462);
#14464=EDGE_CURVE('',#14195,#14335,#14463,.T.);
#14465=ORIENTED_EDGE('',*,*,#14464,.T.);
#14466=ORIENTED_EDGE('',*,*,#14394,.T.);
#14467=ORIENTED_EDGE('',*,*,#14426,.F.);
#14468=EDGE_LOOP('',(#14443,#14451,#14457,#14458,#14459,#14465,#14466,#14467));
#14469=FACE_BOUND('',#14468,.T.);
#14470=ADVANCED_FACE('',(#14469),#14435,.T.);
#14471=CARTESIAN_POINT('',(1415.5,-812.,2.4));
#14472=DIRECTION('',(1.,0.,0.));
#14473=DIRECTION('',(0.,1.,0.));
#14474=AXIS2_PLACEMENT_3D('',#14471,#14472,#14473);
#14475=PLANE('',#14474);
#14476=CARTESIAN_POINT('',(1415.5,-819.623044738,1.4));
#14477=VERTEX_POINT('',#14476);
#14478=CARTESIAN_POINT('',(1415.5,-821.0372583,0.4));
#14479=VERTEX_POINT('',#14478);
#14480=CARTESIAN_POINT('',(1415.5,-819.623044738,1.4));
#14481=DIRECTION('',(0.,-0.816496581,-0.577350269));
#14482=VECTOR('',#14481,1.732050807);
#14483=LINE('',#14480,#14482);
#14484=EDGE_CURVE('',#14477,#14479,#14483,.T.);
#14485=ORIENTED_EDGE('',*,*,#14484,.T.);
#14486=CARTESIAN_POINT('',(1415.5,-802.9627417,0.4));
#14487=VERTEX_POINT('',#14486);
#14488=CARTESIAN_POINT('',(1415.5,-821.0372583,0.4));
#14489=DIRECTION('',(0.,1.,0.));
#14490=VECTOR('',#14489,18.0745166);
#14491=LINE('',#14488,#14490);
#14492=EDGE_CURVE('',#14479,#14487,#14491,.T.);
#14493=ORIENTED_EDGE('',*,*,#14492,.T.);
#14494=CARTESIAN_POINT('',(1415.5,-804.376955262,1.4));
#14495=VERTEX_POINT('',#14494);
#14496=CARTESIAN_POINT('',(1415.5,-802.9627417,0.4));
#14497=DIRECTION('',(0.,-0.816496581,0.577350269));
#14498=VECTOR('',#14497,1.732050807);
#14499=LINE('',#14496,#14498);
#14500=EDGE_CURVE('',#14487,#14495,#14499,.T.);
#14501=ORIENTED_EDGE('',*,*,#14500,.T.);
#14502=CARTESIAN_POINT('',(1415.5,-804.376955262,1.4));
#14503=DIRECTION('',(-0.,-1.,-0.));
#14504=VECTOR('',#14503,15.246089476);
#14505=LINE('',#14502,#14504);
#14506=EDGE_CURVE('',#14495,#14477,#14505,.T.);
#14507=ORIENTED_EDGE('',*,*,#14506,.T.);
#14508=EDGE_LOOP('',(#14485,#14493,#14501,#14507));
#14509=FACE_BOUND('',#14508,.T.);
#14510=ADVANCED_FACE('',(#14509),#14475,.T.);
#14511=CARTESIAN_POINT('',(1415.5,-812.,1.4));
#14512=DIRECTION('',(-0.819231921,0.,-0.573462344));
#14513=DIRECTION('',(0.,-1.,0.));
#14514=AXIS2_PLACEMENT_3D('',#14511,#14512,#14513);
#14515=PLANE('',#14514);
#14516=CARTESIAN_POINT('',(1414.8,-805.076955262,2.4));
#14517=VERTEX_POINT('',#14516);
#14518=CARTESIAN_POINT('',(1414.8,-805.076955262,2.4));
#14519=DIRECTION('',(0.497468338,0.497468338,-0.710669055));
#14520=VECTOR('',#14519,1.407124728);
#14521=LINE('',#14518,#14520);
#14522=EDGE_CURVE('',#14517,#14495,#14521,.T.);
#14523=ORIENTED_EDGE('',*,*,#14522,.F.);
#14524=CARTESIAN_POINT('',(1414.8,-818.923044738,2.4));
#14525=VERTEX_POINT('',#14524);
#14526=CARTESIAN_POINT('',(1414.800000001,-805.076955262,2.4));
#14527=DIRECTION('',(0.,-1.,0.));
#14528=VECTOR('',#14527,13.846089476);
#14529=LINE('',#14526,#14528);
#14530=EDGE_CURVE('',#14517,#14525,#14529,.T.);
#14531=ORIENTED_EDGE('',*,*,#14530,.T.);
#14532=CARTESIAN_POINT('',(1415.5,-819.623044738,1.4));
#14533=DIRECTION('',(-0.497468338,0.497468338,0.710669055));
#14534=VECTOR('',#14533,1.407124728);
#14535=LINE('',#14532,#14534);
#14536=EDGE_CURVE('',#14477,#14525,#14535,.T.);
#14537=ORIENTED_EDGE('',*,*,#14536,.F.);
#14538=ORIENTED_EDGE('',*,*,#14506,.F.);
#14539=EDGE_LOOP('',(#14523,#14531,#14537,#14538));
#14540=FACE_BOUND('',#14539,.T.);
#14541=ADVANCED_FACE('',(#14540),#14515,.F.);
#14542=CARTESIAN_POINT('',(1414.8,-812.,6.8));
#14543=DIRECTION('',(1.,0.,0.));
#14544=DIRECTION('',(0.,1.,0.));
#14545=AXIS2_PLACEMENT_3D('',#14542,#14543,#14544);
#14546=PLANE('',#14545);
#14547=ORIENTED_EDGE('',*,*,#14530,.F.);
#14548=CARTESIAN_POINT('',(1414.8,-805.076955262,4.4));
#14549=VERTEX_POINT('',#14548);
#14550=CARTESIAN_POINT('',(1414.8,-805.076955262,4.4));
#14551=DIRECTION('',(-0.,-0.,-1.));
#14552=VECTOR('',#14551,2.);
#14553=LINE('',#14550,#14552);
#14554=EDGE_CURVE('',#14549,#14517,#14553,.T.);
#14555=ORIENTED_EDGE('',*,*,#14554,.F.);
#14556=CARTESIAN_POINT('',(1414.8,-818.923044738,4.4));
#14557=VERTEX_POINT('',#14556);
#14558=CARTESIAN_POINT('',(1414.8,-805.076955262,4.4));
#14559=DIRECTION('',(-0.,-1.,-0.));
#14560=VECTOR('',#14559,13.846089476);
#14561=LINE('',#14558,#14560);
#14562=EDGE_CURVE('',#14549,#14557,#14561,.T.);
#14563=ORIENTED_EDGE('',*,*,#14562,.T.);
#14564=CARTESIAN_POINT('',(1414.8,-818.923044738,4.4));
#14565=DIRECTION('',(-0.,-0.,-1.));
#14566=VECTOR('',#14565,2.);
#14567=LINE('',#14564,#14566);
#14568=EDGE_CURVE('',#14557,#14525,#14567,.T.);
#14569=ORIENTED_EDGE('',*,*,#14568,.T.);
#14570=EDGE_LOOP('',(#14547,#14555,#14563,#14569));
#14571=FACE_BOUND('',#14570,.T.);
#14572=ADVANCED_FACE('',(#14571),#14546,.T.);
#14573=CARTESIAN_POINT('',(1415.15,-819.273044738,6.8));
#14574=DIRECTION('',(0.707106781,0.707106781,0.));
#14575=DIRECTION('',(-0.707106781,0.707106781,0.));
#14576=AXIS2_PLACEMENT_3D('',#14573,#14574,#14575);
#14577=PLANE('',#14576);
#14578=ORIENTED_EDGE('',*,*,#14380,.T.);
#14579=CARTESIAN_POINT('',(1420.376955262,-824.5,1.4));
#14580=DIRECTION('',(-0.707106781,0.707106781,0.));
#14581=VECTOR('',#14580,6.897056275);
#14582=LINE('',#14579,#14581);
#14583=EDGE_CURVE('',#14353,#14477,#14582,.T.);
#14584=ORIENTED_EDGE('',*,*,#14583,.T.);
#14585=ORIENTED_EDGE('',*,*,#14536,.T.);
#14586=ORIENTED_EDGE('',*,*,#14568,.F.);
#14587=CARTESIAN_POINT('',(1415.5,-819.623044738,5.4));
#14588=VERTEX_POINT('',#14587);
#14589=CARTESIAN_POINT('',(1414.8,-818.923044738,4.4));
#14590=DIRECTION('',(0.497468338,-0.497468338,0.710669055));
#14591=VECTOR('',#14590,1.407124728);
#14592=LINE('',#14589,#14591);
#14593=EDGE_CURVE('',#14557,#14588,#14592,.T.);
#14594=ORIENTED_EDGE('',*,*,#14593,.T.);
#14595=CARTESIAN_POINT('',(1420.376955262,-824.5,5.4));
#14596=VERTEX_POINT('',#14595);
#14597=CARTESIAN_POINT('',(1415.5,-819.623044738,5.4));
#14598=DIRECTION('',(0.707106781,-0.707106781,-0.));
#14599=VECTOR('',#14598,6.897056275);
#14600=LINE('',#14597,#14599);
#14601=EDGE_CURVE('',#14588,#14596,#14600,.T.);
#14602=ORIENTED_EDGE('',*,*,#14601,.T.);
#14603=CARTESIAN_POINT('',(1420.376955262,-824.5,5.4));
#14604=DIRECTION('',(0.497468338,-0.497468338,-0.710669055));
#14605=VECTOR('',#14604,1.407124728);
#14606=LINE('',#14603,#14605);
#14607=EDGE_CURVE('',#14596,#14407,#14606,.T.);
#14608=ORIENTED_EDGE('',*,*,#14607,.T.);
#14609=ORIENTED_EDGE('',*,*,#14412,.T.);
#14610=EDGE_LOOP('',(#14578,#14584,#14585,#14586,#14594,#14602,#14608,#14609));
#14611=FACE_BOUND('',#14610,.T.);
#14612=ADVANCED_FACE('',(#14611),#14577,.T.);
#14613=CARTESIAN_POINT('',(1428.,-799.5,2.4));
#14614=DIRECTION('',(0.,-1.,0.));
#14615=DIRECTION('',(1.,0.,0.));
#14616=AXIS2_PLACEMENT_3D('',#14613,#14614,#14615);
#14617=PLANE('',#14616);
#14618=CARTESIAN_POINT('',(1420.376955262,-799.5,1.4));
#14619=VERTEX_POINT('',#14618);
#14620=CARTESIAN_POINT('',(1418.9627417,-799.5,0.4));
#14621=VERTEX_POINT('',#14620);
#14622=CARTESIAN_POINT('',(1420.376955262,-799.5,1.4));
#14623=DIRECTION('',(-0.816496581,0.,-0.577350269));
#14624=VECTOR('',#14623,1.732050807);
#14625=LINE('',#14622,#14624);
#14626=EDGE_CURVE('',#14619,#14621,#14625,.T.);
#14627=ORIENTED_EDGE('',*,*,#14626,.T.);
#14628=CARTESIAN_POINT('',(1437.0372583,-799.5,0.4));
#14629=VERTEX_POINT('',#14628);
#14630=CARTESIAN_POINT('',(1418.9627417,-799.5,0.4));
#14631=DIRECTION('',(1.,0.,-0.));
#14632=VECTOR('',#14631,18.0745166);
#14633=LINE('',#14630,#14632);
#14634=EDGE_CURVE('',#14621,#14629,#14633,.T.);
#14635=ORIENTED_EDGE('',*,*,#14634,.T.);
#14636=CARTESIAN_POINT('',(1437.0372583,-799.5,0.4));
#14637=DIRECTION('',(-0.816496581,0.,0.577350269));
#14638=VECTOR('',#14637,1.732050807);
#14639=LINE('',#14636,#14638);
#14640=EDGE_CURVE('',#14629,#14311,#14639,.T.);
#14641=ORIENTED_EDGE('',*,*,#14640,.T.);
#14642=CARTESIAN_POINT('',(1435.623044738,-799.5,1.4));
#14643=DIRECTION('',(-1.,-0.,0.));
#14644=VECTOR('',#14643,15.246089476);
#14645=LINE('',#14642,#14644);
#14646=EDGE_CURVE('',#14311,#14619,#14645,.T.);
#14647=ORIENTED_EDGE('',*,*,#14646,.T.);
#14648=EDGE_LOOP('',(#14627,#14635,#14641,#14647));
#14649=FACE_BOUND('',#14648,.T.);
#14650=ADVANCED_FACE('',(#14649),#14617,.T.);
#14651=CARTESIAN_POINT('',(1428.,-799.5,1.4));
#14652=DIRECTION('',(0.,0.819231921,-0.573462344));
#14653=DIRECTION('',(-1.,0.,0.));
#14654=AXIS2_PLACEMENT_3D('',#14651,#14652,#14653);
#14655=PLANE('',#14654);
#14656=ORIENTED_EDGE('',*,*,#14316,.F.);
#14657=CARTESIAN_POINT('',(1421.076955262,-798.8,2.4));
#14658=VERTEX_POINT('',#14657);
#14659=CARTESIAN_POINT('',(1434.923044738,-798.800000001,2.4));
#14660=DIRECTION('',(-1.,0.,0.));
#14661=VECTOR('',#14660,13.846089476);
#14662=LINE('',#14659,#14661);
#14663=EDGE_CURVE('',#14303,#14658,#14662,.T.);
#14664=ORIENTED_EDGE('',*,*,#14663,.T.);
#14665=CARTESIAN_POINT('',(1420.376955262,-799.5,1.4));
#14666=DIRECTION('',(0.497468338,0.497468338,0.710669055));
#14667=VECTOR('',#14666,1.407124728);
#14668=LINE('',#14665,#14667);
#14669=EDGE_CURVE('',#14619,#14658,#14668,.T.);
#14670=ORIENTED_EDGE('',*,*,#14669,.F.);
#14671=ORIENTED_EDGE('',*,*,#14646,.F.);
#14672=EDGE_LOOP('',(#14656,#14664,#14670,#14671));
#14673=FACE_BOUND('',#14672,.T.);
#14674=ADVANCED_FACE('',(#14673),#14655,.F.);
#14675=CARTESIAN_POINT('',(1428.,-798.8,6.8));
#14676=DIRECTION('',(0.,-1.,0.));
#14677=DIRECTION('',(1.,0.,0.));
#14678=AXIS2_PLACEMENT_3D('',#14675,#14676,#14677);
#14679=PLANE('',#14678);
#14680=ORIENTED_EDGE('',*,*,#14663,.F.);
#14681=ORIENTED_EDGE('',*,*,#14308,.F.);
#14682=CARTESIAN_POINT('',(1421.076955262,-798.8,4.4));
#14683=VERTEX_POINT('',#14682);
#14684=CARTESIAN_POINT('',(1434.923044738,-798.8,4.4));
#14685=DIRECTION('',(-1.,-0.,0.));
#14686=VECTOR('',#14685,13.846089476);
#14687=LINE('',#14684,#14686);
#14688=EDGE_CURVE('',#14295,#14683,#14687,.T.);
#14689=ORIENTED_EDGE('',*,*,#14688,.T.);
#14690=CARTESIAN_POINT('',(1421.076955262,-798.8,4.4));
#14691=DIRECTION('',(-0.,-0.,-1.));
#14692=VECTOR('',#14691,2.);
#14693=LINE('',#14690,#14692);
#14694=EDGE_CURVE('',#14683,#14658,#14693,.T.);
#14695=ORIENTED_EDGE('',*,*,#14694,.T.);
#14696=EDGE_LOOP('',(#14680,#14681,#14689,#14695));
#14697=FACE_BOUND('',#14696,.T.);
#14698=ADVANCED_FACE('',(#14697),#14679,.T.);
#14699=CARTESIAN_POINT('',(1420.726955262,-799.15,6.8));
#14700=DIRECTION('',(0.707106781,-0.707106781,0.));
#14701=DIRECTION('',(0.707106781,0.707106781,0.));
#14702=AXIS2_PLACEMENT_3D('',#14699,#14700,#14701);
#14703=PLANE('',#14702);
#14704=ORIENTED_EDGE('',*,*,#14522,.T.);
#14705=CARTESIAN_POINT('',(1415.5,-804.376955262,1.4));
#14706=DIRECTION('',(0.707106781,0.707106781,0.));
#14707=VECTOR('',#14706,6.897056275);
#14708=LINE('',#14705,#14707);
#14709=EDGE_CURVE('',#14495,#14619,#14708,.T.);
#14710=ORIENTED_EDGE('',*,*,#14709,.T.);
#14711=ORIENTED_EDGE('',*,*,#14669,.T.);
#14712=ORIENTED_EDGE('',*,*,#14694,.F.);
#14713=CARTESIAN_POINT('',(1420.376955262,-799.5,5.4));
#14714=VERTEX_POINT('',#14713);
#14715=CARTESIAN_POINT('',(1421.076955262,-798.8,4.4));
#14716=DIRECTION('',(-0.497468338,-0.497468338,0.710669055));
#14717=VECTOR('',#14716,1.407124728);
#14718=LINE('',#14715,#14717);
#14719=EDGE_CURVE('',#14683,#14714,#14718,.T.);
#14720=ORIENTED_EDGE('',*,*,#14719,.T.);
#14721=CARTESIAN_POINT('',(1415.5,-804.376955262,5.4));
#14722=VERTEX_POINT('',#14721);
#14723=CARTESIAN_POINT('',(1420.376955262,-799.5,5.4));
#14724=DIRECTION('',(-0.707106781,-0.707106781,-0.));
#14725=VECTOR('',#14724,6.897056275);
#14726=LINE('',#14723,#14725);
#14727=EDGE_CURVE('',#14714,#14722,#14726,.T.);
#14728=ORIENTED_EDGE('',*,*,#14727,.T.);
#14729=CARTESIAN_POINT('',(1415.5,-804.376955262,5.4));
#14730=DIRECTION('',(-0.497468338,-0.497468338,-0.710669055));
#14731=VECTOR('',#14730,1.407124728);
#14732=LINE('',#14729,#14731);
#14733=EDGE_CURVE('',#14722,#14549,#14732,.T.);
#14734=ORIENTED_EDGE('',*,*,#14733,.T.);
#14735=ORIENTED_EDGE('',*,*,#14554,.T.);
#14736=EDGE_LOOP('',(#14704,#14710,#14711,#14712,#14720,#14728,#14734,#14735));
#14737=FACE_BOUND('',#14736,.T.);
#14738=ADVANCED_FACE('',(#14737),#14703,.T.);
#14739=CARTESIAN_POINT('',(1440.5,-812.,4.4));
#14740=DIRECTION('',(-1.,0.,0.));
#14741=DIRECTION('',(0.,-1.,0.));
#14742=AXIS2_PLACEMENT_3D('',#14739,#14740,#14741);
#14743=PLANE('',#14742);
#14744=CARTESIAN_POINT('',(1440.5,-821.0372583,6.4));
#14745=VERTEX_POINT('',#14744);
#14746=CARTESIAN_POINT('',(1440.5,-819.623044738,5.4));
#14747=DIRECTION('',(0.,-0.816496581,0.577350269));
#14748=VECTOR('',#14747,1.732050807);
#14749=LINE('',#14746,#14748);
#14750=EDGE_CURVE('',#14445,#14745,#14749,.T.);
#14751=ORIENTED_EDGE('',*,*,#14750,.T.);
#14752=CARTESIAN_POINT('',(1440.5,-802.9627417,6.4));
#14753=VERTEX_POINT('',#14752);
#14754=CARTESIAN_POINT('',(1440.5,-821.0372583,6.4));
#14755=DIRECTION('',(-0.,1.,-0.));
#14756=VECTOR('',#14755,18.0745166);
#14757=LINE('',#14754,#14756);
#14758=EDGE_CURVE('',#14745,#14753,#14757,.T.);
#14759=ORIENTED_EDGE('',*,*,#14758,.T.);
#14760=CARTESIAN_POINT('',(1440.5,-802.9627417,6.4));
#14761=DIRECTION('',(0.,-0.816496581,-0.577350269));
#14762=VECTOR('',#14761,1.732050807);
#14763=LINE('',#14760,#14762);
#14764=EDGE_CURVE('',#14753,#14279,#14763,.T.);
#14765=ORIENTED_EDGE('',*,*,#14764,.T.);
#14766=CARTESIAN_POINT('',(1440.5,-804.376955262,5.4));
#14767=DIRECTION('',(0.,-1.,0.));
#14768=VECTOR('',#14767,15.246089476);
#14769=LINE('',#14766,#14768);
#14770=EDGE_CURVE('',#14279,#14445,#14769,.T.);
#14771=ORIENTED_EDGE('',*,*,#14770,.T.);
#14772=EDGE_LOOP('',(#14751,#14759,#14765,#14771));
#14773=FACE_BOUND('',#14772,.T.);
#14774=ADVANCED_FACE('',(#14773),#14743,.T.);
#14775=CARTESIAN_POINT('',(1440.5,-812.,5.4));
#14776=DIRECTION('',(-0.819231921,0.,-0.573462344));
#14777=DIRECTION('',(0.,1.,0.));
#14778=AXIS2_PLACEMENT_3D('',#14775,#14776,#14777);
#14779=PLANE('',#14778);
#14780=ORIENTED_EDGE('',*,*,#14284,.F.);
#14781=ORIENTED_EDGE('',*,*,#14262,.F.);
#14782=ORIENTED_EDGE('',*,*,#14456,.F.);
#14783=ORIENTED_EDGE('',*,*,#14770,.F.);
#14784=EDGE_LOOP('',(#14780,#14781,#14782,#14783));
#14785=FACE_BOUND('',#14784,.T.);
#14786=ADVANCED_FACE('',(#14785),#14779,.T.);
#14787=CARTESIAN_POINT('',(1428.,-824.5,4.4));
#14788=DIRECTION('',(0.,1.,0.));
#14789=DIRECTION('',(-1.,0.,0.));
#14790=AXIS2_PLACEMENT_3D('',#14787,#14788,#14789);
#14791=PLANE('',#14790);
#14792=CARTESIAN_POINT('',(1418.9627417,-824.5,6.4));
#14793=VERTEX_POINT('',#14792);
#14794=CARTESIAN_POINT('',(1420.376955262,-824.5,5.4));
#14795=DIRECTION('',(-0.816496581,0.,0.577350269));
#14796=VECTOR('',#14795,1.732050807);
#14797=LINE('',#14794,#14796);
#14798=EDGE_CURVE('',#14596,#14793,#14797,.T.);
#14799=ORIENTED_EDGE('',*,*,#14798,.T.);
#14800=CARTESIAN_POINT('',(1437.0372583,-824.5,6.4));
#14801=VERTEX_POINT('',#14800);
#14802=CARTESIAN_POINT('',(1418.9627417,-824.5,6.4));
#14803=DIRECTION('',(1.,-0.,-0.));
#14804=VECTOR('',#14803,18.0745166);
#14805=LINE('',#14802,#14804);
#14806=EDGE_CURVE('',#14793,#14801,#14805,.T.);
#14807=ORIENTED_EDGE('',*,*,#14806,.T.);
#14808=CARTESIAN_POINT('',(1437.0372583,-824.5,6.4));
#14809=DIRECTION('',(-0.816496581,0.,-0.577350269));
#14810=VECTOR('',#14809,1.732050807);
#14811=LINE('',#14808,#14810);
#14812=EDGE_CURVE('',#14801,#14437,#14811,.T.);
#14813=ORIENTED_EDGE('',*,*,#14812,.T.);
#14814=CARTESIAN_POINT('',(1435.623044738,-824.5,5.4));
#14815=DIRECTION('',(-1.,0.,0.));
#14816=VECTOR('',#14815,15.246089476);
#14817=LINE('',#14814,#14816);
#14818=EDGE_CURVE('',#14437,#14596,#14817,.T.);
#14819=ORIENTED_EDGE('',*,*,#14818,.T.);
#14820=EDGE_LOOP('',(#14799,#14807,#14813,#14819));
#14821=FACE_BOUND('',#14820,.T.);
#14822=ADVANCED_FACE('',(#14821),#14791,.T.);
#14823=CARTESIAN_POINT('',(1428.,-824.5,5.4));
#14824=DIRECTION('',(0.,0.819231921,-0.573462344));
#14825=DIRECTION('',(1.,0.,0.));
#14826=AXIS2_PLACEMENT_3D('',#14823,#14824,#14825);
#14827=PLANE('',#14826);
#14828=ORIENTED_EDGE('',*,*,#14442,.F.);
#14829=ORIENTED_EDGE('',*,*,#14420,.F.);
#14830=ORIENTED_EDGE('',*,*,#14607,.F.);
#14831=ORIENTED_EDGE('',*,*,#14818,.F.);
#14832=EDGE_LOOP('',(#14828,#14829,#14830,#14831));
#14833=FACE_BOUND('',#14832,.T.);
#14834=ADVANCED_FACE('',(#14833),#14827,.T.);
#14835=CARTESIAN_POINT('',(1415.5,-812.,4.4));
#14836=DIRECTION('',(1.,0.,0.));
#14837=DIRECTION('',(0.,1.,0.));
#14838=AXIS2_PLACEMENT_3D('',#14835,#14836,#14837);
#14839=PLANE('',#14838);
#14840=CARTESIAN_POINT('',(1415.5,-802.9627417,6.4));
#14841=VERTEX_POINT('',#14840);
#14842=CARTESIAN_POINT('',(1415.5,-804.376955262,5.4));
#14843=DIRECTION('',(0.,0.816496581,0.577350269));
#14844=VECTOR('',#14843,1.732050807);
#14845=LINE('',#14842,#14844);
#14846=EDGE_CURVE('',#14722,#14841,#14845,.T.);
#14847=ORIENTED_EDGE('',*,*,#14846,.T.);
#14848=CARTESIAN_POINT('',(1415.5,-821.0372583,6.4));
#14849=VERTEX_POINT('',#14848);
#14850=CARTESIAN_POINT('',(1415.5,-802.9627417,6.4));
#14851=DIRECTION('',(-0.,-1.,-0.));
#14852=VECTOR('',#14851,18.0745166);
#14853=LINE('',#14850,#14852);
#14854=EDGE_CURVE('',#14841,#14849,#14853,.T.);
#14855=ORIENTED_EDGE('',*,*,#14854,.T.);
#14856=CARTESIAN_POINT('',(1415.5,-821.0372583,6.4));
#14857=DIRECTION('',(0.,0.816496581,-0.577350269));
#14858=VECTOR('',#14857,1.732050807);
#14859=LINE('',#14856,#14858);
#14860=EDGE_CURVE('',#14849,#14588,#14859,.T.);
#14861=ORIENTED_EDGE('',*,*,#14860,.T.);
#14862=CARTESIAN_POINT('',(1415.5,-819.623044738,5.4));
#14863=DIRECTION('',(0.,1.,0.));
#14864=VECTOR('',#14863,15.246089476);
#14865=LINE('',#14862,#14864);
#14866=EDGE_CURVE('',#14588,#14722,#14865,.T.);
#14867=ORIENTED_EDGE('',*,*,#14866,.T.);
#14868=EDGE_LOOP('',(#14847,#14855,#14861,#14867));
#14869=FACE_BOUND('',#14868,.T.);
#14870=ADVANCED_FACE('',(#14869),#14839,.T.);
#14871=CARTESIAN_POINT('',(1415.5,-812.,5.4));
#14872=DIRECTION('',(0.819231921,0.,-0.573462344));
#14873=DIRECTION('',(0.,-1.,0.));
#14874=AXIS2_PLACEMENT_3D('',#14871,#14872,#14873);
#14875=PLANE('',#14874);
#14876=ORIENTED_EDGE('',*,*,#14593,.F.);
#14877=ORIENTED_EDGE('',*,*,#14562,.F.);
#14878=ORIENTED_EDGE('',*,*,#14733,.F.);
#14879=ORIENTED_EDGE('',*,*,#14866,.F.);
#14880=EDGE_LOOP('',(#14876,#14877,#14878,#14879));
#14881=FACE_BOUND('',#14880,.T.);
#14882=ADVANCED_FACE('',(#14881),#14875,.T.);
#14883=CARTESIAN_POINT('',(1428.,-799.5,4.4));
#14884=DIRECTION('',(0.,-1.,0.));
#14885=DIRECTION('',(1.,0.,0.));
#14886=AXIS2_PLACEMENT_3D('',#14883,#14884,#14885);
#14887=PLANE('',#14886);
#14888=CARTESIAN_POINT('',(1437.0372583,-799.5,6.4));
#14889=VERTEX_POINT('',#14888);
#14890=CARTESIAN_POINT('',(1435.623044738,-799.5,5.4));
#14891=DIRECTION('',(0.816496581,0.,0.577350269));
#14892=VECTOR('',#14891,1.732050807);
#14893=LINE('',#14890,#14892);
#14894=EDGE_CURVE('',#14287,#14889,#14893,.T.);
#14895=ORIENTED_EDGE('',*,*,#14894,.T.);
#14896=CARTESIAN_POINT('',(1418.9627417,-799.5,6.4));
#14897=VERTEX_POINT('',#14896);
#14898=CARTESIAN_POINT('',(1437.0372583,-799.5,6.4));
#14899=DIRECTION('',(-1.,-0.,0.));
#14900=VECTOR('',#14899,18.0745166);
#14901=LINE('',#14898,#14900);
#14902=EDGE_CURVE('',#14889,#14897,#14901,.T.);
#14903=ORIENTED_EDGE('',*,*,#14902,.T.);
#14904=CARTESIAN_POINT('',(1418.9627417,-799.5,6.4));
#14905=DIRECTION('',(0.816496581,0.,-0.577350269));
#14906=VECTOR('',#14905,1.732050807);
#14907=LINE('',#14904,#14906);
#14908=EDGE_CURVE('',#14897,#14714,#14907,.T.);
#14909=ORIENTED_EDGE('',*,*,#14908,.T.);
#14910=CARTESIAN_POINT('',(1420.376955262,-799.5,5.4));
#14911=DIRECTION('',(1.,0.,-0.));
#14912=VECTOR('',#14911,15.246089476);
#14913=LINE('',#14910,#14912);
#14914=EDGE_CURVE('',#14714,#14287,#14913,.T.);
#14915=ORIENTED_EDGE('',*,*,#14914,.T.);
#14916=EDGE_LOOP('',(#14895,#14903,#14909,#14915));
#14917=FACE_BOUND('',#14916,.T.);
#14918=ADVANCED_FACE('',(#14917),#14887,.T.);
#14919=CARTESIAN_POINT('',(1428.,-799.5,5.4));
#14920=DIRECTION('',(0.,-0.819231921,-0.573462344));
#14921=DIRECTION('',(-1.,0.,0.));
#14922=AXIS2_PLACEMENT_3D('',#14919,#14920,#14921);
#14923=PLANE('',#14922);
#14924=ORIENTED_EDGE('',*,*,#14719,.F.);
#14925=ORIENTED_EDGE('',*,*,#14688,.F.);
#14926=ORIENTED_EDGE('',*,*,#14300,.F.);
#14927=ORIENTED_EDGE('',*,*,#14914,.F.);
#14928=EDGE_LOOP('',(#14924,#14925,#14926,#14927));
#14929=FACE_BOUND('',#14928,.T.);
#14930=ADVANCED_FACE('',(#14929),#14923,.T.);
#14931=CARTESIAN_POINT('',(1416.948528137,-800.948528137,0.));
#14932=DIRECTION('',(0.5,-0.5,-0.707106781));
#14933=DIRECTION('',(0.707106781,0.707106781,0.));
#14934=AXIS2_PLACEMENT_3D('',#14931,#14932,#14933);
#14935=PLANE('',#14934);
#14936=ORIENTED_EDGE('',*,*,#14626,.F.);
#14937=ORIENTED_EDGE('',*,*,#14709,.F.);
#14938=ORIENTED_EDGE('',*,*,#14500,.F.);
#14939=CARTESIAN_POINT('',(1415.5,-802.9627417,0.4));
#14940=DIRECTION('',(-0.678598344,0.281084638,-0.678598345));
#14941=VECTOR('',#14940,0.589450303);
#14942=LINE('',#14939,#14941);
#14943=EDGE_CURVE('',#14487,#677,#14942,.T.);
#14944=ORIENTED_EDGE('',*,*,#14943,.T.);
#14945=ORIENTED_EDGE('',*,*,#682,.F.);
#14946=CARTESIAN_POINT('',(1418.797056275,-799.1,0.));
#14947=DIRECTION('',(0.281084638,-0.678598344,0.678598345));
#14948=VECTOR('',#14947,0.589450303);
#14949=LINE('',#14946,#14948);
#14950=EDGE_CURVE('',#669,#14621,#14949,.T.);
#14951=ORIENTED_EDGE('',*,*,#14950,.T.);
#14952=EDGE_LOOP('',(#14936,#14937,#14938,#14944,#14945,#14951));
#14953=FACE_BOUND('',#14952,.T.);
#14954=ADVANCED_FACE('',(#14953),#14935,.T.);
#14955=CARTESIAN_POINT('',(1420.726955262,-799.15,5.4));
#14956=DIRECTION('',(-0.5,0.5,-0.707106781));
#14957=DIRECTION('',(-0.707106781,-0.707106781,0.));
#14958=AXIS2_PLACEMENT_3D('',#14955,#14956,#14957);
#14959=PLANE('',#14958);
#14960=ORIENTED_EDGE('',*,*,#14908,.F.);
#14961=CARTESIAN_POINT('',(1418.9627417,-799.5,6.4));
#14962=DIRECTION('',(-0.281084638,0.678598344,0.678598345));
#14963=VECTOR('',#14962,0.589450303);
#14964=LINE('',#14961,#14963);
#14965=EDGE_CURVE('',#14897,#2483,#14964,.T.);
#14966=ORIENTED_EDGE('',*,*,#14965,.T.);
#14967=ORIENTED_EDGE('',*,*,#2488,.F.);
#14968=CARTESIAN_POINT('',(1415.1,-802.797056275,6.8));
#14969=DIRECTION('',(0.678598344,-0.281084638,-0.678598345));
#14970=VECTOR('',#14969,0.589450303);
#14971=LINE('',#14968,#14970);
#14972=EDGE_CURVE('',#2475,#14841,#14971,.T.);
#14973=ORIENTED_EDGE('',*,*,#14972,.T.);
#14974=ORIENTED_EDGE('',*,*,#14846,.F.);
#14975=ORIENTED_EDGE('',*,*,#14727,.F.);
#14976=EDGE_LOOP('',(#14960,#14966,#14967,#14973,#14974,#14975));
#14977=FACE_BOUND('',#14976,.T.);
#14978=ADVANCED_FACE('',(#14977),#14959,.F.);
#14979=CARTESIAN_POINT('',(1435.273044738,-824.85,5.4));
#14980=DIRECTION('',(0.5,-0.5,-0.707106781));
#14981=DIRECTION('',(0.707106781,0.707106781,0.));
#14982=AXIS2_PLACEMENT_3D('',#14979,#14980,#14981);
#14983=PLANE('',#14982);
#14984=ORIENTED_EDGE('',*,*,#14812,.F.);
#14985=CARTESIAN_POINT('',(1437.0372583,-824.5,6.4));
#14986=DIRECTION('',(0.281084638,-0.678598344,0.678598345));
#14987=VECTOR('',#14986,0.589450303);
#14988=LINE('',#14985,#14987);
#14989=EDGE_CURVE('',#14801,#2515,#14988,.T.);
#14990=ORIENTED_EDGE('',*,*,#14989,.T.);
#14991=ORIENTED_EDGE('',*,*,#2520,.F.);
#14992=CARTESIAN_POINT('',(1440.9,-821.202943725,6.8));
#14993=DIRECTION('',(-0.678598344,0.281084638,-0.678598345));
#14994=VECTOR('',#14993,0.589450303);
#14995=LINE('',#14992,#14994);
#14996=EDGE_CURVE('',#2507,#14745,#14995,.T.);
#14997=ORIENTED_EDGE('',*,*,#14996,.T.);
#14998=ORIENTED_EDGE('',*,*,#14750,.F.);
#14999=ORIENTED_EDGE('',*,*,#14450,.F.);
#15000=EDGE_LOOP('',(#14984,#14990,#14991,#14997,#14998,#14999));
#15001=FACE_BOUND('',#15000,.T.);
#15002=ADVANCED_FACE('',(#15001),#14983,.F.);
#15003=CARTESIAN_POINT('',(1416.948528137,-823.051471863,0.));
#15004=DIRECTION('',(0.5,0.5,-0.707106781));
#15005=DIRECTION('',(-0.707106781,0.707106781,0.));
#15006=AXIS2_PLACEMENT_3D('',#15003,#15004,#15005);
#15007=PLANE('',#15006);
#15008=ORIENTED_EDGE('',*,*,#14484,.F.);
#15009=ORIENTED_EDGE('',*,*,#14583,.F.);
#15010=ORIENTED_EDGE('',*,*,#14358,.F.);
#15011=CARTESIAN_POINT('',(1418.9627417,-824.5,0.4));
#15012=DIRECTION('',(-0.281084638,-0.678598344,-0.678598345));
#15013=VECTOR('',#15012,0.589450303);
#15014=LINE('',#15011,#15013);
#15015=EDGE_CURVE('',#14345,#693,#15014,.T.);
#15016=ORIENTED_EDGE('',*,*,#15015,.T.);
#15017=ORIENTED_EDGE('',*,*,#698,.F.);
#15018=CARTESIAN_POINT('',(1415.1,-821.202943725,0.));
#15019=DIRECTION('',(0.678598344,0.281084638,0.678598345));
#15020=VECTOR('',#15019,0.589450303);
#15021=LINE('',#15018,#15020);
#15022=EDGE_CURVE('',#685,#14479,#15021,.T.);
#15023=ORIENTED_EDGE('',*,*,#15022,.T.);
#15024=EDGE_LOOP('',(#15008,#15009,#15010,#15016,#15017,#15023));
#15025=FACE_BOUND('',#15024,.T.);
#15026=ADVANCED_FACE('',(#15025),#15007,.T.);
#15027=CARTESIAN_POINT('',(1440.85,-804.726955262,5.4));
#15028=DIRECTION('',(0.5,0.5,-0.707106781));
#15029=DIRECTION('',(-0.707106781,0.707106781,0.));
#15030=AXIS2_PLACEMENT_3D('',#15027,#15028,#15029);
#15031=PLANE('',#15030);
#15032=ORIENTED_EDGE('',*,*,#14764,.F.);
#15033=CARTESIAN_POINT('',(1440.5,-802.9627417,6.4));
#15034=DIRECTION('',(0.678598344,0.281084638,0.678598345));
#15035=VECTOR('',#15034,0.589450303);
#15036=LINE('',#15033,#15035);
#15037=EDGE_CURVE('',#14753,#2499,#15036,.T.);
#15038=ORIENTED_EDGE('',*,*,#15037,.T.);
#15039=ORIENTED_EDGE('',*,*,#2504,.F.);
#15040=CARTESIAN_POINT('',(1437.202943725,-799.1,6.8));
#15041=DIRECTION('',(-0.281084638,-0.678598344,-0.678598345));
#15042=VECTOR('',#15041,0.589450303);
#15043=LINE('',#15040,#15042);
#15044=EDGE_CURVE('',#2491,#14889,#15043,.T.);
#15045=ORIENTED_EDGE('',*,*,#15044,.T.);
#15046=ORIENTED_EDGE('',*,*,#14894,.F.);
#15047=ORIENTED_EDGE('',*,*,#14292,.F.);
#15048=EDGE_LOOP('',(#15032,#15038,#15039,#15045,#15046,#15047));
#15049=FACE_BOUND('',#15048,.T.);
#15050=ADVANCED_FACE('',(#15049),#15031,.F.);
#15051=CARTESIAN_POINT('',(1439.051471863,-823.051471863,0.));
#15052=DIRECTION('',(-0.5,0.5,-0.707106781));
#15053=DIRECTION('',(-0.707106781,-0.707106781,0.));
#15054=AXIS2_PLACEMENT_3D('',#15051,#15052,#15053);
#15055=PLANE('',#15054);
#15056=ORIENTED_EDGE('',*,*,#14342,.F.);
#15057=ORIENTED_EDGE('',*,*,#14464,.F.);
#15058=ORIENTED_EDGE('',*,*,#14200,.F.);
#15059=CARTESIAN_POINT('',(1440.5,-821.0372583,0.4));
#15060=DIRECTION('',(0.678598344,-0.281084638,-0.678598345));
#15061=VECTOR('',#15060,0.589450303);
#15062=LINE('',#15059,#15061);
#15063=EDGE_CURVE('',#14187,#709,#15062,.T.);
#15064=ORIENTED_EDGE('',*,*,#15063,.T.);
#15065=ORIENTED_EDGE('',*,*,#714,.F.);
#15066=CARTESIAN_POINT('',(1437.202943725,-824.9,0.));
#15067=DIRECTION('',(-0.281084638,0.678598344,0.678598345));
#15068=VECTOR('',#15067,0.589450303);
#15069=LINE('',#15066,#15068);
#15070=EDGE_CURVE('',#701,#14337,#15069,.T.);
#15071=ORIENTED_EDGE('',*,*,#15070,.T.);
#15072=EDGE_LOOP('',(#15056,#15057,#15058,#15064,#15065,#15071));
#15073=FACE_BOUND('',#15072,.T.);
#15074=ADVANCED_FACE('',(#15073),#15055,.T.);
#15075=CARTESIAN_POINT('',(1439.051471863,-800.948528137,0.));
#15076=DIRECTION('',(-0.5,-0.5,-0.707106781));
#15077=DIRECTION('',(0.707106781,-0.707106781,0.));
#15078=AXIS2_PLACEMENT_3D('',#15075,#15076,#15077);
#15079=PLANE('',#15078);
#15080=ORIENTED_EDGE('',*,*,#14184,.F.);
#15081=ORIENTED_EDGE('',*,*,#14322,.F.);
#15082=ORIENTED_EDGE('',*,*,#14640,.F.);
#15083=CARTESIAN_POINT('',(1437.0372583,-799.5,0.4));
#15084=DIRECTION('',(0.281084638,0.678598344,-0.678598345));
#15085=VECTOR('',#15084,0.589450303);
#15086=LINE('',#15083,#15085);
#15087=EDGE_CURVE('',#14629,#667,#15086,.T.);
#15088=ORIENTED_EDGE('',*,*,#15087,.T.);
#15089=ORIENTED_EDGE('',*,*,#728,.F.);
#15090=CARTESIAN_POINT('',(1440.9,-802.797056275,0.));
#15091=DIRECTION('',(-0.678598344,-0.281084638,0.678598345));
#15092=VECTOR('',#15091,0.589450303);
#15093=LINE('',#15090,#15092);
#15094=EDGE_CURVE('',#717,#14179,#15093,.T.);
#15095=ORIENTED_EDGE('',*,*,#15094,.T.);
#15096=EDGE_LOOP('',(#15080,#15081,#15082,#15088,#15089,#15095));
#15097=FACE_BOUND('',#15096,.T.);
#15098=ADVANCED_FACE('',(#15097),#15079,.T.);
#15099=CARTESIAN_POINT('',(1415.15,-819.273044738,5.4));
#15100=DIRECTION('',(-0.5,-0.5,-0.707106781));
#15101=DIRECTION('',(0.707106781,-0.707106781,0.));
#15102=AXIS2_PLACEMENT_3D('',#15099,#15100,#15101);
#15103=PLANE('',#15102);
#15104=ORIENTED_EDGE('',*,*,#14860,.F.);
#15105=CARTESIAN_POINT('',(1415.5,-821.0372583,6.4));
#15106=DIRECTION('',(-0.678598344,-0.281084638,0.678598345));
#15107=VECTOR('',#15106,0.589450303);
#15108=LINE('',#15105,#15107);
#15109=EDGE_CURVE('',#14849,#2473,#15108,.T.);
#15110=ORIENTED_EDGE('',*,*,#15109,.T.);
#15111=ORIENTED_EDGE('',*,*,#2534,.F.);
#15112=CARTESIAN_POINT('',(1418.797056275,-824.9,6.8));
#15113=DIRECTION('',(0.281084638,0.678598344,-0.678598345));
#15114=VECTOR('',#15113,0.589450303);
#15115=LINE('',#15112,#15114);
#15116=EDGE_CURVE('',#2523,#14793,#15115,.T.);
#15117=ORIENTED_EDGE('',*,*,#15116,.T.);
#15118=ORIENTED_EDGE('',*,*,#14798,.F.);
#15119=ORIENTED_EDGE('',*,*,#14601,.F.);
#15120=EDGE_LOOP('',(#15104,#15110,#15111,#15117,#15118,#15119));
#15121=FACE_BOUND('',#15120,.T.);
#15122=ADVANCED_FACE('',(#15121),#15103,.F.);
#15123=CARTESIAN_POINT('',(1415.1,-812.,6.8));
#15124=DIRECTION('',(-0.707106781,0.,-0.707106781));
#15125=DIRECTION('',(0.,1.,0.));
#15126=AXIS2_PLACEMENT_3D('',#15123,#15124,#15125);
#15127=PLANE('',#15126);
#15128=ORIENTED_EDGE('',*,*,#15109,.F.);
#15129=ORIENTED_EDGE('',*,*,#14854,.F.);
#15130=ORIENTED_EDGE('',*,*,#14972,.F.);
#15131=ORIENTED_EDGE('',*,*,#2480,.F.);
#15132=EDGE_LOOP('',(#15128,#15129,#15130,#15131));
#15133=FACE_BOUND('',#15132,.T.);
#15134=ADVANCED_FACE('',(#15133),#15127,.F.);
#15135=CARTESIAN_POINT('',(1428.,-799.1,0.));
#15136=DIRECTION('',(0.,-0.707106781,-0.707106781));
#15137=DIRECTION('',(1.,0.,0.));
#15138=AXIS2_PLACEMENT_3D('',#15135,#15136,#15137);
#15139=PLANE('',#15138);
#15140=ORIENTED_EDGE('',*,*,#15087,.F.);
#15141=ORIENTED_EDGE('',*,*,#14634,.F.);
#15142=ORIENTED_EDGE('',*,*,#14950,.F.);
#15143=ORIENTED_EDGE('',*,*,#674,.F.);
#15144=EDGE_LOOP('',(#15140,#15141,#15142,#15143));
#15145=FACE_BOUND('',#15144,.T.);
#15146=ADVANCED_FACE('',(#15145),#15139,.T.);
#15147=CARTESIAN_POINT('',(1440.9,-812.,0.));
#15148=DIRECTION('',(-0.707106781,0.,-0.707106781));
#15149=DIRECTION('',(0.,-1.,0.));
#15150=AXIS2_PLACEMENT_3D('',#15147,#15148,#15149);
#15151=PLANE('',#15150);
#15152=ORIENTED_EDGE('',*,*,#15063,.F.);
#15153=ORIENTED_EDGE('',*,*,#14192,.F.);
#15154=ORIENTED_EDGE('',*,*,#15094,.F.);
#15155=ORIENTED_EDGE('',*,*,#722,.F.);
#15156=EDGE_LOOP('',(#15152,#15153,#15154,#15155));
#15157=FACE_BOUND('',#15156,.T.);
#15158=ADVANCED_FACE('',(#15157),#15151,.T.);
#15159=CARTESIAN_POINT('',(1428.,-824.9,6.8));
#15160=DIRECTION('',(0.,-0.707106781,-0.707106781));
#15161=DIRECTION('',(-1.,0.,0.));
#15162=AXIS2_PLACEMENT_3D('',#15159,#15160,#15161);
#15163=PLANE('',#15162);
#15164=ORIENTED_EDGE('',*,*,#14989,.F.);
#15165=ORIENTED_EDGE('',*,*,#14806,.F.);
#15166=ORIENTED_EDGE('',*,*,#15116,.F.);
#15167=ORIENTED_EDGE('',*,*,#2528,.F.);
#15168=EDGE_LOOP('',(#15164,#15165,#15166,#15167));
#15169=FACE_BOUND('',#15168,.T.);
#15170=ADVANCED_FACE('',(#15169),#15163,.F.);
#15171=CARTESIAN_POINT('',(1440.9,-812.,6.8));
#15172=DIRECTION('',(0.707106781,0.,-0.707106781));
#15173=DIRECTION('',(0.,-1.,0.));
#15174=AXIS2_PLACEMENT_3D('',#15171,#15172,#15173);
#15175=PLANE('',#15174);
#15176=ORIENTED_EDGE('',*,*,#15037,.F.);
#15177=ORIENTED_EDGE('',*,*,#14758,.F.);
#15178=ORIENTED_EDGE('',*,*,#14996,.F.);
#15179=ORIENTED_EDGE('',*,*,#2512,.F.);
#15180=EDGE_LOOP('',(#15176,#15177,#15178,#15179));
#15181=FACE_BOUND('',#15180,.T.);
#15182=ADVANCED_FACE('',(#15181),#15175,.F.);
#15183=CARTESIAN_POINT('',(1428.,-799.1,6.8));
#15184=DIRECTION('',(0.,0.707106781,-0.707106781));
#15185=DIRECTION('',(1.,0.,0.));
#15186=AXIS2_PLACEMENT_3D('',#15183,#15184,#15185);
#15187=PLANE('',#15186);
#15188=ORIENTED_EDGE('',*,*,#14965,.F.);
#15189=ORIENTED_EDGE('',*,*,#14902,.F.);
#15190=ORIENTED_EDGE('',*,*,#15044,.F.);
#15191=ORIENTED_EDGE('',*,*,#2496,.F.);
#15192=EDGE_LOOP('',(#15188,#15189,#15190,#15191));
#15193=FACE_BOUND('',#15192,.T.);
#15194=ADVANCED_FACE('',(#15193),#15187,.F.);
#15195=CARTESIAN_POINT('',(1415.1,-812.,0.));
#15196=DIRECTION('',(0.707106781,0.,-0.707106781));
#15197=DIRECTION('',(0.,1.,0.));
#15198=AXIS2_PLACEMENT_3D('',#15195,#15196,#15197);
#15199=PLANE('',#15198);
#15200=ORIENTED_EDGE('',*,*,#14943,.F.);
#15201=ORIENTED_EDGE('',*,*,#14492,.F.);
#15202=ORIENTED_EDGE('',*,*,#15022,.F.);
#15203=ORIENTED_EDGE('',*,*,#690,.F.);
#15204=EDGE_LOOP('',(#15200,#15201,#15202,#15203));
#15205=FACE_BOUND('',#15204,.T.);
#15206=ADVANCED_FACE('',(#15205),#15199,.T.);
#15207=CARTESIAN_POINT('',(1428.,-824.9,0.));
#15208=DIRECTION('',(0.,0.707106781,-0.707106781));
#15209=DIRECTION('',(-1.,0.,0.));
#15210=AXIS2_PLACEMENT_3D('',#15207,#15208,#15209);
#15211=PLANE('',#15210);
#15212=ORIENTED_EDGE('',*,*,#15015,.F.);
#15213=ORIENTED_EDGE('',*,*,#14350,.F.);
#15214=ORIENTED_EDGE('',*,*,#15070,.F.);
#15215=ORIENTED_EDGE('',*,*,#706,.F.);
#15216=EDGE_LOOP('',(#15212,#15213,#15214,#15215));
#15217=FACE_BOUND('',#15216,.T.);
#15218=ADVANCED_FACE('',(#15217),#15211,.T.);
#15219=CARTESIAN_POINT('',(1440.63706751,-800.1,4.6));
#15220=DIRECTION('',(0.,0.,-1.));
#15221=DIRECTION('',(-1.,0.,0.));
#15222=AXIS2_PLACEMENT_3D('',#15219,#15220,#15221);
#15223=CYLINDRICAL_SURFACE('',#15222,0.5);
#15224=ORIENTED_EDGE('',*,*,#14012,.T.);
#15225=CARTESIAN_POINT('',(1440.843880461,-800.555223465,4.6));
#15226=DIRECTION('',(0.,0.,-1.));
#15227=VECTOR('',#15226,2.4);
#15228=LINE('',#15225,#15227);
#15229=EDGE_CURVE('',#13997,#14047,#15228,.T.);
#15230=ORIENTED_EDGE('',*,*,#15229,.T.);
#15231=ORIENTED_EDGE('',*,*,#14053,.T.);
#15232=CARTESIAN_POINT('',(1440.63706751,-800.6,2.2));
#15233=DIRECTION('',(-0.,-0.,1.));
#15234=VECTOR('',#15233,2.4);
#15235=LINE('',#15232,#15234);
#15236=EDGE_CURVE('',#14039,#14006,#15235,.T.);
#15237=ORIENTED_EDGE('',*,*,#15236,.T.);
#15238=EDGE_LOOP('',(#15224,#15230,#15231,#15237));
#15239=FACE_BOUND('',#15238,.T.);
#15240=ADVANCED_FACE('',(#15239),#15223,.F.);
#15241=CARTESIAN_POINT('',(1440.125,-800.6,4.6));
#15242=DIRECTION('',(0.,1.,0.));
#15243=DIRECTION('',(0.,0.,1.));
#15244=AXIS2_PLACEMENT_3D('',#15241,#15242,#15243);
#15245=PLANE('',#15244);
#15246=ORIENTED_EDGE('',*,*,#14044,.F.);
#15247=CARTESIAN_POINT('',(1439.5,-800.6,4.6));
#15248=DIRECTION('',(0.,0.,-1.));
#15249=VECTOR('',#15248,2.4);
#15250=LINE('',#15247,#15249);
#15251=EDGE_CURVE('',#13944,#14030,#15250,.T.);
#15252=ORIENTED_EDGE('',*,*,#15251,.F.);
#15253=ORIENTED_EDGE('',*,*,#14018,.T.);
#15254=ORIENTED_EDGE('',*,*,#15236,.F.);
#15255=EDGE_LOOP('',(#15246,#15252,#15253,#15254));
#15256=FACE_BOUND('',#15255,.T.);
#15257=ADVANCED_FACE('',(#15256),#15245,.T.);
#15258=CARTESIAN_POINT('',(1442.,-803.1,4.6));
#15259=DIRECTION('',(0.,0.,-1.));
#15260=DIRECTION('',(-1.,0.,0.));
#15261=AXIS2_PLACEMENT_3D('',#15258,#15259,#15260);
#15262=CYLINDRICAL_SURFACE('',#15261,2.795084972);
#15263=ORIENTED_EDGE('',*,*,#14003,.F.);
#15264=CARTESIAN_POINT('',(1441.725442863,-800.318432388,2.2));
#15265=DIRECTION('',(-0.,-0.,1.));
#15266=VECTOR('',#15265,2.4);
#15267=LINE('',#15264,#15266);
#15268=EDGE_CURVE('',#14056,#13988,#15267,.T.);
#15269=ORIENTED_EDGE('',*,*,#15268,.F.);
#15270=ORIENTED_EDGE('',*,*,#14062,.T.);
#15271=ORIENTED_EDGE('',*,*,#15229,.F.);
#15272=EDGE_LOOP('',(#15263,#15269,#15270,#15271));
#15273=FACE_BOUND('',#15272,.T.);
#15274=ADVANCED_FACE('',(#15273),#15262,.T.);
#15275=CARTESIAN_POINT('',(1441.75,-800.567223359,4.6));
#15276=DIRECTION('',(0.,0.,-1.));
#15277=DIRECTION('',(-1.,0.,0.));
#15278=AXIS2_PLACEMENT_3D('',#15275,#15276,#15277);
#15279=CYLINDRICAL_SURFACE('',#15278,0.25);
#15280=ORIENTED_EDGE('',*,*,#13994,.T.);
#15281=ORIENTED_EDGE('',*,*,#10425,.T.);
#15282=ORIENTED_EDGE('',*,*,#14069,.T.);
#15283=ORIENTED_EDGE('',*,*,#15268,.T.);
#15284=EDGE_LOOP('',(#15280,#15281,#15282,#15283));
#15285=FACE_BOUND('',#15284,.T.);
#15286=ADVANCED_FACE('',(#15285),#15279,.T.);
#15287=CARTESIAN_POINT('',(1439.5,-826.,4.6));
#15288=DIRECTION('',(0.,0.,-1.));
#15289=DIRECTION('',(-1.,0.,0.));
#15290=AXIS2_PLACEMENT_3D('',#15287,#15288,#15289);
#15291=CYLINDRICAL_SURFACE('',#15290,2.6);
#15292=CARTESIAN_POINT('',(1436.9,-826.,2.2));
#15293=VERTEX_POINT('',#15292);
#15294=CARTESIAN_POINT('',(1436.9,-826.,4.6));
#15295=VERTEX_POINT('',#15294);
#15296=CARTESIAN_POINT('',(1436.9,-826.,2.2));
#15297=DIRECTION('',(-0.,-0.,1.));
#15298=VECTOR('',#15297,2.4);
#15299=LINE('',#15296,#15298);
#15300=EDGE_CURVE('',#15293,#15295,#15299,.T.);
#15301=ORIENTED_EDGE('',*,*,#15300,.F.);
#15302=CARTESIAN_POINT('',(1439.5,-823.4,2.2));
#15303=VERTEX_POINT('',#15302);
#15304=CARTESIAN_POINT('',(1439.5,-826.,2.2));
#15305=DIRECTION('',(-0.,-0.,1.));
#15306=DIRECTION('',(-1.,0.,0.));
#15307=AXIS2_PLACEMENT_3D('',#15304,#15305,#15306);
#15308=CIRCLE('',#15307,2.6);
#15309=EDGE_CURVE('',#15303,#15293,#15308,.T.);
#15310=ORIENTED_EDGE('',*,*,#15309,.F.);
#15311=CARTESIAN_POINT('',(1439.5,-823.4,4.6));
#15312=VERTEX_POINT('',#15311);
#15313=CARTESIAN_POINT('',(1439.5,-823.4,4.6));
#15314=DIRECTION('',(-0.,-0.,-1.));
#15315=VECTOR('',#15314,2.4);
#15316=LINE('',#15313,#15315);
#15317=EDGE_CURVE('',#15312,#15303,#15316,.T.);
#15318=ORIENTED_EDGE('',*,*,#15317,.F.);
#15319=CARTESIAN_POINT('',(1439.5,-826.,4.6));
#15320=DIRECTION('',(-0.,-0.,1.));
#15321=DIRECTION('',(-1.,0.,0.));
#15322=AXIS2_PLACEMENT_3D('',#15319,#15320,#15321);
#15323=CIRCLE('',#15322,2.6);
#15324=EDGE_CURVE('',#15312,#15295,#15323,.T.);
#15325=ORIENTED_EDGE('',*,*,#15324,.T.);
#15326=EDGE_LOOP('',(#15301,#15310,#15318,#15325));
#15327=FACE_BOUND('',#15326,.T.);
#15328=ADVANCED_FACE('',(#15327),#15291,.F.);
#15329=CARTESIAN_POINT('',(1428.,-840.,4.6));
#15330=DIRECTION('',(0.,0.,1.));
#15331=DIRECTION('',(1.,0.,0.));
#15332=AXIS2_PLACEMENT_3D('',#15329,#15330,#15331);
#15333=PLANE('',#15332);
#15334=CARTESIAN_POINT('',(1439.5,-828.6,4.6));
#15335=VERTEX_POINT('',#15334);
#15336=CARTESIAN_POINT('',(1439.5,-826.,4.6));
#15337=DIRECTION('',(-0.,-0.,1.));
#15338=DIRECTION('',(-1.,0.,0.));
#15339=AXIS2_PLACEMENT_3D('',#15336,#15337,#15338);
#15340=CIRCLE('',#15339,2.6);
#15341=EDGE_CURVE('',#15295,#15335,#15340,.T.);
#15342=ORIENTED_EDGE('',*,*,#15341,.F.);
#15343=ORIENTED_EDGE('',*,*,#15324,.F.);
#15344=CARTESIAN_POINT('',(1440.63706751,-823.4,4.6));
#15345=VERTEX_POINT('',#15344);
#15346=CARTESIAN_POINT('',(1439.5,-823.4,4.6));
#15347=DIRECTION('',(1.,0.,-0.));
#15348=VECTOR('',#15347,1.13706751);
#15349=LINE('',#15346,#15348);
#15350=EDGE_CURVE('',#15312,#15345,#15349,.T.);
#15351=ORIENTED_EDGE('',*,*,#15350,.T.);
#15352=CARTESIAN_POINT('',(1440.843880461,-823.444776535,4.6));
#15353=VERTEX_POINT('',#15352);
#15354=CARTESIAN_POINT('',(1440.63706751,-823.9,4.6));
#15355=DIRECTION('',(-0.,-0.,1.));
#15356=DIRECTION('',(-1.,0.,0.));
#15357=AXIS2_PLACEMENT_3D('',#15354,#15355,#15356);
#15358=CIRCLE('',#15357,0.5);
#15359=EDGE_CURVE('',#15353,#15345,#15358,.T.);
#15360=ORIENTED_EDGE('',*,*,#15359,.F.);
#15361=CARTESIAN_POINT('',(1441.725442863,-823.681567612,4.6));
#15362=VERTEX_POINT('',#15361);
#15363=CARTESIAN_POINT('',(1442.,-820.9,4.6));
#15364=DIRECTION('',(-0.,-0.,1.));
#15365=DIRECTION('',(-1.,0.,0.));
#15366=AXIS2_PLACEMENT_3D('',#15363,#15364,#15365);
#15367=CIRCLE('',#15366,2.795084972);
#15368=EDGE_CURVE('',#15353,#15362,#15367,.T.);
#15369=ORIENTED_EDGE('',*,*,#15368,.T.);
#15370=CARTESIAN_POINT('',(1441.75,-823.432776641,4.6));
#15371=DIRECTION('',(0.,0.,-1.));
#15372=DIRECTION('',(-1.,0.,0.));
#15373=AXIS2_PLACEMENT_3D('',#15370,#15371,#15372);
#15374=CIRCLE('',#15373,0.25);
#15375=EDGE_CURVE('',#10462,#15362,#15374,.T.);
#15376=ORIENTED_EDGE('',*,*,#15375,.F.);
#15377=ORIENTED_EDGE('',*,*,#10467,.F.);
#15378=CARTESIAN_POINT('',(1441.725442863,-828.318432388,4.6));
#15379=VERTEX_POINT('',#15378);
#15380=CARTESIAN_POINT('',(1441.75,-828.567223359,4.6));
#15381=DIRECTION('',(0.,0.,-1.));
#15382=DIRECTION('',(-1.,0.,0.));
#15383=AXIS2_PLACEMENT_3D('',#15380,#15381,#15382);
#15384=CIRCLE('',#15383,0.25);
#15385=EDGE_CURVE('',#15379,#10452,#15384,.T.);
#15386=ORIENTED_EDGE('',*,*,#15385,.F.);
#15387=CARTESIAN_POINT('',(1440.843880461,-828.555223465,4.6));
#15388=VERTEX_POINT('',#15387);
#15389=CARTESIAN_POINT('',(1442.,-831.1,4.6));
#15390=DIRECTION('',(-0.,-0.,1.));
#15391=DIRECTION('',(-1.,0.,0.));
#15392=AXIS2_PLACEMENT_3D('',#15389,#15390,#15391);
#15393=CIRCLE('',#15392,2.795084972);
#15394=EDGE_CURVE('',#15379,#15388,#15393,.T.);
#15395=ORIENTED_EDGE('',*,*,#15394,.T.);
#15396=CARTESIAN_POINT('',(1440.63706751,-828.6,4.6));
#15397=VERTEX_POINT('',#15396);
#15398=CARTESIAN_POINT('',(1440.63706751,-828.1,4.6));
#15399=DIRECTION('',(-0.,-0.,1.));
#15400=DIRECTION('',(-1.,0.,0.));
#15401=AXIS2_PLACEMENT_3D('',#15398,#15399,#15400);
#15402=CIRCLE('',#15401,0.5);
#15403=EDGE_CURVE('',#15397,#15388,#15402,.T.);
#15404=ORIENTED_EDGE('',*,*,#15403,.F.);
#15405=CARTESIAN_POINT('',(1439.5,-828.6,4.6));
#15406=DIRECTION('',(1.,0.,-0.));
#15407=VECTOR('',#15406,1.13706751);
#15408=LINE('',#15405,#15407);
#15409=EDGE_CURVE('',#15335,#15397,#15408,.T.);
#15410=ORIENTED_EDGE('',*,*,#15409,.F.);
#15411=EDGE_LOOP('',(#15342,#15343,#15351,#15360,#15369,#15376,#15377,#15386,#15395,#15404,#15410));
#15412=FACE_BOUND('',#15411,.T.);
#15413=ADVANCED_FACE('',(#15412),#15333,.F.);
#15414=CARTESIAN_POINT('',(1428.,-840.,2.2));
#15415=DIRECTION('',(0.,0.,1.));
#15416=DIRECTION('',(1.,0.,0.));
#15417=AXIS2_PLACEMENT_3D('',#15414,#15415,#15416);
#15418=PLANE('',#15417);
#15419=ORIENTED_EDGE('',*,*,#15309,.T.);
#15420=CARTESIAN_POINT('',(1439.5,-828.6,2.2));
#15421=VERTEX_POINT('',#15420);
#15422=CARTESIAN_POINT('',(1439.5,-826.,2.2));
#15423=DIRECTION('',(-0.,-0.,1.));
#15424=DIRECTION('',(-1.,0.,0.));
#15425=AXIS2_PLACEMENT_3D('',#15422,#15423,#15424);
#15426=CIRCLE('',#15425,2.6);
#15427=EDGE_CURVE('',#15293,#15421,#15426,.T.);
#15428=ORIENTED_EDGE('',*,*,#15427,.T.);
#15429=CARTESIAN_POINT('',(1440.63706751,-828.6,2.2));
#15430=VERTEX_POINT('',#15429);
#15431=CARTESIAN_POINT('',(1439.5,-828.6,2.2));
#15432=DIRECTION('',(1.,0.,-0.));
#15433=VECTOR('',#15432,1.13706751);
#15434=LINE('',#15431,#15433);
#15435=EDGE_CURVE('',#15421,#15430,#15434,.T.);
#15436=ORIENTED_EDGE('',*,*,#15435,.T.);
#15437=CARTESIAN_POINT('',(1440.843880461,-828.555223465,2.2));
#15438=VERTEX_POINT('',#15437);
#15439=CARTESIAN_POINT('',(1440.63706751,-828.1,2.2));
#15440=DIRECTION('',(0.,0.,-1.));
#15441=DIRECTION('',(-1.,0.,0.));
#15442=AXIS2_PLACEMENT_3D('',#15439,#15440,#15441);
#15443=CIRCLE('',#15442,0.5);
#15444=EDGE_CURVE('',#15438,#15430,#15443,.T.);
#15445=ORIENTED_EDGE('',*,*,#15444,.F.);
#15446=CARTESIAN_POINT('',(1441.725442863,-828.318432388,2.2));
#15447=VERTEX_POINT('',#15446);
#15448=CARTESIAN_POINT('',(1442.,-831.1,2.2));
#15449=DIRECTION('',(-0.,-0.,1.));
#15450=DIRECTION('',(-1.,0.,0.));
#15451=AXIS2_PLACEMENT_3D('',#15448,#15449,#15450);
#15452=CIRCLE('',#15451,2.795084972);
#15453=EDGE_CURVE('',#15447,#15438,#15452,.T.);
#15454=ORIENTED_EDGE('',*,*,#15453,.F.);
#15455=CARTESIAN_POINT('',(1441.75,-828.567223359,2.2));
#15456=DIRECTION('',(-0.,-0.,1.));
#15457=DIRECTION('',(-1.,0.,0.));
#15458=AXIS2_PLACEMENT_3D('',#15455,#15456,#15457);
#15459=CIRCLE('',#15458,0.25);
#15460=EDGE_CURVE('',#10454,#15447,#15459,.T.);
#15461=ORIENTED_EDGE('',*,*,#15460,.F.);
#15462=ORIENTED_EDGE('',*,*,#10481,.T.);
#15463=CARTESIAN_POINT('',(1441.725442863,-823.681567612,2.2));
#15464=VERTEX_POINT('',#15463);
#15465=CARTESIAN_POINT('',(1441.75,-823.432776641,2.2));
#15466=DIRECTION('',(-0.,-0.,1.));
#15467=DIRECTION('',(-1.,0.,0.));
#15468=AXIS2_PLACEMENT_3D('',#15465,#15466,#15467);
#15469=CIRCLE('',#15468,0.25);
#15470=EDGE_CURVE('',#15464,#10470,#15469,.T.);
#15471=ORIENTED_EDGE('',*,*,#15470,.F.);
#15472=CARTESIAN_POINT('',(1440.843880461,-823.444776535,2.2));
#15473=VERTEX_POINT('',#15472);
#15474=CARTESIAN_POINT('',(1442.,-820.9,2.2));
#15475=DIRECTION('',(-0.,-0.,1.));
#15476=DIRECTION('',(-1.,0.,0.));
#15477=AXIS2_PLACEMENT_3D('',#15474,#15475,#15476);
#15478=CIRCLE('',#15477,2.795084972);
#15479=EDGE_CURVE('',#15473,#15464,#15478,.T.);
#15480=ORIENTED_EDGE('',*,*,#15479,.F.);
#15481=CARTESIAN_POINT('',(1440.63706751,-823.4,2.2));
#15482=VERTEX_POINT('',#15481);
#15483=CARTESIAN_POINT('',(1440.63706751,-823.9,2.2));
#15484=DIRECTION('',(0.,0.,-1.));
#15485=DIRECTION('',(-1.,0.,0.));
#15486=AXIS2_PLACEMENT_3D('',#15483,#15484,#15485);
#15487=CIRCLE('',#15486,0.5);
#15488=EDGE_CURVE('',#15482,#15473,#15487,.T.);
#15489=ORIENTED_EDGE('',*,*,#15488,.F.);
#15490=CARTESIAN_POINT('',(1439.5,-823.4,2.2));
#15491=DIRECTION('',(1.,0.,-0.));
#15492=VECTOR('',#15491,1.13706751);
#15493=LINE('',#15490,#15492);
#15494=EDGE_CURVE('',#15303,#15482,#15493,.T.);
#15495=ORIENTED_EDGE('',*,*,#15494,.F.);
#15496=EDGE_LOOP('',(#15419,#15428,#15436,#15445,#15454,#15461,#15462,#15471,#15480,#15489,#15495));
#15497=FACE_BOUND('',#15496,.T.);
#15498=ADVANCED_FACE('',(#15497),#15418,.T.);
#15499=CARTESIAN_POINT('',(1440.125,-823.4,4.6));
#15500=DIRECTION('',(0.,1.,0.));
#15501=DIRECTION('',(0.,0.,1.));
#15502=AXIS2_PLACEMENT_3D('',#15499,#15500,#15501);
#15503=PLANE('',#15502);
#15504=ORIENTED_EDGE('',*,*,#15350,.F.);
#15505=ORIENTED_EDGE('',*,*,#15317,.T.);
#15506=ORIENTED_EDGE('',*,*,#15494,.T.);
#15507=CARTESIAN_POINT('',(1440.63706751,-823.4,4.6));
#15508=DIRECTION('',(0.,0.,-1.));
#15509=VECTOR('',#15508,2.4);
#15510=LINE('',#15507,#15509);
#15511=EDGE_CURVE('',#15345,#15482,#15510,.T.);
#15512=ORIENTED_EDGE('',*,*,#15511,.F.);
#15513=EDGE_LOOP('',(#15504,#15505,#15506,#15512));
#15514=FACE_BOUND('',#15513,.T.);
#15515=ADVANCED_FACE('',(#15514),#15503,.F.);
#15516=CARTESIAN_POINT('',(1440.63706751,-823.9,4.6));
#15517=DIRECTION('',(0.,0.,-1.));
#15518=DIRECTION('',(-1.,0.,0.));
#15519=AXIS2_PLACEMENT_3D('',#15516,#15517,#15518);
#15520=CYLINDRICAL_SURFACE('',#15519,0.5);
#15521=ORIENTED_EDGE('',*,*,#15359,.T.);
#15522=ORIENTED_EDGE('',*,*,#15511,.T.);
#15523=ORIENTED_EDGE('',*,*,#15488,.T.);
#15524=CARTESIAN_POINT('',(1440.843880461,-823.444776535,2.2));
#15525=DIRECTION('',(-0.,-0.,1.));
#15526=VECTOR('',#15525,2.4);
#15527=LINE('',#15524,#15526);
#15528=EDGE_CURVE('',#15473,#15353,#15527,.T.);
#15529=ORIENTED_EDGE('',*,*,#15528,.T.);
#15530=EDGE_LOOP('',(#15521,#15522,#15523,#15529));
#15531=FACE_BOUND('',#15530,.T.);
#15532=ADVANCED_FACE('',(#15531),#15520,.F.);
#15533=CARTESIAN_POINT('',(1442.,-820.9,4.6));
#15534=DIRECTION('',(0.,0.,-1.));
#15535=DIRECTION('',(-1.,0.,0.));
#15536=AXIS2_PLACEMENT_3D('',#15533,#15534,#15535);
#15537=CYLINDRICAL_SURFACE('',#15536,2.795084972);
#15538=ORIENTED_EDGE('',*,*,#15479,.T.);
#15539=CARTESIAN_POINT('',(1441.725442863,-823.681567612,4.6));
#15540=DIRECTION('',(0.,0.,-1.));
#15541=VECTOR('',#15540,2.4);
#15542=LINE('',#15539,#15541);
#15543=EDGE_CURVE('',#15362,#15464,#15542,.T.);
#15544=ORIENTED_EDGE('',*,*,#15543,.F.);
#15545=ORIENTED_EDGE('',*,*,#15368,.F.);
#15546=ORIENTED_EDGE('',*,*,#15528,.F.);
#15547=EDGE_LOOP('',(#15538,#15544,#15545,#15546));
#15548=FACE_BOUND('',#15547,.T.);
#15549=ADVANCED_FACE('',(#15548),#15537,.T.);
#15550=CARTESIAN_POINT('',(1441.75,-823.432776641,4.6));
#15551=DIRECTION('',(0.,0.,-1.));
#15552=DIRECTION('',(-1.,0.,0.));
#15553=AXIS2_PLACEMENT_3D('',#15550,#15551,#15552);
#15554=CYLINDRICAL_SURFACE('',#15553,0.25);
#15555=ORIENTED_EDGE('',*,*,#15375,.T.);
#15556=ORIENTED_EDGE('',*,*,#15543,.T.);
#15557=ORIENTED_EDGE('',*,*,#15470,.T.);
#15558=ORIENTED_EDGE('',*,*,#10475,.T.);
#15559=EDGE_LOOP('',(#15555,#15556,#15557,#15558));
#15560=FACE_BOUND('',#15559,.T.);
#15561=ADVANCED_FACE('',(#15560),#15554,.T.);
#15562=CARTESIAN_POINT('',(1440.5,-896.,2.4));
#15563=DIRECTION('',(-1.,0.,0.));
#15564=DIRECTION('',(0.,-1.,0.));
#15565=AXIS2_PLACEMENT_3D('',#15562,#15563,#15564);
#15566=PLANE('',#15565);
#15567=CARTESIAN_POINT('',(1440.5,-888.376955262,1.4));
#15568=VERTEX_POINT('',#15567);
#15569=CARTESIAN_POINT('',(1440.5,-886.9627417,0.4));
#15570=VERTEX_POINT('',#15569);
#15571=CARTESIAN_POINT('',(1440.5,-888.376955262,1.4));
#15572=DIRECTION('',(0.,0.816496581,-0.577350269));
#15573=VECTOR('',#15572,1.732050807);
#15574=LINE('',#15571,#15573);
#15575=EDGE_CURVE('',#15568,#15570,#15574,.T.);
#15576=ORIENTED_EDGE('',*,*,#15575,.T.);
#15577=CARTESIAN_POINT('',(1440.5,-905.0372583,0.4));
#15578=VERTEX_POINT('',#15577);
#15579=CARTESIAN_POINT('',(1440.5,-886.9627417,0.4));
#15580=DIRECTION('',(0.,-1.,0.));
#15581=VECTOR('',#15580,18.0745166);
#15582=LINE('',#15579,#15581);
#15583=EDGE_CURVE('',#15570,#15578,#15582,.T.);
#15584=ORIENTED_EDGE('',*,*,#15583,.T.);
#15585=CARTESIAN_POINT('',(1440.5,-903.623044738,1.4));
#15586=VERTEX_POINT('',#15585);
#15587=CARTESIAN_POINT('',(1440.5,-905.0372583,0.4));
#15588=DIRECTION('',(0.,0.816496581,0.577350269));
#15589=VECTOR('',#15588,1.732050807);
#15590=LINE('',#15587,#15589);
#15591=EDGE_CURVE('',#15578,#15586,#15590,.T.);
#15592=ORIENTED_EDGE('',*,*,#15591,.T.);
#15593=CARTESIAN_POINT('',(1440.5,-903.623044738,1.4));
#15594=DIRECTION('',(-0.,1.,-0.));
#15595=VECTOR('',#15594,15.246089476);
#15596=LINE('',#15593,#15595);
#15597=EDGE_CURVE('',#15586,#15568,#15596,.T.);
#15598=ORIENTED_EDGE('',*,*,#15597,.T.);
#15599=EDGE_LOOP('',(#15576,#15584,#15592,#15598));
#15600=FACE_BOUND('',#15599,.T.);
#15601=ADVANCED_FACE('',(#15600),#15566,.T.);
#15602=CARTESIAN_POINT('',(1440.5,-896.,1.4));
#15603=DIRECTION('',(0.819231921,0.,-0.573462344));
#15604=DIRECTION('',(0.,1.,0.));
#15605=AXIS2_PLACEMENT_3D('',#15602,#15603,#15604);
#15606=PLANE('',#15605);
#15607=CARTESIAN_POINT('',(1441.2,-902.923044738,2.4));
#15608=VERTEX_POINT('',#15607);
#15609=CARTESIAN_POINT('',(1441.2,-902.923044738,2.4));
#15610=DIRECTION('',(-0.497468338,-0.497468338,-0.710669055));
#15611=VECTOR('',#15610,1.407124728);
#15612=LINE('',#15609,#15611);
#15613=EDGE_CURVE('',#15608,#15586,#15612,.T.);
#15614=ORIENTED_EDGE('',*,*,#15613,.F.);
#15615=CARTESIAN_POINT('',(1441.2,-889.076955262,2.4));
#15616=VERTEX_POINT('',#15615);
#15617=CARTESIAN_POINT('',(1441.199999999,-902.923044738,2.4));
#15618=DIRECTION('',(0.,1.,0.));
#15619=VECTOR('',#15618,13.846089476);
#15620=LINE('',#15617,#15619);
#15621=EDGE_CURVE('',#15608,#15616,#15620,.T.);
#15622=ORIENTED_EDGE('',*,*,#15621,.T.);
#15623=CARTESIAN_POINT('',(1440.5,-888.376955262,1.4));
#15624=DIRECTION('',(0.497468338,-0.497468338,0.710669055));
#15625=VECTOR('',#15624,1.407124728);
#15626=LINE('',#15623,#15625);
#15627=EDGE_CURVE('',#15568,#15616,#15626,.T.);
#15628=ORIENTED_EDGE('',*,*,#15627,.F.);
#15629=ORIENTED_EDGE('',*,*,#15597,.F.);
#15630=EDGE_LOOP('',(#15614,#15622,#15628,#15629));
#15631=FACE_BOUND('',#15630,.T.);
#15632=ADVANCED_FACE('',(#15631),#15606,.F.);
#15633=CARTESIAN_POINT('',(1441.2,-896.,6.8));
#15634=DIRECTION('',(-1.,0.,0.));
#15635=DIRECTION('',(0.,-1.,0.));
#15636=AXIS2_PLACEMENT_3D('',#15633,#15634,#15635);
#15637=PLANE('',#15636);
#15638=ORIENTED_EDGE('',*,*,#15621,.F.);
#15639=CARTESIAN_POINT('',(1441.2,-902.923044738,4.4));
#15640=VERTEX_POINT('',#15639);
#15641=CARTESIAN_POINT('',(1441.2,-902.923044738,4.4));
#15642=DIRECTION('',(-0.,-0.,-1.));
#15643=VECTOR('',#15642,2.);
#15644=LINE('',#15641,#15643);
#15645=EDGE_CURVE('',#15640,#15608,#15644,.T.);
#15646=ORIENTED_EDGE('',*,*,#15645,.F.);
#15647=CARTESIAN_POINT('',(1441.2,-889.076955262,4.4));
#15648=VERTEX_POINT('',#15647);
#15649=CARTESIAN_POINT('',(1441.2,-902.923044738,4.4));
#15650=DIRECTION('',(-0.,1.,-0.));
#15651=VECTOR('',#15650,13.846089476);
#15652=LINE('',#15649,#15651);
#15653=EDGE_CURVE('',#15640,#15648,#15652,.T.);
#15654=ORIENTED_EDGE('',*,*,#15653,.T.);
#15655=CARTESIAN_POINT('',(1441.2,-889.076955262,4.4));
#15656=DIRECTION('',(-0.,-0.,-1.));
#15657=VECTOR('',#15656,2.);
#15658=LINE('',#15655,#15657);
#15659=EDGE_CURVE('',#15648,#15616,#15658,.T.);
#15660=ORIENTED_EDGE('',*,*,#15659,.T.);
#15661=EDGE_LOOP('',(#15638,#15646,#15654,#15660));
#15662=FACE_BOUND('',#15661,.T.);
#15663=ADVANCED_FACE('',(#15662),#15637,.T.);
#15664=CARTESIAN_POINT('',(1440.85,-888.726955262,6.8));
#15665=DIRECTION('',(-0.707106781,-0.707106781,0.));
#15666=DIRECTION('',(0.707106781,-0.707106781,0.));
#15667=AXIS2_PLACEMENT_3D('',#15664,#15665,#15666);
#15668=PLANE('',#15667);
#15669=CARTESIAN_POINT('',(1440.5,-888.376955262,5.4));
#15670=VERTEX_POINT('',#15669);
#15671=CARTESIAN_POINT('',(1441.2,-889.076955262,4.4));
#15672=DIRECTION('',(-0.497468338,0.497468338,0.710669055));
#15673=VECTOR('',#15672,1.407124728);
#15674=LINE('',#15671,#15673);
#15675=EDGE_CURVE('',#15648,#15670,#15674,.T.);
#15676=ORIENTED_EDGE('',*,*,#15675,.T.);
#15677=CARTESIAN_POINT('',(1435.623044738,-883.5,5.4));
#15678=VERTEX_POINT('',#15677);
#15679=CARTESIAN_POINT('',(1440.5,-888.376955262,5.4));
#15680=DIRECTION('',(-0.707106781,0.707106781,-0.));
#15681=VECTOR('',#15680,6.897056275);
#15682=LINE('',#15679,#15681);
#15683=EDGE_CURVE('',#15670,#15678,#15682,.T.);
#15684=ORIENTED_EDGE('',*,*,#15683,.T.);
#15685=CARTESIAN_POINT('',(1434.923044738,-882.8,4.4));
#15686=VERTEX_POINT('',#15685);
#15687=CARTESIAN_POINT('',(1435.623044738,-883.5,5.4));
#15688=DIRECTION('',(-0.497468338,0.497468338,-0.710669055));
#15689=VECTOR('',#15688,1.407124728);
#15690=LINE('',#15687,#15689);
#15691=EDGE_CURVE('',#15678,#15686,#15690,.T.);
#15692=ORIENTED_EDGE('',*,*,#15691,.T.);
#15693=CARTESIAN_POINT('',(1434.923044738,-882.8,2.4));
#15694=VERTEX_POINT('',#15693);
#15695=CARTESIAN_POINT('',(1434.923044738,-882.8,4.4));
#15696=DIRECTION('',(-0.,-0.,-1.));
#15697=VECTOR('',#15696,2.);
#15698=LINE('',#15695,#15697);
#15699=EDGE_CURVE('',#15686,#15694,#15698,.T.);
#15700=ORIENTED_EDGE('',*,*,#15699,.T.);
#15701=CARTESIAN_POINT('',(1435.623044738,-883.5,1.4));
#15702=VERTEX_POINT('',#15701);
#15703=CARTESIAN_POINT('',(1434.923044738,-882.8,2.4));
#15704=DIRECTION('',(0.497468338,-0.497468338,-0.710669055));
#15705=VECTOR('',#15704,1.407124728);
#15706=LINE('',#15703,#15705);
#15707=EDGE_CURVE('',#15694,#15702,#15706,.T.);
#15708=ORIENTED_EDGE('',*,*,#15707,.T.);
#15709=CARTESIAN_POINT('',(1435.623044738,-883.5,1.4));
#15710=DIRECTION('',(0.707106781,-0.707106781,0.));
#15711=VECTOR('',#15710,6.897056275);
#15712=LINE('',#15709,#15711);
#15713=EDGE_CURVE('',#15702,#15568,#15712,.T.);
#15714=ORIENTED_EDGE('',*,*,#15713,.T.);
#15715=ORIENTED_EDGE('',*,*,#15627,.T.);
#15716=ORIENTED_EDGE('',*,*,#15659,.F.);
#15717=EDGE_LOOP('',(#15676,#15684,#15692,#15700,#15708,#15714,#15715,#15716));
#15718=FACE_BOUND('',#15717,.T.);
#15719=ADVANCED_FACE('',(#15718),#15668,.T.);
#15720=CARTESIAN_POINT('',(1428.,-908.5,2.4));
#15721=DIRECTION('',(0.,1.,0.));
#15722=DIRECTION('',(-1.,0.,0.));
#15723=AXIS2_PLACEMENT_3D('',#15720,#15721,#15722);
#15724=PLANE('',#15723);
#15725=CARTESIAN_POINT('',(1435.623044738,-908.5,1.4));
#15726=VERTEX_POINT('',#15725);
#15727=CARTESIAN_POINT('',(1437.0372583,-908.5,0.4));
#15728=VERTEX_POINT('',#15727);
#15729=CARTESIAN_POINT('',(1435.623044738,-908.5,1.4));
#15730=DIRECTION('',(0.816496581,0.,-0.577350269));
#15731=VECTOR('',#15730,1.732050807);
#15732=LINE('',#15729,#15731);
#15733=EDGE_CURVE('',#15726,#15728,#15732,.T.);
#15734=ORIENTED_EDGE('',*,*,#15733,.T.);
#15735=CARTESIAN_POINT('',(1418.9627417,-908.5,0.4));
#15736=VERTEX_POINT('',#15735);
#15737=CARTESIAN_POINT('',(1437.0372583,-908.5,0.4));
#15738=DIRECTION('',(-1.,0.,0.));
#15739=VECTOR('',#15738,18.0745166);
#15740=LINE('',#15737,#15739);
#15741=EDGE_CURVE('',#15728,#15736,#15740,.T.);
#15742=ORIENTED_EDGE('',*,*,#15741,.T.);
#15743=CARTESIAN_POINT('',(1420.376955262,-908.5,1.4));
#15744=VERTEX_POINT('',#15743);
#15745=CARTESIAN_POINT('',(1418.9627417,-908.5,0.4));
#15746=DIRECTION('',(0.816496581,0.,0.577350269));
#15747=VECTOR('',#15746,1.732050807);
#15748=LINE('',#15745,#15747);
#15749=EDGE_CURVE('',#15736,#15744,#15748,.T.);
#15750=ORIENTED_EDGE('',*,*,#15749,.T.);
#15751=CARTESIAN_POINT('',(1420.376955262,-908.5,1.4));
#15752=DIRECTION('',(1.,-0.,-0.));
#15753=VECTOR('',#15752,15.246089476);
#15754=LINE('',#15751,#15753);
#15755=EDGE_CURVE('',#15744,#15726,#15754,.T.);
#15756=ORIENTED_EDGE('',*,*,#15755,.T.);
#15757=EDGE_LOOP('',(#15734,#15742,#15750,#15756));
#15758=FACE_BOUND('',#15757,.T.);
#15759=ADVANCED_FACE('',(#15758),#15724,.T.);
#15760=CARTESIAN_POINT('',(1428.,-908.5,1.4));
#15761=DIRECTION('',(0.,-0.819231921,-0.573462344));
#15762=DIRECTION('',(1.,0.,0.));
#15763=AXIS2_PLACEMENT_3D('',#15760,#15761,#15762);
#15764=PLANE('',#15763);
#15765=CARTESIAN_POINT('',(1421.076955262,-909.2,2.4));
#15766=VERTEX_POINT('',#15765);
#15767=CARTESIAN_POINT('',(1421.076955262,-909.2,2.4));
#15768=DIRECTION('',(-0.497468338,0.497468338,-0.710669055));
#15769=VECTOR('',#15768,1.407124728);
#15770=LINE('',#15767,#15769);
#15771=EDGE_CURVE('',#15766,#15744,#15770,.T.);
#15772=ORIENTED_EDGE('',*,*,#15771,.F.);
#15773=CARTESIAN_POINT('',(1434.923044738,-909.2,2.4));
#15774=VERTEX_POINT('',#15773);
#15775=CARTESIAN_POINT('',(1421.076955262,-909.199999999,2.4));
#15776=DIRECTION('',(1.,0.,-0.));
#15777=VECTOR('',#15776,13.846089476);
#15778=LINE('',#15775,#15777);
#15779=EDGE_CURVE('',#15766,#15774,#15778,.T.);
#15780=ORIENTED_EDGE('',*,*,#15779,.T.);
#15781=CARTESIAN_POINT('',(1435.623044738,-908.5,1.4));
#15782=DIRECTION('',(-0.497468338,-0.497468338,0.710669055));
#15783=VECTOR('',#15782,1.407124728);
#15784=LINE('',#15781,#15783);
#15785=EDGE_CURVE('',#15726,#15774,#15784,.T.);
#15786=ORIENTED_EDGE('',*,*,#15785,.F.);
#15787=ORIENTED_EDGE('',*,*,#15755,.F.);
#15788=EDGE_LOOP('',(#15772,#15780,#15786,#15787));
#15789=FACE_BOUND('',#15788,.T.);
#15790=ADVANCED_FACE('',(#15789),#15764,.F.);
#15791=CARTESIAN_POINT('',(1428.,-909.2,6.8));
#15792=DIRECTION('',(0.,1.,0.));
#15793=DIRECTION('',(-1.,0.,0.));
#15794=AXIS2_PLACEMENT_3D('',#15791,#15792,#15793);
#15795=PLANE('',#15794);
#15796=ORIENTED_EDGE('',*,*,#15779,.F.);
#15797=CARTESIAN_POINT('',(1421.076955262,-909.2,4.4));
#15798=VERTEX_POINT('',#15797);
#15799=CARTESIAN_POINT('',(1421.076955262,-909.2,4.4));
#15800=DIRECTION('',(-0.,-0.,-1.));
#15801=VECTOR('',#15800,2.);
#15802=LINE('',#15799,#15801);
#15803=EDGE_CURVE('',#15798,#15766,#15802,.T.);
#15804=ORIENTED_EDGE('',*,*,#15803,.F.);
#15805=CARTESIAN_POINT('',(1434.923044738,-909.2,4.4));
#15806=VERTEX_POINT('',#15805);
#15807=CARTESIAN_POINT('',(1421.076955262,-909.2,4.4));
#15808=DIRECTION('',(1.,-0.,-0.));
#15809=VECTOR('',#15808,13.846089476);
#15810=LINE('',#15807,#15809);
#15811=EDGE_CURVE('',#15798,#15806,#15810,.T.);
#15812=ORIENTED_EDGE('',*,*,#15811,.T.);
#15813=CARTESIAN_POINT('',(1434.923044738,-909.2,4.4));
#15814=DIRECTION('',(-0.,-0.,-1.));
#15815=VECTOR('',#15814,2.);
#15816=LINE('',#15813,#15815);
#15817=EDGE_CURVE('',#15806,#15774,#15816,.T.);
#15818=ORIENTED_EDGE('',*,*,#15817,.T.);
#15819=EDGE_LOOP('',(#15796,#15804,#15812,#15818));
#15820=FACE_BOUND('',#15819,.T.);
#15821=ADVANCED_FACE('',(#15820),#15795,.T.);
#15822=CARTESIAN_POINT('',(1435.273044738,-908.85,6.8));
#15823=DIRECTION('',(-0.707106781,0.707106781,0.));
#15824=DIRECTION('',(-0.707106781,-0.707106781,0.));
#15825=AXIS2_PLACEMENT_3D('',#15822,#15823,#15824);
#15826=PLANE('',#15825);
#15827=CARTESIAN_POINT('',(1435.623044738,-908.5,5.4));
#15828=VERTEX_POINT('',#15827);
#15829=CARTESIAN_POINT('',(1434.923044738,-909.2,4.4));
#15830=DIRECTION('',(0.497468338,0.497468338,0.710669055));
#15831=VECTOR('',#15830,1.407124728);
#15832=LINE('',#15829,#15831);
#15833=EDGE_CURVE('',#15806,#15828,#15832,.T.);
#15834=ORIENTED_EDGE('',*,*,#15833,.T.);
#15835=CARTESIAN_POINT('',(1440.5,-903.623044738,5.4));
#15836=VERTEX_POINT('',#15835);
#15837=CARTESIAN_POINT('',(1435.623044738,-908.5,5.4));
#15838=DIRECTION('',(0.707106781,0.707106781,-0.));
#15839=VECTOR('',#15838,6.897056275);
#15840=LINE('',#15837,#15839);
#15841=EDGE_CURVE('',#15828,#15836,#15840,.T.);
#15842=ORIENTED_EDGE('',*,*,#15841,.T.);
#15843=CARTESIAN_POINT('',(1440.5,-903.623044738,5.4));
#15844=DIRECTION('',(0.497468338,0.497468338,-0.710669055));
#15845=VECTOR('',#15844,1.407124728);
#15846=LINE('',#15843,#15845);
#15847=EDGE_CURVE('',#15836,#15640,#15846,.T.);
#15848=ORIENTED_EDGE('',*,*,#15847,.T.);
#15849=ORIENTED_EDGE('',*,*,#15645,.T.);
#15850=ORIENTED_EDGE('',*,*,#15613,.T.);
#15851=CARTESIAN_POINT('',(1440.5,-903.623044738,1.4));
#15852=DIRECTION('',(-0.707106781,-0.707106781,0.));
#15853=VECTOR('',#15852,6.897056275);
#15854=LINE('',#15851,#15853);
#15855=EDGE_CURVE('',#15586,#15726,#15854,.T.);
#15856=ORIENTED_EDGE('',*,*,#15855,.T.);
#15857=ORIENTED_EDGE('',*,*,#15785,.T.);
#15858=ORIENTED_EDGE('',*,*,#15817,.F.);
#15859=EDGE_LOOP('',(#15834,#15842,#15848,#15849,#15850,#15856,#15857,#15858));
#15860=FACE_BOUND('',#15859,.T.);
#15861=ADVANCED_FACE('',(#15860),#15826,.T.);
#15862=CARTESIAN_POINT('',(1415.5,-896.,2.4));
#15863=DIRECTION('',(1.,0.,0.));
#15864=DIRECTION('',(0.,1.,0.));
#15865=AXIS2_PLACEMENT_3D('',#15862,#15863,#15864);
#15866=PLANE('',#15865);
#15867=CARTESIAN_POINT('',(1415.5,-903.623044738,1.4));
#15868=VERTEX_POINT('',#15867);
#15869=CARTESIAN_POINT('',(1415.5,-905.0372583,0.4));
#15870=VERTEX_POINT('',#15869);
#15871=CARTESIAN_POINT('',(1415.5,-903.623044738,1.4));
#15872=DIRECTION('',(0.,-0.816496581,-0.577350269));
#15873=VECTOR('',#15872,1.732050807);
#15874=LINE('',#15871,#15873);
#15875=EDGE_CURVE('',#15868,#15870,#15874,.T.);
#15876=ORIENTED_EDGE('',*,*,#15875,.T.);
#15877=CARTESIAN_POINT('',(1415.5,-886.9627417,0.4));
#15878=VERTEX_POINT('',#15877);
#15879=CARTESIAN_POINT('',(1415.5,-905.0372583,0.4));
#15880=DIRECTION('',(0.,1.,0.));
#15881=VECTOR('',#15880,18.0745166);
#15882=LINE('',#15879,#15881);
#15883=EDGE_CURVE('',#15870,#15878,#15882,.T.);
#15884=ORIENTED_EDGE('',*,*,#15883,.T.);
#15885=CARTESIAN_POINT('',(1415.5,-888.376955262,1.4));
#15886=VERTEX_POINT('',#15885);
#15887=CARTESIAN_POINT('',(1415.5,-886.9627417,0.4));
#15888=DIRECTION('',(0.,-0.816496581,0.577350269));
#15889=VECTOR('',#15888,1.732050807);
#15890=LINE('',#15887,#15889);
#15891=EDGE_CURVE('',#15878,#15886,#15890,.T.);
#15892=ORIENTED_EDGE('',*,*,#15891,.T.);
#15893=CARTESIAN_POINT('',(1415.5,-888.376955262,1.4));
#15894=DIRECTION('',(-0.,-1.,-0.));
#15895=VECTOR('',#15894,15.246089476);
#15896=LINE('',#15893,#15895);
#15897=EDGE_CURVE('',#15886,#15868,#15896,.T.);
#15898=ORIENTED_EDGE('',*,*,#15897,.T.);
#15899=EDGE_LOOP('',(#15876,#15884,#15892,#15898));
#15900=FACE_BOUND('',#15899,.T.);
#15901=ADVANCED_FACE('',(#15900),#15866,.T.);
#15902=CARTESIAN_POINT('',(1415.5,-896.,1.4));
#15903=DIRECTION('',(-0.819231921,0.,-0.573462344));
#15904=DIRECTION('',(0.,-1.,0.));
#15905=AXIS2_PLACEMENT_3D('',#15902,#15903,#15904);
#15906=PLANE('',#15905);
#15907=CARTESIAN_POINT('',(1414.8,-889.076955262,2.4));
#15908=VERTEX_POINT('',#15907);
#15909=CARTESIAN_POINT('',(1414.8,-889.076955262,2.4));
#15910=DIRECTION('',(0.497468338,0.497468338,-0.710669055));
#15911=VECTOR('',#15910,1.407124728);
#15912=LINE('',#15909,#15911);
#15913=EDGE_CURVE('',#15908,#15886,#15912,.T.);
#15914=ORIENTED_EDGE('',*,*,#15913,.F.);
#15915=CARTESIAN_POINT('',(1414.8,-902.923044738,2.4));
#15916=VERTEX_POINT('',#15915);
#15917=CARTESIAN_POINT('',(1414.800000001,-889.076955262,2.4));
#15918=DIRECTION('',(0.,-1.,0.));
#15919=VECTOR('',#15918,13.846089476);
#15920=LINE('',#15917,#15919);
#15921=EDGE_CURVE('',#15908,#15916,#15920,.T.);
#15922=ORIENTED_EDGE('',*,*,#15921,.T.);
#15923=CARTESIAN_POINT('',(1415.5,-903.623044738,1.4));
#15924=DIRECTION('',(-0.497468338,0.497468338,0.710669055));
#15925=VECTOR('',#15924,1.407124728);
#15926=LINE('',#15923,#15925);
#15927=EDGE_CURVE('',#15868,#15916,#15926,.T.);
#15928=ORIENTED_EDGE('',*,*,#15927,.F.);
#15929=ORIENTED_EDGE('',*,*,#15897,.F.);
#15930=EDGE_LOOP('',(#15914,#15922,#15928,#15929));
#15931=FACE_BOUND('',#15930,.T.);
#15932=ADVANCED_FACE('',(#15931),#15906,.F.);
#15933=CARTESIAN_POINT('',(1414.8,-896.,6.8));
#15934=DIRECTION('',(1.,0.,0.));
#15935=DIRECTION('',(0.,1.,0.));
#15936=AXIS2_PLACEMENT_3D('',#15933,#15934,#15935);
#15937=PLANE('',#15936);
#15938=ORIENTED_EDGE('',*,*,#15921,.F.);
#15939=CARTESIAN_POINT('',(1414.8,-889.076955262,4.4));
#15940=VERTEX_POINT('',#15939);
#15941=CARTESIAN_POINT('',(1414.8,-889.076955262,4.4));
#15942=DIRECTION('',(-0.,-0.,-1.));
#15943=VECTOR('',#15942,2.);
#15944=LINE('',#15941,#15943);
#15945=EDGE_CURVE('',#15940,#15908,#15944,.T.);
#15946=ORIENTED_EDGE('',*,*,#15945,.F.);
#15947=CARTESIAN_POINT('',(1414.8,-902.923044738,4.4));
#15948=VERTEX_POINT('',#15947);
#15949=CARTESIAN_POINT('',(1414.8,-889.076955262,4.4));
#15950=DIRECTION('',(-0.,-1.,-0.));
#15951=VECTOR('',#15950,13.846089476);
#15952=LINE('',#15949,#15951);
#15953=EDGE_CURVE('',#15940,#15948,#15952,.T.);
#15954=ORIENTED_EDGE('',*,*,#15953,.T.);
#15955=CARTESIAN_POINT('',(1414.8,-902.923044738,4.4));
#15956=DIRECTION('',(-0.,-0.,-1.));
#15957=VECTOR('',#15956,2.);
#15958=LINE('',#15955,#15957);
#15959=EDGE_CURVE('',#15948,#15916,#15958,.T.);
#15960=ORIENTED_EDGE('',*,*,#15959,.T.);
#15961=EDGE_LOOP('',(#15938,#15946,#15954,#15960));
#15962=FACE_BOUND('',#15961,.T.);
#15963=ADVANCED_FACE('',(#15962),#15937,.T.);
#15964=CARTESIAN_POINT('',(1415.15,-903.273044738,6.8));
#15965=DIRECTION('',(0.707106781,0.707106781,0.));
#15966=DIRECTION('',(-0.707106781,0.707106781,0.));
#15967=AXIS2_PLACEMENT_3D('',#15964,#15965,#15966);
#15968=PLANE('',#15967);
#15969=ORIENTED_EDGE('',*,*,#15771,.T.);
#15970=CARTESIAN_POINT('',(1420.376955262,-908.5,1.4));
#15971=DIRECTION('',(-0.707106781,0.707106781,0.));
#15972=VECTOR('',#15971,6.897056275);
#15973=LINE('',#15970,#15972);
#15974=EDGE_CURVE('',#15744,#15868,#15973,.T.);
#15975=ORIENTED_EDGE('',*,*,#15974,.T.);
#15976=ORIENTED_EDGE('',*,*,#15927,.T.);
#15977=ORIENTED_EDGE('',*,*,#15959,.F.);
#15978=CARTESIAN_POINT('',(1415.5,-903.623044738,5.4));
#15979=VERTEX_POINT('',#15978);
#15980=CARTESIAN_POINT('',(1414.8,-902.923044738,4.4));
#15981=DIRECTION('',(0.497468338,-0.497468338,0.710669055));
#15982=VECTOR('',#15981,1.407124728);
#15983=LINE('',#15980,#15982);
#15984=EDGE_CURVE('',#15948,#15979,#15983,.T.);
#15985=ORIENTED_EDGE('',*,*,#15984,.T.);
#15986=CARTESIAN_POINT('',(1420.376955262,-908.5,5.4));
#15987=VERTEX_POINT('',#15986);
#15988=CARTESIAN_POINT('',(1415.5,-903.623044738,5.4));
#15989=DIRECTION('',(0.707106781,-0.707106781,-0.));
#15990=VECTOR('',#15989,6.897056275);
#15991=LINE('',#15988,#15990);
#15992=EDGE_CURVE('',#15979,#15987,#15991,.T.);
#15993=ORIENTED_EDGE('',*,*,#15992,.T.);
#15994=CARTESIAN_POINT('',(1420.376955262,-908.5,5.4));
#15995=DIRECTION('',(0.497468338,-0.497468338,-0.710669055));
#15996=VECTOR('',#15995,1.407124728);
#15997=LINE('',#15994,#15996);
#15998=EDGE_CURVE('',#15987,#15798,#15997,.T.);
#15999=ORIENTED_EDGE('',*,*,#15998,.T.);
#16000=ORIENTED_EDGE('',*,*,#15803,.T.);
#16001=EDGE_LOOP('',(#15969,#15975,#15976,#15977,#15985,#15993,#15999,#16000));
#16002=FACE_BOUND('',#16001,.T.);
#16003=ADVANCED_FACE('',(#16002),#15968,.T.);
#16004=CARTESIAN_POINT('',(1428.,-883.5,2.4));
#16005=DIRECTION('',(0.,-1.,0.));
#16006=DIRECTION('',(1.,0.,0.));
#16007=AXIS2_PLACEMENT_3D('',#16004,#16005,#16006);
#16008=PLANE('',#16007);
#16009=CARTESIAN_POINT('',(1420.376955262,-883.5,1.4));
#16010=VERTEX_POINT('',#16009);
#16011=CARTESIAN_POINT('',(1418.9627417,-883.5,0.4));
#16012=VERTEX_POINT('',#16011);
#16013=CARTESIAN_POINT('',(1420.376955262,-883.5,1.4));
#16014=DIRECTION('',(-0.816496581,0.,-0.577350269));
#16015=VECTOR('',#16014,1.732050807);
#16016=LINE('',#16013,#16015);
#16017=EDGE_CURVE('',#16010,#16012,#16016,.T.);
#16018=ORIENTED_EDGE('',*,*,#16017,.T.);
#16019=CARTESIAN_POINT('',(1437.0372583,-883.5,0.4));
#16020=VERTEX_POINT('',#16019);
#16021=CARTESIAN_POINT('',(1418.9627417,-883.5,0.4));
#16022=DIRECTION('',(1.,0.,-0.));
#16023=VECTOR('',#16022,18.0745166);
#16024=LINE('',#16021,#16023);
#16025=EDGE_CURVE('',#16012,#16020,#16024,.T.);
#16026=ORIENTED_EDGE('',*,*,#16025,.T.);
#16027=CARTESIAN_POINT('',(1437.0372583,-883.5,0.4));
#16028=DIRECTION('',(-0.816496581,0.,0.577350269));
#16029=VECTOR('',#16028,1.732050807);
#16030=LINE('',#16027,#16029);
#16031=EDGE_CURVE('',#16020,#15702,#16030,.T.);
#16032=ORIENTED_EDGE('',*,*,#16031,.T.);
#16033=CARTESIAN_POINT('',(1435.623044738,-883.5,1.4));
#16034=DIRECTION('',(-1.,-0.,0.));
#16035=VECTOR('',#16034,15.246089476);
#16036=LINE('',#16033,#16035);
#16037=EDGE_CURVE('',#15702,#16010,#16036,.T.);
#16038=ORIENTED_EDGE('',*,*,#16037,.T.);
#16039=EDGE_LOOP('',(#16018,#16026,#16032,#16038));
#16040=FACE_BOUND('',#16039,.T.);
#16041=ADVANCED_FACE('',(#16040),#16008,.T.);
#16042=CARTESIAN_POINT('',(1428.,-883.5,1.4));
#16043=DIRECTION('',(0.,0.819231921,-0.573462344));
#16044=DIRECTION('',(-1.,0.,0.));
#16045=AXIS2_PLACEMENT_3D('',#16042,#16043,#16044);
#16046=PLANE('',#16045);
#16047=ORIENTED_EDGE('',*,*,#15707,.F.);
#16048=CARTESIAN_POINT('',(1421.076955262,-882.8,2.4));
#16049=VERTEX_POINT('',#16048);
#16050=CARTESIAN_POINT('',(1434.923044738,-882.800000001,2.4));
#16051=DIRECTION('',(-1.,0.,0.));
#16052=VECTOR('',#16051,13.846089476);
#16053=LINE('',#16050,#16052);
#16054=EDGE_CURVE('',#15694,#16049,#16053,.T.);
#16055=ORIENTED_EDGE('',*,*,#16054,.T.);
#16056=CARTESIAN_POINT('',(1420.376955262,-883.5,1.4));
#16057=DIRECTION('',(0.497468338,0.497468338,0.710669055));
#16058=VECTOR('',#16057,1.407124728);
#16059=LINE('',#16056,#16058);
#16060=EDGE_CURVE('',#16010,#16049,#16059,.T.);
#16061=ORIENTED_EDGE('',*,*,#16060,.F.);
#16062=ORIENTED_EDGE('',*,*,#16037,.F.);
#16063=EDGE_LOOP('',(#16047,#16055,#16061,#16062));
#16064=FACE_BOUND('',#16063,.T.);
#16065=ADVANCED_FACE('',(#16064),#16046,.F.);
#16066=CARTESIAN_POINT('',(1428.,-882.8,6.8));
#16067=DIRECTION('',(0.,-1.,0.));
#16068=DIRECTION('',(1.,0.,0.));
#16069=AXIS2_PLACEMENT_3D('',#16066,#16067,#16068);
#16070=PLANE('',#16069);
#16071=ORIENTED_EDGE('',*,*,#16054,.F.);
#16072=ORIENTED_EDGE('',*,*,#15699,.F.);
#16073=CARTESIAN_POINT('',(1421.076955262,-882.8,4.4));
#16074=VERTEX_POINT('',#16073);
#16075=CARTESIAN_POINT('',(1434.923044738,-882.8,4.4));
#16076=DIRECTION('',(-1.,-0.,0.));
#16077=VECTOR('',#16076,13.846089476);
#16078=LINE('',#16075,#16077);
#16079=EDGE_CURVE('',#15686,#16074,#16078,.T.);
#16080=ORIENTED_EDGE('',*,*,#16079,.T.);
#16081=CARTESIAN_POINT('',(1421.076955262,-882.8,4.4));
#16082=DIRECTION('',(-0.,-0.,-1.));
#16083=VECTOR('',#16082,2.);
#16084=LINE('',#16081,#16083);
#16085=EDGE_CURVE('',#16074,#16049,#16084,.T.);
#16086=ORIENTED_EDGE('',*,*,#16085,.T.);
#16087=EDGE_LOOP('',(#16071,#16072,#16080,#16086));
#16088=FACE_BOUND('',#16087,.T.);
#16089=ADVANCED_FACE('',(#16088),#16070,.T.);
#16090=CARTESIAN_POINT('',(1420.726955262,-883.15,6.8));
#16091=DIRECTION('',(0.707106781,-0.707106781,0.));
#16092=DIRECTION('',(0.707106781,0.707106781,0.));
#16093=AXIS2_PLACEMENT_3D('',#16090,#16091,#16092);
#16094=PLANE('',#16093);
#16095=ORIENTED_EDGE('',*,*,#15913,.T.);
#16096=CARTESIAN_POINT('',(1415.5,-888.376955262,1.4));
#16097=DIRECTION('',(0.707106781,0.707106781,0.));
#16098=VECTOR('',#16097,6.897056275);
#16099=LINE('',#16096,#16098);
#16100=EDGE_CURVE('',#15886,#16010,#16099,.T.);
#16101=ORIENTED_EDGE('',*,*,#16100,.T.);
#16102=ORIENTED_EDGE('',*,*,#16060,.T.);
#16103=ORIENTED_EDGE('',*,*,#16085,.F.);
#16104=CARTESIAN_POINT('',(1420.376955262,-883.5,5.4));
#16105=VERTEX_POINT('',#16104);
#16106=CARTESIAN_POINT('',(1421.076955262,-882.8,4.4));
#16107=DIRECTION('',(-0.497468338,-0.497468338,0.710669055));
#16108=VECTOR('',#16107,1.407124728);
#16109=LINE('',#16106,#16108);
#16110=EDGE_CURVE('',#16074,#16105,#16109,.T.);
#16111=ORIENTED_EDGE('',*,*,#16110,.T.);
#16112=CARTESIAN_POINT('',(1415.5,-888.376955262,5.4));
#16113=VERTEX_POINT('',#16112);
#16114=CARTESIAN_POINT('',(1420.376955262,-883.5,5.4));
#16115=DIRECTION('',(-0.707106781,-0.707106781,-0.));
#16116=VECTOR('',#16115,6.897056275);
#16117=LINE('',#16114,#16116);
#16118=EDGE_CURVE('',#16105,#16113,#16117,.T.);
#16119=ORIENTED_EDGE('',*,*,#16118,.T.);
#16120=CARTESIAN_POINT('',(1415.5,-888.376955262,5.4));
#16121=DIRECTION('',(-0.497468338,-0.497468338,-0.710669055));
#16122=VECTOR('',#16121,1.407124728);
#16123=LINE('',#16120,#16122);
#16124=EDGE_CURVE('',#16113,#15940,#16123,.T.);
#16125=ORIENTED_EDGE('',*,*,#16124,.T.);
#16126=ORIENTED_EDGE('',*,*,#15945,.T.);
#16127=EDGE_LOOP('',(#16095,#16101,#16102,#16103,#16111,#16119,#16125,#16126));
#16128=FACE_BOUND('',#16127,.T.);
#16129=ADVANCED_FACE('',(#16128),#16094,.T.);
#16130=CARTESIAN_POINT('',(1440.5,-896.,4.4));
#16131=DIRECTION('',(-1.,0.,0.));
#16132=DIRECTION('',(0.,-1.,0.));
#16133=AXIS2_PLACEMENT_3D('',#16130,#16131,#16132);
#16134=PLANE('',#16133);
#16135=CARTESIAN_POINT('',(1440.5,-905.0372583,6.4));
#16136=VERTEX_POINT('',#16135);
#16137=CARTESIAN_POINT('',(1440.5,-903.623044738,5.4));
#16138=DIRECTION('',(0.,-0.816496581,0.577350269));
#16139=VECTOR('',#16138,1.732050807);
#16140=LINE('',#16137,#16139);
#16141=EDGE_CURVE('',#15836,#16136,#16140,.T.);
#16142=ORIENTED_EDGE('',*,*,#16141,.T.);
#16143=CARTESIAN_POINT('',(1440.5,-886.9627417,6.4));
#16144=VERTEX_POINT('',#16143);
#16145=CARTESIAN_POINT('',(1440.5,-905.0372583,6.4));
#16146=DIRECTION('',(-0.,1.,-0.));
#16147=VECTOR('',#16146,18.0745166);
#16148=LINE('',#16145,#16147);
#16149=EDGE_CURVE('',#16136,#16144,#16148,.T.);
#16150=ORIENTED_EDGE('',*,*,#16149,.T.);
#16151=CARTESIAN_POINT('',(1440.5,-886.9627417,6.4));
#16152=DIRECTION('',(0.,-0.816496581,-0.577350269));
#16153=VECTOR('',#16152,1.732050807);
#16154=LINE('',#16151,#16153);
#16155=EDGE_CURVE('',#16144,#15670,#16154,.T.);
#16156=ORIENTED_EDGE('',*,*,#16155,.T.);
#16157=CARTESIAN_POINT('',(1440.5,-888.376955262,5.4));
#16158=DIRECTION('',(0.,-1.,0.));
#16159=VECTOR('',#16158,15.246089476);
#16160=LINE('',#16157,#16159);
#16161=EDGE_CURVE('',#15670,#15836,#16160,.T.);
#16162=ORIENTED_EDGE('',*,*,#16161,.T.);
#16163=EDGE_LOOP('',(#16142,#16150,#16156,#16162));
#16164=FACE_BOUND('',#16163,.T.);
#16165=ADVANCED_FACE('',(#16164),#16134,.T.);
#16166=CARTESIAN_POINT('',(1440.5,-896.,5.4));
#16167=DIRECTION('',(-0.819231921,0.,-0.573462344));
#16168=DIRECTION('',(0.,1.,0.));
#16169=AXIS2_PLACEMENT_3D('',#16166,#16167,#16168);
#16170=PLANE('',#16169);
#16171=ORIENTED_EDGE('',*,*,#15675,.F.);
#16172=ORIENTED_EDGE('',*,*,#15653,.F.);
#16173=ORIENTED_EDGE('',*,*,#15847,.F.);
#16174=ORIENTED_EDGE('',*,*,#16161,.F.);
#16175=EDGE_LOOP('',(#16171,#16172,#16173,#16174));
#16176=FACE_BOUND('',#16175,.T.);
#16177=ADVANCED_FACE('',(#16176),#16170,.T.);
#16178=CARTESIAN_POINT('',(1428.,-908.5,4.4));
#16179=DIRECTION('',(0.,1.,0.));
#16180=DIRECTION('',(-1.,0.,0.));
#16181=AXIS2_PLACEMENT_3D('',#16178,#16179,#16180);
#16182=PLANE('',#16181);
#16183=CARTESIAN_POINT('',(1418.9627417,-908.5,6.4));
#16184=VERTEX_POINT('',#16183);
#16185=CARTESIAN_POINT('',(1420.376955262,-908.5,5.4));
#16186=DIRECTION('',(-0.816496581,0.,0.577350269));
#16187=VECTOR('',#16186,1.732050807);
#16188=LINE('',#16185,#16187);
#16189=EDGE_CURVE('',#15987,#16184,#16188,.T.);
#16190=ORIENTED_EDGE('',*,*,#16189,.T.);
#16191=CARTESIAN_POINT('',(1437.0372583,-908.5,6.4));
#16192=VERTEX_POINT('',#16191);
#16193=CARTESIAN_POINT('',(1418.9627417,-908.5,6.4));
#16194=DIRECTION('',(1.,-0.,-0.));
#16195=VECTOR('',#16194,18.0745166);
#16196=LINE('',#16193,#16195);
#16197=EDGE_CURVE('',#16184,#16192,#16196,.T.);
#16198=ORIENTED_EDGE('',*,*,#16197,.T.);
#16199=CARTESIAN_POINT('',(1437.0372583,-908.5,6.4));
#16200=DIRECTION('',(-0.816496581,0.,-0.577350269));
#16201=VECTOR('',#16200,1.732050807);
#16202=LINE('',#16199,#16201);
#16203=EDGE_CURVE('',#16192,#15828,#16202,.T.);
#16204=ORIENTED_EDGE('',*,*,#16203,.T.);
#16205=CARTESIAN_POINT('',(1435.623044738,-908.5,5.4));
#16206=DIRECTION('',(-1.,0.,0.));
#16207=VECTOR('',#16206,15.246089476);
#16208=LINE('',#16205,#16207);
#16209=EDGE_CURVE('',#15828,#15987,#16208,.T.);
#16210=ORIENTED_EDGE('',*,*,#16209,.T.);
#16211=EDGE_LOOP('',(#16190,#16198,#16204,#16210));
#16212=FACE_BOUND('',#16211,.T.);
#16213=ADVANCED_FACE('',(#16212),#16182,.T.);
#16214=CARTESIAN_POINT('',(1428.,-908.5,5.4));
#16215=DIRECTION('',(0.,0.819231921,-0.573462344));
#16216=DIRECTION('',(1.,0.,0.));
#16217=AXIS2_PLACEMENT_3D('',#16214,#16215,#16216);
#16218=PLANE('',#16217);
#16219=ORIENTED_EDGE('',*,*,#15833,.F.);
#16220=ORIENTED_EDGE('',*,*,#15811,.F.);
#16221=ORIENTED_EDGE('',*,*,#15998,.F.);
#16222=ORIENTED_EDGE('',*,*,#16209,.F.);
#16223=EDGE_LOOP('',(#16219,#16220,#16221,#16222));
#16224=FACE_BOUND('',#16223,.T.);
#16225=ADVANCED_FACE('',(#16224),#16218,.T.);
#16226=CARTESIAN_POINT('',(1415.5,-896.,4.4));
#16227=DIRECTION('',(1.,0.,0.));
#16228=DIRECTION('',(0.,1.,0.));
#16229=AXIS2_PLACEMENT_3D('',#16226,#16227,#16228);
#16230=PLANE('',#16229);
#16231=CARTESIAN_POINT('',(1415.5,-886.9627417,6.4));
#16232=VERTEX_POINT('',#16231);
#16233=CARTESIAN_POINT('',(1415.5,-888.376955262,5.4));
#16234=DIRECTION('',(0.,0.816496581,0.577350269));
#16235=VECTOR('',#16234,1.732050807);
#16236=LINE('',#16233,#16235);
#16237=EDGE_CURVE('',#16113,#16232,#16236,.T.);
#16238=ORIENTED_EDGE('',*,*,#16237,.T.);
#16239=CARTESIAN_POINT('',(1415.5,-905.0372583,6.4));
#16240=VERTEX_POINT('',#16239);
#16241=CARTESIAN_POINT('',(1415.5,-886.9627417,6.4));
#16242=DIRECTION('',(-0.,-1.,-0.));
#16243=VECTOR('',#16242,18.0745166);
#16244=LINE('',#16241,#16243);
#16245=EDGE_CURVE('',#16232,#16240,#16244,.T.);
#16246=ORIENTED_EDGE('',*,*,#16245,.T.);
#16247=CARTESIAN_POINT('',(1415.5,-905.0372583,6.4));
#16248=DIRECTION('',(0.,0.816496581,-0.577350269));
#16249=VECTOR('',#16248,1.732050807);
#16250=LINE('',#16247,#16249);
#16251=EDGE_CURVE('',#16240,#15979,#16250,.T.);
#16252=ORIENTED_EDGE('',*,*,#16251,.T.);
#16253=CARTESIAN_POINT('',(1415.5,-903.623044738,5.4));
#16254=DIRECTION('',(0.,1.,0.));
#16255=VECTOR('',#16254,15.246089476);
#16256=LINE('',#16253,#16255);
#16257=EDGE_CURVE('',#15979,#16113,#16256,.T.);
#16258=ORIENTED_EDGE('',*,*,#16257,.T.);
#16259=EDGE_LOOP('',(#16238,#16246,#16252,#16258));
#16260=FACE_BOUND('',#16259,.T.);
#16261=ADVANCED_FACE('',(#16260),#16230,.T.);
#16262=CARTESIAN_POINT('',(1415.5,-896.,5.4));
#16263=DIRECTION('',(0.819231921,0.,-0.573462344));
#16264=DIRECTION('',(0.,-1.,0.));
#16265=AXIS2_PLACEMENT_3D('',#16262,#16263,#16264);
#16266=PLANE('',#16265);
#16267=ORIENTED_EDGE('',*,*,#15984,.F.);
#16268=ORIENTED_EDGE('',*,*,#15953,.F.);
#16269=ORIENTED_EDGE('',*,*,#16124,.F.);
#16270=ORIENTED_EDGE('',*,*,#16257,.F.);
#16271=EDGE_LOOP('',(#16267,#16268,#16269,#16270));
#16272=FACE_BOUND('',#16271,.T.);
#16273=ADVANCED_FACE('',(#16272),#16266,.T.);
#16274=CARTESIAN_POINT('',(1428.,-883.5,4.4));
#16275=DIRECTION('',(0.,-1.,0.));
#16276=DIRECTION('',(1.,0.,0.));
#16277=AXIS2_PLACEMENT_3D('',#16274,#16275,#16276);
#16278=PLANE('',#16277);
#16279=CARTESIAN_POINT('',(1437.0372583,-883.5,6.4));
#16280=VERTEX_POINT('',#16279);
#16281=CARTESIAN_POINT('',(1435.623044738,-883.5,5.4));
#16282=DIRECTION('',(0.816496581,0.,0.577350269));
#16283=VECTOR('',#16282,1.732050807);
#16284=LINE('',#16281,#16283);
#16285=EDGE_CURVE('',#15678,#16280,#16284,.T.);
#16286=ORIENTED_EDGE('',*,*,#16285,.T.);
#16287=CARTESIAN_POINT('',(1418.9627417,-883.5,6.4));
#16288=VERTEX_POINT('',#16287);
#16289=CARTESIAN_POINT('',(1437.0372583,-883.5,6.4));
#16290=DIRECTION('',(-1.,-0.,0.));
#16291=VECTOR('',#16290,18.0745166);
#16292=LINE('',#16289,#16291);
#16293=EDGE_CURVE('',#16280,#16288,#16292,.T.);
#16294=ORIENTED_EDGE('',*,*,#16293,.T.);
#16295=CARTESIAN_POINT('',(1418.9627417,-883.5,6.4));
#16296=DIRECTION('',(0.816496581,0.,-0.577350269));
#16297=VECTOR('',#16296,1.732050807);
#16298=LINE('',#16295,#16297);
#16299=EDGE_CURVE('',#16288,#16105,#16298,.T.);
#16300=ORIENTED_EDGE('',*,*,#16299,.T.);
#16301=CARTESIAN_POINT('',(1420.376955262,-883.5,5.4));
#16302=DIRECTION('',(1.,0.,-0.));
#16303=VECTOR('',#16302,15.246089476);
#16304=LINE('',#16301,#16303);
#16305=EDGE_CURVE('',#16105,#15678,#16304,.T.);
#16306=ORIENTED_EDGE('',*,*,#16305,.T.);
#16307=EDGE_LOOP('',(#16286,#16294,#16300,#16306));
#16308=FACE_BOUND('',#16307,.T.);
#16309=ADVANCED_FACE('',(#16308),#16278,.T.);
#16310=CARTESIAN_POINT('',(1428.,-883.5,5.4));
#16311=DIRECTION('',(0.,-0.819231921,-0.573462344));
#16312=DIRECTION('',(-1.,0.,0.));
#16313=AXIS2_PLACEMENT_3D('',#16310,#16311,#16312);
#16314=PLANE('',#16313);
#16315=ORIENTED_EDGE('',*,*,#16110,.F.);
#16316=ORIENTED_EDGE('',*,*,#16079,.F.);
#16317=ORIENTED_EDGE('',*,*,#15691,.F.);
#16318=ORIENTED_EDGE('',*,*,#16305,.F.);
#16319=EDGE_LOOP('',(#16315,#16316,#16317,#16318));
#16320=FACE_BOUND('',#16319,.T.);
#16321=ADVANCED_FACE('',(#16320),#16314,.T.);
#16322=CARTESIAN_POINT('',(1416.948528137,-884.948528137,0.));
#16323=DIRECTION('',(0.5,-0.5,-0.707106781));
#16324=DIRECTION('',(0.707106781,0.707106781,0.));
#16325=AXIS2_PLACEMENT_3D('',#16322,#16323,#16324);
#16326=PLANE('',#16325);
#16327=ORIENTED_EDGE('',*,*,#16017,.F.);
#16328=ORIENTED_EDGE('',*,*,#16100,.F.);
#16329=ORIENTED_EDGE('',*,*,#15891,.F.);
#16330=CARTESIAN_POINT('',(1415.5,-886.9627417,0.4));
#16331=DIRECTION('',(-0.678598344,0.281084638,-0.678598345));
#16332=VECTOR('',#16331,0.589450303);
#16333=LINE('',#16330,#16332);
#16334=EDGE_CURVE('',#15878,#743,#16333,.T.);
#16335=ORIENTED_EDGE('',*,*,#16334,.T.);
#16336=ORIENTED_EDGE('',*,*,#748,.F.);
#16337=CARTESIAN_POINT('',(1418.797056275,-883.1,0.));
#16338=DIRECTION('',(0.281084638,-0.678598344,0.678598345));
#16339=VECTOR('',#16338,0.589450303);
#16340=LINE('',#16337,#16339);
#16341=EDGE_CURVE('',#735,#16012,#16340,.T.);
#16342=ORIENTED_EDGE('',*,*,#16341,.T.);
#16343=EDGE_LOOP('',(#16327,#16328,#16329,#16335,#16336,#16342));
#16344=FACE_BOUND('',#16343,.T.);
#16345=ADVANCED_FACE('',(#16344),#16326,.T.);
#16346=CARTESIAN_POINT('',(1420.726955262,-883.15,5.4));
#16347=DIRECTION('',(-0.5,0.5,-0.707106781));
#16348=DIRECTION('',(-0.707106781,-0.707106781,0.));
#16349=AXIS2_PLACEMENT_3D('',#16346,#16347,#16348);
#16350=PLANE('',#16349);
#16351=ORIENTED_EDGE('',*,*,#16299,.F.);
#16352=CARTESIAN_POINT('',(1418.9627417,-883.5,6.4));
#16353=DIRECTION('',(-0.281084638,0.678598344,0.678598345));
#16354=VECTOR('',#16353,0.589450303);
#16355=LINE('',#16352,#16354);
#16356=EDGE_CURVE('',#16288,#2549,#16355,.T.);
#16357=ORIENTED_EDGE('',*,*,#16356,.T.);
#16358=ORIENTED_EDGE('',*,*,#2554,.F.);
#16359=CARTESIAN_POINT('',(1415.1,-886.797056275,6.8));
#16360=DIRECTION('',(0.678598344,-0.281084638,-0.678598345));
#16361=VECTOR('',#16360,0.589450303);
#16362=LINE('',#16359,#16361);
#16363=EDGE_CURVE('',#2541,#16232,#16362,.T.);
#16364=ORIENTED_EDGE('',*,*,#16363,.T.);
#16365=ORIENTED_EDGE('',*,*,#16237,.F.);
#16366=ORIENTED_EDGE('',*,*,#16118,.F.);
#16367=EDGE_LOOP('',(#16351,#16357,#16358,#16364,#16365,#16366));
#16368=FACE_BOUND('',#16367,.T.);
#16369=ADVANCED_FACE('',(#16368),#16350,.F.);
#16370=CARTESIAN_POINT('',(1435.273044738,-908.85,5.4));
#16371=DIRECTION('',(0.5,-0.5,-0.707106781));
#16372=DIRECTION('',(0.707106781,0.707106781,0.));
#16373=AXIS2_PLACEMENT_3D('',#16370,#16371,#16372);
#16374=PLANE('',#16373);
#16375=ORIENTED_EDGE('',*,*,#16203,.F.);
#16376=CARTESIAN_POINT('',(1437.0372583,-908.5,6.4));
#16377=DIRECTION('',(0.281084638,-0.678598344,0.678598345));
#16378=VECTOR('',#16377,0.589450303);
#16379=LINE('',#16376,#16378);
#16380=EDGE_CURVE('',#16192,#2581,#16379,.T.);
#16381=ORIENTED_EDGE('',*,*,#16380,.T.);
#16382=ORIENTED_EDGE('',*,*,#2586,.F.);
#16383=CARTESIAN_POINT('',(1440.9,-905.202943725,6.8));
#16384=DIRECTION('',(-0.678598344,0.281084638,-0.678598345));
#16385=VECTOR('',#16384,0.589450303);
#16386=LINE('',#16383,#16385);
#16387=EDGE_CURVE('',#2573,#16136,#16386,.T.);
#16388=ORIENTED_EDGE('',*,*,#16387,.T.);
#16389=ORIENTED_EDGE('',*,*,#16141,.F.);
#16390=ORIENTED_EDGE('',*,*,#15841,.F.);
#16391=EDGE_LOOP('',(#16375,#16381,#16382,#16388,#16389,#16390));
#16392=FACE_BOUND('',#16391,.T.);
#16393=ADVANCED_FACE('',(#16392),#16374,.F.);
#16394=CARTESIAN_POINT('',(1416.948528137,-907.051471863,0.));
#16395=DIRECTION('',(0.5,0.5,-0.707106781));
#16396=DIRECTION('',(-0.707106781,0.707106781,0.));
#16397=AXIS2_PLACEMENT_3D('',#16394,#16395,#16396);
#16398=PLANE('',#16397);
#16399=ORIENTED_EDGE('',*,*,#15875,.F.);
#16400=ORIENTED_EDGE('',*,*,#15974,.F.);
#16401=ORIENTED_EDGE('',*,*,#15749,.F.);
#16402=CARTESIAN_POINT('',(1418.9627417,-908.5,0.4));
#16403=DIRECTION('',(-0.281084638,-0.678598344,-0.678598345));
#16404=VECTOR('',#16403,0.589450303);
#16405=LINE('',#16402,#16404);
#16406=EDGE_CURVE('',#15736,#759,#16405,.T.);
#16407=ORIENTED_EDGE('',*,*,#16406,.T.);
#16408=ORIENTED_EDGE('',*,*,#764,.F.);
#16409=CARTESIAN_POINT('',(1415.1,-905.202943725,0.));
#16410=DIRECTION('',(0.678598344,0.281084638,0.678598345));
#16411=VECTOR('',#16410,0.589450303);
#16412=LINE('',#16409,#16411);
#16413=EDGE_CURVE('',#751,#15870,#16412,.T.);
#16414=ORIENTED_EDGE('',*,*,#16413,.T.);
#16415=EDGE_LOOP('',(#16399,#16400,#16401,#16407,#16408,#16414));
#16416=FACE_BOUND('',#16415,.T.);
#16417=ADVANCED_FACE('',(#16416),#16398,.T.);
#16418=CARTESIAN_POINT('',(1440.85,-888.726955262,5.4));
#16419=DIRECTION('',(0.5,0.5,-0.707106781));
#16420=DIRECTION('',(-0.707106781,0.707106781,0.));
#16421=AXIS2_PLACEMENT_3D('',#16418,#16419,#16420);
#16422=PLANE('',#16421);
#16423=ORIENTED_EDGE('',*,*,#16155,.F.);
#16424=CARTESIAN_POINT('',(1440.5,-886.9627417,6.4));
#16425=DIRECTION('',(0.678598344,0.281084638,0.678598345));
#16426=VECTOR('',#16425,0.589450303);
#16427=LINE('',#16424,#16426);
#16428=EDGE_CURVE('',#16144,#2565,#16427,.T.);
#16429=ORIENTED_EDGE('',*,*,#16428,.T.);
#16430=ORIENTED_EDGE('',*,*,#2570,.F.);
#16431=CARTESIAN_POINT('',(1437.202943725,-883.1,6.8));
#16432=DIRECTION('',(-0.281084638,-0.678598344,-0.678598345));
#16433=VECTOR('',#16432,0.589450303);
#16434=LINE('',#16431,#16433);
#16435=EDGE_CURVE('',#2557,#16280,#16434,.T.);
#16436=ORIENTED_EDGE('',*,*,#16435,.T.);
#16437=ORIENTED_EDGE('',*,*,#16285,.F.);
#16438=ORIENTED_EDGE('',*,*,#15683,.F.);
#16439=EDGE_LOOP('',(#16423,#16429,#16430,#16436,#16437,#16438));
#16440=FACE_BOUND('',#16439,.T.);
#16441=ADVANCED_FACE('',(#16440),#16422,.F.);
#16442=CARTESIAN_POINT('',(1439.051471863,-907.051471863,0.));
#16443=DIRECTION('',(-0.5,0.5,-0.707106781));
#16444=DIRECTION('',(-0.707106781,-0.707106781,0.));
#16445=AXIS2_PLACEMENT_3D('',#16442,#16443,#16444);
#16446=PLANE('',#16445);
#16447=ORIENTED_EDGE('',*,*,#15733,.F.);
#16448=ORIENTED_EDGE('',*,*,#15855,.F.);
#16449=ORIENTED_EDGE('',*,*,#15591,.F.);
#16450=CARTESIAN_POINT('',(1440.5,-905.0372583,0.4));
#16451=DIRECTION('',(0.678598344,-0.281084638,-0.678598345));
#16452=VECTOR('',#16451,0.589450303);
#16453=LINE('',#16450,#16452);
#16454=EDGE_CURVE('',#15578,#775,#16453,.T.);
#16455=ORIENTED_EDGE('',*,*,#16454,.T.);
#16456=ORIENTED_EDGE('',*,*,#780,.F.);
#16457=CARTESIAN_POINT('',(1437.202943725,-908.9,0.));
#16458=DIRECTION('',(-0.281084638,0.678598344,0.678598345));
#16459=VECTOR('',#16458,0.589450303);
#16460=LINE('',#16457,#16459);
#16461=EDGE_CURVE('',#767,#15728,#16460,.T.);
#16462=ORIENTED_EDGE('',*,*,#16461,.T.);
#16463=EDGE_LOOP('',(#16447,#16448,#16449,#16455,#16456,#16462));
#16464=FACE_BOUND('',#16463,.T.);
#16465=ADVANCED_FACE('',(#16464),#16446,.T.);
#16466=CARTESIAN_POINT('',(1439.051471863,-884.948528137,0.));
#16467=DIRECTION('',(-0.5,-0.5,-0.707106781));
#16468=DIRECTION('',(0.707106781,-0.707106781,0.));
#16469=AXIS2_PLACEMENT_3D('',#16466,#16467,#16468);
#16470=PLANE('',#16469);
#16471=ORIENTED_EDGE('',*,*,#15575,.F.);
#16472=ORIENTED_EDGE('',*,*,#15713,.F.);
#16473=ORIENTED_EDGE('',*,*,#16031,.F.);
#16474=CARTESIAN_POINT('',(1437.0372583,-883.5,0.4));
#16475=DIRECTION('',(0.281084638,0.678598344,-0.678598345));
#16476=VECTOR('',#16475,0.589450303);
#16477=LINE('',#16474,#16476);
#16478=EDGE_CURVE('',#16020,#733,#16477,.T.);
#16479=ORIENTED_EDGE('',*,*,#16478,.T.);
#16480=ORIENTED_EDGE('',*,*,#794,.F.);
#16481=CARTESIAN_POINT('',(1440.9,-886.797056275,0.));
#16482=DIRECTION('',(-0.678598344,-0.281084638,0.678598345));
#16483=VECTOR('',#16482,0.589450303);
#16484=LINE('',#16481,#16483);
#16485=EDGE_CURVE('',#783,#15570,#16484,.T.);
#16486=ORIENTED_EDGE('',*,*,#16485,.T.);
#16487=EDGE_LOOP('',(#16471,#16472,#16473,#16479,#16480,#16486));
#16488=FACE_BOUND('',#16487,.T.);
#16489=ADVANCED_FACE('',(#16488),#16470,.T.);
#16490=CARTESIAN_POINT('',(1415.15,-903.273044738,5.4));
#16491=DIRECTION('',(-0.5,-0.5,-0.707106781));
#16492=DIRECTION('',(0.707106781,-0.707106781,0.));
#16493=AXIS2_PLACEMENT_3D('',#16490,#16491,#16492);
#16494=PLANE('',#16493);
#16495=ORIENTED_EDGE('',*,*,#16251,.F.);
#16496=CARTESIAN_POINT('',(1415.5,-905.0372583,6.4));
#16497=DIRECTION('',(-0.678598344,-0.281084638,0.678598345));
#16498=VECTOR('',#16497,0.589450303);
#16499=LINE('',#16496,#16498);
#16500=EDGE_CURVE('',#16240,#2539,#16499,.T.);
#16501=ORIENTED_EDGE('',*,*,#16500,.T.);
#16502=ORIENTED_EDGE('',*,*,#2600,.F.);
#16503=CARTESIAN_POINT('',(1418.797056275,-908.9,6.8));
#16504=DIRECTION('',(0.281084638,0.678598344,-0.678598345));
#16505=VECTOR('',#16504,0.589450303);
#16506=LINE('',#16503,#16505);
#16507=EDGE_CURVE('',#2589,#16184,#16506,.T.);
#16508=ORIENTED_EDGE('',*,*,#16507,.T.);
#16509=ORIENTED_EDGE('',*,*,#16189,.F.);
#16510=ORIENTED_EDGE('',*,*,#15992,.F.);
#16511=EDGE_LOOP('',(#16495,#16501,#16502,#16508,#16509,#16510));
#16512=FACE_BOUND('',#16511,.T.);
#16513=ADVANCED_FACE('',(#16512),#16494,.F.);
#16514=CARTESIAN_POINT('',(1415.1,-896.,6.8));
#16515=DIRECTION('',(-0.707106781,0.,-0.707106781));
#16516=DIRECTION('',(0.,1.,0.));
#16517=AXIS2_PLACEMENT_3D('',#16514,#16515,#16516);
#16518=PLANE('',#16517);
#16519=ORIENTED_EDGE('',*,*,#16500,.F.);
#16520=ORIENTED_EDGE('',*,*,#16245,.F.);
#16521=ORIENTED_EDGE('',*,*,#16363,.F.);
#16522=ORIENTED_EDGE('',*,*,#2546,.F.);
#16523=EDGE_LOOP('',(#16519,#16520,#16521,#16522));
#16524=FACE_BOUND('',#16523,.T.);
#16525=ADVANCED_FACE('',(#16524),#16518,.F.);
#16526=CARTESIAN_POINT('',(1428.,-883.1,0.));
#16527=DIRECTION('',(0.,-0.707106781,-0.707106781));
#16528=DIRECTION('',(1.,0.,0.));
#16529=AXIS2_PLACEMENT_3D('',#16526,#16527,#16528);
#16530=PLANE('',#16529);
#16531=ORIENTED_EDGE('',*,*,#16478,.F.);
#16532=ORIENTED_EDGE('',*,*,#16025,.F.);
#16533=ORIENTED_EDGE('',*,*,#16341,.F.);
#16534=ORIENTED_EDGE('',*,*,#740,.F.);
#16535=EDGE_LOOP('',(#16531,#16532,#16533,#16534));
#16536=FACE_BOUND('',#16535,.T.);
#16537=ADVANCED_FACE('',(#16536),#16530,.T.);
#16538=CARTESIAN_POINT('',(1440.9,-896.,0.));
#16539=DIRECTION('',(-0.707106781,0.,-0.707106781));
#16540=DIRECTION('',(0.,-1.,0.));
#16541=AXIS2_PLACEMENT_3D('',#16538,#16539,#16540);
#16542=PLANE('',#16541);
#16543=ORIENTED_EDGE('',*,*,#16454,.F.);
#16544=ORIENTED_EDGE('',*,*,#15583,.F.);
#16545=ORIENTED_EDGE('',*,*,#16485,.F.);
#16546=ORIENTED_EDGE('',*,*,#788,.F.);
#16547=EDGE_LOOP('',(#16543,#16544,#16545,#16546));
#16548=FACE_BOUND('',#16547,.T.);
#16549=ADVANCED_FACE('',(#16548),#16542,.T.);
#16550=CARTESIAN_POINT('',(1428.,-908.9,6.8));
#16551=DIRECTION('',(0.,-0.707106781,-0.707106781));
#16552=DIRECTION('',(-1.,0.,0.));
#16553=AXIS2_PLACEMENT_3D('',#16550,#16551,#16552);
#16554=PLANE('',#16553);
#16555=ORIENTED_EDGE('',*,*,#16380,.F.);
#16556=ORIENTED_EDGE('',*,*,#16197,.F.);
#16557=ORIENTED_EDGE('',*,*,#16507,.F.);
#16558=ORIENTED_EDGE('',*,*,#2594,.F.);
#16559=EDGE_LOOP('',(#16555,#16556,#16557,#16558));
#16560=FACE_BOUND('',#16559,.T.);
#16561=ADVANCED_FACE('',(#16560),#16554,.F.);
#16562=CARTESIAN_POINT('',(1440.9,-896.,6.8));
#16563=DIRECTION('',(0.707106781,0.,-0.707106781));
#16564=DIRECTION('',(0.,-1.,0.));
#16565=AXIS2_PLACEMENT_3D('',#16562,#16563,#16564);
#16566=PLANE('',#16565);
#16567=ORIENTED_EDGE('',*,*,#16428,.F.);
#16568=ORIENTED_EDGE('',*,*,#16149,.F.);
#16569=ORIENTED_EDGE('',*,*,#16387,.F.);
#16570=ORIENTED_EDGE('',*,*,#2578,.F.);
#16571=EDGE_LOOP('',(#16567,#16568,#16569,#16570));
#16572=FACE_BOUND('',#16571,.T.);
#16573=ADVANCED_FACE('',(#16572),#16566,.F.);
#16574=CARTESIAN_POINT('',(1428.,-883.1,6.8));
#16575=DIRECTION('',(0.,0.707106781,-0.707106781));
#16576=DIRECTION('',(1.,0.,0.));
#16577=AXIS2_PLACEMENT_3D('',#16574,#16575,#16576);
#16578=PLANE('',#16577);
#16579=ORIENTED_EDGE('',*,*,#16356,.F.);
#16580=ORIENTED_EDGE('',*,*,#16293,.F.);
#16581=ORIENTED_EDGE('',*,*,#16435,.F.);
#16582=ORIENTED_EDGE('',*,*,#2562,.F.);
#16583=EDGE_LOOP('',(#16579,#16580,#16581,#16582));
#16584=FACE_BOUND('',#16583,.T.);
#16585=ADVANCED_FACE('',(#16584),#16578,.F.);
#16586=CARTESIAN_POINT('',(1415.1,-896.,0.));
#16587=DIRECTION('',(0.707106781,0.,-0.707106781));
#16588=DIRECTION('',(0.,1.,0.));
#16589=AXIS2_PLACEMENT_3D('',#16586,#16587,#16588);
#16590=PLANE('',#16589);
#16591=ORIENTED_EDGE('',*,*,#16334,.F.);
#16592=ORIENTED_EDGE('',*,*,#15883,.F.);
#16593=ORIENTED_EDGE('',*,*,#16413,.F.);
#16594=ORIENTED_EDGE('',*,*,#756,.F.);
#16595=EDGE_LOOP('',(#16591,#16592,#16593,#16594));
#16596=FACE_BOUND('',#16595,.T.);
#16597=ADVANCED_FACE('',(#16596),#16590,.T.);
#16598=CARTESIAN_POINT('',(1428.,-908.9,0.));
#16599=DIRECTION('',(0.,0.707106781,-0.707106781));
#16600=DIRECTION('',(-1.,0.,0.));
#16601=AXIS2_PLACEMENT_3D('',#16598,#16599,#16600);
#16602=PLANE('',#16601);
#16603=ORIENTED_EDGE('',*,*,#16406,.F.);
#16604=ORIENTED_EDGE('',*,*,#15741,.F.);
#16605=ORIENTED_EDGE('',*,*,#16461,.F.);
#16606=ORIENTED_EDGE('',*,*,#772,.F.);
#16607=EDGE_LOOP('',(#16603,#16604,#16605,#16606));
#16608=FACE_BOUND('',#16607,.T.);
#16609=ADVANCED_FACE('',(#16608),#16602,.T.);
#16610=CARTESIAN_POINT('',(1442.,-905.8,6.8));
#16611=DIRECTION('',(-0.707106781,0.707106781,0.));
#16612=DIRECTION('',(0.,0.,-1.));
#16613=AXIS2_PLACEMENT_3D('',#16610,#16611,#16612);
#16614=PLANE('',#16613);
#16615=ORIENTED_EDGE('',*,*,#1992,.F.);
#16616=ORIENTED_EDGE('',*,*,#8700,.F.);
#16617=ORIENTED_EDGE('',*,*,#104,.F.);
#16618=ORIENTED_EDGE('',*,*,#10372,.F.);
#16619=EDGE_LOOP('',(#16615,#16616,#16617,#16618));
#16620=FACE_BOUND('',#16619,.T.);
#16621=ADVANCED_FACE('',(#16620),#16614,.F.);
#16622=CARTESIAN_POINT('',(1416.6,-908.125,4.6));
#16623=DIRECTION('',(1.,0.,0.));
#16624=DIRECTION('',(0.,0.,1.));
#16625=AXIS2_PLACEMENT_3D('',#16622,#16623,#16624);
#16626=PLANE('',#16625);
#16627=ORIENTED_EDGE('',*,*,#9302,.F.);
#16628=ORIENTED_EDGE('',*,*,#9235,.T.);
#16629=ORIENTED_EDGE('',*,*,#9369,.T.);
#16630=CARTESIAN_POINT('',(1416.6,-908.63706751,4.6));
#16631=DIRECTION('',(0.,0.,-1.));
#16632=VECTOR('',#16631,2.4);
#16633=LINE('',#16630,#16632);
#16634=EDGE_CURVE('',#9297,#9357,#16633,.T.);
#16635=ORIENTED_EDGE('',*,*,#16634,.F.);
#16636=EDGE_LOOP('',(#16627,#16628,#16629,#16635));
#16637=FACE_BOUND('',#16636,.T.);
#16638=ADVANCED_FACE('',(#16637),#16626,.F.);
#16639=CARTESIAN_POINT('',(1416.1,-908.63706751,4.6));
#16640=DIRECTION('',(0.,0.,-1.));
#16641=DIRECTION('',(0.,1.,0.));
#16642=AXIS2_PLACEMENT_3D('',#16639,#16640,#16641);
#16643=CYLINDRICAL_SURFACE('',#16642,0.5);
#16644=ORIENTED_EDGE('',*,*,#9311,.T.);
#16645=ORIENTED_EDGE('',*,*,#16634,.T.);
#16646=ORIENTED_EDGE('',*,*,#9363,.T.);
#16647=CARTESIAN_POINT('',(1416.555223465,-908.843880461,2.2));
#16648=DIRECTION('',(-0.,-0.,1.));
#16649=VECTOR('',#16648,2.4);
#16650=LINE('',#16647,#16649);
#16651=EDGE_CURVE('',#9348,#9305,#16650,.T.);
#16652=ORIENTED_EDGE('',*,*,#16651,.T.);
#16653=EDGE_LOOP('',(#16644,#16645,#16646,#16652));
#16654=FACE_BOUND('',#16653,.T.);
#16655=ADVANCED_FACE('',(#16654),#16643,.F.);
#16656=CARTESIAN_POINT('',(1419.1,-910.,4.6));
#16657=DIRECTION('',(0.,0.,-1.));
#16658=DIRECTION('',(0.,1.,0.));
#16659=AXIS2_PLACEMENT_3D('',#16656,#16657,#16658);
#16660=CYLINDRICAL_SURFACE('',#16659,2.795084972);
#16661=ORIENTED_EDGE('',*,*,#9354,.T.);
#16662=CARTESIAN_POINT('',(1416.318432388,-909.725442863,4.6));
#16663=DIRECTION('',(0.,0.,-1.));
#16664=VECTOR('',#16663,2.4);
#16665=LINE('',#16662,#16664);
#16666=EDGE_CURVE('',#9314,#9339,#16665,.T.);
#16667=ORIENTED_EDGE('',*,*,#16666,.F.);
#16668=ORIENTED_EDGE('',*,*,#9320,.F.);
#16669=ORIENTED_EDGE('',*,*,#16651,.F.);
#16670=EDGE_LOOP('',(#16661,#16667,#16668,#16669));
#16671=FACE_BOUND('',#16670,.T.);
#16672=ADVANCED_FACE('',(#16671),#16660,.T.);
#16673=CARTESIAN_POINT('',(1416.567223359,-909.75,4.6));
#16674=DIRECTION('',(0.,0.,-1.));
#16675=DIRECTION('',(0.,1.,0.));
#16676=AXIS2_PLACEMENT_3D('',#16673,#16674,#16675);
#16677=CYLINDRICAL_SURFACE('',#16676,0.25);
#16678=ORIENTED_EDGE('',*,*,#9327,.T.);
#16679=ORIENTED_EDGE('',*,*,#16666,.T.);
#16680=ORIENTED_EDGE('',*,*,#9345,.T.);
#16681=ORIENTED_EDGE('',*,*,#8678,.T.);
#16682=EDGE_LOOP('',(#16678,#16679,#16680,#16681));
#16683=FACE_BOUND('',#16682,.T.);
#16684=ADVANCED_FACE('',(#16683),#16677,.T.);
#16685=CARTESIAN_POINT('',(1439.5,-882.,4.6));
#16686=DIRECTION('',(0.,0.,-1.));
#16687=DIRECTION('',(-1.,0.,0.));
#16688=AXIS2_PLACEMENT_3D('',#16685,#16686,#16687);
#16689=CYLINDRICAL_SURFACE('',#16688,2.6);
#16690=CARTESIAN_POINT('',(1436.9,-882.,2.2));
#16691=VERTEX_POINT('',#16690);
#16692=CARTESIAN_POINT('',(1436.9,-882.,4.6));
#16693=VERTEX_POINT('',#16692);
#16694=CARTESIAN_POINT('',(1436.9,-882.,2.2));
#16695=DIRECTION('',(-0.,-0.,1.));
#16696=VECTOR('',#16695,2.4);
#16697=LINE('',#16694,#16696);
#16698=EDGE_CURVE('',#16691,#16693,#16697,.T.);
#16699=ORIENTED_EDGE('',*,*,#16698,.F.);
#16700=CARTESIAN_POINT('',(1439.5,-879.4,2.2));
#16701=VERTEX_POINT('',#16700);
#16702=CARTESIAN_POINT('',(1439.5,-882.,2.2));
#16703=DIRECTION('',(-0.,-0.,1.));
#16704=DIRECTION('',(-1.,0.,0.));
#16705=AXIS2_PLACEMENT_3D('',#16702,#16703,#16704);
#16706=CIRCLE('',#16705,2.6);
#16707=EDGE_CURVE('',#16701,#16691,#16706,.T.);
#16708=ORIENTED_EDGE('',*,*,#16707,.F.);
#16709=CARTESIAN_POINT('',(1439.5,-879.4,4.6));
#16710=VERTEX_POINT('',#16709);
#16711=CARTESIAN_POINT('',(1439.5,-879.4,4.6));
#16712=DIRECTION('',(-0.,-0.,-1.));
#16713=VECTOR('',#16712,2.4);
#16714=LINE('',#16711,#16713);
#16715=EDGE_CURVE('',#16710,#16701,#16714,.T.);
#16716=ORIENTED_EDGE('',*,*,#16715,.F.);
#16717=CARTESIAN_POINT('',(1439.5,-882.,4.6));
#16718=DIRECTION('',(-0.,-0.,1.));
#16719=DIRECTION('',(-1.,0.,0.));
#16720=AXIS2_PLACEMENT_3D('',#16717,#16718,#16719);
#16721=CIRCLE('',#16720,2.6);
#16722=EDGE_CURVE('',#16710,#16693,#16721,.T.);
#16723=ORIENTED_EDGE('',*,*,#16722,.T.);
#16724=EDGE_LOOP('',(#16699,#16708,#16716,#16723));
#16725=FACE_BOUND('',#16724,.T.);
#16726=ADVANCED_FACE('',(#16725),#16689,.F.);
#16727=CARTESIAN_POINT('',(1428.,-896.,4.6));
#16728=DIRECTION('',(0.,0.,1.));
#16729=DIRECTION('',(1.,0.,0.));
#16730=AXIS2_PLACEMENT_3D('',#16727,#16728,#16729);
#16731=PLANE('',#16730);
#16732=ORIENTED_EDGE('',*,*,#10493,.F.);
#16733=CARTESIAN_POINT('',(1441.725442863,-884.318432388,4.6));
#16734=VERTEX_POINT('',#16733);
#16735=CARTESIAN_POINT('',(1441.75,-884.567223359,4.6));
#16736=DIRECTION('',(0.,0.,-1.));
#16737=DIRECTION('',(-1.,0.,0.));
#16738=AXIS2_PLACEMENT_3D('',#16735,#16736,#16737);
#16739=CIRCLE('',#16738,0.25);
#16740=EDGE_CURVE('',#16734,#10486,#16739,.T.);
#16741=ORIENTED_EDGE('',*,*,#16740,.F.);
#16742=CARTESIAN_POINT('',(1440.843880461,-884.555223465,4.6));
#16743=VERTEX_POINT('',#16742);
#16744=CARTESIAN_POINT('',(1442.,-887.1,4.6));
#16745=DIRECTION('',(-0.,-0.,1.));
#16746=DIRECTION('',(-1.,0.,0.));
#16747=AXIS2_PLACEMENT_3D('',#16744,#16745,#16746);
#16748=CIRCLE('',#16747,2.795084972);
#16749=EDGE_CURVE('',#16734,#16743,#16748,.T.);
#16750=ORIENTED_EDGE('',*,*,#16749,.T.);
#16751=CARTESIAN_POINT('',(1440.63706751,-884.6,4.6));
#16752=VERTEX_POINT('',#16751);
#16753=CARTESIAN_POINT('',(1440.63706751,-884.1,4.6));
#16754=DIRECTION('',(-0.,-0.,1.));
#16755=DIRECTION('',(-1.,0.,0.));
#16756=AXIS2_PLACEMENT_3D('',#16753,#16754,#16755);
#16757=CIRCLE('',#16756,0.5);
#16758=EDGE_CURVE('',#16752,#16743,#16757,.T.);
#16759=ORIENTED_EDGE('',*,*,#16758,.F.);
#16760=CARTESIAN_POINT('',(1439.5,-884.6,4.6));
#16761=VERTEX_POINT('',#16760);
#16762=CARTESIAN_POINT('',(1439.5,-884.6,4.6));
#16763=DIRECTION('',(1.,0.,-0.));
#16764=VECTOR('',#16763,1.13706751);
#16765=LINE('',#16762,#16764);
#16766=EDGE_CURVE('',#16761,#16752,#16765,.T.);
#16767=ORIENTED_EDGE('',*,*,#16766,.F.);
#16768=CARTESIAN_POINT('',(1439.5,-882.,4.6));
#16769=DIRECTION('',(-0.,-0.,1.));
#16770=DIRECTION('',(-1.,0.,0.));
#16771=AXIS2_PLACEMENT_3D('',#16768,#16769,#16770);
#16772=CIRCLE('',#16771,2.6);
#16773=EDGE_CURVE('',#16693,#16761,#16772,.T.);
#16774=ORIENTED_EDGE('',*,*,#16773,.F.);
#16775=ORIENTED_EDGE('',*,*,#16722,.F.);
#16776=CARTESIAN_POINT('',(1440.63706751,-879.4,4.6));
#16777=VERTEX_POINT('',#16776);
#16778=CARTESIAN_POINT('',(1439.5,-879.4,4.6));
#16779=DIRECTION('',(1.,0.,-0.));
#16780=VECTOR('',#16779,1.13706751);
#16781=LINE('',#16778,#16780);
#16782=EDGE_CURVE('',#16710,#16777,#16781,.T.);
#16783=ORIENTED_EDGE('',*,*,#16782,.T.);
#16784=CARTESIAN_POINT('',(1440.843880461,-879.444776535,4.6));
#16785=VERTEX_POINT('',#16784);
#16786=CARTESIAN_POINT('',(1440.63706751,-879.9,4.6));
#16787=DIRECTION('',(-0.,-0.,1.));
#16788=DIRECTION('',(-1.,0.,0.));
#16789=AXIS2_PLACEMENT_3D('',#16786,#16787,#16788);
#16790=CIRCLE('',#16789,0.5);
#16791=EDGE_CURVE('',#16785,#16777,#16790,.T.);
#16792=ORIENTED_EDGE('',*,*,#16791,.F.);
#16793=CARTESIAN_POINT('',(1441.725442863,-879.681567612,4.6));
#16794=VERTEX_POINT('',#16793);
#16795=CARTESIAN_POINT('',(1442.,-876.9,4.6));
#16796=DIRECTION('',(-0.,-0.,1.));
#16797=DIRECTION('',(-1.,0.,0.));
#16798=AXIS2_PLACEMENT_3D('',#16795,#16796,#16797);
#16799=CIRCLE('',#16798,2.795084972);
#16800=EDGE_CURVE('',#16785,#16794,#16799,.T.);
#16801=ORIENTED_EDGE('',*,*,#16800,.T.);
#16802=CARTESIAN_POINT('',(1441.75,-879.432776641,4.6));
#16803=DIRECTION('',(0.,0.,-1.));
#16804=DIRECTION('',(-1.,0.,0.));
#16805=AXIS2_PLACEMENT_3D('',#16802,#16803,#16804);
#16806=CIRCLE('',#16805,0.25);
#16807=EDGE_CURVE('',#10488,#16794,#16806,.T.);
#16808=ORIENTED_EDGE('',*,*,#16807,.F.);
#16809=EDGE_LOOP('',(#16732,#16741,#16750,#16759,#16767,#16774,#16775,#16783,#16792,#16801,#16808));
#16810=FACE_BOUND('',#16809,.T.);
#16811=ADVANCED_FACE('',(#16810),#16731,.F.);
#16812=CARTESIAN_POINT('',(1428.,-896.,2.2));
#16813=DIRECTION('',(0.,0.,1.));
#16814=DIRECTION('',(1.,0.,0.));
#16815=AXIS2_PLACEMENT_3D('',#16812,#16813,#16814);
#16816=PLANE('',#16815);
#16817=ORIENTED_EDGE('',*,*,#10509,.T.);
#16818=CARTESIAN_POINT('',(1441.725442863,-879.681567612,2.2));
#16819=VERTEX_POINT('',#16818);
#16820=CARTESIAN_POINT('',(1441.75,-879.432776641,2.2));
#16821=DIRECTION('',(-0.,-0.,1.));
#16822=DIRECTION('',(-1.,0.,0.));
#16823=AXIS2_PLACEMENT_3D('',#16820,#16821,#16822);
#16824=CIRCLE('',#16823,0.25);
#16825=EDGE_CURVE('',#16819,#10496,#16824,.T.);
#16826=ORIENTED_EDGE('',*,*,#16825,.F.);
#16827=CARTESIAN_POINT('',(1440.843880461,-879.444776535,2.2));
#16828=VERTEX_POINT('',#16827);
#16829=CARTESIAN_POINT('',(1442.,-876.9,2.2));
#16830=DIRECTION('',(-0.,-0.,1.));
#16831=DIRECTION('',(-1.,0.,0.));
#16832=AXIS2_PLACEMENT_3D('',#16829,#16830,#16831);
#16833=CIRCLE('',#16832,2.795084972);
#16834=EDGE_CURVE('',#16828,#16819,#16833,.T.);
#16835=ORIENTED_EDGE('',*,*,#16834,.F.);
#16836=CARTESIAN_POINT('',(1440.63706751,-879.4,2.2));
#16837=VERTEX_POINT('',#16836);
#16838=CARTESIAN_POINT('',(1440.63706751,-879.9,2.2));
#16839=DIRECTION('',(0.,0.,-1.));
#16840=DIRECTION('',(-1.,0.,0.));
#16841=AXIS2_PLACEMENT_3D('',#16838,#16839,#16840);
#16842=CIRCLE('',#16841,0.5);
#16843=EDGE_CURVE('',#16837,#16828,#16842,.T.);
#16844=ORIENTED_EDGE('',*,*,#16843,.F.);
#16845=CARTESIAN_POINT('',(1439.5,-879.4,2.2));
#16846=DIRECTION('',(1.,0.,-0.));
#16847=VECTOR('',#16846,1.13706751);
#16848=LINE('',#16845,#16847);
#16849=EDGE_CURVE('',#16701,#16837,#16848,.T.);
#16850=ORIENTED_EDGE('',*,*,#16849,.F.);
#16851=ORIENTED_EDGE('',*,*,#16707,.T.);
#16852=CARTESIAN_POINT('',(1439.5,-884.6,2.2));
#16853=VERTEX_POINT('',#16852);
#16854=CARTESIAN_POINT('',(1439.5,-882.,2.2));
#16855=DIRECTION('',(-0.,-0.,1.));
#16856=DIRECTION('',(-1.,0.,0.));
#16857=AXIS2_PLACEMENT_3D('',#16854,#16855,#16856);
#16858=CIRCLE('',#16857,2.6);
#16859=EDGE_CURVE('',#16691,#16853,#16858,.T.);
#16860=ORIENTED_EDGE('',*,*,#16859,.T.);
#16861=CARTESIAN_POINT('',(1440.63706751,-884.6,2.2));
#16862=VERTEX_POINT('',#16861);
#16863=CARTESIAN_POINT('',(1439.5,-884.6,2.2));
#16864=DIRECTION('',(1.,0.,-0.));
#16865=VECTOR('',#16864,1.13706751);
#16866=LINE('',#16863,#16865);
#16867=EDGE_CURVE('',#16853,#16862,#16866,.T.);
#16868=ORIENTED_EDGE('',*,*,#16867,.T.);
#16869=CARTESIAN_POINT('',(1440.843880461,-884.555223465,2.2));
#16870=VERTEX_POINT('',#16869);
#16871=CARTESIAN_POINT('',(1440.63706751,-884.1,2.2));
#16872=DIRECTION('',(0.,0.,-1.));
#16873=DIRECTION('',(-1.,0.,0.));
#16874=AXIS2_PLACEMENT_3D('',#16871,#16872,#16873);
#16875=CIRCLE('',#16874,0.5);
#16876=EDGE_CURVE('',#16870,#16862,#16875,.T.);
#16877=ORIENTED_EDGE('',*,*,#16876,.F.);
#16878=CARTESIAN_POINT('',(1441.725442863,-884.318432388,2.2));
#16879=VERTEX_POINT('',#16878);
#16880=CARTESIAN_POINT('',(1442.,-887.1,2.2));
#16881=DIRECTION('',(-0.,-0.,1.));
#16882=DIRECTION('',(-1.,0.,0.));
#16883=AXIS2_PLACEMENT_3D('',#16880,#16881,#16882);
#16884=CIRCLE('',#16883,2.795084972);
#16885=EDGE_CURVE('',#16879,#16870,#16884,.T.);
#16886=ORIENTED_EDGE('',*,*,#16885,.F.);
#16887=CARTESIAN_POINT('',(1441.75,-884.567223359,2.2));
#16888=DIRECTION('',(-0.,-0.,1.));
#16889=DIRECTION('',(-1.,0.,0.));
#16890=AXIS2_PLACEMENT_3D('',#16887,#16888,#16889);
#16891=CIRCLE('',#16890,0.25);
#16892=EDGE_CURVE('',#10504,#16879,#16891,.T.);
#16893=ORIENTED_EDGE('',*,*,#16892,.F.);
#16894=EDGE_LOOP('',(#16817,#16826,#16835,#16844,#16850,#16851,#16860,#16868,#16877,#16886,#16893));
#16895=FACE_BOUND('',#16894,.T.);
#16896=ADVANCED_FACE('',(#16895),#16816,.T.);
#16897=CARTESIAN_POINT('',(1440.63706751,-884.1,4.6));
#16898=DIRECTION('',(0.,0.,-1.));
#16899=DIRECTION('',(-1.,0.,0.));
#16900=AXIS2_PLACEMENT_3D('',#16897,#16898,#16899);
#16901=CYLINDRICAL_SURFACE('',#16900,0.5);
#16902=ORIENTED_EDGE('',*,*,#16758,.T.);
#16903=CARTESIAN_POINT('',(1440.843880461,-884.555223465,4.6));
#16904=DIRECTION('',(0.,0.,-1.));
#16905=VECTOR('',#16904,2.4);
#16906=LINE('',#16903,#16905);
#16907=EDGE_CURVE('',#16743,#16870,#16906,.T.);
#16908=ORIENTED_EDGE('',*,*,#16907,.T.);
#16909=ORIENTED_EDGE('',*,*,#16876,.T.);
#16910=CARTESIAN_POINT('',(1440.63706751,-884.6,2.2));
#16911=DIRECTION('',(-0.,-0.,1.));
#16912=VECTOR('',#16911,2.4);
#16913=LINE('',#16910,#16912);
#16914=EDGE_CURVE('',#16862,#16752,#16913,.T.);
#16915=ORIENTED_EDGE('',*,*,#16914,.T.);
#16916=EDGE_LOOP('',(#16902,#16908,#16909,#16915));
#16917=FACE_BOUND('',#16916,.T.);
#16918=ADVANCED_FACE('',(#16917),#16901,.F.);
#16919=CARTESIAN_POINT('',(1440.125,-884.6,4.6));
#16920=DIRECTION('',(0.,1.,0.));
#16921=DIRECTION('',(0.,0.,1.));
#16922=AXIS2_PLACEMENT_3D('',#16919,#16920,#16921);
#16923=PLANE('',#16922);
#16924=ORIENTED_EDGE('',*,*,#16867,.F.);
#16925=CARTESIAN_POINT('',(1439.5,-884.6,4.6));
#16926=DIRECTION('',(0.,0.,-1.));
#16927=VECTOR('',#16926,2.4);
#16928=LINE('',#16925,#16927);
#16929=EDGE_CURVE('',#16761,#16853,#16928,.T.);
#16930=ORIENTED_EDGE('',*,*,#16929,.F.);
#16931=ORIENTED_EDGE('',*,*,#16766,.T.);
#16932=ORIENTED_EDGE('',*,*,#16914,.F.);
#16933=EDGE_LOOP('',(#16924,#16930,#16931,#16932));
#16934=FACE_BOUND('',#16933,.T.);
#16935=ADVANCED_FACE('',(#16934),#16923,.T.);
#16936=CARTESIAN_POINT('',(1442.,-887.1,4.6));
#16937=DIRECTION('',(0.,0.,-1.));
#16938=DIRECTION('',(-1.,0.,0.));
#16939=AXIS2_PLACEMENT_3D('',#16936,#16937,#16938);
#16940=CYLINDRICAL_SURFACE('',#16939,2.795084972);
#16941=ORIENTED_EDGE('',*,*,#16749,.F.);
#16942=CARTESIAN_POINT('',(1441.725442863,-884.318432388,2.2));
#16943=DIRECTION('',(-0.,-0.,1.));
#16944=VECTOR('',#16943,2.4);
#16945=LINE('',#16942,#16944);
#16946=EDGE_CURVE('',#16879,#16734,#16945,.T.);
#16947=ORIENTED_EDGE('',*,*,#16946,.F.);
#16948=ORIENTED_EDGE('',*,*,#16885,.T.);
#16949=ORIENTED_EDGE('',*,*,#16907,.F.);
#16950=EDGE_LOOP('',(#16941,#16947,#16948,#16949));
#16951=FACE_BOUND('',#16950,.T.);
#16952=ADVANCED_FACE('',(#16951),#16940,.T.);
#16953=CARTESIAN_POINT('',(1441.75,-884.567223359,4.6));
#16954=DIRECTION('',(0.,0.,-1.));
#16955=DIRECTION('',(-1.,0.,0.));
#16956=AXIS2_PLACEMENT_3D('',#16953,#16954,#16955);
#16957=CYLINDRICAL_SURFACE('',#16956,0.25);
#16958=ORIENTED_EDGE('',*,*,#16740,.T.);
#16959=ORIENTED_EDGE('',*,*,#10515,.T.);
#16960=ORIENTED_EDGE('',*,*,#16892,.T.);
#16961=ORIENTED_EDGE('',*,*,#16946,.T.);
#16962=EDGE_LOOP('',(#16958,#16959,#16960,#16961));
#16963=FACE_BOUND('',#16962,.T.);
#16964=ADVANCED_FACE('',(#16963),#16957,.T.);
#16965=CARTESIAN_POINT('',(1412.5,-840.,2.4));
#16966=DIRECTION('',(-1.,0.,0.));
#16967=DIRECTION('',(0.,-1.,0.));
#16968=AXIS2_PLACEMENT_3D('',#16965,#16966,#16967);
#16969=PLANE('',#16968);
#16970=CARTESIAN_POINT('',(1412.5,-832.376955262,1.4));
#16971=VERTEX_POINT('',#16970);
#16972=CARTESIAN_POINT('',(1412.5,-830.9627417,0.4));
#16973=VERTEX_POINT('',#16972);
#16974=CARTESIAN_POINT('',(1412.5,-832.376955262,1.4));
#16975=DIRECTION('',(0.,0.816496581,-0.577350269));
#16976=VECTOR('',#16975,1.732050807);
#16977=LINE('',#16974,#16976);
#16978=EDGE_CURVE('',#16971,#16973,#16977,.T.);
#16979=ORIENTED_EDGE('',*,*,#16978,.T.);
#16980=CARTESIAN_POINT('',(1412.5,-849.0372583,0.4));
#16981=VERTEX_POINT('',#16980);
#16982=CARTESIAN_POINT('',(1412.5,-830.9627417,0.4));
#16983=DIRECTION('',(0.,-1.,0.));
#16984=VECTOR('',#16983,18.0745166);
#16985=LINE('',#16982,#16984);
#16986=EDGE_CURVE('',#16973,#16981,#16985,.T.);
#16987=ORIENTED_EDGE('',*,*,#16986,.T.);
#16988=CARTESIAN_POINT('',(1412.5,-847.623044738,1.4));
#16989=VERTEX_POINT('',#16988);
#16990=CARTESIAN_POINT('',(1412.5,-849.0372583,0.4));
#16991=DIRECTION('',(0.,0.816496581,0.577350269));
#16992=VECTOR('',#16991,1.732050807);
#16993=LINE('',#16990,#16992);
#16994=EDGE_CURVE('',#16981,#16989,#16993,.T.);
#16995=ORIENTED_EDGE('',*,*,#16994,.T.);
#16996=CARTESIAN_POINT('',(1412.5,-847.623044738,1.4));
#16997=DIRECTION('',(-0.,1.,-0.));
#16998=VECTOR('',#16997,15.246089476);
#16999=LINE('',#16996,#16998);
#17000=EDGE_CURVE('',#16989,#16971,#16999,.T.);
#17001=ORIENTED_EDGE('',*,*,#17000,.T.);
#17002=EDGE_LOOP('',(#16979,#16987,#16995,#17001));
#17003=FACE_BOUND('',#17002,.T.);
#17004=ADVANCED_FACE('',(#17003),#16969,.T.);
#17005=CARTESIAN_POINT('',(1412.5,-840.,1.4));
#17006=DIRECTION('',(0.819231921,0.,-0.573462344));
#17007=DIRECTION('',(0.,1.,0.));
#17008=AXIS2_PLACEMENT_3D('',#17005,#17006,#17007);
#17009=PLANE('',#17008);
#17010=CARTESIAN_POINT('',(1413.2,-846.923044738,2.4));
#17011=VERTEX_POINT('',#17010);
#17012=CARTESIAN_POINT('',(1413.2,-846.923044738,2.4));
#17013=DIRECTION('',(-0.497468338,-0.497468338,-0.710669055));
#17014=VECTOR('',#17013,1.407124728);
#17015=LINE('',#17012,#17014);
#17016=EDGE_CURVE('',#17011,#16989,#17015,.T.);
#17017=ORIENTED_EDGE('',*,*,#17016,.F.);
#17018=CARTESIAN_POINT('',(1413.2,-833.076955262,2.4));
#17019=VERTEX_POINT('',#17018);
#17020=CARTESIAN_POINT('',(1413.199999999,-846.923044738,2.4));
#17021=DIRECTION('',(0.,1.,0.));
#17022=VECTOR('',#17021,13.846089476);
#17023=LINE('',#17020,#17022);
#17024=EDGE_CURVE('',#17011,#17019,#17023,.T.);
#17025=ORIENTED_EDGE('',*,*,#17024,.T.);
#17026=CARTESIAN_POINT('',(1412.5,-832.376955262,1.4));
#17027=DIRECTION('',(0.497468338,-0.497468338,0.710669055));
#17028=VECTOR('',#17027,1.407124728);
#17029=LINE('',#17026,#17028);
#17030=EDGE_CURVE('',#16971,#17019,#17029,.T.);
#17031=ORIENTED_EDGE('',*,*,#17030,.F.);
#17032=ORIENTED_EDGE('',*,*,#17000,.F.);
#17033=EDGE_LOOP('',(#17017,#17025,#17031,#17032));
#17034=FACE_BOUND('',#17033,.T.);
#17035=ADVANCED_FACE('',(#17034),#17009,.F.);
#17036=CARTESIAN_POINT('',(1413.2,-840.,6.8));
#17037=DIRECTION('',(-1.,0.,0.));
#17038=DIRECTION('',(0.,-1.,0.));
#17039=AXIS2_PLACEMENT_3D('',#17036,#17037,#17038);
#17040=PLANE('',#17039);
#17041=ORIENTED_EDGE('',*,*,#17024,.F.);
#17042=CARTESIAN_POINT('',(1413.2,-846.923044738,4.4));
#17043=VERTEX_POINT('',#17042);
#17044=CARTESIAN_POINT('',(1413.2,-846.923044738,4.4));
#17045=DIRECTION('',(-0.,-0.,-1.));
#17046=VECTOR('',#17045,2.);
#17047=LINE('',#17044,#17046);
#17048=EDGE_CURVE('',#17043,#17011,#17047,.T.);
#17049=ORIENTED_EDGE('',*,*,#17048,.F.);
#17050=CARTESIAN_POINT('',(1413.2,-833.076955262,4.4));
#17051=VERTEX_POINT('',#17050);
#17052=CARTESIAN_POINT('',(1413.2,-846.923044738,4.4));
#17053=DIRECTION('',(-0.,1.,-0.));
#17054=VECTOR('',#17053,13.846089476);
#17055=LINE('',#17052,#17054);
#17056=EDGE_CURVE('',#17043,#17051,#17055,.T.);
#17057=ORIENTED_EDGE('',*,*,#17056,.T.);
#17058=CARTESIAN_POINT('',(1413.2,-833.076955262,4.4));
#17059=DIRECTION('',(-0.,-0.,-1.));
#17060=VECTOR('',#17059,2.);
#17061=LINE('',#17058,#17060);
#17062=EDGE_CURVE('',#17051,#17019,#17061,.T.);
#17063=ORIENTED_EDGE('',*,*,#17062,.T.);
#17064=EDGE_LOOP('',(#17041,#17049,#17057,#17063));
#17065=FACE_BOUND('',#17064,.T.);
#17066=ADVANCED_FACE('',(#17065),#17040,.T.);
#17067=CARTESIAN_POINT('',(1412.85,-832.726955262,6.8));
#17068=DIRECTION('',(-0.707106781,-0.707106781,0.));
#17069=DIRECTION('',(0.707106781,-0.707106781,0.));
#17070=AXIS2_PLACEMENT_3D('',#17067,#17068,#17069);
#17071=PLANE('',#17070);
#17072=CARTESIAN_POINT('',(1412.5,-832.376955262,5.4));
#17073=VERTEX_POINT('',#17072);
#17074=CARTESIAN_POINT('',(1413.2,-833.076955262,4.4));
#17075=DIRECTION('',(-0.497468338,0.497468338,0.710669055));
#17076=VECTOR('',#17075,1.407124728);
#17077=LINE('',#17074,#17076);
#17078=EDGE_CURVE('',#17051,#17073,#17077,.T.);
#17079=ORIENTED_EDGE('',*,*,#17078,.T.);
#17080=CARTESIAN_POINT('',(1407.623044738,-827.5,5.4));
#17081=VERTEX_POINT('',#17080);
#17082=CARTESIAN_POINT('',(1412.5,-832.376955262,5.4));
#17083=DIRECTION('',(-0.707106781,0.707106781,-0.));
#17084=VECTOR('',#17083,6.897056275);
#17085=LINE('',#17082,#17084);
#17086=EDGE_CURVE('',#17073,#17081,#17085,.T.);
#17087=ORIENTED_EDGE('',*,*,#17086,.T.);
#17088=CARTESIAN_POINT('',(1406.923044738,-826.8,4.4));
#17089=VERTEX_POINT('',#17088);
#17090=CARTESIAN_POINT('',(1407.623044738,-827.5,5.4));
#17091=DIRECTION('',(-0.497468338,0.497468338,-0.710669055));
#17092=VECTOR('',#17091,1.407124728);
#17093=LINE('',#17090,#17092);
#17094=EDGE_CURVE('',#17081,#17089,#17093,.T.);
#17095=ORIENTED_EDGE('',*,*,#17094,.T.);
#17096=CARTESIAN_POINT('',(1406.923044738,-826.8,2.4));
#17097=VERTEX_POINT('',#17096);
#17098=CARTESIAN_POINT('',(1406.923044738,-826.8,4.4));
#17099=DIRECTION('',(-0.,-0.,-1.));
#17100=VECTOR('',#17099,2.);
#17101=LINE('',#17098,#17100);
#17102=EDGE_CURVE('',#17089,#17097,#17101,.T.);
#17103=ORIENTED_EDGE('',*,*,#17102,.T.);
#17104=CARTESIAN_POINT('',(1407.623044738,-827.5,1.4));
#17105=VERTEX_POINT('',#17104);
#17106=CARTESIAN_POINT('',(1406.923044738,-826.8,2.4));
#17107=DIRECTION('',(0.497468338,-0.497468338,-0.710669055));
#17108=VECTOR('',#17107,1.407124728);
#17109=LINE('',#17106,#17108);
#17110=EDGE_CURVE('',#17097,#17105,#17109,.T.);
#17111=ORIENTED_EDGE('',*,*,#17110,.T.);
#17112=CARTESIAN_POINT('',(1407.623044738,-827.5,1.4));
#17113=DIRECTION('',(0.707106781,-0.707106781,0.));
#17114=VECTOR('',#17113,6.897056275);
#17115=LINE('',#17112,#17114);
#17116=EDGE_CURVE('',#17105,#16971,#17115,.T.);
#17117=ORIENTED_EDGE('',*,*,#17116,.T.);
#17118=ORIENTED_EDGE('',*,*,#17030,.T.);
#17119=ORIENTED_EDGE('',*,*,#17062,.F.);
#17120=EDGE_LOOP('',(#17079,#17087,#17095,#17103,#17111,#17117,#17118,#17119));
#17121=FACE_BOUND('',#17120,.T.);
#17122=ADVANCED_FACE('',(#17121),#17071,.T.);
#17123=CARTESIAN_POINT('',(1400.,-852.5,2.4));
#17124=DIRECTION('',(0.,1.,0.));
#17125=DIRECTION('',(-1.,0.,0.));
#17126=AXIS2_PLACEMENT_3D('',#17123,#17124,#17125);
#17127=PLANE('',#17126);
#17128=CARTESIAN_POINT('',(1407.623044738,-852.5,1.4));
#17129=VERTEX_POINT('',#17128);
#17130=CARTESIAN_POINT('',(1409.0372583,-852.5,0.4));
#17131=VERTEX_POINT('',#17130);
#17132=CARTESIAN_POINT('',(1407.623044738,-852.5,1.4));
#17133=DIRECTION('',(0.816496581,0.,-0.577350269));
#17134=VECTOR('',#17133,1.732050807);
#17135=LINE('',#17132,#17134);
#17136=EDGE_CURVE('',#17129,#17131,#17135,.T.);
#17137=ORIENTED_EDGE('',*,*,#17136,.T.);
#17138=CARTESIAN_POINT('',(1390.9627417,-852.5,0.4));
#17139=VERTEX_POINT('',#17138);
#17140=CARTESIAN_POINT('',(1409.0372583,-852.5,0.4));
#17141=DIRECTION('',(-1.,0.,0.));
#17142=VECTOR('',#17141,18.0745166);
#17143=LINE('',#17140,#17142);
#17144=EDGE_CURVE('',#17131,#17139,#17143,.T.);
#17145=ORIENTED_EDGE('',*,*,#17144,.T.);
#17146=CARTESIAN_POINT('',(1392.376955262,-852.5,1.4));
#17147=VERTEX_POINT('',#17146);
#17148=CARTESIAN_POINT('',(1390.9627417,-852.5,0.4));
#17149=DIRECTION('',(0.816496581,0.,0.577350269));
#17150=VECTOR('',#17149,1.732050807);
#17151=LINE('',#17148,#17150);
#17152=EDGE_CURVE('',#17139,#17147,#17151,.T.);
#17153=ORIENTED_EDGE('',*,*,#17152,.T.);
#17154=CARTESIAN_POINT('',(1392.376955262,-852.5,1.4));
#17155=DIRECTION('',(1.,-0.,-0.));
#17156=VECTOR('',#17155,15.246089476);
#17157=LINE('',#17154,#17156);
#17158=EDGE_CURVE('',#17147,#17129,#17157,.T.);
#17159=ORIENTED_EDGE('',*,*,#17158,.T.);
#17160=EDGE_LOOP('',(#17137,#17145,#17153,#17159));
#17161=FACE_BOUND('',#17160,.T.);
#17162=ADVANCED_FACE('',(#17161),#17127,.T.);
#17163=CARTESIAN_POINT('',(1400.,-852.5,1.4));
#17164=DIRECTION('',(0.,-0.819231921,-0.573462344));
#17165=DIRECTION('',(1.,0.,0.));
#17166=AXIS2_PLACEMENT_3D('',#17163,#17164,#17165);
#17167=PLANE('',#17166);
#17168=CARTESIAN_POINT('',(1393.076955262,-853.2,2.4));
#17169=VERTEX_POINT('',#17168);
#17170=CARTESIAN_POINT('',(1393.076955262,-853.2,2.4));
#17171=DIRECTION('',(-0.497468338,0.497468338,-0.710669055));
#17172=VECTOR('',#17171,1.407124728);
#17173=LINE('',#17170,#17172);
#17174=EDGE_CURVE('',#17169,#17147,#17173,.T.);
#17175=ORIENTED_EDGE('',*,*,#17174,.F.);
#17176=CARTESIAN_POINT('',(1406.923044738,-853.2,2.4));
#17177=VERTEX_POINT('',#17176);
#17178=CARTESIAN_POINT('',(1393.076955262,-853.199999999,2.4));
#17179=DIRECTION('',(1.,0.,-0.));
#17180=VECTOR('',#17179,13.846089476);
#17181=LINE('',#17178,#17180);
#17182=EDGE_CURVE('',#17169,#17177,#17181,.T.);
#17183=ORIENTED_EDGE('',*,*,#17182,.T.);
#17184=CARTESIAN_POINT('',(1407.623044738,-852.5,1.4));
#17185=DIRECTION('',(-0.497468338,-0.497468338,0.710669055));
#17186=VECTOR('',#17185,1.407124728);
#17187=LINE('',#17184,#17186);
#17188=EDGE_CURVE('',#17129,#17177,#17187,.T.);
#17189=ORIENTED_EDGE('',*,*,#17188,.F.);
#17190=ORIENTED_EDGE('',*,*,#17158,.F.);
#17191=EDGE_LOOP('',(#17175,#17183,#17189,#17190));
#17192=FACE_BOUND('',#17191,.T.);
#17193=ADVANCED_FACE('',(#17192),#17167,.F.);
#17194=CARTESIAN_POINT('',(1400.,-853.2,6.8));
#17195=DIRECTION('',(0.,1.,0.));
#17196=DIRECTION('',(-1.,0.,0.));
#17197=AXIS2_PLACEMENT_3D('',#17194,#17195,#17196);
#17198=PLANE('',#17197);
#17199=ORIENTED_EDGE('',*,*,#17182,.F.);
#17200=CARTESIAN_POINT('',(1393.076955262,-853.2,4.4));
#17201=VERTEX_POINT('',#17200);
#17202=CARTESIAN_POINT('',(1393.076955262,-853.2,4.4));
#17203=DIRECTION('',(-0.,-0.,-1.));
#17204=VECTOR('',#17203,2.);
#17205=LINE('',#17202,#17204);
#17206=EDGE_CURVE('',#17201,#17169,#17205,.T.);
#17207=ORIENTED_EDGE('',*,*,#17206,.F.);
#17208=CARTESIAN_POINT('',(1406.923044738,-853.2,4.4));
#17209=VERTEX_POINT('',#17208);
#17210=CARTESIAN_POINT('',(1393.076955262,-853.2,4.4));
#17211=DIRECTION('',(1.,-0.,-0.));
#17212=VECTOR('',#17211,13.846089476);
#17213=LINE('',#17210,#17212);
#17214=EDGE_CURVE('',#17201,#17209,#17213,.T.);
#17215=ORIENTED_EDGE('',*,*,#17214,.T.);
#17216=CARTESIAN_POINT('',(1406.923044738,-853.2,4.4));
#17217=DIRECTION('',(-0.,-0.,-1.));
#17218=VECTOR('',#17217,2.);
#17219=LINE('',#17216,#17218);
#17220=EDGE_CURVE('',#17209,#17177,#17219,.T.);
#17221=ORIENTED_EDGE('',*,*,#17220,.T.);
#17222=EDGE_LOOP('',(#17199,#17207,#17215,#17221));
#17223=FACE_BOUND('',#17222,.T.);
#17224=ADVANCED_FACE('',(#17223),#17198,.T.);
#17225=CARTESIAN_POINT('',(1407.273044738,-852.85,6.8));
#17226=DIRECTION('',(-0.707106781,0.707106781,0.));
#17227=DIRECTION('',(-0.707106781,-0.707106781,0.));
#17228=AXIS2_PLACEMENT_3D('',#17225,#17226,#17227);
#17229=PLANE('',#17228);
#17230=CARTESIAN_POINT('',(1407.623044738,-852.5,5.4));
#17231=VERTEX_POINT('',#17230);
#17232=CARTESIAN_POINT('',(1406.923044738,-853.2,4.4));
#17233=DIRECTION('',(0.497468338,0.497468338,0.710669055));
#17234=VECTOR('',#17233,1.407124728);
#17235=LINE('',#17232,#17234);
#17236=EDGE_CURVE('',#17209,#17231,#17235,.T.);
#17237=ORIENTED_EDGE('',*,*,#17236,.T.);
#17238=CARTESIAN_POINT('',(1412.5,-847.623044738,5.4));
#17239=VERTEX_POINT('',#17238);
#17240=CARTESIAN_POINT('',(1407.623044738,-852.5,5.4));
#17241=DIRECTION('',(0.707106781,0.707106781,-0.));
#17242=VECTOR('',#17241,6.897056275);
#17243=LINE('',#17240,#17242);
#17244=EDGE_CURVE('',#17231,#17239,#17243,.T.);
#17245=ORIENTED_EDGE('',*,*,#17244,.T.);
#17246=CARTESIAN_POINT('',(1412.5,-847.623044738,5.4));
#17247=DIRECTION('',(0.497468338,0.497468338,-0.710669055));
#17248=VECTOR('',#17247,1.407124728);
#17249=LINE('',#17246,#17248);
#17250=EDGE_CURVE('',#17239,#17043,#17249,.T.);
#17251=ORIENTED_EDGE('',*,*,#17250,.T.);
#17252=ORIENTED_EDGE('',*,*,#17048,.T.);
#17253=ORIENTED_EDGE('',*,*,#17016,.T.);
#17254=CARTESIAN_POINT('',(1412.5,-847.623044738,1.4));
#17255=DIRECTION('',(-0.707106781,-0.707106781,0.));
#17256=VECTOR('',#17255,6.897056275);
#17257=LINE('',#17254,#17256);
#17258=EDGE_CURVE('',#16989,#17129,#17257,.T.);
#17259=ORIENTED_EDGE('',*,*,#17258,.T.);
#17260=ORIENTED_EDGE('',*,*,#17188,.T.);
#17261=ORIENTED_EDGE('',*,*,#17220,.F.);
#17262=EDGE_LOOP('',(#17237,#17245,#17251,#17252,#17253,#17259,#17260,#17261));
#17263=FACE_BOUND('',#17262,.T.);
#17264=ADVANCED_FACE('',(#17263),#17229,.T.);
#17265=CARTESIAN_POINT('',(1387.5,-840.,2.4));
#17266=DIRECTION('',(1.,0.,0.));
#17267=DIRECTION('',(0.,1.,0.));
#17268=AXIS2_PLACEMENT_3D('',#17265,#17266,#17267);
#17269=PLANE('',#17268);
#17270=CARTESIAN_POINT('',(1387.5,-847.623044738,1.4));
#17271=VERTEX_POINT('',#17270);
#17272=CARTESIAN_POINT('',(1387.5,-849.0372583,0.4));
#17273=VERTEX_POINT('',#17272);
#17274=CARTESIAN_POINT('',(1387.5,-847.623044738,1.4));
#17275=DIRECTION('',(0.,-0.816496581,-0.577350269));
#17276=VECTOR('',#17275,1.732050807);
#17277=LINE('',#17274,#17276);
#17278=EDGE_CURVE('',#17271,#17273,#17277,.T.);
#17279=ORIENTED_EDGE('',*,*,#17278,.T.);
#17280=CARTESIAN_POINT('',(1387.5,-830.9627417,0.4));
#17281=VERTEX_POINT('',#17280);
#17282=CARTESIAN_POINT('',(1387.5,-849.0372583,0.4));
#17283=DIRECTION('',(0.,1.,0.));
#17284=VECTOR('',#17283,18.0745166);
#17285=LINE('',#17282,#17284);
#17286=EDGE_CURVE('',#17273,#17281,#17285,.T.);
#17287=ORIENTED_EDGE('',*,*,#17286,.T.);
#17288=CARTESIAN_POINT('',(1387.5,-832.376955262,1.4));
#17289=VERTEX_POINT('',#17288);
#17290=CARTESIAN_POINT('',(1387.5,-830.9627417,0.4));
#17291=DIRECTION('',(0.,-0.816496581,0.577350269));
#17292=VECTOR('',#17291,1.732050807);
#17293=LINE('',#17290,#17292);
#17294=EDGE_CURVE('',#17281,#17289,#17293,.T.);
#17295=ORIENTED_EDGE('',*,*,#17294,.T.);
#17296=CARTESIAN_POINT('',(1387.5,-832.376955262,1.4));
#17297=DIRECTION('',(-0.,-1.,-0.));
#17298=VECTOR('',#17297,15.246089476);
#17299=LINE('',#17296,#17298);
#17300=EDGE_CURVE('',#17289,#17271,#17299,.T.);
#17301=ORIENTED_EDGE('',*,*,#17300,.T.);
#17302=EDGE_LOOP('',(#17279,#17287,#17295,#17301));
#17303=FACE_BOUND('',#17302,.T.);
#17304=ADVANCED_FACE('',(#17303),#17269,.T.);
#17305=CARTESIAN_POINT('',(1387.5,-840.,1.4));
#17306=DIRECTION('',(-0.819231921,0.,-0.573462344));
#17307=DIRECTION('',(0.,-1.,0.));
#17308=AXIS2_PLACEMENT_3D('',#17305,#17306,#17307);
#17309=PLANE('',#17308);
#17310=CARTESIAN_POINT('',(1386.8,-833.076955262,2.4));
#17311=VERTEX_POINT('',#17310);
#17312=CARTESIAN_POINT('',(1386.8,-833.076955262,2.4));
#17313=DIRECTION('',(0.497468338,0.497468338,-0.710669055));
#17314=VECTOR('',#17313,1.407124728);
#17315=LINE('',#17312,#17314);
#17316=EDGE_CURVE('',#17311,#17289,#17315,.T.);
#17317=ORIENTED_EDGE('',*,*,#17316,.F.);
#17318=CARTESIAN_POINT('',(1386.8,-846.923044738,2.4));
#17319=VERTEX_POINT('',#17318);
#17320=CARTESIAN_POINT('',(1386.800000001,-833.076955262,2.4));
#17321=DIRECTION('',(0.,-1.,0.));
#17322=VECTOR('',#17321,13.846089476);
#17323=LINE('',#17320,#17322);
#17324=EDGE_CURVE('',#17311,#17319,#17323,.T.);
#17325=ORIENTED_EDGE('',*,*,#17324,.T.);
#17326=CARTESIAN_POINT('',(1387.5,-847.623044738,1.4));
#17327=DIRECTION('',(-0.497468338,0.497468338,0.710669055));
#17328=VECTOR('',#17327,1.407124728);
#17329=LINE('',#17326,#17328);
#17330=EDGE_CURVE('',#17271,#17319,#17329,.T.);
#17331=ORIENTED_EDGE('',*,*,#17330,.F.);
#17332=ORIENTED_EDGE('',*,*,#17300,.F.);
#17333=EDGE_LOOP('',(#17317,#17325,#17331,#17332));
#17334=FACE_BOUND('',#17333,.T.);
#17335=ADVANCED_FACE('',(#17334),#17309,.F.);
#17336=CARTESIAN_POINT('',(1386.8,-840.,6.8));
#17337=DIRECTION('',(1.,0.,0.));
#17338=DIRECTION('',(0.,1.,0.));
#17339=AXIS2_PLACEMENT_3D('',#17336,#17337,#17338);
#17340=PLANE('',#17339);
#17341=ORIENTED_EDGE('',*,*,#17324,.F.);
#17342=CARTESIAN_POINT('',(1386.8,-833.076955262,4.4));
#17343=VERTEX_POINT('',#17342);
#17344=CARTESIAN_POINT('',(1386.8,-833.076955262,4.4));
#17345=DIRECTION('',(-0.,-0.,-1.));
#17346=VECTOR('',#17345,2.);
#17347=LINE('',#17344,#17346);
#17348=EDGE_CURVE('',#17343,#17311,#17347,.T.);
#17349=ORIENTED_EDGE('',*,*,#17348,.F.);
#17350=CARTESIAN_POINT('',(1386.8,-846.923044738,4.4));
#17351=VERTEX_POINT('',#17350);
#17352=CARTESIAN_POINT('',(1386.8,-833.076955262,4.4));
#17353=DIRECTION('',(-0.,-1.,-0.));
#17354=VECTOR('',#17353,13.846089476);
#17355=LINE('',#17352,#17354);
#17356=EDGE_CURVE('',#17343,#17351,#17355,.T.);
#17357=ORIENTED_EDGE('',*,*,#17356,.T.);
#17358=CARTESIAN_POINT('',(1386.8,-846.923044738,4.4));
#17359=DIRECTION('',(-0.,-0.,-1.));
#17360=VECTOR('',#17359,2.);
#17361=LINE('',#17358,#17360);
#17362=EDGE_CURVE('',#17351,#17319,#17361,.T.);
#17363=ORIENTED_EDGE('',*,*,#17362,.T.);
#17364=EDGE_LOOP('',(#17341,#17349,#17357,#17363));
#17365=FACE_BOUND('',#17364,.T.);
#17366=ADVANCED_FACE('',(#17365),#17340,.T.);
#17367=CARTESIAN_POINT('',(1387.15,-847.273044738,6.8));
#17368=DIRECTION('',(0.707106781,0.707106781,0.));
#17369=DIRECTION('',(-0.707106781,0.707106781,0.));
#17370=AXIS2_PLACEMENT_3D('',#17367,#17368,#17369);
#17371=PLANE('',#17370);
#17372=ORIENTED_EDGE('',*,*,#17174,.T.);
#17373=CARTESIAN_POINT('',(1392.376955262,-852.5,1.4));
#17374=DIRECTION('',(-0.707106781,0.707106781,0.));
#17375=VECTOR('',#17374,6.897056275);
#17376=LINE('',#17373,#17375);
#17377=EDGE_CURVE('',#17147,#17271,#17376,.T.);
#17378=ORIENTED_EDGE('',*,*,#17377,.T.);
#17379=ORIENTED_EDGE('',*,*,#17330,.T.);
#17380=ORIENTED_EDGE('',*,*,#17362,.F.);
#17381=CARTESIAN_POINT('',(1387.5,-847.623044738,5.4));
#17382=VERTEX_POINT('',#17381);
#17383=CARTESIAN_POINT('',(1386.8,-846.923044738,4.4));
#17384=DIRECTION('',(0.497468338,-0.497468338,0.710669055));
#17385=VECTOR('',#17384,1.407124728);
#17386=LINE('',#17383,#17385);
#17387=EDGE_CURVE('',#17351,#17382,#17386,.T.);
#17388=ORIENTED_EDGE('',*,*,#17387,.T.);
#17389=CARTESIAN_POINT('',(1392.376955262,-852.5,5.4));
#17390=VERTEX_POINT('',#17389);
#17391=CARTESIAN_POINT('',(1387.5,-847.623044738,5.4));
#17392=DIRECTION('',(0.707106781,-0.707106781,-0.));
#17393=VECTOR('',#17392,6.897056275);
#17394=LINE('',#17391,#17393);
#17395=EDGE_CURVE('',#17382,#17390,#17394,.T.);
#17396=ORIENTED_EDGE('',*,*,#17395,.T.);
#17397=CARTESIAN_POINT('',(1392.376955262,-852.5,5.4));
#17398=DIRECTION('',(0.497468338,-0.497468338,-0.710669055));
#17399=VECTOR('',#17398,1.407124728);
#17400=LINE('',#17397,#17399);
#17401=EDGE_CURVE('',#17390,#17201,#17400,.T.);
#17402=ORIENTED_EDGE('',*,*,#17401,.T.);
#17403=ORIENTED_EDGE('',*,*,#17206,.T.);
#17404=EDGE_LOOP('',(#17372,#17378,#17379,#17380,#17388,#17396,#17402,#17403));
#17405=FACE_BOUND('',#17404,.T.);
#17406=ADVANCED_FACE('',(#17405),#17371,.T.);
#17407=CARTESIAN_POINT('',(1400.,-827.5,2.4));
#17408=DIRECTION('',(0.,-1.,0.));
#17409=DIRECTION('',(1.,0.,0.));
#17410=AXIS2_PLACEMENT_3D('',#17407,#17408,#17409);
#17411=PLANE('',#17410);
#17412=CARTESIAN_POINT('',(1392.376955262,-827.5,1.4));
#17413=VERTEX_POINT('',#17412);
#17414=CARTESIAN_POINT('',(1390.9627417,-827.5,0.4));
#17415=VERTEX_POINT('',#17414);
#17416=CARTESIAN_POINT('',(1392.376955262,-827.5,1.4));
#17417=DIRECTION('',(-0.816496581,0.,-0.577350269));
#17418=VECTOR('',#17417,1.732050807);
#17419=LINE('',#17416,#17418);
#17420=EDGE_CURVE('',#17413,#17415,#17419,.T.);
#17421=ORIENTED_EDGE('',*,*,#17420,.T.);
#17422=CARTESIAN_POINT('',(1409.0372583,-827.5,0.4));
#17423=VERTEX_POINT('',#17422);
#17424=CARTESIAN_POINT('',(1390.9627417,-827.5,0.4));
#17425=DIRECTION('',(1.,0.,-0.));
#17426=VECTOR('',#17425,18.0745166);
#17427=LINE('',#17424,#17426);
#17428=EDGE_CURVE('',#17415,#17423,#17427,.T.);
#17429=ORIENTED_EDGE('',*,*,#17428,.T.);
#17430=CARTESIAN_POINT('',(1409.0372583,-827.5,0.4));
#17431=DIRECTION('',(-0.816496581,0.,0.577350269));
#17432=VECTOR('',#17431,1.732050807);
#17433=LINE('',#17430,#17432);
#17434=EDGE_CURVE('',#17423,#17105,#17433,.T.);
#17435=ORIENTED_EDGE('',*,*,#17434,.T.);
#17436=CARTESIAN_POINT('',(1407.623044738,-827.5,1.4));
#17437=DIRECTION('',(-1.,-0.,0.));
#17438=VECTOR('',#17437,15.246089476);
#17439=LINE('',#17436,#17438);
#17440=EDGE_CURVE('',#17105,#17413,#17439,.T.);
#17441=ORIENTED_EDGE('',*,*,#17440,.T.);
#17442=EDGE_LOOP('',(#17421,#17429,#17435,#17441));
#17443=FACE_BOUND('',#17442,.T.);
#17444=ADVANCED_FACE('',(#17443),#17411,.T.);
#17445=CARTESIAN_POINT('',(1400.,-827.5,1.4));
#17446=DIRECTION('',(0.,0.819231921,-0.573462344));
#17447=DIRECTION('',(-1.,0.,0.));
#17448=AXIS2_PLACEMENT_3D('',#17445,#17446,#17447);
#17449=PLANE('',#17448);
#17450=ORIENTED_EDGE('',*,*,#17110,.F.);
#17451=CARTESIAN_POINT('',(1393.076955262,-826.8,2.4));
#17452=VERTEX_POINT('',#17451);
#17453=CARTESIAN_POINT('',(1406.923044738,-826.800000001,2.4));
#17454=DIRECTION('',(-1.,0.,0.));
#17455=VECTOR('',#17454,13.846089476);
#17456=LINE('',#17453,#17455);
#17457=EDGE_CURVE('',#17097,#17452,#17456,.T.);
#17458=ORIENTED_EDGE('',*,*,#17457,.T.);
#17459=CARTESIAN_POINT('',(1392.376955262,-827.5,1.4));
#17460=DIRECTION('',(0.497468338,0.497468338,0.710669055));
#17461=VECTOR('',#17460,1.407124728);
#17462=LINE('',#17459,#17461);
#17463=EDGE_CURVE('',#17413,#17452,#17462,.T.);
#17464=ORIENTED_EDGE('',*,*,#17463,.F.);
#17465=ORIENTED_EDGE('',*,*,#17440,.F.);
#17466=EDGE_LOOP('',(#17450,#17458,#17464,#17465));
#17467=FACE_BOUND('',#17466,.T.);
#17468=ADVANCED_FACE('',(#17467),#17449,.F.);
#17469=CARTESIAN_POINT('',(1400.,-826.8,6.8));
#17470=DIRECTION('',(0.,-1.,0.));
#17471=DIRECTION('',(1.,0.,0.));
#17472=AXIS2_PLACEMENT_3D('',#17469,#17470,#17471);
#17473=PLANE('',#17472);
#17474=ORIENTED_EDGE('',*,*,#17457,.F.);
#17475=ORIENTED_EDGE('',*,*,#17102,.F.);
#17476=CARTESIAN_POINT('',(1393.076955262,-826.8,4.4));
#17477=VERTEX_POINT('',#17476);
#17478=CARTESIAN_POINT('',(1406.923044738,-826.8,4.4));
#17479=DIRECTION('',(-1.,-0.,0.));
#17480=VECTOR('',#17479,13.846089476);
#17481=LINE('',#17478,#17480);
#17482=EDGE_CURVE('',#17089,#17477,#17481,.T.);
#17483=ORIENTED_EDGE('',*,*,#17482,.T.);
#17484=CARTESIAN_POINT('',(1393.076955262,-826.8,4.4));
#17485=DIRECTION('',(-0.,-0.,-1.));
#17486=VECTOR('',#17485,2.);
#17487=LINE('',#17484,#17486);
#17488=EDGE_CURVE('',#17477,#17452,#17487,.T.);
#17489=ORIENTED_EDGE('',*,*,#17488,.T.);
#17490=EDGE_LOOP('',(#17474,#17475,#17483,#17489));
#17491=FACE_BOUND('',#17490,.T.);
#17492=ADVANCED_FACE('',(#17491),#17473,.T.);
#17493=CARTESIAN_POINT('',(1392.726955262,-827.15,6.8));
#17494=DIRECTION('',(0.707106781,-0.707106781,0.));
#17495=DIRECTION('',(0.707106781,0.707106781,0.));
#17496=AXIS2_PLACEMENT_3D('',#17493,#17494,#17495);
#17497=PLANE('',#17496);
#17498=ORIENTED_EDGE('',*,*,#17316,.T.);
#17499=CARTESIAN_POINT('',(1387.5,-832.376955262,1.4));
#17500=DIRECTION('',(0.707106781,0.707106781,0.));
#17501=VECTOR('',#17500,6.897056275);
#17502=LINE('',#17499,#17501);
#17503=EDGE_CURVE('',#17289,#17413,#17502,.T.);
#17504=ORIENTED_EDGE('',*,*,#17503,.T.);
#17505=ORIENTED_EDGE('',*,*,#17463,.T.);
#17506=ORIENTED_EDGE('',*,*,#17488,.F.);
#17507=CARTESIAN_POINT('',(1392.376955262,-827.5,5.4));
#17508=VERTEX_POINT('',#17507);
#17509=CARTESIAN_POINT('',(1393.076955262,-826.8,4.4));
#17510=DIRECTION('',(-0.497468338,-0.497468338,0.710669055));
#17511=VECTOR('',#17510,1.407124728);
#17512=LINE('',#17509,#17511);
#17513=EDGE_CURVE('',#17477,#17508,#17512,.T.);
#17514=ORIENTED_EDGE('',*,*,#17513,.T.);
#17515=CARTESIAN_POINT('',(1387.5,-832.376955262,5.4));
#17516=VERTEX_POINT('',#17515);
#17517=CARTESIAN_POINT('',(1392.376955262,-827.5,5.4));
#17518=DIRECTION('',(-0.707106781,-0.707106781,-0.));
#17519=VECTOR('',#17518,6.897056275);
#17520=LINE('',#17517,#17519);
#17521=EDGE_CURVE('',#17508,#17516,#17520,.T.);
#17522=ORIENTED_EDGE('',*,*,#17521,.T.);
#17523=CARTESIAN_POINT('',(1387.5,-832.376955262,5.4));
#17524=DIRECTION('',(-0.497468338,-0.497468338,-0.710669055));
#17525=VECTOR('',#17524,1.407124728);
#17526=LINE('',#17523,#17525);
#17527=EDGE_CURVE('',#17516,#17343,#17526,.T.);
#17528=ORIENTED_EDGE('',*,*,#17527,.T.);
#17529=ORIENTED_EDGE('',*,*,#17348,.T.);
#17530=EDGE_LOOP('',(#17498,#17504,#17505,#17506,#17514,#17522,#17528,#17529));
#17531=FACE_BOUND('',#17530,.T.);
#17532=ADVANCED_FACE('',(#17531),#17497,.T.);
#17533=CARTESIAN_POINT('',(1412.5,-840.,4.4));
#17534=DIRECTION('',(-1.,0.,0.));
#17535=DIRECTION('',(0.,-1.,0.));
#17536=AXIS2_PLACEMENT_3D('',#17533,#17534,#17535);
#17537=PLANE('',#17536);
#17538=CARTESIAN_POINT('',(1412.5,-849.0372583,6.4));
#17539=VERTEX_POINT('',#17538);
#17540=CARTESIAN_POINT('',(1412.5,-847.623044738,5.4));
#17541=DIRECTION('',(0.,-0.816496581,0.577350269));
#17542=VECTOR('',#17541,1.732050807);
#17543=LINE('',#17540,#17542);
#17544=EDGE_CURVE('',#17239,#17539,#17543,.T.);
#17545=ORIENTED_EDGE('',*,*,#17544,.T.);
#17546=CARTESIAN_POINT('',(1412.5,-830.9627417,6.4));
#17547=VERTEX_POINT('',#17546);
#17548=CARTESIAN_POINT('',(1412.5,-849.0372583,6.4));
#17549=DIRECTION('',(-0.,1.,-0.));
#17550=VECTOR('',#17549,18.0745166);
#17551=LINE('',#17548,#17550);
#17552=EDGE_CURVE('',#17539,#17547,#17551,.T.);
#17553=ORIENTED_EDGE('',*,*,#17552,.T.);
#17554=CARTESIAN_POINT('',(1412.5,-830.9627417,6.4));
#17555=DIRECTION('',(0.,-0.816496581,-0.577350269));
#17556=VECTOR('',#17555,1.732050807);
#17557=LINE('',#17554,#17556);
#17558=EDGE_CURVE('',#17547,#17073,#17557,.T.);
#17559=ORIENTED_EDGE('',*,*,#17558,.T.);
#17560=CARTESIAN_POINT('',(1412.5,-832.376955262,5.4));
#17561=DIRECTION('',(0.,-1.,0.));
#17562=VECTOR('',#17561,15.246089476);
#17563=LINE('',#17560,#17562);
#17564=EDGE_CURVE('',#17073,#17239,#17563,.T.);
#17565=ORIENTED_EDGE('',*,*,#17564,.T.);
#17566=EDGE_LOOP('',(#17545,#17553,#17559,#17565));
#17567=FACE_BOUND('',#17566,.T.);
#17568=ADVANCED_FACE('',(#17567),#17537,.T.);
#17569=CARTESIAN_POINT('',(1412.5,-840.,5.4));
#17570=DIRECTION('',(-0.819231921,0.,-0.573462344));
#17571=DIRECTION('',(0.,1.,0.));
#17572=AXIS2_PLACEMENT_3D('',#17569,#17570,#17571);
#17573=PLANE('',#17572);
#17574=ORIENTED_EDGE('',*,*,#17078,.F.);
#17575=ORIENTED_EDGE('',*,*,#17056,.F.);
#17576=ORIENTED_EDGE('',*,*,#17250,.F.);
#17577=ORIENTED_EDGE('',*,*,#17564,.F.);
#17578=EDGE_LOOP('',(#17574,#17575,#17576,#17577));
#17579=FACE_BOUND('',#17578,.T.);
#17580=ADVANCED_FACE('',(#17579),#17573,.T.);
#17581=CARTESIAN_POINT('',(1400.,-852.5,4.4));
#17582=DIRECTION('',(0.,1.,0.));
#17583=DIRECTION('',(-1.,0.,0.));
#17584=AXIS2_PLACEMENT_3D('',#17581,#17582,#17583);
#17585=PLANE('',#17584);
#17586=CARTESIAN_POINT('',(1390.9627417,-852.5,6.4));
#17587=VERTEX_POINT('',#17586);
#17588=CARTESIAN_POINT('',(1392.376955262,-852.5,5.4));
#17589=DIRECTION('',(-0.816496581,0.,0.577350269));
#17590=VECTOR('',#17589,1.732050807);
#17591=LINE('',#17588,#17590);
#17592=EDGE_CURVE('',#17390,#17587,#17591,.T.);
#17593=ORIENTED_EDGE('',*,*,#17592,.T.);
#17594=CARTESIAN_POINT('',(1409.0372583,-852.5,6.4));
#17595=VERTEX_POINT('',#17594);
#17596=CARTESIAN_POINT('',(1390.9627417,-852.5,6.4));
#17597=DIRECTION('',(1.,-0.,-0.));
#17598=VECTOR('',#17597,18.0745166);
#17599=LINE('',#17596,#17598);
#17600=EDGE_CURVE('',#17587,#17595,#17599,.T.);
#17601=ORIENTED_EDGE('',*,*,#17600,.T.);
#17602=CARTESIAN_POINT('',(1409.0372583,-852.5,6.4));
#17603=DIRECTION('',(-0.816496581,0.,-0.577350269));
#17604=VECTOR('',#17603,1.732050807);
#17605=LINE('',#17602,#17604);
#17606=EDGE_CURVE('',#17595,#17231,#17605,.T.);
#17607=ORIENTED_EDGE('',*,*,#17606,.T.);
#17608=CARTESIAN_POINT('',(1407.623044738,-852.5,5.4));
#17609=DIRECTION('',(-1.,0.,0.));
#17610=VECTOR('',#17609,15.246089476);
#17611=LINE('',#17608,#17610);
#17612=EDGE_CURVE('',#17231,#17390,#17611,.T.);
#17613=ORIENTED_EDGE('',*,*,#17612,.T.);
#17614=EDGE_LOOP('',(#17593,#17601,#17607,#17613));
#17615=FACE_BOUND('',#17614,.T.);
#17616=ADVANCED_FACE('',(#17615),#17585,.T.);
#17617=CARTESIAN_POINT('',(1400.,-852.5,5.4));
#17618=DIRECTION('',(0.,0.819231921,-0.573462344));
#17619=DIRECTION('',(1.,0.,0.));
#17620=AXIS2_PLACEMENT_3D('',#17617,#17618,#17619);
#17621=PLANE('',#17620);
#17622=ORIENTED_EDGE('',*,*,#17236,.F.);
#17623=ORIENTED_EDGE('',*,*,#17214,.F.);
#17624=ORIENTED_EDGE('',*,*,#17401,.F.);
#17625=ORIENTED_EDGE('',*,*,#17612,.F.);
#17626=EDGE_LOOP('',(#17622,#17623,#17624,#17625));
#17627=FACE_BOUND('',#17626,.T.);
#17628=ADVANCED_FACE('',(#17627),#17621,.T.);
#17629=CARTESIAN_POINT('',(1387.5,-840.,4.4));
#17630=DIRECTION('',(1.,0.,0.));
#17631=DIRECTION('',(0.,1.,0.));
#17632=AXIS2_PLACEMENT_3D('',#17629,#17630,#17631);
#17633=PLANE('',#17632);
#17634=CARTESIAN_POINT('',(1387.5,-830.9627417,6.4));
#17635=VERTEX_POINT('',#17634);
#17636=CARTESIAN_POINT('',(1387.5,-832.376955262,5.4));
#17637=DIRECTION('',(0.,0.816496581,0.577350269));
#17638=VECTOR('',#17637,1.732050807);
#17639=LINE('',#17636,#17638);
#17640=EDGE_CURVE('',#17516,#17635,#17639,.T.);
#17641=ORIENTED_EDGE('',*,*,#17640,.T.);
#17642=CARTESIAN_POINT('',(1387.5,-849.0372583,6.4));
#17643=VERTEX_POINT('',#17642);
#17644=CARTESIAN_POINT('',(1387.5,-830.9627417,6.4));
#17645=DIRECTION('',(-0.,-1.,-0.));
#17646=VECTOR('',#17645,18.0745166);
#17647=LINE('',#17644,#17646);
#17648=EDGE_CURVE('',#17635,#17643,#17647,.T.);
#17649=ORIENTED_EDGE('',*,*,#17648,.T.);
#17650=CARTESIAN_POINT('',(1387.5,-849.0372583,6.4));
#17651=DIRECTION('',(0.,0.816496581,-0.577350269));
#17652=VECTOR('',#17651,1.732050807);
#17653=LINE('',#17650,#17652);
#17654=EDGE_CURVE('',#17643,#17382,#17653,.T.);
#17655=ORIENTED_EDGE('',*,*,#17654,.T.);
#17656=CARTESIAN_POINT('',(1387.5,-847.623044738,5.4));
#17657=DIRECTION('',(0.,1.,0.));
#17658=VECTOR('',#17657,15.246089476);
#17659=LINE('',#17656,#17658);
#17660=EDGE_CURVE('',#17382,#17516,#17659,.T.);
#17661=ORIENTED_EDGE('',*,*,#17660,.T.);
#17662=EDGE_LOOP('',(#17641,#17649,#17655,#17661));
#17663=FACE_BOUND('',#17662,.T.);
#17664=ADVANCED_FACE('',(#17663),#17633,.T.);
#17665=CARTESIAN_POINT('',(1387.5,-840.,5.4));
#17666=DIRECTION('',(0.819231921,0.,-0.573462344));
#17667=DIRECTION('',(0.,-1.,0.));
#17668=AXIS2_PLACEMENT_3D('',#17665,#17666,#17667);
#17669=PLANE('',#17668);
#17670=ORIENTED_EDGE('',*,*,#17387,.F.);
#17671=ORIENTED_EDGE('',*,*,#17356,.F.);
#17672=ORIENTED_EDGE('',*,*,#17527,.F.);
#17673=ORIENTED_EDGE('',*,*,#17660,.F.);
#17674=EDGE_LOOP('',(#17670,#17671,#17672,#17673));
#17675=FACE_BOUND('',#17674,.T.);
#17676=ADVANCED_FACE('',(#17675),#17669,.T.);
#17677=CARTESIAN_POINT('',(1400.,-827.5,4.4));
#17678=DIRECTION('',(0.,-1.,0.));
#17679=DIRECTION('',(1.,0.,0.));
#17680=AXIS2_PLACEMENT_3D('',#17677,#17678,#17679);
#17681=PLANE('',#17680);
#17682=CARTESIAN_POINT('',(1409.0372583,-827.5,6.4));
#17683=VERTEX_POINT('',#17682);
#17684=CARTESIAN_POINT('',(1407.623044738,-827.5,5.4));
#17685=DIRECTION('',(0.816496581,0.,0.577350269));
#17686=VECTOR('',#17685,1.732050807);
#17687=LINE('',#17684,#17686);
#17688=EDGE_CURVE('',#17081,#17683,#17687,.T.);
#17689=ORIENTED_EDGE('',*,*,#17688,.T.);
#17690=CARTESIAN_POINT('',(1390.9627417,-827.5,6.4));
#17691=VERTEX_POINT('',#17690);
#17692=CARTESIAN_POINT('',(1409.0372583,-827.5,6.4));
#17693=DIRECTION('',(-1.,-0.,0.));
#17694=VECTOR('',#17693,18.0745166);
#17695=LINE('',#17692,#17694);
#17696=EDGE_CURVE('',#17683,#17691,#17695,.T.);
#17697=ORIENTED_EDGE('',*,*,#17696,.T.);
#17698=CARTESIAN_POINT('',(1390.9627417,-827.5,6.4));
#17699=DIRECTION('',(0.816496581,0.,-0.577350269));
#17700=VECTOR('',#17699,1.732050807);
#17701=LINE('',#17698,#17700);
#17702=EDGE_CURVE('',#17691,#17508,#17701,.T.);
#17703=ORIENTED_EDGE('',*,*,#17702,.T.);
#17704=CARTESIAN_POINT('',(1392.376955262,-827.5,5.4));
#17705=DIRECTION('',(1.,0.,-0.));
#17706=VECTOR('',#17705,15.246089476);
#17707=LINE('',#17704,#17706);
#17708=EDGE_CURVE('',#17508,#17081,#17707,.T.);
#17709=ORIENTED_EDGE('',*,*,#17708,.T.);
#17710=EDGE_LOOP('',(#17689,#17697,#17703,#17709));
#17711=FACE_BOUND('',#17710,.T.);
#17712=ADVANCED_FACE('',(#17711),#17681,.T.);
#17713=CARTESIAN_POINT('',(1400.,-827.5,5.4));
#17714=DIRECTION('',(0.,-0.819231921,-0.573462344));
#17715=DIRECTION('',(-1.,0.,0.));
#17716=AXIS2_PLACEMENT_3D('',#17713,#17714,#17715);
#17717=PLANE('',#17716);
#17718=ORIENTED_EDGE('',*,*,#17513,.F.);
#17719=ORIENTED_EDGE('',*,*,#17482,.F.);
#17720=ORIENTED_EDGE('',*,*,#17094,.F.);
#17721=ORIENTED_EDGE('',*,*,#17708,.F.);
#17722=EDGE_LOOP('',(#17718,#17719,#17720,#17721));
#17723=FACE_BOUND('',#17722,.T.);
#17724=ADVANCED_FACE('',(#17723),#17717,.T.);
#17725=CARTESIAN_POINT('',(1388.948528137,-828.948528137,0.));
#17726=DIRECTION('',(0.5,-0.5,-0.707106781));
#17727=DIRECTION('',(0.707106781,0.707106781,0.));
#17728=AXIS2_PLACEMENT_3D('',#17725,#17726,#17727);
#17729=PLANE('',#17728);
#17730=ORIENTED_EDGE('',*,*,#17420,.F.);
#17731=ORIENTED_EDGE('',*,*,#17503,.F.);
#17732=ORIENTED_EDGE('',*,*,#17294,.F.);
#17733=CARTESIAN_POINT('',(1387.5,-830.9627417,0.4));
#17734=DIRECTION('',(-0.678598344,0.281084638,-0.678598345));
#17735=VECTOR('',#17734,0.589450303);
#17736=LINE('',#17733,#17735);
#17737=EDGE_CURVE('',#17281,#809,#17736,.T.);
#17738=ORIENTED_EDGE('',*,*,#17737,.T.);
#17739=ORIENTED_EDGE('',*,*,#814,.F.);
#17740=CARTESIAN_POINT('',(1390.797056275,-827.1,0.));
#17741=DIRECTION('',(0.281084638,-0.678598344,0.678598345));
#17742=VECTOR('',#17741,0.589450303);
#17743=LINE('',#17740,#17742);
#17744=EDGE_CURVE('',#801,#17415,#17743,.T.);
#17745=ORIENTED_EDGE('',*,*,#17744,.T.);
#17746=EDGE_LOOP('',(#17730,#17731,#17732,#17738,#17739,#17745));
#17747=FACE_BOUND('',#17746,.T.);
#17748=ADVANCED_FACE('',(#17747),#17729,.T.);
#17749=CARTESIAN_POINT('',(1392.726955262,-827.15,5.4));
#17750=DIRECTION('',(-0.5,0.5,-0.707106781));
#17751=DIRECTION('',(-0.707106781,-0.707106781,0.));
#17752=AXIS2_PLACEMENT_3D('',#17749,#17750,#17751);
#17753=PLANE('',#17752);
#17754=ORIENTED_EDGE('',*,*,#17702,.F.);
#17755=CARTESIAN_POINT('',(1390.9627417,-827.5,6.4));
#17756=DIRECTION('',(-0.281084638,0.678598344,0.678598345));
#17757=VECTOR('',#17756,0.589450303);
#17758=LINE('',#17755,#17757);
#17759=EDGE_CURVE('',#17691,#2615,#17758,.T.);
#17760=ORIENTED_EDGE('',*,*,#17759,.T.);
#17761=ORIENTED_EDGE('',*,*,#2620,.F.);
#17762=CARTESIAN_POINT('',(1387.1,-830.797056275,6.8));
#17763=DIRECTION('',(0.678598344,-0.281084638,-0.678598345));
#17764=VECTOR('',#17763,0.589450303);
#17765=LINE('',#17762,#17764);
#17766=EDGE_CURVE('',#2607,#17635,#17765,.T.);
#17767=ORIENTED_EDGE('',*,*,#17766,.T.);
#17768=ORIENTED_EDGE('',*,*,#17640,.F.);
#17769=ORIENTED_EDGE('',*,*,#17521,.F.);
#17770=EDGE_LOOP('',(#17754,#17760,#17761,#17767,#17768,#17769));
#17771=FACE_BOUND('',#17770,.T.);
#17772=ADVANCED_FACE('',(#17771),#17753,.F.);
#17773=CARTESIAN_POINT('',(1407.273044738,-852.85,5.4));
#17774=DIRECTION('',(0.5,-0.5,-0.707106781));
#17775=DIRECTION('',(0.707106781,0.707106781,0.));
#17776=AXIS2_PLACEMENT_3D('',#17773,#17774,#17775);
#17777=PLANE('',#17776);
#17778=ORIENTED_EDGE('',*,*,#17606,.F.);
#17779=CARTESIAN_POINT('',(1409.0372583,-852.5,6.4));
#17780=DIRECTION('',(0.281084638,-0.678598344,0.678598345));
#17781=VECTOR('',#17780,0.589450303);
#17782=LINE('',#17779,#17781);
#17783=EDGE_CURVE('',#17595,#2647,#17782,.T.);
#17784=ORIENTED_EDGE('',*,*,#17783,.T.);
#17785=ORIENTED_EDGE('',*,*,#2652,.F.);
#17786=CARTESIAN_POINT('',(1412.9,-849.202943725,6.8));
#17787=DIRECTION('',(-0.678598344,0.281084638,-0.678598345));
#17788=VECTOR('',#17787,0.589450303);
#17789=LINE('',#17786,#17788);
#17790=EDGE_CURVE('',#2639,#17539,#17789,.T.);
#17791=ORIENTED_EDGE('',*,*,#17790,.T.);
#17792=ORIENTED_EDGE('',*,*,#17544,.F.);
#17793=ORIENTED_EDGE('',*,*,#17244,.F.);
#17794=EDGE_LOOP('',(#17778,#17784,#17785,#17791,#17792,#17793));
#17795=FACE_BOUND('',#17794,.T.);
#17796=ADVANCED_FACE('',(#17795),#17777,.F.);
#17797=CARTESIAN_POINT('',(1388.948528137,-851.051471863,0.));
#17798=DIRECTION('',(0.5,0.5,-0.707106781));
#17799=DIRECTION('',(-0.707106781,0.707106781,0.));
#17800=AXIS2_PLACEMENT_3D('',#17797,#17798,#17799);
#17801=PLANE('',#17800);
#17802=ORIENTED_EDGE('',*,*,#17278,.F.);
#17803=ORIENTED_EDGE('',*,*,#17377,.F.);
#17804=ORIENTED_EDGE('',*,*,#17152,.F.);
#17805=CARTESIAN_POINT('',(1390.9627417,-852.5,0.4));
#17806=DIRECTION('',(-0.281084638,-0.678598344,-0.678598345));
#17807=VECTOR('',#17806,0.589450303);
#17808=LINE('',#17805,#17807);
#17809=EDGE_CURVE('',#17139,#825,#17808,.T.);
#17810=ORIENTED_EDGE('',*,*,#17809,.T.);
#17811=ORIENTED_EDGE('',*,*,#830,.F.);
#17812=CARTESIAN_POINT('',(1387.1,-849.202943725,0.));
#17813=DIRECTION('',(0.678598344,0.281084638,0.678598345));
#17814=VECTOR('',#17813,0.589450303);
#17815=LINE('',#17812,#17814);
#17816=EDGE_CURVE('',#817,#17273,#17815,.T.);
#17817=ORIENTED_EDGE('',*,*,#17816,.T.);
#17818=EDGE_LOOP('',(#17802,#17803,#17804,#17810,#17811,#17817));
#17819=FACE_BOUND('',#17818,.T.);
#17820=ADVANCED_FACE('',(#17819),#17801,.T.);
#17821=CARTESIAN_POINT('',(1412.85,-832.726955262,5.4));
#17822=DIRECTION('',(0.5,0.5,-0.707106781));
#17823=DIRECTION('',(-0.707106781,0.707106781,0.));
#17824=AXIS2_PLACEMENT_3D('',#17821,#17822,#17823);
#17825=PLANE('',#17824);
#17826=ORIENTED_EDGE('',*,*,#17558,.F.);
#17827=CARTESIAN_POINT('',(1412.5,-830.9627417,6.4));
#17828=DIRECTION('',(0.678598344,0.281084638,0.678598345));
#17829=VECTOR('',#17828,0.589450303);
#17830=LINE('',#17827,#17829);
#17831=EDGE_CURVE('',#17547,#2631,#17830,.T.);
#17832=ORIENTED_EDGE('',*,*,#17831,.T.);
#17833=ORIENTED_EDGE('',*,*,#2636,.F.);
#17834=CARTESIAN_POINT('',(1409.202943725,-827.1,6.8));
#17835=DIRECTION('',(-0.281084638,-0.678598344,-0.678598345));
#17836=VECTOR('',#17835,0.589450303);
#17837=LINE('',#17834,#17836);
#17838=EDGE_CURVE('',#2623,#17683,#17837,.T.);
#17839=ORIENTED_EDGE('',*,*,#17838,.T.);
#17840=ORIENTED_EDGE('',*,*,#17688,.F.);
#17841=ORIENTED_EDGE('',*,*,#17086,.F.);
#17842=EDGE_LOOP('',(#17826,#17832,#17833,#17839,#17840,#17841));
#17843=FACE_BOUND('',#17842,.T.);
#17844=ADVANCED_FACE('',(#17843),#17825,.F.);
#17845=CARTESIAN_POINT('',(1411.051471863,-851.051471863,0.));
#17846=DIRECTION('',(-0.5,0.5,-0.707106781));
#17847=DIRECTION('',(-0.707106781,-0.707106781,0.));
#17848=AXIS2_PLACEMENT_3D('',#17845,#17846,#17847);
#17849=PLANE('',#17848);
#17850=ORIENTED_EDGE('',*,*,#17136,.F.);
#17851=ORIENTED_EDGE('',*,*,#17258,.F.);
#17852=ORIENTED_EDGE('',*,*,#16994,.F.);
#17853=CARTESIAN_POINT('',(1412.5,-849.0372583,0.4));
#17854=DIRECTION('',(0.678598344,-0.281084638,-0.678598345));
#17855=VECTOR('',#17854,0.589450303);
#17856=LINE('',#17853,#17855);
#17857=EDGE_CURVE('',#16981,#841,#17856,.T.);
#17858=ORIENTED_EDGE('',*,*,#17857,.T.);
#17859=ORIENTED_EDGE('',*,*,#846,.F.);
#17860=CARTESIAN_POINT('',(1409.202943725,-852.9,0.));
#17861=DIRECTION('',(-0.281084638,0.678598344,0.678598345));
#17862=VECTOR('',#17861,0.589450303);
#17863=LINE('',#17860,#17862);
#17864=EDGE_CURVE('',#833,#17131,#17863,.T.);
#17865=ORIENTED_EDGE('',*,*,#17864,.T.);
#17866=EDGE_LOOP('',(#17850,#17851,#17852,#17858,#17859,#17865));
#17867=FACE_BOUND('',#17866,.T.);
#17868=ADVANCED_FACE('',(#17867),#17849,.T.);
#17869=CARTESIAN_POINT('',(1411.051471863,-828.948528137,0.));
#17870=DIRECTION('',(-0.5,-0.5,-0.707106781));
#17871=DIRECTION('',(0.707106781,-0.707106781,0.));
#17872=AXIS2_PLACEMENT_3D('',#17869,#17870,#17871);
#17873=PLANE('',#17872);
#17874=ORIENTED_EDGE('',*,*,#16978,.F.);
#17875=ORIENTED_EDGE('',*,*,#17116,.F.);
#17876=ORIENTED_EDGE('',*,*,#17434,.F.);
#17877=CARTESIAN_POINT('',(1409.0372583,-827.5,0.4));
#17878=DIRECTION('',(0.281084638,0.678598344,-0.678598345));
#17879=VECTOR('',#17878,0.589450303);
#17880=LINE('',#17877,#17879);
#17881=EDGE_CURVE('',#17423,#799,#17880,.T.);
#17882=ORIENTED_EDGE('',*,*,#17881,.T.);
#17883=ORIENTED_EDGE('',*,*,#860,.F.);
#17884=CARTESIAN_POINT('',(1412.9,-830.797056275,0.));
#17885=DIRECTION('',(-0.678598344,-0.281084638,0.678598345));
#17886=VECTOR('',#17885,0.589450303);
#17887=LINE('',#17884,#17886);
#17888=EDGE_CURVE('',#849,#16973,#17887,.T.);
#17889=ORIENTED_EDGE('',*,*,#17888,.T.);
#17890=EDGE_LOOP('',(#17874,#17875,#17876,#17882,#17883,#17889));
#17891=FACE_BOUND('',#17890,.T.);
#17892=ADVANCED_FACE('',(#17891),#17873,.T.);
#17893=CARTESIAN_POINT('',(1387.15,-847.273044738,5.4));
#17894=DIRECTION('',(-0.5,-0.5,-0.707106781));
#17895=DIRECTION('',(0.707106781,-0.707106781,0.));
#17896=AXIS2_PLACEMENT_3D('',#17893,#17894,#17895);
#17897=PLANE('',#17896);
#17898=ORIENTED_EDGE('',*,*,#17654,.F.);
#17899=CARTESIAN_POINT('',(1387.5,-849.0372583,6.4));
#17900=DIRECTION('',(-0.678598344,-0.281084638,0.678598345));
#17901=VECTOR('',#17900,0.589450303);
#17902=LINE('',#17899,#17901);
#17903=EDGE_CURVE('',#17643,#2605,#17902,.T.);
#17904=ORIENTED_EDGE('',*,*,#17903,.T.);
#17905=ORIENTED_EDGE('',*,*,#2666,.F.);
#17906=CARTESIAN_POINT('',(1390.797056275,-852.9,6.8));
#17907=DIRECTION('',(0.281084638,0.678598344,-0.678598345));
#17908=VECTOR('',#17907,0.589450303);
#17909=LINE('',#17906,#17908);
#17910=EDGE_CURVE('',#2655,#17587,#17909,.T.);
#17911=ORIENTED_EDGE('',*,*,#17910,.T.);
#17912=ORIENTED_EDGE('',*,*,#17592,.F.);
#17913=ORIENTED_EDGE('',*,*,#17395,.F.);
#17914=EDGE_LOOP('',(#17898,#17904,#17905,#17911,#17912,#17913));
#17915=FACE_BOUND('',#17914,.T.);
#17916=ADVANCED_FACE('',(#17915),#17897,.F.);
#17917=CARTESIAN_POINT('',(1387.1,-840.,6.8));
#17918=DIRECTION('',(-0.707106781,0.,-0.707106781));
#17919=DIRECTION('',(0.,1.,0.));
#17920=AXIS2_PLACEMENT_3D('',#17917,#17918,#17919);
#17921=PLANE('',#17920);
#17922=ORIENTED_EDGE('',*,*,#17903,.F.);
#17923=ORIENTED_EDGE('',*,*,#17648,.F.);
#17924=ORIENTED_EDGE('',*,*,#17766,.F.);
#17925=ORIENTED_EDGE('',*,*,#2612,.F.);
#17926=EDGE_LOOP('',(#17922,#17923,#17924,#17925));
#17927=FACE_BOUND('',#17926,.T.);
#17928=ADVANCED_FACE('',(#17927),#17921,.F.);
#17929=CARTESIAN_POINT('',(1400.,-827.1,0.));
#17930=DIRECTION('',(0.,-0.707106781,-0.707106781));
#17931=DIRECTION('',(1.,0.,0.));
#17932=AXIS2_PLACEMENT_3D('',#17929,#17930,#17931);
#17933=PLANE('',#17932);
#17934=ORIENTED_EDGE('',*,*,#17881,.F.);
#17935=ORIENTED_EDGE('',*,*,#17428,.F.);
#17936=ORIENTED_EDGE('',*,*,#17744,.F.);
#17937=ORIENTED_EDGE('',*,*,#806,.F.);
#17938=EDGE_LOOP('',(#17934,#17935,#17936,#17937));
#17939=FACE_BOUND('',#17938,.T.);
#17940=ADVANCED_FACE('',(#17939),#17933,.T.);
#17941=CARTESIAN_POINT('',(1412.9,-840.,0.));
#17942=DIRECTION('',(-0.707106781,0.,-0.707106781));
#17943=DIRECTION('',(0.,-1.,0.));
#17944=AXIS2_PLACEMENT_3D('',#17941,#17942,#17943);
#17945=PLANE('',#17944);
#17946=ORIENTED_EDGE('',*,*,#17857,.F.);
#17947=ORIENTED_EDGE('',*,*,#16986,.F.);
#17948=ORIENTED_EDGE('',*,*,#17888,.F.);
#17949=ORIENTED_EDGE('',*,*,#854,.F.);
#17950=EDGE_LOOP('',(#17946,#17947,#17948,#17949));
#17951=FACE_BOUND('',#17950,.T.);
#17952=ADVANCED_FACE('',(#17951),#17945,.T.);
#17953=CARTESIAN_POINT('',(1400.,-852.9,6.8));
#17954=DIRECTION('',(0.,-0.707106781,-0.707106781));
#17955=DIRECTION('',(-1.,0.,0.));
#17956=AXIS2_PLACEMENT_3D('',#17953,#17954,#17955);
#17957=PLANE('',#17956);
#17958=ORIENTED_EDGE('',*,*,#17783,.F.);
#17959=ORIENTED_EDGE('',*,*,#17600,.F.);
#17960=ORIENTED_EDGE('',*,*,#17910,.F.);
#17961=ORIENTED_EDGE('',*,*,#2660,.F.);
#17962=EDGE_LOOP('',(#17958,#17959,#17960,#17961));
#17963=FACE_BOUND('',#17962,.T.);
#17964=ADVANCED_FACE('',(#17963),#17957,.F.);
#17965=CARTESIAN_POINT('',(1412.9,-840.,6.8));
#17966=DIRECTION('',(0.707106781,0.,-0.707106781));
#17967=DIRECTION('',(0.,-1.,0.));
#17968=AXIS2_PLACEMENT_3D('',#17965,#17966,#17967);
#17969=PLANE('',#17968);
#17970=ORIENTED_EDGE('',*,*,#17831,.F.);
#17971=ORIENTED_EDGE('',*,*,#17552,.F.);
#17972=ORIENTED_EDGE('',*,*,#17790,.F.);
#17973=ORIENTED_EDGE('',*,*,#2644,.F.);
#17974=EDGE_LOOP('',(#17970,#17971,#17972,#17973));
#17975=FACE_BOUND('',#17974,.T.);
#17976=ADVANCED_FACE('',(#17975),#17969,.F.);
#17977=CARTESIAN_POINT('',(1400.,-827.1,6.8));
#17978=DIRECTION('',(0.,0.707106781,-0.707106781));
#17979=DIRECTION('',(1.,0.,0.));
#17980=AXIS2_PLACEMENT_3D('',#17977,#17978,#17979);
#17981=PLANE('',#17980);
#17982=ORIENTED_EDGE('',*,*,#17759,.F.);
#17983=ORIENTED_EDGE('',*,*,#17696,.F.);
#17984=ORIENTED_EDGE('',*,*,#17838,.F.);
#17985=ORIENTED_EDGE('',*,*,#2628,.F.);
#17986=EDGE_LOOP('',(#17982,#17983,#17984,#17985));
#17987=FACE_BOUND('',#17986,.T.);
#17988=ADVANCED_FACE('',(#17987),#17981,.F.);
#17989=CARTESIAN_POINT('',(1387.1,-840.,0.));
#17990=DIRECTION('',(0.707106781,0.,-0.707106781));
#17991=DIRECTION('',(0.,1.,0.));
#17992=AXIS2_PLACEMENT_3D('',#17989,#17990,#17991);
#17993=PLANE('',#17992);
#17994=ORIENTED_EDGE('',*,*,#17737,.F.);
#17995=ORIENTED_EDGE('',*,*,#17286,.F.);
#17996=ORIENTED_EDGE('',*,*,#17816,.F.);
#17997=ORIENTED_EDGE('',*,*,#822,.F.);
#17998=EDGE_LOOP('',(#17994,#17995,#17996,#17997));
#17999=FACE_BOUND('',#17998,.T.);
#18000=ADVANCED_FACE('',(#17999),#17993,.T.);
#18001=CARTESIAN_POINT('',(1400.,-852.9,0.));
#18002=DIRECTION('',(0.,0.707106781,-0.707106781));
#18003=DIRECTION('',(-1.,0.,0.));
#18004=AXIS2_PLACEMENT_3D('',#18001,#18002,#18003);
#18005=PLANE('',#18004);
#18006=ORIENTED_EDGE('',*,*,#17809,.F.);
#18007=ORIENTED_EDGE('',*,*,#17144,.F.);
#18008=ORIENTED_EDGE('',*,*,#17864,.F.);
#18009=ORIENTED_EDGE('',*,*,#838,.F.);
#18010=EDGE_LOOP('',(#18006,#18007,#18008,#18009));
#18011=FACE_BOUND('',#18010,.T.);
#18012=ADVANCED_FACE('',(#18011),#18005,.T.);
#18013=CARTESIAN_POINT('',(1388.5,-854.,4.6));
#18014=DIRECTION('',(0.,0.,-1.));
#18015=DIRECTION('',(1.,0.,0.));
#18016=AXIS2_PLACEMENT_3D('',#18013,#18014,#18015);
#18017=CYLINDRICAL_SURFACE('',#18016,2.6);
#18018=CARTESIAN_POINT('',(1391.1,-854.,2.2));
#18019=VERTEX_POINT('',#18018);
#18020=CARTESIAN_POINT('',(1391.1,-854.,4.6));
#18021=VERTEX_POINT('',#18020);
#18022=CARTESIAN_POINT('',(1391.1,-854.,2.2));
#18023=DIRECTION('',(-0.,-0.,1.));
#18024=VECTOR('',#18023,2.4);
#18025=LINE('',#18022,#18024);
#18026=EDGE_CURVE('',#18019,#18021,#18025,.T.);
#18027=ORIENTED_EDGE('',*,*,#18026,.F.);
#18028=CARTESIAN_POINT('',(1388.5,-856.6,2.2));
#18029=VERTEX_POINT('',#18028);
#18030=CARTESIAN_POINT('',(1388.5,-854.,2.2));
#18031=DIRECTION('',(-0.,-0.,1.));
#18032=DIRECTION('',(-1.,0.,0.));
#18033=AXIS2_PLACEMENT_3D('',#18030,#18031,#18032);
#18034=CIRCLE('',#18033,2.6);
#18035=EDGE_CURVE('',#18029,#18019,#18034,.T.);
#18036=ORIENTED_EDGE('',*,*,#18035,.F.);
#18037=CARTESIAN_POINT('',(1388.5,-856.6,4.6));
#18038=VERTEX_POINT('',#18037);
#18039=CARTESIAN_POINT('',(1388.5,-856.6,4.6));
#18040=DIRECTION('',(-0.,-0.,-1.));
#18041=VECTOR('',#18040,2.4);
#18042=LINE('',#18039,#18041);
#18043=EDGE_CURVE('',#18038,#18029,#18042,.T.);
#18044=ORIENTED_EDGE('',*,*,#18043,.F.);
#18045=CARTESIAN_POINT('',(1388.5,-854.,4.6));
#18046=DIRECTION('',(-0.,-0.,1.));
#18047=DIRECTION('',(-1.,0.,0.));
#18048=AXIS2_PLACEMENT_3D('',#18045,#18046,#18047);
#18049=CIRCLE('',#18048,2.6);
#18050=EDGE_CURVE('',#18038,#18021,#18049,.T.);
#18051=ORIENTED_EDGE('',*,*,#18050,.T.);
#18052=EDGE_LOOP('',(#18027,#18036,#18044,#18051));
#18053=FACE_BOUND('',#18052,.T.);
#18054=ADVANCED_FACE('',(#18053),#18017,.F.);
#18055=CARTESIAN_POINT('',(1400.,-840.,4.6));
#18056=DIRECTION('',(0.,0.,1.));
#18057=DIRECTION('',(-1.,0.,0.));
#18058=AXIS2_PLACEMENT_3D('',#18055,#18056,#18057);
#18059=PLANE('',#18058);
#18060=ORIENTED_EDGE('',*,*,#1864,.F.);
#18061=CARTESIAN_POINT('',(1386.274557137,-851.681567612,4.6));
#18062=VERTEX_POINT('',#18061);
#18063=CARTESIAN_POINT('',(1386.25,-851.432776641,4.6));
#18064=DIRECTION('',(0.,0.,-1.));
#18065=DIRECTION('',(-1.,0.,0.));
#18066=AXIS2_PLACEMENT_3D('',#18063,#18064,#18065);
#18067=CIRCLE('',#18066,0.25);
#18068=EDGE_CURVE('',#18062,#1857,#18067,.T.);
#18069=ORIENTED_EDGE('',*,*,#18068,.F.);
#18070=CARTESIAN_POINT('',(1387.156119539,-851.444776535,4.6));
#18071=VERTEX_POINT('',#18070);
#18072=CARTESIAN_POINT('',(1386.,-848.9,4.6));
#18073=DIRECTION('',(-0.,-0.,1.));
#18074=DIRECTION('',(-1.,0.,0.));
#18075=AXIS2_PLACEMENT_3D('',#18072,#18073,#18074);
#18076=CIRCLE('',#18075,2.795084972);
#18077=EDGE_CURVE('',#18062,#18071,#18076,.T.);
#18078=ORIENTED_EDGE('',*,*,#18077,.T.);
#18079=CARTESIAN_POINT('',(1387.36293249,-851.4,4.6));
#18080=VERTEX_POINT('',#18079);
#18081=CARTESIAN_POINT('',(1387.36293249,-851.9,4.6));
#18082=DIRECTION('',(-0.,-0.,1.));
#18083=DIRECTION('',(-1.,0.,0.));
#18084=AXIS2_PLACEMENT_3D('',#18081,#18082,#18083);
#18085=CIRCLE('',#18084,0.5);
#18086=EDGE_CURVE('',#18080,#18071,#18085,.T.);
#18087=ORIENTED_EDGE('',*,*,#18086,.F.);
#18088=CARTESIAN_POINT('',(1388.5,-851.4,4.6));
#18089=VERTEX_POINT('',#18088);
#18090=CARTESIAN_POINT('',(1388.5,-851.4,4.6));
#18091=DIRECTION('',(-1.,0.,0.));
#18092=VECTOR('',#18091,1.13706751);
#18093=LINE('',#18090,#18092);
#18094=EDGE_CURVE('',#18089,#18080,#18093,.T.);
#18095=ORIENTED_EDGE('',*,*,#18094,.F.);
#18096=CARTESIAN_POINT('',(1388.5,-854.,4.6));
#18097=DIRECTION('',(-0.,-0.,1.));
#18098=DIRECTION('',(-1.,0.,0.));
#18099=AXIS2_PLACEMENT_3D('',#18096,#18097,#18098);
#18100=CIRCLE('',#18099,2.6);
#18101=EDGE_CURVE('',#18021,#18089,#18100,.T.);
#18102=ORIENTED_EDGE('',*,*,#18101,.F.);
#18103=ORIENTED_EDGE('',*,*,#18050,.F.);
#18104=CARTESIAN_POINT('',(1387.36293249,-856.6,4.6));
#18105=VERTEX_POINT('',#18104);
#18106=CARTESIAN_POINT('',(1388.5,-856.6,4.6));
#18107=DIRECTION('',(-1.,0.,0.));
#18108=VECTOR('',#18107,1.13706751);
#18109=LINE('',#18106,#18108);
#18110=EDGE_CURVE('',#18038,#18105,#18109,.T.);
#18111=ORIENTED_EDGE('',*,*,#18110,.T.);
#18112=CARTESIAN_POINT('',(1387.156119539,-856.555223465,4.6));
#18113=VERTEX_POINT('',#18112);
#18114=CARTESIAN_POINT('',(1387.36293249,-856.1,4.6));
#18115=DIRECTION('',(-0.,-0.,1.));
#18116=DIRECTION('',(-1.,0.,0.));
#18117=AXIS2_PLACEMENT_3D('',#18114,#18115,#18116);
#18118=CIRCLE('',#18117,0.5);
#18119=EDGE_CURVE('',#18113,#18105,#18118,.T.);
#18120=ORIENTED_EDGE('',*,*,#18119,.F.);
#18121=CARTESIAN_POINT('',(1386.274557137,-856.318432388,4.6));
#18122=VERTEX_POINT('',#18121);
#18123=CARTESIAN_POINT('',(1386.,-859.1,4.6));
#18124=DIRECTION('',(-0.,-0.,1.));
#18125=DIRECTION('',(-1.,0.,0.));
#18126=AXIS2_PLACEMENT_3D('',#18123,#18124,#18125);
#18127=CIRCLE('',#18126,2.795084972);
#18128=EDGE_CURVE('',#18113,#18122,#18127,.T.);
#18129=ORIENTED_EDGE('',*,*,#18128,.T.);
#18130=CARTESIAN_POINT('',(1386.25,-856.567223359,4.6));
#18131=DIRECTION('',(0.,0.,-1.));
#18132=DIRECTION('',(-1.,0.,0.));
#18133=AXIS2_PLACEMENT_3D('',#18130,#18131,#18132);
#18134=CIRCLE('',#18133,0.25);
#18135=EDGE_CURVE('',#1859,#18122,#18134,.T.);
#18136=ORIENTED_EDGE('',*,*,#18135,.F.);
#18137=EDGE_LOOP('',(#18060,#18069,#18078,#18087,#18095,#18102,#18103,#18111,#18120,#18129,#18136));
#18138=FACE_BOUND('',#18137,.T.);
#18139=ADVANCED_FACE('',(#18138),#18059,.F.);
#18140=CARTESIAN_POINT('',(1400.,-840.,2.2));
#18141=DIRECTION('',(0.,0.,1.));
#18142=DIRECTION('',(-1.,0.,0.));
#18143=AXIS2_PLACEMENT_3D('',#18140,#18141,#18142);
#18144=PLANE('',#18143);
#18145=ORIENTED_EDGE('',*,*,#1880,.T.);
#18146=CARTESIAN_POINT('',(1386.274557137,-856.318432388,2.2));
#18147=VERTEX_POINT('',#18146);
#18148=CARTESIAN_POINT('',(1386.25,-856.567223359,2.2));
#18149=DIRECTION('',(-0.,-0.,1.));
#18150=DIRECTION('',(-1.,0.,0.));
#18151=AXIS2_PLACEMENT_3D('',#18148,#18149,#18150);
#18152=CIRCLE('',#18151,0.25);
#18153=EDGE_CURVE('',#18147,#1867,#18152,.T.);
#18154=ORIENTED_EDGE('',*,*,#18153,.F.);
#18155=CARTESIAN_POINT('',(1387.156119539,-856.555223465,2.2));
#18156=VERTEX_POINT('',#18155);
#18157=CARTESIAN_POINT('',(1386.,-859.1,2.2));
#18158=DIRECTION('',(-0.,-0.,1.));
#18159=DIRECTION('',(-1.,0.,0.));
#18160=AXIS2_PLACEMENT_3D('',#18157,#18158,#18159);
#18161=CIRCLE('',#18160,2.795084972);
#18162=EDGE_CURVE('',#18156,#18147,#18161,.T.);
#18163=ORIENTED_EDGE('',*,*,#18162,.F.);
#18164=CARTESIAN_POINT('',(1387.36293249,-856.6,2.2));
#18165=VERTEX_POINT('',#18164);
#18166=CARTESIAN_POINT('',(1387.36293249,-856.1,2.2));
#18167=DIRECTION('',(0.,0.,-1.));
#18168=DIRECTION('',(-1.,0.,0.));
#18169=AXIS2_PLACEMENT_3D('',#18166,#18167,#18168);
#18170=CIRCLE('',#18169,0.5);
#18171=EDGE_CURVE('',#18165,#18156,#18170,.T.);
#18172=ORIENTED_EDGE('',*,*,#18171,.F.);
#18173=CARTESIAN_POINT('',(1388.5,-856.6,2.2));
#18174=DIRECTION('',(-1.,0.,0.));
#18175=VECTOR('',#18174,1.13706751);
#18176=LINE('',#18173,#18175);
#18177=EDGE_CURVE('',#18029,#18165,#18176,.T.);
#18178=ORIENTED_EDGE('',*,*,#18177,.F.);
#18179=ORIENTED_EDGE('',*,*,#18035,.T.);
#18180=CARTESIAN_POINT('',(1388.5,-851.4,2.2));
#18181=VERTEX_POINT('',#18180);
#18182=CARTESIAN_POINT('',(1388.5,-854.,2.2));
#18183=DIRECTION('',(-0.,-0.,1.));
#18184=DIRECTION('',(-1.,0.,0.));
#18185=AXIS2_PLACEMENT_3D('',#18182,#18183,#18184);
#18186=CIRCLE('',#18185,2.6);
#18187=EDGE_CURVE('',#18019,#18181,#18186,.T.);
#18188=ORIENTED_EDGE('',*,*,#18187,.T.);
#18189=CARTESIAN_POINT('',(1387.36293249,-851.4,2.2));
#18190=VERTEX_POINT('',#18189);
#18191=CARTESIAN_POINT('',(1388.5,-851.4,2.2));
#18192=DIRECTION('',(-1.,0.,0.));
#18193=VECTOR('',#18192,1.13706751);
#18194=LINE('',#18191,#18193);
#18195=EDGE_CURVE('',#18181,#18190,#18194,.T.);
#18196=ORIENTED_EDGE('',*,*,#18195,.T.);
#18197=CARTESIAN_POINT('',(1387.156119539,-851.444776535,2.2));
#18198=VERTEX_POINT('',#18197);
#18199=CARTESIAN_POINT('',(1387.36293249,-851.9,2.2));
#18200=DIRECTION('',(0.,0.,-1.));
#18201=DIRECTION('',(-1.,0.,0.));
#18202=AXIS2_PLACEMENT_3D('',#18199,#18200,#18201);
#18203=CIRCLE('',#18202,0.5);
#18204=EDGE_CURVE('',#18198,#18190,#18203,.T.);
#18205=ORIENTED_EDGE('',*,*,#18204,.F.);
#18206=CARTESIAN_POINT('',(1386.274557137,-851.681567612,2.2));
#18207=VERTEX_POINT('',#18206);
#18208=CARTESIAN_POINT('',(1386.,-848.9,2.2));
#18209=DIRECTION('',(-0.,-0.,1.));
#18210=DIRECTION('',(-1.,0.,0.));
#18211=AXIS2_PLACEMENT_3D('',#18208,#18209,#18210);
#18212=CIRCLE('',#18211,2.795084972);
#18213=EDGE_CURVE('',#18207,#18198,#18212,.T.);
#18214=ORIENTED_EDGE('',*,*,#18213,.F.);
#18215=CARTESIAN_POINT('',(1386.25,-851.432776641,2.2));
#18216=DIRECTION('',(-0.,-0.,1.));
#18217=DIRECTION('',(-1.,0.,0.));
#18218=AXIS2_PLACEMENT_3D('',#18215,#18216,#18217);
#18219=CIRCLE('',#18218,0.25);
#18220=EDGE_CURVE('',#1875,#18207,#18219,.T.);
#18221=ORIENTED_EDGE('',*,*,#18220,.F.);
#18222=EDGE_LOOP('',(#18145,#18154,#18163,#18172,#18178,#18179,#18188,#18196,#18205,#18214,#18221));
#18223=FACE_BOUND('',#18222,.T.);
#18224=ADVANCED_FACE('',(#18223),#18144,.T.);
#18225=CARTESIAN_POINT('',(1387.36293249,-851.9,4.6));
#18226=DIRECTION('',(0.,0.,-1.));
#18227=DIRECTION('',(1.,0.,0.));
#18228=AXIS2_PLACEMENT_3D('',#18225,#18226,#18227);
#18229=CYLINDRICAL_SURFACE('',#18228,0.5);
#18230=ORIENTED_EDGE('',*,*,#18086,.T.);
#18231=CARTESIAN_POINT('',(1387.156119539,-851.444776535,4.6));
#18232=DIRECTION('',(0.,0.,-1.));
#18233=VECTOR('',#18232,2.4);
#18234=LINE('',#18231,#18233);
#18235=EDGE_CURVE('',#18071,#18198,#18234,.T.);
#18236=ORIENTED_EDGE('',*,*,#18235,.T.);
#18237=ORIENTED_EDGE('',*,*,#18204,.T.);
#18238=CARTESIAN_POINT('',(1387.36293249,-851.4,2.2));
#18239=DIRECTION('',(-0.,-0.,1.));
#18240=VECTOR('',#18239,2.4);
#18241=LINE('',#18238,#18240);
#18242=EDGE_CURVE('',#18190,#18080,#18241,.T.);
#18243=ORIENTED_EDGE('',*,*,#18242,.T.);
#18244=EDGE_LOOP('',(#18230,#18236,#18237,#18243));
#18245=FACE_BOUND('',#18244,.T.);
#18246=ADVANCED_FACE('',(#18245),#18229,.F.);
#18247=CARTESIAN_POINT('',(1387.875,-851.4,4.6));
#18248=DIRECTION('',(0.,-1.,0.));
#18249=DIRECTION('',(0.,0.,1.));
#18250=AXIS2_PLACEMENT_3D('',#18247,#18248,#18249);
#18251=PLANE('',#18250);
#18252=ORIENTED_EDGE('',*,*,#18195,.F.);
#18253=CARTESIAN_POINT('',(1388.5,-851.4,4.6));
#18254=DIRECTION('',(0.,0.,-1.));
#18255=VECTOR('',#18254,2.4);
#18256=LINE('',#18253,#18255);
#18257=EDGE_CURVE('',#18089,#18181,#18256,.T.);
#18258=ORIENTED_EDGE('',*,*,#18257,.F.);
#18259=ORIENTED_EDGE('',*,*,#18094,.T.);
#18260=ORIENTED_EDGE('',*,*,#18242,.F.);
#18261=EDGE_LOOP('',(#18252,#18258,#18259,#18260));
#18262=FACE_BOUND('',#18261,.T.);
#18263=ADVANCED_FACE('',(#18262),#18251,.T.);
#18264=CARTESIAN_POINT('',(1386.,-848.9,4.6));
#18265=DIRECTION('',(0.,0.,-1.));
#18266=DIRECTION('',(1.,0.,0.));
#18267=AXIS2_PLACEMENT_3D('',#18264,#18265,#18266);
#18268=CYLINDRICAL_SURFACE('',#18267,2.795084972);
#18269=ORIENTED_EDGE('',*,*,#18077,.F.);
#18270=CARTESIAN_POINT('',(1386.274557137,-851.681567612,2.2));
#18271=DIRECTION('',(-0.,-0.,1.));
#18272=VECTOR('',#18271,2.4);
#18273=LINE('',#18270,#18272);
#18274=EDGE_CURVE('',#18207,#18062,#18273,.T.);
#18275=ORIENTED_EDGE('',*,*,#18274,.F.);
#18276=ORIENTED_EDGE('',*,*,#18213,.T.);
#18277=ORIENTED_EDGE('',*,*,#18235,.F.);
#18278=EDGE_LOOP('',(#18269,#18275,#18276,#18277));
#18279=FACE_BOUND('',#18278,.T.);
#18280=ADVANCED_FACE('',(#18279),#18268,.T.);
#18281=CARTESIAN_POINT('',(1386.25,-851.432776641,4.6));
#18282=DIRECTION('',(0.,0.,-1.));
#18283=DIRECTION('',(1.,0.,0.));
#18284=AXIS2_PLACEMENT_3D('',#18281,#18282,#18283);
#18285=CYLINDRICAL_SURFACE('',#18284,0.25);
#18286=ORIENTED_EDGE('',*,*,#18068,.T.);
#18287=ORIENTED_EDGE('',*,*,#1886,.T.);
#18288=ORIENTED_EDGE('',*,*,#18220,.T.);
#18289=ORIENTED_EDGE('',*,*,#18274,.T.);
#18290=EDGE_LOOP('',(#18286,#18287,#18288,#18289));
#18291=FACE_BOUND('',#18290,.T.);
#18292=ADVANCED_FACE('',(#18291),#18285,.T.);
#18293=CARTESIAN_POINT('',(1387.875,-828.6,4.6));
#18294=DIRECTION('',(0.,-1.,0.));
#18295=DIRECTION('',(0.,0.,1.));
#18296=AXIS2_PLACEMENT_3D('',#18293,#18294,#18295);
#18297=PLANE('',#18296);
#18298=ORIENTED_EDGE('',*,*,#7843,.F.);
#18299=ORIENTED_EDGE('',*,*,#7776,.T.);
#18300=ORIENTED_EDGE('',*,*,#7910,.T.);
#18301=CARTESIAN_POINT('',(1387.36293249,-828.6,4.6));
#18302=DIRECTION('',(0.,0.,-1.));
#18303=VECTOR('',#18302,2.4);
#18304=LINE('',#18301,#18303);
#18305=EDGE_CURVE('',#7838,#7898,#18304,.T.);
#18306=ORIENTED_EDGE('',*,*,#18305,.F.);
#18307=EDGE_LOOP('',(#18298,#18299,#18300,#18306));
#18308=FACE_BOUND('',#18307,.T.);
#18309=ADVANCED_FACE('',(#18308),#18297,.F.);
#18310=CARTESIAN_POINT('',(1387.36293249,-828.1,4.6));
#18311=DIRECTION('',(0.,0.,-1.));
#18312=DIRECTION('',(1.,0.,0.));
#18313=AXIS2_PLACEMENT_3D('',#18310,#18311,#18312);
#18314=CYLINDRICAL_SURFACE('',#18313,0.5);
#18315=ORIENTED_EDGE('',*,*,#7852,.T.);
#18316=ORIENTED_EDGE('',*,*,#18305,.T.);
#18317=ORIENTED_EDGE('',*,*,#7904,.T.);
#18318=CARTESIAN_POINT('',(1387.156119539,-828.555223465,2.2));
#18319=DIRECTION('',(-0.,-0.,1.));
#18320=VECTOR('',#18319,2.4);
#18321=LINE('',#18318,#18320);
#18322=EDGE_CURVE('',#7889,#7846,#18321,.T.);
#18323=ORIENTED_EDGE('',*,*,#18322,.T.);
#18324=EDGE_LOOP('',(#18315,#18316,#18317,#18323));
#18325=FACE_BOUND('',#18324,.T.);
#18326=ADVANCED_FACE('',(#18325),#18314,.F.);
#18327=CARTESIAN_POINT('',(1386.,-831.1,4.6));
#18328=DIRECTION('',(0.,0.,-1.));
#18329=DIRECTION('',(1.,0.,0.));
#18330=AXIS2_PLACEMENT_3D('',#18327,#18328,#18329);
#18331=CYLINDRICAL_SURFACE('',#18330,2.795084972);
#18332=ORIENTED_EDGE('',*,*,#7895,.T.);
#18333=CARTESIAN_POINT('',(1386.274557137,-828.318432388,4.6));
#18334=DIRECTION('',(0.,0.,-1.));
#18335=VECTOR('',#18334,2.4);
#18336=LINE('',#18333,#18335);
#18337=EDGE_CURVE('',#7855,#7880,#18336,.T.);
#18338=ORIENTED_EDGE('',*,*,#18337,.F.);
#18339=ORIENTED_EDGE('',*,*,#7861,.F.);
#18340=ORIENTED_EDGE('',*,*,#18322,.F.);
#18341=EDGE_LOOP('',(#18332,#18338,#18339,#18340));
#18342=FACE_BOUND('',#18341,.T.);
#18343=ADVANCED_FACE('',(#18342),#18331,.T.);
#18344=CARTESIAN_POINT('',(1386.25,-828.567223359,4.6));
#18345=DIRECTION('',(0.,0.,-1.));
#18346=DIRECTION('',(1.,0.,0.));
#18347=AXIS2_PLACEMENT_3D('',#18344,#18345,#18346);
#18348=CYLINDRICAL_SURFACE('',#18347,0.25);
#18349=ORIENTED_EDGE('',*,*,#7868,.T.);
#18350=ORIENTED_EDGE('',*,*,#18337,.T.);
#18351=ORIENTED_EDGE('',*,*,#7886,.T.);
#18352=ORIENTED_EDGE('',*,*,#1804,.T.);
#18353=EDGE_LOOP('',(#18349,#18350,#18351,#18352));
#18354=FACE_BOUND('',#18353,.T.);
#18355=ADVANCED_FACE('',(#18354),#18348,.T.);
#18356=CARTESIAN_POINT('',(1440.5,-840.,2.4));
#18357=DIRECTION('',(-1.,0.,0.));
#18358=DIRECTION('',(0.,-1.,0.));
#18359=AXIS2_PLACEMENT_3D('',#18356,#18357,#18358);
#18360=PLANE('',#18359);
#18361=CARTESIAN_POINT('',(1440.5,-832.376955262,1.4));
#18362=VERTEX_POINT('',#18361);
#18363=CARTESIAN_POINT('',(1440.5,-830.9627417,0.4));
#18364=VERTEX_POINT('',#18363);
#18365=CARTESIAN_POINT('',(1440.5,-832.376955262,1.4));
#18366=DIRECTION('',(0.,0.816496581,-0.577350269));
#18367=VECTOR('',#18366,1.732050807);
#18368=LINE('',#18365,#18367);
#18369=EDGE_CURVE('',#18362,#18364,#18368,.T.);
#18370=ORIENTED_EDGE('',*,*,#18369,.T.);
#18371=CARTESIAN_POINT('',(1440.5,-849.0372583,0.4));
#18372=VERTEX_POINT('',#18371);
#18373=CARTESIAN_POINT('',(1440.5,-830.9627417,0.4));
#18374=DIRECTION('',(0.,-1.,0.));
#18375=VECTOR('',#18374,18.0745166);
#18376=LINE('',#18373,#18375);
#18377=EDGE_CURVE('',#18364,#18372,#18376,.T.);
#18378=ORIENTED_EDGE('',*,*,#18377,.T.);
#18379=CARTESIAN_POINT('',(1440.5,-847.623044738,1.4));
#18380=VERTEX_POINT('',#18379);
#18381=CARTESIAN_POINT('',(1440.5,-849.0372583,0.4));
#18382=DIRECTION('',(0.,0.816496581,0.577350269));
#18383=VECTOR('',#18382,1.732050807);
#18384=LINE('',#18381,#18383);
#18385=EDGE_CURVE('',#18372,#18380,#18384,.T.);
#18386=ORIENTED_EDGE('',*,*,#18385,.T.);
#18387=CARTESIAN_POINT('',(1440.5,-847.623044738,1.4));
#18388=DIRECTION('',(-0.,1.,-0.));
#18389=VECTOR('',#18388,15.246089476);
#18390=LINE('',#18387,#18389);
#18391=EDGE_CURVE('',#18380,#18362,#18390,.T.);
#18392=ORIENTED_EDGE('',*,*,#18391,.T.);
#18393=EDGE_LOOP('',(#18370,#18378,#18386,#18392));
#18394=FACE_BOUND('',#18393,.T.);
#18395=ADVANCED_FACE('',(#18394),#18360,.T.);
#18396=CARTESIAN_POINT('',(1440.5,-840.,1.4));
#18397=DIRECTION('',(0.819231921,0.,-0.573462344));
#18398=DIRECTION('',(0.,1.,0.));
#18399=AXIS2_PLACEMENT_3D('',#18396,#18397,#18398);
#18400=PLANE('',#18399);
#18401=CARTESIAN_POINT('',(1441.2,-846.923044738,2.4));
#18402=VERTEX_POINT('',#18401);
#18403=CARTESIAN_POINT('',(1441.2,-846.923044738,2.4));
#18404=DIRECTION('',(-0.497468338,-0.497468338,-0.710669055));
#18405=VECTOR('',#18404,1.407124728);
#18406=LINE('',#18403,#18405);
#18407=EDGE_CURVE('',#18402,#18380,#18406,.T.);
#18408=ORIENTED_EDGE('',*,*,#18407,.F.);
#18409=CARTESIAN_POINT('',(1441.2,-833.076955262,2.4));
#18410=VERTEX_POINT('',#18409);
#18411=CARTESIAN_POINT('',(1441.199999999,-846.923044738,2.4));
#18412=DIRECTION('',(0.,1.,0.));
#18413=VECTOR('',#18412,13.846089476);
#18414=LINE('',#18411,#18413);
#18415=EDGE_CURVE('',#18402,#18410,#18414,.T.);
#18416=ORIENTED_EDGE('',*,*,#18415,.T.);
#18417=CARTESIAN_POINT('',(1440.5,-832.376955262,1.4));
#18418=DIRECTION('',(0.497468338,-0.497468338,0.710669055));
#18419=VECTOR('',#18418,1.407124728);
#18420=LINE('',#18417,#18419);
#18421=EDGE_CURVE('',#18362,#18410,#18420,.T.);
#18422=ORIENTED_EDGE('',*,*,#18421,.F.);
#18423=ORIENTED_EDGE('',*,*,#18391,.F.);
#18424=EDGE_LOOP('',(#18408,#18416,#18422,#18423));
#18425=FACE_BOUND('',#18424,.T.);
#18426=ADVANCED_FACE('',(#18425),#18400,.F.);
#18427=CARTESIAN_POINT('',(1441.2,-840.,6.8));
#18428=DIRECTION('',(-1.,0.,0.));
#18429=DIRECTION('',(0.,-1.,0.));
#18430=AXIS2_PLACEMENT_3D('',#18427,#18428,#18429);
#18431=PLANE('',#18430);
#18432=ORIENTED_EDGE('',*,*,#18415,.F.);
#18433=CARTESIAN_POINT('',(1441.2,-846.923044738,4.4));
#18434=VERTEX_POINT('',#18433);
#18435=CARTESIAN_POINT('',(1441.2,-846.923044738,4.4));
#18436=DIRECTION('',(-0.,-0.,-1.));
#18437=VECTOR('',#18436,2.);
#18438=LINE('',#18435,#18437);
#18439=EDGE_CURVE('',#18434,#18402,#18438,.T.);
#18440=ORIENTED_EDGE('',*,*,#18439,.F.);
#18441=CARTESIAN_POINT('',(1441.2,-833.076955262,4.4));
#18442=VERTEX_POINT('',#18441);
#18443=CARTESIAN_POINT('',(1441.2,-846.923044738,4.4));
#18444=DIRECTION('',(-0.,1.,-0.));
#18445=VECTOR('',#18444,13.846089476);
#18446=LINE('',#18443,#18445);
#18447=EDGE_CURVE('',#18434,#18442,#18446,.T.);
#18448=ORIENTED_EDGE('',*,*,#18447,.T.);
#18449=CARTESIAN_POINT('',(1441.2,-833.076955262,4.4));
#18450=DIRECTION('',(-0.,-0.,-1.));
#18451=VECTOR('',#18450,2.);
#18452=LINE('',#18449,#18451);
#18453=EDGE_CURVE('',#18442,#18410,#18452,.T.);
#18454=ORIENTED_EDGE('',*,*,#18453,.T.);
#18455=EDGE_LOOP('',(#18432,#18440,#18448,#18454));
#18456=FACE_BOUND('',#18455,.T.);
#18457=ADVANCED_FACE('',(#18456),#18431,.T.);
#18458=CARTESIAN_POINT('',(1440.85,-832.726955262,6.8));
#18459=DIRECTION('',(-0.707106781,-0.707106781,0.));
#18460=DIRECTION('',(0.707106781,-0.707106781,0.));
#18461=AXIS2_PLACEMENT_3D('',#18458,#18459,#18460);
#18462=PLANE('',#18461);
#18463=CARTESIAN_POINT('',(1440.5,-832.376955262,5.4));
#18464=VERTEX_POINT('',#18463);
#18465=CARTESIAN_POINT('',(1441.2,-833.076955262,4.4));
#18466=DIRECTION('',(-0.497468338,0.497468338,0.710669055));
#18467=VECTOR('',#18466,1.407124728);
#18468=LINE('',#18465,#18467);
#18469=EDGE_CURVE('',#18442,#18464,#18468,.T.);
#18470=ORIENTED_EDGE('',*,*,#18469,.T.);
#18471=CARTESIAN_POINT('',(1435.623044738,-827.5,5.4));
#18472=VERTEX_POINT('',#18471);
#18473=CARTESIAN_POINT('',(1440.5,-832.376955262,5.4));
#18474=DIRECTION('',(-0.707106781,0.707106781,-0.));
#18475=VECTOR('',#18474,6.897056275);
#18476=LINE('',#18473,#18475);
#18477=EDGE_CURVE('',#18464,#18472,#18476,.T.);
#18478=ORIENTED_EDGE('',*,*,#18477,.T.);
#18479=CARTESIAN_POINT('',(1434.923044738,-826.8,4.4));
#18480=VERTEX_POINT('',#18479);
#18481=CARTESIAN_POINT('',(1435.623044738,-827.5,5.4));
#18482=DIRECTION('',(-0.497468338,0.497468338,-0.710669055));
#18483=VECTOR('',#18482,1.407124728);
#18484=LINE('',#18481,#18483);
#18485=EDGE_CURVE('',#18472,#18480,#18484,.T.);
#18486=ORIENTED_EDGE('',*,*,#18485,.T.);
#18487=CARTESIAN_POINT('',(1434.923044738,-826.8,2.4));
#18488=VERTEX_POINT('',#18487);
#18489=CARTESIAN_POINT('',(1434.923044738,-826.8,4.4));
#18490=DIRECTION('',(-0.,-0.,-1.));
#18491=VECTOR('',#18490,2.);
#18492=LINE('',#18489,#18491);
#18493=EDGE_CURVE('',#18480,#18488,#18492,.T.);
#18494=ORIENTED_EDGE('',*,*,#18493,.T.);
#18495=CARTESIAN_POINT('',(1435.623044738,-827.5,1.4));
#18496=VERTEX_POINT('',#18495);
#18497=CARTESIAN_POINT('',(1434.923044738,-826.8,2.4));
#18498=DIRECTION('',(0.497468338,-0.497468338,-0.710669055));
#18499=VECTOR('',#18498,1.407124728);
#18500=LINE('',#18497,#18499);
#18501=EDGE_CURVE('',#18488,#18496,#18500,.T.);
#18502=ORIENTED_EDGE('',*,*,#18501,.T.);
#18503=CARTESIAN_POINT('',(1435.623044738,-827.5,1.4));
#18504=DIRECTION('',(0.707106781,-0.707106781,0.));
#18505=VECTOR('',#18504,6.897056275);
#18506=LINE('',#18503,#18505);
#18507=EDGE_CURVE('',#18496,#18362,#18506,.T.);
#18508=ORIENTED_EDGE('',*,*,#18507,.T.);
#18509=ORIENTED_EDGE('',*,*,#18421,.T.);
#18510=ORIENTED_EDGE('',*,*,#18453,.F.);
#18511=EDGE_LOOP('',(#18470,#18478,#18486,#18494,#18502,#18508,#18509,#18510));
#18512=FACE_BOUND('',#18511,.T.);
#18513=ADVANCED_FACE('',(#18512),#18462,.T.);
#18514=CARTESIAN_POINT('',(1428.,-852.5,2.4));
#18515=DIRECTION('',(0.,1.,0.));
#18516=DIRECTION('',(-1.,0.,0.));
#18517=AXIS2_PLACEMENT_3D('',#18514,#18515,#18516);
#18518=PLANE('',#18517);
#18519=CARTESIAN_POINT('',(1435.623044738,-852.5,1.4));
#18520=VERTEX_POINT('',#18519);
#18521=CARTESIAN_POINT('',(1437.0372583,-852.5,0.4));
#18522=VERTEX_POINT('',#18521);
#18523=CARTESIAN_POINT('',(1435.623044738,-852.5,1.4));
#18524=DIRECTION('',(0.816496581,0.,-0.577350269));
#18525=VECTOR('',#18524,1.732050807);
#18526=LINE('',#18523,#18525);
#18527=EDGE_CURVE('',#18520,#18522,#18526,.T.);
#18528=ORIENTED_EDGE('',*,*,#18527,.T.);
#18529=CARTESIAN_POINT('',(1418.9627417,-852.5,0.4));
#18530=VERTEX_POINT('',#18529);
#18531=CARTESIAN_POINT('',(1437.0372583,-852.5,0.4));
#18532=DIRECTION('',(-1.,0.,0.));
#18533=VECTOR('',#18532,18.0745166);
#18534=LINE('',#18531,#18533);
#18535=EDGE_CURVE('',#18522,#18530,#18534,.T.);
#18536=ORIENTED_EDGE('',*,*,#18535,.T.);
#18537=CARTESIAN_POINT('',(1420.376955262,-852.5,1.4));
#18538=VERTEX_POINT('',#18537);
#18539=CARTESIAN_POINT('',(1418.9627417,-852.5,0.4));
#18540=DIRECTION('',(0.816496581,0.,0.577350269));
#18541=VECTOR('',#18540,1.732050807);
#18542=LINE('',#18539,#18541);
#18543=EDGE_CURVE('',#18530,#18538,#18542,.T.);
#18544=ORIENTED_EDGE('',*,*,#18543,.T.);
#18545=CARTESIAN_POINT('',(1420.376955262,-852.5,1.4));
#18546=DIRECTION('',(1.,-0.,-0.));
#18547=VECTOR('',#18546,15.246089476);
#18548=LINE('',#18545,#18547);
#18549=EDGE_CURVE('',#18538,#18520,#18548,.T.);
#18550=ORIENTED_EDGE('',*,*,#18549,.T.);
#18551=EDGE_LOOP('',(#18528,#18536,#18544,#18550));
#18552=FACE_BOUND('',#18551,.T.);
#18553=ADVANCED_FACE('',(#18552),#18518,.T.);
#18554=CARTESIAN_POINT('',(1428.,-852.5,1.4));
#18555=DIRECTION('',(0.,-0.819231921,-0.573462344));
#18556=DIRECTION('',(1.,0.,0.));
#18557=AXIS2_PLACEMENT_3D('',#18554,#18555,#18556);
#18558=PLANE('',#18557);
#18559=CARTESIAN_POINT('',(1421.076955262,-853.2,2.4));
#18560=VERTEX_POINT('',#18559);
#18561=CARTESIAN_POINT('',(1421.076955262,-853.2,2.4));
#18562=DIRECTION('',(-0.497468338,0.497468338,-0.710669055));
#18563=VECTOR('',#18562,1.407124728);
#18564=LINE('',#18561,#18563);
#18565=EDGE_CURVE('',#18560,#18538,#18564,.T.);
#18566=ORIENTED_EDGE('',*,*,#18565,.F.);
#18567=CARTESIAN_POINT('',(1434.923044738,-853.2,2.4));
#18568=VERTEX_POINT('',#18567);
#18569=CARTESIAN_POINT('',(1421.076955262,-853.199999999,2.4));
#18570=DIRECTION('',(1.,0.,-0.));
#18571=VECTOR('',#18570,13.846089476);
#18572=LINE('',#18569,#18571);
#18573=EDGE_CURVE('',#18560,#18568,#18572,.T.);
#18574=ORIENTED_EDGE('',*,*,#18573,.T.);
#18575=CARTESIAN_POINT('',(1435.623044738,-852.5,1.4));
#18576=DIRECTION('',(-0.497468338,-0.497468338,0.710669055));
#18577=VECTOR('',#18576,1.407124728);
#18578=LINE('',#18575,#18577);
#18579=EDGE_CURVE('',#18520,#18568,#18578,.T.);
#18580=ORIENTED_EDGE('',*,*,#18579,.F.);
#18581=ORIENTED_EDGE('',*,*,#18549,.F.);
#18582=EDGE_LOOP('',(#18566,#18574,#18580,#18581));
#18583=FACE_BOUND('',#18582,.T.);
#18584=ADVANCED_FACE('',(#18583),#18558,.F.);
#18585=CARTESIAN_POINT('',(1428.,-853.2,6.8));
#18586=DIRECTION('',(0.,1.,0.));
#18587=DIRECTION('',(-1.,0.,0.));
#18588=AXIS2_PLACEMENT_3D('',#18585,#18586,#18587);
#18589=PLANE('',#18588);
#18590=ORIENTED_EDGE('',*,*,#18573,.F.);
#18591=CARTESIAN_POINT('',(1421.076955262,-853.2,4.4));
#18592=VERTEX_POINT('',#18591);
#18593=CARTESIAN_POINT('',(1421.076955262,-853.2,4.4));
#18594=DIRECTION('',(-0.,-0.,-1.));
#18595=VECTOR('',#18594,2.);
#18596=LINE('',#18593,#18595);
#18597=EDGE_CURVE('',#18592,#18560,#18596,.T.);
#18598=ORIENTED_EDGE('',*,*,#18597,.F.);
#18599=CARTESIAN_POINT('',(1434.923044738,-853.2,4.4));
#18600=VERTEX_POINT('',#18599);
#18601=CARTESIAN_POINT('',(1421.076955262,-853.2,4.4));
#18602=DIRECTION('',(1.,-0.,-0.));
#18603=VECTOR('',#18602,13.846089476);
#18604=LINE('',#18601,#18603);
#18605=EDGE_CURVE('',#18592,#18600,#18604,.T.);
#18606=ORIENTED_EDGE('',*,*,#18605,.T.);
#18607=CARTESIAN_POINT('',(1434.923044738,-853.2,4.4));
#18608=DIRECTION('',(-0.,-0.,-1.));
#18609=VECTOR('',#18608,2.);
#18610=LINE('',#18607,#18609);
#18611=EDGE_CURVE('',#18600,#18568,#18610,.T.);
#18612=ORIENTED_EDGE('',*,*,#18611,.T.);
#18613=EDGE_LOOP('',(#18590,#18598,#18606,#18612));
#18614=FACE_BOUND('',#18613,.T.);
#18615=ADVANCED_FACE('',(#18614),#18589,.T.);
#18616=CARTESIAN_POINT('',(1435.273044738,-852.85,6.8));
#18617=DIRECTION('',(-0.707106781,0.707106781,0.));
#18618=DIRECTION('',(-0.707106781,-0.707106781,0.));
#18619=AXIS2_PLACEMENT_3D('',#18616,#18617,#18618);
#18620=PLANE('',#18619);
#18621=CARTESIAN_POINT('',(1435.623044738,-852.5,5.4));
#18622=VERTEX_POINT('',#18621);
#18623=CARTESIAN_POINT('',(1434.923044738,-853.2,4.4));
#18624=DIRECTION('',(0.497468338,0.497468338,0.710669055));
#18625=VECTOR('',#18624,1.407124728);
#18626=LINE('',#18623,#18625);
#18627=EDGE_CURVE('',#18600,#18622,#18626,.T.);
#18628=ORIENTED_EDGE('',*,*,#18627,.T.);
#18629=CARTESIAN_POINT('',(1440.5,-847.623044738,5.4));
#18630=VERTEX_POINT('',#18629);
#18631=CARTESIAN_POINT('',(1435.623044738,-852.5,5.4));
#18632=DIRECTION('',(0.707106781,0.707106781,-0.));
#18633=VECTOR('',#18632,6.897056275);
#18634=LINE('',#18631,#18633);
#18635=EDGE_CURVE('',#18622,#18630,#18634,.T.);
#18636=ORIENTED_EDGE('',*,*,#18635,.T.);
#18637=CARTESIAN_POINT('',(1440.5,-847.623044738,5.4));
#18638=DIRECTION('',(0.497468338,0.497468338,-0.710669055));
#18639=VECTOR('',#18638,1.407124728);
#18640=LINE('',#18637,#18639);
#18641=EDGE_CURVE('',#18630,#18434,#18640,.T.);
#18642=ORIENTED_EDGE('',*,*,#18641,.T.);
#18643=ORIENTED_EDGE('',*,*,#18439,.T.);
#18644=ORIENTED_EDGE('',*,*,#18407,.T.);
#18645=CARTESIAN_POINT('',(1440.5,-847.623044738,1.4));
#18646=DIRECTION('',(-0.707106781,-0.707106781,0.));
#18647=VECTOR('',#18646,6.897056275);
#18648=LINE('',#18645,#18647);
#18649=EDGE_CURVE('',#18380,#18520,#18648,.T.);
#18650=ORIENTED_EDGE('',*,*,#18649,.T.);
#18651=ORIENTED_EDGE('',*,*,#18579,.T.);
#18652=ORIENTED_EDGE('',*,*,#18611,.F.);
#18653=EDGE_LOOP('',(#18628,#18636,#18642,#18643,#18644,#18650,#18651,#18652));
#18654=FACE_BOUND('',#18653,.T.);
#18655=ADVANCED_FACE('',(#18654),#18620,.T.);
#18656=CARTESIAN_POINT('',(1415.5,-840.,2.4));
#18657=DIRECTION('',(1.,0.,0.));
#18658=DIRECTION('',(0.,1.,0.));
#18659=AXIS2_PLACEMENT_3D('',#18656,#18657,#18658);
#18660=PLANE('',#18659);
#18661=CARTESIAN_POINT('',(1415.5,-847.623044738,1.4));
#18662=VERTEX_POINT('',#18661);
#18663=CARTESIAN_POINT('',(1415.5,-849.0372583,0.4));
#18664=VERTEX_POINT('',#18663);
#18665=CARTESIAN_POINT('',(1415.5,-847.623044738,1.4));
#18666=DIRECTION('',(0.,-0.816496581,-0.577350269));
#18667=VECTOR('',#18666,1.732050807);
#18668=LINE('',#18665,#18667);
#18669=EDGE_CURVE('',#18662,#18664,#18668,.T.);
#18670=ORIENTED_EDGE('',*,*,#18669,.T.);
#18671=CARTESIAN_POINT('',(1415.5,-830.9627417,0.4));
#18672=VERTEX_POINT('',#18671);
#18673=CARTESIAN_POINT('',(1415.5,-849.0372583,0.4));
#18674=DIRECTION('',(0.,1.,0.));
#18675=VECTOR('',#18674,18.0745166);
#18676=LINE('',#18673,#18675);
#18677=EDGE_CURVE('',#18664,#18672,#18676,.T.);
#18678=ORIENTED_EDGE('',*,*,#18677,.T.);
#18679=CARTESIAN_POINT('',(1415.5,-832.376955262,1.4));
#18680=VERTEX_POINT('',#18679);
#18681=CARTESIAN_POINT('',(1415.5,-830.9627417,0.4));
#18682=DIRECTION('',(0.,-0.816496581,0.577350269));
#18683=VECTOR('',#18682,1.732050807);
#18684=LINE('',#18681,#18683);
#18685=EDGE_CURVE('',#18672,#18680,#18684,.T.);
#18686=ORIENTED_EDGE('',*,*,#18685,.T.);
#18687=CARTESIAN_POINT('',(1415.5,-832.376955262,1.4));
#18688=DIRECTION('',(-0.,-1.,-0.));
#18689=VECTOR('',#18688,15.246089476);
#18690=LINE('',#18687,#18689);
#18691=EDGE_CURVE('',#18680,#18662,#18690,.T.);
#18692=ORIENTED_EDGE('',*,*,#18691,.T.);
#18693=EDGE_LOOP('',(#18670,#18678,#18686,#18692));
#18694=FACE_BOUND('',#18693,.T.);
#18695=ADVANCED_FACE('',(#18694),#18660,.T.);
#18696=CARTESIAN_POINT('',(1415.5,-840.,1.4));
#18697=DIRECTION('',(-0.819231921,0.,-0.573462344));
#18698=DIRECTION('',(0.,-1.,0.));
#18699=AXIS2_PLACEMENT_3D('',#18696,#18697,#18698);
#18700=PLANE('',#18699);
#18701=CARTESIAN_POINT('',(1414.8,-833.076955262,2.4));
#18702=VERTEX_POINT('',#18701);
#18703=CARTESIAN_POINT('',(1414.8,-833.076955262,2.4));
#18704=DIRECTION('',(0.497468338,0.497468338,-0.710669055));
#18705=VECTOR('',#18704,1.407124728);
#18706=LINE('',#18703,#18705);
#18707=EDGE_CURVE('',#18702,#18680,#18706,.T.);
#18708=ORIENTED_EDGE('',*,*,#18707,.F.);
#18709=CARTESIAN_POINT('',(1414.8,-846.923044738,2.4));
#18710=VERTEX_POINT('',#18709);
#18711=CARTESIAN_POINT('',(1414.800000001,-833.076955262,2.4));
#18712=DIRECTION('',(0.,-1.,0.));
#18713=VECTOR('',#18712,13.846089476);
#18714=LINE('',#18711,#18713);
#18715=EDGE_CURVE('',#18702,#18710,#18714,.T.);
#18716=ORIENTED_EDGE('',*,*,#18715,.T.);
#18717=CARTESIAN_POINT('',(1415.5,-847.623044738,1.4));
#18718=DIRECTION('',(-0.497468338,0.497468338,0.710669055));
#18719=VECTOR('',#18718,1.407124728);
#18720=LINE('',#18717,#18719);
#18721=EDGE_CURVE('',#18662,#18710,#18720,.T.);
#18722=ORIENTED_EDGE('',*,*,#18721,.F.);
#18723=ORIENTED_EDGE('',*,*,#18691,.F.);
#18724=EDGE_LOOP('',(#18708,#18716,#18722,#18723));
#18725=FACE_BOUND('',#18724,.T.);
#18726=ADVANCED_FACE('',(#18725),#18700,.F.);
#18727=CARTESIAN_POINT('',(1414.8,-840.,6.8));
#18728=DIRECTION('',(1.,0.,0.));
#18729=DIRECTION('',(0.,1.,0.));
#18730=AXIS2_PLACEMENT_3D('',#18727,#18728,#18729);
#18731=PLANE('',#18730);
#18732=ORIENTED_EDGE('',*,*,#18715,.F.);
#18733=CARTESIAN_POINT('',(1414.8,-833.076955262,4.4));
#18734=VERTEX_POINT('',#18733);
#18735=CARTESIAN_POINT('',(1414.8,-833.076955262,4.4));
#18736=DIRECTION('',(-0.,-0.,-1.));
#18737=VECTOR('',#18736,2.);
#18738=LINE('',#18735,#18737);
#18739=EDGE_CURVE('',#18734,#18702,#18738,.T.);
#18740=ORIENTED_EDGE('',*,*,#18739,.F.);
#18741=CARTESIAN_POINT('',(1414.8,-846.923044738,4.4));
#18742=VERTEX_POINT('',#18741);
#18743=CARTESIAN_POINT('',(1414.8,-833.076955262,4.4));
#18744=DIRECTION('',(-0.,-1.,-0.));
#18745=VECTOR('',#18744,13.846089476);
#18746=LINE('',#18743,#18745);
#18747=EDGE_CURVE('',#18734,#18742,#18746,.T.);
#18748=ORIENTED_EDGE('',*,*,#18747,.T.);
#18749=CARTESIAN_POINT('',(1414.8,-846.923044738,4.4));
#18750=DIRECTION('',(-0.,-0.,-1.));
#18751=VECTOR('',#18750,2.);
#18752=LINE('',#18749,#18751);
#18753=EDGE_CURVE('',#18742,#18710,#18752,.T.);
#18754=ORIENTED_EDGE('',*,*,#18753,.T.);
#18755=EDGE_LOOP('',(#18732,#18740,#18748,#18754));
#18756=FACE_BOUND('',#18755,.T.);
#18757=ADVANCED_FACE('',(#18756),#18731,.T.);
#18758=CARTESIAN_POINT('',(1415.15,-847.273044738,6.8));
#18759=DIRECTION('',(0.707106781,0.707106781,0.));
#18760=DIRECTION('',(-0.707106781,0.707106781,0.));
#18761=AXIS2_PLACEMENT_3D('',#18758,#18759,#18760);
#18762=PLANE('',#18761);
#18763=ORIENTED_EDGE('',*,*,#18565,.T.);
#18764=CARTESIAN_POINT('',(1420.376955262,-852.5,1.4));
#18765=DIRECTION('',(-0.707106781,0.707106781,0.));
#18766=VECTOR('',#18765,6.897056275);
#18767=LINE('',#18764,#18766);
#18768=EDGE_CURVE('',#18538,#18662,#18767,.T.);
#18769=ORIENTED_EDGE('',*,*,#18768,.T.);
#18770=ORIENTED_EDGE('',*,*,#18721,.T.);
#18771=ORIENTED_EDGE('',*,*,#18753,.F.);
#18772=CARTESIAN_POINT('',(1415.5,-847.623044738,5.4));
#18773=VERTEX_POINT('',#18772);
#18774=CARTESIAN_POINT('',(1414.8,-846.923044738,4.4));
#18775=DIRECTION('',(0.497468338,-0.497468338,0.710669055));
#18776=VECTOR('',#18775,1.407124728);
#18777=LINE('',#18774,#18776);
#18778=EDGE_CURVE('',#18742,#18773,#18777,.T.);
#18779=ORIENTED_EDGE('',*,*,#18778,.T.);
#18780=CARTESIAN_POINT('',(1420.376955262,-852.5,5.4));
#18781=VERTEX_POINT('',#18780);
#18782=CARTESIAN_POINT('',(1415.5,-847.623044738,5.4));
#18783=DIRECTION('',(0.707106781,-0.707106781,-0.));
#18784=VECTOR('',#18783,6.897056275);
#18785=LINE('',#18782,#18784);
#18786=EDGE_CURVE('',#18773,#18781,#18785,.T.);
#18787=ORIENTED_EDGE('',*,*,#18786,.T.);
#18788=CARTESIAN_POINT('',(1420.376955262,-852.5,5.4));
#18789=DIRECTION('',(0.497468338,-0.497468338,-0.710669055));
#18790=VECTOR('',#18789,1.407124728);
#18791=LINE('',#18788,#18790);
#18792=EDGE_CURVE('',#18781,#18592,#18791,.T.);
#18793=ORIENTED_EDGE('',*,*,#18792,.T.);
#18794=ORIENTED_EDGE('',*,*,#18597,.T.);
#18795=EDGE_LOOP('',(#18763,#18769,#18770,#18771,#18779,#18787,#18793,#18794));
#18796=FACE_BOUND('',#18795,.T.);
#18797=ADVANCED_FACE('',(#18796),#18762,.T.);
#18798=CARTESIAN_POINT('',(1428.,-827.5,2.4));
#18799=DIRECTION('',(0.,-1.,0.));
#18800=DIRECTION('',(1.,0.,0.));
#18801=AXIS2_PLACEMENT_3D('',#18798,#18799,#18800);
#18802=PLANE('',#18801);
#18803=CARTESIAN_POINT('',(1420.376955262,-827.5,1.4));
#18804=VERTEX_POINT('',#18803);
#18805=CARTESIAN_POINT('',(1418.9627417,-827.5,0.4));
#18806=VERTEX_POINT('',#18805);
#18807=CARTESIAN_POINT('',(1420.376955262,-827.5,1.4));
#18808=DIRECTION('',(-0.816496581,0.,-0.577350269));
#18809=VECTOR('',#18808,1.732050807);
#18810=LINE('',#18807,#18809);
#18811=EDGE_CURVE('',#18804,#18806,#18810,.T.);
#18812=ORIENTED_EDGE('',*,*,#18811,.T.);
#18813=CARTESIAN_POINT('',(1437.0372583,-827.5,0.4));
#18814=VERTEX_POINT('',#18813);
#18815=CARTESIAN_POINT('',(1418.9627417,-827.5,0.4));
#18816=DIRECTION('',(1.,0.,-0.));
#18817=VECTOR('',#18816,18.0745166);
#18818=LINE('',#18815,#18817);
#18819=EDGE_CURVE('',#18806,#18814,#18818,.T.);
#18820=ORIENTED_EDGE('',*,*,#18819,.T.);
#18821=CARTESIAN_POINT('',(1437.0372583,-827.5,0.4));
#18822=DIRECTION('',(-0.816496581,0.,0.577350269));
#18823=VECTOR('',#18822,1.732050807);
#18824=LINE('',#18821,#18823);
#18825=EDGE_CURVE('',#18814,#18496,#18824,.T.);
#18826=ORIENTED_EDGE('',*,*,#18825,.T.);
#18827=CARTESIAN_POINT('',(1435.623044738,-827.5,1.4));
#18828=DIRECTION('',(-1.,-0.,0.));
#18829=VECTOR('',#18828,15.246089476);
#18830=LINE('',#18827,#18829);
#18831=EDGE_CURVE('',#18496,#18804,#18830,.T.);
#18832=ORIENTED_EDGE('',*,*,#18831,.T.);
#18833=EDGE_LOOP('',(#18812,#18820,#18826,#18832));
#18834=FACE_BOUND('',#18833,.T.);
#18835=ADVANCED_FACE('',(#18834),#18802,.T.);
#18836=CARTESIAN_POINT('',(1428.,-827.5,1.4));
#18837=DIRECTION('',(0.,0.819231921,-0.573462344));
#18838=DIRECTION('',(-1.,0.,0.));
#18839=AXIS2_PLACEMENT_3D('',#18836,#18837,#18838);
#18840=PLANE('',#18839);
#18841=ORIENTED_EDGE('',*,*,#18501,.F.);
#18842=CARTESIAN_POINT('',(1421.076955262,-826.8,2.4));
#18843=VERTEX_POINT('',#18842);
#18844=CARTESIAN_POINT('',(1434.923044738,-826.800000001,2.4));
#18845=DIRECTION('',(-1.,0.,0.));
#18846=VECTOR('',#18845,13.846089476);
#18847=LINE('',#18844,#18846);
#18848=EDGE_CURVE('',#18488,#18843,#18847,.T.);
#18849=ORIENTED_EDGE('',*,*,#18848,.T.);
#18850=CARTESIAN_POINT('',(1420.376955262,-827.5,1.4));
#18851=DIRECTION('',(0.497468338,0.497468338,0.710669055));
#18852=VECTOR('',#18851,1.407124728);
#18853=LINE('',#18850,#18852);
#18854=EDGE_CURVE('',#18804,#18843,#18853,.T.);
#18855=ORIENTED_EDGE('',*,*,#18854,.F.);
#18856=ORIENTED_EDGE('',*,*,#18831,.F.);
#18857=EDGE_LOOP('',(#18841,#18849,#18855,#18856));
#18858=FACE_BOUND('',#18857,.T.);
#18859=ADVANCED_FACE('',(#18858),#18840,.F.);
#18860=CARTESIAN_POINT('',(1428.,-826.8,6.8));
#18861=DIRECTION('',(0.,-1.,0.));
#18862=DIRECTION('',(1.,0.,0.));
#18863=AXIS2_PLACEMENT_3D('',#18860,#18861,#18862);
#18864=PLANE('',#18863);
#18865=ORIENTED_EDGE('',*,*,#18848,.F.);
#18866=ORIENTED_EDGE('',*,*,#18493,.F.);
#18867=CARTESIAN_POINT('',(1421.076955262,-826.8,4.4));
#18868=VERTEX_POINT('',#18867);
#18869=CARTESIAN_POINT('',(1434.923044738,-826.8,4.4));
#18870=DIRECTION('',(-1.,-0.,0.));
#18871=VECTOR('',#18870,13.846089476);
#18872=LINE('',#18869,#18871);
#18873=EDGE_CURVE('',#18480,#18868,#18872,.T.);
#18874=ORIENTED_EDGE('',*,*,#18873,.T.);
#18875=CARTESIAN_POINT('',(1421.076955262,-826.8,4.4));
#18876=DIRECTION('',(-0.,-0.,-1.));
#18877=VECTOR('',#18876,2.);
#18878=LINE('',#18875,#18877);
#18879=EDGE_CURVE('',#18868,#18843,#18878,.T.);
#18880=ORIENTED_EDGE('',*,*,#18879,.T.);
#18881=EDGE_LOOP('',(#18865,#18866,#18874,#18880));
#18882=FACE_BOUND('',#18881,.T.);
#18883=ADVANCED_FACE('',(#18882),#18864,.T.);
#18884=CARTESIAN_POINT('',(1420.726955262,-827.15,6.8));
#18885=DIRECTION('',(0.707106781,-0.707106781,0.));
#18886=DIRECTION('',(0.707106781,0.707106781,0.));
#18887=AXIS2_PLACEMENT_3D('',#18884,#18885,#18886);
#18888=PLANE('',#18887);
#18889=ORIENTED_EDGE('',*,*,#18707,.T.);
#18890=CARTESIAN_POINT('',(1415.5,-832.376955262,1.4));
#18891=DIRECTION('',(0.707106781,0.707106781,0.));
#18892=VECTOR('',#18891,6.897056275);
#18893=LINE('',#18890,#18892);
#18894=EDGE_CURVE('',#18680,#18804,#18893,.T.);
#18895=ORIENTED_EDGE('',*,*,#18894,.T.);
#18896=ORIENTED_EDGE('',*,*,#18854,.T.);
#18897=ORIENTED_EDGE('',*,*,#18879,.F.);
#18898=CARTESIAN_POINT('',(1420.376955262,-827.5,5.4));
#18899=VERTEX_POINT('',#18898);
#18900=CARTESIAN_POINT('',(1421.076955262,-826.8,4.4));
#18901=DIRECTION('',(-0.497468338,-0.497468338,0.710669055));
#18902=VECTOR('',#18901,1.407124728);
#18903=LINE('',#18900,#18902);
#18904=EDGE_CURVE('',#18868,#18899,#18903,.T.);
#18905=ORIENTED_EDGE('',*,*,#18904,.T.);
#18906=CARTESIAN_POINT('',(1415.5,-832.376955262,5.4));
#18907=VERTEX_POINT('',#18906);
#18908=CARTESIAN_POINT('',(1420.376955262,-827.5,5.4));
#18909=DIRECTION('',(-0.707106781,-0.707106781,-0.));
#18910=VECTOR('',#18909,6.897056275);
#18911=LINE('',#18908,#18910);
#18912=EDGE_CURVE('',#18899,#18907,#18911,.T.);
#18913=ORIENTED_EDGE('',*,*,#18912,.T.);
#18914=CARTESIAN_POINT('',(1415.5,-832.376955262,5.4));
#18915=DIRECTION('',(-0.497468338,-0.497468338,-0.710669055));
#18916=VECTOR('',#18915,1.407124728);
#18917=LINE('',#18914,#18916);
#18918=EDGE_CURVE('',#18907,#18734,#18917,.T.);
#18919=ORIENTED_EDGE('',*,*,#18918,.T.);
#18920=ORIENTED_EDGE('',*,*,#18739,.T.);
#18921=EDGE_LOOP('',(#18889,#18895,#18896,#18897,#18905,#18913,#18919,#18920));
#18922=FACE_BOUND('',#18921,.T.);
#18923=ADVANCED_FACE('',(#18922),#18888,.T.);
#18924=CARTESIAN_POINT('',(1440.5,-840.,4.4));
#18925=DIRECTION('',(-1.,0.,0.));
#18926=DIRECTION('',(0.,-1.,0.));
#18927=AXIS2_PLACEMENT_3D('',#18924,#18925,#18926);
#18928=PLANE('',#18927);
#18929=CARTESIAN_POINT('',(1440.5,-849.0372583,6.4));
#18930=VERTEX_POINT('',#18929);
#18931=CARTESIAN_POINT('',(1440.5,-847.623044738,5.4));
#18932=DIRECTION('',(0.,-0.816496581,0.577350269));
#18933=VECTOR('',#18932,1.732050807);
#18934=LINE('',#18931,#18933);
#18935=EDGE_CURVE('',#18630,#18930,#18934,.T.);
#18936=ORIENTED_EDGE('',*,*,#18935,.T.);
#18937=CARTESIAN_POINT('',(1440.5,-830.9627417,6.4));
#18938=VERTEX_POINT('',#18937);
#18939=CARTESIAN_POINT('',(1440.5,-849.0372583,6.4));
#18940=DIRECTION('',(-0.,1.,-0.));
#18941=VECTOR('',#18940,18.0745166);
#18942=LINE('',#18939,#18941);
#18943=EDGE_CURVE('',#18930,#18938,#18942,.T.);
#18944=ORIENTED_EDGE('',*,*,#18943,.T.);
#18945=CARTESIAN_POINT('',(1440.5,-830.9627417,6.4));
#18946=DIRECTION('',(0.,-0.816496581,-0.577350269));
#18947=VECTOR('',#18946,1.732050807);
#18948=LINE('',#18945,#18947);
#18949=EDGE_CURVE('',#18938,#18464,#18948,.T.);
#18950=ORIENTED_EDGE('',*,*,#18949,.T.);
#18951=CARTESIAN_POINT('',(1440.5,-832.376955262,5.4));
#18952=DIRECTION('',(0.,-1.,0.));
#18953=VECTOR('',#18952,15.246089476);
#18954=LINE('',#18951,#18953);
#18955=EDGE_CURVE('',#18464,#18630,#18954,.T.);
#18956=ORIENTED_EDGE('',*,*,#18955,.T.);
#18957=EDGE_LOOP('',(#18936,#18944,#18950,#18956));
#18958=FACE_BOUND('',#18957,.T.);
#18959=ADVANCED_FACE('',(#18958),#18928,.T.);
#18960=CARTESIAN_POINT('',(1440.5,-840.,5.4));
#18961=DIRECTION('',(-0.819231921,0.,-0.573462344));
#18962=DIRECTION('',(0.,1.,0.));
#18963=AXIS2_PLACEMENT_3D('',#18960,#18961,#18962);
#18964=PLANE('',#18963);
#18965=ORIENTED_EDGE('',*,*,#18469,.F.);
#18966=ORIENTED_EDGE('',*,*,#18447,.F.);
#18967=ORIENTED_EDGE('',*,*,#18641,.F.);
#18968=ORIENTED_EDGE('',*,*,#18955,.F.);
#18969=EDGE_LOOP('',(#18965,#18966,#18967,#18968));
#18970=FACE_BOUND('',#18969,.T.);
#18971=ADVANCED_FACE('',(#18970),#18964,.T.);
#18972=CARTESIAN_POINT('',(1428.,-852.5,4.4));
#18973=DIRECTION('',(0.,1.,0.));
#18974=DIRECTION('',(-1.,0.,0.));
#18975=AXIS2_PLACEMENT_3D('',#18972,#18973,#18974);
#18976=PLANE('',#18975);
#18977=CARTESIAN_POINT('',(1418.9627417,-852.5,6.4));
#18978=VERTEX_POINT('',#18977);
#18979=CARTESIAN_POINT('',(1420.376955262,-852.5,5.4));
#18980=DIRECTION('',(-0.816496581,0.,0.577350269));
#18981=VECTOR('',#18980,1.732050807);
#18982=LINE('',#18979,#18981);
#18983=EDGE_CURVE('',#18781,#18978,#18982,.T.);
#18984=ORIENTED_EDGE('',*,*,#18983,.T.);
#18985=CARTESIAN_POINT('',(1437.0372583,-852.5,6.4));
#18986=VERTEX_POINT('',#18985);
#18987=CARTESIAN_POINT('',(1418.9627417,-852.5,6.4));
#18988=DIRECTION('',(1.,-0.,-0.));
#18989=VECTOR('',#18988,18.0745166);
#18990=LINE('',#18987,#18989);
#18991=EDGE_CURVE('',#18978,#18986,#18990,.T.);
#18992=ORIENTED_EDGE('',*,*,#18991,.T.);
#18993=CARTESIAN_POINT('',(1437.0372583,-852.5,6.4));
#18994=DIRECTION('',(-0.816496581,0.,-0.577350269));
#18995=VECTOR('',#18994,1.732050807);
#18996=LINE('',#18993,#18995);
#18997=EDGE_CURVE('',#18986,#18622,#18996,.T.);
#18998=ORIENTED_EDGE('',*,*,#18997,.T.);
#18999=CARTESIAN_POINT('',(1435.623044738,-852.5,5.4));
#19000=DIRECTION('',(-1.,0.,0.));
#19001=VECTOR('',#19000,15.246089476);
#19002=LINE('',#18999,#19001);
#19003=EDGE_CURVE('',#18622,#18781,#19002,.T.);
#19004=ORIENTED_EDGE('',*,*,#19003,.T.);
#19005=EDGE_LOOP('',(#18984,#18992,#18998,#19004));
#19006=FACE_BOUND('',#19005,.T.);
#19007=ADVANCED_FACE('',(#19006),#18976,.T.);
#19008=CARTESIAN_POINT('',(1428.,-852.5,5.4));
#19009=DIRECTION('',(0.,0.819231921,-0.573462344));
#19010=DIRECTION('',(1.,0.,0.));
#19011=AXIS2_PLACEMENT_3D('',#19008,#19009,#19010);
#19012=PLANE('',#19011);
#19013=ORIENTED_EDGE('',*,*,#18627,.F.);
#19014=ORIENTED_EDGE('',*,*,#18605,.F.);
#19015=ORIENTED_EDGE('',*,*,#18792,.F.);
#19016=ORIENTED_EDGE('',*,*,#19003,.F.);
#19017=EDGE_LOOP('',(#19013,#19014,#19015,#19016));
#19018=FACE_BOUND('',#19017,.T.);
#19019=ADVANCED_FACE('',(#19018),#19012,.T.);
#19020=CARTESIAN_POINT('',(1415.5,-840.,4.4));
#19021=DIRECTION('',(1.,0.,0.));
#19022=DIRECTION('',(0.,1.,0.));
#19023=AXIS2_PLACEMENT_3D('',#19020,#19021,#19022);
#19024=PLANE('',#19023);
#19025=CARTESIAN_POINT('',(1415.5,-830.9627417,6.4));
#19026=VERTEX_POINT('',#19025);
#19027=CARTESIAN_POINT('',(1415.5,-832.376955262,5.4));
#19028=DIRECTION('',(0.,0.816496581,0.577350269));
#19029=VECTOR('',#19028,1.732050807);
#19030=LINE('',#19027,#19029);
#19031=EDGE_CURVE('',#18907,#19026,#19030,.T.);
#19032=ORIENTED_EDGE('',*,*,#19031,.T.);
#19033=CARTESIAN_POINT('',(1415.5,-849.0372583,6.4));
#19034=VERTEX_POINT('',#19033);
#19035=CARTESIAN_POINT('',(1415.5,-830.9627417,6.4));
#19036=DIRECTION('',(-0.,-1.,-0.));
#19037=VECTOR('',#19036,18.0745166);
#19038=LINE('',#19035,#19037);
#19039=EDGE_CURVE('',#19026,#19034,#19038,.T.);
#19040=ORIENTED_EDGE('',*,*,#19039,.T.);
#19041=CARTESIAN_POINT('',(1415.5,-849.0372583,6.4));
#19042=DIRECTION('',(0.,0.816496581,-0.577350269));
#19043=VECTOR('',#19042,1.732050807);
#19044=LINE('',#19041,#19043);
#19045=EDGE_CURVE('',#19034,#18773,#19044,.T.);
#19046=ORIENTED_EDGE('',*,*,#19045,.T.);
#19047=CARTESIAN_POINT('',(1415.5,-847.623044738,5.4));
#19048=DIRECTION('',(0.,1.,0.));
#19049=VECTOR('',#19048,15.246089476);
#19050=LINE('',#19047,#19049);
#19051=EDGE_CURVE('',#18773,#18907,#19050,.T.);
#19052=ORIENTED_EDGE('',*,*,#19051,.T.);
#19053=EDGE_LOOP('',(#19032,#19040,#19046,#19052));
#19054=FACE_BOUND('',#19053,.T.);
#19055=ADVANCED_FACE('',(#19054),#19024,.T.);
#19056=CARTESIAN_POINT('',(1415.5,-840.,5.4));
#19057=DIRECTION('',(0.819231921,0.,-0.573462344));
#19058=DIRECTION('',(0.,-1.,0.));
#19059=AXIS2_PLACEMENT_3D('',#19056,#19057,#19058);
#19060=PLANE('',#19059);
#19061=ORIENTED_EDGE('',*,*,#18778,.F.);
#19062=ORIENTED_EDGE('',*,*,#18747,.F.);
#19063=ORIENTED_EDGE('',*,*,#18918,.F.);
#19064=ORIENTED_EDGE('',*,*,#19051,.F.);
#19065=EDGE_LOOP('',(#19061,#19062,#19063,#19064));
#19066=FACE_BOUND('',#19065,.T.);
#19067=ADVANCED_FACE('',(#19066),#19060,.T.);
#19068=CARTESIAN_POINT('',(1428.,-827.5,4.4));
#19069=DIRECTION('',(0.,-1.,0.));
#19070=DIRECTION('',(1.,0.,0.));
#19071=AXIS2_PLACEMENT_3D('',#19068,#19069,#19070);
#19072=PLANE('',#19071);
#19073=CARTESIAN_POINT('',(1437.0372583,-827.5,6.4));
#19074=VERTEX_POINT('',#19073);
#19075=CARTESIAN_POINT('',(1435.623044738,-827.5,5.4));
#19076=DIRECTION('',(0.816496581,0.,0.577350269));
#19077=VECTOR('',#19076,1.732050807);
#19078=LINE('',#19075,#19077);
#19079=EDGE_CURVE('',#18472,#19074,#19078,.T.);
#19080=ORIENTED_EDGE('',*,*,#19079,.T.);
#19081=CARTESIAN_POINT('',(1418.9627417,-827.5,6.4));
#19082=VERTEX_POINT('',#19081);
#19083=CARTESIAN_POINT('',(1437.0372583,-827.5,6.4));
#19084=DIRECTION('',(-1.,-0.,0.));
#19085=VECTOR('',#19084,18.0745166);
#19086=LINE('',#19083,#19085);
#19087=EDGE_CURVE('',#19074,#19082,#19086,.T.);
#19088=ORIENTED_EDGE('',*,*,#19087,.T.);
#19089=CARTESIAN_POINT('',(1418.9627417,-827.5,6.4));
#19090=DIRECTION('',(0.816496581,0.,-0.577350269));
#19091=VECTOR('',#19090,1.732050807);
#19092=LINE('',#19089,#19091);
#19093=EDGE_CURVE('',#19082,#18899,#19092,.T.);
#19094=ORIENTED_EDGE('',*,*,#19093,.T.);
#19095=CARTESIAN_POINT('',(1420.376955262,-827.5,5.4));
#19096=DIRECTION('',(1.,0.,-0.));
#19097=VECTOR('',#19096,15.246089476);
#19098=LINE('',#19095,#19097);
#19099=EDGE_CURVE('',#18899,#18472,#19098,.T.);
#19100=ORIENTED_EDGE('',*,*,#19099,.T.);
#19101=EDGE_LOOP('',(#19080,#19088,#19094,#19100));
#19102=FACE_BOUND('',#19101,.T.);
#19103=ADVANCED_FACE('',(#19102),#19072,.T.);
#19104=CARTESIAN_POINT('',(1428.,-827.5,5.4));
#19105=DIRECTION('',(0.,-0.819231921,-0.573462344));
#19106=DIRECTION('',(-1.,0.,0.));
#19107=AXIS2_PLACEMENT_3D('',#19104,#19105,#19106);
#19108=PLANE('',#19107);
#19109=ORIENTED_EDGE('',*,*,#18904,.F.);
#19110=ORIENTED_EDGE('',*,*,#18873,.F.);
#19111=ORIENTED_EDGE('',*,*,#18485,.F.);
#19112=ORIENTED_EDGE('',*,*,#19099,.F.);
#19113=EDGE_LOOP('',(#19109,#19110,#19111,#19112));
#19114=FACE_BOUND('',#19113,.T.);
#19115=ADVANCED_FACE('',(#19114),#19108,.T.);
#19116=CARTESIAN_POINT('',(1416.948528137,-828.948528137,0.));
#19117=DIRECTION('',(0.5,-0.5,-0.707106781));
#19118=DIRECTION('',(0.707106781,0.707106781,0.));
#19119=AXIS2_PLACEMENT_3D('',#19116,#19117,#19118);
#19120=PLANE('',#19119);
#19121=ORIENTED_EDGE('',*,*,#18811,.F.);
#19122=ORIENTED_EDGE('',*,*,#18894,.F.);
#19123=ORIENTED_EDGE('',*,*,#18685,.F.);
#19124=CARTESIAN_POINT('',(1415.5,-830.9627417,0.4));
#19125=DIRECTION('',(-0.678598344,0.281084638,-0.678598345));
#19126=VECTOR('',#19125,0.589450303);
#19127=LINE('',#19124,#19126);
#19128=EDGE_CURVE('',#18672,#875,#19127,.T.);
#19129=ORIENTED_EDGE('',*,*,#19128,.T.);
#19130=ORIENTED_EDGE('',*,*,#880,.F.);
#19131=CARTESIAN_POINT('',(1418.797056275,-827.1,0.));
#19132=DIRECTION('',(0.281084638,-0.678598344,0.678598345));
#19133=VECTOR('',#19132,0.589450303);
#19134=LINE('',#19131,#19133);
#19135=EDGE_CURVE('',#867,#18806,#19134,.T.);
#19136=ORIENTED_EDGE('',*,*,#19135,.T.);
#19137=EDGE_LOOP('',(#19121,#19122,#19123,#19129,#19130,#19136));
#19138=FACE_BOUND('',#19137,.T.);
#19139=ADVANCED_FACE('',(#19138),#19120,.T.);
#19140=CARTESIAN_POINT('',(1420.726955262,-827.15,5.4));
#19141=DIRECTION('',(-0.5,0.5,-0.707106781));
#19142=DIRECTION('',(-0.707106781,-0.707106781,0.));
#19143=AXIS2_PLACEMENT_3D('',#19140,#19141,#19142);
#19144=PLANE('',#19143);
#19145=ORIENTED_EDGE('',*,*,#19093,.F.);
#19146=CARTESIAN_POINT('',(1418.9627417,-827.5,6.4));
#19147=DIRECTION('',(-0.281084638,0.678598344,0.678598345));
#19148=VECTOR('',#19147,0.589450303);
#19149=LINE('',#19146,#19148);
#19150=EDGE_CURVE('',#19082,#2681,#19149,.T.);
#19151=ORIENTED_EDGE('',*,*,#19150,.T.);
#19152=ORIENTED_EDGE('',*,*,#2686,.F.);
#19153=CARTESIAN_POINT('',(1415.1,-830.797056275,6.8));
#19154=DIRECTION('',(0.678598344,-0.281084638,-0.678598345));
#19155=VECTOR('',#19154,0.589450303);
#19156=LINE('',#19153,#19155);
#19157=EDGE_CURVE('',#2673,#19026,#19156,.T.);
#19158=ORIENTED_EDGE('',*,*,#19157,.T.);
#19159=ORIENTED_EDGE('',*,*,#19031,.F.);
#19160=ORIENTED_EDGE('',*,*,#18912,.F.);
#19161=EDGE_LOOP('',(#19145,#19151,#19152,#19158,#19159,#19160));
#19162=FACE_BOUND('',#19161,.T.);
#19163=ADVANCED_FACE('',(#19162),#19144,.F.);
#19164=CARTESIAN_POINT('',(1435.273044738,-852.85,5.4));
#19165=DIRECTION('',(0.5,-0.5,-0.707106781));
#19166=DIRECTION('',(0.707106781,0.707106781,0.));
#19167=AXIS2_PLACEMENT_3D('',#19164,#19165,#19166);
#19168=PLANE('',#19167);
#19169=ORIENTED_EDGE('',*,*,#18997,.F.);
#19170=CARTESIAN_POINT('',(1437.0372583,-852.5,6.4));
#19171=DIRECTION('',(0.281084638,-0.678598344,0.678598345));
#19172=VECTOR('',#19171,0.589450303);
#19173=LINE('',#19170,#19172);
#19174=EDGE_CURVE('',#18986,#2713,#19173,.T.);
#19175=ORIENTED_EDGE('',*,*,#19174,.T.);
#19176=ORIENTED_EDGE('',*,*,#2718,.F.);
#19177=CARTESIAN_POINT('',(1440.9,-849.202943725,6.8));
#19178=DIRECTION('',(-0.678598344,0.281084638,-0.678598345));
#19179=VECTOR('',#19178,0.589450303);
#19180=LINE('',#19177,#19179);
#19181=EDGE_CURVE('',#2705,#18930,#19180,.T.);
#19182=ORIENTED_EDGE('',*,*,#19181,.T.);
#19183=ORIENTED_EDGE('',*,*,#18935,.F.);
#19184=ORIENTED_EDGE('',*,*,#18635,.F.);
#19185=EDGE_LOOP('',(#19169,#19175,#19176,#19182,#19183,#19184));
#19186=FACE_BOUND('',#19185,.T.);
#19187=ADVANCED_FACE('',(#19186),#19168,.F.);
#19188=CARTESIAN_POINT('',(1416.948528137,-851.051471863,0.));
#19189=DIRECTION('',(0.5,0.5,-0.707106781));
#19190=DIRECTION('',(-0.707106781,0.707106781,0.));
#19191=AXIS2_PLACEMENT_3D('',#19188,#19189,#19190);
#19192=PLANE('',#19191);
#19193=ORIENTED_EDGE('',*,*,#18669,.F.);
#19194=ORIENTED_EDGE('',*,*,#18768,.F.);
#19195=ORIENTED_EDGE('',*,*,#18543,.F.);
#19196=CARTESIAN_POINT('',(1418.9627417,-852.5,0.4));
#19197=DIRECTION('',(-0.281084638,-0.678598344,-0.678598345));
#19198=VECTOR('',#19197,0.589450303);
#19199=LINE('',#19196,#19198);
#19200=EDGE_CURVE('',#18530,#891,#19199,.T.);
#19201=ORIENTED_EDGE('',*,*,#19200,.T.);
#19202=ORIENTED_EDGE('',*,*,#896,.F.);
#19203=CARTESIAN_POINT('',(1415.1,-849.202943725,0.));
#19204=DIRECTION('',(0.678598344,0.281084638,0.678598345));
#19205=VECTOR('',#19204,0.589450303);
#19206=LINE('',#19203,#19205);
#19207=EDGE_CURVE('',#883,#18664,#19206,.T.);
#19208=ORIENTED_EDGE('',*,*,#19207,.T.);
#19209=EDGE_LOOP('',(#19193,#19194,#19195,#19201,#19202,#19208));
#19210=FACE_BOUND('',#19209,.T.);
#19211=ADVANCED_FACE('',(#19210),#19192,.T.);
#19212=CARTESIAN_POINT('',(1440.85,-832.726955262,5.4));
#19213=DIRECTION('',(0.5,0.5,-0.707106781));
#19214=DIRECTION('',(-0.707106781,0.707106781,0.));
#19215=AXIS2_PLACEMENT_3D('',#19212,#19213,#19214);
#19216=PLANE('',#19215);
#19217=ORIENTED_EDGE('',*,*,#18949,.F.);
#19218=CARTESIAN_POINT('',(1440.5,-830.9627417,6.4));
#19219=DIRECTION('',(0.678598344,0.281084638,0.678598345));
#19220=VECTOR('',#19219,0.589450303);
#19221=LINE('',#19218,#19220);
#19222=EDGE_CURVE('',#18938,#2697,#19221,.T.);
#19223=ORIENTED_EDGE('',*,*,#19222,.T.);
#19224=ORIENTED_EDGE('',*,*,#2702,.F.);
#19225=CARTESIAN_POINT('',(1437.202943725,-827.1,6.8));
#19226=DIRECTION('',(-0.281084638,-0.678598344,-0.678598345));
#19227=VECTOR('',#19226,0.589450303);
#19228=LINE('',#19225,#19227);
#19229=EDGE_CURVE('',#2689,#19074,#19228,.T.);
#19230=ORIENTED_EDGE('',*,*,#19229,.T.);
#19231=ORIENTED_EDGE('',*,*,#19079,.F.);
#19232=ORIENTED_EDGE('',*,*,#18477,.F.);
#19233=EDGE_LOOP('',(#19217,#19223,#19224,#19230,#19231,#19232));
#19234=FACE_BOUND('',#19233,.T.);
#19235=ADVANCED_FACE('',(#19234),#19216,.F.);
#19236=CARTESIAN_POINT('',(1439.051471863,-851.051471863,0.));
#19237=DIRECTION('',(-0.5,0.5,-0.707106781));
#19238=DIRECTION('',(-0.707106781,-0.707106781,0.));
#19239=AXIS2_PLACEMENT_3D('',#19236,#19237,#19238);
#19240=PLANE('',#19239);
#19241=ORIENTED_EDGE('',*,*,#18527,.F.);
#19242=ORIENTED_EDGE('',*,*,#18649,.F.);
#19243=ORIENTED_EDGE('',*,*,#18385,.F.);
#19244=CARTESIAN_POINT('',(1440.5,-849.0372583,0.4));
#19245=DIRECTION('',(0.678598344,-0.281084638,-0.678598345));
#19246=VECTOR('',#19245,0.589450303);
#19247=LINE('',#19244,#19246);
#19248=EDGE_CURVE('',#18372,#907,#19247,.T.);
#19249=ORIENTED_EDGE('',*,*,#19248,.T.);
#19250=ORIENTED_EDGE('',*,*,#912,.F.);
#19251=CARTESIAN_POINT('',(1437.202943725,-852.9,0.));
#19252=DIRECTION('',(-0.281084638,0.678598344,0.678598345));
#19253=VECTOR('',#19252,0.589450303);
#19254=LINE('',#19251,#19253);
#19255=EDGE_CURVE('',#899,#18522,#19254,.T.);
#19256=ORIENTED_EDGE('',*,*,#19255,.T.);
#19257=EDGE_LOOP('',(#19241,#19242,#19243,#19249,#19250,#19256));
#19258=FACE_BOUND('',#19257,.T.);
#19259=ADVANCED_FACE('',(#19258),#19240,.T.);
#19260=CARTESIAN_POINT('',(1439.051471863,-828.948528137,0.));
#19261=DIRECTION('',(-0.5,-0.5,-0.707106781));
#19262=DIRECTION('',(0.707106781,-0.707106781,0.));
#19263=AXIS2_PLACEMENT_3D('',#19260,#19261,#19262);
#19264=PLANE('',#19263);
#19265=ORIENTED_EDGE('',*,*,#18369,.F.);
#19266=ORIENTED_EDGE('',*,*,#18507,.F.);
#19267=ORIENTED_EDGE('',*,*,#18825,.F.);
#19268=CARTESIAN_POINT('',(1437.0372583,-827.5,0.4));
#19269=DIRECTION('',(0.281084638,0.678598344,-0.678598345));
#19270=VECTOR('',#19269,0.589450303);
#19271=LINE('',#19268,#19270);
#19272=EDGE_CURVE('',#18814,#865,#19271,.T.);
#19273=ORIENTED_EDGE('',*,*,#19272,.T.);
#19274=ORIENTED_EDGE('',*,*,#926,.F.);
#19275=CARTESIAN_POINT('',(1440.9,-830.797056275,0.));
#19276=DIRECTION('',(-0.678598344,-0.281084638,0.678598345));
#19277=VECTOR('',#19276,0.589450303);
#19278=LINE('',#19275,#19277);
#19279=EDGE_CURVE('',#915,#18364,#19278,.T.);
#19280=ORIENTED_EDGE('',*,*,#19279,.T.);
#19281=EDGE_LOOP('',(#19265,#19266,#19267,#19273,#19274,#19280));
#19282=FACE_BOUND('',#19281,.T.);
#19283=ADVANCED_FACE('',(#19282),#19264,.T.);
#19284=CARTESIAN_POINT('',(1415.15,-847.273044738,5.4));
#19285=DIRECTION('',(-0.5,-0.5,-0.707106781));
#19286=DIRECTION('',(0.707106781,-0.707106781,0.));
#19287=AXIS2_PLACEMENT_3D('',#19284,#19285,#19286);
#19288=PLANE('',#19287);
#19289=ORIENTED_EDGE('',*,*,#19045,.F.);
#19290=CARTESIAN_POINT('',(1415.5,-849.0372583,6.4));
#19291=DIRECTION('',(-0.678598344,-0.281084638,0.678598345));
#19292=VECTOR('',#19291,0.589450303);
#19293=LINE('',#19290,#19292);
#19294=EDGE_CURVE('',#19034,#2671,#19293,.T.);
#19295=ORIENTED_EDGE('',*,*,#19294,.T.);
#19296=ORIENTED_EDGE('',*,*,#2732,.F.);
#19297=CARTESIAN_POINT('',(1418.797056275,-852.9,6.8));
#19298=DIRECTION('',(0.281084638,0.678598344,-0.678598345));
#19299=VECTOR('',#19298,0.589450303);
#19300=LINE('',#19297,#19299);
#19301=EDGE_CURVE('',#2721,#18978,#19300,.T.);
#19302=ORIENTED_EDGE('',*,*,#19301,.T.);
#19303=ORIENTED_EDGE('',*,*,#18983,.F.);
#19304=ORIENTED_EDGE('',*,*,#18786,.F.);
#19305=EDGE_LOOP('',(#19289,#19295,#19296,#19302,#19303,#19304));
#19306=FACE_BOUND('',#19305,.T.);
#19307=ADVANCED_FACE('',(#19306),#19288,.F.);
#19308=CARTESIAN_POINT('',(1415.1,-840.,6.8));
#19309=DIRECTION('',(-0.707106781,0.,-0.707106781));
#19310=DIRECTION('',(0.,1.,0.));
#19311=AXIS2_PLACEMENT_3D('',#19308,#19309,#19310);
#19312=PLANE('',#19311);
#19313=ORIENTED_EDGE('',*,*,#19294,.F.);
#19314=ORIENTED_EDGE('',*,*,#19039,.F.);
#19315=ORIENTED_EDGE('',*,*,#19157,.F.);
#19316=ORIENTED_EDGE('',*,*,#2678,.F.);
#19317=EDGE_LOOP('',(#19313,#19314,#19315,#19316));
#19318=FACE_BOUND('',#19317,.T.);
#19319=ADVANCED_FACE('',(#19318),#19312,.F.);
#19320=CARTESIAN_POINT('',(1428.,-827.1,0.));
#19321=DIRECTION('',(0.,-0.707106781,-0.707106781));
#19322=DIRECTION('',(1.,0.,0.));
#19323=AXIS2_PLACEMENT_3D('',#19320,#19321,#19322);
#19324=PLANE('',#19323);
#19325=ORIENTED_EDGE('',*,*,#19272,.F.);
#19326=ORIENTED_EDGE('',*,*,#18819,.F.);
#19327=ORIENTED_EDGE('',*,*,#19135,.F.);
#19328=ORIENTED_EDGE('',*,*,#872,.F.);
#19329=EDGE_LOOP('',(#19325,#19326,#19327,#19328));
#19330=FACE_BOUND('',#19329,.T.);
#19331=ADVANCED_FACE('',(#19330),#19324,.T.);
#19332=CARTESIAN_POINT('',(1440.9,-840.,0.));
#19333=DIRECTION('',(-0.707106781,0.,-0.707106781));
#19334=DIRECTION('',(0.,-1.,0.));
#19335=AXIS2_PLACEMENT_3D('',#19332,#19333,#19334);
#19336=PLANE('',#19335);
#19337=ORIENTED_EDGE('',*,*,#19248,.F.);
#19338=ORIENTED_EDGE('',*,*,#18377,.F.);
#19339=ORIENTED_EDGE('',*,*,#19279,.F.);
#19340=ORIENTED_EDGE('',*,*,#920,.F.);
#19341=EDGE_LOOP('',(#19337,#19338,#19339,#19340));
#19342=FACE_BOUND('',#19341,.T.);
#19343=ADVANCED_FACE('',(#19342),#19336,.T.);
#19344=CARTESIAN_POINT('',(1428.,-852.9,6.8));
#19345=DIRECTION('',(0.,-0.707106781,-0.707106781));
#19346=DIRECTION('',(-1.,0.,0.));
#19347=AXIS2_PLACEMENT_3D('',#19344,#19345,#19346);
#19348=PLANE('',#19347);
#19349=ORIENTED_EDGE('',*,*,#19174,.F.);
#19350=ORIENTED_EDGE('',*,*,#18991,.F.);
#19351=ORIENTED_EDGE('',*,*,#19301,.F.);
#19352=ORIENTED_EDGE('',*,*,#2726,.F.);
#19353=EDGE_LOOP('',(#19349,#19350,#19351,#19352));
#19354=FACE_BOUND('',#19353,.T.);
#19355=ADVANCED_FACE('',(#19354),#19348,.F.);
#19356=CARTESIAN_POINT('',(1440.9,-840.,6.8));
#19357=DIRECTION('',(0.707106781,0.,-0.707106781));
#19358=DIRECTION('',(0.,-1.,0.));
#19359=AXIS2_PLACEMENT_3D('',#19356,#19357,#19358);
#19360=PLANE('',#19359);
#19361=ORIENTED_EDGE('',*,*,#19222,.F.);
#19362=ORIENTED_EDGE('',*,*,#18943,.F.);
#19363=ORIENTED_EDGE('',*,*,#19181,.F.);
#19364=ORIENTED_EDGE('',*,*,#2710,.F.);
#19365=EDGE_LOOP('',(#19361,#19362,#19363,#19364));
#19366=FACE_BOUND('',#19365,.T.);
#19367=ADVANCED_FACE('',(#19366),#19360,.F.);
#19368=CARTESIAN_POINT('',(1428.,-827.1,6.8));
#19369=DIRECTION('',(0.,0.707106781,-0.707106781));
#19370=DIRECTION('',(1.,0.,0.));
#19371=AXIS2_PLACEMENT_3D('',#19368,#19369,#19370);
#19372=PLANE('',#19371);
#19373=ORIENTED_EDGE('',*,*,#19150,.F.);
#19374=ORIENTED_EDGE('',*,*,#19087,.F.);
#19375=ORIENTED_EDGE('',*,*,#19229,.F.);
#19376=ORIENTED_EDGE('',*,*,#2694,.F.);
#19377=EDGE_LOOP('',(#19373,#19374,#19375,#19376));
#19378=FACE_BOUND('',#19377,.T.);
#19379=ADVANCED_FACE('',(#19378),#19372,.F.);
#19380=CARTESIAN_POINT('',(1415.1,-840.,0.));
#19381=DIRECTION('',(0.707106781,0.,-0.707106781));
#19382=DIRECTION('',(0.,1.,0.));
#19383=AXIS2_PLACEMENT_3D('',#19380,#19381,#19382);
#19384=PLANE('',#19383);
#19385=ORIENTED_EDGE('',*,*,#19128,.F.);
#19386=ORIENTED_EDGE('',*,*,#18677,.F.);
#19387=ORIENTED_EDGE('',*,*,#19207,.F.);
#19388=ORIENTED_EDGE('',*,*,#888,.F.);
#19389=EDGE_LOOP('',(#19385,#19386,#19387,#19388));
#19390=FACE_BOUND('',#19389,.T.);
#19391=ADVANCED_FACE('',(#19390),#19384,.T.);
#19392=CARTESIAN_POINT('',(1428.,-852.9,0.));
#19393=DIRECTION('',(0.,0.707106781,-0.707106781));
#19394=DIRECTION('',(-1.,0.,0.));
#19395=AXIS2_PLACEMENT_3D('',#19392,#19393,#19394);
#19396=PLANE('',#19395);
#19397=ORIENTED_EDGE('',*,*,#19200,.F.);
#19398=ORIENTED_EDGE('',*,*,#18535,.F.);
#19399=ORIENTED_EDGE('',*,*,#19255,.F.);
#19400=ORIENTED_EDGE('',*,*,#904,.F.);
#19401=EDGE_LOOP('',(#19397,#19398,#19399,#19400));
#19402=FACE_BOUND('',#19401,.T.);
#19403=ADVANCED_FACE('',(#19402),#19396,.T.);
#19404=CARTESIAN_POINT('',(1440.63706751,-828.1,4.6));
#19405=DIRECTION('',(0.,0.,-1.));
#19406=DIRECTION('',(-1.,0.,0.));
#19407=AXIS2_PLACEMENT_3D('',#19404,#19405,#19406);
#19408=CYLINDRICAL_SURFACE('',#19407,0.5);
#19409=ORIENTED_EDGE('',*,*,#15403,.T.);
#19410=CARTESIAN_POINT('',(1440.843880461,-828.555223465,4.6));
#19411=DIRECTION('',(0.,0.,-1.));
#19412=VECTOR('',#19411,2.4);
#19413=LINE('',#19410,#19412);
#19414=EDGE_CURVE('',#15388,#15438,#19413,.T.);
#19415=ORIENTED_EDGE('',*,*,#19414,.T.);
#19416=ORIENTED_EDGE('',*,*,#15444,.T.);
#19417=CARTESIAN_POINT('',(1440.63706751,-828.6,2.2));
#19418=DIRECTION('',(-0.,-0.,1.));
#19419=VECTOR('',#19418,2.4);
#19420=LINE('',#19417,#19419);
#19421=EDGE_CURVE('',#15430,#15397,#19420,.T.);
#19422=ORIENTED_EDGE('',*,*,#19421,.T.);
#19423=EDGE_LOOP('',(#19409,#19415,#19416,#19422));
#19424=FACE_BOUND('',#19423,.T.);
#19425=ADVANCED_FACE('',(#19424),#19408,.F.);
#19426=CARTESIAN_POINT('',(1440.125,-828.6,4.6));
#19427=DIRECTION('',(0.,1.,0.));
#19428=DIRECTION('',(0.,0.,1.));
#19429=AXIS2_PLACEMENT_3D('',#19426,#19427,#19428);
#19430=PLANE('',#19429);
#19431=ORIENTED_EDGE('',*,*,#15435,.F.);
#19432=CARTESIAN_POINT('',(1439.5,-828.6,4.6));
#19433=DIRECTION('',(0.,0.,-1.));
#19434=VECTOR('',#19433,2.4);
#19435=LINE('',#19432,#19434);
#19436=EDGE_CURVE('',#15335,#15421,#19435,.T.);
#19437=ORIENTED_EDGE('',*,*,#19436,.F.);
#19438=ORIENTED_EDGE('',*,*,#15409,.T.);
#19439=ORIENTED_EDGE('',*,*,#19421,.F.);
#19440=EDGE_LOOP('',(#19431,#19437,#19438,#19439));
#19441=FACE_BOUND('',#19440,.T.);
#19442=ADVANCED_FACE('',(#19441),#19430,.T.);
#19443=CARTESIAN_POINT('',(1442.,-831.1,4.6));
#19444=DIRECTION('',(0.,0.,-1.));
#19445=DIRECTION('',(-1.,0.,0.));
#19446=AXIS2_PLACEMENT_3D('',#19443,#19444,#19445);
#19447=CYLINDRICAL_SURFACE('',#19446,2.795084972);
#19448=ORIENTED_EDGE('',*,*,#15394,.F.);
#19449=CARTESIAN_POINT('',(1441.725442863,-828.318432388,2.2));
#19450=DIRECTION('',(-0.,-0.,1.));
#19451=VECTOR('',#19450,2.4);
#19452=LINE('',#19449,#19451);
#19453=EDGE_CURVE('',#15447,#15379,#19452,.T.);
#19454=ORIENTED_EDGE('',*,*,#19453,.F.);
#19455=ORIENTED_EDGE('',*,*,#15453,.T.);
#19456=ORIENTED_EDGE('',*,*,#19414,.F.);
#19457=EDGE_LOOP('',(#19448,#19454,#19455,#19456));
#19458=FACE_BOUND('',#19457,.T.);
#19459=ADVANCED_FACE('',(#19458),#19447,.T.);
#19460=CARTESIAN_POINT('',(1441.75,-828.567223359,4.6));
#19461=DIRECTION('',(0.,0.,-1.));
#19462=DIRECTION('',(-1.,0.,0.));
#19463=AXIS2_PLACEMENT_3D('',#19460,#19461,#19462);
#19464=CYLINDRICAL_SURFACE('',#19463,0.25);
#19465=ORIENTED_EDGE('',*,*,#15385,.T.);
#19466=ORIENTED_EDGE('',*,*,#10459,.T.);
#19467=ORIENTED_EDGE('',*,*,#15460,.T.);
#19468=ORIENTED_EDGE('',*,*,#19453,.T.);
#19469=EDGE_LOOP('',(#19465,#19466,#19467,#19468));
#19470=FACE_BOUND('',#19469,.T.);
#19471=ADVANCED_FACE('',(#19470),#19464,.T.);
#19472=CARTESIAN_POINT('',(1439.5,-854.,4.6));
#19473=DIRECTION('',(0.,0.,-1.));
#19474=DIRECTION('',(-1.,0.,0.));
#19475=AXIS2_PLACEMENT_3D('',#19472,#19473,#19474);
#19476=CYLINDRICAL_SURFACE('',#19475,2.6);
#19477=CARTESIAN_POINT('',(1436.9,-854.,2.2));
#19478=VERTEX_POINT('',#19477);
#19479=CARTESIAN_POINT('',(1436.9,-854.,4.6));
#19480=VERTEX_POINT('',#19479);
#19481=CARTESIAN_POINT('',(1436.9,-854.,2.2));
#19482=DIRECTION('',(-0.,-0.,1.));
#19483=VECTOR('',#19482,2.4);
#19484=LINE('',#19481,#19483);
#19485=EDGE_CURVE('',#19478,#19480,#19484,.T.);
#19486=ORIENTED_EDGE('',*,*,#19485,.F.);
#19487=CARTESIAN_POINT('',(1439.5,-851.4,2.2));
#19488=VERTEX_POINT('',#19487);
#19489=CARTESIAN_POINT('',(1439.5,-854.,2.2));
#19490=DIRECTION('',(-0.,-0.,1.));
#19491=DIRECTION('',(-1.,0.,0.));
#19492=AXIS2_PLACEMENT_3D('',#19489,#19490,#19491);
#19493=CIRCLE('',#19492,2.6);
#19494=EDGE_CURVE('',#19488,#19478,#19493,.T.);
#19495=ORIENTED_EDGE('',*,*,#19494,.F.);
#19496=CARTESIAN_POINT('',(1439.5,-851.4,4.6));
#19497=VERTEX_POINT('',#19496);
#19498=CARTESIAN_POINT('',(1439.5,-851.4,4.6));
#19499=DIRECTION('',(-0.,-0.,-1.));
#19500=VECTOR('',#19499,2.4);
#19501=LINE('',#19498,#19500);
#19502=EDGE_CURVE('',#19497,#19488,#19501,.T.);
#19503=ORIENTED_EDGE('',*,*,#19502,.F.);
#19504=CARTESIAN_POINT('',(1439.5,-854.,4.6));
#19505=DIRECTION('',(-0.,-0.,1.));
#19506=DIRECTION('',(-1.,0.,0.));
#19507=AXIS2_PLACEMENT_3D('',#19504,#19505,#19506);
#19508=CIRCLE('',#19507,2.6);
#19509=EDGE_CURVE('',#19497,#19480,#19508,.T.);
#19510=ORIENTED_EDGE('',*,*,#19509,.T.);
#19511=EDGE_LOOP('',(#19486,#19495,#19503,#19510));
#19512=FACE_BOUND('',#19511,.T.);
#19513=ADVANCED_FACE('',(#19512),#19476,.F.);
#19514=CARTESIAN_POINT('',(1428.,-868.,4.6));
#19515=DIRECTION('',(0.,0.,1.));
#19516=DIRECTION('',(1.,0.,0.));
#19517=AXIS2_PLACEMENT_3D('',#19514,#19515,#19516);
#19518=PLANE('',#19517);
#19519=CARTESIAN_POINT('',(1439.5,-856.6,4.6));
#19520=VERTEX_POINT('',#19519);
#19521=CARTESIAN_POINT('',(1439.5,-854.,4.6));
#19522=DIRECTION('',(-0.,-0.,1.));
#19523=DIRECTION('',(-1.,0.,0.));
#19524=AXIS2_PLACEMENT_3D('',#19521,#19522,#19523);
#19525=CIRCLE('',#19524,2.6);
#19526=EDGE_CURVE('',#19480,#19520,#19525,.T.);
#19527=ORIENTED_EDGE('',*,*,#19526,.F.);
#19528=ORIENTED_EDGE('',*,*,#19509,.F.);
#19529=CARTESIAN_POINT('',(1440.63706751,-851.4,4.6));
#19530=VERTEX_POINT('',#19529);
#19531=CARTESIAN_POINT('',(1439.5,-851.4,4.6));
#19532=DIRECTION('',(1.,0.,-0.));
#19533=VECTOR('',#19532,1.13706751);
#19534=LINE('',#19531,#19533);
#19535=EDGE_CURVE('',#19497,#19530,#19534,.T.);
#19536=ORIENTED_EDGE('',*,*,#19535,.T.);
#19537=CARTESIAN_POINT('',(1440.843880461,-851.444776535,4.6));
#19538=VERTEX_POINT('',#19537);
#19539=CARTESIAN_POINT('',(1440.63706751,-851.9,4.6));
#19540=DIRECTION('',(-0.,-0.,1.));
#19541=DIRECTION('',(-1.,0.,0.));
#19542=AXIS2_PLACEMENT_3D('',#19539,#19540,#19541);
#19543=CIRCLE('',#19542,0.5);
#19544=EDGE_CURVE('',#19538,#19530,#19543,.T.);
#19545=ORIENTED_EDGE('',*,*,#19544,.F.);
#19546=CARTESIAN_POINT('',(1441.725442863,-851.681567612,4.6));
#19547=VERTEX_POINT('',#19546);
#19548=CARTESIAN_POINT('',(1442.,-848.9,4.6));
#19549=DIRECTION('',(-0.,-0.,1.));
#19550=DIRECTION('',(-1.,0.,0.));
#19551=AXIS2_PLACEMENT_3D('',#19548,#19549,#19550);
#19552=CIRCLE('',#19551,2.795084972);
#19553=EDGE_CURVE('',#19538,#19547,#19552,.T.);
#19554=ORIENTED_EDGE('',*,*,#19553,.T.);
#19555=CARTESIAN_POINT('',(1441.75,-851.432776641,4.6));
#19556=DIRECTION('',(0.,0.,-1.));
#19557=DIRECTION('',(-1.,0.,0.));
#19558=AXIS2_PLACEMENT_3D('',#19555,#19556,#19557);
#19559=CIRCLE('',#19558,0.25);
#19560=EDGE_CURVE('',#10530,#19547,#19559,.T.);
#19561=ORIENTED_EDGE('',*,*,#19560,.F.);
#19562=ORIENTED_EDGE('',*,*,#10535,.F.);
#19563=CARTESIAN_POINT('',(1441.725442863,-856.318432388,4.6));
#19564=VERTEX_POINT('',#19563);
#19565=CARTESIAN_POINT('',(1441.75,-856.567223359,4.6));
#19566=DIRECTION('',(0.,0.,-1.));
#19567=DIRECTION('',(-1.,0.,0.));
#19568=AXIS2_PLACEMENT_3D('',#19565,#19566,#19567);
#19569=CIRCLE('',#19568,0.25);
#19570=EDGE_CURVE('',#19564,#10520,#19569,.T.);
#19571=ORIENTED_EDGE('',*,*,#19570,.F.);
#19572=CARTESIAN_POINT('',(1440.843880461,-856.555223465,4.6));
#19573=VERTEX_POINT('',#19572);
#19574=CARTESIAN_POINT('',(1442.,-859.1,4.6));
#19575=DIRECTION('',(-0.,-0.,1.));
#19576=DIRECTION('',(-1.,0.,0.));
#19577=AXIS2_PLACEMENT_3D('',#19574,#19575,#19576);
#19578=CIRCLE('',#19577,2.795084972);
#19579=EDGE_CURVE('',#19564,#19573,#19578,.T.);
#19580=ORIENTED_EDGE('',*,*,#19579,.T.);
#19581=CARTESIAN_POINT('',(1440.63706751,-856.6,4.6));
#19582=VERTEX_POINT('',#19581);
#19583=CARTESIAN_POINT('',(1440.63706751,-856.1,4.6));
#19584=DIRECTION('',(-0.,-0.,1.));
#19585=DIRECTION('',(-1.,0.,0.));
#19586=AXIS2_PLACEMENT_3D('',#19583,#19584,#19585);
#19587=CIRCLE('',#19586,0.5);
#19588=EDGE_CURVE('',#19582,#19573,#19587,.T.);
#19589=ORIENTED_EDGE('',*,*,#19588,.F.);
#19590=CARTESIAN_POINT('',(1439.5,-856.6,4.6));
#19591=DIRECTION('',(1.,0.,-0.));
#19592=VECTOR('',#19591,1.13706751);
#19593=LINE('',#19590,#19592);
#19594=EDGE_CURVE('',#19520,#19582,#19593,.T.);
#19595=ORIENTED_EDGE('',*,*,#19594,.F.);
#19596=EDGE_LOOP('',(#19527,#19528,#19536,#19545,#19554,#19561,#19562,#19571,#19580,#19589,#19595));
#19597=FACE_BOUND('',#19596,.T.);
#19598=ADVANCED_FACE('',(#19597),#19518,.F.);
#19599=CARTESIAN_POINT('',(1428.,-868.,2.2));
#19600=DIRECTION('',(0.,0.,1.));
#19601=DIRECTION('',(1.,0.,0.));
#19602=AXIS2_PLACEMENT_3D('',#19599,#19600,#19601);
#19603=PLANE('',#19602);
#19604=ORIENTED_EDGE('',*,*,#19494,.T.);
#19605=CARTESIAN_POINT('',(1439.5,-856.6,2.2));
#19606=VERTEX_POINT('',#19605);
#19607=CARTESIAN_POINT('',(1439.5,-854.,2.2));
#19608=DIRECTION('',(-0.,-0.,1.));
#19609=DIRECTION('',(-1.,0.,0.));
#19610=AXIS2_PLACEMENT_3D('',#19607,#19608,#19609);
#19611=CIRCLE('',#19610,2.6);
#19612=EDGE_CURVE('',#19478,#19606,#19611,.T.);
#19613=ORIENTED_EDGE('',*,*,#19612,.T.);
#19614=CARTESIAN_POINT('',(1440.63706751,-856.6,2.2));
#19615=VERTEX_POINT('',#19614);
#19616=CARTESIAN_POINT('',(1439.5,-856.6,2.2));
#19617=DIRECTION('',(1.,0.,-0.));
#19618=VECTOR('',#19617,1.13706751);
#19619=LINE('',#19616,#19618);
#19620=EDGE_CURVE('',#19606,#19615,#19619,.T.);
#19621=ORIENTED_EDGE('',*,*,#19620,.T.);
#19622=CARTESIAN_POINT('',(1440.843880461,-856.555223465,2.2));
#19623=VERTEX_POINT('',#19622);
#19624=CARTESIAN_POINT('',(1440.63706751,-856.1,2.2));
#19625=DIRECTION('',(0.,0.,-1.));
#19626=DIRECTION('',(-1.,0.,0.));
#19627=AXIS2_PLACEMENT_3D('',#19624,#19625,#19626);
#19628=CIRCLE('',#19627,0.5);
#19629=EDGE_CURVE('',#19623,#19615,#19628,.T.);
#19630=ORIENTED_EDGE('',*,*,#19629,.F.);
#19631=CARTESIAN_POINT('',(1441.725442863,-856.318432388,2.2));
#19632=VERTEX_POINT('',#19631);
#19633=CARTESIAN_POINT('',(1442.,-859.1,2.2));
#19634=DIRECTION('',(-0.,-0.,1.));
#19635=DIRECTION('',(-1.,0.,0.));
#19636=AXIS2_PLACEMENT_3D('',#19633,#19634,#19635);
#19637=CIRCLE('',#19636,2.795084972);
#19638=EDGE_CURVE('',#19632,#19623,#19637,.T.);
#19639=ORIENTED_EDGE('',*,*,#19638,.F.);
#19640=CARTESIAN_POINT('',(1441.75,-856.567223359,2.2));
#19641=DIRECTION('',(-0.,-0.,1.));
#19642=DIRECTION('',(-1.,0.,0.));
#19643=AXIS2_PLACEMENT_3D('',#19640,#19641,#19642);
#19644=CIRCLE('',#19643,0.25);
#19645=EDGE_CURVE('',#10522,#19632,#19644,.T.);
#19646=ORIENTED_EDGE('',*,*,#19645,.F.);
#19647=ORIENTED_EDGE('',*,*,#10549,.T.);
#19648=CARTESIAN_POINT('',(1441.725442863,-851.681567612,2.2));
#19649=VERTEX_POINT('',#19648);
#19650=CARTESIAN_POINT('',(1441.75,-851.432776641,2.2));
#19651=DIRECTION('',(-0.,-0.,1.));
#19652=DIRECTION('',(-1.,0.,0.));
#19653=AXIS2_PLACEMENT_3D('',#19650,#19651,#19652);
#19654=CIRCLE('',#19653,0.25);
#19655=EDGE_CURVE('',#19649,#10538,#19654,.T.);
#19656=ORIENTED_EDGE('',*,*,#19655,.F.);
#19657=CARTESIAN_POINT('',(1440.843880461,-851.444776535,2.2));
#19658=VERTEX_POINT('',#19657);
#19659=CARTESIAN_POINT('',(1442.,-848.9,2.2));
#19660=DIRECTION('',(-0.,-0.,1.));
#19661=DIRECTION('',(-1.,0.,0.));
#19662=AXIS2_PLACEMENT_3D('',#19659,#19660,#19661);
#19663=CIRCLE('',#19662,2.795084972);
#19664=EDGE_CURVE('',#19658,#19649,#19663,.T.);
#19665=ORIENTED_EDGE('',*,*,#19664,.F.);
#19666=CARTESIAN_POINT('',(1440.63706751,-851.4,2.2));
#19667=VERTEX_POINT('',#19666);
#19668=CARTESIAN_POINT('',(1440.63706751,-851.9,2.2));
#19669=DIRECTION('',(0.,0.,-1.));
#19670=DIRECTION('',(-1.,0.,0.));
#19671=AXIS2_PLACEMENT_3D('',#19668,#19669,#19670);
#19672=CIRCLE('',#19671,0.5);
#19673=EDGE_CURVE('',#19667,#19658,#19672,.T.);
#19674=ORIENTED_EDGE('',*,*,#19673,.F.);
#19675=CARTESIAN_POINT('',(1439.5,-851.4,2.2));
#19676=DIRECTION('',(1.,0.,-0.));
#19677=VECTOR('',#19676,1.13706751);
#19678=LINE('',#19675,#19677);
#19679=EDGE_CURVE('',#19488,#19667,#19678,.T.);
#19680=ORIENTED_EDGE('',*,*,#19679,.F.);
#19681=EDGE_LOOP('',(#19604,#19613,#19621,#19630,#19639,#19646,#19647,#19656,#19665,#19674,#19680));
#19682=FACE_BOUND('',#19681,.T.);
#19683=ADVANCED_FACE('',(#19682),#19603,.T.);
#19684=CARTESIAN_POINT('',(1440.125,-851.4,4.6));
#19685=DIRECTION('',(0.,1.,0.));
#19686=DIRECTION('',(0.,0.,1.));
#19687=AXIS2_PLACEMENT_3D('',#19684,#19685,#19686);
#19688=PLANE('',#19687);
#19689=ORIENTED_EDGE('',*,*,#19535,.F.);
#19690=ORIENTED_EDGE('',*,*,#19502,.T.);
#19691=ORIENTED_EDGE('',*,*,#19679,.T.);
#19692=CARTESIAN_POINT('',(1440.63706751,-851.4,4.6));
#19693=DIRECTION('',(0.,0.,-1.));
#19694=VECTOR('',#19693,2.4);
#19695=LINE('',#19692,#19694);
#19696=EDGE_CURVE('',#19530,#19667,#19695,.T.);
#19697=ORIENTED_EDGE('',*,*,#19696,.F.);
#19698=EDGE_LOOP('',(#19689,#19690,#19691,#19697));
#19699=FACE_BOUND('',#19698,.T.);
#19700=ADVANCED_FACE('',(#19699),#19688,.F.);
#19701=CARTESIAN_POINT('',(1440.63706751,-851.9,4.6));
#19702=DIRECTION('',(0.,0.,-1.));
#19703=DIRECTION('',(-1.,0.,0.));
#19704=AXIS2_PLACEMENT_3D('',#19701,#19702,#19703);
#19705=CYLINDRICAL_SURFACE('',#19704,0.5);
#19706=ORIENTED_EDGE('',*,*,#19544,.T.);
#19707=ORIENTED_EDGE('',*,*,#19696,.T.);
#19708=ORIENTED_EDGE('',*,*,#19673,.T.);
#19709=CARTESIAN_POINT('',(1440.843880461,-851.444776535,2.2));
#19710=DIRECTION('',(-0.,-0.,1.));
#19711=VECTOR('',#19710,2.4);
#19712=LINE('',#19709,#19711);
#19713=EDGE_CURVE('',#19658,#19538,#19712,.T.);
#19714=ORIENTED_EDGE('',*,*,#19713,.T.);
#19715=EDGE_LOOP('',(#19706,#19707,#19708,#19714));
#19716=FACE_BOUND('',#19715,.T.);
#19717=ADVANCED_FACE('',(#19716),#19705,.F.);
#19718=CARTESIAN_POINT('',(1442.,-848.9,4.6));
#19719=DIRECTION('',(0.,0.,-1.));
#19720=DIRECTION('',(-1.,0.,0.));
#19721=AXIS2_PLACEMENT_3D('',#19718,#19719,#19720);
#19722=CYLINDRICAL_SURFACE('',#19721,2.795084972);
#19723=ORIENTED_EDGE('',*,*,#19664,.T.);
#19724=CARTESIAN_POINT('',(1441.725442863,-851.681567612,4.6));
#19725=DIRECTION('',(0.,0.,-1.));
#19726=VECTOR('',#19725,2.4);
#19727=LINE('',#19724,#19726);
#19728=EDGE_CURVE('',#19547,#19649,#19727,.T.);
#19729=ORIENTED_EDGE('',*,*,#19728,.F.);
#19730=ORIENTED_EDGE('',*,*,#19553,.F.);
#19731=ORIENTED_EDGE('',*,*,#19713,.F.);
#19732=EDGE_LOOP('',(#19723,#19729,#19730,#19731));
#19733=FACE_BOUND('',#19732,.T.);
#19734=ADVANCED_FACE('',(#19733),#19722,.T.);
#19735=CARTESIAN_POINT('',(1441.75,-851.432776641,4.6));
#19736=DIRECTION('',(0.,0.,-1.));
#19737=DIRECTION('',(-1.,0.,0.));
#19738=AXIS2_PLACEMENT_3D('',#19735,#19736,#19737);
#19739=CYLINDRICAL_SURFACE('',#19738,0.25);
#19740=ORIENTED_EDGE('',*,*,#19560,.T.);
#19741=ORIENTED_EDGE('',*,*,#19728,.T.);
#19742=ORIENTED_EDGE('',*,*,#19655,.T.);
#19743=ORIENTED_EDGE('',*,*,#10543,.T.);
#19744=EDGE_LOOP('',(#19740,#19741,#19742,#19743));
#19745=FACE_BOUND('',#19744,.T.);
#19746=ADVANCED_FACE('',(#19745),#19739,.T.);
#19747=CARTESIAN_POINT('',(1412.5,-868.,2.4));
#19748=DIRECTION('',(-1.,0.,0.));
#19749=DIRECTION('',(0.,-1.,0.));
#19750=AXIS2_PLACEMENT_3D('',#19747,#19748,#19749);
#19751=PLANE('',#19750);
#19752=CARTESIAN_POINT('',(1412.5,-860.376955262,1.4));
#19753=VERTEX_POINT('',#19752);
#19754=CARTESIAN_POINT('',(1412.5,-858.9627417,0.4));
#19755=VERTEX_POINT('',#19754);
#19756=CARTESIAN_POINT('',(1412.5,-860.376955262,1.4));
#19757=DIRECTION('',(0.,0.816496581,-0.577350269));
#19758=VECTOR('',#19757,1.732050807);
#19759=LINE('',#19756,#19758);
#19760=EDGE_CURVE('',#19753,#19755,#19759,.T.);
#19761=ORIENTED_EDGE('',*,*,#19760,.T.);
#19762=CARTESIAN_POINT('',(1412.5,-877.0372583,0.4));
#19763=VERTEX_POINT('',#19762);
#19764=CARTESIAN_POINT('',(1412.5,-858.9627417,0.4));
#19765=DIRECTION('',(0.,-1.,0.));
#19766=VECTOR('',#19765,18.0745166);
#19767=LINE('',#19764,#19766);
#19768=EDGE_CURVE('',#19755,#19763,#19767,.T.);
#19769=ORIENTED_EDGE('',*,*,#19768,.T.);
#19770=CARTESIAN_POINT('',(1412.5,-875.623044738,1.4));
#19771=VERTEX_POINT('',#19770);
#19772=CARTESIAN_POINT('',(1412.5,-877.0372583,0.4));
#19773=DIRECTION('',(0.,0.816496581,0.577350269));
#19774=VECTOR('',#19773,1.732050807);
#19775=LINE('',#19772,#19774);
#19776=EDGE_CURVE('',#19763,#19771,#19775,.T.);
#19777=ORIENTED_EDGE('',*,*,#19776,.T.);
#19778=CARTESIAN_POINT('',(1412.5,-875.623044738,1.4));
#19779=DIRECTION('',(-0.,1.,-0.));
#19780=VECTOR('',#19779,15.246089476);
#19781=LINE('',#19778,#19780);
#19782=EDGE_CURVE('',#19771,#19753,#19781,.T.);
#19783=ORIENTED_EDGE('',*,*,#19782,.T.);
#19784=EDGE_LOOP('',(#19761,#19769,#19777,#19783));
#19785=FACE_BOUND('',#19784,.T.);
#19786=ADVANCED_FACE('',(#19785),#19751,.T.);
#19787=CARTESIAN_POINT('',(1412.5,-868.,1.4));
#19788=DIRECTION('',(0.819231921,0.,-0.573462344));
#19789=DIRECTION('',(0.,1.,0.));
#19790=AXIS2_PLACEMENT_3D('',#19787,#19788,#19789);
#19791=PLANE('',#19790);
#19792=CARTESIAN_POINT('',(1413.2,-874.923044738,2.4));
#19793=VERTEX_POINT('',#19792);
#19794=CARTESIAN_POINT('',(1413.2,-874.923044738,2.4));
#19795=DIRECTION('',(-0.497468338,-0.497468338,-0.710669055));
#19796=VECTOR('',#19795,1.407124728);
#19797=LINE('',#19794,#19796);
#19798=EDGE_CURVE('',#19793,#19771,#19797,.T.);
#19799=ORIENTED_EDGE('',*,*,#19798,.F.);
#19800=CARTESIAN_POINT('',(1413.2,-861.076955262,2.4));
#19801=VERTEX_POINT('',#19800);
#19802=CARTESIAN_POINT('',(1413.199999999,-874.923044738,2.4));
#19803=DIRECTION('',(0.,1.,0.));
#19804=VECTOR('',#19803,13.846089476);
#19805=LINE('',#19802,#19804);
#19806=EDGE_CURVE('',#19793,#19801,#19805,.T.);
#19807=ORIENTED_EDGE('',*,*,#19806,.T.);
#19808=CARTESIAN_POINT('',(1412.5,-860.376955262,1.4));
#19809=DIRECTION('',(0.497468338,-0.497468338,0.710669055));
#19810=VECTOR('',#19809,1.407124728);
#19811=LINE('',#19808,#19810);
#19812=EDGE_CURVE('',#19753,#19801,#19811,.T.);
#19813=ORIENTED_EDGE('',*,*,#19812,.F.);
#19814=ORIENTED_EDGE('',*,*,#19782,.F.);
#19815=EDGE_LOOP('',(#19799,#19807,#19813,#19814));
#19816=FACE_BOUND('',#19815,.T.);
#19817=ADVANCED_FACE('',(#19816),#19791,.F.);
#19818=CARTESIAN_POINT('',(1413.2,-868.,6.8));
#19819=DIRECTION('',(-1.,0.,0.));
#19820=DIRECTION('',(0.,-1.,0.));
#19821=AXIS2_PLACEMENT_3D('',#19818,#19819,#19820);
#19822=PLANE('',#19821);
#19823=ORIENTED_EDGE('',*,*,#19806,.F.);
#19824=CARTESIAN_POINT('',(1413.2,-874.923044738,4.4));
#19825=VERTEX_POINT('',#19824);
#19826=CARTESIAN_POINT('',(1413.2,-874.923044738,4.4));
#19827=DIRECTION('',(-0.,-0.,-1.));
#19828=VECTOR('',#19827,2.);
#19829=LINE('',#19826,#19828);
#19830=EDGE_CURVE('',#19825,#19793,#19829,.T.);
#19831=ORIENTED_EDGE('',*,*,#19830,.F.);
#19832=CARTESIAN_POINT('',(1413.2,-861.076955262,4.4));
#19833=VERTEX_POINT('',#19832);
#19834=CARTESIAN_POINT('',(1413.2,-874.923044738,4.4));
#19835=DIRECTION('',(-0.,1.,-0.));
#19836=VECTOR('',#19835,13.846089476);
#19837=LINE('',#19834,#19836);
#19838=EDGE_CURVE('',#19825,#19833,#19837,.T.);
#19839=ORIENTED_EDGE('',*,*,#19838,.T.);
#19840=CARTESIAN_POINT('',(1413.2,-861.076955262,4.4));
#19841=DIRECTION('',(-0.,-0.,-1.));
#19842=VECTOR('',#19841,2.);
#19843=LINE('',#19840,#19842);
#19844=EDGE_CURVE('',#19833,#19801,#19843,.T.);
#19845=ORIENTED_EDGE('',*,*,#19844,.T.);
#19846=EDGE_LOOP('',(#19823,#19831,#19839,#19845));
#19847=FACE_BOUND('',#19846,.T.);
#19848=ADVANCED_FACE('',(#19847),#19822,.T.);
#19849=CARTESIAN_POINT('',(1412.85,-860.726955262,6.8));
#19850=DIRECTION('',(-0.707106781,-0.707106781,0.));
#19851=DIRECTION('',(0.707106781,-0.707106781,0.));
#19852=AXIS2_PLACEMENT_3D('',#19849,#19850,#19851);
#19853=PLANE('',#19852);
#19854=CARTESIAN_POINT('',(1412.5,-860.376955262,5.4));
#19855=VERTEX_POINT('',#19854);
#19856=CARTESIAN_POINT('',(1413.2,-861.076955262,4.4));
#19857=DIRECTION('',(-0.497468338,0.497468338,0.710669055));
#19858=VECTOR('',#19857,1.407124728);
#19859=LINE('',#19856,#19858);
#19860=EDGE_CURVE('',#19833,#19855,#19859,.T.);
#19861=ORIENTED_EDGE('',*,*,#19860,.T.);
#19862=CARTESIAN_POINT('',(1407.623044738,-855.5,5.4));
#19863=VERTEX_POINT('',#19862);
#19864=CARTESIAN_POINT('',(1412.5,-860.376955262,5.4));
#19865=DIRECTION('',(-0.707106781,0.707106781,-0.));
#19866=VECTOR('',#19865,6.897056275);
#19867=LINE('',#19864,#19866);
#19868=EDGE_CURVE('',#19855,#19863,#19867,.T.);
#19869=ORIENTED_EDGE('',*,*,#19868,.T.);
#19870=CARTESIAN_POINT('',(1406.923044738,-854.8,4.4));
#19871=VERTEX_POINT('',#19870);
#19872=CARTESIAN_POINT('',(1407.623044738,-855.5,5.4));
#19873=DIRECTION('',(-0.497468338,0.497468338,-0.710669055));
#19874=VECTOR('',#19873,1.407124728);
#19875=LINE('',#19872,#19874);
#19876=EDGE_CURVE('',#19863,#19871,#19875,.T.);
#19877=ORIENTED_EDGE('',*,*,#19876,.T.);
#19878=CARTESIAN_POINT('',(1406.923044738,-854.8,2.4));
#19879=VERTEX_POINT('',#19878);
#19880=CARTESIAN_POINT('',(1406.923044738,-854.8,4.4));
#19881=DIRECTION('',(-0.,-0.,-1.));
#19882=VECTOR('',#19881,2.);
#19883=LINE('',#19880,#19882);
#19884=EDGE_CURVE('',#19871,#19879,#19883,.T.);
#19885=ORIENTED_EDGE('',*,*,#19884,.T.);
#19886=CARTESIAN_POINT('',(1407.623044738,-855.5,1.4));
#19887=VERTEX_POINT('',#19886);
#19888=CARTESIAN_POINT('',(1406.923044738,-854.8,2.4));
#19889=DIRECTION('',(0.497468338,-0.497468338,-0.710669055));
#19890=VECTOR('',#19889,1.407124728);
#19891=LINE('',#19888,#19890);
#19892=EDGE_CURVE('',#19879,#19887,#19891,.T.);
#19893=ORIENTED_EDGE('',*,*,#19892,.T.);
#19894=CARTESIAN_POINT('',(1407.623044738,-855.5,1.4));
#19895=DIRECTION('',(0.707106781,-0.707106781,0.));
#19896=VECTOR('',#19895,6.897056275);
#19897=LINE('',#19894,#19896);
#19898=EDGE_CURVE('',#19887,#19753,#19897,.T.);
#19899=ORIENTED_EDGE('',*,*,#19898,.T.);
#19900=ORIENTED_EDGE('',*,*,#19812,.T.);
#19901=ORIENTED_EDGE('',*,*,#19844,.F.);
#19902=EDGE_LOOP('',(#19861,#19869,#19877,#19885,#19893,#19899,#19900,#19901));
#19903=FACE_BOUND('',#19902,.T.);
#19904=ADVANCED_FACE('',(#19903),#19853,.T.);
#19905=CARTESIAN_POINT('',(1400.,-880.5,2.4));
#19906=DIRECTION('',(0.,1.,0.));
#19907=DIRECTION('',(-1.,0.,0.));
#19908=AXIS2_PLACEMENT_3D('',#19905,#19906,#19907);
#19909=PLANE('',#19908);
#19910=CARTESIAN_POINT('',(1407.623044738,-880.5,1.4));
#19911=VERTEX_POINT('',#19910);
#19912=CARTESIAN_POINT('',(1409.0372583,-880.5,0.4));
#19913=VERTEX_POINT('',#19912);
#19914=CARTESIAN_POINT('',(1407.623044738,-880.5,1.4));
#19915=DIRECTION('',(0.816496581,0.,-0.577350269));
#19916=VECTOR('',#19915,1.732050807);
#19917=LINE('',#19914,#19916);
#19918=EDGE_CURVE('',#19911,#19913,#19917,.T.);
#19919=ORIENTED_EDGE('',*,*,#19918,.T.);
#19920=CARTESIAN_POINT('',(1390.9627417,-880.5,0.4));
#19921=VERTEX_POINT('',#19920);
#19922=CARTESIAN_POINT('',(1409.0372583,-880.5,0.4));
#19923=DIRECTION('',(-1.,0.,0.));
#19924=VECTOR('',#19923,18.0745166);
#19925=LINE('',#19922,#19924);
#19926=EDGE_CURVE('',#19913,#19921,#19925,.T.);
#19927=ORIENTED_EDGE('',*,*,#19926,.T.);
#19928=CARTESIAN_POINT('',(1392.376955262,-880.5,1.4));
#19929=VERTEX_POINT('',#19928);
#19930=CARTESIAN_POINT('',(1390.9627417,-880.5,0.4));
#19931=DIRECTION('',(0.816496581,0.,0.577350269));
#19932=VECTOR('',#19931,1.732050807);
#19933=LINE('',#19930,#19932);
#19934=EDGE_CURVE('',#19921,#19929,#19933,.T.);
#19935=ORIENTED_EDGE('',*,*,#19934,.T.);
#19936=CARTESIAN_POINT('',(1392.376955262,-880.5,1.4));
#19937=DIRECTION('',(1.,-0.,-0.));
#19938=VECTOR('',#19937,15.246089476);
#19939=LINE('',#19936,#19938);
#19940=EDGE_CURVE('',#19929,#19911,#19939,.T.);
#19941=ORIENTED_EDGE('',*,*,#19940,.T.);
#19942=EDGE_LOOP('',(#19919,#19927,#19935,#19941));
#19943=FACE_BOUND('',#19942,.T.);
#19944=ADVANCED_FACE('',(#19943),#19909,.T.);
#19945=CARTESIAN_POINT('',(1400.,-880.5,1.4));
#19946=DIRECTION('',(0.,-0.819231921,-0.573462344));
#19947=DIRECTION('',(1.,0.,0.));
#19948=AXIS2_PLACEMENT_3D('',#19945,#19946,#19947);
#19949=PLANE('',#19948);
#19950=CARTESIAN_POINT('',(1393.076955262,-881.2,2.4));
#19951=VERTEX_POINT('',#19950);
#19952=CARTESIAN_POINT('',(1393.076955262,-881.2,2.4));
#19953=DIRECTION('',(-0.497468338,0.497468338,-0.710669055));
#19954=VECTOR('',#19953,1.407124728);
#19955=LINE('',#19952,#19954);
#19956=EDGE_CURVE('',#19951,#19929,#19955,.T.);
#19957=ORIENTED_EDGE('',*,*,#19956,.F.);
#19958=CARTESIAN_POINT('',(1406.923044738,-881.2,2.4));
#19959=VERTEX_POINT('',#19958);
#19960=CARTESIAN_POINT('',(1393.076955262,-881.199999999,2.4));
#19961=DIRECTION('',(1.,0.,-0.));
#19962=VECTOR('',#19961,13.846089476);
#19963=LINE('',#19960,#19962);
#19964=EDGE_CURVE('',#19951,#19959,#19963,.T.);
#19965=ORIENTED_EDGE('',*,*,#19964,.T.);
#19966=CARTESIAN_POINT('',(1407.623044738,-880.5,1.4));
#19967=DIRECTION('',(-0.497468338,-0.497468338,0.710669055));
#19968=VECTOR('',#19967,1.407124728);
#19969=LINE('',#19966,#19968);
#19970=EDGE_CURVE('',#19911,#19959,#19969,.T.);
#19971=ORIENTED_EDGE('',*,*,#19970,.F.);
#19972=ORIENTED_EDGE('',*,*,#19940,.F.);
#19973=EDGE_LOOP('',(#19957,#19965,#19971,#19972));
#19974=FACE_BOUND('',#19973,.T.);
#19975=ADVANCED_FACE('',(#19974),#19949,.F.);
#19976=CARTESIAN_POINT('',(1400.,-881.2,6.8));
#19977=DIRECTION('',(0.,1.,0.));
#19978=DIRECTION('',(-1.,0.,0.));
#19979=AXIS2_PLACEMENT_3D('',#19976,#19977,#19978);
#19980=PLANE('',#19979);
#19981=ORIENTED_EDGE('',*,*,#19964,.F.);
#19982=CARTESIAN_POINT('',(1393.076955262,-881.2,4.4));
#19983=VERTEX_POINT('',#19982);
#19984=CARTESIAN_POINT('',(1393.076955262,-881.2,4.4));
#19985=DIRECTION('',(-0.,-0.,-1.));
#19986=VECTOR('',#19985,2.);
#19987=LINE('',#19984,#19986);
#19988=EDGE_CURVE('',#19983,#19951,#19987,.T.);
#19989=ORIENTED_EDGE('',*,*,#19988,.F.);
#19990=CARTESIAN_POINT('',(1406.923044738,-881.2,4.4));
#19991=VERTEX_POINT('',#19990);
#19992=CARTESIAN_POINT('',(1393.076955262,-881.2,4.4));
#19993=DIRECTION('',(1.,-0.,-0.));
#19994=VECTOR('',#19993,13.846089476);
#19995=LINE('',#19992,#19994);
#19996=EDGE_CURVE('',#19983,#19991,#19995,.T.);
#19997=ORIENTED_EDGE('',*,*,#19996,.T.);
#19998=CARTESIAN_POINT('',(1406.923044738,-881.2,4.4));
#19999=DIRECTION('',(-0.,-0.,-1.));
#20000=VECTOR('',#19999,2.);
#20001=LINE('',#19998,#20000);
#20002=EDGE_CURVE('',#19991,#19959,#20001,.T.);
#20003=ORIENTED_EDGE('',*,*,#20002,.T.);
#20004=EDGE_LOOP('',(#19981,#19989,#19997,#20003));
#20005=FACE_BOUND('',#20004,.T.);
#20006=ADVANCED_FACE('',(#20005),#19980,.T.);
#20007=CARTESIAN_POINT('',(1407.273044738,-880.85,6.8));
#20008=DIRECTION('',(-0.707106781,0.707106781,0.));
#20009=DIRECTION('',(-0.707106781,-0.707106781,0.));
#20010=AXIS2_PLACEMENT_3D('',#20007,#20008,#20009);
#20011=PLANE('',#20010);
#20012=CARTESIAN_POINT('',(1407.623044738,-880.5,5.4));
#20013=VERTEX_POINT('',#20012);
#20014=CARTESIAN_POINT('',(1406.923044738,-881.2,4.4));
#20015=DIRECTION('',(0.497468338,0.497468338,0.710669055));
#20016=VECTOR('',#20015,1.407124728);
#20017=LINE('',#20014,#20016);
#20018=EDGE_CURVE('',#19991,#20013,#20017,.T.);
#20019=ORIENTED_EDGE('',*,*,#20018,.T.);
#20020=CARTESIAN_POINT('',(1412.5,-875.623044738,5.4));
#20021=VERTEX_POINT('',#20020);
#20022=CARTESIAN_POINT('',(1407.623044738,-880.5,5.4));
#20023=DIRECTION('',(0.707106781,0.707106781,-0.));
#20024=VECTOR('',#20023,6.897056275);
#20025=LINE('',#20022,#20024);
#20026=EDGE_CURVE('',#20013,#20021,#20025,.T.);
#20027=ORIENTED_EDGE('',*,*,#20026,.T.);
#20028=CARTESIAN_POINT('',(1412.5,-875.623044738,5.4));
#20029=DIRECTION('',(0.497468338,0.497468338,-0.710669055));
#20030=VECTOR('',#20029,1.407124728);
#20031=LINE('',#20028,#20030);
#20032=EDGE_CURVE('',#20021,#19825,#20031,.T.);
#20033=ORIENTED_EDGE('',*,*,#20032,.T.);
#20034=ORIENTED_EDGE('',*,*,#19830,.T.);
#20035=ORIENTED_EDGE('',*,*,#19798,.T.);
#20036=CARTESIAN_POINT('',(1412.5,-875.623044738,1.4));
#20037=DIRECTION('',(-0.707106781,-0.707106781,0.));
#20038=VECTOR('',#20037,6.897056275);
#20039=LINE('',#20036,#20038);
#20040=EDGE_CURVE('',#19771,#19911,#20039,.T.);
#20041=ORIENTED_EDGE('',*,*,#20040,.T.);
#20042=ORIENTED_EDGE('',*,*,#19970,.T.);
#20043=ORIENTED_EDGE('',*,*,#20002,.F.);
#20044=EDGE_LOOP('',(#20019,#20027,#20033,#20034,#20035,#20041,#20042,#20043));
#20045=FACE_BOUND('',#20044,.T.);
#20046=ADVANCED_FACE('',(#20045),#20011,.T.);
#20047=CARTESIAN_POINT('',(1387.5,-868.,2.4));
#20048=DIRECTION('',(1.,0.,0.));
#20049=DIRECTION('',(0.,1.,0.));
#20050=AXIS2_PLACEMENT_3D('',#20047,#20048,#20049);
#20051=PLANE('',#20050);
#20052=CARTESIAN_POINT('',(1387.5,-875.623044738,1.4));
#20053=VERTEX_POINT('',#20052);
#20054=CARTESIAN_POINT('',(1387.5,-877.0372583,0.4));
#20055=VERTEX_POINT('',#20054);
#20056=CARTESIAN_POINT('',(1387.5,-875.623044738,1.4));
#20057=DIRECTION('',(0.,-0.816496581,-0.577350269));
#20058=VECTOR('',#20057,1.732050807);
#20059=LINE('',#20056,#20058);
#20060=EDGE_CURVE('',#20053,#20055,#20059,.T.);
#20061=ORIENTED_EDGE('',*,*,#20060,.T.);
#20062=CARTESIAN_POINT('',(1387.5,-858.9627417,0.4));
#20063=VERTEX_POINT('',#20062);
#20064=CARTESIAN_POINT('',(1387.5,-877.0372583,0.4));
#20065=DIRECTION('',(0.,1.,0.));
#20066=VECTOR('',#20065,18.0745166);
#20067=LINE('',#20064,#20066);
#20068=EDGE_CURVE('',#20055,#20063,#20067,.T.);
#20069=ORIENTED_EDGE('',*,*,#20068,.T.);
#20070=CARTESIAN_POINT('',(1387.5,-860.376955262,1.4));
#20071=VERTEX_POINT('',#20070);
#20072=CARTESIAN_POINT('',(1387.5,-858.9627417,0.4));
#20073=DIRECTION('',(0.,-0.816496581,0.577350269));
#20074=VECTOR('',#20073,1.732050807);
#20075=LINE('',#20072,#20074);
#20076=EDGE_CURVE('',#20063,#20071,#20075,.T.);
#20077=ORIENTED_EDGE('',*,*,#20076,.T.);
#20078=CARTESIAN_POINT('',(1387.5,-860.376955262,1.4));
#20079=DIRECTION('',(-0.,-1.,-0.));
#20080=VECTOR('',#20079,15.246089476);
#20081=LINE('',#20078,#20080);
#20082=EDGE_CURVE('',#20071,#20053,#20081,.T.);
#20083=ORIENTED_EDGE('',*,*,#20082,.T.);
#20084=EDGE_LOOP('',(#20061,#20069,#20077,#20083));
#20085=FACE_BOUND('',#20084,.T.);
#20086=ADVANCED_FACE('',(#20085),#20051,.T.);
#20087=CARTESIAN_POINT('',(1387.5,-868.,1.4));
#20088=DIRECTION('',(-0.819231921,0.,-0.573462344));
#20089=DIRECTION('',(0.,-1.,0.));
#20090=AXIS2_PLACEMENT_3D('',#20087,#20088,#20089);
#20091=PLANE('',#20090);
#20092=CARTESIAN_POINT('',(1386.8,-861.076955262,2.4));
#20093=VERTEX_POINT('',#20092);
#20094=CARTESIAN_POINT('',(1386.8,-861.076955262,2.4));
#20095=DIRECTION('',(0.497468338,0.497468338,-0.710669055));
#20096=VECTOR('',#20095,1.407124728);
#20097=LINE('',#20094,#20096);
#20098=EDGE_CURVE('',#20093,#20071,#20097,.T.);
#20099=ORIENTED_EDGE('',*,*,#20098,.F.);
#20100=CARTESIAN_POINT('',(1386.8,-874.923044738,2.4));
#20101=VERTEX_POINT('',#20100);
#20102=CARTESIAN_POINT('',(1386.800000001,-861.076955262,2.4));
#20103=DIRECTION('',(0.,-1.,0.));
#20104=VECTOR('',#20103,13.846089476);
#20105=LINE('',#20102,#20104);
#20106=EDGE_CURVE('',#20093,#20101,#20105,.T.);
#20107=ORIENTED_EDGE('',*,*,#20106,.T.);
#20108=CARTESIAN_POINT('',(1387.5,-875.623044738,1.4));
#20109=DIRECTION('',(-0.497468338,0.497468338,0.710669055));
#20110=VECTOR('',#20109,1.407124728);
#20111=LINE('',#20108,#20110);
#20112=EDGE_CURVE('',#20053,#20101,#20111,.T.);
#20113=ORIENTED_EDGE('',*,*,#20112,.F.);
#20114=ORIENTED_EDGE('',*,*,#20082,.F.);
#20115=EDGE_LOOP('',(#20099,#20107,#20113,#20114));
#20116=FACE_BOUND('',#20115,.T.);
#20117=ADVANCED_FACE('',(#20116),#20091,.F.);
#20118=CARTESIAN_POINT('',(1386.8,-868.,6.8));
#20119=DIRECTION('',(1.,0.,0.));
#20120=DIRECTION('',(0.,1.,0.));
#20121=AXIS2_PLACEMENT_3D('',#20118,#20119,#20120);
#20122=PLANE('',#20121);
#20123=ORIENTED_EDGE('',*,*,#20106,.F.);
#20124=CARTESIAN_POINT('',(1386.8,-861.076955262,4.4));
#20125=VERTEX_POINT('',#20124);
#20126=CARTESIAN_POINT('',(1386.8,-861.076955262,4.4));
#20127=DIRECTION('',(-0.,-0.,-1.));
#20128=VECTOR('',#20127,2.);
#20129=LINE('',#20126,#20128);
#20130=EDGE_CURVE('',#20125,#20093,#20129,.T.);
#20131=ORIENTED_EDGE('',*,*,#20130,.F.);
#20132=CARTESIAN_POINT('',(1386.8,-874.923044738,4.4));
#20133=VERTEX_POINT('',#20132);
#20134=CARTESIAN_POINT('',(1386.8,-861.076955262,4.4));
#20135=DIRECTION('',(-0.,-1.,-0.));
#20136=VECTOR('',#20135,13.846089476);
#20137=LINE('',#20134,#20136);
#20138=EDGE_CURVE('',#20125,#20133,#20137,.T.);
#20139=ORIENTED_EDGE('',*,*,#20138,.T.);
#20140=CARTESIAN_POINT('',(1386.8,-874.923044738,4.4));
#20141=DIRECTION('',(-0.,-0.,-1.));
#20142=VECTOR('',#20141,2.);
#20143=LINE('',#20140,#20142);
#20144=EDGE_CURVE('',#20133,#20101,#20143,.T.);
#20145=ORIENTED_EDGE('',*,*,#20144,.T.);
#20146=EDGE_LOOP('',(#20123,#20131,#20139,#20145));
#20147=FACE_BOUND('',#20146,.T.);
#20148=ADVANCED_FACE('',(#20147),#20122,.T.);
#20149=CARTESIAN_POINT('',(1387.15,-875.273044738,6.8));
#20150=DIRECTION('',(0.707106781,0.707106781,0.));
#20151=DIRECTION('',(-0.707106781,0.707106781,0.));
#20152=AXIS2_PLACEMENT_3D('',#20149,#20150,#20151);
#20153=PLANE('',#20152);
#20154=ORIENTED_EDGE('',*,*,#19956,.T.);
#20155=CARTESIAN_POINT('',(1392.376955262,-880.5,1.4));
#20156=DIRECTION('',(-0.707106781,0.707106781,0.));
#20157=VECTOR('',#20156,6.897056275);
#20158=LINE('',#20155,#20157);
#20159=EDGE_CURVE('',#19929,#20053,#20158,.T.);
#20160=ORIENTED_EDGE('',*,*,#20159,.T.);
#20161=ORIENTED_EDGE('',*,*,#20112,.T.);
#20162=ORIENTED_EDGE('',*,*,#20144,.F.);
#20163=CARTESIAN_POINT('',(1387.5,-875.623044738,5.4));
#20164=VERTEX_POINT('',#20163);
#20165=CARTESIAN_POINT('',(1386.8,-874.923044738,4.4));
#20166=DIRECTION('',(0.497468338,-0.497468338,0.710669055));
#20167=VECTOR('',#20166,1.407124728);
#20168=LINE('',#20165,#20167);
#20169=EDGE_CURVE('',#20133,#20164,#20168,.T.);
#20170=ORIENTED_EDGE('',*,*,#20169,.T.);
#20171=CARTESIAN_POINT('',(1392.376955262,-880.5,5.4));
#20172=VERTEX_POINT('',#20171);
#20173=CARTESIAN_POINT('',(1387.5,-875.623044738,5.4));
#20174=DIRECTION('',(0.707106781,-0.707106781,-0.));
#20175=VECTOR('',#20174,6.897056275);
#20176=LINE('',#20173,#20175);
#20177=EDGE_CURVE('',#20164,#20172,#20176,.T.);
#20178=ORIENTED_EDGE('',*,*,#20177,.T.);
#20179=CARTESIAN_POINT('',(1392.376955262,-880.5,5.4));
#20180=DIRECTION('',(0.497468338,-0.497468338,-0.710669055));
#20181=VECTOR('',#20180,1.407124728);
#20182=LINE('',#20179,#20181);
#20183=EDGE_CURVE('',#20172,#19983,#20182,.T.);
#20184=ORIENTED_EDGE('',*,*,#20183,.T.);
#20185=ORIENTED_EDGE('',*,*,#19988,.T.);
#20186=EDGE_LOOP('',(#20154,#20160,#20161,#20162,#20170,#20178,#20184,#20185));
#20187=FACE_BOUND('',#20186,.T.);
#20188=ADVANCED_FACE('',(#20187),#20153,.T.);
#20189=CARTESIAN_POINT('',(1400.,-855.5,2.4));
#20190=DIRECTION('',(0.,-1.,0.));
#20191=DIRECTION('',(1.,0.,0.));
#20192=AXIS2_PLACEMENT_3D('',#20189,#20190,#20191);
#20193=PLANE('',#20192);
#20194=CARTESIAN_POINT('',(1392.376955262,-855.5,1.4));
#20195=VERTEX_POINT('',#20194);
#20196=CARTESIAN_POINT('',(1390.9627417,-855.5,0.4));
#20197=VERTEX_POINT('',#20196);
#20198=CARTESIAN_POINT('',(1392.376955262,-855.5,1.4));
#20199=DIRECTION('',(-0.816496581,0.,-0.577350269));
#20200=VECTOR('',#20199,1.732050807);
#20201=LINE('',#20198,#20200);
#20202=EDGE_CURVE('',#20195,#20197,#20201,.T.);
#20203=ORIENTED_EDGE('',*,*,#20202,.T.);
#20204=CARTESIAN_POINT('',(1409.0372583,-855.5,0.4));
#20205=VERTEX_POINT('',#20204);
#20206=CARTESIAN_POINT('',(1390.9627417,-855.5,0.4));
#20207=DIRECTION('',(1.,0.,-0.));
#20208=VECTOR('',#20207,18.0745166);
#20209=LINE('',#20206,#20208);
#20210=EDGE_CURVE('',#20197,#20205,#20209,.T.);
#20211=ORIENTED_EDGE('',*,*,#20210,.T.);
#20212=CARTESIAN_POINT('',(1409.0372583,-855.5,0.4));
#20213=DIRECTION('',(-0.816496581,0.,0.577350269));
#20214=VECTOR('',#20213,1.732050807);
#20215=LINE('',#20212,#20214);
#20216=EDGE_CURVE('',#20205,#19887,#20215,.T.);
#20217=ORIENTED_EDGE('',*,*,#20216,.T.);
#20218=CARTESIAN_POINT('',(1407.623044738,-855.5,1.4));
#20219=DIRECTION('',(-1.,-0.,0.));
#20220=VECTOR('',#20219,15.246089476);
#20221=LINE('',#20218,#20220);
#20222=EDGE_CURVE('',#19887,#20195,#20221,.T.);
#20223=ORIENTED_EDGE('',*,*,#20222,.T.);
#20224=EDGE_LOOP('',(#20203,#20211,#20217,#20223));
#20225=FACE_BOUND('',#20224,.T.);
#20226=ADVANCED_FACE('',(#20225),#20193,.T.);
#20227=CARTESIAN_POINT('',(1400.,-855.5,1.4));
#20228=DIRECTION('',(0.,0.819231921,-0.573462344));
#20229=DIRECTION('',(-1.,0.,0.));
#20230=AXIS2_PLACEMENT_3D('',#20227,#20228,#20229);
#20231=PLANE('',#20230);
#20232=ORIENTED_EDGE('',*,*,#19892,.F.);
#20233=CARTESIAN_POINT('',(1393.076955262,-854.8,2.4));
#20234=VERTEX_POINT('',#20233);
#20235=CARTESIAN_POINT('',(1406.923044738,-854.800000001,2.4));
#20236=DIRECTION('',(-1.,0.,0.));
#20237=VECTOR('',#20236,13.846089476);
#20238=LINE('',#20235,#20237);
#20239=EDGE_CURVE('',#19879,#20234,#20238,.T.);
#20240=ORIENTED_EDGE('',*,*,#20239,.T.);
#20241=CARTESIAN_POINT('',(1392.376955262,-855.5,1.4));
#20242=DIRECTION('',(0.497468338,0.497468338,0.710669055));
#20243=VECTOR('',#20242,1.407124728);
#20244=LINE('',#20241,#20243);
#20245=EDGE_CURVE('',#20195,#20234,#20244,.T.);
#20246=ORIENTED_EDGE('',*,*,#20245,.F.);
#20247=ORIENTED_EDGE('',*,*,#20222,.F.);
#20248=EDGE_LOOP('',(#20232,#20240,#20246,#20247));
#20249=FACE_BOUND('',#20248,.T.);
#20250=ADVANCED_FACE('',(#20249),#20231,.F.);
#20251=CARTESIAN_POINT('',(1400.,-854.8,6.8));
#20252=DIRECTION('',(0.,-1.,0.));
#20253=DIRECTION('',(1.,0.,0.));
#20254=AXIS2_PLACEMENT_3D('',#20251,#20252,#20253);
#20255=PLANE('',#20254);
#20256=ORIENTED_EDGE('',*,*,#20239,.F.);
#20257=ORIENTED_EDGE('',*,*,#19884,.F.);
#20258=CARTESIAN_POINT('',(1393.076955262,-854.8,4.4));
#20259=VERTEX_POINT('',#20258);
#20260=CARTESIAN_POINT('',(1406.923044738,-854.8,4.4));
#20261=DIRECTION('',(-1.,-0.,0.));
#20262=VECTOR('',#20261,13.846089476);
#20263=LINE('',#20260,#20262);
#20264=EDGE_CURVE('',#19871,#20259,#20263,.T.);
#20265=ORIENTED_EDGE('',*,*,#20264,.T.);
#20266=CARTESIAN_POINT('',(1393.076955262,-854.8,4.4));
#20267=DIRECTION('',(-0.,-0.,-1.));
#20268=VECTOR('',#20267,2.);
#20269=LINE('',#20266,#20268);
#20270=EDGE_CURVE('',#20259,#20234,#20269,.T.);
#20271=ORIENTED_EDGE('',*,*,#20270,.T.);
#20272=EDGE_LOOP('',(#20256,#20257,#20265,#20271));
#20273=FACE_BOUND('',#20272,.T.);
#20274=ADVANCED_FACE('',(#20273),#20255,.T.);
#20275=CARTESIAN_POINT('',(1392.726955262,-855.15,6.8));
#20276=DIRECTION('',(0.707106781,-0.707106781,0.));
#20277=DIRECTION('',(0.707106781,0.707106781,0.));
#20278=AXIS2_PLACEMENT_3D('',#20275,#20276,#20277);
#20279=PLANE('',#20278);
#20280=ORIENTED_EDGE('',*,*,#20098,.T.);
#20281=CARTESIAN_POINT('',(1387.5,-860.376955262,1.4));
#20282=DIRECTION('',(0.707106781,0.707106781,0.));
#20283=VECTOR('',#20282,6.897056275);
#20284=LINE('',#20281,#20283);
#20285=EDGE_CURVE('',#20071,#20195,#20284,.T.);
#20286=ORIENTED_EDGE('',*,*,#20285,.T.);
#20287=ORIENTED_EDGE('',*,*,#20245,.T.);
#20288=ORIENTED_EDGE('',*,*,#20270,.F.);
#20289=CARTESIAN_POINT('',(1392.376955262,-855.5,5.4));
#20290=VERTEX_POINT('',#20289);
#20291=CARTESIAN_POINT('',(1393.076955262,-854.8,4.4));
#20292=DIRECTION('',(-0.497468338,-0.497468338,0.710669055));
#20293=VECTOR('',#20292,1.407124728);
#20294=LINE('',#20291,#20293);
#20295=EDGE_CURVE('',#20259,#20290,#20294,.T.);
#20296=ORIENTED_EDGE('',*,*,#20295,.T.);
#20297=CARTESIAN_POINT('',(1387.5,-860.376955262,5.4));
#20298=VERTEX_POINT('',#20297);
#20299=CARTESIAN_POINT('',(1392.376955262,-855.5,5.4));
#20300=DIRECTION('',(-0.707106781,-0.707106781,-0.));
#20301=VECTOR('',#20300,6.897056275);
#20302=LINE('',#20299,#20301);
#20303=EDGE_CURVE('',#20290,#20298,#20302,.T.);
#20304=ORIENTED_EDGE('',*,*,#20303,.T.);
#20305=CARTESIAN_POINT('',(1387.5,-860.376955262,5.4));
#20306=DIRECTION('',(-0.497468338,-0.497468338,-0.710669055));
#20307=VECTOR('',#20306,1.407124728);
#20308=LINE('',#20305,#20307);
#20309=EDGE_CURVE('',#20298,#20125,#20308,.T.);
#20310=ORIENTED_EDGE('',*,*,#20309,.T.);
#20311=ORIENTED_EDGE('',*,*,#20130,.T.);
#20312=EDGE_LOOP('',(#20280,#20286,#20287,#20288,#20296,#20304,#20310,#20311));
#20313=FACE_BOUND('',#20312,.T.);
#20314=ADVANCED_FACE('',(#20313),#20279,.T.);
#20315=CARTESIAN_POINT('',(1412.5,-868.,4.4));
#20316=DIRECTION('',(-1.,0.,0.));
#20317=DIRECTION('',(0.,-1.,0.));
#20318=AXIS2_PLACEMENT_3D('',#20315,#20316,#20317);
#20319=PLANE('',#20318);
#20320=CARTESIAN_POINT('',(1412.5,-877.0372583,6.4));
#20321=VERTEX_POINT('',#20320);
#20322=CARTESIAN_POINT('',(1412.5,-875.623044738,5.4));
#20323=DIRECTION('',(0.,-0.816496581,0.577350269));
#20324=VECTOR('',#20323,1.732050807);
#20325=LINE('',#20322,#20324);
#20326=EDGE_CURVE('',#20021,#20321,#20325,.T.);
#20327=ORIENTED_EDGE('',*,*,#20326,.T.);
#20328=CARTESIAN_POINT('',(1412.5,-858.9627417,6.4));
#20329=VERTEX_POINT('',#20328);
#20330=CARTESIAN_POINT('',(1412.5,-877.0372583,6.4));
#20331=DIRECTION('',(-0.,1.,-0.));
#20332=VECTOR('',#20331,18.0745166);
#20333=LINE('',#20330,#20332);
#20334=EDGE_CURVE('',#20321,#20329,#20333,.T.);
#20335=ORIENTED_EDGE('',*,*,#20334,.T.);
#20336=CARTESIAN_POINT('',(1412.5,-858.9627417,6.4));
#20337=DIRECTION('',(0.,-0.816496581,-0.577350269));
#20338=VECTOR('',#20337,1.732050807);
#20339=LINE('',#20336,#20338);
#20340=EDGE_CURVE('',#20329,#19855,#20339,.T.);
#20341=ORIENTED_EDGE('',*,*,#20340,.T.);
#20342=CARTESIAN_POINT('',(1412.5,-860.376955262,5.4));
#20343=DIRECTION('',(0.,-1.,0.));
#20344=VECTOR('',#20343,15.246089476);
#20345=LINE('',#20342,#20344);
#20346=EDGE_CURVE('',#19855,#20021,#20345,.T.);
#20347=ORIENTED_EDGE('',*,*,#20346,.T.);
#20348=EDGE_LOOP('',(#20327,#20335,#20341,#20347));
#20349=FACE_BOUND('',#20348,.T.);
#20350=ADVANCED_FACE('',(#20349),#20319,.T.);
#20351=CARTESIAN_POINT('',(1412.5,-868.,5.4));
#20352=DIRECTION('',(-0.819231921,0.,-0.573462344));
#20353=DIRECTION('',(0.,1.,0.));
#20354=AXIS2_PLACEMENT_3D('',#20351,#20352,#20353);
#20355=PLANE('',#20354);
#20356=ORIENTED_EDGE('',*,*,#19860,.F.);
#20357=ORIENTED_EDGE('',*,*,#19838,.F.);
#20358=ORIENTED_EDGE('',*,*,#20032,.F.);
#20359=ORIENTED_EDGE('',*,*,#20346,.F.);
#20360=EDGE_LOOP('',(#20356,#20357,#20358,#20359));
#20361=FACE_BOUND('',#20360,.T.);
#20362=ADVANCED_FACE('',(#20361),#20355,.T.);
#20363=CARTESIAN_POINT('',(1400.,-880.5,4.4));
#20364=DIRECTION('',(0.,1.,0.));
#20365=DIRECTION('',(-1.,0.,0.));
#20366=AXIS2_PLACEMENT_3D('',#20363,#20364,#20365);
#20367=PLANE('',#20366);
#20368=CARTESIAN_POINT('',(1390.9627417,-880.5,6.4));
#20369=VERTEX_POINT('',#20368);
#20370=CARTESIAN_POINT('',(1392.376955262,-880.5,5.4));
#20371=DIRECTION('',(-0.816496581,0.,0.577350269));
#20372=VECTOR('',#20371,1.732050807);
#20373=LINE('',#20370,#20372);
#20374=EDGE_CURVE('',#20172,#20369,#20373,.T.);
#20375=ORIENTED_EDGE('',*,*,#20374,.T.);
#20376=CARTESIAN_POINT('',(1409.0372583,-880.5,6.4));
#20377=VERTEX_POINT('',#20376);
#20378=CARTESIAN_POINT('',(1390.9627417,-880.5,6.4));
#20379=DIRECTION('',(1.,-0.,-0.));
#20380=VECTOR('',#20379,18.0745166);
#20381=LINE('',#20378,#20380);
#20382=EDGE_CURVE('',#20369,#20377,#20381,.T.);
#20383=ORIENTED_EDGE('',*,*,#20382,.T.);
#20384=CARTESIAN_POINT('',(1409.0372583,-880.5,6.4));
#20385=DIRECTION('',(-0.816496581,0.,-0.577350269));
#20386=VECTOR('',#20385,1.732050807);
#20387=LINE('',#20384,#20386);
#20388=EDGE_CURVE('',#20377,#20013,#20387,.T.);
#20389=ORIENTED_EDGE('',*,*,#20388,.T.);
#20390=CARTESIAN_POINT('',(1407.623044738,-880.5,5.4));
#20391=DIRECTION('',(-1.,0.,0.));
#20392=VECTOR('',#20391,15.246089476);
#20393=LINE('',#20390,#20392);
#20394=EDGE_CURVE('',#20013,#20172,#20393,.T.);
#20395=ORIENTED_EDGE('',*,*,#20394,.T.);
#20396=EDGE_LOOP('',(#20375,#20383,#20389,#20395));
#20397=FACE_BOUND('',#20396,.T.);
#20398=ADVANCED_FACE('',(#20397),#20367,.T.);
#20399=CARTESIAN_POINT('',(1400.,-880.5,5.4));
#20400=DIRECTION('',(0.,0.819231921,-0.573462344));
#20401=DIRECTION('',(1.,0.,0.));
#20402=AXIS2_PLACEMENT_3D('',#20399,#20400,#20401);
#20403=PLANE('',#20402);
#20404=ORIENTED_EDGE('',*,*,#20018,.F.);
#20405=ORIENTED_EDGE('',*,*,#19996,.F.);
#20406=ORIENTED_EDGE('',*,*,#20183,.F.);
#20407=ORIENTED_EDGE('',*,*,#20394,.F.);
#20408=EDGE_LOOP('',(#20404,#20405,#20406,#20407));
#20409=FACE_BOUND('',#20408,.T.);
#20410=ADVANCED_FACE('',(#20409),#20403,.T.);
#20411=CARTESIAN_POINT('',(1387.5,-868.,4.4));
#20412=DIRECTION('',(1.,0.,0.));
#20413=DIRECTION('',(0.,1.,0.));
#20414=AXIS2_PLACEMENT_3D('',#20411,#20412,#20413);
#20415=PLANE('',#20414);
#20416=CARTESIAN_POINT('',(1387.5,-858.9627417,6.4));
#20417=VERTEX_POINT('',#20416);
#20418=CARTESIAN_POINT('',(1387.5,-860.376955262,5.4));
#20419=DIRECTION('',(0.,0.816496581,0.577350269));
#20420=VECTOR('',#20419,1.732050807);
#20421=LINE('',#20418,#20420);
#20422=EDGE_CURVE('',#20298,#20417,#20421,.T.);
#20423=ORIENTED_EDGE('',*,*,#20422,.T.);
#20424=CARTESIAN_POINT('',(1387.5,-877.0372583,6.4));
#20425=VERTEX_POINT('',#20424);
#20426=CARTESIAN_POINT('',(1387.5,-858.9627417,6.4));
#20427=DIRECTION('',(-0.,-1.,-0.));
#20428=VECTOR('',#20427,18.0745166);
#20429=LINE('',#20426,#20428);
#20430=EDGE_CURVE('',#20417,#20425,#20429,.T.);
#20431=ORIENTED_EDGE('',*,*,#20430,.T.);
#20432=CARTESIAN_POINT('',(1387.5,-877.0372583,6.4));
#20433=DIRECTION('',(0.,0.816496581,-0.577350269));
#20434=VECTOR('',#20433,1.732050807);
#20435=LINE('',#20432,#20434);
#20436=EDGE_CURVE('',#20425,#20164,#20435,.T.);
#20437=ORIENTED_EDGE('',*,*,#20436,.T.);
#20438=CARTESIAN_POINT('',(1387.5,-875.623044738,5.4));
#20439=DIRECTION('',(0.,1.,0.));
#20440=VECTOR('',#20439,15.246089476);
#20441=LINE('',#20438,#20440);
#20442=EDGE_CURVE('',#20164,#20298,#20441,.T.);
#20443=ORIENTED_EDGE('',*,*,#20442,.T.);
#20444=EDGE_LOOP('',(#20423,#20431,#20437,#20443));
#20445=FACE_BOUND('',#20444,.T.);
#20446=ADVANCED_FACE('',(#20445),#20415,.T.);
#20447=CARTESIAN_POINT('',(1387.5,-868.,5.4));
#20448=DIRECTION('',(0.819231921,0.,-0.573462344));
#20449=DIRECTION('',(0.,-1.,0.));
#20450=AXIS2_PLACEMENT_3D('',#20447,#20448,#20449);
#20451=PLANE('',#20450);
#20452=ORIENTED_EDGE('',*,*,#20169,.F.);
#20453=ORIENTED_EDGE('',*,*,#20138,.F.);
#20454=ORIENTED_EDGE('',*,*,#20309,.F.);
#20455=ORIENTED_EDGE('',*,*,#20442,.F.);
#20456=EDGE_LOOP('',(#20452,#20453,#20454,#20455));
#20457=FACE_BOUND('',#20456,.T.);
#20458=ADVANCED_FACE('',(#20457),#20451,.T.);
#20459=CARTESIAN_POINT('',(1400.,-855.5,4.4));
#20460=DIRECTION('',(0.,-1.,0.));
#20461=DIRECTION('',(1.,0.,0.));
#20462=AXIS2_PLACEMENT_3D('',#20459,#20460,#20461);
#20463=PLANE('',#20462);
#20464=CARTESIAN_POINT('',(1409.0372583,-855.5,6.4));
#20465=VERTEX_POINT('',#20464);
#20466=CARTESIAN_POINT('',(1407.623044738,-855.5,5.4));
#20467=DIRECTION('',(0.816496581,0.,0.577350269));
#20468=VECTOR('',#20467,1.732050807);
#20469=LINE('',#20466,#20468);
#20470=EDGE_CURVE('',#19863,#20465,#20469,.T.);
#20471=ORIENTED_EDGE('',*,*,#20470,.T.);
#20472=CARTESIAN_POINT('',(1390.9627417,-855.5,6.4));
#20473=VERTEX_POINT('',#20472);
#20474=CARTESIAN_POINT('',(1409.0372583,-855.5,6.4));
#20475=DIRECTION('',(-1.,-0.,0.));
#20476=VECTOR('',#20475,18.0745166);
#20477=LINE('',#20474,#20476);
#20478=EDGE_CURVE('',#20465,#20473,#20477,.T.);
#20479=ORIENTED_EDGE('',*,*,#20478,.T.);
#20480=CARTESIAN_POINT('',(1390.9627417,-855.5,6.4));
#20481=DIRECTION('',(0.816496581,0.,-0.577350269));
#20482=VECTOR('',#20481,1.732050807);
#20483=LINE('',#20480,#20482);
#20484=EDGE_CURVE('',#20473,#20290,#20483,.T.);
#20485=ORIENTED_EDGE('',*,*,#20484,.T.);
#20486=CARTESIAN_POINT('',(1392.376955262,-855.5,5.4));
#20487=DIRECTION('',(1.,0.,-0.));
#20488=VECTOR('',#20487,15.246089476);
#20489=LINE('',#20486,#20488);
#20490=EDGE_CURVE('',#20290,#19863,#20489,.T.);
#20491=ORIENTED_EDGE('',*,*,#20490,.T.);
#20492=EDGE_LOOP('',(#20471,#20479,#20485,#20491));
#20493=FACE_BOUND('',#20492,.T.);
#20494=ADVANCED_FACE('',(#20493),#20463,.T.);
#20495=CARTESIAN_POINT('',(1400.,-855.5,5.4));
#20496=DIRECTION('',(0.,-0.819231921,-0.573462344));
#20497=DIRECTION('',(-1.,0.,0.));
#20498=AXIS2_PLACEMENT_3D('',#20495,#20496,#20497);
#20499=PLANE('',#20498);
#20500=ORIENTED_EDGE('',*,*,#20295,.F.);
#20501=ORIENTED_EDGE('',*,*,#20264,.F.);
#20502=ORIENTED_EDGE('',*,*,#19876,.F.);
#20503=ORIENTED_EDGE('',*,*,#20490,.F.);
#20504=EDGE_LOOP('',(#20500,#20501,#20502,#20503));
#20505=FACE_BOUND('',#20504,.T.);
#20506=ADVANCED_FACE('',(#20505),#20499,.T.);
#20507=CARTESIAN_POINT('',(1388.948528137,-856.948528137,0.));
#20508=DIRECTION('',(0.5,-0.5,-0.707106781));
#20509=DIRECTION('',(0.707106781,0.707106781,0.));
#20510=AXIS2_PLACEMENT_3D('',#20507,#20508,#20509);
#20511=PLANE('',#20510);
#20512=ORIENTED_EDGE('',*,*,#20202,.F.);
#20513=ORIENTED_EDGE('',*,*,#20285,.F.);
#20514=ORIENTED_EDGE('',*,*,#20076,.F.);
#20515=CARTESIAN_POINT('',(1387.5,-858.9627417,0.4));
#20516=DIRECTION('',(-0.678598344,0.281084638,-0.678598345));
#20517=VECTOR('',#20516,0.589450303);
#20518=LINE('',#20515,#20517);
#20519=EDGE_CURVE('',#20063,#941,#20518,.T.);
#20520=ORIENTED_EDGE('',*,*,#20519,.T.);
#20521=ORIENTED_EDGE('',*,*,#946,.F.);
#20522=CARTESIAN_POINT('',(1390.797056275,-855.1,0.));
#20523=DIRECTION('',(0.281084638,-0.678598344,0.678598345));
#20524=VECTOR('',#20523,0.589450303);
#20525=LINE('',#20522,#20524);
#20526=EDGE_CURVE('',#933,#20197,#20525,.T.);
#20527=ORIENTED_EDGE('',*,*,#20526,.T.);
#20528=EDGE_LOOP('',(#20512,#20513,#20514,#20520,#20521,#20527));
#20529=FACE_BOUND('',#20528,.T.);
#20530=ADVANCED_FACE('',(#20529),#20511,.T.);
#20531=CARTESIAN_POINT('',(1392.726955262,-855.15,5.4));
#20532=DIRECTION('',(-0.5,0.5,-0.707106781));
#20533=DIRECTION('',(-0.707106781,-0.707106781,0.));
#20534=AXIS2_PLACEMENT_3D('',#20531,#20532,#20533);
#20535=PLANE('',#20534);
#20536=ORIENTED_EDGE('',*,*,#20484,.F.);
#20537=CARTESIAN_POINT('',(1390.9627417,-855.5,6.4));
#20538=DIRECTION('',(-0.281084638,0.678598344,0.678598345));
#20539=VECTOR('',#20538,0.589450303);
#20540=LINE('',#20537,#20539);
#20541=EDGE_CURVE('',#20473,#2747,#20540,.T.);
#20542=ORIENTED_EDGE('',*,*,#20541,.T.);
#20543=ORIENTED_EDGE('',*,*,#2752,.F.);
#20544=CARTESIAN_POINT('',(1387.1,-858.797056275,6.8));
#20545=DIRECTION('',(0.678598344,-0.281084638,-0.678598345));
#20546=VECTOR('',#20545,0.589450303);
#20547=LINE('',#20544,#20546);
#20548=EDGE_CURVE('',#2739,#20417,#20547,.T.);
#20549=ORIENTED_EDGE('',*,*,#20548,.T.);
#20550=ORIENTED_EDGE('',*,*,#20422,.F.);
#20551=ORIENTED_EDGE('',*,*,#20303,.F.);
#20552=EDGE_LOOP('',(#20536,#20542,#20543,#20549,#20550,#20551));
#20553=FACE_BOUND('',#20552,.T.);
#20554=ADVANCED_FACE('',(#20553),#20535,.F.);
#20555=CARTESIAN_POINT('',(1407.273044738,-880.85,5.4));
#20556=DIRECTION('',(0.5,-0.5,-0.707106781));
#20557=DIRECTION('',(0.707106781,0.707106781,0.));
#20558=AXIS2_PLACEMENT_3D('',#20555,#20556,#20557);
#20559=PLANE('',#20558);
#20560=ORIENTED_EDGE('',*,*,#20388,.F.);
#20561=CARTESIAN_POINT('',(1409.0372583,-880.5,6.4));
#20562=DIRECTION('',(0.281084638,-0.678598344,0.678598345));
#20563=VECTOR('',#20562,0.589450303);
#20564=LINE('',#20561,#20563);
#20565=EDGE_CURVE('',#20377,#2779,#20564,.T.);
#20566=ORIENTED_EDGE('',*,*,#20565,.T.);
#20567=ORIENTED_EDGE('',*,*,#2784,.F.);
#20568=CARTESIAN_POINT('',(1412.9,-877.202943725,6.8));
#20569=DIRECTION('',(-0.678598344,0.281084638,-0.678598345));
#20570=VECTOR('',#20569,0.589450303);
#20571=LINE('',#20568,#20570);
#20572=EDGE_CURVE('',#2771,#20321,#20571,.T.);
#20573=ORIENTED_EDGE('',*,*,#20572,.T.);
#20574=ORIENTED_EDGE('',*,*,#20326,.F.);
#20575=ORIENTED_EDGE('',*,*,#20026,.F.);
#20576=EDGE_LOOP('',(#20560,#20566,#20567,#20573,#20574,#20575));
#20577=FACE_BOUND('',#20576,.T.);
#20578=ADVANCED_FACE('',(#20577),#20559,.F.);
#20579=CARTESIAN_POINT('',(1388.948528137,-879.051471863,0.));
#20580=DIRECTION('',(0.5,0.5,-0.707106781));
#20581=DIRECTION('',(-0.707106781,0.707106781,0.));
#20582=AXIS2_PLACEMENT_3D('',#20579,#20580,#20581);
#20583=PLANE('',#20582);
#20584=ORIENTED_EDGE('',*,*,#20060,.F.);
#20585=ORIENTED_EDGE('',*,*,#20159,.F.);
#20586=ORIENTED_EDGE('',*,*,#19934,.F.);
#20587=CARTESIAN_POINT('',(1390.9627417,-880.5,0.4));
#20588=DIRECTION('',(-0.281084638,-0.678598344,-0.678598345));
#20589=VECTOR('',#20588,0.589450303);
#20590=LINE('',#20587,#20589);
#20591=EDGE_CURVE('',#19921,#957,#20590,.T.);
#20592=ORIENTED_EDGE('',*,*,#20591,.T.);
#20593=ORIENTED_EDGE('',*,*,#962,.F.);
#20594=CARTESIAN_POINT('',(1387.1,-877.202943725,0.));
#20595=DIRECTION('',(0.678598344,0.281084638,0.678598345));
#20596=VECTOR('',#20595,0.589450303);
#20597=LINE('',#20594,#20596);
#20598=EDGE_CURVE('',#949,#20055,#20597,.T.);
#20599=ORIENTED_EDGE('',*,*,#20598,.T.);
#20600=EDGE_LOOP('',(#20584,#20585,#20586,#20592,#20593,#20599));
#20601=FACE_BOUND('',#20600,.T.);
#20602=ADVANCED_FACE('',(#20601),#20583,.T.);
#20603=CARTESIAN_POINT('',(1412.85,-860.726955262,5.4));
#20604=DIRECTION('',(0.5,0.5,-0.707106781));
#20605=DIRECTION('',(-0.707106781,0.707106781,0.));
#20606=AXIS2_PLACEMENT_3D('',#20603,#20604,#20605);
#20607=PLANE('',#20606);
#20608=ORIENTED_EDGE('',*,*,#20340,.F.);
#20609=CARTESIAN_POINT('',(1412.5,-858.9627417,6.4));
#20610=DIRECTION('',(0.678598344,0.281084638,0.678598345));
#20611=VECTOR('',#20610,0.589450303);
#20612=LINE('',#20609,#20611);
#20613=EDGE_CURVE('',#20329,#2763,#20612,.T.);
#20614=ORIENTED_EDGE('',*,*,#20613,.T.);
#20615=ORIENTED_EDGE('',*,*,#2768,.F.);
#20616=CARTESIAN_POINT('',(1409.202943725,-855.1,6.8));
#20617=DIRECTION('',(-0.281084638,-0.678598344,-0.678598345));
#20618=VECTOR('',#20617,0.589450303);
#20619=LINE('',#20616,#20618);
#20620=EDGE_CURVE('',#2755,#20465,#20619,.T.);
#20621=ORIENTED_EDGE('',*,*,#20620,.T.);
#20622=ORIENTED_EDGE('',*,*,#20470,.F.);
#20623=ORIENTED_EDGE('',*,*,#19868,.F.);
#20624=EDGE_LOOP('',(#20608,#20614,#20615,#20621,#20622,#20623));
#20625=FACE_BOUND('',#20624,.T.);
#20626=ADVANCED_FACE('',(#20625),#20607,.F.);
#20627=CARTESIAN_POINT('',(1411.051471863,-879.051471863,0.));
#20628=DIRECTION('',(-0.5,0.5,-0.707106781));
#20629=DIRECTION('',(-0.707106781,-0.707106781,0.));
#20630=AXIS2_PLACEMENT_3D('',#20627,#20628,#20629);
#20631=PLANE('',#20630);
#20632=ORIENTED_EDGE('',*,*,#19918,.F.);
#20633=ORIENTED_EDGE('',*,*,#20040,.F.);
#20634=ORIENTED_EDGE('',*,*,#19776,.F.);
#20635=CARTESIAN_POINT('',(1412.5,-877.0372583,0.4));
#20636=DIRECTION('',(0.678598344,-0.281084638,-0.678598345));
#20637=VECTOR('',#20636,0.589450303);
#20638=LINE('',#20635,#20637);
#20639=EDGE_CURVE('',#19763,#973,#20638,.T.);
#20640=ORIENTED_EDGE('',*,*,#20639,.T.);
#20641=ORIENTED_EDGE('',*,*,#978,.F.);
#20642=CARTESIAN_POINT('',(1409.202943725,-880.9,0.));
#20643=DIRECTION('',(-0.281084638,0.678598344,0.678598345));
#20644=VECTOR('',#20643,0.589450303);
#20645=LINE('',#20642,#20644);
#20646=EDGE_CURVE('',#965,#19913,#20645,.T.);
#20647=ORIENTED_EDGE('',*,*,#20646,.T.);
#20648=EDGE_LOOP('',(#20632,#20633,#20634,#20640,#20641,#20647));
#20649=FACE_BOUND('',#20648,.T.);
#20650=ADVANCED_FACE('',(#20649),#20631,.T.);
#20651=CARTESIAN_POINT('',(1411.051471863,-856.948528137,0.));
#20652=DIRECTION('',(-0.5,-0.5,-0.707106781));
#20653=DIRECTION('',(0.707106781,-0.707106781,0.));
#20654=AXIS2_PLACEMENT_3D('',#20651,#20652,#20653);
#20655=PLANE('',#20654);
#20656=ORIENTED_EDGE('',*,*,#19760,.F.);
#20657=ORIENTED_EDGE('',*,*,#19898,.F.);
#20658=ORIENTED_EDGE('',*,*,#20216,.F.);
#20659=CARTESIAN_POINT('',(1409.0372583,-855.5,0.4));
#20660=DIRECTION('',(0.281084638,0.678598344,-0.678598345));
#20661=VECTOR('',#20660,0.589450303);
#20662=LINE('',#20659,#20661);
#20663=EDGE_CURVE('',#20205,#931,#20662,.T.);
#20664=ORIENTED_EDGE('',*,*,#20663,.T.);
#20665=ORIENTED_EDGE('',*,*,#992,.F.);
#20666=CARTESIAN_POINT('',(1412.9,-858.797056275,0.));
#20667=DIRECTION('',(-0.678598344,-0.281084638,0.678598345));
#20668=VECTOR('',#20667,0.589450303);
#20669=LINE('',#20666,#20668);
#20670=EDGE_CURVE('',#981,#19755,#20669,.T.);
#20671=ORIENTED_EDGE('',*,*,#20670,.T.);
#20672=EDGE_LOOP('',(#20656,#20657,#20658,#20664,#20665,#20671));
#20673=FACE_BOUND('',#20672,.T.);
#20674=ADVANCED_FACE('',(#20673),#20655,.T.);
#20675=CARTESIAN_POINT('',(1387.15,-875.273044738,5.4));
#20676=DIRECTION('',(-0.5,-0.5,-0.707106781));
#20677=DIRECTION('',(0.707106781,-0.707106781,0.));
#20678=AXIS2_PLACEMENT_3D('',#20675,#20676,#20677);
#20679=PLANE('',#20678);
#20680=ORIENTED_EDGE('',*,*,#20436,.F.);
#20681=CARTESIAN_POINT('',(1387.5,-877.0372583,6.4));
#20682=DIRECTION('',(-0.678598344,-0.281084638,0.678598345));
#20683=VECTOR('',#20682,0.589450303);
#20684=LINE('',#20681,#20683);
#20685=EDGE_CURVE('',#20425,#2737,#20684,.T.);
#20686=ORIENTED_EDGE('',*,*,#20685,.T.);
#20687=ORIENTED_EDGE('',*,*,#2798,.F.);
#20688=CARTESIAN_POINT('',(1390.797056275,-880.9,6.8));
#20689=DIRECTION('',(0.281084638,0.678598344,-0.678598345));
#20690=VECTOR('',#20689,0.589450303);
#20691=LINE('',#20688,#20690);
#20692=EDGE_CURVE('',#2787,#20369,#20691,.T.);
#20693=ORIENTED_EDGE('',*,*,#20692,.T.);
#20694=ORIENTED_EDGE('',*,*,#20374,.F.);
#20695=ORIENTED_EDGE('',*,*,#20177,.F.);
#20696=EDGE_LOOP('',(#20680,#20686,#20687,#20693,#20694,#20695));
#20697=FACE_BOUND('',#20696,.T.);
#20698=ADVANCED_FACE('',(#20697),#20679,.F.);
#20699=CARTESIAN_POINT('',(1387.1,-868.,6.8));
#20700=DIRECTION('',(-0.707106781,0.,-0.707106781));
#20701=DIRECTION('',(0.,1.,0.));
#20702=AXIS2_PLACEMENT_3D('',#20699,#20700,#20701);
#20703=PLANE('',#20702);
#20704=ORIENTED_EDGE('',*,*,#20685,.F.);
#20705=ORIENTED_EDGE('',*,*,#20430,.F.);
#20706=ORIENTED_EDGE('',*,*,#20548,.F.);
#20707=ORIENTED_EDGE('',*,*,#2744,.F.);
#20708=EDGE_LOOP('',(#20704,#20705,#20706,#20707));
#20709=FACE_BOUND('',#20708,.T.);
#20710=ADVANCED_FACE('',(#20709),#20703,.F.);
#20711=CARTESIAN_POINT('',(1400.,-855.1,0.));
#20712=DIRECTION('',(0.,-0.707106781,-0.707106781));
#20713=DIRECTION('',(1.,0.,0.));
#20714=AXIS2_PLACEMENT_3D('',#20711,#20712,#20713);
#20715=PLANE('',#20714);
#20716=ORIENTED_EDGE('',*,*,#20663,.F.);
#20717=ORIENTED_EDGE('',*,*,#20210,.F.);
#20718=ORIENTED_EDGE('',*,*,#20526,.F.);
#20719=ORIENTED_EDGE('',*,*,#938,.F.);
#20720=EDGE_LOOP('',(#20716,#20717,#20718,#20719));
#20721=FACE_BOUND('',#20720,.T.);
#20722=ADVANCED_FACE('',(#20721),#20715,.T.);
#20723=CARTESIAN_POINT('',(1412.9,-868.,0.));
#20724=DIRECTION('',(-0.707106781,0.,-0.707106781));
#20725=DIRECTION('',(0.,-1.,0.));
#20726=AXIS2_PLACEMENT_3D('',#20723,#20724,#20725);
#20727=PLANE('',#20726);
#20728=ORIENTED_EDGE('',*,*,#20639,.F.);
#20729=ORIENTED_EDGE('',*,*,#19768,.F.);
#20730=ORIENTED_EDGE('',*,*,#20670,.F.);
#20731=ORIENTED_EDGE('',*,*,#986,.F.);
#20732=EDGE_LOOP('',(#20728,#20729,#20730,#20731));
#20733=FACE_BOUND('',#20732,.T.);
#20734=ADVANCED_FACE('',(#20733),#20727,.T.);
#20735=CARTESIAN_POINT('',(1400.,-880.9,6.8));
#20736=DIRECTION('',(0.,-0.707106781,-0.707106781));
#20737=DIRECTION('',(-1.,0.,0.));
#20738=AXIS2_PLACEMENT_3D('',#20735,#20736,#20737);
#20739=PLANE('',#20738);
#20740=ORIENTED_EDGE('',*,*,#20565,.F.);
#20741=ORIENTED_EDGE('',*,*,#20382,.F.);
#20742=ORIENTED_EDGE('',*,*,#20692,.F.);
#20743=ORIENTED_EDGE('',*,*,#2792,.F.);
#20744=EDGE_LOOP('',(#20740,#20741,#20742,#20743));
#20745=FACE_BOUND('',#20744,.T.);
#20746=ADVANCED_FACE('',(#20745),#20739,.F.);
#20747=CARTESIAN_POINT('',(1412.9,-868.,6.8));
#20748=DIRECTION('',(0.707106781,0.,-0.707106781));
#20749=DIRECTION('',(0.,-1.,0.));
#20750=AXIS2_PLACEMENT_3D('',#20747,#20748,#20749);
#20751=PLANE('',#20750);
#20752=ORIENTED_EDGE('',*,*,#20613,.F.);
#20753=ORIENTED_EDGE('',*,*,#20334,.F.);
#20754=ORIENTED_EDGE('',*,*,#20572,.F.);
#20755=ORIENTED_EDGE('',*,*,#2776,.F.);
#20756=EDGE_LOOP('',(#20752,#20753,#20754,#20755));
#20757=FACE_BOUND('',#20756,.T.);
#20758=ADVANCED_FACE('',(#20757),#20751,.F.);
#20759=CARTESIAN_POINT('',(1400.,-855.1,6.8));
#20760=DIRECTION('',(0.,0.707106781,-0.707106781));
#20761=DIRECTION('',(1.,0.,0.));
#20762=AXIS2_PLACEMENT_3D('',#20759,#20760,#20761);
#20763=PLANE('',#20762);
#20764=ORIENTED_EDGE('',*,*,#20541,.F.);
#20765=ORIENTED_EDGE('',*,*,#20478,.F.);
#20766=ORIENTED_EDGE('',*,*,#20620,.F.);
#20767=ORIENTED_EDGE('',*,*,#2760,.F.);
#20768=EDGE_LOOP('',(#20764,#20765,#20766,#20767));
#20769=FACE_BOUND('',#20768,.T.);
#20770=ADVANCED_FACE('',(#20769),#20763,.F.);
#20771=CARTESIAN_POINT('',(1387.1,-868.,0.));
#20772=DIRECTION('',(0.707106781,0.,-0.707106781));
#20773=DIRECTION('',(0.,1.,0.));
#20774=AXIS2_PLACEMENT_3D('',#20771,#20772,#20773);
#20775=PLANE('',#20774);
#20776=ORIENTED_EDGE('',*,*,#20519,.F.);
#20777=ORIENTED_EDGE('',*,*,#20068,.F.);
#20778=ORIENTED_EDGE('',*,*,#20598,.F.);
#20779=ORIENTED_EDGE('',*,*,#954,.F.);
#20780=EDGE_LOOP('',(#20776,#20777,#20778,#20779));
#20781=FACE_BOUND('',#20780,.T.);
#20782=ADVANCED_FACE('',(#20781),#20775,.T.);
#20783=CARTESIAN_POINT('',(1400.,-880.9,0.));
#20784=DIRECTION('',(0.,0.707106781,-0.707106781));
#20785=DIRECTION('',(-1.,0.,0.));
#20786=AXIS2_PLACEMENT_3D('',#20783,#20784,#20785);
#20787=PLANE('',#20786);
#20788=ORIENTED_EDGE('',*,*,#20591,.F.);
#20789=ORIENTED_EDGE('',*,*,#19926,.F.);
#20790=ORIENTED_EDGE('',*,*,#20646,.F.);
#20791=ORIENTED_EDGE('',*,*,#970,.F.);
#20792=EDGE_LOOP('',(#20788,#20789,#20790,#20791));
#20793=FACE_BOUND('',#20792,.T.);
#20794=ADVANCED_FACE('',(#20793),#20787,.T.);
#20795=CARTESIAN_POINT('',(1387.36293249,-879.9,4.6));
#20796=DIRECTION('',(0.,0.,-1.));
#20797=DIRECTION('',(1.,0.,0.));
#20798=AXIS2_PLACEMENT_3D('',#20795,#20796,#20797);
#20799=CYLINDRICAL_SURFACE('',#20798,0.5);
#20800=ORIENTED_EDGE('',*,*,#9601,.T.);
#20801=CARTESIAN_POINT('',(1387.156119539,-879.444776535,4.6));
#20802=DIRECTION('',(0.,0.,-1.));
#20803=VECTOR('',#20802,2.4);
#20804=LINE('',#20801,#20803);
#20805=EDGE_CURVE('',#9586,#9636,#20804,.T.);
#20806=ORIENTED_EDGE('',*,*,#20805,.T.);
#20807=ORIENTED_EDGE('',*,*,#9642,.T.);
#20808=CARTESIAN_POINT('',(1387.36293249,-879.4,2.2));
#20809=DIRECTION('',(-0.,-0.,1.));
#20810=VECTOR('',#20809,2.4);
#20811=LINE('',#20808,#20810);
#20812=EDGE_CURVE('',#9628,#9595,#20811,.T.);
#20813=ORIENTED_EDGE('',*,*,#20812,.T.);
#20814=EDGE_LOOP('',(#20800,#20806,#20807,#20813));
#20815=FACE_BOUND('',#20814,.T.);
#20816=ADVANCED_FACE('',(#20815),#20799,.F.);
#20817=CARTESIAN_POINT('',(1387.875,-879.4,4.6));
#20818=DIRECTION('',(0.,-1.,0.));
#20819=DIRECTION('',(0.,0.,1.));
#20820=AXIS2_PLACEMENT_3D('',#20817,#20818,#20819);
#20821=PLANE('',#20820);
#20822=ORIENTED_EDGE('',*,*,#9633,.F.);
#20823=CARTESIAN_POINT('',(1388.5,-879.4,4.6));
#20824=DIRECTION('',(0.,0.,-1.));
#20825=VECTOR('',#20824,2.4);
#20826=LINE('',#20823,#20825);
#20827=EDGE_CURVE('',#9533,#9619,#20826,.T.);
#20828=ORIENTED_EDGE('',*,*,#20827,.F.);
#20829=ORIENTED_EDGE('',*,*,#9607,.T.);
#20830=ORIENTED_EDGE('',*,*,#20812,.F.);
#20831=EDGE_LOOP('',(#20822,#20828,#20829,#20830));
#20832=FACE_BOUND('',#20831,.T.);
#20833=ADVANCED_FACE('',(#20832),#20821,.T.);
#20834=CARTESIAN_POINT('',(1386.,-876.9,4.6));
#20835=DIRECTION('',(0.,0.,-1.));
#20836=DIRECTION('',(1.,0.,0.));
#20837=AXIS2_PLACEMENT_3D('',#20834,#20835,#20836);
#20838=CYLINDRICAL_SURFACE('',#20837,2.795084972);
#20839=ORIENTED_EDGE('',*,*,#9592,.F.);
#20840=CARTESIAN_POINT('',(1386.274557137,-879.681567612,2.2));
#20841=DIRECTION('',(-0.,-0.,1.));
#20842=VECTOR('',#20841,2.4);
#20843=LINE('',#20840,#20842);
#20844=EDGE_CURVE('',#9645,#9577,#20843,.T.);
#20845=ORIENTED_EDGE('',*,*,#20844,.F.);
#20846=ORIENTED_EDGE('',*,*,#9651,.T.);
#20847=ORIENTED_EDGE('',*,*,#20805,.F.);
#20848=EDGE_LOOP('',(#20839,#20845,#20846,#20847));
#20849=FACE_BOUND('',#20848,.T.);
#20850=ADVANCED_FACE('',(#20849),#20838,.T.);
#20851=CARTESIAN_POINT('',(1386.25,-879.432776641,4.6));
#20852=DIRECTION('',(0.,0.,-1.));
#20853=DIRECTION('',(1.,0.,0.));
#20854=AXIS2_PLACEMENT_3D('',#20851,#20852,#20853);
#20855=CYLINDRICAL_SURFACE('',#20854,0.25);
#20856=ORIENTED_EDGE('',*,*,#9583,.T.);
#20857=ORIENTED_EDGE('',*,*,#1830,.T.);
#20858=ORIENTED_EDGE('',*,*,#9658,.T.);
#20859=ORIENTED_EDGE('',*,*,#20844,.T.);
#20860=EDGE_LOOP('',(#20856,#20857,#20858,#20859));
#20861=FACE_BOUND('',#20860,.T.);
#20862=ADVANCED_FACE('',(#20861),#20855,.T.);
#20863=CARTESIAN_POINT('',(1387.875,-856.6,4.6));
#20864=DIRECTION('',(0.,-1.,0.));
#20865=DIRECTION('',(0.,0.,1.));
#20866=AXIS2_PLACEMENT_3D('',#20863,#20864,#20865);
#20867=PLANE('',#20866);
#20868=ORIENTED_EDGE('',*,*,#18110,.F.);
#20869=ORIENTED_EDGE('',*,*,#18043,.T.);
#20870=ORIENTED_EDGE('',*,*,#18177,.T.);
#20871=CARTESIAN_POINT('',(1387.36293249,-856.6,4.6));
#20872=DIRECTION('',(0.,0.,-1.));
#20873=VECTOR('',#20872,2.4);
#20874=LINE('',#20871,#20873);
#20875=EDGE_CURVE('',#18105,#18165,#20874,.T.);
#20876=ORIENTED_EDGE('',*,*,#20875,.F.);
#20877=EDGE_LOOP('',(#20868,#20869,#20870,#20876));
#20878=FACE_BOUND('',#20877,.T.);
#20879=ADVANCED_FACE('',(#20878),#20867,.F.);
#20880=CARTESIAN_POINT('',(1387.36293249,-856.1,4.6));
#20881=DIRECTION('',(0.,0.,-1.));
#20882=DIRECTION('',(1.,0.,0.));
#20883=AXIS2_PLACEMENT_3D('',#20880,#20881,#20882);
#20884=CYLINDRICAL_SURFACE('',#20883,0.5);
#20885=ORIENTED_EDGE('',*,*,#18119,.T.);
#20886=ORIENTED_EDGE('',*,*,#20875,.T.);
#20887=ORIENTED_EDGE('',*,*,#18171,.T.);
#20888=CARTESIAN_POINT('',(1387.156119539,-856.555223465,2.2));
#20889=DIRECTION('',(-0.,-0.,1.));
#20890=VECTOR('',#20889,2.4);
#20891=LINE('',#20888,#20890);
#20892=EDGE_CURVE('',#18156,#18113,#20891,.T.);
#20893=ORIENTED_EDGE('',*,*,#20892,.T.);
#20894=EDGE_LOOP('',(#20885,#20886,#20887,#20893));
#20895=FACE_BOUND('',#20894,.T.);
#20896=ADVANCED_FACE('',(#20895),#20884,.F.);
#20897=CARTESIAN_POINT('',(1386.,-859.1,4.6));
#20898=DIRECTION('',(0.,0.,-1.));
#20899=DIRECTION('',(1.,0.,0.));
#20900=AXIS2_PLACEMENT_3D('',#20897,#20898,#20899);
#20901=CYLINDRICAL_SURFACE('',#20900,2.795084972);
#20902=ORIENTED_EDGE('',*,*,#18162,.T.);
#20903=CARTESIAN_POINT('',(1386.274557137,-856.318432388,4.6));
#20904=DIRECTION('',(0.,0.,-1.));
#20905=VECTOR('',#20904,2.4);
#20906=LINE('',#20903,#20905);
#20907=EDGE_CURVE('',#18122,#18147,#20906,.T.);
#20908=ORIENTED_EDGE('',*,*,#20907,.F.);
#20909=ORIENTED_EDGE('',*,*,#18128,.F.);
#20910=ORIENTED_EDGE('',*,*,#20892,.F.);
#20911=EDGE_LOOP('',(#20902,#20908,#20909,#20910));
#20912=FACE_BOUND('',#20911,.T.);
#20913=ADVANCED_FACE('',(#20912),#20901,.T.);
#20914=CARTESIAN_POINT('',(1386.25,-856.567223359,4.6));
#20915=DIRECTION('',(0.,0.,-1.));
#20916=DIRECTION('',(1.,0.,0.));
#20917=AXIS2_PLACEMENT_3D('',#20914,#20915,#20916);
#20918=CYLINDRICAL_SURFACE('',#20917,0.25);
#20919=ORIENTED_EDGE('',*,*,#18135,.T.);
#20920=ORIENTED_EDGE('',*,*,#20907,.T.);
#20921=ORIENTED_EDGE('',*,*,#18153,.T.);
#20922=ORIENTED_EDGE('',*,*,#1872,.T.);
#20923=EDGE_LOOP('',(#20919,#20920,#20921,#20922));
#20924=FACE_BOUND('',#20923,.T.);
#20925=ADVANCED_FACE('',(#20924),#20918,.T.);
#20926=CARTESIAN_POINT('',(1440.5,-868.,2.4));
#20927=DIRECTION('',(-1.,0.,0.));
#20928=DIRECTION('',(0.,-1.,0.));
#20929=AXIS2_PLACEMENT_3D('',#20926,#20927,#20928);
#20930=PLANE('',#20929);
#20931=CARTESIAN_POINT('',(1440.5,-860.376955262,1.4));
#20932=VERTEX_POINT('',#20931);
#20933=CARTESIAN_POINT('',(1440.5,-858.9627417,0.4));
#20934=VERTEX_POINT('',#20933);
#20935=CARTESIAN_POINT('',(1440.5,-860.376955262,1.4));
#20936=DIRECTION('',(0.,0.816496581,-0.577350269));
#20937=VECTOR('',#20936,1.732050807);
#20938=LINE('',#20935,#20937);
#20939=EDGE_CURVE('',#20932,#20934,#20938,.T.);
#20940=ORIENTED_EDGE('',*,*,#20939,.T.);
#20941=CARTESIAN_POINT('',(1440.5,-877.0372583,0.4));
#20942=VERTEX_POINT('',#20941);
#20943=CARTESIAN_POINT('',(1440.5,-858.9627417,0.4));
#20944=DIRECTION('',(0.,-1.,0.));
#20945=VECTOR('',#20944,18.0745166);
#20946=LINE('',#20943,#20945);
#20947=EDGE_CURVE('',#20934,#20942,#20946,.T.);
#20948=ORIENTED_EDGE('',*,*,#20947,.T.);
#20949=CARTESIAN_POINT('',(1440.5,-875.623044738,1.4));
#20950=VERTEX_POINT('',#20949);
#20951=CARTESIAN_POINT('',(1440.5,-877.0372583,0.4));
#20952=DIRECTION('',(0.,0.816496581,0.577350269));
#20953=VECTOR('',#20952,1.732050807);
#20954=LINE('',#20951,#20953);
#20955=EDGE_CURVE('',#20942,#20950,#20954,.T.);
#20956=ORIENTED_EDGE('',*,*,#20955,.T.);
#20957=CARTESIAN_POINT('',(1440.5,-875.623044738,1.4));
#20958=DIRECTION('',(-0.,1.,-0.));
#20959=VECTOR('',#20958,15.246089476);
#20960=LINE('',#20957,#20959);
#20961=EDGE_CURVE('',#20950,#20932,#20960,.T.);
#20962=ORIENTED_EDGE('',*,*,#20961,.T.);
#20963=EDGE_LOOP('',(#20940,#20948,#20956,#20962));
#20964=FACE_BOUND('',#20963,.T.);
#20965=ADVANCED_FACE('',(#20964),#20930,.T.);
#20966=CARTESIAN_POINT('',(1440.5,-868.,1.4));
#20967=DIRECTION('',(0.819231921,0.,-0.573462344));
#20968=DIRECTION('',(0.,1.,0.));
#20969=AXIS2_PLACEMENT_3D('',#20966,#20967,#20968);
#20970=PLANE('',#20969);
#20971=CARTESIAN_POINT('',(1441.2,-874.923044738,2.4));
#20972=VERTEX_POINT('',#20971);
#20973=CARTESIAN_POINT('',(1441.2,-874.923044738,2.4));
#20974=DIRECTION('',(-0.497468338,-0.497468338,-0.710669055));
#20975=VECTOR('',#20974,1.407124728);
#20976=LINE('',#20973,#20975);
#20977=EDGE_CURVE('',#20972,#20950,#20976,.T.);
#20978=ORIENTED_EDGE('',*,*,#20977,.F.);
#20979=CARTESIAN_POINT('',(1441.2,-861.076955262,2.4));
#20980=VERTEX_POINT('',#20979);
#20981=CARTESIAN_POINT('',(1441.199999999,-874.923044738,2.4));
#20982=DIRECTION('',(0.,1.,0.));
#20983=VECTOR('',#20982,13.846089476);
#20984=LINE('',#20981,#20983);
#20985=EDGE_CURVE('',#20972,#20980,#20984,.T.);
#20986=ORIENTED_EDGE('',*,*,#20985,.T.);
#20987=CARTESIAN_POINT('',(1440.5,-860.376955262,1.4));
#20988=DIRECTION('',(0.497468338,-0.497468338,0.710669055));
#20989=VECTOR('',#20988,1.407124728);
#20990=LINE('',#20987,#20989);
#20991=EDGE_CURVE('',#20932,#20980,#20990,.T.);
#20992=ORIENTED_EDGE('',*,*,#20991,.F.);
#20993=ORIENTED_EDGE('',*,*,#20961,.F.);
#20994=EDGE_LOOP('',(#20978,#20986,#20992,#20993));
#20995=FACE_BOUND('',#20994,.T.);
#20996=ADVANCED_FACE('',(#20995),#20970,.F.);
#20997=CARTESIAN_POINT('',(1441.2,-868.,6.8));
#20998=DIRECTION('',(-1.,0.,0.));
#20999=DIRECTION('',(0.,-1.,0.));
#21000=AXIS2_PLACEMENT_3D('',#20997,#20998,#20999);
#21001=PLANE('',#21000);
#21002=ORIENTED_EDGE('',*,*,#20985,.F.);
#21003=CARTESIAN_POINT('',(1441.2,-874.923044738,4.4));
#21004=VERTEX_POINT('',#21003);
#21005=CARTESIAN_POINT('',(1441.2,-874.923044738,4.4));
#21006=DIRECTION('',(-0.,-0.,-1.));
#21007=VECTOR('',#21006,2.);
#21008=LINE('',#21005,#21007);
#21009=EDGE_CURVE('',#21004,#20972,#21008,.T.);
#21010=ORIENTED_EDGE('',*,*,#21009,.F.);
#21011=CARTESIAN_POINT('',(1441.2,-861.076955262,4.4));
#21012=VERTEX_POINT('',#21011);
#21013=CARTESIAN_POINT('',(1441.2,-874.923044738,4.4));
#21014=DIRECTION('',(-0.,1.,-0.));
#21015=VECTOR('',#21014,13.846089476);
#21016=LINE('',#21013,#21015);
#21017=EDGE_CURVE('',#21004,#21012,#21016,.T.);
#21018=ORIENTED_EDGE('',*,*,#21017,.T.);
#21019=CARTESIAN_POINT('',(1441.2,-861.076955262,4.4));
#21020=DIRECTION('',(-0.,-0.,-1.));
#21021=VECTOR('',#21020,2.);
#21022=LINE('',#21019,#21021);
#21023=EDGE_CURVE('',#21012,#20980,#21022,.T.);
#21024=ORIENTED_EDGE('',*,*,#21023,.T.);
#21025=EDGE_LOOP('',(#21002,#21010,#21018,#21024));
#21026=FACE_BOUND('',#21025,.T.);
#21027=ADVANCED_FACE('',(#21026),#21001,.T.);
#21028=CARTESIAN_POINT('',(1440.85,-860.726955262,6.8));
#21029=DIRECTION('',(-0.707106781,-0.707106781,0.));
#21030=DIRECTION('',(0.707106781,-0.707106781,0.));
#21031=AXIS2_PLACEMENT_3D('',#21028,#21029,#21030);
#21032=PLANE('',#21031);
#21033=CARTESIAN_POINT('',(1440.5,-860.376955262,5.4));
#21034=VERTEX_POINT('',#21033);
#21035=CARTESIAN_POINT('',(1441.2,-861.076955262,4.4));
#21036=DIRECTION('',(-0.497468338,0.497468338,0.710669055));
#21037=VECTOR('',#21036,1.407124728);
#21038=LINE('',#21035,#21037);
#21039=EDGE_CURVE('',#21012,#21034,#21038,.T.);
#21040=ORIENTED_EDGE('',*,*,#21039,.T.);
#21041=CARTESIAN_POINT('',(1435.623044738,-855.5,5.4));
#21042=VERTEX_POINT('',#21041);
#21043=CARTESIAN_POINT('',(1440.5,-860.376955262,5.4));
#21044=DIRECTION('',(-0.707106781,0.707106781,-0.));
#21045=VECTOR('',#21044,6.897056275);
#21046=LINE('',#21043,#21045);
#21047=EDGE_CURVE('',#21034,#21042,#21046,.T.);
#21048=ORIENTED_EDGE('',*,*,#21047,.T.);
#21049=CARTESIAN_POINT('',(1434.923044738,-854.8,4.4));
#21050=VERTEX_POINT('',#21049);
#21051=CARTESIAN_POINT('',(1435.623044738,-855.5,5.4));
#21052=DIRECTION('',(-0.497468338,0.497468338,-0.710669055));
#21053=VECTOR('',#21052,1.407124728);
#21054=LINE('',#21051,#21053);
#21055=EDGE_CURVE('',#21042,#21050,#21054,.T.);
#21056=ORIENTED_EDGE('',*,*,#21055,.T.);
#21057=CARTESIAN_POINT('',(1434.923044738,-854.8,2.4));
#21058=VERTEX_POINT('',#21057);
#21059=CARTESIAN_POINT('',(1434.923044738,-854.8,4.4));
#21060=DIRECTION('',(-0.,-0.,-1.));
#21061=VECTOR('',#21060,2.);
#21062=LINE('',#21059,#21061);
#21063=EDGE_CURVE('',#21050,#21058,#21062,.T.);
#21064=ORIENTED_EDGE('',*,*,#21063,.T.);
#21065=CARTESIAN_POINT('',(1435.623044738,-855.5,1.4));
#21066=VERTEX_POINT('',#21065);
#21067=CARTESIAN_POINT('',(1434.923044738,-854.8,2.4));
#21068=DIRECTION('',(0.497468338,-0.497468338,-0.710669055));
#21069=VECTOR('',#21068,1.407124728);
#21070=LINE('',#21067,#21069);
#21071=EDGE_CURVE('',#21058,#21066,#21070,.T.);
#21072=ORIENTED_EDGE('',*,*,#21071,.T.);
#21073=CARTESIAN_POINT('',(1435.623044738,-855.5,1.4));
#21074=DIRECTION('',(0.707106781,-0.707106781,0.));
#21075=VECTOR('',#21074,6.897056275);
#21076=LINE('',#21073,#21075);
#21077=EDGE_CURVE('',#21066,#20932,#21076,.T.);
#21078=ORIENTED_EDGE('',*,*,#21077,.T.);
#21079=ORIENTED_EDGE('',*,*,#20991,.T.);
#21080=ORIENTED_EDGE('',*,*,#21023,.F.);
#21081=EDGE_LOOP('',(#21040,#21048,#21056,#21064,#21072,#21078,#21079,#21080));
#21082=FACE_BOUND('',#21081,.T.);
#21083=ADVANCED_FACE('',(#21082),#21032,.T.);
#21084=CARTESIAN_POINT('',(1428.,-880.5,2.4));
#21085=DIRECTION('',(0.,1.,0.));
#21086=DIRECTION('',(-1.,0.,0.));
#21087=AXIS2_PLACEMENT_3D('',#21084,#21085,#21086);
#21088=PLANE('',#21087);
#21089=CARTESIAN_POINT('',(1435.623044738,-880.5,1.4));
#21090=VERTEX_POINT('',#21089);
#21091=CARTESIAN_POINT('',(1437.0372583,-880.5,0.4));
#21092=VERTEX_POINT('',#21091);
#21093=CARTESIAN_POINT('',(1435.623044738,-880.5,1.4));
#21094=DIRECTION('',(0.816496581,0.,-0.577350269));
#21095=VECTOR('',#21094,1.732050807);
#21096=LINE('',#21093,#21095);
#21097=EDGE_CURVE('',#21090,#21092,#21096,.T.);
#21098=ORIENTED_EDGE('',*,*,#21097,.T.);
#21099=CARTESIAN_POINT('',(1418.9627417,-880.5,0.4));
#21100=VERTEX_POINT('',#21099);
#21101=CARTESIAN_POINT('',(1437.0372583,-880.5,0.4));
#21102=DIRECTION('',(-1.,0.,0.));
#21103=VECTOR('',#21102,18.0745166);
#21104=LINE('',#21101,#21103);
#21105=EDGE_CURVE('',#21092,#21100,#21104,.T.);
#21106=ORIENTED_EDGE('',*,*,#21105,.T.);
#21107=CARTESIAN_POINT('',(1420.376955262,-880.5,1.4));
#21108=VERTEX_POINT('',#21107);
#21109=CARTESIAN_POINT('',(1418.9627417,-880.5,0.4));
#21110=DIRECTION('',(0.816496581,0.,0.577350269));
#21111=VECTOR('',#21110,1.732050807);
#21112=LINE('',#21109,#21111);
#21113=EDGE_CURVE('',#21100,#21108,#21112,.T.);
#21114=ORIENTED_EDGE('',*,*,#21113,.T.);
#21115=CARTESIAN_POINT('',(1420.376955262,-880.5,1.4));
#21116=DIRECTION('',(1.,-0.,-0.));
#21117=VECTOR('',#21116,15.246089476);
#21118=LINE('',#21115,#21117);
#21119=EDGE_CURVE('',#21108,#21090,#21118,.T.);
#21120=ORIENTED_EDGE('',*,*,#21119,.T.);
#21121=EDGE_LOOP('',(#21098,#21106,#21114,#21120));
#21122=FACE_BOUND('',#21121,.T.);
#21123=ADVANCED_FACE('',(#21122),#21088,.T.);
#21124=CARTESIAN_POINT('',(1428.,-880.5,1.4));
#21125=DIRECTION('',(0.,-0.819231921,-0.573462344));
#21126=DIRECTION('',(1.,0.,0.));
#21127=AXIS2_PLACEMENT_3D('',#21124,#21125,#21126);
#21128=PLANE('',#21127);
#21129=CARTESIAN_POINT('',(1421.076955262,-881.2,2.4));
#21130=VERTEX_POINT('',#21129);
#21131=CARTESIAN_POINT('',(1421.076955262,-881.2,2.4));
#21132=DIRECTION('',(-0.497468338,0.497468338,-0.710669055));
#21133=VECTOR('',#21132,1.407124728);
#21134=LINE('',#21131,#21133);
#21135=EDGE_CURVE('',#21130,#21108,#21134,.T.);
#21136=ORIENTED_EDGE('',*,*,#21135,.F.);
#21137=CARTESIAN_POINT('',(1434.923044738,-881.2,2.4));
#21138=VERTEX_POINT('',#21137);
#21139=CARTESIAN_POINT('',(1421.076955262,-881.199999999,2.4));
#21140=DIRECTION('',(1.,0.,-0.));
#21141=VECTOR('',#21140,13.846089476);
#21142=LINE('',#21139,#21141);
#21143=EDGE_CURVE('',#21130,#21138,#21142,.T.);
#21144=ORIENTED_EDGE('',*,*,#21143,.T.);
#21145=CARTESIAN_POINT('',(1435.623044738,-880.5,1.4));
#21146=DIRECTION('',(-0.497468338,-0.497468338,0.710669055));
#21147=VECTOR('',#21146,1.407124728);
#21148=LINE('',#21145,#21147);
#21149=EDGE_CURVE('',#21090,#21138,#21148,.T.);
#21150=ORIENTED_EDGE('',*,*,#21149,.F.);
#21151=ORIENTED_EDGE('',*,*,#21119,.F.);
#21152=EDGE_LOOP('',(#21136,#21144,#21150,#21151));
#21153=FACE_BOUND('',#21152,.T.);
#21154=ADVANCED_FACE('',(#21153),#21128,.F.);
#21155=CARTESIAN_POINT('',(1428.,-881.2,6.8));
#21156=DIRECTION('',(0.,1.,0.));
#21157=DIRECTION('',(-1.,0.,0.));
#21158=AXIS2_PLACEMENT_3D('',#21155,#21156,#21157);
#21159=PLANE('',#21158);
#21160=ORIENTED_EDGE('',*,*,#21143,.F.);
#21161=CARTESIAN_POINT('',(1421.076955262,-881.2,4.4));
#21162=VERTEX_POINT('',#21161);
#21163=CARTESIAN_POINT('',(1421.076955262,-881.2,4.4));
#21164=DIRECTION('',(-0.,-0.,-1.));
#21165=VECTOR('',#21164,2.);
#21166=LINE('',#21163,#21165);
#21167=EDGE_CURVE('',#21162,#21130,#21166,.T.);
#21168=ORIENTED_EDGE('',*,*,#21167,.F.);
#21169=CARTESIAN_POINT('',(1434.923044738,-881.2,4.4));
#21170=VERTEX_POINT('',#21169);
#21171=CARTESIAN_POINT('',(1421.076955262,-881.2,4.4));
#21172=DIRECTION('',(1.,-0.,-0.));
#21173=VECTOR('',#21172,13.846089476);
#21174=LINE('',#21171,#21173);
#21175=EDGE_CURVE('',#21162,#21170,#21174,.T.);
#21176=ORIENTED_EDGE('',*,*,#21175,.T.);
#21177=CARTESIAN_POINT('',(1434.923044738,-881.2,4.4));
#21178=DIRECTION('',(-0.,-0.,-1.));
#21179=VECTOR('',#21178,2.);
#21180=LINE('',#21177,#21179);
#21181=EDGE_CURVE('',#21170,#21138,#21180,.T.);
#21182=ORIENTED_EDGE('',*,*,#21181,.T.);
#21183=EDGE_LOOP('',(#21160,#21168,#21176,#21182));
#21184=FACE_BOUND('',#21183,.T.);
#21185=ADVANCED_FACE('',(#21184),#21159,.T.);
#21186=CARTESIAN_POINT('',(1435.273044738,-880.85,6.8));
#21187=DIRECTION('',(-0.707106781,0.707106781,0.));
#21188=DIRECTION('',(-0.707106781,-0.707106781,0.));
#21189=AXIS2_PLACEMENT_3D('',#21186,#21187,#21188);
#21190=PLANE('',#21189);
#21191=CARTESIAN_POINT('',(1435.623044738,-880.5,5.4));
#21192=VERTEX_POINT('',#21191);
#21193=CARTESIAN_POINT('',(1434.923044738,-881.2,4.4));
#21194=DIRECTION('',(0.497468338,0.497468338,0.710669055));
#21195=VECTOR('',#21194,1.407124728);
#21196=LINE('',#21193,#21195);
#21197=EDGE_CURVE('',#21170,#21192,#21196,.T.);
#21198=ORIENTED_EDGE('',*,*,#21197,.T.);
#21199=CARTESIAN_POINT('',(1440.5,-875.623044738,5.4));
#21200=VERTEX_POINT('',#21199);
#21201=CARTESIAN_POINT('',(1435.623044738,-880.5,5.4));
#21202=DIRECTION('',(0.707106781,0.707106781,-0.));
#21203=VECTOR('',#21202,6.897056275);
#21204=LINE('',#21201,#21203);
#21205=EDGE_CURVE('',#21192,#21200,#21204,.T.);
#21206=ORIENTED_EDGE('',*,*,#21205,.T.);
#21207=CARTESIAN_POINT('',(1440.5,-875.623044738,5.4));
#21208=DIRECTION('',(0.497468338,0.497468338,-0.710669055));
#21209=VECTOR('',#21208,1.407124728);
#21210=LINE('',#21207,#21209);
#21211=EDGE_CURVE('',#21200,#21004,#21210,.T.);
#21212=ORIENTED_EDGE('',*,*,#21211,.T.);
#21213=ORIENTED_EDGE('',*,*,#21009,.T.);
#21214=ORIENTED_EDGE('',*,*,#20977,.T.);
#21215=CARTESIAN_POINT('',(1440.5,-875.623044738,1.4));
#21216=DIRECTION('',(-0.707106781,-0.707106781,0.));
#21217=VECTOR('',#21216,6.897056275);
#21218=LINE('',#21215,#21217);
#21219=EDGE_CURVE('',#20950,#21090,#21218,.T.);
#21220=ORIENTED_EDGE('',*,*,#21219,.T.);
#21221=ORIENTED_EDGE('',*,*,#21149,.T.);
#21222=ORIENTED_EDGE('',*,*,#21181,.F.);
#21223=EDGE_LOOP('',(#21198,#21206,#21212,#21213,#21214,#21220,#21221,#21222));
#21224=FACE_BOUND('',#21223,.T.);
#21225=ADVANCED_FACE('',(#21224),#21190,.T.);
#21226=CARTESIAN_POINT('',(1415.5,-868.,2.4));
#21227=DIRECTION('',(1.,0.,0.));
#21228=DIRECTION('',(0.,1.,0.));
#21229=AXIS2_PLACEMENT_3D('',#21226,#21227,#21228);
#21230=PLANE('',#21229);
#21231=CARTESIAN_POINT('',(1415.5,-875.623044738,1.4));
#21232=VERTEX_POINT('',#21231);
#21233=CARTESIAN_POINT('',(1415.5,-877.0372583,0.4));
#21234=VERTEX_POINT('',#21233);
#21235=CARTESIAN_POINT('',(1415.5,-875.623044738,1.4));
#21236=DIRECTION('',(0.,-0.816496581,-0.577350269));
#21237=VECTOR('',#21236,1.732050807);
#21238=LINE('',#21235,#21237);
#21239=EDGE_CURVE('',#21232,#21234,#21238,.T.);
#21240=ORIENTED_EDGE('',*,*,#21239,.T.);
#21241=CARTESIAN_POINT('',(1415.5,-858.9627417,0.4));
#21242=VERTEX_POINT('',#21241);
#21243=CARTESIAN_POINT('',(1415.5,-877.0372583,0.4));
#21244=DIRECTION('',(0.,1.,0.));
#21245=VECTOR('',#21244,18.0745166);
#21246=LINE('',#21243,#21245);
#21247=EDGE_CURVE('',#21234,#21242,#21246,.T.);
#21248=ORIENTED_EDGE('',*,*,#21247,.T.);
#21249=CARTESIAN_POINT('',(1415.5,-860.376955262,1.4));
#21250=VERTEX_POINT('',#21249);
#21251=CARTESIAN_POINT('',(1415.5,-858.9627417,0.4));
#21252=DIRECTION('',(0.,-0.816496581,0.577350269));
#21253=VECTOR('',#21252,1.732050807);
#21254=LINE('',#21251,#21253);
#21255=EDGE_CURVE('',#21242,#21250,#21254,.T.);
#21256=ORIENTED_EDGE('',*,*,#21255,.T.);
#21257=CARTESIAN_POINT('',(1415.5,-860.376955262,1.4));
#21258=DIRECTION('',(-0.,-1.,-0.));
#21259=VECTOR('',#21258,15.246089476);
#21260=LINE('',#21257,#21259);
#21261=EDGE_CURVE('',#21250,#21232,#21260,.T.);
#21262=ORIENTED_EDGE('',*,*,#21261,.T.);
#21263=EDGE_LOOP('',(#21240,#21248,#21256,#21262));
#21264=FACE_BOUND('',#21263,.T.);
#21265=ADVANCED_FACE('',(#21264),#21230,.T.);
#21266=CARTESIAN_POINT('',(1415.5,-868.,1.4));
#21267=DIRECTION('',(-0.819231921,0.,-0.573462344));
#21268=DIRECTION('',(0.,-1.,0.));
#21269=AXIS2_PLACEMENT_3D('',#21266,#21267,#21268);
#21270=PLANE('',#21269);
#21271=CARTESIAN_POINT('',(1414.8,-861.076955262,2.4));
#21272=VERTEX_POINT('',#21271);
#21273=CARTESIAN_POINT('',(1414.8,-861.076955262,2.4));
#21274=DIRECTION('',(0.497468338,0.497468338,-0.710669055));
#21275=VECTOR('',#21274,1.407124728);
#21276=LINE('',#21273,#21275);
#21277=EDGE_CURVE('',#21272,#21250,#21276,.T.);
#21278=ORIENTED_EDGE('',*,*,#21277,.F.);
#21279=CARTESIAN_POINT('',(1414.8,-874.923044738,2.4));
#21280=VERTEX_POINT('',#21279);
#21281=CARTESIAN_POINT('',(1414.800000001,-861.076955262,2.4));
#21282=DIRECTION('',(0.,-1.,0.));
#21283=VECTOR('',#21282,13.846089476);
#21284=LINE('',#21281,#21283);
#21285=EDGE_CURVE('',#21272,#21280,#21284,.T.);
#21286=ORIENTED_EDGE('',*,*,#21285,.T.);
#21287=CARTESIAN_POINT('',(1415.5,-875.623044738,1.4));
#21288=DIRECTION('',(-0.497468338,0.497468338,0.710669055));
#21289=VECTOR('',#21288,1.407124728);
#21290=LINE('',#21287,#21289);
#21291=EDGE_CURVE('',#21232,#21280,#21290,.T.);
#21292=ORIENTED_EDGE('',*,*,#21291,.F.);
#21293=ORIENTED_EDGE('',*,*,#21261,.F.);
#21294=EDGE_LOOP('',(#21278,#21286,#21292,#21293));
#21295=FACE_BOUND('',#21294,.T.);
#21296=ADVANCED_FACE('',(#21295),#21270,.F.);
#21297=CARTESIAN_POINT('',(1414.8,-868.,6.8));
#21298=DIRECTION('',(1.,0.,0.));
#21299=DIRECTION('',(0.,1.,0.));
#21300=AXIS2_PLACEMENT_3D('',#21297,#21298,#21299);
#21301=PLANE('',#21300);
#21302=ORIENTED_EDGE('',*,*,#21285,.F.);
#21303=CARTESIAN_POINT('',(1414.8,-861.076955262,4.4));
#21304=VERTEX_POINT('',#21303);
#21305=CARTESIAN_POINT('',(1414.8,-861.076955262,4.4));
#21306=DIRECTION('',(-0.,-0.,-1.));
#21307=VECTOR('',#21306,2.);
#21308=LINE('',#21305,#21307);
#21309=EDGE_CURVE('',#21304,#21272,#21308,.T.);
#21310=ORIENTED_EDGE('',*,*,#21309,.F.);
#21311=CARTESIAN_POINT('',(1414.8,-874.923044738,4.4));
#21312=VERTEX_POINT('',#21311);
#21313=CARTESIAN_POINT('',(1414.8,-861.076955262,4.4));
#21314=DIRECTION('',(-0.,-1.,-0.));
#21315=VECTOR('',#21314,13.846089476);
#21316=LINE('',#21313,#21315);
#21317=EDGE_CURVE('',#21304,#21312,#21316,.T.);
#21318=ORIENTED_EDGE('',*,*,#21317,.T.);
#21319=CARTESIAN_POINT('',(1414.8,-874.923044738,4.4));
#21320=DIRECTION('',(-0.,-0.,-1.));
#21321=VECTOR('',#21320,2.);
#21322=LINE('',#21319,#21321);
#21323=EDGE_CURVE('',#21312,#21280,#21322,.T.);
#21324=ORIENTED_EDGE('',*,*,#21323,.T.);
#21325=EDGE_LOOP('',(#21302,#21310,#21318,#21324));
#21326=FACE_BOUND('',#21325,.T.);
#21327=ADVANCED_FACE('',(#21326),#21301,.T.);
#21328=CARTESIAN_POINT('',(1415.15,-875.273044738,6.8));
#21329=DIRECTION('',(0.707106781,0.707106781,0.));
#21330=DIRECTION('',(-0.707106781,0.707106781,0.));
#21331=AXIS2_PLACEMENT_3D('',#21328,#21329,#21330);
#21332=PLANE('',#21331);
#21333=ORIENTED_EDGE('',*,*,#21135,.T.);
#21334=CARTESIAN_POINT('',(1420.376955262,-880.5,1.4));
#21335=DIRECTION('',(-0.707106781,0.707106781,0.));
#21336=VECTOR('',#21335,6.897056275);
#21337=LINE('',#21334,#21336);
#21338=EDGE_CURVE('',#21108,#21232,#21337,.T.);
#21339=ORIENTED_EDGE('',*,*,#21338,.T.);
#21340=ORIENTED_EDGE('',*,*,#21291,.T.);
#21341=ORIENTED_EDGE('',*,*,#21323,.F.);
#21342=CARTESIAN_POINT('',(1415.5,-875.623044738,5.4));
#21343=VERTEX_POINT('',#21342);
#21344=CARTESIAN_POINT('',(1414.8,-874.923044738,4.4));
#21345=DIRECTION('',(0.497468338,-0.497468338,0.710669055));
#21346=VECTOR('',#21345,1.407124728);
#21347=LINE('',#21344,#21346);
#21348=EDGE_CURVE('',#21312,#21343,#21347,.T.);
#21349=ORIENTED_EDGE('',*,*,#21348,.T.);
#21350=CARTESIAN_POINT('',(1420.376955262,-880.5,5.4));
#21351=VERTEX_POINT('',#21350);
#21352=CARTESIAN_POINT('',(1415.5,-875.623044738,5.4));
#21353=DIRECTION('',(0.707106781,-0.707106781,-0.));
#21354=VECTOR('',#21353,6.897056275);
#21355=LINE('',#21352,#21354);
#21356=EDGE_CURVE('',#21343,#21351,#21355,.T.);
#21357=ORIENTED_EDGE('',*,*,#21356,.T.);
#21358=CARTESIAN_POINT('',(1420.376955262,-880.5,5.4));
#21359=DIRECTION('',(0.497468338,-0.497468338,-0.710669055));
#21360=VECTOR('',#21359,1.407124728);
#21361=LINE('',#21358,#21360);
#21362=EDGE_CURVE('',#21351,#21162,#21361,.T.);
#21363=ORIENTED_EDGE('',*,*,#21362,.T.);
#21364=ORIENTED_EDGE('',*,*,#21167,.T.);
#21365=EDGE_LOOP('',(#21333,#21339,#21340,#21341,#21349,#21357,#21363,#21364));
#21366=FACE_BOUND('',#21365,.T.);
#21367=ADVANCED_FACE('',(#21366),#21332,.T.);
#21368=CARTESIAN_POINT('',(1428.,-855.5,2.4));
#21369=DIRECTION('',(0.,-1.,0.));
#21370=DIRECTION('',(1.,0.,0.));
#21371=AXIS2_PLACEMENT_3D('',#21368,#21369,#21370);
#21372=PLANE('',#21371);
#21373=CARTESIAN_POINT('',(1420.376955262,-855.5,1.4));
#21374=VERTEX_POINT('',#21373);
#21375=CARTESIAN_POINT('',(1418.9627417,-855.5,0.4));
#21376=VERTEX_POINT('',#21375);
#21377=CARTESIAN_POINT('',(1420.376955262,-855.5,1.4));
#21378=DIRECTION('',(-0.816496581,0.,-0.577350269));
#21379=VECTOR('',#21378,1.732050807);
#21380=LINE('',#21377,#21379);
#21381=EDGE_CURVE('',#21374,#21376,#21380,.T.);
#21382=ORIENTED_EDGE('',*,*,#21381,.T.);
#21383=CARTESIAN_POINT('',(1437.0372583,-855.5,0.4));
#21384=VERTEX_POINT('',#21383);
#21385=CARTESIAN_POINT('',(1418.9627417,-855.5,0.4));
#21386=DIRECTION('',(1.,0.,-0.));
#21387=VECTOR('',#21386,18.0745166);
#21388=LINE('',#21385,#21387);
#21389=EDGE_CURVE('',#21376,#21384,#21388,.T.);
#21390=ORIENTED_EDGE('',*,*,#21389,.T.);
#21391=CARTESIAN_POINT('',(1437.0372583,-855.5,0.4));
#21392=DIRECTION('',(-0.816496581,0.,0.577350269));
#21393=VECTOR('',#21392,1.732050807);
#21394=LINE('',#21391,#21393);
#21395=EDGE_CURVE('',#21384,#21066,#21394,.T.);
#21396=ORIENTED_EDGE('',*,*,#21395,.T.);
#21397=CARTESIAN_POINT('',(1435.623044738,-855.5,1.4));
#21398=DIRECTION('',(-1.,-0.,0.));
#21399=VECTOR('',#21398,15.246089476);
#21400=LINE('',#21397,#21399);
#21401=EDGE_CURVE('',#21066,#21374,#21400,.T.);
#21402=ORIENTED_EDGE('',*,*,#21401,.T.);
#21403=EDGE_LOOP('',(#21382,#21390,#21396,#21402));
#21404=FACE_BOUND('',#21403,.T.);
#21405=ADVANCED_FACE('',(#21404),#21372,.T.);
#21406=CARTESIAN_POINT('',(1428.,-855.5,1.4));
#21407=DIRECTION('',(0.,0.819231921,-0.573462344));
#21408=DIRECTION('',(-1.,0.,0.));
#21409=AXIS2_PLACEMENT_3D('',#21406,#21407,#21408);
#21410=PLANE('',#21409);
#21411=ORIENTED_EDGE('',*,*,#21071,.F.);
#21412=CARTESIAN_POINT('',(1421.076955262,-854.8,2.4));
#21413=VERTEX_POINT('',#21412);
#21414=CARTESIAN_POINT('',(1434.923044738,-854.800000001,2.4));
#21415=DIRECTION('',(-1.,0.,0.));
#21416=VECTOR('',#21415,13.846089476);
#21417=LINE('',#21414,#21416);
#21418=EDGE_CURVE('',#21058,#21413,#21417,.T.);
#21419=ORIENTED_EDGE('',*,*,#21418,.T.);
#21420=CARTESIAN_POINT('',(1420.376955262,-855.5,1.4));
#21421=DIRECTION('',(0.497468338,0.497468338,0.710669055));
#21422=VECTOR('',#21421,1.407124728);
#21423=LINE('',#21420,#21422);
#21424=EDGE_CURVE('',#21374,#21413,#21423,.T.);
#21425=ORIENTED_EDGE('',*,*,#21424,.F.);
#21426=ORIENTED_EDGE('',*,*,#21401,.F.);
#21427=EDGE_LOOP('',(#21411,#21419,#21425,#21426));
#21428=FACE_BOUND('',#21427,.T.);
#21429=ADVANCED_FACE('',(#21428),#21410,.F.);
#21430=CARTESIAN_POINT('',(1428.,-854.8,6.8));
#21431=DIRECTION('',(0.,-1.,0.));
#21432=DIRECTION('',(1.,0.,0.));
#21433=AXIS2_PLACEMENT_3D('',#21430,#21431,#21432);
#21434=PLANE('',#21433);
#21435=ORIENTED_EDGE('',*,*,#21418,.F.);
#21436=ORIENTED_EDGE('',*,*,#21063,.F.);
#21437=CARTESIAN_POINT('',(1421.076955262,-854.8,4.4));
#21438=VERTEX_POINT('',#21437);
#21439=CARTESIAN_POINT('',(1434.923044738,-854.8,4.4));
#21440=DIRECTION('',(-1.,-0.,0.));
#21441=VECTOR('',#21440,13.846089476);
#21442=LINE('',#21439,#21441);
#21443=EDGE_CURVE('',#21050,#21438,#21442,.T.);
#21444=ORIENTED_EDGE('',*,*,#21443,.T.);
#21445=CARTESIAN_POINT('',(1421.076955262,-854.8,4.4));
#21446=DIRECTION('',(-0.,-0.,-1.));
#21447=VECTOR('',#21446,2.);
#21448=LINE('',#21445,#21447);
#21449=EDGE_CURVE('',#21438,#21413,#21448,.T.);
#21450=ORIENTED_EDGE('',*,*,#21449,.T.);
#21451=EDGE_LOOP('',(#21435,#21436,#21444,#21450));
#21452=FACE_BOUND('',#21451,.T.);
#21453=ADVANCED_FACE('',(#21452),#21434,.T.);
#21454=CARTESIAN_POINT('',(1420.726955262,-855.15,6.8));
#21455=DIRECTION('',(0.707106781,-0.707106781,0.));
#21456=DIRECTION('',(0.707106781,0.707106781,0.));
#21457=AXIS2_PLACEMENT_3D('',#21454,#21455,#21456);
#21458=PLANE('',#21457);
#21459=ORIENTED_EDGE('',*,*,#21277,.T.);
#21460=CARTESIAN_POINT('',(1415.5,-860.376955262,1.4));
#21461=DIRECTION('',(0.707106781,0.707106781,0.));
#21462=VECTOR('',#21461,6.897056275);
#21463=LINE('',#21460,#21462);
#21464=EDGE_CURVE('',#21250,#21374,#21463,.T.);
#21465=ORIENTED_EDGE('',*,*,#21464,.T.);
#21466=ORIENTED_EDGE('',*,*,#21424,.T.);
#21467=ORIENTED_EDGE('',*,*,#21449,.F.);
#21468=CARTESIAN_POINT('',(1420.376955262,-855.5,5.4));
#21469=VERTEX_POINT('',#21468);
#21470=CARTESIAN_POINT('',(1421.076955262,-854.8,4.4));
#21471=DIRECTION('',(-0.497468338,-0.497468338,0.710669055));
#21472=VECTOR('',#21471,1.407124728);
#21473=LINE('',#21470,#21472);
#21474=EDGE_CURVE('',#21438,#21469,#21473,.T.);
#21475=ORIENTED_EDGE('',*,*,#21474,.T.);
#21476=CARTESIAN_POINT('',(1415.5,-860.376955262,5.4));
#21477=VERTEX_POINT('',#21476);
#21478=CARTESIAN_POINT('',(1420.376955262,-855.5,5.4));
#21479=DIRECTION('',(-0.707106781,-0.707106781,-0.));
#21480=VECTOR('',#21479,6.897056275);
#21481=LINE('',#21478,#21480);
#21482=EDGE_CURVE('',#21469,#21477,#21481,.T.);
#21483=ORIENTED_EDGE('',*,*,#21482,.T.);
#21484=CARTESIAN_POINT('',(1415.5,-860.376955262,5.4));
#21485=DIRECTION('',(-0.497468338,-0.497468338,-0.710669055));
#21486=VECTOR('',#21485,1.407124728);
#21487=LINE('',#21484,#21486);
#21488=EDGE_CURVE('',#21477,#21304,#21487,.T.);
#21489=ORIENTED_EDGE('',*,*,#21488,.T.);
#21490=ORIENTED_EDGE('',*,*,#21309,.T.);
#21491=EDGE_LOOP('',(#21459,#21465,#21466,#21467,#21475,#21483,#21489,#21490));
#21492=FACE_BOUND('',#21491,.T.);
#21493=ADVANCED_FACE('',(#21492),#21458,.T.);
#21494=CARTESIAN_POINT('',(1440.5,-868.,4.4));
#21495=DIRECTION('',(-1.,0.,0.));
#21496=DIRECTION('',(0.,-1.,0.));
#21497=AXIS2_PLACEMENT_3D('',#21494,#21495,#21496);
#21498=PLANE('',#21497);
#21499=CARTESIAN_POINT('',(1440.5,-877.0372583,6.4));
#21500=VERTEX_POINT('',#21499);
#21501=CARTESIAN_POINT('',(1440.5,-875.623044738,5.4));
#21502=DIRECTION('',(0.,-0.816496581,0.577350269));
#21503=VECTOR('',#21502,1.732050807);
#21504=LINE('',#21501,#21503);
#21505=EDGE_CURVE('',#21200,#21500,#21504,.T.);
#21506=ORIENTED_EDGE('',*,*,#21505,.T.);
#21507=CARTESIAN_POINT('',(1440.5,-858.9627417,6.4));
#21508=VERTEX_POINT('',#21507);
#21509=CARTESIAN_POINT('',(1440.5,-877.0372583,6.4));
#21510=DIRECTION('',(-0.,1.,-0.));
#21511=VECTOR('',#21510,18.0745166);
#21512=LINE('',#21509,#21511);
#21513=EDGE_CURVE('',#21500,#21508,#21512,.T.);
#21514=ORIENTED_EDGE('',*,*,#21513,.T.);
#21515=CARTESIAN_POINT('',(1440.5,-858.9627417,6.4));
#21516=DIRECTION('',(0.,-0.816496581,-0.577350269));
#21517=VECTOR('',#21516,1.732050807);
#21518=LINE('',#21515,#21517);
#21519=EDGE_CURVE('',#21508,#21034,#21518,.T.);
#21520=ORIENTED_EDGE('',*,*,#21519,.T.);
#21521=CARTESIAN_POINT('',(1440.5,-860.376955262,5.4));
#21522=DIRECTION('',(0.,-1.,0.));
#21523=VECTOR('',#21522,15.246089476);
#21524=LINE('',#21521,#21523);
#21525=EDGE_CURVE('',#21034,#21200,#21524,.T.);
#21526=ORIENTED_EDGE('',*,*,#21525,.T.);
#21527=EDGE_LOOP('',(#21506,#21514,#21520,#21526));
#21528=FACE_BOUND('',#21527,.T.);
#21529=ADVANCED_FACE('',(#21528),#21498,.T.);
#21530=CARTESIAN_POINT('',(1440.5,-868.,5.4));
#21531=DIRECTION('',(-0.819231921,0.,-0.573462344));
#21532=DIRECTION('',(0.,1.,0.));
#21533=AXIS2_PLACEMENT_3D('',#21530,#21531,#21532);
#21534=PLANE('',#21533);
#21535=ORIENTED_EDGE('',*,*,#21039,.F.);
#21536=ORIENTED_EDGE('',*,*,#21017,.F.);
#21537=ORIENTED_EDGE('',*,*,#21211,.F.);
#21538=ORIENTED_EDGE('',*,*,#21525,.F.);
#21539=EDGE_LOOP('',(#21535,#21536,#21537,#21538));
#21540=FACE_BOUND('',#21539,.T.);
#21541=ADVANCED_FACE('',(#21540),#21534,.T.);
#21542=CARTESIAN_POINT('',(1428.,-880.5,4.4));
#21543=DIRECTION('',(0.,1.,0.));
#21544=DIRECTION('',(-1.,0.,0.));
#21545=AXIS2_PLACEMENT_3D('',#21542,#21543,#21544);
#21546=PLANE('',#21545);
#21547=CARTESIAN_POINT('',(1418.9627417,-880.5,6.4));
#21548=VERTEX_POINT('',#21547);
#21549=CARTESIAN_POINT('',(1420.376955262,-880.5,5.4));
#21550=DIRECTION('',(-0.816496581,0.,0.577350269));
#21551=VECTOR('',#21550,1.732050807);
#21552=LINE('',#21549,#21551);
#21553=EDGE_CURVE('',#21351,#21548,#21552,.T.);
#21554=ORIENTED_EDGE('',*,*,#21553,.T.);
#21555=CARTESIAN_POINT('',(1437.0372583,-880.5,6.4));
#21556=VERTEX_POINT('',#21555);
#21557=CARTESIAN_POINT('',(1418.9627417,-880.5,6.4));
#21558=DIRECTION('',(1.,-0.,-0.));
#21559=VECTOR('',#21558,18.0745166);
#21560=LINE('',#21557,#21559);
#21561=EDGE_CURVE('',#21548,#21556,#21560,.T.);
#21562=ORIENTED_EDGE('',*,*,#21561,.T.);
#21563=CARTESIAN_POINT('',(1437.0372583,-880.5,6.4));
#21564=DIRECTION('',(-0.816496581,0.,-0.577350269));
#21565=VECTOR('',#21564,1.732050807);
#21566=LINE('',#21563,#21565);
#21567=EDGE_CURVE('',#21556,#21192,#21566,.T.);
#21568=ORIENTED_EDGE('',*,*,#21567,.T.);
#21569=CARTESIAN_POINT('',(1435.623044738,-880.5,5.4));
#21570=DIRECTION('',(-1.,0.,0.));
#21571=VECTOR('',#21570,15.246089476);
#21572=LINE('',#21569,#21571);
#21573=EDGE_CURVE('',#21192,#21351,#21572,.T.);
#21574=ORIENTED_EDGE('',*,*,#21573,.T.);
#21575=EDGE_LOOP('',(#21554,#21562,#21568,#21574));
#21576=FACE_BOUND('',#21575,.T.);
#21577=ADVANCED_FACE('',(#21576),#21546,.T.);
#21578=CARTESIAN_POINT('',(1428.,-880.5,5.4));
#21579=DIRECTION('',(0.,0.819231921,-0.573462344));
#21580=DIRECTION('',(1.,0.,0.));
#21581=AXIS2_PLACEMENT_3D('',#21578,#21579,#21580);
#21582=PLANE('',#21581);
#21583=ORIENTED_EDGE('',*,*,#21197,.F.);
#21584=ORIENTED_EDGE('',*,*,#21175,.F.);
#21585=ORIENTED_EDGE('',*,*,#21362,.F.);
#21586=ORIENTED_EDGE('',*,*,#21573,.F.);
#21587=EDGE_LOOP('',(#21583,#21584,#21585,#21586));
#21588=FACE_BOUND('',#21587,.T.);
#21589=ADVANCED_FACE('',(#21588),#21582,.T.);
#21590=CARTESIAN_POINT('',(1415.5,-868.,4.4));
#21591=DIRECTION('',(1.,0.,0.));
#21592=DIRECTION('',(0.,1.,0.));
#21593=AXIS2_PLACEMENT_3D('',#21590,#21591,#21592);
#21594=PLANE('',#21593);
#21595=CARTESIAN_POINT('',(1415.5,-858.9627417,6.4));
#21596=VERTEX_POINT('',#21595);
#21597=CARTESIAN_POINT('',(1415.5,-860.376955262,5.4));
#21598=DIRECTION('',(0.,0.816496581,0.577350269));
#21599=VECTOR('',#21598,1.732050807);
#21600=LINE('',#21597,#21599);
#21601=EDGE_CURVE('',#21477,#21596,#21600,.T.);
#21602=ORIENTED_EDGE('',*,*,#21601,.T.);
#21603=CARTESIAN_POINT('',(1415.5,-877.0372583,6.4));
#21604=VERTEX_POINT('',#21603);
#21605=CARTESIAN_POINT('',(1415.5,-858.9627417,6.4));
#21606=DIRECTION('',(-0.,-1.,-0.));
#21607=VECTOR('',#21606,18.0745166);
#21608=LINE('',#21605,#21607);
#21609=EDGE_CURVE('',#21596,#21604,#21608,.T.);
#21610=ORIENTED_EDGE('',*,*,#21609,.T.);
#21611=CARTESIAN_POINT('',(1415.5,-877.0372583,6.4));
#21612=DIRECTION('',(0.,0.816496581,-0.577350269));
#21613=VECTOR('',#21612,1.732050807);
#21614=LINE('',#21611,#21613);
#21615=EDGE_CURVE('',#21604,#21343,#21614,.T.);
#21616=ORIENTED_EDGE('',*,*,#21615,.T.);
#21617=CARTESIAN_POINT('',(1415.5,-875.623044738,5.4));
#21618=DIRECTION('',(0.,1.,0.));
#21619=VECTOR('',#21618,15.246089476);
#21620=LINE('',#21617,#21619);
#21621=EDGE_CURVE('',#21343,#21477,#21620,.T.);
#21622=ORIENTED_EDGE('',*,*,#21621,.T.);
#21623=EDGE_LOOP('',(#21602,#21610,#21616,#21622));
#21624=FACE_BOUND('',#21623,.T.);
#21625=ADVANCED_FACE('',(#21624),#21594,.T.);
#21626=CARTESIAN_POINT('',(1415.5,-868.,5.4));
#21627=DIRECTION('',(0.819231921,0.,-0.573462344));
#21628=DIRECTION('',(0.,-1.,0.));
#21629=AXIS2_PLACEMENT_3D('',#21626,#21627,#21628);
#21630=PLANE('',#21629);
#21631=ORIENTED_EDGE('',*,*,#21348,.F.);
#21632=ORIENTED_EDGE('',*,*,#21317,.F.);
#21633=ORIENTED_EDGE('',*,*,#21488,.F.);
#21634=ORIENTED_EDGE('',*,*,#21621,.F.);
#21635=EDGE_LOOP('',(#21631,#21632,#21633,#21634));
#21636=FACE_BOUND('',#21635,.T.);
#21637=ADVANCED_FACE('',(#21636),#21630,.T.);
#21638=CARTESIAN_POINT('',(1428.,-855.5,4.4));
#21639=DIRECTION('',(0.,-1.,0.));
#21640=DIRECTION('',(1.,0.,0.));
#21641=AXIS2_PLACEMENT_3D('',#21638,#21639,#21640);
#21642=PLANE('',#21641);
#21643=CARTESIAN_POINT('',(1437.0372583,-855.5,6.4));
#21644=VERTEX_POINT('',#21643);
#21645=CARTESIAN_POINT('',(1435.623044738,-855.5,5.4));
#21646=DIRECTION('',(0.816496581,0.,0.577350269));
#21647=VECTOR('',#21646,1.732050807);
#21648=LINE('',#21645,#21647);
#21649=EDGE_CURVE('',#21042,#21644,#21648,.T.);
#21650=ORIENTED_EDGE('',*,*,#21649,.T.);
#21651=CARTESIAN_POINT('',(1418.9627417,-855.5,6.4));
#21652=VERTEX_POINT('',#21651);
#21653=CARTESIAN_POINT('',(1437.0372583,-855.5,6.4));
#21654=DIRECTION('',(-1.,-0.,0.));
#21655=VECTOR('',#21654,18.0745166);
#21656=LINE('',#21653,#21655);
#21657=EDGE_CURVE('',#21644,#21652,#21656,.T.);
#21658=ORIENTED_EDGE('',*,*,#21657,.T.);
#21659=CARTESIAN_POINT('',(1418.9627417,-855.5,6.4));
#21660=DIRECTION('',(0.816496581,0.,-0.577350269));
#21661=VECTOR('',#21660,1.732050807);
#21662=LINE('',#21659,#21661);
#21663=EDGE_CURVE('',#21652,#21469,#21662,.T.);
#21664=ORIENTED_EDGE('',*,*,#21663,.T.);
#21665=CARTESIAN_POINT('',(1420.376955262,-855.5,5.4));
#21666=DIRECTION('',(1.,0.,-0.));
#21667=VECTOR('',#21666,15.246089476);
#21668=LINE('',#21665,#21667);
#21669=EDGE_CURVE('',#21469,#21042,#21668,.T.);
#21670=ORIENTED_EDGE('',*,*,#21669,.T.);
#21671=EDGE_LOOP('',(#21650,#21658,#21664,#21670));
#21672=FACE_BOUND('',#21671,.T.);
#21673=ADVANCED_FACE('',(#21672),#21642,.T.);
#21674=CARTESIAN_POINT('',(1428.,-855.5,5.4));
#21675=DIRECTION('',(0.,-0.819231921,-0.573462344));
#21676=DIRECTION('',(-1.,0.,0.));
#21677=AXIS2_PLACEMENT_3D('',#21674,#21675,#21676);
#21678=PLANE('',#21677);
#21679=ORIENTED_EDGE('',*,*,#21474,.F.);
#21680=ORIENTED_EDGE('',*,*,#21443,.F.);
#21681=ORIENTED_EDGE('',*,*,#21055,.F.);
#21682=ORIENTED_EDGE('',*,*,#21669,.F.);
#21683=EDGE_LOOP('',(#21679,#21680,#21681,#21682));
#21684=FACE_BOUND('',#21683,.T.);
#21685=ADVANCED_FACE('',(#21684),#21678,.T.);
#21686=CARTESIAN_POINT('',(1416.948528137,-856.948528137,0.));
#21687=DIRECTION('',(0.5,-0.5,-0.707106781));
#21688=DIRECTION('',(0.707106781,0.707106781,0.));
#21689=AXIS2_PLACEMENT_3D('',#21686,#21687,#21688);
#21690=PLANE('',#21689);
#21691=ORIENTED_EDGE('',*,*,#21381,.F.);
#21692=ORIENTED_EDGE('',*,*,#21464,.F.);
#21693=ORIENTED_EDGE('',*,*,#21255,.F.);
#21694=CARTESIAN_POINT('',(1415.5,-858.9627417,0.4));
#21695=DIRECTION('',(-0.678598344,0.281084638,-0.678598345));
#21696=VECTOR('',#21695,0.589450303);
#21697=LINE('',#21694,#21696);
#21698=EDGE_CURVE('',#21242,#1007,#21697,.T.);
#21699=ORIENTED_EDGE('',*,*,#21698,.T.);
#21700=ORIENTED_EDGE('',*,*,#1012,.F.);
#21701=CARTESIAN_POINT('',(1418.797056275,-855.1,0.));
#21702=DIRECTION('',(0.281084638,-0.678598344,0.678598345));
#21703=VECTOR('',#21702,0.589450303);
#21704=LINE('',#21701,#21703);
#21705=EDGE_CURVE('',#999,#21376,#21704,.T.);
#21706=ORIENTED_EDGE('',*,*,#21705,.T.);
#21707=EDGE_LOOP('',(#21691,#21692,#21693,#21699,#21700,#21706));
#21708=FACE_BOUND('',#21707,.T.);
#21709=ADVANCED_FACE('',(#21708),#21690,.T.);
#21710=CARTESIAN_POINT('',(1420.726955262,-855.15,5.4));
#21711=DIRECTION('',(-0.5,0.5,-0.707106781));
#21712=DIRECTION('',(-0.707106781,-0.707106781,0.));
#21713=AXIS2_PLACEMENT_3D('',#21710,#21711,#21712);
#21714=PLANE('',#21713);
#21715=ORIENTED_EDGE('',*,*,#21663,.F.);
#21716=CARTESIAN_POINT('',(1418.9627417,-855.5,6.4));
#21717=DIRECTION('',(-0.281084638,0.678598344,0.678598345));
#21718=VECTOR('',#21717,0.589450303);
#21719=LINE('',#21716,#21718);
#21720=EDGE_CURVE('',#21652,#2813,#21719,.T.);
#21721=ORIENTED_EDGE('',*,*,#21720,.T.);
#21722=ORIENTED_EDGE('',*,*,#2818,.F.);
#21723=CARTESIAN_POINT('',(1415.1,-858.797056275,6.8));
#21724=DIRECTION('',(0.678598344,-0.281084638,-0.678598345));
#21725=VECTOR('',#21724,0.589450303);
#21726=LINE('',#21723,#21725);
#21727=EDGE_CURVE('',#2805,#21596,#21726,.T.);
#21728=ORIENTED_EDGE('',*,*,#21727,.T.);
#21729=ORIENTED_EDGE('',*,*,#21601,.F.);
#21730=ORIENTED_EDGE('',*,*,#21482,.F.);
#21731=EDGE_LOOP('',(#21715,#21721,#21722,#21728,#21729,#21730));
#21732=FACE_BOUND('',#21731,.T.);
#21733=ADVANCED_FACE('',(#21732),#21714,.F.);
#21734=CARTESIAN_POINT('',(1435.273044738,-880.85,5.4));
#21735=DIRECTION('',(0.5,-0.5,-0.707106781));
#21736=DIRECTION('',(0.707106781,0.707106781,0.));
#21737=AXIS2_PLACEMENT_3D('',#21734,#21735,#21736);
#21738=PLANE('',#21737);
#21739=ORIENTED_EDGE('',*,*,#21567,.F.);
#21740=CARTESIAN_POINT('',(1437.0372583,-880.5,6.4));
#21741=DIRECTION('',(0.281084638,-0.678598344,0.678598345));
#21742=VECTOR('',#21741,0.589450303);
#21743=LINE('',#21740,#21742);
#21744=EDGE_CURVE('',#21556,#2845,#21743,.T.);
#21745=ORIENTED_EDGE('',*,*,#21744,.T.);
#21746=ORIENTED_EDGE('',*,*,#2850,.F.);
#21747=CARTESIAN_POINT('',(1440.9,-877.202943725,6.8));
#21748=DIRECTION('',(-0.678598344,0.281084638,-0.678598345));
#21749=VECTOR('',#21748,0.589450303);
#21750=LINE('',#21747,#21749);
#21751=EDGE_CURVE('',#2837,#21500,#21750,.T.);
#21752=ORIENTED_EDGE('',*,*,#21751,.T.);
#21753=ORIENTED_EDGE('',*,*,#21505,.F.);
#21754=ORIENTED_EDGE('',*,*,#21205,.F.);
#21755=EDGE_LOOP('',(#21739,#21745,#21746,#21752,#21753,#21754));
#21756=FACE_BOUND('',#21755,.T.);
#21757=ADVANCED_FACE('',(#21756),#21738,.F.);
#21758=CARTESIAN_POINT('',(1416.948528137,-879.051471863,0.));
#21759=DIRECTION('',(0.5,0.5,-0.707106781));
#21760=DIRECTION('',(-0.707106781,0.707106781,0.));
#21761=AXIS2_PLACEMENT_3D('',#21758,#21759,#21760);
#21762=PLANE('',#21761);
#21763=ORIENTED_EDGE('',*,*,#21239,.F.);
#21764=ORIENTED_EDGE('',*,*,#21338,.F.);
#21765=ORIENTED_EDGE('',*,*,#21113,.F.);
#21766=CARTESIAN_POINT('',(1418.9627417,-880.5,0.4));
#21767=DIRECTION('',(-0.281084638,-0.678598344,-0.678598345));
#21768=VECTOR('',#21767,0.589450303);
#21769=LINE('',#21766,#21768);
#21770=EDGE_CURVE('',#21100,#1023,#21769,.T.);
#21771=ORIENTED_EDGE('',*,*,#21770,.T.);
#21772=ORIENTED_EDGE('',*,*,#1028,.F.);
#21773=CARTESIAN_POINT('',(1415.1,-877.202943725,0.));
#21774=DIRECTION('',(0.678598344,0.281084638,0.678598345));
#21775=VECTOR('',#21774,0.589450303);
#21776=LINE('',#21773,#21775);
#21777=EDGE_CURVE('',#1015,#21234,#21776,.T.);
#21778=ORIENTED_EDGE('',*,*,#21777,.T.);
#21779=EDGE_LOOP('',(#21763,#21764,#21765,#21771,#21772,#21778));
#21780=FACE_BOUND('',#21779,.T.);
#21781=ADVANCED_FACE('',(#21780),#21762,.T.);
#21782=CARTESIAN_POINT('',(1440.85,-860.726955262,5.4));
#21783=DIRECTION('',(0.5,0.5,-0.707106781));
#21784=DIRECTION('',(-0.707106781,0.707106781,0.));
#21785=AXIS2_PLACEMENT_3D('',#21782,#21783,#21784);
#21786=PLANE('',#21785);
#21787=ORIENTED_EDGE('',*,*,#21519,.F.);
#21788=CARTESIAN_POINT('',(1440.5,-858.9627417,6.4));
#21789=DIRECTION('',(0.678598344,0.281084638,0.678598345));
#21790=VECTOR('',#21789,0.589450303);
#21791=LINE('',#21788,#21790);
#21792=EDGE_CURVE('',#21508,#2829,#21791,.T.);
#21793=ORIENTED_EDGE('',*,*,#21792,.T.);
#21794=ORIENTED_EDGE('',*,*,#2834,.F.);
#21795=CARTESIAN_POINT('',(1437.202943725,-855.1,6.8));
#21796=DIRECTION('',(-0.281084638,-0.678598344,-0.678598345));
#21797=VECTOR('',#21796,0.589450303);
#21798=LINE('',#21795,#21797);
#21799=EDGE_CURVE('',#2821,#21644,#21798,.T.);
#21800=ORIENTED_EDGE('',*,*,#21799,.T.);
#21801=ORIENTED_EDGE('',*,*,#21649,.F.);
#21802=ORIENTED_EDGE('',*,*,#21047,.F.);
#21803=EDGE_LOOP('',(#21787,#21793,#21794,#21800,#21801,#21802));
#21804=FACE_BOUND('',#21803,.T.);
#21805=ADVANCED_FACE('',(#21804),#21786,.F.);
#21806=CARTESIAN_POINT('',(1439.051471863,-879.051471863,0.));
#21807=DIRECTION('',(-0.5,0.5,-0.707106781));
#21808=DIRECTION('',(-0.707106781,-0.707106781,0.));
#21809=AXIS2_PLACEMENT_3D('',#21806,#21807,#21808);
#21810=PLANE('',#21809);
#21811=ORIENTED_EDGE('',*,*,#21097,.F.);
#21812=ORIENTED_EDGE('',*,*,#21219,.F.);
#21813=ORIENTED_EDGE('',*,*,#20955,.F.);
#21814=CARTESIAN_POINT('',(1440.5,-877.0372583,0.4));
#21815=DIRECTION('',(0.678598344,-0.281084638,-0.678598345));
#21816=VECTOR('',#21815,0.589450303);
#21817=LINE('',#21814,#21816);
#21818=EDGE_CURVE('',#20942,#1039,#21817,.T.);
#21819=ORIENTED_EDGE('',*,*,#21818,.T.);
#21820=ORIENTED_EDGE('',*,*,#1044,.F.);
#21821=CARTESIAN_POINT('',(1437.202943725,-880.9,0.));
#21822=DIRECTION('',(-0.281084638,0.678598344,0.678598345));
#21823=VECTOR('',#21822,0.589450303);
#21824=LINE('',#21821,#21823);
#21825=EDGE_CURVE('',#1031,#21092,#21824,.T.);
#21826=ORIENTED_EDGE('',*,*,#21825,.T.);
#21827=EDGE_LOOP('',(#21811,#21812,#21813,#21819,#21820,#21826));
#21828=FACE_BOUND('',#21827,.T.);
#21829=ADVANCED_FACE('',(#21828),#21810,.T.);
#21830=CARTESIAN_POINT('',(1439.051471863,-856.948528137,0.));
#21831=DIRECTION('',(-0.5,-0.5,-0.707106781));
#21832=DIRECTION('',(0.707106781,-0.707106781,0.));
#21833=AXIS2_PLACEMENT_3D('',#21830,#21831,#21832);
#21834=PLANE('',#21833);
#21835=ORIENTED_EDGE('',*,*,#20939,.F.);
#21836=ORIENTED_EDGE('',*,*,#21077,.F.);
#21837=ORIENTED_EDGE('',*,*,#21395,.F.);
#21838=CARTESIAN_POINT('',(1437.0372583,-855.5,0.4));
#21839=DIRECTION('',(0.281084638,0.678598344,-0.678598345));
#21840=VECTOR('',#21839,0.589450303);
#21841=LINE('',#21838,#21840);
#21842=EDGE_CURVE('',#21384,#997,#21841,.T.);
#21843=ORIENTED_EDGE('',*,*,#21842,.T.);
#21844=ORIENTED_EDGE('',*,*,#1058,.F.);
#21845=CARTESIAN_POINT('',(1440.9,-858.797056275,0.));
#21846=DIRECTION('',(-0.678598344,-0.281084638,0.678598345));
#21847=VECTOR('',#21846,0.589450303);
#21848=LINE('',#21845,#21847);
#21849=EDGE_CURVE('',#1047,#20934,#21848,.T.);
#21850=ORIENTED_EDGE('',*,*,#21849,.T.);
#21851=EDGE_LOOP('',(#21835,#21836,#21837,#21843,#21844,#21850));
#21852=FACE_BOUND('',#21851,.T.);
#21853=ADVANCED_FACE('',(#21852),#21834,.T.);
#21854=CARTESIAN_POINT('',(1415.15,-875.273044738,5.4));
#21855=DIRECTION('',(-0.5,-0.5,-0.707106781));
#21856=DIRECTION('',(0.707106781,-0.707106781,0.));
#21857=AXIS2_PLACEMENT_3D('',#21854,#21855,#21856);
#21858=PLANE('',#21857);
#21859=ORIENTED_EDGE('',*,*,#21615,.F.);
#21860=CARTESIAN_POINT('',(1415.5,-877.0372583,6.4));
#21861=DIRECTION('',(-0.678598344,-0.281084638,0.678598345));
#21862=VECTOR('',#21861,0.589450303);
#21863=LINE('',#21860,#21862);
#21864=EDGE_CURVE('',#21604,#2803,#21863,.T.);
#21865=ORIENTED_EDGE('',*,*,#21864,.T.);
#21866=ORIENTED_EDGE('',*,*,#2864,.F.);
#21867=CARTESIAN_POINT('',(1418.797056275,-880.9,6.8));
#21868=DIRECTION('',(0.281084638,0.678598344,-0.678598345));
#21869=VECTOR('',#21868,0.589450303);
#21870=LINE('',#21867,#21869);
#21871=EDGE_CURVE('',#2853,#21548,#21870,.T.);
#21872=ORIENTED_EDGE('',*,*,#21871,.T.);
#21873=ORIENTED_EDGE('',*,*,#21553,.F.);
#21874=ORIENTED_EDGE('',*,*,#21356,.F.);
#21875=EDGE_LOOP('',(#21859,#21865,#21866,#21872,#21873,#21874));
#21876=FACE_BOUND('',#21875,.T.);
#21877=ADVANCED_FACE('',(#21876),#21858,.F.);
#21878=CARTESIAN_POINT('',(1415.1,-868.,6.8));
#21879=DIRECTION('',(-0.707106781,0.,-0.707106781));
#21880=DIRECTION('',(0.,1.,0.));
#21881=AXIS2_PLACEMENT_3D('',#21878,#21879,#21880);
#21882=PLANE('',#21881);
#21883=ORIENTED_EDGE('',*,*,#21864,.F.);
#21884=ORIENTED_EDGE('',*,*,#21609,.F.);
#21885=ORIENTED_EDGE('',*,*,#21727,.F.);
#21886=ORIENTED_EDGE('',*,*,#2810,.F.);
#21887=EDGE_LOOP('',(#21883,#21884,#21885,#21886));
#21888=FACE_BOUND('',#21887,.T.);
#21889=ADVANCED_FACE('',(#21888),#21882,.F.);
#21890=CARTESIAN_POINT('',(1428.,-855.1,0.));
#21891=DIRECTION('',(0.,-0.707106781,-0.707106781));
#21892=DIRECTION('',(1.,0.,0.));
#21893=AXIS2_PLACEMENT_3D('',#21890,#21891,#21892);
#21894=PLANE('',#21893);
#21895=ORIENTED_EDGE('',*,*,#21842,.F.);
#21896=ORIENTED_EDGE('',*,*,#21389,.F.);
#21897=ORIENTED_EDGE('',*,*,#21705,.F.);
#21898=ORIENTED_EDGE('',*,*,#1004,.F.);
#21899=EDGE_LOOP('',(#21895,#21896,#21897,#21898));
#21900=FACE_BOUND('',#21899,.T.);
#21901=ADVANCED_FACE('',(#21900),#21894,.T.);
#21902=CARTESIAN_POINT('',(1440.9,-868.,0.));
#21903=DIRECTION('',(-0.707106781,0.,-0.707106781));
#21904=DIRECTION('',(0.,-1.,0.));
#21905=AXIS2_PLACEMENT_3D('',#21902,#21903,#21904);
#21906=PLANE('',#21905);
#21907=ORIENTED_EDGE('',*,*,#21818,.F.);
#21908=ORIENTED_EDGE('',*,*,#20947,.F.);
#21909=ORIENTED_EDGE('',*,*,#21849,.F.);
#21910=ORIENTED_EDGE('',*,*,#1052,.F.);
#21911=EDGE_LOOP('',(#21907,#21908,#21909,#21910));
#21912=FACE_BOUND('',#21911,.T.);
#21913=ADVANCED_FACE('',(#21912),#21906,.T.);
#21914=CARTESIAN_POINT('',(1428.,-880.9,6.8));
#21915=DIRECTION('',(0.,-0.707106781,-0.707106781));
#21916=DIRECTION('',(-1.,0.,0.));
#21917=AXIS2_PLACEMENT_3D('',#21914,#21915,#21916);
#21918=PLANE('',#21917);
#21919=ORIENTED_EDGE('',*,*,#21744,.F.);
#21920=ORIENTED_EDGE('',*,*,#21561,.F.);
#21921=ORIENTED_EDGE('',*,*,#21871,.F.);
#21922=ORIENTED_EDGE('',*,*,#2858,.F.);
#21923=EDGE_LOOP('',(#21919,#21920,#21921,#21922));
#21924=FACE_BOUND('',#21923,.T.);
#21925=ADVANCED_FACE('',(#21924),#21918,.F.);
#21926=CARTESIAN_POINT('',(1440.9,-868.,6.8));
#21927=DIRECTION('',(0.707106781,0.,-0.707106781));
#21928=DIRECTION('',(0.,-1.,0.));
#21929=AXIS2_PLACEMENT_3D('',#21926,#21927,#21928);
#21930=PLANE('',#21929);
#21931=ORIENTED_EDGE('',*,*,#21792,.F.);
#21932=ORIENTED_EDGE('',*,*,#21513,.F.);
#21933=ORIENTED_EDGE('',*,*,#21751,.F.);
#21934=ORIENTED_EDGE('',*,*,#2842,.F.);
#21935=EDGE_LOOP('',(#21931,#21932,#21933,#21934));
#21936=FACE_BOUND('',#21935,.T.);
#21937=ADVANCED_FACE('',(#21936),#21930,.F.);
#21938=CARTESIAN_POINT('',(1428.,-855.1,6.8));
#21939=DIRECTION('',(0.,0.707106781,-0.707106781));
#21940=DIRECTION('',(1.,0.,0.));
#21941=AXIS2_PLACEMENT_3D('',#21938,#21939,#21940);
#21942=PLANE('',#21941);
#21943=ORIENTED_EDGE('',*,*,#21720,.F.);
#21944=ORIENTED_EDGE('',*,*,#21657,.F.);
#21945=ORIENTED_EDGE('',*,*,#21799,.F.);
#21946=ORIENTED_EDGE('',*,*,#2826,.F.);
#21947=EDGE_LOOP('',(#21943,#21944,#21945,#21946));
#21948=FACE_BOUND('',#21947,.T.);
#21949=ADVANCED_FACE('',(#21948),#21942,.F.);
#21950=CARTESIAN_POINT('',(1415.1,-868.,0.));
#21951=DIRECTION('',(0.707106781,0.,-0.707106781));
#21952=DIRECTION('',(0.,1.,0.));
#21953=AXIS2_PLACEMENT_3D('',#21950,#21951,#21952);
#21954=PLANE('',#21953);
#21955=ORIENTED_EDGE('',*,*,#21698,.F.);
#21956=ORIENTED_EDGE('',*,*,#21247,.F.);
#21957=ORIENTED_EDGE('',*,*,#21777,.F.);
#21958=ORIENTED_EDGE('',*,*,#1020,.F.);
#21959=EDGE_LOOP('',(#21955,#21956,#21957,#21958));
#21960=FACE_BOUND('',#21959,.T.);
#21961=ADVANCED_FACE('',(#21960),#21954,.T.);
#21962=CARTESIAN_POINT('',(1428.,-880.9,0.));
#21963=DIRECTION('',(0.,0.707106781,-0.707106781));
#21964=DIRECTION('',(-1.,0.,0.));
#21965=AXIS2_PLACEMENT_3D('',#21962,#21963,#21964);
#21966=PLANE('',#21965);
#21967=ORIENTED_EDGE('',*,*,#21770,.F.);
#21968=ORIENTED_EDGE('',*,*,#21105,.F.);
#21969=ORIENTED_EDGE('',*,*,#21825,.F.);
#21970=ORIENTED_EDGE('',*,*,#1036,.F.);
#21971=EDGE_LOOP('',(#21967,#21968,#21969,#21970));
#21972=FACE_BOUND('',#21971,.T.);
#21973=ADVANCED_FACE('',(#21972),#21966,.T.);
#21974=CARTESIAN_POINT('',(1440.63706751,-856.1,4.6));
#21975=DIRECTION('',(0.,0.,-1.));
#21976=DIRECTION('',(-1.,0.,0.));
#21977=AXIS2_PLACEMENT_3D('',#21974,#21975,#21976);
#21978=CYLINDRICAL_SURFACE('',#21977,0.5);
#21979=ORIENTED_EDGE('',*,*,#19588,.T.);
#21980=CARTESIAN_POINT('',(1440.843880461,-856.555223465,4.6));
#21981=DIRECTION('',(0.,0.,-1.));
#21982=VECTOR('',#21981,2.4);
#21983=LINE('',#21980,#21982);
#21984=EDGE_CURVE('',#19573,#19623,#21983,.T.);
#21985=ORIENTED_EDGE('',*,*,#21984,.T.);
#21986=ORIENTED_EDGE('',*,*,#19629,.T.);
#21987=CARTESIAN_POINT('',(1440.63706751,-856.6,2.2));
#21988=DIRECTION('',(-0.,-0.,1.));
#21989=VECTOR('',#21988,2.4);
#21990=LINE('',#21987,#21989);
#21991=EDGE_CURVE('',#19615,#19582,#21990,.T.);
#21992=ORIENTED_EDGE('',*,*,#21991,.T.);
#21993=EDGE_LOOP('',(#21979,#21985,#21986,#21992));
#21994=FACE_BOUND('',#21993,.T.);
#21995=ADVANCED_FACE('',(#21994),#21978,.F.);
#21996=CARTESIAN_POINT('',(1440.125,-856.6,4.6));
#21997=DIRECTION('',(0.,1.,0.));
#21998=DIRECTION('',(0.,0.,1.));
#21999=AXIS2_PLACEMENT_3D('',#21996,#21997,#21998);
#22000=PLANE('',#21999);
#22001=ORIENTED_EDGE('',*,*,#19620,.F.);
#22002=CARTESIAN_POINT('',(1439.5,-856.6,4.6));
#22003=DIRECTION('',(0.,0.,-1.));
#22004=VECTOR('',#22003,2.4);
#22005=LINE('',#22002,#22004);
#22006=EDGE_CURVE('',#19520,#19606,#22005,.T.);
#22007=ORIENTED_EDGE('',*,*,#22006,.F.);
#22008=ORIENTED_EDGE('',*,*,#19594,.T.);
#22009=ORIENTED_EDGE('',*,*,#21991,.F.);
#22010=EDGE_LOOP('',(#22001,#22007,#22008,#22009));
#22011=FACE_BOUND('',#22010,.T.);
#22012=ADVANCED_FACE('',(#22011),#22000,.T.);
#22013=CARTESIAN_POINT('',(1442.,-859.1,4.6));
#22014=DIRECTION('',(0.,0.,-1.));
#22015=DIRECTION('',(-1.,0.,0.));
#22016=AXIS2_PLACEMENT_3D('',#22013,#22014,#22015);
#22017=CYLINDRICAL_SURFACE('',#22016,2.795084972);
#22018=ORIENTED_EDGE('',*,*,#19579,.F.);
#22019=CARTESIAN_POINT('',(1441.725442863,-856.318432388,2.2));
#22020=DIRECTION('',(-0.,-0.,1.));
#22021=VECTOR('',#22020,2.4);
#22022=LINE('',#22019,#22021);
#22023=EDGE_CURVE('',#19632,#19564,#22022,.T.);
#22024=ORIENTED_EDGE('',*,*,#22023,.F.);
#22025=ORIENTED_EDGE('',*,*,#19638,.T.);
#22026=ORIENTED_EDGE('',*,*,#21984,.F.);
#22027=EDGE_LOOP('',(#22018,#22024,#22025,#22026));
#22028=FACE_BOUND('',#22027,.T.);
#22029=ADVANCED_FACE('',(#22028),#22017,.T.);
#22030=CARTESIAN_POINT('',(1441.75,-856.567223359,4.6));
#22031=DIRECTION('',(0.,0.,-1.));
#22032=DIRECTION('',(-1.,0.,0.));
#22033=AXIS2_PLACEMENT_3D('',#22030,#22031,#22032);
#22034=CYLINDRICAL_SURFACE('',#22033,0.25);
#22035=ORIENTED_EDGE('',*,*,#19570,.T.);
#22036=ORIENTED_EDGE('',*,*,#10527,.T.);
#22037=ORIENTED_EDGE('',*,*,#19645,.T.);
#22038=ORIENTED_EDGE('',*,*,#22023,.T.);
#22039=EDGE_LOOP('',(#22035,#22036,#22037,#22038));
#22040=FACE_BOUND('',#22039,.T.);
#22041=ADVANCED_FACE('',(#22040),#22034,.T.);
#22042=CARTESIAN_POINT('',(1440.125,-879.4,4.6));
#22043=DIRECTION('',(0.,1.,0.));
#22044=DIRECTION('',(0.,0.,1.));
#22045=AXIS2_PLACEMENT_3D('',#22042,#22043,#22044);
#22046=PLANE('',#22045);
#22047=ORIENTED_EDGE('',*,*,#16782,.F.);
#22048=ORIENTED_EDGE('',*,*,#16715,.T.);
#22049=ORIENTED_EDGE('',*,*,#16849,.T.);
#22050=CARTESIAN_POINT('',(1440.63706751,-879.4,4.6));
#22051=DIRECTION('',(0.,0.,-1.));
#22052=VECTOR('',#22051,2.4);
#22053=LINE('',#22050,#22052);
#22054=EDGE_CURVE('',#16777,#16837,#22053,.T.);
#22055=ORIENTED_EDGE('',*,*,#22054,.F.);
#22056=EDGE_LOOP('',(#22047,#22048,#22049,#22055));
#22057=FACE_BOUND('',#22056,.T.);
#22058=ADVANCED_FACE('',(#22057),#22046,.F.);
#22059=CARTESIAN_POINT('',(1440.63706751,-879.9,4.6));
#22060=DIRECTION('',(0.,0.,-1.));
#22061=DIRECTION('',(-1.,0.,0.));
#22062=AXIS2_PLACEMENT_3D('',#22059,#22060,#22061);
#22063=CYLINDRICAL_SURFACE('',#22062,0.5);
#22064=ORIENTED_EDGE('',*,*,#16791,.T.);
#22065=ORIENTED_EDGE('',*,*,#22054,.T.);
#22066=ORIENTED_EDGE('',*,*,#16843,.T.);
#22067=CARTESIAN_POINT('',(1440.843880461,-879.444776535,2.2));
#22068=DIRECTION('',(-0.,-0.,1.));
#22069=VECTOR('',#22068,2.4);
#22070=LINE('',#22067,#22069);
#22071=EDGE_CURVE('',#16828,#16785,#22070,.T.);
#22072=ORIENTED_EDGE('',*,*,#22071,.T.);
#22073=EDGE_LOOP('',(#22064,#22065,#22066,#22072));
#22074=FACE_BOUND('',#22073,.T.);
#22075=ADVANCED_FACE('',(#22074),#22063,.F.);
#22076=CARTESIAN_POINT('',(1442.,-876.9,4.6));
#22077=DIRECTION('',(0.,0.,-1.));
#22078=DIRECTION('',(-1.,0.,0.));
#22079=AXIS2_PLACEMENT_3D('',#22076,#22077,#22078);
#22080=CYLINDRICAL_SURFACE('',#22079,2.795084972);
#22081=ORIENTED_EDGE('',*,*,#16834,.T.);
#22082=CARTESIAN_POINT('',(1441.725442863,-879.681567612,4.6));
#22083=DIRECTION('',(0.,0.,-1.));
#22084=VECTOR('',#22083,2.4);
#22085=LINE('',#22082,#22084);
#22086=EDGE_CURVE('',#16794,#16819,#22085,.T.);
#22087=ORIENTED_EDGE('',*,*,#22086,.F.);
#22088=ORIENTED_EDGE('',*,*,#16800,.F.);
#22089=ORIENTED_EDGE('',*,*,#22071,.F.);
#22090=EDGE_LOOP('',(#22081,#22087,#22088,#22089));
#22091=FACE_BOUND('',#22090,.T.);
#22092=ADVANCED_FACE('',(#22091),#22080,.T.);
#22093=CARTESIAN_POINT('',(1441.75,-879.432776641,4.6));
#22094=DIRECTION('',(0.,0.,-1.));
#22095=DIRECTION('',(-1.,0.,0.));
#22096=AXIS2_PLACEMENT_3D('',#22093,#22094,#22095);
#22097=CYLINDRICAL_SURFACE('',#22096,0.25);
#22098=ORIENTED_EDGE('',*,*,#16807,.T.);
#22099=ORIENTED_EDGE('',*,*,#22086,.T.);
#22100=ORIENTED_EDGE('',*,*,#16825,.T.);
#22101=ORIENTED_EDGE('',*,*,#10501,.T.);
#22102=EDGE_LOOP('',(#22098,#22099,#22100,#22101));
#22103=FACE_BOUND('',#22102,.T.);
#22104=ADVANCED_FACE('',(#22103),#22097,.T.);
#22105=CARTESIAN_POINT('',(1388.5,-742.,4.6));
#22106=DIRECTION('',(0.,0.,-1.));
#22107=DIRECTION('',(1.,0.,0.));
#22108=AXIS2_PLACEMENT_3D('',#22105,#22106,#22107);
#22109=CYLINDRICAL_SURFACE('',#22108,2.6);
#22110=ORIENTED_EDGE('',*,*,#3374,.T.);
#22111=ORIENTED_EDGE('',*,*,#3449,.T.);
#22112=ORIENTED_EDGE('',*,*,#3605,.T.);
#22113=ORIENTED_EDGE('',*,*,#3535,.F.);
#22114=EDGE_LOOP('',(#22110,#22111,#22112,#22113));
#22115=FACE_BOUND('',#22114,.T.);
#22116=ADVANCED_FACE('',(#22115),#22109,.F.);
#22117=CARTESIAN_POINT('',(1414.,-716.5,4.6));
#22118=DIRECTION('',(0.,0.,-1.));
#22119=DIRECTION('',(0.,-1.,0.));
#22120=AXIS2_PLACEMENT_3D('',#22117,#22118,#22119);
#22121=CYLINDRICAL_SURFACE('',#22120,2.6);
#22122=ORIENTED_EDGE('',*,*,#3654,.T.);
#22123=ORIENTED_EDGE('',*,*,#3695,.T.);
#22124=ORIENTED_EDGE('',*,*,#11078,.T.);
#22125=ORIENTED_EDGE('',*,*,#3781,.F.);
#22126=EDGE_LOOP('',(#22122,#22123,#22124,#22125));
#22127=FACE_BOUND('',#22126,.T.);
#22128=ADVANCED_FACE('',(#22127),#22121,.F.);
#22129=CARTESIAN_POINT('',(1388.5,-770.,4.6));
#22130=DIRECTION('',(0.,0.,-1.));
#22131=DIRECTION('',(1.,0.,0.));
#22132=AXIS2_PLACEMENT_3D('',#22129,#22130,#22131);
#22133=CYLINDRICAL_SURFACE('',#22132,2.6);
#22134=ORIENTED_EDGE('',*,*,#4977,.T.);
#22135=ORIENTED_EDGE('',*,*,#5052,.T.);
#22136=ORIENTED_EDGE('',*,*,#5208,.T.);
#22137=ORIENTED_EDGE('',*,*,#5138,.F.);
#22138=EDGE_LOOP('',(#22134,#22135,#22136,#22137));
#22139=FACE_BOUND('',#22138,.T.);
#22140=ADVANCED_FACE('',(#22139),#22133,.F.);
#22141=CARTESIAN_POINT('',(1388.5,-798.,4.6));
#22142=DIRECTION('',(0.,0.,-1.));
#22143=DIRECTION('',(1.,0.,0.));
#22144=AXIS2_PLACEMENT_3D('',#22141,#22142,#22143);
#22145=CYLINDRICAL_SURFACE('',#22144,2.6);
#22146=ORIENTED_EDGE('',*,*,#6368,.T.);
#22147=ORIENTED_EDGE('',*,*,#6443,.T.);
#22148=ORIENTED_EDGE('',*,*,#6599,.T.);
#22149=ORIENTED_EDGE('',*,*,#6529,.F.);
#22150=EDGE_LOOP('',(#22146,#22147,#22148,#22149));
#22151=FACE_BOUND('',#22150,.T.);
#22152=ADVANCED_FACE('',(#22151),#22145,.F.);
#22153=CARTESIAN_POINT('',(1388.5,-826.,4.6));
#22154=DIRECTION('',(0.,0.,-1.));
#22155=DIRECTION('',(1.,0.,0.));
#22156=AXIS2_PLACEMENT_3D('',#22153,#22154,#22155);
#22157=CYLINDRICAL_SURFACE('',#22156,2.6);
#22158=ORIENTED_EDGE('',*,*,#7759,.T.);
#22159=ORIENTED_EDGE('',*,*,#7834,.T.);
#22160=ORIENTED_EDGE('',*,*,#7990,.T.);
#22161=ORIENTED_EDGE('',*,*,#7920,.F.);
#22162=EDGE_LOOP('',(#22158,#22159,#22160,#22161));
#22163=FACE_BOUND('',#22162,.T.);
#22164=ADVANCED_FACE('',(#22163),#22157,.F.);
#22165=CARTESIAN_POINT('',(1414.,-907.5,4.6));
#22166=DIRECTION('',(0.,0.,-1.));
#22167=DIRECTION('',(0.,1.,0.));
#22168=AXIS2_PLACEMENT_3D('',#22165,#22166,#22167);
#22169=CYLINDRICAL_SURFACE('',#22168,2.6);
#22170=ORIENTED_EDGE('',*,*,#9218,.T.);
#22171=ORIENTED_EDGE('',*,*,#9293,.T.);
#22172=ORIENTED_EDGE('',*,*,#9449,.T.);
#22173=ORIENTED_EDGE('',*,*,#9379,.F.);
#22174=EDGE_LOOP('',(#22170,#22171,#22172,#22173));
#22175=FACE_BOUND('',#22174,.T.);
#22176=ADVANCED_FACE('',(#22175),#22169,.F.);
#22177=CARTESIAN_POINT('',(1388.5,-882.,4.6));
#22178=DIRECTION('',(0.,0.,-1.));
#22179=DIRECTION('',(1.,0.,0.));
#22180=AXIS2_PLACEMENT_3D('',#22177,#22178,#22179);
#22181=CYLINDRICAL_SURFACE('',#22180,2.6);
#22182=ORIENTED_EDGE('',*,*,#9498,.T.);
#22183=ORIENTED_EDGE('',*,*,#9539,.T.);
#22184=ORIENTED_EDGE('',*,*,#20827,.T.);
#22185=ORIENTED_EDGE('',*,*,#9625,.F.);
#22186=EDGE_LOOP('',(#22182,#22183,#22184,#22185));
#22187=FACE_BOUND('',#22186,.T.);
#22188=ADVANCED_FACE('',(#22187),#22181,.F.);
#22189=CARTESIAN_POINT('',(1439.5,-742.,4.6));
#22190=DIRECTION('',(0.,0.,-1.));
#22191=DIRECTION('',(-1.,0.,0.));
#22192=AXIS2_PLACEMENT_3D('',#22189,#22190,#22191);
#22193=CYLINDRICAL_SURFACE('',#22192,2.6);
#22194=ORIENTED_EDGE('',*,*,#11127,.T.);
#22195=ORIENTED_EDGE('',*,*,#11168,.T.);
#22196=ORIENTED_EDGE('',*,*,#12469,.T.);
#22197=ORIENTED_EDGE('',*,*,#11254,.F.);
#22198=EDGE_LOOP('',(#22194,#22195,#22196,#22197));
#22199=FACE_BOUND('',#22198,.T.);
#22200=ADVANCED_FACE('',(#22199),#22193,.F.);
#22201=CARTESIAN_POINT('',(1439.5,-770.,4.6));
#22202=DIRECTION('',(0.,0.,-1.));
#22203=DIRECTION('',(-1.,0.,0.));
#22204=AXIS2_PLACEMENT_3D('',#22201,#22202,#22203);
#22205=CYLINDRICAL_SURFACE('',#22204,2.6);
#22206=ORIENTED_EDGE('',*,*,#12518,.T.);
#22207=ORIENTED_EDGE('',*,*,#12559,.T.);
#22208=ORIENTED_EDGE('',*,*,#13860,.T.);
#22209=ORIENTED_EDGE('',*,*,#12645,.F.);
#22210=EDGE_LOOP('',(#22206,#22207,#22208,#22209));
#22211=FACE_BOUND('',#22210,.T.);
#22212=ADVANCED_FACE('',(#22211),#22205,.F.);
#22213=CARTESIAN_POINT('',(1439.5,-798.,4.6));
#22214=DIRECTION('',(0.,0.,-1.));
#22215=DIRECTION('',(-1.,0.,0.));
#22216=AXIS2_PLACEMENT_3D('',#22213,#22214,#22215);
#22217=CYLINDRICAL_SURFACE('',#22216,2.6);
#22218=ORIENTED_EDGE('',*,*,#13909,.T.);
#22219=ORIENTED_EDGE('',*,*,#13950,.T.);
#22220=ORIENTED_EDGE('',*,*,#15251,.T.);
#22221=ORIENTED_EDGE('',*,*,#14036,.F.);
#22222=EDGE_LOOP('',(#22218,#22219,#22220,#22221));
#22223=FACE_BOUND('',#22222,.T.);
#22224=ADVANCED_FACE('',(#22223),#22217,.F.);
#22225=CARTESIAN_POINT('',(1439.5,-826.,4.6));
#22226=DIRECTION('',(0.,0.,-1.));
#22227=DIRECTION('',(-1.,0.,0.));
#22228=AXIS2_PLACEMENT_3D('',#22225,#22226,#22227);
#22229=CYLINDRICAL_SURFACE('',#22228,2.6);
#22230=ORIENTED_EDGE('',*,*,#15300,.T.);
#22231=ORIENTED_EDGE('',*,*,#15341,.T.);
#22232=ORIENTED_EDGE('',*,*,#19436,.T.);
#22233=ORIENTED_EDGE('',*,*,#15427,.F.);
#22234=EDGE_LOOP('',(#22230,#22231,#22232,#22233));
#22235=FACE_BOUND('',#22234,.T.);
#22236=ADVANCED_FACE('',(#22235),#22229,.F.);
#22237=CARTESIAN_POINT('',(1439.5,-882.,4.6));
#22238=DIRECTION('',(0.,0.,-1.));
#22239=DIRECTION('',(-1.,0.,0.));
#22240=AXIS2_PLACEMENT_3D('',#22237,#22238,#22239);
#22241=CYLINDRICAL_SURFACE('',#22240,2.6);
#22242=ORIENTED_EDGE('',*,*,#16698,.T.);
#22243=ORIENTED_EDGE('',*,*,#16773,.T.);
#22244=ORIENTED_EDGE('',*,*,#16929,.T.);
#22245=ORIENTED_EDGE('',*,*,#16859,.F.);
#22246=EDGE_LOOP('',(#22242,#22243,#22244,#22245));
#22247=FACE_BOUND('',#22246,.T.);
#22248=ADVANCED_FACE('',(#22247),#22241,.F.);
#22249=CARTESIAN_POINT('',(1388.5,-854.,4.6));
#22250=DIRECTION('',(0.,0.,-1.));
#22251=DIRECTION('',(1.,0.,0.));
#22252=AXIS2_PLACEMENT_3D('',#22249,#22250,#22251);
#22253=CYLINDRICAL_SURFACE('',#22252,2.6);
#22254=ORIENTED_EDGE('',*,*,#18026,.T.);
#22255=ORIENTED_EDGE('',*,*,#18101,.T.);
#22256=ORIENTED_EDGE('',*,*,#18257,.T.);
#22257=ORIENTED_EDGE('',*,*,#18187,.F.);
#22258=EDGE_LOOP('',(#22254,#22255,#22256,#22257));
#22259=FACE_BOUND('',#22258,.T.);
#22260=ADVANCED_FACE('',(#22259),#22253,.F.);
#22261=CARTESIAN_POINT('',(1439.5,-854.,4.6));
#22262=DIRECTION('',(0.,0.,-1.));
#22263=DIRECTION('',(-1.,0.,0.));
#22264=AXIS2_PLACEMENT_3D('',#22261,#22262,#22263);
#22265=CYLINDRICAL_SURFACE('',#22264,2.6);
#22266=ORIENTED_EDGE('',*,*,#19485,.T.);
#22267=ORIENTED_EDGE('',*,*,#19526,.T.);
#22268=ORIENTED_EDGE('',*,*,#22006,.T.);
#22269=ORIENTED_EDGE('',*,*,#19612,.F.);
#22270=EDGE_LOOP('',(#22266,#22267,#22268,#22269));
#22271=FACE_BOUND('',#22270,.T.);
#22272=ADVANCED_FACE('',(#22271),#22265,.F.);
#22273=CLOSED_SHELL('',(#66,#1062,#1093,#1124,#1180,#1220,#1251,#1282,#1322,#1362,#1393,#1424,#1464,#1502,#1526,#1550,#1590,#1655,#1890,#2868,#2904,#2916,#2952,#2964,#3000,#3012,
#3048,#3060,#3084,#3108,#3132,#3156,#3180,#3204,#3228,#3252,#3264,#3276,#3288,#3300,#3312,#3324,#3336,#3348,#3360,#3402,#3487,#3572,#3594,#3611,#3628,
#3640,#3682,#3767,#3852,#3869,#3886,#3903,#3915,#3955,#3986,#4017,#4073,#4113,#4144,#4175,#4215,#4255,#4286,#4317,#4357,#4395,#4419,#4443,#4483,#4519,
#4531,#4567,#4579,#4615,#4627,#4663,#4675,#4699,#4723,#4747,#4771,#4795,#4819,#4843,#4867,#4879,#4891,#4903,#4915,#4927,#4939,#4951,#4963,#5005,#5090,
#5175,#5197,#5214,#5231,#5243,#5260,#5277,#5294,#5306,#5346,#5377,#5408,#5464,#5504,#5535,#5566,#5606,#5646,#5677,#5708,#5748,#5786,#5810,#5834,#5874,
#5910,#5922,#5958,#5970,#6006,#6018,#6054,#6066,#6090,#6114,#6138,#6162,#6186,#6210,#6234,#6258,#6270,#6282,#6294,#6306,#6318,#6330,#6342,#6354,#6396,
#6481,#6566,#6588,#6605,#6622,#6634,#6651,#6668,#6685,#6697,#6737,#6768,#6799,#6855,#6895,#6926,#6957,#6997,#7037,#7068,#7099,#7139,#7177,#7201,#7225,
#7265,#7301,#7313,#7349,#7361,#7397,#7409,#7445,#7457,#7481,#7505,#7529,#7553,#7577,#7601,#7625,#7649,#7661,#7673,#7685,#7697,#7709,#7721,#7733,#7745,
#7787,#7872,#7957,#7979,#7996,#8013,#8025,#8042,#8059,#8076,#8088,#8128,#8159,#8190,#8246,#8286,#8317,#8348,#8388,#8428,#8459,#8490,#8530,#8568,#8592,
#8616,#8656,#8712,#8748,#8760,#8796,#8808,#8844,#8856,#8892,#8904,#8928,#8952,#8976,#9000,#9024,#9048,#9072,#9096,#9108,#9120,#9132,#9144,#9156,#9168,
#9180,#9192,#9204,#9246,#9331,#9416,#9438,#9455,#9472,#9484,#9526,#9611,#9696,#9713,#9730,#9747,#9759,#9799,#9830,#9861,#9917,#9957,#9988,#10019,#10059,
#10099,#10130,#10161,#10201,#10239,#10263,#10287,#10327,#10553,#10589,#10601,#10637,#10649,#10685,#10697,#10733,#10745,#10769,#10793,#10817,#10841,#10865,#10889,#10913,#10937,
#10949,#10961,#10973,#10985,#10997,#11009,#11021,#11033,#11045,#11067,#11084,#11101,#11113,#11155,#11240,#11325,#11342,#11359,#11376,#11388,#11428,#11459,#11490,#11546,#11586,
#11617,#11648,#11688,#11728,#11759,#11790,#11830,#11868,#11892,#11916,#11956,#11992,#12004,#12040,#12052,#12088,#12100,#12136,#12148,#12172,#12196,#12220,#12244,#12268,#12292,
#12316,#12340,#12352,#12364,#12376,#12388,#12400,#12412,#12424,#12436,#12458,#12475,#12492,#12504,#12546,#12631,#12716,#12733,#12750,#12767,#12779,#12819,#12850,#12881,#12937,
#12977,#13008,#13039,#13079,#13119,#13150,#13181,#13221,#13259,#13283,#13307,#13347,#13383,#13395,#13431,#13443,#13479,#13491,#13527,#13539,#13563,#13587,#13611,#13635,#13659,
#13683,#13707,#13731,#13743,#13755,#13767,#13779,#13791,#13803,#13815,#13827,#13849,#13866,#13883,#13895,#13937,#14022,#14107,#14124,#14141,#14158,#14170,#14210,#14241,#14272,
#14328,#14368,#14399,#14430,#14470,#14510,#14541,#14572,#14612,#14650,#14674,#14698,#14738,#14774,#14786,#14822,#14834,#14870,#14882,#14918,#14930,#14954,#14978,#15002,#15026,
#15050,#15074,#15098,#15122,#15134,#15146,#15158,#15170,#15182,#15194,#15206,#15218,#15240,#15257,#15274,#15286,#15328,#15413,#15498,#15515,#15532,#15549,#15561,#15601,#15632,
#15663,#15719,#15759,#15790,#15821,#15861,#15901,#15932,#15963,#16003,#16041,#16065,#16089,#16129,#16165,#16177,#16213,#16225,#16261,#16273,#16309,#16321,#16345,#16369,#16393,
#16417,#16441,#16465,#16489,#16513,#16525,#16537,#16549,#16561,#16573,#16585,#16597,#16609,#16621,#16638,#16655,#16672,#16684,#16726,#16811,#16896,#16918,#16935,#16952,#16964,
#17004,#17035,#17066,#17122,#17162,#17193,#17224,#17264,#17304,#17335,#17366,#17406,#17444,#17468,#17492,#17532,#17568,#17580,#17616,#17628,#17664,#17676,#17712,#17724,#17748,
#17772,#17796,#17820,#17844,#17868,#17892,#17916,#17928,#17940,#17952,#17964,#17976,#17988,#18000,#18012,#18054,#18139,#18224,#18246,#18263,#18280,#18292,#18309,#18326,#18343,
#18355,#18395,#18426,#18457,#18513,#18553,#18584,#18615,#18655,#18695,#18726,#18757,#18797,#18835,#18859,#18883,#18923,#18959,#18971,#19007,#19019,#19055,#19067,#19103,#19115,
#19139,#19163,#19187,#19211,#19235,#19259,#19283,#19307,#19319,#19331,#19343,#19355,#19367,#19379,#19391,#19403,#19425,#19442,#19459,#19471,#19513,#19598,#19683,#19700,#19717,
#19734,#19746,#19786,#19817,#19848,#19904,#19944,#19975,#20006,#20046,#20086,#20117,#20148,#20188,#20226,#20250,#20274,#20314,#20350,#20362,#20398,#20410,#20446,#20458,#20494,
#20506,#20530,#20554,#20578,#20602,#20626,#20650,#20674,#20698,#20710,#20722,#20734,#20746,#20758,#20770,#20782,#20794,#20816,#20833,#20850,#20862,#20879,#20896,#20913,#20925,
#20965,#20996,#21027,#21083,#21123,#21154,#21185,#21225,#21265,#21296,#21327,#21367,#21405,#21429,#21453,#21493,#21529,#21541,#21577,#21589,#21625,#21637,#21673,#21685,#21709,
#21733,#21757,#21781,#21805,#21829,#21853,#21877,#21889,#21901,#21913,#21925,#21937,#21949,#21961,#21973,#21995,#22012,#22029,#22041,#22058,#22075,#22092,#22104,#22116,#22128,
#22140,#22152,#22164,#22176,#22188,#22200,#22212,#22224,#22236,#22248,#22260,#22272));
#22274=MANIFOLD_SOLID_BREP('Body 03 (12)',#22273);
#22275=COLOUR_RGB('',0.494117647,0.494117647,0.525490224);
#22276=FILL_AREA_STYLE_COLOUR('',#22275);
#22277=FILL_AREA_STYLE('',(#22276));
#22278=SURFACE_STYLE_FILL_AREA(#22277);
#22279=SURFACE_SIDE_STYLE('',(#22278));
#22280=SURFACE_STYLE_USAGE(.BOTH.,#22279);
#22281=PRESENTATION_STYLE_ASSIGNMENT((#22280));
#26=STYLED_ITEM('',(#22281),#22274);
#16=SHAPE_REPRESENTATION('openGrid 7x2',(#15),#10);
#17=ADVANCED_BREP_SHAPE_REPRESENTATION('openGrid 7x2',(#22274),#10);
#22289=SHAPE_REPRESENTATION_RELATIONSHIP('','',#16,#17);
#22290=CARTESIAN_POINT('',(0.,0.,0.));
#22291=DIRECTION('',(0.,0.,1.));
#22292=DIRECTION('',(1.,0.,0.));
#22293=AXIS2_PLACEMENT_3D('',#22290,#22291,#22292);
#22295=MAPPED_ITEM('',#22294,#22293);
#22294=REPRESENTATION_MAP(#22293,#16);
#22296=APPLICATION_CONTEXT('Managed model based 3d engineering');
#22297=APPLICATION_PROTOCOL_DEFINITION('international standard','ap242_managed_model_based_3d_engineering',2014,#22296);
#22298=PRODUCT_CONTEXT('',#22296,'mechanical');
#22299=PRODUCT_DEFINITION_CONTEXT('part definition',#22296,'design');
#24=PRODUCT('openGrid 7x2','openGrid 7x2','',(#22298));
#22300=PRODUCT_RELATED_PRODUCT_CATEGORY('part','',(#24));
#22301=PRODUCT_DEFINITION_FORMATION_WITH_SPECIFIED_SOURCE('','',#24,.NOT_KNOWN.);
#25=PRODUCT_DEFINITION('design','',#22301,#22299);
#23=PRODUCT_DEFINITION_SHAPE('','',#25);
#22302=SHAPE_DEFINITION_REPRESENTATION(#23,#16);
#11=DRAUGHTING_MODEL('',(#22295),#10);
#22303=DESCRIPTIVE_REPRESENTATION_ITEM('KEY','/Users/ddanier/Library/Containers/com.shapr3d.shapr/Data/tmp/79647225-FBF9-4DEF-9AB0-D7C7A6BF6AD8.tmp');
#22304=PROPERTY_DEFINITION('KEY','',#25);
#22305=REPRESENTATION('',(#22303),#10);
#22306=PROPERTY_DEFINITION_REPRESENTATION(#22304,#22305);
#22307=GENERAL_PROPERTY('','KEY','');
#22308=GENERAL_PROPERTY_ASSOCIATION('','',#22307,#22304);
#1=MECHANICAL_DESIGN_GEOMETRIC_PRESENTATION_REPRESENTATION('',(#26),#10);
ENDSEC;
END-ISO-10303-21;
