ISO-10303-21;
HEADER;
/* Generated by software containing ST-Developer
 * from STEP Tools, Inc. (www.steptools.com) 
 */

FILE_DESCRIPTION(
/* description */ (''),
/* implementation_level */ '2;1');

FILE_NAME(
/* name */ 'Bento CMag a.step',
/* time_stamp */ '2023-11-23T15:53:27+08:00',
/* author */ (''),
/* organization */ (''),
/* preprocessor_version */ 'ST-DEVELOPER v20',
/* originating_system */ 'Autodesk Translation Framework v12.14.0.127',

/* authorisation */ '');

FILE_SCHEMA (('AUTOMOTIVE_DESIGN { 1 0 10303 214 3 1 1 }'));
ENDSEC;

DATA;
#10=MECHANICAL_DESIGN_GEOMETRIC_PRESENTATION_REPRESENTATION('',(#13),#5147);
#11=SHAPE_REPRESENTATION_RELATIONSHIP('SRR','None',#5153,#12);
#12=ADVANCED_BREP_SHAPE_REPRESENTATION('',(#14),#5146);
#13=STYLED_ITEM('',(#5162),#14);
#14=MANIFOLD_SOLID_BREP('\X2\5B9E4F53\X0\8',#3183);
#15=FACE_BOUND('',#508,.T.);
#16=FACE_BOUND('',#509,.T.);
#17=FACE_BOUND('',#511,.T.);
#18=FACE_BOUND('',#512,.T.);
#19=ELLIPSE('',#3210,4.66690475583121,3.3);
#20=ELLIPSE('',#3221,4.66690475583121,3.3);
#21=ELLIPSE('',#3232,4.66690475583121,3.3);
#22=ELLIPSE('',#3243,4.66690475583121,3.3);
#23=(
BOUNDED_SURFACE()
B_SPLINE_SURFACE(2,2,((#4231,#4232,#4233),(#4234,#4235,#4236),(#4237,#4238,
#4239),(#4240,#4241,#4242),(#4243,#4244,#4245)),.UNSPECIFIED.,.F.,.F.,.F.)
B_SPLINE_SURFACE_WITH_KNOTS((3,2,3),(3,3),(-1.5707963267949,-1.11022302462516E-16,
1.5707963267949),(1.5707963267949,2.35619449019235),.UNSPECIFIED.)
GEOMETRIC_REPRESENTATION_ITEM()
RATIONAL_B_SPLINE_SURFACE(((1.,0.923879532511287,1.),(0.707106781186548,
0.653281482438189,0.707106781186548),(1.,0.923879532511287,1.),(0.707106781186546,
0.653281482438187,0.707106781186546),(1.,0.923879532511287,1.)))
REPRESENTATION_ITEM('')
SURFACE()
);
#24=(
BOUNDED_SURFACE()
B_SPLINE_SURFACE(2,2,((#4284,#4285,#4286),(#4287,#4288,#4289),(#4290,#4291,
#4292),(#4293,#4294,#4295),(#4296,#4297,#4298)),.UNSPECIFIED.,.F.,.F.,.F.)
B_SPLINE_SURFACE_WITH_KNOTS((3,2,3),(3,3),(-1.5707963267949,0.,1.5707963267949),
(1.5707963267949,2.35619449019235),.UNSPECIFIED.)
GEOMETRIC_REPRESENTATION_ITEM()
RATIONAL_B_SPLINE_SURFACE(((1.,0.923879532511286,1.),(0.707106781186546,
0.653281482438186,0.707106781186546),(1.,0.923879532511286,1.),(0.707106781186546,
0.653281482438186,0.707106781186546),(1.,0.923879532511286,1.)))
REPRESENTATION_ITEM('')
SURFACE()
);
#25=(
BOUNDED_SURFACE()
B_SPLINE_SURFACE(2,2,((#4337,#4338,#4339),(#4340,#4341,#4342),(#4343,#4344,
#4345),(#4346,#4347,#4348),(#4349,#4350,#4351)),.UNSPECIFIED.,.F.,.F.,.F.)
B_SPLINE_SURFACE_WITH_KNOTS((3,2,3),(3,3),(-1.5707963267949,-1.11022302462516E-16,
1.5707963267949),(1.5707963267949,2.35619449019235),.UNSPECIFIED.)
GEOMETRIC_REPRESENTATION_ITEM()
RATIONAL_B_SPLINE_SURFACE(((1.,0.923879532511286,1.),(0.707106781186546,
0.653281482438186,0.707106781186546),(1.,0.923879532511286,1.),(0.707106781186546,
0.653281482438186,0.707106781186546),(1.,0.923879532511286,1.)))
REPRESENTATION_ITEM('')
SURFACE()
);
#26=(
BOUNDED_SURFACE()
B_SPLINE_SURFACE(2,2,((#4390,#4391,#4392),(#4393,#4394,#4395),(#4396,#4397,
#4398),(#4399,#4400,#4401),(#4402,#4403,#4404)),.UNSPECIFIED.,.F.,.F.,.F.)
B_SPLINE_SURFACE_WITH_KNOTS((3,2,3),(3,3),(-1.5707963267949,-1.11022302462516E-16,
1.5707963267949),(1.5707963267949,2.35619449019235),.UNSPECIFIED.)
GEOMETRIC_REPRESENTATION_ITEM()
RATIONAL_B_SPLINE_SURFACE(((1.,0.923879532511287,1.),(0.707106781186546,
0.653281482438187,0.707106781186546),(1.,0.923879532511287,1.),(0.707106781186546,
0.653281482438187,0.707106781186546),(1.,0.923879532511287,1.)))
REPRESENTATION_ITEM('')
SURFACE()
);
#27=PLANE('',#3188);
#28=PLANE('',#3192);
#29=PLANE('',#3196);
#30=PLANE('',#3200);
#31=PLANE('',#3201);
#32=PLANE('',#3208);
#33=PLANE('',#3211);
#34=PLANE('',#3212);
#35=PLANE('',#3219);
#36=PLANE('',#3222);
#37=PLANE('',#3223);
#38=PLANE('',#3230);
#39=PLANE('',#3233);
#40=PLANE('',#3234);
#41=PLANE('',#3241);
#42=PLANE('',#3244);
#43=PLANE('',#3245);
#44=PLANE('',#3246);
#45=PLANE('',#3247);
#46=PLANE('',#3248);
#47=PLANE('',#3249);
#48=PLANE('',#3250);
#49=PLANE('',#3251);
#50=PLANE('',#3252);
#51=PLANE('',#3253);
#52=PLANE('',#3254);
#53=PLANE('',#3255);
#54=PLANE('',#3256);
#55=PLANE('',#3257);
#56=PLANE('',#3258);
#57=PLANE('',#3259);
#58=PLANE('',#3260);
#59=PLANE('',#3261);
#60=PLANE('',#3262);
#61=PLANE('',#3263);
#62=PLANE('',#3264);
#63=PLANE('',#3265);
#64=PLANE('',#3266);
#65=PLANE('',#3267);
#66=PLANE('',#3268);
#67=PLANE('',#3269);
#68=PLANE('',#3270);
#69=PLANE('',#3271);
#70=PLANE('',#3272);
#71=PLANE('',#3273);
#72=PLANE('',#3274);
#73=PLANE('',#3275);
#74=PLANE('',#3276);
#75=PLANE('',#3277);
#76=PLANE('',#3278);
#77=PLANE('',#3279);
#78=PLANE('',#3280);
#79=PLANE('',#3281);
#80=PLANE('',#3282);
#81=PLANE('',#3283);
#82=PLANE('',#3284);
#83=PLANE('',#3285);
#84=PLANE('',#3286);
#85=PLANE('',#3287);
#86=PLANE('',#3288);
#87=PLANE('',#3289);
#88=PLANE('',#3290);
#89=PLANE('',#3291);
#90=PLANE('',#3292);
#91=PLANE('',#3293);
#92=PLANE('',#3294);
#93=PLANE('',#3295);
#94=PLANE('',#3296);
#95=PLANE('',#3297);
#96=PLANE('',#3298);
#97=PLANE('',#3299);
#98=PLANE('',#3300);
#99=PLANE('',#3301);
#100=PLANE('',#3302);
#101=PLANE('',#3303);
#102=PLANE('',#3304);
#103=PLANE('',#3305);
#104=PLANE('',#3306);
#105=PLANE('',#3307);
#106=PLANE('',#3308);
#107=PLANE('',#3309);
#108=PLANE('',#3310);
#109=PLANE('',#3311);
#110=PLANE('',#3312);
#111=PLANE('',#3313);
#112=PLANE('',#3314);
#113=PLANE('',#3315);
#114=PLANE('',#3316);
#115=PLANE('',#3317);
#116=PLANE('',#3318);
#117=PLANE('',#3319);
#118=PLANE('',#3320);
#119=PLANE('',#3321);
#120=PLANE('',#3322);
#121=PLANE('',#3323);
#122=PLANE('',#3324);
#123=PLANE('',#3325);
#124=PLANE('',#3326);
#125=PLANE('',#3327);
#126=PLANE('',#3328);
#127=PLANE('',#3329);
#128=PLANE('',#3330);
#129=PLANE('',#3331);
#130=PLANE('',#3332);
#131=PLANE('',#3333);
#132=PLANE('',#3334);
#133=PLANE('',#3335);
#134=PLANE('',#3336);
#135=PLANE('',#3337);
#136=PLANE('',#3338);
#137=PLANE('',#3339);
#138=PLANE('',#3340);
#139=PLANE('',#3341);
#140=PLANE('',#3342);
#141=PLANE('',#3343);
#142=PLANE('',#3344);
#143=PLANE('',#3345);
#144=PLANE('',#3346);
#145=PLANE('',#3347);
#146=PLANE('',#3348);
#147=PLANE('',#3349);
#148=PLANE('',#3350);
#149=PLANE('',#3351);
#150=PLANE('',#3352);
#151=PLANE('',#3353);
#152=PLANE('',#3354);
#153=PLANE('',#3355);
#154=PLANE('',#3356);
#155=PLANE('',#3357);
#156=PLANE('',#3358);
#157=PLANE('',#3359);
#158=PLANE('',#3360);
#159=PLANE('',#3361);
#160=PLANE('',#3362);
#161=PLANE('',#3363);
#162=PLANE('',#3364);
#163=PLANE('',#3365);
#164=PLANE('',#3366);
#165=PLANE('',#3367);
#166=PLANE('',#3368);
#167=PLANE('',#3369);
#168=PLANE('',#3370);
#169=PLANE('',#3371);
#170=PLANE('',#3372);
#171=PLANE('',#3373);
#172=PLANE('',#3374);
#173=PLANE('',#3375);
#174=PLANE('',#3376);
#175=PLANE('',#3377);
#176=PLANE('',#3378);
#177=FACE_OUTER_BOUND('',#343,.T.);
#178=FACE_OUTER_BOUND('',#344,.T.);
#179=FACE_OUTER_BOUND('',#345,.T.);
#180=FACE_OUTER_BOUND('',#346,.T.);
#181=FACE_OUTER_BOUND('',#347,.T.);
#182=FACE_OUTER_BOUND('',#348,.T.);
#183=FACE_OUTER_BOUND('',#349,.T.);
#184=FACE_OUTER_BOUND('',#350,.T.);
#185=FACE_OUTER_BOUND('',#351,.T.);
#186=FACE_OUTER_BOUND('',#352,.T.);
#187=FACE_OUTER_BOUND('',#353,.T.);
#188=FACE_OUTER_BOUND('',#354,.T.);
#189=FACE_OUTER_BOUND('',#355,.T.);
#190=FACE_OUTER_BOUND('',#356,.T.);
#191=FACE_OUTER_BOUND('',#357,.T.);
#192=FACE_OUTER_BOUND('',#358,.T.);
#193=FACE_OUTER_BOUND('',#359,.T.);
#194=FACE_OUTER_BOUND('',#360,.T.);
#195=FACE_OUTER_BOUND('',#361,.T.);
#196=FACE_OUTER_BOUND('',#362,.T.);
#197=FACE_OUTER_BOUND('',#363,.T.);
#198=FACE_OUTER_BOUND('',#364,.T.);
#199=FACE_OUTER_BOUND('',#365,.T.);
#200=FACE_OUTER_BOUND('',#366,.T.);
#201=FACE_OUTER_BOUND('',#367,.T.);
#202=FACE_OUTER_BOUND('',#368,.T.);
#203=FACE_OUTER_BOUND('',#369,.T.);
#204=FACE_OUTER_BOUND('',#370,.T.);
#205=FACE_OUTER_BOUND('',#371,.T.);
#206=FACE_OUTER_BOUND('',#372,.T.);
#207=FACE_OUTER_BOUND('',#373,.T.);
#208=FACE_OUTER_BOUND('',#374,.T.);
#209=FACE_OUTER_BOUND('',#375,.T.);
#210=FACE_OUTER_BOUND('',#376,.T.);
#211=FACE_OUTER_BOUND('',#377,.T.);
#212=FACE_OUTER_BOUND('',#378,.T.);
#213=FACE_OUTER_BOUND('',#379,.T.);
#214=FACE_OUTER_BOUND('',#380,.T.);
#215=FACE_OUTER_BOUND('',#381,.T.);
#216=FACE_OUTER_BOUND('',#382,.T.);
#217=FACE_OUTER_BOUND('',#383,.T.);
#218=FACE_OUTER_BOUND('',#384,.T.);
#219=FACE_OUTER_BOUND('',#385,.T.);
#220=FACE_OUTER_BOUND('',#386,.T.);
#221=FACE_OUTER_BOUND('',#387,.T.);
#222=FACE_OUTER_BOUND('',#388,.T.);
#223=FACE_OUTER_BOUND('',#389,.T.);
#224=FACE_OUTER_BOUND('',#390,.T.);
#225=FACE_OUTER_BOUND('',#391,.T.);
#226=FACE_OUTER_BOUND('',#392,.T.);
#227=FACE_OUTER_BOUND('',#393,.T.);
#228=FACE_OUTER_BOUND('',#394,.T.);
#229=FACE_OUTER_BOUND('',#395,.T.);
#230=FACE_OUTER_BOUND('',#396,.T.);
#231=FACE_OUTER_BOUND('',#397,.T.);
#232=FACE_OUTER_BOUND('',#398,.T.);
#233=FACE_OUTER_BOUND('',#399,.T.);
#234=FACE_OUTER_BOUND('',#400,.T.);
#235=FACE_OUTER_BOUND('',#401,.T.);
#236=FACE_OUTER_BOUND('',#402,.T.);
#237=FACE_OUTER_BOUND('',#403,.T.);
#238=FACE_OUTER_BOUND('',#404,.T.);
#239=FACE_OUTER_BOUND('',#405,.T.);
#240=FACE_OUTER_BOUND('',#406,.T.);
#241=FACE_OUTER_BOUND('',#407,.T.);
#242=FACE_OUTER_BOUND('',#408,.T.);
#243=FACE_OUTER_BOUND('',#409,.T.);
#244=FACE_OUTER_BOUND('',#410,.T.);
#245=FACE_OUTER_BOUND('',#411,.T.);
#246=FACE_OUTER_BOUND('',#412,.T.);
#247=FACE_OUTER_BOUND('',#413,.T.);
#248=FACE_OUTER_BOUND('',#414,.T.);
#249=FACE_OUTER_BOUND('',#415,.T.);
#250=FACE_OUTER_BOUND('',#416,.T.);
#251=FACE_OUTER_BOUND('',#417,.T.);
#252=FACE_OUTER_BOUND('',#418,.T.);
#253=FACE_OUTER_BOUND('',#419,.T.);
#254=FACE_OUTER_BOUND('',#420,.T.);
#255=FACE_OUTER_BOUND('',#421,.T.);
#256=FACE_OUTER_BOUND('',#422,.T.);
#257=FACE_OUTER_BOUND('',#423,.T.);
#258=FACE_OUTER_BOUND('',#424,.T.);
#259=FACE_OUTER_BOUND('',#425,.T.);
#260=FACE_OUTER_BOUND('',#426,.T.);
#261=FACE_OUTER_BOUND('',#427,.T.);
#262=FACE_OUTER_BOUND('',#428,.T.);
#263=FACE_OUTER_BOUND('',#429,.T.);
#264=FACE_OUTER_BOUND('',#430,.T.);
#265=FACE_OUTER_BOUND('',#431,.T.);
#266=FACE_OUTER_BOUND('',#432,.T.);
#267=FACE_OUTER_BOUND('',#433,.T.);
#268=FACE_OUTER_BOUND('',#434,.T.);
#269=FACE_OUTER_BOUND('',#435,.T.);
#270=FACE_OUTER_BOUND('',#436,.T.);
#271=FACE_OUTER_BOUND('',#437,.T.);
#272=FACE_OUTER_BOUND('',#438,.T.);
#273=FACE_OUTER_BOUND('',#439,.T.);
#274=FACE_OUTER_BOUND('',#440,.T.);
#275=FACE_OUTER_BOUND('',#441,.T.);
#276=FACE_OUTER_BOUND('',#442,.T.);
#277=FACE_OUTER_BOUND('',#443,.T.);
#278=FACE_OUTER_BOUND('',#444,.T.);
#279=FACE_OUTER_BOUND('',#445,.T.);
#280=FACE_OUTER_BOUND('',#446,.T.);
#281=FACE_OUTER_BOUND('',#447,.T.);
#282=FACE_OUTER_BOUND('',#448,.T.);
#283=FACE_OUTER_BOUND('',#449,.T.);
#284=FACE_OUTER_BOUND('',#450,.T.);
#285=FACE_OUTER_BOUND('',#451,.T.);
#286=FACE_OUTER_BOUND('',#452,.T.);
#287=FACE_OUTER_BOUND('',#453,.T.);
#288=FACE_OUTER_BOUND('',#454,.T.);
#289=FACE_OUTER_BOUND('',#455,.T.);
#290=FACE_OUTER_BOUND('',#456,.T.);
#291=FACE_OUTER_BOUND('',#457,.T.);
#292=FACE_OUTER_BOUND('',#458,.T.);
#293=FACE_OUTER_BOUND('',#459,.T.);
#294=FACE_OUTER_BOUND('',#460,.T.);
#295=FACE_OUTER_BOUND('',#461,.T.);
#296=FACE_OUTER_BOUND('',#462,.T.);
#297=FACE_OUTER_BOUND('',#463,.T.);
#298=FACE_OUTER_BOUND('',#464,.T.);
#299=FACE_OUTER_BOUND('',#465,.T.);
#300=FACE_OUTER_BOUND('',#466,.T.);
#301=FACE_OUTER_BOUND('',#467,.T.);
#302=FACE_OUTER_BOUND('',#468,.T.);
#303=FACE_OUTER_BOUND('',#469,.T.);
#304=FACE_OUTER_BOUND('',#470,.T.);
#305=FACE_OUTER_BOUND('',#471,.T.);
#306=FACE_OUTER_BOUND('',#472,.T.);
#307=FACE_OUTER_BOUND('',#473,.T.);
#308=FACE_OUTER_BOUND('',#474,.T.);
#309=FACE_OUTER_BOUND('',#475,.T.);
#310=FACE_OUTER_BOUND('',#476,.T.);
#311=FACE_OUTER_BOUND('',#477,.T.);
#312=FACE_OUTER_BOUND('',#478,.T.);
#313=FACE_OUTER_BOUND('',#479,.T.);
#314=FACE_OUTER_BOUND('',#480,.T.);
#315=FACE_OUTER_BOUND('',#481,.T.);
#316=FACE_OUTER_BOUND('',#482,.T.);
#317=FACE_OUTER_BOUND('',#483,.T.);
#318=FACE_OUTER_BOUND('',#484,.T.);
#319=FACE_OUTER_BOUND('',#485,.T.);
#320=FACE_OUTER_BOUND('',#486,.T.);
#321=FACE_OUTER_BOUND('',#487,.T.);
#322=FACE_OUTER_BOUND('',#488,.T.);
#323=FACE_OUTER_BOUND('',#489,.T.);
#324=FACE_OUTER_BOUND('',#490,.T.);
#325=FACE_OUTER_BOUND('',#491,.T.);
#326=FACE_OUTER_BOUND('',#492,.T.);
#327=FACE_OUTER_BOUND('',#493,.T.);
#328=FACE_OUTER_BOUND('',#494,.T.);
#329=FACE_OUTER_BOUND('',#495,.T.);
#330=FACE_OUTER_BOUND('',#496,.T.);
#331=FACE_OUTER_BOUND('',#497,.T.);
#332=FACE_OUTER_BOUND('',#498,.T.);
#333=FACE_OUTER_BOUND('',#499,.T.);
#334=FACE_OUTER_BOUND('',#500,.T.);
#335=FACE_OUTER_BOUND('',#501,.T.);
#336=FACE_OUTER_BOUND('',#502,.T.);
#337=FACE_OUTER_BOUND('',#503,.T.);
#338=FACE_OUTER_BOUND('',#504,.T.);
#339=FACE_OUTER_BOUND('',#505,.T.);
#340=FACE_OUTER_BOUND('',#506,.T.);
#341=FACE_OUTER_BOUND('',#507,.T.);
#342=FACE_OUTER_BOUND('',#510,.T.);
#343=EDGE_LOOP('',(#2109,#2110,#2111,#2112));
#344=EDGE_LOOP('',(#2113));
#345=EDGE_LOOP('',(#2114,#2115,#2116,#2117));
#346=EDGE_LOOP('',(#2118));
#347=EDGE_LOOP('',(#2119,#2120,#2121,#2122));
#348=EDGE_LOOP('',(#2123));
#349=EDGE_LOOP('',(#2124,#2125,#2126,#2127));
#350=EDGE_LOOP('',(#2128));
#351=EDGE_LOOP('',(#2129,#2130,#2131,#2132,#2133));
#352=EDGE_LOOP('',(#2134,#2135,#2136,#2137));
#353=EDGE_LOOP('',(#2138,#2139,#2140,#2141));
#354=EDGE_LOOP('',(#2142,#2143,#2144,#2145,#2146));
#355=EDGE_LOOP('',(#2147,#2148,#2149,#2150));
#356=EDGE_LOOP('',(#2151,#2152,#2153,#2154,#2155,#2156,#2157,#2158));
#357=EDGE_LOOP('',(#2159,#2160,#2161,#2162,#2163));
#358=EDGE_LOOP('',(#2164,#2165,#2166,#2167));
#359=EDGE_LOOP('',(#2168,#2169,#2170,#2171));
#360=EDGE_LOOP('',(#2172,#2173,#2174,#2175,#2176));
#361=EDGE_LOOP('',(#2177,#2178,#2179,#2180));
#362=EDGE_LOOP('',(#2181,#2182,#2183,#2184,#2185,#2186,#2187,#2188));
#363=EDGE_LOOP('',(#2189,#2190,#2191,#2192,#2193));
#364=EDGE_LOOP('',(#2194,#2195,#2196,#2197));
#365=EDGE_LOOP('',(#2198,#2199,#2200,#2201));
#366=EDGE_LOOP('',(#2202,#2203,#2204,#2205,#2206));
#367=EDGE_LOOP('',(#2207,#2208,#2209,#2210));
#368=EDGE_LOOP('',(#2211,#2212,#2213,#2214,#2215,#2216,#2217,#2218));
#369=EDGE_LOOP('',(#2219,#2220,#2221,#2222,#2223));
#370=EDGE_LOOP('',(#2224,#2225,#2226,#2227));
#371=EDGE_LOOP('',(#2228,#2229,#2230,#2231));
#372=EDGE_LOOP('',(#2232,#2233,#2234,#2235,#2236));
#373=EDGE_LOOP('',(#2237,#2238,#2239,#2240));
#374=EDGE_LOOP('',(#2241,#2242,#2243,#2244,#2245,#2246,#2247,#2248));
#375=EDGE_LOOP('',(#2249,#2250,#2251,#2252));
#376=EDGE_LOOP('',(#2253,#2254,#2255,#2256));
#377=EDGE_LOOP('',(#2257,#2258,#2259,#2260));
#378=EDGE_LOOP('',(#2261,#2262,#2263,#2264));
#379=EDGE_LOOP('',(#2265,#2266,#2267,#2268));
#380=EDGE_LOOP('',(#2269,#2270,#2271,#2272));
#381=EDGE_LOOP('',(#2273,#2274,#2275,#2276));
#382=EDGE_LOOP('',(#2277,#2278,#2279,#2280));
#383=EDGE_LOOP('',(#2281,#2282,#2283,#2284));
#384=EDGE_LOOP('',(#2285,#2286,#2287,#2288));
#385=EDGE_LOOP('',(#2289,#2290,#2291,#2292));
#386=EDGE_LOOP('',(#2293,#2294,#2295,#2296));
#387=EDGE_LOOP('',(#2297,#2298,#2299,#2300));
#388=EDGE_LOOP('',(#2301,#2302,#2303,#2304));
#389=EDGE_LOOP('',(#2305,#2306,#2307,#2308));
#390=EDGE_LOOP('',(#2309,#2310,#2311,#2312));
#391=EDGE_LOOP('',(#2313,#2314,#2315,#2316));
#392=EDGE_LOOP('',(#2317,#2318,#2319,#2320));
#393=EDGE_LOOP('',(#2321,#2322,#2323,#2324));
#394=EDGE_LOOP('',(#2325,#2326,#2327,#2328));
#395=EDGE_LOOP('',(#2329,#2330,#2331,#2332));
#396=EDGE_LOOP('',(#2333,#2334,#2335,#2336));
#397=EDGE_LOOP('',(#2337,#2338,#2339,#2340));
#398=EDGE_LOOP('',(#2341,#2342,#2343,#2344));
#399=EDGE_LOOP('',(#2345,#2346,#2347,#2348));
#400=EDGE_LOOP('',(#2349,#2350,#2351,#2352));
#401=EDGE_LOOP('',(#2353,#2354,#2355,#2356));
#402=EDGE_LOOP('',(#2357,#2358,#2359,#2360));
#403=EDGE_LOOP('',(#2361,#2362,#2363,#2364));
#404=EDGE_LOOP('',(#2365,#2366,#2367,#2368));
#405=EDGE_LOOP('',(#2369,#2370,#2371,#2372));
#406=EDGE_LOOP('',(#2373,#2374,#2375,#2376));
#407=EDGE_LOOP('',(#2377,#2378,#2379,#2380));
#408=EDGE_LOOP('',(#2381,#2382,#2383,#2384));
#409=EDGE_LOOP('',(#2385,#2386,#2387,#2388));
#410=EDGE_LOOP('',(#2389,#2390,#2391,#2392));
#411=EDGE_LOOP('',(#2393,#2394,#2395,#2396));
#412=EDGE_LOOP('',(#2397,#2398,#2399,#2400));
#413=EDGE_LOOP('',(#2401,#2402,#2403,#2404));
#414=EDGE_LOOP('',(#2405,#2406,#2407,#2408));
#415=EDGE_LOOP('',(#2409,#2410,#2411,#2412));
#416=EDGE_LOOP('',(#2413,#2414,#2415,#2416));
#417=EDGE_LOOP('',(#2417,#2418,#2419,#2420));
#418=EDGE_LOOP('',(#2421,#2422,#2423,#2424));
#419=EDGE_LOOP('',(#2425,#2426,#2427,#2428));
#420=EDGE_LOOP('',(#2429,#2430,#2431,#2432));
#421=EDGE_LOOP('',(#2433,#2434,#2435,#2436));
#422=EDGE_LOOP('',(#2437,#2438,#2439,#2440));
#423=EDGE_LOOP('',(#2441,#2442,#2443,#2444));
#424=EDGE_LOOP('',(#2445,#2446,#2447,#2448));
#425=EDGE_LOOP('',(#2449,#2450,#2451,#2452));
#426=EDGE_LOOP('',(#2453,#2454,#2455,#2456));
#427=EDGE_LOOP('',(#2457,#2458,#2459,#2460));
#428=EDGE_LOOP('',(#2461,#2462,#2463,#2464));
#429=EDGE_LOOP('',(#2465,#2466,#2467,#2468));
#430=EDGE_LOOP('',(#2469,#2470,#2471,#2472));
#431=EDGE_LOOP('',(#2473,#2474,#2475,#2476));
#432=EDGE_LOOP('',(#2477,#2478,#2479,#2480));
#433=EDGE_LOOP('',(#2481,#2482,#2483,#2484));
#434=EDGE_LOOP('',(#2485,#2486,#2487,#2488));
#435=EDGE_LOOP('',(#2489,#2490,#2491,#2492));
#436=EDGE_LOOP('',(#2493,#2494,#2495,#2496));
#437=EDGE_LOOP('',(#2497,#2498,#2499,#2500));
#438=EDGE_LOOP('',(#2501,#2502,#2503,#2504));
#439=EDGE_LOOP('',(#2505,#2506,#2507,#2508));
#440=EDGE_LOOP('',(#2509,#2510,#2511,#2512));
#441=EDGE_LOOP('',(#2513,#2514,#2515,#2516));
#442=EDGE_LOOP('',(#2517,#2518,#2519,#2520));
#443=EDGE_LOOP('',(#2521,#2522,#2523,#2524));
#444=EDGE_LOOP('',(#2525,#2526,#2527,#2528));
#445=EDGE_LOOP('',(#2529,#2530,#2531,#2532));
#446=EDGE_LOOP('',(#2533,#2534,#2535,#2536));
#447=EDGE_LOOP('',(#2537,#2538,#2539,#2540));
#448=EDGE_LOOP('',(#2541,#2542,#2543,#2544));
#449=EDGE_LOOP('',(#2545,#2546,#2547,#2548));
#450=EDGE_LOOP('',(#2549,#2550,#2551,#2552));
#451=EDGE_LOOP('',(#2553,#2554,#2555,#2556));
#452=EDGE_LOOP('',(#2557,#2558,#2559,#2560));
#453=EDGE_LOOP('',(#2561,#2562,#2563,#2564));
#454=EDGE_LOOP('',(#2565,#2566,#2567,#2568));
#455=EDGE_LOOP('',(#2569,#2570,#2571,#2572));
#456=EDGE_LOOP('',(#2573,#2574,#2575,#2576));
#457=EDGE_LOOP('',(#2577,#2578,#2579,#2580));
#458=EDGE_LOOP('',(#2581,#2582,#2583,#2584));
#459=EDGE_LOOP('',(#2585,#2586,#2587,#2588));
#460=EDGE_LOOP('',(#2589,#2590,#2591,#2592));
#461=EDGE_LOOP('',(#2593,#2594,#2595,#2596));
#462=EDGE_LOOP('',(#2597,#2598,#2599,#2600));
#463=EDGE_LOOP('',(#2601,#2602,#2603,#2604));
#464=EDGE_LOOP('',(#2605,#2606,#2607,#2608));
#465=EDGE_LOOP('',(#2609,#2610,#2611,#2612));
#466=EDGE_LOOP('',(#2613,#2614,#2615,#2616));
#467=EDGE_LOOP('',(#2617,#2618,#2619,#2620));
#468=EDGE_LOOP('',(#2621,#2622,#2623,#2624));
#469=EDGE_LOOP('',(#2625,#2626,#2627,#2628,#2629,#2630,#2631,#2632,#2633,
#2634,#2635,#2636));
#470=EDGE_LOOP('',(#2637,#2638,#2639,#2640));
#471=EDGE_LOOP('',(#2641,#2642,#2643,#2644,#2645,#2646,#2647,#2648,#2649,
#2650,#2651,#2652));
#472=EDGE_LOOP('',(#2653,#2654,#2655,#2656));
#473=EDGE_LOOP('',(#2657,#2658,#2659,#2660,#2661,#2662,#2663,#2664,#2665,
#2666,#2667,#2668));
#474=EDGE_LOOP('',(#2669,#2670,#2671,#2672));
#475=EDGE_LOOP('',(#2673,#2674,#2675,#2676,#2677,#2678,#2679,#2680,#2681,
#2682,#2683,#2684));
#476=EDGE_LOOP('',(#2685,#2686,#2687,#2688));
#477=EDGE_LOOP('',(#2689,#2690,#2691,#2692));
#478=EDGE_LOOP('',(#2693,#2694,#2695,#2696,#2697,#2698,#2699,#2700,#2701,
#2702,#2703,#2704));
#479=EDGE_LOOP('',(#2705,#2706,#2707,#2708));
#480=EDGE_LOOP('',(#2709,#2710,#2711,#2712,#2713,#2714,#2715,#2716,#2717,
#2718,#2719,#2720));
#481=EDGE_LOOP('',(#2721,#2722,#2723,#2724));
#482=EDGE_LOOP('',(#2725,#2726,#2727,#2728,#2729,#2730,#2731,#2732,#2733,
#2734,#2735,#2736));
#483=EDGE_LOOP('',(#2737,#2738,#2739,#2740));
#484=EDGE_LOOP('',(#2741,#2742,#2743,#2744,#2745,#2746,#2747,#2748,#2749,
#2750,#2751,#2752));
#485=EDGE_LOOP('',(#2753,#2754,#2755,#2756));
#486=EDGE_LOOP('',(#2757,#2758,#2759,#2760));
#487=EDGE_LOOP('',(#2761,#2762,#2763,#2764));
#488=EDGE_LOOP('',(#2765,#2766,#2767,#2768,#2769,#2770,#2771,#2772,#2773,
#2774,#2775,#2776));
#489=EDGE_LOOP('',(#2777,#2778,#2779,#2780));
#490=EDGE_LOOP('',(#2781,#2782,#2783,#2784,#2785,#2786,#2787,#2788,#2789,
#2790,#2791,#2792));
#491=EDGE_LOOP('',(#2793,#2794,#2795,#2796));
#492=EDGE_LOOP('',(#2797,#2798,#2799,#2800,#2801,#2802,#2803,#2804,#2805,
#2806,#2807,#2808));
#493=EDGE_LOOP('',(#2809,#2810,#2811,#2812));
#494=EDGE_LOOP('',(#2813,#2814,#2815,#2816,#2817,#2818,#2819,#2820,#2821,
#2822,#2823,#2824));
#495=EDGE_LOOP('',(#2825,#2826,#2827,#2828));
#496=EDGE_LOOP('',(#2829,#2830,#2831,#2832));
#497=EDGE_LOOP('',(#2833,#2834,#2835,#2836,#2837,#2838,#2839,#2840,#2841,
#2842,#2843,#2844));
#498=EDGE_LOOP('',(#2845,#2846,#2847,#2848));
#499=EDGE_LOOP('',(#2849,#2850,#2851,#2852,#2853,#2854,#2855,#2856,#2857,
#2858,#2859,#2860));
#500=EDGE_LOOP('',(#2861,#2862,#2863,#2864));
#501=EDGE_LOOP('',(#2865,#2866,#2867,#2868,#2869,#2870,#2871,#2872,#2873,
#2874,#2875,#2876));
#502=EDGE_LOOP('',(#2877,#2878,#2879,#2880));
#503=EDGE_LOOP('',(#2881,#2882,#2883,#2884,#2885,#2886,#2887,#2888,#2889,
#2890,#2891,#2892));
#504=EDGE_LOOP('',(#2893,#2894,#2895,#2896));
#505=EDGE_LOOP('',(#2897,#2898,#2899,#2900));
#506=EDGE_LOOP('',(#2901,#2902,#2903,#2904));
#507=EDGE_LOOP('',(#2905,#2906,#2907,#2908,#2909,#2910,#2911,#2912,#2913,
#2914,#2915,#2916,#2917,#2918,#2919,#2920,#2921,#2922,#2923,#2924,#2925,
#2926,#2927,#2928,#2929,#2930,#2931,#2932,#2933,#2934,#2935,#2936,#2937,
#2938,#2939,#2940,#2941,#2942,#2943,#2944,#2945,#2946,#2947,#2948,#2949,
#2950,#2951,#2952));
#508=EDGE_LOOP('',(#2953));
#509=EDGE_LOOP('',(#2954));
#510=EDGE_LOOP('',(#2955,#2956,#2957,#2958,#2959,#2960,#2961,#2962,#2963,
#2964,#2965,#2966,#2967,#2968,#2969,#2970,#2971,#2972,#2973,#2974,#2975,
#2976,#2977,#2978,#2979,#2980,#2981,#2982,#2983,#2984,#2985,#2986,#2987,
#2988,#2989,#2990,#2991,#2992,#2993,#2994,#2995,#2996,#2997,#2998,#2999,
#3000,#3001,#3002));
#511=EDGE_LOOP('',(#3003));
#512=EDGE_LOOP('',(#3004));
#513=LINE('',#4190,#929);
#514=LINE('',#4197,#930);
#515=LINE('',#4204,#931);
#516=LINE('',#4211,#932);
#517=LINE('',#4217,#933);
#518=LINE('',#4219,#934);
#519=LINE('',#4221,#935);
#520=LINE('',#4224,#936);
#521=LINE('',#4229,#937);
#522=LINE('',#4252,#938);
#523=LINE('',#4253,#939);
#524=LINE('',#4254,#940);
#525=LINE('',#4259,#941);
#526=LINE('',#4261,#942);
#527=LINE('',#4263,#943);
#528=LINE('',#4265,#944);
#529=LINE('',#4266,#945);
#530=LINE('',#4270,#946);
#531=LINE('',#4272,#947);
#532=LINE('',#4274,#948);
#533=LINE('',#4277,#949);
#534=LINE('',#4282,#950);
#535=LINE('',#4305,#951);
#536=LINE('',#4306,#952);
#537=LINE('',#4307,#953);
#538=LINE('',#4312,#954);
#539=LINE('',#4314,#955);
#540=LINE('',#4316,#956);
#541=LINE('',#4318,#957);
#542=LINE('',#4319,#958);
#543=LINE('',#4323,#959);
#544=LINE('',#4325,#960);
#545=LINE('',#4327,#961);
#546=LINE('',#4330,#962);
#547=LINE('',#4335,#963);
#548=LINE('',#4358,#964);
#549=LINE('',#4359,#965);
#550=LINE('',#4360,#966);
#551=LINE('',#4365,#967);
#552=LINE('',#4367,#968);
#553=LINE('',#4369,#969);
#554=LINE('',#4371,#970);
#555=LINE('',#4372,#971);
#556=LINE('',#4376,#972);
#557=LINE('',#4378,#973);
#558=LINE('',#4380,#974);
#559=LINE('',#4383,#975);
#560=LINE('',#4388,#976);
#561=LINE('',#4411,#977);
#562=LINE('',#4412,#978);
#563=LINE('',#4413,#979);
#564=LINE('',#4418,#980);
#565=LINE('',#4420,#981);
#566=LINE('',#4422,#982);
#567=LINE('',#4424,#983);
#568=LINE('',#4425,#984);
#569=LINE('',#4429,#985);
#570=LINE('',#4431,#986);
#571=LINE('',#4433,#987);
#572=LINE('',#4434,#988);
#573=LINE('',#4438,#989);
#574=LINE('',#4440,#990);
#575=LINE('',#4442,#991);
#576=LINE('',#4443,#992);
#577=LINE('',#4447,#993);
#578=LINE('',#4449,#994);
#579=LINE('',#4451,#995);
#580=LINE('',#4452,#996);
#581=LINE('',#4455,#997);
#582=LINE('',#4457,#998);
#583=LINE('',#4458,#999);
#584=LINE('',#4461,#1000);
#585=LINE('',#4463,#1001);
#586=LINE('',#4464,#1002);
#587=LINE('',#4468,#1003);
#588=LINE('',#4470,#1004);
#589=LINE('',#4472,#1005);
#590=LINE('',#4473,#1006);
#591=LINE('',#4477,#1007);
#592=LINE('',#4479,#1008);
#593=LINE('',#4481,#1009);
#594=LINE('',#4482,#1010);
#595=LINE('',#4486,#1011);
#596=LINE('',#4488,#1012);
#597=LINE('',#4490,#1013);
#598=LINE('',#4491,#1014);
#599=LINE('',#4495,#1015);
#600=LINE('',#4497,#1016);
#601=LINE('',#4499,#1017);
#602=LINE('',#4500,#1018);
#603=LINE('',#4503,#1019);
#604=LINE('',#4505,#1020);
#605=LINE('',#4506,#1021);
#606=LINE('',#4509,#1022);
#607=LINE('',#4511,#1023);
#608=LINE('',#4512,#1024);
#609=LINE('',#4516,#1025);
#610=LINE('',#4518,#1026);
#611=LINE('',#4520,#1027);
#612=LINE('',#4521,#1028);
#613=LINE('',#4525,#1029);
#614=LINE('',#4527,#1030);
#615=LINE('',#4529,#1031);
#616=LINE('',#4530,#1032);
#617=LINE('',#4534,#1033);
#618=LINE('',#4536,#1034);
#619=LINE('',#4538,#1035);
#620=LINE('',#4539,#1036);
#621=LINE('',#4542,#1037);
#622=LINE('',#4544,#1038);
#623=LINE('',#4545,#1039);
#624=LINE('',#4548,#1040);
#625=LINE('',#4550,#1041);
#626=LINE('',#4551,#1042);
#627=LINE('',#4555,#1043);
#628=LINE('',#4557,#1044);
#629=LINE('',#4559,#1045);
#630=LINE('',#4560,#1046);
#631=LINE('',#4564,#1047);
#632=LINE('',#4566,#1048);
#633=LINE('',#4568,#1049);
#634=LINE('',#4569,#1050);
#635=LINE('',#4573,#1051);
#636=LINE('',#4575,#1052);
#637=LINE('',#4577,#1053);
#638=LINE('',#4578,#1054);
#639=LINE('',#4582,#1055);
#640=LINE('',#4584,#1056);
#641=LINE('',#4586,#1057);
#642=LINE('',#4587,#1058);
#643=LINE('',#4590,#1059);
#644=LINE('',#4592,#1060);
#645=LINE('',#4593,#1061);
#646=LINE('',#4596,#1062);
#647=LINE('',#4598,#1063);
#648=LINE('',#4599,#1064);
#649=LINE('',#4603,#1065);
#650=LINE('',#4604,#1066);
#651=LINE('',#4605,#1067);
#652=LINE('',#4609,#1068);
#653=LINE('',#4610,#1069);
#654=LINE('',#4611,#1070);
#655=LINE('',#4615,#1071);
#656=LINE('',#4616,#1072);
#657=LINE('',#4617,#1073);
#658=LINE('',#4621,#1074);
#659=LINE('',#4622,#1075);
#660=LINE('',#4623,#1076);
#661=LINE('',#4626,#1077);
#662=LINE('',#4627,#1078);
#663=LINE('',#4630,#1079);
#664=LINE('',#4631,#1080);
#665=LINE('',#4635,#1081);
#666=LINE('',#4636,#1082);
#667=LINE('',#4637,#1083);
#668=LINE('',#4641,#1084);
#669=LINE('',#4642,#1085);
#670=LINE('',#4643,#1086);
#671=LINE('',#4647,#1087);
#672=LINE('',#4648,#1088);
#673=LINE('',#4649,#1089);
#674=LINE('',#4653,#1090);
#675=LINE('',#4654,#1091);
#676=LINE('',#4655,#1092);
#677=LINE('',#4658,#1093);
#678=LINE('',#4659,#1094);
#679=LINE('',#4662,#1095);
#680=LINE('',#4663,#1096);
#681=LINE('',#4667,#1097);
#682=LINE('',#4668,#1098);
#683=LINE('',#4669,#1099);
#684=LINE('',#4673,#1100);
#685=LINE('',#4674,#1101);
#686=LINE('',#4675,#1102);
#687=LINE('',#4679,#1103);
#688=LINE('',#4680,#1104);
#689=LINE('',#4681,#1105);
#690=LINE('',#4685,#1106);
#691=LINE('',#4686,#1107);
#692=LINE('',#4687,#1108);
#693=LINE('',#4690,#1109);
#694=LINE('',#4691,#1110);
#695=LINE('',#4694,#1111);
#696=LINE('',#4695,#1112);
#697=LINE('',#4699,#1113);
#698=LINE('',#4700,#1114);
#699=LINE('',#4701,#1115);
#700=LINE('',#4705,#1116);
#701=LINE('',#4706,#1117);
#702=LINE('',#4707,#1118);
#703=LINE('',#4711,#1119);
#704=LINE('',#4712,#1120);
#705=LINE('',#4713,#1121);
#706=LINE('',#4717,#1122);
#707=LINE('',#4718,#1123);
#708=LINE('',#4719,#1124);
#709=LINE('',#4722,#1125);
#710=LINE('',#4723,#1126);
#711=LINE('',#4726,#1127);
#712=LINE('',#4727,#1128);
#713=LINE('',#4731,#1129);
#714=LINE('',#4732,#1130);
#715=LINE('',#4733,#1131);
#716=LINE('',#4737,#1132);
#717=LINE('',#4738,#1133);
#718=LINE('',#4739,#1134);
#719=LINE('',#4743,#1135);
#720=LINE('',#4744,#1136);
#721=LINE('',#4745,#1137);
#722=LINE('',#4749,#1138);
#723=LINE('',#4750,#1139);
#724=LINE('',#4751,#1140);
#725=LINE('',#4754,#1141);
#726=LINE('',#4755,#1142);
#727=LINE('',#4758,#1143);
#728=LINE('',#4759,#1144);
#729=LINE('',#4763,#1145);
#730=LINE('',#4764,#1146);
#731=LINE('',#4765,#1147);
#732=LINE('',#4769,#1148);
#733=LINE('',#4770,#1149);
#734=LINE('',#4771,#1150);
#735=LINE('',#4775,#1151);
#736=LINE('',#4776,#1152);
#737=LINE('',#4777,#1153);
#738=LINE('',#4781,#1154);
#739=LINE('',#4782,#1155);
#740=LINE('',#4783,#1156);
#741=LINE('',#4786,#1157);
#742=LINE('',#4787,#1158);
#743=LINE('',#4790,#1159);
#744=LINE('',#4791,#1160);
#745=LINE('',#4795,#1161);
#746=LINE('',#4796,#1162);
#747=LINE('',#4797,#1163);
#748=LINE('',#4801,#1164);
#749=LINE('',#4802,#1165);
#750=LINE('',#4803,#1166);
#751=LINE('',#4807,#1167);
#752=LINE('',#4808,#1168);
#753=LINE('',#4809,#1169);
#754=LINE('',#4813,#1170);
#755=LINE('',#4814,#1171);
#756=LINE('',#4815,#1172);
#757=LINE('',#4818,#1173);
#758=LINE('',#4819,#1174);
#759=LINE('',#4822,#1175);
#760=LINE('',#4823,#1176);
#761=LINE('',#4827,#1177);
#762=LINE('',#4828,#1178);
#763=LINE('',#4829,#1179);
#764=LINE('',#4833,#1180);
#765=LINE('',#4834,#1181);
#766=LINE('',#4835,#1182);
#767=LINE('',#4839,#1183);
#768=LINE('',#4840,#1184);
#769=LINE('',#4841,#1185);
#770=LINE('',#4845,#1186);
#771=LINE('',#4846,#1187);
#772=LINE('',#4847,#1188);
#773=LINE('',#4850,#1189);
#774=LINE('',#4851,#1190);
#775=LINE('',#4854,#1191);
#776=LINE('',#4855,#1192);
#777=LINE('',#4859,#1193);
#778=LINE('',#4860,#1194);
#779=LINE('',#4861,#1195);
#780=LINE('',#4865,#1196);
#781=LINE('',#4866,#1197);
#782=LINE('',#4867,#1198);
#783=LINE('',#4871,#1199);
#784=LINE('',#4872,#1200);
#785=LINE('',#4873,#1201);
#786=LINE('',#4876,#1202);
#787=LINE('',#4877,#1203);
#788=LINE('',#4878,#1204);
#789=LINE('',#4880,#1205);
#790=LINE('',#4883,#1206);
#791=LINE('',#4884,#1207);
#792=LINE('',#4888,#1208);
#793=LINE('',#4889,#1209);
#794=LINE('',#4890,#1210);
#795=LINE('',#4894,#1211);
#796=LINE('',#4895,#1212);
#797=LINE('',#4896,#1213);
#798=LINE('',#4900,#1214);
#799=LINE('',#4901,#1215);
#800=LINE('',#4902,#1216);
#801=LINE('',#4906,#1217);
#802=LINE('',#4907,#1218);
#803=LINE('',#4908,#1219);
#804=LINE('',#4911,#1220);
#805=LINE('',#4912,#1221);
#806=LINE('',#4915,#1222);
#807=LINE('',#4916,#1223);
#808=LINE('',#4920,#1224);
#809=LINE('',#4921,#1225);
#810=LINE('',#4922,#1226);
#811=LINE('',#4926,#1227);
#812=LINE('',#4927,#1228);
#813=LINE('',#4928,#1229);
#814=LINE('',#4932,#1230);
#815=LINE('',#4933,#1231);
#816=LINE('',#4934,#1232);
#817=LINE('',#4937,#1233);
#818=LINE('',#4938,#1234);
#819=LINE('',#4939,#1235);
#820=LINE('',#4941,#1236);
#821=LINE('',#4944,#1237);
#822=LINE('',#4945,#1238);
#823=LINE('',#4949,#1239);
#824=LINE('',#4950,#1240);
#825=LINE('',#4951,#1241);
#826=LINE('',#4955,#1242);
#827=LINE('',#4956,#1243);
#828=LINE('',#4957,#1244);
#829=LINE('',#4961,#1245);
#830=LINE('',#4962,#1246);
#831=LINE('',#4963,#1247);
#832=LINE('',#4967,#1248);
#833=LINE('',#4968,#1249);
#834=LINE('',#4969,#1250);
#835=LINE('',#4972,#1251);
#836=LINE('',#4973,#1252);
#837=LINE('',#4976,#1253);
#838=LINE('',#4977,#1254);
#839=LINE('',#4981,#1255);
#840=LINE('',#4982,#1256);
#841=LINE('',#4983,#1257);
#842=LINE('',#4984,#1258);
#843=LINE('',#4987,#1259);
#844=LINE('',#4988,#1260);
#845=LINE('',#4991,#1261);
#846=LINE('',#4992,#1262);
#847=LINE('',#4993,#1263);
#848=LINE('',#4996,#1264);
#849=LINE('',#4997,#1265);
#850=LINE('',#5000,#1266);
#851=LINE('',#5001,#1267);
#852=LINE('',#5002,#1268);
#853=LINE('',#5005,#1269);
#854=LINE('',#5006,#1270);
#855=LINE('',#5009,#1271);
#856=LINE('',#5010,#1272);
#857=LINE('',#5011,#1273);
#858=LINE('',#5013,#1274);
#859=LINE('',#5016,#1275);
#860=LINE('',#5017,#1276);
#861=LINE('',#5020,#1277);
#862=LINE('',#5021,#1278);
#863=LINE('',#5022,#1279);
#864=LINE('',#5025,#1280);
#865=LINE('',#5026,#1281);
#866=LINE('',#5029,#1282);
#867=LINE('',#5030,#1283);
#868=LINE('',#5031,#1284);
#869=LINE('',#5034,#1285);
#870=LINE('',#5035,#1286);
#871=LINE('',#5038,#1287);
#872=LINE('',#5039,#1288);
#873=LINE('',#5040,#1289);
#874=LINE('',#5043,#1290);
#875=LINE('',#5044,#1291);
#876=LINE('',#5047,#1292);
#877=LINE('',#5048,#1293);
#878=LINE('',#5049,#1294);
#879=LINE('',#5052,#1295);
#880=LINE('',#5053,#1296);
#881=LINE('',#5056,#1297);
#882=LINE('',#5057,#1298);
#883=LINE('',#5060,#1299);
#884=LINE('',#5061,#1300);
#885=LINE('',#5064,#1301);
#886=LINE('',#5065,#1302);
#887=LINE('',#5066,#1303);
#888=LINE('',#5069,#1304);
#889=LINE('',#5070,#1305);
#890=LINE('',#5073,#1306);
#891=LINE('',#5074,#1307);
#892=LINE('',#5075,#1308);
#893=LINE('',#5078,#1309);
#894=LINE('',#5079,#1310);
#895=LINE('',#5082,#1311);
#896=LINE('',#5083,#1312);
#897=LINE('',#5084,#1313);
#898=LINE('',#5087,#1314);
#899=LINE('',#5088,#1315);
#900=LINE('',#5091,#1316);
#901=LINE('',#5092,#1317);
#902=LINE('',#5093,#1318);
#903=LINE('',#5095,#1319);
#904=LINE('',#5098,#1320);
#905=LINE('',#5099,#1321);
#906=LINE('',#5102,#1322);
#907=LINE('',#5103,#1323);
#908=LINE('',#5104,#1324);
#909=LINE('',#5107,#1325);
#910=LINE('',#5108,#1326);
#911=LINE('',#5111,#1327);
#912=LINE('',#5112,#1328);
#913=LINE('',#5113,#1329);
#914=LINE('',#5116,#1330);
#915=LINE('',#5117,#1331);
#916=LINE('',#5120,#1332);
#917=LINE('',#5121,#1333);
#918=LINE('',#5122,#1334);
#919=LINE('',#5125,#1335);
#920=LINE('',#5126,#1336);
#921=LINE('',#5129,#1337);
#922=LINE('',#5130,#1338);
#923=LINE('',#5131,#1339);
#924=LINE('',#5134,#1340);
#925=LINE('',#5135,#1341);
#926=LINE('',#5138,#1342);
#927=LINE('',#5139,#1343);
#928=LINE('',#5141,#1344);
#929=VECTOR('',#3385,2.10000000000001);
#930=VECTOR('',#3394,2.10000000000001);
#931=VECTOR('',#3403,2.10000000000001);
#932=VECTOR('',#3412,2.10000000000001);
#933=VECTOR('',#3419,10.);
#934=VECTOR('',#3420,10.);
#935=VECTOR('',#3421,10.);
#936=VECTOR('',#3424,10.);
#937=VECTOR('',#3429,10.);
#938=VECTOR('',#3438,10.);
#939=VECTOR('',#3439,10.);
#940=VECTOR('',#3440,10.);
#941=VECTOR('',#3447,10.);
#942=VECTOR('',#3448,10.);
#943=VECTOR('',#3449,10.);
#944=VECTOR('',#3450,10.);
#945=VECTOR('',#3451,10.);
#946=VECTOR('',#3454,10.);
#947=VECTOR('',#3455,10.);
#948=VECTOR('',#3456,10.);
#949=VECTOR('',#3459,10.);
#950=VECTOR('',#3464,10.);
#951=VECTOR('',#3473,10.);
#952=VECTOR('',#3474,10.);
#953=VECTOR('',#3475,10.);
#954=VECTOR('',#3482,10.);
#955=VECTOR('',#3483,10.);
#956=VECTOR('',#3484,10.);
#957=VECTOR('',#3485,10.);
#958=VECTOR('',#3486,10.);
#959=VECTOR('',#3489,10.);
#960=VECTOR('',#3490,10.);
#961=VECTOR('',#3491,10.);
#962=VECTOR('',#3494,10.);
#963=VECTOR('',#3499,10.);
#964=VECTOR('',#3508,10.);
#965=VECTOR('',#3509,10.);
#966=VECTOR('',#3510,10.);
#967=VECTOR('',#3517,10.);
#968=VECTOR('',#3518,10.);
#969=VECTOR('',#3519,10.);
#970=VECTOR('',#3520,10.);
#971=VECTOR('',#3521,10.);
#972=VECTOR('',#3524,10.);
#973=VECTOR('',#3525,10.);
#974=VECTOR('',#3526,10.);
#975=VECTOR('',#3529,10.);
#976=VECTOR('',#3534,10.);
#977=VECTOR('',#3543,10.);
#978=VECTOR('',#3544,10.);
#979=VECTOR('',#3545,10.);
#980=VECTOR('',#3552,10.);
#981=VECTOR('',#3553,10.);
#982=VECTOR('',#3554,10.);
#983=VECTOR('',#3555,10.);
#984=VECTOR('',#3556,10.);
#985=VECTOR('',#3559,10.);
#986=VECTOR('',#3560,10.);
#987=VECTOR('',#3561,10.);
#988=VECTOR('',#3562,10.);
#989=VECTOR('',#3565,10.);
#990=VECTOR('',#3566,10.);
#991=VECTOR('',#3567,10.);
#992=VECTOR('',#3568,10.);
#993=VECTOR('',#3571,10.);
#994=VECTOR('',#3572,10.);
#995=VECTOR('',#3573,10.);
#996=VECTOR('',#3574,10.);
#997=VECTOR('',#3577,10.);
#998=VECTOR('',#3578,10.);
#999=VECTOR('',#3579,10.);
#1000=VECTOR('',#3582,10.);
#1001=VECTOR('',#3583,10.);
#1002=VECTOR('',#3584,10.);
#1003=VECTOR('',#3587,10.);
#1004=VECTOR('',#3588,10.);
#1005=VECTOR('',#3589,10.);
#1006=VECTOR('',#3590,10.);
#1007=VECTOR('',#3593,10.);
#1008=VECTOR('',#3594,10.);
#1009=VECTOR('',#3595,10.);
#1010=VECTOR('',#3596,10.);
#1011=VECTOR('',#3599,10.);
#1012=VECTOR('',#3600,10.);
#1013=VECTOR('',#3601,10.);
#1014=VECTOR('',#3602,10.);
#1015=VECTOR('',#3605,10.);
#1016=VECTOR('',#3606,10.);
#1017=VECTOR('',#3607,10.);
#1018=VECTOR('',#3608,10.);
#1019=VECTOR('',#3611,10.);
#1020=VECTOR('',#3612,10.);
#1021=VECTOR('',#3613,10.);
#1022=VECTOR('',#3616,10.);
#1023=VECTOR('',#3617,10.);
#1024=VECTOR('',#3618,10.);
#1025=VECTOR('',#3621,10.);
#1026=VECTOR('',#3622,10.);
#1027=VECTOR('',#3623,10.);
#1028=VECTOR('',#3624,10.);
#1029=VECTOR('',#3627,10.);
#1030=VECTOR('',#3628,10.);
#1031=VECTOR('',#3629,10.);
#1032=VECTOR('',#3630,10.);
#1033=VECTOR('',#3633,10.);
#1034=VECTOR('',#3634,10.);
#1035=VECTOR('',#3635,10.);
#1036=VECTOR('',#3636,10.);
#1037=VECTOR('',#3639,10.);
#1038=VECTOR('',#3640,10.);
#1039=VECTOR('',#3641,10.);
#1040=VECTOR('',#3644,10.);
#1041=VECTOR('',#3645,10.);
#1042=VECTOR('',#3646,10.);
#1043=VECTOR('',#3649,10.);
#1044=VECTOR('',#3650,10.);
#1045=VECTOR('',#3651,10.);
#1046=VECTOR('',#3652,10.);
#1047=VECTOR('',#3655,10.);
#1048=VECTOR('',#3656,10.);
#1049=VECTOR('',#3657,10.);
#1050=VECTOR('',#3658,10.);
#1051=VECTOR('',#3661,10.);
#1052=VECTOR('',#3662,10.);
#1053=VECTOR('',#3663,10.);
#1054=VECTOR('',#3664,10.);
#1055=VECTOR('',#3667,10.);
#1056=VECTOR('',#3668,10.);
#1057=VECTOR('',#3669,10.);
#1058=VECTOR('',#3670,10.);
#1059=VECTOR('',#3673,10.);
#1060=VECTOR('',#3674,10.);
#1061=VECTOR('',#3675,10.);
#1062=VECTOR('',#3678,10.);
#1063=VECTOR('',#3679,10.);
#1064=VECTOR('',#3680,10.);
#1065=VECTOR('',#3683,10.);
#1066=VECTOR('',#3684,10.);
#1067=VECTOR('',#3685,10.);
#1068=VECTOR('',#3688,10.);
#1069=VECTOR('',#3689,10.);
#1070=VECTOR('',#3690,10.);
#1071=VECTOR('',#3693,10.);
#1072=VECTOR('',#3694,10.);
#1073=VECTOR('',#3695,10.);
#1074=VECTOR('',#3698,10.);
#1075=VECTOR('',#3699,10.);
#1076=VECTOR('',#3700,10.);
#1077=VECTOR('',#3703,10.);
#1078=VECTOR('',#3704,10.);
#1079=VECTOR('',#3707,10.);
#1080=VECTOR('',#3708,10.);
#1081=VECTOR('',#3711,10.);
#1082=VECTOR('',#3712,10.);
#1083=VECTOR('',#3713,10.);
#1084=VECTOR('',#3716,10.);
#1085=VECTOR('',#3717,10.);
#1086=VECTOR('',#3718,10.);
#1087=VECTOR('',#3721,10.);
#1088=VECTOR('',#3722,10.);
#1089=VECTOR('',#3723,10.);
#1090=VECTOR('',#3726,10.);
#1091=VECTOR('',#3727,10.);
#1092=VECTOR('',#3728,10.);
#1093=VECTOR('',#3731,10.);
#1094=VECTOR('',#3732,10.);
#1095=VECTOR('',#3735,10.);
#1096=VECTOR('',#3736,10.);
#1097=VECTOR('',#3739,10.);
#1098=VECTOR('',#3740,10.);
#1099=VECTOR('',#3741,10.);
#1100=VECTOR('',#3744,10.);
#1101=VECTOR('',#3745,10.);
#1102=VECTOR('',#3746,10.);
#1103=VECTOR('',#3749,10.);
#1104=VECTOR('',#3750,10.);
#1105=VECTOR('',#3751,10.);
#1106=VECTOR('',#3754,10.);
#1107=VECTOR('',#3755,10.);
#1108=VECTOR('',#3756,10.);
#1109=VECTOR('',#3759,10.);
#1110=VECTOR('',#3760,10.);
#1111=VECTOR('',#3763,10.);
#1112=VECTOR('',#3764,10.);
#1113=VECTOR('',#3767,10.);
#1114=VECTOR('',#3768,10.);
#1115=VECTOR('',#3769,10.);
#1116=VECTOR('',#3772,10.);
#1117=VECTOR('',#3773,10.);
#1118=VECTOR('',#3774,10.);
#1119=VECTOR('',#3777,10.);
#1120=VECTOR('',#3778,10.);
#1121=VECTOR('',#3779,10.);
#1122=VECTOR('',#3782,10.);
#1123=VECTOR('',#3783,10.);
#1124=VECTOR('',#3784,10.);
#1125=VECTOR('',#3787,10.);
#1126=VECTOR('',#3788,10.);
#1127=VECTOR('',#3791,10.);
#1128=VECTOR('',#3792,10.);
#1129=VECTOR('',#3795,10.);
#1130=VECTOR('',#3796,10.);
#1131=VECTOR('',#3797,10.);
#1132=VECTOR('',#3800,10.);
#1133=VECTOR('',#3801,10.);
#1134=VECTOR('',#3802,10.);
#1135=VECTOR('',#3805,10.);
#1136=VECTOR('',#3806,10.);
#1137=VECTOR('',#3807,10.);
#1138=VECTOR('',#3810,10.);
#1139=VECTOR('',#3811,10.);
#1140=VECTOR('',#3812,10.);
#1141=VECTOR('',#3815,10.);
#1142=VECTOR('',#3816,10.);
#1143=VECTOR('',#3819,10.);
#1144=VECTOR('',#3820,10.);
#1145=VECTOR('',#3823,10.);
#1146=VECTOR('',#3824,10.);
#1147=VECTOR('',#3825,10.);
#1148=VECTOR('',#3828,10.);
#1149=VECTOR('',#3829,10.);
#1150=VECTOR('',#3830,10.);
#1151=VECTOR('',#3833,10.);
#1152=VECTOR('',#3834,10.);
#1153=VECTOR('',#3835,10.);
#1154=VECTOR('',#3838,10.);
#1155=VECTOR('',#3839,10.);
#1156=VECTOR('',#3840,10.);
#1157=VECTOR('',#3843,10.);
#1158=VECTOR('',#3844,10.);
#1159=VECTOR('',#3847,10.);
#1160=VECTOR('',#3848,10.);
#1161=VECTOR('',#3851,10.);
#1162=VECTOR('',#3852,10.);
#1163=VECTOR('',#3853,10.);
#1164=VECTOR('',#3856,10.);
#1165=VECTOR('',#3857,10.);
#1166=VECTOR('',#3858,10.);
#1167=VECTOR('',#3861,10.);
#1168=VECTOR('',#3862,10.);
#1169=VECTOR('',#3863,10.);
#1170=VECTOR('',#3866,10.);
#1171=VECTOR('',#3867,10.);
#1172=VECTOR('',#3868,10.);
#1173=VECTOR('',#3871,10.);
#1174=VECTOR('',#3872,10.);
#1175=VECTOR('',#3875,10.);
#1176=VECTOR('',#3876,10.);
#1177=VECTOR('',#3879,10.);
#1178=VECTOR('',#3880,10.);
#1179=VECTOR('',#3881,10.);
#1180=VECTOR('',#3884,10.);
#1181=VECTOR('',#3885,10.);
#1182=VECTOR('',#3886,10.);
#1183=VECTOR('',#3889,10.);
#1184=VECTOR('',#3890,10.);
#1185=VECTOR('',#3891,10.);
#1186=VECTOR('',#3894,10.);
#1187=VECTOR('',#3895,10.);
#1188=VECTOR('',#3896,10.);
#1189=VECTOR('',#3899,10.);
#1190=VECTOR('',#3900,10.);
#1191=VECTOR('',#3903,10.);
#1192=VECTOR('',#3904,10.);
#1193=VECTOR('',#3907,10.);
#1194=VECTOR('',#3908,10.);
#1195=VECTOR('',#3909,10.);
#1196=VECTOR('',#3912,10.);
#1197=VECTOR('',#3913,10.);
#1198=VECTOR('',#3914,10.);
#1199=VECTOR('',#3917,10.);
#1200=VECTOR('',#3918,10.);
#1201=VECTOR('',#3919,10.);
#1202=VECTOR('',#3922,10.);
#1203=VECTOR('',#3923,10.);
#1204=VECTOR('',#3924,10.);
#1205=VECTOR('',#3927,10.);
#1206=VECTOR('',#3930,10.);
#1207=VECTOR('',#3931,10.);
#1208=VECTOR('',#3934,10.);
#1209=VECTOR('',#3935,10.);
#1210=VECTOR('',#3936,10.);
#1211=VECTOR('',#3939,10.);
#1212=VECTOR('',#3940,10.);
#1213=VECTOR('',#3941,10.);
#1214=VECTOR('',#3944,10.);
#1215=VECTOR('',#3945,10.);
#1216=VECTOR('',#3946,10.);
#1217=VECTOR('',#3949,10.);
#1218=VECTOR('',#3950,10.);
#1219=VECTOR('',#3951,10.);
#1220=VECTOR('',#3954,10.);
#1221=VECTOR('',#3955,10.);
#1222=VECTOR('',#3958,10.);
#1223=VECTOR('',#3959,10.);
#1224=VECTOR('',#3962,10.);
#1225=VECTOR('',#3963,10.);
#1226=VECTOR('',#3964,10.);
#1227=VECTOR('',#3967,10.);
#1228=VECTOR('',#3968,10.);
#1229=VECTOR('',#3969,10.);
#1230=VECTOR('',#3972,10.);
#1231=VECTOR('',#3973,10.);
#1232=VECTOR('',#3974,10.);
#1233=VECTOR('',#3977,10.);
#1234=VECTOR('',#3978,10.);
#1235=VECTOR('',#3979,10.);
#1236=VECTOR('',#3982,10.);
#1237=VECTOR('',#3985,10.);
#1238=VECTOR('',#3986,10.);
#1239=VECTOR('',#3989,10.);
#1240=VECTOR('',#3990,10.);
#1241=VECTOR('',#3991,10.);
#1242=VECTOR('',#3994,10.);
#1243=VECTOR('',#3995,10.);
#1244=VECTOR('',#3996,10.);
#1245=VECTOR('',#3999,10.);
#1246=VECTOR('',#4000,10.);
#1247=VECTOR('',#4001,10.);
#1248=VECTOR('',#4004,10.);
#1249=VECTOR('',#4005,10.);
#1250=VECTOR('',#4006,10.);
#1251=VECTOR('',#4009,10.);
#1252=VECTOR('',#4010,10.);
#1253=VECTOR('',#4013,10.);
#1254=VECTOR('',#4014,10.);
#1255=VECTOR('',#4017,10.);
#1256=VECTOR('',#4018,10.);
#1257=VECTOR('',#4019,10.);
#1258=VECTOR('',#4020,10.);
#1259=VECTOR('',#4023,10.);
#1260=VECTOR('',#4024,10.);
#1261=VECTOR('',#4027,10.);
#1262=VECTOR('',#4028,10.);
#1263=VECTOR('',#4029,10.);
#1264=VECTOR('',#4032,10.);
#1265=VECTOR('',#4033,10.);
#1266=VECTOR('',#4036,10.);
#1267=VECTOR('',#4037,10.);
#1268=VECTOR('',#4038,10.);
#1269=VECTOR('',#4041,10.);
#1270=VECTOR('',#4042,10.);
#1271=VECTOR('',#4045,10.);
#1272=VECTOR('',#4046,10.);
#1273=VECTOR('',#4047,10.);
#1274=VECTOR('',#4050,10.);
#1275=VECTOR('',#4053,10.);
#1276=VECTOR('',#4054,10.);
#1277=VECTOR('',#4057,10.);
#1278=VECTOR('',#4058,10.);
#1279=VECTOR('',#4059,10.);
#1280=VECTOR('',#4062,10.);
#1281=VECTOR('',#4063,10.);
#1282=VECTOR('',#4066,10.);
#1283=VECTOR('',#4067,10.);
#1284=VECTOR('',#4068,10.);
#1285=VECTOR('',#4071,10.);
#1286=VECTOR('',#4072,10.);
#1287=VECTOR('',#4075,10.);
#1288=VECTOR('',#4076,10.);
#1289=VECTOR('',#4077,10.);
#1290=VECTOR('',#4080,10.);
#1291=VECTOR('',#4081,10.);
#1292=VECTOR('',#4084,10.);
#1293=VECTOR('',#4085,10.);
#1294=VECTOR('',#4086,10.);
#1295=VECTOR('',#4089,10.);
#1296=VECTOR('',#4090,10.);
#1297=VECTOR('',#4093,10.);
#1298=VECTOR('',#4094,10.);
#1299=VECTOR('',#4097,10.);
#1300=VECTOR('',#4098,10.);
#1301=VECTOR('',#4101,10.);
#1302=VECTOR('',#4102,10.);
#1303=VECTOR('',#4103,10.);
#1304=VECTOR('',#4106,10.);
#1305=VECTOR('',#4107,10.);
#1306=VECTOR('',#4110,10.);
#1307=VECTOR('',#4111,10.);
#1308=VECTOR('',#4112,10.);
#1309=VECTOR('',#4115,10.);
#1310=VECTOR('',#4116,10.);
#1311=VECTOR('',#4119,10.);
#1312=VECTOR('',#4120,10.);
#1313=VECTOR('',#4121,10.);
#1314=VECTOR('',#4124,10.);
#1315=VECTOR('',#4125,10.);
#1316=VECTOR('',#4128,10.);
#1317=VECTOR('',#4129,10.);
#1318=VECTOR('',#4130,10.);
#1319=VECTOR('',#4133,10.);
#1320=VECTOR('',#4136,10.);
#1321=VECTOR('',#4137,10.);
#1322=VECTOR('',#4140,10.);
#1323=VECTOR('',#4141,10.);
#1324=VECTOR('',#4142,10.);
#1325=VECTOR('',#4145,10.);
#1326=VECTOR('',#4146,10.);
#1327=VECTOR('',#4149,10.);
#1328=VECTOR('',#4150,10.);
#1329=VECTOR('',#4151,10.);
#1330=VECTOR('',#4154,10.);
#1331=VECTOR('',#4155,10.);
#1332=VECTOR('',#4158,10.);
#1333=VECTOR('',#4159,10.);
#1334=VECTOR('',#4160,10.);
#1335=VECTOR('',#4163,10.);
#1336=VECTOR('',#4164,10.);
#1337=VECTOR('',#4167,10.);
#1338=VECTOR('',#4168,10.);
#1339=VECTOR('',#4169,10.);
#1340=VECTOR('',#4172,10.);
#1341=VECTOR('',#4173,10.);
#1342=VECTOR('',#4176,10.);
#1343=VECTOR('',#4177,10.);
#1344=VECTOR('',#4180,10.);
#1345=CIRCLE('',#3186,2.10000000000001);
#1346=CIRCLE('',#3187,2.10000000000001);
#1347=CIRCLE('',#3190,2.10000000000001);
#1348=CIRCLE('',#3191,2.10000000000001);
#1349=CIRCLE('',#3194,2.10000000000001);
#1350=CIRCLE('',#3195,2.10000000000001);
#1351=CIRCLE('',#3198,2.10000000000001);
#1352=CIRCLE('',#3199,2.10000000000001);
#1353=CIRCLE('',#3202,1.5);
#1354=CIRCLE('',#3204,3.3);
#1355=CIRCLE('',#3205,3.3);
#1356=CIRCLE('',#3206,1.5);
#1357=CIRCLE('',#3207,3.3);
#1358=CIRCLE('',#3213,1.5);
#1359=CIRCLE('',#3215,3.3);
#1360=CIRCLE('',#3216,3.3);
#1361=CIRCLE('',#3217,1.5);
#1362=CIRCLE('',#3218,3.3);
#1363=CIRCLE('',#3224,1.5);
#1364=CIRCLE('',#3226,3.3);
#1365=CIRCLE('',#3227,3.3);
#1366=CIRCLE('',#3228,1.5);
#1367=CIRCLE('',#3229,3.3);
#1368=CIRCLE('',#3235,1.5);
#1369=CIRCLE('',#3237,3.3);
#1370=CIRCLE('',#3238,3.3);
#1371=CIRCLE('',#3239,1.5);
#1372=CIRCLE('',#3240,3.3);
#1373=VERTEX_POINT('',#4187);
#1374=VERTEX_POINT('',#4189);
#1375=VERTEX_POINT('',#4194);
#1376=VERTEX_POINT('',#4196);
#1377=VERTEX_POINT('',#4201);
#1378=VERTEX_POINT('',#4203);
#1379=VERTEX_POINT('',#4208);
#1380=VERTEX_POINT('',#4210);
#1381=VERTEX_POINT('',#4215);
#1382=VERTEX_POINT('',#4216);
#1383=VERTEX_POINT('',#4218);
#1384=VERTEX_POINT('',#4220);
#1385=VERTEX_POINT('',#4222);
#1386=VERTEX_POINT('',#4226);
#1387=VERTEX_POINT('',#4228);
#1388=VERTEX_POINT('',#4246);
#1389=VERTEX_POINT('',#4250);
#1390=VERTEX_POINT('',#4251);
#1391=VERTEX_POINT('',#4258);
#1392=VERTEX_POINT('',#4260);
#1393=VERTEX_POINT('',#4262);
#1394=VERTEX_POINT('',#4264);
#1395=VERTEX_POINT('',#4268);
#1396=VERTEX_POINT('',#4269);
#1397=VERTEX_POINT('',#4271);
#1398=VERTEX_POINT('',#4273);
#1399=VERTEX_POINT('',#4275);
#1400=VERTEX_POINT('',#4279);
#1401=VERTEX_POINT('',#4281);
#1402=VERTEX_POINT('',#4299);
#1403=VERTEX_POINT('',#4303);
#1404=VERTEX_POINT('',#4304);
#1405=VERTEX_POINT('',#4311);
#1406=VERTEX_POINT('',#4313);
#1407=VERTEX_POINT('',#4315);
#1408=VERTEX_POINT('',#4317);
#1409=VERTEX_POINT('',#4321);
#1410=VERTEX_POINT('',#4322);
#1411=VERTEX_POINT('',#4324);
#1412=VERTEX_POINT('',#4326);
#1413=VERTEX_POINT('',#4328);
#1414=VERTEX_POINT('',#4332);
#1415=VERTEX_POINT('',#4334);
#1416=VERTEX_POINT('',#4352);
#1417=VERTEX_POINT('',#4356);
#1418=VERTEX_POINT('',#4357);
#1419=VERTEX_POINT('',#4364);
#1420=VERTEX_POINT('',#4366);
#1421=VERTEX_POINT('',#4368);
#1422=VERTEX_POINT('',#4370);
#1423=VERTEX_POINT('',#4374);
#1424=VERTEX_POINT('',#4375);
#1425=VERTEX_POINT('',#4377);
#1426=VERTEX_POINT('',#4379);
#1427=VERTEX_POINT('',#4381);
#1428=VERTEX_POINT('',#4385);
#1429=VERTEX_POINT('',#4387);
#1430=VERTEX_POINT('',#4405);
#1431=VERTEX_POINT('',#4409);
#1432=VERTEX_POINT('',#4410);
#1433=VERTEX_POINT('',#4417);
#1434=VERTEX_POINT('',#4419);
#1435=VERTEX_POINT('',#4421);
#1436=VERTEX_POINT('',#4423);
#1437=VERTEX_POINT('',#4427);
#1438=VERTEX_POINT('',#4428);
#1439=VERTEX_POINT('',#4430);
#1440=VERTEX_POINT('',#4432);
#1441=VERTEX_POINT('',#4436);
#1442=VERTEX_POINT('',#4437);
#1443=VERTEX_POINT('',#4439);
#1444=VERTEX_POINT('',#4441);
#1445=VERTEX_POINT('',#4445);
#1446=VERTEX_POINT('',#4446);
#1447=VERTEX_POINT('',#4448);
#1448=VERTEX_POINT('',#4450);
#1449=VERTEX_POINT('',#4454);
#1450=VERTEX_POINT('',#4456);
#1451=VERTEX_POINT('',#4460);
#1452=VERTEX_POINT('',#4462);
#1453=VERTEX_POINT('',#4466);
#1454=VERTEX_POINT('',#4467);
#1455=VERTEX_POINT('',#4469);
#1456=VERTEX_POINT('',#4471);
#1457=VERTEX_POINT('',#4475);
#1458=VERTEX_POINT('',#4476);
#1459=VERTEX_POINT('',#4478);
#1460=VERTEX_POINT('',#4480);
#1461=VERTEX_POINT('',#4484);
#1462=VERTEX_POINT('',#4485);
#1463=VERTEX_POINT('',#4487);
#1464=VERTEX_POINT('',#4489);
#1465=VERTEX_POINT('',#4493);
#1466=VERTEX_POINT('',#4494);
#1467=VERTEX_POINT('',#4496);
#1468=VERTEX_POINT('',#4498);
#1469=VERTEX_POINT('',#4502);
#1470=VERTEX_POINT('',#4504);
#1471=VERTEX_POINT('',#4508);
#1472=VERTEX_POINT('',#4510);
#1473=VERTEX_POINT('',#4514);
#1474=VERTEX_POINT('',#4515);
#1475=VERTEX_POINT('',#4517);
#1476=VERTEX_POINT('',#4519);
#1477=VERTEX_POINT('',#4523);
#1478=VERTEX_POINT('',#4524);
#1479=VERTEX_POINT('',#4526);
#1480=VERTEX_POINT('',#4528);
#1481=VERTEX_POINT('',#4532);
#1482=VERTEX_POINT('',#4533);
#1483=VERTEX_POINT('',#4535);
#1484=VERTEX_POINT('',#4537);
#1485=VERTEX_POINT('',#4541);
#1486=VERTEX_POINT('',#4543);
#1487=VERTEX_POINT('',#4547);
#1488=VERTEX_POINT('',#4549);
#1489=VERTEX_POINT('',#4553);
#1490=VERTEX_POINT('',#4554);
#1491=VERTEX_POINT('',#4556);
#1492=VERTEX_POINT('',#4558);
#1493=VERTEX_POINT('',#4562);
#1494=VERTEX_POINT('',#4563);
#1495=VERTEX_POINT('',#4565);
#1496=VERTEX_POINT('',#4567);
#1497=VERTEX_POINT('',#4571);
#1498=VERTEX_POINT('',#4572);
#1499=VERTEX_POINT('',#4574);
#1500=VERTEX_POINT('',#4576);
#1501=VERTEX_POINT('',#4580);
#1502=VERTEX_POINT('',#4581);
#1503=VERTEX_POINT('',#4583);
#1504=VERTEX_POINT('',#4585);
#1505=VERTEX_POINT('',#4589);
#1506=VERTEX_POINT('',#4591);
#1507=VERTEX_POINT('',#4595);
#1508=VERTEX_POINT('',#4597);
#1509=VERTEX_POINT('',#4601);
#1510=VERTEX_POINT('',#4602);
#1511=VERTEX_POINT('',#4607);
#1512=VERTEX_POINT('',#4608);
#1513=VERTEX_POINT('',#4613);
#1514=VERTEX_POINT('',#4614);
#1515=VERTEX_POINT('',#4619);
#1516=VERTEX_POINT('',#4620);
#1517=VERTEX_POINT('',#4625);
#1518=VERTEX_POINT('',#4629);
#1519=VERTEX_POINT('',#4633);
#1520=VERTEX_POINT('',#4634);
#1521=VERTEX_POINT('',#4639);
#1522=VERTEX_POINT('',#4640);
#1523=VERTEX_POINT('',#4645);
#1524=VERTEX_POINT('',#4646);
#1525=VERTEX_POINT('',#4651);
#1526=VERTEX_POINT('',#4652);
#1527=VERTEX_POINT('',#4657);
#1528=VERTEX_POINT('',#4661);
#1529=VERTEX_POINT('',#4665);
#1530=VERTEX_POINT('',#4666);
#1531=VERTEX_POINT('',#4671);
#1532=VERTEX_POINT('',#4672);
#1533=VERTEX_POINT('',#4677);
#1534=VERTEX_POINT('',#4678);
#1535=VERTEX_POINT('',#4683);
#1536=VERTEX_POINT('',#4684);
#1537=VERTEX_POINT('',#4689);
#1538=VERTEX_POINT('',#4693);
#1539=VERTEX_POINT('',#4697);
#1540=VERTEX_POINT('',#4698);
#1541=VERTEX_POINT('',#4703);
#1542=VERTEX_POINT('',#4704);
#1543=VERTEX_POINT('',#4709);
#1544=VERTEX_POINT('',#4710);
#1545=VERTEX_POINT('',#4715);
#1546=VERTEX_POINT('',#4716);
#1547=VERTEX_POINT('',#4721);
#1548=VERTEX_POINT('',#4725);
#1549=VERTEX_POINT('',#4729);
#1550=VERTEX_POINT('',#4730);
#1551=VERTEX_POINT('',#4735);
#1552=VERTEX_POINT('',#4736);
#1553=VERTEX_POINT('',#4741);
#1554=VERTEX_POINT('',#4742);
#1555=VERTEX_POINT('',#4747);
#1556=VERTEX_POINT('',#4748);
#1557=VERTEX_POINT('',#4753);
#1558=VERTEX_POINT('',#4757);
#1559=VERTEX_POINT('',#4761);
#1560=VERTEX_POINT('',#4762);
#1561=VERTEX_POINT('',#4767);
#1562=VERTEX_POINT('',#4768);
#1563=VERTEX_POINT('',#4773);
#1564=VERTEX_POINT('',#4774);
#1565=VERTEX_POINT('',#4779);
#1566=VERTEX_POINT('',#4780);
#1567=VERTEX_POINT('',#4785);
#1568=VERTEX_POINT('',#4789);
#1569=VERTEX_POINT('',#4793);
#1570=VERTEX_POINT('',#4794);
#1571=VERTEX_POINT('',#4799);
#1572=VERTEX_POINT('',#4800);
#1573=VERTEX_POINT('',#4805);
#1574=VERTEX_POINT('',#4806);
#1575=VERTEX_POINT('',#4811);
#1576=VERTEX_POINT('',#4812);
#1577=VERTEX_POINT('',#4817);
#1578=VERTEX_POINT('',#4821);
#1579=VERTEX_POINT('',#4825);
#1580=VERTEX_POINT('',#4826);
#1581=VERTEX_POINT('',#4831);
#1582=VERTEX_POINT('',#4832);
#1583=VERTEX_POINT('',#4837);
#1584=VERTEX_POINT('',#4838);
#1585=VERTEX_POINT('',#4843);
#1586=VERTEX_POINT('',#4844);
#1587=VERTEX_POINT('',#4849);
#1588=VERTEX_POINT('',#4853);
#1589=VERTEX_POINT('',#4857);
#1590=VERTEX_POINT('',#4858);
#1591=VERTEX_POINT('',#4863);
#1592=VERTEX_POINT('',#4864);
#1593=VERTEX_POINT('',#4869);
#1594=VERTEX_POINT('',#4870);
#1595=VERTEX_POINT('',#4875);
#1596=VERTEX_POINT('',#4882);
#1597=VERTEX_POINT('',#4886);
#1598=VERTEX_POINT('',#4887);
#1599=VERTEX_POINT('',#4892);
#1600=VERTEX_POINT('',#4893);
#1601=VERTEX_POINT('',#4898);
#1602=VERTEX_POINT('',#4899);
#1603=VERTEX_POINT('',#4904);
#1604=VERTEX_POINT('',#4905);
#1605=VERTEX_POINT('',#4910);
#1606=VERTEX_POINT('',#4914);
#1607=VERTEX_POINT('',#4918);
#1608=VERTEX_POINT('',#4919);
#1609=VERTEX_POINT('',#4924);
#1610=VERTEX_POINT('',#4925);
#1611=VERTEX_POINT('',#4930);
#1612=VERTEX_POINT('',#4931);
#1613=VERTEX_POINT('',#4936);
#1614=VERTEX_POINT('',#4943);
#1615=VERTEX_POINT('',#4947);
#1616=VERTEX_POINT('',#4948);
#1617=VERTEX_POINT('',#4953);
#1618=VERTEX_POINT('',#4954);
#1619=VERTEX_POINT('',#4959);
#1620=VERTEX_POINT('',#4960);
#1621=VERTEX_POINT('',#4965);
#1622=VERTEX_POINT('',#4966);
#1623=VERTEX_POINT('',#4971);
#1624=VERTEX_POINT('',#4975);
#1625=VERTEX_POINT('',#4979);
#1626=VERTEX_POINT('',#4980);
#1627=VERTEX_POINT('',#4986);
#1628=VERTEX_POINT('',#4990);
#1629=VERTEX_POINT('',#4995);
#1630=VERTEX_POINT('',#4999);
#1631=VERTEX_POINT('',#5004);
#1632=VERTEX_POINT('',#5008);
#1633=VERTEX_POINT('',#5015);
#1634=VERTEX_POINT('',#5019);
#1635=VERTEX_POINT('',#5024);
#1636=VERTEX_POINT('',#5028);
#1637=VERTEX_POINT('',#5033);
#1638=VERTEX_POINT('',#5037);
#1639=VERTEX_POINT('',#5042);
#1640=VERTEX_POINT('',#5046);
#1641=VERTEX_POINT('',#5051);
#1642=VERTEX_POINT('',#5055);
#1643=VERTEX_POINT('',#5059);
#1644=VERTEX_POINT('',#5063);
#1645=VERTEX_POINT('',#5068);
#1646=VERTEX_POINT('',#5072);
#1647=VERTEX_POINT('',#5077);
#1648=VERTEX_POINT('',#5081);
#1649=VERTEX_POINT('',#5086);
#1650=VERTEX_POINT('',#5090);
#1651=VERTEX_POINT('',#5097);
#1652=VERTEX_POINT('',#5101);
#1653=VERTEX_POINT('',#5106);
#1654=VERTEX_POINT('',#5110);
#1655=VERTEX_POINT('',#5115);
#1656=VERTEX_POINT('',#5119);
#1657=VERTEX_POINT('',#5124);
#1658=VERTEX_POINT('',#5128);
#1659=VERTEX_POINT('',#5133);
#1660=VERTEX_POINT('',#5137);
#1661=EDGE_CURVE('',#1373,#1373,#1345,.T.);
#1662=EDGE_CURVE('',#1373,#1374,#513,.T.);
#1663=EDGE_CURVE('',#1374,#1374,#1346,.T.);
#1664=EDGE_CURVE('',#1375,#1375,#1347,.T.);
#1665=EDGE_CURVE('',#1375,#1376,#514,.T.);
#1666=EDGE_CURVE('',#1376,#1376,#1348,.T.);
#1667=EDGE_CURVE('',#1377,#1377,#1349,.T.);
#1668=EDGE_CURVE('',#1377,#1378,#515,.T.);
#1669=EDGE_CURVE('',#1378,#1378,#1350,.T.);
#1670=EDGE_CURVE('',#1379,#1379,#1351,.T.);
#1671=EDGE_CURVE('',#1379,#1380,#516,.T.);
#1672=EDGE_CURVE('',#1380,#1380,#1352,.T.);
#1673=EDGE_CURVE('',#1381,#1382,#517,.T.);
#1674=EDGE_CURVE('',#1383,#1381,#518,.T.);
#1675=EDGE_CURVE('',#1383,#1384,#519,.T.);
#1676=EDGE_CURVE('',#1384,#1385,#1353,.T.);
#1677=EDGE_CURVE('',#1385,#1382,#520,.T.);
#1678=EDGE_CURVE('',#1386,#1383,#1354,.T.);
#1679=EDGE_CURVE('',#1386,#1387,#521,.T.);
#1680=EDGE_CURVE('',#1384,#1387,#1355,.T.);
#1681=EDGE_CURVE('',#1387,#1388,#1356,.T.);
#1682=EDGE_CURVE('',#1385,#1388,#1357,.T.);
#1683=EDGE_CURVE('',#1389,#1390,#522,.T.);
#1684=EDGE_CURVE('',#1388,#1389,#523,.T.);
#1685=EDGE_CURVE('',#1386,#1390,#524,.T.);
#1686=EDGE_CURVE('',#1382,#1389,#19,.T.);
#1687=EDGE_CURVE('',#1391,#1390,#525,.T.);
#1688=EDGE_CURVE('',#1391,#1392,#526,.T.);
#1689=EDGE_CURVE('',#1393,#1392,#527,.T.);
#1690=EDGE_CURVE('',#1394,#1393,#528,.T.);
#1691=EDGE_CURVE('',#1381,#1394,#529,.T.);
#1692=EDGE_CURVE('',#1395,#1396,#530,.T.);
#1693=EDGE_CURVE('',#1397,#1395,#531,.T.);
#1694=EDGE_CURVE('',#1397,#1398,#532,.T.);
#1695=EDGE_CURVE('',#1398,#1399,#1358,.T.);
#1696=EDGE_CURVE('',#1399,#1396,#533,.T.);
#1697=EDGE_CURVE('',#1400,#1397,#1359,.T.);
#1698=EDGE_CURVE('',#1400,#1401,#534,.T.);
#1699=EDGE_CURVE('',#1398,#1401,#1360,.T.);
#1700=EDGE_CURVE('',#1401,#1402,#1361,.T.);
#1701=EDGE_CURVE('',#1399,#1402,#1362,.T.);
#1702=EDGE_CURVE('',#1403,#1404,#535,.T.);
#1703=EDGE_CURVE('',#1402,#1403,#536,.T.);
#1704=EDGE_CURVE('',#1400,#1404,#537,.T.);
#1705=EDGE_CURVE('',#1396,#1403,#20,.T.);
#1706=EDGE_CURVE('',#1405,#1404,#538,.T.);
#1707=EDGE_CURVE('',#1406,#1405,#539,.T.);
#1708=EDGE_CURVE('',#1406,#1407,#540,.T.);
#1709=EDGE_CURVE('',#1407,#1408,#541,.T.);
#1710=EDGE_CURVE('',#1395,#1408,#542,.T.);
#1711=EDGE_CURVE('',#1409,#1410,#543,.T.);
#1712=EDGE_CURVE('',#1411,#1409,#544,.T.);
#1713=EDGE_CURVE('',#1411,#1412,#545,.T.);
#1714=EDGE_CURVE('',#1412,#1413,#1363,.T.);
#1715=EDGE_CURVE('',#1413,#1410,#546,.T.);
#1716=EDGE_CURVE('',#1414,#1411,#1364,.T.);
#1717=EDGE_CURVE('',#1414,#1415,#547,.T.);
#1718=EDGE_CURVE('',#1412,#1415,#1365,.T.);
#1719=EDGE_CURVE('',#1415,#1416,#1366,.T.);
#1720=EDGE_CURVE('',#1413,#1416,#1367,.T.);
#1721=EDGE_CURVE('',#1417,#1418,#548,.T.);
#1722=EDGE_CURVE('',#1416,#1417,#549,.T.);
#1723=EDGE_CURVE('',#1414,#1418,#550,.T.);
#1724=EDGE_CURVE('',#1410,#1417,#21,.T.);
#1725=EDGE_CURVE('',#1419,#1418,#551,.T.);
#1726=EDGE_CURVE('',#1420,#1419,#552,.T.);
#1727=EDGE_CURVE('',#1420,#1421,#553,.T.);
#1728=EDGE_CURVE('',#1421,#1422,#554,.T.);
#1729=EDGE_CURVE('',#1409,#1422,#555,.T.);
#1730=EDGE_CURVE('',#1423,#1424,#556,.T.);
#1731=EDGE_CURVE('',#1425,#1423,#557,.T.);
#1732=EDGE_CURVE('',#1425,#1426,#558,.T.);
#1733=EDGE_CURVE('',#1426,#1427,#1368,.T.);
#1734=EDGE_CURVE('',#1427,#1424,#559,.T.);
#1735=EDGE_CURVE('',#1428,#1425,#1369,.T.);
#1736=EDGE_CURVE('',#1428,#1429,#560,.T.);
#1737=EDGE_CURVE('',#1426,#1429,#1370,.T.);
#1738=EDGE_CURVE('',#1429,#1430,#1371,.T.);
#1739=EDGE_CURVE('',#1427,#1430,#1372,.T.);
#1740=EDGE_CURVE('',#1431,#1432,#561,.T.);
#1741=EDGE_CURVE('',#1430,#1431,#562,.T.);
#1742=EDGE_CURVE('',#1428,#1432,#563,.T.);
#1743=EDGE_CURVE('',#1424,#1431,#22,.T.);
#1744=EDGE_CURVE('',#1433,#1432,#564,.T.);
#1745=EDGE_CURVE('',#1433,#1434,#565,.T.);
#1746=EDGE_CURVE('',#1435,#1434,#566,.T.);
#1747=EDGE_CURVE('',#1436,#1435,#567,.T.);
#1748=EDGE_CURVE('',#1423,#1436,#568,.T.);
#1749=EDGE_CURVE('',#1437,#1438,#569,.T.);
#1750=EDGE_CURVE('',#1438,#1439,#570,.T.);
#1751=EDGE_CURVE('',#1440,#1439,#571,.T.);
#1752=EDGE_CURVE('',#1437,#1440,#572,.T.);
#1753=EDGE_CURVE('',#1441,#1442,#573,.T.);
#1754=EDGE_CURVE('',#1442,#1443,#574,.T.);
#1755=EDGE_CURVE('',#1444,#1443,#575,.T.);
#1756=EDGE_CURVE('',#1441,#1444,#576,.T.);
#1757=EDGE_CURVE('',#1445,#1446,#577,.T.);
#1758=EDGE_CURVE('',#1446,#1447,#578,.T.);
#1759=EDGE_CURVE('',#1448,#1447,#579,.T.);
#1760=EDGE_CURVE('',#1445,#1448,#580,.T.);
#1761=EDGE_CURVE('',#1421,#1449,#581,.T.);
#1762=EDGE_CURVE('',#1449,#1450,#582,.T.);
#1763=EDGE_CURVE('',#1422,#1450,#583,.T.);
#1764=EDGE_CURVE('',#1451,#1420,#584,.T.);
#1765=EDGE_CURVE('',#1452,#1419,#585,.T.);
#1766=EDGE_CURVE('',#1451,#1452,#586,.T.);
#1767=EDGE_CURVE('',#1453,#1454,#587,.T.);
#1768=EDGE_CURVE('',#1454,#1455,#588,.T.);
#1769=EDGE_CURVE('',#1456,#1455,#589,.T.);
#1770=EDGE_CURVE('',#1453,#1456,#590,.T.);
#1771=EDGE_CURVE('',#1457,#1458,#591,.T.);
#1772=EDGE_CURVE('',#1458,#1459,#592,.T.);
#1773=EDGE_CURVE('',#1460,#1459,#593,.T.);
#1774=EDGE_CURVE('',#1457,#1460,#594,.T.);
#1775=EDGE_CURVE('',#1461,#1462,#595,.T.);
#1776=EDGE_CURVE('',#1462,#1463,#596,.T.);
#1777=EDGE_CURVE('',#1464,#1463,#597,.T.);
#1778=EDGE_CURVE('',#1461,#1464,#598,.T.);
#1779=EDGE_CURVE('',#1465,#1466,#599,.T.);
#1780=EDGE_CURVE('',#1466,#1467,#600,.T.);
#1781=EDGE_CURVE('',#1468,#1467,#601,.T.);
#1782=EDGE_CURVE('',#1465,#1468,#602,.T.);
#1783=EDGE_CURVE('',#1469,#1468,#603,.T.);
#1784=EDGE_CURVE('',#1470,#1469,#604,.T.);
#1785=EDGE_CURVE('',#1470,#1465,#605,.T.);
#1786=EDGE_CURVE('',#1471,#1470,#606,.T.);
#1787=EDGE_CURVE('',#1472,#1469,#607,.T.);
#1788=EDGE_CURVE('',#1471,#1472,#608,.T.);
#1789=EDGE_CURVE('',#1473,#1474,#609,.T.);
#1790=EDGE_CURVE('',#1474,#1475,#610,.T.);
#1791=EDGE_CURVE('',#1476,#1475,#611,.T.);
#1792=EDGE_CURVE('',#1473,#1476,#612,.T.);
#1793=EDGE_CURVE('',#1477,#1478,#613,.T.);
#1794=EDGE_CURVE('',#1478,#1479,#614,.T.);
#1795=EDGE_CURVE('',#1480,#1479,#615,.T.);
#1796=EDGE_CURVE('',#1477,#1480,#616,.T.);
#1797=EDGE_CURVE('',#1481,#1482,#617,.T.);
#1798=EDGE_CURVE('',#1482,#1483,#618,.T.);
#1799=EDGE_CURVE('',#1484,#1483,#619,.T.);
#1800=EDGE_CURVE('',#1481,#1484,#620,.T.);
#1801=EDGE_CURVE('',#1407,#1485,#621,.T.);
#1802=EDGE_CURVE('',#1485,#1486,#622,.T.);
#1803=EDGE_CURVE('',#1408,#1486,#623,.T.);
#1804=EDGE_CURVE('',#1487,#1406,#624,.T.);
#1805=EDGE_CURVE('',#1488,#1405,#625,.T.);
#1806=EDGE_CURVE('',#1487,#1488,#626,.T.);
#1807=EDGE_CURVE('',#1489,#1490,#627,.T.);
#1808=EDGE_CURVE('',#1490,#1491,#628,.T.);
#1809=EDGE_CURVE('',#1492,#1491,#629,.T.);
#1810=EDGE_CURVE('',#1489,#1492,#630,.T.);
#1811=EDGE_CURVE('',#1493,#1494,#631,.T.);
#1812=EDGE_CURVE('',#1494,#1495,#632,.T.);
#1813=EDGE_CURVE('',#1496,#1495,#633,.T.);
#1814=EDGE_CURVE('',#1493,#1496,#634,.T.);
#1815=EDGE_CURVE('',#1497,#1498,#635,.T.);
#1816=EDGE_CURVE('',#1498,#1499,#636,.T.);
#1817=EDGE_CURVE('',#1500,#1499,#637,.T.);
#1818=EDGE_CURVE('',#1497,#1500,#638,.T.);
#1819=EDGE_CURVE('',#1501,#1502,#639,.T.);
#1820=EDGE_CURVE('',#1502,#1503,#640,.T.);
#1821=EDGE_CURVE('',#1504,#1503,#641,.T.);
#1822=EDGE_CURVE('',#1501,#1504,#642,.T.);
#1823=EDGE_CURVE('',#1505,#1501,#643,.T.);
#1824=EDGE_CURVE('',#1506,#1504,#644,.T.);
#1825=EDGE_CURVE('',#1505,#1506,#645,.T.);
#1826=EDGE_CURVE('',#1507,#1505,#646,.T.);
#1827=EDGE_CURVE('',#1508,#1506,#647,.T.);
#1828=EDGE_CURVE('',#1507,#1508,#648,.T.);
#1829=EDGE_CURVE('',#1509,#1510,#649,.T.);
#1830=EDGE_CURVE('',#1510,#1438,#650,.T.);
#1831=EDGE_CURVE('',#1509,#1437,#651,.T.);
#1832=EDGE_CURVE('',#1511,#1512,#652,.T.);
#1833=EDGE_CURVE('',#1512,#1442,#653,.T.);
#1834=EDGE_CURVE('',#1511,#1441,#654,.T.);
#1835=EDGE_CURVE('',#1513,#1514,#655,.T.);
#1836=EDGE_CURVE('',#1514,#1446,#656,.T.);
#1837=EDGE_CURVE('',#1513,#1445,#657,.T.);
#1838=EDGE_CURVE('',#1515,#1516,#658,.T.);
#1839=EDGE_CURVE('',#1516,#1449,#659,.T.);
#1840=EDGE_CURVE('',#1515,#1421,#660,.T.);
#1841=EDGE_CURVE('',#1517,#1515,#661,.T.);
#1842=EDGE_CURVE('',#1517,#1420,#662,.T.);
#1843=EDGE_CURVE('',#1518,#1517,#663,.T.);
#1844=EDGE_CURVE('',#1518,#1451,#664,.T.);
#1845=EDGE_CURVE('',#1519,#1520,#665,.T.);
#1846=EDGE_CURVE('',#1520,#1454,#666,.T.);
#1847=EDGE_CURVE('',#1519,#1453,#667,.T.);
#1848=EDGE_CURVE('',#1521,#1522,#668,.T.);
#1849=EDGE_CURVE('',#1522,#1458,#669,.T.);
#1850=EDGE_CURVE('',#1521,#1457,#670,.T.);
#1851=EDGE_CURVE('',#1523,#1524,#671,.T.);
#1852=EDGE_CURVE('',#1524,#1462,#672,.T.);
#1853=EDGE_CURVE('',#1523,#1461,#673,.T.);
#1854=EDGE_CURVE('',#1525,#1526,#674,.T.);
#1855=EDGE_CURVE('',#1526,#1466,#675,.T.);
#1856=EDGE_CURVE('',#1525,#1465,#676,.T.);
#1857=EDGE_CURVE('',#1527,#1525,#677,.T.);
#1858=EDGE_CURVE('',#1527,#1470,#678,.T.);
#1859=EDGE_CURVE('',#1528,#1527,#679,.T.);
#1860=EDGE_CURVE('',#1528,#1471,#680,.T.);
#1861=EDGE_CURVE('',#1529,#1530,#681,.T.);
#1862=EDGE_CURVE('',#1530,#1474,#682,.T.);
#1863=EDGE_CURVE('',#1529,#1473,#683,.T.);
#1864=EDGE_CURVE('',#1531,#1532,#684,.T.);
#1865=EDGE_CURVE('',#1532,#1478,#685,.T.);
#1866=EDGE_CURVE('',#1531,#1477,#686,.T.);
#1867=EDGE_CURVE('',#1533,#1534,#687,.T.);
#1868=EDGE_CURVE('',#1534,#1482,#688,.T.);
#1869=EDGE_CURVE('',#1533,#1481,#689,.T.);
#1870=EDGE_CURVE('',#1535,#1536,#690,.T.);
#1871=EDGE_CURVE('',#1536,#1485,#691,.T.);
#1872=EDGE_CURVE('',#1535,#1407,#692,.T.);
#1873=EDGE_CURVE('',#1537,#1535,#693,.T.);
#1874=EDGE_CURVE('',#1537,#1406,#694,.T.);
#1875=EDGE_CURVE('',#1538,#1537,#695,.T.);
#1876=EDGE_CURVE('',#1538,#1487,#696,.T.);
#1877=EDGE_CURVE('',#1539,#1540,#697,.T.);
#1878=EDGE_CURVE('',#1540,#1490,#698,.T.);
#1879=EDGE_CURVE('',#1539,#1489,#699,.T.);
#1880=EDGE_CURVE('',#1541,#1542,#700,.T.);
#1881=EDGE_CURVE('',#1542,#1494,#701,.T.);
#1882=EDGE_CURVE('',#1541,#1493,#702,.T.);
#1883=EDGE_CURVE('',#1543,#1544,#703,.T.);
#1884=EDGE_CURVE('',#1544,#1498,#704,.T.);
#1885=EDGE_CURVE('',#1543,#1497,#705,.T.);
#1886=EDGE_CURVE('',#1545,#1546,#706,.T.);
#1887=EDGE_CURVE('',#1546,#1502,#707,.T.);
#1888=EDGE_CURVE('',#1545,#1501,#708,.T.);
#1889=EDGE_CURVE('',#1547,#1545,#709,.T.);
#1890=EDGE_CURVE('',#1547,#1505,#710,.T.);
#1891=EDGE_CURVE('',#1548,#1547,#711,.T.);
#1892=EDGE_CURVE('',#1548,#1507,#712,.T.);
#1893=EDGE_CURVE('',#1549,#1550,#713,.T.);
#1894=EDGE_CURVE('',#1550,#1510,#714,.T.);
#1895=EDGE_CURVE('',#1549,#1509,#715,.T.);
#1896=EDGE_CURVE('',#1551,#1552,#716,.T.);
#1897=EDGE_CURVE('',#1552,#1512,#717,.T.);
#1898=EDGE_CURVE('',#1551,#1511,#718,.T.);
#1899=EDGE_CURVE('',#1553,#1554,#719,.T.);
#1900=EDGE_CURVE('',#1554,#1514,#720,.T.);
#1901=EDGE_CURVE('',#1553,#1513,#721,.T.);
#1902=EDGE_CURVE('',#1555,#1556,#722,.T.);
#1903=EDGE_CURVE('',#1556,#1516,#723,.T.);
#1904=EDGE_CURVE('',#1555,#1515,#724,.T.);
#1905=EDGE_CURVE('',#1557,#1555,#725,.T.);
#1906=EDGE_CURVE('',#1557,#1517,#726,.T.);
#1907=EDGE_CURVE('',#1558,#1557,#727,.T.);
#1908=EDGE_CURVE('',#1558,#1518,#728,.T.);
#1909=EDGE_CURVE('',#1559,#1560,#729,.T.);
#1910=EDGE_CURVE('',#1560,#1520,#730,.T.);
#1911=EDGE_CURVE('',#1559,#1519,#731,.T.);
#1912=EDGE_CURVE('',#1561,#1562,#732,.T.);
#1913=EDGE_CURVE('',#1562,#1522,#733,.T.);
#1914=EDGE_CURVE('',#1561,#1521,#734,.T.);
#1915=EDGE_CURVE('',#1563,#1564,#735,.T.);
#1916=EDGE_CURVE('',#1564,#1524,#736,.T.);
#1917=EDGE_CURVE('',#1563,#1523,#737,.T.);
#1918=EDGE_CURVE('',#1565,#1566,#738,.T.);
#1919=EDGE_CURVE('',#1566,#1526,#739,.T.);
#1920=EDGE_CURVE('',#1565,#1525,#740,.T.);
#1921=EDGE_CURVE('',#1567,#1565,#741,.T.);
#1922=EDGE_CURVE('',#1567,#1527,#742,.T.);
#1923=EDGE_CURVE('',#1568,#1567,#743,.T.);
#1924=EDGE_CURVE('',#1568,#1528,#744,.T.);
#1925=EDGE_CURVE('',#1569,#1570,#745,.T.);
#1926=EDGE_CURVE('',#1570,#1530,#746,.T.);
#1927=EDGE_CURVE('',#1569,#1529,#747,.T.);
#1928=EDGE_CURVE('',#1571,#1572,#748,.T.);
#1929=EDGE_CURVE('',#1572,#1532,#749,.T.);
#1930=EDGE_CURVE('',#1571,#1531,#750,.T.);
#1931=EDGE_CURVE('',#1573,#1574,#751,.T.);
#1932=EDGE_CURVE('',#1574,#1534,#752,.T.);
#1933=EDGE_CURVE('',#1573,#1533,#753,.T.);
#1934=EDGE_CURVE('',#1575,#1576,#754,.T.);
#1935=EDGE_CURVE('',#1576,#1536,#755,.T.);
#1936=EDGE_CURVE('',#1575,#1535,#756,.T.);
#1937=EDGE_CURVE('',#1577,#1575,#757,.T.);
#1938=EDGE_CURVE('',#1577,#1537,#758,.T.);
#1939=EDGE_CURVE('',#1578,#1577,#759,.T.);
#1940=EDGE_CURVE('',#1578,#1538,#760,.T.);
#1941=EDGE_CURVE('',#1579,#1580,#761,.T.);
#1942=EDGE_CURVE('',#1580,#1540,#762,.T.);
#1943=EDGE_CURVE('',#1579,#1539,#763,.T.);
#1944=EDGE_CURVE('',#1581,#1582,#764,.T.);
#1945=EDGE_CURVE('',#1582,#1542,#765,.T.);
#1946=EDGE_CURVE('',#1581,#1541,#766,.T.);
#1947=EDGE_CURVE('',#1583,#1584,#767,.T.);
#1948=EDGE_CURVE('',#1584,#1544,#768,.T.);
#1949=EDGE_CURVE('',#1583,#1543,#769,.T.);
#1950=EDGE_CURVE('',#1585,#1586,#770,.T.);
#1951=EDGE_CURVE('',#1586,#1546,#771,.T.);
#1952=EDGE_CURVE('',#1585,#1545,#772,.T.);
#1953=EDGE_CURVE('',#1587,#1585,#773,.T.);
#1954=EDGE_CURVE('',#1587,#1547,#774,.T.);
#1955=EDGE_CURVE('',#1588,#1587,#775,.T.);
#1956=EDGE_CURVE('',#1588,#1548,#776,.T.);
#1957=EDGE_CURVE('',#1589,#1590,#777,.T.);
#1958=EDGE_CURVE('',#1590,#1550,#778,.T.);
#1959=EDGE_CURVE('',#1589,#1549,#779,.T.);
#1960=EDGE_CURVE('',#1591,#1592,#780,.T.);
#1961=EDGE_CURVE('',#1592,#1552,#781,.T.);
#1962=EDGE_CURVE('',#1591,#1551,#782,.T.);
#1963=EDGE_CURVE('',#1593,#1594,#783,.T.);
#1964=EDGE_CURVE('',#1594,#1554,#784,.T.);
#1965=EDGE_CURVE('',#1593,#1553,#785,.T.);
#1966=EDGE_CURVE('',#1392,#1595,#786,.T.);
#1967=EDGE_CURVE('',#1595,#1556,#787,.T.);
#1968=EDGE_CURVE('',#1392,#1555,#788,.T.);
#1969=EDGE_CURVE('',#1393,#1557,#789,.T.);
#1970=EDGE_CURVE('',#1596,#1393,#790,.T.);
#1971=EDGE_CURVE('',#1596,#1558,#791,.T.);
#1972=EDGE_CURVE('',#1597,#1598,#792,.T.);
#1973=EDGE_CURVE('',#1598,#1560,#793,.T.);
#1974=EDGE_CURVE('',#1597,#1559,#794,.T.);
#1975=EDGE_CURVE('',#1599,#1600,#795,.T.);
#1976=EDGE_CURVE('',#1600,#1562,#796,.T.);
#1977=EDGE_CURVE('',#1599,#1561,#797,.T.);
#1978=EDGE_CURVE('',#1601,#1602,#798,.T.);
#1979=EDGE_CURVE('',#1602,#1564,#799,.T.);
#1980=EDGE_CURVE('',#1601,#1563,#800,.T.);
#1981=EDGE_CURVE('',#1603,#1604,#801,.T.);
#1982=EDGE_CURVE('',#1604,#1566,#802,.T.);
#1983=EDGE_CURVE('',#1603,#1565,#803,.T.);
#1984=EDGE_CURVE('',#1605,#1603,#804,.T.);
#1985=EDGE_CURVE('',#1605,#1567,#805,.T.);
#1986=EDGE_CURVE('',#1606,#1605,#806,.T.);
#1987=EDGE_CURVE('',#1606,#1568,#807,.T.);
#1988=EDGE_CURVE('',#1607,#1608,#808,.T.);
#1989=EDGE_CURVE('',#1608,#1570,#809,.T.);
#1990=EDGE_CURVE('',#1607,#1569,#810,.T.);
#1991=EDGE_CURVE('',#1609,#1610,#811,.T.);
#1992=EDGE_CURVE('',#1610,#1572,#812,.T.);
#1993=EDGE_CURVE('',#1609,#1571,#813,.T.);
#1994=EDGE_CURVE('',#1611,#1612,#814,.T.);
#1995=EDGE_CURVE('',#1612,#1574,#815,.T.);
#1996=EDGE_CURVE('',#1611,#1573,#816,.T.);
#1997=EDGE_CURVE('',#1434,#1613,#817,.T.);
#1998=EDGE_CURVE('',#1613,#1576,#818,.T.);
#1999=EDGE_CURVE('',#1434,#1575,#819,.T.);
#2000=EDGE_CURVE('',#1435,#1577,#820,.T.);
#2001=EDGE_CURVE('',#1614,#1435,#821,.T.);
#2002=EDGE_CURVE('',#1614,#1578,#822,.T.);
#2003=EDGE_CURVE('',#1615,#1616,#823,.T.);
#2004=EDGE_CURVE('',#1616,#1580,#824,.T.);
#2005=EDGE_CURVE('',#1615,#1579,#825,.T.);
#2006=EDGE_CURVE('',#1617,#1618,#826,.T.);
#2007=EDGE_CURVE('',#1618,#1582,#827,.T.);
#2008=EDGE_CURVE('',#1617,#1581,#828,.T.);
#2009=EDGE_CURVE('',#1619,#1620,#829,.T.);
#2010=EDGE_CURVE('',#1620,#1584,#830,.T.);
#2011=EDGE_CURVE('',#1619,#1583,#831,.T.);
#2012=EDGE_CURVE('',#1621,#1622,#832,.T.);
#2013=EDGE_CURVE('',#1622,#1586,#833,.T.);
#2014=EDGE_CURVE('',#1621,#1585,#834,.T.);
#2015=EDGE_CURVE('',#1623,#1621,#835,.T.);
#2016=EDGE_CURVE('',#1623,#1587,#836,.T.);
#2017=EDGE_CURVE('',#1624,#1623,#837,.T.);
#2018=EDGE_CURVE('',#1624,#1588,#838,.T.);
#2019=EDGE_CURVE('',#1625,#1626,#839,.T.);
#2020=EDGE_CURVE('',#1625,#1624,#840,.T.);
#2021=EDGE_CURVE('',#1439,#1508,#841,.T.);
#2022=EDGE_CURVE('',#1626,#1590,#842,.T.);
#2023=EDGE_CURVE('',#1626,#1627,#843,.T.);
#2024=EDGE_CURVE('',#1627,#1589,#844,.T.);
#2025=EDGE_CURVE('',#1627,#1628,#845,.T.);
#2026=EDGE_CURVE('',#1443,#1440,#846,.T.);
#2027=EDGE_CURVE('',#1628,#1592,#847,.T.);
#2028=EDGE_CURVE('',#1628,#1629,#848,.T.);
#2029=EDGE_CURVE('',#1629,#1591,#849,.T.);
#2030=EDGE_CURVE('',#1629,#1630,#850,.T.);
#2031=EDGE_CURVE('',#1447,#1444,#851,.T.);
#2032=EDGE_CURVE('',#1630,#1594,#852,.T.);
#2033=EDGE_CURVE('',#1630,#1631,#853,.T.);
#2034=EDGE_CURVE('',#1631,#1593,#854,.T.);
#2035=EDGE_CURVE('',#1631,#1632,#855,.T.);
#2036=EDGE_CURVE('',#1450,#1448,#856,.T.);
#2037=EDGE_CURVE('',#1632,#1595,#857,.T.);
#2038=EDGE_CURVE('',#1632,#1391,#858,.T.);
#2039=EDGE_CURVE('',#1394,#1633,#859,.T.);
#2040=EDGE_CURVE('',#1633,#1596,#860,.T.);
#2041=EDGE_CURVE('',#1633,#1634,#861,.T.);
#2042=EDGE_CURVE('',#1455,#1452,#862,.T.);
#2043=EDGE_CURVE('',#1634,#1598,#863,.T.);
#2044=EDGE_CURVE('',#1634,#1635,#864,.T.);
#2045=EDGE_CURVE('',#1635,#1597,#865,.T.);
#2046=EDGE_CURVE('',#1635,#1636,#866,.T.);
#2047=EDGE_CURVE('',#1459,#1456,#867,.T.);
#2048=EDGE_CURVE('',#1636,#1600,#868,.T.);
#2049=EDGE_CURVE('',#1636,#1637,#869,.T.);
#2050=EDGE_CURVE('',#1637,#1599,#870,.T.);
#2051=EDGE_CURVE('',#1637,#1638,#871,.T.);
#2052=EDGE_CURVE('',#1463,#1460,#872,.T.);
#2053=EDGE_CURVE('',#1638,#1602,#873,.T.);
#2054=EDGE_CURVE('',#1638,#1639,#874,.T.);
#2055=EDGE_CURVE('',#1639,#1601,#875,.T.);
#2056=EDGE_CURVE('',#1639,#1640,#876,.T.);
#2057=EDGE_CURVE('',#1467,#1464,#877,.T.);
#2058=EDGE_CURVE('',#1640,#1604,#878,.T.);
#2059=EDGE_CURVE('',#1640,#1641,#879,.T.);
#2060=EDGE_CURVE('',#1641,#1603,#880,.T.);
#2061=EDGE_CURVE('',#1641,#1642,#881,.T.);
#2062=EDGE_CURVE('',#1642,#1605,#882,.T.);
#2063=EDGE_CURVE('',#1643,#1642,#883,.T.);
#2064=EDGE_CURVE('',#1643,#1606,#884,.T.);
#2065=EDGE_CURVE('',#1643,#1644,#885,.T.);
#2066=EDGE_CURVE('',#1475,#1472,#886,.T.);
#2067=EDGE_CURVE('',#1644,#1608,#887,.T.);
#2068=EDGE_CURVE('',#1644,#1645,#888,.T.);
#2069=EDGE_CURVE('',#1645,#1607,#889,.T.);
#2070=EDGE_CURVE('',#1645,#1646,#890,.T.);
#2071=EDGE_CURVE('',#1479,#1476,#891,.T.);
#2072=EDGE_CURVE('',#1646,#1610,#892,.T.);
#2073=EDGE_CURVE('',#1646,#1647,#893,.T.);
#2074=EDGE_CURVE('',#1647,#1609,#894,.T.);
#2075=EDGE_CURVE('',#1647,#1648,#895,.T.);
#2076=EDGE_CURVE('',#1483,#1480,#896,.T.);
#2077=EDGE_CURVE('',#1648,#1612,#897,.T.);
#2078=EDGE_CURVE('',#1648,#1649,#898,.T.);
#2079=EDGE_CURVE('',#1649,#1611,#899,.T.);
#2080=EDGE_CURVE('',#1649,#1650,#900,.T.);
#2081=EDGE_CURVE('',#1486,#1484,#901,.T.);
#2082=EDGE_CURVE('',#1650,#1613,#902,.T.);
#2083=EDGE_CURVE('',#1433,#1650,#903,.T.);
#2084=EDGE_CURVE('',#1651,#1436,#904,.T.);
#2085=EDGE_CURVE('',#1651,#1614,#905,.T.);
#2086=EDGE_CURVE('',#1651,#1652,#906,.T.);
#2087=EDGE_CURVE('',#1491,#1488,#907,.T.);
#2088=EDGE_CURVE('',#1652,#1616,#908,.T.);
#2089=EDGE_CURVE('',#1652,#1653,#909,.T.);
#2090=EDGE_CURVE('',#1653,#1615,#910,.T.);
#2091=EDGE_CURVE('',#1653,#1654,#911,.T.);
#2092=EDGE_CURVE('',#1495,#1492,#912,.T.);
#2093=EDGE_CURVE('',#1654,#1618,#913,.T.);
#2094=EDGE_CURVE('',#1654,#1655,#914,.T.);
#2095=EDGE_CURVE('',#1655,#1617,#915,.T.);
#2096=EDGE_CURVE('',#1655,#1656,#916,.T.);
#2097=EDGE_CURVE('',#1499,#1496,#917,.T.);
#2098=EDGE_CURVE('',#1656,#1620,#918,.T.);
#2099=EDGE_CURVE('',#1656,#1657,#919,.T.);
#2100=EDGE_CURVE('',#1657,#1619,#920,.T.);
#2101=EDGE_CURVE('',#1657,#1658,#921,.T.);
#2102=EDGE_CURVE('',#1503,#1500,#922,.T.);
#2103=EDGE_CURVE('',#1658,#1622,#923,.T.);
#2104=EDGE_CURVE('',#1659,#1658,#924,.T.);
#2105=EDGE_CURVE('',#1659,#1621,#925,.T.);
#2106=EDGE_CURVE('',#1659,#1660,#926,.T.);
#2107=EDGE_CURVE('',#1660,#1623,#927,.T.);
#2108=EDGE_CURVE('',#1625,#1660,#928,.T.);
#2109=ORIENTED_EDGE('',*,*,#1661,.F.);
#2110=ORIENTED_EDGE('',*,*,#1662,.T.);
#2111=ORIENTED_EDGE('',*,*,#1663,.T.);
#2112=ORIENTED_EDGE('',*,*,#1662,.F.);
#2113=ORIENTED_EDGE('',*,*,#1663,.F.);
#2114=ORIENTED_EDGE('',*,*,#1664,.F.);
#2115=ORIENTED_EDGE('',*,*,#1665,.T.);
#2116=ORIENTED_EDGE('',*,*,#1666,.T.);
#2117=ORIENTED_EDGE('',*,*,#1665,.F.);
#2118=ORIENTED_EDGE('',*,*,#1666,.F.);
#2119=ORIENTED_EDGE('',*,*,#1667,.F.);
#2120=ORIENTED_EDGE('',*,*,#1668,.T.);
#2121=ORIENTED_EDGE('',*,*,#1669,.T.);
#2122=ORIENTED_EDGE('',*,*,#1668,.F.);
#2123=ORIENTED_EDGE('',*,*,#1669,.F.);
#2124=ORIENTED_EDGE('',*,*,#1670,.F.);
#2125=ORIENTED_EDGE('',*,*,#1671,.T.);
#2126=ORIENTED_EDGE('',*,*,#1672,.T.);
#2127=ORIENTED_EDGE('',*,*,#1671,.F.);
#2128=ORIENTED_EDGE('',*,*,#1672,.F.);
#2129=ORIENTED_EDGE('',*,*,#1673,.F.);
#2130=ORIENTED_EDGE('',*,*,#1674,.F.);
#2131=ORIENTED_EDGE('',*,*,#1675,.T.);
#2132=ORIENTED_EDGE('',*,*,#1676,.T.);
#2133=ORIENTED_EDGE('',*,*,#1677,.T.);
#2134=ORIENTED_EDGE('',*,*,#1678,.F.);
#2135=ORIENTED_EDGE('',*,*,#1679,.T.);
#2136=ORIENTED_EDGE('',*,*,#1680,.F.);
#2137=ORIENTED_EDGE('',*,*,#1675,.F.);
#2138=ORIENTED_EDGE('',*,*,#1680,.T.);
#2139=ORIENTED_EDGE('',*,*,#1681,.T.);
#2140=ORIENTED_EDGE('',*,*,#1682,.F.);
#2141=ORIENTED_EDGE('',*,*,#1676,.F.);
#2142=ORIENTED_EDGE('',*,*,#1683,.F.);
#2143=ORIENTED_EDGE('',*,*,#1684,.F.);
#2144=ORIENTED_EDGE('',*,*,#1681,.F.);
#2145=ORIENTED_EDGE('',*,*,#1679,.F.);
#2146=ORIENTED_EDGE('',*,*,#1685,.T.);
#2147=ORIENTED_EDGE('',*,*,#1686,.F.);
#2148=ORIENTED_EDGE('',*,*,#1677,.F.);
#2149=ORIENTED_EDGE('',*,*,#1682,.T.);
#2150=ORIENTED_EDGE('',*,*,#1684,.T.);
#2151=ORIENTED_EDGE('',*,*,#1673,.T.);
#2152=ORIENTED_EDGE('',*,*,#1686,.T.);
#2153=ORIENTED_EDGE('',*,*,#1683,.T.);
#2154=ORIENTED_EDGE('',*,*,#1687,.F.);
#2155=ORIENTED_EDGE('',*,*,#1688,.T.);
#2156=ORIENTED_EDGE('',*,*,#1689,.F.);
#2157=ORIENTED_EDGE('',*,*,#1690,.F.);
#2158=ORIENTED_EDGE('',*,*,#1691,.F.);
#2159=ORIENTED_EDGE('',*,*,#1692,.F.);
#2160=ORIENTED_EDGE('',*,*,#1693,.F.);
#2161=ORIENTED_EDGE('',*,*,#1694,.T.);
#2162=ORIENTED_EDGE('',*,*,#1695,.T.);
#2163=ORIENTED_EDGE('',*,*,#1696,.T.);
#2164=ORIENTED_EDGE('',*,*,#1697,.F.);
#2165=ORIENTED_EDGE('',*,*,#1698,.T.);
#2166=ORIENTED_EDGE('',*,*,#1699,.F.);
#2167=ORIENTED_EDGE('',*,*,#1694,.F.);
#2168=ORIENTED_EDGE('',*,*,#1699,.T.);
#2169=ORIENTED_EDGE('',*,*,#1700,.T.);
#2170=ORIENTED_EDGE('',*,*,#1701,.F.);
#2171=ORIENTED_EDGE('',*,*,#1695,.F.);
#2172=ORIENTED_EDGE('',*,*,#1702,.F.);
#2173=ORIENTED_EDGE('',*,*,#1703,.F.);
#2174=ORIENTED_EDGE('',*,*,#1700,.F.);
#2175=ORIENTED_EDGE('',*,*,#1698,.F.);
#2176=ORIENTED_EDGE('',*,*,#1704,.T.);
#2177=ORIENTED_EDGE('',*,*,#1705,.F.);
#2178=ORIENTED_EDGE('',*,*,#1696,.F.);
#2179=ORIENTED_EDGE('',*,*,#1701,.T.);
#2180=ORIENTED_EDGE('',*,*,#1703,.T.);
#2181=ORIENTED_EDGE('',*,*,#1692,.T.);
#2182=ORIENTED_EDGE('',*,*,#1705,.T.);
#2183=ORIENTED_EDGE('',*,*,#1702,.T.);
#2184=ORIENTED_EDGE('',*,*,#1706,.F.);
#2185=ORIENTED_EDGE('',*,*,#1707,.F.);
#2186=ORIENTED_EDGE('',*,*,#1708,.T.);
#2187=ORIENTED_EDGE('',*,*,#1709,.T.);
#2188=ORIENTED_EDGE('',*,*,#1710,.F.);
#2189=ORIENTED_EDGE('',*,*,#1711,.F.);
#2190=ORIENTED_EDGE('',*,*,#1712,.F.);
#2191=ORIENTED_EDGE('',*,*,#1713,.T.);
#2192=ORIENTED_EDGE('',*,*,#1714,.T.);
#2193=ORIENTED_EDGE('',*,*,#1715,.T.);
#2194=ORIENTED_EDGE('',*,*,#1716,.F.);
#2195=ORIENTED_EDGE('',*,*,#1717,.T.);
#2196=ORIENTED_EDGE('',*,*,#1718,.F.);
#2197=ORIENTED_EDGE('',*,*,#1713,.F.);
#2198=ORIENTED_EDGE('',*,*,#1718,.T.);
#2199=ORIENTED_EDGE('',*,*,#1719,.T.);
#2200=ORIENTED_EDGE('',*,*,#1720,.F.);
#2201=ORIENTED_EDGE('',*,*,#1714,.F.);
#2202=ORIENTED_EDGE('',*,*,#1721,.F.);
#2203=ORIENTED_EDGE('',*,*,#1722,.F.);
#2204=ORIENTED_EDGE('',*,*,#1719,.F.);
#2205=ORIENTED_EDGE('',*,*,#1717,.F.);
#2206=ORIENTED_EDGE('',*,*,#1723,.T.);
#2207=ORIENTED_EDGE('',*,*,#1724,.F.);
#2208=ORIENTED_EDGE('',*,*,#1715,.F.);
#2209=ORIENTED_EDGE('',*,*,#1720,.T.);
#2210=ORIENTED_EDGE('',*,*,#1722,.T.);
#2211=ORIENTED_EDGE('',*,*,#1711,.T.);
#2212=ORIENTED_EDGE('',*,*,#1724,.T.);
#2213=ORIENTED_EDGE('',*,*,#1721,.T.);
#2214=ORIENTED_EDGE('',*,*,#1725,.F.);
#2215=ORIENTED_EDGE('',*,*,#1726,.F.);
#2216=ORIENTED_EDGE('',*,*,#1727,.T.);
#2217=ORIENTED_EDGE('',*,*,#1728,.T.);
#2218=ORIENTED_EDGE('',*,*,#1729,.F.);
#2219=ORIENTED_EDGE('',*,*,#1730,.F.);
#2220=ORIENTED_EDGE('',*,*,#1731,.F.);
#2221=ORIENTED_EDGE('',*,*,#1732,.T.);
#2222=ORIENTED_EDGE('',*,*,#1733,.T.);
#2223=ORIENTED_EDGE('',*,*,#1734,.T.);
#2224=ORIENTED_EDGE('',*,*,#1735,.F.);
#2225=ORIENTED_EDGE('',*,*,#1736,.T.);
#2226=ORIENTED_EDGE('',*,*,#1737,.F.);
#2227=ORIENTED_EDGE('',*,*,#1732,.F.);
#2228=ORIENTED_EDGE('',*,*,#1737,.T.);
#2229=ORIENTED_EDGE('',*,*,#1738,.T.);
#2230=ORIENTED_EDGE('',*,*,#1739,.F.);
#2231=ORIENTED_EDGE('',*,*,#1733,.F.);
#2232=ORIENTED_EDGE('',*,*,#1740,.F.);
#2233=ORIENTED_EDGE('',*,*,#1741,.F.);
#2234=ORIENTED_EDGE('',*,*,#1738,.F.);
#2235=ORIENTED_EDGE('',*,*,#1736,.F.);
#2236=ORIENTED_EDGE('',*,*,#1742,.T.);
#2237=ORIENTED_EDGE('',*,*,#1743,.F.);
#2238=ORIENTED_EDGE('',*,*,#1734,.F.);
#2239=ORIENTED_EDGE('',*,*,#1739,.T.);
#2240=ORIENTED_EDGE('',*,*,#1741,.T.);
#2241=ORIENTED_EDGE('',*,*,#1730,.T.);
#2242=ORIENTED_EDGE('',*,*,#1743,.T.);
#2243=ORIENTED_EDGE('',*,*,#1740,.T.);
#2244=ORIENTED_EDGE('',*,*,#1744,.F.);
#2245=ORIENTED_EDGE('',*,*,#1745,.T.);
#2246=ORIENTED_EDGE('',*,*,#1746,.F.);
#2247=ORIENTED_EDGE('',*,*,#1747,.F.);
#2248=ORIENTED_EDGE('',*,*,#1748,.F.);
#2249=ORIENTED_EDGE('',*,*,#1749,.T.);
#2250=ORIENTED_EDGE('',*,*,#1750,.T.);
#2251=ORIENTED_EDGE('',*,*,#1751,.F.);
#2252=ORIENTED_EDGE('',*,*,#1752,.F.);
#2253=ORIENTED_EDGE('',*,*,#1753,.T.);
#2254=ORIENTED_EDGE('',*,*,#1754,.T.);
#2255=ORIENTED_EDGE('',*,*,#1755,.F.);
#2256=ORIENTED_EDGE('',*,*,#1756,.F.);
#2257=ORIENTED_EDGE('',*,*,#1757,.T.);
#2258=ORIENTED_EDGE('',*,*,#1758,.T.);
#2259=ORIENTED_EDGE('',*,*,#1759,.F.);
#2260=ORIENTED_EDGE('',*,*,#1760,.F.);
#2261=ORIENTED_EDGE('',*,*,#1761,.T.);
#2262=ORIENTED_EDGE('',*,*,#1762,.T.);
#2263=ORIENTED_EDGE('',*,*,#1763,.F.);
#2264=ORIENTED_EDGE('',*,*,#1728,.F.);
#2265=ORIENTED_EDGE('',*,*,#1764,.T.);
#2266=ORIENTED_EDGE('',*,*,#1726,.T.);
#2267=ORIENTED_EDGE('',*,*,#1765,.F.);
#2268=ORIENTED_EDGE('',*,*,#1766,.F.);
#2269=ORIENTED_EDGE('',*,*,#1767,.T.);
#2270=ORIENTED_EDGE('',*,*,#1768,.T.);
#2271=ORIENTED_EDGE('',*,*,#1769,.F.);
#2272=ORIENTED_EDGE('',*,*,#1770,.F.);
#2273=ORIENTED_EDGE('',*,*,#1771,.T.);
#2274=ORIENTED_EDGE('',*,*,#1772,.T.);
#2275=ORIENTED_EDGE('',*,*,#1773,.F.);
#2276=ORIENTED_EDGE('',*,*,#1774,.F.);
#2277=ORIENTED_EDGE('',*,*,#1775,.T.);
#2278=ORIENTED_EDGE('',*,*,#1776,.T.);
#2279=ORIENTED_EDGE('',*,*,#1777,.F.);
#2280=ORIENTED_EDGE('',*,*,#1778,.F.);
#2281=ORIENTED_EDGE('',*,*,#1779,.T.);
#2282=ORIENTED_EDGE('',*,*,#1780,.T.);
#2283=ORIENTED_EDGE('',*,*,#1781,.F.);
#2284=ORIENTED_EDGE('',*,*,#1782,.F.);
#2285=ORIENTED_EDGE('',*,*,#1783,.F.);
#2286=ORIENTED_EDGE('',*,*,#1784,.F.);
#2287=ORIENTED_EDGE('',*,*,#1785,.T.);
#2288=ORIENTED_EDGE('',*,*,#1782,.T.);
#2289=ORIENTED_EDGE('',*,*,#1786,.T.);
#2290=ORIENTED_EDGE('',*,*,#1784,.T.);
#2291=ORIENTED_EDGE('',*,*,#1787,.F.);
#2292=ORIENTED_EDGE('',*,*,#1788,.F.);
#2293=ORIENTED_EDGE('',*,*,#1789,.T.);
#2294=ORIENTED_EDGE('',*,*,#1790,.T.);
#2295=ORIENTED_EDGE('',*,*,#1791,.F.);
#2296=ORIENTED_EDGE('',*,*,#1792,.F.);
#2297=ORIENTED_EDGE('',*,*,#1793,.T.);
#2298=ORIENTED_EDGE('',*,*,#1794,.T.);
#2299=ORIENTED_EDGE('',*,*,#1795,.F.);
#2300=ORIENTED_EDGE('',*,*,#1796,.F.);
#2301=ORIENTED_EDGE('',*,*,#1797,.T.);
#2302=ORIENTED_EDGE('',*,*,#1798,.T.);
#2303=ORIENTED_EDGE('',*,*,#1799,.F.);
#2304=ORIENTED_EDGE('',*,*,#1800,.F.);
#2305=ORIENTED_EDGE('',*,*,#1801,.T.);
#2306=ORIENTED_EDGE('',*,*,#1802,.T.);
#2307=ORIENTED_EDGE('',*,*,#1803,.F.);
#2308=ORIENTED_EDGE('',*,*,#1709,.F.);
#2309=ORIENTED_EDGE('',*,*,#1804,.T.);
#2310=ORIENTED_EDGE('',*,*,#1707,.T.);
#2311=ORIENTED_EDGE('',*,*,#1805,.F.);
#2312=ORIENTED_EDGE('',*,*,#1806,.F.);
#2313=ORIENTED_EDGE('',*,*,#1807,.T.);
#2314=ORIENTED_EDGE('',*,*,#1808,.T.);
#2315=ORIENTED_EDGE('',*,*,#1809,.F.);
#2316=ORIENTED_EDGE('',*,*,#1810,.F.);
#2317=ORIENTED_EDGE('',*,*,#1811,.T.);
#2318=ORIENTED_EDGE('',*,*,#1812,.T.);
#2319=ORIENTED_EDGE('',*,*,#1813,.F.);
#2320=ORIENTED_EDGE('',*,*,#1814,.F.);
#2321=ORIENTED_EDGE('',*,*,#1815,.T.);
#2322=ORIENTED_EDGE('',*,*,#1816,.T.);
#2323=ORIENTED_EDGE('',*,*,#1817,.F.);
#2324=ORIENTED_EDGE('',*,*,#1818,.F.);
#2325=ORIENTED_EDGE('',*,*,#1819,.T.);
#2326=ORIENTED_EDGE('',*,*,#1820,.T.);
#2327=ORIENTED_EDGE('',*,*,#1821,.F.);
#2328=ORIENTED_EDGE('',*,*,#1822,.F.);
#2329=ORIENTED_EDGE('',*,*,#1823,.T.);
#2330=ORIENTED_EDGE('',*,*,#1822,.T.);
#2331=ORIENTED_EDGE('',*,*,#1824,.F.);
#2332=ORIENTED_EDGE('',*,*,#1825,.F.);
#2333=ORIENTED_EDGE('',*,*,#1826,.T.);
#2334=ORIENTED_EDGE('',*,*,#1825,.T.);
#2335=ORIENTED_EDGE('',*,*,#1827,.F.);
#2336=ORIENTED_EDGE('',*,*,#1828,.F.);
#2337=ORIENTED_EDGE('',*,*,#1829,.T.);
#2338=ORIENTED_EDGE('',*,*,#1830,.T.);
#2339=ORIENTED_EDGE('',*,*,#1749,.F.);
#2340=ORIENTED_EDGE('',*,*,#1831,.F.);
#2341=ORIENTED_EDGE('',*,*,#1832,.T.);
#2342=ORIENTED_EDGE('',*,*,#1833,.T.);
#2343=ORIENTED_EDGE('',*,*,#1753,.F.);
#2344=ORIENTED_EDGE('',*,*,#1834,.F.);
#2345=ORIENTED_EDGE('',*,*,#1835,.T.);
#2346=ORIENTED_EDGE('',*,*,#1836,.T.);
#2347=ORIENTED_EDGE('',*,*,#1757,.F.);
#2348=ORIENTED_EDGE('',*,*,#1837,.F.);
#2349=ORIENTED_EDGE('',*,*,#1838,.T.);
#2350=ORIENTED_EDGE('',*,*,#1839,.T.);
#2351=ORIENTED_EDGE('',*,*,#1761,.F.);
#2352=ORIENTED_EDGE('',*,*,#1840,.F.);
#2353=ORIENTED_EDGE('',*,*,#1841,.T.);
#2354=ORIENTED_EDGE('',*,*,#1840,.T.);
#2355=ORIENTED_EDGE('',*,*,#1727,.F.);
#2356=ORIENTED_EDGE('',*,*,#1842,.F.);
#2357=ORIENTED_EDGE('',*,*,#1843,.T.);
#2358=ORIENTED_EDGE('',*,*,#1842,.T.);
#2359=ORIENTED_EDGE('',*,*,#1764,.F.);
#2360=ORIENTED_EDGE('',*,*,#1844,.F.);
#2361=ORIENTED_EDGE('',*,*,#1845,.T.);
#2362=ORIENTED_EDGE('',*,*,#1846,.T.);
#2363=ORIENTED_EDGE('',*,*,#1767,.F.);
#2364=ORIENTED_EDGE('',*,*,#1847,.F.);
#2365=ORIENTED_EDGE('',*,*,#1848,.T.);
#2366=ORIENTED_EDGE('',*,*,#1849,.T.);
#2367=ORIENTED_EDGE('',*,*,#1771,.F.);
#2368=ORIENTED_EDGE('',*,*,#1850,.F.);
#2369=ORIENTED_EDGE('',*,*,#1851,.T.);
#2370=ORIENTED_EDGE('',*,*,#1852,.T.);
#2371=ORIENTED_EDGE('',*,*,#1775,.F.);
#2372=ORIENTED_EDGE('',*,*,#1853,.F.);
#2373=ORIENTED_EDGE('',*,*,#1854,.T.);
#2374=ORIENTED_EDGE('',*,*,#1855,.T.);
#2375=ORIENTED_EDGE('',*,*,#1779,.F.);
#2376=ORIENTED_EDGE('',*,*,#1856,.F.);
#2377=ORIENTED_EDGE('',*,*,#1857,.T.);
#2378=ORIENTED_EDGE('',*,*,#1856,.T.);
#2379=ORIENTED_EDGE('',*,*,#1785,.F.);
#2380=ORIENTED_EDGE('',*,*,#1858,.F.);
#2381=ORIENTED_EDGE('',*,*,#1859,.T.);
#2382=ORIENTED_EDGE('',*,*,#1858,.T.);
#2383=ORIENTED_EDGE('',*,*,#1786,.F.);
#2384=ORIENTED_EDGE('',*,*,#1860,.F.);
#2385=ORIENTED_EDGE('',*,*,#1861,.T.);
#2386=ORIENTED_EDGE('',*,*,#1862,.T.);
#2387=ORIENTED_EDGE('',*,*,#1789,.F.);
#2388=ORIENTED_EDGE('',*,*,#1863,.F.);
#2389=ORIENTED_EDGE('',*,*,#1864,.T.);
#2390=ORIENTED_EDGE('',*,*,#1865,.T.);
#2391=ORIENTED_EDGE('',*,*,#1793,.F.);
#2392=ORIENTED_EDGE('',*,*,#1866,.F.);
#2393=ORIENTED_EDGE('',*,*,#1867,.T.);
#2394=ORIENTED_EDGE('',*,*,#1868,.T.);
#2395=ORIENTED_EDGE('',*,*,#1797,.F.);
#2396=ORIENTED_EDGE('',*,*,#1869,.F.);
#2397=ORIENTED_EDGE('',*,*,#1870,.T.);
#2398=ORIENTED_EDGE('',*,*,#1871,.T.);
#2399=ORIENTED_EDGE('',*,*,#1801,.F.);
#2400=ORIENTED_EDGE('',*,*,#1872,.F.);
#2401=ORIENTED_EDGE('',*,*,#1873,.T.);
#2402=ORIENTED_EDGE('',*,*,#1872,.T.);
#2403=ORIENTED_EDGE('',*,*,#1708,.F.);
#2404=ORIENTED_EDGE('',*,*,#1874,.F.);
#2405=ORIENTED_EDGE('',*,*,#1875,.T.);
#2406=ORIENTED_EDGE('',*,*,#1874,.T.);
#2407=ORIENTED_EDGE('',*,*,#1804,.F.);
#2408=ORIENTED_EDGE('',*,*,#1876,.F.);
#2409=ORIENTED_EDGE('',*,*,#1877,.T.);
#2410=ORIENTED_EDGE('',*,*,#1878,.T.);
#2411=ORIENTED_EDGE('',*,*,#1807,.F.);
#2412=ORIENTED_EDGE('',*,*,#1879,.F.);
#2413=ORIENTED_EDGE('',*,*,#1880,.T.);
#2414=ORIENTED_EDGE('',*,*,#1881,.T.);
#2415=ORIENTED_EDGE('',*,*,#1811,.F.);
#2416=ORIENTED_EDGE('',*,*,#1882,.F.);
#2417=ORIENTED_EDGE('',*,*,#1883,.T.);
#2418=ORIENTED_EDGE('',*,*,#1884,.T.);
#2419=ORIENTED_EDGE('',*,*,#1815,.F.);
#2420=ORIENTED_EDGE('',*,*,#1885,.F.);
#2421=ORIENTED_EDGE('',*,*,#1886,.T.);
#2422=ORIENTED_EDGE('',*,*,#1887,.T.);
#2423=ORIENTED_EDGE('',*,*,#1819,.F.);
#2424=ORIENTED_EDGE('',*,*,#1888,.F.);
#2425=ORIENTED_EDGE('',*,*,#1889,.T.);
#2426=ORIENTED_EDGE('',*,*,#1888,.T.);
#2427=ORIENTED_EDGE('',*,*,#1823,.F.);
#2428=ORIENTED_EDGE('',*,*,#1890,.F.);
#2429=ORIENTED_EDGE('',*,*,#1891,.T.);
#2430=ORIENTED_EDGE('',*,*,#1890,.T.);
#2431=ORIENTED_EDGE('',*,*,#1826,.F.);
#2432=ORIENTED_EDGE('',*,*,#1892,.F.);
#2433=ORIENTED_EDGE('',*,*,#1893,.T.);
#2434=ORIENTED_EDGE('',*,*,#1894,.T.);
#2435=ORIENTED_EDGE('',*,*,#1829,.F.);
#2436=ORIENTED_EDGE('',*,*,#1895,.F.);
#2437=ORIENTED_EDGE('',*,*,#1896,.T.);
#2438=ORIENTED_EDGE('',*,*,#1897,.T.);
#2439=ORIENTED_EDGE('',*,*,#1832,.F.);
#2440=ORIENTED_EDGE('',*,*,#1898,.F.);
#2441=ORIENTED_EDGE('',*,*,#1899,.T.);
#2442=ORIENTED_EDGE('',*,*,#1900,.T.);
#2443=ORIENTED_EDGE('',*,*,#1835,.F.);
#2444=ORIENTED_EDGE('',*,*,#1901,.F.);
#2445=ORIENTED_EDGE('',*,*,#1902,.T.);
#2446=ORIENTED_EDGE('',*,*,#1903,.T.);
#2447=ORIENTED_EDGE('',*,*,#1838,.F.);
#2448=ORIENTED_EDGE('',*,*,#1904,.F.);
#2449=ORIENTED_EDGE('',*,*,#1905,.T.);
#2450=ORIENTED_EDGE('',*,*,#1904,.T.);
#2451=ORIENTED_EDGE('',*,*,#1841,.F.);
#2452=ORIENTED_EDGE('',*,*,#1906,.F.);
#2453=ORIENTED_EDGE('',*,*,#1907,.T.);
#2454=ORIENTED_EDGE('',*,*,#1906,.T.);
#2455=ORIENTED_EDGE('',*,*,#1843,.F.);
#2456=ORIENTED_EDGE('',*,*,#1908,.F.);
#2457=ORIENTED_EDGE('',*,*,#1909,.T.);
#2458=ORIENTED_EDGE('',*,*,#1910,.T.);
#2459=ORIENTED_EDGE('',*,*,#1845,.F.);
#2460=ORIENTED_EDGE('',*,*,#1911,.F.);
#2461=ORIENTED_EDGE('',*,*,#1912,.T.);
#2462=ORIENTED_EDGE('',*,*,#1913,.T.);
#2463=ORIENTED_EDGE('',*,*,#1848,.F.);
#2464=ORIENTED_EDGE('',*,*,#1914,.F.);
#2465=ORIENTED_EDGE('',*,*,#1915,.T.);
#2466=ORIENTED_EDGE('',*,*,#1916,.T.);
#2467=ORIENTED_EDGE('',*,*,#1851,.F.);
#2468=ORIENTED_EDGE('',*,*,#1917,.F.);
#2469=ORIENTED_EDGE('',*,*,#1918,.T.);
#2470=ORIENTED_EDGE('',*,*,#1919,.T.);
#2471=ORIENTED_EDGE('',*,*,#1854,.F.);
#2472=ORIENTED_EDGE('',*,*,#1920,.F.);
#2473=ORIENTED_EDGE('',*,*,#1921,.T.);
#2474=ORIENTED_EDGE('',*,*,#1920,.T.);
#2475=ORIENTED_EDGE('',*,*,#1857,.F.);
#2476=ORIENTED_EDGE('',*,*,#1922,.F.);
#2477=ORIENTED_EDGE('',*,*,#1923,.T.);
#2478=ORIENTED_EDGE('',*,*,#1922,.T.);
#2479=ORIENTED_EDGE('',*,*,#1859,.F.);
#2480=ORIENTED_EDGE('',*,*,#1924,.F.);
#2481=ORIENTED_EDGE('',*,*,#1925,.T.);
#2482=ORIENTED_EDGE('',*,*,#1926,.T.);
#2483=ORIENTED_EDGE('',*,*,#1861,.F.);
#2484=ORIENTED_EDGE('',*,*,#1927,.F.);
#2485=ORIENTED_EDGE('',*,*,#1928,.T.);
#2486=ORIENTED_EDGE('',*,*,#1929,.T.);
#2487=ORIENTED_EDGE('',*,*,#1864,.F.);
#2488=ORIENTED_EDGE('',*,*,#1930,.F.);
#2489=ORIENTED_EDGE('',*,*,#1931,.T.);
#2490=ORIENTED_EDGE('',*,*,#1932,.T.);
#2491=ORIENTED_EDGE('',*,*,#1867,.F.);
#2492=ORIENTED_EDGE('',*,*,#1933,.F.);
#2493=ORIENTED_EDGE('',*,*,#1934,.T.);
#2494=ORIENTED_EDGE('',*,*,#1935,.T.);
#2495=ORIENTED_EDGE('',*,*,#1870,.F.);
#2496=ORIENTED_EDGE('',*,*,#1936,.F.);
#2497=ORIENTED_EDGE('',*,*,#1937,.T.);
#2498=ORIENTED_EDGE('',*,*,#1936,.T.);
#2499=ORIENTED_EDGE('',*,*,#1873,.F.);
#2500=ORIENTED_EDGE('',*,*,#1938,.F.);
#2501=ORIENTED_EDGE('',*,*,#1939,.T.);
#2502=ORIENTED_EDGE('',*,*,#1938,.T.);
#2503=ORIENTED_EDGE('',*,*,#1875,.F.);
#2504=ORIENTED_EDGE('',*,*,#1940,.F.);
#2505=ORIENTED_EDGE('',*,*,#1941,.T.);
#2506=ORIENTED_EDGE('',*,*,#1942,.T.);
#2507=ORIENTED_EDGE('',*,*,#1877,.F.);
#2508=ORIENTED_EDGE('',*,*,#1943,.F.);
#2509=ORIENTED_EDGE('',*,*,#1944,.T.);
#2510=ORIENTED_EDGE('',*,*,#1945,.T.);
#2511=ORIENTED_EDGE('',*,*,#1880,.F.);
#2512=ORIENTED_EDGE('',*,*,#1946,.F.);
#2513=ORIENTED_EDGE('',*,*,#1947,.T.);
#2514=ORIENTED_EDGE('',*,*,#1948,.T.);
#2515=ORIENTED_EDGE('',*,*,#1883,.F.);
#2516=ORIENTED_EDGE('',*,*,#1949,.F.);
#2517=ORIENTED_EDGE('',*,*,#1950,.T.);
#2518=ORIENTED_EDGE('',*,*,#1951,.T.);
#2519=ORIENTED_EDGE('',*,*,#1886,.F.);
#2520=ORIENTED_EDGE('',*,*,#1952,.F.);
#2521=ORIENTED_EDGE('',*,*,#1953,.T.);
#2522=ORIENTED_EDGE('',*,*,#1952,.T.);
#2523=ORIENTED_EDGE('',*,*,#1889,.F.);
#2524=ORIENTED_EDGE('',*,*,#1954,.F.);
#2525=ORIENTED_EDGE('',*,*,#1955,.T.);
#2526=ORIENTED_EDGE('',*,*,#1954,.T.);
#2527=ORIENTED_EDGE('',*,*,#1891,.F.);
#2528=ORIENTED_EDGE('',*,*,#1956,.F.);
#2529=ORIENTED_EDGE('',*,*,#1957,.T.);
#2530=ORIENTED_EDGE('',*,*,#1958,.T.);
#2531=ORIENTED_EDGE('',*,*,#1893,.F.);
#2532=ORIENTED_EDGE('',*,*,#1959,.F.);
#2533=ORIENTED_EDGE('',*,*,#1960,.T.);
#2534=ORIENTED_EDGE('',*,*,#1961,.T.);
#2535=ORIENTED_EDGE('',*,*,#1896,.F.);
#2536=ORIENTED_EDGE('',*,*,#1962,.F.);
#2537=ORIENTED_EDGE('',*,*,#1963,.T.);
#2538=ORIENTED_EDGE('',*,*,#1964,.T.);
#2539=ORIENTED_EDGE('',*,*,#1899,.F.);
#2540=ORIENTED_EDGE('',*,*,#1965,.F.);
#2541=ORIENTED_EDGE('',*,*,#1966,.T.);
#2542=ORIENTED_EDGE('',*,*,#1967,.T.);
#2543=ORIENTED_EDGE('',*,*,#1902,.F.);
#2544=ORIENTED_EDGE('',*,*,#1968,.F.);
#2545=ORIENTED_EDGE('',*,*,#1689,.T.);
#2546=ORIENTED_EDGE('',*,*,#1968,.T.);
#2547=ORIENTED_EDGE('',*,*,#1905,.F.);
#2548=ORIENTED_EDGE('',*,*,#1969,.F.);
#2549=ORIENTED_EDGE('',*,*,#1970,.T.);
#2550=ORIENTED_EDGE('',*,*,#1969,.T.);
#2551=ORIENTED_EDGE('',*,*,#1907,.F.);
#2552=ORIENTED_EDGE('',*,*,#1971,.F.);
#2553=ORIENTED_EDGE('',*,*,#1972,.T.);
#2554=ORIENTED_EDGE('',*,*,#1973,.T.);
#2555=ORIENTED_EDGE('',*,*,#1909,.F.);
#2556=ORIENTED_EDGE('',*,*,#1974,.F.);
#2557=ORIENTED_EDGE('',*,*,#1975,.T.);
#2558=ORIENTED_EDGE('',*,*,#1976,.T.);
#2559=ORIENTED_EDGE('',*,*,#1912,.F.);
#2560=ORIENTED_EDGE('',*,*,#1977,.F.);
#2561=ORIENTED_EDGE('',*,*,#1978,.T.);
#2562=ORIENTED_EDGE('',*,*,#1979,.T.);
#2563=ORIENTED_EDGE('',*,*,#1915,.F.);
#2564=ORIENTED_EDGE('',*,*,#1980,.F.);
#2565=ORIENTED_EDGE('',*,*,#1981,.T.);
#2566=ORIENTED_EDGE('',*,*,#1982,.T.);
#2567=ORIENTED_EDGE('',*,*,#1918,.F.);
#2568=ORIENTED_EDGE('',*,*,#1983,.F.);
#2569=ORIENTED_EDGE('',*,*,#1984,.T.);
#2570=ORIENTED_EDGE('',*,*,#1983,.T.);
#2571=ORIENTED_EDGE('',*,*,#1921,.F.);
#2572=ORIENTED_EDGE('',*,*,#1985,.F.);
#2573=ORIENTED_EDGE('',*,*,#1986,.T.);
#2574=ORIENTED_EDGE('',*,*,#1985,.T.);
#2575=ORIENTED_EDGE('',*,*,#1923,.F.);
#2576=ORIENTED_EDGE('',*,*,#1987,.F.);
#2577=ORIENTED_EDGE('',*,*,#1988,.T.);
#2578=ORIENTED_EDGE('',*,*,#1989,.T.);
#2579=ORIENTED_EDGE('',*,*,#1925,.F.);
#2580=ORIENTED_EDGE('',*,*,#1990,.F.);
#2581=ORIENTED_EDGE('',*,*,#1991,.T.);
#2582=ORIENTED_EDGE('',*,*,#1992,.T.);
#2583=ORIENTED_EDGE('',*,*,#1928,.F.);
#2584=ORIENTED_EDGE('',*,*,#1993,.F.);
#2585=ORIENTED_EDGE('',*,*,#1994,.T.);
#2586=ORIENTED_EDGE('',*,*,#1995,.T.);
#2587=ORIENTED_EDGE('',*,*,#1931,.F.);
#2588=ORIENTED_EDGE('',*,*,#1996,.F.);
#2589=ORIENTED_EDGE('',*,*,#1997,.T.);
#2590=ORIENTED_EDGE('',*,*,#1998,.T.);
#2591=ORIENTED_EDGE('',*,*,#1934,.F.);
#2592=ORIENTED_EDGE('',*,*,#1999,.F.);
#2593=ORIENTED_EDGE('',*,*,#1746,.T.);
#2594=ORIENTED_EDGE('',*,*,#1999,.T.);
#2595=ORIENTED_EDGE('',*,*,#1937,.F.);
#2596=ORIENTED_EDGE('',*,*,#2000,.F.);
#2597=ORIENTED_EDGE('',*,*,#2001,.T.);
#2598=ORIENTED_EDGE('',*,*,#2000,.T.);
#2599=ORIENTED_EDGE('',*,*,#1939,.F.);
#2600=ORIENTED_EDGE('',*,*,#2002,.F.);
#2601=ORIENTED_EDGE('',*,*,#2003,.T.);
#2602=ORIENTED_EDGE('',*,*,#2004,.T.);
#2603=ORIENTED_EDGE('',*,*,#1941,.F.);
#2604=ORIENTED_EDGE('',*,*,#2005,.F.);
#2605=ORIENTED_EDGE('',*,*,#2006,.T.);
#2606=ORIENTED_EDGE('',*,*,#2007,.T.);
#2607=ORIENTED_EDGE('',*,*,#1944,.F.);
#2608=ORIENTED_EDGE('',*,*,#2008,.F.);
#2609=ORIENTED_EDGE('',*,*,#2009,.T.);
#2610=ORIENTED_EDGE('',*,*,#2010,.T.);
#2611=ORIENTED_EDGE('',*,*,#1947,.F.);
#2612=ORIENTED_EDGE('',*,*,#2011,.F.);
#2613=ORIENTED_EDGE('',*,*,#2012,.T.);
#2614=ORIENTED_EDGE('',*,*,#2013,.T.);
#2615=ORIENTED_EDGE('',*,*,#1950,.F.);
#2616=ORIENTED_EDGE('',*,*,#2014,.F.);
#2617=ORIENTED_EDGE('',*,*,#2015,.T.);
#2618=ORIENTED_EDGE('',*,*,#2014,.T.);
#2619=ORIENTED_EDGE('',*,*,#1953,.F.);
#2620=ORIENTED_EDGE('',*,*,#2016,.F.);
#2621=ORIENTED_EDGE('',*,*,#2017,.T.);
#2622=ORIENTED_EDGE('',*,*,#2016,.T.);
#2623=ORIENTED_EDGE('',*,*,#1955,.F.);
#2624=ORIENTED_EDGE('',*,*,#2018,.F.);
#2625=ORIENTED_EDGE('',*,*,#2019,.F.);
#2626=ORIENTED_EDGE('',*,*,#2020,.T.);
#2627=ORIENTED_EDGE('',*,*,#2018,.T.);
#2628=ORIENTED_EDGE('',*,*,#1956,.T.);
#2629=ORIENTED_EDGE('',*,*,#1892,.T.);
#2630=ORIENTED_EDGE('',*,*,#1828,.T.);
#2631=ORIENTED_EDGE('',*,*,#2021,.F.);
#2632=ORIENTED_EDGE('',*,*,#1750,.F.);
#2633=ORIENTED_EDGE('',*,*,#1830,.F.);
#2634=ORIENTED_EDGE('',*,*,#1894,.F.);
#2635=ORIENTED_EDGE('',*,*,#1958,.F.);
#2636=ORIENTED_EDGE('',*,*,#2022,.F.);
#2637=ORIENTED_EDGE('',*,*,#2023,.F.);
#2638=ORIENTED_EDGE('',*,*,#2022,.T.);
#2639=ORIENTED_EDGE('',*,*,#1957,.F.);
#2640=ORIENTED_EDGE('',*,*,#2024,.F.);
#2641=ORIENTED_EDGE('',*,*,#2025,.F.);
#2642=ORIENTED_EDGE('',*,*,#2024,.T.);
#2643=ORIENTED_EDGE('',*,*,#1959,.T.);
#2644=ORIENTED_EDGE('',*,*,#1895,.T.);
#2645=ORIENTED_EDGE('',*,*,#1831,.T.);
#2646=ORIENTED_EDGE('',*,*,#1752,.T.);
#2647=ORIENTED_EDGE('',*,*,#2026,.F.);
#2648=ORIENTED_EDGE('',*,*,#1754,.F.);
#2649=ORIENTED_EDGE('',*,*,#1833,.F.);
#2650=ORIENTED_EDGE('',*,*,#1897,.F.);
#2651=ORIENTED_EDGE('',*,*,#1961,.F.);
#2652=ORIENTED_EDGE('',*,*,#2027,.F.);
#2653=ORIENTED_EDGE('',*,*,#2028,.F.);
#2654=ORIENTED_EDGE('',*,*,#2027,.T.);
#2655=ORIENTED_EDGE('',*,*,#1960,.F.);
#2656=ORIENTED_EDGE('',*,*,#2029,.F.);
#2657=ORIENTED_EDGE('',*,*,#2030,.F.);
#2658=ORIENTED_EDGE('',*,*,#2029,.T.);
#2659=ORIENTED_EDGE('',*,*,#1962,.T.);
#2660=ORIENTED_EDGE('',*,*,#1898,.T.);
#2661=ORIENTED_EDGE('',*,*,#1834,.T.);
#2662=ORIENTED_EDGE('',*,*,#1756,.T.);
#2663=ORIENTED_EDGE('',*,*,#2031,.F.);
#2664=ORIENTED_EDGE('',*,*,#1758,.F.);
#2665=ORIENTED_EDGE('',*,*,#1836,.F.);
#2666=ORIENTED_EDGE('',*,*,#1900,.F.);
#2667=ORIENTED_EDGE('',*,*,#1964,.F.);
#2668=ORIENTED_EDGE('',*,*,#2032,.F.);
#2669=ORIENTED_EDGE('',*,*,#2033,.F.);
#2670=ORIENTED_EDGE('',*,*,#2032,.T.);
#2671=ORIENTED_EDGE('',*,*,#1963,.F.);
#2672=ORIENTED_EDGE('',*,*,#2034,.F.);
#2673=ORIENTED_EDGE('',*,*,#2035,.F.);
#2674=ORIENTED_EDGE('',*,*,#2034,.T.);
#2675=ORIENTED_EDGE('',*,*,#1965,.T.);
#2676=ORIENTED_EDGE('',*,*,#1901,.T.);
#2677=ORIENTED_EDGE('',*,*,#1837,.T.);
#2678=ORIENTED_EDGE('',*,*,#1760,.T.);
#2679=ORIENTED_EDGE('',*,*,#2036,.F.);
#2680=ORIENTED_EDGE('',*,*,#1762,.F.);
#2681=ORIENTED_EDGE('',*,*,#1839,.F.);
#2682=ORIENTED_EDGE('',*,*,#1903,.F.);
#2683=ORIENTED_EDGE('',*,*,#1967,.F.);
#2684=ORIENTED_EDGE('',*,*,#2037,.F.);
#2685=ORIENTED_EDGE('',*,*,#2038,.F.);
#2686=ORIENTED_EDGE('',*,*,#2037,.T.);
#2687=ORIENTED_EDGE('',*,*,#1966,.F.);
#2688=ORIENTED_EDGE('',*,*,#1688,.F.);
#2689=ORIENTED_EDGE('',*,*,#2039,.F.);
#2690=ORIENTED_EDGE('',*,*,#1690,.T.);
#2691=ORIENTED_EDGE('',*,*,#1970,.F.);
#2692=ORIENTED_EDGE('',*,*,#2040,.F.);
#2693=ORIENTED_EDGE('',*,*,#2041,.F.);
#2694=ORIENTED_EDGE('',*,*,#2040,.T.);
#2695=ORIENTED_EDGE('',*,*,#1971,.T.);
#2696=ORIENTED_EDGE('',*,*,#1908,.T.);
#2697=ORIENTED_EDGE('',*,*,#1844,.T.);
#2698=ORIENTED_EDGE('',*,*,#1766,.T.);
#2699=ORIENTED_EDGE('',*,*,#2042,.F.);
#2700=ORIENTED_EDGE('',*,*,#1768,.F.);
#2701=ORIENTED_EDGE('',*,*,#1846,.F.);
#2702=ORIENTED_EDGE('',*,*,#1910,.F.);
#2703=ORIENTED_EDGE('',*,*,#1973,.F.);
#2704=ORIENTED_EDGE('',*,*,#2043,.F.);
#2705=ORIENTED_EDGE('',*,*,#2044,.F.);
#2706=ORIENTED_EDGE('',*,*,#2043,.T.);
#2707=ORIENTED_EDGE('',*,*,#1972,.F.);
#2708=ORIENTED_EDGE('',*,*,#2045,.F.);
#2709=ORIENTED_EDGE('',*,*,#2046,.F.);
#2710=ORIENTED_EDGE('',*,*,#2045,.T.);
#2711=ORIENTED_EDGE('',*,*,#1974,.T.);
#2712=ORIENTED_EDGE('',*,*,#1911,.T.);
#2713=ORIENTED_EDGE('',*,*,#1847,.T.);
#2714=ORIENTED_EDGE('',*,*,#1770,.T.);
#2715=ORIENTED_EDGE('',*,*,#2047,.F.);
#2716=ORIENTED_EDGE('',*,*,#1772,.F.);
#2717=ORIENTED_EDGE('',*,*,#1849,.F.);
#2718=ORIENTED_EDGE('',*,*,#1913,.F.);
#2719=ORIENTED_EDGE('',*,*,#1976,.F.);
#2720=ORIENTED_EDGE('',*,*,#2048,.F.);
#2721=ORIENTED_EDGE('',*,*,#2049,.F.);
#2722=ORIENTED_EDGE('',*,*,#2048,.T.);
#2723=ORIENTED_EDGE('',*,*,#1975,.F.);
#2724=ORIENTED_EDGE('',*,*,#2050,.F.);
#2725=ORIENTED_EDGE('',*,*,#2051,.F.);
#2726=ORIENTED_EDGE('',*,*,#2050,.T.);
#2727=ORIENTED_EDGE('',*,*,#1977,.T.);
#2728=ORIENTED_EDGE('',*,*,#1914,.T.);
#2729=ORIENTED_EDGE('',*,*,#1850,.T.);
#2730=ORIENTED_EDGE('',*,*,#1774,.T.);
#2731=ORIENTED_EDGE('',*,*,#2052,.F.);
#2732=ORIENTED_EDGE('',*,*,#1776,.F.);
#2733=ORIENTED_EDGE('',*,*,#1852,.F.);
#2734=ORIENTED_EDGE('',*,*,#1916,.F.);
#2735=ORIENTED_EDGE('',*,*,#1979,.F.);
#2736=ORIENTED_EDGE('',*,*,#2053,.F.);
#2737=ORIENTED_EDGE('',*,*,#2054,.F.);
#2738=ORIENTED_EDGE('',*,*,#2053,.T.);
#2739=ORIENTED_EDGE('',*,*,#1978,.F.);
#2740=ORIENTED_EDGE('',*,*,#2055,.F.);
#2741=ORIENTED_EDGE('',*,*,#2056,.F.);
#2742=ORIENTED_EDGE('',*,*,#2055,.T.);
#2743=ORIENTED_EDGE('',*,*,#1980,.T.);
#2744=ORIENTED_EDGE('',*,*,#1917,.T.);
#2745=ORIENTED_EDGE('',*,*,#1853,.T.);
#2746=ORIENTED_EDGE('',*,*,#1778,.T.);
#2747=ORIENTED_EDGE('',*,*,#2057,.F.);
#2748=ORIENTED_EDGE('',*,*,#1780,.F.);
#2749=ORIENTED_EDGE('',*,*,#1855,.F.);
#2750=ORIENTED_EDGE('',*,*,#1919,.F.);
#2751=ORIENTED_EDGE('',*,*,#1982,.F.);
#2752=ORIENTED_EDGE('',*,*,#2058,.F.);
#2753=ORIENTED_EDGE('',*,*,#2059,.F.);
#2754=ORIENTED_EDGE('',*,*,#2058,.T.);
#2755=ORIENTED_EDGE('',*,*,#1981,.F.);
#2756=ORIENTED_EDGE('',*,*,#2060,.F.);
#2757=ORIENTED_EDGE('',*,*,#2061,.F.);
#2758=ORIENTED_EDGE('',*,*,#2060,.T.);
#2759=ORIENTED_EDGE('',*,*,#1984,.F.);
#2760=ORIENTED_EDGE('',*,*,#2062,.F.);
#2761=ORIENTED_EDGE('',*,*,#2063,.T.);
#2762=ORIENTED_EDGE('',*,*,#2062,.T.);
#2763=ORIENTED_EDGE('',*,*,#1986,.F.);
#2764=ORIENTED_EDGE('',*,*,#2064,.F.);
#2765=ORIENTED_EDGE('',*,*,#2065,.F.);
#2766=ORIENTED_EDGE('',*,*,#2064,.T.);
#2767=ORIENTED_EDGE('',*,*,#1987,.T.);
#2768=ORIENTED_EDGE('',*,*,#1924,.T.);
#2769=ORIENTED_EDGE('',*,*,#1860,.T.);
#2770=ORIENTED_EDGE('',*,*,#1788,.T.);
#2771=ORIENTED_EDGE('',*,*,#2066,.F.);
#2772=ORIENTED_EDGE('',*,*,#1790,.F.);
#2773=ORIENTED_EDGE('',*,*,#1862,.F.);
#2774=ORIENTED_EDGE('',*,*,#1926,.F.);
#2775=ORIENTED_EDGE('',*,*,#1989,.F.);
#2776=ORIENTED_EDGE('',*,*,#2067,.F.);
#2777=ORIENTED_EDGE('',*,*,#2068,.F.);
#2778=ORIENTED_EDGE('',*,*,#2067,.T.);
#2779=ORIENTED_EDGE('',*,*,#1988,.F.);
#2780=ORIENTED_EDGE('',*,*,#2069,.F.);
#2781=ORIENTED_EDGE('',*,*,#2070,.F.);
#2782=ORIENTED_EDGE('',*,*,#2069,.T.);
#2783=ORIENTED_EDGE('',*,*,#1990,.T.);
#2784=ORIENTED_EDGE('',*,*,#1927,.T.);
#2785=ORIENTED_EDGE('',*,*,#1863,.T.);
#2786=ORIENTED_EDGE('',*,*,#1792,.T.);
#2787=ORIENTED_EDGE('',*,*,#2071,.F.);
#2788=ORIENTED_EDGE('',*,*,#1794,.F.);
#2789=ORIENTED_EDGE('',*,*,#1865,.F.);
#2790=ORIENTED_EDGE('',*,*,#1929,.F.);
#2791=ORIENTED_EDGE('',*,*,#1992,.F.);
#2792=ORIENTED_EDGE('',*,*,#2072,.F.);
#2793=ORIENTED_EDGE('',*,*,#2073,.F.);
#2794=ORIENTED_EDGE('',*,*,#2072,.T.);
#2795=ORIENTED_EDGE('',*,*,#1991,.F.);
#2796=ORIENTED_EDGE('',*,*,#2074,.F.);
#2797=ORIENTED_EDGE('',*,*,#2075,.F.);
#2798=ORIENTED_EDGE('',*,*,#2074,.T.);
#2799=ORIENTED_EDGE('',*,*,#1993,.T.);
#2800=ORIENTED_EDGE('',*,*,#1930,.T.);
#2801=ORIENTED_EDGE('',*,*,#1866,.T.);
#2802=ORIENTED_EDGE('',*,*,#1796,.T.);
#2803=ORIENTED_EDGE('',*,*,#2076,.F.);
#2804=ORIENTED_EDGE('',*,*,#1798,.F.);
#2805=ORIENTED_EDGE('',*,*,#1868,.F.);
#2806=ORIENTED_EDGE('',*,*,#1932,.F.);
#2807=ORIENTED_EDGE('',*,*,#1995,.F.);
#2808=ORIENTED_EDGE('',*,*,#2077,.F.);
#2809=ORIENTED_EDGE('',*,*,#2078,.F.);
#2810=ORIENTED_EDGE('',*,*,#2077,.T.);
#2811=ORIENTED_EDGE('',*,*,#1994,.F.);
#2812=ORIENTED_EDGE('',*,*,#2079,.F.);
#2813=ORIENTED_EDGE('',*,*,#2080,.F.);
#2814=ORIENTED_EDGE('',*,*,#2079,.T.);
#2815=ORIENTED_EDGE('',*,*,#1996,.T.);
#2816=ORIENTED_EDGE('',*,*,#1933,.T.);
#2817=ORIENTED_EDGE('',*,*,#1869,.T.);
#2818=ORIENTED_EDGE('',*,*,#1800,.T.);
#2819=ORIENTED_EDGE('',*,*,#2081,.F.);
#2820=ORIENTED_EDGE('',*,*,#1802,.F.);
#2821=ORIENTED_EDGE('',*,*,#1871,.F.);
#2822=ORIENTED_EDGE('',*,*,#1935,.F.);
#2823=ORIENTED_EDGE('',*,*,#1998,.F.);
#2824=ORIENTED_EDGE('',*,*,#2082,.F.);
#2825=ORIENTED_EDGE('',*,*,#2083,.T.);
#2826=ORIENTED_EDGE('',*,*,#2082,.T.);
#2827=ORIENTED_EDGE('',*,*,#1997,.F.);
#2828=ORIENTED_EDGE('',*,*,#1745,.F.);
#2829=ORIENTED_EDGE('',*,*,#2084,.T.);
#2830=ORIENTED_EDGE('',*,*,#1747,.T.);
#2831=ORIENTED_EDGE('',*,*,#2001,.F.);
#2832=ORIENTED_EDGE('',*,*,#2085,.F.);
#2833=ORIENTED_EDGE('',*,*,#2086,.F.);
#2834=ORIENTED_EDGE('',*,*,#2085,.T.);
#2835=ORIENTED_EDGE('',*,*,#2002,.T.);
#2836=ORIENTED_EDGE('',*,*,#1940,.T.);
#2837=ORIENTED_EDGE('',*,*,#1876,.T.);
#2838=ORIENTED_EDGE('',*,*,#1806,.T.);
#2839=ORIENTED_EDGE('',*,*,#2087,.F.);
#2840=ORIENTED_EDGE('',*,*,#1808,.F.);
#2841=ORIENTED_EDGE('',*,*,#1878,.F.);
#2842=ORIENTED_EDGE('',*,*,#1942,.F.);
#2843=ORIENTED_EDGE('',*,*,#2004,.F.);
#2844=ORIENTED_EDGE('',*,*,#2088,.F.);
#2845=ORIENTED_EDGE('',*,*,#2089,.F.);
#2846=ORIENTED_EDGE('',*,*,#2088,.T.);
#2847=ORIENTED_EDGE('',*,*,#2003,.F.);
#2848=ORIENTED_EDGE('',*,*,#2090,.F.);
#2849=ORIENTED_EDGE('',*,*,#2091,.F.);
#2850=ORIENTED_EDGE('',*,*,#2090,.T.);
#2851=ORIENTED_EDGE('',*,*,#2005,.T.);
#2852=ORIENTED_EDGE('',*,*,#1943,.T.);
#2853=ORIENTED_EDGE('',*,*,#1879,.T.);
#2854=ORIENTED_EDGE('',*,*,#1810,.T.);
#2855=ORIENTED_EDGE('',*,*,#2092,.F.);
#2856=ORIENTED_EDGE('',*,*,#1812,.F.);
#2857=ORIENTED_EDGE('',*,*,#1881,.F.);
#2858=ORIENTED_EDGE('',*,*,#1945,.F.);
#2859=ORIENTED_EDGE('',*,*,#2007,.F.);
#2860=ORIENTED_EDGE('',*,*,#2093,.F.);
#2861=ORIENTED_EDGE('',*,*,#2094,.F.);
#2862=ORIENTED_EDGE('',*,*,#2093,.T.);
#2863=ORIENTED_EDGE('',*,*,#2006,.F.);
#2864=ORIENTED_EDGE('',*,*,#2095,.F.);
#2865=ORIENTED_EDGE('',*,*,#2096,.F.);
#2866=ORIENTED_EDGE('',*,*,#2095,.T.);
#2867=ORIENTED_EDGE('',*,*,#2008,.T.);
#2868=ORIENTED_EDGE('',*,*,#1946,.T.);
#2869=ORIENTED_EDGE('',*,*,#1882,.T.);
#2870=ORIENTED_EDGE('',*,*,#1814,.T.);
#2871=ORIENTED_EDGE('',*,*,#2097,.F.);
#2872=ORIENTED_EDGE('',*,*,#1816,.F.);
#2873=ORIENTED_EDGE('',*,*,#1884,.F.);
#2874=ORIENTED_EDGE('',*,*,#1948,.F.);
#2875=ORIENTED_EDGE('',*,*,#2010,.F.);
#2876=ORIENTED_EDGE('',*,*,#2098,.F.);
#2877=ORIENTED_EDGE('',*,*,#2099,.F.);
#2878=ORIENTED_EDGE('',*,*,#2098,.T.);
#2879=ORIENTED_EDGE('',*,*,#2009,.F.);
#2880=ORIENTED_EDGE('',*,*,#2100,.F.);
#2881=ORIENTED_EDGE('',*,*,#2101,.F.);
#2882=ORIENTED_EDGE('',*,*,#2100,.T.);
#2883=ORIENTED_EDGE('',*,*,#2011,.T.);
#2884=ORIENTED_EDGE('',*,*,#1949,.T.);
#2885=ORIENTED_EDGE('',*,*,#1885,.T.);
#2886=ORIENTED_EDGE('',*,*,#1818,.T.);
#2887=ORIENTED_EDGE('',*,*,#2102,.F.);
#2888=ORIENTED_EDGE('',*,*,#1820,.F.);
#2889=ORIENTED_EDGE('',*,*,#1887,.F.);
#2890=ORIENTED_EDGE('',*,*,#1951,.F.);
#2891=ORIENTED_EDGE('',*,*,#2013,.F.);
#2892=ORIENTED_EDGE('',*,*,#2103,.F.);
#2893=ORIENTED_EDGE('',*,*,#2104,.T.);
#2894=ORIENTED_EDGE('',*,*,#2103,.T.);
#2895=ORIENTED_EDGE('',*,*,#2012,.F.);
#2896=ORIENTED_EDGE('',*,*,#2105,.F.);
#2897=ORIENTED_EDGE('',*,*,#2106,.F.);
#2898=ORIENTED_EDGE('',*,*,#2105,.T.);
#2899=ORIENTED_EDGE('',*,*,#2015,.F.);
#2900=ORIENTED_EDGE('',*,*,#2107,.F.);
#2901=ORIENTED_EDGE('',*,*,#2108,.T.);
#2902=ORIENTED_EDGE('',*,*,#2107,.T.);
#2903=ORIENTED_EDGE('',*,*,#2017,.F.);
#2904=ORIENTED_EDGE('',*,*,#2020,.F.);
#2905=ORIENTED_EDGE('',*,*,#1710,.T.);
#2906=ORIENTED_EDGE('',*,*,#1803,.T.);
#2907=ORIENTED_EDGE('',*,*,#2081,.T.);
#2908=ORIENTED_EDGE('',*,*,#1799,.T.);
#2909=ORIENTED_EDGE('',*,*,#2076,.T.);
#2910=ORIENTED_EDGE('',*,*,#1795,.T.);
#2911=ORIENTED_EDGE('',*,*,#2071,.T.);
#2912=ORIENTED_EDGE('',*,*,#1791,.T.);
#2913=ORIENTED_EDGE('',*,*,#2066,.T.);
#2914=ORIENTED_EDGE('',*,*,#1787,.T.);
#2915=ORIENTED_EDGE('',*,*,#1783,.T.);
#2916=ORIENTED_EDGE('',*,*,#1781,.T.);
#2917=ORIENTED_EDGE('',*,*,#2057,.T.);
#2918=ORIENTED_EDGE('',*,*,#1777,.T.);
#2919=ORIENTED_EDGE('',*,*,#2052,.T.);
#2920=ORIENTED_EDGE('',*,*,#1773,.T.);
#2921=ORIENTED_EDGE('',*,*,#2047,.T.);
#2922=ORIENTED_EDGE('',*,*,#1769,.T.);
#2923=ORIENTED_EDGE('',*,*,#2042,.T.);
#2924=ORIENTED_EDGE('',*,*,#1765,.T.);
#2925=ORIENTED_EDGE('',*,*,#1725,.T.);
#2926=ORIENTED_EDGE('',*,*,#1723,.F.);
#2927=ORIENTED_EDGE('',*,*,#1716,.T.);
#2928=ORIENTED_EDGE('',*,*,#1712,.T.);
#2929=ORIENTED_EDGE('',*,*,#1729,.T.);
#2930=ORIENTED_EDGE('',*,*,#1763,.T.);
#2931=ORIENTED_EDGE('',*,*,#2036,.T.);
#2932=ORIENTED_EDGE('',*,*,#1759,.T.);
#2933=ORIENTED_EDGE('',*,*,#2031,.T.);
#2934=ORIENTED_EDGE('',*,*,#1755,.T.);
#2935=ORIENTED_EDGE('',*,*,#2026,.T.);
#2936=ORIENTED_EDGE('',*,*,#1751,.T.);
#2937=ORIENTED_EDGE('',*,*,#2021,.T.);
#2938=ORIENTED_EDGE('',*,*,#1827,.T.);
#2939=ORIENTED_EDGE('',*,*,#1824,.T.);
#2940=ORIENTED_EDGE('',*,*,#1821,.T.);
#2941=ORIENTED_EDGE('',*,*,#2102,.T.);
#2942=ORIENTED_EDGE('',*,*,#1817,.T.);
#2943=ORIENTED_EDGE('',*,*,#2097,.T.);
#2944=ORIENTED_EDGE('',*,*,#1813,.T.);
#2945=ORIENTED_EDGE('',*,*,#2092,.T.);
#2946=ORIENTED_EDGE('',*,*,#1809,.T.);
#2947=ORIENTED_EDGE('',*,*,#2087,.T.);
#2948=ORIENTED_EDGE('',*,*,#1805,.T.);
#2949=ORIENTED_EDGE('',*,*,#1706,.T.);
#2950=ORIENTED_EDGE('',*,*,#1704,.F.);
#2951=ORIENTED_EDGE('',*,*,#1697,.T.);
#2952=ORIENTED_EDGE('',*,*,#1693,.T.);
#2953=ORIENTED_EDGE('',*,*,#1667,.T.);
#2954=ORIENTED_EDGE('',*,*,#1670,.T.);
#2955=ORIENTED_EDGE('',*,*,#1691,.T.);
#2956=ORIENTED_EDGE('',*,*,#2039,.T.);
#2957=ORIENTED_EDGE('',*,*,#2041,.T.);
#2958=ORIENTED_EDGE('',*,*,#2044,.T.);
#2959=ORIENTED_EDGE('',*,*,#2046,.T.);
#2960=ORIENTED_EDGE('',*,*,#2049,.T.);
#2961=ORIENTED_EDGE('',*,*,#2051,.T.);
#2962=ORIENTED_EDGE('',*,*,#2054,.T.);
#2963=ORIENTED_EDGE('',*,*,#2056,.T.);
#2964=ORIENTED_EDGE('',*,*,#2059,.T.);
#2965=ORIENTED_EDGE('',*,*,#2061,.T.);
#2966=ORIENTED_EDGE('',*,*,#2063,.F.);
#2967=ORIENTED_EDGE('',*,*,#2065,.T.);
#2968=ORIENTED_EDGE('',*,*,#2068,.T.);
#2969=ORIENTED_EDGE('',*,*,#2070,.T.);
#2970=ORIENTED_EDGE('',*,*,#2073,.T.);
#2971=ORIENTED_EDGE('',*,*,#2075,.T.);
#2972=ORIENTED_EDGE('',*,*,#2078,.T.);
#2973=ORIENTED_EDGE('',*,*,#2080,.T.);
#2974=ORIENTED_EDGE('',*,*,#2083,.F.);
#2975=ORIENTED_EDGE('',*,*,#1744,.T.);
#2976=ORIENTED_EDGE('',*,*,#1742,.F.);
#2977=ORIENTED_EDGE('',*,*,#1735,.T.);
#2978=ORIENTED_EDGE('',*,*,#1731,.T.);
#2979=ORIENTED_EDGE('',*,*,#1748,.T.);
#2980=ORIENTED_EDGE('',*,*,#2084,.F.);
#2981=ORIENTED_EDGE('',*,*,#2086,.T.);
#2982=ORIENTED_EDGE('',*,*,#2089,.T.);
#2983=ORIENTED_EDGE('',*,*,#2091,.T.);
#2984=ORIENTED_EDGE('',*,*,#2094,.T.);
#2985=ORIENTED_EDGE('',*,*,#2096,.T.);
#2986=ORIENTED_EDGE('',*,*,#2099,.T.);
#2987=ORIENTED_EDGE('',*,*,#2101,.T.);
#2988=ORIENTED_EDGE('',*,*,#2104,.F.);
#2989=ORIENTED_EDGE('',*,*,#2106,.T.);
#2990=ORIENTED_EDGE('',*,*,#2108,.F.);
#2991=ORIENTED_EDGE('',*,*,#2019,.T.);
#2992=ORIENTED_EDGE('',*,*,#2023,.T.);
#2993=ORIENTED_EDGE('',*,*,#2025,.T.);
#2994=ORIENTED_EDGE('',*,*,#2028,.T.);
#2995=ORIENTED_EDGE('',*,*,#2030,.T.);
#2996=ORIENTED_EDGE('',*,*,#2033,.T.);
#2997=ORIENTED_EDGE('',*,*,#2035,.T.);
#2998=ORIENTED_EDGE('',*,*,#2038,.T.);
#2999=ORIENTED_EDGE('',*,*,#1687,.T.);
#3000=ORIENTED_EDGE('',*,*,#1685,.F.);
#3001=ORIENTED_EDGE('',*,*,#1678,.T.);
#3002=ORIENTED_EDGE('',*,*,#1674,.T.);
#3003=ORIENTED_EDGE('',*,*,#1661,.T.);
#3004=ORIENTED_EDGE('',*,*,#1664,.T.);
#3005=CYLINDRICAL_SURFACE('',#3185,2.10000000000001);
#3006=CYLINDRICAL_SURFACE('',#3189,2.10000000000001);
#3007=CYLINDRICAL_SURFACE('',#3193,2.10000000000001);
#3008=CYLINDRICAL_SURFACE('',#3197,2.10000000000001);
#3009=CYLINDRICAL_SURFACE('',#3203,3.3);
#3010=CYLINDRICAL_SURFACE('',#3209,3.3);
#3011=CYLINDRICAL_SURFACE('',#3214,3.3);
#3012=CYLINDRICAL_SURFACE('',#3220,3.3);
#3013=CYLINDRICAL_SURFACE('',#3225,3.3);
#3014=CYLINDRICAL_SURFACE('',#3231,3.3);
#3015=CYLINDRICAL_SURFACE('',#3236,3.3);
#3016=CYLINDRICAL_SURFACE('',#3242,3.3);
#3017=ADVANCED_FACE('',(#177),#3005,.F.);
#3018=ADVANCED_FACE('',(#178),#27,.T.);
#3019=ADVANCED_FACE('',(#179),#3006,.F.);
#3020=ADVANCED_FACE('',(#180),#28,.T.);
#3021=ADVANCED_FACE('',(#181),#3007,.F.);
#3022=ADVANCED_FACE('',(#182),#29,.T.);
#3023=ADVANCED_FACE('',(#183),#3008,.F.);
#3024=ADVANCED_FACE('',(#184),#30,.T.);
#3025=ADVANCED_FACE('',(#185),#31,.T.);
#3026=ADVANCED_FACE('',(#186),#3009,.T.);
#3027=ADVANCED_FACE('',(#187),#23,.F.);
#3028=ADVANCED_FACE('',(#188),#32,.T.);
#3029=ADVANCED_FACE('',(#189),#3010,.T.);
#3030=ADVANCED_FACE('',(#190),#33,.T.);
#3031=ADVANCED_FACE('',(#191),#34,.T.);
#3032=ADVANCED_FACE('',(#192),#3011,.T.);
#3033=ADVANCED_FACE('',(#193),#24,.F.);
#3034=ADVANCED_FACE('',(#194),#35,.T.);
#3035=ADVANCED_FACE('',(#195),#3012,.T.);
#3036=ADVANCED_FACE('',(#196),#36,.T.);
#3037=ADVANCED_FACE('',(#197),#37,.T.);
#3038=ADVANCED_FACE('',(#198),#3013,.T.);
#3039=ADVANCED_FACE('',(#199),#25,.F.);
#3040=ADVANCED_FACE('',(#200),#38,.T.);
#3041=ADVANCED_FACE('',(#201),#3014,.T.);
#3042=ADVANCED_FACE('',(#202),#39,.T.);
#3043=ADVANCED_FACE('',(#203),#40,.T.);
#3044=ADVANCED_FACE('',(#204),#3015,.T.);
#3045=ADVANCED_FACE('',(#205),#26,.F.);
#3046=ADVANCED_FACE('',(#206),#41,.T.);
#3047=ADVANCED_FACE('',(#207),#3016,.T.);
#3048=ADVANCED_FACE('',(#208),#42,.T.);
#3049=ADVANCED_FACE('',(#209),#43,.T.);
#3050=ADVANCED_FACE('',(#210),#44,.T.);
#3051=ADVANCED_FACE('',(#211),#45,.T.);
#3052=ADVANCED_FACE('',(#212),#46,.T.);
#3053=ADVANCED_FACE('',(#213),#47,.T.);
#3054=ADVANCED_FACE('',(#214),#48,.T.);
#3055=ADVANCED_FACE('',(#215),#49,.T.);
#3056=ADVANCED_FACE('',(#216),#50,.T.);
#3057=ADVANCED_FACE('',(#217),#51,.T.);
#3058=ADVANCED_FACE('',(#218),#52,.T.);
#3059=ADVANCED_FACE('',(#219),#53,.T.);
#3060=ADVANCED_FACE('',(#220),#54,.T.);
#3061=ADVANCED_FACE('',(#221),#55,.T.);
#3062=ADVANCED_FACE('',(#222),#56,.T.);
#3063=ADVANCED_FACE('',(#223),#57,.T.);
#3064=ADVANCED_FACE('',(#224),#58,.T.);
#3065=ADVANCED_FACE('',(#225),#59,.T.);
#3066=ADVANCED_FACE('',(#226),#60,.T.);
#3067=ADVANCED_FACE('',(#227),#61,.T.);
#3068=ADVANCED_FACE('',(#228),#62,.T.);
#3069=ADVANCED_FACE('',(#229),#63,.T.);
#3070=ADVANCED_FACE('',(#230),#64,.T.);
#3071=ADVANCED_FACE('',(#231),#65,.T.);
#3072=ADVANCED_FACE('',(#232),#66,.T.);
#3073=ADVANCED_FACE('',(#233),#67,.T.);
#3074=ADVANCED_FACE('',(#234),#68,.T.);
#3075=ADVANCED_FACE('',(#235),#69,.T.);
#3076=ADVANCED_FACE('',(#236),#70,.T.);
#3077=ADVANCED_FACE('',(#237),#71,.T.);
#3078=ADVANCED_FACE('',(#238),#72,.T.);
#3079=ADVANCED_FACE('',(#239),#73,.T.);
#3080=ADVANCED_FACE('',(#240),#74,.T.);
#3081=ADVANCED_FACE('',(#241),#75,.T.);
#3082=ADVANCED_FACE('',(#242),#76,.T.);
#3083=ADVANCED_FACE('',(#243),#77,.T.);
#3084=ADVANCED_FACE('',(#244),#78,.T.);
#3085=ADVANCED_FACE('',(#245),#79,.T.);
#3086=ADVANCED_FACE('',(#246),#80,.T.);
#3087=ADVANCED_FACE('',(#247),#81,.T.);
#3088=ADVANCED_FACE('',(#248),#82,.T.);
#3089=ADVANCED_FACE('',(#249),#83,.T.);
#3090=ADVANCED_FACE('',(#250),#84,.T.);
#3091=ADVANCED_FACE('',(#251),#85,.T.);
#3092=ADVANCED_FACE('',(#252),#86,.T.);
#3093=ADVANCED_FACE('',(#253),#87,.T.);
#3094=ADVANCED_FACE('',(#254),#88,.T.);
#3095=ADVANCED_FACE('',(#255),#89,.T.);
#3096=ADVANCED_FACE('',(#256),#90,.T.);
#3097=ADVANCED_FACE('',(#257),#91,.T.);
#3098=ADVANCED_FACE('',(#258),#92,.T.);
#3099=ADVANCED_FACE('',(#259),#93,.T.);
#3100=ADVANCED_FACE('',(#260),#94,.T.);
#3101=ADVANCED_FACE('',(#261),#95,.T.);
#3102=ADVANCED_FACE('',(#262),#96,.T.);
#3103=ADVANCED_FACE('',(#263),#97,.T.);
#3104=ADVANCED_FACE('',(#264),#98,.T.);
#3105=ADVANCED_FACE('',(#265),#99,.T.);
#3106=ADVANCED_FACE('',(#266),#100,.T.);
#3107=ADVANCED_FACE('',(#267),#101,.T.);
#3108=ADVANCED_FACE('',(#268),#102,.T.);
#3109=ADVANCED_FACE('',(#269),#103,.T.);
#3110=ADVANCED_FACE('',(#270),#104,.T.);
#3111=ADVANCED_FACE('',(#271),#105,.T.);
#3112=ADVANCED_FACE('',(#272),#106,.T.);
#3113=ADVANCED_FACE('',(#273),#107,.T.);
#3114=ADVANCED_FACE('',(#274),#108,.T.);
#3115=ADVANCED_FACE('',(#275),#109,.T.);
#3116=ADVANCED_FACE('',(#276),#110,.T.);
#3117=ADVANCED_FACE('',(#277),#111,.T.);
#3118=ADVANCED_FACE('',(#278),#112,.T.);
#3119=ADVANCED_FACE('',(#279),#113,.T.);
#3120=ADVANCED_FACE('',(#280),#114,.T.);
#3121=ADVANCED_FACE('',(#281),#115,.T.);
#3122=ADVANCED_FACE('',(#282),#116,.T.);
#3123=ADVANCED_FACE('',(#283),#117,.T.);
#3124=ADVANCED_FACE('',(#284),#118,.T.);
#3125=ADVANCED_FACE('',(#285),#119,.T.);
#3126=ADVANCED_FACE('',(#286),#120,.T.);
#3127=ADVANCED_FACE('',(#287),#121,.T.);
#3128=ADVANCED_FACE('',(#288),#122,.T.);
#3129=ADVANCED_FACE('',(#289),#123,.T.);
#3130=ADVANCED_FACE('',(#290),#124,.T.);
#3131=ADVANCED_FACE('',(#291),#125,.T.);
#3132=ADVANCED_FACE('',(#292),#126,.T.);
#3133=ADVANCED_FACE('',(#293),#127,.T.);
#3134=ADVANCED_FACE('',(#294),#128,.T.);
#3135=ADVANCED_FACE('',(#295),#129,.T.);
#3136=ADVANCED_FACE('',(#296),#130,.T.);
#3137=ADVANCED_FACE('',(#297),#131,.T.);
#3138=ADVANCED_FACE('',(#298),#132,.T.);
#3139=ADVANCED_FACE('',(#299),#133,.T.);
#3140=ADVANCED_FACE('',(#300),#134,.T.);
#3141=ADVANCED_FACE('',(#301),#135,.T.);
#3142=ADVANCED_FACE('',(#302),#136,.T.);
#3143=ADVANCED_FACE('',(#303),#137,.T.);
#3144=ADVANCED_FACE('',(#304),#138,.T.);
#3145=ADVANCED_FACE('',(#305),#139,.T.);
#3146=ADVANCED_FACE('',(#306),#140,.T.);
#3147=ADVANCED_FACE('',(#307),#141,.T.);
#3148=ADVANCED_FACE('',(#308),#142,.T.);
#3149=ADVANCED_FACE('',(#309),#143,.T.);
#3150=ADVANCED_FACE('',(#310),#144,.T.);
#3151=ADVANCED_FACE('',(#311),#145,.T.);
#3152=ADVANCED_FACE('',(#312),#146,.T.);
#3153=ADVANCED_FACE('',(#313),#147,.T.);
#3154=ADVANCED_FACE('',(#314),#148,.T.);
#3155=ADVANCED_FACE('',(#315),#149,.T.);
#3156=ADVANCED_FACE('',(#316),#150,.T.);
#3157=ADVANCED_FACE('',(#317),#151,.T.);
#3158=ADVANCED_FACE('',(#318),#152,.T.);
#3159=ADVANCED_FACE('',(#319),#153,.T.);
#3160=ADVANCED_FACE('',(#320),#154,.T.);
#3161=ADVANCED_FACE('',(#321),#155,.T.);
#3162=ADVANCED_FACE('',(#322),#156,.T.);
#3163=ADVANCED_FACE('',(#323),#157,.T.);
#3164=ADVANCED_FACE('',(#324),#158,.T.);
#3165=ADVANCED_FACE('',(#325),#159,.T.);
#3166=ADVANCED_FACE('',(#326),#160,.T.);
#3167=ADVANCED_FACE('',(#327),#161,.T.);
#3168=ADVANCED_FACE('',(#328),#162,.T.);
#3169=ADVANCED_FACE('',(#329),#163,.T.);
#3170=ADVANCED_FACE('',(#330),#164,.T.);
#3171=ADVANCED_FACE('',(#331),#165,.T.);
#3172=ADVANCED_FACE('',(#332),#166,.T.);
#3173=ADVANCED_FACE('',(#333),#167,.T.);
#3174=ADVANCED_FACE('',(#334),#168,.T.);
#3175=ADVANCED_FACE('',(#335),#169,.T.);
#3176=ADVANCED_FACE('',(#336),#170,.T.);
#3177=ADVANCED_FACE('',(#337),#171,.T.);
#3178=ADVANCED_FACE('',(#338),#172,.T.);
#3179=ADVANCED_FACE('',(#339),#173,.T.);
#3180=ADVANCED_FACE('',(#340),#174,.T.);
#3181=ADVANCED_FACE('',(#341,#15,#16),#175,.T.);
#3182=ADVANCED_FACE('',(#342,#17,#18),#176,.F.);
#3183=CLOSED_SHELL('',(#3017,#3018,#3019,#3020,#3021,#3022,#3023,#3024,
#3025,#3026,#3027,#3028,#3029,#3030,#3031,#3032,#3033,#3034,#3035,#3036,
#3037,#3038,#3039,#3040,#3041,#3042,#3043,#3044,#3045,#3046,#3047,#3048,
#3049,#3050,#3051,#3052,#3053,#3054,#3055,#3056,#3057,#3058,#3059,#3060,
#3061,#3062,#3063,#3064,#3065,#3066,#3067,#3068,#3069,#3070,#3071,#3072,
#3073,#3074,#3075,#3076,#3077,#3078,#3079,#3080,#3081,#3082,#3083,#3084,
#3085,#3086,#3087,#3088,#3089,#3090,#3091,#3092,#3093,#3094,#3095,#3096,
#3097,#3098,#3099,#3100,#3101,#3102,#3103,#3104,#3105,#3106,#3107,#3108,
#3109,#3110,#3111,#3112,#3113,#3114,#3115,#3116,#3117,#3118,#3119,#3120,
#3121,#3122,#3123,#3124,#3125,#3126,#3127,#3128,#3129,#3130,#3131,#3132,
#3133,#3134,#3135,#3136,#3137,#3138,#3139,#3140,#3141,#3142,#3143,#3144,
#3145,#3146,#3147,#3148,#3149,#3150,#3151,#3152,#3153,#3154,#3155,#3156,
#3157,#3158,#3159,#3160,#3161,#3162,#3163,#3164,#3165,#3166,#3167,#3168,
#3169,#3170,#3171,#3172,#3173,#3174,#3175,#3176,#3177,#3178,#3179,#3180,
#3181,#3182));
#3184=AXIS2_PLACEMENT_3D('',#4185,#3379,#3380);
#3185=AXIS2_PLACEMENT_3D('',#4186,#3381,#3382);
#3186=AXIS2_PLACEMENT_3D('',#4188,#3383,#3384);
#3187=AXIS2_PLACEMENT_3D('',#4191,#3386,#3387);
#3188=AXIS2_PLACEMENT_3D('',#4192,#3388,#3389);
#3189=AXIS2_PLACEMENT_3D('',#4193,#3390,#3391);
#3190=AXIS2_PLACEMENT_3D('',#4195,#3392,#3393);
#3191=AXIS2_PLACEMENT_3D('',#4198,#3395,#3396);
#3192=AXIS2_PLACEMENT_3D('',#4199,#3397,#3398);
#3193=AXIS2_PLACEMENT_3D('',#4200,#3399,#3400);
#3194=AXIS2_PLACEMENT_3D('',#4202,#3401,#3402);
#3195=AXIS2_PLACEMENT_3D('',#4205,#3404,#3405);
#3196=AXIS2_PLACEMENT_3D('',#4206,#3406,#3407);
#3197=AXIS2_PLACEMENT_3D('',#4207,#3408,#3409);
#3198=AXIS2_PLACEMENT_3D('',#4209,#3410,#3411);
#3199=AXIS2_PLACEMENT_3D('',#4212,#3413,#3414);
#3200=AXIS2_PLACEMENT_3D('',#4213,#3415,#3416);
#3201=AXIS2_PLACEMENT_3D('',#4214,#3417,#3418);
#3202=AXIS2_PLACEMENT_3D('',#4223,#3422,#3423);
#3203=AXIS2_PLACEMENT_3D('',#4225,#3425,#3426);
#3204=AXIS2_PLACEMENT_3D('',#4227,#3427,#3428);
#3205=AXIS2_PLACEMENT_3D('',#4230,#3430,#3431);
#3206=AXIS2_PLACEMENT_3D('',#4247,#3432,#3433);
#3207=AXIS2_PLACEMENT_3D('',#4248,#3434,#3435);
#3208=AXIS2_PLACEMENT_3D('',#4249,#3436,#3437);
#3209=AXIS2_PLACEMENT_3D('',#4255,#3441,#3442);
#3210=AXIS2_PLACEMENT_3D('',#4256,#3443,#3444);
#3211=AXIS2_PLACEMENT_3D('',#4257,#3445,#3446);
#3212=AXIS2_PLACEMENT_3D('',#4267,#3452,#3453);
#3213=AXIS2_PLACEMENT_3D('',#4276,#3457,#3458);
#3214=AXIS2_PLACEMENT_3D('',#4278,#3460,#3461);
#3215=AXIS2_PLACEMENT_3D('',#4280,#3462,#3463);
#3216=AXIS2_PLACEMENT_3D('',#4283,#3465,#3466);
#3217=AXIS2_PLACEMENT_3D('',#4300,#3467,#3468);
#3218=AXIS2_PLACEMENT_3D('',#4301,#3469,#3470);
#3219=AXIS2_PLACEMENT_3D('',#4302,#3471,#3472);
#3220=AXIS2_PLACEMENT_3D('',#4308,#3476,#3477);
#3221=AXIS2_PLACEMENT_3D('',#4309,#3478,#3479);
#3222=AXIS2_PLACEMENT_3D('',#4310,#3480,#3481);
#3223=AXIS2_PLACEMENT_3D('',#4320,#3487,#3488);
#3224=AXIS2_PLACEMENT_3D('',#4329,#3492,#3493);
#3225=AXIS2_PLACEMENT_3D('',#4331,#3495,#3496);
#3226=AXIS2_PLACEMENT_3D('',#4333,#3497,#3498);
#3227=AXIS2_PLACEMENT_3D('',#4336,#3500,#3501);
#3228=AXIS2_PLACEMENT_3D('',#4353,#3502,#3503);
#3229=AXIS2_PLACEMENT_3D('',#4354,#3504,#3505);
#3230=AXIS2_PLACEMENT_3D('',#4355,#3506,#3507);
#3231=AXIS2_PLACEMENT_3D('',#4361,#3511,#3512);
#3232=AXIS2_PLACEMENT_3D('',#4362,#3513,#3514);
#3233=AXIS2_PLACEMENT_3D('',#4363,#3515,#3516);
#3234=AXIS2_PLACEMENT_3D('',#4373,#3522,#3523);
#3235=AXIS2_PLACEMENT_3D('',#4382,#3527,#3528);
#3236=AXIS2_PLACEMENT_3D('',#4384,#3530,#3531);
#3237=AXIS2_PLACEMENT_3D('',#4386,#3532,#3533);
#3238=AXIS2_PLACEMENT_3D('',#4389,#3535,#3536);
#3239=AXIS2_PLACEMENT_3D('',#4406,#3537,#3538);
#3240=AXIS2_PLACEMENT_3D('',#4407,#3539,#3540);
#3241=AXIS2_PLACEMENT_3D('',#4408,#3541,#3542);
#3242=AXIS2_PLACEMENT_3D('',#4414,#3546,#3547);
#3243=AXIS2_PLACEMENT_3D('',#4415,#3548,#3549);
#3244=AXIS2_PLACEMENT_3D('',#4416,#3550,#3551);
#3245=AXIS2_PLACEMENT_3D('',#4426,#3557,#3558);
#3246=AXIS2_PLACEMENT_3D('',#4435,#3563,#3564);
#3247=AXIS2_PLACEMENT_3D('',#4444,#3569,#3570);
#3248=AXIS2_PLACEMENT_3D('',#4453,#3575,#3576);
#3249=AXIS2_PLACEMENT_3D('',#4459,#3580,#3581);
#3250=AXIS2_PLACEMENT_3D('',#4465,#3585,#3586);
#3251=AXIS2_PLACEMENT_3D('',#4474,#3591,#3592);
#3252=AXIS2_PLACEMENT_3D('',#4483,#3597,#3598);
#3253=AXIS2_PLACEMENT_3D('',#4492,#3603,#3604);
#3254=AXIS2_PLACEMENT_3D('',#4501,#3609,#3610);
#3255=AXIS2_PLACEMENT_3D('',#4507,#3614,#3615);
#3256=AXIS2_PLACEMENT_3D('',#4513,#3619,#3620);
#3257=AXIS2_PLACEMENT_3D('',#4522,#3625,#3626);
#3258=AXIS2_PLACEMENT_3D('',#4531,#3631,#3632);
#3259=AXIS2_PLACEMENT_3D('',#4540,#3637,#3638);
#3260=AXIS2_PLACEMENT_3D('',#4546,#3642,#3643);
#3261=AXIS2_PLACEMENT_3D('',#4552,#3647,#3648);
#3262=AXIS2_PLACEMENT_3D('',#4561,#3653,#3654);
#3263=AXIS2_PLACEMENT_3D('',#4570,#3659,#3660);
#3264=AXIS2_PLACEMENT_3D('',#4579,#3665,#3666);
#3265=AXIS2_PLACEMENT_3D('',#4588,#3671,#3672);
#3266=AXIS2_PLACEMENT_3D('',#4594,#3676,#3677);
#3267=AXIS2_PLACEMENT_3D('',#4600,#3681,#3682);
#3268=AXIS2_PLACEMENT_3D('',#4606,#3686,#3687);
#3269=AXIS2_PLACEMENT_3D('',#4612,#3691,#3692);
#3270=AXIS2_PLACEMENT_3D('',#4618,#3696,#3697);
#3271=AXIS2_PLACEMENT_3D('',#4624,#3701,#3702);
#3272=AXIS2_PLACEMENT_3D('',#4628,#3705,#3706);
#3273=AXIS2_PLACEMENT_3D('',#4632,#3709,#3710);
#3274=AXIS2_PLACEMENT_3D('',#4638,#3714,#3715);
#3275=AXIS2_PLACEMENT_3D('',#4644,#3719,#3720);
#3276=AXIS2_PLACEMENT_3D('',#4650,#3724,#3725);
#3277=AXIS2_PLACEMENT_3D('',#4656,#3729,#3730);
#3278=AXIS2_PLACEMENT_3D('',#4660,#3733,#3734);
#3279=AXIS2_PLACEMENT_3D('',#4664,#3737,#3738);
#3280=AXIS2_PLACEMENT_3D('',#4670,#3742,#3743);
#3281=AXIS2_PLACEMENT_3D('',#4676,#3747,#3748);
#3282=AXIS2_PLACEMENT_3D('',#4682,#3752,#3753);
#3283=AXIS2_PLACEMENT_3D('',#4688,#3757,#3758);
#3284=AXIS2_PLACEMENT_3D('',#4692,#3761,#3762);
#3285=AXIS2_PLACEMENT_3D('',#4696,#3765,#3766);
#3286=AXIS2_PLACEMENT_3D('',#4702,#3770,#3771);
#3287=AXIS2_PLACEMENT_3D('',#4708,#3775,#3776);
#3288=AXIS2_PLACEMENT_3D('',#4714,#3780,#3781);
#3289=AXIS2_PLACEMENT_3D('',#4720,#3785,#3786);
#3290=AXIS2_PLACEMENT_3D('',#4724,#3789,#3790);
#3291=AXIS2_PLACEMENT_3D('',#4728,#3793,#3794);
#3292=AXIS2_PLACEMENT_3D('',#4734,#3798,#3799);
#3293=AXIS2_PLACEMENT_3D('',#4740,#3803,#3804);
#3294=AXIS2_PLACEMENT_3D('',#4746,#3808,#3809);
#3295=AXIS2_PLACEMENT_3D('',#4752,#3813,#3814);
#3296=AXIS2_PLACEMENT_3D('',#4756,#3817,#3818);
#3297=AXIS2_PLACEMENT_3D('',#4760,#3821,#3822);
#3298=AXIS2_PLACEMENT_3D('',#4766,#3826,#3827);
#3299=AXIS2_PLACEMENT_3D('',#4772,#3831,#3832);
#3300=AXIS2_PLACEMENT_3D('',#4778,#3836,#3837);
#3301=AXIS2_PLACEMENT_3D('',#4784,#3841,#3842);
#3302=AXIS2_PLACEMENT_3D('',#4788,#3845,#3846);
#3303=AXIS2_PLACEMENT_3D('',#4792,#3849,#3850);
#3304=AXIS2_PLACEMENT_3D('',#4798,#3854,#3855);
#3305=AXIS2_PLACEMENT_3D('',#4804,#3859,#3860);
#3306=AXIS2_PLACEMENT_3D('',#4810,#3864,#3865);
#3307=AXIS2_PLACEMENT_3D('',#4816,#3869,#3870);
#3308=AXIS2_PLACEMENT_3D('',#4820,#3873,#3874);
#3309=AXIS2_PLACEMENT_3D('',#4824,#3877,#3878);
#3310=AXIS2_PLACEMENT_3D('',#4830,#3882,#3883);
#3311=AXIS2_PLACEMENT_3D('',#4836,#3887,#3888);
#3312=AXIS2_PLACEMENT_3D('',#4842,#3892,#3893);
#3313=AXIS2_PLACEMENT_3D('',#4848,#3897,#3898);
#3314=AXIS2_PLACEMENT_3D('',#4852,#3901,#3902);
#3315=AXIS2_PLACEMENT_3D('',#4856,#3905,#3906);
#3316=AXIS2_PLACEMENT_3D('',#4862,#3910,#3911);
#3317=AXIS2_PLACEMENT_3D('',#4868,#3915,#3916);
#3318=AXIS2_PLACEMENT_3D('',#4874,#3920,#3921);
#3319=AXIS2_PLACEMENT_3D('',#4879,#3925,#3926);
#3320=AXIS2_PLACEMENT_3D('',#4881,#3928,#3929);
#3321=AXIS2_PLACEMENT_3D('',#4885,#3932,#3933);
#3322=AXIS2_PLACEMENT_3D('',#4891,#3937,#3938);
#3323=AXIS2_PLACEMENT_3D('',#4897,#3942,#3943);
#3324=AXIS2_PLACEMENT_3D('',#4903,#3947,#3948);
#3325=AXIS2_PLACEMENT_3D('',#4909,#3952,#3953);
#3326=AXIS2_PLACEMENT_3D('',#4913,#3956,#3957);
#3327=AXIS2_PLACEMENT_3D('',#4917,#3960,#3961);
#3328=AXIS2_PLACEMENT_3D('',#4923,#3965,#3966);
#3329=AXIS2_PLACEMENT_3D('',#4929,#3970,#3971);
#3330=AXIS2_PLACEMENT_3D('',#4935,#3975,#3976);
#3331=AXIS2_PLACEMENT_3D('',#4940,#3980,#3981);
#3332=AXIS2_PLACEMENT_3D('',#4942,#3983,#3984);
#3333=AXIS2_PLACEMENT_3D('',#4946,#3987,#3988);
#3334=AXIS2_PLACEMENT_3D('',#4952,#3992,#3993);
#3335=AXIS2_PLACEMENT_3D('',#4958,#3997,#3998);
#3336=AXIS2_PLACEMENT_3D('',#4964,#4002,#4003);
#3337=AXIS2_PLACEMENT_3D('',#4970,#4007,#4008);
#3338=AXIS2_PLACEMENT_3D('',#4974,#4011,#4012);
#3339=AXIS2_PLACEMENT_3D('',#4978,#4015,#4016);
#3340=AXIS2_PLACEMENT_3D('',#4985,#4021,#4022);
#3341=AXIS2_PLACEMENT_3D('',#4989,#4025,#4026);
#3342=AXIS2_PLACEMENT_3D('',#4994,#4030,#4031);
#3343=AXIS2_PLACEMENT_3D('',#4998,#4034,#4035);
#3344=AXIS2_PLACEMENT_3D('',#5003,#4039,#4040);
#3345=AXIS2_PLACEMENT_3D('',#5007,#4043,#4044);
#3346=AXIS2_PLACEMENT_3D('',#5012,#4048,#4049);
#3347=AXIS2_PLACEMENT_3D('',#5014,#4051,#4052);
#3348=AXIS2_PLACEMENT_3D('',#5018,#4055,#4056);
#3349=AXIS2_PLACEMENT_3D('',#5023,#4060,#4061);
#3350=AXIS2_PLACEMENT_3D('',#5027,#4064,#4065);
#3351=AXIS2_PLACEMENT_3D('',#5032,#4069,#4070);
#3352=AXIS2_PLACEMENT_3D('',#5036,#4073,#4074);
#3353=AXIS2_PLACEMENT_3D('',#5041,#4078,#4079);
#3354=AXIS2_PLACEMENT_3D('',#5045,#4082,#4083);
#3355=AXIS2_PLACEMENT_3D('',#5050,#4087,#4088);
#3356=AXIS2_PLACEMENT_3D('',#5054,#4091,#4092);
#3357=AXIS2_PLACEMENT_3D('',#5058,#4095,#4096);
#3358=AXIS2_PLACEMENT_3D('',#5062,#4099,#4100);
#3359=AXIS2_PLACEMENT_3D('',#5067,#4104,#4105);
#3360=AXIS2_PLACEMENT_3D('',#5071,#4108,#4109);
#3361=AXIS2_PLACEMENT_3D('',#5076,#4113,#4114);
#3362=AXIS2_PLACEMENT_3D('',#5080,#4117,#4118);
#3363=AXIS2_PLACEMENT_3D('',#5085,#4122,#4123);
#3364=AXIS2_PLACEMENT_3D('',#5089,#4126,#4127);
#3365=AXIS2_PLACEMENT_3D('',#5094,#4131,#4132);
#3366=AXIS2_PLACEMENT_3D('',#5096,#4134,#4135);
#3367=AXIS2_PLACEMENT_3D('',#5100,#4138,#4139);
#3368=AXIS2_PLACEMENT_3D('',#5105,#4143,#4144);
#3369=AXIS2_PLACEMENT_3D('',#5109,#4147,#4148);
#3370=AXIS2_PLACEMENT_3D('',#5114,#4152,#4153);
#3371=AXIS2_PLACEMENT_3D('',#5118,#4156,#4157);
#3372=AXIS2_PLACEMENT_3D('',#5123,#4161,#4162);
#3373=AXIS2_PLACEMENT_3D('',#5127,#4165,#4166);
#3374=AXIS2_PLACEMENT_3D('',#5132,#4170,#4171);
#3375=AXIS2_PLACEMENT_3D('',#5136,#4174,#4175);
#3376=AXIS2_PLACEMENT_3D('',#5140,#4178,#4179);
#3377=AXIS2_PLACEMENT_3D('',#5142,#4181,#4182);
#3378=AXIS2_PLACEMENT_3D('',#5143,#4183,#4184);
#3379=DIRECTION('axis',(0.,0.,1.));
#3380=DIRECTION('refdir',(1.,0.,0.));
#3381=DIRECTION('center_axis',(0.,0.,1.));
#3382=DIRECTION('ref_axis',(1.,0.,0.));
#3383=DIRECTION('center_axis',(0.,0.,1.));
#3384=DIRECTION('ref_axis',(1.,0.,0.));
#3385=DIRECTION('',(0.,0.,1.));
#3386=DIRECTION('center_axis',(0.,0.,1.));
#3387=DIRECTION('ref_axis',(1.,0.,0.));
#3388=DIRECTION('center_axis',(0.,0.,-1.));
#3389=DIRECTION('ref_axis',(1.,0.,0.));
#3390=DIRECTION('center_axis',(0.,0.,1.));
#3391=DIRECTION('ref_axis',(1.,0.,0.));
#3392=DIRECTION('center_axis',(0.,0.,1.));
#3393=DIRECTION('ref_axis',(1.,0.,0.));
#3394=DIRECTION('',(0.,0.,1.));
#3395=DIRECTION('center_axis',(0.,0.,1.));
#3396=DIRECTION('ref_axis',(1.,0.,0.));
#3397=DIRECTION('center_axis',(0.,0.,-1.));
#3398=DIRECTION('ref_axis',(1.,0.,0.));
#3399=DIRECTION('center_axis',(0.,0.,1.));
#3400=DIRECTION('ref_axis',(1.,0.,0.));
#3401=DIRECTION('center_axis',(0.,0.,1.));
#3402=DIRECTION('ref_axis',(1.,0.,0.));
#3403=DIRECTION('',(0.,0.,1.));
#3404=DIRECTION('center_axis',(0.,0.,1.));
#3405=DIRECTION('ref_axis',(1.,0.,0.));
#3406=DIRECTION('center_axis',(0.,0.,-1.));
#3407=DIRECTION('ref_axis',(1.,0.,0.));
#3408=DIRECTION('center_axis',(0.,0.,1.));
#3409=DIRECTION('ref_axis',(1.,0.,0.));
#3410=DIRECTION('center_axis',(0.,0.,1.));
#3411=DIRECTION('ref_axis',(1.,0.,0.));
#3412=DIRECTION('',(0.,0.,1.));
#3413=DIRECTION('center_axis',(0.,0.,1.));
#3414=DIRECTION('ref_axis',(1.,0.,0.));
#3415=DIRECTION('center_axis',(0.,0.,-1.));
#3416=DIRECTION('ref_axis',(1.,0.,0.));
#3417=DIRECTION('center_axis',(1.,0.,0.));
#3418=DIRECTION('ref_axis',(0.,0.,-1.));
#3419=DIRECTION('',(0.,0.,1.));
#3420=DIRECTION('',(0.,-1.,0.));
#3421=DIRECTION('',(0.,0.,1.));
#3422=DIRECTION('center_axis',(1.,0.,0.));
#3423=DIRECTION('ref_axis',(0.,1.,-1.38777878078145E-16));
#3424=DIRECTION('',(0.,-0.707106781186548,0.707106781186547));
#3425=DIRECTION('center_axis',(0.,0.,1.));
#3426=DIRECTION('ref_axis',(-1.,0.,0.));
#3427=DIRECTION('center_axis',(0.,0.,-1.));
#3428=DIRECTION('ref_axis',(-1.,0.,0.));
#3429=DIRECTION('',(0.,0.,1.));
#3430=DIRECTION('center_axis',(0.,0.,1.));
#3431=DIRECTION('ref_axis',(-1.,0.,0.));
#3432=DIRECTION('center_axis',(1.,0.,0.));
#3433=DIRECTION('ref_axis',(0.,1.,-3.70074341541719E-16));
#3434=DIRECTION('center_axis',(0.,-0.707106781186548,0.707106781186547));
#3435=DIRECTION('ref_axis',(-1.,0.,0.));
#3436=DIRECTION('center_axis',(-1.,0.,0.));
#3437=DIRECTION('ref_axis',(0.,0.,1.));
#3438=DIRECTION('',(0.,0.,-1.));
#3439=DIRECTION('',(0.,-0.707106781186548,0.707106781186547));
#3440=DIRECTION('',(0.,-1.,0.));
#3441=DIRECTION('center_axis',(0.,-0.707106781186548,0.707106781186547));
#3442=DIRECTION('ref_axis',(-1.,0.,0.));
#3443=DIRECTION('center_axis',(0.,-1.,0.));
#3444=DIRECTION('ref_axis',(0.,5.94731991925672E-17,-1.));
#3445=DIRECTION('center_axis',(0.,1.,0.));
#3446=DIRECTION('ref_axis',(-1.,0.,0.));
#3447=DIRECTION('',(1.,0.,0.));
#3448=DIRECTION('',(0.,0.,1.));
#3449=DIRECTION('',(-1.,0.,0.));
#3450=DIRECTION('',(0.,0.,1.));
#3451=DIRECTION('',(1.,0.,0.));
#3452=DIRECTION('center_axis',(-1.,1.22464679914735E-16,0.));
#3453=DIRECTION('ref_axis',(0.,0.,-1.));
#3454=DIRECTION('',(0.,0.,1.));
#3455=DIRECTION('',(1.22464679914735E-16,1.,0.));
#3456=DIRECTION('',(0.,0.,1.));
#3457=DIRECTION('center_axis',(-1.,1.22464679914735E-16,0.));
#3458=DIRECTION('ref_axis',(-1.22464679914735E-16,-1.,-1.38777878078145E-16));
#3459=DIRECTION('',(8.65956056235494E-17,0.707106781186548,0.707106781186547));
#3460=DIRECTION('center_axis',(0.,0.,1.));
#3461=DIRECTION('ref_axis',(1.,-1.22464679914735E-16,0.));
#3462=DIRECTION('center_axis',(0.,0.,-1.));
#3463=DIRECTION('ref_axis',(1.,-1.22464679914735E-16,0.));
#3464=DIRECTION('',(0.,0.,1.));
#3465=DIRECTION('center_axis',(0.,0.,1.));
#3466=DIRECTION('ref_axis',(1.,-1.22464679914735E-16,0.));
#3467=DIRECTION('center_axis',(-1.,1.22464679914735E-16,0.));
#3468=DIRECTION('ref_axis',(-1.22464679914735E-16,-1.,-3.70074341541719E-16));
#3469=DIRECTION('center_axis',(8.65956056235494E-17,0.707106781186548,0.707106781186547));
#3470=DIRECTION('ref_axis',(1.,-1.22464679914735E-16,0.));
#3471=DIRECTION('center_axis',(1.,-1.22464679914735E-16,0.));
#3472=DIRECTION('ref_axis',(0.,0.,1.));
#3473=DIRECTION('',(0.,0.,-1.));
#3474=DIRECTION('',(8.65956056235494E-17,0.707106781186548,0.707106781186547));
#3475=DIRECTION('',(1.22464679914735E-16,1.,0.));
#3476=DIRECTION('center_axis',(8.65956056235494E-17,0.707106781186548,0.707106781186547));
#3477=DIRECTION('ref_axis',(1.,-1.22464679914735E-16,0.));
#3478=DIRECTION('center_axis',(0.,1.,0.));
#3479=DIRECTION('ref_axis',(-1.32057030183413E-32,-5.94731991925672E-17,
-1.));
#3480=DIRECTION('center_axis',(0.,-1.,0.));
#3481=DIRECTION('ref_axis',(-1.,0.,0.));
#3482=DIRECTION('',(-1.,0.,0.));
#3483=DIRECTION('',(0.,0.,-1.));
#3484=DIRECTION('',(-1.,0.,0.));
#3485=DIRECTION('',(0.,0.,-1.));
#3486=DIRECTION('',(-1.,0.,0.));
#3487=DIRECTION('center_axis',(-1.,1.22464679914735E-16,0.));
#3488=DIRECTION('ref_axis',(0.,0.,-1.));
#3489=DIRECTION('',(0.,0.,1.));
#3490=DIRECTION('',(1.22464679914735E-16,1.,0.));
#3491=DIRECTION('',(0.,0.,1.));
#3492=DIRECTION('center_axis',(-1.,1.22464679914735E-16,0.));
#3493=DIRECTION('ref_axis',(-1.22464679914735E-16,-1.,-1.38777878078145E-16));
#3494=DIRECTION('',(8.65956056235494E-17,0.707106781186548,0.707106781186547));
#3495=DIRECTION('center_axis',(0.,0.,1.));
#3496=DIRECTION('ref_axis',(1.,-1.22464679914735E-16,0.));
#3497=DIRECTION('center_axis',(0.,0.,-1.));
#3498=DIRECTION('ref_axis',(1.,-1.22464679914735E-16,0.));
#3499=DIRECTION('',(0.,0.,1.));
#3500=DIRECTION('center_axis',(0.,0.,1.));
#3501=DIRECTION('ref_axis',(1.,-1.22464679914735E-16,0.));
#3502=DIRECTION('center_axis',(-1.,1.22464679914735E-16,0.));
#3503=DIRECTION('ref_axis',(-1.22464679914735E-16,-1.,-3.70074341541719E-16));
#3504=DIRECTION('center_axis',(8.65956056235494E-17,0.707106781186548,0.707106781186547));
#3505=DIRECTION('ref_axis',(1.,-1.22464679914735E-16,0.));
#3506=DIRECTION('center_axis',(1.,-1.22464679914735E-16,0.));
#3507=DIRECTION('ref_axis',(0.,0.,1.));
#3508=DIRECTION('',(0.,0.,-1.));
#3509=DIRECTION('',(8.65956056235494E-17,0.707106781186548,0.707106781186547));
#3510=DIRECTION('',(1.22464679914735E-16,1.,0.));
#3511=DIRECTION('center_axis',(8.65956056235494E-17,0.707106781186548,0.707106781186547));
#3512=DIRECTION('ref_axis',(1.,-1.22464679914735E-16,0.));
#3513=DIRECTION('center_axis',(0.,1.,0.));
#3514=DIRECTION('ref_axis',(-1.32057030183413E-32,-5.94731991925672E-17,
-1.));
#3515=DIRECTION('center_axis',(0.,-1.,0.));
#3516=DIRECTION('ref_axis',(-1.,0.,0.));
#3517=DIRECTION('',(-1.,0.,0.));
#3518=DIRECTION('',(0.,0.,-1.));
#3519=DIRECTION('',(-1.,0.,0.));
#3520=DIRECTION('',(0.,0.,-1.));
#3521=DIRECTION('',(-1.,0.,0.));
#3522=DIRECTION('center_axis',(1.,0.,0.));
#3523=DIRECTION('ref_axis',(0.,0.,-1.));
#3524=DIRECTION('',(0.,0.,1.));
#3525=DIRECTION('',(0.,-1.,0.));
#3526=DIRECTION('',(0.,0.,1.));
#3527=DIRECTION('center_axis',(1.,0.,0.));
#3528=DIRECTION('ref_axis',(0.,1.,-1.38777878078145E-16));
#3529=DIRECTION('',(0.,-0.707106781186548,0.707106781186547));
#3530=DIRECTION('center_axis',(0.,0.,1.));
#3531=DIRECTION('ref_axis',(-1.,0.,0.));
#3532=DIRECTION('center_axis',(0.,0.,-1.));
#3533=DIRECTION('ref_axis',(-1.,0.,0.));
#3534=DIRECTION('',(0.,0.,1.));
#3535=DIRECTION('center_axis',(0.,0.,1.));
#3536=DIRECTION('ref_axis',(-1.,0.,0.));
#3537=DIRECTION('center_axis',(1.,0.,0.));
#3538=DIRECTION('ref_axis',(0.,1.,-3.70074341541719E-16));
#3539=DIRECTION('center_axis',(0.,-0.707106781186548,0.707106781186547));
#3540=DIRECTION('ref_axis',(-1.,0.,0.));
#3541=DIRECTION('center_axis',(-1.,0.,0.));
#3542=DIRECTION('ref_axis',(0.,0.,1.));
#3543=DIRECTION('',(0.,0.,-1.));
#3544=DIRECTION('',(0.,-0.707106781186548,0.707106781186547));
#3545=DIRECTION('',(0.,-1.,0.));
#3546=DIRECTION('center_axis',(0.,-0.707106781186548,0.707106781186547));
#3547=DIRECTION('ref_axis',(-1.,0.,0.));
#3548=DIRECTION('center_axis',(0.,-1.,0.));
#3549=DIRECTION('ref_axis',(0.,5.94731991925672E-17,-1.));
#3550=DIRECTION('center_axis',(0.,1.,0.));
#3551=DIRECTION('ref_axis',(-1.,0.,0.));
#3552=DIRECTION('',(1.,0.,0.));
#3553=DIRECTION('',(0.,0.,1.));
#3554=DIRECTION('',(-1.,0.,0.));
#3555=DIRECTION('',(0.,0.,1.));
#3556=DIRECTION('',(1.,0.,0.));
#3557=DIRECTION('center_axis',(0.,-1.,0.));
#3558=DIRECTION('ref_axis',(-1.,0.,0.));
#3559=DIRECTION('',(-1.,0.,0.));
#3560=DIRECTION('',(0.,0.,-1.));
#3561=DIRECTION('',(-1.,0.,0.));
#3562=DIRECTION('',(0.,0.,-1.));
#3563=DIRECTION('center_axis',(0.,-1.,0.));
#3564=DIRECTION('ref_axis',(-1.,0.,0.));
#3565=DIRECTION('',(-1.,0.,0.));
#3566=DIRECTION('',(0.,0.,-1.));
#3567=DIRECTION('',(-1.,0.,0.));
#3568=DIRECTION('',(0.,0.,-1.));
#3569=DIRECTION('center_axis',(0.,-1.,0.));
#3570=DIRECTION('ref_axis',(-1.,0.,0.));
#3571=DIRECTION('',(-1.,0.,0.));
#3572=DIRECTION('',(0.,0.,-1.));
#3573=DIRECTION('',(-1.,0.,0.));
#3574=DIRECTION('',(0.,0.,-1.));
#3575=DIRECTION('center_axis',(0.894427190999917,-0.447213595499957,0.));
#3576=DIRECTION('ref_axis',(-0.419358490401654,-0.838716980803311,-0.347407948441346));
#3577=DIRECTION('',(-0.419358490401654,-0.838716980803311,-0.347407948441346));
#3578=DIRECTION('',(0.,0.,-1.));
#3579=DIRECTION('',(-0.447213595499957,-0.894427190999917,0.));
#3580=DIRECTION('center_axis',(-0.894427190999917,-0.447213595499957,0.));
#3581=DIRECTION('ref_axis',(-0.419358490401654,0.838716980803311,0.347407948441346));
#3582=DIRECTION('',(-0.419358490401654,0.838716980803311,0.347407948441346));
#3583=DIRECTION('',(-0.447213595499957,0.894427190999916,0.));
#3584=DIRECTION('',(0.,0.,-1.));
#3585=DIRECTION('center_axis',(0.,-1.,0.));
#3586=DIRECTION('ref_axis',(-1.,0.,0.));
#3587=DIRECTION('',(-1.,0.,0.));
#3588=DIRECTION('',(0.,0.,-1.));
#3589=DIRECTION('',(-1.,0.,0.));
#3590=DIRECTION('',(0.,0.,-1.));
#3591=DIRECTION('center_axis',(0.,-1.,0.));
#3592=DIRECTION('ref_axis',(-1.,0.,0.));
#3593=DIRECTION('',(-1.,0.,0.));
#3594=DIRECTION('',(0.,0.,-1.));
#3595=DIRECTION('',(-1.,0.,0.));
#3596=DIRECTION('',(0.,0.,-1.));
#3597=DIRECTION('center_axis',(0.,-1.,0.));
#3598=DIRECTION('ref_axis',(-1.,0.,0.));
#3599=DIRECTION('',(-1.,0.,0.));
#3600=DIRECTION('',(0.,0.,-1.));
#3601=DIRECTION('',(-1.,0.,0.));
#3602=DIRECTION('',(0.,0.,-1.));
#3603=DIRECTION('center_axis',(0.707106781186549,0.707106781186546,0.));
#3604=DIRECTION('ref_axis',(0.678598344545846,-0.678598344545848,-0.281084637714821));
#3605=DIRECTION('',(0.678598344545846,-0.678598344545848,-0.281084637714821));
#3606=DIRECTION('',(0.,0.,-1.));
#3607=DIRECTION('',(0.707106781186546,-0.707106781186549,0.));
#3608=DIRECTION('',(0.,0.,-1.));
#3609=DIRECTION('center_axis',(0.,1.,0.));
#3610=DIRECTION('ref_axis',(1.,0.,0.));
#3611=DIRECTION('',(1.,0.,0.));
#3612=DIRECTION('',(0.,0.,-1.));
#3613=DIRECTION('',(1.,0.,0.));
#3614=DIRECTION('center_axis',(-0.707106781186549,0.707106781186546,0.));
#3615=DIRECTION('ref_axis',(0.678598344545846,0.678598344545848,0.281084637714821));
#3616=DIRECTION('',(0.678598344545846,0.678598344545848,0.281084637714821));
#3617=DIRECTION('',(0.707106781186546,0.707106781186549,0.));
#3618=DIRECTION('',(0.,0.,-1.));
#3619=DIRECTION('center_axis',(0.,-1.,0.));
#3620=DIRECTION('ref_axis',(-1.,0.,0.));
#3621=DIRECTION('',(-1.,0.,0.));
#3622=DIRECTION('',(0.,0.,-1.));
#3623=DIRECTION('',(-1.,0.,0.));
#3624=DIRECTION('',(0.,0.,-1.));
#3625=DIRECTION('center_axis',(0.,-1.,0.));
#3626=DIRECTION('ref_axis',(-1.,0.,0.));
#3627=DIRECTION('',(-1.,0.,0.));
#3628=DIRECTION('',(0.,0.,-1.));
#3629=DIRECTION('',(-1.,0.,0.));
#3630=DIRECTION('',(0.,0.,-1.));
#3631=DIRECTION('center_axis',(0.,-1.,0.));
#3632=DIRECTION('ref_axis',(-1.,0.,0.));
#3633=DIRECTION('',(-1.,0.,0.));
#3634=DIRECTION('',(0.,0.,-1.));
#3635=DIRECTION('',(-1.,0.,0.));
#3636=DIRECTION('',(0.,0.,-1.));
#3637=DIRECTION('center_axis',(0.894427190999917,-0.447213595499957,0.));
#3638=DIRECTION('ref_axis',(-0.419358490401654,-0.838716980803311,-0.347407948441346));
#3639=DIRECTION('',(-0.419358490401654,-0.838716980803311,-0.347407948441346));
#3640=DIRECTION('',(0.,0.,-1.));
#3641=DIRECTION('',(-0.447213595499957,-0.894427190999917,0.));
#3642=DIRECTION('center_axis',(-0.894427190999917,-0.447213595499957,0.));
#3643=DIRECTION('ref_axis',(-0.419358490401654,0.838716980803311,0.347407948441346));
#3644=DIRECTION('',(-0.419358490401654,0.838716980803311,0.347407948441346));
#3645=DIRECTION('',(-0.447213595499957,0.894427190999917,0.));
#3646=DIRECTION('',(0.,0.,-1.));
#3647=DIRECTION('center_axis',(0.,-1.,0.));
#3648=DIRECTION('ref_axis',(-1.,0.,0.));
#3649=DIRECTION('',(-1.,0.,0.));
#3650=DIRECTION('',(0.,0.,-1.));
#3651=DIRECTION('',(-1.,0.,0.));
#3652=DIRECTION('',(0.,0.,-1.));
#3653=DIRECTION('center_axis',(0.,-1.,0.));
#3654=DIRECTION('ref_axis',(-1.,0.,0.));
#3655=DIRECTION('',(-1.,0.,0.));
#3656=DIRECTION('',(0.,0.,-1.));
#3657=DIRECTION('',(-1.,0.,0.));
#3658=DIRECTION('',(0.,0.,-1.));
#3659=DIRECTION('center_axis',(0.,-1.,0.));
#3660=DIRECTION('ref_axis',(-1.,0.,0.));
#3661=DIRECTION('',(-1.,0.,0.));
#3662=DIRECTION('',(0.,0.,-1.));
#3663=DIRECTION('',(-1.,0.,0.));
#3664=DIRECTION('',(0.,0.,-1.));
#3665=DIRECTION('center_axis',(0.894427190999917,-0.447213595499957,0.));
#3666=DIRECTION('ref_axis',(-0.419358490401654,-0.838716980803311,-0.347407948441346));
#3667=DIRECTION('',(-0.419358490401654,-0.838716980803311,-0.347407948441346));
#3668=DIRECTION('',(0.,0.,-1.));
#3669=DIRECTION('',(-0.447213595499957,-0.894427190999917,0.));
#3670=DIRECTION('',(0.,0.,-1.));
#3671=DIRECTION('center_axis',(0.,-1.,0.));
#3672=DIRECTION('ref_axis',(-1.,0.,0.));
#3673=DIRECTION('',(-1.,0.,0.));
#3674=DIRECTION('',(-1.,0.,0.));
#3675=DIRECTION('',(0.,0.,-1.));
#3676=DIRECTION('center_axis',(-0.894427190999917,-0.447213595499957,0.));
#3677=DIRECTION('ref_axis',(-0.419358490401654,0.838716980803311,0.347407948441346));
#3678=DIRECTION('',(-0.419358490401654,0.838716980803311,0.347407948441346));
#3679=DIRECTION('',(-0.447213595499957,0.894427190999916,0.));
#3680=DIRECTION('',(0.,0.,-1.));
#3681=DIRECTION('center_axis',(0.,-0.707106781186548,-0.707106781186548));
#3682=DIRECTION('ref_axis',(-1.,0.,0.));
#3683=DIRECTION('',(-1.,0.,0.));
#3684=DIRECTION('',(0.,0.707106781186548,-0.707106781186548));
#3685=DIRECTION('',(0.,0.707106781186548,-0.707106781186548));
#3686=DIRECTION('center_axis',(0.,-0.707106781186548,-0.707106781186548));
#3687=DIRECTION('ref_axis',(-1.,0.,0.));
#3688=DIRECTION('',(-1.,0.,0.));
#3689=DIRECTION('',(0.,0.707106781186548,-0.707106781186548));
#3690=DIRECTION('',(0.,0.707106781186548,-0.707106781186548));
#3691=DIRECTION('center_axis',(0.,-0.707106781186548,-0.707106781186548));
#3692=DIRECTION('ref_axis',(-1.,0.,0.));
#3693=DIRECTION('',(-1.,0.,0.));
#3694=DIRECTION('',(0.,0.707106781186548,-0.707106781186548));
#3695=DIRECTION('',(0.,0.707106781186548,-0.707106781186548));
#3696=DIRECTION('center_axis',(0.894427190999917,-0.316227766016837,-0.316227766016837));
#3697=DIRECTION('ref_axis',(-0.419358490401654,-0.347407948441346,-0.838716980803311));
#3698=DIRECTION('',(-0.419358490401654,-0.347407948441346,-0.838716980803311));
#3699=DIRECTION('',(0.,0.707106781186548,-0.707106781186548));
#3700=DIRECTION('',(0.,0.707106781186548,-0.707106781186548));
#3701=DIRECTION('center_axis',(0.,-0.707106781186548,-0.707106781186548));
#3702=DIRECTION('ref_axis',(-1.,0.,0.));
#3703=DIRECTION('',(-1.,0.,0.));
#3704=DIRECTION('',(0.,0.707106781186548,-0.707106781186548));
#3705=DIRECTION('center_axis',(-0.894427190999917,-0.316227766016837,-0.316227766016837));
#3706=DIRECTION('ref_axis',(-0.419358490401654,0.347407948441346,0.838716980803311));
#3707=DIRECTION('',(-0.419358490401654,0.347407948441346,0.838716980803311));
#3708=DIRECTION('',(0.,0.707106781186548,-0.707106781186548));
#3709=DIRECTION('center_axis',(0.,-0.707106781186548,-0.707106781186548));
#3710=DIRECTION('ref_axis',(-1.,0.,0.));
#3711=DIRECTION('',(-1.,0.,0.));
#3712=DIRECTION('',(0.,0.707106781186548,-0.707106781186548));
#3713=DIRECTION('',(0.,0.707106781186548,-0.707106781186548));
#3714=DIRECTION('center_axis',(0.,-0.707106781186548,-0.707106781186548));
#3715=DIRECTION('ref_axis',(-1.,0.,0.));
#3716=DIRECTION('',(-1.,0.,0.));
#3717=DIRECTION('',(0.,0.707106781186548,-0.707106781186548));
#3718=DIRECTION('',(0.,0.707106781186548,-0.707106781186548));
#3719=DIRECTION('center_axis',(0.,-0.707106781186548,-0.707106781186548));
#3720=DIRECTION('ref_axis',(-1.,0.,0.));
#3721=DIRECTION('',(-1.,0.,0.));
#3722=DIRECTION('',(0.,0.707106781186548,-0.707106781186548));
#3723=DIRECTION('',(0.,0.707106781186548,-0.707106781186548));
#3724=DIRECTION('center_axis',(0.707106781186549,0.499999999999999,0.499999999999999));
#3725=DIRECTION('ref_axis',(0.678598344545846,-0.281084637714821,-0.678598344545848));
#3726=DIRECTION('',(0.678598344545846,-0.281084637714821,-0.678598344545848));
#3727=DIRECTION('',(0.,0.707106781186548,-0.707106781186548));
#3728=DIRECTION('',(0.,0.707106781186548,-0.707106781186548));
#3729=DIRECTION('center_axis',(0.,0.707106781186548,0.707106781186548));
#3730=DIRECTION('ref_axis',(1.,0.,0.));
#3731=DIRECTION('',(1.,0.,0.));
#3732=DIRECTION('',(0.,0.707106781186548,-0.707106781186548));
#3733=DIRECTION('center_axis',(-0.707106781186549,0.499999999999999,0.499999999999999));
#3734=DIRECTION('ref_axis',(0.678598344545846,0.281084637714821,0.678598344545848));
#3735=DIRECTION('',(0.678598344545846,0.281084637714821,0.678598344545848));
#3736=DIRECTION('',(0.,0.707106781186548,-0.707106781186548));
#3737=DIRECTION('center_axis',(0.,-0.707106781186548,-0.707106781186548));
#3738=DIRECTION('ref_axis',(-1.,0.,0.));
#3739=DIRECTION('',(-1.,0.,0.));
#3740=DIRECTION('',(0.,0.707106781186548,-0.707106781186548));
#3741=DIRECTION('',(0.,0.707106781186548,-0.707106781186548));
#3742=DIRECTION('center_axis',(0.,-0.707106781186548,-0.707106781186548));
#3743=DIRECTION('ref_axis',(-1.,0.,0.));
#3744=DIRECTION('',(-1.,0.,0.));
#3745=DIRECTION('',(0.,0.707106781186548,-0.707106781186548));
#3746=DIRECTION('',(0.,0.707106781186548,-0.707106781186548));
#3747=DIRECTION('center_axis',(0.,-0.707106781186548,-0.707106781186548));
#3748=DIRECTION('ref_axis',(-1.,0.,0.));
#3749=DIRECTION('',(-1.,0.,0.));
#3750=DIRECTION('',(0.,0.707106781186548,-0.707106781186548));
#3751=DIRECTION('',(0.,0.707106781186548,-0.707106781186548));
#3752=DIRECTION('center_axis',(0.894427190999917,-0.316227766016837,-0.316227766016837));
#3753=DIRECTION('ref_axis',(-0.419358490401654,-0.347407948441346,-0.838716980803311));
#3754=DIRECTION('',(-0.419358490401654,-0.347407948441346,-0.838716980803311));
#3755=DIRECTION('',(0.,0.707106781186548,-0.707106781186548));
#3756=DIRECTION('',(0.,0.707106781186548,-0.707106781186548));
#3757=DIRECTION('center_axis',(0.,-0.707106781186548,-0.707106781186548));
#3758=DIRECTION('ref_axis',(-1.,0.,0.));
#3759=DIRECTION('',(-1.,0.,0.));
#3760=DIRECTION('',(0.,0.707106781186548,-0.707106781186548));
#3761=DIRECTION('center_axis',(-0.894427190999917,-0.316227766016837,-0.316227766016837));
#3762=DIRECTION('ref_axis',(-0.419358490401654,0.347407948441346,0.838716980803311));
#3763=DIRECTION('',(-0.419358490401654,0.347407948441346,0.838716980803311));
#3764=DIRECTION('',(0.,0.707106781186548,-0.707106781186548));
#3765=DIRECTION('center_axis',(0.,-0.707106781186548,-0.707106781186548));
#3766=DIRECTION('ref_axis',(-1.,0.,0.));
#3767=DIRECTION('',(-1.,0.,0.));
#3768=DIRECTION('',(0.,0.707106781186548,-0.707106781186548));
#3769=DIRECTION('',(0.,0.707106781186548,-0.707106781186548));
#3770=DIRECTION('center_axis',(0.,-0.707106781186548,-0.707106781186548));
#3771=DIRECTION('ref_axis',(-1.,0.,0.));
#3772=DIRECTION('',(-1.,0.,0.));
#3773=DIRECTION('',(0.,0.707106781186548,-0.707106781186548));
#3774=DIRECTION('',(0.,0.707106781186548,-0.707106781186548));
#3775=DIRECTION('center_axis',(0.,-0.707106781186548,-0.707106781186548));
#3776=DIRECTION('ref_axis',(-1.,0.,0.));
#3777=DIRECTION('',(-1.,0.,0.));
#3778=DIRECTION('',(0.,0.707106781186548,-0.707106781186548));
#3779=DIRECTION('',(0.,0.707106781186548,-0.707106781186548));
#3780=DIRECTION('center_axis',(0.894427190999917,-0.316227766016837,-0.316227766016837));
#3781=DIRECTION('ref_axis',(-0.419358490401654,-0.347407948441346,-0.838716980803311));
#3782=DIRECTION('',(-0.419358490401654,-0.347407948441346,-0.838716980803311));
#3783=DIRECTION('',(0.,0.707106781186548,-0.707106781186548));
#3784=DIRECTION('',(0.,0.707106781186548,-0.707106781186548));
#3785=DIRECTION('center_axis',(0.,-0.707106781186548,-0.707106781186548));
#3786=DIRECTION('ref_axis',(-1.,0.,0.));
#3787=DIRECTION('',(-1.,0.,0.));
#3788=DIRECTION('',(0.,0.707106781186548,-0.707106781186548));
#3789=DIRECTION('center_axis',(-0.894427190999917,-0.316227766016837,-0.316227766016837));
#3790=DIRECTION('ref_axis',(-0.419358490401654,0.347407948441346,0.838716980803311));
#3791=DIRECTION('',(-0.419358490401654,0.347407948441346,0.838716980803311));
#3792=DIRECTION('',(0.,0.707106781186548,-0.707106781186548));
#3793=DIRECTION('center_axis',(0.,0.,-1.));
#3794=DIRECTION('ref_axis',(-1.,0.,0.));
#3795=DIRECTION('',(-1.,0.,0.));
#3796=DIRECTION('',(0.,1.,0.));
#3797=DIRECTION('',(0.,1.,0.));
#3798=DIRECTION('center_axis',(0.,0.,-1.));
#3799=DIRECTION('ref_axis',(-1.,0.,0.));
#3800=DIRECTION('',(-1.,0.,0.));
#3801=DIRECTION('',(0.,1.,0.));
#3802=DIRECTION('',(0.,1.,0.));
#3803=DIRECTION('center_axis',(0.,0.,-1.));
#3804=DIRECTION('ref_axis',(-1.,0.,0.));
#3805=DIRECTION('',(-1.,0.,0.));
#3806=DIRECTION('',(0.,1.,0.));
#3807=DIRECTION('',(0.,1.,0.));
#3808=DIRECTION('center_axis',(0.894427190999917,0.,-0.447213595499957));
#3809=DIRECTION('ref_axis',(-0.419358490401654,0.347407948441346,-0.838716980803311));
#3810=DIRECTION('',(-0.419358490401654,0.347407948441346,-0.838716980803311));
#3811=DIRECTION('',(0.,1.,0.));
#3812=DIRECTION('',(0.,1.,0.));
#3813=DIRECTION('center_axis',(0.,0.,-1.));
#3814=DIRECTION('ref_axis',(-1.,0.,0.));
#3815=DIRECTION('',(-1.,0.,0.));
#3816=DIRECTION('',(0.,1.,0.));
#3817=DIRECTION('center_axis',(-0.894427190999917,0.,-0.447213595499957));
#3818=DIRECTION('ref_axis',(-0.419358490401654,-0.347407948441346,0.838716980803311));
#3819=DIRECTION('',(-0.419358490401654,-0.347407948441346,0.838716980803311));
#3820=DIRECTION('',(0.,1.,0.));
#3821=DIRECTION('center_axis',(0.,0.,-1.));
#3822=DIRECTION('ref_axis',(-1.,0.,0.));
#3823=DIRECTION('',(-1.,0.,0.));
#3824=DIRECTION('',(0.,1.,0.));
#3825=DIRECTION('',(0.,1.,0.));
#3826=DIRECTION('center_axis',(0.,0.,-1.));
#3827=DIRECTION('ref_axis',(-1.,0.,0.));
#3828=DIRECTION('',(-1.,0.,0.));
#3829=DIRECTION('',(0.,1.,0.));
#3830=DIRECTION('',(0.,1.,0.));
#3831=DIRECTION('center_axis',(0.,0.,-1.));
#3832=DIRECTION('ref_axis',(-1.,0.,0.));
#3833=DIRECTION('',(-1.,0.,0.));
#3834=DIRECTION('',(0.,1.,0.));
#3835=DIRECTION('',(0.,1.,0.));
#3836=DIRECTION('center_axis',(0.707106781186549,0.,0.707106781186546));
#3837=DIRECTION('ref_axis',(0.678598344545846,0.281084637714821,-0.678598344545848));
#3838=DIRECTION('',(0.678598344545846,0.281084637714821,-0.678598344545848));
#3839=DIRECTION('',(0.,1.,0.));
#3840=DIRECTION('',(0.,1.,0.));
#3841=DIRECTION('center_axis',(0.,0.,1.));
#3842=DIRECTION('ref_axis',(1.,0.,0.));
#3843=DIRECTION('',(1.,0.,0.));
#3844=DIRECTION('',(0.,1.,0.));
#3845=DIRECTION('center_axis',(-0.707106781186549,0.,0.707106781186546));
#3846=DIRECTION('ref_axis',(0.678598344545846,-0.281084637714821,0.678598344545848));
#3847=DIRECTION('',(0.678598344545846,-0.281084637714821,0.678598344545848));
#3848=DIRECTION('',(0.,1.,0.));
#3849=DIRECTION('center_axis',(0.,0.,-1.));
#3850=DIRECTION('ref_axis',(-1.,0.,0.));
#3851=DIRECTION('',(-1.,0.,0.));
#3852=DIRECTION('',(0.,1.,0.));
#3853=DIRECTION('',(0.,1.,0.));
#3854=DIRECTION('center_axis',(0.,0.,-1.));
#3855=DIRECTION('ref_axis',(-1.,0.,0.));
#3856=DIRECTION('',(-1.,0.,0.));
#3857=DIRECTION('',(0.,1.,0.));
#3858=DIRECTION('',(0.,1.,0.));
#3859=DIRECTION('center_axis',(0.,0.,-1.));
#3860=DIRECTION('ref_axis',(-1.,0.,0.));
#3861=DIRECTION('',(-1.,0.,0.));
#3862=DIRECTION('',(0.,1.,0.));
#3863=DIRECTION('',(0.,1.,0.));
#3864=DIRECTION('center_axis',(0.894427190999917,0.,-0.447213595499957));
#3865=DIRECTION('ref_axis',(-0.419358490401654,0.347407948441346,-0.838716980803311));
#3866=DIRECTION('',(-0.419358490401654,0.347407948441346,-0.838716980803311));
#3867=DIRECTION('',(0.,1.,0.));
#3868=DIRECTION('',(0.,1.,0.));
#3869=DIRECTION('center_axis',(0.,0.,-1.));
#3870=DIRECTION('ref_axis',(-1.,0.,0.));
#3871=DIRECTION('',(-1.,0.,0.));
#3872=DIRECTION('',(0.,1.,0.));
#3873=DIRECTION('center_axis',(-0.894427190999917,0.,-0.447213595499957));
#3874=DIRECTION('ref_axis',(-0.419358490401654,-0.347407948441346,0.838716980803311));
#3875=DIRECTION('',(-0.419358490401654,-0.347407948441346,0.838716980803311));
#3876=DIRECTION('',(0.,1.,0.));
#3877=DIRECTION('center_axis',(0.,0.,-1.));
#3878=DIRECTION('ref_axis',(-1.,0.,0.));
#3879=DIRECTION('',(-1.,0.,0.));
#3880=DIRECTION('',(0.,1.,0.));
#3881=DIRECTION('',(0.,1.,0.));
#3882=DIRECTION('center_axis',(0.,0.,-1.));
#3883=DIRECTION('ref_axis',(-1.,0.,0.));
#3884=DIRECTION('',(-1.,0.,0.));
#3885=DIRECTION('',(0.,1.,0.));
#3886=DIRECTION('',(0.,1.,0.));
#3887=DIRECTION('center_axis',(0.,0.,-1.));
#3888=DIRECTION('ref_axis',(-1.,0.,0.));
#3889=DIRECTION('',(-1.,0.,0.));
#3890=DIRECTION('',(0.,1.,0.));
#3891=DIRECTION('',(0.,1.,0.));
#3892=DIRECTION('center_axis',(0.894427190999917,0.,-0.447213595499957));
#3893=DIRECTION('ref_axis',(-0.419358490401654,0.347407948441346,-0.838716980803311));
#3894=DIRECTION('',(-0.419358490401654,0.347407948441346,-0.838716980803311));
#3895=DIRECTION('',(0.,1.,0.));
#3896=DIRECTION('',(0.,1.,0.));
#3897=DIRECTION('center_axis',(0.,0.,-1.));
#3898=DIRECTION('ref_axis',(-1.,0.,0.));
#3899=DIRECTION('',(-1.,0.,0.));
#3900=DIRECTION('',(0.,1.,0.));
#3901=DIRECTION('center_axis',(-0.894427190999917,0.,-0.447213595499957));
#3902=DIRECTION('ref_axis',(-0.419358490401654,-0.347407948441346,0.838716980803311));
#3903=DIRECTION('',(-0.419358490401654,-0.347407948441346,0.838716980803311));
#3904=DIRECTION('',(0.,1.,0.));
#3905=DIRECTION('center_axis',(0.,0.707106781186547,-0.707106781186548));
#3906=DIRECTION('ref_axis',(-1.,0.,0.));
#3907=DIRECTION('',(-1.,0.,0.));
#3908=DIRECTION('',(0.,0.707106781186548,0.707106781186547));
#3909=DIRECTION('',(0.,0.707106781186548,0.707106781186547));
#3910=DIRECTION('center_axis',(0.,0.707106781186547,-0.707106781186548));
#3911=DIRECTION('ref_axis',(-1.,0.,0.));
#3912=DIRECTION('',(-1.,0.,0.));
#3913=DIRECTION('',(0.,0.707106781186548,0.707106781186547));
#3914=DIRECTION('',(0.,0.707106781186548,0.707106781186547));
#3915=DIRECTION('center_axis',(0.,0.707106781186547,-0.707106781186548));
#3916=DIRECTION('ref_axis',(-1.,0.,0.));
#3917=DIRECTION('',(-1.,0.,0.));
#3918=DIRECTION('',(0.,0.707106781186548,0.707106781186547));
#3919=DIRECTION('',(0.,0.707106781186548,0.707106781186547));
#3920=DIRECTION('center_axis',(0.894427190999917,0.316227766016837,-0.316227766016837));
#3921=DIRECTION('ref_axis',(-0.419358490401654,0.838716980803311,-0.347407948441346));
#3922=DIRECTION('',(-0.419358490401654,0.838716980803311,-0.347407948441346));
#3923=DIRECTION('',(0.,0.707106781186548,0.707106781186547));
#3924=DIRECTION('',(0.,0.707106781186548,0.707106781186547));
#3925=DIRECTION('center_axis',(0.,0.707106781186547,-0.707106781186548));
#3926=DIRECTION('ref_axis',(-1.,0.,0.));
#3927=DIRECTION('',(0.,0.707106781186548,0.707106781186547));
#3928=DIRECTION('center_axis',(-0.894427190999917,0.316227766016837,-0.316227766016837));
#3929=DIRECTION('ref_axis',(-0.419358490401654,-0.838716980803311,0.347407948441346));
#3930=DIRECTION('',(-0.419358490401654,-0.838716980803311,0.347407948441346));
#3931=DIRECTION('',(0.,0.707106781186548,0.707106781186547));
#3932=DIRECTION('center_axis',(0.,0.707106781186547,-0.707106781186548));
#3933=DIRECTION('ref_axis',(-1.,0.,0.));
#3934=DIRECTION('',(-1.,0.,0.));
#3935=DIRECTION('',(0.,0.707106781186548,0.707106781186547));
#3936=DIRECTION('',(0.,0.707106781186548,0.707106781186547));
#3937=DIRECTION('center_axis',(0.,0.707106781186547,-0.707106781186548));
#3938=DIRECTION('ref_axis',(-1.,0.,0.));
#3939=DIRECTION('',(-1.,0.,0.));
#3940=DIRECTION('',(0.,0.707106781186548,0.707106781186547));
#3941=DIRECTION('',(0.,0.707106781186548,0.707106781186547));
#3942=DIRECTION('center_axis',(0.,0.707106781186547,-0.707106781186548));
#3943=DIRECTION('ref_axis',(-1.,0.,0.));
#3944=DIRECTION('',(-1.,0.,0.));
#3945=DIRECTION('',(0.,0.707106781186548,0.707106781186547));
#3946=DIRECTION('',(0.,0.707106781186548,0.707106781186547));
#3947=DIRECTION('center_axis',(0.707106781186549,-0.499999999999999,0.499999999999999));
#3948=DIRECTION('ref_axis',(0.678598344545846,0.678598344545848,-0.281084637714821));
#3949=DIRECTION('',(0.678598344545846,0.678598344545848,-0.281084637714821));
#3950=DIRECTION('',(0.,0.707106781186548,0.707106781186547));
#3951=DIRECTION('',(0.,0.707106781186548,0.707106781186547));
#3952=DIRECTION('center_axis',(0.,-0.707106781186547,0.707106781186548));
#3953=DIRECTION('ref_axis',(1.,0.,0.));
#3954=DIRECTION('',(1.,0.,0.));
#3955=DIRECTION('',(0.,0.707106781186548,0.707106781186547));
#3956=DIRECTION('center_axis',(-0.707106781186549,-0.499999999999999,0.499999999999999));
#3957=DIRECTION('ref_axis',(0.678598344545846,-0.678598344545848,0.281084637714821));
#3958=DIRECTION('',(0.678598344545846,-0.678598344545848,0.281084637714821));
#3959=DIRECTION('',(0.,0.707106781186548,0.707106781186547));
#3960=DIRECTION('center_axis',(0.,0.707106781186547,-0.707106781186548));
#3961=DIRECTION('ref_axis',(-1.,0.,0.));
#3962=DIRECTION('',(-1.,0.,0.));
#3963=DIRECTION('',(0.,0.707106781186548,0.707106781186547));
#3964=DIRECTION('',(0.,0.707106781186548,0.707106781186547));
#3965=DIRECTION('center_axis',(0.,0.707106781186547,-0.707106781186548));
#3966=DIRECTION('ref_axis',(-1.,0.,0.));
#3967=DIRECTION('',(-1.,0.,0.));
#3968=DIRECTION('',(0.,0.707106781186548,0.707106781186547));
#3969=DIRECTION('',(0.,0.707106781186548,0.707106781186547));
#3970=DIRECTION('center_axis',(0.,0.707106781186547,-0.707106781186548));
#3971=DIRECTION('ref_axis',(-1.,0.,0.));
#3972=DIRECTION('',(-1.,0.,0.));
#3973=DIRECTION('',(0.,0.707106781186548,0.707106781186547));
#3974=DIRECTION('',(0.,0.707106781186548,0.707106781186547));
#3975=DIRECTION('center_axis',(0.894427190999917,0.316227766016837,-0.316227766016837));
#3976=DIRECTION('ref_axis',(-0.419358490401654,0.838716980803311,-0.347407948441346));
#3977=DIRECTION('',(-0.419358490401654,0.838716980803311,-0.347407948441346));
#3978=DIRECTION('',(0.,0.707106781186548,0.707106781186547));
#3979=DIRECTION('',(0.,0.707106781186548,0.707106781186547));
#3980=DIRECTION('center_axis',(0.,0.707106781186547,-0.707106781186548));
#3981=DIRECTION('ref_axis',(-1.,0.,0.));
#3982=DIRECTION('',(0.,0.707106781186548,0.707106781186547));
#3983=DIRECTION('center_axis',(-0.894427190999917,0.316227766016837,-0.316227766016837));
#3984=DIRECTION('ref_axis',(-0.419358490401654,-0.838716980803311,0.347407948441346));
#3985=DIRECTION('',(-0.419358490401654,-0.838716980803311,0.347407948441346));
#3986=DIRECTION('',(0.,0.707106781186548,0.707106781186547));
#3987=DIRECTION('center_axis',(0.,0.707106781186547,-0.707106781186548));
#3988=DIRECTION('ref_axis',(-1.,0.,0.));
#3989=DIRECTION('',(-1.,0.,0.));
#3990=DIRECTION('',(0.,0.707106781186548,0.707106781186547));
#3991=DIRECTION('',(0.,0.707106781186548,0.707106781186547));
#3992=DIRECTION('center_axis',(0.,0.707106781186547,-0.707106781186548));
#3993=DIRECTION('ref_axis',(-1.,0.,0.));
#3994=DIRECTION('',(-1.,0.,0.));
#3995=DIRECTION('',(0.,0.707106781186548,0.707106781186547));
#3996=DIRECTION('',(0.,0.707106781186548,0.707106781186547));
#3997=DIRECTION('center_axis',(0.,0.707106781186547,-0.707106781186548));
#3998=DIRECTION('ref_axis',(-1.,0.,0.));
#3999=DIRECTION('',(-1.,0.,0.));
#4000=DIRECTION('',(0.,0.707106781186548,0.707106781186547));
#4001=DIRECTION('',(0.,0.707106781186548,0.707106781186547));
#4002=DIRECTION('center_axis',(0.894427190999917,0.316227766016837,-0.316227766016837));
#4003=DIRECTION('ref_axis',(-0.419358490401654,0.838716980803311,-0.347407948441346));
#4004=DIRECTION('',(-0.419358490401654,0.838716980803311,-0.347407948441346));
#4005=DIRECTION('',(0.,0.707106781186548,0.707106781186547));
#4006=DIRECTION('',(0.,0.707106781186548,0.707106781186547));
#4007=DIRECTION('center_axis',(0.,0.707106781186547,-0.707106781186548));
#4008=DIRECTION('ref_axis',(-1.,0.,0.));
#4009=DIRECTION('',(-1.,0.,0.));
#4010=DIRECTION('',(0.,0.707106781186548,0.707106781186547));
#4011=DIRECTION('center_axis',(-0.894427190999917,0.316227766016837,-0.316227766016837));
#4012=DIRECTION('ref_axis',(-0.419358490401654,-0.838716980803311,0.347407948441346));
#4013=DIRECTION('',(-0.419358490401654,-0.838716980803311,0.347407948441346));
#4014=DIRECTION('',(0.,0.707106781186548,0.707106781186547));
#4015=DIRECTION('center_axis',(-1.,0.,0.));
#4016=DIRECTION('ref_axis',(0.,-1.,0.));
#4017=DIRECTION('',(0.,1.,0.));
#4018=DIRECTION('',(0.,0.,1.));
#4019=DIRECTION('',(0.,1.,0.));
#4020=DIRECTION('',(0.,0.,1.));
#4021=DIRECTION('center_axis',(0.,1.,0.));
#4022=DIRECTION('ref_axis',(-1.,0.,0.));
#4023=DIRECTION('',(1.,0.,0.));
#4024=DIRECTION('',(0.,0.,1.));
#4025=DIRECTION('center_axis',(1.,0.,0.));
#4026=DIRECTION('ref_axis',(0.,1.,0.));
#4027=DIRECTION('',(0.,-1.,0.));
#4028=DIRECTION('',(0.,-1.,0.));
#4029=DIRECTION('',(0.,0.,1.));
#4030=DIRECTION('center_axis',(0.,1.,0.));
#4031=DIRECTION('ref_axis',(-1.,0.,0.));
#4032=DIRECTION('',(1.,0.,0.));
#4033=DIRECTION('',(0.,0.,1.));
#4034=DIRECTION('center_axis',(-1.,0.,0.));
#4035=DIRECTION('ref_axis',(0.,-1.,0.));
#4036=DIRECTION('',(0.,1.,0.));
#4037=DIRECTION('',(0.,1.,0.));
#4038=DIRECTION('',(0.,0.,1.));
#4039=DIRECTION('center_axis',(0.,1.,0.));
#4040=DIRECTION('ref_axis',(-1.,0.,0.));
#4041=DIRECTION('',(1.,0.,0.));
#4042=DIRECTION('',(0.,0.,1.));
#4043=DIRECTION('center_axis',(1.,0.,0.));
#4044=DIRECTION('ref_axis',(0.,1.,0.));
#4045=DIRECTION('',(0.,-1.,0.));
#4046=DIRECTION('',(0.,-1.,0.));
#4047=DIRECTION('',(0.,0.,1.));
#4048=DIRECTION('center_axis',(0.894427190999917,0.447213595499957,0.));
#4049=DIRECTION('ref_axis',(-0.447213595499957,0.894427190999916,0.));
#4050=DIRECTION('',(0.447213595499957,-0.894427190999917,0.));
#4051=DIRECTION('center_axis',(-0.894427190999917,0.447213595499957,0.));
#4052=DIRECTION('ref_axis',(-0.447213595499957,-0.894427190999916,0.));
#4053=DIRECTION('',(0.447213595499957,0.894427190999917,0.));
#4054=DIRECTION('',(0.,0.,1.));
#4055=DIRECTION('center_axis',(-1.,0.,0.));
#4056=DIRECTION('ref_axis',(0.,-1.,0.));
#4057=DIRECTION('',(0.,1.,0.));
#4058=DIRECTION('',(0.,1.,0.));
#4059=DIRECTION('',(0.,0.,1.));
#4060=DIRECTION('center_axis',(0.,1.,0.));
#4061=DIRECTION('ref_axis',(-1.,0.,0.));
#4062=DIRECTION('',(1.,0.,0.));
#4063=DIRECTION('',(0.,0.,1.));
#4064=DIRECTION('center_axis',(1.,0.,0.));
#4065=DIRECTION('ref_axis',(0.,1.,0.));
#4066=DIRECTION('',(0.,-1.,0.));
#4067=DIRECTION('',(0.,-1.,0.));
#4068=DIRECTION('',(0.,0.,1.));
#4069=DIRECTION('center_axis',(0.,1.,0.));
#4070=DIRECTION('ref_axis',(-1.,0.,0.));
#4071=DIRECTION('',(1.,0.,0.));
#4072=DIRECTION('',(0.,0.,1.));
#4073=DIRECTION('center_axis',(-1.,0.,0.));
#4074=DIRECTION('ref_axis',(0.,-1.,0.));
#4075=DIRECTION('',(0.,1.,0.));
#4076=DIRECTION('',(0.,1.,0.));
#4077=DIRECTION('',(0.,0.,1.));
#4078=DIRECTION('center_axis',(0.,1.,0.));
#4079=DIRECTION('ref_axis',(-1.,0.,0.));
#4080=DIRECTION('',(1.,0.,0.));
#4081=DIRECTION('',(0.,0.,1.));
#4082=DIRECTION('center_axis',(1.,4.93432455388958E-15,0.));
#4083=DIRECTION('ref_axis',(-4.93432455388958E-15,1.,0.));
#4084=DIRECTION('',(4.93432455388958E-15,-1.,0.));
#4085=DIRECTION('',(-4.93432455388959E-15,-1.,0.));
#4086=DIRECTION('',(0.,0.,1.));
#4087=DIRECTION('center_axis',(0.707106781186549,-0.707106781186546,0.));
#4088=DIRECTION('ref_axis',(0.707106781186546,0.707106781186549,0.));
#4089=DIRECTION('',(-0.707106781186546,-0.707106781186549,0.));
#4090=DIRECTION('',(0.,0.,1.));
#4091=DIRECTION('center_axis',(0.,-1.,0.));
#4092=DIRECTION('ref_axis',(1.,0.,0.));
#4093=DIRECTION('',(-1.,0.,0.));
#4094=DIRECTION('',(0.,0.,1.));
#4095=DIRECTION('center_axis',(-0.707106781186549,-0.707106781186546,0.));
#4096=DIRECTION('ref_axis',(0.707106781186546,-0.707106781186549,0.));
#4097=DIRECTION('',(0.707106781186546,-0.707106781186549,0.));
#4098=DIRECTION('',(0.,0.,1.));
#4099=DIRECTION('center_axis',(-1.,0.,0.));
#4100=DIRECTION('ref_axis',(0.,-1.,0.));
#4101=DIRECTION('',(0.,1.,0.));
#4102=DIRECTION('',(0.,1.,0.));
#4103=DIRECTION('',(0.,0.,1.));
#4104=DIRECTION('center_axis',(0.,1.,0.));
#4105=DIRECTION('ref_axis',(-1.,0.,0.));
#4106=DIRECTION('',(1.,0.,0.));
#4107=DIRECTION('',(0.,0.,1.));
#4108=DIRECTION('center_axis',(1.,0.,0.));
#4109=DIRECTION('ref_axis',(0.,1.,0.));
#4110=DIRECTION('',(0.,-1.,0.));
#4111=DIRECTION('',(0.,-1.,0.));
#4112=DIRECTION('',(0.,0.,1.));
#4113=DIRECTION('center_axis',(0.,1.,0.));
#4114=DIRECTION('ref_axis',(-1.,0.,0.));
#4115=DIRECTION('',(1.,0.,0.));
#4116=DIRECTION('',(0.,0.,1.));
#4117=DIRECTION('center_axis',(-1.,0.,0.));
#4118=DIRECTION('ref_axis',(0.,-1.,0.));
#4119=DIRECTION('',(0.,1.,0.));
#4120=DIRECTION('',(0.,1.,0.));
#4121=DIRECTION('',(0.,0.,1.));
#4122=DIRECTION('center_axis',(0.,1.,0.));
#4123=DIRECTION('ref_axis',(-1.,0.,0.));
#4124=DIRECTION('',(1.,0.,0.));
#4125=DIRECTION('',(0.,0.,1.));
#4126=DIRECTION('center_axis',(1.,0.,0.));
#4127=DIRECTION('ref_axis',(0.,1.,0.));
#4128=DIRECTION('',(0.,-1.,0.));
#4129=DIRECTION('',(0.,-1.,0.));
#4130=DIRECTION('',(0.,0.,1.));
#4131=DIRECTION('center_axis',(0.894427190999917,0.447213595499957,0.));
#4132=DIRECTION('ref_axis',(-0.447213595499957,0.894427190999916,0.));
#4133=DIRECTION('',(-0.447213595499957,0.894427190999917,0.));
#4134=DIRECTION('center_axis',(-0.894427190999917,0.447213595499957,0.));
#4135=DIRECTION('ref_axis',(-0.447213595499957,-0.894427190999916,0.));
#4136=DIRECTION('',(-0.447213595499957,-0.894427190999917,0.));
#4137=DIRECTION('',(0.,0.,1.));
#4138=DIRECTION('center_axis',(-1.,0.,0.));
#4139=DIRECTION('ref_axis',(0.,-1.,0.));
#4140=DIRECTION('',(0.,1.,0.));
#4141=DIRECTION('',(0.,1.,0.));
#4142=DIRECTION('',(0.,0.,1.));
#4143=DIRECTION('center_axis',(0.,1.,0.));
#4144=DIRECTION('ref_axis',(-1.,0.,0.));
#4145=DIRECTION('',(1.,0.,0.));
#4146=DIRECTION('',(0.,0.,1.));
#4147=DIRECTION('center_axis',(1.,0.,0.));
#4148=DIRECTION('ref_axis',(0.,1.,0.));
#4149=DIRECTION('',(0.,-1.,0.));
#4150=DIRECTION('',(0.,-1.,0.));
#4151=DIRECTION('',(0.,0.,1.));
#4152=DIRECTION('center_axis',(0.,1.,0.));
#4153=DIRECTION('ref_axis',(-1.,0.,0.));
#4154=DIRECTION('',(1.,0.,0.));
#4155=DIRECTION('',(0.,0.,1.));
#4156=DIRECTION('center_axis',(-1.,0.,0.));
#4157=DIRECTION('ref_axis',(0.,-1.,0.));
#4158=DIRECTION('',(0.,1.,0.));
#4159=DIRECTION('',(0.,1.,0.));
#4160=DIRECTION('',(0.,0.,1.));
#4161=DIRECTION('center_axis',(0.,1.,0.));
#4162=DIRECTION('ref_axis',(-1.,0.,0.));
#4163=DIRECTION('',(1.,0.,0.));
#4164=DIRECTION('',(0.,0.,1.));
#4165=DIRECTION('center_axis',(1.,0.,0.));
#4166=DIRECTION('ref_axis',(0.,1.,0.));
#4167=DIRECTION('',(0.,-1.,0.));
#4168=DIRECTION('',(0.,-1.,0.));
#4169=DIRECTION('',(0.,0.,1.));
#4170=DIRECTION('center_axis',(0.894427190999917,0.447213595499957,0.));
#4171=DIRECTION('ref_axis',(-0.447213595499957,0.894427190999916,0.));
#4172=DIRECTION('',(-0.447213595499957,0.894427190999917,0.));
#4173=DIRECTION('',(0.,0.,1.));
#4174=DIRECTION('center_axis',(0.,1.,0.));
#4175=DIRECTION('ref_axis',(-1.,0.,0.));
#4176=DIRECTION('',(1.,0.,0.));
#4177=DIRECTION('',(0.,0.,1.));
#4178=DIRECTION('center_axis',(-0.894427190999917,0.447213595499957,0.));
#4179=DIRECTION('ref_axis',(-0.447213595499957,-0.894427190999916,0.));
#4180=DIRECTION('',(-0.447213595499957,-0.894427190999917,0.));
#4181=DIRECTION('center_axis',(0.,0.,-1.));
#4182=DIRECTION('ref_axis',(-1.,0.,0.));
#4183=DIRECTION('center_axis',(0.,0.,1.));
#4184=DIRECTION('ref_axis',(1.,0.,0.));
#4185=CARTESIAN_POINT('',(0.,0.,0.));
#4186=CARTESIAN_POINT('Origin',(-132.4,3.3,0.));
#4187=CARTESIAN_POINT('',(-134.5,3.3,0.));
#4188=CARTESIAN_POINT('Origin',(-132.4,3.3,0.));
#4189=CARTESIAN_POINT('',(-134.5,3.3,2.));
#4190=CARTESIAN_POINT('',(-134.5,3.3,0.));
#4191=CARTESIAN_POINT('Origin',(-132.4,3.3,2.));
#4192=CARTESIAN_POINT('Origin',(-132.4,3.3,2.));
#4193=CARTESIAN_POINT('Origin',(-79.6,3.3,0.));
#4194=CARTESIAN_POINT('',(-81.7,3.3,0.));
#4195=CARTESIAN_POINT('Origin',(-79.6,3.3,0.));
#4196=CARTESIAN_POINT('',(-81.7,3.3,2.));
#4197=CARTESIAN_POINT('',(-81.7,3.3,0.));
#4198=CARTESIAN_POINT('Origin',(-79.6,3.3,2.));
#4199=CARTESIAN_POINT('Origin',(-79.6,3.3,2.));
#4200=CARTESIAN_POINT('Origin',(-132.4,96.7,0.));
#4201=CARTESIAN_POINT('',(-134.5,96.7,0.));
#4202=CARTESIAN_POINT('Origin',(-132.4,96.7,0.));
#4203=CARTESIAN_POINT('',(-134.5,96.7,2.));
#4204=CARTESIAN_POINT('',(-134.5,96.7,0.));
#4205=CARTESIAN_POINT('Origin',(-132.4,96.7,2.));
#4206=CARTESIAN_POINT('Origin',(-132.4,96.7,2.));
#4207=CARTESIAN_POINT('Origin',(-79.6,96.7,0.));
#4208=CARTESIAN_POINT('',(-81.7,96.7,0.));
#4209=CARTESIAN_POINT('Origin',(-79.6,96.7,0.));
#4210=CARTESIAN_POINT('',(-81.7,96.7,2.));
#4211=CARTESIAN_POINT('',(-81.7,96.7,0.));
#4212=CARTESIAN_POINT('Origin',(-79.6,96.7,2.));
#4213=CARTESIAN_POINT('Origin',(-79.6,96.7,2.));
#4214=CARTESIAN_POINT('Origin',(-76.3,1.8,1.37867965644036));
#4215=CARTESIAN_POINT('',(-76.3,1.6,0.));
#4216=CARTESIAN_POINT('',(-76.3,1.6,3.7));
#4217=CARTESIAN_POINT('',(-76.3,1.6,0.689339828220179));
#4218=CARTESIAN_POINT('',(-76.3,3.3,0.));
#4219=CARTESIAN_POINT('',(-76.3,3.3,0.));
#4220=CARTESIAN_POINT('',(-76.3,3.3,1.37867965644036));
#4221=CARTESIAN_POINT('',(-76.3,3.3,0.));
#4222=CARTESIAN_POINT('',(-76.3,2.86066017177982,2.43933982822018));
#4223=CARTESIAN_POINT('Origin',(-76.3,1.8,1.37867965644036));
#4224=CARTESIAN_POINT('',(-76.3,2.86066017177982,2.43933982822018));
#4225=CARTESIAN_POINT('Origin',(-79.6,3.3,0.));
#4226=CARTESIAN_POINT('',(-82.9,3.3,0.));
#4227=CARTESIAN_POINT('Origin',(-79.6,3.3,0.));
#4228=CARTESIAN_POINT('',(-82.9,3.3,1.37867965644036));
#4229=CARTESIAN_POINT('',(-82.9,3.3,0.));
#4230=CARTESIAN_POINT('Origin',(-79.6,3.3,1.37867965644036));
#4231=CARTESIAN_POINT('Ctrl Pts',(-82.9,3.3,1.37867965644036));
#4232=CARTESIAN_POINT('Ctrl Pts',(-82.9,3.3,2.));
#4233=CARTESIAN_POINT('Ctrl Pts',(-82.9,2.86066017177982,2.43933982822018));
#4234=CARTESIAN_POINT('Ctrl Pts',(-82.9,6.6,1.37867965644036));
#4235=CARTESIAN_POINT('Ctrl Pts',(-82.9,6.6,3.36690475583122));
#4236=CARTESIAN_POINT('Ctrl Pts',(-82.9,5.19411254969543,4.77279220613579));
#4237=CARTESIAN_POINT('Ctrl Pts',(-79.6,6.6,1.37867965644036));
#4238=CARTESIAN_POINT('Ctrl Pts',(-79.6,6.6,3.36690475583122));
#4239=CARTESIAN_POINT('Ctrl Pts',(-79.6,5.19411254969543,4.77279220613579));
#4240=CARTESIAN_POINT('Ctrl Pts',(-76.3,6.6,1.37867965644036));
#4241=CARTESIAN_POINT('Ctrl Pts',(-76.3,6.6,3.36690475583122));
#4242=CARTESIAN_POINT('Ctrl Pts',(-76.3,5.19411254969543,4.77279220613579));
#4243=CARTESIAN_POINT('Ctrl Pts',(-76.3,3.3,1.37867965644036));
#4244=CARTESIAN_POINT('Ctrl Pts',(-76.3,3.3,2.));
#4245=CARTESIAN_POINT('Ctrl Pts',(-76.3,2.86066017177982,2.43933982822018));
#4246=CARTESIAN_POINT('',(-82.9,2.86066017177982,2.43933982822018));
#4247=CARTESIAN_POINT('Origin',(-82.9,1.8,1.37867965644036));
#4248=CARTESIAN_POINT('Origin',(-79.6,2.86066017177982,2.43933982822018));
#4249=CARTESIAN_POINT('Origin',(-82.9,3.3,1.37867965644036));
#4250=CARTESIAN_POINT('',(-82.9,1.6,3.7));
#4251=CARTESIAN_POINT('',(-82.9,1.6,0.));
#4252=CARTESIAN_POINT('',(-82.9,1.6,0.689339828220179));
#4253=CARTESIAN_POINT('',(-82.9,2.86066017177982,2.43933982822018));
#4254=CARTESIAN_POINT('',(-82.9,3.3,0.));
#4255=CARTESIAN_POINT('Origin',(-79.6,2.86066017177982,2.43933982822018));
#4256=CARTESIAN_POINT('Origin',(-79.6,1.6,3.7));
#4257=CARTESIAN_POINT('Origin',(-74.6,1.6,0.));
#4258=CARTESIAN_POINT('',(-91.8,1.6,0.));
#4259=CARTESIAN_POINT('',(-91.8,1.6,0.));
#4260=CARTESIAN_POINT('',(-91.8,1.6,25.1372583002031));
#4261=CARTESIAN_POINT('',(-91.8,1.6,0.));
#4262=CARTESIAN_POINT('',(-74.6,1.6,25.1372583002031));
#4263=CARTESIAN_POINT('',(-90.3,1.6,25.1372583002031));
#4264=CARTESIAN_POINT('',(-74.6,1.6,0.));
#4265=CARTESIAN_POINT('',(-74.6,1.6,0.));
#4266=CARTESIAN_POINT('',(-91.8,1.6,0.));
#4267=CARTESIAN_POINT('Origin',(-135.7,98.2,1.37867965644036));
#4268=CARTESIAN_POINT('',(-135.7,98.4,0.));
#4269=CARTESIAN_POINT('',(-135.7,98.4,3.70000000000001));
#4270=CARTESIAN_POINT('',(-135.7,98.4,13.2579689783217));
#4271=CARTESIAN_POINT('',(-135.7,96.7,0.));
#4272=CARTESIAN_POINT('',(-135.7,96.7,0.));
#4273=CARTESIAN_POINT('',(-135.7,96.7,1.37867965644036));
#4274=CARTESIAN_POINT('',(-135.7,96.7,0.));
#4275=CARTESIAN_POINT('',(-135.7,97.1393398282202,2.43933982822018));
#4276=CARTESIAN_POINT('Origin',(-135.7,98.2,1.37867965644036));
#4277=CARTESIAN_POINT('',(-135.7,97.1393398282202,2.43933982822018));
#4278=CARTESIAN_POINT('Origin',(-132.4,96.7,0.));
#4279=CARTESIAN_POINT('',(-129.1,96.7,0.));
#4280=CARTESIAN_POINT('Origin',(-132.4,96.7,0.));
#4281=CARTESIAN_POINT('',(-129.1,96.7,1.37867965644036));
#4282=CARTESIAN_POINT('',(-129.1,96.7,0.));
#4283=CARTESIAN_POINT('Origin',(-132.4,96.7,1.37867965644036));
#4284=CARTESIAN_POINT('Ctrl Pts',(-129.1,96.7,1.37867965644036));
#4285=CARTESIAN_POINT('Ctrl Pts',(-129.1,96.7,2.));
#4286=CARTESIAN_POINT('Ctrl Pts',(-129.1,97.1393398282202,2.43933982822018));
#4287=CARTESIAN_POINT('Ctrl Pts',(-129.1,93.4,1.37867965644036));
#4288=CARTESIAN_POINT('Ctrl Pts',(-129.1,93.4,3.36690475583123));
#4289=CARTESIAN_POINT('Ctrl Pts',(-129.1,94.8058874503046,4.7727922061358));
#4290=CARTESIAN_POINT('Ctrl Pts',(-132.4,93.4,1.37867965644036));
#4291=CARTESIAN_POINT('Ctrl Pts',(-132.4,93.4,3.36690475583123));
#4292=CARTESIAN_POINT('Ctrl Pts',(-132.4,94.8058874503046,4.7727922061358));
#4293=CARTESIAN_POINT('Ctrl Pts',(-135.7,93.4,1.37867965644036));
#4294=CARTESIAN_POINT('Ctrl Pts',(-135.7,93.4,3.36690475583123));
#4295=CARTESIAN_POINT('Ctrl Pts',(-135.7,94.8058874503046,4.7727922061358));
#4296=CARTESIAN_POINT('Ctrl Pts',(-135.7,96.7,1.37867965644036));
#4297=CARTESIAN_POINT('Ctrl Pts',(-135.7,96.7,2.));
#4298=CARTESIAN_POINT('Ctrl Pts',(-135.7,97.1393398282202,2.43933982822018));
#4299=CARTESIAN_POINT('',(-129.1,97.1393398282202,2.43933982822018));
#4300=CARTESIAN_POINT('Origin',(-129.1,98.2,1.37867965644036));
#4301=CARTESIAN_POINT('Origin',(-132.4,97.1393398282202,2.43933982822018));
#4302=CARTESIAN_POINT('Origin',(-129.1,96.7,1.37867965644036));
#4303=CARTESIAN_POINT('',(-129.1,98.4,3.70000000000001));
#4304=CARTESIAN_POINT('',(-129.1,98.4,0.));
#4305=CARTESIAN_POINT('',(-129.1,98.4,13.2579689783217));
#4306=CARTESIAN_POINT('',(-129.1,97.1393398282202,2.43933982822018));
#4307=CARTESIAN_POINT('',(-129.1,96.7,0.));
#4308=CARTESIAN_POINT('Origin',(-132.4,97.1393398282202,2.43933982822018));
#4309=CARTESIAN_POINT('Origin',(-132.4,98.4,3.70000000000001));
#4310=CARTESIAN_POINT('Origin',(-120.2,98.4,25.1372583002031));
#4311=CARTESIAN_POINT('',(-120.2,98.4,0.));
#4312=CARTESIAN_POINT('',(-113.1,98.4,0.));
#4313=CARTESIAN_POINT('',(-120.2,98.4,25.1372583002031));
#4314=CARTESIAN_POINT('',(-120.2,98.4,25.1372583002031));
#4315=CARTESIAN_POINT('',(-137.4,98.4,25.1372583002031));
#4316=CARTESIAN_POINT('',(-113.1,98.4,25.1372583002031));
#4317=CARTESIAN_POINT('',(-137.4,98.4,0.));
#4318=CARTESIAN_POINT('',(-137.4,98.4,25.1372583002031));
#4319=CARTESIAN_POINT('',(-113.1,98.4,0.));
#4320=CARTESIAN_POINT('Origin',(-82.9,98.2,1.37867965644036));
#4321=CARTESIAN_POINT('',(-82.9,98.4,0.));
#4322=CARTESIAN_POINT('',(-82.9,98.4,3.70000000000001));
#4323=CARTESIAN_POINT('',(-82.9,98.4,13.2579689783217));
#4324=CARTESIAN_POINT('',(-82.9,96.7,0.));
#4325=CARTESIAN_POINT('',(-82.9,96.7,0.));
#4326=CARTESIAN_POINT('',(-82.9,96.7,1.37867965644036));
#4327=CARTESIAN_POINT('',(-82.9,96.7,0.));
#4328=CARTESIAN_POINT('',(-82.9,97.1393398282202,2.43933982822018));
#4329=CARTESIAN_POINT('Origin',(-82.9,98.2,1.37867965644036));
#4330=CARTESIAN_POINT('',(-82.9,97.1393398282202,2.43933982822018));
#4331=CARTESIAN_POINT('Origin',(-79.6,96.7,0.));
#4332=CARTESIAN_POINT('',(-76.3,96.7,0.));
#4333=CARTESIAN_POINT('Origin',(-79.6,96.7,0.));
#4334=CARTESIAN_POINT('',(-76.3,96.7,1.37867965644036));
#4335=CARTESIAN_POINT('',(-76.3,96.7,0.));
#4336=CARTESIAN_POINT('Origin',(-79.6,96.7,1.37867965644036));
#4337=CARTESIAN_POINT('Ctrl Pts',(-76.3,96.7,1.37867965644036));
#4338=CARTESIAN_POINT('Ctrl Pts',(-76.3,96.7,2.));
#4339=CARTESIAN_POINT('Ctrl Pts',(-76.3,97.1393398282202,2.43933982822018));
#4340=CARTESIAN_POINT('Ctrl Pts',(-76.3,93.4,1.37867965644036));
#4341=CARTESIAN_POINT('Ctrl Pts',(-76.3,93.4,3.36690475583122));
#4342=CARTESIAN_POINT('Ctrl Pts',(-76.3,94.8058874503046,4.7727922061358));
#4343=CARTESIAN_POINT('Ctrl Pts',(-79.6,93.4,1.37867965644036));
#4344=CARTESIAN_POINT('Ctrl Pts',(-79.6,93.4,3.36690475583123));
#4345=CARTESIAN_POINT('Ctrl Pts',(-79.6,94.8058874503046,4.7727922061358));
#4346=CARTESIAN_POINT('Ctrl Pts',(-82.9,93.4,1.37867965644036));
#4347=CARTESIAN_POINT('Ctrl Pts',(-82.9,93.4,3.36690475583123));
#4348=CARTESIAN_POINT('Ctrl Pts',(-82.9,94.8058874503046,4.7727922061358));
#4349=CARTESIAN_POINT('Ctrl Pts',(-82.9,96.7,1.37867965644036));
#4350=CARTESIAN_POINT('Ctrl Pts',(-82.9,96.7,2.));
#4351=CARTESIAN_POINT('Ctrl Pts',(-82.9,97.1393398282202,2.43933982822018));
#4352=CARTESIAN_POINT('',(-76.3,97.1393398282202,2.43933982822018));
#4353=CARTESIAN_POINT('Origin',(-76.3,98.2,1.37867965644036));
#4354=CARTESIAN_POINT('Origin',(-79.6,97.1393398282202,2.43933982822018));
#4355=CARTESIAN_POINT('Origin',(-76.3,96.7,1.37867965644036));
#4356=CARTESIAN_POINT('',(-76.3,98.4,3.70000000000001));
#4357=CARTESIAN_POINT('',(-76.3,98.4,0.));
#4358=CARTESIAN_POINT('',(-76.3,98.4,13.2579689783217));
#4359=CARTESIAN_POINT('',(-76.3,97.1393398282202,2.43933982822018));
#4360=CARTESIAN_POINT('',(-76.3,96.7,0.));
#4361=CARTESIAN_POINT('Origin',(-79.6,97.1393398282202,2.43933982822018));
#4362=CARTESIAN_POINT('Origin',(-79.6,98.4,3.70000000000001));
#4363=CARTESIAN_POINT('Origin',(-74.6,98.4,25.1372583002031));
#4364=CARTESIAN_POINT('',(-74.6,98.4,0.));
#4365=CARTESIAN_POINT('',(-90.3,98.4,0.));
#4366=CARTESIAN_POINT('',(-74.6,98.4,25.1372583002031));
#4367=CARTESIAN_POINT('',(-74.6,98.4,25.1372583002031));
#4368=CARTESIAN_POINT('',(-91.8,98.4,25.1372583002031));
#4369=CARTESIAN_POINT('',(-90.3,98.4,25.1372583002031));
#4370=CARTESIAN_POINT('',(-91.8,98.4,0.));
#4371=CARTESIAN_POINT('',(-91.8,98.4,25.1372583002031));
#4372=CARTESIAN_POINT('',(-90.3,98.4,0.));
#4373=CARTESIAN_POINT('Origin',(-129.1,1.8,1.37867965644036));
#4374=CARTESIAN_POINT('',(-129.1,1.6,0.));
#4375=CARTESIAN_POINT('',(-129.1,1.6,3.7));
#4376=CARTESIAN_POINT('',(-129.1,1.6,0.689339828220179));
#4377=CARTESIAN_POINT('',(-129.1,3.3,0.));
#4378=CARTESIAN_POINT('',(-129.1,3.3,0.));
#4379=CARTESIAN_POINT('',(-129.1,3.3,1.37867965644036));
#4380=CARTESIAN_POINT('',(-129.1,3.3,0.));
#4381=CARTESIAN_POINT('',(-129.1,2.86066017177982,2.43933982822018));
#4382=CARTESIAN_POINT('Origin',(-129.1,1.8,1.37867965644036));
#4383=CARTESIAN_POINT('',(-129.1,2.86066017177982,2.43933982822018));
#4384=CARTESIAN_POINT('Origin',(-132.4,3.3,0.));
#4385=CARTESIAN_POINT('',(-135.7,3.3,0.));
#4386=CARTESIAN_POINT('Origin',(-132.4,3.3,0.));
#4387=CARTESIAN_POINT('',(-135.7,3.3,1.37867965644036));
#4388=CARTESIAN_POINT('',(-135.7,3.3,0.));
#4389=CARTESIAN_POINT('Origin',(-132.4,3.3,1.37867965644036));
#4390=CARTESIAN_POINT('Ctrl Pts',(-135.7,3.3,1.37867965644036));
#4391=CARTESIAN_POINT('Ctrl Pts',(-135.7,3.3,2.));
#4392=CARTESIAN_POINT('Ctrl Pts',(-135.7,2.86066017177982,2.43933982822018));
#4393=CARTESIAN_POINT('Ctrl Pts',(-135.7,6.6,1.37867965644036));
#4394=CARTESIAN_POINT('Ctrl Pts',(-135.7,6.6,3.36690475583122));
#4395=CARTESIAN_POINT('Ctrl Pts',(-135.7,5.19411254969543,4.77279220613579));
#4396=CARTESIAN_POINT('Ctrl Pts',(-132.4,6.6,1.37867965644036));
#4397=CARTESIAN_POINT('Ctrl Pts',(-132.4,6.6,3.36690475583122));
#4398=CARTESIAN_POINT('Ctrl Pts',(-132.4,5.19411254969543,4.77279220613579));
#4399=CARTESIAN_POINT('Ctrl Pts',(-129.1,6.6,1.37867965644036));
#4400=CARTESIAN_POINT('Ctrl Pts',(-129.1,6.6,3.36690475583122));
#4401=CARTESIAN_POINT('Ctrl Pts',(-129.1,5.19411254969543,4.77279220613579));
#4402=CARTESIAN_POINT('Ctrl Pts',(-129.1,3.3,1.37867965644036));
#4403=CARTESIAN_POINT('Ctrl Pts',(-129.1,3.3,2.));
#4404=CARTESIAN_POINT('Ctrl Pts',(-129.1,2.86066017177982,2.43933982822018));
#4405=CARTESIAN_POINT('',(-135.7,2.86066017177982,2.43933982822018));
#4406=CARTESIAN_POINT('Origin',(-135.7,1.8,1.37867965644036));
#4407=CARTESIAN_POINT('Origin',(-132.4,2.86066017177982,2.43933982822018));
#4408=CARTESIAN_POINT('Origin',(-135.7,3.3,1.37867965644036));
#4409=CARTESIAN_POINT('',(-135.7,1.6,3.7));
#4410=CARTESIAN_POINT('',(-135.7,1.6,0.));
#4411=CARTESIAN_POINT('',(-135.7,1.6,0.689339828220179));
#4412=CARTESIAN_POINT('',(-135.7,2.86066017177982,2.43933982822018));
#4413=CARTESIAN_POINT('',(-135.7,3.3,0.));
#4414=CARTESIAN_POINT('Origin',(-132.4,2.86066017177982,2.43933982822018));
#4415=CARTESIAN_POINT('Origin',(-132.4,1.6,3.7));
#4416=CARTESIAN_POINT('Origin',(-120.2,1.6,0.));
#4417=CARTESIAN_POINT('',(-137.4,1.6,0.));
#4418=CARTESIAN_POINT('',(-137.4,1.6,0.));
#4419=CARTESIAN_POINT('',(-137.4,1.6,25.1372583002031));
#4420=CARTESIAN_POINT('',(-137.4,1.6,0.));
#4421=CARTESIAN_POINT('',(-120.2,1.6,25.1372583002031));
#4422=CARTESIAN_POINT('',(-113.1,1.6,25.1372583002031));
#4423=CARTESIAN_POINT('',(-120.2,1.6,0.));
#4424=CARTESIAN_POINT('',(-120.2,1.6,0.));
#4425=CARTESIAN_POINT('',(-137.4,1.6,0.));
#4426=CARTESIAN_POINT('Origin',(-95.4,95.4,23.8946176130838));
#4427=CARTESIAN_POINT('',(-95.4,95.4,23.8946176130838));
#4428=CARTESIAN_POINT('',(-96.4,95.4,23.8946176130838));
#4429=CARTESIAN_POINT('',(-100.7,95.4,23.8946176130838));
#4430=CARTESIAN_POINT('',(-96.4,95.4,0.));
#4431=CARTESIAN_POINT('',(-96.4,95.4,23.8946176130838));
#4432=CARTESIAN_POINT('',(-95.4,95.4,0.));
#4433=CARTESIAN_POINT('',(-100.7,95.4,0.));
#4434=CARTESIAN_POINT('',(-95.4,95.4,23.8946176130838));
#4435=CARTESIAN_POINT('Origin',(-93.8,98.4,25.1372583002031));
#4436=CARTESIAN_POINT('',(-93.8,98.4,25.1372583002031));
#4437=CARTESIAN_POINT('',(-95.4,98.4,25.1372583002031));
#4438=CARTESIAN_POINT('',(-99.9,98.4,25.1372583002031));
#4439=CARTESIAN_POINT('',(-95.4,98.4,0.));
#4440=CARTESIAN_POINT('',(-95.4,98.4,25.1372583002031));
#4441=CARTESIAN_POINT('',(-93.8,98.4,0.));
#4442=CARTESIAN_POINT('',(-99.9,98.4,0.));
#4443=CARTESIAN_POINT('',(-93.8,98.4,25.1372583002031));
#4444=CARTESIAN_POINT('Origin',(-92.8,95.4,23.8946176130838));
#4445=CARTESIAN_POINT('',(-92.8,95.4,23.8946176130838));
#4446=CARTESIAN_POINT('',(-93.8,95.4,23.8946176130838));
#4447=CARTESIAN_POINT('',(-99.4,95.4,23.8946176130838));
#4448=CARTESIAN_POINT('',(-93.8,95.4,0.));
#4449=CARTESIAN_POINT('',(-93.8,95.4,23.8946176130838));
#4450=CARTESIAN_POINT('',(-92.8,95.4,0.));
#4451=CARTESIAN_POINT('',(-99.4,95.4,0.));
#4452=CARTESIAN_POINT('',(-92.8,95.4,23.8946176130838));
#4453=CARTESIAN_POINT('Origin',(-91.8,98.4,25.1372583002031));
#4454=CARTESIAN_POINT('',(-92.8,96.4,24.3088311754569));
#4455=CARTESIAN_POINT('',(-93.5289600521083,94.9420798957834,23.7049408954339));
#4456=CARTESIAN_POINT('',(-92.8,96.4,0.));
#4457=CARTESIAN_POINT('',(-92.8,96.4,24.3088311754569));
#4458=CARTESIAN_POINT('',(-93.36,95.28,2.22044604925031E-15));
#4459=CARTESIAN_POINT('Origin',(-73.6,96.4,24.3088311754569));
#4460=CARTESIAN_POINT('',(-73.6,96.4,24.3088311754569));
#4461=CARTESIAN_POINT('',(-76.5013754216925,102.202750843385,26.7124092738588));
#4462=CARTESIAN_POINT('',(-73.6,96.4,0.));
#4463=CARTESIAN_POINT('',(-77.1,103.4,0.));
#4464=CARTESIAN_POINT('',(-73.6,96.4,24.3088311754569));
#4465=CARTESIAN_POINT('Origin',(-72.6,95.4,23.8946176130838));
#4466=CARTESIAN_POINT('',(-72.6,95.4,23.8946176130838));
#4467=CARTESIAN_POINT('',(-73.6,95.4,23.8946176130838));
#4468=CARTESIAN_POINT('',(-89.3,95.4,23.8946176130838));
#4469=CARTESIAN_POINT('',(-73.6,95.4,0.));
#4470=CARTESIAN_POINT('',(-73.6,95.4,23.8946176130838));
#4471=CARTESIAN_POINT('',(-72.6,95.4,0.));
#4472=CARTESIAN_POINT('',(-89.3,95.4,0.));
#4473=CARTESIAN_POINT('',(-72.6,95.4,23.8946176130838));
#4474=CARTESIAN_POINT('Origin',(-71.,98.4,25.1372583002031));
#4475=CARTESIAN_POINT('',(-71.,98.4,25.1372583002031));
#4476=CARTESIAN_POINT('',(-72.6,98.4,25.1372583002031));
#4477=CARTESIAN_POINT('',(-88.5,98.4,25.1372583002031));
#4478=CARTESIAN_POINT('',(-72.6,98.4,0.));
#4479=CARTESIAN_POINT('',(-72.6,98.4,25.1372583002031));
#4480=CARTESIAN_POINT('',(-71.,98.4,0.));
#4481=CARTESIAN_POINT('',(-88.5,98.4,0.));
#4482=CARTESIAN_POINT('',(-71.,98.4,25.1372583002031));
#4483=CARTESIAN_POINT('Origin',(-70.,95.4,23.8946176130838));
#4484=CARTESIAN_POINT('',(-70.,95.4,23.8946176130838));
#4485=CARTESIAN_POINT('',(-71.,95.4,23.8946176130838));
#4486=CARTESIAN_POINT('',(-88.,95.4,23.8946176130838));
#4487=CARTESIAN_POINT('',(-71.,95.4,0.));
#4488=CARTESIAN_POINT('',(-71.,95.4,23.8946176130838));
#4489=CARTESIAN_POINT('',(-70.,95.4,0.));
#4490=CARTESIAN_POINT('',(-88.,95.4,0.));
#4491=CARTESIAN_POINT('',(-70.,95.4,23.8946176130838));
#4492=CARTESIAN_POINT('Origin',(-71.,100.,25.8));
#4493=CARTESIAN_POINT('',(-71.,100.,25.8));
#4494=CARTESIAN_POINT('',(-70.,99.,25.3857864376269));
#4495=CARTESIAN_POINT('',(-77.8717655504411,106.871765550441,28.646378488441));
#4496=CARTESIAN_POINT('',(-70.,99.,0.));
#4497=CARTESIAN_POINT('',(-70.,99.,25.3857864376269));
#4498=CARTESIAN_POINT('',(-71.,100.,0.));
#4499=CARTESIAN_POINT('',(-79.175,108.175,0.));
#4500=CARTESIAN_POINT('',(-71.,100.,25.8));
#4501=CARTESIAN_POINT('Origin',(-141.,100.,25.8));
#4502=CARTESIAN_POINT('',(-141.,100.,0.));
#4503=CARTESIAN_POINT('',(-123.5,100.,0.));
#4504=CARTESIAN_POINT('',(-141.,100.,25.8));
#4505=CARTESIAN_POINT('',(-141.,100.,25.8));
#4506=CARTESIAN_POINT('',(-123.5,100.,25.8));
#4507=CARTESIAN_POINT('Origin',(-142.,99.,25.3857864376269));
#4508=CARTESIAN_POINT('',(-142.,99.,25.3857864376269));
#4509=CARTESIAN_POINT('',(-134.549225876,106.450774124,28.4719981299664));
#4510=CARTESIAN_POINT('',(-142.,99.,0.));
#4511=CARTESIAN_POINT('',(-133.325,107.675,0.));
#4512=CARTESIAN_POINT('',(-142.,99.,25.3857864376269));
#4513=CARTESIAN_POINT('Origin',(-141.,95.4,23.8946176130838));
#4514=CARTESIAN_POINT('',(-141.,95.4,23.8946176130838));
#4515=CARTESIAN_POINT('',(-142.,95.4,23.8946176130838));
#4516=CARTESIAN_POINT('',(-123.5,95.4,23.8946176130838));
#4517=CARTESIAN_POINT('',(-142.,95.4,0.));
#4518=CARTESIAN_POINT('',(-142.,95.4,23.8946176130838));
#4519=CARTESIAN_POINT('',(-141.,95.4,0.));
#4520=CARTESIAN_POINT('',(-123.5,95.4,0.));
#4521=CARTESIAN_POINT('',(-141.,95.4,23.8946176130838));
#4522=CARTESIAN_POINT('Origin',(-139.4,98.4,25.1372583002031));
#4523=CARTESIAN_POINT('',(-139.4,98.4,25.1372583002031));
#4524=CARTESIAN_POINT('',(-141.,98.4,25.1372583002031));
#4525=CARTESIAN_POINT('',(-122.7,98.4,25.1372583002031));
#4526=CARTESIAN_POINT('',(-141.,98.4,0.));
#4527=CARTESIAN_POINT('',(-141.,98.4,25.1372583002031));
#4528=CARTESIAN_POINT('',(-139.4,98.4,0.));
#4529=CARTESIAN_POINT('',(-122.7,98.4,0.));
#4530=CARTESIAN_POINT('',(-139.4,98.4,25.1372583002031));
#4531=CARTESIAN_POINT('Origin',(-138.4,95.4,23.8946176130838));
#4532=CARTESIAN_POINT('',(-138.4,95.4,23.8946176130838));
#4533=CARTESIAN_POINT('',(-139.4,95.4,23.8946176130838));
#4534=CARTESIAN_POINT('',(-122.2,95.4,23.8946176130838));
#4535=CARTESIAN_POINT('',(-139.4,95.4,0.));
#4536=CARTESIAN_POINT('',(-139.4,95.4,23.8946176130838));
#4537=CARTESIAN_POINT('',(-138.4,95.4,0.));
#4538=CARTESIAN_POINT('',(-122.2,95.4,0.));
#4539=CARTESIAN_POINT('',(-138.4,95.4,23.8946176130838));
#4540=CARTESIAN_POINT('Origin',(-137.4,98.4,25.137258300203));
#4541=CARTESIAN_POINT('',(-138.4,96.4,24.3088311754569));
#4542=CARTESIAN_POINT('',(-135.119316860948,102.961366278104,27.0266380755452));
#4543=CARTESIAN_POINT('',(-138.4,96.4,0.));
#4544=CARTESIAN_POINT('',(-138.4,96.4,24.3088311754569));
#4545=CARTESIAN_POINT('',(-134.4,104.4,0.));
#4546=CARTESIAN_POINT('Origin',(-119.2,96.4,24.3088311754569));
#4547=CARTESIAN_POINT('',(-119.2,96.4,24.3088311754569));
#4548=CARTESIAN_POINT('',(-118.091732230532,94.1834644610638,23.3907120937475));
#4549=CARTESIAN_POINT('',(-119.2,96.4,0.));
#4550=CARTESIAN_POINT('',(-118.14,94.28,0.));
#4551=CARTESIAN_POINT('',(-119.2,96.4,24.3088311754569));
#4552=CARTESIAN_POINT('Origin',(-118.2,95.4,23.8946176130838));
#4553=CARTESIAN_POINT('',(-118.2,95.4,23.8946176130838));
#4554=CARTESIAN_POINT('',(-119.2,95.4,23.8946176130838));
#4555=CARTESIAN_POINT('',(-112.1,95.4,23.8946176130838));
#4556=CARTESIAN_POINT('',(-119.2,95.4,0.));
#4557=CARTESIAN_POINT('',(-119.2,95.4,23.8946176130838));
#4558=CARTESIAN_POINT('',(-118.2,95.4,0.));
#4559=CARTESIAN_POINT('',(-112.1,95.4,0.));
#4560=CARTESIAN_POINT('',(-118.2,95.4,23.8946176130838));
#4561=CARTESIAN_POINT('Origin',(-116.6,98.4,25.1372583002031));
#4562=CARTESIAN_POINT('',(-116.6,98.4,25.1372583002031));
#4563=CARTESIAN_POINT('',(-118.2,98.4,25.1372583002031));
#4564=CARTESIAN_POINT('',(-111.3,98.4,25.1372583002031));
#4565=CARTESIAN_POINT('',(-118.2,98.4,0.));
#4566=CARTESIAN_POINT('',(-118.2,98.4,25.1372583002031));
#4567=CARTESIAN_POINT('',(-116.6,98.4,0.));
#4568=CARTESIAN_POINT('',(-111.3,98.4,0.));
#4569=CARTESIAN_POINT('',(-116.6,98.4,25.1372583002031));
#4570=CARTESIAN_POINT('Origin',(-115.6,95.4,23.8946176130838));
#4571=CARTESIAN_POINT('',(-115.6,95.4,23.8946176130838));
#4572=CARTESIAN_POINT('',(-116.6,95.4,23.8946176130838));
#4573=CARTESIAN_POINT('',(-110.8,95.4,23.8946176130838));
#4574=CARTESIAN_POINT('',(-116.6,95.4,0.));
#4575=CARTESIAN_POINT('',(-116.6,95.4,23.8946176130838));
#4576=CARTESIAN_POINT('',(-115.6,95.4,0.));
#4577=CARTESIAN_POINT('',(-110.8,95.4,0.));
#4578=CARTESIAN_POINT('',(-115.6,95.4,23.8946176130838));
#4579=CARTESIAN_POINT('Origin',(-114.6,98.4,25.1372583002031));
#4580=CARTESIAN_POINT('',(-114.6,98.4,25.1372583002031));
#4581=CARTESIAN_POINT('',(-115.6,96.4,24.3088311754569));
#4582=CARTESIAN_POINT('',(-114.324138456528,98.9517230869439,25.3657894854896));
#4583=CARTESIAN_POINT('',(-115.6,96.4,0.));
#4584=CARTESIAN_POINT('',(-115.6,96.4,24.3088311754569));
#4585=CARTESIAN_POINT('',(-114.6,98.4,0.));
#4586=CARTESIAN_POINT('',(-113.88,99.84,0.));
#4587=CARTESIAN_POINT('',(-114.6,98.4,25.1372583002031));
#4588=CARTESIAN_POINT('Origin',(-97.4,98.4,25.1372583002031));
#4589=CARTESIAN_POINT('',(-97.4,98.4,25.1372583002031));
#4590=CARTESIAN_POINT('',(-101.7,98.4,25.1372583002031));
#4591=CARTESIAN_POINT('',(-97.4,98.4,0.));
#4592=CARTESIAN_POINT('',(-101.7,98.4,0.));
#4593=CARTESIAN_POINT('',(-97.4,98.4,25.1372583002031));
#4594=CARTESIAN_POINT('Origin',(-96.4,96.4,24.3088311754569));
#4595=CARTESIAN_POINT('',(-96.4,96.4,24.3088311754569));
#4596=CARTESIAN_POINT('',(-97.2965538261122,98.1931076522243,25.0515606838032));
#4597=CARTESIAN_POINT('',(-96.4,96.4,0.));
#4598=CARTESIAN_POINT('',(-97.62,98.84,0.));
#4599=CARTESIAN_POINT('',(-96.4,96.4,24.3088311754569));
#4600=CARTESIAN_POINT('Origin',(-95.4,93.8946176130838,25.4));
#4601=CARTESIAN_POINT('',(-95.4,93.8946176130838,25.4));
#4602=CARTESIAN_POINT('',(-96.4,93.8946176130838,25.4));
#4603=CARTESIAN_POINT('',(-100.7,93.8946176130838,25.4));
#4604=CARTESIAN_POINT('',(-96.4,93.8946176130838,25.4));
#4605=CARTESIAN_POINT('',(-95.4,93.8946176130838,25.4));
#4606=CARTESIAN_POINT('Origin',(-93.8,95.1372583002031,28.4));
#4607=CARTESIAN_POINT('',(-93.8,95.1372583002031,28.4));
#4608=CARTESIAN_POINT('',(-95.4,95.1372583002031,28.4));
#4609=CARTESIAN_POINT('',(-99.9,95.1372583002031,28.4));
#4610=CARTESIAN_POINT('',(-95.4,95.1372583002031,28.4));
#4611=CARTESIAN_POINT('',(-93.8,95.1372583002031,28.4));
#4612=CARTESIAN_POINT('Origin',(-92.8,93.8946176130838,25.4));
#4613=CARTESIAN_POINT('',(-92.8,93.8946176130838,25.4));
#4614=CARTESIAN_POINT('',(-93.8,93.8946176130838,25.4));
#4615=CARTESIAN_POINT('',(-99.4,93.8946176130838,25.4));
#4616=CARTESIAN_POINT('',(-93.8,93.8946176130838,25.4));
#4617=CARTESIAN_POINT('',(-92.8,93.8946176130838,25.4));
#4618=CARTESIAN_POINT('Origin',(-91.8,95.1372583002031,28.4));
#4619=CARTESIAN_POINT('',(-91.8,95.1372583002031,28.4));
#4620=CARTESIAN_POINT('',(-92.8,94.3088311754569,26.4));
#4621=CARTESIAN_POINT('',(-99.7688194172161,88.5356721427771,12.4623611655678));
#4622=CARTESIAN_POINT('',(-92.8,94.3088311754569,26.4));
#4623=CARTESIAN_POINT('',(-91.8,95.1372583002031,28.4));
#4624=CARTESIAN_POINT('Origin',(-74.6,95.1372583002031,28.4));
#4625=CARTESIAN_POINT('',(-74.6,95.1372583002031,28.4));
#4626=CARTESIAN_POINT('',(-90.3,95.1372583002031,28.4));
#4627=CARTESIAN_POINT('',(-74.6,95.1372583002031,28.4));
#4628=CARTESIAN_POINT('Origin',(-73.6,94.3088311754569,26.4));
#4629=CARTESIAN_POINT('',(-73.6,94.3088311754569,26.4));
#4630=CARTESIAN_POINT('',(-70.2615160565847,91.543140521202,19.7230321131694));
#4631=CARTESIAN_POINT('',(-73.6,94.3088311754569,26.4));
#4632=CARTESIAN_POINT('Origin',(-72.6,93.8946176130838,25.4));
#4633=CARTESIAN_POINT('',(-72.6,93.8946176130838,25.4));
#4634=CARTESIAN_POINT('',(-73.6,93.8946176130838,25.4));
#4635=CARTESIAN_POINT('',(-89.3,93.8946176130838,25.4));
#4636=CARTESIAN_POINT('',(-73.6,93.8946176130838,25.4));
#4637=CARTESIAN_POINT('',(-72.6,93.8946176130838,25.4));
#4638=CARTESIAN_POINT('Origin',(-71.,95.1372583002031,28.4));
#4639=CARTESIAN_POINT('',(-71.,95.1372583002031,28.4));
#4640=CARTESIAN_POINT('',(-72.6,95.1372583002031,28.4));
#4641=CARTESIAN_POINT('',(-88.5,95.1372583002031,28.4));
#4642=CARTESIAN_POINT('',(-72.6,95.1372583002031,28.4));
#4643=CARTESIAN_POINT('',(-71.,95.1372583002031,28.4));
#4644=CARTESIAN_POINT('Origin',(-70.,93.8946176130838,25.4));
#4645=CARTESIAN_POINT('',(-70.,93.8946176130838,25.4));
#4646=CARTESIAN_POINT('',(-71.,93.8946176130838,25.4));
#4647=CARTESIAN_POINT('',(-88.,93.8946176130838,25.4));
#4648=CARTESIAN_POINT('',(-71.,93.8946176130838,25.4));
#4649=CARTESIAN_POINT('',(-70.,93.8946176130838,25.4));
#4650=CARTESIAN_POINT('Origin',(-71.,95.8,30.));
#4651=CARTESIAN_POINT('',(-71.,95.8,30.));
#4652=CARTESIAN_POINT('',(-70.,95.3857864376269,29.));
#4653=CARTESIAN_POINT('',(-69.7021895533207,95.262429311596,28.7021895533207));
#4654=CARTESIAN_POINT('',(-70.,95.3857864376269,29.));
#4655=CARTESIAN_POINT('',(-71.,95.8,30.));
#4656=CARTESIAN_POINT('Origin',(-141.,95.8,30.));
#4657=CARTESIAN_POINT('',(-141.,95.8,30.));
#4658=CARTESIAN_POINT('',(-123.5,95.8,30.));
#4659=CARTESIAN_POINT('',(-141.,95.8,30.));
#4660=CARTESIAN_POINT('Origin',(-142.,95.3857864376269,29.));
#4661=CARTESIAN_POINT('',(-142.,95.3857864376269,29.));
#4662=CARTESIAN_POINT('',(-142.71880187312,95.0880489531214,28.28119812688));
#4663=CARTESIAN_POINT('',(-142.,95.3857864376269,29.));
#4664=CARTESIAN_POINT('Origin',(-141.,93.8946176130838,25.4));
#4665=CARTESIAN_POINT('',(-141.,93.8946176130838,25.4));
#4666=CARTESIAN_POINT('',(-142.,93.8946176130838,25.4));
#4667=CARTESIAN_POINT('',(-123.5,93.8946176130838,25.4));
#4668=CARTESIAN_POINT('',(-142.,93.8946176130838,25.4));
#4669=CARTESIAN_POINT('',(-141.,93.8946176130838,25.4));
#4670=CARTESIAN_POINT('Origin',(-139.4,95.1372583002031,28.4));
#4671=CARTESIAN_POINT('',(-139.4,95.1372583002031,28.4));
#4672=CARTESIAN_POINT('',(-141.,95.1372583002031,28.4));
#4673=CARTESIAN_POINT('',(-122.7,95.1372583002031,28.4));
#4674=CARTESIAN_POINT('',(-141.,95.1372583002031,28.4));
#4675=CARTESIAN_POINT('',(-139.4,95.1372583002031,28.4));
#4676=CARTESIAN_POINT('Origin',(-138.4,93.8946176130838,25.4));
#4677=CARTESIAN_POINT('',(-138.4,93.8946176130838,25.4));
#4678=CARTESIAN_POINT('',(-139.4,93.8946176130838,25.4));
#4679=CARTESIAN_POINT('',(-122.2,93.8946176130838,25.4));
#4680=CARTESIAN_POINT('',(-139.4,93.8946176130838,25.4));
#4681=CARTESIAN_POINT('',(-138.4,93.8946176130838,25.4));
#4682=CARTESIAN_POINT('Origin',(-137.4,95.137258300203,28.4));
#4683=CARTESIAN_POINT('',(-137.4,95.1372583002031,28.4));
#4684=CARTESIAN_POINT('',(-138.4,94.3088311754569,26.4));
#4685=CARTESIAN_POINT('',(-141.359176226055,91.8573693228884,20.481647547889));
#4686=CARTESIAN_POINT('',(-138.4,94.3088311754569,26.4));
#4687=CARTESIAN_POINT('',(-137.4,95.1372583002031,28.4));
#4688=CARTESIAN_POINT('Origin',(-120.2,95.1372583002031,28.4));
#4689=CARTESIAN_POINT('',(-120.2,95.1372583002031,28.4));
#4690=CARTESIAN_POINT('',(-113.1,95.1372583002031,28.4));
#4691=CARTESIAN_POINT('',(-120.2,95.1372583002031,28.4));
#4692=CARTESIAN_POINT('Origin',(-119.2,94.3088311754569,26.4));
#4693=CARTESIAN_POINT('',(-119.2,94.3088311754569,26.4));
#4694=CARTESIAN_POINT('',(-111.851872865424,88.2214433410907,11.7037457308483));
#4695=CARTESIAN_POINT('',(-119.2,94.3088311754569,26.4));
#4696=CARTESIAN_POINT('Origin',(-118.2,93.8946176130838,25.4));
#4697=CARTESIAN_POINT('',(-118.2,93.8946176130838,25.4));
#4698=CARTESIAN_POINT('',(-119.2,93.8946176130838,25.4));
#4699=CARTESIAN_POINT('',(-112.1,93.8946176130838,25.4));
#4700=CARTESIAN_POINT('',(-119.2,93.8946176130838,25.4));
#4701=CARTESIAN_POINT('',(-118.2,93.8946176130838,25.4));
#4702=CARTESIAN_POINT('Origin',(-116.6,95.1372583002031,28.4));
#4703=CARTESIAN_POINT('',(-116.6,95.1372583002031,28.4));
#4704=CARTESIAN_POINT('',(-118.2,95.1372583002031,28.4));
#4705=CARTESIAN_POINT('',(-111.3,95.1372583002031,28.4));
#4706=CARTESIAN_POINT('',(-118.2,95.1372583002031,28.4));
#4707=CARTESIAN_POINT('',(-116.6,95.1372583002031,28.4));
#4708=CARTESIAN_POINT('Origin',(-115.6,93.8946176130838,25.4));
#4709=CARTESIAN_POINT('',(-115.6,93.8946176130838,25.4));
#4710=CARTESIAN_POINT('',(-116.6,93.8946176130838,25.4));
#4711=CARTESIAN_POINT('',(-110.8,93.8946176130838,25.4));
#4712=CARTESIAN_POINT('',(-116.6,93.8946176130838,25.4));
#4713=CARTESIAN_POINT('',(-115.6,93.8946176130838,25.4));
#4714=CARTESIAN_POINT('Origin',(-114.6,95.1372583002031,28.4));
#4715=CARTESIAN_POINT('',(-114.6,95.1372583002031,28.4));
#4716=CARTESIAN_POINT('',(-115.6,94.3088311754569,26.4));
#4717=CARTESIAN_POINT('',(-120.563997821636,90.1965207328328,16.4720043567284));
#4718=CARTESIAN_POINT('',(-115.6,94.3088311754569,26.4));
#4719=CARTESIAN_POINT('',(-114.6,95.1372583002031,28.4));
#4720=CARTESIAN_POINT('Origin',(-97.4,95.1372583002031,28.4));
#4721=CARTESIAN_POINT('',(-97.4,95.1372583002031,28.4));
#4722=CARTESIAN_POINT('',(-101.7,95.1372583002031,28.4));
#4723=CARTESIAN_POINT('',(-97.4,95.1372583002031,28.4));
#4724=CARTESIAN_POINT('Origin',(-96.4,94.3088311754569,26.4));
#4725=CARTESIAN_POINT('',(-96.4,94.3088311754569,26.4));
#4726=CARTESIAN_POINT('',(-91.0566944610045,89.8822919311464,15.7133889220088));
#4727=CARTESIAN_POINT('',(-96.4,94.3088311754569,26.4));
#4728=CARTESIAN_POINT('Origin',(-95.4,6.10538238691624,25.4));
#4729=CARTESIAN_POINT('',(-95.4,6.10538238691624,25.4));
#4730=CARTESIAN_POINT('',(-96.4,6.10538238691624,25.4));
#4731=CARTESIAN_POINT('',(-100.7,6.10538238691624,25.4));
#4732=CARTESIAN_POINT('',(-96.4,6.10538238691624,25.4));
#4733=CARTESIAN_POINT('',(-95.4,6.10538238691624,25.4));
#4734=CARTESIAN_POINT('Origin',(-93.8,4.86274169979695,28.4));
#4735=CARTESIAN_POINT('',(-93.8,4.86274169979695,28.4));
#4736=CARTESIAN_POINT('',(-95.4,4.86274169979695,28.4));
#4737=CARTESIAN_POINT('',(-99.9,4.86274169979695,28.4));
#4738=CARTESIAN_POINT('',(-95.4,4.86274169979695,28.4));
#4739=CARTESIAN_POINT('',(-93.8,4.86274169979695,28.4));
#4740=CARTESIAN_POINT('Origin',(-92.8,6.10538238691624,25.4));
#4741=CARTESIAN_POINT('',(-92.8,6.10538238691624,25.4));
#4742=CARTESIAN_POINT('',(-93.8,6.10538238691624,25.4));
#4743=CARTESIAN_POINT('',(-99.4,6.10538238691624,25.4));
#4744=CARTESIAN_POINT('',(-93.8,6.10538238691624,25.4));
#4745=CARTESIAN_POINT('',(-92.8,6.10538238691624,25.4));
#4746=CARTESIAN_POINT('Origin',(-91.8,4.86274169979695,28.4));
#4747=CARTESIAN_POINT('',(-91.8,4.86274169979695,28.4));
#4748=CARTESIAN_POINT('',(-92.8,5.69116882454314,26.4));
#4749=CARTESIAN_POINT('',(-93.5289600521083,6.29505910456608,24.9420798957833));
#4750=CARTESIAN_POINT('',(-92.8,5.69116882454314,26.4));
#4751=CARTESIAN_POINT('',(-91.8,4.86274169979695,28.4));
#4752=CARTESIAN_POINT('Origin',(-74.6,4.86274169979695,28.4));
#4753=CARTESIAN_POINT('',(-74.6,4.86274169979695,28.4));
#4754=CARTESIAN_POINT('',(-90.3,4.86274169979695,28.4));
#4755=CARTESIAN_POINT('',(-74.6,4.86274169979695,28.4));
#4756=CARTESIAN_POINT('Origin',(-73.6,5.69116882454314,26.4));
#4757=CARTESIAN_POINT('',(-73.6,5.69116882454314,26.4));
#4758=CARTESIAN_POINT('',(-76.5013754216925,3.28759072614119,32.2027508433849));
#4759=CARTESIAN_POINT('',(-73.6,5.69116882454314,26.4));
#4760=CARTESIAN_POINT('Origin',(-72.6,6.10538238691624,25.4));
#4761=CARTESIAN_POINT('',(-72.6,6.10538238691624,25.4));
#4762=CARTESIAN_POINT('',(-73.6,6.10538238691624,25.4));
#4763=CARTESIAN_POINT('',(-89.3,6.10538238691624,25.4));
#4764=CARTESIAN_POINT('',(-73.6,6.10538238691624,25.4));
#4765=CARTESIAN_POINT('',(-72.6,6.10538238691624,25.4));
#4766=CARTESIAN_POINT('Origin',(-71.,4.86274169979695,28.4));
#4767=CARTESIAN_POINT('',(-71.,4.86274169979695,28.4));
#4768=CARTESIAN_POINT('',(-72.6,4.86274169979695,28.4));
#4769=CARTESIAN_POINT('',(-88.5,4.86274169979695,28.4));
#4770=CARTESIAN_POINT('',(-72.6,4.86274169979695,28.4));
#4771=CARTESIAN_POINT('',(-71.,4.86274169979695,28.4));
#4772=CARTESIAN_POINT('Origin',(-70.,6.10538238691624,25.4));
#4773=CARTESIAN_POINT('',(-70.,6.10538238691624,25.4));
#4774=CARTESIAN_POINT('',(-71.,6.10538238691624,25.4));
#4775=CARTESIAN_POINT('',(-88.,6.10538238691624,25.4));
#4776=CARTESIAN_POINT('',(-71.,6.10538238691624,25.4));
#4777=CARTESIAN_POINT('',(-70.,6.10538238691624,25.4));
#4778=CARTESIAN_POINT('Origin',(-71.,4.2,30.));
#4779=CARTESIAN_POINT('',(-71.,4.2,30.));
#4780=CARTESIAN_POINT('',(-70.,4.6142135623731,29.));
#4781=CARTESIAN_POINT('',(-77.8717655504411,1.35362151155906,36.8717655504412));
#4782=CARTESIAN_POINT('',(-70.,4.6142135623731,29.));
#4783=CARTESIAN_POINT('',(-71.,4.2,30.));
#4784=CARTESIAN_POINT('Origin',(-141.,4.2,30.));
#4785=CARTESIAN_POINT('',(-141.,4.2,30.));
#4786=CARTESIAN_POINT('',(-123.5,4.2,30.));
#4787=CARTESIAN_POINT('',(-141.,4.2,30.));
#4788=CARTESIAN_POINT('Origin',(-142.,4.6142135623731,29.));
#4789=CARTESIAN_POINT('',(-142.,4.6142135623731,29.));
#4790=CARTESIAN_POINT('',(-134.549225876,1.5280018700336,36.4507741240004));
#4791=CARTESIAN_POINT('',(-142.,4.6142135623731,29.));
#4792=CARTESIAN_POINT('Origin',(-141.,6.10538238691624,25.4));
#4793=CARTESIAN_POINT('',(-141.,6.10538238691624,25.4));
#4794=CARTESIAN_POINT('',(-142.,6.10538238691624,25.4));
#4795=CARTESIAN_POINT('',(-123.5,6.10538238691624,25.4));
#4796=CARTESIAN_POINT('',(-142.,6.10538238691624,25.4));
#4797=CARTESIAN_POINT('',(-141.,6.10538238691624,25.4));
#4798=CARTESIAN_POINT('Origin',(-139.4,4.86274169979695,28.4));
#4799=CARTESIAN_POINT('',(-139.4,4.86274169979695,28.4));
#4800=CARTESIAN_POINT('',(-141.,4.86274169979695,28.4));
#4801=CARTESIAN_POINT('',(-122.7,4.86274169979695,28.4));
#4802=CARTESIAN_POINT('',(-141.,4.86274169979695,28.4));
#4803=CARTESIAN_POINT('',(-139.4,4.86274169979695,28.4));
#4804=CARTESIAN_POINT('Origin',(-138.4,6.10538238691624,25.4));
#4805=CARTESIAN_POINT('',(-138.4,6.10538238691624,25.4));
#4806=CARTESIAN_POINT('',(-139.4,6.10538238691624,25.4));
#4807=CARTESIAN_POINT('',(-122.2,6.10538238691624,25.4));
#4808=CARTESIAN_POINT('',(-139.4,6.10538238691624,25.4));
#4809=CARTESIAN_POINT('',(-138.4,6.10538238691624,25.4));
#4810=CARTESIAN_POINT('Origin',(-137.4,4.86274169979696,28.4));
#4811=CARTESIAN_POINT('',(-137.4,4.86274169979695,28.4));
#4812=CARTESIAN_POINT('',(-138.4,5.69116882454314,26.4));
#4813=CARTESIAN_POINT('',(-135.119316860948,2.9733619244548,32.9613662781045));
#4814=CARTESIAN_POINT('',(-138.4,5.69116882454314,26.4));
#4815=CARTESIAN_POINT('',(-137.4,4.86274169979695,28.4));
#4816=CARTESIAN_POINT('Origin',(-120.2,4.86274169979695,28.4));
#4817=CARTESIAN_POINT('',(-120.2,4.86274169979695,28.4));
#4818=CARTESIAN_POINT('',(-113.1,4.86274169979695,28.4));
#4819=CARTESIAN_POINT('',(-120.2,4.86274169979695,28.4));
#4820=CARTESIAN_POINT('Origin',(-119.2,5.69116882454314,26.4));
#4821=CARTESIAN_POINT('',(-119.2,5.69116882454314,26.4));
#4822=CARTESIAN_POINT('',(-118.091732230532,6.60928790625247,24.1834644610638));
#4823=CARTESIAN_POINT('',(-119.2,5.69116882454314,26.4));
#4824=CARTESIAN_POINT('Origin',(-118.2,6.10538238691624,25.4));
#4825=CARTESIAN_POINT('',(-118.2,6.10538238691624,25.4));
#4826=CARTESIAN_POINT('',(-119.2,6.10538238691624,25.4));
#4827=CARTESIAN_POINT('',(-112.1,6.10538238691624,25.4));
#4828=CARTESIAN_POINT('',(-119.2,6.10538238691624,25.4));
#4829=CARTESIAN_POINT('',(-118.2,6.10538238691624,25.4));
#4830=CARTESIAN_POINT('Origin',(-116.6,4.86274169979695,28.4));
#4831=CARTESIAN_POINT('',(-116.6,4.86274169979695,28.4));
#4832=CARTESIAN_POINT('',(-118.2,4.86274169979695,28.4));
#4833=CARTESIAN_POINT('',(-111.3,4.86274169979695,28.4));
#4834=CARTESIAN_POINT('',(-118.2,4.86274169979695,28.4));
#4835=CARTESIAN_POINT('',(-116.6,4.86274169979695,28.4));
#4836=CARTESIAN_POINT('Origin',(-115.6,6.10538238691624,25.4));
#4837=CARTESIAN_POINT('',(-115.6,6.10538238691624,25.4));
#4838=CARTESIAN_POINT('',(-116.6,6.10538238691624,25.4));
#4839=CARTESIAN_POINT('',(-110.8,6.10538238691624,25.4));
#4840=CARTESIAN_POINT('',(-116.6,6.10538238691624,25.4));
#4841=CARTESIAN_POINT('',(-115.6,6.10538238691624,25.4));
#4842=CARTESIAN_POINT('Origin',(-114.6,4.86274169979695,28.4));
#4843=CARTESIAN_POINT('',(-114.6,4.86274169979695,28.4));
#4844=CARTESIAN_POINT('',(-115.6,5.69116882454314,26.4));
#4845=CARTESIAN_POINT('',(-114.324138456528,4.63421051451043,28.9517230869439));
#4846=CARTESIAN_POINT('',(-115.6,5.69116882454314,26.4));
#4847=CARTESIAN_POINT('',(-114.6,4.86274169979695,28.4));
#4848=CARTESIAN_POINT('Origin',(-97.4,4.86274169979695,28.4));
#4849=CARTESIAN_POINT('',(-97.4,4.86274169979695,28.4));
#4850=CARTESIAN_POINT('',(-101.7,4.86274169979695,28.4));
#4851=CARTESIAN_POINT('',(-97.4,4.86274169979695,28.4));
#4852=CARTESIAN_POINT('Origin',(-96.4,5.69116882454315,26.4));
#4853=CARTESIAN_POINT('',(-96.4,5.69116882454314,26.4));
#4854=CARTESIAN_POINT('',(-97.2965538261122,4.94843931619684,28.1931076522243));
#4855=CARTESIAN_POINT('',(-96.4,5.69116882454314,26.4));
#4856=CARTESIAN_POINT('Origin',(-95.4,4.6,23.8946176130838));
#4857=CARTESIAN_POINT('',(-95.4,4.6,23.8946176130838));
#4858=CARTESIAN_POINT('',(-96.4,4.6,23.8946176130838));
#4859=CARTESIAN_POINT('',(-100.7,4.6,23.8946176130838));
#4860=CARTESIAN_POINT('',(-96.4,4.6,23.8946176130838));
#4861=CARTESIAN_POINT('',(-95.4,4.6,23.8946176130838));
#4862=CARTESIAN_POINT('Origin',(-93.8,1.6,25.1372583002031));
#4863=CARTESIAN_POINT('',(-93.8,1.6,25.1372583002031));
#4864=CARTESIAN_POINT('',(-95.4,1.6,25.1372583002031));
#4865=CARTESIAN_POINT('',(-99.9,1.6,25.1372583002031));
#4866=CARTESIAN_POINT('',(-95.4,1.6,25.1372583002031));
#4867=CARTESIAN_POINT('',(-93.8,1.6,25.1372583002031));
#4868=CARTESIAN_POINT('Origin',(-92.8,4.6,23.8946176130838));
#4869=CARTESIAN_POINT('',(-92.8,4.6,23.8946176130838));
#4870=CARTESIAN_POINT('',(-93.8,4.6,23.8946176130838));
#4871=CARTESIAN_POINT('',(-99.4,4.6,23.8946176130838));
#4872=CARTESIAN_POINT('',(-93.8,4.6,23.8946176130838));
#4873=CARTESIAN_POINT('',(-92.8,4.6,23.8946176130838));
#4874=CARTESIAN_POINT('Origin',(-91.8,1.6,25.1372583002031));
#4875=CARTESIAN_POINT('',(-92.8,3.6,24.3088311754569));
#4876=CARTESIAN_POINT('',(-95.0239455747607,8.04789114952138,22.4664543373658));
#4877=CARTESIAN_POINT('',(-92.8,3.6,24.3088311754569));
#4878=CARTESIAN_POINT('',(-91.8,1.6,25.1372583002031));
#4879=CARTESIAN_POINT('Origin',(-74.6,1.6,25.1372583002031));
#4880=CARTESIAN_POINT('',(-74.6,1.6,25.1372583002031));
#4881=CARTESIAN_POINT('Origin',(-73.6,3.6,24.3088311754569));
#4882=CARTESIAN_POINT('',(-73.6,3.6,24.3088311754569));
#4883=CARTESIAN_POINT('',(-74.94604375772,0.907912484560034,25.4239303354474));
#4884=CARTESIAN_POINT('',(-73.6,3.6,24.3088311754569));
#4885=CARTESIAN_POINT('Origin',(-72.6,4.6,23.8946176130838));
#4886=CARTESIAN_POINT('',(-72.6,4.6,23.8946176130838));
#4887=CARTESIAN_POINT('',(-73.6,4.6,23.8946176130838));
#4888=CARTESIAN_POINT('',(-89.3,4.6,23.8946176130838));
#4889=CARTESIAN_POINT('',(-73.6,4.6,23.8946176130838));
#4890=CARTESIAN_POINT('',(-72.6,4.6,23.8946176130838));
#4891=CARTESIAN_POINT('Origin',(-71.,1.6,25.1372583002031));
#4892=CARTESIAN_POINT('',(-71.,1.6,25.1372583002031));
#4893=CARTESIAN_POINT('',(-72.6,1.6,25.1372583002031));
#4894=CARTESIAN_POINT('',(-88.5,1.6,25.1372583002031));
#4895=CARTESIAN_POINT('',(-72.6,1.6,25.1372583002031));
#4896=CARTESIAN_POINT('',(-71.,1.6,25.1372583002031));
#4897=CARTESIAN_POINT('Origin',(-70.,4.6,23.8946176130838));
#4898=CARTESIAN_POINT('',(-70.,4.6,23.8946176130838));
#4899=CARTESIAN_POINT('',(-71.,4.6,23.8946176130838));
#4900=CARTESIAN_POINT('',(-88.,4.6,23.8946176130838));
#4901=CARTESIAN_POINT('',(-71.,4.6,23.8946176130838));
#4902=CARTESIAN_POINT('',(-70.,4.6,23.8946176130838));
#4903=CARTESIAN_POINT('Origin',(-71.,5.55111512312578E-16,25.8));
#4904=CARTESIAN_POINT('',(-71.,0.,25.8));
#4905=CARTESIAN_POINT('',(-70.,1.,25.3857864376269));
#4906=CARTESIAN_POINT('',(-75.9776530007457,-4.97765300074573,27.861811381696));
#4907=CARTESIAN_POINT('',(-70.,1.,25.3857864376269));
#4908=CARTESIAN_POINT('',(-71.,0.,25.8));
#4909=CARTESIAN_POINT('Origin',(-141.,0.,25.8));
#4910=CARTESIAN_POINT('',(-141.,0.,25.8));
#4911=CARTESIAN_POINT('',(-123.5,0.,25.8));
#4912=CARTESIAN_POINT('',(-141.,0.,25.8));
#4913=CARTESIAN_POINT('Origin',(-142.,1.,25.3857864376269));
#4914=CARTESIAN_POINT('',(-142.,1.,25.3857864376269));
#4915=CARTESIAN_POINT('',(-136.482842712475,-4.51715728752537,27.6710678118655));
#4916=CARTESIAN_POINT('',(-142.,1.,25.3857864376269));
#4917=CARTESIAN_POINT('Origin',(-141.,4.6,23.8946176130838));
#4918=CARTESIAN_POINT('',(-141.,4.6,23.8946176130838));
#4919=CARTESIAN_POINT('',(-142.,4.6,23.8946176130838));
#4920=CARTESIAN_POINT('',(-123.5,4.6,23.8946176130838));
#4921=CARTESIAN_POINT('',(-142.,4.6,23.8946176130838));
#4922=CARTESIAN_POINT('',(-141.,4.6,23.8946176130838));
#4923=CARTESIAN_POINT('Origin',(-139.4,1.6,25.1372583002031));
#4924=CARTESIAN_POINT('',(-139.4,1.6,25.1372583002031));
#4925=CARTESIAN_POINT('',(-141.,1.6,25.1372583002031));
#4926=CARTESIAN_POINT('',(-122.7,1.6,25.1372583002031));
#4927=CARTESIAN_POINT('',(-141.,1.6,25.1372583002031));
#4928=CARTESIAN_POINT('',(-139.4,1.6,25.1372583002031));
#4929=CARTESIAN_POINT('Origin',(-138.4,4.6,23.8946176130838));
#4930=CARTESIAN_POINT('',(-138.4,4.6,23.8946176130838));
#4931=CARTESIAN_POINT('',(-139.4,4.6,23.8946176130838));
#4932=CARTESIAN_POINT('',(-122.2,4.6,23.8946176130838));
#4933=CARTESIAN_POINT('',(-139.4,4.6,23.8946176130838));
#4934=CARTESIAN_POINT('',(-138.4,4.6,23.8946176130838));
#4935=CARTESIAN_POINT('Origin',(-137.4,1.6,25.137258300203));
#4936=CARTESIAN_POINT('',(-138.4,3.6,24.3088311754569));
#4937=CARTESIAN_POINT('',(-136.6143023836,0.0286047672002548,25.7881515174771));
#4938=CARTESIAN_POINT('',(-138.4,3.6,24.3088311754569));
#4939=CARTESIAN_POINT('',(-137.4,1.6,25.1372583002031));
#4940=CARTESIAN_POINT('Origin',(-120.2,1.6,25.1372583002031));
#4941=CARTESIAN_POINT('',(-120.2,1.6,25.1372583002031));
#4942=CARTESIAN_POINT('Origin',(-119.2,3.59999999999999,24.3088311754569));
#4943=CARTESIAN_POINT('',(-119.2,3.6,24.3088311754569));
#4944=CARTESIAN_POINT('',(-116.536400566559,8.92719886688116,22.1022331553361));
#4945=CARTESIAN_POINT('',(-119.2,3.6,24.3088311754569));
#4946=CARTESIAN_POINT('Origin',(-118.2,4.6,23.8946176130838));
#4947=CARTESIAN_POINT('',(-118.2,4.6,23.8946176130838));
#4948=CARTESIAN_POINT('',(-119.2,4.6,23.8946176130838));
#4949=CARTESIAN_POINT('',(-112.1,4.6,23.8946176130838));
#4950=CARTESIAN_POINT('',(-119.2,4.6,23.8946176130838));
#4951=CARTESIAN_POINT('',(-118.2,4.6,23.8946176130838));
#4952=CARTESIAN_POINT('Origin',(-116.6,1.6,25.1372583002031));
#4953=CARTESIAN_POINT('',(-116.6,1.6,25.1372583002031));
#4954=CARTESIAN_POINT('',(-118.2,1.6,25.1372583002031));
#4955=CARTESIAN_POINT('',(-111.3,1.6,25.1372583002031));
#4956=CARTESIAN_POINT('',(-118.2,1.6,25.1372583002031));
#4957=CARTESIAN_POINT('',(-116.6,1.6,25.1372583002031));
#4958=CARTESIAN_POINT('Origin',(-115.6,4.6,23.8946176130838));
#4959=CARTESIAN_POINT('',(-115.6,4.6,23.8946176130838));
#4960=CARTESIAN_POINT('',(-116.6,4.6,23.8946176130838));
#4961=CARTESIAN_POINT('',(-110.8,4.6,23.8946176130838));
#4962=CARTESIAN_POINT('',(-116.6,4.6,23.8946176130838));
#4963=CARTESIAN_POINT('',(-115.6,4.6,23.8946176130838));
#4964=CARTESIAN_POINT('Origin',(-114.6,1.6,25.1372583002031));
#4965=CARTESIAN_POINT('',(-114.6,1.6,25.1372583002031));
#4966=CARTESIAN_POINT('',(-115.6,3.6,24.3088311754569));
#4967=CARTESIAN_POINT('',(-115.81912397918,4.03824795836082,24.1273029274215));
#4968=CARTESIAN_POINT('',(-115.6,3.6,24.3088311754569));
#4969=CARTESIAN_POINT('',(-114.6,1.6,25.1372583002031));
#4970=CARTESIAN_POINT('Origin',(-97.4,1.6,25.1372583002031));
#4971=CARTESIAN_POINT('',(-97.4,1.6,25.1372583002031));
#4972=CARTESIAN_POINT('',(-101.7,1.6,25.1372583002031));
#4973=CARTESIAN_POINT('',(-97.4,1.6,25.1372583002031));
#4974=CARTESIAN_POINT('Origin',(-96.4,3.6,24.3088311754569));
#4975=CARTESIAN_POINT('',(-96.4,3.6,24.3088311754569));
#4976=CARTESIAN_POINT('',(-95.7412221621397,4.9175556757206,23.7630817453917));
#4977=CARTESIAN_POINT('',(-96.4,3.6,24.3088311754569));
#4978=CARTESIAN_POINT('Origin',(-96.4,4.6,0.));
#4979=CARTESIAN_POINT('',(-96.4,3.6,0.));
#4980=CARTESIAN_POINT('',(-96.4,4.6,0.));
#4981=CARTESIAN_POINT('',(-96.4,3.6,0.));
#4982=CARTESIAN_POINT('',(-96.4,3.6,0.));
#4983=CARTESIAN_POINT('',(-96.4,96.55,0.));
#4984=CARTESIAN_POINT('',(-96.4,4.6,0.));
#4985=CARTESIAN_POINT('Origin',(-95.4,4.6,0.));
#4986=CARTESIAN_POINT('',(-95.4,4.6,0.));
#4987=CARTESIAN_POINT('',(-96.4,4.6,0.));
#4988=CARTESIAN_POINT('',(-95.4,4.6,0.));
#4989=CARTESIAN_POINT('Origin',(-95.4,1.6,0.));
#4990=CARTESIAN_POINT('',(-95.4,1.6,0.));
#4991=CARTESIAN_POINT('',(-95.4,4.6,0.));
#4992=CARTESIAN_POINT('',(-95.4,98.05,0.));
#4993=CARTESIAN_POINT('',(-95.4,1.6,0.));
#4994=CARTESIAN_POINT('Origin',(-93.8,1.6,0.));
#4995=CARTESIAN_POINT('',(-93.8,1.6,0.));
#4996=CARTESIAN_POINT('',(-95.4,1.6,0.));
#4997=CARTESIAN_POINT('',(-93.8,1.6,0.));
#4998=CARTESIAN_POINT('Origin',(-93.8,4.6,0.));
#4999=CARTESIAN_POINT('',(-93.8,4.6,0.));
#5000=CARTESIAN_POINT('',(-93.8,1.6,0.));
#5001=CARTESIAN_POINT('',(-93.8,96.55,0.));
#5002=CARTESIAN_POINT('',(-93.8,4.6,0.));
#5003=CARTESIAN_POINT('Origin',(-92.8,4.6,0.));
#5004=CARTESIAN_POINT('',(-92.8,4.6,0.));
#5005=CARTESIAN_POINT('',(-93.8,4.6,0.));
#5006=CARTESIAN_POINT('',(-92.8,4.6,0.));
#5007=CARTESIAN_POINT('Origin',(-92.8,3.6,0.));
#5008=CARTESIAN_POINT('',(-92.8,3.6,0.));
#5009=CARTESIAN_POINT('',(-92.8,4.6,0.));
#5010=CARTESIAN_POINT('',(-92.8,97.05,0.));
#5011=CARTESIAN_POINT('',(-92.8,3.6,0.));
#5012=CARTESIAN_POINT('Origin',(-91.8,1.6,0.));
#5013=CARTESIAN_POINT('',(-92.8,3.6,0.));
#5014=CARTESIAN_POINT('Origin',(-73.6,3.6,0.));
#5015=CARTESIAN_POINT('',(-73.6,3.6,0.));
#5016=CARTESIAN_POINT('',(-74.6,1.6,0.));
#5017=CARTESIAN_POINT('',(-73.6,3.6,0.));
#5018=CARTESIAN_POINT('Origin',(-73.6,4.6,0.));
#5019=CARTESIAN_POINT('',(-73.6,4.6,0.));
#5020=CARTESIAN_POINT('',(-73.6,3.6,0.));
#5021=CARTESIAN_POINT('',(-73.6,96.55,0.));
#5022=CARTESIAN_POINT('',(-73.6,4.6,0.));
#5023=CARTESIAN_POINT('Origin',(-72.6,4.6,0.));
#5024=CARTESIAN_POINT('',(-72.6,4.6,0.));
#5025=CARTESIAN_POINT('',(-73.6,4.6,0.));
#5026=CARTESIAN_POINT('',(-72.6,4.6,0.));
#5027=CARTESIAN_POINT('Origin',(-72.6,1.6,0.));
#5028=CARTESIAN_POINT('',(-72.6,1.6,0.));
#5029=CARTESIAN_POINT('',(-72.6,4.6,0.));
#5030=CARTESIAN_POINT('',(-72.6,98.05,0.));
#5031=CARTESIAN_POINT('',(-72.6,1.6,0.));
#5032=CARTESIAN_POINT('Origin',(-71.,1.6,0.));
#5033=CARTESIAN_POINT('',(-71.,1.6,0.));
#5034=CARTESIAN_POINT('',(-72.6,1.6,0.));
#5035=CARTESIAN_POINT('',(-71.,1.6,0.));
#5036=CARTESIAN_POINT('Origin',(-71.,4.6,0.));
#5037=CARTESIAN_POINT('',(-71.,4.6,0.));
#5038=CARTESIAN_POINT('',(-71.,1.6,0.));
#5039=CARTESIAN_POINT('',(-71.,96.55,0.));
#5040=CARTESIAN_POINT('',(-71.,4.6,0.));
#5041=CARTESIAN_POINT('Origin',(-70.,4.6,0.));
#5042=CARTESIAN_POINT('',(-70.,4.6,0.));
#5043=CARTESIAN_POINT('',(-71.,4.6,0.));
#5044=CARTESIAN_POINT('',(-70.,4.6,0.));
#5045=CARTESIAN_POINT('Origin',(-70.,1.,0.));
#5046=CARTESIAN_POINT('',(-70.,1.,0.));
#5047=CARTESIAN_POINT('',(-70.,4.6,0.));
#5048=CARTESIAN_POINT('',(-70.,98.3499999999999,0.));
#5049=CARTESIAN_POINT('',(-70.,1.,0.));
#5050=CARTESIAN_POINT('Origin',(-71.,0.,0.));
#5051=CARTESIAN_POINT('',(-71.,0.,0.));
#5052=CARTESIAN_POINT('',(-70.,1.,0.));
#5053=CARTESIAN_POINT('',(-71.,0.,0.));
#5054=CARTESIAN_POINT('Origin',(-141.,0.,0.));
#5055=CARTESIAN_POINT('',(-141.,0.,0.));
#5056=CARTESIAN_POINT('',(-71.,0.,0.));
#5057=CARTESIAN_POINT('',(-141.,0.,0.));
#5058=CARTESIAN_POINT('Origin',(-142.,1.,0.));
#5059=CARTESIAN_POINT('',(-142.,1.,0.));
#5060=CARTESIAN_POINT('',(-142.,1.,0.));
#5061=CARTESIAN_POINT('',(-142.,1.,0.));
#5062=CARTESIAN_POINT('Origin',(-142.,4.6,0.));
#5063=CARTESIAN_POINT('',(-142.,4.6,0.));
#5064=CARTESIAN_POINT('',(-142.,1.,0.));
#5065=CARTESIAN_POINT('',(-142.,96.55,0.));
#5066=CARTESIAN_POINT('',(-142.,4.6,0.));
#5067=CARTESIAN_POINT('Origin',(-141.,4.6,0.));
#5068=CARTESIAN_POINT('',(-141.,4.6,0.));
#5069=CARTESIAN_POINT('',(-142.,4.6,0.));
#5070=CARTESIAN_POINT('',(-141.,4.6,0.));
#5071=CARTESIAN_POINT('Origin',(-141.,1.6,0.));
#5072=CARTESIAN_POINT('',(-141.,1.6,0.));
#5073=CARTESIAN_POINT('',(-141.,4.6,0.));
#5074=CARTESIAN_POINT('',(-141.,98.05,0.));
#5075=CARTESIAN_POINT('',(-141.,1.6,0.));
#5076=CARTESIAN_POINT('Origin',(-139.4,1.6,0.));
#5077=CARTESIAN_POINT('',(-139.4,1.6,0.));
#5078=CARTESIAN_POINT('',(-141.,1.6,0.));
#5079=CARTESIAN_POINT('',(-139.4,1.6,0.));
#5080=CARTESIAN_POINT('Origin',(-139.4,4.6,0.));
#5081=CARTESIAN_POINT('',(-139.4,4.6,0.));
#5082=CARTESIAN_POINT('',(-139.4,1.6,0.));
#5083=CARTESIAN_POINT('',(-139.4,96.55,0.));
#5084=CARTESIAN_POINT('',(-139.4,4.6,0.));
#5085=CARTESIAN_POINT('Origin',(-138.4,4.6,0.));
#5086=CARTESIAN_POINT('',(-138.4,4.6,0.));
#5087=CARTESIAN_POINT('',(-139.4,4.6,0.));
#5088=CARTESIAN_POINT('',(-138.4,4.6,0.));
#5089=CARTESIAN_POINT('Origin',(-138.4,3.6,0.));
#5090=CARTESIAN_POINT('',(-138.4,3.6,0.));
#5091=CARTESIAN_POINT('',(-138.4,4.6,0.));
#5092=CARTESIAN_POINT('',(-138.4,97.05,0.));
#5093=CARTESIAN_POINT('',(-138.4,3.6,0.));
#5094=CARTESIAN_POINT('Origin',(-137.4,1.6,0.));
#5095=CARTESIAN_POINT('',(-137.4,1.6,0.));
#5096=CARTESIAN_POINT('Origin',(-119.2,3.6,0.));
#5097=CARTESIAN_POINT('',(-119.2,3.6,0.));
#5098=CARTESIAN_POINT('',(-119.2,3.6,0.));
#5099=CARTESIAN_POINT('',(-119.2,3.6,0.));
#5100=CARTESIAN_POINT('Origin',(-119.2,4.6,0.));
#5101=CARTESIAN_POINT('',(-119.2,4.6,0.));
#5102=CARTESIAN_POINT('',(-119.2,3.6,0.));
#5103=CARTESIAN_POINT('',(-119.2,96.55,0.));
#5104=CARTESIAN_POINT('',(-119.2,4.6,0.));
#5105=CARTESIAN_POINT('Origin',(-118.2,4.6,0.));
#5106=CARTESIAN_POINT('',(-118.2,4.6,0.));
#5107=CARTESIAN_POINT('',(-119.2,4.6,0.));
#5108=CARTESIAN_POINT('',(-118.2,4.6,0.));
#5109=CARTESIAN_POINT('Origin',(-118.2,1.6,0.));
#5110=CARTESIAN_POINT('',(-118.2,1.6,0.));
#5111=CARTESIAN_POINT('',(-118.2,4.6,0.));
#5112=CARTESIAN_POINT('',(-118.2,98.05,0.));
#5113=CARTESIAN_POINT('',(-118.2,1.6,0.));
#5114=CARTESIAN_POINT('Origin',(-116.6,1.6,0.));
#5115=CARTESIAN_POINT('',(-116.6,1.6,0.));
#5116=CARTESIAN_POINT('',(-118.2,1.6,0.));
#5117=CARTESIAN_POINT('',(-116.6,1.6,0.));
#5118=CARTESIAN_POINT('Origin',(-116.6,4.6,0.));
#5119=CARTESIAN_POINT('',(-116.6,4.6,0.));
#5120=CARTESIAN_POINT('',(-116.6,1.6,0.));
#5121=CARTESIAN_POINT('',(-116.6,96.55,0.));
#5122=CARTESIAN_POINT('',(-116.6,4.6,0.));
#5123=CARTESIAN_POINT('Origin',(-115.6,4.6,0.));
#5124=CARTESIAN_POINT('',(-115.6,4.6,0.));
#5125=CARTESIAN_POINT('',(-116.6,4.6,0.));
#5126=CARTESIAN_POINT('',(-115.6,4.6,0.));
#5127=CARTESIAN_POINT('Origin',(-115.6,3.6,0.));
#5128=CARTESIAN_POINT('',(-115.6,3.6,0.));
#5129=CARTESIAN_POINT('',(-115.6,4.6,0.));
#5130=CARTESIAN_POINT('',(-115.6,97.05,0.));
#5131=CARTESIAN_POINT('',(-115.6,3.6,0.));
#5132=CARTESIAN_POINT('Origin',(-114.6,1.6,0.));
#5133=CARTESIAN_POINT('',(-114.6,1.6,0.));
#5134=CARTESIAN_POINT('',(-114.6,1.6,0.));
#5135=CARTESIAN_POINT('',(-114.6,1.6,0.));
#5136=CARTESIAN_POINT('Origin',(-97.4,1.6,0.));
#5137=CARTESIAN_POINT('',(-97.4,1.6,0.));
#5138=CARTESIAN_POINT('',(-114.6,1.6,0.));
#5139=CARTESIAN_POINT('',(-97.4,1.6,0.));
#5140=CARTESIAN_POINT('Origin',(-96.4,3.6,0.));
#5141=CARTESIAN_POINT('',(-96.4,3.6,0.));
#5142=CARTESIAN_POINT('Origin',(-106.,97.7,0.));
#5143=CARTESIAN_POINT('Origin',(-106.,2.3,0.));
#5144=UNCERTAINTY_MEASURE_WITH_UNIT(LENGTH_MEASURE(0.01),#5148,
'DISTANCE_ACCURACY_VALUE',
'Maximum model space distance between geometric entities at asserted c
onnectivities');
#5145=UNCERTAINTY_MEASURE_WITH_UNIT(LENGTH_MEASURE(0.01),#5148,
'DISTANCE_ACCURACY_VALUE',
'Maximum model space distance between geometric entities at asserted c
onnectivities');
#5146=(
GEOMETRIC_REPRESENTATION_CONTEXT(3)
GLOBAL_UNCERTAINTY_ASSIGNED_CONTEXT((#5144))
GLOBAL_UNIT_ASSIGNED_CONTEXT((#5148,#5149,#5150))
REPRESENTATION_CONTEXT('','3D')
);
#5147=(
GEOMETRIC_REPRESENTATION_CONTEXT(3)
GLOBAL_UNCERTAINTY_ASSIGNED_CONTEXT((#5145))
GLOBAL_UNIT_ASSIGNED_CONTEXT((#5148,#5149,#5150))
REPRESENTATION_CONTEXT('','3D')
);
#5148=(
LENGTH_UNIT()
NAMED_UNIT(*)
SI_UNIT(.MILLI.,.METRE.)
);
#5149=(
NAMED_UNIT(*)
PLANE_ANGLE_UNIT()
SI_UNIT($,.RADIAN.)
);
#5150=(
NAMED_UNIT(*)
SI_UNIT($,.STERADIAN.)
SOLID_ANGLE_UNIT()
);
#5151=SHAPE_DEFINITION_REPRESENTATION(#5152,#5153);
#5152=PRODUCT_DEFINITION_SHAPE('',$,#5155);
#5153=SHAPE_REPRESENTATION('',(#3184),#5146);
#5154=PRODUCT_DEFINITION_CONTEXT('part definition',#5159,'design');
#5155=PRODUCT_DEFINITION('HEPA','HEPA v7',#5156,#5154);
#5156=PRODUCT_DEFINITION_FORMATION('',$,#5161);
#5157=PRODUCT_RELATED_PRODUCT_CATEGORY('HEPA v7','HEPA v7',(#5161));
#5158=APPLICATION_PROTOCOL_DEFINITION('international standard',
'automotive_design',2009,#5159);
#5159=APPLICATION_CONTEXT(
'Core Data for Automotive Mechanical Design Process');
#5160=PRODUCT_CONTEXT('part definition',#5159,'mechanical');
#5161=PRODUCT('HEPA','HEPA v7',$,(#5160));
#5162=PRESENTATION_STYLE_ASSIGNMENT((#5163));
#5163=SURFACE_STYLE_USAGE(.BOTH.,#5164);
#5164=SURFACE_SIDE_STYLE('',(#5165));
#5165=SURFACE_STYLE_FILL_AREA(#5166);
#5166=FILL_AREA_STYLE('\X2\94A2\X0\ - \X2\7F0E5149\X0\',(#5167));
#5167=FILL_AREA_STYLE_COLOUR('\X2\94A2\X0\ - \X2\7F0E5149\X0\',#5168);
#5168=COLOUR_RGB('\X2\94A2\X0\ - \X2\7F0E5149\X0\',0.627450980392157,0.627450980392157,
0.627450980392157);
ENDSEC;
END-ISO-10303-21;
