ISO-10303-21;
HEADER;
/* Generated by software containing ST-Developer
 * from STEP Tools, Inc. (www.steptools.com) 
 */

FILE_DESCRIPTION(
/* description */ (''),
/* implementation_level */ '2;1');

FILE_NAME(
/* name */ 'R07 Gauge.stp',
/* time_stamp */ '2025-04-23T18:43:34+10:00',
/* author */ (''),
/* organization */ (''),
/* preprocessor_version */ 'ST-DEVELOPER v20.1',
/* originating_system */ 'Autodesk Translation Framework v14.4.0.0',
/* authorisation */ '');

FILE_SCHEMA (('AUTOMOTIVE_DESIGN { 1 0 10303 214 3 1 1 }'));
ENDSEC;

DATA;
#10=MECHANICAL_DESIGN_GEOMETRIC_PRESENTATION_REPRESENTATION('',(#13),#1778);
#11=SHAPE_REPRESENTATION_RELATIONSHIP('SRR','None',#1785,#12);
#12=ADVANCED_BREP_SHAPE_REPRESENTATION('',(#14),#1777);
#13=STYLED_ITEM('',(#1794),#14);
#14=MANIFOLD_SOLID_BREP('Body1',#942);
#15=CYLINDRICAL_SURFACE('',#981,7.);
#16=B_SPLINE_SURFACE_WITH_KNOTS('',3,1,((#1307,#1308),(#1309,#1310),(#1311,
#1312),(#1313,#1314),(#1315,#1316)),.UNSPECIFIED.,.F.,.F.,.F.,(4,1,4),(2,
2),(0.,0.0292683046402059,0.0877278816271959),(0.,0.04),.UNSPECIFIED.);
#17=B_SPLINE_SURFACE_WITH_KNOTS('',3,1,((#1330,#1331),(#1332,#1333),(#1334,
#1335),(#1336,#1337),(#1338,#1339)),.UNSPECIFIED.,.F.,.F.,.F.,(4,1,4),(2,
2),(0.,0.0245137084432334,0.0517312719764843),(0.,0.04),.UNSPECIFIED.);
#18=B_SPLINE_SURFACE_WITH_KNOTS('',3,1,((#1353,#1354),(#1355,#1356),(#1357,
#1358),(#1359,#1360),(#1361,#1362)),.UNSPECIFIED.,.F.,.F.,.F.,(4,1,4),(2,
2),(0.,0.0274425680625578,0.0519583922673294),(0.,0.04),.UNSPECIFIED.);
#19=B_SPLINE_SURFACE_WITH_KNOTS('',3,1,((#1376,#1377),(#1378,#1379),(#1380,
#1381),(#1382,#1383),(#1384,#1385)),.UNSPECIFIED.,.F.,.F.,.F.,(4,1,4),(2,
2),(0.,0.0220732232643195,0.0468214363530435),(0.,0.04),.UNSPECIFIED.);
#20=B_SPLINE_SURFACE_WITH_KNOTS('',3,1,((#1399,#1400),(#1401,#1402),(#1403,
#1404),(#1405,#1406),(#1407,#1408)),.UNSPECIFIED.,.F.,.F.,.F.,(4,1,4),(2,
2),(0.,0.0216065502965852,0.0426391915051792),(0.,0.04),.UNSPECIFIED.);
#21=B_SPLINE_SURFACE_WITH_KNOTS('',3,1,((#1422,#1423),(#1424,#1425),(#1426,
#1427),(#1428,#1429),(#1430,#1431)),.UNSPECIFIED.,.F.,.F.,.F.,(4,1,4),(2,
2),(0.,0.0702538216177741,0.108403218828905),(0.,0.04),.UNSPECIFIED.);
#22=B_SPLINE_SURFACE_WITH_KNOTS('',3,1,((#1464,#1465),(#1466,#1467),(#1468,
#1469),(#1470,#1471),(#1472,#1473)),.UNSPECIFIED.,.F.,.F.,.F.,(4,1,4),(2,
2),(0.,0.0251681682852492,0.0610327282194378),(0.,0.04),.UNSPECIFIED.);
#23=B_SPLINE_SURFACE_WITH_KNOTS('',3,1,((#1481,#1482),(#1483,#1484),(#1485,
#1486),(#1487,#1488),(#1489,#1490)),.UNSPECIFIED.,.F.,.F.,.F.,(4,1,4),(2,
2),(0.,0.0232381939306405,0.0441174517585879),(0.,0.04),.UNSPECIFIED.);
#24=B_SPLINE_SURFACE_WITH_KNOTS('',3,1,((#1498,#1499),(#1500,#1501),(#1502,
#1503),(#1504,#1505),(#1506,#1507)),.UNSPECIFIED.,.F.,.F.,.F.,(4,1,4),(2,
2),(0.,0.0687027131930971,0.108050995604873),(0.,0.04),.UNSPECIFIED.);
#25=B_SPLINE_SURFACE_WITH_KNOTS('',3,1,((#1527,#1528),(#1529,#1530),(#1531,
#1532),(#1533,#1534),(#1535,#1536)),.UNSPECIFIED.,.F.,.F.,.F.,(4,1,4),(2,
2),(0.,0.048089486218889,0.118489257737085),(0.,0.04),.UNSPECIFIED.);
#26=B_SPLINE_SURFACE_WITH_KNOTS('',3,1,((#1544,#1545),(#1546,#1547),(#1548,
#1549),(#1550,#1551),(#1552,#1553)),.UNSPECIFIED.,.F.,.F.,.F.,(4,1,4),(2,
2),(0.,0.0428271087353407,0.081661699097431),(0.,0.04),.UNSPECIFIED.);
#27=B_SPLINE_SURFACE_WITH_KNOTS('',3,1,((#1561,#1562),(#1563,#1564),(#1565,
#1566),(#1567,#1568),(#1569,#1570)),.UNSPECIFIED.,.F.,.F.,.F.,(4,1,4),(2,
2),(0.,0.0606478741289087,0.131953803512571),(0.,0.04),.UNSPECIFIED.);
#28=B_SPLINE_SURFACE_WITH_KNOTS('',3,1,((#1578,#1579),(#1580,#1581),(#1582,
#1583),(#1584,#1585),(#1586,#1587)),.UNSPECIFIED.,.F.,.F.,.F.,(4,1,4),(2,
2),(0.,0.0619341756070439,0.119554039611203),(0.,0.04),.UNSPECIFIED.);
#29=B_SPLINE_SURFACE_WITH_KNOTS('',3,1,((#1595,#1596),(#1597,#1598),(#1599,
#1600),(#1601,#1602),(#1603,#1604)),.UNSPECIFIED.,.F.,.F.,.F.,(4,1,4),(2,
2),(0.,0.0480709378532739,0.0983233220010378),(0.,0.04),.UNSPECIFIED.);
#30=B_SPLINE_SURFACE_WITH_KNOTS('',3,1,((#1612,#1613),(#1614,#1615),(#1616,
#1617),(#1618,#1619),(#1620,#1621)),.UNSPECIFIED.,.F.,.F.,.F.,(4,1,4),(2,
2),(0.,0.0448451320081345,0.0909536372865049),(0.,0.04),.UNSPECIFIED.);
#31=B_SPLINE_SURFACE_WITH_KNOTS('',3,1,((#1629,#1630),(#1631,#1632),(#1633,
#1634),(#1635,#1636),(#1637,#1638)),.UNSPECIFIED.,.F.,.F.,.F.,(4,1,4),(2,
2),(0.,0.0824554494320585,0.140001490706005),(0.,0.04),.UNSPECIFIED.);
#32=B_SPLINE_SURFACE_WITH_KNOTS('',3,1,((#1657,#1658),(#1659,#1660),(#1661,
#1662),(#1663,#1664),(#1665,#1666)),.UNSPECIFIED.,.F.,.F.,.F.,(4,1,4),(2,
2),(0.,0.133840641733339,0.263715198070552),(0.,0.04),.UNSPECIFIED.);
#33=B_SPLINE_SURFACE_WITH_KNOTS('',3,1,((#1676,#1677),(#1678,#1679),(#1680,
#1681),(#1682,#1683),(#1684,#1685)),.UNSPECIFIED.,.F.,.F.,.F.,(4,1,4),(2,
2),(0.,0.125429460862339,0.257711832373274),(0.,0.04),.UNSPECIFIED.);
#34=B_SPLINE_SURFACE_WITH_KNOTS('',3,1,((#1697,#1698),(#1699,#1700),(#1701,
#1702),(#1703,#1704),(#1705,#1706)),.UNSPECIFIED.,.F.,.F.,.F.,(4,1,4),(2,
2),(0.,0.0967329339174478,0.181047473051241),(0.,0.04),.UNSPECIFIED.);
#35=B_SPLINE_SURFACE_WITH_KNOTS('',3,1,((#1714,#1715),(#1716,#1717),(#1718,
#1719),(#1720,#1721),(#1722,#1723)),.UNSPECIFIED.,.F.,.F.,.F.,(4,1,4),(2,
2),(0.,0.101703122838191,0.204145899034369),(0.,0.04),.UNSPECIFIED.);
#36=B_SPLINE_SURFACE_WITH_KNOTS('',3,1,((#1731,#1732),(#1733,#1734),(#1735,
#1736),(#1737,#1738),(#1739,#1740)),.UNSPECIFIED.,.F.,.F.,.F.,(4,1,4),(2,
2),(0.,0.0756276158403474,0.16848934910311),(0.,0.04),.UNSPECIFIED.);
#37=FACE_BOUND('',#137,.T.);
#38=FACE_BOUND('',#138,.T.);
#39=FACE_BOUND('',#170,.T.);
#40=B_SPLINE_CURVE_WITH_KNOTS('',3,(#1180,#1181,#1182,#1183,#1184),
 .UNSPECIFIED.,.F.,.F.,(4,1,4),(0.,0.0824554494320585,0.140001490706005),
 .UNSPECIFIED.);
#41=B_SPLINE_CURVE_WITH_KNOTS('',3,(#1186,#1187,#1188,#1189,#1190),
 .UNSPECIFIED.,.F.,.F.,(4,1,4),(0.,0.0448451320081345,0.0909536372865049),
 .UNSPECIFIED.);
#42=B_SPLINE_CURVE_WITH_KNOTS('',3,(#1192,#1193,#1194,#1195,#1196),
 .UNSPECIFIED.,.F.,.F.,(4,1,4),(0.,0.0480709378532739,0.0983233220010378),
 .UNSPECIFIED.);
#43=B_SPLINE_CURVE_WITH_KNOTS('',3,(#1198,#1199,#1200,#1201,#1202),
 .UNSPECIFIED.,.F.,.F.,(4,1,4),(0.,0.0619341756070439,0.119554039611203),
 .UNSPECIFIED.);
#44=B_SPLINE_CURVE_WITH_KNOTS('',3,(#1204,#1205,#1206,#1207,#1208),
 .UNSPECIFIED.,.F.,.F.,(4,1,4),(0.,0.0606478741289087,0.131953803512571),
 .UNSPECIFIED.);
#45=B_SPLINE_CURVE_WITH_KNOTS('',3,(#1210,#1211,#1212,#1213,#1214),
 .UNSPECIFIED.,.F.,.F.,(4,1,4),(0.,0.0428271087353407,0.081661699097431),
 .UNSPECIFIED.);
#46=B_SPLINE_CURVE_WITH_KNOTS('',3,(#1216,#1217,#1218,#1219,#1220),
 .UNSPECIFIED.,.F.,.F.,(4,1,4),(0.,0.048089486218889,0.118489257737085),
 .UNSPECIFIED.);
#47=B_SPLINE_CURVE_WITH_KNOTS('',3,(#1228,#1229,#1230,#1231,#1232),
 .UNSPECIFIED.,.F.,.F.,(4,1,4),(0.,0.0687027131930971,0.108050995604873),
 .UNSPECIFIED.);
#48=B_SPLINE_CURVE_WITH_KNOTS('',3,(#1234,#1235,#1236,#1237,#1238),
 .UNSPECIFIED.,.F.,.F.,(4,1,4),(0.,0.0232381939306405,0.0441174517585879),
 .UNSPECIFIED.);
#49=B_SPLINE_CURVE_WITH_KNOTS('',3,(#1240,#1241,#1242,#1243,#1244),
 .UNSPECIFIED.,.F.,.F.,(4,1,4),(0.,0.0251681682852492,0.0610327282194378),
 .UNSPECIFIED.);
#50=B_SPLINE_CURVE_WITH_KNOTS('',3,(#1248,#1249,#1250,#1251,#1252),
 .UNSPECIFIED.,.F.,.F.,(4,1,4),(0.,0.133840641733339,0.263715198070552),
 .UNSPECIFIED.);
#51=B_SPLINE_CURVE_WITH_KNOTS('',3,(#1262,#1263,#1264,#1265,#1266),
 .UNSPECIFIED.,.F.,.F.,(4,1,4),(0.,0.0756276158403474,0.16848934910311),
 .UNSPECIFIED.);
#52=B_SPLINE_CURVE_WITH_KNOTS('',3,(#1268,#1269,#1270,#1271,#1272),
 .UNSPECIFIED.,.F.,.F.,(4,1,4),(0.,0.101703122838191,0.204145899034369),
 .UNSPECIFIED.);
#53=B_SPLINE_CURVE_WITH_KNOTS('',3,(#1274,#1275,#1276,#1277,#1278),
 .UNSPECIFIED.,.F.,.F.,(4,1,4),(0.,0.0967329339174478,0.181047473051241),
 .UNSPECIFIED.);
#54=B_SPLINE_CURVE_WITH_KNOTS('',3,(#1281,#1282,#1283,#1284,#1285),
 .UNSPECIFIED.,.F.,.F.,(4,1,4),(0.,0.125429460862339,0.257711832373274),
 .UNSPECIFIED.);
#55=B_SPLINE_CURVE_WITH_KNOTS('',3,(#1318,#1319,#1320,#1321,#1322),
 .UNSPECIFIED.,.F.,.F.,(4,1,4),(0.,0.0292683046402059,0.0877278816271959),
 .UNSPECIFIED.);
#56=B_SPLINE_CURVE_WITH_KNOTS('',3,(#1325,#1326,#1327,#1328,#1329),
 .UNSPECIFIED.,.F.,.F.,(4,1,4),(0.,0.0292683046402059,0.0877278816271959),
 .UNSPECIFIED.);
#57=B_SPLINE_CURVE_WITH_KNOTS('',3,(#1341,#1342,#1343,#1344,#1345),
 .UNSPECIFIED.,.F.,.F.,(4,1,4),(0.,0.0245137084432334,0.0517312719764843),
 .UNSPECIFIED.);
#58=B_SPLINE_CURVE_WITH_KNOTS('',3,(#1348,#1349,#1350,#1351,#1352),
 .UNSPECIFIED.,.F.,.F.,(4,1,4),(0.,0.0245137084432334,0.0517312719764843),
 .UNSPECIFIED.);
#59=B_SPLINE_CURVE_WITH_KNOTS('',3,(#1364,#1365,#1366,#1367,#1368),
 .UNSPECIFIED.,.F.,.F.,(4,1,4),(0.,0.0274425680625578,0.0519583922673294),
 .UNSPECIFIED.);
#60=B_SPLINE_CURVE_WITH_KNOTS('',3,(#1371,#1372,#1373,#1374,#1375),
 .UNSPECIFIED.,.F.,.F.,(4,1,4),(0.,0.0274425680625578,0.0519583922673294),
 .UNSPECIFIED.);
#61=B_SPLINE_CURVE_WITH_KNOTS('',3,(#1387,#1388,#1389,#1390,#1391),
 .UNSPECIFIED.,.F.,.F.,(4,1,4),(0.,0.0220732232643195,0.0468214363530435),
 .UNSPECIFIED.);
#62=B_SPLINE_CURVE_WITH_KNOTS('',3,(#1394,#1395,#1396,#1397,#1398),
 .UNSPECIFIED.,.F.,.F.,(4,1,4),(0.,0.0220732232643195,0.0468214363530435),
 .UNSPECIFIED.);
#63=B_SPLINE_CURVE_WITH_KNOTS('',3,(#1410,#1411,#1412,#1413,#1414),
 .UNSPECIFIED.,.F.,.F.,(4,1,4),(0.,0.0216065502965852,0.0426391915051792),
 .UNSPECIFIED.);
#64=B_SPLINE_CURVE_WITH_KNOTS('',3,(#1417,#1418,#1419,#1420,#1421),
 .UNSPECIFIED.,.F.,.F.,(4,1,4),(0.,0.0216065502965852,0.0426391915051792),
 .UNSPECIFIED.);
#65=B_SPLINE_CURVE_WITH_KNOTS('',3,(#1433,#1434,#1435,#1436,#1437),
 .UNSPECIFIED.,.F.,.F.,(4,1,4),(0.,0.0702538216177741,0.108403218828905),
 .UNSPECIFIED.);
#66=B_SPLINE_CURVE_WITH_KNOTS('',3,(#1440,#1441,#1442,#1443,#1444),
 .UNSPECIFIED.,.F.,.F.,(4,1,4),(0.,0.0702538216177741,0.108403218828905),
 .UNSPECIFIED.);
#67=B_SPLINE_CURVE_WITH_KNOTS('',3,(#1476,#1477,#1478,#1479,#1480),
 .UNSPECIFIED.,.F.,.F.,(4,1,4),(0.,0.0251681682852492,0.0610327282194378),
 .UNSPECIFIED.);
#68=B_SPLINE_CURVE_WITH_KNOTS('',3,(#1493,#1494,#1495,#1496,#1497),
 .UNSPECIFIED.,.F.,.F.,(4,1,4),(0.,0.0232381939306405,0.0441174517585879),
 .UNSPECIFIED.);
#69=B_SPLINE_CURVE_WITH_KNOTS('',3,(#1510,#1511,#1512,#1513,#1514),
 .UNSPECIFIED.,.F.,.F.,(4,1,4),(0.,0.0687027131930971,0.108050995604873),
 .UNSPECIFIED.);
#70=B_SPLINE_CURVE_WITH_KNOTS('',3,(#1539,#1540,#1541,#1542,#1543),
 .UNSPECIFIED.,.F.,.F.,(4,1,4),(0.,0.048089486218889,0.118489257737085),
 .UNSPECIFIED.);
#71=B_SPLINE_CURVE_WITH_KNOTS('',3,(#1556,#1557,#1558,#1559,#1560),
 .UNSPECIFIED.,.F.,.F.,(4,1,4),(0.,0.0428271087353407,0.081661699097431),
 .UNSPECIFIED.);
#72=B_SPLINE_CURVE_WITH_KNOTS('',3,(#1573,#1574,#1575,#1576,#1577),
 .UNSPECIFIED.,.F.,.F.,(4,1,4),(0.,0.0606478741289087,0.131953803512571),
 .UNSPECIFIED.);
#73=B_SPLINE_CURVE_WITH_KNOTS('',3,(#1590,#1591,#1592,#1593,#1594),
 .UNSPECIFIED.,.F.,.F.,(4,1,4),(0.,0.0619341756070439,0.119554039611203),
 .UNSPECIFIED.);
#74=B_SPLINE_CURVE_WITH_KNOTS('',3,(#1607,#1608,#1609,#1610,#1611),
 .UNSPECIFIED.,.F.,.F.,(4,1,4),(0.,0.0480709378532739,0.0983233220010378),
 .UNSPECIFIED.);
#75=B_SPLINE_CURVE_WITH_KNOTS('',3,(#1624,#1625,#1626,#1627,#1628),
 .UNSPECIFIED.,.F.,.F.,(4,1,4),(0.,0.0448451320081345,0.0909536372865049),
 .UNSPECIFIED.);
#76=B_SPLINE_CURVE_WITH_KNOTS('',3,(#1641,#1642,#1643,#1644,#1645),
 .UNSPECIFIED.,.F.,.F.,(4,1,4),(0.,0.0824554494320585,0.140001490706005),
 .UNSPECIFIED.);
#77=B_SPLINE_CURVE_WITH_KNOTS('',3,(#1670,#1671,#1672,#1673,#1674),
 .UNSPECIFIED.,.F.,.F.,(4,1,4),(0.,0.133840641733339,0.263715198070552),
 .UNSPECIFIED.);
#78=B_SPLINE_CURVE_WITH_KNOTS('',3,(#1688,#1689,#1690,#1691,#1692),
 .UNSPECIFIED.,.F.,.F.,(4,1,4),(0.,0.125429460862339,0.257711832373274),
 .UNSPECIFIED.);
#79=B_SPLINE_CURVE_WITH_KNOTS('',3,(#1709,#1710,#1711,#1712,#1713),
 .UNSPECIFIED.,.F.,.F.,(4,1,4),(0.,0.0967329339174478,0.181047473051241),
 .UNSPECIFIED.);
#80=B_SPLINE_CURVE_WITH_KNOTS('',3,(#1726,#1727,#1728,#1729,#1730),
 .UNSPECIFIED.,.F.,.F.,(4,1,4),(0.,0.101703122838191,0.204145899034369),
 .UNSPECIFIED.);
#81=B_SPLINE_CURVE_WITH_KNOTS('',3,(#1743,#1744,#1745,#1746,#1747),
 .UNSPECIFIED.,.F.,.F.,(4,1,4),(0.,0.0756276158403474,0.16848934910311),
 .UNSPECIFIED.);
#82=CIRCLE('',#959,7.);
#83=CIRCLE('',#982,7.);
#84=FACE_OUTER_BOUND('',#134,.T.);
#85=FACE_OUTER_BOUND('',#135,.T.);
#86=FACE_OUTER_BOUND('',#136,.T.);
#87=FACE_OUTER_BOUND('',#139,.T.);
#88=FACE_OUTER_BOUND('',#140,.T.);
#89=FACE_OUTER_BOUND('',#141,.T.);
#90=FACE_OUTER_BOUND('',#142,.T.);
#91=FACE_OUTER_BOUND('',#143,.T.);
#92=FACE_OUTER_BOUND('',#144,.T.);
#93=FACE_OUTER_BOUND('',#145,.T.);
#94=FACE_OUTER_BOUND('',#146,.T.);
#95=FACE_OUTER_BOUND('',#147,.T.);
#96=FACE_OUTER_BOUND('',#148,.T.);
#97=FACE_OUTER_BOUND('',#149,.T.);
#98=FACE_OUTER_BOUND('',#150,.T.);
#99=FACE_OUTER_BOUND('',#151,.T.);
#100=FACE_OUTER_BOUND('',#152,.T.);
#101=FACE_OUTER_BOUND('',#153,.T.);
#102=FACE_OUTER_BOUND('',#154,.T.);
#103=FACE_OUTER_BOUND('',#155,.T.);
#104=FACE_OUTER_BOUND('',#156,.T.);
#105=FACE_OUTER_BOUND('',#157,.T.);
#106=FACE_OUTER_BOUND('',#158,.T.);
#107=FACE_OUTER_BOUND('',#159,.T.);
#108=FACE_OUTER_BOUND('',#160,.T.);
#109=FACE_OUTER_BOUND('',#161,.T.);
#110=FACE_OUTER_BOUND('',#162,.T.);
#111=FACE_OUTER_BOUND('',#163,.T.);
#112=FACE_OUTER_BOUND('',#164,.T.);
#113=FACE_OUTER_BOUND('',#165,.T.);
#114=FACE_OUTER_BOUND('',#166,.T.);
#115=FACE_OUTER_BOUND('',#167,.T.);
#116=FACE_OUTER_BOUND('',#168,.T.);
#117=FACE_OUTER_BOUND('',#169,.T.);
#118=FACE_OUTER_BOUND('',#171,.T.);
#119=FACE_OUTER_BOUND('',#172,.T.);
#120=FACE_OUTER_BOUND('',#173,.T.);
#121=FACE_OUTER_BOUND('',#174,.T.);
#122=FACE_OUTER_BOUND('',#175,.T.);
#123=FACE_OUTER_BOUND('',#176,.T.);
#124=FACE_OUTER_BOUND('',#177,.T.);
#125=FACE_OUTER_BOUND('',#178,.T.);
#126=FACE_OUTER_BOUND('',#179,.T.);
#127=FACE_OUTER_BOUND('',#180,.T.);
#128=FACE_OUTER_BOUND('',#181,.T.);
#129=FACE_OUTER_BOUND('',#182,.T.);
#130=FACE_OUTER_BOUND('',#183,.T.);
#131=FACE_OUTER_BOUND('',#184,.T.);
#132=FACE_OUTER_BOUND('',#185,.T.);
#133=FACE_OUTER_BOUND('',#186,.T.);
#134=EDGE_LOOP('',(#594,#595,#596,#597));
#135=EDGE_LOOP('',(#598,#599,#600,#601));
#136=EDGE_LOOP('',(#602,#603,#604,#605,#606,#607,#608,#609));
#137=EDGE_LOOP('',(#610,#611,#612,#613,#614,#615,#616,#617,#618,#619,#620,
#621,#622,#623,#624,#625,#626,#627));
#138=EDGE_LOOP('',(#628,#629,#630,#631,#632,#633,#634,#635,#636,#637));
#139=EDGE_LOOP('',(#638,#639,#640,#641));
#140=EDGE_LOOP('',(#642,#643,#644,#645));
#141=EDGE_LOOP('',(#646,#647,#648,#649));
#142=EDGE_LOOP('',(#650,#651,#652,#653));
#143=EDGE_LOOP('',(#654,#655,#656,#657));
#144=EDGE_LOOP('',(#658,#659,#660,#661));
#145=EDGE_LOOP('',(#662,#663,#664,#665));
#146=EDGE_LOOP('',(#666,#667,#668,#669));
#147=EDGE_LOOP('',(#670,#671,#672,#673));
#148=EDGE_LOOP('',(#674,#675,#676,#677));
#149=EDGE_LOOP('',(#678,#679,#680,#681));
#150=EDGE_LOOP('',(#682,#683,#684,#685));
#151=EDGE_LOOP('',(#686,#687,#688,#689));
#152=EDGE_LOOP('',(#690,#691,#692,#693));
#153=EDGE_LOOP('',(#694,#695,#696,#697));
#154=EDGE_LOOP('',(#698,#699,#700,#701));
#155=EDGE_LOOP('',(#702,#703,#704,#705));
#156=EDGE_LOOP('',(#706,#707,#708,#709));
#157=EDGE_LOOP('',(#710,#711,#712,#713));
#158=EDGE_LOOP('',(#714,#715,#716,#717));
#159=EDGE_LOOP('',(#718,#719,#720,#721));
#160=EDGE_LOOP('',(#722,#723,#724,#725));
#161=EDGE_LOOP('',(#726,#727,#728,#729));
#162=EDGE_LOOP('',(#730,#731,#732,#733));
#163=EDGE_LOOP('',(#734,#735,#736,#737));
#164=EDGE_LOOP('',(#738,#739,#740,#741));
#165=EDGE_LOOP('',(#742,#743,#744,#745));
#166=EDGE_LOOP('',(#746,#747,#748,#749));
#167=EDGE_LOOP('',(#750,#751,#752,#753));
#168=EDGE_LOOP('',(#754,#755,#756,#757));
#169=EDGE_LOOP('',(#758,#759,#760,#761,#762,#763,#764,#765,#766,#767,#768,
#769,#770,#771,#772,#773,#774,#775));
#170=EDGE_LOOP('',(#776,#777,#778,#779,#780,#781,#782,#783,#784));
#171=EDGE_LOOP('',(#785,#786,#787,#788));
#172=EDGE_LOOP('',(#789,#790,#791,#792));
#173=EDGE_LOOP('',(#793,#794,#795,#796));
#174=EDGE_LOOP('',(#797,#798,#799,#800));
#175=EDGE_LOOP('',(#801,#802,#803,#804));
#176=EDGE_LOOP('',(#805,#806,#807,#808));
#177=EDGE_LOOP('',(#809,#810,#811,#812));
#178=EDGE_LOOP('',(#813,#814,#815,#816));
#179=EDGE_LOOP('',(#817,#818,#819,#820));
#180=EDGE_LOOP('',(#821,#822,#823,#824));
#181=EDGE_LOOP('',(#825,#826,#827,#828,#829,#830,#831,#832,#833,#834));
#182=EDGE_LOOP('',(#835,#836,#837,#838));
#183=EDGE_LOOP('',(#839,#840,#841,#842));
#184=EDGE_LOOP('',(#843,#844,#845,#846));
#185=EDGE_LOOP('',(#847,#848,#849,#850,#851,#852,#853,#854,#855));
#186=EDGE_LOOP('',(#856,#857,#858,#859,#860,#861,#862,#863));
#187=LINE('',#1146,#278);
#188=LINE('',#1148,#279);
#189=LINE('',#1150,#280);
#190=LINE('',#1151,#281);
#191=LINE('',#1154,#282);
#192=LINE('',#1156,#283);
#193=LINE('',#1157,#284);
#194=LINE('',#1160,#285);
#195=LINE('',#1164,#286);
#196=LINE('',#1166,#287);
#197=LINE('',#1168,#288);
#198=LINE('',#1169,#289);
#199=LINE('',#1172,#290);
#200=LINE('',#1174,#291);
#201=LINE('',#1176,#292);
#202=LINE('',#1178,#293);
#203=LINE('',#1222,#294);
#204=LINE('',#1224,#295);
#205=LINE('',#1226,#296);
#206=LINE('',#1245,#297);
#207=LINE('',#1254,#298);
#208=LINE('',#1256,#299);
#209=LINE('',#1258,#300);
#210=LINE('',#1260,#301);
#211=LINE('',#1280,#302);
#212=LINE('',#1289,#303);
#213=LINE('',#1290,#304);
#214=LINE('',#1291,#305);
#215=LINE('',#1294,#306);
#216=LINE('',#1295,#307);
#217=LINE('',#1297,#308);
#218=LINE('',#1301,#309);
#219=LINE('',#1303,#310);
#220=LINE('',#1305,#311);
#221=LINE('',#1306,#312);
#222=LINE('',#1324,#313);
#223=LINE('',#1347,#314);
#224=LINE('',#1370,#315);
#225=LINE('',#1393,#316);
#226=LINE('',#1416,#317);
#227=LINE('',#1439,#318);
#228=LINE('',#1447,#319);
#229=LINE('',#1449,#320);
#230=LINE('',#1450,#321);
#231=LINE('',#1452,#322);
#232=LINE('',#1453,#323);
#233=LINE('',#1456,#324);
#234=LINE('',#1458,#325);
#235=LINE('',#1459,#326);
#236=LINE('',#1462,#327);
#237=LINE('',#1463,#328);
#238=LINE('',#1475,#329);
#239=LINE('',#1492,#330);
#240=LINE('',#1509,#331);
#241=LINE('',#1517,#332);
#242=LINE('',#1518,#333);
#243=LINE('',#1521,#334);
#244=LINE('',#1522,#335);
#245=LINE('',#1525,#336);
#246=LINE('',#1526,#337);
#247=LINE('',#1538,#338);
#248=LINE('',#1555,#339);
#249=LINE('',#1572,#340);
#250=LINE('',#1589,#341);
#251=LINE('',#1606,#342);
#252=LINE('',#1623,#343);
#253=LINE('',#1640,#344);
#254=LINE('',#1648,#345);
#255=LINE('',#1649,#346);
#256=LINE('',#1652,#347);
#257=LINE('',#1653,#348);
#258=LINE('',#1655,#349);
#259=LINE('',#1668,#350);
#260=LINE('',#1675,#351);
#261=LINE('',#1687,#352);
#262=LINE('',#1695,#353);
#263=LINE('',#1696,#354);
#264=LINE('',#1708,#355);
#265=LINE('',#1725,#356);
#266=LINE('',#1742,#357);
#267=LINE('',#1750,#358);
#268=LINE('',#1751,#359);
#269=LINE('',#1754,#360);
#270=LINE('',#1755,#361);
#271=LINE('',#1758,#362);
#272=LINE('',#1759,#363);
#273=LINE('',#1761,#364);
#274=LINE('',#1765,#365);
#275=LINE('',#1768,#366);
#276=LINE('',#1770,#367);
#277=LINE('',#1772,#368);
#278=VECTOR('',#991,10.);
#279=VECTOR('',#992,10.);
#280=VECTOR('',#993,10.);
#281=VECTOR('',#994,10.);
#282=VECTOR('',#997,10.);
#283=VECTOR('',#998,10.);
#284=VECTOR('',#999,10.);
#285=VECTOR('',#1002,10.);
#286=VECTOR('',#1005,10.);
#287=VECTOR('',#1006,10.);
#288=VECTOR('',#1007,10.);
#289=VECTOR('',#1008,10.);
#290=VECTOR('',#1009,10.);
#291=VECTOR('',#1010,10.);
#292=VECTOR('',#1011,10.);
#293=VECTOR('',#1012,10.);
#294=VECTOR('',#1013,10.);
#295=VECTOR('',#1014,10.);
#296=VECTOR('',#1015,10.);
#297=VECTOR('',#1016,10.);
#298=VECTOR('',#1017,10.);
#299=VECTOR('',#1018,10.);
#300=VECTOR('',#1019,10.);
#301=VECTOR('',#1020,10.);
#302=VECTOR('',#1021,10.);
#303=VECTOR('',#1024,10.);
#304=VECTOR('',#1025,10.);
#305=VECTOR('',#1026,10.);
#306=VECTOR('',#1029,10.);
#307=VECTOR('',#1030,10.);
#308=VECTOR('',#1033,10.);
#309=VECTOR('',#1036,10.);
#310=VECTOR('',#1037,10.);
#311=VECTOR('',#1038,10.);
#312=VECTOR('',#1039,10.);
#313=VECTOR('',#1040,10.);
#314=VECTOR('',#1041,10.);
#315=VECTOR('',#1042,10.);
#316=VECTOR('',#1043,10.);
#317=VECTOR('',#1044,10.);
#318=VECTOR('',#1045,10.);
#319=VECTOR('',#1048,10.);
#320=VECTOR('',#1049,10.);
#321=VECTOR('',#1050,10.);
#322=VECTOR('',#1053,10.);
#323=VECTOR('',#1054,10.);
#324=VECTOR('',#1057,10.);
#325=VECTOR('',#1058,10.);
#326=VECTOR('',#1059,10.);
#327=VECTOR('',#1062,10.);
#328=VECTOR('',#1063,10.);
#329=VECTOR('',#1064,10.);
#330=VECTOR('',#1065,10.);
#331=VECTOR('',#1066,10.);
#332=VECTOR('',#1069,10.);
#333=VECTOR('',#1070,10.);
#334=VECTOR('',#1073,10.);
#335=VECTOR('',#1074,10.);
#336=VECTOR('',#1077,10.);
#337=VECTOR('',#1078,10.);
#338=VECTOR('',#1079,10.);
#339=VECTOR('',#1080,10.);
#340=VECTOR('',#1081,10.);
#341=VECTOR('',#1082,10.);
#342=VECTOR('',#1083,10.);
#343=VECTOR('',#1084,10.);
#344=VECTOR('',#1085,10.);
#345=VECTOR('',#1088,10.);
#346=VECTOR('',#1089,10.);
#347=VECTOR('',#1092,10.);
#348=VECTOR('',#1093,10.);
#349=VECTOR('',#1096,10.);
#350=VECTOR('',#1099,10.);
#351=VECTOR('',#1100,10.);
#352=VECTOR('',#1101,10.);
#353=VECTOR('',#1104,10.);
#354=VECTOR('',#1105,10.);
#355=VECTOR('',#1106,10.);
#356=VECTOR('',#1107,10.);
#357=VECTOR('',#1108,10.);
#358=VECTOR('',#1111,10.);
#359=VECTOR('',#1112,10.);
#360=VECTOR('',#1115,10.);
#361=VECTOR('',#1116,10.);
#362=VECTOR('',#1119,10.);
#363=VECTOR('',#1120,10.);
#364=VECTOR('',#1123,10.);
#365=VECTOR('',#1128,10.);
#366=VECTOR('',#1131,10.);
#367=VECTOR('',#1134,10.);
#368=VECTOR('',#1137,10.);
#369=VERTEX_POINT('',#1144);
#370=VERTEX_POINT('',#1145);
#371=VERTEX_POINT('',#1147);
#372=VERTEX_POINT('',#1149);
#373=VERTEX_POINT('',#1153);
#374=VERTEX_POINT('',#1155);
#375=VERTEX_POINT('',#1159);
#376=VERTEX_POINT('',#1161);
#377=VERTEX_POINT('',#1163);
#378=VERTEX_POINT('',#1165);
#379=VERTEX_POINT('',#1167);
#380=VERTEX_POINT('',#1170);
#381=VERTEX_POINT('',#1171);
#382=VERTEX_POINT('',#1173);
#383=VERTEX_POINT('',#1175);
#384=VERTEX_POINT('',#1177);
#385=VERTEX_POINT('',#1179);
#386=VERTEX_POINT('',#1185);
#387=VERTEX_POINT('',#1191);
#388=VERTEX_POINT('',#1197);
#389=VERTEX_POINT('',#1203);
#390=VERTEX_POINT('',#1209);
#391=VERTEX_POINT('',#1215);
#392=VERTEX_POINT('',#1221);
#393=VERTEX_POINT('',#1223);
#394=VERTEX_POINT('',#1225);
#395=VERTEX_POINT('',#1227);
#396=VERTEX_POINT('',#1233);
#397=VERTEX_POINT('',#1239);
#398=VERTEX_POINT('',#1246);
#399=VERTEX_POINT('',#1247);
#400=VERTEX_POINT('',#1253);
#401=VERTEX_POINT('',#1255);
#402=VERTEX_POINT('',#1257);
#403=VERTEX_POINT('',#1259);
#404=VERTEX_POINT('',#1261);
#405=VERTEX_POINT('',#1267);
#406=VERTEX_POINT('',#1273);
#407=VERTEX_POINT('',#1279);
#408=VERTEX_POINT('',#1287);
#409=VERTEX_POINT('',#1288);
#410=VERTEX_POINT('',#1293);
#411=VERTEX_POINT('',#1299);
#412=VERTEX_POINT('',#1300);
#413=VERTEX_POINT('',#1302);
#414=VERTEX_POINT('',#1304);
#415=VERTEX_POINT('',#1317);
#416=VERTEX_POINT('',#1323);
#417=VERTEX_POINT('',#1340);
#418=VERTEX_POINT('',#1346);
#419=VERTEX_POINT('',#1363);
#420=VERTEX_POINT('',#1369);
#421=VERTEX_POINT('',#1386);
#422=VERTEX_POINT('',#1392);
#423=VERTEX_POINT('',#1409);
#424=VERTEX_POINT('',#1415);
#425=VERTEX_POINT('',#1432);
#426=VERTEX_POINT('',#1438);
#427=VERTEX_POINT('',#1446);
#428=VERTEX_POINT('',#1448);
#429=VERTEX_POINT('',#1455);
#430=VERTEX_POINT('',#1457);
#431=VERTEX_POINT('',#1461);
#432=VERTEX_POINT('',#1474);
#433=VERTEX_POINT('',#1491);
#434=VERTEX_POINT('',#1508);
#435=VERTEX_POINT('',#1516);
#436=VERTEX_POINT('',#1520);
#437=VERTEX_POINT('',#1524);
#438=VERTEX_POINT('',#1537);
#439=VERTEX_POINT('',#1554);
#440=VERTEX_POINT('',#1571);
#441=VERTEX_POINT('',#1588);
#442=VERTEX_POINT('',#1605);
#443=VERTEX_POINT('',#1622);
#444=VERTEX_POINT('',#1639);
#445=VERTEX_POINT('',#1647);
#446=VERTEX_POINT('',#1651);
#447=VERTEX_POINT('',#1667);
#448=VERTEX_POINT('',#1669);
#449=VERTEX_POINT('',#1686);
#450=VERTEX_POINT('',#1694);
#451=VERTEX_POINT('',#1707);
#452=VERTEX_POINT('',#1724);
#453=VERTEX_POINT('',#1741);
#454=VERTEX_POINT('',#1749);
#455=VERTEX_POINT('',#1753);
#456=VERTEX_POINT('',#1757);
#457=VERTEX_POINT('',#1764);
#458=VERTEX_POINT('',#1766);
#459=EDGE_CURVE('',#369,#370,#187,.T.);
#460=EDGE_CURVE('',#370,#371,#188,.T.);
#461=EDGE_CURVE('',#371,#372,#189,.T.);
#462=EDGE_CURVE('',#372,#369,#190,.T.);
#463=EDGE_CURVE('',#372,#373,#191,.T.);
#464=EDGE_CURVE('',#374,#373,#192,.T.);
#465=EDGE_CURVE('',#369,#374,#193,.T.);
#466=EDGE_CURVE('',#375,#371,#194,.T.);
#467=EDGE_CURVE('',#375,#376,#82,.T.);
#468=EDGE_CURVE('',#377,#376,#195,.T.);
#469=EDGE_CURVE('',#378,#377,#196,.T.);
#470=EDGE_CURVE('',#379,#378,#197,.T.);
#471=EDGE_CURVE('',#373,#379,#198,.T.);
#472=EDGE_CURVE('',#380,#381,#199,.T.);
#473=EDGE_CURVE('',#381,#382,#200,.T.);
#474=EDGE_CURVE('',#382,#383,#201,.T.);
#475=EDGE_CURVE('',#383,#384,#202,.T.);
#476=EDGE_CURVE('',#384,#385,#40,.T.);
#477=EDGE_CURVE('',#385,#386,#41,.T.);
#478=EDGE_CURVE('',#386,#387,#42,.T.);
#479=EDGE_CURVE('',#387,#388,#43,.T.);
#480=EDGE_CURVE('',#388,#389,#44,.T.);
#481=EDGE_CURVE('',#389,#390,#45,.T.);
#482=EDGE_CURVE('',#390,#391,#46,.T.);
#483=EDGE_CURVE('',#391,#392,#203,.T.);
#484=EDGE_CURVE('',#392,#393,#204,.T.);
#485=EDGE_CURVE('',#393,#394,#205,.T.);
#486=EDGE_CURVE('',#394,#395,#47,.T.);
#487=EDGE_CURVE('',#395,#396,#48,.T.);
#488=EDGE_CURVE('',#396,#397,#49,.T.);
#489=EDGE_CURVE('',#397,#380,#206,.T.);
#490=EDGE_CURVE('',#398,#399,#50,.T.);
#491=EDGE_CURVE('',#399,#400,#207,.T.);
#492=EDGE_CURVE('',#400,#401,#208,.T.);
#493=EDGE_CURVE('',#401,#402,#209,.T.);
#494=EDGE_CURVE('',#402,#403,#210,.T.);
#495=EDGE_CURVE('',#403,#404,#51,.T.);
#496=EDGE_CURVE('',#404,#405,#52,.T.);
#497=EDGE_CURVE('',#405,#406,#53,.T.);
#498=EDGE_CURVE('',#406,#407,#211,.T.);
#499=EDGE_CURVE('',#407,#398,#54,.T.);
#500=EDGE_CURVE('',#408,#409,#212,.T.);
#501=EDGE_CURVE('',#409,#378,#213,.T.);
#502=EDGE_CURVE('',#377,#408,#214,.T.);
#503=EDGE_CURVE('',#410,#409,#215,.T.);
#504=EDGE_CURVE('',#379,#410,#216,.T.);
#505=EDGE_CURVE('',#410,#374,#217,.T.);
#506=EDGE_CURVE('',#411,#412,#218,.T.);
#507=EDGE_CURVE('',#411,#413,#219,.T.);
#508=EDGE_CURVE('',#413,#414,#220,.T.);
#509=EDGE_CURVE('',#412,#414,#221,.T.);
#510=EDGE_CURVE('',#415,#411,#55,.T.);
#511=EDGE_CURVE('',#415,#416,#222,.T.);
#512=EDGE_CURVE('',#416,#413,#56,.T.);
#513=EDGE_CURVE('',#417,#415,#57,.T.);
#514=EDGE_CURVE('',#417,#418,#223,.T.);
#515=EDGE_CURVE('',#418,#416,#58,.T.);
#516=EDGE_CURVE('',#419,#417,#59,.T.);
#517=EDGE_CURVE('',#419,#420,#224,.T.);
#518=EDGE_CURVE('',#420,#418,#60,.T.);
#519=EDGE_CURVE('',#421,#419,#61,.T.);
#520=EDGE_CURVE('',#421,#422,#225,.T.);
#521=EDGE_CURVE('',#422,#420,#62,.T.);
#522=EDGE_CURVE('',#423,#421,#63,.T.);
#523=EDGE_CURVE('',#423,#424,#226,.T.);
#524=EDGE_CURVE('',#424,#422,#64,.T.);
#525=EDGE_CURVE('',#425,#423,#65,.T.);
#526=EDGE_CURVE('',#425,#426,#227,.T.);
#527=EDGE_CURVE('',#426,#424,#66,.T.);
#528=EDGE_CURVE('',#427,#425,#228,.T.);
#529=EDGE_CURVE('',#427,#428,#229,.T.);
#530=EDGE_CURVE('',#428,#426,#230,.T.);
#531=EDGE_CURVE('',#412,#427,#231,.T.);
#532=EDGE_CURVE('',#414,#428,#232,.T.);
#533=EDGE_CURVE('',#380,#429,#233,.T.);
#534=EDGE_CURVE('',#429,#430,#234,.T.);
#535=EDGE_CURVE('',#381,#430,#235,.T.);
#536=EDGE_CURVE('',#397,#431,#236,.T.);
#537=EDGE_CURVE('',#431,#429,#237,.T.);
#538=EDGE_CURVE('',#396,#432,#238,.T.);
#539=EDGE_CURVE('',#432,#431,#67,.T.);
#540=EDGE_CURVE('',#395,#433,#239,.T.);
#541=EDGE_CURVE('',#433,#432,#68,.T.);
#542=EDGE_CURVE('',#394,#434,#240,.T.);
#543=EDGE_CURVE('',#434,#433,#69,.T.);
#544=EDGE_CURVE('',#393,#435,#241,.T.);
#545=EDGE_CURVE('',#435,#434,#242,.T.);
#546=EDGE_CURVE('',#392,#436,#243,.T.);
#547=EDGE_CURVE('',#436,#435,#244,.T.);
#548=EDGE_CURVE('',#391,#437,#245,.T.);
#549=EDGE_CURVE('',#437,#436,#246,.T.);
#550=EDGE_CURVE('',#390,#438,#247,.T.);
#551=EDGE_CURVE('',#438,#437,#70,.T.);
#552=EDGE_CURVE('',#389,#439,#248,.T.);
#553=EDGE_CURVE('',#439,#438,#71,.T.);
#554=EDGE_CURVE('',#388,#440,#249,.T.);
#555=EDGE_CURVE('',#440,#439,#72,.T.);
#556=EDGE_CURVE('',#387,#441,#250,.T.);
#557=EDGE_CURVE('',#441,#440,#73,.T.);
#558=EDGE_CURVE('',#386,#442,#251,.T.);
#559=EDGE_CURVE('',#442,#441,#74,.T.);
#560=EDGE_CURVE('',#385,#443,#252,.T.);
#561=EDGE_CURVE('',#443,#442,#75,.T.);
#562=EDGE_CURVE('',#384,#444,#253,.T.);
#563=EDGE_CURVE('',#444,#443,#76,.T.);
#564=EDGE_CURVE('',#383,#445,#254,.T.);
#565=EDGE_CURVE('',#445,#444,#255,.T.);
#566=EDGE_CURVE('',#382,#446,#256,.T.);
#567=EDGE_CURVE('',#446,#445,#257,.T.);
#568=EDGE_CURVE('',#430,#446,#258,.T.);
#569=EDGE_CURVE('',#398,#447,#259,.T.);
#570=EDGE_CURVE('',#447,#448,#77,.T.);
#571=EDGE_CURVE('',#399,#448,#260,.T.);
#572=EDGE_CURVE('',#407,#449,#261,.T.);
#573=EDGE_CURVE('',#449,#447,#78,.T.);
#574=EDGE_CURVE('',#406,#450,#262,.T.);
#575=EDGE_CURVE('',#450,#449,#263,.T.);
#576=EDGE_CURVE('',#405,#451,#264,.T.);
#577=EDGE_CURVE('',#451,#450,#79,.T.);
#578=EDGE_CURVE('',#404,#452,#265,.T.);
#579=EDGE_CURVE('',#452,#451,#80,.T.);
#580=EDGE_CURVE('',#403,#453,#266,.T.);
#581=EDGE_CURVE('',#453,#452,#81,.T.);
#582=EDGE_CURVE('',#402,#454,#267,.T.);
#583=EDGE_CURVE('',#454,#453,#268,.T.);
#584=EDGE_CURVE('',#401,#455,#269,.T.);
#585=EDGE_CURVE('',#455,#454,#270,.T.);
#586=EDGE_CURVE('',#400,#456,#271,.T.);
#587=EDGE_CURVE('',#456,#455,#272,.T.);
#588=EDGE_CURVE('',#448,#456,#273,.T.);
#589=EDGE_CURVE('',#375,#457,#274,.T.);
#590=EDGE_CURVE('',#458,#457,#83,.T.);
#591=EDGE_CURVE('',#376,#458,#275,.T.);
#592=EDGE_CURVE('',#408,#458,#276,.T.);
#593=EDGE_CURVE('',#457,#370,#277,.T.);
#594=ORIENTED_EDGE('',*,*,#459,.T.);
#595=ORIENTED_EDGE('',*,*,#460,.T.);
#596=ORIENTED_EDGE('',*,*,#461,.T.);
#597=ORIENTED_EDGE('',*,*,#462,.T.);
#598=ORIENTED_EDGE('',*,*,#462,.F.);
#599=ORIENTED_EDGE('',*,*,#463,.T.);
#600=ORIENTED_EDGE('',*,*,#464,.F.);
#601=ORIENTED_EDGE('',*,*,#465,.F.);
#602=ORIENTED_EDGE('',*,*,#461,.F.);
#603=ORIENTED_EDGE('',*,*,#466,.F.);
#604=ORIENTED_EDGE('',*,*,#467,.T.);
#605=ORIENTED_EDGE('',*,*,#468,.F.);
#606=ORIENTED_EDGE('',*,*,#469,.F.);
#607=ORIENTED_EDGE('',*,*,#470,.F.);
#608=ORIENTED_EDGE('',*,*,#471,.F.);
#609=ORIENTED_EDGE('',*,*,#463,.F.);
#610=ORIENTED_EDGE('',*,*,#472,.T.);
#611=ORIENTED_EDGE('',*,*,#473,.T.);
#612=ORIENTED_EDGE('',*,*,#474,.T.);
#613=ORIENTED_EDGE('',*,*,#475,.T.);
#614=ORIENTED_EDGE('',*,*,#476,.T.);
#615=ORIENTED_EDGE('',*,*,#477,.T.);
#616=ORIENTED_EDGE('',*,*,#478,.T.);
#617=ORIENTED_EDGE('',*,*,#479,.T.);
#618=ORIENTED_EDGE('',*,*,#480,.T.);
#619=ORIENTED_EDGE('',*,*,#481,.T.);
#620=ORIENTED_EDGE('',*,*,#482,.T.);
#621=ORIENTED_EDGE('',*,*,#483,.T.);
#622=ORIENTED_EDGE('',*,*,#484,.T.);
#623=ORIENTED_EDGE('',*,*,#485,.T.);
#624=ORIENTED_EDGE('',*,*,#486,.T.);
#625=ORIENTED_EDGE('',*,*,#487,.T.);
#626=ORIENTED_EDGE('',*,*,#488,.T.);
#627=ORIENTED_EDGE('',*,*,#489,.T.);
#628=ORIENTED_EDGE('',*,*,#490,.T.);
#629=ORIENTED_EDGE('',*,*,#491,.T.);
#630=ORIENTED_EDGE('',*,*,#492,.T.);
#631=ORIENTED_EDGE('',*,*,#493,.T.);
#632=ORIENTED_EDGE('',*,*,#494,.T.);
#633=ORIENTED_EDGE('',*,*,#495,.T.);
#634=ORIENTED_EDGE('',*,*,#496,.T.);
#635=ORIENTED_EDGE('',*,*,#497,.T.);
#636=ORIENTED_EDGE('',*,*,#498,.T.);
#637=ORIENTED_EDGE('',*,*,#499,.T.);
#638=ORIENTED_EDGE('',*,*,#500,.T.);
#639=ORIENTED_EDGE('',*,*,#501,.T.);
#640=ORIENTED_EDGE('',*,*,#469,.T.);
#641=ORIENTED_EDGE('',*,*,#502,.T.);
#642=ORIENTED_EDGE('',*,*,#501,.F.);
#643=ORIENTED_EDGE('',*,*,#503,.F.);
#644=ORIENTED_EDGE('',*,*,#504,.F.);
#645=ORIENTED_EDGE('',*,*,#470,.T.);
#646=ORIENTED_EDGE('',*,*,#505,.T.);
#647=ORIENTED_EDGE('',*,*,#464,.T.);
#648=ORIENTED_EDGE('',*,*,#471,.T.);
#649=ORIENTED_EDGE('',*,*,#504,.T.);
#650=ORIENTED_EDGE('',*,*,#506,.F.);
#651=ORIENTED_EDGE('',*,*,#507,.T.);
#652=ORIENTED_EDGE('',*,*,#508,.T.);
#653=ORIENTED_EDGE('',*,*,#509,.F.);
#654=ORIENTED_EDGE('',*,*,#510,.F.);
#655=ORIENTED_EDGE('',*,*,#511,.T.);
#656=ORIENTED_EDGE('',*,*,#512,.T.);
#657=ORIENTED_EDGE('',*,*,#507,.F.);
#658=ORIENTED_EDGE('',*,*,#513,.F.);
#659=ORIENTED_EDGE('',*,*,#514,.T.);
#660=ORIENTED_EDGE('',*,*,#515,.T.);
#661=ORIENTED_EDGE('',*,*,#511,.F.);
#662=ORIENTED_EDGE('',*,*,#516,.F.);
#663=ORIENTED_EDGE('',*,*,#517,.T.);
#664=ORIENTED_EDGE('',*,*,#518,.T.);
#665=ORIENTED_EDGE('',*,*,#514,.F.);
#666=ORIENTED_EDGE('',*,*,#519,.F.);
#667=ORIENTED_EDGE('',*,*,#520,.T.);
#668=ORIENTED_EDGE('',*,*,#521,.T.);
#669=ORIENTED_EDGE('',*,*,#517,.F.);
#670=ORIENTED_EDGE('',*,*,#522,.F.);
#671=ORIENTED_EDGE('',*,*,#523,.T.);
#672=ORIENTED_EDGE('',*,*,#524,.T.);
#673=ORIENTED_EDGE('',*,*,#520,.F.);
#674=ORIENTED_EDGE('',*,*,#525,.F.);
#675=ORIENTED_EDGE('',*,*,#526,.T.);
#676=ORIENTED_EDGE('',*,*,#527,.T.);
#677=ORIENTED_EDGE('',*,*,#523,.F.);
#678=ORIENTED_EDGE('',*,*,#528,.F.);
#679=ORIENTED_EDGE('',*,*,#529,.T.);
#680=ORIENTED_EDGE('',*,*,#530,.T.);
#681=ORIENTED_EDGE('',*,*,#526,.F.);
#682=ORIENTED_EDGE('',*,*,#531,.F.);
#683=ORIENTED_EDGE('',*,*,#509,.T.);
#684=ORIENTED_EDGE('',*,*,#532,.T.);
#685=ORIENTED_EDGE('',*,*,#529,.F.);
#686=ORIENTED_EDGE('',*,*,#472,.F.);
#687=ORIENTED_EDGE('',*,*,#533,.T.);
#688=ORIENTED_EDGE('',*,*,#534,.T.);
#689=ORIENTED_EDGE('',*,*,#535,.F.);
#690=ORIENTED_EDGE('',*,*,#489,.F.);
#691=ORIENTED_EDGE('',*,*,#536,.T.);
#692=ORIENTED_EDGE('',*,*,#537,.T.);
#693=ORIENTED_EDGE('',*,*,#533,.F.);
#694=ORIENTED_EDGE('',*,*,#488,.F.);
#695=ORIENTED_EDGE('',*,*,#538,.T.);
#696=ORIENTED_EDGE('',*,*,#539,.T.);
#697=ORIENTED_EDGE('',*,*,#536,.F.);
#698=ORIENTED_EDGE('',*,*,#487,.F.);
#699=ORIENTED_EDGE('',*,*,#540,.T.);
#700=ORIENTED_EDGE('',*,*,#541,.T.);
#701=ORIENTED_EDGE('',*,*,#538,.F.);
#702=ORIENTED_EDGE('',*,*,#486,.F.);
#703=ORIENTED_EDGE('',*,*,#542,.T.);
#704=ORIENTED_EDGE('',*,*,#543,.T.);
#705=ORIENTED_EDGE('',*,*,#540,.F.);
#706=ORIENTED_EDGE('',*,*,#485,.F.);
#707=ORIENTED_EDGE('',*,*,#544,.T.);
#708=ORIENTED_EDGE('',*,*,#545,.T.);
#709=ORIENTED_EDGE('',*,*,#542,.F.);
#710=ORIENTED_EDGE('',*,*,#484,.F.);
#711=ORIENTED_EDGE('',*,*,#546,.T.);
#712=ORIENTED_EDGE('',*,*,#547,.T.);
#713=ORIENTED_EDGE('',*,*,#544,.F.);
#714=ORIENTED_EDGE('',*,*,#483,.F.);
#715=ORIENTED_EDGE('',*,*,#548,.T.);
#716=ORIENTED_EDGE('',*,*,#549,.T.);
#717=ORIENTED_EDGE('',*,*,#546,.F.);
#718=ORIENTED_EDGE('',*,*,#482,.F.);
#719=ORIENTED_EDGE('',*,*,#550,.T.);
#720=ORIENTED_EDGE('',*,*,#551,.T.);
#721=ORIENTED_EDGE('',*,*,#548,.F.);
#722=ORIENTED_EDGE('',*,*,#481,.F.);
#723=ORIENTED_EDGE('',*,*,#552,.T.);
#724=ORIENTED_EDGE('',*,*,#553,.T.);
#725=ORIENTED_EDGE('',*,*,#550,.F.);
#726=ORIENTED_EDGE('',*,*,#480,.F.);
#727=ORIENTED_EDGE('',*,*,#554,.T.);
#728=ORIENTED_EDGE('',*,*,#555,.T.);
#729=ORIENTED_EDGE('',*,*,#552,.F.);
#730=ORIENTED_EDGE('',*,*,#479,.F.);
#731=ORIENTED_EDGE('',*,*,#556,.T.);
#732=ORIENTED_EDGE('',*,*,#557,.T.);
#733=ORIENTED_EDGE('',*,*,#554,.F.);
#734=ORIENTED_EDGE('',*,*,#478,.F.);
#735=ORIENTED_EDGE('',*,*,#558,.T.);
#736=ORIENTED_EDGE('',*,*,#559,.T.);
#737=ORIENTED_EDGE('',*,*,#556,.F.);
#738=ORIENTED_EDGE('',*,*,#477,.F.);
#739=ORIENTED_EDGE('',*,*,#560,.T.);
#740=ORIENTED_EDGE('',*,*,#561,.T.);
#741=ORIENTED_EDGE('',*,*,#558,.F.);
#742=ORIENTED_EDGE('',*,*,#476,.F.);
#743=ORIENTED_EDGE('',*,*,#562,.T.);
#744=ORIENTED_EDGE('',*,*,#563,.T.);
#745=ORIENTED_EDGE('',*,*,#560,.F.);
#746=ORIENTED_EDGE('',*,*,#475,.F.);
#747=ORIENTED_EDGE('',*,*,#564,.T.);
#748=ORIENTED_EDGE('',*,*,#565,.T.);
#749=ORIENTED_EDGE('',*,*,#562,.F.);
#750=ORIENTED_EDGE('',*,*,#474,.F.);
#751=ORIENTED_EDGE('',*,*,#566,.T.);
#752=ORIENTED_EDGE('',*,*,#567,.T.);
#753=ORIENTED_EDGE('',*,*,#564,.F.);
#754=ORIENTED_EDGE('',*,*,#473,.F.);
#755=ORIENTED_EDGE('',*,*,#535,.T.);
#756=ORIENTED_EDGE('',*,*,#568,.T.);
#757=ORIENTED_EDGE('',*,*,#566,.F.);
#758=ORIENTED_EDGE('',*,*,#568,.F.);
#759=ORIENTED_EDGE('',*,*,#534,.F.);
#760=ORIENTED_EDGE('',*,*,#537,.F.);
#761=ORIENTED_EDGE('',*,*,#539,.F.);
#762=ORIENTED_EDGE('',*,*,#541,.F.);
#763=ORIENTED_EDGE('',*,*,#543,.F.);
#764=ORIENTED_EDGE('',*,*,#545,.F.);
#765=ORIENTED_EDGE('',*,*,#547,.F.);
#766=ORIENTED_EDGE('',*,*,#549,.F.);
#767=ORIENTED_EDGE('',*,*,#551,.F.);
#768=ORIENTED_EDGE('',*,*,#553,.F.);
#769=ORIENTED_EDGE('',*,*,#555,.F.);
#770=ORIENTED_EDGE('',*,*,#557,.F.);
#771=ORIENTED_EDGE('',*,*,#559,.F.);
#772=ORIENTED_EDGE('',*,*,#561,.F.);
#773=ORIENTED_EDGE('',*,*,#563,.F.);
#774=ORIENTED_EDGE('',*,*,#565,.F.);
#775=ORIENTED_EDGE('',*,*,#567,.F.);
#776=ORIENTED_EDGE('',*,*,#532,.F.);
#777=ORIENTED_EDGE('',*,*,#508,.F.);
#778=ORIENTED_EDGE('',*,*,#512,.F.);
#779=ORIENTED_EDGE('',*,*,#515,.F.);
#780=ORIENTED_EDGE('',*,*,#518,.F.);
#781=ORIENTED_EDGE('',*,*,#521,.F.);
#782=ORIENTED_EDGE('',*,*,#524,.F.);
#783=ORIENTED_EDGE('',*,*,#527,.F.);
#784=ORIENTED_EDGE('',*,*,#530,.F.);
#785=ORIENTED_EDGE('',*,*,#490,.F.);
#786=ORIENTED_EDGE('',*,*,#569,.T.);
#787=ORIENTED_EDGE('',*,*,#570,.T.);
#788=ORIENTED_EDGE('',*,*,#571,.F.);
#789=ORIENTED_EDGE('',*,*,#499,.F.);
#790=ORIENTED_EDGE('',*,*,#572,.T.);
#791=ORIENTED_EDGE('',*,*,#573,.T.);
#792=ORIENTED_EDGE('',*,*,#569,.F.);
#793=ORIENTED_EDGE('',*,*,#498,.F.);
#794=ORIENTED_EDGE('',*,*,#574,.T.);
#795=ORIENTED_EDGE('',*,*,#575,.T.);
#796=ORIENTED_EDGE('',*,*,#572,.F.);
#797=ORIENTED_EDGE('',*,*,#497,.F.);
#798=ORIENTED_EDGE('',*,*,#576,.T.);
#799=ORIENTED_EDGE('',*,*,#577,.T.);
#800=ORIENTED_EDGE('',*,*,#574,.F.);
#801=ORIENTED_EDGE('',*,*,#496,.F.);
#802=ORIENTED_EDGE('',*,*,#578,.T.);
#803=ORIENTED_EDGE('',*,*,#579,.T.);
#804=ORIENTED_EDGE('',*,*,#576,.F.);
#805=ORIENTED_EDGE('',*,*,#495,.F.);
#806=ORIENTED_EDGE('',*,*,#580,.T.);
#807=ORIENTED_EDGE('',*,*,#581,.T.);
#808=ORIENTED_EDGE('',*,*,#578,.F.);
#809=ORIENTED_EDGE('',*,*,#494,.F.);
#810=ORIENTED_EDGE('',*,*,#582,.T.);
#811=ORIENTED_EDGE('',*,*,#583,.T.);
#812=ORIENTED_EDGE('',*,*,#580,.F.);
#813=ORIENTED_EDGE('',*,*,#493,.F.);
#814=ORIENTED_EDGE('',*,*,#584,.T.);
#815=ORIENTED_EDGE('',*,*,#585,.T.);
#816=ORIENTED_EDGE('',*,*,#582,.F.);
#817=ORIENTED_EDGE('',*,*,#492,.F.);
#818=ORIENTED_EDGE('',*,*,#586,.T.);
#819=ORIENTED_EDGE('',*,*,#587,.T.);
#820=ORIENTED_EDGE('',*,*,#584,.F.);
#821=ORIENTED_EDGE('',*,*,#491,.F.);
#822=ORIENTED_EDGE('',*,*,#571,.T.);
#823=ORIENTED_EDGE('',*,*,#588,.T.);
#824=ORIENTED_EDGE('',*,*,#586,.F.);
#825=ORIENTED_EDGE('',*,*,#588,.F.);
#826=ORIENTED_EDGE('',*,*,#570,.F.);
#827=ORIENTED_EDGE('',*,*,#573,.F.);
#828=ORIENTED_EDGE('',*,*,#575,.F.);
#829=ORIENTED_EDGE('',*,*,#577,.F.);
#830=ORIENTED_EDGE('',*,*,#579,.F.);
#831=ORIENTED_EDGE('',*,*,#581,.F.);
#832=ORIENTED_EDGE('',*,*,#583,.F.);
#833=ORIENTED_EDGE('',*,*,#585,.F.);
#834=ORIENTED_EDGE('',*,*,#587,.F.);
#835=ORIENTED_EDGE('',*,*,#467,.F.);
#836=ORIENTED_EDGE('',*,*,#589,.T.);
#837=ORIENTED_EDGE('',*,*,#590,.F.);
#838=ORIENTED_EDGE('',*,*,#591,.F.);
#839=ORIENTED_EDGE('',*,*,#502,.F.);
#840=ORIENTED_EDGE('',*,*,#468,.T.);
#841=ORIENTED_EDGE('',*,*,#591,.T.);
#842=ORIENTED_EDGE('',*,*,#592,.F.);
#843=ORIENTED_EDGE('',*,*,#460,.F.);
#844=ORIENTED_EDGE('',*,*,#593,.F.);
#845=ORIENTED_EDGE('',*,*,#589,.F.);
#846=ORIENTED_EDGE('',*,*,#466,.T.);
#847=ORIENTED_EDGE('',*,*,#506,.T.);
#848=ORIENTED_EDGE('',*,*,#531,.T.);
#849=ORIENTED_EDGE('',*,*,#528,.T.);
#850=ORIENTED_EDGE('',*,*,#525,.T.);
#851=ORIENTED_EDGE('',*,*,#522,.T.);
#852=ORIENTED_EDGE('',*,*,#519,.T.);
#853=ORIENTED_EDGE('',*,*,#516,.T.);
#854=ORIENTED_EDGE('',*,*,#513,.T.);
#855=ORIENTED_EDGE('',*,*,#510,.T.);
#856=ORIENTED_EDGE('',*,*,#459,.F.);
#857=ORIENTED_EDGE('',*,*,#465,.T.);
#858=ORIENTED_EDGE('',*,*,#505,.F.);
#859=ORIENTED_EDGE('',*,*,#503,.T.);
#860=ORIENTED_EDGE('',*,*,#500,.F.);
#861=ORIENTED_EDGE('',*,*,#592,.T.);
#862=ORIENTED_EDGE('',*,*,#590,.T.);
#863=ORIENTED_EDGE('',*,*,#593,.T.);
#864=PLANE('',#956);
#865=PLANE('',#957);
#866=PLANE('',#958);
#867=PLANE('',#960);
#868=PLANE('',#961);
#869=PLANE('',#962);
#870=PLANE('',#963);
#871=PLANE('',#964);
#872=PLANE('',#965);
#873=PLANE('',#966);
#874=PLANE('',#967);
#875=PLANE('',#968);
#876=PLANE('',#969);
#877=PLANE('',#970);
#878=PLANE('',#971);
#879=PLANE('',#972);
#880=PLANE('',#973);
#881=PLANE('',#974);
#882=PLANE('',#975);
#883=PLANE('',#976);
#884=PLANE('',#977);
#885=PLANE('',#978);
#886=PLANE('',#979);
#887=PLANE('',#980);
#888=PLANE('',#983);
#889=PLANE('',#984);
#890=PLANE('',#985);
#891=PLANE('',#986);
#892=ADVANCED_FACE('',(#84),#864,.T.);
#893=ADVANCED_FACE('',(#85),#865,.T.);
#894=ADVANCED_FACE('',(#86,#37,#38),#866,.T.);
#895=ADVANCED_FACE('',(#87),#867,.T.);
#896=ADVANCED_FACE('',(#88),#868,.T.);
#897=ADVANCED_FACE('',(#89),#869,.T.);
#898=ADVANCED_FACE('',(#90),#870,.F.);
#899=ADVANCED_FACE('',(#91),#16,.F.);
#900=ADVANCED_FACE('',(#92),#17,.F.);
#901=ADVANCED_FACE('',(#93),#18,.F.);
#902=ADVANCED_FACE('',(#94),#19,.F.);
#903=ADVANCED_FACE('',(#95),#20,.F.);
#904=ADVANCED_FACE('',(#96),#21,.F.);
#905=ADVANCED_FACE('',(#97),#871,.F.);
#906=ADVANCED_FACE('',(#98),#872,.F.);
#907=ADVANCED_FACE('',(#99),#873,.F.);
#908=ADVANCED_FACE('',(#100),#874,.F.);
#909=ADVANCED_FACE('',(#101),#22,.F.);
#910=ADVANCED_FACE('',(#102),#23,.F.);
#911=ADVANCED_FACE('',(#103),#24,.F.);
#912=ADVANCED_FACE('',(#104),#875,.F.);
#913=ADVANCED_FACE('',(#105),#876,.F.);
#914=ADVANCED_FACE('',(#106),#877,.F.);
#915=ADVANCED_FACE('',(#107),#25,.F.);
#916=ADVANCED_FACE('',(#108),#26,.F.);
#917=ADVANCED_FACE('',(#109),#27,.F.);
#918=ADVANCED_FACE('',(#110),#28,.F.);
#919=ADVANCED_FACE('',(#111),#29,.F.);
#920=ADVANCED_FACE('',(#112),#30,.F.);
#921=ADVANCED_FACE('',(#113),#31,.F.);
#922=ADVANCED_FACE('',(#114),#878,.F.);
#923=ADVANCED_FACE('',(#115),#879,.F.);
#924=ADVANCED_FACE('',(#116),#880,.F.);
#925=ADVANCED_FACE('',(#117,#39),#881,.T.);
#926=ADVANCED_FACE('',(#118),#32,.F.);
#927=ADVANCED_FACE('',(#119),#33,.F.);
#928=ADVANCED_FACE('',(#120),#882,.F.);
#929=ADVANCED_FACE('',(#121),#34,.F.);
#930=ADVANCED_FACE('',(#122),#35,.F.);
#931=ADVANCED_FACE('',(#123),#36,.F.);
#932=ADVANCED_FACE('',(#124),#883,.F.);
#933=ADVANCED_FACE('',(#125),#884,.F.);
#934=ADVANCED_FACE('',(#126),#885,.F.);
#935=ADVANCED_FACE('',(#127),#886,.F.);
#936=ADVANCED_FACE('',(#128),#887,.T.);
#937=ADVANCED_FACE('',(#129),#15,.T.);
#938=ADVANCED_FACE('',(#130),#888,.T.);
#939=ADVANCED_FACE('',(#131),#889,.T.);
#940=ADVANCED_FACE('',(#132),#890,.T.);
#941=ADVANCED_FACE('',(#133),#891,.F.);
#942=CLOSED_SHELL('',(#892,#893,#894,#895,#896,#897,#898,#899,#900,#901,
#902,#903,#904,#905,#906,#907,#908,#909,#910,#911,#912,#913,#914,#915,#916,
#917,#918,#919,#920,#921,#922,#923,#924,#925,#926,#927,#928,#929,#930,#931,
#932,#933,#934,#935,#936,#937,#938,#939,#940,#941));
#943=DERIVED_UNIT_ELEMENT(#945,1.);
#944=DERIVED_UNIT_ELEMENT(#1780,-3.);
#945=(
MASS_UNIT()
NAMED_UNIT(*)
SI_UNIT(.KILO.,.GRAM.)
);
#946=DERIVED_UNIT((#943,#944));
#947=MEASURE_REPRESENTATION_ITEM('density measure',
POSITIVE_RATIO_MEASURE(7850.),#946);
#948=PROPERTY_DEFINITION_REPRESENTATION(#953,#950);
#949=PROPERTY_DEFINITION_REPRESENTATION(#954,#951);
#950=REPRESENTATION('material name',(#952),#1777);
#951=REPRESENTATION('density',(#947),#1777);
#952=DESCRIPTIVE_REPRESENTATION_ITEM('Steel','Steel');
#953=PROPERTY_DEFINITION('material property','material name',#1787);
#954=PROPERTY_DEFINITION('material property','density of part',#1787);
#955=AXIS2_PLACEMENT_3D('',#1142,#987,#988);
#956=AXIS2_PLACEMENT_3D('',#1143,#989,#990);
#957=AXIS2_PLACEMENT_3D('',#1152,#995,#996);
#958=AXIS2_PLACEMENT_3D('',#1158,#1000,#1001);
#959=AXIS2_PLACEMENT_3D('',#1162,#1003,#1004);
#960=AXIS2_PLACEMENT_3D('',#1286,#1022,#1023);
#961=AXIS2_PLACEMENT_3D('',#1292,#1027,#1028);
#962=AXIS2_PLACEMENT_3D('',#1296,#1031,#1032);
#963=AXIS2_PLACEMENT_3D('',#1298,#1034,#1035);
#964=AXIS2_PLACEMENT_3D('',#1445,#1046,#1047);
#965=AXIS2_PLACEMENT_3D('',#1451,#1051,#1052);
#966=AXIS2_PLACEMENT_3D('',#1454,#1055,#1056);
#967=AXIS2_PLACEMENT_3D('',#1460,#1060,#1061);
#968=AXIS2_PLACEMENT_3D('',#1515,#1067,#1068);
#969=AXIS2_PLACEMENT_3D('',#1519,#1071,#1072);
#970=AXIS2_PLACEMENT_3D('',#1523,#1075,#1076);
#971=AXIS2_PLACEMENT_3D('',#1646,#1086,#1087);
#972=AXIS2_PLACEMENT_3D('',#1650,#1090,#1091);
#973=AXIS2_PLACEMENT_3D('',#1654,#1094,#1095);
#974=AXIS2_PLACEMENT_3D('',#1656,#1097,#1098);
#975=AXIS2_PLACEMENT_3D('',#1693,#1102,#1103);
#976=AXIS2_PLACEMENT_3D('',#1748,#1109,#1110);
#977=AXIS2_PLACEMENT_3D('',#1752,#1113,#1114);
#978=AXIS2_PLACEMENT_3D('',#1756,#1117,#1118);
#979=AXIS2_PLACEMENT_3D('',#1760,#1121,#1122);
#980=AXIS2_PLACEMENT_3D('',#1762,#1124,#1125);
#981=AXIS2_PLACEMENT_3D('',#1763,#1126,#1127);
#982=AXIS2_PLACEMENT_3D('',#1767,#1129,#1130);
#983=AXIS2_PLACEMENT_3D('',#1769,#1132,#1133);
#984=AXIS2_PLACEMENT_3D('',#1771,#1135,#1136);
#985=AXIS2_PLACEMENT_3D('',#1773,#1138,#1139);
#986=AXIS2_PLACEMENT_3D('',#1774,#1140,#1141);
#987=DIRECTION('axis',(0.,0.,1.));
#988=DIRECTION('refdir',(1.,0.,0.));
#989=DIRECTION('center_axis',(0.707106781186546,0.707106781186549,0.));
#990=DIRECTION('ref_axis',(0.,0.,-1.));
#991=DIRECTION('',(-0.707106781186549,0.707106781186546,0.));
#992=DIRECTION('',(0.,0.,1.));
#993=DIRECTION('',(0.707106781186549,-0.707106781186546,0.));
#994=DIRECTION('',(0.,0.,-1.));
#995=DIRECTION('center_axis',(1.,0.,0.));
#996=DIRECTION('ref_axis',(0.,-1.,0.));
#997=DIRECTION('',(0.,-1.,0.));
#998=DIRECTION('',(0.,0.,1.));
#999=DIRECTION('',(0.,-1.,0.));
#1000=DIRECTION('center_axis',(0.,0.,1.));
#1001=DIRECTION('ref_axis',(1.,0.,0.));
#1002=DIRECTION('',(1.,0.,0.));
#1003=DIRECTION('center_axis',(0.,0.,1.));
#1004=DIRECTION('ref_axis',(0.,1.,0.));
#1005=DIRECTION('',(0.,1.,0.));
#1006=DIRECTION('',(-0.707106781186548,0.707106781186547,0.));
#1007=DIRECTION('',(-1.,0.,0.));
#1008=DIRECTION('',(-0.707106781186547,-0.707106781186548,0.));
#1009=DIRECTION('',(-0.00362015454037838,-0.999993447219082,0.));
#1010=DIRECTION('',(-0.999993447219082,0.00362015454037839,0.));
#1011=DIRECTION('',(0.00362015454037841,0.999993447219082,0.));
#1012=DIRECTION('',(0.999993447219082,-0.00362015454037848,0.));
#1013=DIRECTION('',(0.52745952721964,-0.84958015934062,0.));
#1014=DIRECTION('',(-0.999993447219082,0.00362015454037869,0.));
#1015=DIRECTION('',(-0.554090951440179,0.832456135500314,0.));
#1016=DIRECTION('',(-0.999993447219082,0.003620154540377,0.));
#1017=DIRECTION('',(-0.999993447219082,0.00362015454037838,0.));
#1018=DIRECTION('',(0.00362015454037856,0.999993447219082,0.));
#1019=DIRECTION('',(0.999993447219082,-0.00362015454037847,0.));
#1020=DIRECTION('',(-0.00362015454037808,-0.999993447219082,0.));
#1021=DIRECTION('',(-0.999993447219082,0.00362015454037874,0.));
#1022=DIRECTION('center_axis',(-0.707106781186547,-0.707106781186548,0.));
#1023=DIRECTION('ref_axis',(0.,0.,1.));
#1024=DIRECTION('',(0.707106781186548,-0.707106781186547,0.));
#1025=DIRECTION('',(0.,0.,1.));
#1026=DIRECTION('',(0.,0.,-1.));
#1027=DIRECTION('center_axis',(0.,-1.,0.));
#1028=DIRECTION('ref_axis',(-1.,0.,0.));
#1029=DIRECTION('',(-1.,0.,0.));
#1030=DIRECTION('',(0.,0.,-1.));
#1031=DIRECTION('center_axis',(0.707106781186548,-0.707106781186547,0.));
#1032=DIRECTION('ref_axis',(0.,0.,-1.));
#1033=DIRECTION('',(0.707106781186547,0.707106781186548,0.));
#1034=DIRECTION('center_axis',(-0.0036201545403791,-0.999993447219082,0.));
#1035=DIRECTION('ref_axis',(-0.999993447219082,0.0036201545403791,0.));
#1036=DIRECTION('',(-0.999993447219082,0.0036201545403791,0.));
#1037=DIRECTION('',(0.,0.,-1.));
#1038=DIRECTION('',(-0.999993447219082,0.0036201545403791,0.));
#1039=DIRECTION('',(0.,0.,-1.));
#1040=DIRECTION('',(0.,0.,-1.));
#1041=DIRECTION('',(0.,0.,-1.));
#1042=DIRECTION('',(0.,0.,-1.));
#1043=DIRECTION('',(0.,0.,-1.));
#1044=DIRECTION('',(0.,0.,-1.));
#1045=DIRECTION('',(0.,0.,-1.));
#1046=DIRECTION('center_axis',(0.00362015454037866,0.999993447219082,0.));
#1047=DIRECTION('ref_axis',(0.999993447219082,-0.00362015454037866,0.));
#1048=DIRECTION('',(0.999993447219082,-0.00362015454037866,0.));
#1049=DIRECTION('',(0.,0.,-1.));
#1050=DIRECTION('',(0.999993447219082,-0.00362015454037866,0.));
#1051=DIRECTION('center_axis',(0.999993447219082,-0.00362015454037793,0.));
#1052=DIRECTION('ref_axis',(-0.00362015454037793,-0.999993447219082,0.));
#1053=DIRECTION('',(-0.00362015454037793,-0.999993447219082,0.));
#1054=DIRECTION('',(-0.00362015454037793,-0.999993447219082,0.));
#1055=DIRECTION('center_axis',(0.999993447219082,-0.00362015454037838,0.));
#1056=DIRECTION('ref_axis',(-0.00362015454037838,-0.999993447219082,0.));
#1057=DIRECTION('',(0.,0.,-1.));
#1058=DIRECTION('',(-0.00362015454037838,-0.999993447219082,0.));
#1059=DIRECTION('',(0.,0.,-1.));
#1060=DIRECTION('center_axis',(-0.003620154540377,-0.999993447219082,0.));
#1061=DIRECTION('ref_axis',(-0.999993447219082,0.003620154540377,0.));
#1062=DIRECTION('',(0.,0.,-1.));
#1063=DIRECTION('',(-0.999993447219082,0.003620154540377,0.));
#1064=DIRECTION('',(0.,0.,-1.));
#1065=DIRECTION('',(0.,0.,-1.));
#1066=DIRECTION('',(0.,0.,-1.));
#1067=DIRECTION('center_axis',(-0.832456135500314,-0.554090951440179,0.));
#1068=DIRECTION('ref_axis',(-0.554090951440179,0.832456135500314,0.));
#1069=DIRECTION('',(0.,0.,-1.));
#1070=DIRECTION('',(-0.554090951440179,0.832456135500314,0.));
#1071=DIRECTION('center_axis',(-0.00362015454037869,-0.999993447219082,
0.));
#1072=DIRECTION('ref_axis',(-0.999993447219082,0.00362015454037869,0.));
#1073=DIRECTION('',(0.,0.,-1.));
#1074=DIRECTION('',(-0.999993447219082,0.00362015454037869,0.));
#1075=DIRECTION('center_axis',(0.84958015934062,0.52745952721964,0.));
#1076=DIRECTION('ref_axis',(0.52745952721964,-0.84958015934062,0.));
#1077=DIRECTION('',(0.,0.,-1.));
#1078=DIRECTION('',(0.52745952721964,-0.84958015934062,0.));
#1079=DIRECTION('',(0.,0.,-1.));
#1080=DIRECTION('',(0.,0.,-1.));
#1081=DIRECTION('',(0.,0.,-1.));
#1082=DIRECTION('',(0.,0.,-1.));
#1083=DIRECTION('',(0.,0.,-1.));
#1084=DIRECTION('',(0.,0.,-1.));
#1085=DIRECTION('',(0.,0.,-1.));
#1086=DIRECTION('center_axis',(0.00362015454037848,0.999993447219082,0.));
#1087=DIRECTION('ref_axis',(0.999993447219082,-0.00362015454037848,0.));
#1088=DIRECTION('',(0.,0.,-1.));
#1089=DIRECTION('',(0.999993447219082,-0.00362015454037848,0.));
#1090=DIRECTION('center_axis',(-0.999993447219082,0.00362015454037841,0.));
#1091=DIRECTION('ref_axis',(0.00362015454037841,0.999993447219082,0.));
#1092=DIRECTION('',(0.,0.,-1.));
#1093=DIRECTION('',(0.00362015454037841,0.999993447219082,0.));
#1094=DIRECTION('center_axis',(-0.00362015454037839,-0.999993447219082,
0.));
#1095=DIRECTION('ref_axis',(-0.999993447219082,0.00362015454037839,0.));
#1096=DIRECTION('',(-0.999993447219082,0.00362015454037839,0.));
#1097=DIRECTION('center_axis',(0.,0.,1.));
#1098=DIRECTION('ref_axis',(1.,0.,0.));
#1099=DIRECTION('',(0.,0.,-1.));
#1100=DIRECTION('',(0.,0.,-1.));
#1101=DIRECTION('',(0.,0.,-1.));
#1102=DIRECTION('center_axis',(-0.00362015454037874,-0.999993447219082,
0.));
#1103=DIRECTION('ref_axis',(-0.999993447219082,0.00362015454037874,0.));
#1104=DIRECTION('',(0.,0.,-1.));
#1105=DIRECTION('',(-0.999993447219082,0.00362015454037874,0.));
#1106=DIRECTION('',(0.,0.,-1.));
#1107=DIRECTION('',(0.,0.,-1.));
#1108=DIRECTION('',(0.,0.,-1.));
#1109=DIRECTION('center_axis',(0.999993447219082,-0.00362015454037808,0.));
#1110=DIRECTION('ref_axis',(-0.00362015454037808,-0.999993447219082,0.));
#1111=DIRECTION('',(0.,0.,-1.));
#1112=DIRECTION('',(-0.00362015454037808,-0.999993447219082,0.));
#1113=DIRECTION('center_axis',(0.00362015454037847,0.999993447219082,0.));
#1114=DIRECTION('ref_axis',(0.999993447219082,-0.00362015454037847,0.));
#1115=DIRECTION('',(0.,0.,-1.));
#1116=DIRECTION('',(0.999993447219082,-0.00362015454037847,0.));
#1117=DIRECTION('center_axis',(-0.999993447219082,0.00362015454037856,0.));
#1118=DIRECTION('ref_axis',(0.00362015454037856,0.999993447219082,0.));
#1119=DIRECTION('',(0.,0.,-1.));
#1120=DIRECTION('',(0.00362015454037856,0.999993447219082,0.));
#1121=DIRECTION('center_axis',(-0.00362015454037838,-0.999993447219082,
0.));
#1122=DIRECTION('ref_axis',(-0.999993447219082,0.00362015454037838,0.));
#1123=DIRECTION('',(-0.999993447219082,0.00362015454037838,0.));
#1124=DIRECTION('center_axis',(0.,0.,1.));
#1125=DIRECTION('ref_axis',(1.,0.,0.));
#1126=DIRECTION('center_axis',(0.,0.,-1.));
#1127=DIRECTION('ref_axis',(0.,1.,0.));
#1128=DIRECTION('',(0.,0.,-1.));
#1129=DIRECTION('center_axis',(0.,0.,-1.));
#1130=DIRECTION('ref_axis',(0.,1.,0.));
#1131=DIRECTION('',(0.,0.,-1.));
#1132=DIRECTION('center_axis',(-1.,0.,0.));
#1133=DIRECTION('ref_axis',(0.,1.,0.));
#1134=DIRECTION('',(0.,1.,0.));
#1135=DIRECTION('center_axis',(0.,1.,0.));
#1136=DIRECTION('ref_axis',(1.,0.,0.));
#1137=DIRECTION('',(1.,0.,0.));
#1138=DIRECTION('center_axis',(0.,0.,1.));
#1139=DIRECTION('ref_axis',(1.,0.,0.));
#1140=DIRECTION('center_axis',(0.,0.,1.));
#1141=DIRECTION('ref_axis',(1.,0.,0.));
#1142=CARTESIAN_POINT('',(0.,0.,0.));
#1143=CARTESIAN_POINT('Origin',(-0.5,34.5,0.));
#1144=CARTESIAN_POINT('',(0.,34.,-2.));
#1145=CARTESIAN_POINT('',(-1.,35.,-2.));
#1146=CARTESIAN_POINT('',(-0.500000000000016,34.5,-2.));
#1147=CARTESIAN_POINT('',(-1.,35.,0.));
#1148=CARTESIAN_POINT('',(-1.,35.,0.));
#1149=CARTESIAN_POINT('',(0.,34.,0.));
#1150=CARTESIAN_POINT('',(-0.500000000000016,34.5,0.));
#1151=CARTESIAN_POINT('',(0.,34.,0.));
#1152=CARTESIAN_POINT('Origin',(0.,35.,0.));
#1153=CARTESIAN_POINT('',(0.,1.,0.));
#1154=CARTESIAN_POINT('',(0.,35.,0.));
#1155=CARTESIAN_POINT('',(0.,1.,-2.));
#1156=CARTESIAN_POINT('',(0.,1.,0.));
#1157=CARTESIAN_POINT('',(0.,35.,-2.));
#1158=CARTESIAN_POINT('Origin',(-17.5,17.5,0.));
#1159=CARTESIAN_POINT('',(-28.,35.,0.));
#1160=CARTESIAN_POINT('',(-28.,35.,0.));
#1161=CARTESIAN_POINT('',(-35.,28.,0.));
#1162=CARTESIAN_POINT('Origin',(-28.,28.,0.));
#1163=CARTESIAN_POINT('',(-35.,1.,0.));
#1164=CARTESIAN_POINT('',(-35.,0.,0.));
#1165=CARTESIAN_POINT('',(-34.,0.,0.));
#1166=CARTESIAN_POINT('',(-34.5,0.499999999999995,0.));
#1167=CARTESIAN_POINT('',(-1.,0.,0.));
#1168=CARTESIAN_POINT('',(0.,0.,0.));
#1169=CARTESIAN_POINT('',(-0.499999999999997,0.500000000000005,0.));
#1170=CARTESIAN_POINT('',(-15.8312027303608,5.90119163467797,0.));
#1171=CARTESIAN_POINT('',(-15.8401967813848,3.4167694953166,0.));
#1172=CARTESIAN_POINT('',(-15.8102190637784,11.6974991809252,0.));
#1173=CARTESIAN_POINT('',(-17.0418127718788,3.42111955940539,0.));
#1174=CARTESIAN_POINT('',(-16.6955790827868,3.41986613173036,0.));
#1175=CARTESIAN_POINT('',(-17.0202681991536,9.37236592417989,0.));
#1176=CARTESIAN_POINT('',(-17.0163320797844,10.4596381753333,0.));
#1177=CARTESIAN_POINT('',(-14.491191558368,9.36321021590043,0.));
#1178=CARTESIAN_POINT('',(-17.2748425053086,9.37328752854925,0.));
#1179=CARTESIAN_POINT('',(-13.1054483296109,9.19784113202468,0.));
#1180=CARTESIAN_POINT('Ctrl Pts',(-14.491191558368,9.36321021590043,0.));
#1181=CARTESIAN_POINT('Ctrl Pts',(-14.2149767463002,9.36182767210644,0.));
#1182=CARTESIAN_POINT('Ctrl Pts',(-13.7459903335049,9.35948024457486,0.));
#1183=CARTESIAN_POINT('Ctrl Pts',(-13.2920396589196,9.24492696979278,0.));
#1184=CARTESIAN_POINT('Ctrl Pts',(-13.1054483296109,9.19784113202468,0.));
#1185=CARTESIAN_POINT('',(-12.4153655945037,8.62497338544868,0.));
#1186=CARTESIAN_POINT('Ctrl Pts',(-13.1054483296109,9.19784113202468,0.));
#1187=CARTESIAN_POINT('Ctrl Pts',(-12.9681765788187,9.13256336688472,0.));
#1188=CARTESIAN_POINT('Ctrl Pts',(-12.6897658690683,9.00016883692021,0.));
#1189=CARTESIAN_POINT('Ctrl Pts',(-12.5076754495182,8.75119132667492,0.));
#1190=CARTESIAN_POINT('Ctrl Pts',(-12.4153655945037,8.62497338544868,0.));
#1191=CARTESIAN_POINT('',(-12.1589520199344,7.68628535990198,0.));
#1192=CARTESIAN_POINT('Ctrl Pts',(-12.4153655945037,8.62497338544868,0.));
#1193=CARTESIAN_POINT('Ctrl Pts',(-12.3401178041366,8.48125217039315,0.));
#1194=CARTESIAN_POINT('Ctrl Pts',(-12.1862074988143,8.18728771000718,0.));
#1195=CARTESIAN_POINT('Ctrl Pts',(-12.1681705714076,7.85573811371359,0.));
#1196=CARTESIAN_POINT('Ctrl Pts',(-12.1589520199344,7.68628535990198,0.));
#1197=CARTESIAN_POINT('',(-12.5567292493002,6.58149347938074,0.));
#1198=CARTESIAN_POINT('Ctrl Pts',(-12.1589520199344,7.68628535990198,0.));
#1199=CARTESIAN_POINT('Ctrl Pts',(-12.1736205798988,7.47563601024323,0.));
#1200=CARTESIAN_POINT('Ctrl Pts',(-12.2019358934043,7.06901106615803,0.));
#1201=CARTESIAN_POINT('Ctrl Pts',(-12.4413446215467,6.7400422073623,0.));
#1202=CARTESIAN_POINT('Ctrl Pts',(-12.5567292493002,6.58149347938074,0.));
#1203=CARTESIAN_POINT('',(-13.7359797001803,6.03569154696008,0.));
#1204=CARTESIAN_POINT('Ctrl Pts',(-12.5567292493002,6.58149347938074,0.));
#1205=CARTESIAN_POINT('Ctrl Pts',(-12.7138737793242,6.44890286597119,0.));
#1206=CARTESIAN_POINT('Ctrl Pts',(-13.0557788953022,6.1604206066876,0.));
#1207=CARTESIAN_POINT('Ctrl Pts',(-13.4973571758453,6.07944798311343,0.));
#1208=CARTESIAN_POINT('Ctrl Pts',(-13.7359797001803,6.03569154696008,0.));
#1209=CARTESIAN_POINT('',(-13.0943543372804,5.53404216832301,0.));
#1210=CARTESIAN_POINT('Ctrl Pts',(-13.7359797001803,6.03569154696008,0.));
#1211=CARTESIAN_POINT('Ctrl Pts',(-13.6143223743151,5.96004663227764,0.));
#1212=CARTESIAN_POINT('Ctrl Pts',(-13.3823491164613,5.81580873148396,0.));
#1213=CARTESIAN_POINT('Ctrl Pts',(-13.1871717951962,5.62485234270407,0.));
#1214=CARTESIAN_POINT('Ctrl Pts',(-13.0943543372804,5.53404216832301,0.));
#1215=CARTESIAN_POINT('',(-12.4138237698157,4.56540116897722,0.));
#1216=CARTESIAN_POINT('Ctrl Pts',(-13.0943543372804,5.53404216832301,0.));
#1217=CARTESIAN_POINT('Ctrl Pts',(-12.9932095889902,5.40949040901798,0.));
#1218=CARTESIAN_POINT('Ctrl Pts',(-12.7439957360002,5.10260325612292,0.));
#1219=CARTESIAN_POINT('Ctrl Pts',(-12.5368803129763,4.765618748279,0.));
#1220=CARTESIAN_POINT('Ctrl Pts',(-12.4138237698157,4.56540116897722,0.));
#1221=CARTESIAN_POINT('',(-11.6913741229564,3.40175001771312,0.));
#1222=CARTESIAN_POINT('',(-16.0194660611159,10.373016719151,0.));
#1223=CARTESIAN_POINT('',(-13.1284419303588,3.40695245935138,0.));
#1224=CARTESIAN_POINT('',(-14.6211677535726,3.41235639292862,0.));
#1225=CARTESIAN_POINT('',(-13.9924897342131,4.70508211444599,0.));
#1226=CARTESIAN_POINT('',(-17.0497670492558,9.29827976948477,0.));
#1227=CARTESIAN_POINT('',(-14.6226068845848,5.58220006390735,0.));
#1228=CARTESIAN_POINT('Ctrl Pts',(-13.9924897342131,4.70508211444599,0.));
#1229=CARTESIAN_POINT('Ctrl Pts',(-14.1179325153597,4.8969157588529,0.));
#1230=CARTESIAN_POINT('Ctrl Pts',(-14.3152204646178,5.19861878199873,0.));
#1231=CARTESIAN_POINT('Ctrl Pts',(-14.5405499856287,5.47980292321914,0.));
#1232=CARTESIAN_POINT('Ctrl Pts',(-14.6226068845848,5.58220006390735,0.));
#1233=CARTESIAN_POINT('',(-14.9830069708851,5.83113806819682,0.));
#1234=CARTESIAN_POINT('Ctrl Pts',(-14.6226068845848,5.58220006390735,0.));
#1235=CARTESIAN_POINT('Ctrl Pts',(-14.6782001398671,5.63718906394071,0.));
#1236=CARTESIAN_POINT('Ctrl Pts',(-14.7837433144072,5.74158506663635,0.));
#1237=CARTESIAN_POINT('Ctrl Pts',(-14.9189963881063,5.80237045487082,0.));
#1238=CARTESIAN_POINT('Ctrl Pts',(-14.9830069708851,5.83113806819682,0.));
#1239=CARTESIAN_POINT('',(-15.5876318827139,5.90030986478992,0.));
#1240=CARTESIAN_POINT('Ctrl Pts',(-14.9830069708851,5.83113806819682,0.));
#1241=CARTESIAN_POINT('Ctrl Pts',(-15.0648126392393,5.85082516507084,0.));
#1242=CARTESIAN_POINT('Ctrl Pts',(-15.2631911253843,5.89856631251248,0.));
#1243=CARTESIAN_POINT('Ctrl Pts',(-15.4675467368026,5.89966452438521,0.));
#1244=CARTESIAN_POINT('Ctrl Pts',(-15.5876318827139,5.90030986478992,0.));
#1245=CARTESIAN_POINT('',(-16.5647996079393,5.90384738614771,0.));
#1246=CARTESIAN_POINT('',(-9.9711775479913,5.91245369845744,0.));
#1247=CARTESIAN_POINT('',(-8.67803835646597,8.20142741099927,0.));
#1248=CARTESIAN_POINT('Ctrl Pts',(-9.9711775479913,5.91245369845744,0.));
#1249=CARTESIAN_POINT('Ctrl Pts',(-9.7979523110266,6.32548510437922,0.));
#1250=CARTESIAN_POINT('Ctrl Pts',(-9.45663500198396,7.13930860082536,0.));
#1251=CARTESIAN_POINT('Ctrl Pts',(-8.93495534368391,7.85095535804579,0.));
#1252=CARTESIAN_POINT('Ctrl Pts',(-8.67803835646597,8.20142741099927,0.));
#1253=CARTESIAN_POINT('',(-11.2720673549168,8.21081825839205,0.));
#1254=CARTESIAN_POINT('',(-13.1057923946383,8.21745666992046,0.));
#1255=CARTESIAN_POINT('',(-11.2682316556071,9.27035152761156,0.));
#1256=CARTESIAN_POINT('',(-11.2552941385115,12.8440752939712,0.));
#1257=CARTESIAN_POINT('',(-7.36703963958957,9.25622851707689,0.));
#1258=CARTESIAN_POINT('',(-14.398971194554,9.28168536283636,0.));
#1259=CARTESIAN_POINT('',(-7.37003765731686,8.42808760527558,0.));
#1260=CARTESIAN_POINT('',(-7.35218427283914,13.3597189180463,0.));
#1261=CARTESIAN_POINT('',(-8.35737765409439,7.06764750794324,0.));
#1262=CARTESIAN_POINT('Ctrl Pts',(-7.37003765731686,8.42808760527558,0.));
#1263=CARTESIAN_POINT('Ctrl Pts',(-7.53936803289849,8.24045345845958,0.));
#1264=CARTESIAN_POINT('Ctrl Pts',(-7.91661600572052,7.82242685646693,0.));
#1265=CARTESIAN_POINT('Ctrl Pts',(-8.20076881110345,7.33583127783759,0.));
#1266=CARTESIAN_POINT('Ctrl Pts',(-8.35737765409439,7.06764750794324,0.));
#1267=CARTESIAN_POINT('',(-9.12537696319018,5.1806999266496,0.));
#1268=CARTESIAN_POINT('Ctrl Pts',(-8.35737765409439,7.06764750794324,0.));
#1269=CARTESIAN_POINT('Ctrl Pts',(-8.51517120868115,6.76661887681765,0.));
#1270=CARTESIAN_POINT('Ctrl Pts',(-8.83190589847228,6.16237233235319,0.));
#1271=CARTESIAN_POINT('Ctrl Pts',(-9.02731727269332,5.50871349883988,0.));
#1272=CARTESIAN_POINT('Ctrl Pts',(-9.12537696319018,5.1806999266496,0.));
#1273=CARTESIAN_POINT('',(-9.38963008207745,3.39341729397023,0.));
#1274=CARTESIAN_POINT('Ctrl Pts',(-9.12537696319018,5.1806999266496,0.));
#1275=CARTESIAN_POINT('Ctrl Pts',(-9.20265645767914,4.86671785285963,0.));
#1276=CARTESIAN_POINT('Ctrl Pts',(-9.34729444837467,4.27906214201791,0.));
#1277=CARTESIAN_POINT('Ctrl Pts',(-9.37617861095242,3.67481679265691,0.));
#1278=CARTESIAN_POINT('Ctrl Pts',(-9.38963008207745,3.39341729397023,0.));
#1279=CARTESIAN_POINT('',(-10.4897583187257,3.39739995429863,0.));
#1280=CARTESIAN_POINT('',(-13.4702957331331,3.40819003105718,0.));
#1281=CARTESIAN_POINT('Ctrl Pts',(-10.4897583187257,3.39739995429863,0.));
#1282=CARTESIAN_POINT('Ctrl Pts',(-10.4578626881988,3.816077353726,0.));
#1283=CARTESIAN_POINT('Ctrl Pts',(-10.3923287910485,4.67630683281245,0.));
#1284=CARTESIAN_POINT('Ctrl Pts',(-10.1140280945931,5.49316429032081,0.));
#1285=CARTESIAN_POINT('Ctrl Pts',(-9.9711775479913,5.91245369845744,0.));
#1286=CARTESIAN_POINT('Origin',(-34.5,0.5,0.));
#1287=CARTESIAN_POINT('',(-35.,1.,-2.));
#1288=CARTESIAN_POINT('',(-34.,0.,-2.));
#1289=CARTESIAN_POINT('',(-34.5,0.499999999999995,-2.));
#1290=CARTESIAN_POINT('',(-34.,0.,0.));
#1291=CARTESIAN_POINT('',(-35.,1.,0.));
#1292=CARTESIAN_POINT('Origin',(0.,0.,0.));
#1293=CARTESIAN_POINT('',(-1.,0.,-2.));
#1294=CARTESIAN_POINT('',(0.,0.,-2.));
#1295=CARTESIAN_POINT('',(-1.,0.,0.));
#1296=CARTESIAN_POINT('Origin',(-0.5,0.5,0.));
#1297=CARTESIAN_POINT('',(-0.499999999999997,0.500000000000005,-2.));
#1298=CARTESIAN_POINT('Origin',(-14.8845493830784,8.35786198056501,0.));
#1299=CARTESIAN_POINT('',(-14.8845493830784,8.35786198056501,0.));
#1300=CARTESIAN_POINT('',(-15.8222968559479,8.36125679358211,0.));
#1301=CARTESIAN_POINT('',(-16.2088054209151,8.36265602348732,0.));
#1302=CARTESIAN_POINT('',(-14.8845493830784,8.35786198056501,-0.4));
#1303=CARTESIAN_POINT('',(-14.8845493830784,8.35786198056501,0.));
#1304=CARTESIAN_POINT('',(-15.8222968559479,8.36125679358211,-0.4));
#1305=CARTESIAN_POINT('',(-14.8845493830784,8.35786198056501,-0.4));
#1306=CARTESIAN_POINT('',(-15.8222968559479,8.36125679358211,0.));
#1307=CARTESIAN_POINT('Ctrl Pts',(-14.0077679914114,8.33438997689034,0.));
#1308=CARTESIAN_POINT('Ctrl Pts',(-14.0077679914114,8.33438997689034,-0.4));
#1309=CARTESIAN_POINT('Ctrl Pts',(-14.105153971646,8.34052222729334,0.));
#1310=CARTESIAN_POINT('Ctrl Pts',(-14.105153971646,8.34052222729334,-0.4));
#1311=CARTESIAN_POINT('Ctrl Pts',(-14.3970555987198,8.35890283881409,0.));
#1312=CARTESIAN_POINT('Ctrl Pts',(-14.3970555987198,8.35890283881409,-0.4));
#1313=CARTESIAN_POINT('Ctrl Pts',(-14.6896032455126,8.35827821417029,0.));
#1314=CARTESIAN_POINT('Ctrl Pts',(-14.6896032455126,8.35827821417029,-0.4));
#1315=CARTESIAN_POINT('Ctrl Pts',(-14.8845493830784,8.35786198056501,0.));
#1316=CARTESIAN_POINT('Ctrl Pts',(-14.8845493830784,8.35786198056501,-0.4));
#1317=CARTESIAN_POINT('',(-14.0077679914114,8.33438997689034,0.));
#1318=CARTESIAN_POINT('Ctrl Pts',(-14.0077679914114,8.33438997689034,0.));
#1319=CARTESIAN_POINT('Ctrl Pts',(-14.105153971646,8.34052222729334,0.));
#1320=CARTESIAN_POINT('Ctrl Pts',(-14.3970555987198,8.35890283881409,0.));
#1321=CARTESIAN_POINT('Ctrl Pts',(-14.6896032455126,8.35827821417029,0.));
#1322=CARTESIAN_POINT('Ctrl Pts',(-14.8845493830784,8.35786198056501,0.));
#1323=CARTESIAN_POINT('',(-14.0077679914114,8.33438997689034,-0.4));
#1324=CARTESIAN_POINT('',(-14.0077679914114,8.33438997689034,0.));
#1325=CARTESIAN_POINT('Ctrl Pts',(-14.0077679914114,8.33438997689034,-0.4));
#1326=CARTESIAN_POINT('Ctrl Pts',(-14.105153971646,8.34052222729334,-0.4));
#1327=CARTESIAN_POINT('Ctrl Pts',(-14.3970555987198,8.35890283881409,-0.4));
#1328=CARTESIAN_POINT('Ctrl Pts',(-14.6896032455126,8.35827821417029,-0.4));
#1329=CARTESIAN_POINT('Ctrl Pts',(-14.8845493830784,8.35786198056501,-0.4));
#1330=CARTESIAN_POINT('Ctrl Pts',(-13.555977419783,8.09932947305501,0.));
#1331=CARTESIAN_POINT('Ctrl Pts',(-13.555977419783,8.09932947305501,-0.4));
#1332=CARTESIAN_POINT('Ctrl Pts',(-13.6170429669528,8.15580691388351,0.));
#1333=CARTESIAN_POINT('Ctrl Pts',(-13.6170429669528,8.15580691388351,-0.4));
#1334=CARTESIAN_POINT('Ctrl Pts',(-13.745909573829,8.27499124124878,0.));
#1335=CARTESIAN_POINT('Ctrl Pts',(-13.745909573829,8.27499124124878,-0.4));
#1336=CARTESIAN_POINT('Ctrl Pts',(-13.9174924595274,8.31391229852206,0.));
#1337=CARTESIAN_POINT('Ctrl Pts',(-13.9174924595274,8.31391229852206,-0.4));
#1338=CARTESIAN_POINT('Ctrl Pts',(-14.0077679914114,8.33438997689034,0.));
#1339=CARTESIAN_POINT('Ctrl Pts',(-14.0077679914114,8.33438997689034,-0.4));
#1340=CARTESIAN_POINT('',(-13.555977419783,8.09932947305501,0.));
#1341=CARTESIAN_POINT('Ctrl Pts',(-13.555977419783,8.09932947305501,0.));
#1342=CARTESIAN_POINT('Ctrl Pts',(-13.6170429669528,8.15580691388351,0.));
#1343=CARTESIAN_POINT('Ctrl Pts',(-13.745909573829,8.27499124124878,0.));
#1344=CARTESIAN_POINT('Ctrl Pts',(-13.9174924595274,8.31391229852206,0.));
#1345=CARTESIAN_POINT('Ctrl Pts',(-14.0077679914114,8.33438997689034,0.));
#1346=CARTESIAN_POINT('',(-13.555977419783,8.09932947305501,-0.4));
#1347=CARTESIAN_POINT('',(-13.555977419783,8.09932947305501,0.));
#1348=CARTESIAN_POINT('Ctrl Pts',(-13.555977419783,8.09932947305501,-0.4));
#1349=CARTESIAN_POINT('Ctrl Pts',(-13.6170429669528,8.15580691388351,-0.4));
#1350=CARTESIAN_POINT('Ctrl Pts',(-13.745909573829,8.27499124124878,-0.4));
#1351=CARTESIAN_POINT('Ctrl Pts',(-13.9174924595274,8.31391229852206,-0.4));
#1352=CARTESIAN_POINT('Ctrl Pts',(-14.0077679914114,8.33438997689034,-0.4));
#1353=CARTESIAN_POINT('Ctrl Pts',(-13.3973826703365,7.61363710164749,0.));
#1354=CARTESIAN_POINT('Ctrl Pts',(-13.3973826703365,7.61363710164749,-0.4));
#1355=CARTESIAN_POINT('Ctrl Pts',(-13.4020858719467,7.706995922665,0.));
#1356=CARTESIAN_POINT('Ctrl Pts',(-13.4020858719467,7.706995922665,-0.4));
#1357=CARTESIAN_POINT('Ctrl Pts',(-13.4109906797481,7.88375686693906,0.));
#1358=CARTESIAN_POINT('Ctrl Pts',(-13.4109906797481,7.88375686693906,-0.4));
#1359=CARTESIAN_POINT('Ctrl Pts',(-13.509498101724,8.0302219965916,0.));
#1360=CARTESIAN_POINT('Ctrl Pts',(-13.509498101724,8.0302219965916,-0.4));
#1361=CARTESIAN_POINT('Ctrl Pts',(-13.555977419783,8.09932947305501,0.));
#1362=CARTESIAN_POINT('Ctrl Pts',(-13.555977419783,8.09932947305501,-0.4));
#1363=CARTESIAN_POINT('',(-13.3973826703365,7.61363710164749,0.));
#1364=CARTESIAN_POINT('Ctrl Pts',(-13.3973826703365,7.61363710164749,0.));
#1365=CARTESIAN_POINT('Ctrl Pts',(-13.4020858719467,7.706995922665,0.));
#1366=CARTESIAN_POINT('Ctrl Pts',(-13.4109906797481,7.88375686693906,0.));
#1367=CARTESIAN_POINT('Ctrl Pts',(-13.509498101724,8.0302219965916,0.));
#1368=CARTESIAN_POINT('Ctrl Pts',(-13.555977419783,8.09932947305501,0.));
#1369=CARTESIAN_POINT('',(-13.3973826703365,7.61363710164749,-0.4));
#1370=CARTESIAN_POINT('',(-13.3973826703365,7.61363710164749,0.));
#1371=CARTESIAN_POINT('Ctrl Pts',(-13.3973826703365,7.61363710164749,-0.4));
#1372=CARTESIAN_POINT('Ctrl Pts',(-13.4020858719467,7.706995922665,-0.4));
#1373=CARTESIAN_POINT('Ctrl Pts',(-13.4109906797481,7.88375686693906,-0.4));
#1374=CARTESIAN_POINT('Ctrl Pts',(-13.509498101724,8.0302219965916,-0.4));
#1375=CARTESIAN_POINT('Ctrl Pts',(-13.555977419783,8.09932947305501,-0.4));
#1376=CARTESIAN_POINT('Ctrl Pts',(-13.5207847463438,7.16753155701761,0.));
#1377=CARTESIAN_POINT('Ctrl Pts',(-13.5207847463438,7.16753155701761,-0.4));
#1378=CARTESIAN_POINT('Ctrl Pts',(-13.4850580117575,7.23296225285577,0.));
#1379=CARTESIAN_POINT('Ctrl Pts',(-13.4850580117575,7.23296225285577,-0.4));
#1380=CARTESIAN_POINT('Ctrl Pts',(-13.4092749233749,7.37175300054298,0.));
#1381=CARTESIAN_POINT('Ctrl Pts',(-13.4092749233749,7.37175300054298,-0.4));
#1382=CARTESIAN_POINT('Ctrl Pts',(-13.4014949164435,7.52999551162155,0.));
#1383=CARTESIAN_POINT('Ctrl Pts',(-13.4014949164435,7.52999551162155,-0.4));
#1384=CARTESIAN_POINT('Ctrl Pts',(-13.3973826703365,7.61363710164749,0.));
#1385=CARTESIAN_POINT('Ctrl Pts',(-13.3973826703365,7.61363710164749,-0.4));
#1386=CARTESIAN_POINT('',(-13.5207847463438,7.16753155701761,0.));
#1387=CARTESIAN_POINT('Ctrl Pts',(-13.5207847463438,7.16753155701761,0.));
#1388=CARTESIAN_POINT('Ctrl Pts',(-13.4850580117575,7.23296225285577,0.));
#1389=CARTESIAN_POINT('Ctrl Pts',(-13.4092749233749,7.37175300054298,0.));
#1390=CARTESIAN_POINT('Ctrl Pts',(-13.4014949164435,7.52999551162155,0.));
#1391=CARTESIAN_POINT('Ctrl Pts',(-13.3973826703365,7.61363710164749,0.));
#1392=CARTESIAN_POINT('',(-13.5207847463438,7.16753155701761,-0.4));
#1393=CARTESIAN_POINT('',(-13.5207847463438,7.16753155701761,0.));
#1394=CARTESIAN_POINT('Ctrl Pts',(-13.5207847463438,7.16753155701761,-0.4));
#1395=CARTESIAN_POINT('Ctrl Pts',(-13.4850580117575,7.23296225285577,-0.4));
#1396=CARTESIAN_POINT('Ctrl Pts',(-13.4092749233749,7.37175300054298,-0.4));
#1397=CARTESIAN_POINT('Ctrl Pts',(-13.4014949164435,7.52999551162155,-0.4));
#1398=CARTESIAN_POINT('Ctrl Pts',(-13.3973826703365,7.61363710164749,-0.4));
#1399=CARTESIAN_POINT('Ctrl Pts',(-13.8586354797292,6.91706134818427,0.));
#1400=CARTESIAN_POINT('Ctrl Pts',(-13.8586354797292,6.91706134818427,-0.4));
#1401=CARTESIAN_POINT('Ctrl Pts',(-13.7909873191015,6.9451616667956,0.));
#1402=CARTESIAN_POINT('Ctrl Pts',(-13.7909873191015,6.9451616667956,-0.4));
#1403=CARTESIAN_POINT('Ctrl Pts',(-13.6574878554491,7.00061590868884,0.));
#1404=CARTESIAN_POINT('Ctrl Pts',(-13.6574878554491,7.00061590868884,-0.4));
#1405=CARTESIAN_POINT('Ctrl Pts',(-13.5659417227235,7.11239450828241,0.));
#1406=CARTESIAN_POINT('Ctrl Pts',(-13.5659417227235,7.11239450828241,-0.4));
#1407=CARTESIAN_POINT('Ctrl Pts',(-13.5207847463438,7.16753155701761,0.));
#1408=CARTESIAN_POINT('Ctrl Pts',(-13.5207847463438,7.16753155701761,-0.4));
#1409=CARTESIAN_POINT('',(-13.8586354797292,6.91706134818427,0.));
#1410=CARTESIAN_POINT('Ctrl Pts',(-13.8586354797292,6.91706134818427,0.));
#1411=CARTESIAN_POINT('Ctrl Pts',(-13.7909873191015,6.9451616667956,0.));
#1412=CARTESIAN_POINT('Ctrl Pts',(-13.6574878554491,7.00061590868884,0.));
#1413=CARTESIAN_POINT('Ctrl Pts',(-13.5659417227235,7.11239450828241,0.));
#1414=CARTESIAN_POINT('Ctrl Pts',(-13.5207847463438,7.16753155701761,0.));
#1415=CARTESIAN_POINT('',(-13.8586354797292,6.91706134818427,-0.4));
#1416=CARTESIAN_POINT('',(-13.8586354797292,6.91706134818427,0.));
#1417=CARTESIAN_POINT('Ctrl Pts',(-13.8586354797292,6.91706134818427,-0.4));
#1418=CARTESIAN_POINT('Ctrl Pts',(-13.7909873191015,6.9451616667956,-0.4));
#1419=CARTESIAN_POINT('Ctrl Pts',(-13.6574878554491,7.00061590868884,-0.4));
#1420=CARTESIAN_POINT('Ctrl Pts',(-13.5659417227235,7.11239450828241,-0.4));
#1421=CARTESIAN_POINT('Ctrl Pts',(-13.5207847463438,7.16753155701761,-0.4));
#1422=CARTESIAN_POINT('Ctrl Pts',(-14.9387306145649,6.84789928807091,0.));
#1423=CARTESIAN_POINT('Ctrl Pts',(-14.9387306145649,6.84789928807091,-0.4));
#1424=CARTESIAN_POINT('Ctrl Pts',(-14.7038807825871,6.84421048083876,0.));
#1425=CARTESIAN_POINT('Ctrl Pts',(-14.7038807825871,6.84421048083876,-0.4));
#1426=CARTESIAN_POINT('Ctrl Pts',(-14.3415022366009,6.83851856873495,0.));
#1427=CARTESIAN_POINT('Ctrl Pts',(-14.3415022366009,6.83851856873495,-0.4));
#1428=CARTESIAN_POINT('Ctrl Pts',(-13.9843314666429,6.89661572413304,0.));
#1429=CARTESIAN_POINT('Ctrl Pts',(-13.9843314666429,6.89661572413304,-0.4));
#1430=CARTESIAN_POINT('Ctrl Pts',(-13.8586354797292,6.91706134818427,0.));
#1431=CARTESIAN_POINT('Ctrl Pts',(-13.8586354797292,6.91706134818427,-0.4));
#1432=CARTESIAN_POINT('',(-14.9387306145649,6.84789928807091,0.));
#1433=CARTESIAN_POINT('Ctrl Pts',(-14.9387306145649,6.84789928807091,0.));
#1434=CARTESIAN_POINT('Ctrl Pts',(-14.7038807825871,6.84421048083876,0.));
#1435=CARTESIAN_POINT('Ctrl Pts',(-14.3415022366009,6.83851856873495,0.));
#1436=CARTESIAN_POINT('Ctrl Pts',(-13.9843314666429,6.89661572413304,0.));
#1437=CARTESIAN_POINT('Ctrl Pts',(-13.8586354797292,6.91706134818427,0.));
#1438=CARTESIAN_POINT('',(-14.9387306145649,6.84789928807091,-0.4));
#1439=CARTESIAN_POINT('',(-14.9387306145649,6.84789928807091,0.));
#1440=CARTESIAN_POINT('Ctrl Pts',(-14.9387306145649,6.84789928807091,-0.4));
#1441=CARTESIAN_POINT('Ctrl Pts',(-14.7038807825871,6.84421048083876,-0.4));
#1442=CARTESIAN_POINT('Ctrl Pts',(-14.3415022366009,6.83851856873495,-0.4));
#1443=CARTESIAN_POINT('Ctrl Pts',(-13.9843314666429,6.89661572413304,-0.4));
#1444=CARTESIAN_POINT('Ctrl Pts',(-13.8586354797292,6.91706134818427,-0.4));
#1445=CARTESIAN_POINT('Origin',(-15.8277638284986,6.85111774678674,0.));
#1446=CARTESIAN_POINT('',(-15.8277638284986,6.85111774678674,0.));
#1447=CARTESIAN_POINT('',(-16.6831461299006,6.8542143832005,0.));
#1448=CARTESIAN_POINT('',(-15.8277638284986,6.85111774678674,-0.4));
#1449=CARTESIAN_POINT('',(-15.8277638284986,6.85111774678674,0.));
#1450=CARTESIAN_POINT('',(-15.8277638284986,6.85111774678674,-0.4));
#1451=CARTESIAN_POINT('Origin',(-15.8222968559479,8.36125679358211,0.));
#1452=CARTESIAN_POINT('',(-15.805766126572,12.9275317603773,0.));
#1453=CARTESIAN_POINT('',(-15.8222968559479,8.36125679358211,-0.4));
#1454=CARTESIAN_POINT('Origin',(-15.8312027303608,5.90119163467797,0.));
#1455=CARTESIAN_POINT('',(-15.8312027303608,5.90119163467797,-0.4));
#1456=CARTESIAN_POINT('',(-15.8312027303608,5.90119163467797,0.));
#1457=CARTESIAN_POINT('',(-15.8401967813848,3.4167694953166,-0.4));
#1458=CARTESIAN_POINT('',(-15.8312027303608,5.90119163467798,-0.4));
#1459=CARTESIAN_POINT('',(-15.8401967813848,3.4167694953166,0.));
#1460=CARTESIAN_POINT('Origin',(-15.5876318827139,5.90030986478992,0.));
#1461=CARTESIAN_POINT('',(-15.5876318827139,5.90030986478992,-0.4));
#1462=CARTESIAN_POINT('',(-15.5876318827139,5.90030986478992,0.));
#1463=CARTESIAN_POINT('',(-15.5876318827139,5.90030986478992,-0.4));
#1464=CARTESIAN_POINT('Ctrl Pts',(-14.9830069708851,5.83113806819682,0.));
#1465=CARTESIAN_POINT('Ctrl Pts',(-14.9830069708851,5.83113806819682,-0.4));
#1466=CARTESIAN_POINT('Ctrl Pts',(-15.0648126392393,5.85082516507084,0.));
#1467=CARTESIAN_POINT('Ctrl Pts',(-15.0648126392393,5.85082516507084,-0.4));
#1468=CARTESIAN_POINT('Ctrl Pts',(-15.2631911253843,5.89856631251248,0.));
#1469=CARTESIAN_POINT('Ctrl Pts',(-15.2631911253843,5.89856631251248,-0.4));
#1470=CARTESIAN_POINT('Ctrl Pts',(-15.4675467368026,5.89966452438521,0.));
#1471=CARTESIAN_POINT('Ctrl Pts',(-15.4675467368026,5.89966452438521,-0.4));
#1472=CARTESIAN_POINT('Ctrl Pts',(-15.5876318827139,5.90030986478992,0.));
#1473=CARTESIAN_POINT('Ctrl Pts',(-15.5876318827139,5.90030986478992,-0.4));
#1474=CARTESIAN_POINT('',(-14.9830069708851,5.83113806819682,-0.4));
#1475=CARTESIAN_POINT('',(-14.9830069708851,5.83113806819682,0.));
#1476=CARTESIAN_POINT('Ctrl Pts',(-14.9830069708851,5.83113806819682,-0.4));
#1477=CARTESIAN_POINT('Ctrl Pts',(-15.0648126392393,5.85082516507084,-0.4));
#1478=CARTESIAN_POINT('Ctrl Pts',(-15.2631911253843,5.89856631251248,-0.4));
#1479=CARTESIAN_POINT('Ctrl Pts',(-15.4675467368026,5.89966452438521,-0.4));
#1480=CARTESIAN_POINT('Ctrl Pts',(-15.5876318827139,5.90030986478992,-0.4));
#1481=CARTESIAN_POINT('Ctrl Pts',(-14.6226068845848,5.58220006390735,0.));
#1482=CARTESIAN_POINT('Ctrl Pts',(-14.6226068845848,5.58220006390735,-0.4));
#1483=CARTESIAN_POINT('Ctrl Pts',(-14.6782001398671,5.63718906394071,0.));
#1484=CARTESIAN_POINT('Ctrl Pts',(-14.6782001398671,5.63718906394071,-0.4));
#1485=CARTESIAN_POINT('Ctrl Pts',(-14.7837433144072,5.74158506663635,0.));
#1486=CARTESIAN_POINT('Ctrl Pts',(-14.7837433144072,5.74158506663635,-0.4));
#1487=CARTESIAN_POINT('Ctrl Pts',(-14.9189963881063,5.80237045487082,0.));
#1488=CARTESIAN_POINT('Ctrl Pts',(-14.9189963881063,5.80237045487082,-0.4));
#1489=CARTESIAN_POINT('Ctrl Pts',(-14.9830069708851,5.83113806819682,0.));
#1490=CARTESIAN_POINT('Ctrl Pts',(-14.9830069708851,5.83113806819682,-0.4));
#1491=CARTESIAN_POINT('',(-14.6226068845848,5.58220006390735,-0.4));
#1492=CARTESIAN_POINT('',(-14.6226068845848,5.58220006390735,0.));
#1493=CARTESIAN_POINT('Ctrl Pts',(-14.6226068845848,5.58220006390735,-0.4));
#1494=CARTESIAN_POINT('Ctrl Pts',(-14.6782001398671,5.63718906394071,-0.4));
#1495=CARTESIAN_POINT('Ctrl Pts',(-14.7837433144072,5.74158506663635,-0.4));
#1496=CARTESIAN_POINT('Ctrl Pts',(-14.9189963881063,5.80237045487082,-0.4));
#1497=CARTESIAN_POINT('Ctrl Pts',(-14.9830069708851,5.83113806819682,-0.4));
#1498=CARTESIAN_POINT('Ctrl Pts',(-13.9924897342131,4.70508211444599,0.));
#1499=CARTESIAN_POINT('Ctrl Pts',(-13.9924897342131,4.70508211444599,-0.4));
#1500=CARTESIAN_POINT('Ctrl Pts',(-14.1179325153597,4.8969157588529,0.));
#1501=CARTESIAN_POINT('Ctrl Pts',(-14.1179325153597,4.8969157588529,-0.4));
#1502=CARTESIAN_POINT('Ctrl Pts',(-14.3152204646178,5.19861878199873,0.));
#1503=CARTESIAN_POINT('Ctrl Pts',(-14.3152204646178,5.19861878199873,-0.4));
#1504=CARTESIAN_POINT('Ctrl Pts',(-14.5405499856287,5.47980292321914,0.));
#1505=CARTESIAN_POINT('Ctrl Pts',(-14.5405499856287,5.47980292321914,-0.4));
#1506=CARTESIAN_POINT('Ctrl Pts',(-14.6226068845848,5.58220006390735,0.));
#1507=CARTESIAN_POINT('Ctrl Pts',(-14.6226068845848,5.58220006390735,-0.4));
#1508=CARTESIAN_POINT('',(-13.9924897342131,4.70508211444599,-0.4));
#1509=CARTESIAN_POINT('',(-13.9924897342131,4.70508211444599,0.));
#1510=CARTESIAN_POINT('Ctrl Pts',(-13.9924897342131,4.70508211444599,-0.4));
#1511=CARTESIAN_POINT('Ctrl Pts',(-14.1179325153597,4.8969157588529,-0.4));
#1512=CARTESIAN_POINT('Ctrl Pts',(-14.3152204646178,5.19861878199873,-0.4));
#1513=CARTESIAN_POINT('Ctrl Pts',(-14.5405499856287,5.47980292321914,-0.4));
#1514=CARTESIAN_POINT('Ctrl Pts',(-14.6226068845848,5.58220006390735,-0.4));
#1515=CARTESIAN_POINT('Origin',(-13.1284419303588,3.40695245935138,0.));
#1516=CARTESIAN_POINT('',(-13.1284419303588,3.40695245935138,-0.4));
#1517=CARTESIAN_POINT('',(-13.1284419303588,3.40695245935138,0.));
#1518=CARTESIAN_POINT('',(-13.1284419303588,3.40695245935138,-0.4));
#1519=CARTESIAN_POINT('Origin',(-11.6913741229564,3.40175001771312,0.));
#1520=CARTESIAN_POINT('',(-11.6913741229564,3.40175001771312,-0.4));
#1521=CARTESIAN_POINT('',(-11.6913741229564,3.40175001771312,0.));
#1522=CARTESIAN_POINT('',(-11.6913741229564,3.40175001771312,-0.4));
#1523=CARTESIAN_POINT('Origin',(-12.4138237698157,4.56540116897722,0.));
#1524=CARTESIAN_POINT('',(-12.4138237698157,4.56540116897722,-0.4));
#1525=CARTESIAN_POINT('',(-12.4138237698157,4.56540116897722,0.));
#1526=CARTESIAN_POINT('',(-12.4138237698157,4.56540116897722,-0.4));
#1527=CARTESIAN_POINT('Ctrl Pts',(-13.0943543372804,5.53404216832301,0.));
#1528=CARTESIAN_POINT('Ctrl Pts',(-13.0943543372804,5.53404216832301,-0.4));
#1529=CARTESIAN_POINT('Ctrl Pts',(-12.9932095889902,5.40949040901798,0.));
#1530=CARTESIAN_POINT('Ctrl Pts',(-12.9932095889902,5.40949040901798,-0.4));
#1531=CARTESIAN_POINT('Ctrl Pts',(-12.7439957360002,5.10260325612292,0.));
#1532=CARTESIAN_POINT('Ctrl Pts',(-12.7439957360002,5.10260325612292,-0.4));
#1533=CARTESIAN_POINT('Ctrl Pts',(-12.5368803129763,4.765618748279,0.));
#1534=CARTESIAN_POINT('Ctrl Pts',(-12.5368803129763,4.765618748279,-0.4));
#1535=CARTESIAN_POINT('Ctrl Pts',(-12.4138237698157,4.56540116897722,0.));
#1536=CARTESIAN_POINT('Ctrl Pts',(-12.4138237698157,4.56540116897722,-0.4));
#1537=CARTESIAN_POINT('',(-13.0943543372804,5.53404216832301,-0.4));
#1538=CARTESIAN_POINT('',(-13.0943543372804,5.53404216832301,0.));
#1539=CARTESIAN_POINT('Ctrl Pts',(-13.0943543372804,5.53404216832301,-0.4));
#1540=CARTESIAN_POINT('Ctrl Pts',(-12.9932095889902,5.40949040901798,-0.4));
#1541=CARTESIAN_POINT('Ctrl Pts',(-12.7439957360002,5.10260325612292,-0.4));
#1542=CARTESIAN_POINT('Ctrl Pts',(-12.5368803129763,4.765618748279,-0.4));
#1543=CARTESIAN_POINT('Ctrl Pts',(-12.4138237698157,4.56540116897722,-0.4));
#1544=CARTESIAN_POINT('Ctrl Pts',(-13.7359797001803,6.03569154696008,0.));
#1545=CARTESIAN_POINT('Ctrl Pts',(-13.7359797001803,6.03569154696008,-0.4));
#1546=CARTESIAN_POINT('Ctrl Pts',(-13.6143223743151,5.96004663227764,0.));
#1547=CARTESIAN_POINT('Ctrl Pts',(-13.6143223743151,5.96004663227764,-0.4));
#1548=CARTESIAN_POINT('Ctrl Pts',(-13.3823491164613,5.81580873148396,0.));
#1549=CARTESIAN_POINT('Ctrl Pts',(-13.3823491164613,5.81580873148396,-0.4));
#1550=CARTESIAN_POINT('Ctrl Pts',(-13.1871717951962,5.62485234270407,0.));
#1551=CARTESIAN_POINT('Ctrl Pts',(-13.1871717951962,5.62485234270407,-0.4));
#1552=CARTESIAN_POINT('Ctrl Pts',(-13.0943543372804,5.53404216832301,0.));
#1553=CARTESIAN_POINT('Ctrl Pts',(-13.0943543372804,5.53404216832301,-0.4));
#1554=CARTESIAN_POINT('',(-13.7359797001803,6.03569154696008,-0.4));
#1555=CARTESIAN_POINT('',(-13.7359797001803,6.03569154696008,0.));
#1556=CARTESIAN_POINT('Ctrl Pts',(-13.7359797001803,6.03569154696008,-0.4));
#1557=CARTESIAN_POINT('Ctrl Pts',(-13.6143223743151,5.96004663227764,-0.4));
#1558=CARTESIAN_POINT('Ctrl Pts',(-13.3823491164613,5.81580873148396,-0.4));
#1559=CARTESIAN_POINT('Ctrl Pts',(-13.1871717951962,5.62485234270407,-0.4));
#1560=CARTESIAN_POINT('Ctrl Pts',(-13.0943543372804,5.53404216832301,-0.4));
#1561=CARTESIAN_POINT('Ctrl Pts',(-12.5567292493002,6.58149347938074,0.));
#1562=CARTESIAN_POINT('Ctrl Pts',(-12.5567292493002,6.58149347938074,-0.4));
#1563=CARTESIAN_POINT('Ctrl Pts',(-12.7138737793242,6.44890286597119,0.));
#1564=CARTESIAN_POINT('Ctrl Pts',(-12.7138737793242,6.44890286597119,-0.4));
#1565=CARTESIAN_POINT('Ctrl Pts',(-13.0557788953022,6.1604206066876,0.));
#1566=CARTESIAN_POINT('Ctrl Pts',(-13.0557788953022,6.1604206066876,-0.4));
#1567=CARTESIAN_POINT('Ctrl Pts',(-13.4973571758453,6.07944798311343,0.));
#1568=CARTESIAN_POINT('Ctrl Pts',(-13.4973571758453,6.07944798311343,-0.4));
#1569=CARTESIAN_POINT('Ctrl Pts',(-13.7359797001803,6.03569154696008,0.));
#1570=CARTESIAN_POINT('Ctrl Pts',(-13.7359797001803,6.03569154696008,-0.4));
#1571=CARTESIAN_POINT('',(-12.5567292493002,6.58149347938074,-0.4));
#1572=CARTESIAN_POINT('',(-12.5567292493002,6.58149347938074,0.));
#1573=CARTESIAN_POINT('Ctrl Pts',(-12.5567292493002,6.58149347938074,-0.4));
#1574=CARTESIAN_POINT('Ctrl Pts',(-12.7138737793242,6.44890286597119,-0.4));
#1575=CARTESIAN_POINT('Ctrl Pts',(-13.0557788953022,6.1604206066876,-0.4));
#1576=CARTESIAN_POINT('Ctrl Pts',(-13.4973571758453,6.07944798311343,-0.4));
#1577=CARTESIAN_POINT('Ctrl Pts',(-13.7359797001803,6.03569154696008,-0.4));
#1578=CARTESIAN_POINT('Ctrl Pts',(-12.1589520199344,7.68628535990198,0.));
#1579=CARTESIAN_POINT('Ctrl Pts',(-12.1589520199344,7.68628535990198,-0.4));
#1580=CARTESIAN_POINT('Ctrl Pts',(-12.1736205798988,7.47563601024323,0.));
#1581=CARTESIAN_POINT('Ctrl Pts',(-12.1736205798988,7.47563601024323,-0.4));
#1582=CARTESIAN_POINT('Ctrl Pts',(-12.2019358934043,7.06901106615803,0.));
#1583=CARTESIAN_POINT('Ctrl Pts',(-12.2019358934043,7.06901106615803,-0.4));
#1584=CARTESIAN_POINT('Ctrl Pts',(-12.4413446215467,6.7400422073623,0.));
#1585=CARTESIAN_POINT('Ctrl Pts',(-12.4413446215467,6.7400422073623,-0.4));
#1586=CARTESIAN_POINT('Ctrl Pts',(-12.5567292493002,6.58149347938074,0.));
#1587=CARTESIAN_POINT('Ctrl Pts',(-12.5567292493002,6.58149347938074,-0.4));
#1588=CARTESIAN_POINT('',(-12.1589520199344,7.68628535990198,-0.4));
#1589=CARTESIAN_POINT('',(-12.1589520199344,7.68628535990198,0.));
#1590=CARTESIAN_POINT('Ctrl Pts',(-12.1589520199344,7.68628535990198,-0.4));
#1591=CARTESIAN_POINT('Ctrl Pts',(-12.1736205798988,7.47563601024323,-0.4));
#1592=CARTESIAN_POINT('Ctrl Pts',(-12.2019358934043,7.06901106615803,-0.4));
#1593=CARTESIAN_POINT('Ctrl Pts',(-12.4413446215467,6.7400422073623,-0.4));
#1594=CARTESIAN_POINT('Ctrl Pts',(-12.5567292493002,6.58149347938074,-0.4));
#1595=CARTESIAN_POINT('Ctrl Pts',(-12.4153655945037,8.62497338544868,0.));
#1596=CARTESIAN_POINT('Ctrl Pts',(-12.4153655945037,8.62497338544868,-0.4));
#1597=CARTESIAN_POINT('Ctrl Pts',(-12.3401178041366,8.48125217039315,0.));
#1598=CARTESIAN_POINT('Ctrl Pts',(-12.3401178041366,8.48125217039315,-0.4));
#1599=CARTESIAN_POINT('Ctrl Pts',(-12.1862074988143,8.18728771000718,0.));
#1600=CARTESIAN_POINT('Ctrl Pts',(-12.1862074988143,8.18728771000718,-0.4));
#1601=CARTESIAN_POINT('Ctrl Pts',(-12.1681705714076,7.85573811371359,0.));
#1602=CARTESIAN_POINT('Ctrl Pts',(-12.1681705714076,7.85573811371359,-0.4));
#1603=CARTESIAN_POINT('Ctrl Pts',(-12.1589520199344,7.68628535990198,0.));
#1604=CARTESIAN_POINT('Ctrl Pts',(-12.1589520199344,7.68628535990198,-0.4));
#1605=CARTESIAN_POINT('',(-12.4153655945037,8.62497338544868,-0.4));
#1606=CARTESIAN_POINT('',(-12.4153655945037,8.62497338544868,0.));
#1607=CARTESIAN_POINT('Ctrl Pts',(-12.4153655945037,8.62497338544868,-0.4));
#1608=CARTESIAN_POINT('Ctrl Pts',(-12.3401178041366,8.48125217039315,-0.4));
#1609=CARTESIAN_POINT('Ctrl Pts',(-12.1862074988143,8.18728771000718,-0.4));
#1610=CARTESIAN_POINT('Ctrl Pts',(-12.1681705714076,7.85573811371359,-0.4));
#1611=CARTESIAN_POINT('Ctrl Pts',(-12.1589520199344,7.68628535990198,-0.4));
#1612=CARTESIAN_POINT('Ctrl Pts',(-13.1054483296109,9.19784113202468,0.));
#1613=CARTESIAN_POINT('Ctrl Pts',(-13.1054483296109,9.19784113202468,-0.4));
#1614=CARTESIAN_POINT('Ctrl Pts',(-12.9681765788187,9.13256336688472,0.));
#1615=CARTESIAN_POINT('Ctrl Pts',(-12.9681765788187,9.13256336688472,-0.4));
#1616=CARTESIAN_POINT('Ctrl Pts',(-12.6897658690683,9.00016883692021,0.));
#1617=CARTESIAN_POINT('Ctrl Pts',(-12.6897658690683,9.00016883692021,-0.4));
#1618=CARTESIAN_POINT('Ctrl Pts',(-12.5076754495182,8.75119132667492,0.));
#1619=CARTESIAN_POINT('Ctrl Pts',(-12.5076754495182,8.75119132667492,-0.4));
#1620=CARTESIAN_POINT('Ctrl Pts',(-12.4153655945037,8.62497338544868,0.));
#1621=CARTESIAN_POINT('Ctrl Pts',(-12.4153655945037,8.62497338544868,-0.4));
#1622=CARTESIAN_POINT('',(-13.1054483296109,9.19784113202468,-0.4));
#1623=CARTESIAN_POINT('',(-13.1054483296109,9.19784113202468,0.));
#1624=CARTESIAN_POINT('Ctrl Pts',(-13.1054483296109,9.19784113202468,-0.4));
#1625=CARTESIAN_POINT('Ctrl Pts',(-12.9681765788187,9.13256336688472,-0.4));
#1626=CARTESIAN_POINT('Ctrl Pts',(-12.6897658690683,9.00016883692021,-0.4));
#1627=CARTESIAN_POINT('Ctrl Pts',(-12.5076754495182,8.75119132667492,-0.4));
#1628=CARTESIAN_POINT('Ctrl Pts',(-12.4153655945037,8.62497338544868,-0.4));
#1629=CARTESIAN_POINT('Ctrl Pts',(-14.491191558368,9.36321021590043,0.));
#1630=CARTESIAN_POINT('Ctrl Pts',(-14.491191558368,9.36321021590043,-0.4));
#1631=CARTESIAN_POINT('Ctrl Pts',(-14.2149767463002,9.36182767210644,0.));
#1632=CARTESIAN_POINT('Ctrl Pts',(-14.2149767463002,9.36182767210644,-0.4));
#1633=CARTESIAN_POINT('Ctrl Pts',(-13.7459903335049,9.35948024457486,0.));
#1634=CARTESIAN_POINT('Ctrl Pts',(-13.7459903335049,9.35948024457486,-0.4));
#1635=CARTESIAN_POINT('Ctrl Pts',(-13.2920396589196,9.24492696979278,0.));
#1636=CARTESIAN_POINT('Ctrl Pts',(-13.2920396589196,9.24492696979278,-0.4));
#1637=CARTESIAN_POINT('Ctrl Pts',(-13.1054483296109,9.19784113202468,0.));
#1638=CARTESIAN_POINT('Ctrl Pts',(-13.1054483296109,9.19784113202468,-0.4));
#1639=CARTESIAN_POINT('',(-14.491191558368,9.36321021590043,-0.4));
#1640=CARTESIAN_POINT('',(-14.491191558368,9.36321021590043,0.));
#1641=CARTESIAN_POINT('Ctrl Pts',(-14.491191558368,9.36321021590043,-0.4));
#1642=CARTESIAN_POINT('Ctrl Pts',(-14.2149767463002,9.36182767210644,-0.4));
#1643=CARTESIAN_POINT('Ctrl Pts',(-13.7459903335049,9.35948024457486,-0.4));
#1644=CARTESIAN_POINT('Ctrl Pts',(-13.2920396589196,9.24492696979278,-0.4));
#1645=CARTESIAN_POINT('Ctrl Pts',(-13.1054483296109,9.19784113202468,-0.4));
#1646=CARTESIAN_POINT('Origin',(-17.0202681991536,9.37236592417989,0.));
#1647=CARTESIAN_POINT('',(-17.0202681991536,9.37236592417989,-0.4));
#1648=CARTESIAN_POINT('',(-17.0202681991536,9.37236592417989,0.));
#1649=CARTESIAN_POINT('',(-17.0202681991536,9.37236592417989,-0.4));
#1650=CARTESIAN_POINT('Origin',(-17.0418127718788,3.42111955940539,0.));
#1651=CARTESIAN_POINT('',(-17.0418127718788,3.42111955940539,-0.4));
#1652=CARTESIAN_POINT('',(-17.0418127718788,3.42111955940539,0.));
#1653=CARTESIAN_POINT('',(-17.0418127718788,3.42111955940539,-0.4));
#1654=CARTESIAN_POINT('Origin',(-15.8401967813848,3.4167694953166,0.));
#1655=CARTESIAN_POINT('',(-15.8401967813848,3.4167694953166,-0.4));
#1656=CARTESIAN_POINT('Origin',(-12.2044262057342,6.38289160907506,-0.4));
#1657=CARTESIAN_POINT('Ctrl Pts',(-9.9711775479913,5.91245369845744,0.));
#1658=CARTESIAN_POINT('Ctrl Pts',(-9.9711775479913,5.91245369845744,-0.4));
#1659=CARTESIAN_POINT('Ctrl Pts',(-9.7979523110266,6.32548510437922,0.));
#1660=CARTESIAN_POINT('Ctrl Pts',(-9.7979523110266,6.32548510437922,-0.4));
#1661=CARTESIAN_POINT('Ctrl Pts',(-9.45663500198396,7.13930860082536,0.));
#1662=CARTESIAN_POINT('Ctrl Pts',(-9.45663500198396,7.13930860082536,-0.4));
#1663=CARTESIAN_POINT('Ctrl Pts',(-8.93495534368391,7.85095535804579,0.));
#1664=CARTESIAN_POINT('Ctrl Pts',(-8.93495534368391,7.85095535804579,-0.4));
#1665=CARTESIAN_POINT('Ctrl Pts',(-8.67803835646597,8.20142741099927,0.));
#1666=CARTESIAN_POINT('Ctrl Pts',(-8.67803835646597,8.20142741099927,-0.4));
#1667=CARTESIAN_POINT('',(-9.9711775479913,5.91245369845744,-0.4));
#1668=CARTESIAN_POINT('',(-9.9711775479913,5.91245369845744,0.));
#1669=CARTESIAN_POINT('',(-8.67803835646597,8.20142741099927,-0.4));
#1670=CARTESIAN_POINT('Ctrl Pts',(-9.9711775479913,5.91245369845744,-0.4));
#1671=CARTESIAN_POINT('Ctrl Pts',(-9.7979523110266,6.32548510437922,-0.4));
#1672=CARTESIAN_POINT('Ctrl Pts',(-9.45663500198396,7.13930860082536,-0.4));
#1673=CARTESIAN_POINT('Ctrl Pts',(-8.93495534368391,7.85095535804579,-0.4));
#1674=CARTESIAN_POINT('Ctrl Pts',(-8.67803835646597,8.20142741099927,-0.4));
#1675=CARTESIAN_POINT('',(-8.67803835646597,8.20142741099927,0.));
#1676=CARTESIAN_POINT('Ctrl Pts',(-10.4897583187257,3.39739995429863,0.));
#1677=CARTESIAN_POINT('Ctrl Pts',(-10.4897583187257,3.39739995429863,-0.4));
#1678=CARTESIAN_POINT('Ctrl Pts',(-10.4578626881988,3.816077353726,0.));
#1679=CARTESIAN_POINT('Ctrl Pts',(-10.4578626881988,3.816077353726,-0.4));
#1680=CARTESIAN_POINT('Ctrl Pts',(-10.3923287910485,4.67630683281245,0.));
#1681=CARTESIAN_POINT('Ctrl Pts',(-10.3923287910485,4.67630683281245,-0.4));
#1682=CARTESIAN_POINT('Ctrl Pts',(-10.1140280945931,5.49316429032081,0.));
#1683=CARTESIAN_POINT('Ctrl Pts',(-10.1140280945931,5.49316429032081,-0.4));
#1684=CARTESIAN_POINT('Ctrl Pts',(-9.9711775479913,5.91245369845744,0.));
#1685=CARTESIAN_POINT('Ctrl Pts',(-9.9711775479913,5.91245369845744,-0.4));
#1686=CARTESIAN_POINT('',(-10.4897583187257,3.39739995429863,-0.4));
#1687=CARTESIAN_POINT('',(-10.4897583187257,3.39739995429863,0.));
#1688=CARTESIAN_POINT('Ctrl Pts',(-10.4897583187257,3.39739995429863,-0.4));
#1689=CARTESIAN_POINT('Ctrl Pts',(-10.4578626881988,3.816077353726,-0.4));
#1690=CARTESIAN_POINT('Ctrl Pts',(-10.3923287910485,4.67630683281245,-0.4));
#1691=CARTESIAN_POINT('Ctrl Pts',(-10.1140280945931,5.49316429032081,-0.4));
#1692=CARTESIAN_POINT('Ctrl Pts',(-9.9711775479913,5.91245369845744,-0.4));
#1693=CARTESIAN_POINT('Origin',(-9.38963008207745,3.39341729397023,0.));
#1694=CARTESIAN_POINT('',(-9.38963008207745,3.39341729397023,-0.4));
#1695=CARTESIAN_POINT('',(-9.38963008207745,3.39341729397023,0.));
#1696=CARTESIAN_POINT('',(-9.38963008207745,3.39341729397023,-0.4));
#1697=CARTESIAN_POINT('Ctrl Pts',(-9.12537696319018,5.1806999266496,0.));
#1698=CARTESIAN_POINT('Ctrl Pts',(-9.12537696319018,5.1806999266496,-0.4));
#1699=CARTESIAN_POINT('Ctrl Pts',(-9.20265645767914,4.86671785285963,0.));
#1700=CARTESIAN_POINT('Ctrl Pts',(-9.20265645767914,4.86671785285963,-0.4));
#1701=CARTESIAN_POINT('Ctrl Pts',(-9.34729444837467,4.27906214201791,0.));
#1702=CARTESIAN_POINT('Ctrl Pts',(-9.34729444837467,4.27906214201791,-0.4));
#1703=CARTESIAN_POINT('Ctrl Pts',(-9.37617861095242,3.67481679265691,0.));
#1704=CARTESIAN_POINT('Ctrl Pts',(-9.37617861095242,3.67481679265691,-0.4));
#1705=CARTESIAN_POINT('Ctrl Pts',(-9.38963008207745,3.39341729397023,0.));
#1706=CARTESIAN_POINT('Ctrl Pts',(-9.38963008207745,3.39341729397023,-0.4));
#1707=CARTESIAN_POINT('',(-9.12537696319018,5.1806999266496,-0.4));
#1708=CARTESIAN_POINT('',(-9.12537696319018,5.1806999266496,0.));
#1709=CARTESIAN_POINT('Ctrl Pts',(-9.12537696319018,5.1806999266496,-0.4));
#1710=CARTESIAN_POINT('Ctrl Pts',(-9.20265645767914,4.86671785285963,-0.4));
#1711=CARTESIAN_POINT('Ctrl Pts',(-9.34729444837467,4.27906214201791,-0.4));
#1712=CARTESIAN_POINT('Ctrl Pts',(-9.37617861095242,3.67481679265691,-0.4));
#1713=CARTESIAN_POINT('Ctrl Pts',(-9.38963008207745,3.39341729397023,-0.4));
#1714=CARTESIAN_POINT('Ctrl Pts',(-8.35737765409439,7.06764750794324,0.));
#1715=CARTESIAN_POINT('Ctrl Pts',(-8.35737765409439,7.06764750794324,-0.4));
#1716=CARTESIAN_POINT('Ctrl Pts',(-8.51517120868115,6.76661887681765,0.));
#1717=CARTESIAN_POINT('Ctrl Pts',(-8.51517120868115,6.76661887681765,-0.4));
#1718=CARTESIAN_POINT('Ctrl Pts',(-8.83190589847228,6.16237233235319,0.));
#1719=CARTESIAN_POINT('Ctrl Pts',(-8.83190589847228,6.16237233235319,-0.4));
#1720=CARTESIAN_POINT('Ctrl Pts',(-9.02731727269332,5.50871349883988,0.));
#1721=CARTESIAN_POINT('Ctrl Pts',(-9.02731727269332,5.50871349883988,-0.4));
#1722=CARTESIAN_POINT('Ctrl Pts',(-9.12537696319018,5.1806999266496,0.));
#1723=CARTESIAN_POINT('Ctrl Pts',(-9.12537696319018,5.1806999266496,-0.4));
#1724=CARTESIAN_POINT('',(-8.35737765409439,7.06764750794324,-0.4));
#1725=CARTESIAN_POINT('',(-8.35737765409439,7.06764750794324,0.));
#1726=CARTESIAN_POINT('Ctrl Pts',(-8.35737765409439,7.06764750794324,-0.4));
#1727=CARTESIAN_POINT('Ctrl Pts',(-8.51517120868115,6.76661887681765,-0.4));
#1728=CARTESIAN_POINT('Ctrl Pts',(-8.83190589847228,6.16237233235319,-0.4));
#1729=CARTESIAN_POINT('Ctrl Pts',(-9.02731727269332,5.50871349883988,-0.4));
#1730=CARTESIAN_POINT('Ctrl Pts',(-9.12537696319018,5.1806999266496,-0.4));
#1731=CARTESIAN_POINT('Ctrl Pts',(-7.37003765731686,8.42808760527558,0.));
#1732=CARTESIAN_POINT('Ctrl Pts',(-7.37003765731686,8.42808760527558,-0.4));
#1733=CARTESIAN_POINT('Ctrl Pts',(-7.53936803289849,8.24045345845958,0.));
#1734=CARTESIAN_POINT('Ctrl Pts',(-7.53936803289849,8.24045345845958,-0.4));
#1735=CARTESIAN_POINT('Ctrl Pts',(-7.91661600572052,7.82242685646693,0.));
#1736=CARTESIAN_POINT('Ctrl Pts',(-7.91661600572052,7.82242685646693,-0.4));
#1737=CARTESIAN_POINT('Ctrl Pts',(-8.20076881110345,7.33583127783759,0.));
#1738=CARTESIAN_POINT('Ctrl Pts',(-8.20076881110345,7.33583127783759,-0.4));
#1739=CARTESIAN_POINT('Ctrl Pts',(-8.35737765409439,7.06764750794324,0.));
#1740=CARTESIAN_POINT('Ctrl Pts',(-8.35737765409439,7.06764750794324,-0.4));
#1741=CARTESIAN_POINT('',(-7.37003765731686,8.42808760527558,-0.4));
#1742=CARTESIAN_POINT('',(-7.37003765731686,8.42808760527558,0.));
#1743=CARTESIAN_POINT('Ctrl Pts',(-7.37003765731686,8.42808760527558,-0.4));
#1744=CARTESIAN_POINT('Ctrl Pts',(-7.53936803289849,8.24045345845958,-0.4));
#1745=CARTESIAN_POINT('Ctrl Pts',(-7.91661600572052,7.82242685646693,-0.4));
#1746=CARTESIAN_POINT('Ctrl Pts',(-8.20076881110345,7.33583127783759,-0.4));
#1747=CARTESIAN_POINT('Ctrl Pts',(-8.35737765409439,7.06764750794324,-0.4));
#1748=CARTESIAN_POINT('Origin',(-7.36703963958957,9.25622851707689,0.));
#1749=CARTESIAN_POINT('',(-7.36703963958957,9.25622851707689,-0.4));
#1750=CARTESIAN_POINT('',(-7.36703963958957,9.25622851707689,0.));
#1751=CARTESIAN_POINT('',(-7.36703963958957,9.25622851707689,-0.4));
#1752=CARTESIAN_POINT('Origin',(-11.2682316556071,9.27035152761156,0.));
#1753=CARTESIAN_POINT('',(-11.2682316556071,9.27035152761156,-0.4));
#1754=CARTESIAN_POINT('',(-11.2682316556071,9.27035152761156,0.));
#1755=CARTESIAN_POINT('',(-11.2682316556071,9.27035152761156,-0.4));
#1756=CARTESIAN_POINT('Origin',(-11.2720673549168,8.21081825839205,0.));
#1757=CARTESIAN_POINT('',(-11.2720673549168,8.21081825839205,-0.4));
#1758=CARTESIAN_POINT('',(-11.2720673549168,8.21081825839205,0.));
#1759=CARTESIAN_POINT('',(-11.2720673549168,8.21081825839205,-0.4));
#1760=CARTESIAN_POINT('Origin',(-8.67803835646597,8.20142741099927,0.));
#1761=CARTESIAN_POINT('',(-8.67803835646597,8.20142741099927,-0.4));
#1762=CARTESIAN_POINT('Origin',(-12.2044262057342,6.38289160907506,-0.4));
#1763=CARTESIAN_POINT('Origin',(-28.,28.,0.));
#1764=CARTESIAN_POINT('',(-28.,35.,-2.));
#1765=CARTESIAN_POINT('',(-28.,35.,0.));
#1766=CARTESIAN_POINT('',(-35.,28.,-2.));
#1767=CARTESIAN_POINT('Origin',(-28.,28.,-2.));
#1768=CARTESIAN_POINT('',(-35.,28.,0.));
#1769=CARTESIAN_POINT('Origin',(-35.,0.,0.));
#1770=CARTESIAN_POINT('',(-35.,0.,-2.));
#1771=CARTESIAN_POINT('Origin',(-28.,35.,0.));
#1772=CARTESIAN_POINT('',(-28.,35.,-2.));
#1773=CARTESIAN_POINT('Origin',(-17.5,17.5,0.));
#1774=CARTESIAN_POINT('Origin',(-17.5,17.5,-2.));
#1775=UNCERTAINTY_MEASURE_WITH_UNIT(LENGTH_MEASURE(0.01),#1779,
'DISTANCE_ACCURACY_VALUE',
'Maximum model space distance between geometric entities at asserted c
onnectivities');
#1776=UNCERTAINTY_MEASURE_WITH_UNIT(LENGTH_MEASURE(0.01),#1779,
'DISTANCE_ACCURACY_VALUE',
'Maximum model space distance between geometric entities at asserted c
onnectivities');
#1777=(
GEOMETRIC_REPRESENTATION_CONTEXT(3)
GLOBAL_UNCERTAINTY_ASSIGNED_CONTEXT((#1775))
GLOBAL_UNIT_ASSIGNED_CONTEXT((#1779,#1781,#1782))
REPRESENTATION_CONTEXT('','3D')
);
#1778=(
GEOMETRIC_REPRESENTATION_CONTEXT(3)
GLOBAL_UNCERTAINTY_ASSIGNED_CONTEXT((#1776))
GLOBAL_UNIT_ASSIGNED_CONTEXT((#1779,#1781,#1782))
REPRESENTATION_CONTEXT('','3D')
);
#1779=(
LENGTH_UNIT()
NAMED_UNIT(*)
SI_UNIT(.MILLI.,.METRE.)
);
#1780=(
LENGTH_UNIT()
NAMED_UNIT(*)
SI_UNIT($,.METRE.)
);
#1781=(
NAMED_UNIT(*)
PLANE_ANGLE_UNIT()
SI_UNIT($,.RADIAN.)
);
#1782=(
NAMED_UNIT(*)
SI_UNIT($,.STERADIAN.)
SOLID_ANGLE_UNIT()
);
#1783=SHAPE_DEFINITION_REPRESENTATION(#1784,#1785);
#1784=PRODUCT_DEFINITION_SHAPE('',$,#1787);
#1785=SHAPE_REPRESENTATION('',(#955),#1777);
#1786=PRODUCT_DEFINITION_CONTEXT('part definition',#1791,'design');
#1787=PRODUCT_DEFINITION('Fillet Chips','Fillet Chips v3',#1788,#1786);
#1788=PRODUCT_DEFINITION_FORMATION('',$,#1793);
#1789=PRODUCT_RELATED_PRODUCT_CATEGORY('Fillet Chips v3',
'Fillet Chips v3',(#1793));
#1790=APPLICATION_PROTOCOL_DEFINITION('international standard',
'automotive_design',2009,#1791);
#1791=APPLICATION_CONTEXT(
'Core Data for Automotive Mechanical Design Process');
#1792=PRODUCT_CONTEXT('part definition',#1791,'mechanical');
#1793=PRODUCT('Fillet Chips','Fillet Chips v3',$,(#1792));
#1794=PRESENTATION_STYLE_ASSIGNMENT((#1795));
#1795=SURFACE_STYLE_USAGE(.BOTH.,#1796);
#1796=SURFACE_SIDE_STYLE('',(#1797));
#1797=SURFACE_STYLE_FILL_AREA(#1798);
#1798=FILL_AREA_STYLE('Steel - Satin',(#1799));
#1799=FILL_AREA_STYLE_COLOUR('Steel - Satin',#1800);
#1800=COLOUR_RGB('Steel - Satin',0.627450980392157,0.627450980392157,0.627450980392157);
ENDSEC;
END-ISO-10303-21;
