ISO-10303-21;
HEADER;
/* Generated by software containing ST-Developer
 * from STEP Tools, Inc. (www.steptools.com) 
 */

FILE_DESCRIPTION(
/* description */ (''),
/* implementation_level */ '2;1');

FILE_NAME(
/* name */ 'R08 Gauge.stp',
/* time_stamp */ '2025-04-23T18:43:35+10:00',
/* author */ (''),
/* organization */ (''),
/* preprocessor_version */ 'ST-DEVELOPER v20.1',
/* originating_system */ 'Autodesk Translation Framework v14.4.0.0',
/* authorisation */ '');

FILE_SCHEMA (('AUTOMOTIVE_DESIGN { 1 0 10303 214 3 1 1 }'));
ENDSEC;

DATA;
#10=MECHANICAL_DESIGN_GEOMETRIC_PRESENTATION_REPRESENTATION('',(#13),#2794);
#11=SHAPE_REPRESENTATION_RELATIONSHIP('SRR','None',#2801,#12);
#12=ADVANCED_BREP_SHAPE_REPRESENTATION('',(#14),#2793);
#13=STYLED_ITEM('',(#2810),#14);
#14=MANIFOLD_SOLID_BREP('Body1',#1362);
#15=CYLINDRICAL_SURFACE('',#1398,8.);
#16=B_SPLINE_SURFACE_WITH_KNOTS('',3,1,((#1777,#1778),(#1779,#1780),(#1781,
#1782),(#1783,#1784),(#1785,#1786)),.UNSPECIFIED.,.F.,.F.,.F.,(4,1,4),(2,
2),(0.,0.0299322221180437,0.0570433187946617),(0.,0.04),.UNSPECIFIED.);
#17=B_SPLINE_SURFACE_WITH_KNOTS('',3,1,((#1803,#1804),(#1805,#1806),(#1807,
#1808),(#1809,#1810),(#1811,#1812)),.UNSPECIFIED.,.F.,.F.,.F.,(4,1,4),(2,
2),(0.,0.0266446399587722,0.0556175478434668),(0.,0.04),.UNSPECIFIED.);
#18=B_SPLINE_SURFACE_WITH_KNOTS('',3,1,((#1826,#1827),(#1828,#1829),(#1830,
#1831),(#1832,#1833),(#1834,#1835)),.UNSPECIFIED.,.F.,.F.,.F.,(4,1,4),(2,
2),(0.,0.0292731388479214,0.056003088685735),(0.,0.04),.UNSPECIFIED.);
#19=B_SPLINE_SURFACE_WITH_KNOTS('',3,1,((#1849,#1850),(#1851,#1852),(#1853,
#1854),(#1855,#1856),(#1857,#1858)),.UNSPECIFIED.,.F.,.F.,.F.,(4,1,4),(2,
2),(0.,0.0272394714336407,0.0580231949741659),(0.,0.04),.UNSPECIFIED.);
#20=B_SPLINE_SURFACE_WITH_KNOTS('',3,1,((#1872,#1873),(#1874,#1875),(#1876,
#1877),(#1878,#1879),(#1880,#1881)),.UNSPECIFIED.,.F.,.F.,.F.,(4,1,4),(2,
2),(0.,0.0296235019477673,0.0565671926640953),(0.,0.04),.UNSPECIFIED.);
#21=B_SPLINE_SURFACE_WITH_KNOTS('',3,1,((#1895,#1896),(#1897,#1898),(#1899,
#1900),(#1901,#1902),(#1903,#1904)),.UNSPECIFIED.,.F.,.F.,.F.,(4,1,4),(2,
2),(0.,0.0266478779044502,0.0559126769535253),(0.,0.04),.UNSPECIFIED.);
#22=B_SPLINE_SURFACE_WITH_KNOTS('',3,1,((#1918,#1919),(#1920,#1921),(#1922,
#1923),(#1924,#1925),(#1926,#1927)),.UNSPECIFIED.,.F.,.F.,.F.,(4,1,4),(2,
2),(0.,0.0307255822003155,0.0577549478492354),(0.,0.04),.UNSPECIFIED.);
#23=B_SPLINE_SURFACE_WITH_KNOTS('',3,1,((#1941,#1942),(#1943,#1944),(#1945,
#1946),(#1947,#1948),(#1949,#1950)),.UNSPECIFIED.,.F.,.F.,.F.,(4,1,4),(2,
2),(0.,0.0269403766547497,0.0562719586884255),(0.,0.04),.UNSPECIFIED.);
#24=B_SPLINE_SURFACE_WITH_KNOTS('',3,1,((#1961,#1962),(#1963,#1964),(#1965,
#1966),(#1967,#1968),(#1969,#1970)),.UNSPECIFIED.,.F.,.F.,.F.,(4,1,4),(2,
2),(0.,0.0371898154986333,0.0708710558955458),(0.,0.04),.UNSPECIFIED.);
#25=B_SPLINE_SURFACE_WITH_KNOTS('',3,1,((#1987,#1988),(#1989,#1990),(#1991,
#1992),(#1993,#1994),(#1995,#1996)),.UNSPECIFIED.,.F.,.F.,.F.,(4,1,4),(2,
2),(0.,0.0327801746427951,0.0663683251419911),(0.,0.04),.UNSPECIFIED.);
#26=B_SPLINE_SURFACE_WITH_KNOTS('',3,1,((#2010,#2011),(#2012,#2013),(#2014,
#2015),(#2016,#2017),(#2018,#2019)),.UNSPECIFIED.,.F.,.F.,.F.,(4,1,4),(2,
2),(0.,0.0381597659630401,0.0725262105282314),(0.,0.04),.UNSPECIFIED.);
#27=B_SPLINE_SURFACE_WITH_KNOTS('',3,1,((#2033,#2034),(#2035,#2036),(#2037,
#2038),(#2039,#2040),(#2041,#2042)),.UNSPECIFIED.,.F.,.F.,.F.,(4,1,4),(2,
2),(0.,0.0355312729296835,0.0781952269673023),(0.,0.04),.UNSPECIFIED.);
#28=B_SPLINE_SURFACE_WITH_KNOTS('',3,1,((#2056,#2057),(#2058,#2059),(#2060,
#2061),(#2062,#2063),(#2064,#2065)),.UNSPECIFIED.,.F.,.F.,.F.,(4,1,4),(2,
2),(0.,0.0328907737468128,0.0652591544676838),(0.,0.04),.UNSPECIFIED.);
#29=B_SPLINE_SURFACE_WITH_KNOTS('',3,1,((#2079,#2080),(#2081,#2082),(#2083,
#2084),(#2085,#2086),(#2087,#2088)),.UNSPECIFIED.,.F.,.F.,.F.,(4,1,4),(2,
2),(0.,0.0335957455578555,0.0673820179504289),(0.,0.04),.UNSPECIFIED.);
#30=B_SPLINE_SURFACE_WITH_KNOTS('',3,1,((#2102,#2103),(#2104,#2105),(#2106,
#2107),(#2108,#2109),(#2110,#2111)),.UNSPECIFIED.,.F.,.F.,.F.,(4,1,4),(2,
2),(0.,0.0423475057097851,0.0787397680267659),(0.,0.04),.UNSPECIFIED.);
#31=B_SPLINE_SURFACE_WITH_KNOTS('',3,1,((#2125,#2126),(#2127,#2128),(#2129,
#2130),(#2131,#2132),(#2133,#2134)),.UNSPECIFIED.,.F.,.F.,.F.,(4,1,4),(2,
2),(0.,0.0337467746718029,0.066625000978011),(0.,0.04),.UNSPECIFIED.);
#32=B_SPLINE_SURFACE_WITH_KNOTS('',3,1,((#2145,#2146),(#2147,#2148),(#2149,
#2150),(#2151,#2152),(#2153,#2154)),.UNSPECIFIED.,.F.,.F.,.F.,(4,1,4),(2,
2),(0.,0.0467148417132094,0.0927368598329372),(0.,0.04),.UNSPECIFIED.);
#33=B_SPLINE_SURFACE_WITH_KNOTS('',3,1,((#2164,#2165),(#2166,#2167),(#2168,
#2169),(#2170,#2171),(#2172,#2173)),.UNSPECIFIED.,.F.,.F.,.F.,(4,1,4),(2,
2),(0.,0.0764596264869459,0.156412525971019),(0.,0.04),.UNSPECIFIED.);
#34=B_SPLINE_SURFACE_WITH_KNOTS('',3,1,((#2181,#2182),(#2183,#2184),(#2185,
#2186),(#2187,#2188),(#2189,#2190)),.UNSPECIFIED.,.F.,.F.,.F.,(4,1,4),(2,
2),(0.,0.0751504410769869,0.14383541956631),(0.,0.04),.UNSPECIFIED.);
#35=B_SPLINE_SURFACE_WITH_KNOTS('',3,1,((#2198,#2199),(#2200,#2201),(#2202,
#2203),(#2204,#2205),(#2206,#2207)),.UNSPECIFIED.,.F.,.F.,.F.,(4,1,4),(2,
2),(0.,0.0724327443557033,0.152085334578528),(0.,0.04),.UNSPECIFIED.);
#36=B_SPLINE_SURFACE_WITH_KNOTS('',3,1,((#2215,#2216),(#2217,#2218),(#2219,
#2220),(#2221,#2222),(#2223,#2224)),.UNSPECIFIED.,.F.,.F.,.F.,(4,1,4),(2,
2),(0.,0.0758429671343764,0.14702884756977),(0.,0.04),.UNSPECIFIED.);
#37=B_SPLINE_SURFACE_WITH_KNOTS('',3,1,((#2232,#2233),(#2234,#2235),(#2236,
#2237),(#2238,#2239),(#2240,#2241)),.UNSPECIFIED.,.F.,.F.,.F.,(4,1,4),(2,
2),(0.,0.0454228239059512,0.0928518882165172),(0.,0.04),.UNSPECIFIED.);
#38=B_SPLINE_SURFACE_WITH_KNOTS('',3,1,((#2249,#2250),(#2251,#2252),(#2253,
#2254),(#2255,#2256),(#2257,#2258)),.UNSPECIFIED.,.F.,.F.,.F.,(4,1,4),(2,
2),(0.,0.0499826121714871,0.0961812981887973),(0.,0.04),.UNSPECIFIED.);
#39=B_SPLINE_SURFACE_WITH_KNOTS('',3,1,((#2266,#2267),(#2268,#2269),(#2270,
#2271),(#2272,#2273),(#2274,#2275)),.UNSPECIFIED.,.F.,.F.,.F.,(4,1,4),(2,
2),(0.,0.0384727478683741,0.0788788452580943),(0.,0.04),.UNSPECIFIED.);
#40=B_SPLINE_SURFACE_WITH_KNOTS('',3,1,((#2283,#2284),(#2285,#2286),(#2287,
#2288),(#2289,#2290),(#2291,#2292)),.UNSPECIFIED.,.F.,.F.,.F.,(4,1,4),(2,
2),(0.,0.0394918506495018,0.0776306504094119),(0.,0.04),.UNSPECIFIED.);
#41=B_SPLINE_SURFACE_WITH_KNOTS('',3,1,((#2300,#2301),(#2302,#2303),(#2304,
#2305),(#2306,#2307),(#2308,#2309)),.UNSPECIFIED.,.F.,.F.,.F.,(4,1,4),(2,
2),(0.,0.0604932208397919,0.122404660900529),(0.,0.04),.UNSPECIFIED.);
#42=B_SPLINE_SURFACE_WITH_KNOTS('',3,1,((#2317,#2318),(#2319,#2320),(#2321,
#2322),(#2323,#2324),(#2325,#2326)),.UNSPECIFIED.,.F.,.F.,.F.,(4,1,4),(2,
2),(0.,0.0761336627930893,0.141246320236401),(0.,0.04),.UNSPECIFIED.);
#43=B_SPLINE_SURFACE_WITH_KNOTS('',3,1,((#2334,#2335),(#2336,#2337),(#2338,
#2339),(#2340,#2341),(#2342,#2343)),.UNSPECIFIED.,.F.,.F.,.F.,(4,1,4),(2,
2),(0.,0.0650248408032617,0.141660764038595),(0.,0.04),.UNSPECIFIED.);
#44=B_SPLINE_SURFACE_WITH_KNOTS('',3,1,((#2351,#2352),(#2353,#2354),(#2355,
#2356),(#2357,#2358),(#2359,#2360)),.UNSPECIFIED.,.F.,.F.,.F.,(4,1,4),(2,
2),(0.,0.0618923015976972,0.122209008405755),(0.,0.04),.UNSPECIFIED.);
#45=B_SPLINE_SURFACE_WITH_KNOTS('',3,1,((#2368,#2369),(#2370,#2371),(#2372,
#2373),(#2374,#2375),(#2376,#2377)),.UNSPECIFIED.,.F.,.F.,.F.,(4,1,4),(2,
2),(0.,0.0374213743111013,0.075155791308426),(0.,0.04),.UNSPECIFIED.);
#46=B_SPLINE_SURFACE_WITH_KNOTS('',3,1,((#2385,#2386),(#2387,#2388),(#2389,
#2390),(#2391,#2392),(#2393,#2394)),.UNSPECIFIED.,.F.,.F.,.F.,(4,1,4),(2,
2),(0.,0.0441789441999699,0.0833491226227981),(0.,0.04),.UNSPECIFIED.);
#47=B_SPLINE_SURFACE_WITH_KNOTS('',3,1,((#2402,#2403),(#2404,#2405),(#2406,
#2407),(#2408,#2409),(#2410,#2411)),.UNSPECIFIED.,.F.,.F.,.F.,(4,1,4),(2,
2),(0.,0.0472409773777056,0.0991870231889185),(0.,0.04),.UNSPECIFIED.);
#48=B_SPLINE_SURFACE_WITH_KNOTS('',3,1,((#2427,#2428),(#2429,#2430),(#2431,
#2432),(#2433,#2434),(#2435,#2436)),.UNSPECIFIED.,.F.,.F.,.F.,(4,1,4),(2,
2),(0.,0.0292683046402059,0.0877278816271959),(0.,0.04),.UNSPECIFIED.);
#49=B_SPLINE_SURFACE_WITH_KNOTS('',3,1,((#2450,#2451),(#2452,#2453),(#2454,
#2455),(#2456,#2457),(#2458,#2459)),.UNSPECIFIED.,.F.,.F.,.F.,(4,1,4),(2,
2),(0.,0.0245137084432334,0.0517312719764843),(0.,0.04),.UNSPECIFIED.);
#50=B_SPLINE_SURFACE_WITH_KNOTS('',3,1,((#2473,#2474),(#2475,#2476),(#2477,
#2478),(#2479,#2480),(#2481,#2482)),.UNSPECIFIED.,.F.,.F.,.F.,(4,1,4),(2,
2),(0.,0.0274425680625578,0.0519583922673294),(0.,0.04),.UNSPECIFIED.);
#51=B_SPLINE_SURFACE_WITH_KNOTS('',3,1,((#2496,#2497),(#2498,#2499),(#2500,
#2501),(#2502,#2503),(#2504,#2505)),.UNSPECIFIED.,.F.,.F.,.F.,(4,1,4),(2,
2),(0.,0.0220732232643195,0.0468214363530435),(0.,0.04),.UNSPECIFIED.);
#52=B_SPLINE_SURFACE_WITH_KNOTS('',3,1,((#2519,#2520),(#2521,#2522),(#2523,
#2524),(#2525,#2526),(#2527,#2528)),.UNSPECIFIED.,.F.,.F.,.F.,(4,1,4),(2,
2),(0.,0.0216065502965852,0.0426391915051792),(0.,0.04),.UNSPECIFIED.);
#53=B_SPLINE_SURFACE_WITH_KNOTS('',3,1,((#2542,#2543),(#2544,#2545),(#2546,
#2547),(#2548,#2549),(#2550,#2551)),.UNSPECIFIED.,.F.,.F.,.F.,(4,1,4),(2,
2),(0.,0.0702538216177741,0.108403218828905),(0.,0.04),.UNSPECIFIED.);
#54=B_SPLINE_SURFACE_WITH_KNOTS('',3,1,((#2584,#2585),(#2586,#2587),(#2588,
#2589),(#2590,#2591),(#2592,#2593)),.UNSPECIFIED.,.F.,.F.,.F.,(4,1,4),(2,
2),(0.,0.0251681682852492,0.0610327282194378),(0.,0.04),.UNSPECIFIED.);
#55=B_SPLINE_SURFACE_WITH_KNOTS('',3,1,((#2601,#2602),(#2603,#2604),(#2605,
#2606),(#2607,#2608),(#2609,#2610)),.UNSPECIFIED.,.F.,.F.,.F.,(4,1,4),(2,
2),(0.,0.0232381939306405,0.0441174517585879),(0.,0.04),.UNSPECIFIED.);
#56=B_SPLINE_SURFACE_WITH_KNOTS('',3,1,((#2618,#2619),(#2620,#2621),(#2622,
#2623),(#2624,#2625),(#2626,#2627)),.UNSPECIFIED.,.F.,.F.,.F.,(4,1,4),(2,
2),(0.,0.0687027131930971,0.108050995604873),(0.,0.04),.UNSPECIFIED.);
#57=B_SPLINE_SURFACE_WITH_KNOTS('',3,1,((#2647,#2648),(#2649,#2650),(#2651,
#2652),(#2653,#2654),(#2655,#2656)),.UNSPECIFIED.,.F.,.F.,.F.,(4,1,4),(2,
2),(0.,0.048089486218889,0.118489257737085),(0.,0.04),.UNSPECIFIED.);
#58=B_SPLINE_SURFACE_WITH_KNOTS('',3,1,((#2664,#2665),(#2666,#2667),(#2668,
#2669),(#2670,#2671),(#2672,#2673)),.UNSPECIFIED.,.F.,.F.,.F.,(4,1,4),(2,
2),(0.,0.0428271087353407,0.081661699097431),(0.,0.04),.UNSPECIFIED.);
#59=B_SPLINE_SURFACE_WITH_KNOTS('',3,1,((#2681,#2682),(#2683,#2684),(#2685,
#2686),(#2687,#2688),(#2689,#2690)),.UNSPECIFIED.,.F.,.F.,.F.,(4,1,4),(2,
2),(0.,0.0606478741289087,0.131953803512571),(0.,0.04),.UNSPECIFIED.);
#60=B_SPLINE_SURFACE_WITH_KNOTS('',3,1,((#2698,#2699),(#2700,#2701),(#2702,
#2703),(#2704,#2705),(#2706,#2707)),.UNSPECIFIED.,.F.,.F.,.F.,(4,1,4),(2,
2),(0.,0.0619341756070439,0.119554039611203),(0.,0.04),.UNSPECIFIED.);
#61=B_SPLINE_SURFACE_WITH_KNOTS('',3,1,((#2715,#2716),(#2717,#2718),(#2719,
#2720),(#2721,#2722),(#2723,#2724)),.UNSPECIFIED.,.F.,.F.,.F.,(4,1,4),(2,
2),(0.,0.0480709378532739,0.0983233220010378),(0.,0.04),.UNSPECIFIED.);
#62=B_SPLINE_SURFACE_WITH_KNOTS('',3,1,((#2732,#2733),(#2734,#2735),(#2736,
#2737),(#2738,#2739),(#2740,#2741)),.UNSPECIFIED.,.F.,.F.,.F.,(4,1,4),(2,
2),(0.,0.0448451320081345,0.0909536372865049),(0.,0.04),.UNSPECIFIED.);
#63=B_SPLINE_SURFACE_WITH_KNOTS('',3,1,((#2749,#2750),(#2751,#2752),(#2753,
#2754),(#2755,#2756),(#2757,#2758)),.UNSPECIFIED.,.F.,.F.,.F.,(4,1,4),(2,
2),(0.,0.0824554494320585,0.140001490706005),(0.,0.04),.UNSPECIFIED.);
#64=FACE_BOUND('',#244,.T.);
#65=FACE_BOUND('',#245,.T.);
#66=FACE_BOUND('',#282,.T.);
#67=FACE_BOUND('',#283,.T.);
#68=FACE_BOUND('',#312,.T.);
#69=B_SPLINE_CURVE_WITH_KNOTS('',3,(#1595,#1596,#1597,#1598,#1599),
 .UNSPECIFIED.,.F.,.F.,(4,1,4),(0.,0.0467148417132094,0.0927368598329372),
 .UNSPECIFIED.);
#70=B_SPLINE_CURVE_WITH_KNOTS('',3,(#1601,#1602,#1603,#1604,#1605),
 .UNSPECIFIED.,.F.,.F.,(4,1,4),(0.,0.0472409773777056,0.0991870231889185),
 .UNSPECIFIED.);
#71=B_SPLINE_CURVE_WITH_KNOTS('',3,(#1607,#1608,#1609,#1610,#1611),
 .UNSPECIFIED.,.F.,.F.,(4,1,4),(0.,0.0441789441999699,0.0833491226227981),
 .UNSPECIFIED.);
#72=B_SPLINE_CURVE_WITH_KNOTS('',3,(#1613,#1614,#1615,#1616,#1617),
 .UNSPECIFIED.,.F.,.F.,(4,1,4),(0.,0.0374213743111013,0.075155791308426),
 .UNSPECIFIED.);
#73=B_SPLINE_CURVE_WITH_KNOTS('',3,(#1619,#1620,#1621,#1622,#1623),
 .UNSPECIFIED.,.F.,.F.,(4,1,4),(0.,0.0618923015976972,0.122209008405755),
 .UNSPECIFIED.);
#74=B_SPLINE_CURVE_WITH_KNOTS('',3,(#1625,#1626,#1627,#1628,#1629),
 .UNSPECIFIED.,.F.,.F.,(4,1,4),(0.,0.0650248408032617,0.141660764038595),
 .UNSPECIFIED.);
#75=B_SPLINE_CURVE_WITH_KNOTS('',3,(#1631,#1632,#1633,#1634,#1635),
 .UNSPECIFIED.,.F.,.F.,(4,1,4),(0.,0.0761336627930893,0.141246320236401),
 .UNSPECIFIED.);
#76=B_SPLINE_CURVE_WITH_KNOTS('',3,(#1637,#1638,#1639,#1640,#1641),
 .UNSPECIFIED.,.F.,.F.,(4,1,4),(0.,0.0604932208397919,0.122404660900529),
 .UNSPECIFIED.);
#77=B_SPLINE_CURVE_WITH_KNOTS('',3,(#1643,#1644,#1645,#1646,#1647),
 .UNSPECIFIED.,.F.,.F.,(4,1,4),(0.,0.0394918506495018,0.0776306504094119),
 .UNSPECIFIED.);
#78=B_SPLINE_CURVE_WITH_KNOTS('',3,(#1649,#1650,#1651,#1652,#1653),
 .UNSPECIFIED.,.F.,.F.,(4,1,4),(0.,0.0384727478683741,0.0788788452580943),
 .UNSPECIFIED.);
#79=B_SPLINE_CURVE_WITH_KNOTS('',3,(#1655,#1656,#1657,#1658,#1659),
 .UNSPECIFIED.,.F.,.F.,(4,1,4),(0.,0.0499826121714871,0.0961812981887973),
 .UNSPECIFIED.);
#80=B_SPLINE_CURVE_WITH_KNOTS('',3,(#1661,#1662,#1663,#1664,#1665),
 .UNSPECIFIED.,.F.,.F.,(4,1,4),(0.,0.0454228239059512,0.0928518882165172),
 .UNSPECIFIED.);
#81=B_SPLINE_CURVE_WITH_KNOTS('',3,(#1667,#1668,#1669,#1670,#1671),
 .UNSPECIFIED.,.F.,.F.,(4,1,4),(0.,0.0758429671343764,0.14702884756977),
 .UNSPECIFIED.);
#82=B_SPLINE_CURVE_WITH_KNOTS('',3,(#1673,#1674,#1675,#1676,#1677),
 .UNSPECIFIED.,.F.,.F.,(4,1,4),(0.,0.0724327443557033,0.152085334578528),
 .UNSPECIFIED.);
#83=B_SPLINE_CURVE_WITH_KNOTS('',3,(#1679,#1680,#1681,#1682,#1683),
 .UNSPECIFIED.,.F.,.F.,(4,1,4),(0.,0.0751504410769869,0.14383541956631),
 .UNSPECIFIED.);
#84=B_SPLINE_CURVE_WITH_KNOTS('',3,(#1684,#1685,#1686,#1687,#1688),
 .UNSPECIFIED.,.F.,.F.,(4,1,4),(0.,0.0764596264869459,0.156412525971019),
 .UNSPECIFIED.);
#85=B_SPLINE_CURVE_WITH_KNOTS('',3,(#1699,#1700,#1701,#1702,#1703),
 .UNSPECIFIED.,.F.,.F.,(4,1,4),(0.,0.0824554494320585,0.140001490706005),
 .UNSPECIFIED.);
#86=B_SPLINE_CURVE_WITH_KNOTS('',3,(#1705,#1706,#1707,#1708,#1709),
 .UNSPECIFIED.,.F.,.F.,(4,1,4),(0.,0.0448451320081345,0.0909536372865049),
 .UNSPECIFIED.);
#87=B_SPLINE_CURVE_WITH_KNOTS('',3,(#1711,#1712,#1713,#1714,#1715),
 .UNSPECIFIED.,.F.,.F.,(4,1,4),(0.,0.0480709378532739,0.0983233220010378),
 .UNSPECIFIED.);
#88=B_SPLINE_CURVE_WITH_KNOTS('',3,(#1717,#1718,#1719,#1720,#1721),
 .UNSPECIFIED.,.F.,.F.,(4,1,4),(0.,0.0619341756070439,0.119554039611203),
 .UNSPECIFIED.);
#89=B_SPLINE_CURVE_WITH_KNOTS('',3,(#1723,#1724,#1725,#1726,#1727),
 .UNSPECIFIED.,.F.,.F.,(4,1,4),(0.,0.0606478741289087,0.131953803512571),
 .UNSPECIFIED.);
#90=B_SPLINE_CURVE_WITH_KNOTS('',3,(#1729,#1730,#1731,#1732,#1733),
 .UNSPECIFIED.,.F.,.F.,(4,1,4),(0.,0.0428271087353407,0.081661699097431),
 .UNSPECIFIED.);
#91=B_SPLINE_CURVE_WITH_KNOTS('',3,(#1735,#1736,#1737,#1738,#1739),
 .UNSPECIFIED.,.F.,.F.,(4,1,4),(0.,0.048089486218889,0.118489257737085),
 .UNSPECIFIED.);
#92=B_SPLINE_CURVE_WITH_KNOTS('',3,(#1747,#1748,#1749,#1750,#1751),
 .UNSPECIFIED.,.F.,.F.,(4,1,4),(0.,0.0687027131930971,0.108050995604873),
 .UNSPECIFIED.);
#93=B_SPLINE_CURVE_WITH_KNOTS('',3,(#1753,#1754,#1755,#1756,#1757),
 .UNSPECIFIED.,.F.,.F.,(4,1,4),(0.,0.0232381939306405,0.0441174517585879),
 .UNSPECIFIED.);
#94=B_SPLINE_CURVE_WITH_KNOTS('',3,(#1759,#1760,#1761,#1762,#1763),
 .UNSPECIFIED.,.F.,.F.,(4,1,4),(0.,0.0251681682852492,0.0610327282194378),
 .UNSPECIFIED.);
#95=B_SPLINE_CURVE_WITH_KNOTS('',3,(#1789,#1790,#1791,#1792,#1793),
 .UNSPECIFIED.,.F.,.F.,(4,1,4),(0.,0.0299322221180437,0.0570433187946617),
 .UNSPECIFIED.);
#96=B_SPLINE_CURVE_WITH_KNOTS('',3,(#1797,#1798,#1799,#1800,#1801),
 .UNSPECIFIED.,.F.,.F.,(4,1,4),(0.,0.0299322221180437,0.0570433187946617),
 .UNSPECIFIED.);
#97=B_SPLINE_CURVE_WITH_KNOTS('',3,(#1814,#1815,#1816,#1817,#1818),
 .UNSPECIFIED.,.F.,.F.,(4,1,4),(0.,0.0266446399587722,0.0556175478434668),
 .UNSPECIFIED.);
#98=B_SPLINE_CURVE_WITH_KNOTS('',3,(#1821,#1822,#1823,#1824,#1825),
 .UNSPECIFIED.,.F.,.F.,(4,1,4),(0.,0.0266446399587722,0.0556175478434668),
 .UNSPECIFIED.);
#99=B_SPLINE_CURVE_WITH_KNOTS('',3,(#1837,#1838,#1839,#1840,#1841),
 .UNSPECIFIED.,.F.,.F.,(4,1,4),(0.,0.0292731388479214,0.056003088685735),
 .UNSPECIFIED.);
#100=B_SPLINE_CURVE_WITH_KNOTS('',3,(#1844,#1845,#1846,#1847,#1848),
 .UNSPECIFIED.,.F.,.F.,(4,1,4),(0.,0.0292731388479214,0.056003088685735),
 .UNSPECIFIED.);
#101=B_SPLINE_CURVE_WITH_KNOTS('',3,(#1860,#1861,#1862,#1863,#1864),
 .UNSPECIFIED.,.F.,.F.,(4,1,4),(0.,0.0272394714336407,0.0580231949741659),
 .UNSPECIFIED.);
#102=B_SPLINE_CURVE_WITH_KNOTS('',3,(#1867,#1868,#1869,#1870,#1871),
 .UNSPECIFIED.,.F.,.F.,(4,1,4),(0.,0.0272394714336407,0.0580231949741659),
 .UNSPECIFIED.);
#103=B_SPLINE_CURVE_WITH_KNOTS('',3,(#1883,#1884,#1885,#1886,#1887),
 .UNSPECIFIED.,.F.,.F.,(4,1,4),(0.,0.0296235019477673,0.0565671926640953),
 .UNSPECIFIED.);
#104=B_SPLINE_CURVE_WITH_KNOTS('',3,(#1890,#1891,#1892,#1893,#1894),
 .UNSPECIFIED.,.F.,.F.,(4,1,4),(0.,0.0296235019477673,0.0565671926640953),
 .UNSPECIFIED.);
#105=B_SPLINE_CURVE_WITH_KNOTS('',3,(#1906,#1907,#1908,#1909,#1910),
 .UNSPECIFIED.,.F.,.F.,(4,1,4),(0.,0.0266478779044502,0.0559126769535253),
 .UNSPECIFIED.);
#106=B_SPLINE_CURVE_WITH_KNOTS('',3,(#1913,#1914,#1915,#1916,#1917),
 .UNSPECIFIED.,.F.,.F.,(4,1,4),(0.,0.0266478779044502,0.0559126769535253),
 .UNSPECIFIED.);
#107=B_SPLINE_CURVE_WITH_KNOTS('',3,(#1929,#1930,#1931,#1932,#1933),
 .UNSPECIFIED.,.F.,.F.,(4,1,4),(0.,0.0307255822003155,0.0577549478492354),
 .UNSPECIFIED.);
#108=B_SPLINE_CURVE_WITH_KNOTS('',3,(#1936,#1937,#1938,#1939,#1940),
 .UNSPECIFIED.,.F.,.F.,(4,1,4),(0.,0.0307255822003155,0.0577549478492354),
 .UNSPECIFIED.);
#109=B_SPLINE_CURVE_WITH_KNOTS('',3,(#1951,#1952,#1953,#1954,#1955),
 .UNSPECIFIED.,.F.,.F.,(4,1,4),(0.,0.0269403766547497,0.0562719586884255),
 .UNSPECIFIED.);
#110=B_SPLINE_CURVE_WITH_KNOTS('',3,(#1956,#1957,#1958,#1959,#1960),
 .UNSPECIFIED.,.F.,.F.,(4,1,4),(0.,0.0269403766547497,0.0562719586884255),
 .UNSPECIFIED.);
#111=B_SPLINE_CURVE_WITH_KNOTS('',3,(#1973,#1974,#1975,#1976,#1977),
 .UNSPECIFIED.,.F.,.F.,(4,1,4),(0.,0.0371898154986333,0.0708710558955458),
 .UNSPECIFIED.);
#112=B_SPLINE_CURVE_WITH_KNOTS('',3,(#1981,#1982,#1983,#1984,#1985),
 .UNSPECIFIED.,.F.,.F.,(4,1,4),(0.,0.0371898154986333,0.0708710558955458),
 .UNSPECIFIED.);
#113=B_SPLINE_CURVE_WITH_KNOTS('',3,(#1998,#1999,#2000,#2001,#2002),
 .UNSPECIFIED.,.F.,.F.,(4,1,4),(0.,0.0327801746427951,0.0663683251419911),
 .UNSPECIFIED.);
#114=B_SPLINE_CURVE_WITH_KNOTS('',3,(#2005,#2006,#2007,#2008,#2009),
 .UNSPECIFIED.,.F.,.F.,(4,1,4),(0.,0.0327801746427951,0.0663683251419911),
 .UNSPECIFIED.);
#115=B_SPLINE_CURVE_WITH_KNOTS('',3,(#2021,#2022,#2023,#2024,#2025),
 .UNSPECIFIED.,.F.,.F.,(4,1,4),(0.,0.0381597659630401,0.0725262105282314),
 .UNSPECIFIED.);
#116=B_SPLINE_CURVE_WITH_KNOTS('',3,(#2028,#2029,#2030,#2031,#2032),
 .UNSPECIFIED.,.F.,.F.,(4,1,4),(0.,0.0381597659630401,0.0725262105282314),
 .UNSPECIFIED.);
#117=B_SPLINE_CURVE_WITH_KNOTS('',3,(#2044,#2045,#2046,#2047,#2048),
 .UNSPECIFIED.,.F.,.F.,(4,1,4),(0.,0.0355312729296835,0.0781952269673023),
 .UNSPECIFIED.);
#118=B_SPLINE_CURVE_WITH_KNOTS('',3,(#2051,#2052,#2053,#2054,#2055),
 .UNSPECIFIED.,.F.,.F.,(4,1,4),(0.,0.0355312729296835,0.0781952269673023),
 .UNSPECIFIED.);
#119=B_SPLINE_CURVE_WITH_KNOTS('',3,(#2067,#2068,#2069,#2070,#2071),
 .UNSPECIFIED.,.F.,.F.,(4,1,4),(0.,0.0328907737468128,0.0652591544676838),
 .UNSPECIFIED.);
#120=B_SPLINE_CURVE_WITH_KNOTS('',3,(#2074,#2075,#2076,#2077,#2078),
 .UNSPECIFIED.,.F.,.F.,(4,1,4),(0.,0.0328907737468128,0.0652591544676838),
 .UNSPECIFIED.);
#121=B_SPLINE_CURVE_WITH_KNOTS('',3,(#2090,#2091,#2092,#2093,#2094),
 .UNSPECIFIED.,.F.,.F.,(4,1,4),(0.,0.0335957455578555,0.0673820179504289),
 .UNSPECIFIED.);
#122=B_SPLINE_CURVE_WITH_KNOTS('',3,(#2097,#2098,#2099,#2100,#2101),
 .UNSPECIFIED.,.F.,.F.,(4,1,4),(0.,0.0335957455578555,0.0673820179504289),
 .UNSPECIFIED.);
#123=B_SPLINE_CURVE_WITH_KNOTS('',3,(#2113,#2114,#2115,#2116,#2117),
 .UNSPECIFIED.,.F.,.F.,(4,1,4),(0.,0.0423475057097851,0.0787397680267659),
 .UNSPECIFIED.);
#124=B_SPLINE_CURVE_WITH_KNOTS('',3,(#2120,#2121,#2122,#2123,#2124),
 .UNSPECIFIED.,.F.,.F.,(4,1,4),(0.,0.0423475057097851,0.0787397680267659),
 .UNSPECIFIED.);
#125=B_SPLINE_CURVE_WITH_KNOTS('',3,(#2135,#2136,#2137,#2138,#2139),
 .UNSPECIFIED.,.F.,.F.,(4,1,4),(0.,0.0337467746718029,0.066625000978011),
 .UNSPECIFIED.);
#126=B_SPLINE_CURVE_WITH_KNOTS('',3,(#2140,#2141,#2142,#2143,#2144),
 .UNSPECIFIED.,.F.,.F.,(4,1,4),(0.,0.0337467746718029,0.066625000978011),
 .UNSPECIFIED.);
#127=B_SPLINE_CURVE_WITH_KNOTS('',3,(#2158,#2159,#2160,#2161,#2162),
 .UNSPECIFIED.,.F.,.F.,(4,1,4),(0.,0.0467148417132094,0.0927368598329372),
 .UNSPECIFIED.);
#128=B_SPLINE_CURVE_WITH_KNOTS('',3,(#2176,#2177,#2178,#2179,#2180),
 .UNSPECIFIED.,.F.,.F.,(4,1,4),(0.,0.0764596264869459,0.156412525971019),
 .UNSPECIFIED.);
#129=B_SPLINE_CURVE_WITH_KNOTS('',3,(#2193,#2194,#2195,#2196,#2197),
 .UNSPECIFIED.,.F.,.F.,(4,1,4),(0.,0.0751504410769869,0.14383541956631),
 .UNSPECIFIED.);
#130=B_SPLINE_CURVE_WITH_KNOTS('',3,(#2210,#2211,#2212,#2213,#2214),
 .UNSPECIFIED.,.F.,.F.,(4,1,4),(0.,0.0724327443557033,0.152085334578528),
 .UNSPECIFIED.);
#131=B_SPLINE_CURVE_WITH_KNOTS('',3,(#2227,#2228,#2229,#2230,#2231),
 .UNSPECIFIED.,.F.,.F.,(4,1,4),(0.,0.0758429671343764,0.14702884756977),
 .UNSPECIFIED.);
#132=B_SPLINE_CURVE_WITH_KNOTS('',3,(#2244,#2245,#2246,#2247,#2248),
 .UNSPECIFIED.,.F.,.F.,(4,1,4),(0.,0.0454228239059512,0.0928518882165172),
 .UNSPECIFIED.);
#133=B_SPLINE_CURVE_WITH_KNOTS('',3,(#2261,#2262,#2263,#2264,#2265),
 .UNSPECIFIED.,.F.,.F.,(4,1,4),(0.,0.0499826121714871,0.0961812981887973),
 .UNSPECIFIED.);
#134=B_SPLINE_CURVE_WITH_KNOTS('',3,(#2278,#2279,#2280,#2281,#2282),
 .UNSPECIFIED.,.F.,.F.,(4,1,4),(0.,0.0384727478683741,0.0788788452580943),
 .UNSPECIFIED.);
#135=B_SPLINE_CURVE_WITH_KNOTS('',3,(#2295,#2296,#2297,#2298,#2299),
 .UNSPECIFIED.,.F.,.F.,(4,1,4),(0.,0.0394918506495018,0.0776306504094119),
 .UNSPECIFIED.);
#136=B_SPLINE_CURVE_WITH_KNOTS('',3,(#2312,#2313,#2314,#2315,#2316),
 .UNSPECIFIED.,.F.,.F.,(4,1,4),(0.,0.0604932208397919,0.122404660900529),
 .UNSPECIFIED.);
#137=B_SPLINE_CURVE_WITH_KNOTS('',3,(#2329,#2330,#2331,#2332,#2333),
 .UNSPECIFIED.,.F.,.F.,(4,1,4),(0.,0.0761336627930893,0.141246320236401),
 .UNSPECIFIED.);
#138=B_SPLINE_CURVE_WITH_KNOTS('',3,(#2346,#2347,#2348,#2349,#2350),
 .UNSPECIFIED.,.F.,.F.,(4,1,4),(0.,0.0650248408032617,0.141660764038595),
 .UNSPECIFIED.);
#139=B_SPLINE_CURVE_WITH_KNOTS('',3,(#2363,#2364,#2365,#2366,#2367),
 .UNSPECIFIED.,.F.,.F.,(4,1,4),(0.,0.0618923015976972,0.122209008405755),
 .UNSPECIFIED.);
#140=B_SPLINE_CURVE_WITH_KNOTS('',3,(#2380,#2381,#2382,#2383,#2384),
 .UNSPECIFIED.,.F.,.F.,(4,1,4),(0.,0.0374213743111013,0.075155791308426),
 .UNSPECIFIED.);
#141=B_SPLINE_CURVE_WITH_KNOTS('',3,(#2397,#2398,#2399,#2400,#2401),
 .UNSPECIFIED.,.F.,.F.,(4,1,4),(0.,0.0441789441999699,0.0833491226227981),
 .UNSPECIFIED.);
#142=B_SPLINE_CURVE_WITH_KNOTS('',3,(#2412,#2413,#2414,#2415,#2416),
 .UNSPECIFIED.,.F.,.F.,(4,1,4),(0.,0.0472409773777056,0.0991870231889185),
 .UNSPECIFIED.);
#143=B_SPLINE_CURVE_WITH_KNOTS('',3,(#2438,#2439,#2440,#2441,#2442),
 .UNSPECIFIED.,.F.,.F.,(4,1,4),(0.,0.0292683046402059,0.0877278816271959),
 .UNSPECIFIED.);
#144=B_SPLINE_CURVE_WITH_KNOTS('',3,(#2445,#2446,#2447,#2448,#2449),
 .UNSPECIFIED.,.F.,.F.,(4,1,4),(0.,0.0292683046402059,0.0877278816271959),
 .UNSPECIFIED.);
#145=B_SPLINE_CURVE_WITH_KNOTS('',3,(#2461,#2462,#2463,#2464,#2465),
 .UNSPECIFIED.,.F.,.F.,(4,1,4),(0.,0.0245137084432334,0.0517312719764843),
 .UNSPECIFIED.);
#146=B_SPLINE_CURVE_WITH_KNOTS('',3,(#2468,#2469,#2470,#2471,#2472),
 .UNSPECIFIED.,.F.,.F.,(4,1,4),(0.,0.0245137084432334,0.0517312719764843),
 .UNSPECIFIED.);
#147=B_SPLINE_CURVE_WITH_KNOTS('',3,(#2484,#2485,#2486,#2487,#2488),
 .UNSPECIFIED.,.F.,.F.,(4,1,4),(0.,0.0274425680625578,0.0519583922673294),
 .UNSPECIFIED.);
#148=B_SPLINE_CURVE_WITH_KNOTS('',3,(#2491,#2492,#2493,#2494,#2495),
 .UNSPECIFIED.,.F.,.F.,(4,1,4),(0.,0.0274425680625578,0.0519583922673294),
 .UNSPECIFIED.);
#149=B_SPLINE_CURVE_WITH_KNOTS('',3,(#2507,#2508,#2509,#2510,#2511),
 .UNSPECIFIED.,.F.,.F.,(4,1,4),(0.,0.0220732232643195,0.0468214363530435),
 .UNSPECIFIED.);
#150=B_SPLINE_CURVE_WITH_KNOTS('',3,(#2514,#2515,#2516,#2517,#2518),
 .UNSPECIFIED.,.F.,.F.,(4,1,4),(0.,0.0220732232643195,0.0468214363530435),
 .UNSPECIFIED.);
#151=B_SPLINE_CURVE_WITH_KNOTS('',3,(#2530,#2531,#2532,#2533,#2534),
 .UNSPECIFIED.,.F.,.F.,(4,1,4),(0.,0.0216065502965852,0.0426391915051792),
 .UNSPECIFIED.);
#152=B_SPLINE_CURVE_WITH_KNOTS('',3,(#2537,#2538,#2539,#2540,#2541),
 .UNSPECIFIED.,.F.,.F.,(4,1,4),(0.,0.0216065502965852,0.0426391915051792),
 .UNSPECIFIED.);
#153=B_SPLINE_CURVE_WITH_KNOTS('',3,(#2553,#2554,#2555,#2556,#2557),
 .UNSPECIFIED.,.F.,.F.,(4,1,4),(0.,0.0702538216177741,0.108403218828905),
 .UNSPECIFIED.);
#154=B_SPLINE_CURVE_WITH_KNOTS('',3,(#2560,#2561,#2562,#2563,#2564),
 .UNSPECIFIED.,.F.,.F.,(4,1,4),(0.,0.0702538216177741,0.108403218828905),
 .UNSPECIFIED.);
#155=B_SPLINE_CURVE_WITH_KNOTS('',3,(#2596,#2597,#2598,#2599,#2600),
 .UNSPECIFIED.,.F.,.F.,(4,1,4),(0.,0.0251681682852492,0.0610327282194378),
 .UNSPECIFIED.);
#156=B_SPLINE_CURVE_WITH_KNOTS('',3,(#2613,#2614,#2615,#2616,#2617),
 .UNSPECIFIED.,.F.,.F.,(4,1,4),(0.,0.0232381939306405,0.0441174517585879),
 .UNSPECIFIED.);
#157=B_SPLINE_CURVE_WITH_KNOTS('',3,(#2630,#2631,#2632,#2633,#2634),
 .UNSPECIFIED.,.F.,.F.,(4,1,4),(0.,0.0687027131930971,0.108050995604873),
 .UNSPECIFIED.);
#158=B_SPLINE_CURVE_WITH_KNOTS('',3,(#2659,#2660,#2661,#2662,#2663),
 .UNSPECIFIED.,.F.,.F.,(4,1,4),(0.,0.048089486218889,0.118489257737085),
 .UNSPECIFIED.);
#159=B_SPLINE_CURVE_WITH_KNOTS('',3,(#2676,#2677,#2678,#2679,#2680),
 .UNSPECIFIED.,.F.,.F.,(4,1,4),(0.,0.0428271087353407,0.081661699097431),
 .UNSPECIFIED.);
#160=B_SPLINE_CURVE_WITH_KNOTS('',3,(#2693,#2694,#2695,#2696,#2697),
 .UNSPECIFIED.,.F.,.F.,(4,1,4),(0.,0.0606478741289087,0.131953803512571),
 .UNSPECIFIED.);
#161=B_SPLINE_CURVE_WITH_KNOTS('',3,(#2710,#2711,#2712,#2713,#2714),
 .UNSPECIFIED.,.F.,.F.,(4,1,4),(0.,0.0619341756070439,0.119554039611203),
 .UNSPECIFIED.);
#162=B_SPLINE_CURVE_WITH_KNOTS('',3,(#2727,#2728,#2729,#2730,#2731),
 .UNSPECIFIED.,.F.,.F.,(4,1,4),(0.,0.0480709378532739,0.0983233220010378),
 .UNSPECIFIED.);
#163=B_SPLINE_CURVE_WITH_KNOTS('',3,(#2744,#2745,#2746,#2747,#2748),
 .UNSPECIFIED.,.F.,.F.,(4,1,4),(0.,0.0448451320081345,0.0909536372865049),
 .UNSPECIFIED.);
#164=B_SPLINE_CURVE_WITH_KNOTS('',3,(#2761,#2762,#2763,#2764,#2765),
 .UNSPECIFIED.,.F.,.F.,(4,1,4),(0.,0.0824554494320585,0.140001490706005),
 .UNSPECIFIED.);
#165=CIRCLE('',#1379,8.);
#166=CIRCLE('',#1399,8.);
#167=FACE_OUTER_BOUND('',#241,.T.);
#168=FACE_OUTER_BOUND('',#242,.T.);
#169=FACE_OUTER_BOUND('',#243,.T.);
#170=FACE_OUTER_BOUND('',#246,.T.);
#171=FACE_OUTER_BOUND('',#247,.T.);
#172=FACE_OUTER_BOUND('',#248,.T.);
#173=FACE_OUTER_BOUND('',#249,.T.);
#174=FACE_OUTER_BOUND('',#250,.T.);
#175=FACE_OUTER_BOUND('',#251,.T.);
#176=FACE_OUTER_BOUND('',#252,.T.);
#177=FACE_OUTER_BOUND('',#253,.T.);
#178=FACE_OUTER_BOUND('',#254,.T.);
#179=FACE_OUTER_BOUND('',#255,.T.);
#180=FACE_OUTER_BOUND('',#256,.T.);
#181=FACE_OUTER_BOUND('',#257,.T.);
#182=FACE_OUTER_BOUND('',#258,.T.);
#183=FACE_OUTER_BOUND('',#259,.T.);
#184=FACE_OUTER_BOUND('',#260,.T.);
#185=FACE_OUTER_BOUND('',#261,.T.);
#186=FACE_OUTER_BOUND('',#262,.T.);
#187=FACE_OUTER_BOUND('',#263,.T.);
#188=FACE_OUTER_BOUND('',#264,.T.);
#189=FACE_OUTER_BOUND('',#265,.T.);
#190=FACE_OUTER_BOUND('',#266,.T.);
#191=FACE_OUTER_BOUND('',#267,.T.);
#192=FACE_OUTER_BOUND('',#268,.T.);
#193=FACE_OUTER_BOUND('',#269,.T.);
#194=FACE_OUTER_BOUND('',#270,.T.);
#195=FACE_OUTER_BOUND('',#271,.T.);
#196=FACE_OUTER_BOUND('',#272,.T.);
#197=FACE_OUTER_BOUND('',#273,.T.);
#198=FACE_OUTER_BOUND('',#274,.T.);
#199=FACE_OUTER_BOUND('',#275,.T.);
#200=FACE_OUTER_BOUND('',#276,.T.);
#201=FACE_OUTER_BOUND('',#277,.T.);
#202=FACE_OUTER_BOUND('',#278,.T.);
#203=FACE_OUTER_BOUND('',#279,.T.);
#204=FACE_OUTER_BOUND('',#280,.T.);
#205=FACE_OUTER_BOUND('',#281,.T.);
#206=FACE_OUTER_BOUND('',#284,.T.);
#207=FACE_OUTER_BOUND('',#285,.T.);
#208=FACE_OUTER_BOUND('',#286,.T.);
#209=FACE_OUTER_BOUND('',#287,.T.);
#210=FACE_OUTER_BOUND('',#288,.T.);
#211=FACE_OUTER_BOUND('',#289,.T.);
#212=FACE_OUTER_BOUND('',#290,.T.);
#213=FACE_OUTER_BOUND('',#291,.T.);
#214=FACE_OUTER_BOUND('',#292,.T.);
#215=FACE_OUTER_BOUND('',#293,.T.);
#216=FACE_OUTER_BOUND('',#294,.T.);
#217=FACE_OUTER_BOUND('',#295,.T.);
#218=FACE_OUTER_BOUND('',#296,.T.);
#219=FACE_OUTER_BOUND('',#297,.T.);
#220=FACE_OUTER_BOUND('',#298,.T.);
#221=FACE_OUTER_BOUND('',#299,.T.);
#222=FACE_OUTER_BOUND('',#300,.T.);
#223=FACE_OUTER_BOUND('',#301,.T.);
#224=FACE_OUTER_BOUND('',#302,.T.);
#225=FACE_OUTER_BOUND('',#303,.T.);
#226=FACE_OUTER_BOUND('',#304,.T.);
#227=FACE_OUTER_BOUND('',#305,.T.);
#228=FACE_OUTER_BOUND('',#306,.T.);
#229=FACE_OUTER_BOUND('',#307,.T.);
#230=FACE_OUTER_BOUND('',#308,.T.);
#231=FACE_OUTER_BOUND('',#309,.T.);
#232=FACE_OUTER_BOUND('',#310,.T.);
#233=FACE_OUTER_BOUND('',#311,.T.);
#234=FACE_OUTER_BOUND('',#313,.T.);
#235=FACE_OUTER_BOUND('',#314,.T.);
#236=FACE_OUTER_BOUND('',#315,.T.);
#237=FACE_OUTER_BOUND('',#316,.T.);
#238=FACE_OUTER_BOUND('',#317,.T.);
#239=FACE_OUTER_BOUND('',#318,.T.);
#240=FACE_OUTER_BOUND('',#319,.T.);
#241=EDGE_LOOP('',(#861,#862,#863,#864));
#242=EDGE_LOOP('',(#865,#866,#867,#868));
#243=EDGE_LOOP('',(#869,#870,#871,#872,#873,#874,#875,#876));
#244=EDGE_LOOP('',(#877,#878,#879,#880,#881,#882,#883,#884,#885,#886,#887,
#888,#889,#890,#891,#892));
#245=EDGE_LOOP('',(#893,#894,#895,#896,#897,#898,#899,#900,#901,#902,#903,
#904,#905,#906,#907,#908,#909,#910));
#246=EDGE_LOOP('',(#911,#912,#913,#914));
#247=EDGE_LOOP('',(#915,#916,#917,#918));
#248=EDGE_LOOP('',(#919,#920,#921,#922));
#249=EDGE_LOOP('',(#923,#924,#925,#926));
#250=EDGE_LOOP('',(#927,#928,#929,#930));
#251=EDGE_LOOP('',(#931,#932,#933,#934));
#252=EDGE_LOOP('',(#935,#936,#937,#938));
#253=EDGE_LOOP('',(#939,#940,#941,#942));
#254=EDGE_LOOP('',(#943,#944,#945,#946));
#255=EDGE_LOOP('',(#947,#948,#949,#950));
#256=EDGE_LOOP('',(#951,#952,#953,#954));
#257=EDGE_LOOP('',(#955,#956,#957,#958));
#258=EDGE_LOOP('',(#959,#960,#961,#962));
#259=EDGE_LOOP('',(#963,#964,#965,#966));
#260=EDGE_LOOP('',(#967,#968,#969,#970));
#261=EDGE_LOOP('',(#971,#972,#973,#974));
#262=EDGE_LOOP('',(#975,#976,#977,#978));
#263=EDGE_LOOP('',(#979,#980,#981,#982));
#264=EDGE_LOOP('',(#983,#984,#985,#986));
#265=EDGE_LOOP('',(#987,#988,#989,#990));
#266=EDGE_LOOP('',(#991,#992,#993,#994));
#267=EDGE_LOOP('',(#995,#996,#997,#998));
#268=EDGE_LOOP('',(#999,#1000,#1001,#1002));
#269=EDGE_LOOP('',(#1003,#1004,#1005,#1006));
#270=EDGE_LOOP('',(#1007,#1008,#1009,#1010));
#271=EDGE_LOOP('',(#1011,#1012,#1013,#1014));
#272=EDGE_LOOP('',(#1015,#1016,#1017,#1018));
#273=EDGE_LOOP('',(#1019,#1020,#1021,#1022));
#274=EDGE_LOOP('',(#1023,#1024,#1025,#1026));
#275=EDGE_LOOP('',(#1027,#1028,#1029,#1030));
#276=EDGE_LOOP('',(#1031,#1032,#1033,#1034));
#277=EDGE_LOOP('',(#1035,#1036,#1037,#1038));
#278=EDGE_LOOP('',(#1039,#1040,#1041,#1042));
#279=EDGE_LOOP('',(#1043,#1044,#1045,#1046));
#280=EDGE_LOOP('',(#1047,#1048,#1049,#1050));
#281=EDGE_LOOP('',(#1051,#1052,#1053,#1054,#1055,#1056,#1057,#1058,#1059,
#1060,#1061,#1062,#1063,#1064,#1065,#1066));
#282=EDGE_LOOP('',(#1067,#1068,#1069,#1070,#1071,#1072,#1073,#1074));
#283=EDGE_LOOP('',(#1075,#1076,#1077,#1078,#1079,#1080,#1081,#1082));
#284=EDGE_LOOP('',(#1083,#1084,#1085,#1086));
#285=EDGE_LOOP('',(#1087,#1088,#1089,#1090));
#286=EDGE_LOOP('',(#1091,#1092,#1093,#1094));
#287=EDGE_LOOP('',(#1095,#1096,#1097,#1098));
#288=EDGE_LOOP('',(#1099,#1100,#1101,#1102));
#289=EDGE_LOOP('',(#1103,#1104,#1105,#1106));
#290=EDGE_LOOP('',(#1107,#1108,#1109,#1110));
#291=EDGE_LOOP('',(#1111,#1112,#1113,#1114));
#292=EDGE_LOOP('',(#1115,#1116,#1117,#1118));
#293=EDGE_LOOP('',(#1119,#1120,#1121,#1122));
#294=EDGE_LOOP('',(#1123,#1124,#1125,#1126));
#295=EDGE_LOOP('',(#1127,#1128,#1129,#1130));
#296=EDGE_LOOP('',(#1131,#1132,#1133,#1134));
#297=EDGE_LOOP('',(#1135,#1136,#1137,#1138));
#298=EDGE_LOOP('',(#1139,#1140,#1141,#1142));
#299=EDGE_LOOP('',(#1143,#1144,#1145,#1146));
#300=EDGE_LOOP('',(#1147,#1148,#1149,#1150));
#301=EDGE_LOOP('',(#1151,#1152,#1153,#1154));
#302=EDGE_LOOP('',(#1155,#1156,#1157,#1158));
#303=EDGE_LOOP('',(#1159,#1160,#1161,#1162));
#304=EDGE_LOOP('',(#1163,#1164,#1165,#1166));
#305=EDGE_LOOP('',(#1167,#1168,#1169,#1170));
#306=EDGE_LOOP('',(#1171,#1172,#1173,#1174));
#307=EDGE_LOOP('',(#1175,#1176,#1177,#1178));
#308=EDGE_LOOP('',(#1179,#1180,#1181,#1182));
#309=EDGE_LOOP('',(#1183,#1184,#1185,#1186));
#310=EDGE_LOOP('',(#1187,#1188,#1189,#1190));
#311=EDGE_LOOP('',(#1191,#1192,#1193,#1194,#1195,#1196,#1197,#1198,#1199,
#1200,#1201,#1202,#1203,#1204,#1205,#1206,#1207,#1208));
#312=EDGE_LOOP('',(#1209,#1210,#1211,#1212,#1213,#1214,#1215,#1216,#1217));
#313=EDGE_LOOP('',(#1218,#1219,#1220,#1221,#1222,#1223,#1224,#1225,#1226));
#314=EDGE_LOOP('',(#1227,#1228,#1229,#1230,#1231,#1232,#1233,#1234));
#315=EDGE_LOOP('',(#1235,#1236,#1237,#1238));
#316=EDGE_LOOP('',(#1239,#1240,#1241,#1242));
#317=EDGE_LOOP('',(#1243,#1244,#1245,#1246));
#318=EDGE_LOOP('',(#1247,#1248,#1249,#1250,#1251,#1252,#1253,#1254));
#319=EDGE_LOOP('',(#1255,#1256,#1257,#1258,#1259,#1260,#1261,#1262));
#320=LINE('',#1569,#423);
#321=LINE('',#1571,#424);
#322=LINE('',#1573,#425);
#323=LINE('',#1574,#426);
#324=LINE('',#1577,#427);
#325=LINE('',#1579,#428);
#326=LINE('',#1580,#429);
#327=LINE('',#1583,#430);
#328=LINE('',#1587,#431);
#329=LINE('',#1589,#432);
#330=LINE('',#1591,#433);
#331=LINE('',#1592,#434);
#332=LINE('',#1691,#435);
#333=LINE('',#1693,#436);
#334=LINE('',#1695,#437);
#335=LINE('',#1697,#438);
#336=LINE('',#1741,#439);
#337=LINE('',#1743,#440);
#338=LINE('',#1745,#441);
#339=LINE('',#1764,#442);
#340=LINE('',#1768,#443);
#341=LINE('',#1769,#444);
#342=LINE('',#1770,#445);
#343=LINE('',#1773,#446);
#344=LINE('',#1774,#447);
#345=LINE('',#1776,#448);
#346=LINE('',#1795,#449);
#347=LINE('',#1802,#450);
#348=LINE('',#1820,#451);
#349=LINE('',#1843,#452);
#350=LINE('',#1866,#453);
#351=LINE('',#1889,#454);
#352=LINE('',#1912,#455);
#353=LINE('',#1935,#456);
#354=LINE('',#1979,#457);
#355=LINE('',#1986,#458);
#356=LINE('',#2004,#459);
#357=LINE('',#2027,#460);
#358=LINE('',#2050,#461);
#359=LINE('',#2073,#462);
#360=LINE('',#2096,#463);
#361=LINE('',#2119,#464);
#362=LINE('',#2156,#465);
#363=LINE('',#2163,#466);
#364=LINE('',#2175,#467);
#365=LINE('',#2192,#468);
#366=LINE('',#2209,#469);
#367=LINE('',#2226,#470);
#368=LINE('',#2243,#471);
#369=LINE('',#2260,#472);
#370=LINE('',#2277,#473);
#371=LINE('',#2294,#474);
#372=LINE('',#2311,#475);
#373=LINE('',#2328,#476);
#374=LINE('',#2345,#477);
#375=LINE('',#2362,#478);
#376=LINE('',#2379,#479);
#377=LINE('',#2396,#480);
#378=LINE('',#2421,#481);
#379=LINE('',#2423,#482);
#380=LINE('',#2425,#483);
#381=LINE('',#2426,#484);
#382=LINE('',#2444,#485);
#383=LINE('',#2467,#486);
#384=LINE('',#2490,#487);
#385=LINE('',#2513,#488);
#386=LINE('',#2536,#489);
#387=LINE('',#2559,#490);
#388=LINE('',#2567,#491);
#389=LINE('',#2569,#492);
#390=LINE('',#2570,#493);
#391=LINE('',#2572,#494);
#392=LINE('',#2573,#495);
#393=LINE('',#2576,#496);
#394=LINE('',#2578,#497);
#395=LINE('',#2579,#498);
#396=LINE('',#2582,#499);
#397=LINE('',#2583,#500);
#398=LINE('',#2595,#501);
#399=LINE('',#2612,#502);
#400=LINE('',#2629,#503);
#401=LINE('',#2637,#504);
#402=LINE('',#2638,#505);
#403=LINE('',#2641,#506);
#404=LINE('',#2642,#507);
#405=LINE('',#2645,#508);
#406=LINE('',#2646,#509);
#407=LINE('',#2658,#510);
#408=LINE('',#2675,#511);
#409=LINE('',#2692,#512);
#410=LINE('',#2709,#513);
#411=LINE('',#2726,#514);
#412=LINE('',#2743,#515);
#413=LINE('',#2760,#516);
#414=LINE('',#2768,#517);
#415=LINE('',#2769,#518);
#416=LINE('',#2772,#519);
#417=LINE('',#2773,#520);
#418=LINE('',#2775,#521);
#419=LINE('',#2781,#522);
#420=LINE('',#2784,#523);
#421=LINE('',#2786,#524);
#422=LINE('',#2788,#525);
#423=VECTOR('',#1408,10.);
#424=VECTOR('',#1409,10.);
#425=VECTOR('',#1410,10.);
#426=VECTOR('',#1411,10.);
#427=VECTOR('',#1414,10.);
#428=VECTOR('',#1415,10.);
#429=VECTOR('',#1416,10.);
#430=VECTOR('',#1419,10.);
#431=VECTOR('',#1422,10.);
#432=VECTOR('',#1423,10.);
#433=VECTOR('',#1424,10.);
#434=VECTOR('',#1425,10.);
#435=VECTOR('',#1426,10.);
#436=VECTOR('',#1427,10.);
#437=VECTOR('',#1428,10.);
#438=VECTOR('',#1429,10.);
#439=VECTOR('',#1430,10.);
#440=VECTOR('',#1431,10.);
#441=VECTOR('',#1432,10.);
#442=VECTOR('',#1433,10.);
#443=VECTOR('',#1436,10.);
#444=VECTOR('',#1437,10.);
#445=VECTOR('',#1438,10.);
#446=VECTOR('',#1441,10.);
#447=VECTOR('',#1442,10.);
#448=VECTOR('',#1445,10.);
#449=VECTOR('',#1446,10.);
#450=VECTOR('',#1447,10.);
#451=VECTOR('',#1448,10.);
#452=VECTOR('',#1449,10.);
#453=VECTOR('',#1450,10.);
#454=VECTOR('',#1451,10.);
#455=VECTOR('',#1452,10.);
#456=VECTOR('',#1453,10.);
#457=VECTOR('',#1454,10.);
#458=VECTOR('',#1455,10.);
#459=VECTOR('',#1456,10.);
#460=VECTOR('',#1457,10.);
#461=VECTOR('',#1458,10.);
#462=VECTOR('',#1459,10.);
#463=VECTOR('',#1460,10.);
#464=VECTOR('',#1461,10.);
#465=VECTOR('',#1462,10.);
#466=VECTOR('',#1463,10.);
#467=VECTOR('',#1464,10.);
#468=VECTOR('',#1465,10.);
#469=VECTOR('',#1466,10.);
#470=VECTOR('',#1467,10.);
#471=VECTOR('',#1468,10.);
#472=VECTOR('',#1469,10.);
#473=VECTOR('',#1470,10.);
#474=VECTOR('',#1471,10.);
#475=VECTOR('',#1472,10.);
#476=VECTOR('',#1473,10.);
#477=VECTOR('',#1474,10.);
#478=VECTOR('',#1475,10.);
#479=VECTOR('',#1476,10.);
#480=VECTOR('',#1477,10.);
#481=VECTOR('',#1482,10.);
#482=VECTOR('',#1483,10.);
#483=VECTOR('',#1484,10.);
#484=VECTOR('',#1485,10.);
#485=VECTOR('',#1486,10.);
#486=VECTOR('',#1487,10.);
#487=VECTOR('',#1488,10.);
#488=VECTOR('',#1489,10.);
#489=VECTOR('',#1490,10.);
#490=VECTOR('',#1491,10.);
#491=VECTOR('',#1494,10.);
#492=VECTOR('',#1495,10.);
#493=VECTOR('',#1496,10.);
#494=VECTOR('',#1499,10.);
#495=VECTOR('',#1500,10.);
#496=VECTOR('',#1503,10.);
#497=VECTOR('',#1504,10.);
#498=VECTOR('',#1505,10.);
#499=VECTOR('',#1508,10.);
#500=VECTOR('',#1509,10.);
#501=VECTOR('',#1510,10.);
#502=VECTOR('',#1511,10.);
#503=VECTOR('',#1512,10.);
#504=VECTOR('',#1515,10.);
#505=VECTOR('',#1516,10.);
#506=VECTOR('',#1519,10.);
#507=VECTOR('',#1520,10.);
#508=VECTOR('',#1523,10.);
#509=VECTOR('',#1524,10.);
#510=VECTOR('',#1525,10.);
#511=VECTOR('',#1526,10.);
#512=VECTOR('',#1527,10.);
#513=VECTOR('',#1528,10.);
#514=VECTOR('',#1529,10.);
#515=VECTOR('',#1530,10.);
#516=VECTOR('',#1531,10.);
#517=VECTOR('',#1534,10.);
#518=VECTOR('',#1535,10.);
#519=VECTOR('',#1538,10.);
#520=VECTOR('',#1539,10.);
#521=VECTOR('',#1542,10.);
#522=VECTOR('',#1551,10.);
#523=VECTOR('',#1554,10.);
#524=VECTOR('',#1557,10.);
#525=VECTOR('',#1560,10.);
#526=VERTEX_POINT('',#1567);
#527=VERTEX_POINT('',#1568);
#528=VERTEX_POINT('',#1570);
#529=VERTEX_POINT('',#1572);
#530=VERTEX_POINT('',#1576);
#531=VERTEX_POINT('',#1578);
#532=VERTEX_POINT('',#1582);
#533=VERTEX_POINT('',#1584);
#534=VERTEX_POINT('',#1586);
#535=VERTEX_POINT('',#1588);
#536=VERTEX_POINT('',#1590);
#537=VERTEX_POINT('',#1593);
#538=VERTEX_POINT('',#1594);
#539=VERTEX_POINT('',#1600);
#540=VERTEX_POINT('',#1606);
#541=VERTEX_POINT('',#1612);
#542=VERTEX_POINT('',#1618);
#543=VERTEX_POINT('',#1624);
#544=VERTEX_POINT('',#1630);
#545=VERTEX_POINT('',#1636);
#546=VERTEX_POINT('',#1642);
#547=VERTEX_POINT('',#1648);
#548=VERTEX_POINT('',#1654);
#549=VERTEX_POINT('',#1660);
#550=VERTEX_POINT('',#1666);
#551=VERTEX_POINT('',#1672);
#552=VERTEX_POINT('',#1678);
#553=VERTEX_POINT('',#1689);
#554=VERTEX_POINT('',#1690);
#555=VERTEX_POINT('',#1692);
#556=VERTEX_POINT('',#1694);
#557=VERTEX_POINT('',#1696);
#558=VERTEX_POINT('',#1698);
#559=VERTEX_POINT('',#1704);
#560=VERTEX_POINT('',#1710);
#561=VERTEX_POINT('',#1716);
#562=VERTEX_POINT('',#1722);
#563=VERTEX_POINT('',#1728);
#564=VERTEX_POINT('',#1734);
#565=VERTEX_POINT('',#1740);
#566=VERTEX_POINT('',#1742);
#567=VERTEX_POINT('',#1744);
#568=VERTEX_POINT('',#1746);
#569=VERTEX_POINT('',#1752);
#570=VERTEX_POINT('',#1758);
#571=VERTEX_POINT('',#1766);
#572=VERTEX_POINT('',#1767);
#573=VERTEX_POINT('',#1772);
#574=VERTEX_POINT('',#1787);
#575=VERTEX_POINT('',#1788);
#576=VERTEX_POINT('',#1794);
#577=VERTEX_POINT('',#1796);
#578=VERTEX_POINT('',#1813);
#579=VERTEX_POINT('',#1819);
#580=VERTEX_POINT('',#1836);
#581=VERTEX_POINT('',#1842);
#582=VERTEX_POINT('',#1859);
#583=VERTEX_POINT('',#1865);
#584=VERTEX_POINT('',#1882);
#585=VERTEX_POINT('',#1888);
#586=VERTEX_POINT('',#1905);
#587=VERTEX_POINT('',#1911);
#588=VERTEX_POINT('',#1928);
#589=VERTEX_POINT('',#1934);
#590=VERTEX_POINT('',#1971);
#591=VERTEX_POINT('',#1972);
#592=VERTEX_POINT('',#1978);
#593=VERTEX_POINT('',#1980);
#594=VERTEX_POINT('',#1997);
#595=VERTEX_POINT('',#2003);
#596=VERTEX_POINT('',#2020);
#597=VERTEX_POINT('',#2026);
#598=VERTEX_POINT('',#2043);
#599=VERTEX_POINT('',#2049);
#600=VERTEX_POINT('',#2066);
#601=VERTEX_POINT('',#2072);
#602=VERTEX_POINT('',#2089);
#603=VERTEX_POINT('',#2095);
#604=VERTEX_POINT('',#2112);
#605=VERTEX_POINT('',#2118);
#606=VERTEX_POINT('',#2155);
#607=VERTEX_POINT('',#2157);
#608=VERTEX_POINT('',#2174);
#609=VERTEX_POINT('',#2191);
#610=VERTEX_POINT('',#2208);
#611=VERTEX_POINT('',#2225);
#612=VERTEX_POINT('',#2242);
#613=VERTEX_POINT('',#2259);
#614=VERTEX_POINT('',#2276);
#615=VERTEX_POINT('',#2293);
#616=VERTEX_POINT('',#2310);
#617=VERTEX_POINT('',#2327);
#618=VERTEX_POINT('',#2344);
#619=VERTEX_POINT('',#2361);
#620=VERTEX_POINT('',#2378);
#621=VERTEX_POINT('',#2395);
#622=VERTEX_POINT('',#2419);
#623=VERTEX_POINT('',#2420);
#624=VERTEX_POINT('',#2422);
#625=VERTEX_POINT('',#2424);
#626=VERTEX_POINT('',#2437);
#627=VERTEX_POINT('',#2443);
#628=VERTEX_POINT('',#2460);
#629=VERTEX_POINT('',#2466);
#630=VERTEX_POINT('',#2483);
#631=VERTEX_POINT('',#2489);
#632=VERTEX_POINT('',#2506);
#633=VERTEX_POINT('',#2512);
#634=VERTEX_POINT('',#2529);
#635=VERTEX_POINT('',#2535);
#636=VERTEX_POINT('',#2552);
#637=VERTEX_POINT('',#2558);
#638=VERTEX_POINT('',#2566);
#639=VERTEX_POINT('',#2568);
#640=VERTEX_POINT('',#2575);
#641=VERTEX_POINT('',#2577);
#642=VERTEX_POINT('',#2581);
#643=VERTEX_POINT('',#2594);
#644=VERTEX_POINT('',#2611);
#645=VERTEX_POINT('',#2628);
#646=VERTEX_POINT('',#2636);
#647=VERTEX_POINT('',#2640);
#648=VERTEX_POINT('',#2644);
#649=VERTEX_POINT('',#2657);
#650=VERTEX_POINT('',#2674);
#651=VERTEX_POINT('',#2691);
#652=VERTEX_POINT('',#2708);
#653=VERTEX_POINT('',#2725);
#654=VERTEX_POINT('',#2742);
#655=VERTEX_POINT('',#2759);
#656=VERTEX_POINT('',#2767);
#657=VERTEX_POINT('',#2771);
#658=VERTEX_POINT('',#2780);
#659=VERTEX_POINT('',#2782);
#660=EDGE_CURVE('',#526,#527,#320,.T.);
#661=EDGE_CURVE('',#527,#528,#321,.T.);
#662=EDGE_CURVE('',#528,#529,#322,.T.);
#663=EDGE_CURVE('',#529,#526,#323,.T.);
#664=EDGE_CURVE('',#529,#530,#324,.T.);
#665=EDGE_CURVE('',#531,#530,#325,.T.);
#666=EDGE_CURVE('',#526,#531,#326,.T.);
#667=EDGE_CURVE('',#532,#528,#327,.T.);
#668=EDGE_CURVE('',#532,#533,#165,.T.);
#669=EDGE_CURVE('',#534,#533,#328,.T.);
#670=EDGE_CURVE('',#535,#534,#329,.T.);
#671=EDGE_CURVE('',#536,#535,#330,.T.);
#672=EDGE_CURVE('',#530,#536,#331,.T.);
#673=EDGE_CURVE('',#537,#538,#69,.T.);
#674=EDGE_CURVE('',#538,#539,#70,.T.);
#675=EDGE_CURVE('',#539,#540,#71,.T.);
#676=EDGE_CURVE('',#540,#541,#72,.T.);
#677=EDGE_CURVE('',#541,#542,#73,.T.);
#678=EDGE_CURVE('',#542,#543,#74,.T.);
#679=EDGE_CURVE('',#543,#544,#75,.T.);
#680=EDGE_CURVE('',#544,#545,#76,.T.);
#681=EDGE_CURVE('',#545,#546,#77,.T.);
#682=EDGE_CURVE('',#546,#547,#78,.T.);
#683=EDGE_CURVE('',#547,#548,#79,.T.);
#684=EDGE_CURVE('',#548,#549,#80,.T.);
#685=EDGE_CURVE('',#549,#550,#81,.T.);
#686=EDGE_CURVE('',#550,#551,#82,.T.);
#687=EDGE_CURVE('',#551,#552,#83,.T.);
#688=EDGE_CURVE('',#552,#537,#84,.T.);
#689=EDGE_CURVE('',#553,#554,#332,.T.);
#690=EDGE_CURVE('',#554,#555,#333,.T.);
#691=EDGE_CURVE('',#555,#556,#334,.T.);
#692=EDGE_CURVE('',#556,#557,#335,.T.);
#693=EDGE_CURVE('',#557,#558,#85,.T.);
#694=EDGE_CURVE('',#558,#559,#86,.T.);
#695=EDGE_CURVE('',#559,#560,#87,.T.);
#696=EDGE_CURVE('',#560,#561,#88,.T.);
#697=EDGE_CURVE('',#561,#562,#89,.T.);
#698=EDGE_CURVE('',#562,#563,#90,.T.);
#699=EDGE_CURVE('',#563,#564,#91,.T.);
#700=EDGE_CURVE('',#564,#565,#336,.T.);
#701=EDGE_CURVE('',#565,#566,#337,.T.);
#702=EDGE_CURVE('',#566,#567,#338,.T.);
#703=EDGE_CURVE('',#567,#568,#92,.T.);
#704=EDGE_CURVE('',#568,#569,#93,.T.);
#705=EDGE_CURVE('',#569,#570,#94,.T.);
#706=EDGE_CURVE('',#570,#553,#339,.T.);
#707=EDGE_CURVE('',#571,#572,#340,.T.);
#708=EDGE_CURVE('',#572,#535,#341,.T.);
#709=EDGE_CURVE('',#534,#571,#342,.T.);
#710=EDGE_CURVE('',#573,#572,#343,.T.);
#711=EDGE_CURVE('',#536,#573,#344,.T.);
#712=EDGE_CURVE('',#573,#531,#345,.T.);
#713=EDGE_CURVE('',#574,#575,#95,.T.);
#714=EDGE_CURVE('',#574,#576,#346,.T.);
#715=EDGE_CURVE('',#576,#577,#96,.T.);
#716=EDGE_CURVE('',#575,#577,#347,.T.);
#717=EDGE_CURVE('',#578,#574,#97,.T.);
#718=EDGE_CURVE('',#578,#579,#348,.T.);
#719=EDGE_CURVE('',#579,#576,#98,.T.);
#720=EDGE_CURVE('',#580,#578,#99,.T.);
#721=EDGE_CURVE('',#580,#581,#349,.T.);
#722=EDGE_CURVE('',#581,#579,#100,.T.);
#723=EDGE_CURVE('',#582,#580,#101,.T.);
#724=EDGE_CURVE('',#582,#583,#350,.T.);
#725=EDGE_CURVE('',#583,#581,#102,.T.);
#726=EDGE_CURVE('',#584,#582,#103,.T.);
#727=EDGE_CURVE('',#584,#585,#351,.T.);
#728=EDGE_CURVE('',#585,#583,#104,.T.);
#729=EDGE_CURVE('',#586,#584,#105,.T.);
#730=EDGE_CURVE('',#586,#587,#352,.T.);
#731=EDGE_CURVE('',#587,#585,#106,.T.);
#732=EDGE_CURVE('',#588,#586,#107,.T.);
#733=EDGE_CURVE('',#588,#589,#353,.T.);
#734=EDGE_CURVE('',#589,#587,#108,.T.);
#735=EDGE_CURVE('',#575,#588,#109,.T.);
#736=EDGE_CURVE('',#577,#589,#110,.T.);
#737=EDGE_CURVE('',#590,#591,#111,.T.);
#738=EDGE_CURVE('',#590,#592,#354,.T.);
#739=EDGE_CURVE('',#592,#593,#112,.T.);
#740=EDGE_CURVE('',#591,#593,#355,.T.);
#741=EDGE_CURVE('',#594,#590,#113,.T.);
#742=EDGE_CURVE('',#594,#595,#356,.T.);
#743=EDGE_CURVE('',#595,#592,#114,.T.);
#744=EDGE_CURVE('',#596,#594,#115,.T.);
#745=EDGE_CURVE('',#596,#597,#357,.T.);
#746=EDGE_CURVE('',#597,#595,#116,.T.);
#747=EDGE_CURVE('',#598,#596,#117,.T.);
#748=EDGE_CURVE('',#598,#599,#358,.T.);
#749=EDGE_CURVE('',#599,#597,#118,.T.);
#750=EDGE_CURVE('',#600,#598,#119,.T.);
#751=EDGE_CURVE('',#600,#601,#359,.T.);
#752=EDGE_CURVE('',#601,#599,#120,.T.);
#753=EDGE_CURVE('',#602,#600,#121,.T.);
#754=EDGE_CURVE('',#602,#603,#360,.T.);
#755=EDGE_CURVE('',#603,#601,#122,.T.);
#756=EDGE_CURVE('',#604,#602,#123,.T.);
#757=EDGE_CURVE('',#604,#605,#361,.T.);
#758=EDGE_CURVE('',#605,#603,#124,.T.);
#759=EDGE_CURVE('',#591,#604,#125,.T.);
#760=EDGE_CURVE('',#593,#605,#126,.T.);
#761=EDGE_CURVE('',#537,#606,#362,.T.);
#762=EDGE_CURVE('',#606,#607,#127,.T.);
#763=EDGE_CURVE('',#538,#607,#363,.T.);
#764=EDGE_CURVE('',#552,#608,#364,.T.);
#765=EDGE_CURVE('',#608,#606,#128,.T.);
#766=EDGE_CURVE('',#551,#609,#365,.T.);
#767=EDGE_CURVE('',#609,#608,#129,.T.);
#768=EDGE_CURVE('',#550,#610,#366,.T.);
#769=EDGE_CURVE('',#610,#609,#130,.T.);
#770=EDGE_CURVE('',#549,#611,#367,.T.);
#771=EDGE_CURVE('',#611,#610,#131,.T.);
#772=EDGE_CURVE('',#548,#612,#368,.T.);
#773=EDGE_CURVE('',#612,#611,#132,.T.);
#774=EDGE_CURVE('',#547,#613,#369,.T.);
#775=EDGE_CURVE('',#613,#612,#133,.T.);
#776=EDGE_CURVE('',#546,#614,#370,.T.);
#777=EDGE_CURVE('',#614,#613,#134,.T.);
#778=EDGE_CURVE('',#545,#615,#371,.T.);
#779=EDGE_CURVE('',#615,#614,#135,.T.);
#780=EDGE_CURVE('',#544,#616,#372,.T.);
#781=EDGE_CURVE('',#616,#615,#136,.T.);
#782=EDGE_CURVE('',#543,#617,#373,.T.);
#783=EDGE_CURVE('',#617,#616,#137,.T.);
#784=EDGE_CURVE('',#542,#618,#374,.T.);
#785=EDGE_CURVE('',#618,#617,#138,.T.);
#786=EDGE_CURVE('',#541,#619,#375,.T.);
#787=EDGE_CURVE('',#619,#618,#139,.T.);
#788=EDGE_CURVE('',#540,#620,#376,.T.);
#789=EDGE_CURVE('',#620,#619,#140,.T.);
#790=EDGE_CURVE('',#539,#621,#377,.T.);
#791=EDGE_CURVE('',#621,#620,#141,.T.);
#792=EDGE_CURVE('',#607,#621,#142,.T.);
#793=EDGE_CURVE('',#622,#623,#378,.T.);
#794=EDGE_CURVE('',#622,#624,#379,.T.);
#795=EDGE_CURVE('',#624,#625,#380,.T.);
#796=EDGE_CURVE('',#623,#625,#381,.T.);
#797=EDGE_CURVE('',#626,#622,#143,.T.);
#798=EDGE_CURVE('',#626,#627,#382,.T.);
#799=EDGE_CURVE('',#627,#624,#144,.T.);
#800=EDGE_CURVE('',#628,#626,#145,.T.);
#801=EDGE_CURVE('',#628,#629,#383,.T.);
#802=EDGE_CURVE('',#629,#627,#146,.T.);
#803=EDGE_CURVE('',#630,#628,#147,.T.);
#804=EDGE_CURVE('',#630,#631,#384,.T.);
#805=EDGE_CURVE('',#631,#629,#148,.T.);
#806=EDGE_CURVE('',#632,#630,#149,.T.);
#807=EDGE_CURVE('',#632,#633,#385,.T.);
#808=EDGE_CURVE('',#633,#631,#150,.T.);
#809=EDGE_CURVE('',#634,#632,#151,.T.);
#810=EDGE_CURVE('',#634,#635,#386,.T.);
#811=EDGE_CURVE('',#635,#633,#152,.T.);
#812=EDGE_CURVE('',#636,#634,#153,.T.);
#813=EDGE_CURVE('',#636,#637,#387,.T.);
#814=EDGE_CURVE('',#637,#635,#154,.T.);
#815=EDGE_CURVE('',#638,#636,#388,.T.);
#816=EDGE_CURVE('',#638,#639,#389,.T.);
#817=EDGE_CURVE('',#639,#637,#390,.T.);
#818=EDGE_CURVE('',#623,#638,#391,.T.);
#819=EDGE_CURVE('',#625,#639,#392,.T.);
#820=EDGE_CURVE('',#553,#640,#393,.T.);
#821=EDGE_CURVE('',#640,#641,#394,.T.);
#822=EDGE_CURVE('',#554,#641,#395,.T.);
#823=EDGE_CURVE('',#570,#642,#396,.T.);
#824=EDGE_CURVE('',#642,#640,#397,.T.);
#825=EDGE_CURVE('',#569,#643,#398,.T.);
#826=EDGE_CURVE('',#643,#642,#155,.T.);
#827=EDGE_CURVE('',#568,#644,#399,.T.);
#828=EDGE_CURVE('',#644,#643,#156,.T.);
#829=EDGE_CURVE('',#567,#645,#400,.T.);
#830=EDGE_CURVE('',#645,#644,#157,.T.);
#831=EDGE_CURVE('',#566,#646,#401,.T.);
#832=EDGE_CURVE('',#646,#645,#402,.T.);
#833=EDGE_CURVE('',#565,#647,#403,.T.);
#834=EDGE_CURVE('',#647,#646,#404,.T.);
#835=EDGE_CURVE('',#564,#648,#405,.T.);
#836=EDGE_CURVE('',#648,#647,#406,.T.);
#837=EDGE_CURVE('',#563,#649,#407,.T.);
#838=EDGE_CURVE('',#649,#648,#158,.T.);
#839=EDGE_CURVE('',#562,#650,#408,.T.);
#840=EDGE_CURVE('',#650,#649,#159,.T.);
#841=EDGE_CURVE('',#561,#651,#409,.T.);
#842=EDGE_CURVE('',#651,#650,#160,.T.);
#843=EDGE_CURVE('',#560,#652,#410,.T.);
#844=EDGE_CURVE('',#652,#651,#161,.T.);
#845=EDGE_CURVE('',#559,#653,#411,.T.);
#846=EDGE_CURVE('',#653,#652,#162,.T.);
#847=EDGE_CURVE('',#558,#654,#412,.T.);
#848=EDGE_CURVE('',#654,#653,#163,.T.);
#849=EDGE_CURVE('',#557,#655,#413,.T.);
#850=EDGE_CURVE('',#655,#654,#164,.T.);
#851=EDGE_CURVE('',#556,#656,#414,.T.);
#852=EDGE_CURVE('',#656,#655,#415,.T.);
#853=EDGE_CURVE('',#555,#657,#416,.T.);
#854=EDGE_CURVE('',#657,#656,#417,.T.);
#855=EDGE_CURVE('',#641,#657,#418,.T.);
#856=EDGE_CURVE('',#532,#658,#419,.T.);
#857=EDGE_CURVE('',#659,#658,#166,.T.);
#858=EDGE_CURVE('',#533,#659,#420,.T.);
#859=EDGE_CURVE('',#571,#659,#421,.T.);
#860=EDGE_CURVE('',#658,#527,#422,.T.);
#861=ORIENTED_EDGE('',*,*,#660,.T.);
#862=ORIENTED_EDGE('',*,*,#661,.T.);
#863=ORIENTED_EDGE('',*,*,#662,.T.);
#864=ORIENTED_EDGE('',*,*,#663,.T.);
#865=ORIENTED_EDGE('',*,*,#663,.F.);
#866=ORIENTED_EDGE('',*,*,#664,.T.);
#867=ORIENTED_EDGE('',*,*,#665,.F.);
#868=ORIENTED_EDGE('',*,*,#666,.F.);
#869=ORIENTED_EDGE('',*,*,#662,.F.);
#870=ORIENTED_EDGE('',*,*,#667,.F.);
#871=ORIENTED_EDGE('',*,*,#668,.T.);
#872=ORIENTED_EDGE('',*,*,#669,.F.);
#873=ORIENTED_EDGE('',*,*,#670,.F.);
#874=ORIENTED_EDGE('',*,*,#671,.F.);
#875=ORIENTED_EDGE('',*,*,#672,.F.);
#876=ORIENTED_EDGE('',*,*,#664,.F.);
#877=ORIENTED_EDGE('',*,*,#673,.T.);
#878=ORIENTED_EDGE('',*,*,#674,.T.);
#879=ORIENTED_EDGE('',*,*,#675,.T.);
#880=ORIENTED_EDGE('',*,*,#676,.T.);
#881=ORIENTED_EDGE('',*,*,#677,.T.);
#882=ORIENTED_EDGE('',*,*,#678,.T.);
#883=ORIENTED_EDGE('',*,*,#679,.T.);
#884=ORIENTED_EDGE('',*,*,#680,.T.);
#885=ORIENTED_EDGE('',*,*,#681,.T.);
#886=ORIENTED_EDGE('',*,*,#682,.T.);
#887=ORIENTED_EDGE('',*,*,#683,.T.);
#888=ORIENTED_EDGE('',*,*,#684,.T.);
#889=ORIENTED_EDGE('',*,*,#685,.T.);
#890=ORIENTED_EDGE('',*,*,#686,.T.);
#891=ORIENTED_EDGE('',*,*,#687,.T.);
#892=ORIENTED_EDGE('',*,*,#688,.T.);
#893=ORIENTED_EDGE('',*,*,#689,.T.);
#894=ORIENTED_EDGE('',*,*,#690,.T.);
#895=ORIENTED_EDGE('',*,*,#691,.T.);
#896=ORIENTED_EDGE('',*,*,#692,.T.);
#897=ORIENTED_EDGE('',*,*,#693,.T.);
#898=ORIENTED_EDGE('',*,*,#694,.T.);
#899=ORIENTED_EDGE('',*,*,#695,.T.);
#900=ORIENTED_EDGE('',*,*,#696,.T.);
#901=ORIENTED_EDGE('',*,*,#697,.T.);
#902=ORIENTED_EDGE('',*,*,#698,.T.);
#903=ORIENTED_EDGE('',*,*,#699,.T.);
#904=ORIENTED_EDGE('',*,*,#700,.T.);
#905=ORIENTED_EDGE('',*,*,#701,.T.);
#906=ORIENTED_EDGE('',*,*,#702,.T.);
#907=ORIENTED_EDGE('',*,*,#703,.T.);
#908=ORIENTED_EDGE('',*,*,#704,.T.);
#909=ORIENTED_EDGE('',*,*,#705,.T.);
#910=ORIENTED_EDGE('',*,*,#706,.T.);
#911=ORIENTED_EDGE('',*,*,#707,.T.);
#912=ORIENTED_EDGE('',*,*,#708,.T.);
#913=ORIENTED_EDGE('',*,*,#670,.T.);
#914=ORIENTED_EDGE('',*,*,#709,.T.);
#915=ORIENTED_EDGE('',*,*,#708,.F.);
#916=ORIENTED_EDGE('',*,*,#710,.F.);
#917=ORIENTED_EDGE('',*,*,#711,.F.);
#918=ORIENTED_EDGE('',*,*,#671,.T.);
#919=ORIENTED_EDGE('',*,*,#712,.T.);
#920=ORIENTED_EDGE('',*,*,#665,.T.);
#921=ORIENTED_EDGE('',*,*,#672,.T.);
#922=ORIENTED_EDGE('',*,*,#711,.T.);
#923=ORIENTED_EDGE('',*,*,#713,.F.);
#924=ORIENTED_EDGE('',*,*,#714,.T.);
#925=ORIENTED_EDGE('',*,*,#715,.T.);
#926=ORIENTED_EDGE('',*,*,#716,.F.);
#927=ORIENTED_EDGE('',*,*,#717,.F.);
#928=ORIENTED_EDGE('',*,*,#718,.T.);
#929=ORIENTED_EDGE('',*,*,#719,.T.);
#930=ORIENTED_EDGE('',*,*,#714,.F.);
#931=ORIENTED_EDGE('',*,*,#720,.F.);
#932=ORIENTED_EDGE('',*,*,#721,.T.);
#933=ORIENTED_EDGE('',*,*,#722,.T.);
#934=ORIENTED_EDGE('',*,*,#718,.F.);
#935=ORIENTED_EDGE('',*,*,#723,.F.);
#936=ORIENTED_EDGE('',*,*,#724,.T.);
#937=ORIENTED_EDGE('',*,*,#725,.T.);
#938=ORIENTED_EDGE('',*,*,#721,.F.);
#939=ORIENTED_EDGE('',*,*,#726,.F.);
#940=ORIENTED_EDGE('',*,*,#727,.T.);
#941=ORIENTED_EDGE('',*,*,#728,.T.);
#942=ORIENTED_EDGE('',*,*,#724,.F.);
#943=ORIENTED_EDGE('',*,*,#729,.F.);
#944=ORIENTED_EDGE('',*,*,#730,.T.);
#945=ORIENTED_EDGE('',*,*,#731,.T.);
#946=ORIENTED_EDGE('',*,*,#727,.F.);
#947=ORIENTED_EDGE('',*,*,#732,.F.);
#948=ORIENTED_EDGE('',*,*,#733,.T.);
#949=ORIENTED_EDGE('',*,*,#734,.T.);
#950=ORIENTED_EDGE('',*,*,#730,.F.);
#951=ORIENTED_EDGE('',*,*,#735,.F.);
#952=ORIENTED_EDGE('',*,*,#716,.T.);
#953=ORIENTED_EDGE('',*,*,#736,.T.);
#954=ORIENTED_EDGE('',*,*,#733,.F.);
#955=ORIENTED_EDGE('',*,*,#737,.F.);
#956=ORIENTED_EDGE('',*,*,#738,.T.);
#957=ORIENTED_EDGE('',*,*,#739,.T.);
#958=ORIENTED_EDGE('',*,*,#740,.F.);
#959=ORIENTED_EDGE('',*,*,#741,.F.);
#960=ORIENTED_EDGE('',*,*,#742,.T.);
#961=ORIENTED_EDGE('',*,*,#743,.T.);
#962=ORIENTED_EDGE('',*,*,#738,.F.);
#963=ORIENTED_EDGE('',*,*,#744,.F.);
#964=ORIENTED_EDGE('',*,*,#745,.T.);
#965=ORIENTED_EDGE('',*,*,#746,.T.);
#966=ORIENTED_EDGE('',*,*,#742,.F.);
#967=ORIENTED_EDGE('',*,*,#747,.F.);
#968=ORIENTED_EDGE('',*,*,#748,.T.);
#969=ORIENTED_EDGE('',*,*,#749,.T.);
#970=ORIENTED_EDGE('',*,*,#745,.F.);
#971=ORIENTED_EDGE('',*,*,#750,.F.);
#972=ORIENTED_EDGE('',*,*,#751,.T.);
#973=ORIENTED_EDGE('',*,*,#752,.T.);
#974=ORIENTED_EDGE('',*,*,#748,.F.);
#975=ORIENTED_EDGE('',*,*,#753,.F.);
#976=ORIENTED_EDGE('',*,*,#754,.T.);
#977=ORIENTED_EDGE('',*,*,#755,.T.);
#978=ORIENTED_EDGE('',*,*,#751,.F.);
#979=ORIENTED_EDGE('',*,*,#756,.F.);
#980=ORIENTED_EDGE('',*,*,#757,.T.);
#981=ORIENTED_EDGE('',*,*,#758,.T.);
#982=ORIENTED_EDGE('',*,*,#754,.F.);
#983=ORIENTED_EDGE('',*,*,#759,.F.);
#984=ORIENTED_EDGE('',*,*,#740,.T.);
#985=ORIENTED_EDGE('',*,*,#760,.T.);
#986=ORIENTED_EDGE('',*,*,#757,.F.);
#987=ORIENTED_EDGE('',*,*,#673,.F.);
#988=ORIENTED_EDGE('',*,*,#761,.T.);
#989=ORIENTED_EDGE('',*,*,#762,.T.);
#990=ORIENTED_EDGE('',*,*,#763,.F.);
#991=ORIENTED_EDGE('',*,*,#688,.F.);
#992=ORIENTED_EDGE('',*,*,#764,.T.);
#993=ORIENTED_EDGE('',*,*,#765,.T.);
#994=ORIENTED_EDGE('',*,*,#761,.F.);
#995=ORIENTED_EDGE('',*,*,#687,.F.);
#996=ORIENTED_EDGE('',*,*,#766,.T.);
#997=ORIENTED_EDGE('',*,*,#767,.T.);
#998=ORIENTED_EDGE('',*,*,#764,.F.);
#999=ORIENTED_EDGE('',*,*,#686,.F.);
#1000=ORIENTED_EDGE('',*,*,#768,.T.);
#1001=ORIENTED_EDGE('',*,*,#769,.T.);
#1002=ORIENTED_EDGE('',*,*,#766,.F.);
#1003=ORIENTED_EDGE('',*,*,#685,.F.);
#1004=ORIENTED_EDGE('',*,*,#770,.T.);
#1005=ORIENTED_EDGE('',*,*,#771,.T.);
#1006=ORIENTED_EDGE('',*,*,#768,.F.);
#1007=ORIENTED_EDGE('',*,*,#684,.F.);
#1008=ORIENTED_EDGE('',*,*,#772,.T.);
#1009=ORIENTED_EDGE('',*,*,#773,.T.);
#1010=ORIENTED_EDGE('',*,*,#770,.F.);
#1011=ORIENTED_EDGE('',*,*,#683,.F.);
#1012=ORIENTED_EDGE('',*,*,#774,.T.);
#1013=ORIENTED_EDGE('',*,*,#775,.T.);
#1014=ORIENTED_EDGE('',*,*,#772,.F.);
#1015=ORIENTED_EDGE('',*,*,#682,.F.);
#1016=ORIENTED_EDGE('',*,*,#776,.T.);
#1017=ORIENTED_EDGE('',*,*,#777,.T.);
#1018=ORIENTED_EDGE('',*,*,#774,.F.);
#1019=ORIENTED_EDGE('',*,*,#681,.F.);
#1020=ORIENTED_EDGE('',*,*,#778,.T.);
#1021=ORIENTED_EDGE('',*,*,#779,.T.);
#1022=ORIENTED_EDGE('',*,*,#776,.F.);
#1023=ORIENTED_EDGE('',*,*,#680,.F.);
#1024=ORIENTED_EDGE('',*,*,#780,.T.);
#1025=ORIENTED_EDGE('',*,*,#781,.T.);
#1026=ORIENTED_EDGE('',*,*,#778,.F.);
#1027=ORIENTED_EDGE('',*,*,#679,.F.);
#1028=ORIENTED_EDGE('',*,*,#782,.T.);
#1029=ORIENTED_EDGE('',*,*,#783,.T.);
#1030=ORIENTED_EDGE('',*,*,#780,.F.);
#1031=ORIENTED_EDGE('',*,*,#678,.F.);
#1032=ORIENTED_EDGE('',*,*,#784,.T.);
#1033=ORIENTED_EDGE('',*,*,#785,.T.);
#1034=ORIENTED_EDGE('',*,*,#782,.F.);
#1035=ORIENTED_EDGE('',*,*,#677,.F.);
#1036=ORIENTED_EDGE('',*,*,#786,.T.);
#1037=ORIENTED_EDGE('',*,*,#787,.T.);
#1038=ORIENTED_EDGE('',*,*,#784,.F.);
#1039=ORIENTED_EDGE('',*,*,#676,.F.);
#1040=ORIENTED_EDGE('',*,*,#788,.T.);
#1041=ORIENTED_EDGE('',*,*,#789,.T.);
#1042=ORIENTED_EDGE('',*,*,#786,.F.);
#1043=ORIENTED_EDGE('',*,*,#675,.F.);
#1044=ORIENTED_EDGE('',*,*,#790,.T.);
#1045=ORIENTED_EDGE('',*,*,#791,.T.);
#1046=ORIENTED_EDGE('',*,*,#788,.F.);
#1047=ORIENTED_EDGE('',*,*,#674,.F.);
#1048=ORIENTED_EDGE('',*,*,#763,.T.);
#1049=ORIENTED_EDGE('',*,*,#792,.T.);
#1050=ORIENTED_EDGE('',*,*,#790,.F.);
#1051=ORIENTED_EDGE('',*,*,#792,.F.);
#1052=ORIENTED_EDGE('',*,*,#762,.F.);
#1053=ORIENTED_EDGE('',*,*,#765,.F.);
#1054=ORIENTED_EDGE('',*,*,#767,.F.);
#1055=ORIENTED_EDGE('',*,*,#769,.F.);
#1056=ORIENTED_EDGE('',*,*,#771,.F.);
#1057=ORIENTED_EDGE('',*,*,#773,.F.);
#1058=ORIENTED_EDGE('',*,*,#775,.F.);
#1059=ORIENTED_EDGE('',*,*,#777,.F.);
#1060=ORIENTED_EDGE('',*,*,#779,.F.);
#1061=ORIENTED_EDGE('',*,*,#781,.F.);
#1062=ORIENTED_EDGE('',*,*,#783,.F.);
#1063=ORIENTED_EDGE('',*,*,#785,.F.);
#1064=ORIENTED_EDGE('',*,*,#787,.F.);
#1065=ORIENTED_EDGE('',*,*,#789,.F.);
#1066=ORIENTED_EDGE('',*,*,#791,.F.);
#1067=ORIENTED_EDGE('',*,*,#760,.F.);
#1068=ORIENTED_EDGE('',*,*,#739,.F.);
#1069=ORIENTED_EDGE('',*,*,#743,.F.);
#1070=ORIENTED_EDGE('',*,*,#746,.F.);
#1071=ORIENTED_EDGE('',*,*,#749,.F.);
#1072=ORIENTED_EDGE('',*,*,#752,.F.);
#1073=ORIENTED_EDGE('',*,*,#755,.F.);
#1074=ORIENTED_EDGE('',*,*,#758,.F.);
#1075=ORIENTED_EDGE('',*,*,#736,.F.);
#1076=ORIENTED_EDGE('',*,*,#715,.F.);
#1077=ORIENTED_EDGE('',*,*,#719,.F.);
#1078=ORIENTED_EDGE('',*,*,#722,.F.);
#1079=ORIENTED_EDGE('',*,*,#725,.F.);
#1080=ORIENTED_EDGE('',*,*,#728,.F.);
#1081=ORIENTED_EDGE('',*,*,#731,.F.);
#1082=ORIENTED_EDGE('',*,*,#734,.F.);
#1083=ORIENTED_EDGE('',*,*,#793,.F.);
#1084=ORIENTED_EDGE('',*,*,#794,.T.);
#1085=ORIENTED_EDGE('',*,*,#795,.T.);
#1086=ORIENTED_EDGE('',*,*,#796,.F.);
#1087=ORIENTED_EDGE('',*,*,#797,.F.);
#1088=ORIENTED_EDGE('',*,*,#798,.T.);
#1089=ORIENTED_EDGE('',*,*,#799,.T.);
#1090=ORIENTED_EDGE('',*,*,#794,.F.);
#1091=ORIENTED_EDGE('',*,*,#800,.F.);
#1092=ORIENTED_EDGE('',*,*,#801,.T.);
#1093=ORIENTED_EDGE('',*,*,#802,.T.);
#1094=ORIENTED_EDGE('',*,*,#798,.F.);
#1095=ORIENTED_EDGE('',*,*,#803,.F.);
#1096=ORIENTED_EDGE('',*,*,#804,.T.);
#1097=ORIENTED_EDGE('',*,*,#805,.T.);
#1098=ORIENTED_EDGE('',*,*,#801,.F.);
#1099=ORIENTED_EDGE('',*,*,#806,.F.);
#1100=ORIENTED_EDGE('',*,*,#807,.T.);
#1101=ORIENTED_EDGE('',*,*,#808,.T.);
#1102=ORIENTED_EDGE('',*,*,#804,.F.);
#1103=ORIENTED_EDGE('',*,*,#809,.F.);
#1104=ORIENTED_EDGE('',*,*,#810,.T.);
#1105=ORIENTED_EDGE('',*,*,#811,.T.);
#1106=ORIENTED_EDGE('',*,*,#807,.F.);
#1107=ORIENTED_EDGE('',*,*,#812,.F.);
#1108=ORIENTED_EDGE('',*,*,#813,.T.);
#1109=ORIENTED_EDGE('',*,*,#814,.T.);
#1110=ORIENTED_EDGE('',*,*,#810,.F.);
#1111=ORIENTED_EDGE('',*,*,#815,.F.);
#1112=ORIENTED_EDGE('',*,*,#816,.T.);
#1113=ORIENTED_EDGE('',*,*,#817,.T.);
#1114=ORIENTED_EDGE('',*,*,#813,.F.);
#1115=ORIENTED_EDGE('',*,*,#818,.F.);
#1116=ORIENTED_EDGE('',*,*,#796,.T.);
#1117=ORIENTED_EDGE('',*,*,#819,.T.);
#1118=ORIENTED_EDGE('',*,*,#816,.F.);
#1119=ORIENTED_EDGE('',*,*,#689,.F.);
#1120=ORIENTED_EDGE('',*,*,#820,.T.);
#1121=ORIENTED_EDGE('',*,*,#821,.T.);
#1122=ORIENTED_EDGE('',*,*,#822,.F.);
#1123=ORIENTED_EDGE('',*,*,#706,.F.);
#1124=ORIENTED_EDGE('',*,*,#823,.T.);
#1125=ORIENTED_EDGE('',*,*,#824,.T.);
#1126=ORIENTED_EDGE('',*,*,#820,.F.);
#1127=ORIENTED_EDGE('',*,*,#705,.F.);
#1128=ORIENTED_EDGE('',*,*,#825,.T.);
#1129=ORIENTED_EDGE('',*,*,#826,.T.);
#1130=ORIENTED_EDGE('',*,*,#823,.F.);
#1131=ORIENTED_EDGE('',*,*,#704,.F.);
#1132=ORIENTED_EDGE('',*,*,#827,.T.);
#1133=ORIENTED_EDGE('',*,*,#828,.T.);
#1134=ORIENTED_EDGE('',*,*,#825,.F.);
#1135=ORIENTED_EDGE('',*,*,#703,.F.);
#1136=ORIENTED_EDGE('',*,*,#829,.T.);
#1137=ORIENTED_EDGE('',*,*,#830,.T.);
#1138=ORIENTED_EDGE('',*,*,#827,.F.);
#1139=ORIENTED_EDGE('',*,*,#702,.F.);
#1140=ORIENTED_EDGE('',*,*,#831,.T.);
#1141=ORIENTED_EDGE('',*,*,#832,.T.);
#1142=ORIENTED_EDGE('',*,*,#829,.F.);
#1143=ORIENTED_EDGE('',*,*,#701,.F.);
#1144=ORIENTED_EDGE('',*,*,#833,.T.);
#1145=ORIENTED_EDGE('',*,*,#834,.T.);
#1146=ORIENTED_EDGE('',*,*,#831,.F.);
#1147=ORIENTED_EDGE('',*,*,#700,.F.);
#1148=ORIENTED_EDGE('',*,*,#835,.T.);
#1149=ORIENTED_EDGE('',*,*,#836,.T.);
#1150=ORIENTED_EDGE('',*,*,#833,.F.);
#1151=ORIENTED_EDGE('',*,*,#699,.F.);
#1152=ORIENTED_EDGE('',*,*,#837,.T.);
#1153=ORIENTED_EDGE('',*,*,#838,.T.);
#1154=ORIENTED_EDGE('',*,*,#835,.F.);
#1155=ORIENTED_EDGE('',*,*,#698,.F.);
#1156=ORIENTED_EDGE('',*,*,#839,.T.);
#1157=ORIENTED_EDGE('',*,*,#840,.T.);
#1158=ORIENTED_EDGE('',*,*,#837,.F.);
#1159=ORIENTED_EDGE('',*,*,#697,.F.);
#1160=ORIENTED_EDGE('',*,*,#841,.T.);
#1161=ORIENTED_EDGE('',*,*,#842,.T.);
#1162=ORIENTED_EDGE('',*,*,#839,.F.);
#1163=ORIENTED_EDGE('',*,*,#696,.F.);
#1164=ORIENTED_EDGE('',*,*,#843,.T.);
#1165=ORIENTED_EDGE('',*,*,#844,.T.);
#1166=ORIENTED_EDGE('',*,*,#841,.F.);
#1167=ORIENTED_EDGE('',*,*,#695,.F.);
#1168=ORIENTED_EDGE('',*,*,#845,.T.);
#1169=ORIENTED_EDGE('',*,*,#846,.T.);
#1170=ORIENTED_EDGE('',*,*,#843,.F.);
#1171=ORIENTED_EDGE('',*,*,#694,.F.);
#1172=ORIENTED_EDGE('',*,*,#847,.T.);
#1173=ORIENTED_EDGE('',*,*,#848,.T.);
#1174=ORIENTED_EDGE('',*,*,#845,.F.);
#1175=ORIENTED_EDGE('',*,*,#693,.F.);
#1176=ORIENTED_EDGE('',*,*,#849,.T.);
#1177=ORIENTED_EDGE('',*,*,#850,.T.);
#1178=ORIENTED_EDGE('',*,*,#847,.F.);
#1179=ORIENTED_EDGE('',*,*,#692,.F.);
#1180=ORIENTED_EDGE('',*,*,#851,.T.);
#1181=ORIENTED_EDGE('',*,*,#852,.T.);
#1182=ORIENTED_EDGE('',*,*,#849,.F.);
#1183=ORIENTED_EDGE('',*,*,#691,.F.);
#1184=ORIENTED_EDGE('',*,*,#853,.T.);
#1185=ORIENTED_EDGE('',*,*,#854,.T.);
#1186=ORIENTED_EDGE('',*,*,#851,.F.);
#1187=ORIENTED_EDGE('',*,*,#690,.F.);
#1188=ORIENTED_EDGE('',*,*,#822,.T.);
#1189=ORIENTED_EDGE('',*,*,#855,.T.);
#1190=ORIENTED_EDGE('',*,*,#853,.F.);
#1191=ORIENTED_EDGE('',*,*,#855,.F.);
#1192=ORIENTED_EDGE('',*,*,#821,.F.);
#1193=ORIENTED_EDGE('',*,*,#824,.F.);
#1194=ORIENTED_EDGE('',*,*,#826,.F.);
#1195=ORIENTED_EDGE('',*,*,#828,.F.);
#1196=ORIENTED_EDGE('',*,*,#830,.F.);
#1197=ORIENTED_EDGE('',*,*,#832,.F.);
#1198=ORIENTED_EDGE('',*,*,#834,.F.);
#1199=ORIENTED_EDGE('',*,*,#836,.F.);
#1200=ORIENTED_EDGE('',*,*,#838,.F.);
#1201=ORIENTED_EDGE('',*,*,#840,.F.);
#1202=ORIENTED_EDGE('',*,*,#842,.F.);
#1203=ORIENTED_EDGE('',*,*,#844,.F.);
#1204=ORIENTED_EDGE('',*,*,#846,.F.);
#1205=ORIENTED_EDGE('',*,*,#848,.F.);
#1206=ORIENTED_EDGE('',*,*,#850,.F.);
#1207=ORIENTED_EDGE('',*,*,#852,.F.);
#1208=ORIENTED_EDGE('',*,*,#854,.F.);
#1209=ORIENTED_EDGE('',*,*,#819,.F.);
#1210=ORIENTED_EDGE('',*,*,#795,.F.);
#1211=ORIENTED_EDGE('',*,*,#799,.F.);
#1212=ORIENTED_EDGE('',*,*,#802,.F.);
#1213=ORIENTED_EDGE('',*,*,#805,.F.);
#1214=ORIENTED_EDGE('',*,*,#808,.F.);
#1215=ORIENTED_EDGE('',*,*,#811,.F.);
#1216=ORIENTED_EDGE('',*,*,#814,.F.);
#1217=ORIENTED_EDGE('',*,*,#817,.F.);
#1218=ORIENTED_EDGE('',*,*,#793,.T.);
#1219=ORIENTED_EDGE('',*,*,#818,.T.);
#1220=ORIENTED_EDGE('',*,*,#815,.T.);
#1221=ORIENTED_EDGE('',*,*,#812,.T.);
#1222=ORIENTED_EDGE('',*,*,#809,.T.);
#1223=ORIENTED_EDGE('',*,*,#806,.T.);
#1224=ORIENTED_EDGE('',*,*,#803,.T.);
#1225=ORIENTED_EDGE('',*,*,#800,.T.);
#1226=ORIENTED_EDGE('',*,*,#797,.T.);
#1227=ORIENTED_EDGE('',*,*,#737,.T.);
#1228=ORIENTED_EDGE('',*,*,#759,.T.);
#1229=ORIENTED_EDGE('',*,*,#756,.T.);
#1230=ORIENTED_EDGE('',*,*,#753,.T.);
#1231=ORIENTED_EDGE('',*,*,#750,.T.);
#1232=ORIENTED_EDGE('',*,*,#747,.T.);
#1233=ORIENTED_EDGE('',*,*,#744,.T.);
#1234=ORIENTED_EDGE('',*,*,#741,.T.);
#1235=ORIENTED_EDGE('',*,*,#668,.F.);
#1236=ORIENTED_EDGE('',*,*,#856,.T.);
#1237=ORIENTED_EDGE('',*,*,#857,.F.);
#1238=ORIENTED_EDGE('',*,*,#858,.F.);
#1239=ORIENTED_EDGE('',*,*,#709,.F.);
#1240=ORIENTED_EDGE('',*,*,#669,.T.);
#1241=ORIENTED_EDGE('',*,*,#858,.T.);
#1242=ORIENTED_EDGE('',*,*,#859,.F.);
#1243=ORIENTED_EDGE('',*,*,#661,.F.);
#1244=ORIENTED_EDGE('',*,*,#860,.F.);
#1245=ORIENTED_EDGE('',*,*,#856,.F.);
#1246=ORIENTED_EDGE('',*,*,#667,.T.);
#1247=ORIENTED_EDGE('',*,*,#713,.T.);
#1248=ORIENTED_EDGE('',*,*,#735,.T.);
#1249=ORIENTED_EDGE('',*,*,#732,.T.);
#1250=ORIENTED_EDGE('',*,*,#729,.T.);
#1251=ORIENTED_EDGE('',*,*,#726,.T.);
#1252=ORIENTED_EDGE('',*,*,#723,.T.);
#1253=ORIENTED_EDGE('',*,*,#720,.T.);
#1254=ORIENTED_EDGE('',*,*,#717,.T.);
#1255=ORIENTED_EDGE('',*,*,#660,.F.);
#1256=ORIENTED_EDGE('',*,*,#666,.T.);
#1257=ORIENTED_EDGE('',*,*,#712,.F.);
#1258=ORIENTED_EDGE('',*,*,#710,.T.);
#1259=ORIENTED_EDGE('',*,*,#707,.F.);
#1260=ORIENTED_EDGE('',*,*,#859,.T.);
#1261=ORIENTED_EDGE('',*,*,#857,.T.);
#1262=ORIENTED_EDGE('',*,*,#860,.T.);
#1263=PLANE('',#1376);
#1264=PLANE('',#1377);
#1265=PLANE('',#1378);
#1266=PLANE('',#1380);
#1267=PLANE('',#1381);
#1268=PLANE('',#1382);
#1269=PLANE('',#1383);
#1270=PLANE('',#1384);
#1271=PLANE('',#1385);
#1272=PLANE('',#1386);
#1273=PLANE('',#1387);
#1274=PLANE('',#1388);
#1275=PLANE('',#1389);
#1276=PLANE('',#1390);
#1277=PLANE('',#1391);
#1278=PLANE('',#1392);
#1279=PLANE('',#1393);
#1280=PLANE('',#1394);
#1281=PLANE('',#1395);
#1282=PLANE('',#1396);
#1283=PLANE('',#1397);
#1284=PLANE('',#1400);
#1285=PLANE('',#1401);
#1286=PLANE('',#1402);
#1287=PLANE('',#1403);
#1288=ADVANCED_FACE('',(#167),#1263,.T.);
#1289=ADVANCED_FACE('',(#168),#1264,.T.);
#1290=ADVANCED_FACE('',(#169,#64,#65),#1265,.T.);
#1291=ADVANCED_FACE('',(#170),#1266,.T.);
#1292=ADVANCED_FACE('',(#171),#1267,.T.);
#1293=ADVANCED_FACE('',(#172),#1268,.T.);
#1294=ADVANCED_FACE('',(#173),#16,.F.);
#1295=ADVANCED_FACE('',(#174),#17,.F.);
#1296=ADVANCED_FACE('',(#175),#18,.F.);
#1297=ADVANCED_FACE('',(#176),#19,.F.);
#1298=ADVANCED_FACE('',(#177),#20,.F.);
#1299=ADVANCED_FACE('',(#178),#21,.F.);
#1300=ADVANCED_FACE('',(#179),#22,.F.);
#1301=ADVANCED_FACE('',(#180),#23,.F.);
#1302=ADVANCED_FACE('',(#181),#24,.F.);
#1303=ADVANCED_FACE('',(#182),#25,.F.);
#1304=ADVANCED_FACE('',(#183),#26,.F.);
#1305=ADVANCED_FACE('',(#184),#27,.F.);
#1306=ADVANCED_FACE('',(#185),#28,.F.);
#1307=ADVANCED_FACE('',(#186),#29,.F.);
#1308=ADVANCED_FACE('',(#187),#30,.F.);
#1309=ADVANCED_FACE('',(#188),#31,.F.);
#1310=ADVANCED_FACE('',(#189),#32,.F.);
#1311=ADVANCED_FACE('',(#190),#33,.F.);
#1312=ADVANCED_FACE('',(#191),#34,.F.);
#1313=ADVANCED_FACE('',(#192),#35,.F.);
#1314=ADVANCED_FACE('',(#193),#36,.F.);
#1315=ADVANCED_FACE('',(#194),#37,.F.);
#1316=ADVANCED_FACE('',(#195),#38,.F.);
#1317=ADVANCED_FACE('',(#196),#39,.F.);
#1318=ADVANCED_FACE('',(#197),#40,.F.);
#1319=ADVANCED_FACE('',(#198),#41,.F.);
#1320=ADVANCED_FACE('',(#199),#42,.F.);
#1321=ADVANCED_FACE('',(#200),#43,.F.);
#1322=ADVANCED_FACE('',(#201),#44,.F.);
#1323=ADVANCED_FACE('',(#202),#45,.F.);
#1324=ADVANCED_FACE('',(#203),#46,.F.);
#1325=ADVANCED_FACE('',(#204),#47,.F.);
#1326=ADVANCED_FACE('',(#205,#66,#67),#1269,.T.);
#1327=ADVANCED_FACE('',(#206),#1270,.F.);
#1328=ADVANCED_FACE('',(#207),#48,.F.);
#1329=ADVANCED_FACE('',(#208),#49,.F.);
#1330=ADVANCED_FACE('',(#209),#50,.F.);
#1331=ADVANCED_FACE('',(#210),#51,.F.);
#1332=ADVANCED_FACE('',(#211),#52,.F.);
#1333=ADVANCED_FACE('',(#212),#53,.F.);
#1334=ADVANCED_FACE('',(#213),#1271,.F.);
#1335=ADVANCED_FACE('',(#214),#1272,.F.);
#1336=ADVANCED_FACE('',(#215),#1273,.F.);
#1337=ADVANCED_FACE('',(#216),#1274,.F.);
#1338=ADVANCED_FACE('',(#217),#54,.F.);
#1339=ADVANCED_FACE('',(#218),#55,.F.);
#1340=ADVANCED_FACE('',(#219),#56,.F.);
#1341=ADVANCED_FACE('',(#220),#1275,.F.);
#1342=ADVANCED_FACE('',(#221),#1276,.F.);
#1343=ADVANCED_FACE('',(#222),#1277,.F.);
#1344=ADVANCED_FACE('',(#223),#57,.F.);
#1345=ADVANCED_FACE('',(#224),#58,.F.);
#1346=ADVANCED_FACE('',(#225),#59,.F.);
#1347=ADVANCED_FACE('',(#226),#60,.F.);
#1348=ADVANCED_FACE('',(#227),#61,.F.);
#1349=ADVANCED_FACE('',(#228),#62,.F.);
#1350=ADVANCED_FACE('',(#229),#63,.F.);
#1351=ADVANCED_FACE('',(#230),#1278,.F.);
#1352=ADVANCED_FACE('',(#231),#1279,.F.);
#1353=ADVANCED_FACE('',(#232),#1280,.F.);
#1354=ADVANCED_FACE('',(#233,#68),#1281,.T.);
#1355=ADVANCED_FACE('',(#234),#1282,.T.);
#1356=ADVANCED_FACE('',(#235),#1283,.T.);
#1357=ADVANCED_FACE('',(#236),#15,.T.);
#1358=ADVANCED_FACE('',(#237),#1284,.T.);
#1359=ADVANCED_FACE('',(#238),#1285,.T.);
#1360=ADVANCED_FACE('',(#239),#1286,.T.);
#1361=ADVANCED_FACE('',(#240),#1287,.F.);
#1362=CLOSED_SHELL('',(#1288,#1289,#1290,#1291,#1292,#1293,#1294,#1295,
#1296,#1297,#1298,#1299,#1300,#1301,#1302,#1303,#1304,#1305,#1306,#1307,
#1308,#1309,#1310,#1311,#1312,#1313,#1314,#1315,#1316,#1317,#1318,#1319,
#1320,#1321,#1322,#1323,#1324,#1325,#1326,#1327,#1328,#1329,#1330,#1331,
#1332,#1333,#1334,#1335,#1336,#1337,#1338,#1339,#1340,#1341,#1342,#1343,
#1344,#1345,#1346,#1347,#1348,#1349,#1350,#1351,#1352,#1353,#1354,#1355,
#1356,#1357,#1358,#1359,#1360,#1361));
#1363=DERIVED_UNIT_ELEMENT(#1365,1.);
#1364=DERIVED_UNIT_ELEMENT(#2796,-3.);
#1365=(
MASS_UNIT()
NAMED_UNIT(*)
SI_UNIT(.KILO.,.GRAM.)
);
#1366=DERIVED_UNIT((#1363,#1364));
#1367=MEASURE_REPRESENTATION_ITEM('density measure',
POSITIVE_RATIO_MEASURE(7850.),#1366);
#1368=PROPERTY_DEFINITION_REPRESENTATION(#1373,#1370);
#1369=PROPERTY_DEFINITION_REPRESENTATION(#1374,#1371);
#1370=REPRESENTATION('material name',(#1372),#2793);
#1371=REPRESENTATION('density',(#1367),#2793);
#1372=DESCRIPTIVE_REPRESENTATION_ITEM('Steel','Steel');
#1373=PROPERTY_DEFINITION('material property','material name',#2803);
#1374=PROPERTY_DEFINITION('material property','density of part',#2803);
#1375=AXIS2_PLACEMENT_3D('',#1565,#1404,#1405);
#1376=AXIS2_PLACEMENT_3D('',#1566,#1406,#1407);
#1377=AXIS2_PLACEMENT_3D('',#1575,#1412,#1413);
#1378=AXIS2_PLACEMENT_3D('',#1581,#1417,#1418);
#1379=AXIS2_PLACEMENT_3D('',#1585,#1420,#1421);
#1380=AXIS2_PLACEMENT_3D('',#1765,#1434,#1435);
#1381=AXIS2_PLACEMENT_3D('',#1771,#1439,#1440);
#1382=AXIS2_PLACEMENT_3D('',#1775,#1443,#1444);
#1383=AXIS2_PLACEMENT_3D('',#2417,#1478,#1479);
#1384=AXIS2_PLACEMENT_3D('',#2418,#1480,#1481);
#1385=AXIS2_PLACEMENT_3D('',#2565,#1492,#1493);
#1386=AXIS2_PLACEMENT_3D('',#2571,#1497,#1498);
#1387=AXIS2_PLACEMENT_3D('',#2574,#1501,#1502);
#1388=AXIS2_PLACEMENT_3D('',#2580,#1506,#1507);
#1389=AXIS2_PLACEMENT_3D('',#2635,#1513,#1514);
#1390=AXIS2_PLACEMENT_3D('',#2639,#1517,#1518);
#1391=AXIS2_PLACEMENT_3D('',#2643,#1521,#1522);
#1392=AXIS2_PLACEMENT_3D('',#2766,#1532,#1533);
#1393=AXIS2_PLACEMENT_3D('',#2770,#1536,#1537);
#1394=AXIS2_PLACEMENT_3D('',#2774,#1540,#1541);
#1395=AXIS2_PLACEMENT_3D('',#2776,#1543,#1544);
#1396=AXIS2_PLACEMENT_3D('',#2777,#1545,#1546);
#1397=AXIS2_PLACEMENT_3D('',#2778,#1547,#1548);
#1398=AXIS2_PLACEMENT_3D('',#2779,#1549,#1550);
#1399=AXIS2_PLACEMENT_3D('',#2783,#1552,#1553);
#1400=AXIS2_PLACEMENT_3D('',#2785,#1555,#1556);
#1401=AXIS2_PLACEMENT_3D('',#2787,#1558,#1559);
#1402=AXIS2_PLACEMENT_3D('',#2789,#1561,#1562);
#1403=AXIS2_PLACEMENT_3D('',#2790,#1563,#1564);
#1404=DIRECTION('axis',(0.,0.,1.));
#1405=DIRECTION('refdir',(1.,0.,0.));
#1406=DIRECTION('center_axis',(0.707106781186546,0.707106781186549,0.));
#1407=DIRECTION('ref_axis',(0.,0.,-1.));
#1408=DIRECTION('',(-0.707106781186549,0.707106781186546,0.));
#1409=DIRECTION('',(0.,0.,1.));
#1410=DIRECTION('',(0.707106781186549,-0.707106781186546,0.));
#1411=DIRECTION('',(0.,0.,-1.));
#1412=DIRECTION('center_axis',(1.,0.,0.));
#1413=DIRECTION('ref_axis',(0.,-1.,0.));
#1414=DIRECTION('',(0.,-1.,0.));
#1415=DIRECTION('',(0.,0.,1.));
#1416=DIRECTION('',(0.,-1.,0.));
#1417=DIRECTION('center_axis',(0.,0.,1.));
#1418=DIRECTION('ref_axis',(1.,0.,0.));
#1419=DIRECTION('',(1.,0.,0.));
#1420=DIRECTION('center_axis',(0.,0.,1.));
#1421=DIRECTION('ref_axis',(0.,1.,0.));
#1422=DIRECTION('',(0.,1.,0.));
#1423=DIRECTION('',(-0.707106781186548,0.707106781186547,0.));
#1424=DIRECTION('',(-1.,0.,0.));
#1425=DIRECTION('',(-0.707106781186547,-0.707106781186548,0.));
#1426=DIRECTION('',(-0.00362015454037838,-0.999993447219082,0.));
#1427=DIRECTION('',(-0.999993447219082,0.00362015454037839,0.));
#1428=DIRECTION('',(0.00362015454037841,0.999993447219082,0.));
#1429=DIRECTION('',(0.999993447219082,-0.00362015454037848,0.));
#1430=DIRECTION('',(0.52745952721964,-0.84958015934062,0.));
#1431=DIRECTION('',(-0.999993447219082,0.00362015454037869,0.));
#1432=DIRECTION('',(-0.554090951440179,0.832456135500314,0.));
#1433=DIRECTION('',(-0.999993447219082,0.003620154540377,0.));
#1434=DIRECTION('center_axis',(-0.707106781186547,-0.707106781186548,0.));
#1435=DIRECTION('ref_axis',(0.,0.,1.));
#1436=DIRECTION('',(0.707106781186548,-0.707106781186547,0.));
#1437=DIRECTION('',(0.,0.,1.));
#1438=DIRECTION('',(0.,0.,-1.));
#1439=DIRECTION('center_axis',(0.,-1.,0.));
#1440=DIRECTION('ref_axis',(-1.,0.,0.));
#1441=DIRECTION('',(-1.,0.,0.));
#1442=DIRECTION('',(0.,0.,-1.));
#1443=DIRECTION('center_axis',(0.707106781186548,-0.707106781186547,0.));
#1444=DIRECTION('ref_axis',(0.,0.,-1.));
#1445=DIRECTION('',(0.707106781186547,0.707106781186548,0.));
#1446=DIRECTION('',(0.,0.,-1.));
#1447=DIRECTION('',(0.,0.,-1.));
#1448=DIRECTION('',(0.,0.,-1.));
#1449=DIRECTION('',(0.,0.,-1.));
#1450=DIRECTION('',(0.,0.,-1.));
#1451=DIRECTION('',(0.,0.,-1.));
#1452=DIRECTION('',(0.,0.,-1.));
#1453=DIRECTION('',(0.,0.,-1.));
#1454=DIRECTION('',(0.,0.,-1.));
#1455=DIRECTION('',(0.,0.,-1.));
#1456=DIRECTION('',(0.,0.,-1.));
#1457=DIRECTION('',(0.,0.,-1.));
#1458=DIRECTION('',(0.,0.,-1.));
#1459=DIRECTION('',(0.,0.,-1.));
#1460=DIRECTION('',(0.,0.,-1.));
#1461=DIRECTION('',(0.,0.,-1.));
#1462=DIRECTION('',(0.,0.,-1.));
#1463=DIRECTION('',(0.,0.,-1.));
#1464=DIRECTION('',(0.,0.,-1.));
#1465=DIRECTION('',(0.,0.,-1.));
#1466=DIRECTION('',(0.,0.,-1.));
#1467=DIRECTION('',(0.,0.,-1.));
#1468=DIRECTION('',(0.,0.,-1.));
#1469=DIRECTION('',(0.,0.,-1.));
#1470=DIRECTION('',(0.,0.,-1.));
#1471=DIRECTION('',(0.,0.,-1.));
#1472=DIRECTION('',(0.,0.,-1.));
#1473=DIRECTION('',(0.,0.,-1.));
#1474=DIRECTION('',(0.,0.,-1.));
#1475=DIRECTION('',(0.,0.,-1.));
#1476=DIRECTION('',(0.,0.,-1.));
#1477=DIRECTION('',(0.,0.,-1.));
#1478=DIRECTION('center_axis',(0.,0.,1.));
#1479=DIRECTION('ref_axis',(1.,0.,0.));
#1480=DIRECTION('center_axis',(-0.0036201545403791,-0.999993447219082,0.));
#1481=DIRECTION('ref_axis',(-0.999993447219082,0.0036201545403791,0.));
#1482=DIRECTION('',(-0.999993447219082,0.0036201545403791,0.));
#1483=DIRECTION('',(0.,0.,-1.));
#1484=DIRECTION('',(-0.999993447219082,0.0036201545403791,0.));
#1485=DIRECTION('',(0.,0.,-1.));
#1486=DIRECTION('',(0.,0.,-1.));
#1487=DIRECTION('',(0.,0.,-1.));
#1488=DIRECTION('',(0.,0.,-1.));
#1489=DIRECTION('',(0.,0.,-1.));
#1490=DIRECTION('',(0.,0.,-1.));
#1491=DIRECTION('',(0.,0.,-1.));
#1492=DIRECTION('center_axis',(0.00362015454037866,0.999993447219082,0.));
#1493=DIRECTION('ref_axis',(0.999993447219082,-0.00362015454037866,0.));
#1494=DIRECTION('',(0.999993447219082,-0.00362015454037866,0.));
#1495=DIRECTION('',(0.,0.,-1.));
#1496=DIRECTION('',(0.999993447219082,-0.00362015454037866,0.));
#1497=DIRECTION('center_axis',(0.999993447219082,-0.00362015454037793,0.));
#1498=DIRECTION('ref_axis',(-0.00362015454037793,-0.999993447219082,0.));
#1499=DIRECTION('',(-0.00362015454037793,-0.999993447219082,0.));
#1500=DIRECTION('',(-0.00362015454037793,-0.999993447219082,0.));
#1501=DIRECTION('center_axis',(0.999993447219082,-0.00362015454037838,0.));
#1502=DIRECTION('ref_axis',(-0.00362015454037838,-0.999993447219082,0.));
#1503=DIRECTION('',(0.,0.,-1.));
#1504=DIRECTION('',(-0.00362015454037838,-0.999993447219082,0.));
#1505=DIRECTION('',(0.,0.,-1.));
#1506=DIRECTION('center_axis',(-0.003620154540377,-0.999993447219082,0.));
#1507=DIRECTION('ref_axis',(-0.999993447219082,0.003620154540377,0.));
#1508=DIRECTION('',(0.,0.,-1.));
#1509=DIRECTION('',(-0.999993447219082,0.003620154540377,0.));
#1510=DIRECTION('',(0.,0.,-1.));
#1511=DIRECTION('',(0.,0.,-1.));
#1512=DIRECTION('',(0.,0.,-1.));
#1513=DIRECTION('center_axis',(-0.832456135500314,-0.554090951440179,0.));
#1514=DIRECTION('ref_axis',(-0.554090951440179,0.832456135500314,0.));
#1515=DIRECTION('',(0.,0.,-1.));
#1516=DIRECTION('',(-0.554090951440179,0.832456135500314,0.));
#1517=DIRECTION('center_axis',(-0.00362015454037869,-0.999993447219082,
0.));
#1518=DIRECTION('ref_axis',(-0.999993447219082,0.00362015454037869,0.));
#1519=DIRECTION('',(0.,0.,-1.));
#1520=DIRECTION('',(-0.999993447219082,0.00362015454037869,0.));
#1521=DIRECTION('center_axis',(0.84958015934062,0.52745952721964,0.));
#1522=DIRECTION('ref_axis',(0.52745952721964,-0.84958015934062,0.));
#1523=DIRECTION('',(0.,0.,-1.));
#1524=DIRECTION('',(0.52745952721964,-0.84958015934062,0.));
#1525=DIRECTION('',(0.,0.,-1.));
#1526=DIRECTION('',(0.,0.,-1.));
#1527=DIRECTION('',(0.,0.,-1.));
#1528=DIRECTION('',(0.,0.,-1.));
#1529=DIRECTION('',(0.,0.,-1.));
#1530=DIRECTION('',(0.,0.,-1.));
#1531=DIRECTION('',(0.,0.,-1.));
#1532=DIRECTION('center_axis',(0.00362015454037848,0.999993447219082,0.));
#1533=DIRECTION('ref_axis',(0.999993447219082,-0.00362015454037848,0.));
#1534=DIRECTION('',(0.,0.,-1.));
#1535=DIRECTION('',(0.999993447219082,-0.00362015454037848,0.));
#1536=DIRECTION('center_axis',(-0.999993447219082,0.00362015454037841,0.));
#1537=DIRECTION('ref_axis',(0.00362015454037841,0.999993447219082,0.));
#1538=DIRECTION('',(0.,0.,-1.));
#1539=DIRECTION('',(0.00362015454037841,0.999993447219082,0.));
#1540=DIRECTION('center_axis',(-0.00362015454037839,-0.999993447219082,
0.));
#1541=DIRECTION('ref_axis',(-0.999993447219082,0.00362015454037839,0.));
#1542=DIRECTION('',(-0.999993447219082,0.00362015454037839,0.));
#1543=DIRECTION('center_axis',(0.,0.,1.));
#1544=DIRECTION('ref_axis',(1.,0.,0.));
#1545=DIRECTION('center_axis',(0.,0.,1.));
#1546=DIRECTION('ref_axis',(1.,0.,0.));
#1547=DIRECTION('center_axis',(0.,0.,1.));
#1548=DIRECTION('ref_axis',(1.,0.,0.));
#1549=DIRECTION('center_axis',(0.,0.,-1.));
#1550=DIRECTION('ref_axis',(0.,1.,0.));
#1551=DIRECTION('',(0.,0.,-1.));
#1552=DIRECTION('center_axis',(0.,0.,-1.));
#1553=DIRECTION('ref_axis',(0.,1.,0.));
#1554=DIRECTION('',(0.,0.,-1.));
#1555=DIRECTION('center_axis',(-1.,0.,0.));
#1556=DIRECTION('ref_axis',(0.,1.,0.));
#1557=DIRECTION('',(0.,1.,0.));
#1558=DIRECTION('center_axis',(0.,1.,0.));
#1559=DIRECTION('ref_axis',(1.,0.,0.));
#1560=DIRECTION('',(1.,0.,0.));
#1561=DIRECTION('center_axis',(0.,0.,1.));
#1562=DIRECTION('ref_axis',(1.,0.,0.));
#1563=DIRECTION('center_axis',(0.,0.,1.));
#1564=DIRECTION('ref_axis',(1.,0.,0.));
#1565=CARTESIAN_POINT('',(0.,0.,0.));
#1566=CARTESIAN_POINT('Origin',(-0.5,34.5,0.));
#1567=CARTESIAN_POINT('',(0.,34.,-2.));
#1568=CARTESIAN_POINT('',(-1.,35.,-2.));
#1569=CARTESIAN_POINT('',(-0.500000000000016,34.5,-2.));
#1570=CARTESIAN_POINT('',(-1.,35.,0.));
#1571=CARTESIAN_POINT('',(-1.,35.,0.));
#1572=CARTESIAN_POINT('',(0.,34.,0.));
#1573=CARTESIAN_POINT('',(-0.500000000000016,34.5,0.));
#1574=CARTESIAN_POINT('',(0.,34.,0.));
#1575=CARTESIAN_POINT('Origin',(0.,35.,0.));
#1576=CARTESIAN_POINT('',(0.,1.,0.));
#1577=CARTESIAN_POINT('',(0.,35.,0.));
#1578=CARTESIAN_POINT('',(0.,1.,-2.));
#1579=CARTESIAN_POINT('',(0.,1.,0.));
#1580=CARTESIAN_POINT('',(0.,35.,-2.));
#1581=CARTESIAN_POINT('Origin',(-17.5,17.5,0.));
#1582=CARTESIAN_POINT('',(-27.,35.,0.));
#1583=CARTESIAN_POINT('',(-27.,35.,0.));
#1584=CARTESIAN_POINT('',(-35.,27.,0.));
#1585=CARTESIAN_POINT('Origin',(-27.,27.,0.));
#1586=CARTESIAN_POINT('',(-35.,1.,0.));
#1587=CARTESIAN_POINT('',(-35.,0.,0.));
#1588=CARTESIAN_POINT('',(-34.,0.,0.));
#1589=CARTESIAN_POINT('',(-34.5,0.499999999999995,0.));
#1590=CARTESIAN_POINT('',(-1.,0.,0.));
#1591=CARTESIAN_POINT('',(0.,0.,0.));
#1592=CARTESIAN_POINT('',(-0.499999999999997,0.500000000000005,0.));
#1593=CARTESIAN_POINT('',(-11.2995626012308,5.10129002086556,0.));
#1594=CARTESIAN_POINT('',(-11.0568401388528,5.98742663615765,0.));
#1595=CARTESIAN_POINT('Ctrl Pts',(-11.2995626012308,5.10129002086556,0.));
#1596=CARTESIAN_POINT('Ctrl Pts',(-11.2893153969022,5.25847310176512,0.));
#1597=CARTESIAN_POINT('Ctrl Pts',(-11.2689729636057,5.57050809550396,0.));
#1598=CARTESIAN_POINT('Ctrl Pts',(-11.1271980204429,5.84914768121424,0.));
#1599=CARTESIAN_POINT('Ctrl Pts',(-11.0568401388528,5.98742663615765,0.));
#1600=CARTESIAN_POINT('',(-10.2995146053678,6.60782850705993,0.));
#1601=CARTESIAN_POINT('Ctrl Pts',(-11.0568401388528,5.98742663615765,0.));
#1602=CARTESIAN_POINT('Ctrl Pts',(-10.9612794396098,6.11556986218742,0.));
#1603=CARTESIAN_POINT('Ctrl Pts',(-10.7606404643408,6.38461901902634,0.));
#1604=CARTESIAN_POINT('Ctrl Pts',(-10.4580084753952,6.53110902820861,0.));
#1605=CARTESIAN_POINT('Ctrl Pts',(-10.2995146053678,6.60782850705993,0.));
#1606=CARTESIAN_POINT('',(-10.9410888291232,7.1236863488919,0.));
#1607=CARTESIAN_POINT('Ctrl Pts',(-10.2995146053678,6.60782850705993,0.));
#1608=CARTESIAN_POINT('Ctrl Pts',(-10.4343656134801,6.67275217518647,0.));
#1609=CARTESIAN_POINT('Ctrl Pts',(-10.6887789638782,6.79523882292769,0.));
#1610=CARTESIAN_POINT('Ctrl Pts',(-10.8604238044688,7.01867964313406,0.));
#1611=CARTESIAN_POINT('Ctrl Pts',(-10.9410888291232,7.1236863488919,0.));
#1612=CARTESIAN_POINT('',(-11.1394405674736,7.84091773963611,0.));
#1613=CARTESIAN_POINT('Ctrl Pts',(-10.9410888291232,7.1236863488919,0.));
#1614=CARTESIAN_POINT('Ctrl Pts',(-10.9992929409062,7.23571885677522,0.));
#1615=CARTESIAN_POINT('Ctrl Pts',(-11.116188061916,7.46072106306088,0.));
#1616=CARTESIAN_POINT('Ctrl Pts',(-11.1316682393496,7.7138340877393,0.));
#1617=CARTESIAN_POINT('Ctrl Pts',(-11.1394405674736,7.84091773963611,0.));
#1618=CARTESIAN_POINT('',(-10.6706436674533,8.93936326587766,0.));
#1619=CARTESIAN_POINT('Ctrl Pts',(-11.1394405674736,7.84091773963611,0.));
#1620=CARTESIAN_POINT('Ctrl Pts',(-11.1203264958663,8.05216911582459,0.));
#1621=CARTESIAN_POINT('Ctrl Pts',(-11.0825849403348,8.46929403349456,0.));
#1622=CARTESIAN_POINT('Ctrl Pts',(-10.8067721080373,8.78402609579219,0.));
#1623=CARTESIAN_POINT('Ctrl Pts',(-10.6706436674533,8.93936326587766,0.));
#1624=CARTESIAN_POINT('',(-9.34769969893716,9.36894745617446,0.));
#1625=CARTESIAN_POINT('Ctrl Pts',(-10.6706436674533,8.93936326587766,0.));
#1626=CARTESIAN_POINT('Ctrl Pts',(-10.4887941273459,9.06517244590623,0.));
#1627=CARTESIAN_POINT('Ctrl Pts',(-10.0926233028815,9.33925577076725,0.));
#1628=CARTESIAN_POINT('Ctrl Pts',(-9.60921492777997,9.35852379948956,0.));
#1629=CARTESIAN_POINT('Ctrl Pts',(-9.34769969893716,9.36894745617446,0.));
#1630=CARTESIAN_POINT('',(-8.03196035384153,8.9298107619038,0.));
#1631=CARTESIAN_POINT('Ctrl Pts',(-9.34769969893716,9.36894745617446,0.));
#1632=CARTESIAN_POINT('Ctrl Pts',(-9.0880828444799,9.35627459000141,0.));
#1633=CARTESIAN_POINT('Ctrl Pts',(-8.6064309178795,9.33276336450507,0.));
#1634=CARTESIAN_POINT('Ctrl Pts',(-8.21322363333658,9.05695480513409,0.));
#1635=CARTESIAN_POINT('Ctrl Pts',(-8.03196035384153,8.9298107619038,0.));
#1636=CARTESIAN_POINT('',(-7.567068532682,7.82798511604979,0.));
#1637=CARTESIAN_POINT('Ctrl Pts',(-8.03196035384153,8.9298107619038,0.));
#1638=CARTESIAN_POINT('Ctrl Pts',(-7.89577425299338,8.77362635177216,0.));
#1639=CARTESIAN_POINT('Ctrl Pts',(-7.62020926798736,8.45759590249681,0.));
#1640=CARTESIAN_POINT('Ctrl Pts',(-7.58491840814856,8.03947022377188,0.));
#1641=CARTESIAN_POINT('Ctrl Pts',(-7.567068532682,7.82798511604979,0.));
#1642=CARTESIAN_POINT('',(-7.78489055415778,7.09196244976487,0.));
#1643=CARTESIAN_POINT('Ctrl Pts',(-7.567068532682,7.82798511604979,0.));
#1644=CARTESIAN_POINT('Ctrl Pts',(-7.57587374788891,7.69477060290787,0.));
#1645=CARTESIAN_POINT('Ctrl Pts',(-7.59318249823272,7.43290570852843,0.));
#1646=CARTESIAN_POINT('Ctrl Pts',(-7.72173472896734,7.2042819490495,0.));
#1647=CARTESIAN_POINT('Ctrl Pts',(-7.78489055415778,7.09196244976487,0.));
#1648=CARTESIAN_POINT('',(-8.39154368568582,6.6009213122108,0.));
#1649=CARTESIAN_POINT('Ctrl Pts',(-7.78489055415778,7.09196244976487,0.));
#1650=CARTESIAN_POINT('Ctrl Pts',(-7.86577510564545,6.990364020801,0.));
#1651=CARTESIAN_POINT('Ctrl Pts',(-8.03160885483318,6.78206159373954,0.));
#1652=CARTESIAN_POINT('Ctrl Pts',(-8.26962082177228,6.66228003607137,0.));
#1653=CARTESIAN_POINT('Ctrl Pts',(-8.39154368568582,6.6009213122108,0.));
#1654=CARTESIAN_POINT('',(-7.64060508879145,6.01768490324741,0.));
#1655=CARTESIAN_POINT('Ctrl Pts',(-8.39154368568582,6.6009213122108,0.));
#1656=CARTESIAN_POINT('Ctrl Pts',(-8.23847013693739,6.52913169487927,0.));
#1657=CARTESIAN_POINT('Ctrl Pts',(-7.94391144947869,6.39098728242373,0.));
#1658=CARTESIAN_POINT('Ctrl Pts',(-7.73902029372755,6.13881203710154,0.));
#1659=CARTESIAN_POINT('Ctrl Pts',(-7.64060508879145,6.01768490324741,0.));
#1660=CARTESIAN_POINT('',(-7.38601529473041,5.13583688132143,0.));
#1661=CARTESIAN_POINT('Ctrl Pts',(-7.64060508879145,6.01768490324741,0.));
#1662=CARTESIAN_POINT('Ctrl Pts',(-7.56591359822604,5.8835828357229,0.));
#1663=CARTESIAN_POINT('Ctrl Pts',(-7.41323163492351,5.60945566544456,0.));
#1664=CARTESIAN_POINT('Ctrl Pts',(-7.39521715375733,5.29596764295517,0.));
#1665=CARTESIAN_POINT('Ctrl Pts',(-7.38601529473041,5.13583688132143,0.));
#1666=CARTESIAN_POINT('',(-7.9165721645541,3.7981010433648,0.));
#1667=CARTESIAN_POINT('Ctrl Pts',(-7.38601529473041,5.13583688132143,0.));
#1668=CARTESIAN_POINT('Ctrl Pts',(-7.4059459356979,4.87699341264262,0.));
#1669=CARTESIAN_POINT('Ctrl Pts',(-7.44458338994709,4.37520058545302,0.));
#1670=CARTESIAN_POINT('Ctrl Pts',(-7.76260026365093,3.98636211711524,0.));
#1671=CARTESIAN_POINT('Ctrl Pts',(-7.9165721645541,3.7981010433648,0.));
#1672=CARTESIAN_POINT('',(-9.31694094241187,3.28760554972179,0.));
#1673=CARTESIAN_POINT('Ctrl Pts',(-7.9165721645541,3.7981010433648,0.));
#1674=CARTESIAN_POINT('Ctrl Pts',(-8.1131557431262,3.64853192682412,0.));
#1675=CARTESIAN_POINT('Ctrl Pts',(-8.52591767263367,3.33448516062682,0.));
#1676=CARTESIAN_POINT('Ctrl Pts',(-9.04505168467224,3.30371893487627,0.));
#1677=CARTESIAN_POINT('Ctrl Pts',(-9.31694094241187,3.28760554972179,0.));
#1678=CARTESIAN_POINT('',(-10.6672157734733,3.71874846674244,0.));
#1679=CARTESIAN_POINT('Ctrl Pts',(-9.31694094241187,3.28760554972179,0.));
#1680=CARTESIAN_POINT('Ctrl Pts',(-9.57171681505637,3.30286996476581,0.));
#1681=CARTESIAN_POINT('Ctrl Pts',(-10.0593492761839,3.33208554235691,0.));
#1682=CARTESIAN_POINT('Ctrl Pts',(-10.4707579384952,3.59378194641301,0.));
#1683=CARTESIAN_POINT('Ctrl Pts',(-10.6672157734733,3.71874846674244,0.));
#1684=CARTESIAN_POINT('Ctrl Pts',(-10.6672157734733,3.71874846674244,0.));
#1685=CARTESIAN_POINT('Ctrl Pts',(-10.8524065897728,3.90591242555055,0.));
#1686=CARTESIAN_POINT('Ctrl Pts',(-11.2312491854658,4.28879145482373,0.));
#1687=CARTESIAN_POINT('Ctrl Pts',(-11.2764549252517,4.82645449423716,0.));
#1688=CARTESIAN_POINT('Ctrl Pts',(-11.2995626012308,5.10129002086556,0.));
#1689=CARTESIAN_POINT('',(-15.8312027303608,5.90119163467797,0.));
#1690=CARTESIAN_POINT('',(-15.8401967813848,3.4167694953166,0.));
#1691=CARTESIAN_POINT('',(-15.8102190637784,11.6974991809252,0.));
#1692=CARTESIAN_POINT('',(-17.0418127718788,3.42111955940539,0.));
#1693=CARTESIAN_POINT('',(-16.6955790827868,3.41986613173036,0.));
#1694=CARTESIAN_POINT('',(-17.0202681991536,9.37236592417989,0.));
#1695=CARTESIAN_POINT('',(-17.0163320797844,10.4596381753333,0.));
#1696=CARTESIAN_POINT('',(-14.491191558368,9.36321021590043,0.));
#1697=CARTESIAN_POINT('',(-17.2748425053086,9.37328752854925,0.));
#1698=CARTESIAN_POINT('',(-13.1054483296109,9.19784113202468,0.));
#1699=CARTESIAN_POINT('Ctrl Pts',(-14.491191558368,9.36321021590043,0.));
#1700=CARTESIAN_POINT('Ctrl Pts',(-14.2149767463002,9.36182767210644,0.));
#1701=CARTESIAN_POINT('Ctrl Pts',(-13.7459903335049,9.35948024457486,0.));
#1702=CARTESIAN_POINT('Ctrl Pts',(-13.2920396589196,9.24492696979278,0.));
#1703=CARTESIAN_POINT('Ctrl Pts',(-13.1054483296109,9.19784113202468,0.));
#1704=CARTESIAN_POINT('',(-12.4153655945037,8.62497338544868,0.));
#1705=CARTESIAN_POINT('Ctrl Pts',(-13.1054483296109,9.19784113202468,0.));
#1706=CARTESIAN_POINT('Ctrl Pts',(-12.9681765788187,9.13256336688472,0.));
#1707=CARTESIAN_POINT('Ctrl Pts',(-12.6897658690683,9.00016883692021,0.));
#1708=CARTESIAN_POINT('Ctrl Pts',(-12.5076754495182,8.75119132667492,0.));
#1709=CARTESIAN_POINT('Ctrl Pts',(-12.4153655945037,8.62497338544868,0.));
#1710=CARTESIAN_POINT('',(-12.1589520199344,7.68628535990198,0.));
#1711=CARTESIAN_POINT('Ctrl Pts',(-12.4153655945037,8.62497338544868,0.));
#1712=CARTESIAN_POINT('Ctrl Pts',(-12.3401178041366,8.48125217039315,0.));
#1713=CARTESIAN_POINT('Ctrl Pts',(-12.1862074988143,8.18728771000718,0.));
#1714=CARTESIAN_POINT('Ctrl Pts',(-12.1681705714076,7.85573811371359,0.));
#1715=CARTESIAN_POINT('Ctrl Pts',(-12.1589520199344,7.68628535990198,0.));
#1716=CARTESIAN_POINT('',(-12.5567292493002,6.58149347938074,0.));
#1717=CARTESIAN_POINT('Ctrl Pts',(-12.1589520199344,7.68628535990198,0.));
#1718=CARTESIAN_POINT('Ctrl Pts',(-12.1736205798988,7.47563601024323,0.));
#1719=CARTESIAN_POINT('Ctrl Pts',(-12.2019358934043,7.06901106615803,0.));
#1720=CARTESIAN_POINT('Ctrl Pts',(-12.4413446215467,6.7400422073623,0.));
#1721=CARTESIAN_POINT('Ctrl Pts',(-12.5567292493002,6.58149347938074,0.));
#1722=CARTESIAN_POINT('',(-13.7359797001803,6.03569154696008,0.));
#1723=CARTESIAN_POINT('Ctrl Pts',(-12.5567292493002,6.58149347938074,0.));
#1724=CARTESIAN_POINT('Ctrl Pts',(-12.7138737793242,6.44890286597119,0.));
#1725=CARTESIAN_POINT('Ctrl Pts',(-13.0557788953022,6.1604206066876,0.));
#1726=CARTESIAN_POINT('Ctrl Pts',(-13.4973571758453,6.07944798311343,0.));
#1727=CARTESIAN_POINT('Ctrl Pts',(-13.7359797001803,6.03569154696008,0.));
#1728=CARTESIAN_POINT('',(-13.0943543372804,5.53404216832301,0.));
#1729=CARTESIAN_POINT('Ctrl Pts',(-13.7359797001803,6.03569154696008,0.));
#1730=CARTESIAN_POINT('Ctrl Pts',(-13.6143223743151,5.96004663227764,0.));
#1731=CARTESIAN_POINT('Ctrl Pts',(-13.3823491164613,5.81580873148396,0.));
#1732=CARTESIAN_POINT('Ctrl Pts',(-13.1871717951962,5.62485234270407,0.));
#1733=CARTESIAN_POINT('Ctrl Pts',(-13.0943543372804,5.53404216832301,0.));
#1734=CARTESIAN_POINT('',(-12.4138237698157,4.56540116897722,0.));
#1735=CARTESIAN_POINT('Ctrl Pts',(-13.0943543372804,5.53404216832301,0.));
#1736=CARTESIAN_POINT('Ctrl Pts',(-12.9932095889902,5.40949040901798,0.));
#1737=CARTESIAN_POINT('Ctrl Pts',(-12.7439957360002,5.10260325612292,0.));
#1738=CARTESIAN_POINT('Ctrl Pts',(-12.5368803129763,4.765618748279,0.));
#1739=CARTESIAN_POINT('Ctrl Pts',(-12.4138237698157,4.56540116897722,0.));
#1740=CARTESIAN_POINT('',(-11.6913741229564,3.40175001771312,0.));
#1741=CARTESIAN_POINT('',(-16.0194660611159,10.373016719151,0.));
#1742=CARTESIAN_POINT('',(-13.1284419303588,3.40695245935138,0.));
#1743=CARTESIAN_POINT('',(-14.6211677535726,3.41235639292862,0.));
#1744=CARTESIAN_POINT('',(-13.9924897342131,4.70508211444599,0.));
#1745=CARTESIAN_POINT('',(-17.0497670492558,9.29827976948477,0.));
#1746=CARTESIAN_POINT('',(-14.6226068845848,5.58220006390735,0.));
#1747=CARTESIAN_POINT('Ctrl Pts',(-13.9924897342131,4.70508211444599,0.));
#1748=CARTESIAN_POINT('Ctrl Pts',(-14.1179325153597,4.8969157588529,0.));
#1749=CARTESIAN_POINT('Ctrl Pts',(-14.3152204646178,5.19861878199873,0.));
#1750=CARTESIAN_POINT('Ctrl Pts',(-14.5405499856287,5.47980292321914,0.));
#1751=CARTESIAN_POINT('Ctrl Pts',(-14.6226068845848,5.58220006390735,0.));
#1752=CARTESIAN_POINT('',(-14.9830069708851,5.83113806819682,0.));
#1753=CARTESIAN_POINT('Ctrl Pts',(-14.6226068845848,5.58220006390735,0.));
#1754=CARTESIAN_POINT('Ctrl Pts',(-14.6782001398671,5.63718906394071,0.));
#1755=CARTESIAN_POINT('Ctrl Pts',(-14.7837433144072,5.74158506663635,0.));
#1756=CARTESIAN_POINT('Ctrl Pts',(-14.9189963881063,5.80237045487082,0.));
#1757=CARTESIAN_POINT('Ctrl Pts',(-14.9830069708851,5.83113806819682,0.));
#1758=CARTESIAN_POINT('',(-15.5876318827139,5.90030986478992,0.));
#1759=CARTESIAN_POINT('Ctrl Pts',(-14.9830069708851,5.83113806819682,0.));
#1760=CARTESIAN_POINT('Ctrl Pts',(-15.0648126392393,5.85082516507084,0.));
#1761=CARTESIAN_POINT('Ctrl Pts',(-15.2631911253843,5.89856631251248,0.));
#1762=CARTESIAN_POINT('Ctrl Pts',(-15.4675467368026,5.89966452438521,0.));
#1763=CARTESIAN_POINT('Ctrl Pts',(-15.5876318827139,5.90030986478992,0.));
#1764=CARTESIAN_POINT('',(-16.5647996079393,5.90384738614771,0.));
#1765=CARTESIAN_POINT('Origin',(-34.5,0.5,0.));
#1766=CARTESIAN_POINT('',(-35.,1.,-2.));
#1767=CARTESIAN_POINT('',(-34.,0.,-2.));
#1768=CARTESIAN_POINT('',(-34.5,0.499999999999995,-2.));
#1769=CARTESIAN_POINT('',(-34.,0.,0.));
#1770=CARTESIAN_POINT('',(-35.,1.,0.));
#1771=CARTESIAN_POINT('Origin',(0.,0.,0.));
#1772=CARTESIAN_POINT('',(-1.,0.,-2.));
#1773=CARTESIAN_POINT('',(0.,0.,-2.));
#1774=CARTESIAN_POINT('',(-1.,0.,0.));
#1775=CARTESIAN_POINT('Origin',(-0.5,0.5,0.));
#1776=CARTESIAN_POINT('',(-0.499999999999997,0.500000000000005,-2.));
#1777=CARTESIAN_POINT('Ctrl Pts',(-9.33879860084246,8.46363216750305,0.));
#1778=CARTESIAN_POINT('Ctrl Pts',(-9.33879860084246,8.46363216750305,-0.4));
#1779=CARTESIAN_POINT('Ctrl Pts',(-9.44104475702205,8.4576146461451,0.));
#1780=CARTESIAN_POINT('Ctrl Pts',(-9.44104475702205,8.4576146461451,-0.4));
#1781=CARTESIAN_POINT('Ctrl Pts',(-9.63590032302312,8.44614675753258,0.));
#1782=CARTESIAN_POINT('Ctrl Pts',(-9.63590032302312,8.44614675753258,-0.4));
#1783=CARTESIAN_POINT('Ctrl Pts',(-9.78996052266877,8.32720224134538,0.));
#1784=CARTESIAN_POINT('Ctrl Pts',(-9.78996052266877,8.32720224134538,-0.4));
#1785=CARTESIAN_POINT('Ctrl Pts',(-9.86318103393754,8.27067123393481,0.));
#1786=CARTESIAN_POINT('Ctrl Pts',(-9.86318103393754,8.27067123393481,-0.4));
#1787=CARTESIAN_POINT('',(-9.33879860084246,8.46363216750305,0.));
#1788=CARTESIAN_POINT('',(-9.86318103393754,8.27067123393481,0.));
#1789=CARTESIAN_POINT('Ctrl Pts',(-9.33879860084246,8.46363216750305,0.));
#1790=CARTESIAN_POINT('Ctrl Pts',(-9.44104475702205,8.4576146461451,0.));
#1791=CARTESIAN_POINT('Ctrl Pts',(-9.63590032302312,8.44614675753258,0.));
#1792=CARTESIAN_POINT('Ctrl Pts',(-9.78996052266877,8.32720224134538,0.));
#1793=CARTESIAN_POINT('Ctrl Pts',(-9.86318103393754,8.27067123393481,0.));
#1794=CARTESIAN_POINT('',(-9.33879860084246,8.46363216750305,-0.4));
#1795=CARTESIAN_POINT('',(-9.33879860084246,8.46363216750305,0.));
#1796=CARTESIAN_POINT('',(-9.86318103393754,8.27067123393481,-0.4));
#1797=CARTESIAN_POINT('Ctrl Pts',(-9.33879860084246,8.46363216750305,-0.4));
#1798=CARTESIAN_POINT('Ctrl Pts',(-9.44104475702205,8.4576146461451,-0.4));
#1799=CARTESIAN_POINT('Ctrl Pts',(-9.63590032302312,8.44614675753258,-0.4));
#1800=CARTESIAN_POINT('Ctrl Pts',(-9.78996052266877,8.32720224134538,-0.4));
#1801=CARTESIAN_POINT('Ctrl Pts',(-9.86318103393754,8.27067123393481,-0.4));
#1802=CARTESIAN_POINT('',(-9.86318103393754,8.27067123393481,0.));
#1803=CARTESIAN_POINT('Ctrl Pts',(-8.83002751775264,8.26896088351255,0.));
#1804=CARTESIAN_POINT('Ctrl Pts',(-8.83002751775264,8.26896088351255,-0.4));
#1805=CARTESIAN_POINT('Ctrl Pts',(-8.9013075905046,8.3254338220249,0.));
#1806=CARTESIAN_POINT('Ctrl Pts',(-8.9013075905046,8.3254338220249,-0.4));
#1807=CARTESIAN_POINT('Ctrl Pts',(-9.05009634736909,8.44331443007333,0.));
#1808=CARTESIAN_POINT('Ctrl Pts',(-9.05009634736909,8.44331443007333,-0.4));
#1809=CARTESIAN_POINT('Ctrl Pts',(-9.23991576915672,8.45667317987366,0.));
#1810=CARTESIAN_POINT('Ctrl Pts',(-9.23991576915672,8.45667317987366,-0.4));
#1811=CARTESIAN_POINT('Ctrl Pts',(-9.33879860084246,8.46363216750305,0.));
#1812=CARTESIAN_POINT('Ctrl Pts',(-9.33879860084246,8.46363216750305,-0.4));
#1813=CARTESIAN_POINT('',(-8.83002751775264,8.26896088351255,0.));
#1814=CARTESIAN_POINT('Ctrl Pts',(-8.83002751775264,8.26896088351255,0.));
#1815=CARTESIAN_POINT('Ctrl Pts',(-8.9013075905046,8.3254338220249,0.));
#1816=CARTESIAN_POINT('Ctrl Pts',(-9.05009634736909,8.44331443007333,0.));
#1817=CARTESIAN_POINT('Ctrl Pts',(-9.23991576915672,8.45667317987366,0.));
#1818=CARTESIAN_POINT('Ctrl Pts',(-9.33879860084246,8.46363216750305,0.));
#1819=CARTESIAN_POINT('',(-8.83002751775264,8.26896088351255,-0.4));
#1820=CARTESIAN_POINT('',(-8.83002751775264,8.26896088351255,0.));
#1821=CARTESIAN_POINT('Ctrl Pts',(-8.83002751775264,8.26896088351255,-0.4));
#1822=CARTESIAN_POINT('Ctrl Pts',(-8.9013075905046,8.3254338220249,-0.4));
#1823=CARTESIAN_POINT('Ctrl Pts',(-9.05009634736909,8.44331443007333,-0.4));
#1824=CARTESIAN_POINT('Ctrl Pts',(-9.23991576915672,8.45667317987366,-0.4));
#1825=CARTESIAN_POINT('Ctrl Pts',(-9.33879860084246,8.46363216750305,-0.4));
#1826=CARTESIAN_POINT('Ctrl Pts',(-8.63905966761565,7.75473431707936,0.));
#1827=CARTESIAN_POINT('Ctrl Pts',(-8.63905966761565,7.75473431707936,-0.4));
#1828=CARTESIAN_POINT('Ctrl Pts',(-8.64516871066465,7.85470881537008,0.));
#1829=CARTESIAN_POINT('Ctrl Pts',(-8.64516871066465,7.85470881537008,-0.4));
#1830=CARTESIAN_POINT('Ctrl Pts',(-8.65685605589385,8.04597223686972,0.));
#1831=CARTESIAN_POINT('Ctrl Pts',(-8.65685605589385,8.04597223686972,-0.4));
#1832=CARTESIAN_POINT('Ctrl Pts',(-8.77407811021929,8.19691620286821,0.));
#1833=CARTESIAN_POINT('Ctrl Pts',(-8.77407811021929,8.19691620286821,-0.4));
#1834=CARTESIAN_POINT('Ctrl Pts',(-8.83002751775264,8.26896088351255,0.));
#1835=CARTESIAN_POINT('Ctrl Pts',(-8.83002751775264,8.26896088351255,-0.4));
#1836=CARTESIAN_POINT('',(-8.63905966761565,7.75473431707936,0.));
#1837=CARTESIAN_POINT('Ctrl Pts',(-8.63905966761565,7.75473431707936,0.));
#1838=CARTESIAN_POINT('Ctrl Pts',(-8.64516871066465,7.85470881537008,0.));
#1839=CARTESIAN_POINT('Ctrl Pts',(-8.65685605589385,8.04597223686972,0.));
#1840=CARTESIAN_POINT('Ctrl Pts',(-8.77407811021929,8.19691620286821,0.));
#1841=CARTESIAN_POINT('Ctrl Pts',(-8.83002751775264,8.26896088351255,0.));
#1842=CARTESIAN_POINT('',(-8.63905966761565,7.75473431707936,-0.4));
#1843=CARTESIAN_POINT('',(-8.63905966761565,7.75473431707936,0.));
#1844=CARTESIAN_POINT('Ctrl Pts',(-8.63905966761565,7.75473431707936,-0.4));
#1845=CARTESIAN_POINT('Ctrl Pts',(-8.64516871066465,7.85470881537008,-0.4));
#1846=CARTESIAN_POINT('Ctrl Pts',(-8.65685605589385,8.04597223686972,-0.4));
#1847=CARTESIAN_POINT('Ctrl Pts',(-8.77407811021929,8.19691620286821,-0.4));
#1848=CARTESIAN_POINT('Ctrl Pts',(-8.83002751775264,8.26896088351255,-0.4));
#1849=CARTESIAN_POINT('Ctrl Pts',(-8.83584924911537,7.22161360293185,0.));
#1850=CARTESIAN_POINT('Ctrl Pts',(-8.83584924911537,7.22161360293185,-0.4));
#1851=CARTESIAN_POINT('Ctrl Pts',(-8.77880658589681,7.29497272691652,0.));
#1852=CARTESIAN_POINT('Ctrl Pts',(-8.77880658589681,7.29497272691652,-0.4));
#1853=CARTESIAN_POINT('Ctrl Pts',(-8.65729917787537,7.45123606574328,0.));
#1854=CARTESIAN_POINT('Ctrl Pts',(-8.65729917787537,7.45123606574328,-0.4));
#1855=CARTESIAN_POINT('Ctrl Pts',(-8.6453821484622,7.64953073136304,0.));
#1856=CARTESIAN_POINT('Ctrl Pts',(-8.6453821484622,7.64953073136304,-0.4));
#1857=CARTESIAN_POINT('Ctrl Pts',(-8.63905966761565,7.75473431707936,0.));
#1858=CARTESIAN_POINT('Ctrl Pts',(-8.63905966761565,7.75473431707936,-0.4));
#1859=CARTESIAN_POINT('',(-8.83584924911537,7.22161360293185,0.));
#1860=CARTESIAN_POINT('Ctrl Pts',(-8.83584924911537,7.22161360293185,0.));
#1861=CARTESIAN_POINT('Ctrl Pts',(-8.77880658589681,7.29497272691652,0.));
#1862=CARTESIAN_POINT('Ctrl Pts',(-8.65729917787537,7.45123606574328,0.));
#1863=CARTESIAN_POINT('Ctrl Pts',(-8.6453821484622,7.64953073136304,0.));
#1864=CARTESIAN_POINT('Ctrl Pts',(-8.63905966761565,7.75473431707936,0.));
#1865=CARTESIAN_POINT('',(-8.83584924911537,7.22161360293185,-0.4));
#1866=CARTESIAN_POINT('',(-8.83584924911537,7.22161360293185,0.));
#1867=CARTESIAN_POINT('Ctrl Pts',(-8.83584924911537,7.22161360293185,-0.4));
#1868=CARTESIAN_POINT('Ctrl Pts',(-8.77880658589681,7.29497272691652,-0.4));
#1869=CARTESIAN_POINT('Ctrl Pts',(-8.65729917787537,7.45123606574328,-0.4));
#1870=CARTESIAN_POINT('Ctrl Pts',(-8.6453821484622,7.64953073136304,-0.4));
#1871=CARTESIAN_POINT('Ctrl Pts',(-8.63905966761565,7.75473431707936,-0.4));
#1872=CARTESIAN_POINT('Ctrl Pts',(-9.35616468813628,7.03066779559904,0.));
#1873=CARTESIAN_POINT('Ctrl Pts',(-9.35616468813628,7.03066779559904,-0.4));
#1874=CARTESIAN_POINT('Ctrl Pts',(-9.25501784307221,7.03670009907163,0.));
#1875=CARTESIAN_POINT('Ctrl Pts',(-9.25501784307221,7.03670009907163,-0.4));
#1876=CARTESIAN_POINT('Ctrl Pts',(-9.06187413298037,7.0482190097441,0.));
#1877=CARTESIAN_POINT('Ctrl Pts',(-9.06187413298037,7.0482190097441,-0.4));
#1878=CARTESIAN_POINT('Ctrl Pts',(-8.90877321205934,7.16567011267499,0.));
#1879=CARTESIAN_POINT('Ctrl Pts',(-8.90877321205934,7.16567011267499,-0.4));
#1880=CARTESIAN_POINT('Ctrl Pts',(-8.83584924911537,7.22161360293185,0.));
#1881=CARTESIAN_POINT('Ctrl Pts',(-8.83584924911537,7.22161360293185,-0.4));
#1882=CARTESIAN_POINT('',(-9.35616468813628,7.03066779559904,0.));
#1883=CARTESIAN_POINT('Ctrl Pts',(-9.35616468813628,7.03066779559904,0.));
#1884=CARTESIAN_POINT('Ctrl Pts',(-9.25501784307221,7.03670009907163,0.));
#1885=CARTESIAN_POINT('Ctrl Pts',(-9.06187413298037,7.0482190097441,0.));
#1886=CARTESIAN_POINT('Ctrl Pts',(-8.90877321205934,7.16567011267499,0.));
#1887=CARTESIAN_POINT('Ctrl Pts',(-8.83584924911537,7.22161360293185,0.));
#1888=CARTESIAN_POINT('',(-9.35616468813628,7.03066779559904,-0.4));
#1889=CARTESIAN_POINT('',(-9.35616468813628,7.03066779559904,0.));
#1890=CARTESIAN_POINT('Ctrl Pts',(-9.35616468813628,7.03066779559904,-0.4));
#1891=CARTESIAN_POINT('Ctrl Pts',(-9.25501784307221,7.03670009907163,-0.4));
#1892=CARTESIAN_POINT('Ctrl Pts',(-9.06187413298037,7.0482190097441,-0.4));
#1893=CARTESIAN_POINT('Ctrl Pts',(-8.90877321205934,7.16567011267499,-0.4));
#1894=CARTESIAN_POINT('Ctrl Pts',(-8.83584924911537,7.22161360293185,-0.4));
#1895=CARTESIAN_POINT('Ctrl Pts',(-9.86900216925772,7.22332395119632,0.));
#1896=CARTESIAN_POINT('Ctrl Pts',(-9.86900216925772,7.22332395119632,-0.4));
#1897=CARTESIAN_POINT('Ctrl Pts',(-9.79729943512591,7.16744787477602,0.));
#1898=CARTESIAN_POINT('Ctrl Pts',(-9.79729943512591,7.16744787477602,-0.4));
#1899=CARTESIAN_POINT('Ctrl Pts',(-9.6468524905485,7.05020848252419,0.));
#1900=CARTESIAN_POINT('Ctrl Pts',(-9.6468524905485,7.05020848252419,-0.4));
#1901=CARTESIAN_POINT('Ctrl Pts',(-9.45603757147167,7.03738147511835,0.));
#1902=CARTESIAN_POINT('Ctrl Pts',(-9.45603757147167,7.03738147511835,-0.4));
#1903=CARTESIAN_POINT('Ctrl Pts',(-9.35616468813628,7.03066779559904,0.));
#1904=CARTESIAN_POINT('Ctrl Pts',(-9.35616468813628,7.03066779559904,-0.4));
#1905=CARTESIAN_POINT('',(-9.86900216925772,7.22332395119632,0.));
#1906=CARTESIAN_POINT('Ctrl Pts',(-9.86900216925772,7.22332395119632,0.));
#1907=CARTESIAN_POINT('Ctrl Pts',(-9.79729943512591,7.16744787477602,0.));
#1908=CARTESIAN_POINT('Ctrl Pts',(-9.6468524905485,7.05020848252419,0.));
#1909=CARTESIAN_POINT('Ctrl Pts',(-9.45603757147167,7.03738147511835,0.));
#1910=CARTESIAN_POINT('Ctrl Pts',(-9.35616468813628,7.03066779559904,0.));
#1911=CARTESIAN_POINT('',(-9.86900216925772,7.22332395119632,-0.4));
#1912=CARTESIAN_POINT('',(-9.86900216925772,7.22332395119632,0.));
#1913=CARTESIAN_POINT('Ctrl Pts',(-9.86900216925772,7.22332395119632,-0.4));
#1914=CARTESIAN_POINT('Ctrl Pts',(-9.79729943512591,7.16744787477602,-0.4));
#1915=CARTESIAN_POINT('Ctrl Pts',(-9.6468524905485,7.05020848252419,-0.4));
#1916=CARTESIAN_POINT('Ctrl Pts',(-9.45603757147167,7.03738147511835,-0.4));
#1917=CARTESIAN_POINT('Ctrl Pts',(-9.35616468813628,7.03066779559904,-0.4));
#1918=CARTESIAN_POINT('Ctrl Pts',(-10.0599038866666,7.75581832747776,0.));
#1919=CARTESIAN_POINT('Ctrl Pts',(-10.0599038866666,7.75581832747776,-0.4));
#1920=CARTESIAN_POINT('Ctrl Pts',(-10.0545174032423,7.65075772855616,0.));
#1921=CARTESIAN_POINT('Ctrl Pts',(-10.0545174032423,7.65075772855616,-0.4));
#1922=CARTESIAN_POINT('Ctrl Pts',(-10.0443924179049,7.45327507803493,0.));
#1923=CARTESIAN_POINT('Ctrl Pts',(-10.0443924179049,7.45327507803493,-0.4));
#1924=CARTESIAN_POINT('Ctrl Pts',(-9.92491684222423,7.29663271353992,0.));
#1925=CARTESIAN_POINT('Ctrl Pts',(-9.92491684222423,7.29663271353992,-0.4));
#1926=CARTESIAN_POINT('Ctrl Pts',(-9.86900216925772,7.22332395119632,0.));
#1927=CARTESIAN_POINT('Ctrl Pts',(-9.86900216925772,7.22332395119632,-0.4));
#1928=CARTESIAN_POINT('',(-10.0599038866666,7.75581832747776,0.));
#1929=CARTESIAN_POINT('Ctrl Pts',(-10.0599038866666,7.75581832747776,0.));
#1930=CARTESIAN_POINT('Ctrl Pts',(-10.0545174032423,7.65075772855616,0.));
#1931=CARTESIAN_POINT('Ctrl Pts',(-10.0443924179049,7.45327507803493,0.));
#1932=CARTESIAN_POINT('Ctrl Pts',(-9.92491684222423,7.29663271353992,0.));
#1933=CARTESIAN_POINT('Ctrl Pts',(-9.86900216925772,7.22332395119632,0.));
#1934=CARTESIAN_POINT('',(-10.0599038866666,7.75581832747776,-0.4));
#1935=CARTESIAN_POINT('',(-10.0599038866666,7.75581832747776,0.));
#1936=CARTESIAN_POINT('Ctrl Pts',(-10.0599038866666,7.75581832747776,-0.4));
#1937=CARTESIAN_POINT('Ctrl Pts',(-10.0545174032423,7.65075772855616,-0.4));
#1938=CARTESIAN_POINT('Ctrl Pts',(-10.0443924179049,7.45327507803493,-0.4));
#1939=CARTESIAN_POINT('Ctrl Pts',(-9.92491684222423,7.29663271353992,-0.4));
#1940=CARTESIAN_POINT('Ctrl Pts',(-9.86900216925772,7.22332395119632,-0.4));
#1941=CARTESIAN_POINT('Ctrl Pts',(-9.86318103393754,8.27067123393481,0.));
#1942=CARTESIAN_POINT('Ctrl Pts',(-9.86318103393754,8.27067123393481,-0.4));
#1943=CARTESIAN_POINT('Ctrl Pts',(-9.92024784773802,8.19857679523527,0.));
#1944=CARTESIAN_POINT('Ctrl Pts',(-9.92024784773802,8.19857679523527,-0.4));
#1945=CARTESIAN_POINT('Ctrl Pts',(-10.0394466781707,8.04798887554297,0.));
#1946=CARTESIAN_POINT('Ctrl Pts',(-10.0394466781707,8.04798887554297,-0.4));
#1947=CARTESIAN_POINT('Ctrl Pts',(-10.0528943367798,7.85592895755344,0.));
#1948=CARTESIAN_POINT('Ctrl Pts',(-10.0528943367798,7.85592895755344,-0.4));
#1949=CARTESIAN_POINT('Ctrl Pts',(-10.0599038866666,7.75581832747776,0.));
#1950=CARTESIAN_POINT('Ctrl Pts',(-10.0599038866666,7.75581832747776,-0.4));
#1951=CARTESIAN_POINT('Ctrl Pts',(-9.86318103393754,8.27067123393481,0.));
#1952=CARTESIAN_POINT('Ctrl Pts',(-9.92024784773802,8.19857679523527,0.));
#1953=CARTESIAN_POINT('Ctrl Pts',(-10.0394466781707,8.04798887554297,0.));
#1954=CARTESIAN_POINT('Ctrl Pts',(-10.0528943367798,7.85592895755344,0.));
#1955=CARTESIAN_POINT('Ctrl Pts',(-10.0599038866666,7.75581832747776,0.));
#1956=CARTESIAN_POINT('Ctrl Pts',(-9.86318103393754,8.27067123393481,-0.4));
#1957=CARTESIAN_POINT('Ctrl Pts',(-9.92024784773802,8.19857679523527,-0.4));
#1958=CARTESIAN_POINT('Ctrl Pts',(-10.0394466781707,8.04798887554297,-0.4));
#1959=CARTESIAN_POINT('Ctrl Pts',(-10.0528943367798,7.85592895755344,-0.4));
#1960=CARTESIAN_POINT('Ctrl Pts',(-10.0599038866666,7.75581832747776,-0.4));
#1961=CARTESIAN_POINT('Ctrl Pts',(-9.3432333375707,6.11721851877931,0.));
#1962=CARTESIAN_POINT('Ctrl Pts',(-9.3432333375707,6.11721851877931,-0.4));
#1963=CARTESIAN_POINT('Ctrl Pts',(-9.4718502738864,6.10823866990466,0.));
#1964=CARTESIAN_POINT('Ctrl Pts',(-9.4718502738864,6.10823866990466,-0.4));
#1965=CARTESIAN_POINT('Ctrl Pts',(-9.71695012072696,6.09112615232434,0.));
#1966=CARTESIAN_POINT('Ctrl Pts',(-9.71695012072696,6.09112615232434,-0.4));
#1967=CARTESIAN_POINT('Ctrl Pts',(-9.88672626167562,5.91496776942854,0.));
#1968=CARTESIAN_POINT('Ctrl Pts',(-9.88672626167562,5.91496776942854,-0.4));
#1969=CARTESIAN_POINT('Ctrl Pts',(-9.96741182427511,5.83124906695868,0.));
#1970=CARTESIAN_POINT('Ctrl Pts',(-9.96741182427511,5.83124906695868,-0.4));
#1971=CARTESIAN_POINT('',(-9.3432333375707,6.11721851877931,0.));
#1972=CARTESIAN_POINT('',(-9.96741182427511,5.83124906695868,0.));
#1973=CARTESIAN_POINT('Ctrl Pts',(-9.3432333375707,6.11721851877931,0.));
#1974=CARTESIAN_POINT('Ctrl Pts',(-9.4718502738864,6.10823866990466,0.));
#1975=CARTESIAN_POINT('Ctrl Pts',(-9.71695012072696,6.09112615232434,0.));
#1976=CARTESIAN_POINT('Ctrl Pts',(-9.88672626167562,5.91496776942854,0.));
#1977=CARTESIAN_POINT('Ctrl Pts',(-9.96741182427511,5.83124906695868,0.));
#1978=CARTESIAN_POINT('',(-9.3432333375707,6.11721851877931,-0.4));
#1979=CARTESIAN_POINT('',(-9.3432333375707,6.11721851877931,0.));
#1980=CARTESIAN_POINT('',(-9.96741182427511,5.83124906695868,-0.4));
#1981=CARTESIAN_POINT('Ctrl Pts',(-9.3432333375707,6.11721851877931,-0.4));
#1982=CARTESIAN_POINT('Ctrl Pts',(-9.4718502738864,6.10823866990466,-0.4));
#1983=CARTESIAN_POINT('Ctrl Pts',(-9.71695012072696,6.09112615232434,-0.4));
#1984=CARTESIAN_POINT('Ctrl Pts',(-9.88672626167562,5.91496776942854,-0.4));
#1985=CARTESIAN_POINT('Ctrl Pts',(-9.96741182427511,5.83124906695868,-0.4));
#1986=CARTESIAN_POINT('',(-9.96741182427511,5.83124906695868,0.));
#1987=CARTESIAN_POINT('Ctrl Pts',(-8.74740359216075,5.86133837069343,0.));
#1988=CARTESIAN_POINT('Ctrl Pts',(-8.74740359216075,5.86133837069343,-0.4));
#1989=CARTESIAN_POINT('Ctrl Pts',(-8.83157997245053,5.93564259018503,0.));
#1990=CARTESIAN_POINT('Ctrl Pts',(-8.83157997245053,5.93564259018503,-0.4));
#1991=CARTESIAN_POINT('Ctrl Pts',(-9.00200753841762,6.08608250249114,0.));
#1992=CARTESIAN_POINT('Ctrl Pts',(-9.00200753841762,6.08608250249114,-0.4));
#1993=CARTESIAN_POINT('Ctrl Pts',(-9.22857199699579,6.10675595300432,0.));
#1994=CARTESIAN_POINT('Ctrl Pts',(-9.22857199699579,6.10675595300432,-0.4));
#1995=CARTESIAN_POINT('Ctrl Pts',(-9.3432333375707,6.11721851877931,0.));
#1996=CARTESIAN_POINT('Ctrl Pts',(-9.3432333375707,6.11721851877931,-0.4));
#1997=CARTESIAN_POINT('',(-8.74740359216075,5.86133837069343,0.));
#1998=CARTESIAN_POINT('Ctrl Pts',(-8.74740359216075,5.86133837069343,0.));
#1999=CARTESIAN_POINT('Ctrl Pts',(-8.83157997245053,5.93564259018503,0.));
#2000=CARTESIAN_POINT('Ctrl Pts',(-9.00200753841762,6.08608250249114,0.));
#2001=CARTESIAN_POINT('Ctrl Pts',(-9.22857199699579,6.10675595300432,0.));
#2002=CARTESIAN_POINT('Ctrl Pts',(-9.3432333375707,6.11721851877931,0.));
#2003=CARTESIAN_POINT('',(-8.74740359216075,5.86133837069343,-0.4));
#2004=CARTESIAN_POINT('',(-8.74740359216075,5.86133837069343,0.));
#2005=CARTESIAN_POINT('Ctrl Pts',(-8.74740359216075,5.86133837069343,-0.4));
#2006=CARTESIAN_POINT('Ctrl Pts',(-8.83157997245053,5.93564259018503,-0.4));
#2007=CARTESIAN_POINT('Ctrl Pts',(-9.00200753841762,6.08608250249114,-0.4));
#2008=CARTESIAN_POINT('Ctrl Pts',(-9.22857199699579,6.10675595300432,-0.4));
#2009=CARTESIAN_POINT('Ctrl Pts',(-9.3432333375707,6.11721851877931,-0.4));
#2010=CARTESIAN_POINT('Ctrl Pts',(-8.51438350634572,5.18863637473792,0.));
#2011=CARTESIAN_POINT('Ctrl Pts',(-8.51438350634572,5.18863637473792,-0.4));
#2012=CARTESIAN_POINT('Ctrl Pts',(-8.52150074938853,5.31869495699303,0.));
#2013=CARTESIAN_POINT('Ctrl Pts',(-8.52150074938853,5.31869495699303,-0.4));
#2014=CARTESIAN_POINT('Ctrl Pts',(-8.53502773662956,5.56588347819028,0.));
#2015=CARTESIAN_POINT('Ctrl Pts',(-8.53502773662956,5.56588347819028,-0.4));
#2016=CARTESIAN_POINT('Ctrl Pts',(-8.67912384871422,5.76634836248519,0.));
#2017=CARTESIAN_POINT('Ctrl Pts',(-8.67912384871422,5.76634836248519,-0.4));
#2018=CARTESIAN_POINT('Ctrl Pts',(-8.74740359216075,5.86133837069343,0.));
#2019=CARTESIAN_POINT('Ctrl Pts',(-8.74740359216075,5.86133837069343,-0.4));
#2020=CARTESIAN_POINT('',(-8.51438350634572,5.18863637473792,0.));
#2021=CARTESIAN_POINT('Ctrl Pts',(-8.51438350634572,5.18863637473792,0.));
#2022=CARTESIAN_POINT('Ctrl Pts',(-8.52150074938853,5.31869495699303,0.));
#2023=CARTESIAN_POINT('Ctrl Pts',(-8.53502773662956,5.56588347819028,0.));
#2024=CARTESIAN_POINT('Ctrl Pts',(-8.67912384871422,5.76634836248519,0.));
#2025=CARTESIAN_POINT('Ctrl Pts',(-8.74740359216075,5.86133837069343,0.));
#2026=CARTESIAN_POINT('',(-8.51438350634572,5.18863637473792,-0.4));
#2027=CARTESIAN_POINT('',(-8.51438350634572,5.18863637473792,0.));
#2028=CARTESIAN_POINT('Ctrl Pts',(-8.51438350634572,5.18863637473792,-0.4));
#2029=CARTESIAN_POINT('Ctrl Pts',(-8.52150074938853,5.31869495699303,-0.4));
#2030=CARTESIAN_POINT('Ctrl Pts',(-8.53502773662956,5.56588347819028,-0.4));
#2031=CARTESIAN_POINT('Ctrl Pts',(-8.67912384871422,5.76634836248519,-0.4));
#2032=CARTESIAN_POINT('Ctrl Pts',(-8.74740359216075,5.86133837069343,-0.4));
#2033=CARTESIAN_POINT('Ctrl Pts',(-8.74842822210914,4.45673213645619,0.));
#2034=CARTESIAN_POINT('Ctrl Pts',(-8.74842822210914,4.45673213645619,-0.4));
#2035=CARTESIAN_POINT('Ctrl Pts',(-8.68072341138373,4.55665724126036,0.));
#2036=CARTESIAN_POINT('Ctrl Pts',(-8.68072341138373,4.55665724126036,-0.4));
#2037=CARTESIAN_POINT('Ctrl Pts',(-8.53172247207235,4.77656679151366,0.));
#2038=CARTESIAN_POINT('Ctrl Pts',(-8.53172247207235,4.77656679151366,-0.4));
#2039=CARTESIAN_POINT('Ctrl Pts',(-8.52050425638449,5.04317355087297,0.));
#2040=CARTESIAN_POINT('Ctrl Pts',(-8.52050425638449,5.04317355087297,-0.4));
#2041=CARTESIAN_POINT('Ctrl Pts',(-8.51438350634572,5.18863637473792,0.));
#2042=CARTESIAN_POINT('Ctrl Pts',(-8.51438350634572,5.18863637473792,-0.4));
#2043=CARTESIAN_POINT('',(-8.74842822210914,4.45673213645619,0.));
#2044=CARTESIAN_POINT('Ctrl Pts',(-8.74842822210914,4.45673213645619,0.));
#2045=CARTESIAN_POINT('Ctrl Pts',(-8.68072341138373,4.55665724126036,0.));
#2046=CARTESIAN_POINT('Ctrl Pts',(-8.53172247207235,4.77656679151366,0.));
#2047=CARTESIAN_POINT('Ctrl Pts',(-8.52050425638449,5.04317355087297,0.));
#2048=CARTESIAN_POINT('Ctrl Pts',(-8.51438350634572,5.18863637473792,0.));
#2049=CARTESIAN_POINT('',(-8.74842822210914,4.45673213645619,-0.4));
#2050=CARTESIAN_POINT('',(-8.74842822210914,4.45673213645619,0.));
#2051=CARTESIAN_POINT('Ctrl Pts',(-8.74842822210914,4.45673213645619,-0.4));
#2052=CARTESIAN_POINT('Ctrl Pts',(-8.68072341138373,4.55665724126036,-0.4));
#2053=CARTESIAN_POINT('Ctrl Pts',(-8.53172247207235,4.77656679151366,-0.4));
#2054=CARTESIAN_POINT('Ctrl Pts',(-8.52050425638449,5.04317355087297,-0.4));
#2055=CARTESIAN_POINT('Ctrl Pts',(-8.51438350634572,5.18863637473792,-0.4));
#2056=CARTESIAN_POINT('Ctrl Pts',(-9.33391724208965,4.20512916893634,0.));
#2057=CARTESIAN_POINT('Ctrl Pts',(-9.33391724208965,4.20512916893634,-0.4));
#2058=CARTESIAN_POINT('Ctrl Pts',(-9.22154306815601,4.21495145079976,0.));
#2059=CARTESIAN_POINT('Ctrl Pts',(-9.22154306815601,4.21495145079976,-0.4));
#2060=CARTESIAN_POINT('Ctrl Pts',(-8.99857952125482,4.23444001054858,0.));
#2061=CARTESIAN_POINT('Ctrl Pts',(-8.99857952125482,4.23444001054858,-0.4));
#2062=CARTESIAN_POINT('Ctrl Pts',(-8.83136581213361,4.38303124716576,0.));
#2063=CARTESIAN_POINT('Ctrl Pts',(-8.83136581213361,4.38303124716576,-0.4));
#2064=CARTESIAN_POINT('Ctrl Pts',(-8.74842822210914,4.45673213645619,0.));
#2065=CARTESIAN_POINT('Ctrl Pts',(-8.74842822210914,4.45673213645619,-0.4));
#2066=CARTESIAN_POINT('',(-9.33391724208965,4.20512916893634,0.));
#2067=CARTESIAN_POINT('Ctrl Pts',(-9.33391724208965,4.20512916893634,0.));
#2068=CARTESIAN_POINT('Ctrl Pts',(-9.22154306815601,4.21495145079976,0.));
#2069=CARTESIAN_POINT('Ctrl Pts',(-8.99857952125482,4.23444001054858,0.));
#2070=CARTESIAN_POINT('Ctrl Pts',(-8.83136581213361,4.38303124716576,0.));
#2071=CARTESIAN_POINT('Ctrl Pts',(-8.74842822210914,4.45673213645619,0.));
#2072=CARTESIAN_POINT('',(-9.33391724208965,4.20512916893634,-0.4));
#2073=CARTESIAN_POINT('',(-9.33391724208965,4.20512916893634,0.));
#2074=CARTESIAN_POINT('Ctrl Pts',(-9.33391724208965,4.20512916893634,-0.4));
#2075=CARTESIAN_POINT('Ctrl Pts',(-9.22154306815601,4.21495145079976,-0.4));
#2076=CARTESIAN_POINT('Ctrl Pts',(-8.99857952125482,4.23444001054858,-0.4));
#2077=CARTESIAN_POINT('Ctrl Pts',(-8.83136581213361,4.38303124716576,-0.4));
#2078=CARTESIAN_POINT('Ctrl Pts',(-8.74842822210914,4.45673213645619,-0.4));
#2079=CARTESIAN_POINT('Ctrl Pts',(-9.93579941974198,4.47117958122526,0.));
#2080=CARTESIAN_POINT('Ctrl Pts',(-9.93579941974198,4.47117958122526,-0.4));
#2081=CARTESIAN_POINT('Ctrl Pts',(-9.85040535301447,4.39390809643429,0.));
#2082=CARTESIAN_POINT('Ctrl Pts',(-9.85040535301447,4.39390809643429,-0.4));
#2083=CARTESIAN_POINT('Ctrl Pts',(-9.67913293617871,4.23892690793008,0.));
#2084=CARTESIAN_POINT('Ctrl Pts',(-9.67913293617871,4.23892690793008,-0.4));
#2085=CARTESIAN_POINT('Ctrl Pts',(-9.44920585115026,4.21641629864886,0.));
#2086=CARTESIAN_POINT('Ctrl Pts',(-9.44920585115026,4.21641629864886,-0.4));
#2087=CARTESIAN_POINT('Ctrl Pts',(-9.33391724208965,4.20512916893634,0.));
#2088=CARTESIAN_POINT('Ctrl Pts',(-9.33391724208965,4.20512916893634,-0.4));
#2089=CARTESIAN_POINT('',(-9.93579941974198,4.47117958122526,0.));
#2090=CARTESIAN_POINT('Ctrl Pts',(-9.93579941974198,4.47117958122526,0.));
#2091=CARTESIAN_POINT('Ctrl Pts',(-9.85040535301447,4.39390809643429,0.));
#2092=CARTESIAN_POINT('Ctrl Pts',(-9.67913293617871,4.23892690793008,0.));
#2093=CARTESIAN_POINT('Ctrl Pts',(-9.44920585115026,4.21641629864886,0.));
#2094=CARTESIAN_POINT('Ctrl Pts',(-9.33391724208965,4.20512916893634,0.));
#2095=CARTESIAN_POINT('',(-9.93579941974198,4.47117958122526,-0.4));
#2096=CARTESIAN_POINT('',(-9.93579941974198,4.47117958122526,0.));
#2097=CARTESIAN_POINT('Ctrl Pts',(-9.93579941974198,4.47117958122526,-0.4));
#2098=CARTESIAN_POINT('Ctrl Pts',(-9.85040535301447,4.39390809643429,-0.4));
#2099=CARTESIAN_POINT('Ctrl Pts',(-9.67913293617871,4.23892690793008,-0.4));
#2100=CARTESIAN_POINT('Ctrl Pts',(-9.44920585115026,4.21641629864886,-0.4));
#2101=CARTESIAN_POINT('Ctrl Pts',(-9.33391724208965,4.20512916893634,-0.4));
#2102=CARTESIAN_POINT('Ctrl Pts',(-10.1746802897354,5.20682604193654,0.));
#2103=CARTESIAN_POINT('Ctrl Pts',(-10.1746802897354,5.20682604193654,-0.4));
#2104=CARTESIAN_POINT('Ctrl Pts',(-10.1685571683385,5.06243775811875,0.));
#2105=CARTESIAN_POINT('Ctrl Pts',(-10.1685571683385,5.06243775811875,-0.4));
#2106=CARTESIAN_POINT('Ctrl Pts',(-10.1571720076234,4.79396622046761,0.));
#2107=CARTESIAN_POINT('Ctrl Pts',(-10.1571720076234,4.79396622046761,-0.4));
#2108=CARTESIAN_POINT('Ctrl Pts',(-10.0057734249247,4.57320971143882,0.));
#2109=CARTESIAN_POINT('Ctrl Pts',(-10.0057734249247,4.57320971143882,-0.4));
#2110=CARTESIAN_POINT('Ctrl Pts',(-9.93579941974198,4.47117958122526,0.));
#2111=CARTESIAN_POINT('Ctrl Pts',(-9.93579941974198,4.47117958122526,-0.4));
#2112=CARTESIAN_POINT('',(-10.1746802897354,5.20682604193654,0.));
#2113=CARTESIAN_POINT('Ctrl Pts',(-10.1746802897354,5.20682604193654,0.));
#2114=CARTESIAN_POINT('Ctrl Pts',(-10.1685571683385,5.06243775811875,0.));
#2115=CARTESIAN_POINT('Ctrl Pts',(-10.1571720076234,4.79396622046761,0.));
#2116=CARTESIAN_POINT('Ctrl Pts',(-10.0057734249247,4.57320971143882,0.));
#2117=CARTESIAN_POINT('Ctrl Pts',(-9.93579941974198,4.47117958122526,0.));
#2118=CARTESIAN_POINT('',(-10.1746802897354,5.20682604193654,-0.4));
#2119=CARTESIAN_POINT('',(-10.1746802897354,5.20682604193654,0.));
#2120=CARTESIAN_POINT('Ctrl Pts',(-10.1746802897354,5.20682604193654,-0.4));
#2121=CARTESIAN_POINT('Ctrl Pts',(-10.1685571683385,5.06243775811875,-0.4));
#2122=CARTESIAN_POINT('Ctrl Pts',(-10.1571720076234,4.79396622046761,-0.4));
#2123=CARTESIAN_POINT('Ctrl Pts',(-10.0057734249247,4.57320971143882,-0.4));
#2124=CARTESIAN_POINT('Ctrl Pts',(-9.93579941974198,4.47117958122526,-0.4));
#2125=CARTESIAN_POINT('Ctrl Pts',(-9.96741182427511,5.83124906695868,0.));
#2126=CARTESIAN_POINT('Ctrl Pts',(-9.96741182427511,5.83124906695868,-0.4));
#2127=CARTESIAN_POINT('Ctrl Pts',(-10.0275545222251,5.73411121025615,0.));
#2128=CARTESIAN_POINT('Ctrl Pts',(-10.0275545222251,5.73411121025615,-0.4));
#2129=CARTESIAN_POINT('Ctrl Pts',(-10.1462920119173,5.54233555581961,0.));
#2130=CARTESIAN_POINT('Ctrl Pts',(-10.1462920119173,5.54233555581961,-0.4));
#2131=CARTESIAN_POINT('Ctrl Pts',(-10.1653001294328,5.31768634291778,0.));
#2132=CARTESIAN_POINT('Ctrl Pts',(-10.1653001294328,5.31768634291778,-0.4));
#2133=CARTESIAN_POINT('Ctrl Pts',(-10.1746802897354,5.20682604193654,0.));
#2134=CARTESIAN_POINT('Ctrl Pts',(-10.1746802897354,5.20682604193654,-0.4));
#2135=CARTESIAN_POINT('Ctrl Pts',(-9.96741182427511,5.83124906695868,0.));
#2136=CARTESIAN_POINT('Ctrl Pts',(-10.0275545222251,5.73411121025615,0.));
#2137=CARTESIAN_POINT('Ctrl Pts',(-10.1462920119173,5.54233555581961,0.));
#2138=CARTESIAN_POINT('Ctrl Pts',(-10.1653001294328,5.31768634291778,0.));
#2139=CARTESIAN_POINT('Ctrl Pts',(-10.1746802897354,5.20682604193654,0.));
#2140=CARTESIAN_POINT('Ctrl Pts',(-9.96741182427511,5.83124906695868,-0.4));
#2141=CARTESIAN_POINT('Ctrl Pts',(-10.0275545222251,5.73411121025615,-0.4));
#2142=CARTESIAN_POINT('Ctrl Pts',(-10.1462920119173,5.54233555581961,-0.4));
#2143=CARTESIAN_POINT('Ctrl Pts',(-10.1653001294328,5.31768634291778,-0.4));
#2144=CARTESIAN_POINT('Ctrl Pts',(-10.1746802897354,5.20682604193654,-0.4));
#2145=CARTESIAN_POINT('Ctrl Pts',(-11.2995626012308,5.10129002086556,0.));
#2146=CARTESIAN_POINT('Ctrl Pts',(-11.2995626012308,5.10129002086556,-0.4));
#2147=CARTESIAN_POINT('Ctrl Pts',(-11.2893153969022,5.25847310176512,0.));
#2148=CARTESIAN_POINT('Ctrl Pts',(-11.2893153969022,5.25847310176512,-0.4));
#2149=CARTESIAN_POINT('Ctrl Pts',(-11.2689729636057,5.57050809550396,0.));
#2150=CARTESIAN_POINT('Ctrl Pts',(-11.2689729636057,5.57050809550396,-0.4));
#2151=CARTESIAN_POINT('Ctrl Pts',(-11.1271980204429,5.84914768121424,0.));
#2152=CARTESIAN_POINT('Ctrl Pts',(-11.1271980204429,5.84914768121424,-0.4));
#2153=CARTESIAN_POINT('Ctrl Pts',(-11.0568401388528,5.98742663615765,0.));
#2154=CARTESIAN_POINT('Ctrl Pts',(-11.0568401388528,5.98742663615765,-0.4));
#2155=CARTESIAN_POINT('',(-11.2995626012308,5.10129002086556,-0.4));
#2156=CARTESIAN_POINT('',(-11.2995626012308,5.10129002086556,0.));
#2157=CARTESIAN_POINT('',(-11.0568401388528,5.98742663615765,-0.4));
#2158=CARTESIAN_POINT('Ctrl Pts',(-11.2995626012308,5.10129002086556,-0.4));
#2159=CARTESIAN_POINT('Ctrl Pts',(-11.2893153969022,5.25847310176512,-0.4));
#2160=CARTESIAN_POINT('Ctrl Pts',(-11.2689729636057,5.57050809550396,-0.4));
#2161=CARTESIAN_POINT('Ctrl Pts',(-11.1271980204429,5.84914768121424,-0.4));
#2162=CARTESIAN_POINT('Ctrl Pts',(-11.0568401388528,5.98742663615765,-0.4));
#2163=CARTESIAN_POINT('',(-11.0568401388528,5.98742663615765,0.));
#2164=CARTESIAN_POINT('Ctrl Pts',(-10.6672157734733,3.71874846674244,0.));
#2165=CARTESIAN_POINT('Ctrl Pts',(-10.6672157734733,3.71874846674244,-0.4));
#2166=CARTESIAN_POINT('Ctrl Pts',(-10.8524065897728,3.90591242555055,0.));
#2167=CARTESIAN_POINT('Ctrl Pts',(-10.8524065897728,3.90591242555055,-0.4));
#2168=CARTESIAN_POINT('Ctrl Pts',(-11.2312491854658,4.28879145482373,0.));
#2169=CARTESIAN_POINT('Ctrl Pts',(-11.2312491854658,4.28879145482373,-0.4));
#2170=CARTESIAN_POINT('Ctrl Pts',(-11.2764549252517,4.82645449423716,0.));
#2171=CARTESIAN_POINT('Ctrl Pts',(-11.2764549252517,4.82645449423716,-0.4));
#2172=CARTESIAN_POINT('Ctrl Pts',(-11.2995626012308,5.10129002086556,0.));
#2173=CARTESIAN_POINT('Ctrl Pts',(-11.2995626012308,5.10129002086556,-0.4));
#2174=CARTESIAN_POINT('',(-10.6672157734733,3.71874846674244,-0.4));
#2175=CARTESIAN_POINT('',(-10.6672157734733,3.71874846674244,0.));
#2176=CARTESIAN_POINT('Ctrl Pts',(-10.6672157734733,3.71874846674244,-0.4));
#2177=CARTESIAN_POINT('Ctrl Pts',(-10.8524065897728,3.90591242555055,-0.4));
#2178=CARTESIAN_POINT('Ctrl Pts',(-11.2312491854658,4.28879145482373,-0.4));
#2179=CARTESIAN_POINT('Ctrl Pts',(-11.2764549252517,4.82645449423716,-0.4));
#2180=CARTESIAN_POINT('Ctrl Pts',(-11.2995626012308,5.10129002086556,-0.4));
#2181=CARTESIAN_POINT('Ctrl Pts',(-9.31694094241187,3.28760554972179,0.));
#2182=CARTESIAN_POINT('Ctrl Pts',(-9.31694094241187,3.28760554972179,-0.4));
#2183=CARTESIAN_POINT('Ctrl Pts',(-9.57171681505637,3.30286996476581,0.));
#2184=CARTESIAN_POINT('Ctrl Pts',(-9.57171681505637,3.30286996476581,-0.4));
#2185=CARTESIAN_POINT('Ctrl Pts',(-10.0593492761839,3.33208554235691,0.));
#2186=CARTESIAN_POINT('Ctrl Pts',(-10.0593492761839,3.33208554235691,-0.4));
#2187=CARTESIAN_POINT('Ctrl Pts',(-10.4707579384952,3.59378194641301,0.));
#2188=CARTESIAN_POINT('Ctrl Pts',(-10.4707579384952,3.59378194641301,-0.4));
#2189=CARTESIAN_POINT('Ctrl Pts',(-10.6672157734733,3.71874846674244,0.));
#2190=CARTESIAN_POINT('Ctrl Pts',(-10.6672157734733,3.71874846674244,-0.4));
#2191=CARTESIAN_POINT('',(-9.31694094241187,3.28760554972179,-0.4));
#2192=CARTESIAN_POINT('',(-9.31694094241187,3.28760554972179,0.));
#2193=CARTESIAN_POINT('Ctrl Pts',(-9.31694094241187,3.28760554972179,-0.4));
#2194=CARTESIAN_POINT('Ctrl Pts',(-9.57171681505637,3.30286996476581,-0.4));
#2195=CARTESIAN_POINT('Ctrl Pts',(-10.0593492761839,3.33208554235691,-0.4));
#2196=CARTESIAN_POINT('Ctrl Pts',(-10.4707579384952,3.59378194641301,-0.4));
#2197=CARTESIAN_POINT('Ctrl Pts',(-10.6672157734733,3.71874846674244,-0.4));
#2198=CARTESIAN_POINT('Ctrl Pts',(-7.9165721645541,3.7981010433648,0.));
#2199=CARTESIAN_POINT('Ctrl Pts',(-7.9165721645541,3.7981010433648,-0.4));
#2200=CARTESIAN_POINT('Ctrl Pts',(-8.1131557431262,3.64853192682412,0.));
#2201=CARTESIAN_POINT('Ctrl Pts',(-8.1131557431262,3.64853192682412,-0.4));
#2202=CARTESIAN_POINT('Ctrl Pts',(-8.52591767263367,3.33448516062682,0.));
#2203=CARTESIAN_POINT('Ctrl Pts',(-8.52591767263367,3.33448516062682,-0.4));
#2204=CARTESIAN_POINT('Ctrl Pts',(-9.04505168467224,3.30371893487627,0.));
#2205=CARTESIAN_POINT('Ctrl Pts',(-9.04505168467224,3.30371893487627,-0.4));
#2206=CARTESIAN_POINT('Ctrl Pts',(-9.31694094241187,3.28760554972179,0.));
#2207=CARTESIAN_POINT('Ctrl Pts',(-9.31694094241187,3.28760554972179,-0.4));
#2208=CARTESIAN_POINT('',(-7.9165721645541,3.7981010433648,-0.4));
#2209=CARTESIAN_POINT('',(-7.9165721645541,3.7981010433648,0.));
#2210=CARTESIAN_POINT('Ctrl Pts',(-7.9165721645541,3.7981010433648,-0.4));
#2211=CARTESIAN_POINT('Ctrl Pts',(-8.1131557431262,3.64853192682412,-0.4));
#2212=CARTESIAN_POINT('Ctrl Pts',(-8.52591767263367,3.33448516062682,-0.4));
#2213=CARTESIAN_POINT('Ctrl Pts',(-9.04505168467224,3.30371893487627,-0.4));
#2214=CARTESIAN_POINT('Ctrl Pts',(-9.31694094241187,3.28760554972179,-0.4));
#2215=CARTESIAN_POINT('Ctrl Pts',(-7.38601529473041,5.13583688132143,0.));
#2216=CARTESIAN_POINT('Ctrl Pts',(-7.38601529473041,5.13583688132143,-0.4));
#2217=CARTESIAN_POINT('Ctrl Pts',(-7.4059459356979,4.87699341264262,0.));
#2218=CARTESIAN_POINT('Ctrl Pts',(-7.4059459356979,4.87699341264262,-0.4));
#2219=CARTESIAN_POINT('Ctrl Pts',(-7.44458338994709,4.37520058545302,0.));
#2220=CARTESIAN_POINT('Ctrl Pts',(-7.44458338994709,4.37520058545302,-0.4));
#2221=CARTESIAN_POINT('Ctrl Pts',(-7.76260026365093,3.98636211711524,0.));
#2222=CARTESIAN_POINT('Ctrl Pts',(-7.76260026365093,3.98636211711524,-0.4));
#2223=CARTESIAN_POINT('Ctrl Pts',(-7.9165721645541,3.7981010433648,0.));
#2224=CARTESIAN_POINT('Ctrl Pts',(-7.9165721645541,3.7981010433648,-0.4));
#2225=CARTESIAN_POINT('',(-7.38601529473041,5.13583688132143,-0.4));
#2226=CARTESIAN_POINT('',(-7.38601529473041,5.13583688132143,0.));
#2227=CARTESIAN_POINT('Ctrl Pts',(-7.38601529473041,5.13583688132143,-0.4));
#2228=CARTESIAN_POINT('Ctrl Pts',(-7.4059459356979,4.87699341264262,-0.4));
#2229=CARTESIAN_POINT('Ctrl Pts',(-7.44458338994709,4.37520058545302,-0.4));
#2230=CARTESIAN_POINT('Ctrl Pts',(-7.76260026365093,3.98636211711524,-0.4));
#2231=CARTESIAN_POINT('Ctrl Pts',(-7.9165721645541,3.7981010433648,-0.4));
#2232=CARTESIAN_POINT('Ctrl Pts',(-7.64060508879145,6.01768490324741,0.));
#2233=CARTESIAN_POINT('Ctrl Pts',(-7.64060508879145,6.01768490324741,-0.4));
#2234=CARTESIAN_POINT('Ctrl Pts',(-7.56591359822604,5.8835828357229,0.));
#2235=CARTESIAN_POINT('Ctrl Pts',(-7.56591359822604,5.8835828357229,-0.4));
#2236=CARTESIAN_POINT('Ctrl Pts',(-7.41323163492351,5.60945566544456,0.));
#2237=CARTESIAN_POINT('Ctrl Pts',(-7.41323163492351,5.60945566544456,-0.4));
#2238=CARTESIAN_POINT('Ctrl Pts',(-7.39521715375733,5.29596764295517,0.));
#2239=CARTESIAN_POINT('Ctrl Pts',(-7.39521715375733,5.29596764295517,-0.4));
#2240=CARTESIAN_POINT('Ctrl Pts',(-7.38601529473041,5.13583688132143,0.));
#2241=CARTESIAN_POINT('Ctrl Pts',(-7.38601529473041,5.13583688132143,-0.4));
#2242=CARTESIAN_POINT('',(-7.64060508879145,6.01768490324741,-0.4));
#2243=CARTESIAN_POINT('',(-7.64060508879145,6.01768490324741,0.));
#2244=CARTESIAN_POINT('Ctrl Pts',(-7.64060508879145,6.01768490324741,-0.4));
#2245=CARTESIAN_POINT('Ctrl Pts',(-7.56591359822604,5.8835828357229,-0.4));
#2246=CARTESIAN_POINT('Ctrl Pts',(-7.41323163492351,5.60945566544456,-0.4));
#2247=CARTESIAN_POINT('Ctrl Pts',(-7.39521715375733,5.29596764295517,-0.4));
#2248=CARTESIAN_POINT('Ctrl Pts',(-7.38601529473041,5.13583688132143,-0.4));
#2249=CARTESIAN_POINT('Ctrl Pts',(-8.39154368568582,6.6009213122108,0.));
#2250=CARTESIAN_POINT('Ctrl Pts',(-8.39154368568582,6.6009213122108,-0.4));
#2251=CARTESIAN_POINT('Ctrl Pts',(-8.23847013693739,6.52913169487927,0.));
#2252=CARTESIAN_POINT('Ctrl Pts',(-8.23847013693739,6.52913169487927,-0.4));
#2253=CARTESIAN_POINT('Ctrl Pts',(-7.94391144947869,6.39098728242373,0.));
#2254=CARTESIAN_POINT('Ctrl Pts',(-7.94391144947869,6.39098728242373,-0.4));
#2255=CARTESIAN_POINT('Ctrl Pts',(-7.73902029372755,6.13881203710154,0.));
#2256=CARTESIAN_POINT('Ctrl Pts',(-7.73902029372755,6.13881203710154,-0.4));
#2257=CARTESIAN_POINT('Ctrl Pts',(-7.64060508879145,6.01768490324741,0.));
#2258=CARTESIAN_POINT('Ctrl Pts',(-7.64060508879145,6.01768490324741,-0.4));
#2259=CARTESIAN_POINT('',(-8.39154368568582,6.6009213122108,-0.4));
#2260=CARTESIAN_POINT('',(-8.39154368568582,6.6009213122108,0.));
#2261=CARTESIAN_POINT('Ctrl Pts',(-8.39154368568582,6.6009213122108,-0.4));
#2262=CARTESIAN_POINT('Ctrl Pts',(-8.23847013693739,6.52913169487927,-0.4));
#2263=CARTESIAN_POINT('Ctrl Pts',(-7.94391144947869,6.39098728242373,-0.4));
#2264=CARTESIAN_POINT('Ctrl Pts',(-7.73902029372755,6.13881203710154,-0.4));
#2265=CARTESIAN_POINT('Ctrl Pts',(-7.64060508879145,6.01768490324741,-0.4));
#2266=CARTESIAN_POINT('Ctrl Pts',(-7.78489055415778,7.09196244976487,0.));
#2267=CARTESIAN_POINT('Ctrl Pts',(-7.78489055415778,7.09196244976487,-0.4));
#2268=CARTESIAN_POINT('Ctrl Pts',(-7.86577510564545,6.990364020801,0.));
#2269=CARTESIAN_POINT('Ctrl Pts',(-7.86577510564545,6.990364020801,-0.4));
#2270=CARTESIAN_POINT('Ctrl Pts',(-8.03160885483318,6.78206159373954,0.));
#2271=CARTESIAN_POINT('Ctrl Pts',(-8.03160885483318,6.78206159373954,-0.4));
#2272=CARTESIAN_POINT('Ctrl Pts',(-8.26962082177228,6.66228003607137,0.));
#2273=CARTESIAN_POINT('Ctrl Pts',(-8.26962082177228,6.66228003607137,-0.4));
#2274=CARTESIAN_POINT('Ctrl Pts',(-8.39154368568582,6.6009213122108,0.));
#2275=CARTESIAN_POINT('Ctrl Pts',(-8.39154368568582,6.6009213122108,-0.4));
#2276=CARTESIAN_POINT('',(-7.78489055415778,7.09196244976487,-0.4));
#2277=CARTESIAN_POINT('',(-7.78489055415778,7.09196244976487,0.));
#2278=CARTESIAN_POINT('Ctrl Pts',(-7.78489055415778,7.09196244976487,-0.4));
#2279=CARTESIAN_POINT('Ctrl Pts',(-7.86577510564545,6.990364020801,-0.4));
#2280=CARTESIAN_POINT('Ctrl Pts',(-8.03160885483318,6.78206159373954,-0.4));
#2281=CARTESIAN_POINT('Ctrl Pts',(-8.26962082177228,6.66228003607137,-0.4));
#2282=CARTESIAN_POINT('Ctrl Pts',(-8.39154368568582,6.6009213122108,-0.4));
#2283=CARTESIAN_POINT('Ctrl Pts',(-7.567068532682,7.82798511604979,0.));
#2284=CARTESIAN_POINT('Ctrl Pts',(-7.567068532682,7.82798511604979,-0.4));
#2285=CARTESIAN_POINT('Ctrl Pts',(-7.57587374788891,7.69477060290787,0.));
#2286=CARTESIAN_POINT('Ctrl Pts',(-7.57587374788891,7.69477060290787,-0.4));
#2287=CARTESIAN_POINT('Ctrl Pts',(-7.59318249823272,7.43290570852843,0.));
#2288=CARTESIAN_POINT('Ctrl Pts',(-7.59318249823272,7.43290570852843,-0.4));
#2289=CARTESIAN_POINT('Ctrl Pts',(-7.72173472896734,7.2042819490495,0.));
#2290=CARTESIAN_POINT('Ctrl Pts',(-7.72173472896734,7.2042819490495,-0.4));
#2291=CARTESIAN_POINT('Ctrl Pts',(-7.78489055415778,7.09196244976487,0.));
#2292=CARTESIAN_POINT('Ctrl Pts',(-7.78489055415778,7.09196244976487,-0.4));
#2293=CARTESIAN_POINT('',(-7.567068532682,7.82798511604979,-0.4));
#2294=CARTESIAN_POINT('',(-7.567068532682,7.82798511604979,0.));
#2295=CARTESIAN_POINT('Ctrl Pts',(-7.567068532682,7.82798511604979,-0.4));
#2296=CARTESIAN_POINT('Ctrl Pts',(-7.57587374788891,7.69477060290787,-0.4));
#2297=CARTESIAN_POINT('Ctrl Pts',(-7.59318249823272,7.43290570852843,-0.4));
#2298=CARTESIAN_POINT('Ctrl Pts',(-7.72173472896734,7.2042819490495,-0.4));
#2299=CARTESIAN_POINT('Ctrl Pts',(-7.78489055415778,7.09196244976487,-0.4));
#2300=CARTESIAN_POINT('Ctrl Pts',(-8.03196035384153,8.9298107619038,0.));
#2301=CARTESIAN_POINT('Ctrl Pts',(-8.03196035384153,8.9298107619038,-0.4));
#2302=CARTESIAN_POINT('Ctrl Pts',(-7.89577425299338,8.77362635177216,0.));
#2303=CARTESIAN_POINT('Ctrl Pts',(-7.89577425299338,8.77362635177216,-0.4));
#2304=CARTESIAN_POINT('Ctrl Pts',(-7.62020926798736,8.45759590249681,0.));
#2305=CARTESIAN_POINT('Ctrl Pts',(-7.62020926798736,8.45759590249681,-0.4));
#2306=CARTESIAN_POINT('Ctrl Pts',(-7.58491840814856,8.03947022377188,0.));
#2307=CARTESIAN_POINT('Ctrl Pts',(-7.58491840814856,8.03947022377188,-0.4));
#2308=CARTESIAN_POINT('Ctrl Pts',(-7.567068532682,7.82798511604979,0.));
#2309=CARTESIAN_POINT('Ctrl Pts',(-7.567068532682,7.82798511604979,-0.4));
#2310=CARTESIAN_POINT('',(-8.03196035384153,8.9298107619038,-0.4));
#2311=CARTESIAN_POINT('',(-8.03196035384153,8.9298107619038,0.));
#2312=CARTESIAN_POINT('Ctrl Pts',(-8.03196035384153,8.9298107619038,-0.4));
#2313=CARTESIAN_POINT('Ctrl Pts',(-7.89577425299338,8.77362635177216,-0.4));
#2314=CARTESIAN_POINT('Ctrl Pts',(-7.62020926798736,8.45759590249681,-0.4));
#2315=CARTESIAN_POINT('Ctrl Pts',(-7.58491840814856,8.03947022377188,-0.4));
#2316=CARTESIAN_POINT('Ctrl Pts',(-7.567068532682,7.82798511604979,-0.4));
#2317=CARTESIAN_POINT('Ctrl Pts',(-9.34769969893716,9.36894745617446,0.));
#2318=CARTESIAN_POINT('Ctrl Pts',(-9.34769969893716,9.36894745617446,-0.4));
#2319=CARTESIAN_POINT('Ctrl Pts',(-9.0880828444799,9.35627459000141,0.));
#2320=CARTESIAN_POINT('Ctrl Pts',(-9.0880828444799,9.35627459000141,-0.4));
#2321=CARTESIAN_POINT('Ctrl Pts',(-8.6064309178795,9.33276336450507,0.));
#2322=CARTESIAN_POINT('Ctrl Pts',(-8.6064309178795,9.33276336450507,-0.4));
#2323=CARTESIAN_POINT('Ctrl Pts',(-8.21322363333658,9.05695480513409,0.));
#2324=CARTESIAN_POINT('Ctrl Pts',(-8.21322363333658,9.05695480513409,-0.4));
#2325=CARTESIAN_POINT('Ctrl Pts',(-8.03196035384153,8.9298107619038,0.));
#2326=CARTESIAN_POINT('Ctrl Pts',(-8.03196035384153,8.9298107619038,-0.4));
#2327=CARTESIAN_POINT('',(-9.34769969893716,9.36894745617446,-0.4));
#2328=CARTESIAN_POINT('',(-9.34769969893716,9.36894745617446,0.));
#2329=CARTESIAN_POINT('Ctrl Pts',(-9.34769969893716,9.36894745617446,-0.4));
#2330=CARTESIAN_POINT('Ctrl Pts',(-9.0880828444799,9.35627459000141,-0.4));
#2331=CARTESIAN_POINT('Ctrl Pts',(-8.6064309178795,9.33276336450507,-0.4));
#2332=CARTESIAN_POINT('Ctrl Pts',(-8.21322363333658,9.05695480513409,-0.4));
#2333=CARTESIAN_POINT('Ctrl Pts',(-8.03196035384153,8.9298107619038,-0.4));
#2334=CARTESIAN_POINT('Ctrl Pts',(-10.6706436674533,8.93936326587766,0.));
#2335=CARTESIAN_POINT('Ctrl Pts',(-10.6706436674533,8.93936326587766,-0.4));
#2336=CARTESIAN_POINT('Ctrl Pts',(-10.4887941273459,9.06517244590623,0.));
#2337=CARTESIAN_POINT('Ctrl Pts',(-10.4887941273459,9.06517244590623,-0.4));
#2338=CARTESIAN_POINT('Ctrl Pts',(-10.0926233028815,9.33925577076725,0.));
#2339=CARTESIAN_POINT('Ctrl Pts',(-10.0926233028815,9.33925577076725,-0.4));
#2340=CARTESIAN_POINT('Ctrl Pts',(-9.60921492777997,9.35852379948956,0.));
#2341=CARTESIAN_POINT('Ctrl Pts',(-9.60921492777997,9.35852379948956,-0.4));
#2342=CARTESIAN_POINT('Ctrl Pts',(-9.34769969893716,9.36894745617446,0.));
#2343=CARTESIAN_POINT('Ctrl Pts',(-9.34769969893716,9.36894745617446,-0.4));
#2344=CARTESIAN_POINT('',(-10.6706436674533,8.93936326587766,-0.4));
#2345=CARTESIAN_POINT('',(-10.6706436674533,8.93936326587766,0.));
#2346=CARTESIAN_POINT('Ctrl Pts',(-10.6706436674533,8.93936326587766,-0.4));
#2347=CARTESIAN_POINT('Ctrl Pts',(-10.4887941273459,9.06517244590623,-0.4));
#2348=CARTESIAN_POINT('Ctrl Pts',(-10.0926233028815,9.33925577076725,-0.4));
#2349=CARTESIAN_POINT('Ctrl Pts',(-9.60921492777997,9.35852379948956,-0.4));
#2350=CARTESIAN_POINT('Ctrl Pts',(-9.34769969893716,9.36894745617446,-0.4));
#2351=CARTESIAN_POINT('Ctrl Pts',(-11.1394405674736,7.84091773963611,0.));
#2352=CARTESIAN_POINT('Ctrl Pts',(-11.1394405674736,7.84091773963611,-0.4));
#2353=CARTESIAN_POINT('Ctrl Pts',(-11.1203264958663,8.05216911582459,0.));
#2354=CARTESIAN_POINT('Ctrl Pts',(-11.1203264958663,8.05216911582459,-0.4));
#2355=CARTESIAN_POINT('Ctrl Pts',(-11.0825849403348,8.46929403349456,0.));
#2356=CARTESIAN_POINT('Ctrl Pts',(-11.0825849403348,8.46929403349456,-0.4));
#2357=CARTESIAN_POINT('Ctrl Pts',(-10.8067721080373,8.78402609579219,0.));
#2358=CARTESIAN_POINT('Ctrl Pts',(-10.8067721080373,8.78402609579219,-0.4));
#2359=CARTESIAN_POINT('Ctrl Pts',(-10.6706436674533,8.93936326587766,0.));
#2360=CARTESIAN_POINT('Ctrl Pts',(-10.6706436674533,8.93936326587766,-0.4));
#2361=CARTESIAN_POINT('',(-11.1394405674736,7.84091773963611,-0.4));
#2362=CARTESIAN_POINT('',(-11.1394405674736,7.84091773963611,0.));
#2363=CARTESIAN_POINT('Ctrl Pts',(-11.1394405674736,7.84091773963611,-0.4));
#2364=CARTESIAN_POINT('Ctrl Pts',(-11.1203264958663,8.05216911582459,-0.4));
#2365=CARTESIAN_POINT('Ctrl Pts',(-11.0825849403348,8.46929403349456,-0.4));
#2366=CARTESIAN_POINT('Ctrl Pts',(-10.8067721080373,8.78402609579219,-0.4));
#2367=CARTESIAN_POINT('Ctrl Pts',(-10.6706436674533,8.93936326587766,-0.4));
#2368=CARTESIAN_POINT('Ctrl Pts',(-10.9410888291232,7.1236863488919,0.));
#2369=CARTESIAN_POINT('Ctrl Pts',(-10.9410888291232,7.1236863488919,-0.4));
#2370=CARTESIAN_POINT('Ctrl Pts',(-10.9992929409062,7.23571885677522,0.));
#2371=CARTESIAN_POINT('Ctrl Pts',(-10.9992929409062,7.23571885677522,-0.4));
#2372=CARTESIAN_POINT('Ctrl Pts',(-11.116188061916,7.46072106306088,0.));
#2373=CARTESIAN_POINT('Ctrl Pts',(-11.116188061916,7.46072106306088,-0.4));
#2374=CARTESIAN_POINT('Ctrl Pts',(-11.1316682393496,7.7138340877393,0.));
#2375=CARTESIAN_POINT('Ctrl Pts',(-11.1316682393496,7.7138340877393,-0.4));
#2376=CARTESIAN_POINT('Ctrl Pts',(-11.1394405674736,7.84091773963611,0.));
#2377=CARTESIAN_POINT('Ctrl Pts',(-11.1394405674736,7.84091773963611,-0.4));
#2378=CARTESIAN_POINT('',(-10.9410888291232,7.1236863488919,-0.4));
#2379=CARTESIAN_POINT('',(-10.9410888291232,7.1236863488919,0.));
#2380=CARTESIAN_POINT('Ctrl Pts',(-10.9410888291232,7.1236863488919,-0.4));
#2381=CARTESIAN_POINT('Ctrl Pts',(-10.9992929409062,7.23571885677522,-0.4));
#2382=CARTESIAN_POINT('Ctrl Pts',(-11.116188061916,7.46072106306088,-0.4));
#2383=CARTESIAN_POINT('Ctrl Pts',(-11.1316682393496,7.7138340877393,-0.4));
#2384=CARTESIAN_POINT('Ctrl Pts',(-11.1394405674736,7.84091773963611,-0.4));
#2385=CARTESIAN_POINT('Ctrl Pts',(-10.2995146053678,6.60782850705993,0.));
#2386=CARTESIAN_POINT('Ctrl Pts',(-10.2995146053678,6.60782850705993,-0.4));
#2387=CARTESIAN_POINT('Ctrl Pts',(-10.4343656134801,6.67275217518647,0.));
#2388=CARTESIAN_POINT('Ctrl Pts',(-10.4343656134801,6.67275217518647,-0.4));
#2389=CARTESIAN_POINT('Ctrl Pts',(-10.6887789638782,6.79523882292769,0.));
#2390=CARTESIAN_POINT('Ctrl Pts',(-10.6887789638782,6.79523882292769,-0.4));
#2391=CARTESIAN_POINT('Ctrl Pts',(-10.8604238044688,7.01867964313406,0.));
#2392=CARTESIAN_POINT('Ctrl Pts',(-10.8604238044688,7.01867964313406,-0.4));
#2393=CARTESIAN_POINT('Ctrl Pts',(-10.9410888291232,7.1236863488919,0.));
#2394=CARTESIAN_POINT('Ctrl Pts',(-10.9410888291232,7.1236863488919,-0.4));
#2395=CARTESIAN_POINT('',(-10.2995146053678,6.60782850705993,-0.4));
#2396=CARTESIAN_POINT('',(-10.2995146053678,6.60782850705993,0.));
#2397=CARTESIAN_POINT('Ctrl Pts',(-10.2995146053678,6.60782850705993,-0.4));
#2398=CARTESIAN_POINT('Ctrl Pts',(-10.4343656134801,6.67275217518647,-0.4));
#2399=CARTESIAN_POINT('Ctrl Pts',(-10.6887789638782,6.79523882292769,-0.4));
#2400=CARTESIAN_POINT('Ctrl Pts',(-10.8604238044688,7.01867964313406,-0.4));
#2401=CARTESIAN_POINT('Ctrl Pts',(-10.9410888291232,7.1236863488919,-0.4));
#2402=CARTESIAN_POINT('Ctrl Pts',(-11.0568401388528,5.98742663615765,0.));
#2403=CARTESIAN_POINT('Ctrl Pts',(-11.0568401388528,5.98742663615765,-0.4));
#2404=CARTESIAN_POINT('Ctrl Pts',(-10.9612794396098,6.11556986218742,0.));
#2405=CARTESIAN_POINT('Ctrl Pts',(-10.9612794396098,6.11556986218742,-0.4));
#2406=CARTESIAN_POINT('Ctrl Pts',(-10.7606404643408,6.38461901902634,0.));
#2407=CARTESIAN_POINT('Ctrl Pts',(-10.7606404643408,6.38461901902634,-0.4));
#2408=CARTESIAN_POINT('Ctrl Pts',(-10.4580084753952,6.53110902820861,0.));
#2409=CARTESIAN_POINT('Ctrl Pts',(-10.4580084753952,6.53110902820861,-0.4));
#2410=CARTESIAN_POINT('Ctrl Pts',(-10.2995146053678,6.60782850705993,0.));
#2411=CARTESIAN_POINT('Ctrl Pts',(-10.2995146053678,6.60782850705993,-0.4));
#2412=CARTESIAN_POINT('Ctrl Pts',(-11.0568401388528,5.98742663615765,-0.4));
#2413=CARTESIAN_POINT('Ctrl Pts',(-10.9612794396098,6.11556986218742,-0.4));
#2414=CARTESIAN_POINT('Ctrl Pts',(-10.7606404643408,6.38461901902634,-0.4));
#2415=CARTESIAN_POINT('Ctrl Pts',(-10.4580084753952,6.53110902820861,-0.4));
#2416=CARTESIAN_POINT('Ctrl Pts',(-10.2995146053678,6.60782850705993,-0.4));
#2417=CARTESIAN_POINT('Origin',(-12.2139140333046,6.32998573695084,-0.4));
#2418=CARTESIAN_POINT('Origin',(-14.8845493830784,8.35786198056501,0.));
#2419=CARTESIAN_POINT('',(-14.8845493830784,8.35786198056501,0.));
#2420=CARTESIAN_POINT('',(-15.8222968559479,8.36125679358211,0.));
#2421=CARTESIAN_POINT('',(-16.2088054209151,8.36265602348732,0.));
#2422=CARTESIAN_POINT('',(-14.8845493830784,8.35786198056501,-0.4));
#2423=CARTESIAN_POINT('',(-14.8845493830784,8.35786198056501,0.));
#2424=CARTESIAN_POINT('',(-15.8222968559479,8.36125679358211,-0.4));
#2425=CARTESIAN_POINT('',(-14.8845493830784,8.35786198056501,-0.4));
#2426=CARTESIAN_POINT('',(-15.8222968559479,8.36125679358211,0.));
#2427=CARTESIAN_POINT('Ctrl Pts',(-14.0077679914114,8.33438997689034,0.));
#2428=CARTESIAN_POINT('Ctrl Pts',(-14.0077679914114,8.33438997689034,-0.4));
#2429=CARTESIAN_POINT('Ctrl Pts',(-14.105153971646,8.34052222729334,0.));
#2430=CARTESIAN_POINT('Ctrl Pts',(-14.105153971646,8.34052222729334,-0.4));
#2431=CARTESIAN_POINT('Ctrl Pts',(-14.3970555987198,8.35890283881409,0.));
#2432=CARTESIAN_POINT('Ctrl Pts',(-14.3970555987198,8.35890283881409,-0.4));
#2433=CARTESIAN_POINT('Ctrl Pts',(-14.6896032455126,8.35827821417029,0.));
#2434=CARTESIAN_POINT('Ctrl Pts',(-14.6896032455126,8.35827821417029,-0.4));
#2435=CARTESIAN_POINT('Ctrl Pts',(-14.8845493830784,8.35786198056501,0.));
#2436=CARTESIAN_POINT('Ctrl Pts',(-14.8845493830784,8.35786198056501,-0.4));
#2437=CARTESIAN_POINT('',(-14.0077679914114,8.33438997689034,0.));
#2438=CARTESIAN_POINT('Ctrl Pts',(-14.0077679914114,8.33438997689034,0.));
#2439=CARTESIAN_POINT('Ctrl Pts',(-14.105153971646,8.34052222729334,0.));
#2440=CARTESIAN_POINT('Ctrl Pts',(-14.3970555987198,8.35890283881409,0.));
#2441=CARTESIAN_POINT('Ctrl Pts',(-14.6896032455126,8.35827821417029,0.));
#2442=CARTESIAN_POINT('Ctrl Pts',(-14.8845493830784,8.35786198056501,0.));
#2443=CARTESIAN_POINT('',(-14.0077679914114,8.33438997689034,-0.4));
#2444=CARTESIAN_POINT('',(-14.0077679914114,8.33438997689034,0.));
#2445=CARTESIAN_POINT('Ctrl Pts',(-14.0077679914114,8.33438997689034,-0.4));
#2446=CARTESIAN_POINT('Ctrl Pts',(-14.105153971646,8.34052222729334,-0.4));
#2447=CARTESIAN_POINT('Ctrl Pts',(-14.3970555987198,8.35890283881409,-0.4));
#2448=CARTESIAN_POINT('Ctrl Pts',(-14.6896032455126,8.35827821417029,-0.4));
#2449=CARTESIAN_POINT('Ctrl Pts',(-14.8845493830784,8.35786198056501,-0.4));
#2450=CARTESIAN_POINT('Ctrl Pts',(-13.555977419783,8.09932947305501,0.));
#2451=CARTESIAN_POINT('Ctrl Pts',(-13.555977419783,8.09932947305501,-0.4));
#2452=CARTESIAN_POINT('Ctrl Pts',(-13.6170429669528,8.15580691388351,0.));
#2453=CARTESIAN_POINT('Ctrl Pts',(-13.6170429669528,8.15580691388351,-0.4));
#2454=CARTESIAN_POINT('Ctrl Pts',(-13.745909573829,8.27499124124878,0.));
#2455=CARTESIAN_POINT('Ctrl Pts',(-13.745909573829,8.27499124124878,-0.4));
#2456=CARTESIAN_POINT('Ctrl Pts',(-13.9174924595274,8.31391229852206,0.));
#2457=CARTESIAN_POINT('Ctrl Pts',(-13.9174924595274,8.31391229852206,-0.4));
#2458=CARTESIAN_POINT('Ctrl Pts',(-14.0077679914114,8.33438997689034,0.));
#2459=CARTESIAN_POINT('Ctrl Pts',(-14.0077679914114,8.33438997689034,-0.4));
#2460=CARTESIAN_POINT('',(-13.555977419783,8.09932947305501,0.));
#2461=CARTESIAN_POINT('Ctrl Pts',(-13.555977419783,8.09932947305501,0.));
#2462=CARTESIAN_POINT('Ctrl Pts',(-13.6170429669528,8.15580691388351,0.));
#2463=CARTESIAN_POINT('Ctrl Pts',(-13.745909573829,8.27499124124878,0.));
#2464=CARTESIAN_POINT('Ctrl Pts',(-13.9174924595274,8.31391229852206,0.));
#2465=CARTESIAN_POINT('Ctrl Pts',(-14.0077679914114,8.33438997689034,0.));
#2466=CARTESIAN_POINT('',(-13.555977419783,8.09932947305501,-0.4));
#2467=CARTESIAN_POINT('',(-13.555977419783,8.09932947305501,0.));
#2468=CARTESIAN_POINT('Ctrl Pts',(-13.555977419783,8.09932947305501,-0.4));
#2469=CARTESIAN_POINT('Ctrl Pts',(-13.6170429669528,8.15580691388351,-0.4));
#2470=CARTESIAN_POINT('Ctrl Pts',(-13.745909573829,8.27499124124878,-0.4));
#2471=CARTESIAN_POINT('Ctrl Pts',(-13.9174924595274,8.31391229852206,-0.4));
#2472=CARTESIAN_POINT('Ctrl Pts',(-14.0077679914114,8.33438997689034,-0.4));
#2473=CARTESIAN_POINT('Ctrl Pts',(-13.3973826703365,7.61363710164749,0.));
#2474=CARTESIAN_POINT('Ctrl Pts',(-13.3973826703365,7.61363710164749,-0.4));
#2475=CARTESIAN_POINT('Ctrl Pts',(-13.4020858719467,7.706995922665,0.));
#2476=CARTESIAN_POINT('Ctrl Pts',(-13.4020858719467,7.706995922665,-0.4));
#2477=CARTESIAN_POINT('Ctrl Pts',(-13.4109906797481,7.88375686693906,0.));
#2478=CARTESIAN_POINT('Ctrl Pts',(-13.4109906797481,7.88375686693906,-0.4));
#2479=CARTESIAN_POINT('Ctrl Pts',(-13.509498101724,8.0302219965916,0.));
#2480=CARTESIAN_POINT('Ctrl Pts',(-13.509498101724,8.0302219965916,-0.4));
#2481=CARTESIAN_POINT('Ctrl Pts',(-13.555977419783,8.09932947305501,0.));
#2482=CARTESIAN_POINT('Ctrl Pts',(-13.555977419783,8.09932947305501,-0.4));
#2483=CARTESIAN_POINT('',(-13.3973826703365,7.61363710164749,0.));
#2484=CARTESIAN_POINT('Ctrl Pts',(-13.3973826703365,7.61363710164749,0.));
#2485=CARTESIAN_POINT('Ctrl Pts',(-13.4020858719467,7.706995922665,0.));
#2486=CARTESIAN_POINT('Ctrl Pts',(-13.4109906797481,7.88375686693906,0.));
#2487=CARTESIAN_POINT('Ctrl Pts',(-13.509498101724,8.0302219965916,0.));
#2488=CARTESIAN_POINT('Ctrl Pts',(-13.555977419783,8.09932947305501,0.));
#2489=CARTESIAN_POINT('',(-13.3973826703365,7.61363710164749,-0.4));
#2490=CARTESIAN_POINT('',(-13.3973826703365,7.61363710164749,0.));
#2491=CARTESIAN_POINT('Ctrl Pts',(-13.3973826703365,7.61363710164749,-0.4));
#2492=CARTESIAN_POINT('Ctrl Pts',(-13.4020858719467,7.706995922665,-0.4));
#2493=CARTESIAN_POINT('Ctrl Pts',(-13.4109906797481,7.88375686693906,-0.4));
#2494=CARTESIAN_POINT('Ctrl Pts',(-13.509498101724,8.0302219965916,-0.4));
#2495=CARTESIAN_POINT('Ctrl Pts',(-13.555977419783,8.09932947305501,-0.4));
#2496=CARTESIAN_POINT('Ctrl Pts',(-13.5207847463438,7.16753155701761,0.));
#2497=CARTESIAN_POINT('Ctrl Pts',(-13.5207847463438,7.16753155701761,-0.4));
#2498=CARTESIAN_POINT('Ctrl Pts',(-13.4850580117575,7.23296225285577,0.));
#2499=CARTESIAN_POINT('Ctrl Pts',(-13.4850580117575,7.23296225285577,-0.4));
#2500=CARTESIAN_POINT('Ctrl Pts',(-13.4092749233749,7.37175300054298,0.));
#2501=CARTESIAN_POINT('Ctrl Pts',(-13.4092749233749,7.37175300054298,-0.4));
#2502=CARTESIAN_POINT('Ctrl Pts',(-13.4014949164435,7.52999551162155,0.));
#2503=CARTESIAN_POINT('Ctrl Pts',(-13.4014949164435,7.52999551162155,-0.4));
#2504=CARTESIAN_POINT('Ctrl Pts',(-13.3973826703365,7.61363710164749,0.));
#2505=CARTESIAN_POINT('Ctrl Pts',(-13.3973826703365,7.61363710164749,-0.4));
#2506=CARTESIAN_POINT('',(-13.5207847463438,7.16753155701761,0.));
#2507=CARTESIAN_POINT('Ctrl Pts',(-13.5207847463438,7.16753155701761,0.));
#2508=CARTESIAN_POINT('Ctrl Pts',(-13.4850580117575,7.23296225285577,0.));
#2509=CARTESIAN_POINT('Ctrl Pts',(-13.4092749233749,7.37175300054298,0.));
#2510=CARTESIAN_POINT('Ctrl Pts',(-13.4014949164435,7.52999551162155,0.));
#2511=CARTESIAN_POINT('Ctrl Pts',(-13.3973826703365,7.61363710164749,0.));
#2512=CARTESIAN_POINT('',(-13.5207847463438,7.16753155701761,-0.4));
#2513=CARTESIAN_POINT('',(-13.5207847463438,7.16753155701761,0.));
#2514=CARTESIAN_POINT('Ctrl Pts',(-13.5207847463438,7.16753155701761,-0.4));
#2515=CARTESIAN_POINT('Ctrl Pts',(-13.4850580117575,7.23296225285577,-0.4));
#2516=CARTESIAN_POINT('Ctrl Pts',(-13.4092749233749,7.37175300054298,-0.4));
#2517=CARTESIAN_POINT('Ctrl Pts',(-13.4014949164435,7.52999551162155,-0.4));
#2518=CARTESIAN_POINT('Ctrl Pts',(-13.3973826703365,7.61363710164749,-0.4));
#2519=CARTESIAN_POINT('Ctrl Pts',(-13.8586354797292,6.91706134818427,0.));
#2520=CARTESIAN_POINT('Ctrl Pts',(-13.8586354797292,6.91706134818427,-0.4));
#2521=CARTESIAN_POINT('Ctrl Pts',(-13.7909873191015,6.9451616667956,0.));
#2522=CARTESIAN_POINT('Ctrl Pts',(-13.7909873191015,6.9451616667956,-0.4));
#2523=CARTESIAN_POINT('Ctrl Pts',(-13.6574878554491,7.00061590868884,0.));
#2524=CARTESIAN_POINT('Ctrl Pts',(-13.6574878554491,7.00061590868884,-0.4));
#2525=CARTESIAN_POINT('Ctrl Pts',(-13.5659417227235,7.11239450828241,0.));
#2526=CARTESIAN_POINT('Ctrl Pts',(-13.5659417227235,7.11239450828241,-0.4));
#2527=CARTESIAN_POINT('Ctrl Pts',(-13.5207847463438,7.16753155701761,0.));
#2528=CARTESIAN_POINT('Ctrl Pts',(-13.5207847463438,7.16753155701761,-0.4));
#2529=CARTESIAN_POINT('',(-13.8586354797292,6.91706134818427,0.));
#2530=CARTESIAN_POINT('Ctrl Pts',(-13.8586354797292,6.91706134818427,0.));
#2531=CARTESIAN_POINT('Ctrl Pts',(-13.7909873191015,6.9451616667956,0.));
#2532=CARTESIAN_POINT('Ctrl Pts',(-13.6574878554491,7.00061590868884,0.));
#2533=CARTESIAN_POINT('Ctrl Pts',(-13.5659417227235,7.11239450828241,0.));
#2534=CARTESIAN_POINT('Ctrl Pts',(-13.5207847463438,7.16753155701761,0.));
#2535=CARTESIAN_POINT('',(-13.8586354797292,6.91706134818427,-0.4));
#2536=CARTESIAN_POINT('',(-13.8586354797292,6.91706134818427,0.));
#2537=CARTESIAN_POINT('Ctrl Pts',(-13.8586354797292,6.91706134818427,-0.4));
#2538=CARTESIAN_POINT('Ctrl Pts',(-13.7909873191015,6.9451616667956,-0.4));
#2539=CARTESIAN_POINT('Ctrl Pts',(-13.6574878554491,7.00061590868884,-0.4));
#2540=CARTESIAN_POINT('Ctrl Pts',(-13.5659417227235,7.11239450828241,-0.4));
#2541=CARTESIAN_POINT('Ctrl Pts',(-13.5207847463438,7.16753155701761,-0.4));
#2542=CARTESIAN_POINT('Ctrl Pts',(-14.9387306145649,6.84789928807091,0.));
#2543=CARTESIAN_POINT('Ctrl Pts',(-14.9387306145649,6.84789928807091,-0.4));
#2544=CARTESIAN_POINT('Ctrl Pts',(-14.7038807825871,6.84421048083876,0.));
#2545=CARTESIAN_POINT('Ctrl Pts',(-14.7038807825871,6.84421048083876,-0.4));
#2546=CARTESIAN_POINT('Ctrl Pts',(-14.3415022366009,6.83851856873495,0.));
#2547=CARTESIAN_POINT('Ctrl Pts',(-14.3415022366009,6.83851856873495,-0.4));
#2548=CARTESIAN_POINT('Ctrl Pts',(-13.9843314666429,6.89661572413304,0.));
#2549=CARTESIAN_POINT('Ctrl Pts',(-13.9843314666429,6.89661572413304,-0.4));
#2550=CARTESIAN_POINT('Ctrl Pts',(-13.8586354797292,6.91706134818427,0.));
#2551=CARTESIAN_POINT('Ctrl Pts',(-13.8586354797292,6.91706134818427,-0.4));
#2552=CARTESIAN_POINT('',(-14.9387306145649,6.84789928807091,0.));
#2553=CARTESIAN_POINT('Ctrl Pts',(-14.9387306145649,6.84789928807091,0.));
#2554=CARTESIAN_POINT('Ctrl Pts',(-14.7038807825871,6.84421048083876,0.));
#2555=CARTESIAN_POINT('Ctrl Pts',(-14.3415022366009,6.83851856873495,0.));
#2556=CARTESIAN_POINT('Ctrl Pts',(-13.9843314666429,6.89661572413304,0.));
#2557=CARTESIAN_POINT('Ctrl Pts',(-13.8586354797292,6.91706134818427,0.));
#2558=CARTESIAN_POINT('',(-14.9387306145649,6.84789928807091,-0.4));
#2559=CARTESIAN_POINT('',(-14.9387306145649,6.84789928807091,0.));
#2560=CARTESIAN_POINT('Ctrl Pts',(-14.9387306145649,6.84789928807091,-0.4));
#2561=CARTESIAN_POINT('Ctrl Pts',(-14.7038807825871,6.84421048083876,-0.4));
#2562=CARTESIAN_POINT('Ctrl Pts',(-14.3415022366009,6.83851856873495,-0.4));
#2563=CARTESIAN_POINT('Ctrl Pts',(-13.9843314666429,6.89661572413304,-0.4));
#2564=CARTESIAN_POINT('Ctrl Pts',(-13.8586354797292,6.91706134818427,-0.4));
#2565=CARTESIAN_POINT('Origin',(-15.8277638284986,6.85111774678674,0.));
#2566=CARTESIAN_POINT('',(-15.8277638284986,6.85111774678674,0.));
#2567=CARTESIAN_POINT('',(-16.6831461299006,6.8542143832005,0.));
#2568=CARTESIAN_POINT('',(-15.8277638284986,6.85111774678674,-0.4));
#2569=CARTESIAN_POINT('',(-15.8277638284986,6.85111774678674,0.));
#2570=CARTESIAN_POINT('',(-15.8277638284986,6.85111774678674,-0.4));
#2571=CARTESIAN_POINT('Origin',(-15.8222968559479,8.36125679358211,0.));
#2572=CARTESIAN_POINT('',(-15.805766126572,12.9275317603773,0.));
#2573=CARTESIAN_POINT('',(-15.8222968559479,8.36125679358211,-0.4));
#2574=CARTESIAN_POINT('Origin',(-15.8312027303608,5.90119163467797,0.));
#2575=CARTESIAN_POINT('',(-15.8312027303608,5.90119163467797,-0.4));
#2576=CARTESIAN_POINT('',(-15.8312027303608,5.90119163467797,0.));
#2577=CARTESIAN_POINT('',(-15.8401967813848,3.4167694953166,-0.4));
#2578=CARTESIAN_POINT('',(-15.8312027303608,5.90119163467798,-0.4));
#2579=CARTESIAN_POINT('',(-15.8401967813848,3.4167694953166,0.));
#2580=CARTESIAN_POINT('Origin',(-15.5876318827139,5.90030986478992,0.));
#2581=CARTESIAN_POINT('',(-15.5876318827139,5.90030986478992,-0.4));
#2582=CARTESIAN_POINT('',(-15.5876318827139,5.90030986478992,0.));
#2583=CARTESIAN_POINT('',(-15.5876318827139,5.90030986478992,-0.4));
#2584=CARTESIAN_POINT('Ctrl Pts',(-14.9830069708851,5.83113806819682,0.));
#2585=CARTESIAN_POINT('Ctrl Pts',(-14.9830069708851,5.83113806819682,-0.4));
#2586=CARTESIAN_POINT('Ctrl Pts',(-15.0648126392393,5.85082516507084,0.));
#2587=CARTESIAN_POINT('Ctrl Pts',(-15.0648126392393,5.85082516507084,-0.4));
#2588=CARTESIAN_POINT('Ctrl Pts',(-15.2631911253843,5.89856631251248,0.));
#2589=CARTESIAN_POINT('Ctrl Pts',(-15.2631911253843,5.89856631251248,-0.4));
#2590=CARTESIAN_POINT('Ctrl Pts',(-15.4675467368026,5.89966452438521,0.));
#2591=CARTESIAN_POINT('Ctrl Pts',(-15.4675467368026,5.89966452438521,-0.4));
#2592=CARTESIAN_POINT('Ctrl Pts',(-15.5876318827139,5.90030986478992,0.));
#2593=CARTESIAN_POINT('Ctrl Pts',(-15.5876318827139,5.90030986478992,-0.4));
#2594=CARTESIAN_POINT('',(-14.9830069708851,5.83113806819682,-0.4));
#2595=CARTESIAN_POINT('',(-14.9830069708851,5.83113806819682,0.));
#2596=CARTESIAN_POINT('Ctrl Pts',(-14.9830069708851,5.83113806819682,-0.4));
#2597=CARTESIAN_POINT('Ctrl Pts',(-15.0648126392393,5.85082516507084,-0.4));
#2598=CARTESIAN_POINT('Ctrl Pts',(-15.2631911253843,5.89856631251248,-0.4));
#2599=CARTESIAN_POINT('Ctrl Pts',(-15.4675467368026,5.89966452438521,-0.4));
#2600=CARTESIAN_POINT('Ctrl Pts',(-15.5876318827139,5.90030986478992,-0.4));
#2601=CARTESIAN_POINT('Ctrl Pts',(-14.6226068845848,5.58220006390735,0.));
#2602=CARTESIAN_POINT('Ctrl Pts',(-14.6226068845848,5.58220006390735,-0.4));
#2603=CARTESIAN_POINT('Ctrl Pts',(-14.6782001398671,5.63718906394071,0.));
#2604=CARTESIAN_POINT('Ctrl Pts',(-14.6782001398671,5.63718906394071,-0.4));
#2605=CARTESIAN_POINT('Ctrl Pts',(-14.7837433144072,5.74158506663635,0.));
#2606=CARTESIAN_POINT('Ctrl Pts',(-14.7837433144072,5.74158506663635,-0.4));
#2607=CARTESIAN_POINT('Ctrl Pts',(-14.9189963881063,5.80237045487082,0.));
#2608=CARTESIAN_POINT('Ctrl Pts',(-14.9189963881063,5.80237045487082,-0.4));
#2609=CARTESIAN_POINT('Ctrl Pts',(-14.9830069708851,5.83113806819682,0.));
#2610=CARTESIAN_POINT('Ctrl Pts',(-14.9830069708851,5.83113806819682,-0.4));
#2611=CARTESIAN_POINT('',(-14.6226068845848,5.58220006390735,-0.4));
#2612=CARTESIAN_POINT('',(-14.6226068845848,5.58220006390735,0.));
#2613=CARTESIAN_POINT('Ctrl Pts',(-14.6226068845848,5.58220006390735,-0.4));
#2614=CARTESIAN_POINT('Ctrl Pts',(-14.6782001398671,5.63718906394071,-0.4));
#2615=CARTESIAN_POINT('Ctrl Pts',(-14.7837433144072,5.74158506663635,-0.4));
#2616=CARTESIAN_POINT('Ctrl Pts',(-14.9189963881063,5.80237045487082,-0.4));
#2617=CARTESIAN_POINT('Ctrl Pts',(-14.9830069708851,5.83113806819682,-0.4));
#2618=CARTESIAN_POINT('Ctrl Pts',(-13.9924897342131,4.70508211444599,0.));
#2619=CARTESIAN_POINT('Ctrl Pts',(-13.9924897342131,4.70508211444599,-0.4));
#2620=CARTESIAN_POINT('Ctrl Pts',(-14.1179325153597,4.8969157588529,0.));
#2621=CARTESIAN_POINT('Ctrl Pts',(-14.1179325153597,4.8969157588529,-0.4));
#2622=CARTESIAN_POINT('Ctrl Pts',(-14.3152204646178,5.19861878199873,0.));
#2623=CARTESIAN_POINT('Ctrl Pts',(-14.3152204646178,5.19861878199873,-0.4));
#2624=CARTESIAN_POINT('Ctrl Pts',(-14.5405499856287,5.47980292321914,0.));
#2625=CARTESIAN_POINT('Ctrl Pts',(-14.5405499856287,5.47980292321914,-0.4));
#2626=CARTESIAN_POINT('Ctrl Pts',(-14.6226068845848,5.58220006390735,0.));
#2627=CARTESIAN_POINT('Ctrl Pts',(-14.6226068845848,5.58220006390735,-0.4));
#2628=CARTESIAN_POINT('',(-13.9924897342131,4.70508211444599,-0.4));
#2629=CARTESIAN_POINT('',(-13.9924897342131,4.70508211444599,0.));
#2630=CARTESIAN_POINT('Ctrl Pts',(-13.9924897342131,4.70508211444599,-0.4));
#2631=CARTESIAN_POINT('Ctrl Pts',(-14.1179325153597,4.8969157588529,-0.4));
#2632=CARTESIAN_POINT('Ctrl Pts',(-14.3152204646178,5.19861878199873,-0.4));
#2633=CARTESIAN_POINT('Ctrl Pts',(-14.5405499856287,5.47980292321914,-0.4));
#2634=CARTESIAN_POINT('Ctrl Pts',(-14.6226068845848,5.58220006390735,-0.4));
#2635=CARTESIAN_POINT('Origin',(-13.1284419303588,3.40695245935138,0.));
#2636=CARTESIAN_POINT('',(-13.1284419303588,3.40695245935138,-0.4));
#2637=CARTESIAN_POINT('',(-13.1284419303588,3.40695245935138,0.));
#2638=CARTESIAN_POINT('',(-13.1284419303588,3.40695245935138,-0.4));
#2639=CARTESIAN_POINT('Origin',(-11.6913741229564,3.40175001771312,0.));
#2640=CARTESIAN_POINT('',(-11.6913741229564,3.40175001771312,-0.4));
#2641=CARTESIAN_POINT('',(-11.6913741229564,3.40175001771312,0.));
#2642=CARTESIAN_POINT('',(-11.6913741229564,3.40175001771312,-0.4));
#2643=CARTESIAN_POINT('Origin',(-12.4138237698157,4.56540116897722,0.));
#2644=CARTESIAN_POINT('',(-12.4138237698157,4.56540116897722,-0.4));
#2645=CARTESIAN_POINT('',(-12.4138237698157,4.56540116897722,0.));
#2646=CARTESIAN_POINT('',(-12.4138237698157,4.56540116897722,-0.4));
#2647=CARTESIAN_POINT('Ctrl Pts',(-13.0943543372804,5.53404216832301,0.));
#2648=CARTESIAN_POINT('Ctrl Pts',(-13.0943543372804,5.53404216832301,-0.4));
#2649=CARTESIAN_POINT('Ctrl Pts',(-12.9932095889902,5.40949040901798,0.));
#2650=CARTESIAN_POINT('Ctrl Pts',(-12.9932095889902,5.40949040901798,-0.4));
#2651=CARTESIAN_POINT('Ctrl Pts',(-12.7439957360002,5.10260325612292,0.));
#2652=CARTESIAN_POINT('Ctrl Pts',(-12.7439957360002,5.10260325612292,-0.4));
#2653=CARTESIAN_POINT('Ctrl Pts',(-12.5368803129763,4.765618748279,0.));
#2654=CARTESIAN_POINT('Ctrl Pts',(-12.5368803129763,4.765618748279,-0.4));
#2655=CARTESIAN_POINT('Ctrl Pts',(-12.4138237698157,4.56540116897722,0.));
#2656=CARTESIAN_POINT('Ctrl Pts',(-12.4138237698157,4.56540116897722,-0.4));
#2657=CARTESIAN_POINT('',(-13.0943543372804,5.53404216832301,-0.4));
#2658=CARTESIAN_POINT('',(-13.0943543372804,5.53404216832301,0.));
#2659=CARTESIAN_POINT('Ctrl Pts',(-13.0943543372804,5.53404216832301,-0.4));
#2660=CARTESIAN_POINT('Ctrl Pts',(-12.9932095889902,5.40949040901798,-0.4));
#2661=CARTESIAN_POINT('Ctrl Pts',(-12.7439957360002,5.10260325612292,-0.4));
#2662=CARTESIAN_POINT('Ctrl Pts',(-12.5368803129763,4.765618748279,-0.4));
#2663=CARTESIAN_POINT('Ctrl Pts',(-12.4138237698157,4.56540116897722,-0.4));
#2664=CARTESIAN_POINT('Ctrl Pts',(-13.7359797001803,6.03569154696008,0.));
#2665=CARTESIAN_POINT('Ctrl Pts',(-13.7359797001803,6.03569154696008,-0.4));
#2666=CARTESIAN_POINT('Ctrl Pts',(-13.6143223743151,5.96004663227764,0.));
#2667=CARTESIAN_POINT('Ctrl Pts',(-13.6143223743151,5.96004663227764,-0.4));
#2668=CARTESIAN_POINT('Ctrl Pts',(-13.3823491164613,5.81580873148396,0.));
#2669=CARTESIAN_POINT('Ctrl Pts',(-13.3823491164613,5.81580873148396,-0.4));
#2670=CARTESIAN_POINT('Ctrl Pts',(-13.1871717951962,5.62485234270407,0.));
#2671=CARTESIAN_POINT('Ctrl Pts',(-13.1871717951962,5.62485234270407,-0.4));
#2672=CARTESIAN_POINT('Ctrl Pts',(-13.0943543372804,5.53404216832301,0.));
#2673=CARTESIAN_POINT('Ctrl Pts',(-13.0943543372804,5.53404216832301,-0.4));
#2674=CARTESIAN_POINT('',(-13.7359797001803,6.03569154696008,-0.4));
#2675=CARTESIAN_POINT('',(-13.7359797001803,6.03569154696008,0.));
#2676=CARTESIAN_POINT('Ctrl Pts',(-13.7359797001803,6.03569154696008,-0.4));
#2677=CARTESIAN_POINT('Ctrl Pts',(-13.6143223743151,5.96004663227764,-0.4));
#2678=CARTESIAN_POINT('Ctrl Pts',(-13.3823491164613,5.81580873148396,-0.4));
#2679=CARTESIAN_POINT('Ctrl Pts',(-13.1871717951962,5.62485234270407,-0.4));
#2680=CARTESIAN_POINT('Ctrl Pts',(-13.0943543372804,5.53404216832301,-0.4));
#2681=CARTESIAN_POINT('Ctrl Pts',(-12.5567292493002,6.58149347938074,0.));
#2682=CARTESIAN_POINT('Ctrl Pts',(-12.5567292493002,6.58149347938074,-0.4));
#2683=CARTESIAN_POINT('Ctrl Pts',(-12.7138737793242,6.44890286597119,0.));
#2684=CARTESIAN_POINT('Ctrl Pts',(-12.7138737793242,6.44890286597119,-0.4));
#2685=CARTESIAN_POINT('Ctrl Pts',(-13.0557788953022,6.1604206066876,0.));
#2686=CARTESIAN_POINT('Ctrl Pts',(-13.0557788953022,6.1604206066876,-0.4));
#2687=CARTESIAN_POINT('Ctrl Pts',(-13.4973571758453,6.07944798311343,0.));
#2688=CARTESIAN_POINT('Ctrl Pts',(-13.4973571758453,6.07944798311343,-0.4));
#2689=CARTESIAN_POINT('Ctrl Pts',(-13.7359797001803,6.03569154696008,0.));
#2690=CARTESIAN_POINT('Ctrl Pts',(-13.7359797001803,6.03569154696008,-0.4));
#2691=CARTESIAN_POINT('',(-12.5567292493002,6.58149347938074,-0.4));
#2692=CARTESIAN_POINT('',(-12.5567292493002,6.58149347938074,0.));
#2693=CARTESIAN_POINT('Ctrl Pts',(-12.5567292493002,6.58149347938074,-0.4));
#2694=CARTESIAN_POINT('Ctrl Pts',(-12.7138737793242,6.44890286597119,-0.4));
#2695=CARTESIAN_POINT('Ctrl Pts',(-13.0557788953022,6.1604206066876,-0.4));
#2696=CARTESIAN_POINT('Ctrl Pts',(-13.4973571758453,6.07944798311343,-0.4));
#2697=CARTESIAN_POINT('Ctrl Pts',(-13.7359797001803,6.03569154696008,-0.4));
#2698=CARTESIAN_POINT('Ctrl Pts',(-12.1589520199344,7.68628535990198,0.));
#2699=CARTESIAN_POINT('Ctrl Pts',(-12.1589520199344,7.68628535990198,-0.4));
#2700=CARTESIAN_POINT('Ctrl Pts',(-12.1736205798988,7.47563601024323,0.));
#2701=CARTESIAN_POINT('Ctrl Pts',(-12.1736205798988,7.47563601024323,-0.4));
#2702=CARTESIAN_POINT('Ctrl Pts',(-12.2019358934043,7.06901106615803,0.));
#2703=CARTESIAN_POINT('Ctrl Pts',(-12.2019358934043,7.06901106615803,-0.4));
#2704=CARTESIAN_POINT('Ctrl Pts',(-12.4413446215467,6.7400422073623,0.));
#2705=CARTESIAN_POINT('Ctrl Pts',(-12.4413446215467,6.7400422073623,-0.4));
#2706=CARTESIAN_POINT('Ctrl Pts',(-12.5567292493002,6.58149347938074,0.));
#2707=CARTESIAN_POINT('Ctrl Pts',(-12.5567292493002,6.58149347938074,-0.4));
#2708=CARTESIAN_POINT('',(-12.1589520199344,7.68628535990198,-0.4));
#2709=CARTESIAN_POINT('',(-12.1589520199344,7.68628535990198,0.));
#2710=CARTESIAN_POINT('Ctrl Pts',(-12.1589520199344,7.68628535990198,-0.4));
#2711=CARTESIAN_POINT('Ctrl Pts',(-12.1736205798988,7.47563601024323,-0.4));
#2712=CARTESIAN_POINT('Ctrl Pts',(-12.2019358934043,7.06901106615803,-0.4));
#2713=CARTESIAN_POINT('Ctrl Pts',(-12.4413446215467,6.7400422073623,-0.4));
#2714=CARTESIAN_POINT('Ctrl Pts',(-12.5567292493002,6.58149347938074,-0.4));
#2715=CARTESIAN_POINT('Ctrl Pts',(-12.4153655945037,8.62497338544868,0.));
#2716=CARTESIAN_POINT('Ctrl Pts',(-12.4153655945037,8.62497338544868,-0.4));
#2717=CARTESIAN_POINT('Ctrl Pts',(-12.3401178041366,8.48125217039315,0.));
#2718=CARTESIAN_POINT('Ctrl Pts',(-12.3401178041366,8.48125217039315,-0.4));
#2719=CARTESIAN_POINT('Ctrl Pts',(-12.1862074988143,8.18728771000718,0.));
#2720=CARTESIAN_POINT('Ctrl Pts',(-12.1862074988143,8.18728771000718,-0.4));
#2721=CARTESIAN_POINT('Ctrl Pts',(-12.1681705714076,7.85573811371359,0.));
#2722=CARTESIAN_POINT('Ctrl Pts',(-12.1681705714076,7.85573811371359,-0.4));
#2723=CARTESIAN_POINT('Ctrl Pts',(-12.1589520199344,7.68628535990198,0.));
#2724=CARTESIAN_POINT('Ctrl Pts',(-12.1589520199344,7.68628535990198,-0.4));
#2725=CARTESIAN_POINT('',(-12.4153655945037,8.62497338544868,-0.4));
#2726=CARTESIAN_POINT('',(-12.4153655945037,8.62497338544868,0.));
#2727=CARTESIAN_POINT('Ctrl Pts',(-12.4153655945037,8.62497338544868,-0.4));
#2728=CARTESIAN_POINT('Ctrl Pts',(-12.3401178041366,8.48125217039315,-0.4));
#2729=CARTESIAN_POINT('Ctrl Pts',(-12.1862074988143,8.18728771000718,-0.4));
#2730=CARTESIAN_POINT('Ctrl Pts',(-12.1681705714076,7.85573811371359,-0.4));
#2731=CARTESIAN_POINT('Ctrl Pts',(-12.1589520199344,7.68628535990198,-0.4));
#2732=CARTESIAN_POINT('Ctrl Pts',(-13.1054483296109,9.19784113202468,0.));
#2733=CARTESIAN_POINT('Ctrl Pts',(-13.1054483296109,9.19784113202468,-0.4));
#2734=CARTESIAN_POINT('Ctrl Pts',(-12.9681765788187,9.13256336688472,0.));
#2735=CARTESIAN_POINT('Ctrl Pts',(-12.9681765788187,9.13256336688472,-0.4));
#2736=CARTESIAN_POINT('Ctrl Pts',(-12.6897658690683,9.00016883692021,0.));
#2737=CARTESIAN_POINT('Ctrl Pts',(-12.6897658690683,9.00016883692021,-0.4));
#2738=CARTESIAN_POINT('Ctrl Pts',(-12.5076754495182,8.75119132667492,0.));
#2739=CARTESIAN_POINT('Ctrl Pts',(-12.5076754495182,8.75119132667492,-0.4));
#2740=CARTESIAN_POINT('Ctrl Pts',(-12.4153655945037,8.62497338544868,0.));
#2741=CARTESIAN_POINT('Ctrl Pts',(-12.4153655945037,8.62497338544868,-0.4));
#2742=CARTESIAN_POINT('',(-13.1054483296109,9.19784113202468,-0.4));
#2743=CARTESIAN_POINT('',(-13.1054483296109,9.19784113202468,0.));
#2744=CARTESIAN_POINT('Ctrl Pts',(-13.1054483296109,9.19784113202468,-0.4));
#2745=CARTESIAN_POINT('Ctrl Pts',(-12.9681765788187,9.13256336688472,-0.4));
#2746=CARTESIAN_POINT('Ctrl Pts',(-12.6897658690683,9.00016883692021,-0.4));
#2747=CARTESIAN_POINT('Ctrl Pts',(-12.5076754495182,8.75119132667492,-0.4));
#2748=CARTESIAN_POINT('Ctrl Pts',(-12.4153655945037,8.62497338544868,-0.4));
#2749=CARTESIAN_POINT('Ctrl Pts',(-14.491191558368,9.36321021590043,0.));
#2750=CARTESIAN_POINT('Ctrl Pts',(-14.491191558368,9.36321021590043,-0.4));
#2751=CARTESIAN_POINT('Ctrl Pts',(-14.2149767463002,9.36182767210644,0.));
#2752=CARTESIAN_POINT('Ctrl Pts',(-14.2149767463002,9.36182767210644,-0.4));
#2753=CARTESIAN_POINT('Ctrl Pts',(-13.7459903335049,9.35948024457486,0.));
#2754=CARTESIAN_POINT('Ctrl Pts',(-13.7459903335049,9.35948024457486,-0.4));
#2755=CARTESIAN_POINT('Ctrl Pts',(-13.2920396589196,9.24492696979278,0.));
#2756=CARTESIAN_POINT('Ctrl Pts',(-13.2920396589196,9.24492696979278,-0.4));
#2757=CARTESIAN_POINT('Ctrl Pts',(-13.1054483296109,9.19784113202468,0.));
#2758=CARTESIAN_POINT('Ctrl Pts',(-13.1054483296109,9.19784113202468,-0.4));
#2759=CARTESIAN_POINT('',(-14.491191558368,9.36321021590043,-0.4));
#2760=CARTESIAN_POINT('',(-14.491191558368,9.36321021590043,0.));
#2761=CARTESIAN_POINT('Ctrl Pts',(-14.491191558368,9.36321021590043,-0.4));
#2762=CARTESIAN_POINT('Ctrl Pts',(-14.2149767463002,9.36182767210644,-0.4));
#2763=CARTESIAN_POINT('Ctrl Pts',(-13.7459903335049,9.35948024457486,-0.4));
#2764=CARTESIAN_POINT('Ctrl Pts',(-13.2920396589196,9.24492696979278,-0.4));
#2765=CARTESIAN_POINT('Ctrl Pts',(-13.1054483296109,9.19784113202468,-0.4));
#2766=CARTESIAN_POINT('Origin',(-17.0202681991536,9.37236592417989,0.));
#2767=CARTESIAN_POINT('',(-17.0202681991536,9.37236592417989,-0.4));
#2768=CARTESIAN_POINT('',(-17.0202681991536,9.37236592417989,0.));
#2769=CARTESIAN_POINT('',(-17.0202681991536,9.37236592417989,-0.4));
#2770=CARTESIAN_POINT('Origin',(-17.0418127718788,3.42111955940539,0.));
#2771=CARTESIAN_POINT('',(-17.0418127718788,3.42111955940539,-0.4));
#2772=CARTESIAN_POINT('',(-17.0418127718788,3.42111955940539,0.));
#2773=CARTESIAN_POINT('',(-17.0418127718788,3.42111955940539,-0.4));
#2774=CARTESIAN_POINT('Origin',(-15.8401967813848,3.4167694953166,0.));
#2775=CARTESIAN_POINT('',(-15.8401967813848,3.4167694953166,-0.4));
#2776=CARTESIAN_POINT('Origin',(-12.2139140333046,6.32998573695084,-0.4));
#2777=CARTESIAN_POINT('Origin',(-17.5,17.5,0.));
#2778=CARTESIAN_POINT('Origin',(-17.5,17.5,0.));
#2779=CARTESIAN_POINT('Origin',(-27.,27.,0.));
#2780=CARTESIAN_POINT('',(-27.,35.,-2.));
#2781=CARTESIAN_POINT('',(-27.,35.,0.));
#2782=CARTESIAN_POINT('',(-35.,27.,-2.));
#2783=CARTESIAN_POINT('Origin',(-27.,27.,-2.));
#2784=CARTESIAN_POINT('',(-35.,27.,0.));
#2785=CARTESIAN_POINT('Origin',(-35.,0.,0.));
#2786=CARTESIAN_POINT('',(-35.,0.,-2.));
#2787=CARTESIAN_POINT('Origin',(-27.,35.,0.));
#2788=CARTESIAN_POINT('',(-27.,35.,-2.));
#2789=CARTESIAN_POINT('Origin',(-17.5,17.5,0.));
#2790=CARTESIAN_POINT('Origin',(-17.5,17.5,-2.));
#2791=UNCERTAINTY_MEASURE_WITH_UNIT(LENGTH_MEASURE(0.01),#2795,
'DISTANCE_ACCURACY_VALUE',
'Maximum model space distance between geometric entities at asserted c
onnectivities');
#2792=UNCERTAINTY_MEASURE_WITH_UNIT(LENGTH_MEASURE(0.01),#2795,
'DISTANCE_ACCURACY_VALUE',
'Maximum model space distance between geometric entities at asserted c
onnectivities');
#2793=(
GEOMETRIC_REPRESENTATION_CONTEXT(3)
GLOBAL_UNCERTAINTY_ASSIGNED_CONTEXT((#2791))
GLOBAL_UNIT_ASSIGNED_CONTEXT((#2795,#2797,#2798))
REPRESENTATION_CONTEXT('','3D')
);
#2794=(
GEOMETRIC_REPRESENTATION_CONTEXT(3)
GLOBAL_UNCERTAINTY_ASSIGNED_CONTEXT((#2792))
GLOBAL_UNIT_ASSIGNED_CONTEXT((#2795,#2797,#2798))
REPRESENTATION_CONTEXT('','3D')
);
#2795=(
LENGTH_UNIT()
NAMED_UNIT(*)
SI_UNIT(.MILLI.,.METRE.)
);
#2796=(
LENGTH_UNIT()
NAMED_UNIT(*)
SI_UNIT($,.METRE.)
);
#2797=(
NAMED_UNIT(*)
PLANE_ANGLE_UNIT()
SI_UNIT($,.RADIAN.)
);
#2798=(
NAMED_UNIT(*)
SI_UNIT($,.STERADIAN.)
SOLID_ANGLE_UNIT()
);
#2799=SHAPE_DEFINITION_REPRESENTATION(#2800,#2801);
#2800=PRODUCT_DEFINITION_SHAPE('',$,#2803);
#2801=SHAPE_REPRESENTATION('',(#1375),#2793);
#2802=PRODUCT_DEFINITION_CONTEXT('part definition',#2807,'design');
#2803=PRODUCT_DEFINITION('Fillet Chips','Fillet Chips v3',#2804,#2802);
#2804=PRODUCT_DEFINITION_FORMATION('',$,#2809);
#2805=PRODUCT_RELATED_PRODUCT_CATEGORY('Fillet Chips v3',
'Fillet Chips v3',(#2809));
#2806=APPLICATION_PROTOCOL_DEFINITION('international standard',
'automotive_design',2009,#2807);
#2807=APPLICATION_CONTEXT(
'Core Data for Automotive Mechanical Design Process');
#2808=PRODUCT_CONTEXT('part definition',#2807,'mechanical');
#2809=PRODUCT('Fillet Chips','Fillet Chips v3',$,(#2808));
#2810=PRESENTATION_STYLE_ASSIGNMENT((#2811));
#2811=SURFACE_STYLE_USAGE(.BOTH.,#2812);
#2812=SURFACE_SIDE_STYLE('',(#2813));
#2813=SURFACE_STYLE_FILL_AREA(#2814);
#2814=FILL_AREA_STYLE('Steel - Satin',(#2815));
#2815=FILL_AREA_STYLE_COLOUR('Steel - Satin',#2816);
#2816=COLOUR_RGB('Steel - Satin',0.627450980392157,0.627450980392157,0.627450980392157);
ENDSEC;
END-ISO-10303-21;
