ISO-10303-21;
HEADER;
/* Generated by software containing ST-Developer
 * from STEP Tools, Inc. (www.steptools.com) 
 */

FILE_DESCRIPTION(
/* description */ (''),
/* implementation_level */ '2;1');

FILE_NAME(
/* name */ 'R09 Gauge.stp',
/* time_stamp */ '2025-04-23T18:43:36+10:00',
/* author */ (''),
/* organization */ (''),
/* preprocessor_version */ 'ST-DEVELOPER v20.1',
/* originating_system */ 'Autodesk Translation Framework v14.4.0.0',
/* authorisation */ '');

FILE_SCHEMA (('AUTOMOTIVE_DESIGN { 1 0 10303 214 3 1 1 }'));
ENDSEC;

DATA;
#10=MECHANICAL_DESIGN_GEOMETRIC_PRESENTATION_REPRESENTATION('',(#13),#2430);
#11=SHAPE_REPRESENTATION_RELATIONSHIP('SRR','None',#2437,#12);
#12=ADVANCED_BREP_SHAPE_REPRESENTATION('',(#14),#2429);
#13=STYLED_ITEM('',(#2446),#14);
#14=MANIFOLD_SOLID_BREP('Body1',#1206);
#15=CYLINDRICAL_SURFACE('',#1242,9.);
#16=B_SPLINE_SURFACE_WITH_KNOTS('',3,1,((#1611,#1612),(#1613,#1614),(#1615,
#1616),(#1617,#1618),(#1619,#1620)),.UNSPECIFIED.,.F.,.F.,.F.,(4,1,4),(2,
2),(0.,0.0309828447090829,0.0627732208402798),(0.,0.04),.UNSPECIFIED.);
#17=B_SPLINE_SURFACE_WITH_KNOTS('',3,1,((#1637,#1638),(#1639,#1640),(#1641,
#1642),(#1643,#1644),(#1645,#1646)),.UNSPECIFIED.,.F.,.F.,.F.,(4,1,4),(2,
2),(0.,0.0326193946438077,0.0645981409806405),(0.,0.04),.UNSPECIFIED.);
#18=B_SPLINE_SURFACE_WITH_KNOTS('',3,1,((#1660,#1661),(#1662,#1663),(#1664,
#1665),(#1666,#1667),(#1668,#1669)),.UNSPECIFIED.,.F.,.F.,.F.,(4,1,4),(2,
2),(0.,0.0503051619165448,0.0889303371441505),(0.,0.04),.UNSPECIFIED.);
#19=B_SPLINE_SURFACE_WITH_KNOTS('',3,1,((#1683,#1684),(#1685,#1686),(#1687,
#1688),(#1689,#1690),(#1691,#1692)),.UNSPECIFIED.,.F.,.F.,.F.,(4,1,4),(2,
2),(0.,0.0364752419986505,0.0856206825152632),(0.,0.04),.UNSPECIFIED.);
#20=B_SPLINE_SURFACE_WITH_KNOTS('',3,1,((#1706,#1707),(#1708,#1709),(#1710,
#1711),(#1712,#1713),(#1714,#1715)),.UNSPECIFIED.,.F.,.F.,.F.,(4,1,4),(2,
2),(0.,0.0296396401930452,0.0597624704873239),(0.,0.04),.UNSPECIFIED.);
#21=B_SPLINE_SURFACE_WITH_KNOTS('',3,1,((#1729,#1730),(#1731,#1732),(#1733,
#1734),(#1735,#1736),(#1737,#1738)),.UNSPECIFIED.,.F.,.F.,.F.,(4,1,4),(2,
2),(0.,0.0356303530315738,0.0678514397770769),(0.,0.04),.UNSPECIFIED.);
#22=B_SPLINE_SURFACE_WITH_KNOTS('',3,1,((#1752,#1753),(#1754,#1755),(#1756,
#1757),(#1758,#1759),(#1760,#1761)),.UNSPECIFIED.,.F.,.F.,.F.,(4,1,4),(2,
2),(0.,0.0494276352506763,0.0907120186056379),(0.,0.04),.UNSPECIFIED.);
#23=B_SPLINE_SURFACE_WITH_KNOTS('',3,1,((#1775,#1776),(#1777,#1778),(#1779,
#1780),(#1781,#1782),(#1783,#1784)),.UNSPECIFIED.,.F.,.F.,.F.,(4,1,4),(2,
2),(0.,0.0362497462163956,0.0808557752091552),(0.,0.04),.UNSPECIFIED.);
#24=B_SPLINE_SURFACE_WITH_KNOTS('',3,1,((#1795,#1796),(#1797,#1798),(#1799,
#1800),(#1801,#1802),(#1803,#1804)),.UNSPECIFIED.,.F.,.F.,.F.,(4,1,4),(2,
2),(0.,0.0638052251368827,0.120806164428872),(0.,0.04),.UNSPECIFIED.);
#25=B_SPLINE_SURFACE_WITH_KNOTS('',3,1,((#1814,#1815),(#1816,#1817),(#1818,
#1819),(#1820,#1821),(#1822,#1823)),.UNSPECIFIED.,.F.,.F.,.F.,(4,1,4),(2,
2),(0.,0.0882279595562032,0.177954393241448),(0.,0.04),.UNSPECIFIED.);
#26=B_SPLINE_SURFACE_WITH_KNOTS('',3,1,((#1831,#1832),(#1833,#1834),(#1835,
#1836),(#1837,#1838),(#1839,#1840)),.UNSPECIFIED.,.F.,.F.,.F.,(4,1,4),(2,
2),(0.,0.141271759784871,0.246541546209421),(0.,0.04),.UNSPECIFIED.);
#27=B_SPLINE_SURFACE_WITH_KNOTS('',3,1,((#1848,#1849),(#1850,#1851),(#1852,
#1853),(#1854,#1855),(#1856,#1857)),.UNSPECIFIED.,.F.,.F.,.F.,(4,1,4),(2,
2),(0.,0.102332322395415,0.240865255197448),(0.,0.04),.UNSPECIFIED.);
#28=B_SPLINE_SURFACE_WITH_KNOTS('',3,1,((#1865,#1866),(#1867,#1868),(#1869,
#1870),(#1871,#1872),(#1873,#1874)),.UNSPECIFIED.,.F.,.F.,.F.,(4,1,4),(2,
2),(0.,0.0842477008301454,0.168727934313449),(0.,0.04),.UNSPECIFIED.);
#29=B_SPLINE_SURFACE_WITH_KNOTS('',3,1,((#1882,#1883),(#1884,#1885),(#1886,
#1887),(#1888,#1889),(#1890,#1891)),.UNSPECIFIED.,.F.,.F.,.F.,(4,1,4),(2,
2),(0.,0.0739332986106184,0.151050427697437),(0.,0.04),.UNSPECIFIED.);
#30=B_SPLINE_SURFACE_WITH_KNOTS('',3,1,((#1899,#1900),(#1901,#1902),(#1903,
#1904),(#1905,#1906),(#1907,#1908)),.UNSPECIFIED.,.F.,.F.,.F.,(4,1,4),(2,
2),(0.,0.0828476046075142,0.158663133225949),(0.,0.04),.UNSPECIFIED.);
#31=B_SPLINE_SURFACE_WITH_KNOTS('',3,1,((#1916,#1917),(#1918,#1919),(#1920,
#1921),(#1922,#1923),(#1924,#1925)),.UNSPECIFIED.,.F.,.F.,.F.,(4,1,4),(2,
2),(0.,0.0731395522308114,0.152867822932666),(0.,0.04),.UNSPECIFIED.);
#32=B_SPLINE_SURFACE_WITH_KNOTS('',3,1,((#1933,#1934),(#1935,#1936),(#1937,
#1938),(#1939,#1940),(#1941,#1942)),.UNSPECIFIED.,.F.,.F.,.F.,(4,1,4),(2,
2),(0.,0.0667978503553582,0.135806301533098),(0.,0.04),.UNSPECIFIED.);
#33=B_SPLINE_SURFACE_WITH_KNOTS('',3,1,((#1950,#1951),(#1952,#1953),(#1954,
#1955),(#1956,#1957),(#1958,#1959)),.UNSPECIFIED.,.F.,.F.,.F.,(4,1,4),(2,
2),(0.,0.0612043484399074,0.12167469391867),(0.,0.04),.UNSPECIFIED.);
#34=B_SPLINE_SURFACE_WITH_KNOTS('',3,1,((#1967,#1968),(#1969,#1970),(#1971,
#1972),(#1973,#1974),(#1975,#1976)),.UNSPECIFIED.,.F.,.F.,.F.,(4,1,4),(2,
2),(0.,0.053900255231469,0.139502687532915),(0.,0.04),.UNSPECIFIED.);
#35=B_SPLINE_SURFACE_WITH_KNOTS('',3,1,((#1984,#1985),(#1986,#1987),(#1988,
#1989),(#1990,#1991),(#1992,#1993)),.UNSPECIFIED.,.F.,.F.,.F.,(4,1,4),(2,
2),(0.,0.0336727328665255,0.0703352685879549),(0.,0.04),.UNSPECIFIED.);
#36=B_SPLINE_SURFACE_WITH_KNOTS('',3,1,((#2001,#2002),(#2003,#2004),(#2005,
#2006),(#2007,#2008),(#2009,#2010)),.UNSPECIFIED.,.F.,.F.,.F.,(4,1,4),(2,
2),(0.,0.023237237885582,0.0488319301716775),(0.,0.04),.UNSPECIFIED.);
#37=B_SPLINE_SURFACE_WITH_KNOTS('',3,1,((#2018,#2019),(#2020,#2021),(#2022,
#2023),(#2024,#2025),(#2026,#2027)),.UNSPECIFIED.,.F.,.F.,.F.,(4,1,4),(2,
2),(0.,0.0302267416534565,0.055025043404538),(0.,0.04),.UNSPECIFIED.);
#38=B_SPLINE_SURFACE_WITH_KNOTS('',3,1,((#2039,#2040),(#2041,#2042),(#2043,
#2044),(#2045,#2046),(#2047,#2048)),.UNSPECIFIED.,.F.,.F.,.F.,(4,1,4),(2,
2),(0.,0.0582561991304591,0.125943963229229),(0.,0.04),.UNSPECIFIED.);
#39=B_SPLINE_SURFACE_WITH_KNOTS('',3,1,((#2064,#2065),(#2066,#2067),(#2068,
#2069),(#2070,#2071),(#2072,#2073)),.UNSPECIFIED.,.F.,.F.,.F.,(4,1,4),(2,
2),(0.,0.0292683046402059,0.0877278816271959),(0.,0.04),.UNSPECIFIED.);
#40=B_SPLINE_SURFACE_WITH_KNOTS('',3,1,((#2087,#2088),(#2089,#2090),(#2091,
#2092),(#2093,#2094),(#2095,#2096)),.UNSPECIFIED.,.F.,.F.,.F.,(4,1,4),(2,
2),(0.,0.0245137084432334,0.0517312719764843),(0.,0.04),.UNSPECIFIED.);
#41=B_SPLINE_SURFACE_WITH_KNOTS('',3,1,((#2110,#2111),(#2112,#2113),(#2114,
#2115),(#2116,#2117),(#2118,#2119)),.UNSPECIFIED.,.F.,.F.,.F.,(4,1,4),(2,
2),(0.,0.0274425680625578,0.0519583922673294),(0.,0.04),.UNSPECIFIED.);
#42=B_SPLINE_SURFACE_WITH_KNOTS('',3,1,((#2133,#2134),(#2135,#2136),(#2137,
#2138),(#2139,#2140),(#2141,#2142)),.UNSPECIFIED.,.F.,.F.,.F.,(4,1,4),(2,
2),(0.,0.0220732232643195,0.0468214363530435),(0.,0.04),.UNSPECIFIED.);
#43=B_SPLINE_SURFACE_WITH_KNOTS('',3,1,((#2156,#2157),(#2158,#2159),(#2160,
#2161),(#2162,#2163),(#2164,#2165)),.UNSPECIFIED.,.F.,.F.,.F.,(4,1,4),(2,
2),(0.,0.0216065502965852,0.0426391915051792),(0.,0.04),.UNSPECIFIED.);
#44=B_SPLINE_SURFACE_WITH_KNOTS('',3,1,((#2179,#2180),(#2181,#2182),(#2183,
#2184),(#2185,#2186),(#2187,#2188)),.UNSPECIFIED.,.F.,.F.,.F.,(4,1,4),(2,
2),(0.,0.0702538216177741,0.108403218828905),(0.,0.04),.UNSPECIFIED.);
#45=B_SPLINE_SURFACE_WITH_KNOTS('',3,1,((#2221,#2222),(#2223,#2224),(#2225,
#2226),(#2227,#2228),(#2229,#2230)),.UNSPECIFIED.,.F.,.F.,.F.,(4,1,4),(2,
2),(0.,0.0251681682852492,0.0610327282194378),(0.,0.04),.UNSPECIFIED.);
#46=B_SPLINE_SURFACE_WITH_KNOTS('',3,1,((#2238,#2239),(#2240,#2241),(#2242,
#2243),(#2244,#2245),(#2246,#2247)),.UNSPECIFIED.,.F.,.F.,.F.,(4,1,4),(2,
2),(0.,0.0232381939306405,0.0441174517585879),(0.,0.04),.UNSPECIFIED.);
#47=B_SPLINE_SURFACE_WITH_KNOTS('',3,1,((#2255,#2256),(#2257,#2258),(#2259,
#2260),(#2261,#2262),(#2263,#2264)),.UNSPECIFIED.,.F.,.F.,.F.,(4,1,4),(2,
2),(0.,0.0687027131930971,0.108050995604873),(0.,0.04),.UNSPECIFIED.);
#48=B_SPLINE_SURFACE_WITH_KNOTS('',3,1,((#2284,#2285),(#2286,#2287),(#2288,
#2289),(#2290,#2291),(#2292,#2293)),.UNSPECIFIED.,.F.,.F.,.F.,(4,1,4),(2,
2),(0.,0.048089486218889,0.118489257737085),(0.,0.04),.UNSPECIFIED.);
#49=B_SPLINE_SURFACE_WITH_KNOTS('',3,1,((#2301,#2302),(#2303,#2304),(#2305,
#2306),(#2307,#2308),(#2309,#2310)),.UNSPECIFIED.,.F.,.F.,.F.,(4,1,4),(2,
2),(0.,0.0428271087353407,0.081661699097431),(0.,0.04),.UNSPECIFIED.);
#50=B_SPLINE_SURFACE_WITH_KNOTS('',3,1,((#2318,#2319),(#2320,#2321),(#2322,
#2323),(#2324,#2325),(#2326,#2327)),.UNSPECIFIED.,.F.,.F.,.F.,(4,1,4),(2,
2),(0.,0.0606478741289087,0.131953803512571),(0.,0.04),.UNSPECIFIED.);
#51=B_SPLINE_SURFACE_WITH_KNOTS('',3,1,((#2335,#2336),(#2337,#2338),(#2339,
#2340),(#2341,#2342),(#2343,#2344)),.UNSPECIFIED.,.F.,.F.,.F.,(4,1,4),(2,
2),(0.,0.0619341756070439,0.119554039611203),(0.,0.04),.UNSPECIFIED.);
#52=B_SPLINE_SURFACE_WITH_KNOTS('',3,1,((#2352,#2353),(#2354,#2355),(#2356,
#2357),(#2358,#2359),(#2360,#2361)),.UNSPECIFIED.,.F.,.F.,.F.,(4,1,4),(2,
2),(0.,0.0480709378532739,0.0983233220010378),(0.,0.04),.UNSPECIFIED.);
#53=B_SPLINE_SURFACE_WITH_KNOTS('',3,1,((#2369,#2370),(#2371,#2372),(#2373,
#2374),(#2375,#2376),(#2377,#2378)),.UNSPECIFIED.,.F.,.F.,.F.,(4,1,4),(2,
2),(0.,0.0448451320081345,0.0909536372865049),(0.,0.04),.UNSPECIFIED.);
#54=B_SPLINE_SURFACE_WITH_KNOTS('',3,1,((#2386,#2387),(#2388,#2389),(#2390,
#2391),(#2392,#2393),(#2394,#2395)),.UNSPECIFIED.,.F.,.F.,.F.,(4,1,4),(2,
2),(0.,0.0824554494320585,0.140001490706005),(0.,0.04),.UNSPECIFIED.);
#55=FACE_BOUND('',#207,.T.);
#56=FACE_BOUND('',#208,.T.);
#57=FACE_BOUND('',#237,.T.);
#58=FACE_BOUND('',#266,.T.);
#59=B_SPLINE_CURVE_WITH_KNOTS('',3,(#1441,#1442,#1443,#1444,#1445),
 .UNSPECIFIED.,.F.,.F.,(4,1,4),(0.,0.0824554494320585,0.140001490706005),
 .UNSPECIFIED.);
#60=B_SPLINE_CURVE_WITH_KNOTS('',3,(#1447,#1448,#1449,#1450,#1451),
 .UNSPECIFIED.,.F.,.F.,(4,1,4),(0.,0.0448451320081345,0.0909536372865049),
 .UNSPECIFIED.);
#61=B_SPLINE_CURVE_WITH_KNOTS('',3,(#1453,#1454,#1455,#1456,#1457),
 .UNSPECIFIED.,.F.,.F.,(4,1,4),(0.,0.0480709378532739,0.0983233220010378),
 .UNSPECIFIED.);
#62=B_SPLINE_CURVE_WITH_KNOTS('',3,(#1459,#1460,#1461,#1462,#1463),
 .UNSPECIFIED.,.F.,.F.,(4,1,4),(0.,0.0619341756070439,0.119554039611203),
 .UNSPECIFIED.);
#63=B_SPLINE_CURVE_WITH_KNOTS('',3,(#1465,#1466,#1467,#1468,#1469),
 .UNSPECIFIED.,.F.,.F.,(4,1,4),(0.,0.0606478741289087,0.131953803512571),
 .UNSPECIFIED.);
#64=B_SPLINE_CURVE_WITH_KNOTS('',3,(#1471,#1472,#1473,#1474,#1475),
 .UNSPECIFIED.,.F.,.F.,(4,1,4),(0.,0.0428271087353407,0.081661699097431),
 .UNSPECIFIED.);
#65=B_SPLINE_CURVE_WITH_KNOTS('',3,(#1477,#1478,#1479,#1480,#1481),
 .UNSPECIFIED.,.F.,.F.,(4,1,4),(0.,0.048089486218889,0.118489257737085),
 .UNSPECIFIED.);
#66=B_SPLINE_CURVE_WITH_KNOTS('',3,(#1489,#1490,#1491,#1492,#1493),
 .UNSPECIFIED.,.F.,.F.,(4,1,4),(0.,0.0687027131930971,0.108050995604873),
 .UNSPECIFIED.);
#67=B_SPLINE_CURVE_WITH_KNOTS('',3,(#1495,#1496,#1497,#1498,#1499),
 .UNSPECIFIED.,.F.,.F.,(4,1,4),(0.,0.0232381939306405,0.0441174517585879),
 .UNSPECIFIED.);
#68=B_SPLINE_CURVE_WITH_KNOTS('',3,(#1501,#1502,#1503,#1504,#1505),
 .UNSPECIFIED.,.F.,.F.,(4,1,4),(0.,0.0251681682852492,0.0610327282194378),
 .UNSPECIFIED.);
#69=B_SPLINE_CURVE_WITH_KNOTS('',3,(#1509,#1510,#1511,#1512,#1513),
 .UNSPECIFIED.,.F.,.F.,(4,1,4),(0.,0.0638052251368827,0.120806164428872),
 .UNSPECIFIED.);
#70=B_SPLINE_CURVE_WITH_KNOTS('',3,(#1515,#1516,#1517,#1518,#1519),
 .UNSPECIFIED.,.F.,.F.,(4,1,4),(0.,0.0582561991304591,0.125943963229229),
 .UNSPECIFIED.);
#71=B_SPLINE_CURVE_WITH_KNOTS('',3,(#1523,#1524,#1525,#1526,#1527),
 .UNSPECIFIED.,.F.,.F.,(4,1,4),(0.,0.0302267416534565,0.055025043404538),
 .UNSPECIFIED.);
#72=B_SPLINE_CURVE_WITH_KNOTS('',3,(#1529,#1530,#1531,#1532,#1533),
 .UNSPECIFIED.,.F.,.F.,(4,1,4),(0.,0.023237237885582,0.0488319301716775),
 .UNSPECIFIED.);
#73=B_SPLINE_CURVE_WITH_KNOTS('',3,(#1535,#1536,#1537,#1538,#1539),
 .UNSPECIFIED.,.F.,.F.,(4,1,4),(0.,0.0336727328665255,0.0703352685879549),
 .UNSPECIFIED.);
#74=B_SPLINE_CURVE_WITH_KNOTS('',3,(#1541,#1542,#1543,#1544,#1545),
 .UNSPECIFIED.,.F.,.F.,(4,1,4),(0.,0.053900255231469,0.139502687532915),
 .UNSPECIFIED.);
#75=B_SPLINE_CURVE_WITH_KNOTS('',3,(#1547,#1548,#1549,#1550,#1551),
 .UNSPECIFIED.,.F.,.F.,(4,1,4),(0.,0.0612043484399074,0.12167469391867),
 .UNSPECIFIED.);
#76=B_SPLINE_CURVE_WITH_KNOTS('',3,(#1553,#1554,#1555,#1556,#1557),
 .UNSPECIFIED.,.F.,.F.,(4,1,4),(0.,0.0667978503553582,0.135806301533098),
 .UNSPECIFIED.);
#77=B_SPLINE_CURVE_WITH_KNOTS('',3,(#1559,#1560,#1561,#1562,#1563),
 .UNSPECIFIED.,.F.,.F.,(4,1,4),(0.,0.0731395522308114,0.152867822932666),
 .UNSPECIFIED.);
#78=B_SPLINE_CURVE_WITH_KNOTS('',3,(#1565,#1566,#1567,#1568,#1569),
 .UNSPECIFIED.,.F.,.F.,(4,1,4),(0.,0.0828476046075142,0.158663133225949),
 .UNSPECIFIED.);
#79=B_SPLINE_CURVE_WITH_KNOTS('',3,(#1571,#1572,#1573,#1574,#1575),
 .UNSPECIFIED.,.F.,.F.,(4,1,4),(0.,0.0739332986106184,0.151050427697437),
 .UNSPECIFIED.);
#80=B_SPLINE_CURVE_WITH_KNOTS('',3,(#1577,#1578,#1579,#1580,#1581),
 .UNSPECIFIED.,.F.,.F.,(4,1,4),(0.,0.0842477008301454,0.168727934313449),
 .UNSPECIFIED.);
#81=B_SPLINE_CURVE_WITH_KNOTS('',3,(#1583,#1584,#1585,#1586,#1587),
 .UNSPECIFIED.,.F.,.F.,(4,1,4),(0.,0.102332322395415,0.240865255197448),
 .UNSPECIFIED.);
#82=B_SPLINE_CURVE_WITH_KNOTS('',3,(#1589,#1590,#1591,#1592,#1593),
 .UNSPECIFIED.,.F.,.F.,(4,1,4),(0.,0.141271759784871,0.246541546209421),
 .UNSPECIFIED.);
#83=B_SPLINE_CURVE_WITH_KNOTS('',3,(#1594,#1595,#1596,#1597,#1598),
 .UNSPECIFIED.,.F.,.F.,(4,1,4),(0.,0.0882279595562032,0.177954393241448),
 .UNSPECIFIED.);
#84=B_SPLINE_CURVE_WITH_KNOTS('',3,(#1623,#1624,#1625,#1626,#1627),
 .UNSPECIFIED.,.F.,.F.,(4,1,4),(0.,0.0309828447090829,0.0627732208402798),
 .UNSPECIFIED.);
#85=B_SPLINE_CURVE_WITH_KNOTS('',3,(#1631,#1632,#1633,#1634,#1635),
 .UNSPECIFIED.,.F.,.F.,(4,1,4),(0.,0.0309828447090829,0.0627732208402798),
 .UNSPECIFIED.);
#86=B_SPLINE_CURVE_WITH_KNOTS('',3,(#1648,#1649,#1650,#1651,#1652),
 .UNSPECIFIED.,.F.,.F.,(4,1,4),(0.,0.0326193946438077,0.0645981409806405),
 .UNSPECIFIED.);
#87=B_SPLINE_CURVE_WITH_KNOTS('',3,(#1655,#1656,#1657,#1658,#1659),
 .UNSPECIFIED.,.F.,.F.,(4,1,4),(0.,0.0326193946438077,0.0645981409806405),
 .UNSPECIFIED.);
#88=B_SPLINE_CURVE_WITH_KNOTS('',3,(#1671,#1672,#1673,#1674,#1675),
 .UNSPECIFIED.,.F.,.F.,(4,1,4),(0.,0.0503051619165448,0.0889303371441505),
 .UNSPECIFIED.);
#89=B_SPLINE_CURVE_WITH_KNOTS('',3,(#1678,#1679,#1680,#1681,#1682),
 .UNSPECIFIED.,.F.,.F.,(4,1,4),(0.,0.0503051619165448,0.0889303371441505),
 .UNSPECIFIED.);
#90=B_SPLINE_CURVE_WITH_KNOTS('',3,(#1694,#1695,#1696,#1697,#1698),
 .UNSPECIFIED.,.F.,.F.,(4,1,4),(0.,0.0364752419986505,0.0856206825152632),
 .UNSPECIFIED.);
#91=B_SPLINE_CURVE_WITH_KNOTS('',3,(#1701,#1702,#1703,#1704,#1705),
 .UNSPECIFIED.,.F.,.F.,(4,1,4),(0.,0.0364752419986505,0.0856206825152632),
 .UNSPECIFIED.);
#92=B_SPLINE_CURVE_WITH_KNOTS('',3,(#1717,#1718,#1719,#1720,#1721),
 .UNSPECIFIED.,.F.,.F.,(4,1,4),(0.,0.0296396401930452,0.0597624704873239),
 .UNSPECIFIED.);
#93=B_SPLINE_CURVE_WITH_KNOTS('',3,(#1724,#1725,#1726,#1727,#1728),
 .UNSPECIFIED.,.F.,.F.,(4,1,4),(0.,0.0296396401930452,0.0597624704873239),
 .UNSPECIFIED.);
#94=B_SPLINE_CURVE_WITH_KNOTS('',3,(#1740,#1741,#1742,#1743,#1744),
 .UNSPECIFIED.,.F.,.F.,(4,1,4),(0.,0.0356303530315738,0.0678514397770769),
 .UNSPECIFIED.);
#95=B_SPLINE_CURVE_WITH_KNOTS('',3,(#1747,#1748,#1749,#1750,#1751),
 .UNSPECIFIED.,.F.,.F.,(4,1,4),(0.,0.0356303530315738,0.0678514397770769),
 .UNSPECIFIED.);
#96=B_SPLINE_CURVE_WITH_KNOTS('',3,(#1763,#1764,#1765,#1766,#1767),
 .UNSPECIFIED.,.F.,.F.,(4,1,4),(0.,0.0494276352506763,0.0907120186056379),
 .UNSPECIFIED.);
#97=B_SPLINE_CURVE_WITH_KNOTS('',3,(#1770,#1771,#1772,#1773,#1774),
 .UNSPECIFIED.,.F.,.F.,(4,1,4),(0.,0.0494276352506763,0.0907120186056379),
 .UNSPECIFIED.);
#98=B_SPLINE_CURVE_WITH_KNOTS('',3,(#1785,#1786,#1787,#1788,#1789),
 .UNSPECIFIED.,.F.,.F.,(4,1,4),(0.,0.0362497462163956,0.0808557752091552),
 .UNSPECIFIED.);
#99=B_SPLINE_CURVE_WITH_KNOTS('',3,(#1790,#1791,#1792,#1793,#1794),
 .UNSPECIFIED.,.F.,.F.,(4,1,4),(0.,0.0362497462163956,0.0808557752091552),
 .UNSPECIFIED.);
#100=B_SPLINE_CURVE_WITH_KNOTS('',3,(#1808,#1809,#1810,#1811,#1812),
 .UNSPECIFIED.,.F.,.F.,(4,1,4),(0.,0.0638052251368827,0.120806164428872),
 .UNSPECIFIED.);
#101=B_SPLINE_CURVE_WITH_KNOTS('',3,(#1826,#1827,#1828,#1829,#1830),
 .UNSPECIFIED.,.F.,.F.,(4,1,4),(0.,0.0882279595562032,0.177954393241448),
 .UNSPECIFIED.);
#102=B_SPLINE_CURVE_WITH_KNOTS('',3,(#1843,#1844,#1845,#1846,#1847),
 .UNSPECIFIED.,.F.,.F.,(4,1,4),(0.,0.141271759784871,0.246541546209421),
 .UNSPECIFIED.);
#103=B_SPLINE_CURVE_WITH_KNOTS('',3,(#1860,#1861,#1862,#1863,#1864),
 .UNSPECIFIED.,.F.,.F.,(4,1,4),(0.,0.102332322395415,0.240865255197448),
 .UNSPECIFIED.);
#104=B_SPLINE_CURVE_WITH_KNOTS('',3,(#1877,#1878,#1879,#1880,#1881),
 .UNSPECIFIED.,.F.,.F.,(4,1,4),(0.,0.0842477008301454,0.168727934313449),
 .UNSPECIFIED.);
#105=B_SPLINE_CURVE_WITH_KNOTS('',3,(#1894,#1895,#1896,#1897,#1898),
 .UNSPECIFIED.,.F.,.F.,(4,1,4),(0.,0.0739332986106184,0.151050427697437),
 .UNSPECIFIED.);
#106=B_SPLINE_CURVE_WITH_KNOTS('',3,(#1911,#1912,#1913,#1914,#1915),
 .UNSPECIFIED.,.F.,.F.,(4,1,4),(0.,0.0828476046075142,0.158663133225949),
 .UNSPECIFIED.);
#107=B_SPLINE_CURVE_WITH_KNOTS('',3,(#1928,#1929,#1930,#1931,#1932),
 .UNSPECIFIED.,.F.,.F.,(4,1,4),(0.,0.0731395522308114,0.152867822932666),
 .UNSPECIFIED.);
#108=B_SPLINE_CURVE_WITH_KNOTS('',3,(#1945,#1946,#1947,#1948,#1949),
 .UNSPECIFIED.,.F.,.F.,(4,1,4),(0.,0.0667978503553582,0.135806301533098),
 .UNSPECIFIED.);
#109=B_SPLINE_CURVE_WITH_KNOTS('',3,(#1962,#1963,#1964,#1965,#1966),
 .UNSPECIFIED.,.F.,.F.,(4,1,4),(0.,0.0612043484399074,0.12167469391867),
 .UNSPECIFIED.);
#110=B_SPLINE_CURVE_WITH_KNOTS('',3,(#1979,#1980,#1981,#1982,#1983),
 .UNSPECIFIED.,.F.,.F.,(4,1,4),(0.,0.053900255231469,0.139502687532915),
 .UNSPECIFIED.);
#111=B_SPLINE_CURVE_WITH_KNOTS('',3,(#1996,#1997,#1998,#1999,#2000),
 .UNSPECIFIED.,.F.,.F.,(4,1,4),(0.,0.0336727328665255,0.0703352685879549),
 .UNSPECIFIED.);
#112=B_SPLINE_CURVE_WITH_KNOTS('',3,(#2013,#2014,#2015,#2016,#2017),
 .UNSPECIFIED.,.F.,.F.,(4,1,4),(0.,0.023237237885582,0.0488319301716775),
 .UNSPECIFIED.);
#113=B_SPLINE_CURVE_WITH_KNOTS('',3,(#2030,#2031,#2032,#2033,#2034),
 .UNSPECIFIED.,.F.,.F.,(4,1,4),(0.,0.0302267416534565,0.055025043404538),
 .UNSPECIFIED.);
#114=B_SPLINE_CURVE_WITH_KNOTS('',3,(#2049,#2050,#2051,#2052,#2053),
 .UNSPECIFIED.,.F.,.F.,(4,1,4),(0.,0.0582561991304591,0.125943963229229),
 .UNSPECIFIED.);
#115=B_SPLINE_CURVE_WITH_KNOTS('',3,(#2075,#2076,#2077,#2078,#2079),
 .UNSPECIFIED.,.F.,.F.,(4,1,4),(0.,0.0292683046402059,0.0877278816271959),
 .UNSPECIFIED.);
#116=B_SPLINE_CURVE_WITH_KNOTS('',3,(#2082,#2083,#2084,#2085,#2086),
 .UNSPECIFIED.,.F.,.F.,(4,1,4),(0.,0.0292683046402059,0.0877278816271959),
 .UNSPECIFIED.);
#117=B_SPLINE_CURVE_WITH_KNOTS('',3,(#2098,#2099,#2100,#2101,#2102),
 .UNSPECIFIED.,.F.,.F.,(4,1,4),(0.,0.0245137084432334,0.0517312719764843),
 .UNSPECIFIED.);
#118=B_SPLINE_CURVE_WITH_KNOTS('',3,(#2105,#2106,#2107,#2108,#2109),
 .UNSPECIFIED.,.F.,.F.,(4,1,4),(0.,0.0245137084432334,0.0517312719764843),
 .UNSPECIFIED.);
#119=B_SPLINE_CURVE_WITH_KNOTS('',3,(#2121,#2122,#2123,#2124,#2125),
 .UNSPECIFIED.,.F.,.F.,(4,1,4),(0.,0.0274425680625578,0.0519583922673294),
 .UNSPECIFIED.);
#120=B_SPLINE_CURVE_WITH_KNOTS('',3,(#2128,#2129,#2130,#2131,#2132),
 .UNSPECIFIED.,.F.,.F.,(4,1,4),(0.,0.0274425680625578,0.0519583922673294),
 .UNSPECIFIED.);
#121=B_SPLINE_CURVE_WITH_KNOTS('',3,(#2144,#2145,#2146,#2147,#2148),
 .UNSPECIFIED.,.F.,.F.,(4,1,4),(0.,0.0220732232643195,0.0468214363530435),
 .UNSPECIFIED.);
#122=B_SPLINE_CURVE_WITH_KNOTS('',3,(#2151,#2152,#2153,#2154,#2155),
 .UNSPECIFIED.,.F.,.F.,(4,1,4),(0.,0.0220732232643195,0.0468214363530435),
 .UNSPECIFIED.);
#123=B_SPLINE_CURVE_WITH_KNOTS('',3,(#2167,#2168,#2169,#2170,#2171),
 .UNSPECIFIED.,.F.,.F.,(4,1,4),(0.,0.0216065502965852,0.0426391915051792),
 .UNSPECIFIED.);
#124=B_SPLINE_CURVE_WITH_KNOTS('',3,(#2174,#2175,#2176,#2177,#2178),
 .UNSPECIFIED.,.F.,.F.,(4,1,4),(0.,0.0216065502965852,0.0426391915051792),
 .UNSPECIFIED.);
#125=B_SPLINE_CURVE_WITH_KNOTS('',3,(#2190,#2191,#2192,#2193,#2194),
 .UNSPECIFIED.,.F.,.F.,(4,1,4),(0.,0.0702538216177741,0.108403218828905),
 .UNSPECIFIED.);
#126=B_SPLINE_CURVE_WITH_KNOTS('',3,(#2197,#2198,#2199,#2200,#2201),
 .UNSPECIFIED.,.F.,.F.,(4,1,4),(0.,0.0702538216177741,0.108403218828905),
 .UNSPECIFIED.);
#127=B_SPLINE_CURVE_WITH_KNOTS('',3,(#2233,#2234,#2235,#2236,#2237),
 .UNSPECIFIED.,.F.,.F.,(4,1,4),(0.,0.0251681682852492,0.0610327282194378),
 .UNSPECIFIED.);
#128=B_SPLINE_CURVE_WITH_KNOTS('',3,(#2250,#2251,#2252,#2253,#2254),
 .UNSPECIFIED.,.F.,.F.,(4,1,4),(0.,0.0232381939306405,0.0441174517585879),
 .UNSPECIFIED.);
#129=B_SPLINE_CURVE_WITH_KNOTS('',3,(#2267,#2268,#2269,#2270,#2271),
 .UNSPECIFIED.,.F.,.F.,(4,1,4),(0.,0.0687027131930971,0.108050995604873),
 .UNSPECIFIED.);
#130=B_SPLINE_CURVE_WITH_KNOTS('',3,(#2296,#2297,#2298,#2299,#2300),
 .UNSPECIFIED.,.F.,.F.,(4,1,4),(0.,0.048089486218889,0.118489257737085),
 .UNSPECIFIED.);
#131=B_SPLINE_CURVE_WITH_KNOTS('',3,(#2313,#2314,#2315,#2316,#2317),
 .UNSPECIFIED.,.F.,.F.,(4,1,4),(0.,0.0428271087353407,0.081661699097431),
 .UNSPECIFIED.);
#132=B_SPLINE_CURVE_WITH_KNOTS('',3,(#2330,#2331,#2332,#2333,#2334),
 .UNSPECIFIED.,.F.,.F.,(4,1,4),(0.,0.0606478741289087,0.131953803512571),
 .UNSPECIFIED.);
#133=B_SPLINE_CURVE_WITH_KNOTS('',3,(#2347,#2348,#2349,#2350,#2351),
 .UNSPECIFIED.,.F.,.F.,(4,1,4),(0.,0.0619341756070439,0.119554039611203),
 .UNSPECIFIED.);
#134=B_SPLINE_CURVE_WITH_KNOTS('',3,(#2364,#2365,#2366,#2367,#2368),
 .UNSPECIFIED.,.F.,.F.,(4,1,4),(0.,0.0480709378532739,0.0983233220010378),
 .UNSPECIFIED.);
#135=B_SPLINE_CURVE_WITH_KNOTS('',3,(#2381,#2382,#2383,#2384,#2385),
 .UNSPECIFIED.,.F.,.F.,(4,1,4),(0.,0.0448451320081345,0.0909536372865049),
 .UNSPECIFIED.);
#136=B_SPLINE_CURVE_WITH_KNOTS('',3,(#2398,#2399,#2400,#2401,#2402),
 .UNSPECIFIED.,.F.,.F.,(4,1,4),(0.,0.0824554494320585,0.140001490706005),
 .UNSPECIFIED.);
#137=CIRCLE('',#1223,9.);
#138=CIRCLE('',#1243,9.);
#139=FACE_OUTER_BOUND('',#204,.T.);
#140=FACE_OUTER_BOUND('',#205,.T.);
#141=FACE_OUTER_BOUND('',#206,.T.);
#142=FACE_OUTER_BOUND('',#209,.T.);
#143=FACE_OUTER_BOUND('',#210,.T.);
#144=FACE_OUTER_BOUND('',#211,.T.);
#145=FACE_OUTER_BOUND('',#212,.T.);
#146=FACE_OUTER_BOUND('',#213,.T.);
#147=FACE_OUTER_BOUND('',#214,.T.);
#148=FACE_OUTER_BOUND('',#215,.T.);
#149=FACE_OUTER_BOUND('',#216,.T.);
#150=FACE_OUTER_BOUND('',#217,.T.);
#151=FACE_OUTER_BOUND('',#218,.T.);
#152=FACE_OUTER_BOUND('',#219,.T.);
#153=FACE_OUTER_BOUND('',#220,.T.);
#154=FACE_OUTER_BOUND('',#221,.T.);
#155=FACE_OUTER_BOUND('',#222,.T.);
#156=FACE_OUTER_BOUND('',#223,.T.);
#157=FACE_OUTER_BOUND('',#224,.T.);
#158=FACE_OUTER_BOUND('',#225,.T.);
#159=FACE_OUTER_BOUND('',#226,.T.);
#160=FACE_OUTER_BOUND('',#227,.T.);
#161=FACE_OUTER_BOUND('',#228,.T.);
#162=FACE_OUTER_BOUND('',#229,.T.);
#163=FACE_OUTER_BOUND('',#230,.T.);
#164=FACE_OUTER_BOUND('',#231,.T.);
#165=FACE_OUTER_BOUND('',#232,.T.);
#166=FACE_OUTER_BOUND('',#233,.T.);
#167=FACE_OUTER_BOUND('',#234,.T.);
#168=FACE_OUTER_BOUND('',#235,.T.);
#169=FACE_OUTER_BOUND('',#236,.T.);
#170=FACE_OUTER_BOUND('',#238,.T.);
#171=FACE_OUTER_BOUND('',#239,.T.);
#172=FACE_OUTER_BOUND('',#240,.T.);
#173=FACE_OUTER_BOUND('',#241,.T.);
#174=FACE_OUTER_BOUND('',#242,.T.);
#175=FACE_OUTER_BOUND('',#243,.T.);
#176=FACE_OUTER_BOUND('',#244,.T.);
#177=FACE_OUTER_BOUND('',#245,.T.);
#178=FACE_OUTER_BOUND('',#246,.T.);
#179=FACE_OUTER_BOUND('',#247,.T.);
#180=FACE_OUTER_BOUND('',#248,.T.);
#181=FACE_OUTER_BOUND('',#249,.T.);
#182=FACE_OUTER_BOUND('',#250,.T.);
#183=FACE_OUTER_BOUND('',#251,.T.);
#184=FACE_OUTER_BOUND('',#252,.T.);
#185=FACE_OUTER_BOUND('',#253,.T.);
#186=FACE_OUTER_BOUND('',#254,.T.);
#187=FACE_OUTER_BOUND('',#255,.T.);
#188=FACE_OUTER_BOUND('',#256,.T.);
#189=FACE_OUTER_BOUND('',#257,.T.);
#190=FACE_OUTER_BOUND('',#258,.T.);
#191=FACE_OUTER_BOUND('',#259,.T.);
#192=FACE_OUTER_BOUND('',#260,.T.);
#193=FACE_OUTER_BOUND('',#261,.T.);
#194=FACE_OUTER_BOUND('',#262,.T.);
#195=FACE_OUTER_BOUND('',#263,.T.);
#196=FACE_OUTER_BOUND('',#264,.T.);
#197=FACE_OUTER_BOUND('',#265,.T.);
#198=FACE_OUTER_BOUND('',#267,.T.);
#199=FACE_OUTER_BOUND('',#268,.T.);
#200=FACE_OUTER_BOUND('',#269,.T.);
#201=FACE_OUTER_BOUND('',#270,.T.);
#202=FACE_OUTER_BOUND('',#271,.T.);
#203=FACE_OUTER_BOUND('',#272,.T.);
#204=EDGE_LOOP('',(#762,#763,#764,#765));
#205=EDGE_LOOP('',(#766,#767,#768,#769));
#206=EDGE_LOOP('',(#770,#771,#772,#773,#774,#775,#776,#777));
#207=EDGE_LOOP('',(#778,#779,#780,#781,#782,#783,#784,#785,#786,#787,#788,
#789,#790,#791,#792,#793,#794,#795));
#208=EDGE_LOOP('',(#796,#797,#798,#799,#800,#801,#802,#803,#804,#805,#806,
#807,#808,#809,#810,#811));
#209=EDGE_LOOP('',(#812,#813,#814,#815));
#210=EDGE_LOOP('',(#816,#817,#818,#819));
#211=EDGE_LOOP('',(#820,#821,#822,#823));
#212=EDGE_LOOP('',(#824,#825,#826,#827));
#213=EDGE_LOOP('',(#828,#829,#830,#831));
#214=EDGE_LOOP('',(#832,#833,#834,#835));
#215=EDGE_LOOP('',(#836,#837,#838,#839));
#216=EDGE_LOOP('',(#840,#841,#842,#843));
#217=EDGE_LOOP('',(#844,#845,#846,#847));
#218=EDGE_LOOP('',(#848,#849,#850,#851));
#219=EDGE_LOOP('',(#852,#853,#854,#855));
#220=EDGE_LOOP('',(#856,#857,#858,#859));
#221=EDGE_LOOP('',(#860,#861,#862,#863));
#222=EDGE_LOOP('',(#864,#865,#866,#867));
#223=EDGE_LOOP('',(#868,#869,#870,#871));
#224=EDGE_LOOP('',(#872,#873,#874,#875));
#225=EDGE_LOOP('',(#876,#877,#878,#879));
#226=EDGE_LOOP('',(#880,#881,#882,#883));
#227=EDGE_LOOP('',(#884,#885,#886,#887));
#228=EDGE_LOOP('',(#888,#889,#890,#891));
#229=EDGE_LOOP('',(#892,#893,#894,#895));
#230=EDGE_LOOP('',(#896,#897,#898,#899));
#231=EDGE_LOOP('',(#900,#901,#902,#903));
#232=EDGE_LOOP('',(#904,#905,#906,#907));
#233=EDGE_LOOP('',(#908,#909,#910,#911));
#234=EDGE_LOOP('',(#912,#913,#914,#915));
#235=EDGE_LOOP('',(#916,#917,#918,#919));
#236=EDGE_LOOP('',(#920,#921,#922,#923,#924,#925,#926,#927,#928,#929,#930,
#931,#932,#933,#934,#935));
#237=EDGE_LOOP('',(#936,#937,#938,#939,#940,#941,#942,#943));
#238=EDGE_LOOP('',(#944,#945,#946,#947));
#239=EDGE_LOOP('',(#948,#949,#950,#951));
#240=EDGE_LOOP('',(#952,#953,#954,#955));
#241=EDGE_LOOP('',(#956,#957,#958,#959));
#242=EDGE_LOOP('',(#960,#961,#962,#963));
#243=EDGE_LOOP('',(#964,#965,#966,#967));
#244=EDGE_LOOP('',(#968,#969,#970,#971));
#245=EDGE_LOOP('',(#972,#973,#974,#975));
#246=EDGE_LOOP('',(#976,#977,#978,#979));
#247=EDGE_LOOP('',(#980,#981,#982,#983));
#248=EDGE_LOOP('',(#984,#985,#986,#987));
#249=EDGE_LOOP('',(#988,#989,#990,#991));
#250=EDGE_LOOP('',(#992,#993,#994,#995));
#251=EDGE_LOOP('',(#996,#997,#998,#999));
#252=EDGE_LOOP('',(#1000,#1001,#1002,#1003));
#253=EDGE_LOOP('',(#1004,#1005,#1006,#1007));
#254=EDGE_LOOP('',(#1008,#1009,#1010,#1011));
#255=EDGE_LOOP('',(#1012,#1013,#1014,#1015));
#256=EDGE_LOOP('',(#1016,#1017,#1018,#1019));
#257=EDGE_LOOP('',(#1020,#1021,#1022,#1023));
#258=EDGE_LOOP('',(#1024,#1025,#1026,#1027));
#259=EDGE_LOOP('',(#1028,#1029,#1030,#1031));
#260=EDGE_LOOP('',(#1032,#1033,#1034,#1035));
#261=EDGE_LOOP('',(#1036,#1037,#1038,#1039));
#262=EDGE_LOOP('',(#1040,#1041,#1042,#1043));
#263=EDGE_LOOP('',(#1044,#1045,#1046,#1047));
#264=EDGE_LOOP('',(#1048,#1049,#1050,#1051));
#265=EDGE_LOOP('',(#1052,#1053,#1054,#1055,#1056,#1057,#1058,#1059,#1060,
#1061,#1062,#1063,#1064,#1065,#1066,#1067,#1068,#1069));
#266=EDGE_LOOP('',(#1070,#1071,#1072,#1073,#1074,#1075,#1076,#1077,#1078));
#267=EDGE_LOOP('',(#1079,#1080,#1081,#1082,#1083,#1084,#1085,#1086,#1087));
#268=EDGE_LOOP('',(#1088,#1089,#1090,#1091));
#269=EDGE_LOOP('',(#1092,#1093,#1094,#1095));
#270=EDGE_LOOP('',(#1096,#1097,#1098,#1099));
#271=EDGE_LOOP('',(#1100,#1101,#1102,#1103,#1104,#1105,#1106,#1107));
#272=EDGE_LOOP('',(#1108,#1109,#1110,#1111,#1112,#1113,#1114,#1115));
#273=LINE('',#1407,#370);
#274=LINE('',#1409,#371);
#275=LINE('',#1411,#372);
#276=LINE('',#1412,#373);
#277=LINE('',#1415,#374);
#278=LINE('',#1417,#375);
#279=LINE('',#1418,#376);
#280=LINE('',#1421,#377);
#281=LINE('',#1425,#378);
#282=LINE('',#1427,#379);
#283=LINE('',#1429,#380);
#284=LINE('',#1430,#381);
#285=LINE('',#1433,#382);
#286=LINE('',#1435,#383);
#287=LINE('',#1437,#384);
#288=LINE('',#1439,#385);
#289=LINE('',#1483,#386);
#290=LINE('',#1485,#387);
#291=LINE('',#1487,#388);
#292=LINE('',#1506,#389);
#293=LINE('',#1521,#390);
#294=LINE('',#1602,#391);
#295=LINE('',#1603,#392);
#296=LINE('',#1604,#393);
#297=LINE('',#1607,#394);
#298=LINE('',#1608,#395);
#299=LINE('',#1610,#396);
#300=LINE('',#1629,#397);
#301=LINE('',#1636,#398);
#302=LINE('',#1654,#399);
#303=LINE('',#1677,#400);
#304=LINE('',#1700,#401);
#305=LINE('',#1723,#402);
#306=LINE('',#1746,#403);
#307=LINE('',#1769,#404);
#308=LINE('',#1806,#405);
#309=LINE('',#1813,#406);
#310=LINE('',#1825,#407);
#311=LINE('',#1842,#408);
#312=LINE('',#1859,#409);
#313=LINE('',#1876,#410);
#314=LINE('',#1893,#411);
#315=LINE('',#1910,#412);
#316=LINE('',#1927,#413);
#317=LINE('',#1944,#414);
#318=LINE('',#1961,#415);
#319=LINE('',#1978,#416);
#320=LINE('',#1995,#417);
#321=LINE('',#2012,#418);
#322=LINE('',#2029,#419);
#323=LINE('',#2037,#420);
#324=LINE('',#2038,#421);
#325=LINE('',#2058,#422);
#326=LINE('',#2060,#423);
#327=LINE('',#2062,#424);
#328=LINE('',#2063,#425);
#329=LINE('',#2081,#426);
#330=LINE('',#2104,#427);
#331=LINE('',#2127,#428);
#332=LINE('',#2150,#429);
#333=LINE('',#2173,#430);
#334=LINE('',#2196,#431);
#335=LINE('',#2204,#432);
#336=LINE('',#2206,#433);
#337=LINE('',#2207,#434);
#338=LINE('',#2209,#435);
#339=LINE('',#2210,#436);
#340=LINE('',#2213,#437);
#341=LINE('',#2215,#438);
#342=LINE('',#2216,#439);
#343=LINE('',#2219,#440);
#344=LINE('',#2220,#441);
#345=LINE('',#2232,#442);
#346=LINE('',#2249,#443);
#347=LINE('',#2266,#444);
#348=LINE('',#2274,#445);
#349=LINE('',#2275,#446);
#350=LINE('',#2278,#447);
#351=LINE('',#2279,#448);
#352=LINE('',#2282,#449);
#353=LINE('',#2283,#450);
#354=LINE('',#2295,#451);
#355=LINE('',#2312,#452);
#356=LINE('',#2329,#453);
#357=LINE('',#2346,#454);
#358=LINE('',#2363,#455);
#359=LINE('',#2380,#456);
#360=LINE('',#2397,#457);
#361=LINE('',#2405,#458);
#362=LINE('',#2406,#459);
#363=LINE('',#2409,#460);
#364=LINE('',#2410,#461);
#365=LINE('',#2412,#462);
#366=LINE('',#2417,#463);
#367=LINE('',#2420,#464);
#368=LINE('',#2422,#465);
#369=LINE('',#2424,#466);
#370=VECTOR('',#1252,10.);
#371=VECTOR('',#1253,10.);
#372=VECTOR('',#1254,10.);
#373=VECTOR('',#1255,10.);
#374=VECTOR('',#1258,10.);
#375=VECTOR('',#1259,10.);
#376=VECTOR('',#1260,10.);
#377=VECTOR('',#1263,10.);
#378=VECTOR('',#1266,10.);
#379=VECTOR('',#1267,10.);
#380=VECTOR('',#1268,10.);
#381=VECTOR('',#1269,10.);
#382=VECTOR('',#1270,10.);
#383=VECTOR('',#1271,10.);
#384=VECTOR('',#1272,10.);
#385=VECTOR('',#1273,10.);
#386=VECTOR('',#1274,10.);
#387=VECTOR('',#1275,10.);
#388=VECTOR('',#1276,10.);
#389=VECTOR('',#1277,10.);
#390=VECTOR('',#1278,10.);
#391=VECTOR('',#1281,10.);
#392=VECTOR('',#1282,10.);
#393=VECTOR('',#1283,10.);
#394=VECTOR('',#1286,10.);
#395=VECTOR('',#1287,10.);
#396=VECTOR('',#1290,10.);
#397=VECTOR('',#1291,10.);
#398=VECTOR('',#1292,10.);
#399=VECTOR('',#1293,10.);
#400=VECTOR('',#1294,10.);
#401=VECTOR('',#1295,10.);
#402=VECTOR('',#1296,10.);
#403=VECTOR('',#1297,10.);
#404=VECTOR('',#1298,10.);
#405=VECTOR('',#1299,10.);
#406=VECTOR('',#1300,10.);
#407=VECTOR('',#1301,10.);
#408=VECTOR('',#1302,10.);
#409=VECTOR('',#1303,10.);
#410=VECTOR('',#1304,10.);
#411=VECTOR('',#1305,10.);
#412=VECTOR('',#1306,10.);
#413=VECTOR('',#1307,10.);
#414=VECTOR('',#1308,10.);
#415=VECTOR('',#1309,10.);
#416=VECTOR('',#1310,10.);
#417=VECTOR('',#1311,10.);
#418=VECTOR('',#1312,10.);
#419=VECTOR('',#1313,10.);
#420=VECTOR('',#1316,10.);
#421=VECTOR('',#1317,10.);
#422=VECTOR('',#1322,10.);
#423=VECTOR('',#1323,10.);
#424=VECTOR('',#1324,10.);
#425=VECTOR('',#1325,10.);
#426=VECTOR('',#1326,10.);
#427=VECTOR('',#1327,10.);
#428=VECTOR('',#1328,10.);
#429=VECTOR('',#1329,10.);
#430=VECTOR('',#1330,10.);
#431=VECTOR('',#1331,10.);
#432=VECTOR('',#1334,10.);
#433=VECTOR('',#1335,10.);
#434=VECTOR('',#1336,10.);
#435=VECTOR('',#1339,10.);
#436=VECTOR('',#1340,10.);
#437=VECTOR('',#1343,10.);
#438=VECTOR('',#1344,10.);
#439=VECTOR('',#1345,10.);
#440=VECTOR('',#1348,10.);
#441=VECTOR('',#1349,10.);
#442=VECTOR('',#1350,10.);
#443=VECTOR('',#1351,10.);
#444=VECTOR('',#1352,10.);
#445=VECTOR('',#1355,10.);
#446=VECTOR('',#1356,10.);
#447=VECTOR('',#1359,10.);
#448=VECTOR('',#1360,10.);
#449=VECTOR('',#1363,10.);
#450=VECTOR('',#1364,10.);
#451=VECTOR('',#1365,10.);
#452=VECTOR('',#1366,10.);
#453=VECTOR('',#1367,10.);
#454=VECTOR('',#1368,10.);
#455=VECTOR('',#1369,10.);
#456=VECTOR('',#1370,10.);
#457=VECTOR('',#1371,10.);
#458=VECTOR('',#1374,10.);
#459=VECTOR('',#1375,10.);
#460=VECTOR('',#1378,10.);
#461=VECTOR('',#1379,10.);
#462=VECTOR('',#1382,10.);
#463=VECTOR('',#1389,10.);
#464=VECTOR('',#1392,10.);
#465=VECTOR('',#1395,10.);
#466=VECTOR('',#1398,10.);
#467=VERTEX_POINT('',#1405);
#468=VERTEX_POINT('',#1406);
#469=VERTEX_POINT('',#1408);
#470=VERTEX_POINT('',#1410);
#471=VERTEX_POINT('',#1414);
#472=VERTEX_POINT('',#1416);
#473=VERTEX_POINT('',#1420);
#474=VERTEX_POINT('',#1422);
#475=VERTEX_POINT('',#1424);
#476=VERTEX_POINT('',#1426);
#477=VERTEX_POINT('',#1428);
#478=VERTEX_POINT('',#1431);
#479=VERTEX_POINT('',#1432);
#480=VERTEX_POINT('',#1434);
#481=VERTEX_POINT('',#1436);
#482=VERTEX_POINT('',#1438);
#483=VERTEX_POINT('',#1440);
#484=VERTEX_POINT('',#1446);
#485=VERTEX_POINT('',#1452);
#486=VERTEX_POINT('',#1458);
#487=VERTEX_POINT('',#1464);
#488=VERTEX_POINT('',#1470);
#489=VERTEX_POINT('',#1476);
#490=VERTEX_POINT('',#1482);
#491=VERTEX_POINT('',#1484);
#492=VERTEX_POINT('',#1486);
#493=VERTEX_POINT('',#1488);
#494=VERTEX_POINT('',#1494);
#495=VERTEX_POINT('',#1500);
#496=VERTEX_POINT('',#1507);
#497=VERTEX_POINT('',#1508);
#498=VERTEX_POINT('',#1514);
#499=VERTEX_POINT('',#1520);
#500=VERTEX_POINT('',#1522);
#501=VERTEX_POINT('',#1528);
#502=VERTEX_POINT('',#1534);
#503=VERTEX_POINT('',#1540);
#504=VERTEX_POINT('',#1546);
#505=VERTEX_POINT('',#1552);
#506=VERTEX_POINT('',#1558);
#507=VERTEX_POINT('',#1564);
#508=VERTEX_POINT('',#1570);
#509=VERTEX_POINT('',#1576);
#510=VERTEX_POINT('',#1582);
#511=VERTEX_POINT('',#1588);
#512=VERTEX_POINT('',#1600);
#513=VERTEX_POINT('',#1601);
#514=VERTEX_POINT('',#1606);
#515=VERTEX_POINT('',#1621);
#516=VERTEX_POINT('',#1622);
#517=VERTEX_POINT('',#1628);
#518=VERTEX_POINT('',#1630);
#519=VERTEX_POINT('',#1647);
#520=VERTEX_POINT('',#1653);
#521=VERTEX_POINT('',#1670);
#522=VERTEX_POINT('',#1676);
#523=VERTEX_POINT('',#1693);
#524=VERTEX_POINT('',#1699);
#525=VERTEX_POINT('',#1716);
#526=VERTEX_POINT('',#1722);
#527=VERTEX_POINT('',#1739);
#528=VERTEX_POINT('',#1745);
#529=VERTEX_POINT('',#1762);
#530=VERTEX_POINT('',#1768);
#531=VERTEX_POINT('',#1805);
#532=VERTEX_POINT('',#1807);
#533=VERTEX_POINT('',#1824);
#534=VERTEX_POINT('',#1841);
#535=VERTEX_POINT('',#1858);
#536=VERTEX_POINT('',#1875);
#537=VERTEX_POINT('',#1892);
#538=VERTEX_POINT('',#1909);
#539=VERTEX_POINT('',#1926);
#540=VERTEX_POINT('',#1943);
#541=VERTEX_POINT('',#1960);
#542=VERTEX_POINT('',#1977);
#543=VERTEX_POINT('',#1994);
#544=VERTEX_POINT('',#2011);
#545=VERTEX_POINT('',#2028);
#546=VERTEX_POINT('',#2036);
#547=VERTEX_POINT('',#2056);
#548=VERTEX_POINT('',#2057);
#549=VERTEX_POINT('',#2059);
#550=VERTEX_POINT('',#2061);
#551=VERTEX_POINT('',#2074);
#552=VERTEX_POINT('',#2080);
#553=VERTEX_POINT('',#2097);
#554=VERTEX_POINT('',#2103);
#555=VERTEX_POINT('',#2120);
#556=VERTEX_POINT('',#2126);
#557=VERTEX_POINT('',#2143);
#558=VERTEX_POINT('',#2149);
#559=VERTEX_POINT('',#2166);
#560=VERTEX_POINT('',#2172);
#561=VERTEX_POINT('',#2189);
#562=VERTEX_POINT('',#2195);
#563=VERTEX_POINT('',#2203);
#564=VERTEX_POINT('',#2205);
#565=VERTEX_POINT('',#2212);
#566=VERTEX_POINT('',#2214);
#567=VERTEX_POINT('',#2218);
#568=VERTEX_POINT('',#2231);
#569=VERTEX_POINT('',#2248);
#570=VERTEX_POINT('',#2265);
#571=VERTEX_POINT('',#2273);
#572=VERTEX_POINT('',#2277);
#573=VERTEX_POINT('',#2281);
#574=VERTEX_POINT('',#2294);
#575=VERTEX_POINT('',#2311);
#576=VERTEX_POINT('',#2328);
#577=VERTEX_POINT('',#2345);
#578=VERTEX_POINT('',#2362);
#579=VERTEX_POINT('',#2379);
#580=VERTEX_POINT('',#2396);
#581=VERTEX_POINT('',#2404);
#582=VERTEX_POINT('',#2408);
#583=VERTEX_POINT('',#2416);
#584=VERTEX_POINT('',#2418);
#585=EDGE_CURVE('',#467,#468,#273,.T.);
#586=EDGE_CURVE('',#468,#469,#274,.T.);
#587=EDGE_CURVE('',#469,#470,#275,.T.);
#588=EDGE_CURVE('',#470,#467,#276,.T.);
#589=EDGE_CURVE('',#470,#471,#277,.T.);
#590=EDGE_CURVE('',#472,#471,#278,.T.);
#591=EDGE_CURVE('',#467,#472,#279,.T.);
#592=EDGE_CURVE('',#473,#469,#280,.T.);
#593=EDGE_CURVE('',#473,#474,#137,.T.);
#594=EDGE_CURVE('',#475,#474,#281,.T.);
#595=EDGE_CURVE('',#476,#475,#282,.T.);
#596=EDGE_CURVE('',#477,#476,#283,.T.);
#597=EDGE_CURVE('',#471,#477,#284,.T.);
#598=EDGE_CURVE('',#478,#479,#285,.T.);
#599=EDGE_CURVE('',#479,#480,#286,.T.);
#600=EDGE_CURVE('',#480,#481,#287,.T.);
#601=EDGE_CURVE('',#481,#482,#288,.T.);
#602=EDGE_CURVE('',#482,#483,#59,.T.);
#603=EDGE_CURVE('',#483,#484,#60,.T.);
#604=EDGE_CURVE('',#484,#485,#61,.T.);
#605=EDGE_CURVE('',#485,#486,#62,.T.);
#606=EDGE_CURVE('',#486,#487,#63,.T.);
#607=EDGE_CURVE('',#487,#488,#64,.T.);
#608=EDGE_CURVE('',#488,#489,#65,.T.);
#609=EDGE_CURVE('',#489,#490,#289,.T.);
#610=EDGE_CURVE('',#490,#491,#290,.T.);
#611=EDGE_CURVE('',#491,#492,#291,.T.);
#612=EDGE_CURVE('',#492,#493,#66,.T.);
#613=EDGE_CURVE('',#493,#494,#67,.T.);
#614=EDGE_CURVE('',#494,#495,#68,.T.);
#615=EDGE_CURVE('',#495,#478,#292,.T.);
#616=EDGE_CURVE('',#496,#497,#69,.T.);
#617=EDGE_CURVE('',#497,#498,#70,.T.);
#618=EDGE_CURVE('',#498,#499,#293,.T.);
#619=EDGE_CURVE('',#499,#500,#71,.T.);
#620=EDGE_CURVE('',#500,#501,#72,.T.);
#621=EDGE_CURVE('',#501,#502,#73,.T.);
#622=EDGE_CURVE('',#502,#503,#74,.T.);
#623=EDGE_CURVE('',#503,#504,#75,.T.);
#624=EDGE_CURVE('',#504,#505,#76,.T.);
#625=EDGE_CURVE('',#505,#506,#77,.T.);
#626=EDGE_CURVE('',#506,#507,#78,.T.);
#627=EDGE_CURVE('',#507,#508,#79,.T.);
#628=EDGE_CURVE('',#508,#509,#80,.T.);
#629=EDGE_CURVE('',#509,#510,#81,.T.);
#630=EDGE_CURVE('',#510,#511,#82,.T.);
#631=EDGE_CURVE('',#511,#496,#83,.T.);
#632=EDGE_CURVE('',#512,#513,#294,.T.);
#633=EDGE_CURVE('',#513,#476,#295,.T.);
#634=EDGE_CURVE('',#475,#512,#296,.T.);
#635=EDGE_CURVE('',#514,#513,#297,.T.);
#636=EDGE_CURVE('',#477,#514,#298,.T.);
#637=EDGE_CURVE('',#514,#472,#299,.T.);
#638=EDGE_CURVE('',#515,#516,#84,.T.);
#639=EDGE_CURVE('',#515,#517,#300,.T.);
#640=EDGE_CURVE('',#517,#518,#85,.T.);
#641=EDGE_CURVE('',#516,#518,#301,.T.);
#642=EDGE_CURVE('',#519,#515,#86,.T.);
#643=EDGE_CURVE('',#519,#520,#302,.T.);
#644=EDGE_CURVE('',#520,#517,#87,.T.);
#645=EDGE_CURVE('',#521,#519,#88,.T.);
#646=EDGE_CURVE('',#521,#522,#303,.T.);
#647=EDGE_CURVE('',#522,#520,#89,.T.);
#648=EDGE_CURVE('',#523,#521,#90,.T.);
#649=EDGE_CURVE('',#523,#524,#304,.T.);
#650=EDGE_CURVE('',#524,#522,#91,.T.);
#651=EDGE_CURVE('',#525,#523,#92,.T.);
#652=EDGE_CURVE('',#525,#526,#305,.T.);
#653=EDGE_CURVE('',#526,#524,#93,.T.);
#654=EDGE_CURVE('',#527,#525,#94,.T.);
#655=EDGE_CURVE('',#527,#528,#306,.T.);
#656=EDGE_CURVE('',#528,#526,#95,.T.);
#657=EDGE_CURVE('',#529,#527,#96,.T.);
#658=EDGE_CURVE('',#529,#530,#307,.T.);
#659=EDGE_CURVE('',#530,#528,#97,.T.);
#660=EDGE_CURVE('',#516,#529,#98,.T.);
#661=EDGE_CURVE('',#518,#530,#99,.T.);
#662=EDGE_CURVE('',#496,#531,#308,.T.);
#663=EDGE_CURVE('',#531,#532,#100,.T.);
#664=EDGE_CURVE('',#497,#532,#309,.T.);
#665=EDGE_CURVE('',#511,#533,#310,.T.);
#666=EDGE_CURVE('',#533,#531,#101,.T.);
#667=EDGE_CURVE('',#510,#534,#311,.T.);
#668=EDGE_CURVE('',#534,#533,#102,.T.);
#669=EDGE_CURVE('',#509,#535,#312,.T.);
#670=EDGE_CURVE('',#535,#534,#103,.T.);
#671=EDGE_CURVE('',#508,#536,#313,.T.);
#672=EDGE_CURVE('',#536,#535,#104,.T.);
#673=EDGE_CURVE('',#507,#537,#314,.T.);
#674=EDGE_CURVE('',#537,#536,#105,.T.);
#675=EDGE_CURVE('',#506,#538,#315,.T.);
#676=EDGE_CURVE('',#538,#537,#106,.T.);
#677=EDGE_CURVE('',#505,#539,#316,.T.);
#678=EDGE_CURVE('',#539,#538,#107,.T.);
#679=EDGE_CURVE('',#504,#540,#317,.T.);
#680=EDGE_CURVE('',#540,#539,#108,.T.);
#681=EDGE_CURVE('',#503,#541,#318,.T.);
#682=EDGE_CURVE('',#541,#540,#109,.T.);
#683=EDGE_CURVE('',#502,#542,#319,.T.);
#684=EDGE_CURVE('',#542,#541,#110,.T.);
#685=EDGE_CURVE('',#501,#543,#320,.T.);
#686=EDGE_CURVE('',#543,#542,#111,.T.);
#687=EDGE_CURVE('',#500,#544,#321,.T.);
#688=EDGE_CURVE('',#544,#543,#112,.T.);
#689=EDGE_CURVE('',#499,#545,#322,.T.);
#690=EDGE_CURVE('',#545,#544,#113,.T.);
#691=EDGE_CURVE('',#498,#546,#323,.T.);
#692=EDGE_CURVE('',#546,#545,#324,.T.);
#693=EDGE_CURVE('',#532,#546,#114,.T.);
#694=EDGE_CURVE('',#547,#548,#325,.T.);
#695=EDGE_CURVE('',#547,#549,#326,.T.);
#696=EDGE_CURVE('',#549,#550,#327,.T.);
#697=EDGE_CURVE('',#548,#550,#328,.T.);
#698=EDGE_CURVE('',#551,#547,#115,.T.);
#699=EDGE_CURVE('',#551,#552,#329,.T.);
#700=EDGE_CURVE('',#552,#549,#116,.T.);
#701=EDGE_CURVE('',#553,#551,#117,.T.);
#702=EDGE_CURVE('',#553,#554,#330,.T.);
#703=EDGE_CURVE('',#554,#552,#118,.T.);
#704=EDGE_CURVE('',#555,#553,#119,.T.);
#705=EDGE_CURVE('',#555,#556,#331,.T.);
#706=EDGE_CURVE('',#556,#554,#120,.T.);
#707=EDGE_CURVE('',#557,#555,#121,.T.);
#708=EDGE_CURVE('',#557,#558,#332,.T.);
#709=EDGE_CURVE('',#558,#556,#122,.T.);
#710=EDGE_CURVE('',#559,#557,#123,.T.);
#711=EDGE_CURVE('',#559,#560,#333,.T.);
#712=EDGE_CURVE('',#560,#558,#124,.T.);
#713=EDGE_CURVE('',#561,#559,#125,.T.);
#714=EDGE_CURVE('',#561,#562,#334,.T.);
#715=EDGE_CURVE('',#562,#560,#126,.T.);
#716=EDGE_CURVE('',#563,#561,#335,.T.);
#717=EDGE_CURVE('',#563,#564,#336,.T.);
#718=EDGE_CURVE('',#564,#562,#337,.T.);
#719=EDGE_CURVE('',#548,#563,#338,.T.);
#720=EDGE_CURVE('',#550,#564,#339,.T.);
#721=EDGE_CURVE('',#478,#565,#340,.T.);
#722=EDGE_CURVE('',#565,#566,#341,.T.);
#723=EDGE_CURVE('',#479,#566,#342,.T.);
#724=EDGE_CURVE('',#495,#567,#343,.T.);
#725=EDGE_CURVE('',#567,#565,#344,.T.);
#726=EDGE_CURVE('',#494,#568,#345,.T.);
#727=EDGE_CURVE('',#568,#567,#127,.T.);
#728=EDGE_CURVE('',#493,#569,#346,.T.);
#729=EDGE_CURVE('',#569,#568,#128,.T.);
#730=EDGE_CURVE('',#492,#570,#347,.T.);
#731=EDGE_CURVE('',#570,#569,#129,.T.);
#732=EDGE_CURVE('',#491,#571,#348,.T.);
#733=EDGE_CURVE('',#571,#570,#349,.T.);
#734=EDGE_CURVE('',#490,#572,#350,.T.);
#735=EDGE_CURVE('',#572,#571,#351,.T.);
#736=EDGE_CURVE('',#489,#573,#352,.T.);
#737=EDGE_CURVE('',#573,#572,#353,.T.);
#738=EDGE_CURVE('',#488,#574,#354,.T.);
#739=EDGE_CURVE('',#574,#573,#130,.T.);
#740=EDGE_CURVE('',#487,#575,#355,.T.);
#741=EDGE_CURVE('',#575,#574,#131,.T.);
#742=EDGE_CURVE('',#486,#576,#356,.T.);
#743=EDGE_CURVE('',#576,#575,#132,.T.);
#744=EDGE_CURVE('',#485,#577,#357,.T.);
#745=EDGE_CURVE('',#577,#576,#133,.T.);
#746=EDGE_CURVE('',#484,#578,#358,.T.);
#747=EDGE_CURVE('',#578,#577,#134,.T.);
#748=EDGE_CURVE('',#483,#579,#359,.T.);
#749=EDGE_CURVE('',#579,#578,#135,.T.);
#750=EDGE_CURVE('',#482,#580,#360,.T.);
#751=EDGE_CURVE('',#580,#579,#136,.T.);
#752=EDGE_CURVE('',#481,#581,#361,.T.);
#753=EDGE_CURVE('',#581,#580,#362,.T.);
#754=EDGE_CURVE('',#480,#582,#363,.T.);
#755=EDGE_CURVE('',#582,#581,#364,.T.);
#756=EDGE_CURVE('',#566,#582,#365,.T.);
#757=EDGE_CURVE('',#473,#583,#366,.T.);
#758=EDGE_CURVE('',#584,#583,#138,.T.);
#759=EDGE_CURVE('',#474,#584,#367,.T.);
#760=EDGE_CURVE('',#512,#584,#368,.T.);
#761=EDGE_CURVE('',#583,#468,#369,.T.);
#762=ORIENTED_EDGE('',*,*,#585,.T.);
#763=ORIENTED_EDGE('',*,*,#586,.T.);
#764=ORIENTED_EDGE('',*,*,#587,.T.);
#765=ORIENTED_EDGE('',*,*,#588,.T.);
#766=ORIENTED_EDGE('',*,*,#588,.F.);
#767=ORIENTED_EDGE('',*,*,#589,.T.);
#768=ORIENTED_EDGE('',*,*,#590,.F.);
#769=ORIENTED_EDGE('',*,*,#591,.F.);
#770=ORIENTED_EDGE('',*,*,#587,.F.);
#771=ORIENTED_EDGE('',*,*,#592,.F.);
#772=ORIENTED_EDGE('',*,*,#593,.T.);
#773=ORIENTED_EDGE('',*,*,#594,.F.);
#774=ORIENTED_EDGE('',*,*,#595,.F.);
#775=ORIENTED_EDGE('',*,*,#596,.F.);
#776=ORIENTED_EDGE('',*,*,#597,.F.);
#777=ORIENTED_EDGE('',*,*,#589,.F.);
#778=ORIENTED_EDGE('',*,*,#598,.T.);
#779=ORIENTED_EDGE('',*,*,#599,.T.);
#780=ORIENTED_EDGE('',*,*,#600,.T.);
#781=ORIENTED_EDGE('',*,*,#601,.T.);
#782=ORIENTED_EDGE('',*,*,#602,.T.);
#783=ORIENTED_EDGE('',*,*,#603,.T.);
#784=ORIENTED_EDGE('',*,*,#604,.T.);
#785=ORIENTED_EDGE('',*,*,#605,.T.);
#786=ORIENTED_EDGE('',*,*,#606,.T.);
#787=ORIENTED_EDGE('',*,*,#607,.T.);
#788=ORIENTED_EDGE('',*,*,#608,.T.);
#789=ORIENTED_EDGE('',*,*,#609,.T.);
#790=ORIENTED_EDGE('',*,*,#610,.T.);
#791=ORIENTED_EDGE('',*,*,#611,.T.);
#792=ORIENTED_EDGE('',*,*,#612,.T.);
#793=ORIENTED_EDGE('',*,*,#613,.T.);
#794=ORIENTED_EDGE('',*,*,#614,.T.);
#795=ORIENTED_EDGE('',*,*,#615,.T.);
#796=ORIENTED_EDGE('',*,*,#616,.T.);
#797=ORIENTED_EDGE('',*,*,#617,.T.);
#798=ORIENTED_EDGE('',*,*,#618,.T.);
#799=ORIENTED_EDGE('',*,*,#619,.T.);
#800=ORIENTED_EDGE('',*,*,#620,.T.);
#801=ORIENTED_EDGE('',*,*,#621,.T.);
#802=ORIENTED_EDGE('',*,*,#622,.T.);
#803=ORIENTED_EDGE('',*,*,#623,.T.);
#804=ORIENTED_EDGE('',*,*,#624,.T.);
#805=ORIENTED_EDGE('',*,*,#625,.T.);
#806=ORIENTED_EDGE('',*,*,#626,.T.);
#807=ORIENTED_EDGE('',*,*,#627,.T.);
#808=ORIENTED_EDGE('',*,*,#628,.T.);
#809=ORIENTED_EDGE('',*,*,#629,.T.);
#810=ORIENTED_EDGE('',*,*,#630,.T.);
#811=ORIENTED_EDGE('',*,*,#631,.T.);
#812=ORIENTED_EDGE('',*,*,#632,.T.);
#813=ORIENTED_EDGE('',*,*,#633,.T.);
#814=ORIENTED_EDGE('',*,*,#595,.T.);
#815=ORIENTED_EDGE('',*,*,#634,.T.);
#816=ORIENTED_EDGE('',*,*,#633,.F.);
#817=ORIENTED_EDGE('',*,*,#635,.F.);
#818=ORIENTED_EDGE('',*,*,#636,.F.);
#819=ORIENTED_EDGE('',*,*,#596,.T.);
#820=ORIENTED_EDGE('',*,*,#637,.T.);
#821=ORIENTED_EDGE('',*,*,#590,.T.);
#822=ORIENTED_EDGE('',*,*,#597,.T.);
#823=ORIENTED_EDGE('',*,*,#636,.T.);
#824=ORIENTED_EDGE('',*,*,#638,.F.);
#825=ORIENTED_EDGE('',*,*,#639,.T.);
#826=ORIENTED_EDGE('',*,*,#640,.T.);
#827=ORIENTED_EDGE('',*,*,#641,.F.);
#828=ORIENTED_EDGE('',*,*,#642,.F.);
#829=ORIENTED_EDGE('',*,*,#643,.T.);
#830=ORIENTED_EDGE('',*,*,#644,.T.);
#831=ORIENTED_EDGE('',*,*,#639,.F.);
#832=ORIENTED_EDGE('',*,*,#645,.F.);
#833=ORIENTED_EDGE('',*,*,#646,.T.);
#834=ORIENTED_EDGE('',*,*,#647,.T.);
#835=ORIENTED_EDGE('',*,*,#643,.F.);
#836=ORIENTED_EDGE('',*,*,#648,.F.);
#837=ORIENTED_EDGE('',*,*,#649,.T.);
#838=ORIENTED_EDGE('',*,*,#650,.T.);
#839=ORIENTED_EDGE('',*,*,#646,.F.);
#840=ORIENTED_EDGE('',*,*,#651,.F.);
#841=ORIENTED_EDGE('',*,*,#652,.T.);
#842=ORIENTED_EDGE('',*,*,#653,.T.);
#843=ORIENTED_EDGE('',*,*,#649,.F.);
#844=ORIENTED_EDGE('',*,*,#654,.F.);
#845=ORIENTED_EDGE('',*,*,#655,.T.);
#846=ORIENTED_EDGE('',*,*,#656,.T.);
#847=ORIENTED_EDGE('',*,*,#652,.F.);
#848=ORIENTED_EDGE('',*,*,#657,.F.);
#849=ORIENTED_EDGE('',*,*,#658,.T.);
#850=ORIENTED_EDGE('',*,*,#659,.T.);
#851=ORIENTED_EDGE('',*,*,#655,.F.);
#852=ORIENTED_EDGE('',*,*,#660,.F.);
#853=ORIENTED_EDGE('',*,*,#641,.T.);
#854=ORIENTED_EDGE('',*,*,#661,.T.);
#855=ORIENTED_EDGE('',*,*,#658,.F.);
#856=ORIENTED_EDGE('',*,*,#616,.F.);
#857=ORIENTED_EDGE('',*,*,#662,.T.);
#858=ORIENTED_EDGE('',*,*,#663,.T.);
#859=ORIENTED_EDGE('',*,*,#664,.F.);
#860=ORIENTED_EDGE('',*,*,#631,.F.);
#861=ORIENTED_EDGE('',*,*,#665,.T.);
#862=ORIENTED_EDGE('',*,*,#666,.T.);
#863=ORIENTED_EDGE('',*,*,#662,.F.);
#864=ORIENTED_EDGE('',*,*,#630,.F.);
#865=ORIENTED_EDGE('',*,*,#667,.T.);
#866=ORIENTED_EDGE('',*,*,#668,.T.);
#867=ORIENTED_EDGE('',*,*,#665,.F.);
#868=ORIENTED_EDGE('',*,*,#629,.F.);
#869=ORIENTED_EDGE('',*,*,#669,.T.);
#870=ORIENTED_EDGE('',*,*,#670,.T.);
#871=ORIENTED_EDGE('',*,*,#667,.F.);
#872=ORIENTED_EDGE('',*,*,#628,.F.);
#873=ORIENTED_EDGE('',*,*,#671,.T.);
#874=ORIENTED_EDGE('',*,*,#672,.T.);
#875=ORIENTED_EDGE('',*,*,#669,.F.);
#876=ORIENTED_EDGE('',*,*,#627,.F.);
#877=ORIENTED_EDGE('',*,*,#673,.T.);
#878=ORIENTED_EDGE('',*,*,#674,.T.);
#879=ORIENTED_EDGE('',*,*,#671,.F.);
#880=ORIENTED_EDGE('',*,*,#626,.F.);
#881=ORIENTED_EDGE('',*,*,#675,.T.);
#882=ORIENTED_EDGE('',*,*,#676,.T.);
#883=ORIENTED_EDGE('',*,*,#673,.F.);
#884=ORIENTED_EDGE('',*,*,#625,.F.);
#885=ORIENTED_EDGE('',*,*,#677,.T.);
#886=ORIENTED_EDGE('',*,*,#678,.T.);
#887=ORIENTED_EDGE('',*,*,#675,.F.);
#888=ORIENTED_EDGE('',*,*,#624,.F.);
#889=ORIENTED_EDGE('',*,*,#679,.T.);
#890=ORIENTED_EDGE('',*,*,#680,.T.);
#891=ORIENTED_EDGE('',*,*,#677,.F.);
#892=ORIENTED_EDGE('',*,*,#623,.F.);
#893=ORIENTED_EDGE('',*,*,#681,.T.);
#894=ORIENTED_EDGE('',*,*,#682,.T.);
#895=ORIENTED_EDGE('',*,*,#679,.F.);
#896=ORIENTED_EDGE('',*,*,#622,.F.);
#897=ORIENTED_EDGE('',*,*,#683,.T.);
#898=ORIENTED_EDGE('',*,*,#684,.T.);
#899=ORIENTED_EDGE('',*,*,#681,.F.);
#900=ORIENTED_EDGE('',*,*,#621,.F.);
#901=ORIENTED_EDGE('',*,*,#685,.T.);
#902=ORIENTED_EDGE('',*,*,#686,.T.);
#903=ORIENTED_EDGE('',*,*,#683,.F.);
#904=ORIENTED_EDGE('',*,*,#620,.F.);
#905=ORIENTED_EDGE('',*,*,#687,.T.);
#906=ORIENTED_EDGE('',*,*,#688,.T.);
#907=ORIENTED_EDGE('',*,*,#685,.F.);
#908=ORIENTED_EDGE('',*,*,#619,.F.);
#909=ORIENTED_EDGE('',*,*,#689,.T.);
#910=ORIENTED_EDGE('',*,*,#690,.T.);
#911=ORIENTED_EDGE('',*,*,#687,.F.);
#912=ORIENTED_EDGE('',*,*,#618,.F.);
#913=ORIENTED_EDGE('',*,*,#691,.T.);
#914=ORIENTED_EDGE('',*,*,#692,.T.);
#915=ORIENTED_EDGE('',*,*,#689,.F.);
#916=ORIENTED_EDGE('',*,*,#617,.F.);
#917=ORIENTED_EDGE('',*,*,#664,.T.);
#918=ORIENTED_EDGE('',*,*,#693,.T.);
#919=ORIENTED_EDGE('',*,*,#691,.F.);
#920=ORIENTED_EDGE('',*,*,#693,.F.);
#921=ORIENTED_EDGE('',*,*,#663,.F.);
#922=ORIENTED_EDGE('',*,*,#666,.F.);
#923=ORIENTED_EDGE('',*,*,#668,.F.);
#924=ORIENTED_EDGE('',*,*,#670,.F.);
#925=ORIENTED_EDGE('',*,*,#672,.F.);
#926=ORIENTED_EDGE('',*,*,#674,.F.);
#927=ORIENTED_EDGE('',*,*,#676,.F.);
#928=ORIENTED_EDGE('',*,*,#678,.F.);
#929=ORIENTED_EDGE('',*,*,#680,.F.);
#930=ORIENTED_EDGE('',*,*,#682,.F.);
#931=ORIENTED_EDGE('',*,*,#684,.F.);
#932=ORIENTED_EDGE('',*,*,#686,.F.);
#933=ORIENTED_EDGE('',*,*,#688,.F.);
#934=ORIENTED_EDGE('',*,*,#690,.F.);
#935=ORIENTED_EDGE('',*,*,#692,.F.);
#936=ORIENTED_EDGE('',*,*,#661,.F.);
#937=ORIENTED_EDGE('',*,*,#640,.F.);
#938=ORIENTED_EDGE('',*,*,#644,.F.);
#939=ORIENTED_EDGE('',*,*,#647,.F.);
#940=ORIENTED_EDGE('',*,*,#650,.F.);
#941=ORIENTED_EDGE('',*,*,#653,.F.);
#942=ORIENTED_EDGE('',*,*,#656,.F.);
#943=ORIENTED_EDGE('',*,*,#659,.F.);
#944=ORIENTED_EDGE('',*,*,#694,.F.);
#945=ORIENTED_EDGE('',*,*,#695,.T.);
#946=ORIENTED_EDGE('',*,*,#696,.T.);
#947=ORIENTED_EDGE('',*,*,#697,.F.);
#948=ORIENTED_EDGE('',*,*,#698,.F.);
#949=ORIENTED_EDGE('',*,*,#699,.T.);
#950=ORIENTED_EDGE('',*,*,#700,.T.);
#951=ORIENTED_EDGE('',*,*,#695,.F.);
#952=ORIENTED_EDGE('',*,*,#701,.F.);
#953=ORIENTED_EDGE('',*,*,#702,.T.);
#954=ORIENTED_EDGE('',*,*,#703,.T.);
#955=ORIENTED_EDGE('',*,*,#699,.F.);
#956=ORIENTED_EDGE('',*,*,#704,.F.);
#957=ORIENTED_EDGE('',*,*,#705,.T.);
#958=ORIENTED_EDGE('',*,*,#706,.T.);
#959=ORIENTED_EDGE('',*,*,#702,.F.);
#960=ORIENTED_EDGE('',*,*,#707,.F.);
#961=ORIENTED_EDGE('',*,*,#708,.T.);
#962=ORIENTED_EDGE('',*,*,#709,.T.);
#963=ORIENTED_EDGE('',*,*,#705,.F.);
#964=ORIENTED_EDGE('',*,*,#710,.F.);
#965=ORIENTED_EDGE('',*,*,#711,.T.);
#966=ORIENTED_EDGE('',*,*,#712,.T.);
#967=ORIENTED_EDGE('',*,*,#708,.F.);
#968=ORIENTED_EDGE('',*,*,#713,.F.);
#969=ORIENTED_EDGE('',*,*,#714,.T.);
#970=ORIENTED_EDGE('',*,*,#715,.T.);
#971=ORIENTED_EDGE('',*,*,#711,.F.);
#972=ORIENTED_EDGE('',*,*,#716,.F.);
#973=ORIENTED_EDGE('',*,*,#717,.T.);
#974=ORIENTED_EDGE('',*,*,#718,.T.);
#975=ORIENTED_EDGE('',*,*,#714,.F.);
#976=ORIENTED_EDGE('',*,*,#719,.F.);
#977=ORIENTED_EDGE('',*,*,#697,.T.);
#978=ORIENTED_EDGE('',*,*,#720,.T.);
#979=ORIENTED_EDGE('',*,*,#717,.F.);
#980=ORIENTED_EDGE('',*,*,#598,.F.);
#981=ORIENTED_EDGE('',*,*,#721,.T.);
#982=ORIENTED_EDGE('',*,*,#722,.T.);
#983=ORIENTED_EDGE('',*,*,#723,.F.);
#984=ORIENTED_EDGE('',*,*,#615,.F.);
#985=ORIENTED_EDGE('',*,*,#724,.T.);
#986=ORIENTED_EDGE('',*,*,#725,.T.);
#987=ORIENTED_EDGE('',*,*,#721,.F.);
#988=ORIENTED_EDGE('',*,*,#614,.F.);
#989=ORIENTED_EDGE('',*,*,#726,.T.);
#990=ORIENTED_EDGE('',*,*,#727,.T.);
#991=ORIENTED_EDGE('',*,*,#724,.F.);
#992=ORIENTED_EDGE('',*,*,#613,.F.);
#993=ORIENTED_EDGE('',*,*,#728,.T.);
#994=ORIENTED_EDGE('',*,*,#729,.T.);
#995=ORIENTED_EDGE('',*,*,#726,.F.);
#996=ORIENTED_EDGE('',*,*,#612,.F.);
#997=ORIENTED_EDGE('',*,*,#730,.T.);
#998=ORIENTED_EDGE('',*,*,#731,.T.);
#999=ORIENTED_EDGE('',*,*,#728,.F.);
#1000=ORIENTED_EDGE('',*,*,#611,.F.);
#1001=ORIENTED_EDGE('',*,*,#732,.T.);
#1002=ORIENTED_EDGE('',*,*,#733,.T.);
#1003=ORIENTED_EDGE('',*,*,#730,.F.);
#1004=ORIENTED_EDGE('',*,*,#610,.F.);
#1005=ORIENTED_EDGE('',*,*,#734,.T.);
#1006=ORIENTED_EDGE('',*,*,#735,.T.);
#1007=ORIENTED_EDGE('',*,*,#732,.F.);
#1008=ORIENTED_EDGE('',*,*,#609,.F.);
#1009=ORIENTED_EDGE('',*,*,#736,.T.);
#1010=ORIENTED_EDGE('',*,*,#737,.T.);
#1011=ORIENTED_EDGE('',*,*,#734,.F.);
#1012=ORIENTED_EDGE('',*,*,#608,.F.);
#1013=ORIENTED_EDGE('',*,*,#738,.T.);
#1014=ORIENTED_EDGE('',*,*,#739,.T.);
#1015=ORIENTED_EDGE('',*,*,#736,.F.);
#1016=ORIENTED_EDGE('',*,*,#607,.F.);
#1017=ORIENTED_EDGE('',*,*,#740,.T.);
#1018=ORIENTED_EDGE('',*,*,#741,.T.);
#1019=ORIENTED_EDGE('',*,*,#738,.F.);
#1020=ORIENTED_EDGE('',*,*,#606,.F.);
#1021=ORIENTED_EDGE('',*,*,#742,.T.);
#1022=ORIENTED_EDGE('',*,*,#743,.T.);
#1023=ORIENTED_EDGE('',*,*,#740,.F.);
#1024=ORIENTED_EDGE('',*,*,#605,.F.);
#1025=ORIENTED_EDGE('',*,*,#744,.T.);
#1026=ORIENTED_EDGE('',*,*,#745,.T.);
#1027=ORIENTED_EDGE('',*,*,#742,.F.);
#1028=ORIENTED_EDGE('',*,*,#604,.F.);
#1029=ORIENTED_EDGE('',*,*,#746,.T.);
#1030=ORIENTED_EDGE('',*,*,#747,.T.);
#1031=ORIENTED_EDGE('',*,*,#744,.F.);
#1032=ORIENTED_EDGE('',*,*,#603,.F.);
#1033=ORIENTED_EDGE('',*,*,#748,.T.);
#1034=ORIENTED_EDGE('',*,*,#749,.T.);
#1035=ORIENTED_EDGE('',*,*,#746,.F.);
#1036=ORIENTED_EDGE('',*,*,#602,.F.);
#1037=ORIENTED_EDGE('',*,*,#750,.T.);
#1038=ORIENTED_EDGE('',*,*,#751,.T.);
#1039=ORIENTED_EDGE('',*,*,#748,.F.);
#1040=ORIENTED_EDGE('',*,*,#601,.F.);
#1041=ORIENTED_EDGE('',*,*,#752,.T.);
#1042=ORIENTED_EDGE('',*,*,#753,.T.);
#1043=ORIENTED_EDGE('',*,*,#750,.F.);
#1044=ORIENTED_EDGE('',*,*,#600,.F.);
#1045=ORIENTED_EDGE('',*,*,#754,.T.);
#1046=ORIENTED_EDGE('',*,*,#755,.T.);
#1047=ORIENTED_EDGE('',*,*,#752,.F.);
#1048=ORIENTED_EDGE('',*,*,#599,.F.);
#1049=ORIENTED_EDGE('',*,*,#723,.T.);
#1050=ORIENTED_EDGE('',*,*,#756,.T.);
#1051=ORIENTED_EDGE('',*,*,#754,.F.);
#1052=ORIENTED_EDGE('',*,*,#756,.F.);
#1053=ORIENTED_EDGE('',*,*,#722,.F.);
#1054=ORIENTED_EDGE('',*,*,#725,.F.);
#1055=ORIENTED_EDGE('',*,*,#727,.F.);
#1056=ORIENTED_EDGE('',*,*,#729,.F.);
#1057=ORIENTED_EDGE('',*,*,#731,.F.);
#1058=ORIENTED_EDGE('',*,*,#733,.F.);
#1059=ORIENTED_EDGE('',*,*,#735,.F.);
#1060=ORIENTED_EDGE('',*,*,#737,.F.);
#1061=ORIENTED_EDGE('',*,*,#739,.F.);
#1062=ORIENTED_EDGE('',*,*,#741,.F.);
#1063=ORIENTED_EDGE('',*,*,#743,.F.);
#1064=ORIENTED_EDGE('',*,*,#745,.F.);
#1065=ORIENTED_EDGE('',*,*,#747,.F.);
#1066=ORIENTED_EDGE('',*,*,#749,.F.);
#1067=ORIENTED_EDGE('',*,*,#751,.F.);
#1068=ORIENTED_EDGE('',*,*,#753,.F.);
#1069=ORIENTED_EDGE('',*,*,#755,.F.);
#1070=ORIENTED_EDGE('',*,*,#720,.F.);
#1071=ORIENTED_EDGE('',*,*,#696,.F.);
#1072=ORIENTED_EDGE('',*,*,#700,.F.);
#1073=ORIENTED_EDGE('',*,*,#703,.F.);
#1074=ORIENTED_EDGE('',*,*,#706,.F.);
#1075=ORIENTED_EDGE('',*,*,#709,.F.);
#1076=ORIENTED_EDGE('',*,*,#712,.F.);
#1077=ORIENTED_EDGE('',*,*,#715,.F.);
#1078=ORIENTED_EDGE('',*,*,#718,.F.);
#1079=ORIENTED_EDGE('',*,*,#694,.T.);
#1080=ORIENTED_EDGE('',*,*,#719,.T.);
#1081=ORIENTED_EDGE('',*,*,#716,.T.);
#1082=ORIENTED_EDGE('',*,*,#713,.T.);
#1083=ORIENTED_EDGE('',*,*,#710,.T.);
#1084=ORIENTED_EDGE('',*,*,#707,.T.);
#1085=ORIENTED_EDGE('',*,*,#704,.T.);
#1086=ORIENTED_EDGE('',*,*,#701,.T.);
#1087=ORIENTED_EDGE('',*,*,#698,.T.);
#1088=ORIENTED_EDGE('',*,*,#593,.F.);
#1089=ORIENTED_EDGE('',*,*,#757,.T.);
#1090=ORIENTED_EDGE('',*,*,#758,.F.);
#1091=ORIENTED_EDGE('',*,*,#759,.F.);
#1092=ORIENTED_EDGE('',*,*,#634,.F.);
#1093=ORIENTED_EDGE('',*,*,#594,.T.);
#1094=ORIENTED_EDGE('',*,*,#759,.T.);
#1095=ORIENTED_EDGE('',*,*,#760,.F.);
#1096=ORIENTED_EDGE('',*,*,#586,.F.);
#1097=ORIENTED_EDGE('',*,*,#761,.F.);
#1098=ORIENTED_EDGE('',*,*,#757,.F.);
#1099=ORIENTED_EDGE('',*,*,#592,.T.);
#1100=ORIENTED_EDGE('',*,*,#638,.T.);
#1101=ORIENTED_EDGE('',*,*,#660,.T.);
#1102=ORIENTED_EDGE('',*,*,#657,.T.);
#1103=ORIENTED_EDGE('',*,*,#654,.T.);
#1104=ORIENTED_EDGE('',*,*,#651,.T.);
#1105=ORIENTED_EDGE('',*,*,#648,.T.);
#1106=ORIENTED_EDGE('',*,*,#645,.T.);
#1107=ORIENTED_EDGE('',*,*,#642,.T.);
#1108=ORIENTED_EDGE('',*,*,#585,.F.);
#1109=ORIENTED_EDGE('',*,*,#591,.T.);
#1110=ORIENTED_EDGE('',*,*,#637,.F.);
#1111=ORIENTED_EDGE('',*,*,#635,.T.);
#1112=ORIENTED_EDGE('',*,*,#632,.F.);
#1113=ORIENTED_EDGE('',*,*,#760,.T.);
#1114=ORIENTED_EDGE('',*,*,#758,.T.);
#1115=ORIENTED_EDGE('',*,*,#761,.T.);
#1116=PLANE('',#1220);
#1117=PLANE('',#1221);
#1118=PLANE('',#1222);
#1119=PLANE('',#1224);
#1120=PLANE('',#1225);
#1121=PLANE('',#1226);
#1122=PLANE('',#1227);
#1123=PLANE('',#1228);
#1124=PLANE('',#1229);
#1125=PLANE('',#1230);
#1126=PLANE('',#1231);
#1127=PLANE('',#1232);
#1128=PLANE('',#1233);
#1129=PLANE('',#1234);
#1130=PLANE('',#1235);
#1131=PLANE('',#1236);
#1132=PLANE('',#1237);
#1133=PLANE('',#1238);
#1134=PLANE('',#1239);
#1135=PLANE('',#1240);
#1136=PLANE('',#1241);
#1137=PLANE('',#1244);
#1138=PLANE('',#1245);
#1139=PLANE('',#1246);
#1140=PLANE('',#1247);
#1141=ADVANCED_FACE('',(#139),#1116,.T.);
#1142=ADVANCED_FACE('',(#140),#1117,.T.);
#1143=ADVANCED_FACE('',(#141,#55,#56),#1118,.T.);
#1144=ADVANCED_FACE('',(#142),#1119,.T.);
#1145=ADVANCED_FACE('',(#143),#1120,.T.);
#1146=ADVANCED_FACE('',(#144),#1121,.T.);
#1147=ADVANCED_FACE('',(#145),#16,.F.);
#1148=ADVANCED_FACE('',(#146),#17,.F.);
#1149=ADVANCED_FACE('',(#147),#18,.F.);
#1150=ADVANCED_FACE('',(#148),#19,.F.);
#1151=ADVANCED_FACE('',(#149),#20,.F.);
#1152=ADVANCED_FACE('',(#150),#21,.F.);
#1153=ADVANCED_FACE('',(#151),#22,.F.);
#1154=ADVANCED_FACE('',(#152),#23,.F.);
#1155=ADVANCED_FACE('',(#153),#24,.F.);
#1156=ADVANCED_FACE('',(#154),#25,.F.);
#1157=ADVANCED_FACE('',(#155),#26,.F.);
#1158=ADVANCED_FACE('',(#156),#27,.F.);
#1159=ADVANCED_FACE('',(#157),#28,.F.);
#1160=ADVANCED_FACE('',(#158),#29,.F.);
#1161=ADVANCED_FACE('',(#159),#30,.F.);
#1162=ADVANCED_FACE('',(#160),#31,.F.);
#1163=ADVANCED_FACE('',(#161),#32,.F.);
#1164=ADVANCED_FACE('',(#162),#33,.F.);
#1165=ADVANCED_FACE('',(#163),#34,.F.);
#1166=ADVANCED_FACE('',(#164),#35,.F.);
#1167=ADVANCED_FACE('',(#165),#36,.F.);
#1168=ADVANCED_FACE('',(#166),#37,.F.);
#1169=ADVANCED_FACE('',(#167),#1122,.F.);
#1170=ADVANCED_FACE('',(#168),#38,.F.);
#1171=ADVANCED_FACE('',(#169,#57),#1123,.T.);
#1172=ADVANCED_FACE('',(#170),#1124,.F.);
#1173=ADVANCED_FACE('',(#171),#39,.F.);
#1174=ADVANCED_FACE('',(#172),#40,.F.);
#1175=ADVANCED_FACE('',(#173),#41,.F.);
#1176=ADVANCED_FACE('',(#174),#42,.F.);
#1177=ADVANCED_FACE('',(#175),#43,.F.);
#1178=ADVANCED_FACE('',(#176),#44,.F.);
#1179=ADVANCED_FACE('',(#177),#1125,.F.);
#1180=ADVANCED_FACE('',(#178),#1126,.F.);
#1181=ADVANCED_FACE('',(#179),#1127,.F.);
#1182=ADVANCED_FACE('',(#180),#1128,.F.);
#1183=ADVANCED_FACE('',(#181),#45,.F.);
#1184=ADVANCED_FACE('',(#182),#46,.F.);
#1185=ADVANCED_FACE('',(#183),#47,.F.);
#1186=ADVANCED_FACE('',(#184),#1129,.F.);
#1187=ADVANCED_FACE('',(#185),#1130,.F.);
#1188=ADVANCED_FACE('',(#186),#1131,.F.);
#1189=ADVANCED_FACE('',(#187),#48,.F.);
#1190=ADVANCED_FACE('',(#188),#49,.F.);
#1191=ADVANCED_FACE('',(#189),#50,.F.);
#1192=ADVANCED_FACE('',(#190),#51,.F.);
#1193=ADVANCED_FACE('',(#191),#52,.F.);
#1194=ADVANCED_FACE('',(#192),#53,.F.);
#1195=ADVANCED_FACE('',(#193),#54,.F.);
#1196=ADVANCED_FACE('',(#194),#1132,.F.);
#1197=ADVANCED_FACE('',(#195),#1133,.F.);
#1198=ADVANCED_FACE('',(#196),#1134,.F.);
#1199=ADVANCED_FACE('',(#197,#58),#1135,.T.);
#1200=ADVANCED_FACE('',(#198),#1136,.T.);
#1201=ADVANCED_FACE('',(#199),#15,.T.);
#1202=ADVANCED_FACE('',(#200),#1137,.T.);
#1203=ADVANCED_FACE('',(#201),#1138,.T.);
#1204=ADVANCED_FACE('',(#202),#1139,.T.);
#1205=ADVANCED_FACE('',(#203),#1140,.F.);
#1206=CLOSED_SHELL('',(#1141,#1142,#1143,#1144,#1145,#1146,#1147,#1148,
#1149,#1150,#1151,#1152,#1153,#1154,#1155,#1156,#1157,#1158,#1159,#1160,
#1161,#1162,#1163,#1164,#1165,#1166,#1167,#1168,#1169,#1170,#1171,#1172,
#1173,#1174,#1175,#1176,#1177,#1178,#1179,#1180,#1181,#1182,#1183,#1184,
#1185,#1186,#1187,#1188,#1189,#1190,#1191,#1192,#1193,#1194,#1195,#1196,
#1197,#1198,#1199,#1200,#1201,#1202,#1203,#1204,#1205));
#1207=DERIVED_UNIT_ELEMENT(#1209,1.);
#1208=DERIVED_UNIT_ELEMENT(#2432,-3.);
#1209=(
MASS_UNIT()
NAMED_UNIT(*)
SI_UNIT(.KILO.,.GRAM.)
);
#1210=DERIVED_UNIT((#1207,#1208));
#1211=MEASURE_REPRESENTATION_ITEM('density measure',
POSITIVE_RATIO_MEASURE(7850.),#1210);
#1212=PROPERTY_DEFINITION_REPRESENTATION(#1217,#1214);
#1213=PROPERTY_DEFINITION_REPRESENTATION(#1218,#1215);
#1214=REPRESENTATION('material name',(#1216),#2429);
#1215=REPRESENTATION('density',(#1211),#2429);
#1216=DESCRIPTIVE_REPRESENTATION_ITEM('Steel','Steel');
#1217=PROPERTY_DEFINITION('material property','material name',#2439);
#1218=PROPERTY_DEFINITION('material property','density of part',#2439);
#1219=AXIS2_PLACEMENT_3D('',#1403,#1248,#1249);
#1220=AXIS2_PLACEMENT_3D('',#1404,#1250,#1251);
#1221=AXIS2_PLACEMENT_3D('',#1413,#1256,#1257);
#1222=AXIS2_PLACEMENT_3D('',#1419,#1261,#1262);
#1223=AXIS2_PLACEMENT_3D('',#1423,#1264,#1265);
#1224=AXIS2_PLACEMENT_3D('',#1599,#1279,#1280);
#1225=AXIS2_PLACEMENT_3D('',#1605,#1284,#1285);
#1226=AXIS2_PLACEMENT_3D('',#1609,#1288,#1289);
#1227=AXIS2_PLACEMENT_3D('',#2035,#1314,#1315);
#1228=AXIS2_PLACEMENT_3D('',#2054,#1318,#1319);
#1229=AXIS2_PLACEMENT_3D('',#2055,#1320,#1321);
#1230=AXIS2_PLACEMENT_3D('',#2202,#1332,#1333);
#1231=AXIS2_PLACEMENT_3D('',#2208,#1337,#1338);
#1232=AXIS2_PLACEMENT_3D('',#2211,#1341,#1342);
#1233=AXIS2_PLACEMENT_3D('',#2217,#1346,#1347);
#1234=AXIS2_PLACEMENT_3D('',#2272,#1353,#1354);
#1235=AXIS2_PLACEMENT_3D('',#2276,#1357,#1358);
#1236=AXIS2_PLACEMENT_3D('',#2280,#1361,#1362);
#1237=AXIS2_PLACEMENT_3D('',#2403,#1372,#1373);
#1238=AXIS2_PLACEMENT_3D('',#2407,#1376,#1377);
#1239=AXIS2_PLACEMENT_3D('',#2411,#1380,#1381);
#1240=AXIS2_PLACEMENT_3D('',#2413,#1383,#1384);
#1241=AXIS2_PLACEMENT_3D('',#2414,#1385,#1386);
#1242=AXIS2_PLACEMENT_3D('',#2415,#1387,#1388);
#1243=AXIS2_PLACEMENT_3D('',#2419,#1390,#1391);
#1244=AXIS2_PLACEMENT_3D('',#2421,#1393,#1394);
#1245=AXIS2_PLACEMENT_3D('',#2423,#1396,#1397);
#1246=AXIS2_PLACEMENT_3D('',#2425,#1399,#1400);
#1247=AXIS2_PLACEMENT_3D('',#2426,#1401,#1402);
#1248=DIRECTION('axis',(0.,0.,1.));
#1249=DIRECTION('refdir',(1.,0.,0.));
#1250=DIRECTION('center_axis',(0.707106781186546,0.707106781186549,0.));
#1251=DIRECTION('ref_axis',(0.,0.,-1.));
#1252=DIRECTION('',(-0.707106781186549,0.707106781186546,0.));
#1253=DIRECTION('',(0.,0.,1.));
#1254=DIRECTION('',(0.707106781186549,-0.707106781186546,0.));
#1255=DIRECTION('',(0.,0.,-1.));
#1256=DIRECTION('center_axis',(1.,0.,0.));
#1257=DIRECTION('ref_axis',(0.,-1.,0.));
#1258=DIRECTION('',(0.,-1.,0.));
#1259=DIRECTION('',(0.,0.,1.));
#1260=DIRECTION('',(0.,-1.,0.));
#1261=DIRECTION('center_axis',(0.,0.,1.));
#1262=DIRECTION('ref_axis',(1.,0.,0.));
#1263=DIRECTION('',(1.,0.,0.));
#1264=DIRECTION('center_axis',(0.,0.,1.));
#1265=DIRECTION('ref_axis',(0.,1.,0.));
#1266=DIRECTION('',(0.,1.,0.));
#1267=DIRECTION('',(-0.707106781186548,0.707106781186547,0.));
#1268=DIRECTION('',(-1.,0.,0.));
#1269=DIRECTION('',(-0.707106781186547,-0.707106781186548,0.));
#1270=DIRECTION('',(-0.00362015454037838,-0.999993447219082,0.));
#1271=DIRECTION('',(-0.999993447219082,0.00362015454037839,0.));
#1272=DIRECTION('',(0.00362015454037841,0.999993447219082,0.));
#1273=DIRECTION('',(0.999993447219082,-0.00362015454037848,0.));
#1274=DIRECTION('',(0.52745952721964,-0.84958015934062,0.));
#1275=DIRECTION('',(-0.999993447219082,0.00362015454037869,0.));
#1276=DIRECTION('',(-0.554090951440179,0.832456135500314,0.));
#1277=DIRECTION('',(-0.999993447219082,0.003620154540377,0.));
#1278=DIRECTION('',(0.994362917686754,0.106030127461424,0.));
#1279=DIRECTION('center_axis',(-0.707106781186547,-0.707106781186548,0.));
#1280=DIRECTION('ref_axis',(0.,0.,1.));
#1281=DIRECTION('',(0.707106781186548,-0.707106781186547,0.));
#1282=DIRECTION('',(0.,0.,1.));
#1283=DIRECTION('',(0.,0.,-1.));
#1284=DIRECTION('center_axis',(0.,-1.,0.));
#1285=DIRECTION('ref_axis',(-1.,0.,0.));
#1286=DIRECTION('',(-1.,0.,0.));
#1287=DIRECTION('',(0.,0.,-1.));
#1288=DIRECTION('center_axis',(0.707106781186548,-0.707106781186547,0.));
#1289=DIRECTION('ref_axis',(0.,0.,-1.));
#1290=DIRECTION('',(0.707106781186547,0.707106781186548,0.));
#1291=DIRECTION('',(0.,0.,-1.));
#1292=DIRECTION('',(0.,0.,-1.));
#1293=DIRECTION('',(0.,0.,-1.));
#1294=DIRECTION('',(0.,0.,-1.));
#1295=DIRECTION('',(0.,0.,-1.));
#1296=DIRECTION('',(0.,0.,-1.));
#1297=DIRECTION('',(0.,0.,-1.));
#1298=DIRECTION('',(0.,0.,-1.));
#1299=DIRECTION('',(0.,0.,-1.));
#1300=DIRECTION('',(0.,0.,-1.));
#1301=DIRECTION('',(0.,0.,-1.));
#1302=DIRECTION('',(0.,0.,-1.));
#1303=DIRECTION('',(0.,0.,-1.));
#1304=DIRECTION('',(0.,0.,-1.));
#1305=DIRECTION('',(0.,0.,-1.));
#1306=DIRECTION('',(0.,0.,-1.));
#1307=DIRECTION('',(0.,0.,-1.));
#1308=DIRECTION('',(0.,0.,-1.));
#1309=DIRECTION('',(0.,0.,-1.));
#1310=DIRECTION('',(0.,0.,-1.));
#1311=DIRECTION('',(0.,0.,-1.));
#1312=DIRECTION('',(0.,0.,-1.));
#1313=DIRECTION('',(0.,0.,-1.));
#1314=DIRECTION('center_axis',(-0.106030127461424,0.994362917686754,0.));
#1315=DIRECTION('ref_axis',(0.994362917686754,0.106030127461424,0.));
#1316=DIRECTION('',(0.,0.,-1.));
#1317=DIRECTION('',(0.994362917686754,0.106030127461424,0.));
#1318=DIRECTION('center_axis',(0.,0.,1.));
#1319=DIRECTION('ref_axis',(1.,0.,0.));
#1320=DIRECTION('center_axis',(-0.0036201545403791,-0.999993447219082,0.));
#1321=DIRECTION('ref_axis',(-0.999993447219082,0.0036201545403791,0.));
#1322=DIRECTION('',(-0.999993447219082,0.0036201545403791,0.));
#1323=DIRECTION('',(0.,0.,-1.));
#1324=DIRECTION('',(-0.999993447219082,0.0036201545403791,0.));
#1325=DIRECTION('',(0.,0.,-1.));
#1326=DIRECTION('',(0.,0.,-1.));
#1327=DIRECTION('',(0.,0.,-1.));
#1328=DIRECTION('',(0.,0.,-1.));
#1329=DIRECTION('',(0.,0.,-1.));
#1330=DIRECTION('',(0.,0.,-1.));
#1331=DIRECTION('',(0.,0.,-1.));
#1332=DIRECTION('center_axis',(0.00362015454037866,0.999993447219082,0.));
#1333=DIRECTION('ref_axis',(0.999993447219082,-0.00362015454037866,0.));
#1334=DIRECTION('',(0.999993447219082,-0.00362015454037866,0.));
#1335=DIRECTION('',(0.,0.,-1.));
#1336=DIRECTION('',(0.999993447219082,-0.00362015454037866,0.));
#1337=DIRECTION('center_axis',(0.999993447219082,-0.00362015454037793,0.));
#1338=DIRECTION('ref_axis',(-0.00362015454037793,-0.999993447219082,0.));
#1339=DIRECTION('',(-0.00362015454037793,-0.999993447219082,0.));
#1340=DIRECTION('',(-0.00362015454037793,-0.999993447219082,0.));
#1341=DIRECTION('center_axis',(0.999993447219082,-0.00362015454037838,0.));
#1342=DIRECTION('ref_axis',(-0.00362015454037838,-0.999993447219082,0.));
#1343=DIRECTION('',(0.,0.,-1.));
#1344=DIRECTION('',(-0.00362015454037838,-0.999993447219082,0.));
#1345=DIRECTION('',(0.,0.,-1.));
#1346=DIRECTION('center_axis',(-0.003620154540377,-0.999993447219082,0.));
#1347=DIRECTION('ref_axis',(-0.999993447219082,0.003620154540377,0.));
#1348=DIRECTION('',(0.,0.,-1.));
#1349=DIRECTION('',(-0.999993447219082,0.003620154540377,0.));
#1350=DIRECTION('',(0.,0.,-1.));
#1351=DIRECTION('',(0.,0.,-1.));
#1352=DIRECTION('',(0.,0.,-1.));
#1353=DIRECTION('center_axis',(-0.832456135500314,-0.554090951440179,0.));
#1354=DIRECTION('ref_axis',(-0.554090951440179,0.832456135500314,0.));
#1355=DIRECTION('',(0.,0.,-1.));
#1356=DIRECTION('',(-0.554090951440179,0.832456135500314,0.));
#1357=DIRECTION('center_axis',(-0.00362015454037869,-0.999993447219082,
0.));
#1358=DIRECTION('ref_axis',(-0.999993447219082,0.00362015454037869,0.));
#1359=DIRECTION('',(0.,0.,-1.));
#1360=DIRECTION('',(-0.999993447219082,0.00362015454037869,0.));
#1361=DIRECTION('center_axis',(0.84958015934062,0.52745952721964,0.));
#1362=DIRECTION('ref_axis',(0.52745952721964,-0.84958015934062,0.));
#1363=DIRECTION('',(0.,0.,-1.));
#1364=DIRECTION('',(0.52745952721964,-0.84958015934062,0.));
#1365=DIRECTION('',(0.,0.,-1.));
#1366=DIRECTION('',(0.,0.,-1.));
#1367=DIRECTION('',(0.,0.,-1.));
#1368=DIRECTION('',(0.,0.,-1.));
#1369=DIRECTION('',(0.,0.,-1.));
#1370=DIRECTION('',(0.,0.,-1.));
#1371=DIRECTION('',(0.,0.,-1.));
#1372=DIRECTION('center_axis',(0.00362015454037848,0.999993447219082,0.));
#1373=DIRECTION('ref_axis',(0.999993447219082,-0.00362015454037848,0.));
#1374=DIRECTION('',(0.,0.,-1.));
#1375=DIRECTION('',(0.999993447219082,-0.00362015454037848,0.));
#1376=DIRECTION('center_axis',(-0.999993447219082,0.00362015454037841,0.));
#1377=DIRECTION('ref_axis',(0.00362015454037841,0.999993447219082,0.));
#1378=DIRECTION('',(0.,0.,-1.));
#1379=DIRECTION('',(0.00362015454037841,0.999993447219082,0.));
#1380=DIRECTION('center_axis',(-0.00362015454037839,-0.999993447219082,
0.));
#1381=DIRECTION('ref_axis',(-0.999993447219082,0.00362015454037839,0.));
#1382=DIRECTION('',(-0.999993447219082,0.00362015454037839,0.));
#1383=DIRECTION('center_axis',(0.,0.,1.));
#1384=DIRECTION('ref_axis',(1.,0.,0.));
#1385=DIRECTION('center_axis',(0.,0.,1.));
#1386=DIRECTION('ref_axis',(1.,0.,0.));
#1387=DIRECTION('center_axis',(0.,0.,-1.));
#1388=DIRECTION('ref_axis',(0.,1.,0.));
#1389=DIRECTION('',(0.,0.,-1.));
#1390=DIRECTION('center_axis',(0.,0.,-1.));
#1391=DIRECTION('ref_axis',(0.,1.,0.));
#1392=DIRECTION('',(0.,0.,-1.));
#1393=DIRECTION('center_axis',(-1.,0.,0.));
#1394=DIRECTION('ref_axis',(0.,1.,0.));
#1395=DIRECTION('',(0.,1.,0.));
#1396=DIRECTION('center_axis',(0.,1.,0.));
#1397=DIRECTION('ref_axis',(1.,0.,0.));
#1398=DIRECTION('',(1.,0.,0.));
#1399=DIRECTION('center_axis',(0.,0.,1.));
#1400=DIRECTION('ref_axis',(1.,0.,0.));
#1401=DIRECTION('center_axis',(0.,0.,1.));
#1402=DIRECTION('ref_axis',(1.,0.,0.));
#1403=CARTESIAN_POINT('',(0.,0.,0.));
#1404=CARTESIAN_POINT('Origin',(-0.5,34.5,0.));
#1405=CARTESIAN_POINT('',(0.,34.,-2.));
#1406=CARTESIAN_POINT('',(-1.,35.,-2.));
#1407=CARTESIAN_POINT('',(-0.500000000000016,34.5,-2.));
#1408=CARTESIAN_POINT('',(-1.,35.,0.));
#1409=CARTESIAN_POINT('',(-1.,35.,0.));
#1410=CARTESIAN_POINT('',(0.,34.,0.));
#1411=CARTESIAN_POINT('',(-0.500000000000016,34.5,0.));
#1412=CARTESIAN_POINT('',(0.,34.,0.));
#1413=CARTESIAN_POINT('Origin',(0.,35.,0.));
#1414=CARTESIAN_POINT('',(0.,1.,0.));
#1415=CARTESIAN_POINT('',(0.,35.,0.));
#1416=CARTESIAN_POINT('',(0.,1.,-2.));
#1417=CARTESIAN_POINT('',(0.,1.,0.));
#1418=CARTESIAN_POINT('',(0.,35.,-2.));
#1419=CARTESIAN_POINT('Origin',(-17.5,17.5,0.));
#1420=CARTESIAN_POINT('',(-26.,35.,0.));
#1421=CARTESIAN_POINT('',(-26.,35.,0.));
#1422=CARTESIAN_POINT('',(-35.,26.,0.));
#1423=CARTESIAN_POINT('Origin',(-26.,26.,0.));
#1424=CARTESIAN_POINT('',(-35.,1.,0.));
#1425=CARTESIAN_POINT('',(-35.,0.,0.));
#1426=CARTESIAN_POINT('',(-34.,0.,0.));
#1427=CARTESIAN_POINT('',(-34.5,0.499999999999995,0.));
#1428=CARTESIAN_POINT('',(-1.,0.,0.));
#1429=CARTESIAN_POINT('',(0.,0.,0.));
#1430=CARTESIAN_POINT('',(-0.499999999999997,0.500000000000005,0.));
#1431=CARTESIAN_POINT('',(-15.8312027303608,5.90119163467797,0.));
#1432=CARTESIAN_POINT('',(-15.8401967813848,3.4167694953166,0.));
#1433=CARTESIAN_POINT('',(-15.8102190637784,11.6974991809252,0.));
#1434=CARTESIAN_POINT('',(-17.0418127718788,3.42111955940539,0.));
#1435=CARTESIAN_POINT('',(-16.6955790827868,3.41986613173036,0.));
#1436=CARTESIAN_POINT('',(-17.0202681991536,9.37236592417989,0.));
#1437=CARTESIAN_POINT('',(-17.0163320797844,10.4596381753333,0.));
#1438=CARTESIAN_POINT('',(-14.491191558368,9.36321021590043,0.));
#1439=CARTESIAN_POINT('',(-17.2748425053086,9.37328752854925,0.));
#1440=CARTESIAN_POINT('',(-13.1054483296109,9.19784113202468,0.));
#1441=CARTESIAN_POINT('Ctrl Pts',(-14.491191558368,9.36321021590043,0.));
#1442=CARTESIAN_POINT('Ctrl Pts',(-14.2149767463002,9.36182767210644,0.));
#1443=CARTESIAN_POINT('Ctrl Pts',(-13.7459903335049,9.35948024457486,0.));
#1444=CARTESIAN_POINT('Ctrl Pts',(-13.2920396589196,9.24492696979278,0.));
#1445=CARTESIAN_POINT('Ctrl Pts',(-13.1054483296109,9.19784113202468,0.));
#1446=CARTESIAN_POINT('',(-12.4153655945037,8.62497338544868,0.));
#1447=CARTESIAN_POINT('Ctrl Pts',(-13.1054483296109,9.19784113202468,0.));
#1448=CARTESIAN_POINT('Ctrl Pts',(-12.9681765788187,9.13256336688472,0.));
#1449=CARTESIAN_POINT('Ctrl Pts',(-12.6897658690683,9.00016883692021,0.));
#1450=CARTESIAN_POINT('Ctrl Pts',(-12.5076754495182,8.75119132667492,0.));
#1451=CARTESIAN_POINT('Ctrl Pts',(-12.4153655945037,8.62497338544868,0.));
#1452=CARTESIAN_POINT('',(-12.1589520199344,7.68628535990198,0.));
#1453=CARTESIAN_POINT('Ctrl Pts',(-12.4153655945037,8.62497338544868,0.));
#1454=CARTESIAN_POINT('Ctrl Pts',(-12.3401178041366,8.48125217039315,0.));
#1455=CARTESIAN_POINT('Ctrl Pts',(-12.1862074988143,8.18728771000718,0.));
#1456=CARTESIAN_POINT('Ctrl Pts',(-12.1681705714076,7.85573811371359,0.));
#1457=CARTESIAN_POINT('Ctrl Pts',(-12.1589520199344,7.68628535990198,0.));
#1458=CARTESIAN_POINT('',(-12.5567292493002,6.58149347938074,0.));
#1459=CARTESIAN_POINT('Ctrl Pts',(-12.1589520199344,7.68628535990198,0.));
#1460=CARTESIAN_POINT('Ctrl Pts',(-12.1736205798988,7.47563601024323,0.));
#1461=CARTESIAN_POINT('Ctrl Pts',(-12.2019358934043,7.06901106615803,0.));
#1462=CARTESIAN_POINT('Ctrl Pts',(-12.4413446215467,6.7400422073623,0.));
#1463=CARTESIAN_POINT('Ctrl Pts',(-12.5567292493002,6.58149347938074,0.));
#1464=CARTESIAN_POINT('',(-13.7359797001803,6.03569154696008,0.));
#1465=CARTESIAN_POINT('Ctrl Pts',(-12.5567292493002,6.58149347938074,0.));
#1466=CARTESIAN_POINT('Ctrl Pts',(-12.7138737793242,6.44890286597119,0.));
#1467=CARTESIAN_POINT('Ctrl Pts',(-13.0557788953022,6.1604206066876,0.));
#1468=CARTESIAN_POINT('Ctrl Pts',(-13.4973571758453,6.07944798311343,0.));
#1469=CARTESIAN_POINT('Ctrl Pts',(-13.7359797001803,6.03569154696008,0.));
#1470=CARTESIAN_POINT('',(-13.0943543372804,5.53404216832301,0.));
#1471=CARTESIAN_POINT('Ctrl Pts',(-13.7359797001803,6.03569154696008,0.));
#1472=CARTESIAN_POINT('Ctrl Pts',(-13.6143223743151,5.96004663227764,0.));
#1473=CARTESIAN_POINT('Ctrl Pts',(-13.3823491164613,5.81580873148396,0.));
#1474=CARTESIAN_POINT('Ctrl Pts',(-13.1871717951962,5.62485234270407,0.));
#1475=CARTESIAN_POINT('Ctrl Pts',(-13.0943543372804,5.53404216832301,0.));
#1476=CARTESIAN_POINT('',(-12.4138237698157,4.56540116897722,0.));
#1477=CARTESIAN_POINT('Ctrl Pts',(-13.0943543372804,5.53404216832301,0.));
#1478=CARTESIAN_POINT('Ctrl Pts',(-12.9932095889902,5.40949040901798,0.));
#1479=CARTESIAN_POINT('Ctrl Pts',(-12.7439957360002,5.10260325612292,0.));
#1480=CARTESIAN_POINT('Ctrl Pts',(-12.5368803129763,4.765618748279,0.));
#1481=CARTESIAN_POINT('Ctrl Pts',(-12.4138237698157,4.56540116897722,0.));
#1482=CARTESIAN_POINT('',(-11.6913741229564,3.40175001771312,0.));
#1483=CARTESIAN_POINT('',(-16.0194660611159,10.373016719151,0.));
#1484=CARTESIAN_POINT('',(-13.1284419303588,3.40695245935138,0.));
#1485=CARTESIAN_POINT('',(-14.6211677535726,3.41235639292862,0.));
#1486=CARTESIAN_POINT('',(-13.9924897342131,4.70508211444599,0.));
#1487=CARTESIAN_POINT('',(-17.0497670492558,9.29827976948477,0.));
#1488=CARTESIAN_POINT('',(-14.6226068845848,5.58220006390735,0.));
#1489=CARTESIAN_POINT('Ctrl Pts',(-13.9924897342131,4.70508211444599,0.));
#1490=CARTESIAN_POINT('Ctrl Pts',(-14.1179325153597,4.8969157588529,0.));
#1491=CARTESIAN_POINT('Ctrl Pts',(-14.3152204646178,5.19861878199873,0.));
#1492=CARTESIAN_POINT('Ctrl Pts',(-14.5405499856287,5.47980292321914,0.));
#1493=CARTESIAN_POINT('Ctrl Pts',(-14.6226068845848,5.58220006390735,0.));
#1494=CARTESIAN_POINT('',(-14.9830069708851,5.83113806819682,0.));
#1495=CARTESIAN_POINT('Ctrl Pts',(-14.6226068845848,5.58220006390735,0.));
#1496=CARTESIAN_POINT('Ctrl Pts',(-14.6782001398671,5.63718906394071,0.));
#1497=CARTESIAN_POINT('Ctrl Pts',(-14.7837433144072,5.74158506663635,0.));
#1498=CARTESIAN_POINT('Ctrl Pts',(-14.9189963881063,5.80237045487082,0.));
#1499=CARTESIAN_POINT('Ctrl Pts',(-14.9830069708851,5.83113806819682,0.));
#1500=CARTESIAN_POINT('',(-15.5876318827139,5.90030986478992,0.));
#1501=CARTESIAN_POINT('Ctrl Pts',(-14.9830069708851,5.83113806819682,0.));
#1502=CARTESIAN_POINT('Ctrl Pts',(-15.0648126392393,5.85082516507084,0.));
#1503=CARTESIAN_POINT('Ctrl Pts',(-15.2631911253843,5.89856631251248,0.));
#1504=CARTESIAN_POINT('Ctrl Pts',(-15.4675467368026,5.89966452438521,0.));
#1505=CARTESIAN_POINT('Ctrl Pts',(-15.5876318827139,5.90030986478992,0.));
#1506=CARTESIAN_POINT('',(-16.5647996079393,5.90384738614771,0.));
#1507=CARTESIAN_POINT('',(-9.58486862150529,3.2885754956816,0.));
#1508=CARTESIAN_POINT('',(-10.7120684878976,3.66410639575751,0.));
#1509=CARTESIAN_POINT('Ctrl Pts',(-9.58486862150529,3.2885754956816,0.));
#1510=CARTESIAN_POINT('Ctrl Pts',(-9.80181144133822,3.30103900887523,0.));
#1511=CARTESIAN_POINT('Ctrl Pts',(-10.2125619701261,3.32463690733888,0.));
#1512=CARTESIAN_POINT('Ctrl Pts',(-10.5519379863618,3.55528014924708,0.));
#1513=CARTESIAN_POINT('Ctrl Pts',(-10.7120684878976,3.66410639575751,0.));
#1514=CARTESIAN_POINT('',(-11.2601430282456,4.7763821272531,0.));
#1515=CARTESIAN_POINT('Ctrl Pts',(-10.7120684878976,3.66410639575751,0.));
#1516=CARTESIAN_POINT('Ctrl Pts',(-10.8432907106299,3.81180255692793,0.));
#1517=CARTESIAN_POINT('Ctrl Pts',(-11.1269797779109,4.13110659957391,0.));
#1518=CARTESIAN_POINT('Ctrl Pts',(-11.213593205034,4.55081342371996,0.));
#1519=CARTESIAN_POINT('Ctrl Pts',(-11.2601430282456,4.7763821272531,0.));
#1520=CARTESIAN_POINT('',(-10.1555148577516,4.89416997274863,0.));
#1521=CARTESIAN_POINT('',(-13.674255112103,4.51896241921226,0.));
#1522=CARTESIAN_POINT('',(-9.94622746365826,4.39408543660316,0.));
#1523=CARTESIAN_POINT('Ctrl Pts',(-10.1555148577516,4.89416997274863,0.));
#1524=CARTESIAN_POINT('Ctrl Pts',(-10.1402382891989,4.79248479544549,0.));
#1525=CARTESIAN_POINT('Ctrl Pts',(-10.112428680829,4.60737614698937,0.));
#1526=CARTESIAN_POINT('Ctrl Pts',(-9.99786032778794,4.46034734765873,0.));
#1527=CARTESIAN_POINT('Ctrl Pts',(-9.94622746365826,4.39408543660316,0.));
#1528=CARTESIAN_POINT('',(-9.4962095323148,4.23007369760472,0.));
#1529=CARTESIAN_POINT('Ctrl Pts',(-9.94622746365826,4.39408543660316,0.));
#1530=CARTESIAN_POINT('Ctrl Pts',(-9.88293256896745,4.34652486590567,0.));
#1531=CARTESIAN_POINT('Ctrl Pts',(-9.74992141277993,4.24657862966791,0.));
#1532=CARTESIAN_POINT('Ctrl Pts',(-9.58345892366688,4.23574960554478,0.));
#1533=CARTESIAN_POINT('Ctrl Pts',(-9.4962095323148,4.23007369760472,0.));
#1534=CARTESIAN_POINT('',(-8.89422593773464,4.55265959741238,0.));
#1535=CARTESIAN_POINT('Ctrl Pts',(-9.4962095323148,4.23007369760472,0.));
#1536=CARTESIAN_POINT('Ctrl Pts',(-9.38122875812205,4.24534930668928,0.));
#1537=CARTESIAN_POINT('Ctrl Pts',(-9.14105806371019,4.27725684659898,0.));
#1538=CARTESIAN_POINT('Ctrl Pts',(-8.97880236146768,4.45829351901809,0.));
#1539=CARTESIAN_POINT('Ctrl Pts',(-8.89422593773464,4.55265959741238,0.));
#1540=CARTESIAN_POINT('',(-8.57270457428699,5.8992721751316,0.));
#1541=CARTESIAN_POINT('Ctrl Pts',(-8.89422593773464,4.55265959741238,0.));
#1542=CARTESIAN_POINT('Ctrl Pts',(-8.81751105447216,4.71657635695279,0.));
#1543=CARTESIAN_POINT('Ctrl Pts',(-8.61896037334957,5.14081977452798,0.));
#1544=CARTESIAN_POINT('Ctrl Pts',(-8.59029461804396,5.61084972465906,0.));
#1545=CARTESIAN_POINT('Ctrl Pts',(-8.57270457428699,5.8992721751316,0.));
#1546=CARTESIAN_POINT('',(-9.65028316107787,5.40384632323703,0.));
#1547=CARTESIAN_POINT('Ctrl Pts',(-8.57270457428699,5.8992721751316,0.));
#1548=CARTESIAN_POINT('Ctrl Pts',(-8.72497614105765,5.75418779295592,0.));
#1549=CARTESIAN_POINT('Ctrl Pts',(-9.02769313342182,5.46575897631821,0.));
#1550=CARTESIAN_POINT('Ctrl Pts',(-9.44358945045835,5.42440070964092,0.));
#1551=CARTESIAN_POINT('Ctrl Pts',(-9.65028316107787,5.40384632323703,0.));
#1552=CARTESIAN_POINT('',(-10.8600858437106,5.95017825201428,0.));
#1553=CARTESIAN_POINT('Ctrl Pts',(-9.65028316107787,5.40384632323703,0.));
#1554=CARTESIAN_POINT('Ctrl Pts',(-9.87759419061025,5.42868560261206,0.));
#1555=CARTESIAN_POINT('Ctrl Pts',(-10.3397388562581,5.47918618978253,0.));
#1556=CARTESIAN_POINT('Ctrl Pts',(-10.6847647830749,5.79148639851527,0.));
#1557=CARTESIAN_POINT('Ctrl Pts',(-10.8600858437106,5.95017825201428,0.));
#1558=CARTESIAN_POINT('',(-11.3644480778996,7.36270362522822,0.));
#1559=CARTESIAN_POINT('Ctrl Pts',(-10.8600858437106,5.95017825201428,0.));
#1560=CARTESIAN_POINT('Ctrl Pts',(-11.007881301783,6.15075392441795,0.));
#1561=CARTESIAN_POINT('Ctrl Pts',(-11.3167862543805,6.56997396936497,0.));
#1562=CARTESIAN_POINT('Ctrl Pts',(-11.3481107666907,7.09097522425446,0.));
#1563=CARTESIAN_POINT('Ctrl Pts',(-11.3644480778996,7.36270362522822,0.));
#1564=CARTESIAN_POINT('',(-10.8212793288859,8.82015134889194,0.));
#1565=CARTESIAN_POINT('Ctrl Pts',(-11.3644480778996,7.36270362522822,0.));
#1566=CARTESIAN_POINT('Ctrl Pts',(-11.3452627942899,7.64523091178718,0.));
#1567=CARTESIAN_POINT('Ctrl Pts',(-11.3085206672994,8.18630466666077,0.));
#1568=CARTESIAN_POINT('Ctrl Pts',(-10.9788222769137,8.61520553037525,0.));
#1569=CARTESIAN_POINT('Ctrl Pts',(-10.8212793288859,8.82015134889194,0.));
#1570=CARTESIAN_POINT('',(-9.44918726651961,9.36931485926054,0.));
#1571=CARTESIAN_POINT('Ctrl Pts',(-10.8212793288859,8.82015134889194,0.));
#1572=CARTESIAN_POINT('Ctrl Pts',(-10.6263223923558,8.98104694020192,0.));
#1573=CARTESIAN_POINT('Ctrl Pts',(-10.2280129810505,9.30976685854347,0.));
#1574=CARTESIAN_POINT('Ctrl Pts',(-9.71241839372321,9.34918854979358,0.));
#1575=CARTESIAN_POINT('Ctrl Pts',(-9.44918726651961,9.36931485926054,0.));
#1576=CARTESIAN_POINT('',(-7.96594088377558,8.66367012063647,0.));
#1577=CARTESIAN_POINT('Ctrl Pts',(-9.44918726651961,9.36931485926054,0.));
#1578=CARTESIAN_POINT('Ctrl Pts',(-9.16093504572354,9.33893268925792,0.));
#1579=CARTESIAN_POINT('Ctrl Pts',(-8.58363499721252,9.27808449121821,0.));
#1580=CARTESIAN_POINT('Ctrl Pts',(-8.17202800718268,8.86866299244583,0.));
#1581=CARTESIAN_POINT('Ctrl Pts',(-7.96594088377558,8.66367012063647,0.));
#1582=CARTESIAN_POINT('',(-7.39377009040624,6.35779470406454,0.));
#1583=CARTESIAN_POINT('Ctrl Pts',(-7.96594088377558,8.66367012063647,0.));
#1584=CARTESIAN_POINT('Ctrl Pts',(-7.79866880039944,8.36085523396688,0.));
#1585=CARTESIAN_POINT('Ctrl Pts',(-7.40495123290281,7.64810306292337,0.));
#1586=CARTESIAN_POINT('Ctrl Pts',(-7.39785275740656,6.82893612441296,0.));
#1587=CARTESIAN_POINT('Ctrl Pts',(-7.39377009040624,6.35779470406454,0.));
#1588=CARTESIAN_POINT('',(-8.00716141296057,4.00546648684492,0.));
#1589=CARTESIAN_POINT('Ctrl Pts',(-7.39377009040624,6.35779470406454,0.));
#1590=CARTESIAN_POINT('Ctrl Pts',(-7.40221566007244,5.87722610651059,0.));
#1591=CARTESIAN_POINT('Ctrl Pts',(-7.4169545138058,5.03855795881378,0.));
#1592=CARTESIAN_POINT('Ctrl Pts',(-7.83055836337956,4.3145904647366,0.));
#1593=CARTESIAN_POINT('Ctrl Pts',(-8.00716141296057,4.00546648684492,0.));
#1594=CARTESIAN_POINT('Ctrl Pts',(-8.00716141296057,4.00546648684492,0.));
#1595=CARTESIAN_POINT('Ctrl Pts',(-8.2261109525124,3.7955044218107,0.));
#1596=CARTESIAN_POINT('Ctrl Pts',(-8.66772869656349,3.37201427112797,0.));
#1597=CARTESIAN_POINT('Ctrl Pts',(-9.27744393367765,3.31654411725911,0.));
#1598=CARTESIAN_POINT('Ctrl Pts',(-9.58486862150529,3.2885754956816,0.));
#1599=CARTESIAN_POINT('Origin',(-34.5,0.5,0.));
#1600=CARTESIAN_POINT('',(-35.,1.,-2.));
#1601=CARTESIAN_POINT('',(-34.,0.,-2.));
#1602=CARTESIAN_POINT('',(-34.5,0.499999999999995,-2.));
#1603=CARTESIAN_POINT('',(-34.,0.,0.));
#1604=CARTESIAN_POINT('',(-35.,1.,0.));
#1605=CARTESIAN_POINT('Origin',(0.,0.,0.));
#1606=CARTESIAN_POINT('',(-1.,0.,-2.));
#1607=CARTESIAN_POINT('',(0.,0.,-2.));
#1608=CARTESIAN_POINT('',(-1.,0.,0.));
#1609=CARTESIAN_POINT('Origin',(-0.5,0.5,0.));
#1610=CARTESIAN_POINT('',(-0.499999999999997,0.500000000000005,-2.));
#1611=CARTESIAN_POINT('Ctrl Pts',(-9.45239931144642,6.23940081347675,0.));
#1612=CARTESIAN_POINT('Ctrl Pts',(-9.45239931144642,6.23940081347675,-0.4));
#1613=CARTESIAN_POINT('Ctrl Pts',(-9.34659492042262,6.25038973567649,0.));
#1614=CARTESIAN_POINT('Ctrl Pts',(-9.34659492042262,6.25038973567649,-0.4));
#1615=CARTESIAN_POINT('Ctrl Pts',(-9.13222847131276,6.27265399341391,0.));
#1616=CARTESIAN_POINT('Ctrl Pts',(-9.13222847131276,6.27265399341391,-0.4));
#1617=CARTESIAN_POINT('Ctrl Pts',(-8.97630164553832,6.4217146600264,0.));
#1618=CARTESIAN_POINT('Ctrl Pts',(-8.97630164553832,6.4217146600264,-0.4));
#1619=CARTESIAN_POINT('Ctrl Pts',(-8.8973352905551,6.49720377137907,0.));
#1620=CARTESIAN_POINT('Ctrl Pts',(-8.8973352905551,6.49720377137907,-0.4));
#1621=CARTESIAN_POINT('',(-9.45239931144642,6.23940081347675,0.));
#1622=CARTESIAN_POINT('',(-8.8973352905551,6.49720377137907,0.));
#1623=CARTESIAN_POINT('Ctrl Pts',(-9.45239931144642,6.23940081347675,0.));
#1624=CARTESIAN_POINT('Ctrl Pts',(-9.34659492042262,6.25038973567649,0.));
#1625=CARTESIAN_POINT('Ctrl Pts',(-9.13222847131276,6.27265399341391,0.));
#1626=CARTESIAN_POINT('Ctrl Pts',(-8.97630164553832,6.4217146600264,0.));
#1627=CARTESIAN_POINT('Ctrl Pts',(-8.8973352905551,6.49720377137907,0.));
#1628=CARTESIAN_POINT('',(-9.45239931144642,6.23940081347675,-0.4));
#1629=CARTESIAN_POINT('',(-9.45239931144642,6.23940081347675,0.));
#1630=CARTESIAN_POINT('',(-8.8973352905551,6.49720377137907,-0.4));
#1631=CARTESIAN_POINT('Ctrl Pts',(-9.45239931144642,6.23940081347675,-0.4));
#1632=CARTESIAN_POINT('Ctrl Pts',(-9.34659492042262,6.25038973567649,-0.4));
#1633=CARTESIAN_POINT('Ctrl Pts',(-9.13222847131276,6.27265399341391,-0.4));
#1634=CARTESIAN_POINT('Ctrl Pts',(-8.97630164553832,6.4217146600264,-0.4));
#1635=CARTESIAN_POINT('Ctrl Pts',(-8.8973352905551,6.49720377137907,-0.4));
#1636=CARTESIAN_POINT('',(-8.8973352905551,6.49720377137907,0.));
#1637=CARTESIAN_POINT('Ctrl Pts',(-10.0197539453383,6.51141577833924,0.));
#1638=CARTESIAN_POINT('Ctrl Pts',(-10.0197539453383,6.51141577833924,-0.4));
#1639=CARTESIAN_POINT('Ctrl Pts',(-9.94009929735014,6.43239097500699,0.));
#1640=CARTESIAN_POINT('Ctrl Pts',(-9.94009929735014,6.43239097500699,-0.4));
#1641=CARTESIAN_POINT('Ctrl Pts',(-9.78235442695353,6.27589342370762,0.));
#1642=CARTESIAN_POINT('Ctrl Pts',(-9.78235442695353,6.27589342370762,-0.4));
#1643=CARTESIAN_POINT('Ctrl Pts',(-9.56165475790388,6.25148432494783,0.));
#1644=CARTESIAN_POINT('Ctrl Pts',(-9.56165475790388,6.25148432494783,-0.4));
#1645=CARTESIAN_POINT('Ctrl Pts',(-9.45239931144642,6.23940081347675,0.));
#1646=CARTESIAN_POINT('Ctrl Pts',(-9.45239931144642,6.23940081347675,-0.4));
#1647=CARTESIAN_POINT('',(-10.0197539453383,6.51141577833924,0.));
#1648=CARTESIAN_POINT('Ctrl Pts',(-10.0197539453383,6.51141577833924,0.));
#1649=CARTESIAN_POINT('Ctrl Pts',(-9.94009929735014,6.43239097500699,0.));
#1650=CARTESIAN_POINT('Ctrl Pts',(-9.78235442695353,6.27589342370762,0.));
#1651=CARTESIAN_POINT('Ctrl Pts',(-9.56165475790388,6.25148432494783,0.));
#1652=CARTESIAN_POINT('Ctrl Pts',(-9.45239931144642,6.23940081347675,0.));
#1653=CARTESIAN_POINT('',(-10.0197539453383,6.51141577833924,-0.4));
#1654=CARTESIAN_POINT('',(-10.0197539453383,6.51141577833924,0.));
#1655=CARTESIAN_POINT('Ctrl Pts',(-10.0197539453383,6.51141577833924,-0.4));
#1656=CARTESIAN_POINT('Ctrl Pts',(-9.94009929735014,6.43239097500699,-0.4));
#1657=CARTESIAN_POINT('Ctrl Pts',(-9.78235442695353,6.27589342370762,-0.4));
#1658=CARTESIAN_POINT('Ctrl Pts',(-9.56165475790388,6.25148432494783,-0.4));
#1659=CARTESIAN_POINT('Ctrl Pts',(-9.45239931144642,6.23940081347675,-0.4));
#1660=CARTESIAN_POINT('Ctrl Pts',(-10.2440222085263,7.35864748385105,0.));
#1661=CARTESIAN_POINT('Ctrl Pts',(-10.2440222085263,7.35864748385105,-0.4));
#1662=CARTESIAN_POINT('Ctrl Pts',(-10.2412744736668,7.18745901663158,0.));
#1663=CARTESIAN_POINT('Ctrl Pts',(-10.2412744736668,7.18745901663158,-0.4));
#1664=CARTESIAN_POINT('Ctrl Pts',(-10.2364169803575,6.88482907717777,0.));
#1665=CARTESIAN_POINT('Ctrl Pts',(-10.2364169803575,6.88482907717777,-0.4));
#1666=CARTESIAN_POINT('Ctrl Pts',(-10.0853618327385,6.62448932437244,0.));
#1667=CARTESIAN_POINT('Ctrl Pts',(-10.0853618327385,6.62448932437244,-0.4));
#1668=CARTESIAN_POINT('Ctrl Pts',(-10.0197539453383,6.51141577833924,0.));
#1669=CARTESIAN_POINT('Ctrl Pts',(-10.0197539453383,6.51141577833924,-0.4));
#1670=CARTESIAN_POINT('',(-10.2440222085263,7.35864748385105,0.));
#1671=CARTESIAN_POINT('Ctrl Pts',(-10.2440222085263,7.35864748385105,0.));
#1672=CARTESIAN_POINT('Ctrl Pts',(-10.2412744736668,7.18745901663158,0.));
#1673=CARTESIAN_POINT('Ctrl Pts',(-10.2364169803575,6.88482907717777,0.));
#1674=CARTESIAN_POINT('Ctrl Pts',(-10.0853618327385,6.62448932437244,0.));
#1675=CARTESIAN_POINT('Ctrl Pts',(-10.0197539453383,6.51141577833924,0.));
#1676=CARTESIAN_POINT('',(-10.2440222085263,7.35864748385105,-0.4));
#1677=CARTESIAN_POINT('',(-10.2440222085263,7.35864748385105,0.));
#1678=CARTESIAN_POINT('Ctrl Pts',(-10.2440222085263,7.35864748385105,-0.4));
#1679=CARTESIAN_POINT('Ctrl Pts',(-10.2412744736668,7.18745901663158,-0.4));
#1680=CARTESIAN_POINT('Ctrl Pts',(-10.2364169803575,6.88482907717777,-0.4));
#1681=CARTESIAN_POINT('Ctrl Pts',(-10.0853618327385,6.62448932437244,-0.4));
#1682=CARTESIAN_POINT('Ctrl Pts',(-10.0197539453383,6.51141577833924,-0.4));
#1683=CARTESIAN_POINT('Ctrl Pts',(-10.0319960305859,8.17588242905555,0.));
#1684=CARTESIAN_POINT('Ctrl Pts',(-10.0319960305859,8.17588242905555,-0.4));
#1685=CARTESIAN_POINT('Ctrl Pts',(-10.0930297267888,8.0686941967352,0.));
#1686=CARTESIAN_POINT('Ctrl Pts',(-10.0930297267888,8.0686941967352,-0.4));
#1687=CARTESIAN_POINT('Ctrl Pts',(-10.2362980490529,7.81708436206398,0.));
#1688=CARTESIAN_POINT('Ctrl Pts',(-10.2362980490529,7.81708436206398,-0.4));
#1689=CARTESIAN_POINT('Ctrl Pts',(-10.2412054233328,7.52582660737237,0.));
#1690=CARTESIAN_POINT('Ctrl Pts',(-10.2412054233328,7.52582660737237,-0.4));
#1691=CARTESIAN_POINT('Ctrl Pts',(-10.2440222085263,7.35864748385105,0.));
#1692=CARTESIAN_POINT('Ctrl Pts',(-10.2440222085263,7.35864748385105,-0.4));
#1693=CARTESIAN_POINT('',(-10.0319960305859,8.17588242905555,0.));
#1694=CARTESIAN_POINT('Ctrl Pts',(-10.0319960305859,8.17588242905555,0.));
#1695=CARTESIAN_POINT('Ctrl Pts',(-10.0930297267888,8.0686941967352,0.));
#1696=CARTESIAN_POINT('Ctrl Pts',(-10.2362980490529,7.81708436206398,0.));
#1697=CARTESIAN_POINT('Ctrl Pts',(-10.2412054233328,7.52582660737237,0.));
#1698=CARTESIAN_POINT('Ctrl Pts',(-10.2440222085263,7.35864748385105,0.));
#1699=CARTESIAN_POINT('',(-10.0319960305859,8.17588242905555,-0.4));
#1700=CARTESIAN_POINT('',(-10.0319960305859,8.17588242905555,0.));
#1701=CARTESIAN_POINT('Ctrl Pts',(-10.0319960305859,8.17588242905555,-0.4));
#1702=CARTESIAN_POINT('Ctrl Pts',(-10.0930297267888,8.0686941967352,-0.4));
#1703=CARTESIAN_POINT('Ctrl Pts',(-10.2362980490529,7.81708436206398,-0.4));
#1704=CARTESIAN_POINT('Ctrl Pts',(-10.2412054233328,7.52582660737237,-0.4));
#1705=CARTESIAN_POINT('Ctrl Pts',(-10.2440222085263,7.35864748385105,-0.4));
#1706=CARTESIAN_POINT('Ctrl Pts',(-9.50538507840843,8.42363944276899,0.));
#1707=CARTESIAN_POINT('Ctrl Pts',(-9.50538507840843,8.42363944276899,-0.4));
#1708=CARTESIAN_POINT('Ctrl Pts',(-9.60676573294736,8.41327135999256,0.));
#1709=CARTESIAN_POINT('Ctrl Pts',(-9.60676573294736,8.41327135999256,-0.4));
#1710=CARTESIAN_POINT('Ctrl Pts',(-9.81117976548647,8.39236617231482,0.));
#1711=CARTESIAN_POINT('Ctrl Pts',(-9.81117976548647,8.39236617231482,-0.4));
#1712=CARTESIAN_POINT('Ctrl Pts',(-9.95799493338794,8.24843158896229,0.));
#1713=CARTESIAN_POINT('Ctrl Pts',(-9.95799493338794,8.24843158896229,-0.4));
#1714=CARTESIAN_POINT('Ctrl Pts',(-10.0319960305859,8.17588242905555,0.));
#1715=CARTESIAN_POINT('Ctrl Pts',(-10.0319960305859,8.17588242905555,-0.4));
#1716=CARTESIAN_POINT('',(-9.50538507840843,8.42363944276899,0.));
#1717=CARTESIAN_POINT('Ctrl Pts',(-9.50538507840843,8.42363944276899,0.));
#1718=CARTESIAN_POINT('Ctrl Pts',(-9.60676573294736,8.41327135999256,0.));
#1719=CARTESIAN_POINT('Ctrl Pts',(-9.81117976548647,8.39236617231482,0.));
#1720=CARTESIAN_POINT('Ctrl Pts',(-9.95799493338794,8.24843158896229,0.));
#1721=CARTESIAN_POINT('Ctrl Pts',(-10.0319960305859,8.17588242905555,0.));
#1722=CARTESIAN_POINT('',(-9.50538507840843,8.42363944276899,-0.4));
#1723=CARTESIAN_POINT('',(-9.50538507840843,8.42363944276899,0.));
#1724=CARTESIAN_POINT('Ctrl Pts',(-9.50538507840843,8.42363944276899,-0.4));
#1725=CARTESIAN_POINT('Ctrl Pts',(-9.60676573294736,8.41327135999256,-0.4));
#1726=CARTESIAN_POINT('Ctrl Pts',(-9.81117976548647,8.39236617231482,-0.4));
#1727=CARTESIAN_POINT('Ctrl Pts',(-9.95799493338794,8.24843158896229,-0.4));
#1728=CARTESIAN_POINT('Ctrl Pts',(-10.0319960305859,8.17588242905555,-0.4));
#1729=CARTESIAN_POINT('Ctrl Pts',(-8.91988785090402,8.11705225141626,0.));
#1730=CARTESIAN_POINT('Ctrl Pts',(-8.91988785090402,8.11705225141626,-0.4));
#1731=CARTESIAN_POINT('Ctrl Pts',(-9.00437337550484,8.20609374344307,0.));
#1732=CARTESIAN_POINT('Ctrl Pts',(-9.00437337550484,8.20609374344307,-0.4));
#1733=CARTESIAN_POINT('Ctrl Pts',(-9.16526048429682,8.37565685241827,0.));
#1734=CARTESIAN_POINT('Ctrl Pts',(-9.16526048429682,8.37565685241827,-0.4));
#1735=CARTESIAN_POINT('Ctrl Pts',(-9.3958726634433,8.40819013555463,0.));
#1736=CARTESIAN_POINT('Ctrl Pts',(-9.3958726634433,8.40819013555463,-0.4));
#1737=CARTESIAN_POINT('Ctrl Pts',(-9.50538507840843,8.42363944276899,0.));
#1738=CARTESIAN_POINT('Ctrl Pts',(-9.50538507840843,8.42363944276899,-0.4));
#1739=CARTESIAN_POINT('',(-8.91988785090402,8.11705225141626,0.));
#1740=CARTESIAN_POINT('Ctrl Pts',(-8.91988785090402,8.11705225141626,0.));
#1741=CARTESIAN_POINT('Ctrl Pts',(-9.00437337550484,8.20609374344307,0.));
#1742=CARTESIAN_POINT('Ctrl Pts',(-9.16526048429682,8.37565685241827,0.));
#1743=CARTESIAN_POINT('Ctrl Pts',(-9.3958726634433,8.40819013555463,0.));
#1744=CARTESIAN_POINT('Ctrl Pts',(-9.50538507840843,8.42363944276899,0.));
#1745=CARTESIAN_POINT('',(-8.91988785090402,8.11705225141626,-0.4));
#1746=CARTESIAN_POINT('',(-8.91988785090402,8.11705225141626,0.));
#1747=CARTESIAN_POINT('Ctrl Pts',(-8.91988785090402,8.11705225141626,-0.4));
#1748=CARTESIAN_POINT('Ctrl Pts',(-9.00437337550484,8.20609374344307,-0.4));
#1749=CARTESIAN_POINT('Ctrl Pts',(-9.16526048429682,8.37565685241827,-0.4));
#1750=CARTESIAN_POINT('Ctrl Pts',(-9.3958726634433,8.40819013555463,-0.4));
#1751=CARTESIAN_POINT('Ctrl Pts',(-9.50538507840843,8.42363944276899,-0.4));
#1752=CARTESIAN_POINT('Ctrl Pts',(-8.66926952382751,7.25957650263138,0.));
#1753=CARTESIAN_POINT('Ctrl Pts',(-8.66926952382751,7.25957650263138,-0.4));
#1754=CARTESIAN_POINT('Ctrl Pts',(-8.67487495618468,7.42767584890363,0.));
#1755=CARTESIAN_POINT('Ctrl Pts',(-8.67487495618468,7.42767584890363,-0.4));
#1756=CARTESIAN_POINT('Ctrl Pts',(-8.68516232036256,7.73618000754504,0.));
#1757=CARTESIAN_POINT('Ctrl Pts',(-8.68516232036256,7.73618000754504,-0.4));
#1758=CARTESIAN_POINT('Ctrl Pts',(-8.84647298017926,7.9979272185238,0.));
#1759=CARTESIAN_POINT('Ctrl Pts',(-8.84647298017926,7.9979272185238,-0.4));
#1760=CARTESIAN_POINT('Ctrl Pts',(-8.91988785090402,8.11705225141626,0.));
#1761=CARTESIAN_POINT('Ctrl Pts',(-8.91988785090402,8.11705225141626,-0.4));
#1762=CARTESIAN_POINT('',(-8.66926952382751,7.25957650263138,0.));
#1763=CARTESIAN_POINT('Ctrl Pts',(-8.66926952382751,7.25957650263138,0.));
#1764=CARTESIAN_POINT('Ctrl Pts',(-8.67487495618468,7.42767584890363,0.));
#1765=CARTESIAN_POINT('Ctrl Pts',(-8.68516232036256,7.73618000754504,0.));
#1766=CARTESIAN_POINT('Ctrl Pts',(-8.84647298017926,7.9979272185238,0.));
#1767=CARTESIAN_POINT('Ctrl Pts',(-8.91988785090402,8.11705225141626,0.));
#1768=CARTESIAN_POINT('',(-8.66926952382751,7.25957650263138,-0.4));
#1769=CARTESIAN_POINT('',(-8.66926952382751,7.25957650263138,0.));
#1770=CARTESIAN_POINT('Ctrl Pts',(-8.66926952382751,7.25957650263138,-0.4));
#1771=CARTESIAN_POINT('Ctrl Pts',(-8.67487495618468,7.42767584890363,-0.4));
#1772=CARTESIAN_POINT('Ctrl Pts',(-8.68516232036256,7.73618000754504,-0.4));
#1773=CARTESIAN_POINT('Ctrl Pts',(-8.84647298017926,7.9979272185238,-0.4));
#1774=CARTESIAN_POINT('Ctrl Pts',(-8.91988785090402,8.11705225141626,-0.4));
#1775=CARTESIAN_POINT('Ctrl Pts',(-8.8973352905551,6.49720377137907,0.));
#1776=CARTESIAN_POINT('Ctrl Pts',(-8.8973352905551,6.49720377137907,-0.4));
#1777=CARTESIAN_POINT('Ctrl Pts',(-8.83142736024612,6.60096102837258,0.));
#1778=CARTESIAN_POINT('Ctrl Pts',(-8.83142736024612,6.60096102837258,-0.4));
#1779=CARTESIAN_POINT('Ctrl Pts',(-8.68441841939033,6.83239364027845,0.));
#1780=CARTESIAN_POINT('Ctrl Pts',(-8.68441841939033,6.83239364027845,-0.4));
#1781=CARTESIAN_POINT('Ctrl Pts',(-8.67465548235873,7.10769815794682,0.));
#1782=CARTESIAN_POINT('Ctrl Pts',(-8.67465548235873,7.10769815794682,-0.4));
#1783=CARTESIAN_POINT('Ctrl Pts',(-8.66926952382751,7.25957650263138,0.));
#1784=CARTESIAN_POINT('Ctrl Pts',(-8.66926952382751,7.25957650263138,-0.4));
#1785=CARTESIAN_POINT('Ctrl Pts',(-8.8973352905551,6.49720377137907,0.));
#1786=CARTESIAN_POINT('Ctrl Pts',(-8.83142736024612,6.60096102837258,0.));
#1787=CARTESIAN_POINT('Ctrl Pts',(-8.68441841939033,6.83239364027845,0.));
#1788=CARTESIAN_POINT('Ctrl Pts',(-8.67465548235873,7.10769815794682,0.));
#1789=CARTESIAN_POINT('Ctrl Pts',(-8.66926952382751,7.25957650263138,0.));
#1790=CARTESIAN_POINT('Ctrl Pts',(-8.8973352905551,6.49720377137907,-0.4));
#1791=CARTESIAN_POINT('Ctrl Pts',(-8.83142736024612,6.60096102837258,-0.4));
#1792=CARTESIAN_POINT('Ctrl Pts',(-8.68441841939033,6.83239364027845,-0.4));
#1793=CARTESIAN_POINT('Ctrl Pts',(-8.67465548235873,7.10769815794682,-0.4));
#1794=CARTESIAN_POINT('Ctrl Pts',(-8.66926952382751,7.25957650263138,-0.4));
#1795=CARTESIAN_POINT('Ctrl Pts',(-9.58486862150529,3.2885754956816,0.));
#1796=CARTESIAN_POINT('Ctrl Pts',(-9.58486862150529,3.2885754956816,-0.4));
#1797=CARTESIAN_POINT('Ctrl Pts',(-9.80181144133822,3.30103900887523,0.));
#1798=CARTESIAN_POINT('Ctrl Pts',(-9.80181144133822,3.30103900887523,-0.4));
#1799=CARTESIAN_POINT('Ctrl Pts',(-10.2125619701261,3.32463690733888,0.));
#1800=CARTESIAN_POINT('Ctrl Pts',(-10.2125619701261,3.32463690733888,-0.4));
#1801=CARTESIAN_POINT('Ctrl Pts',(-10.5519379863618,3.55528014924708,0.));
#1802=CARTESIAN_POINT('Ctrl Pts',(-10.5519379863618,3.55528014924708,-0.4));
#1803=CARTESIAN_POINT('Ctrl Pts',(-10.7120684878976,3.66410639575751,0.));
#1804=CARTESIAN_POINT('Ctrl Pts',(-10.7120684878976,3.66410639575751,-0.4));
#1805=CARTESIAN_POINT('',(-9.58486862150529,3.2885754956816,-0.4));
#1806=CARTESIAN_POINT('',(-9.58486862150529,3.2885754956816,0.));
#1807=CARTESIAN_POINT('',(-10.7120684878976,3.66410639575751,-0.4));
#1808=CARTESIAN_POINT('Ctrl Pts',(-9.58486862150529,3.2885754956816,-0.4));
#1809=CARTESIAN_POINT('Ctrl Pts',(-9.80181144133822,3.30103900887523,-0.4));
#1810=CARTESIAN_POINT('Ctrl Pts',(-10.2125619701261,3.32463690733888,-0.4));
#1811=CARTESIAN_POINT('Ctrl Pts',(-10.5519379863618,3.55528014924708,-0.4));
#1812=CARTESIAN_POINT('Ctrl Pts',(-10.7120684878976,3.66410639575751,-0.4));
#1813=CARTESIAN_POINT('',(-10.7120684878976,3.66410639575751,0.));
#1814=CARTESIAN_POINT('Ctrl Pts',(-8.00716141296057,4.00546648684492,0.));
#1815=CARTESIAN_POINT('Ctrl Pts',(-8.00716141296057,4.00546648684492,-0.4));
#1816=CARTESIAN_POINT('Ctrl Pts',(-8.2261109525124,3.7955044218107,0.));
#1817=CARTESIAN_POINT('Ctrl Pts',(-8.2261109525124,3.7955044218107,-0.4));
#1818=CARTESIAN_POINT('Ctrl Pts',(-8.66772869656349,3.37201427112797,0.));
#1819=CARTESIAN_POINT('Ctrl Pts',(-8.66772869656349,3.37201427112797,-0.4));
#1820=CARTESIAN_POINT('Ctrl Pts',(-9.27744393367765,3.31654411725911,0.));
#1821=CARTESIAN_POINT('Ctrl Pts',(-9.27744393367765,3.31654411725911,-0.4));
#1822=CARTESIAN_POINT('Ctrl Pts',(-9.58486862150529,3.2885754956816,0.));
#1823=CARTESIAN_POINT('Ctrl Pts',(-9.58486862150529,3.2885754956816,-0.4));
#1824=CARTESIAN_POINT('',(-8.00716141296057,4.00546648684492,-0.4));
#1825=CARTESIAN_POINT('',(-8.00716141296057,4.00546648684492,0.));
#1826=CARTESIAN_POINT('Ctrl Pts',(-8.00716141296057,4.00546648684492,-0.4));
#1827=CARTESIAN_POINT('Ctrl Pts',(-8.2261109525124,3.7955044218107,-0.4));
#1828=CARTESIAN_POINT('Ctrl Pts',(-8.66772869656349,3.37201427112797,-0.4));
#1829=CARTESIAN_POINT('Ctrl Pts',(-9.27744393367765,3.31654411725911,-0.4));
#1830=CARTESIAN_POINT('Ctrl Pts',(-9.58486862150529,3.2885754956816,-0.4));
#1831=CARTESIAN_POINT('Ctrl Pts',(-7.39377009040624,6.35779470406454,0.));
#1832=CARTESIAN_POINT('Ctrl Pts',(-7.39377009040624,6.35779470406454,-0.4));
#1833=CARTESIAN_POINT('Ctrl Pts',(-7.40221566007244,5.87722610651059,0.));
#1834=CARTESIAN_POINT('Ctrl Pts',(-7.40221566007244,5.87722610651059,-0.4));
#1835=CARTESIAN_POINT('Ctrl Pts',(-7.4169545138058,5.03855795881378,0.));
#1836=CARTESIAN_POINT('Ctrl Pts',(-7.4169545138058,5.03855795881378,-0.4));
#1837=CARTESIAN_POINT('Ctrl Pts',(-7.83055836337956,4.3145904647366,0.));
#1838=CARTESIAN_POINT('Ctrl Pts',(-7.83055836337956,4.3145904647366,-0.4));
#1839=CARTESIAN_POINT('Ctrl Pts',(-8.00716141296057,4.00546648684492,0.));
#1840=CARTESIAN_POINT('Ctrl Pts',(-8.00716141296057,4.00546648684492,-0.4));
#1841=CARTESIAN_POINT('',(-7.39377009040624,6.35779470406454,-0.4));
#1842=CARTESIAN_POINT('',(-7.39377009040624,6.35779470406454,0.));
#1843=CARTESIAN_POINT('Ctrl Pts',(-7.39377009040624,6.35779470406454,-0.4));
#1844=CARTESIAN_POINT('Ctrl Pts',(-7.40221566007244,5.87722610651059,-0.4));
#1845=CARTESIAN_POINT('Ctrl Pts',(-7.4169545138058,5.03855795881378,-0.4));
#1846=CARTESIAN_POINT('Ctrl Pts',(-7.83055836337956,4.3145904647366,-0.4));
#1847=CARTESIAN_POINT('Ctrl Pts',(-8.00716141296057,4.00546648684492,-0.4));
#1848=CARTESIAN_POINT('Ctrl Pts',(-7.96594088377558,8.66367012063647,0.));
#1849=CARTESIAN_POINT('Ctrl Pts',(-7.96594088377558,8.66367012063647,-0.4));
#1850=CARTESIAN_POINT('Ctrl Pts',(-7.79866880039944,8.36085523396688,0.));
#1851=CARTESIAN_POINT('Ctrl Pts',(-7.79866880039944,8.36085523396688,-0.4));
#1852=CARTESIAN_POINT('Ctrl Pts',(-7.40495123290281,7.64810306292337,0.));
#1853=CARTESIAN_POINT('Ctrl Pts',(-7.40495123290281,7.64810306292337,-0.4));
#1854=CARTESIAN_POINT('Ctrl Pts',(-7.39785275740656,6.82893612441296,0.));
#1855=CARTESIAN_POINT('Ctrl Pts',(-7.39785275740656,6.82893612441296,-0.4));
#1856=CARTESIAN_POINT('Ctrl Pts',(-7.39377009040624,6.35779470406454,0.));
#1857=CARTESIAN_POINT('Ctrl Pts',(-7.39377009040624,6.35779470406454,-0.4));
#1858=CARTESIAN_POINT('',(-7.96594088377558,8.66367012063647,-0.4));
#1859=CARTESIAN_POINT('',(-7.96594088377558,8.66367012063647,0.));
#1860=CARTESIAN_POINT('Ctrl Pts',(-7.96594088377558,8.66367012063647,-0.4));
#1861=CARTESIAN_POINT('Ctrl Pts',(-7.79866880039944,8.36085523396688,-0.4));
#1862=CARTESIAN_POINT('Ctrl Pts',(-7.40495123290281,7.64810306292337,-0.4));
#1863=CARTESIAN_POINT('Ctrl Pts',(-7.39785275740656,6.82893612441296,-0.4));
#1864=CARTESIAN_POINT('Ctrl Pts',(-7.39377009040624,6.35779470406454,-0.4));
#1865=CARTESIAN_POINT('Ctrl Pts',(-9.44918726651961,9.36931485926054,0.));
#1866=CARTESIAN_POINT('Ctrl Pts',(-9.44918726651961,9.36931485926054,-0.4));
#1867=CARTESIAN_POINT('Ctrl Pts',(-9.16093504572354,9.33893268925792,0.));
#1868=CARTESIAN_POINT('Ctrl Pts',(-9.16093504572354,9.33893268925792,-0.4));
#1869=CARTESIAN_POINT('Ctrl Pts',(-8.58363499721252,9.27808449121821,0.));
#1870=CARTESIAN_POINT('Ctrl Pts',(-8.58363499721252,9.27808449121821,-0.4));
#1871=CARTESIAN_POINT('Ctrl Pts',(-8.17202800718268,8.86866299244583,0.));
#1872=CARTESIAN_POINT('Ctrl Pts',(-8.17202800718268,8.86866299244583,-0.4));
#1873=CARTESIAN_POINT('Ctrl Pts',(-7.96594088377558,8.66367012063647,0.));
#1874=CARTESIAN_POINT('Ctrl Pts',(-7.96594088377558,8.66367012063647,-0.4));
#1875=CARTESIAN_POINT('',(-9.44918726651961,9.36931485926054,-0.4));
#1876=CARTESIAN_POINT('',(-9.44918726651961,9.36931485926054,0.));
#1877=CARTESIAN_POINT('Ctrl Pts',(-9.44918726651961,9.36931485926054,-0.4));
#1878=CARTESIAN_POINT('Ctrl Pts',(-9.16093504572354,9.33893268925792,-0.4));
#1879=CARTESIAN_POINT('Ctrl Pts',(-8.58363499721252,9.27808449121821,-0.4));
#1880=CARTESIAN_POINT('Ctrl Pts',(-8.17202800718268,8.86866299244583,-0.4));
#1881=CARTESIAN_POINT('Ctrl Pts',(-7.96594088377558,8.66367012063647,-0.4));
#1882=CARTESIAN_POINT('Ctrl Pts',(-10.8212793288859,8.82015134889194,0.));
#1883=CARTESIAN_POINT('Ctrl Pts',(-10.8212793288859,8.82015134889194,-0.4));
#1884=CARTESIAN_POINT('Ctrl Pts',(-10.6263223923558,8.98104694020192,0.));
#1885=CARTESIAN_POINT('Ctrl Pts',(-10.6263223923558,8.98104694020192,-0.4));
#1886=CARTESIAN_POINT('Ctrl Pts',(-10.2280129810505,9.30976685854347,0.));
#1887=CARTESIAN_POINT('Ctrl Pts',(-10.2280129810505,9.30976685854347,-0.4));
#1888=CARTESIAN_POINT('Ctrl Pts',(-9.71241839372321,9.34918854979358,0.));
#1889=CARTESIAN_POINT('Ctrl Pts',(-9.71241839372321,9.34918854979358,-0.4));
#1890=CARTESIAN_POINT('Ctrl Pts',(-9.44918726651961,9.36931485926054,0.));
#1891=CARTESIAN_POINT('Ctrl Pts',(-9.44918726651961,9.36931485926054,-0.4));
#1892=CARTESIAN_POINT('',(-10.8212793288859,8.82015134889194,-0.4));
#1893=CARTESIAN_POINT('',(-10.8212793288859,8.82015134889194,0.));
#1894=CARTESIAN_POINT('Ctrl Pts',(-10.8212793288859,8.82015134889194,-0.4));
#1895=CARTESIAN_POINT('Ctrl Pts',(-10.6263223923558,8.98104694020192,-0.4));
#1896=CARTESIAN_POINT('Ctrl Pts',(-10.2280129810505,9.30976685854347,-0.4));
#1897=CARTESIAN_POINT('Ctrl Pts',(-9.71241839372321,9.34918854979358,-0.4));
#1898=CARTESIAN_POINT('Ctrl Pts',(-9.44918726651961,9.36931485926054,-0.4));
#1899=CARTESIAN_POINT('Ctrl Pts',(-11.3644480778996,7.36270362522822,0.));
#1900=CARTESIAN_POINT('Ctrl Pts',(-11.3644480778996,7.36270362522822,-0.4));
#1901=CARTESIAN_POINT('Ctrl Pts',(-11.3452627942899,7.64523091178718,0.));
#1902=CARTESIAN_POINT('Ctrl Pts',(-11.3452627942899,7.64523091178718,-0.4));
#1903=CARTESIAN_POINT('Ctrl Pts',(-11.3085206672994,8.18630466666077,0.));
#1904=CARTESIAN_POINT('Ctrl Pts',(-11.3085206672994,8.18630466666077,-0.4));
#1905=CARTESIAN_POINT('Ctrl Pts',(-10.9788222769137,8.61520553037525,0.));
#1906=CARTESIAN_POINT('Ctrl Pts',(-10.9788222769137,8.61520553037525,-0.4));
#1907=CARTESIAN_POINT('Ctrl Pts',(-10.8212793288859,8.82015134889194,0.));
#1908=CARTESIAN_POINT('Ctrl Pts',(-10.8212793288859,8.82015134889194,-0.4));
#1909=CARTESIAN_POINT('',(-11.3644480778996,7.36270362522822,-0.4));
#1910=CARTESIAN_POINT('',(-11.3644480778996,7.36270362522822,0.));
#1911=CARTESIAN_POINT('Ctrl Pts',(-11.3644480778996,7.36270362522822,-0.4));
#1912=CARTESIAN_POINT('Ctrl Pts',(-11.3452627942899,7.64523091178718,-0.4));
#1913=CARTESIAN_POINT('Ctrl Pts',(-11.3085206672994,8.18630466666077,-0.4));
#1914=CARTESIAN_POINT('Ctrl Pts',(-10.9788222769137,8.61520553037525,-0.4));
#1915=CARTESIAN_POINT('Ctrl Pts',(-10.8212793288859,8.82015134889194,-0.4));
#1916=CARTESIAN_POINT('Ctrl Pts',(-10.8600858437106,5.95017825201428,0.));
#1917=CARTESIAN_POINT('Ctrl Pts',(-10.8600858437106,5.95017825201428,-0.4));
#1918=CARTESIAN_POINT('Ctrl Pts',(-11.007881301783,6.15075392441795,0.));
#1919=CARTESIAN_POINT('Ctrl Pts',(-11.007881301783,6.15075392441795,-0.4));
#1920=CARTESIAN_POINT('Ctrl Pts',(-11.3167862543805,6.56997396936497,0.));
#1921=CARTESIAN_POINT('Ctrl Pts',(-11.3167862543805,6.56997396936497,-0.4));
#1922=CARTESIAN_POINT('Ctrl Pts',(-11.3481107666907,7.09097522425446,0.));
#1923=CARTESIAN_POINT('Ctrl Pts',(-11.3481107666907,7.09097522425446,-0.4));
#1924=CARTESIAN_POINT('Ctrl Pts',(-11.3644480778996,7.36270362522822,0.));
#1925=CARTESIAN_POINT('Ctrl Pts',(-11.3644480778996,7.36270362522822,-0.4));
#1926=CARTESIAN_POINT('',(-10.8600858437106,5.95017825201428,-0.4));
#1927=CARTESIAN_POINT('',(-10.8600858437106,5.95017825201428,0.));
#1928=CARTESIAN_POINT('Ctrl Pts',(-10.8600858437106,5.95017825201428,-0.4));
#1929=CARTESIAN_POINT('Ctrl Pts',(-11.007881301783,6.15075392441795,-0.4));
#1930=CARTESIAN_POINT('Ctrl Pts',(-11.3167862543805,6.56997396936497,-0.4));
#1931=CARTESIAN_POINT('Ctrl Pts',(-11.3481107666907,7.09097522425446,-0.4));
#1932=CARTESIAN_POINT('Ctrl Pts',(-11.3644480778996,7.36270362522822,-0.4));
#1933=CARTESIAN_POINT('Ctrl Pts',(-9.65028316107787,5.40384632323703,0.));
#1934=CARTESIAN_POINT('Ctrl Pts',(-9.65028316107787,5.40384632323703,-0.4));
#1935=CARTESIAN_POINT('Ctrl Pts',(-9.87759419061025,5.42868560261206,0.));
#1936=CARTESIAN_POINT('Ctrl Pts',(-9.87759419061025,5.42868560261206,-0.4));
#1937=CARTESIAN_POINT('Ctrl Pts',(-10.3397388562581,5.47918618978253,0.));
#1938=CARTESIAN_POINT('Ctrl Pts',(-10.3397388562581,5.47918618978253,-0.4));
#1939=CARTESIAN_POINT('Ctrl Pts',(-10.6847647830749,5.79148639851527,0.));
#1940=CARTESIAN_POINT('Ctrl Pts',(-10.6847647830749,5.79148639851527,-0.4));
#1941=CARTESIAN_POINT('Ctrl Pts',(-10.8600858437106,5.95017825201428,0.));
#1942=CARTESIAN_POINT('Ctrl Pts',(-10.8600858437106,5.95017825201428,-0.4));
#1943=CARTESIAN_POINT('',(-9.65028316107787,5.40384632323703,-0.4));
#1944=CARTESIAN_POINT('',(-9.65028316107787,5.40384632323703,0.));
#1945=CARTESIAN_POINT('Ctrl Pts',(-9.65028316107787,5.40384632323703,-0.4));
#1946=CARTESIAN_POINT('Ctrl Pts',(-9.87759419061025,5.42868560261206,-0.4));
#1947=CARTESIAN_POINT('Ctrl Pts',(-10.3397388562581,5.47918618978253,-0.4));
#1948=CARTESIAN_POINT('Ctrl Pts',(-10.6847647830749,5.79148639851527,-0.4));
#1949=CARTESIAN_POINT('Ctrl Pts',(-10.8600858437106,5.95017825201428,-0.4));
#1950=CARTESIAN_POINT('Ctrl Pts',(-8.57270457428699,5.8992721751316,0.));
#1951=CARTESIAN_POINT('Ctrl Pts',(-8.57270457428699,5.8992721751316,-0.4));
#1952=CARTESIAN_POINT('Ctrl Pts',(-8.72497614105765,5.75418779295592,0.));
#1953=CARTESIAN_POINT('Ctrl Pts',(-8.72497614105765,5.75418779295592,-0.4));
#1954=CARTESIAN_POINT('Ctrl Pts',(-9.02769313342182,5.46575897631821,0.));
#1955=CARTESIAN_POINT('Ctrl Pts',(-9.02769313342182,5.46575897631821,-0.4));
#1956=CARTESIAN_POINT('Ctrl Pts',(-9.44358945045835,5.42440070964092,0.));
#1957=CARTESIAN_POINT('Ctrl Pts',(-9.44358945045835,5.42440070964092,-0.4));
#1958=CARTESIAN_POINT('Ctrl Pts',(-9.65028316107787,5.40384632323703,0.));
#1959=CARTESIAN_POINT('Ctrl Pts',(-9.65028316107787,5.40384632323703,-0.4));
#1960=CARTESIAN_POINT('',(-8.57270457428699,5.8992721751316,-0.4));
#1961=CARTESIAN_POINT('',(-8.57270457428699,5.8992721751316,0.));
#1962=CARTESIAN_POINT('Ctrl Pts',(-8.57270457428699,5.8992721751316,-0.4));
#1963=CARTESIAN_POINT('Ctrl Pts',(-8.72497614105765,5.75418779295592,-0.4));
#1964=CARTESIAN_POINT('Ctrl Pts',(-9.02769313342182,5.46575897631821,-0.4));
#1965=CARTESIAN_POINT('Ctrl Pts',(-9.44358945045835,5.42440070964092,-0.4));
#1966=CARTESIAN_POINT('Ctrl Pts',(-9.65028316107787,5.40384632323703,-0.4));
#1967=CARTESIAN_POINT('Ctrl Pts',(-8.89422593773464,4.55265959741238,0.));
#1968=CARTESIAN_POINT('Ctrl Pts',(-8.89422593773464,4.55265959741238,-0.4));
#1969=CARTESIAN_POINT('Ctrl Pts',(-8.81751105447216,4.71657635695279,0.));
#1970=CARTESIAN_POINT('Ctrl Pts',(-8.81751105447216,4.71657635695279,-0.4));
#1971=CARTESIAN_POINT('Ctrl Pts',(-8.61896037334957,5.14081977452798,0.));
#1972=CARTESIAN_POINT('Ctrl Pts',(-8.61896037334957,5.14081977452798,-0.4));
#1973=CARTESIAN_POINT('Ctrl Pts',(-8.59029461804396,5.61084972465906,0.));
#1974=CARTESIAN_POINT('Ctrl Pts',(-8.59029461804396,5.61084972465906,-0.4));
#1975=CARTESIAN_POINT('Ctrl Pts',(-8.57270457428699,5.8992721751316,0.));
#1976=CARTESIAN_POINT('Ctrl Pts',(-8.57270457428699,5.8992721751316,-0.4));
#1977=CARTESIAN_POINT('',(-8.89422593773464,4.55265959741238,-0.4));
#1978=CARTESIAN_POINT('',(-8.89422593773464,4.55265959741238,0.));
#1979=CARTESIAN_POINT('Ctrl Pts',(-8.89422593773464,4.55265959741238,-0.4));
#1980=CARTESIAN_POINT('Ctrl Pts',(-8.81751105447216,4.71657635695279,-0.4));
#1981=CARTESIAN_POINT('Ctrl Pts',(-8.61896037334957,5.14081977452798,-0.4));
#1982=CARTESIAN_POINT('Ctrl Pts',(-8.59029461804396,5.61084972465906,-0.4));
#1983=CARTESIAN_POINT('Ctrl Pts',(-8.57270457428699,5.8992721751316,-0.4));
#1984=CARTESIAN_POINT('Ctrl Pts',(-9.4962095323148,4.23007369760472,0.));
#1985=CARTESIAN_POINT('Ctrl Pts',(-9.4962095323148,4.23007369760472,-0.4));
#1986=CARTESIAN_POINT('Ctrl Pts',(-9.38122875812205,4.24534930668928,0.));
#1987=CARTESIAN_POINT('Ctrl Pts',(-9.38122875812205,4.24534930668928,-0.4));
#1988=CARTESIAN_POINT('Ctrl Pts',(-9.14105806371019,4.27725684659898,0.));
#1989=CARTESIAN_POINT('Ctrl Pts',(-9.14105806371019,4.27725684659898,-0.4));
#1990=CARTESIAN_POINT('Ctrl Pts',(-8.97880236146768,4.45829351901809,0.));
#1991=CARTESIAN_POINT('Ctrl Pts',(-8.97880236146768,4.45829351901809,-0.4));
#1992=CARTESIAN_POINT('Ctrl Pts',(-8.89422593773464,4.55265959741238,0.));
#1993=CARTESIAN_POINT('Ctrl Pts',(-8.89422593773464,4.55265959741238,-0.4));
#1994=CARTESIAN_POINT('',(-9.4962095323148,4.23007369760472,-0.4));
#1995=CARTESIAN_POINT('',(-9.4962095323148,4.23007369760472,0.));
#1996=CARTESIAN_POINT('Ctrl Pts',(-9.4962095323148,4.23007369760472,-0.4));
#1997=CARTESIAN_POINT('Ctrl Pts',(-9.38122875812205,4.24534930668928,-0.4));
#1998=CARTESIAN_POINT('Ctrl Pts',(-9.14105806371019,4.27725684659898,-0.4));
#1999=CARTESIAN_POINT('Ctrl Pts',(-8.97880236146768,4.45829351901809,-0.4));
#2000=CARTESIAN_POINT('Ctrl Pts',(-8.89422593773464,4.55265959741238,-0.4));
#2001=CARTESIAN_POINT('Ctrl Pts',(-9.94622746365826,4.39408543660316,0.));
#2002=CARTESIAN_POINT('Ctrl Pts',(-9.94622746365826,4.39408543660316,-0.4));
#2003=CARTESIAN_POINT('Ctrl Pts',(-9.88293256896745,4.34652486590567,0.));
#2004=CARTESIAN_POINT('Ctrl Pts',(-9.88293256896745,4.34652486590567,-0.4));
#2005=CARTESIAN_POINT('Ctrl Pts',(-9.74992141277993,4.24657862966791,0.));
#2006=CARTESIAN_POINT('Ctrl Pts',(-9.74992141277993,4.24657862966791,-0.4));
#2007=CARTESIAN_POINT('Ctrl Pts',(-9.58345892366688,4.23574960554478,0.));
#2008=CARTESIAN_POINT('Ctrl Pts',(-9.58345892366688,4.23574960554478,-0.4));
#2009=CARTESIAN_POINT('Ctrl Pts',(-9.4962095323148,4.23007369760472,0.));
#2010=CARTESIAN_POINT('Ctrl Pts',(-9.4962095323148,4.23007369760472,-0.4));
#2011=CARTESIAN_POINT('',(-9.94622746365826,4.39408543660316,-0.4));
#2012=CARTESIAN_POINT('',(-9.94622746365826,4.39408543660316,0.));
#2013=CARTESIAN_POINT('Ctrl Pts',(-9.94622746365826,4.39408543660316,-0.4));
#2014=CARTESIAN_POINT('Ctrl Pts',(-9.88293256896745,4.34652486590567,-0.4));
#2015=CARTESIAN_POINT('Ctrl Pts',(-9.74992141277993,4.24657862966791,-0.4));
#2016=CARTESIAN_POINT('Ctrl Pts',(-9.58345892366688,4.23574960554478,-0.4));
#2017=CARTESIAN_POINT('Ctrl Pts',(-9.4962095323148,4.23007369760472,-0.4));
#2018=CARTESIAN_POINT('Ctrl Pts',(-10.1555148577516,4.89416997274863,0.));
#2019=CARTESIAN_POINT('Ctrl Pts',(-10.1555148577516,4.89416997274863,-0.4));
#2020=CARTESIAN_POINT('Ctrl Pts',(-10.1402382891989,4.79248479544549,0.));
#2021=CARTESIAN_POINT('Ctrl Pts',(-10.1402382891989,4.79248479544549,-0.4));
#2022=CARTESIAN_POINT('Ctrl Pts',(-10.112428680829,4.60737614698937,0.));
#2023=CARTESIAN_POINT('Ctrl Pts',(-10.112428680829,4.60737614698937,-0.4));
#2024=CARTESIAN_POINT('Ctrl Pts',(-9.99786032778794,4.46034734765873,0.));
#2025=CARTESIAN_POINT('Ctrl Pts',(-9.99786032778794,4.46034734765873,-0.4));
#2026=CARTESIAN_POINT('Ctrl Pts',(-9.94622746365826,4.39408543660316,0.));
#2027=CARTESIAN_POINT('Ctrl Pts',(-9.94622746365826,4.39408543660316,-0.4));
#2028=CARTESIAN_POINT('',(-10.1555148577516,4.89416997274863,-0.4));
#2029=CARTESIAN_POINT('',(-10.1555148577516,4.89416997274863,0.));
#2030=CARTESIAN_POINT('Ctrl Pts',(-10.1555148577516,4.89416997274863,-0.4));
#2031=CARTESIAN_POINT('Ctrl Pts',(-10.1402382891989,4.79248479544549,-0.4));
#2032=CARTESIAN_POINT('Ctrl Pts',(-10.112428680829,4.60737614698937,-0.4));
#2033=CARTESIAN_POINT('Ctrl Pts',(-9.99786032778794,4.46034734765873,-0.4));
#2034=CARTESIAN_POINT('Ctrl Pts',(-9.94622746365826,4.39408543660316,-0.4));
#2035=CARTESIAN_POINT('Origin',(-11.2601430282456,4.7763821272531,0.));
#2036=CARTESIAN_POINT('',(-11.2601430282456,4.7763821272531,-0.4));
#2037=CARTESIAN_POINT('',(-11.2601430282456,4.7763821272531,0.));
#2038=CARTESIAN_POINT('',(-11.2601430282456,4.7763821272531,-0.4));
#2039=CARTESIAN_POINT('Ctrl Pts',(-10.7120684878976,3.66410639575751,0.));
#2040=CARTESIAN_POINT('Ctrl Pts',(-10.7120684878976,3.66410639575751,-0.4));
#2041=CARTESIAN_POINT('Ctrl Pts',(-10.8432907106299,3.81180255692793,0.));
#2042=CARTESIAN_POINT('Ctrl Pts',(-10.8432907106299,3.81180255692793,-0.4));
#2043=CARTESIAN_POINT('Ctrl Pts',(-11.1269797779109,4.13110659957391,0.));
#2044=CARTESIAN_POINT('Ctrl Pts',(-11.1269797779109,4.13110659957391,-0.4));
#2045=CARTESIAN_POINT('Ctrl Pts',(-11.213593205034,4.55081342371996,0.));
#2046=CARTESIAN_POINT('Ctrl Pts',(-11.213593205034,4.55081342371996,-0.4));
#2047=CARTESIAN_POINT('Ctrl Pts',(-11.2601430282456,4.7763821272531,0.));
#2048=CARTESIAN_POINT('Ctrl Pts',(-11.2601430282456,4.7763821272531,-0.4));
#2049=CARTESIAN_POINT('Ctrl Pts',(-10.7120684878976,3.66410639575751,-0.4));
#2050=CARTESIAN_POINT('Ctrl Pts',(-10.8432907106299,3.81180255692793,-0.4));
#2051=CARTESIAN_POINT('Ctrl Pts',(-11.1269797779109,4.13110659957391,-0.4));
#2052=CARTESIAN_POINT('Ctrl Pts',(-11.213593205034,4.55081342371996,-0.4));
#2053=CARTESIAN_POINT('Ctrl Pts',(-11.2601430282456,4.7763821272531,-0.4));
#2054=CARTESIAN_POINT('Origin',(-12.2177914311425,6.33047070993074,-0.4));
#2055=CARTESIAN_POINT('Origin',(-14.8845493830784,8.35786198056501,0.));
#2056=CARTESIAN_POINT('',(-14.8845493830784,8.35786198056501,0.));
#2057=CARTESIAN_POINT('',(-15.8222968559479,8.36125679358211,0.));
#2058=CARTESIAN_POINT('',(-16.2088054209151,8.36265602348732,0.));
#2059=CARTESIAN_POINT('',(-14.8845493830784,8.35786198056501,-0.4));
#2060=CARTESIAN_POINT('',(-14.8845493830784,8.35786198056501,0.));
#2061=CARTESIAN_POINT('',(-15.8222968559479,8.36125679358211,-0.4));
#2062=CARTESIAN_POINT('',(-14.8845493830784,8.35786198056501,-0.4));
#2063=CARTESIAN_POINT('',(-15.8222968559479,8.36125679358211,0.));
#2064=CARTESIAN_POINT('Ctrl Pts',(-14.0077679914114,8.33438997689034,0.));
#2065=CARTESIAN_POINT('Ctrl Pts',(-14.0077679914114,8.33438997689034,-0.4));
#2066=CARTESIAN_POINT('Ctrl Pts',(-14.105153971646,8.34052222729334,0.));
#2067=CARTESIAN_POINT('Ctrl Pts',(-14.105153971646,8.34052222729334,-0.4));
#2068=CARTESIAN_POINT('Ctrl Pts',(-14.3970555987198,8.35890283881409,0.));
#2069=CARTESIAN_POINT('Ctrl Pts',(-14.3970555987198,8.35890283881409,-0.4));
#2070=CARTESIAN_POINT('Ctrl Pts',(-14.6896032455126,8.35827821417029,0.));
#2071=CARTESIAN_POINT('Ctrl Pts',(-14.6896032455126,8.35827821417029,-0.4));
#2072=CARTESIAN_POINT('Ctrl Pts',(-14.8845493830784,8.35786198056501,0.));
#2073=CARTESIAN_POINT('Ctrl Pts',(-14.8845493830784,8.35786198056501,-0.4));
#2074=CARTESIAN_POINT('',(-14.0077679914114,8.33438997689034,0.));
#2075=CARTESIAN_POINT('Ctrl Pts',(-14.0077679914114,8.33438997689034,0.));
#2076=CARTESIAN_POINT('Ctrl Pts',(-14.105153971646,8.34052222729334,0.));
#2077=CARTESIAN_POINT('Ctrl Pts',(-14.3970555987198,8.35890283881409,0.));
#2078=CARTESIAN_POINT('Ctrl Pts',(-14.6896032455126,8.35827821417029,0.));
#2079=CARTESIAN_POINT('Ctrl Pts',(-14.8845493830784,8.35786198056501,0.));
#2080=CARTESIAN_POINT('',(-14.0077679914114,8.33438997689034,-0.4));
#2081=CARTESIAN_POINT('',(-14.0077679914114,8.33438997689034,0.));
#2082=CARTESIAN_POINT('Ctrl Pts',(-14.0077679914114,8.33438997689034,-0.4));
#2083=CARTESIAN_POINT('Ctrl Pts',(-14.105153971646,8.34052222729334,-0.4));
#2084=CARTESIAN_POINT('Ctrl Pts',(-14.3970555987198,8.35890283881409,-0.4));
#2085=CARTESIAN_POINT('Ctrl Pts',(-14.6896032455126,8.35827821417029,-0.4));
#2086=CARTESIAN_POINT('Ctrl Pts',(-14.8845493830784,8.35786198056501,-0.4));
#2087=CARTESIAN_POINT('Ctrl Pts',(-13.555977419783,8.09932947305501,0.));
#2088=CARTESIAN_POINT('Ctrl Pts',(-13.555977419783,8.09932947305501,-0.4));
#2089=CARTESIAN_POINT('Ctrl Pts',(-13.6170429669528,8.15580691388351,0.));
#2090=CARTESIAN_POINT('Ctrl Pts',(-13.6170429669528,8.15580691388351,-0.4));
#2091=CARTESIAN_POINT('Ctrl Pts',(-13.745909573829,8.27499124124878,0.));
#2092=CARTESIAN_POINT('Ctrl Pts',(-13.745909573829,8.27499124124878,-0.4));
#2093=CARTESIAN_POINT('Ctrl Pts',(-13.9174924595274,8.31391229852206,0.));
#2094=CARTESIAN_POINT('Ctrl Pts',(-13.9174924595274,8.31391229852206,-0.4));
#2095=CARTESIAN_POINT('Ctrl Pts',(-14.0077679914114,8.33438997689034,0.));
#2096=CARTESIAN_POINT('Ctrl Pts',(-14.0077679914114,8.33438997689034,-0.4));
#2097=CARTESIAN_POINT('',(-13.555977419783,8.09932947305501,0.));
#2098=CARTESIAN_POINT('Ctrl Pts',(-13.555977419783,8.09932947305501,0.));
#2099=CARTESIAN_POINT('Ctrl Pts',(-13.6170429669528,8.15580691388351,0.));
#2100=CARTESIAN_POINT('Ctrl Pts',(-13.745909573829,8.27499124124878,0.));
#2101=CARTESIAN_POINT('Ctrl Pts',(-13.9174924595274,8.31391229852206,0.));
#2102=CARTESIAN_POINT('Ctrl Pts',(-14.0077679914114,8.33438997689034,0.));
#2103=CARTESIAN_POINT('',(-13.555977419783,8.09932947305501,-0.4));
#2104=CARTESIAN_POINT('',(-13.555977419783,8.09932947305501,0.));
#2105=CARTESIAN_POINT('Ctrl Pts',(-13.555977419783,8.09932947305501,-0.4));
#2106=CARTESIAN_POINT('Ctrl Pts',(-13.6170429669528,8.15580691388351,-0.4));
#2107=CARTESIAN_POINT('Ctrl Pts',(-13.745909573829,8.27499124124878,-0.4));
#2108=CARTESIAN_POINT('Ctrl Pts',(-13.9174924595274,8.31391229852206,-0.4));
#2109=CARTESIAN_POINT('Ctrl Pts',(-14.0077679914114,8.33438997689034,-0.4));
#2110=CARTESIAN_POINT('Ctrl Pts',(-13.3973826703365,7.61363710164749,0.));
#2111=CARTESIAN_POINT('Ctrl Pts',(-13.3973826703365,7.61363710164749,-0.4));
#2112=CARTESIAN_POINT('Ctrl Pts',(-13.4020858719467,7.706995922665,0.));
#2113=CARTESIAN_POINT('Ctrl Pts',(-13.4020858719467,7.706995922665,-0.4));
#2114=CARTESIAN_POINT('Ctrl Pts',(-13.4109906797481,7.88375686693906,0.));
#2115=CARTESIAN_POINT('Ctrl Pts',(-13.4109906797481,7.88375686693906,-0.4));
#2116=CARTESIAN_POINT('Ctrl Pts',(-13.509498101724,8.0302219965916,0.));
#2117=CARTESIAN_POINT('Ctrl Pts',(-13.509498101724,8.0302219965916,-0.4));
#2118=CARTESIAN_POINT('Ctrl Pts',(-13.555977419783,8.09932947305501,0.));
#2119=CARTESIAN_POINT('Ctrl Pts',(-13.555977419783,8.09932947305501,-0.4));
#2120=CARTESIAN_POINT('',(-13.3973826703365,7.61363710164749,0.));
#2121=CARTESIAN_POINT('Ctrl Pts',(-13.3973826703365,7.61363710164749,0.));
#2122=CARTESIAN_POINT('Ctrl Pts',(-13.4020858719467,7.706995922665,0.));
#2123=CARTESIAN_POINT('Ctrl Pts',(-13.4109906797481,7.88375686693906,0.));
#2124=CARTESIAN_POINT('Ctrl Pts',(-13.509498101724,8.0302219965916,0.));
#2125=CARTESIAN_POINT('Ctrl Pts',(-13.555977419783,8.09932947305501,0.));
#2126=CARTESIAN_POINT('',(-13.3973826703365,7.61363710164749,-0.4));
#2127=CARTESIAN_POINT('',(-13.3973826703365,7.61363710164749,0.));
#2128=CARTESIAN_POINT('Ctrl Pts',(-13.3973826703365,7.61363710164749,-0.4));
#2129=CARTESIAN_POINT('Ctrl Pts',(-13.4020858719467,7.706995922665,-0.4));
#2130=CARTESIAN_POINT('Ctrl Pts',(-13.4109906797481,7.88375686693906,-0.4));
#2131=CARTESIAN_POINT('Ctrl Pts',(-13.509498101724,8.0302219965916,-0.4));
#2132=CARTESIAN_POINT('Ctrl Pts',(-13.555977419783,8.09932947305501,-0.4));
#2133=CARTESIAN_POINT('Ctrl Pts',(-13.5207847463438,7.16753155701761,0.));
#2134=CARTESIAN_POINT('Ctrl Pts',(-13.5207847463438,7.16753155701761,-0.4));
#2135=CARTESIAN_POINT('Ctrl Pts',(-13.4850580117575,7.23296225285577,0.));
#2136=CARTESIAN_POINT('Ctrl Pts',(-13.4850580117575,7.23296225285577,-0.4));
#2137=CARTESIAN_POINT('Ctrl Pts',(-13.4092749233749,7.37175300054298,0.));
#2138=CARTESIAN_POINT('Ctrl Pts',(-13.4092749233749,7.37175300054298,-0.4));
#2139=CARTESIAN_POINT('Ctrl Pts',(-13.4014949164435,7.52999551162155,0.));
#2140=CARTESIAN_POINT('Ctrl Pts',(-13.4014949164435,7.52999551162155,-0.4));
#2141=CARTESIAN_POINT('Ctrl Pts',(-13.3973826703365,7.61363710164749,0.));
#2142=CARTESIAN_POINT('Ctrl Pts',(-13.3973826703365,7.61363710164749,-0.4));
#2143=CARTESIAN_POINT('',(-13.5207847463438,7.16753155701761,0.));
#2144=CARTESIAN_POINT('Ctrl Pts',(-13.5207847463438,7.16753155701761,0.));
#2145=CARTESIAN_POINT('Ctrl Pts',(-13.4850580117575,7.23296225285577,0.));
#2146=CARTESIAN_POINT('Ctrl Pts',(-13.4092749233749,7.37175300054298,0.));
#2147=CARTESIAN_POINT('Ctrl Pts',(-13.4014949164435,7.52999551162155,0.));
#2148=CARTESIAN_POINT('Ctrl Pts',(-13.3973826703365,7.61363710164749,0.));
#2149=CARTESIAN_POINT('',(-13.5207847463438,7.16753155701761,-0.4));
#2150=CARTESIAN_POINT('',(-13.5207847463438,7.16753155701761,0.));
#2151=CARTESIAN_POINT('Ctrl Pts',(-13.5207847463438,7.16753155701761,-0.4));
#2152=CARTESIAN_POINT('Ctrl Pts',(-13.4850580117575,7.23296225285577,-0.4));
#2153=CARTESIAN_POINT('Ctrl Pts',(-13.4092749233749,7.37175300054298,-0.4));
#2154=CARTESIAN_POINT('Ctrl Pts',(-13.4014949164435,7.52999551162155,-0.4));
#2155=CARTESIAN_POINT('Ctrl Pts',(-13.3973826703365,7.61363710164749,-0.4));
#2156=CARTESIAN_POINT('Ctrl Pts',(-13.8586354797292,6.91706134818427,0.));
#2157=CARTESIAN_POINT('Ctrl Pts',(-13.8586354797292,6.91706134818427,-0.4));
#2158=CARTESIAN_POINT('Ctrl Pts',(-13.7909873191015,6.9451616667956,0.));
#2159=CARTESIAN_POINT('Ctrl Pts',(-13.7909873191015,6.9451616667956,-0.4));
#2160=CARTESIAN_POINT('Ctrl Pts',(-13.6574878554491,7.00061590868884,0.));
#2161=CARTESIAN_POINT('Ctrl Pts',(-13.6574878554491,7.00061590868884,-0.4));
#2162=CARTESIAN_POINT('Ctrl Pts',(-13.5659417227235,7.11239450828241,0.));
#2163=CARTESIAN_POINT('Ctrl Pts',(-13.5659417227235,7.11239450828241,-0.4));
#2164=CARTESIAN_POINT('Ctrl Pts',(-13.5207847463438,7.16753155701761,0.));
#2165=CARTESIAN_POINT('Ctrl Pts',(-13.5207847463438,7.16753155701761,-0.4));
#2166=CARTESIAN_POINT('',(-13.8586354797292,6.91706134818427,0.));
#2167=CARTESIAN_POINT('Ctrl Pts',(-13.8586354797292,6.91706134818427,0.));
#2168=CARTESIAN_POINT('Ctrl Pts',(-13.7909873191015,6.9451616667956,0.));
#2169=CARTESIAN_POINT('Ctrl Pts',(-13.6574878554491,7.00061590868884,0.));
#2170=CARTESIAN_POINT('Ctrl Pts',(-13.5659417227235,7.11239450828241,0.));
#2171=CARTESIAN_POINT('Ctrl Pts',(-13.5207847463438,7.16753155701761,0.));
#2172=CARTESIAN_POINT('',(-13.8586354797292,6.91706134818427,-0.4));
#2173=CARTESIAN_POINT('',(-13.8586354797292,6.91706134818427,0.));
#2174=CARTESIAN_POINT('Ctrl Pts',(-13.8586354797292,6.91706134818427,-0.4));
#2175=CARTESIAN_POINT('Ctrl Pts',(-13.7909873191015,6.9451616667956,-0.4));
#2176=CARTESIAN_POINT('Ctrl Pts',(-13.6574878554491,7.00061590868884,-0.4));
#2177=CARTESIAN_POINT('Ctrl Pts',(-13.5659417227235,7.11239450828241,-0.4));
#2178=CARTESIAN_POINT('Ctrl Pts',(-13.5207847463438,7.16753155701761,-0.4));
#2179=CARTESIAN_POINT('Ctrl Pts',(-14.9387306145649,6.84789928807091,0.));
#2180=CARTESIAN_POINT('Ctrl Pts',(-14.9387306145649,6.84789928807091,-0.4));
#2181=CARTESIAN_POINT('Ctrl Pts',(-14.7038807825871,6.84421048083876,0.));
#2182=CARTESIAN_POINT('Ctrl Pts',(-14.7038807825871,6.84421048083876,-0.4));
#2183=CARTESIAN_POINT('Ctrl Pts',(-14.3415022366009,6.83851856873495,0.));
#2184=CARTESIAN_POINT('Ctrl Pts',(-14.3415022366009,6.83851856873495,-0.4));
#2185=CARTESIAN_POINT('Ctrl Pts',(-13.9843314666429,6.89661572413304,0.));
#2186=CARTESIAN_POINT('Ctrl Pts',(-13.9843314666429,6.89661572413304,-0.4));
#2187=CARTESIAN_POINT('Ctrl Pts',(-13.8586354797292,6.91706134818427,0.));
#2188=CARTESIAN_POINT('Ctrl Pts',(-13.8586354797292,6.91706134818427,-0.4));
#2189=CARTESIAN_POINT('',(-14.9387306145649,6.84789928807091,0.));
#2190=CARTESIAN_POINT('Ctrl Pts',(-14.9387306145649,6.84789928807091,0.));
#2191=CARTESIAN_POINT('Ctrl Pts',(-14.7038807825871,6.84421048083876,0.));
#2192=CARTESIAN_POINT('Ctrl Pts',(-14.3415022366009,6.83851856873495,0.));
#2193=CARTESIAN_POINT('Ctrl Pts',(-13.9843314666429,6.89661572413304,0.));
#2194=CARTESIAN_POINT('Ctrl Pts',(-13.8586354797292,6.91706134818427,0.));
#2195=CARTESIAN_POINT('',(-14.9387306145649,6.84789928807091,-0.4));
#2196=CARTESIAN_POINT('',(-14.9387306145649,6.84789928807091,0.));
#2197=CARTESIAN_POINT('Ctrl Pts',(-14.9387306145649,6.84789928807091,-0.4));
#2198=CARTESIAN_POINT('Ctrl Pts',(-14.7038807825871,6.84421048083876,-0.4));
#2199=CARTESIAN_POINT('Ctrl Pts',(-14.3415022366009,6.83851856873495,-0.4));
#2200=CARTESIAN_POINT('Ctrl Pts',(-13.9843314666429,6.89661572413304,-0.4));
#2201=CARTESIAN_POINT('Ctrl Pts',(-13.8586354797292,6.91706134818427,-0.4));
#2202=CARTESIAN_POINT('Origin',(-15.8277638284986,6.85111774678674,0.));
#2203=CARTESIAN_POINT('',(-15.8277638284986,6.85111774678674,0.));
#2204=CARTESIAN_POINT('',(-16.6831461299006,6.8542143832005,0.));
#2205=CARTESIAN_POINT('',(-15.8277638284986,6.85111774678674,-0.4));
#2206=CARTESIAN_POINT('',(-15.8277638284986,6.85111774678674,0.));
#2207=CARTESIAN_POINT('',(-15.8277638284986,6.85111774678674,-0.4));
#2208=CARTESIAN_POINT('Origin',(-15.8222968559479,8.36125679358211,0.));
#2209=CARTESIAN_POINT('',(-15.805766126572,12.9275317603773,0.));
#2210=CARTESIAN_POINT('',(-15.8222968559479,8.36125679358211,-0.4));
#2211=CARTESIAN_POINT('Origin',(-15.8312027303608,5.90119163467797,0.));
#2212=CARTESIAN_POINT('',(-15.8312027303608,5.90119163467797,-0.4));
#2213=CARTESIAN_POINT('',(-15.8312027303608,5.90119163467797,0.));
#2214=CARTESIAN_POINT('',(-15.8401967813848,3.4167694953166,-0.4));
#2215=CARTESIAN_POINT('',(-15.8312027303608,5.90119163467798,-0.4));
#2216=CARTESIAN_POINT('',(-15.8401967813848,3.4167694953166,0.));
#2217=CARTESIAN_POINT('Origin',(-15.5876318827139,5.90030986478992,0.));
#2218=CARTESIAN_POINT('',(-15.5876318827139,5.90030986478992,-0.4));
#2219=CARTESIAN_POINT('',(-15.5876318827139,5.90030986478992,0.));
#2220=CARTESIAN_POINT('',(-15.5876318827139,5.90030986478992,-0.4));
#2221=CARTESIAN_POINT('Ctrl Pts',(-14.9830069708851,5.83113806819682,0.));
#2222=CARTESIAN_POINT('Ctrl Pts',(-14.9830069708851,5.83113806819682,-0.4));
#2223=CARTESIAN_POINT('Ctrl Pts',(-15.0648126392393,5.85082516507084,0.));
#2224=CARTESIAN_POINT('Ctrl Pts',(-15.0648126392393,5.85082516507084,-0.4));
#2225=CARTESIAN_POINT('Ctrl Pts',(-15.2631911253843,5.89856631251248,0.));
#2226=CARTESIAN_POINT('Ctrl Pts',(-15.2631911253843,5.89856631251248,-0.4));
#2227=CARTESIAN_POINT('Ctrl Pts',(-15.4675467368026,5.89966452438521,0.));
#2228=CARTESIAN_POINT('Ctrl Pts',(-15.4675467368026,5.89966452438521,-0.4));
#2229=CARTESIAN_POINT('Ctrl Pts',(-15.5876318827139,5.90030986478992,0.));
#2230=CARTESIAN_POINT('Ctrl Pts',(-15.5876318827139,5.90030986478992,-0.4));
#2231=CARTESIAN_POINT('',(-14.9830069708851,5.83113806819682,-0.4));
#2232=CARTESIAN_POINT('',(-14.9830069708851,5.83113806819682,0.));
#2233=CARTESIAN_POINT('Ctrl Pts',(-14.9830069708851,5.83113806819682,-0.4));
#2234=CARTESIAN_POINT('Ctrl Pts',(-15.0648126392393,5.85082516507084,-0.4));
#2235=CARTESIAN_POINT('Ctrl Pts',(-15.2631911253843,5.89856631251248,-0.4));
#2236=CARTESIAN_POINT('Ctrl Pts',(-15.4675467368026,5.89966452438521,-0.4));
#2237=CARTESIAN_POINT('Ctrl Pts',(-15.5876318827139,5.90030986478992,-0.4));
#2238=CARTESIAN_POINT('Ctrl Pts',(-14.6226068845848,5.58220006390735,0.));
#2239=CARTESIAN_POINT('Ctrl Pts',(-14.6226068845848,5.58220006390735,-0.4));
#2240=CARTESIAN_POINT('Ctrl Pts',(-14.6782001398671,5.63718906394071,0.));
#2241=CARTESIAN_POINT('Ctrl Pts',(-14.6782001398671,5.63718906394071,-0.4));
#2242=CARTESIAN_POINT('Ctrl Pts',(-14.7837433144072,5.74158506663635,0.));
#2243=CARTESIAN_POINT('Ctrl Pts',(-14.7837433144072,5.74158506663635,-0.4));
#2244=CARTESIAN_POINT('Ctrl Pts',(-14.9189963881063,5.80237045487082,0.));
#2245=CARTESIAN_POINT('Ctrl Pts',(-14.9189963881063,5.80237045487082,-0.4));
#2246=CARTESIAN_POINT('Ctrl Pts',(-14.9830069708851,5.83113806819682,0.));
#2247=CARTESIAN_POINT('Ctrl Pts',(-14.9830069708851,5.83113806819682,-0.4));
#2248=CARTESIAN_POINT('',(-14.6226068845848,5.58220006390735,-0.4));
#2249=CARTESIAN_POINT('',(-14.6226068845848,5.58220006390735,0.));
#2250=CARTESIAN_POINT('Ctrl Pts',(-14.6226068845848,5.58220006390735,-0.4));
#2251=CARTESIAN_POINT('Ctrl Pts',(-14.6782001398671,5.63718906394071,-0.4));
#2252=CARTESIAN_POINT('Ctrl Pts',(-14.7837433144072,5.74158506663635,-0.4));
#2253=CARTESIAN_POINT('Ctrl Pts',(-14.9189963881063,5.80237045487082,-0.4));
#2254=CARTESIAN_POINT('Ctrl Pts',(-14.9830069708851,5.83113806819682,-0.4));
#2255=CARTESIAN_POINT('Ctrl Pts',(-13.9924897342131,4.70508211444599,0.));
#2256=CARTESIAN_POINT('Ctrl Pts',(-13.9924897342131,4.70508211444599,-0.4));
#2257=CARTESIAN_POINT('Ctrl Pts',(-14.1179325153597,4.8969157588529,0.));
#2258=CARTESIAN_POINT('Ctrl Pts',(-14.1179325153597,4.8969157588529,-0.4));
#2259=CARTESIAN_POINT('Ctrl Pts',(-14.3152204646178,5.19861878199873,0.));
#2260=CARTESIAN_POINT('Ctrl Pts',(-14.3152204646178,5.19861878199873,-0.4));
#2261=CARTESIAN_POINT('Ctrl Pts',(-14.5405499856287,5.47980292321914,0.));
#2262=CARTESIAN_POINT('Ctrl Pts',(-14.5405499856287,5.47980292321914,-0.4));
#2263=CARTESIAN_POINT('Ctrl Pts',(-14.6226068845848,5.58220006390735,0.));
#2264=CARTESIAN_POINT('Ctrl Pts',(-14.6226068845848,5.58220006390735,-0.4));
#2265=CARTESIAN_POINT('',(-13.9924897342131,4.70508211444599,-0.4));
#2266=CARTESIAN_POINT('',(-13.9924897342131,4.70508211444599,0.));
#2267=CARTESIAN_POINT('Ctrl Pts',(-13.9924897342131,4.70508211444599,-0.4));
#2268=CARTESIAN_POINT('Ctrl Pts',(-14.1179325153597,4.8969157588529,-0.4));
#2269=CARTESIAN_POINT('Ctrl Pts',(-14.3152204646178,5.19861878199873,-0.4));
#2270=CARTESIAN_POINT('Ctrl Pts',(-14.5405499856287,5.47980292321914,-0.4));
#2271=CARTESIAN_POINT('Ctrl Pts',(-14.6226068845848,5.58220006390735,-0.4));
#2272=CARTESIAN_POINT('Origin',(-13.1284419303588,3.40695245935138,0.));
#2273=CARTESIAN_POINT('',(-13.1284419303588,3.40695245935138,-0.4));
#2274=CARTESIAN_POINT('',(-13.1284419303588,3.40695245935138,0.));
#2275=CARTESIAN_POINT('',(-13.1284419303588,3.40695245935138,-0.4));
#2276=CARTESIAN_POINT('Origin',(-11.6913741229564,3.40175001771312,0.));
#2277=CARTESIAN_POINT('',(-11.6913741229564,3.40175001771312,-0.4));
#2278=CARTESIAN_POINT('',(-11.6913741229564,3.40175001771312,0.));
#2279=CARTESIAN_POINT('',(-11.6913741229564,3.40175001771312,-0.4));
#2280=CARTESIAN_POINT('Origin',(-12.4138237698157,4.56540116897722,0.));
#2281=CARTESIAN_POINT('',(-12.4138237698157,4.56540116897722,-0.4));
#2282=CARTESIAN_POINT('',(-12.4138237698157,4.56540116897722,0.));
#2283=CARTESIAN_POINT('',(-12.4138237698157,4.56540116897722,-0.4));
#2284=CARTESIAN_POINT('Ctrl Pts',(-13.0943543372804,5.53404216832301,0.));
#2285=CARTESIAN_POINT('Ctrl Pts',(-13.0943543372804,5.53404216832301,-0.4));
#2286=CARTESIAN_POINT('Ctrl Pts',(-12.9932095889902,5.40949040901798,0.));
#2287=CARTESIAN_POINT('Ctrl Pts',(-12.9932095889902,5.40949040901798,-0.4));
#2288=CARTESIAN_POINT('Ctrl Pts',(-12.7439957360002,5.10260325612292,0.));
#2289=CARTESIAN_POINT('Ctrl Pts',(-12.7439957360002,5.10260325612292,-0.4));
#2290=CARTESIAN_POINT('Ctrl Pts',(-12.5368803129763,4.765618748279,0.));
#2291=CARTESIAN_POINT('Ctrl Pts',(-12.5368803129763,4.765618748279,-0.4));
#2292=CARTESIAN_POINT('Ctrl Pts',(-12.4138237698157,4.56540116897722,0.));
#2293=CARTESIAN_POINT('Ctrl Pts',(-12.4138237698157,4.56540116897722,-0.4));
#2294=CARTESIAN_POINT('',(-13.0943543372804,5.53404216832301,-0.4));
#2295=CARTESIAN_POINT('',(-13.0943543372804,5.53404216832301,0.));
#2296=CARTESIAN_POINT('Ctrl Pts',(-13.0943543372804,5.53404216832301,-0.4));
#2297=CARTESIAN_POINT('Ctrl Pts',(-12.9932095889902,5.40949040901798,-0.4));
#2298=CARTESIAN_POINT('Ctrl Pts',(-12.7439957360002,5.10260325612292,-0.4));
#2299=CARTESIAN_POINT('Ctrl Pts',(-12.5368803129763,4.765618748279,-0.4));
#2300=CARTESIAN_POINT('Ctrl Pts',(-12.4138237698157,4.56540116897722,-0.4));
#2301=CARTESIAN_POINT('Ctrl Pts',(-13.7359797001803,6.03569154696008,0.));
#2302=CARTESIAN_POINT('Ctrl Pts',(-13.7359797001803,6.03569154696008,-0.4));
#2303=CARTESIAN_POINT('Ctrl Pts',(-13.6143223743151,5.96004663227764,0.));
#2304=CARTESIAN_POINT('Ctrl Pts',(-13.6143223743151,5.96004663227764,-0.4));
#2305=CARTESIAN_POINT('Ctrl Pts',(-13.3823491164613,5.81580873148396,0.));
#2306=CARTESIAN_POINT('Ctrl Pts',(-13.3823491164613,5.81580873148396,-0.4));
#2307=CARTESIAN_POINT('Ctrl Pts',(-13.1871717951962,5.62485234270407,0.));
#2308=CARTESIAN_POINT('Ctrl Pts',(-13.1871717951962,5.62485234270407,-0.4));
#2309=CARTESIAN_POINT('Ctrl Pts',(-13.0943543372804,5.53404216832301,0.));
#2310=CARTESIAN_POINT('Ctrl Pts',(-13.0943543372804,5.53404216832301,-0.4));
#2311=CARTESIAN_POINT('',(-13.7359797001803,6.03569154696008,-0.4));
#2312=CARTESIAN_POINT('',(-13.7359797001803,6.03569154696008,0.));
#2313=CARTESIAN_POINT('Ctrl Pts',(-13.7359797001803,6.03569154696008,-0.4));
#2314=CARTESIAN_POINT('Ctrl Pts',(-13.6143223743151,5.96004663227764,-0.4));
#2315=CARTESIAN_POINT('Ctrl Pts',(-13.3823491164613,5.81580873148396,-0.4));
#2316=CARTESIAN_POINT('Ctrl Pts',(-13.1871717951962,5.62485234270407,-0.4));
#2317=CARTESIAN_POINT('Ctrl Pts',(-13.0943543372804,5.53404216832301,-0.4));
#2318=CARTESIAN_POINT('Ctrl Pts',(-12.5567292493002,6.58149347938074,0.));
#2319=CARTESIAN_POINT('Ctrl Pts',(-12.5567292493002,6.58149347938074,-0.4));
#2320=CARTESIAN_POINT('Ctrl Pts',(-12.7138737793242,6.44890286597119,0.));
#2321=CARTESIAN_POINT('Ctrl Pts',(-12.7138737793242,6.44890286597119,-0.4));
#2322=CARTESIAN_POINT('Ctrl Pts',(-13.0557788953022,6.1604206066876,0.));
#2323=CARTESIAN_POINT('Ctrl Pts',(-13.0557788953022,6.1604206066876,-0.4));
#2324=CARTESIAN_POINT('Ctrl Pts',(-13.4973571758453,6.07944798311343,0.));
#2325=CARTESIAN_POINT('Ctrl Pts',(-13.4973571758453,6.07944798311343,-0.4));
#2326=CARTESIAN_POINT('Ctrl Pts',(-13.7359797001803,6.03569154696008,0.));
#2327=CARTESIAN_POINT('Ctrl Pts',(-13.7359797001803,6.03569154696008,-0.4));
#2328=CARTESIAN_POINT('',(-12.5567292493002,6.58149347938074,-0.4));
#2329=CARTESIAN_POINT('',(-12.5567292493002,6.58149347938074,0.));
#2330=CARTESIAN_POINT('Ctrl Pts',(-12.5567292493002,6.58149347938074,-0.4));
#2331=CARTESIAN_POINT('Ctrl Pts',(-12.7138737793242,6.44890286597119,-0.4));
#2332=CARTESIAN_POINT('Ctrl Pts',(-13.0557788953022,6.1604206066876,-0.4));
#2333=CARTESIAN_POINT('Ctrl Pts',(-13.4973571758453,6.07944798311343,-0.4));
#2334=CARTESIAN_POINT('Ctrl Pts',(-13.7359797001803,6.03569154696008,-0.4));
#2335=CARTESIAN_POINT('Ctrl Pts',(-12.1589520199344,7.68628535990198,0.));
#2336=CARTESIAN_POINT('Ctrl Pts',(-12.1589520199344,7.68628535990198,-0.4));
#2337=CARTESIAN_POINT('Ctrl Pts',(-12.1736205798988,7.47563601024323,0.));
#2338=CARTESIAN_POINT('Ctrl Pts',(-12.1736205798988,7.47563601024323,-0.4));
#2339=CARTESIAN_POINT('Ctrl Pts',(-12.2019358934043,7.06901106615803,0.));
#2340=CARTESIAN_POINT('Ctrl Pts',(-12.2019358934043,7.06901106615803,-0.4));
#2341=CARTESIAN_POINT('Ctrl Pts',(-12.4413446215467,6.7400422073623,0.));
#2342=CARTESIAN_POINT('Ctrl Pts',(-12.4413446215467,6.7400422073623,-0.4));
#2343=CARTESIAN_POINT('Ctrl Pts',(-12.5567292493002,6.58149347938074,0.));
#2344=CARTESIAN_POINT('Ctrl Pts',(-12.5567292493002,6.58149347938074,-0.4));
#2345=CARTESIAN_POINT('',(-12.1589520199344,7.68628535990198,-0.4));
#2346=CARTESIAN_POINT('',(-12.1589520199344,7.68628535990198,0.));
#2347=CARTESIAN_POINT('Ctrl Pts',(-12.1589520199344,7.68628535990198,-0.4));
#2348=CARTESIAN_POINT('Ctrl Pts',(-12.1736205798988,7.47563601024323,-0.4));
#2349=CARTESIAN_POINT('Ctrl Pts',(-12.2019358934043,7.06901106615803,-0.4));
#2350=CARTESIAN_POINT('Ctrl Pts',(-12.4413446215467,6.7400422073623,-0.4));
#2351=CARTESIAN_POINT('Ctrl Pts',(-12.5567292493002,6.58149347938074,-0.4));
#2352=CARTESIAN_POINT('Ctrl Pts',(-12.4153655945037,8.62497338544868,0.));
#2353=CARTESIAN_POINT('Ctrl Pts',(-12.4153655945037,8.62497338544868,-0.4));
#2354=CARTESIAN_POINT('Ctrl Pts',(-12.3401178041366,8.48125217039315,0.));
#2355=CARTESIAN_POINT('Ctrl Pts',(-12.3401178041366,8.48125217039315,-0.4));
#2356=CARTESIAN_POINT('Ctrl Pts',(-12.1862074988143,8.18728771000718,0.));
#2357=CARTESIAN_POINT('Ctrl Pts',(-12.1862074988143,8.18728771000718,-0.4));
#2358=CARTESIAN_POINT('Ctrl Pts',(-12.1681705714076,7.85573811371359,0.));
#2359=CARTESIAN_POINT('Ctrl Pts',(-12.1681705714076,7.85573811371359,-0.4));
#2360=CARTESIAN_POINT('Ctrl Pts',(-12.1589520199344,7.68628535990198,0.));
#2361=CARTESIAN_POINT('Ctrl Pts',(-12.1589520199344,7.68628535990198,-0.4));
#2362=CARTESIAN_POINT('',(-12.4153655945037,8.62497338544868,-0.4));
#2363=CARTESIAN_POINT('',(-12.4153655945037,8.62497338544868,0.));
#2364=CARTESIAN_POINT('Ctrl Pts',(-12.4153655945037,8.62497338544868,-0.4));
#2365=CARTESIAN_POINT('Ctrl Pts',(-12.3401178041366,8.48125217039315,-0.4));
#2366=CARTESIAN_POINT('Ctrl Pts',(-12.1862074988143,8.18728771000718,-0.4));
#2367=CARTESIAN_POINT('Ctrl Pts',(-12.1681705714076,7.85573811371359,-0.4));
#2368=CARTESIAN_POINT('Ctrl Pts',(-12.1589520199344,7.68628535990198,-0.4));
#2369=CARTESIAN_POINT('Ctrl Pts',(-13.1054483296109,9.19784113202468,0.));
#2370=CARTESIAN_POINT('Ctrl Pts',(-13.1054483296109,9.19784113202468,-0.4));
#2371=CARTESIAN_POINT('Ctrl Pts',(-12.9681765788187,9.13256336688472,0.));
#2372=CARTESIAN_POINT('Ctrl Pts',(-12.9681765788187,9.13256336688472,-0.4));
#2373=CARTESIAN_POINT('Ctrl Pts',(-12.6897658690683,9.00016883692021,0.));
#2374=CARTESIAN_POINT('Ctrl Pts',(-12.6897658690683,9.00016883692021,-0.4));
#2375=CARTESIAN_POINT('Ctrl Pts',(-12.5076754495182,8.75119132667492,0.));
#2376=CARTESIAN_POINT('Ctrl Pts',(-12.5076754495182,8.75119132667492,-0.4));
#2377=CARTESIAN_POINT('Ctrl Pts',(-12.4153655945037,8.62497338544868,0.));
#2378=CARTESIAN_POINT('Ctrl Pts',(-12.4153655945037,8.62497338544868,-0.4));
#2379=CARTESIAN_POINT('',(-13.1054483296109,9.19784113202468,-0.4));
#2380=CARTESIAN_POINT('',(-13.1054483296109,9.19784113202468,0.));
#2381=CARTESIAN_POINT('Ctrl Pts',(-13.1054483296109,9.19784113202468,-0.4));
#2382=CARTESIAN_POINT('Ctrl Pts',(-12.9681765788187,9.13256336688472,-0.4));
#2383=CARTESIAN_POINT('Ctrl Pts',(-12.6897658690683,9.00016883692021,-0.4));
#2384=CARTESIAN_POINT('Ctrl Pts',(-12.5076754495182,8.75119132667492,-0.4));
#2385=CARTESIAN_POINT('Ctrl Pts',(-12.4153655945037,8.62497338544868,-0.4));
#2386=CARTESIAN_POINT('Ctrl Pts',(-14.491191558368,9.36321021590043,0.));
#2387=CARTESIAN_POINT('Ctrl Pts',(-14.491191558368,9.36321021590043,-0.4));
#2388=CARTESIAN_POINT('Ctrl Pts',(-14.2149767463002,9.36182767210644,0.));
#2389=CARTESIAN_POINT('Ctrl Pts',(-14.2149767463002,9.36182767210644,-0.4));
#2390=CARTESIAN_POINT('Ctrl Pts',(-13.7459903335049,9.35948024457486,0.));
#2391=CARTESIAN_POINT('Ctrl Pts',(-13.7459903335049,9.35948024457486,-0.4));
#2392=CARTESIAN_POINT('Ctrl Pts',(-13.2920396589196,9.24492696979278,0.));
#2393=CARTESIAN_POINT('Ctrl Pts',(-13.2920396589196,9.24492696979278,-0.4));
#2394=CARTESIAN_POINT('Ctrl Pts',(-13.1054483296109,9.19784113202468,0.));
#2395=CARTESIAN_POINT('Ctrl Pts',(-13.1054483296109,9.19784113202468,-0.4));
#2396=CARTESIAN_POINT('',(-14.491191558368,9.36321021590043,-0.4));
#2397=CARTESIAN_POINT('',(-14.491191558368,9.36321021590043,0.));
#2398=CARTESIAN_POINT('Ctrl Pts',(-14.491191558368,9.36321021590043,-0.4));
#2399=CARTESIAN_POINT('Ctrl Pts',(-14.2149767463002,9.36182767210644,-0.4));
#2400=CARTESIAN_POINT('Ctrl Pts',(-13.7459903335049,9.35948024457486,-0.4));
#2401=CARTESIAN_POINT('Ctrl Pts',(-13.2920396589196,9.24492696979278,-0.4));
#2402=CARTESIAN_POINT('Ctrl Pts',(-13.1054483296109,9.19784113202468,-0.4));
#2403=CARTESIAN_POINT('Origin',(-17.0202681991536,9.37236592417989,0.));
#2404=CARTESIAN_POINT('',(-17.0202681991536,9.37236592417989,-0.4));
#2405=CARTESIAN_POINT('',(-17.0202681991536,9.37236592417989,0.));
#2406=CARTESIAN_POINT('',(-17.0202681991536,9.37236592417989,-0.4));
#2407=CARTESIAN_POINT('Origin',(-17.0418127718788,3.42111955940539,0.));
#2408=CARTESIAN_POINT('',(-17.0418127718788,3.42111955940539,-0.4));
#2409=CARTESIAN_POINT('',(-17.0418127718788,3.42111955940539,0.));
#2410=CARTESIAN_POINT('',(-17.0418127718788,3.42111955940539,-0.4));
#2411=CARTESIAN_POINT('Origin',(-15.8401967813848,3.4167694953166,0.));
#2412=CARTESIAN_POINT('',(-15.8401967813848,3.4167694953166,-0.4));
#2413=CARTESIAN_POINT('Origin',(-12.2177914311425,6.33047070993074,-0.4));
#2414=CARTESIAN_POINT('Origin',(-17.5,17.5,0.));
#2415=CARTESIAN_POINT('Origin',(-26.,26.,0.));
#2416=CARTESIAN_POINT('',(-26.,35.,-2.));
#2417=CARTESIAN_POINT('',(-26.,35.,0.));
#2418=CARTESIAN_POINT('',(-35.,26.,-2.));
#2419=CARTESIAN_POINT('Origin',(-26.,26.,-2.));
#2420=CARTESIAN_POINT('',(-35.,26.,0.));
#2421=CARTESIAN_POINT('Origin',(-35.,0.,0.));
#2422=CARTESIAN_POINT('',(-35.,0.,-2.));
#2423=CARTESIAN_POINT('Origin',(-26.,35.,0.));
#2424=CARTESIAN_POINT('',(-26.,35.,-2.));
#2425=CARTESIAN_POINT('Origin',(-17.5,17.5,0.));
#2426=CARTESIAN_POINT('Origin',(-17.5,17.5,-2.));
#2427=UNCERTAINTY_MEASURE_WITH_UNIT(LENGTH_MEASURE(0.01),#2431,
'DISTANCE_ACCURACY_VALUE',
'Maximum model space distance between geometric entities at asserted c
onnectivities');
#2428=UNCERTAINTY_MEASURE_WITH_UNIT(LENGTH_MEASURE(0.01),#2431,
'DISTANCE_ACCURACY_VALUE',
'Maximum model space distance between geometric entities at asserted c
onnectivities');
#2429=(
GEOMETRIC_REPRESENTATION_CONTEXT(3)
GLOBAL_UNCERTAINTY_ASSIGNED_CONTEXT((#2427))
GLOBAL_UNIT_ASSIGNED_CONTEXT((#2431,#2433,#2434))
REPRESENTATION_CONTEXT('','3D')
);
#2430=(
GEOMETRIC_REPRESENTATION_CONTEXT(3)
GLOBAL_UNCERTAINTY_ASSIGNED_CONTEXT((#2428))
GLOBAL_UNIT_ASSIGNED_CONTEXT((#2431,#2433,#2434))
REPRESENTATION_CONTEXT('','3D')
);
#2431=(
LENGTH_UNIT()
NAMED_UNIT(*)
SI_UNIT(.MILLI.,.METRE.)
);
#2432=(
LENGTH_UNIT()
NAMED_UNIT(*)
SI_UNIT($,.METRE.)
);
#2433=(
NAMED_UNIT(*)
PLANE_ANGLE_UNIT()
SI_UNIT($,.RADIAN.)
);
#2434=(
NAMED_UNIT(*)
SI_UNIT($,.STERADIAN.)
SOLID_ANGLE_UNIT()
);
#2435=SHAPE_DEFINITION_REPRESENTATION(#2436,#2437);
#2436=PRODUCT_DEFINITION_SHAPE('',$,#2439);
#2437=SHAPE_REPRESENTATION('',(#1219),#2429);
#2438=PRODUCT_DEFINITION_CONTEXT('part definition',#2443,'design');
#2439=PRODUCT_DEFINITION('Fillet Chips','Fillet Chips v3',#2440,#2438);
#2440=PRODUCT_DEFINITION_FORMATION('',$,#2445);
#2441=PRODUCT_RELATED_PRODUCT_CATEGORY('Fillet Chips v3',
'Fillet Chips v3',(#2445));
#2442=APPLICATION_PROTOCOL_DEFINITION('international standard',
'automotive_design',2009,#2443);
#2443=APPLICATION_CONTEXT(
'Core Data for Automotive Mechanical Design Process');
#2444=PRODUCT_CONTEXT('part definition',#2443,'mechanical');
#2445=PRODUCT('Fillet Chips','Fillet Chips v3',$,(#2444));
#2446=PRESENTATION_STYLE_ASSIGNMENT((#2447));
#2447=SURFACE_STYLE_USAGE(.BOTH.,#2448);
#2448=SURFACE_SIDE_STYLE('',(#2449));
#2449=SURFACE_STYLE_FILL_AREA(#2450);
#2450=FILL_AREA_STYLE('Steel - Satin',(#2451));
#2451=FILL_AREA_STYLE_COLOUR('Steel - Satin',#2452);
#2452=COLOUR_RGB('Steel - Satin',0.627450980392157,0.627450980392157,0.627450980392157);
ENDSEC;
END-ISO-10303-21;
