ISO-10303-21;
HEADER;
/* Generated by software containing ST-Developer
 * from STEP Tools, Inc. (www.steptools.com) 
 */

FILE_DESCRIPTION(
/* description */ (''),
/* implementation_level */ '2;1');

FILE_NAME(
/* name */ 'R18 Gauge.stp',
/* time_stamp */ '2025-04-23T18:43:46+10:00',
/* author */ (''),
/* organization */ (''),
/* preprocessor_version */ 'ST-DEVELOPER v20.1',
/* originating_system */ 'Autodesk Translation Framework v14.4.0.0',
/* authorisation */ '');

FILE_SCHEMA (('AUTOMOTIVE_DESIGN { 1 0 10303 214 3 1 1 }'));
ENDSEC;

DATA;
#10=MECHANICAL_DESIGN_GEOMETRIC_PRESENTATION_REPRESENTATION('',(#13),#3098);
#11=SHAPE_REPRESENTATION_RELATIONSHIP('SRR','None',#3105,#12);
#12=ADVANCED_BREP_SHAPE_REPRESENTATION('',(#14),#3097);
#13=STYLED_ITEM('',(#3114),#14);
#14=MANIFOLD_SOLID_BREP('Body1',#1530);
#15=CYLINDRICAL_SURFACE('',#1572,18.);
#16=B_SPLINE_SURFACE_WITH_KNOTS('',3,1,((#2009,#2010),(#2011,#2012),(#2013,
#2014),(#2015,#2016),(#2017,#2018)),.UNSPECIFIED.,.F.,.F.,.F.,(4,1,4),(2,
2),(0.,0.0299323397379699,0.0570433360081078),(0.,0.04),.UNSPECIFIED.);
#17=B_SPLINE_SURFACE_WITH_KNOTS('',3,1,((#2035,#2036),(#2037,#2038),(#2039,
#2040),(#2041,#2042),(#2043,#2044)),.UNSPECIFIED.,.F.,.F.,.F.,(4,1,4),(2,
2),(0.,0.0266446399587722,0.0556174890696772),(0.,0.04),.UNSPECIFIED.);
#18=B_SPLINE_SURFACE_WITH_KNOTS('',3,1,((#2058,#2059),(#2060,#2061),(#2062,
#2063),(#2064,#2065),(#2066,#2067)),.UNSPECIFIED.,.F.,.F.,.F.,(4,1,4),(2,
2),(0.,0.0292731388479214,0.056003088685735),(0.,0.04),.UNSPECIFIED.);
#19=B_SPLINE_SURFACE_WITH_KNOTS('',3,1,((#2081,#2082),(#2083,#2084),(#2085,
#2086),(#2087,#2088),(#2089,#2090)),.UNSPECIFIED.,.F.,.F.,.F.,(4,1,4),(2,
2),(0.,0.0272394394548613,0.0580231724276914),(0.,0.04),.UNSPECIFIED.);
#20=B_SPLINE_SURFACE_WITH_KNOTS('',3,1,((#2104,#2105),(#2106,#2107),(#2108,
#2109),(#2110,#2111),(#2112,#2113)),.UNSPECIFIED.,.F.,.F.,.F.,(4,1,4),(2,
2),(0.,0.0296235607578979,0.0565672514742259),(0.,0.04),.UNSPECIFIED.);
#21=B_SPLINE_SURFACE_WITH_KNOTS('',3,1,((#2127,#2128),(#2129,#2130),(#2131,
#2132),(#2133,#2134),(#2135,#2136)),.UNSPECIFIED.,.F.,.F.,.F.,(4,1,4),(2,
2),(0.,0.0266478276229682,0.0559126266720432),(0.,0.04),.UNSPECIFIED.);
#22=B_SPLINE_SURFACE_WITH_KNOTS('',3,1,((#2150,#2151),(#2152,#2153),(#2154,
#2155),(#2156,#2157),(#2158,#2159)),.UNSPECIFIED.,.F.,.F.,.F.,(4,1,4),(2,
2),(0.,0.0307255822003155,0.0577549478492354),(0.,0.04),.UNSPECIFIED.);
#23=B_SPLINE_SURFACE_WITH_KNOTS('',3,1,((#2173,#2174),(#2175,#2176),(#2177,
#2178),(#2179,#2180),(#2181,#2182)),.UNSPECIFIED.,.F.,.F.,.F.,(4,1,4),(2,
2),(0.,0.0269403766547497,0.0562719685877028),(0.,0.04),.UNSPECIFIED.);
#24=B_SPLINE_SURFACE_WITH_KNOTS('',3,1,((#2193,#2194),(#2195,#2196),(#2197,
#2198),(#2199,#2200),(#2201,#2202)),.UNSPECIFIED.,.F.,.F.,.F.,(4,1,4),(2,
2),(0.,0.0371898154986333,0.0708710558955458),(0.,0.04),.UNSPECIFIED.);
#25=B_SPLINE_SURFACE_WITH_KNOTS('',3,1,((#2219,#2220),(#2221,#2222),(#2223,
#2224),(#2225,#2226),(#2227,#2228)),.UNSPECIFIED.,.F.,.F.,.F.,(4,1,4),(2,
2),(0.,0.0327801746427951,0.0663683251419911),(0.,0.04),.UNSPECIFIED.);
#26=B_SPLINE_SURFACE_WITH_KNOTS('',3,1,((#2242,#2243),(#2244,#2245),(#2246,
#2247),(#2248,#2249),(#2250,#2251)),.UNSPECIFIED.,.F.,.F.,.F.,(4,1,4),(2,
2),(0.,0.0381597843517934,0.0725261676618923),(0.,0.04),.UNSPECIFIED.);
#27=B_SPLINE_SURFACE_WITH_KNOTS('',3,1,((#2265,#2266),(#2267,#2268),(#2269,
#2270),(#2271,#2272),(#2273,#2274)),.UNSPECIFIED.,.F.,.F.,.F.,(4,1,4),(2,
2),(0.,0.0355312729296835,0.0781952269673023),(0.,0.04),.UNSPECIFIED.);
#28=B_SPLINE_SURFACE_WITH_KNOTS('',3,1,((#2288,#2289),(#2290,#2291),(#2292,
#2293),(#2294,#2295),(#2296,#2297)),.UNSPECIFIED.,.F.,.F.,.F.,(4,1,4),(2,
2),(0.,0.0328907152610611,0.0652590959819322),(0.,0.04),.UNSPECIFIED.);
#29=B_SPLINE_SURFACE_WITH_KNOTS('',3,1,((#2311,#2312),(#2313,#2314),(#2315,
#2316),(#2317,#2318),(#2319,#2320)),.UNSPECIFIED.,.F.,.F.,.F.,(4,1,4),(2,
2),(0.,0.0335958418888466,0.06738211428142),(0.,0.04),.UNSPECIFIED.);
#30=B_SPLINE_SURFACE_WITH_KNOTS('',3,1,((#2334,#2335),(#2336,#2337),(#2338,
#2339),(#2340,#2341),(#2342,#2343)),.UNSPECIFIED.,.F.,.F.,.F.,(4,1,4),(2,
2),(0.,0.0423475057097851,0.0787397383562146),(0.,0.04),.UNSPECIFIED.);
#31=B_SPLINE_SURFACE_WITH_KNOTS('',3,1,((#2357,#2358),(#2359,#2360),(#2361,
#2362),(#2363,#2364),(#2365,#2366)),.UNSPECIFIED.,.F.,.F.,.F.,(4,1,4),(2,
2),(0.,0.0337467746718029,0.066625000978011),(0.,0.04),.UNSPECIFIED.);
#32=B_SPLINE_SURFACE_WITH_KNOTS('',3,1,((#2377,#2378),(#2379,#2380),(#2381,
#2382),(#2383,#2384),(#2385,#2386)),.UNSPECIFIED.,.F.,.F.,.F.,(4,1,4),(2,
2),(0.,0.0467148493532612,0.0927368442079362),(0.,0.04),.UNSPECIFIED.);
#33=B_SPLINE_SURFACE_WITH_KNOTS('',3,1,((#2396,#2397),(#2398,#2399),(#2400,
#2401),(#2402,#2403),(#2404,#2405)),.UNSPECIFIED.,.F.,.F.,.F.,(4,1,4),(2,
2),(0.,0.0764595892232907,0.156412500585905),(0.,0.04),.UNSPECIFIED.);
#34=B_SPLINE_SURFACE_WITH_KNOTS('',3,1,((#2413,#2414),(#2415,#2416),(#2417,
#2418),(#2419,#2420),(#2421,#2422)),.UNSPECIFIED.,.F.,.F.,.F.,(4,1,4),(2,
2),(0.,0.075150500079344,0.143835478568667),(0.,0.04),.UNSPECIFIED.);
#35=B_SPLINE_SURFACE_WITH_KNOTS('',3,1,((#2430,#2431),(#2432,#2433),(#2434,
#2435),(#2436,#2437),(#2438,#2439)),.UNSPECIFIED.,.F.,.F.,.F.,(4,1,4),(2,
2),(0.,0.0724327443557033,0.152085275759413),(0.,0.04),.UNSPECIFIED.);
#36=B_SPLINE_SURFACE_WITH_KNOTS('',3,1,((#2447,#2448),(#2449,#2450),(#2451,
#2452),(#2453,#2454),(#2455,#2456)),.UNSPECIFIED.,.F.,.F.,.F.,(4,1,4),(2,
2),(0.,0.0758429464766951,0.147028892939462),(0.,0.04),.UNSPECIFIED.);
#37=B_SPLINE_SURFACE_WITH_KNOTS('',3,1,((#2464,#2465),(#2466,#2467),(#2468,
#2469),(#2470,#2471),(#2472,#2473)),.UNSPECIFIED.,.F.,.F.,.F.,(4,1,4),(2,
2),(0.,0.0454227731662828,0.0928518536746337),(0.,0.04),.UNSPECIFIED.);
#38=B_SPLINE_SURFACE_WITH_KNOTS('',3,1,((#2481,#2482),(#2483,#2484),(#2485,
#2486),(#2487,#2488),(#2489,#2490)),.UNSPECIFIED.,.F.,.F.,.F.,(4,1,4),(2,
2),(0.,0.0499826121714871,0.0961812981887973),(0.,0.04),.UNSPECIFIED.);
#39=B_SPLINE_SURFACE_WITH_KNOTS('',3,1,((#2498,#2499),(#2500,#2501),(#2502,
#2503),(#2504,#2505),(#2506,#2507)),.UNSPECIFIED.,.F.,.F.,.F.,(4,1,4),(2,
2),(0.,0.0384727077739902,0.0788788562147565),(0.,0.04),.UNSPECIFIED.);
#40=B_SPLINE_SURFACE_WITH_KNOTS('',3,1,((#2515,#2516),(#2517,#2518),(#2519,
#2520),(#2521,#2522),(#2523,#2524)),.UNSPECIFIED.,.F.,.F.,.F.,(4,1,4),(2,
2),(0.,0.0394918668861415,0.0776306162080061),(0.,0.04),.UNSPECIFIED.);
#41=B_SPLINE_SURFACE_WITH_KNOTS('',3,1,((#2532,#2533),(#2534,#2535),(#2536,
#2537),(#2538,#2539),(#2540,#2541)),.UNSPECIFIED.,.F.,.F.,.F.,(4,1,4),(2,
2),(0.,0.0604932208397919,0.122404660900529),(0.,0.04),.UNSPECIFIED.);
#42=B_SPLINE_SURFACE_WITH_KNOTS('',3,1,((#2549,#2550),(#2551,#2552),(#2553,
#2554),(#2555,#2556),(#2557,#2558)),.UNSPECIFIED.,.F.,.F.,.F.,(4,1,4),(2,
2),(0.,0.076133721788305,0.141246379231616),(0.,0.04),.UNSPECIFIED.);
#43=B_SPLINE_SURFACE_WITH_KNOTS('',3,1,((#2566,#2567),(#2568,#2569),(#2570,
#2571),(#2572,#2573),(#2574,#2575)),.UNSPECIFIED.,.F.,.F.,.F.,(4,1,4),(2,
2),(0.,0.0650248408032617,0.141660764038595),(0.,0.04),.UNSPECIFIED.);
#44=B_SPLINE_SURFACE_WITH_KNOTS('',3,1,((#2583,#2584),(#2585,#2586),(#2587,
#2588),(#2589,#2590),(#2591,#2592)),.UNSPECIFIED.,.F.,.F.,.F.,(4,1,4),(2,
2),(0.,0.0618922904067773,0.122209031664571),(0.,0.04),.UNSPECIFIED.);
#45=B_SPLINE_SURFACE_WITH_KNOTS('',3,1,((#2600,#2601),(#2602,#2603),(#2604,
#2605),(#2606,#2607),(#2608,#2609)),.UNSPECIFIED.,.F.,.F.,.F.,(4,1,4),(2,
2),(0.,0.0374213743111013,0.0751557992437576),(0.,0.04),.UNSPECIFIED.);
#46=B_SPLINE_SURFACE_WITH_KNOTS('',3,1,((#2617,#2618),(#2619,#2620),(#2621,
#2622),(#2623,#2624),(#2625,#2626)),.UNSPECIFIED.,.F.,.F.,.F.,(4,1,4),(2,
2),(0.,0.0441788926478111,0.0833490710706393),(0.,0.04),.UNSPECIFIED.);
#47=B_SPLINE_SURFACE_WITH_KNOTS('',3,1,((#2634,#2635),(#2636,#2637),(#2638,
#2639),(#2640,#2641),(#2642,#2643)),.UNSPECIFIED.,.F.,.F.,.F.,(4,1,4),(2,
2),(0.,0.0472409773777056,0.0991869719503826),(0.,0.04),.UNSPECIFIED.);
#48=B_SPLINE_SURFACE_WITH_KNOTS('',3,1,((#2656,#2657),(#2658,#2659),(#2660,
#2661),(#2662,#2663),(#2664,#2665)),.UNSPECIFIED.,.F.,.F.,.F.,(4,1,4),(2,
2),(0.,0.0624698689678472,0.120508064374643),(0.,0.04),.UNSPECIFIED.);
#49=B_SPLINE_SURFACE_WITH_KNOTS('',3,1,((#2673,#2674),(#2675,#2676),(#2677,
#2678),(#2679,#2680),(#2681,#2682)),.UNSPECIFIED.,.F.,.F.,.F.,(4,1,4),(2,
2),(0.,0.0511640383340466,0.112134491171033),(0.,0.04),.UNSPECIFIED.);
#50=B_SPLINE_SURFACE_WITH_KNOTS('',3,1,((#2694,#2695),(#2696,#2697),(#2698,
#2699),(#2700,#2701),(#2702,#2703)),.UNSPECIFIED.,.F.,.F.,.F.,(4,1,4),(2,
2),(0.,0.0849866684587009,0.171886046490542),(0.,0.04),.UNSPECIFIED.);
#51=B_SPLINE_SURFACE_WITH_KNOTS('',3,1,((#2731,#2732),(#2733,#2734),(#2735,
#2736),(#2737,#2738),(#2739,#2740)),.UNSPECIFIED.,.F.,.F.,.F.,(4,1,4),(2,
2),(0.,0.0292683046402059,0.0877278816271959),(0.,0.04),.UNSPECIFIED.);
#52=B_SPLINE_SURFACE_WITH_KNOTS('',3,1,((#2754,#2755),(#2756,#2757),(#2758,
#2759),(#2760,#2761),(#2762,#2763)),.UNSPECIFIED.,.F.,.F.,.F.,(4,1,4),(2,
2),(0.,0.0245137084432334,0.0517312719764843),(0.,0.04),.UNSPECIFIED.);
#53=B_SPLINE_SURFACE_WITH_KNOTS('',3,1,((#2777,#2778),(#2779,#2780),(#2781,
#2782),(#2783,#2784),(#2785,#2786)),.UNSPECIFIED.,.F.,.F.,.F.,(4,1,4),(2,
2),(0.,0.0274425680625578,0.0519583922673294),(0.,0.04),.UNSPECIFIED.);
#54=B_SPLINE_SURFACE_WITH_KNOTS('',3,1,((#2800,#2801),(#2802,#2803),(#2804,
#2805),(#2806,#2807),(#2808,#2809)),.UNSPECIFIED.,.F.,.F.,.F.,(4,1,4),(2,
2),(0.,0.0220732232643195,0.0468214363530435),(0.,0.04),.UNSPECIFIED.);
#55=B_SPLINE_SURFACE_WITH_KNOTS('',3,1,((#2823,#2824),(#2825,#2826),(#2827,
#2828),(#2829,#2830),(#2831,#2832)),.UNSPECIFIED.,.F.,.F.,.F.,(4,1,4),(2,
2),(0.,0.0216065502965852,0.0426391915051792),(0.,0.04),.UNSPECIFIED.);
#56=B_SPLINE_SURFACE_WITH_KNOTS('',3,1,((#2846,#2847),(#2848,#2849),(#2850,
#2851),(#2852,#2853),(#2854,#2855)),.UNSPECIFIED.,.F.,.F.,.F.,(4,1,4),(2,
2),(0.,0.0702538216177741,0.108403218828905),(0.,0.04),.UNSPECIFIED.);
#57=B_SPLINE_SURFACE_WITH_KNOTS('',3,1,((#2888,#2889),(#2890,#2891),(#2892,
#2893),(#2894,#2895),(#2896,#2897)),.UNSPECIFIED.,.F.,.F.,.F.,(4,1,4),(2,
2),(0.,0.0251681682852492,0.0610327282194378),(0.,0.04),.UNSPECIFIED.);
#58=B_SPLINE_SURFACE_WITH_KNOTS('',3,1,((#2905,#2906),(#2907,#2908),(#2909,
#2910),(#2911,#2912),(#2913,#2914)),.UNSPECIFIED.,.F.,.F.,.F.,(4,1,4),(2,
2),(0.,0.0232381939306405,0.0441174517585879),(0.,0.04),.UNSPECIFIED.);
#59=B_SPLINE_SURFACE_WITH_KNOTS('',3,1,((#2922,#2923),(#2924,#2925),(#2926,
#2927),(#2928,#2929),(#2930,#2931)),.UNSPECIFIED.,.F.,.F.,.F.,(4,1,4),(2,
2),(0.,0.0687027131930971,0.108050995604873),(0.,0.04),.UNSPECIFIED.);
#60=B_SPLINE_SURFACE_WITH_KNOTS('',3,1,((#2951,#2952),(#2953,#2954),(#2955,
#2956),(#2957,#2958),(#2959,#2960)),.UNSPECIFIED.,.F.,.F.,.F.,(4,1,4),(2,
2),(0.,0.048089486218889,0.118489257737085),(0.,0.04),.UNSPECIFIED.);
#61=B_SPLINE_SURFACE_WITH_KNOTS('',3,1,((#2968,#2969),(#2970,#2971),(#2972,
#2973),(#2974,#2975),(#2976,#2977)),.UNSPECIFIED.,.F.,.F.,.F.,(4,1,4),(2,
2),(0.,0.0428271087353407,0.081661699097431),(0.,0.04),.UNSPECIFIED.);
#62=B_SPLINE_SURFACE_WITH_KNOTS('',3,1,((#2985,#2986),(#2987,#2988),(#2989,
#2990),(#2991,#2992),(#2993,#2994)),.UNSPECIFIED.,.F.,.F.,.F.,(4,1,4),(2,
2),(0.,0.0606478741289087,0.131953803512571),(0.,0.04),.UNSPECIFIED.);
#63=B_SPLINE_SURFACE_WITH_KNOTS('',3,1,((#3002,#3003),(#3004,#3005),(#3006,
#3007),(#3008,#3009),(#3010,#3011)),.UNSPECIFIED.,.F.,.F.,.F.,(4,1,4),(2,
2),(0.,0.0619341756070439,0.119554039611203),(0.,0.04),.UNSPECIFIED.);
#64=B_SPLINE_SURFACE_WITH_KNOTS('',3,1,((#3019,#3020),(#3021,#3022),(#3023,
#3024),(#3025,#3026),(#3027,#3028)),.UNSPECIFIED.,.F.,.F.,.F.,(4,1,4),(2,
2),(0.,0.0480709378532739,0.0983233220010378),(0.,0.04),.UNSPECIFIED.);
#65=B_SPLINE_SURFACE_WITH_KNOTS('',3,1,((#3036,#3037),(#3038,#3039),(#3040,
#3041),(#3042,#3043),(#3044,#3045)),.UNSPECIFIED.,.F.,.F.,.F.,(4,1,4),(2,
2),(0.,0.0448451320081345,0.0909536372865049),(0.,0.04),.UNSPECIFIED.);
#66=B_SPLINE_SURFACE_WITH_KNOTS('',3,1,((#3053,#3054),(#3055,#3056),(#3057,
#3058),(#3059,#3060),(#3061,#3062)),.UNSPECIFIED.,.F.,.F.,.F.,(4,1,4),(2,
2),(0.,0.0824554494320585,0.140001490706005),(0.,0.04),.UNSPECIFIED.);
#67=FACE_BOUND('',#263,.T.);
#68=FACE_BOUND('',#264,.T.);
#69=FACE_BOUND('',#265,.T.);
#70=FACE_BOUND('',#302,.T.);
#71=FACE_BOUND('',#303,.T.);
#72=FACE_BOUND('',#341,.T.);
#73=B_SPLINE_CURVE_WITH_KNOTS('',3,(#1799,#1800,#1801,#1802,#1803),
 .UNSPECIFIED.,.F.,.F.,(4,1,4),(0.,0.0467148493532612,0.0927368442079362),
 .UNSPECIFIED.);
#74=B_SPLINE_CURVE_WITH_KNOTS('',3,(#1805,#1806,#1807,#1808,#1809),
 .UNSPECIFIED.,.F.,.F.,(4,1,4),(0.,0.0472409773777056,0.0991869719503826),
 .UNSPECIFIED.);
#75=B_SPLINE_CURVE_WITH_KNOTS('',3,(#1811,#1812,#1813,#1814,#1815),
 .UNSPECIFIED.,.F.,.F.,(4,1,4),(0.,0.0441788926478111,0.0833490710706393),
 .UNSPECIFIED.);
#76=B_SPLINE_CURVE_WITH_KNOTS('',3,(#1817,#1818,#1819,#1820,#1821),
 .UNSPECIFIED.,.F.,.F.,(4,1,4),(0.,0.0374213743111013,0.0751557992437576),
 .UNSPECIFIED.);
#77=B_SPLINE_CURVE_WITH_KNOTS('',3,(#1823,#1824,#1825,#1826,#1827),
 .UNSPECIFIED.,.F.,.F.,(4,1,4),(0.,0.0618922904067773,0.122209031664571),
 .UNSPECIFIED.);
#78=B_SPLINE_CURVE_WITH_KNOTS('',3,(#1829,#1830,#1831,#1832,#1833),
 .UNSPECIFIED.,.F.,.F.,(4,1,4),(0.,0.0650248408032617,0.141660764038595),
 .UNSPECIFIED.);
#79=B_SPLINE_CURVE_WITH_KNOTS('',3,(#1835,#1836,#1837,#1838,#1839),
 .UNSPECIFIED.,.F.,.F.,(4,1,4),(0.,0.076133721788305,0.141246379231616),
 .UNSPECIFIED.);
#80=B_SPLINE_CURVE_WITH_KNOTS('',3,(#1841,#1842,#1843,#1844,#1845),
 .UNSPECIFIED.,.F.,.F.,(4,1,4),(0.,0.0604932208397919,0.122404660900529),
 .UNSPECIFIED.);
#81=B_SPLINE_CURVE_WITH_KNOTS('',3,(#1847,#1848,#1849,#1850,#1851),
 .UNSPECIFIED.,.F.,.F.,(4,1,4),(0.,0.0394918668861415,0.0776306162080061),
 .UNSPECIFIED.);
#82=B_SPLINE_CURVE_WITH_KNOTS('',3,(#1853,#1854,#1855,#1856,#1857),
 .UNSPECIFIED.,.F.,.F.,(4,1,4),(0.,0.0384727077739902,0.0788788562147565),
 .UNSPECIFIED.);
#83=B_SPLINE_CURVE_WITH_KNOTS('',3,(#1859,#1860,#1861,#1862,#1863),
 .UNSPECIFIED.,.F.,.F.,(4,1,4),(0.,0.0499826121714871,0.0961812981887973),
 .UNSPECIFIED.);
#84=B_SPLINE_CURVE_WITH_KNOTS('',3,(#1865,#1866,#1867,#1868,#1869),
 .UNSPECIFIED.,.F.,.F.,(4,1,4),(0.,0.0454227731662828,0.0928518536746337),
 .UNSPECIFIED.);
#85=B_SPLINE_CURVE_WITH_KNOTS('',3,(#1871,#1872,#1873,#1874,#1875),
 .UNSPECIFIED.,.F.,.F.,(4,1,4),(0.,0.0758429464766951,0.147028892939462),
 .UNSPECIFIED.);
#86=B_SPLINE_CURVE_WITH_KNOTS('',3,(#1877,#1878,#1879,#1880,#1881),
 .UNSPECIFIED.,.F.,.F.,(4,1,4),(0.,0.0724327443557033,0.152085275759413),
 .UNSPECIFIED.);
#87=B_SPLINE_CURVE_WITH_KNOTS('',3,(#1883,#1884,#1885,#1886,#1887),
 .UNSPECIFIED.,.F.,.F.,(4,1,4),(0.,0.075150500079344,0.143835478568667),
 .UNSPECIFIED.);
#88=B_SPLINE_CURVE_WITH_KNOTS('',3,(#1888,#1889,#1890,#1891,#1892),
 .UNSPECIFIED.,.F.,.F.,(4,1,4),(0.,0.0764595892232907,0.156412500585905),
 .UNSPECIFIED.);
#89=B_SPLINE_CURVE_WITH_KNOTS('',3,(#1903,#1904,#1905,#1906,#1907),
 .UNSPECIFIED.,.F.,.F.,(4,1,4),(0.,0.0849866684587009,0.171886046490542),
 .UNSPECIFIED.);
#90=B_SPLINE_CURVE_WITH_KNOTS('',3,(#1911,#1912,#1913,#1914,#1915),
 .UNSPECIFIED.,.F.,.F.,(4,1,4),(0.,0.0511640383340466,0.112134491171033),
 .UNSPECIFIED.);
#91=B_SPLINE_CURVE_WITH_KNOTS('',3,(#1916,#1917,#1918,#1919,#1920),
 .UNSPECIFIED.,.F.,.F.,(4,1,4),(0.,0.0624698689678472,0.120508064374643),
 .UNSPECIFIED.);
#92=B_SPLINE_CURVE_WITH_KNOTS('',3,(#1931,#1932,#1933,#1934,#1935),
 .UNSPECIFIED.,.F.,.F.,(4,1,4),(0.,0.0824554494320585,0.140001490706005),
 .UNSPECIFIED.);
#93=B_SPLINE_CURVE_WITH_KNOTS('',3,(#1937,#1938,#1939,#1940,#1941),
 .UNSPECIFIED.,.F.,.F.,(4,1,4),(0.,0.0448451320081345,0.0909536372865049),
 .UNSPECIFIED.);
#94=B_SPLINE_CURVE_WITH_KNOTS('',3,(#1943,#1944,#1945,#1946,#1947),
 .UNSPECIFIED.,.F.,.F.,(4,1,4),(0.,0.0480709378532739,0.0983233220010378),
 .UNSPECIFIED.);
#95=B_SPLINE_CURVE_WITH_KNOTS('',3,(#1949,#1950,#1951,#1952,#1953),
 .UNSPECIFIED.,.F.,.F.,(4,1,4),(0.,0.0619341756070439,0.119554039611203),
 .UNSPECIFIED.);
#96=B_SPLINE_CURVE_WITH_KNOTS('',3,(#1955,#1956,#1957,#1958,#1959),
 .UNSPECIFIED.,.F.,.F.,(4,1,4),(0.,0.0606478741289087,0.131953803512571),
 .UNSPECIFIED.);
#97=B_SPLINE_CURVE_WITH_KNOTS('',3,(#1961,#1962,#1963,#1964,#1965),
 .UNSPECIFIED.,.F.,.F.,(4,1,4),(0.,0.0428271087353407,0.081661699097431),
 .UNSPECIFIED.);
#98=B_SPLINE_CURVE_WITH_KNOTS('',3,(#1967,#1968,#1969,#1970,#1971),
 .UNSPECIFIED.,.F.,.F.,(4,1,4),(0.,0.048089486218889,0.118489257737085),
 .UNSPECIFIED.);
#99=B_SPLINE_CURVE_WITH_KNOTS('',3,(#1979,#1980,#1981,#1982,#1983),
 .UNSPECIFIED.,.F.,.F.,(4,1,4),(0.,0.0687027131930971,0.108050995604873),
 .UNSPECIFIED.);
#100=B_SPLINE_CURVE_WITH_KNOTS('',3,(#1985,#1986,#1987,#1988,#1989),
 .UNSPECIFIED.,.F.,.F.,(4,1,4),(0.,0.0232381939306405,0.0441174517585879),
 .UNSPECIFIED.);
#101=B_SPLINE_CURVE_WITH_KNOTS('',3,(#1991,#1992,#1993,#1994,#1995),
 .UNSPECIFIED.,.F.,.F.,(4,1,4),(0.,0.0251681682852492,0.0610327282194378),
 .UNSPECIFIED.);
#102=B_SPLINE_CURVE_WITH_KNOTS('',3,(#2021,#2022,#2023,#2024,#2025),
 .UNSPECIFIED.,.F.,.F.,(4,1,4),(0.,0.0299323397379699,0.0570433360081078),
 .UNSPECIFIED.);
#103=B_SPLINE_CURVE_WITH_KNOTS('',3,(#2029,#2030,#2031,#2032,#2033),
 .UNSPECIFIED.,.F.,.F.,(4,1,4),(0.,0.0299323397379699,0.0570433360081078),
 .UNSPECIFIED.);
#104=B_SPLINE_CURVE_WITH_KNOTS('',3,(#2046,#2047,#2048,#2049,#2050),
 .UNSPECIFIED.,.F.,.F.,(4,1,4),(0.,0.0266446399587722,0.0556174890696772),
 .UNSPECIFIED.);
#105=B_SPLINE_CURVE_WITH_KNOTS('',3,(#2053,#2054,#2055,#2056,#2057),
 .UNSPECIFIED.,.F.,.F.,(4,1,4),(0.,0.0266446399587722,0.0556174890696772),
 .UNSPECIFIED.);
#106=B_SPLINE_CURVE_WITH_KNOTS('',3,(#2069,#2070,#2071,#2072,#2073),
 .UNSPECIFIED.,.F.,.F.,(4,1,4),(0.,0.0292731388479214,0.056003088685735),
 .UNSPECIFIED.);
#107=B_SPLINE_CURVE_WITH_KNOTS('',3,(#2076,#2077,#2078,#2079,#2080),
 .UNSPECIFIED.,.F.,.F.,(4,1,4),(0.,0.0292731388479214,0.056003088685735),
 .UNSPECIFIED.);
#108=B_SPLINE_CURVE_WITH_KNOTS('',3,(#2092,#2093,#2094,#2095,#2096),
 .UNSPECIFIED.,.F.,.F.,(4,1,4),(0.,0.0272394394548613,0.0580231724276914),
 .UNSPECIFIED.);
#109=B_SPLINE_CURVE_WITH_KNOTS('',3,(#2099,#2100,#2101,#2102,#2103),
 .UNSPECIFIED.,.F.,.F.,(4,1,4),(0.,0.0272394394548613,0.0580231724276914),
 .UNSPECIFIED.);
#110=B_SPLINE_CURVE_WITH_KNOTS('',3,(#2115,#2116,#2117,#2118,#2119),
 .UNSPECIFIED.,.F.,.F.,(4,1,4),(0.,0.0296235607578979,0.0565672514742259),
 .UNSPECIFIED.);
#111=B_SPLINE_CURVE_WITH_KNOTS('',3,(#2122,#2123,#2124,#2125,#2126),
 .UNSPECIFIED.,.F.,.F.,(4,1,4),(0.,0.0296235607578979,0.0565672514742259),
 .UNSPECIFIED.);
#112=B_SPLINE_CURVE_WITH_KNOTS('',3,(#2138,#2139,#2140,#2141,#2142),
 .UNSPECIFIED.,.F.,.F.,(4,1,4),(0.,0.0266478276229682,0.0559126266720432),
 .UNSPECIFIED.);
#113=B_SPLINE_CURVE_WITH_KNOTS('',3,(#2145,#2146,#2147,#2148,#2149),
 .UNSPECIFIED.,.F.,.F.,(4,1,4),(0.,0.0266478276229682,0.0559126266720432),
 .UNSPECIFIED.);
#114=B_SPLINE_CURVE_WITH_KNOTS('',3,(#2161,#2162,#2163,#2164,#2165),
 .UNSPECIFIED.,.F.,.F.,(4,1,4),(0.,0.0307255822003155,0.0577549478492354),
 .UNSPECIFIED.);
#115=B_SPLINE_CURVE_WITH_KNOTS('',3,(#2168,#2169,#2170,#2171,#2172),
 .UNSPECIFIED.,.F.,.F.,(4,1,4),(0.,0.0307255822003155,0.0577549478492354),
 .UNSPECIFIED.);
#116=B_SPLINE_CURVE_WITH_KNOTS('',3,(#2183,#2184,#2185,#2186,#2187),
 .UNSPECIFIED.,.F.,.F.,(4,1,4),(0.,0.0269403766547497,0.0562719685877028),
 .UNSPECIFIED.);
#117=B_SPLINE_CURVE_WITH_KNOTS('',3,(#2188,#2189,#2190,#2191,#2192),
 .UNSPECIFIED.,.F.,.F.,(4,1,4),(0.,0.0269403766547497,0.0562719685877028),
 .UNSPECIFIED.);
#118=B_SPLINE_CURVE_WITH_KNOTS('',3,(#2205,#2206,#2207,#2208,#2209),
 .UNSPECIFIED.,.F.,.F.,(4,1,4),(0.,0.0371898154986333,0.0708710558955458),
 .UNSPECIFIED.);
#119=B_SPLINE_CURVE_WITH_KNOTS('',3,(#2213,#2214,#2215,#2216,#2217),
 .UNSPECIFIED.,.F.,.F.,(4,1,4),(0.,0.0371898154986333,0.0708710558955458),
 .UNSPECIFIED.);
#120=B_SPLINE_CURVE_WITH_KNOTS('',3,(#2230,#2231,#2232,#2233,#2234),
 .UNSPECIFIED.,.F.,.F.,(4,1,4),(0.,0.0327801746427951,0.0663683251419911),
 .UNSPECIFIED.);
#121=B_SPLINE_CURVE_WITH_KNOTS('',3,(#2237,#2238,#2239,#2240,#2241),
 .UNSPECIFIED.,.F.,.F.,(4,1,4),(0.,0.0327801746427951,0.0663683251419911),
 .UNSPECIFIED.);
#122=B_SPLINE_CURVE_WITH_KNOTS('',3,(#2253,#2254,#2255,#2256,#2257),
 .UNSPECIFIED.,.F.,.F.,(4,1,4),(0.,0.0381597843517934,0.0725261676618923),
 .UNSPECIFIED.);
#123=B_SPLINE_CURVE_WITH_KNOTS('',3,(#2260,#2261,#2262,#2263,#2264),
 .UNSPECIFIED.,.F.,.F.,(4,1,4),(0.,0.0381597843517934,0.0725261676618923),
 .UNSPECIFIED.);
#124=B_SPLINE_CURVE_WITH_KNOTS('',3,(#2276,#2277,#2278,#2279,#2280),
 .UNSPECIFIED.,.F.,.F.,(4,1,4),(0.,0.0355312729296835,0.0781952269673023),
 .UNSPECIFIED.);
#125=B_SPLINE_CURVE_WITH_KNOTS('',3,(#2283,#2284,#2285,#2286,#2287),
 .UNSPECIFIED.,.F.,.F.,(4,1,4),(0.,0.0355312729296835,0.0781952269673023),
 .UNSPECIFIED.);
#126=B_SPLINE_CURVE_WITH_KNOTS('',3,(#2299,#2300,#2301,#2302,#2303),
 .UNSPECIFIED.,.F.,.F.,(4,1,4),(0.,0.0328907152610611,0.0652590959819322),
 .UNSPECIFIED.);
#127=B_SPLINE_CURVE_WITH_KNOTS('',3,(#2306,#2307,#2308,#2309,#2310),
 .UNSPECIFIED.,.F.,.F.,(4,1,4),(0.,0.0328907152610611,0.0652590959819322),
 .UNSPECIFIED.);
#128=B_SPLINE_CURVE_WITH_KNOTS('',3,(#2322,#2323,#2324,#2325,#2326),
 .UNSPECIFIED.,.F.,.F.,(4,1,4),(0.,0.0335958418888466,0.06738211428142),
 .UNSPECIFIED.);
#129=B_SPLINE_CURVE_WITH_KNOTS('',3,(#2329,#2330,#2331,#2332,#2333),
 .UNSPECIFIED.,.F.,.F.,(4,1,4),(0.,0.0335958418888466,0.06738211428142),
 .UNSPECIFIED.);
#130=B_SPLINE_CURVE_WITH_KNOTS('',3,(#2345,#2346,#2347,#2348,#2349),
 .UNSPECIFIED.,.F.,.F.,(4,1,4),(0.,0.0423475057097851,0.0787397383562146),
 .UNSPECIFIED.);
#131=B_SPLINE_CURVE_WITH_KNOTS('',3,(#2352,#2353,#2354,#2355,#2356),
 .UNSPECIFIED.,.F.,.F.,(4,1,4),(0.,0.0423475057097851,0.0787397383562146),
 .UNSPECIFIED.);
#132=B_SPLINE_CURVE_WITH_KNOTS('',3,(#2367,#2368,#2369,#2370,#2371),
 .UNSPECIFIED.,.F.,.F.,(4,1,4),(0.,0.0337467746718029,0.066625000978011),
 .UNSPECIFIED.);
#133=B_SPLINE_CURVE_WITH_KNOTS('',3,(#2372,#2373,#2374,#2375,#2376),
 .UNSPECIFIED.,.F.,.F.,(4,1,4),(0.,0.0337467746718029,0.066625000978011),
 .UNSPECIFIED.);
#134=B_SPLINE_CURVE_WITH_KNOTS('',3,(#2390,#2391,#2392,#2393,#2394),
 .UNSPECIFIED.,.F.,.F.,(4,1,4),(0.,0.0467148493532612,0.0927368442079362),
 .UNSPECIFIED.);
#135=B_SPLINE_CURVE_WITH_KNOTS('',3,(#2408,#2409,#2410,#2411,#2412),
 .UNSPECIFIED.,.F.,.F.,(4,1,4),(0.,0.0764595892232907,0.156412500585905),
 .UNSPECIFIED.);
#136=B_SPLINE_CURVE_WITH_KNOTS('',3,(#2425,#2426,#2427,#2428,#2429),
 .UNSPECIFIED.,.F.,.F.,(4,1,4),(0.,0.075150500079344,0.143835478568667),
 .UNSPECIFIED.);
#137=B_SPLINE_CURVE_WITH_KNOTS('',3,(#2442,#2443,#2444,#2445,#2446),
 .UNSPECIFIED.,.F.,.F.,(4,1,4),(0.,0.0724327443557033,0.152085275759413),
 .UNSPECIFIED.);
#138=B_SPLINE_CURVE_WITH_KNOTS('',3,(#2459,#2460,#2461,#2462,#2463),
 .UNSPECIFIED.,.F.,.F.,(4,1,4),(0.,0.0758429464766951,0.147028892939462),
 .UNSPECIFIED.);
#139=B_SPLINE_CURVE_WITH_KNOTS('',3,(#2476,#2477,#2478,#2479,#2480),
 .UNSPECIFIED.,.F.,.F.,(4,1,4),(0.,0.0454227731662828,0.0928518536746337),
 .UNSPECIFIED.);
#140=B_SPLINE_CURVE_WITH_KNOTS('',3,(#2493,#2494,#2495,#2496,#2497),
 .UNSPECIFIED.,.F.,.F.,(4,1,4),(0.,0.0499826121714871,0.0961812981887973),
 .UNSPECIFIED.);
#141=B_SPLINE_CURVE_WITH_KNOTS('',3,(#2510,#2511,#2512,#2513,#2514),
 .UNSPECIFIED.,.F.,.F.,(4,1,4),(0.,0.0384727077739902,0.0788788562147565),
 .UNSPECIFIED.);
#142=B_SPLINE_CURVE_WITH_KNOTS('',3,(#2527,#2528,#2529,#2530,#2531),
 .UNSPECIFIED.,.F.,.F.,(4,1,4),(0.,0.0394918668861415,0.0776306162080061),
 .UNSPECIFIED.);
#143=B_SPLINE_CURVE_WITH_KNOTS('',3,(#2544,#2545,#2546,#2547,#2548),
 .UNSPECIFIED.,.F.,.F.,(4,1,4),(0.,0.0604932208397919,0.122404660900529),
 .UNSPECIFIED.);
#144=B_SPLINE_CURVE_WITH_KNOTS('',3,(#2561,#2562,#2563,#2564,#2565),
 .UNSPECIFIED.,.F.,.F.,(4,1,4),(0.,0.076133721788305,0.141246379231616),
 .UNSPECIFIED.);
#145=B_SPLINE_CURVE_WITH_KNOTS('',3,(#2578,#2579,#2580,#2581,#2582),
 .UNSPECIFIED.,.F.,.F.,(4,1,4),(0.,0.0650248408032617,0.141660764038595),
 .UNSPECIFIED.);
#146=B_SPLINE_CURVE_WITH_KNOTS('',3,(#2595,#2596,#2597,#2598,#2599),
 .UNSPECIFIED.,.F.,.F.,(4,1,4),(0.,0.0618922904067773,0.122209031664571),
 .UNSPECIFIED.);
#147=B_SPLINE_CURVE_WITH_KNOTS('',3,(#2612,#2613,#2614,#2615,#2616),
 .UNSPECIFIED.,.F.,.F.,(4,1,4),(0.,0.0374213743111013,0.0751557992437576),
 .UNSPECIFIED.);
#148=B_SPLINE_CURVE_WITH_KNOTS('',3,(#2629,#2630,#2631,#2632,#2633),
 .UNSPECIFIED.,.F.,.F.,(4,1,4),(0.,0.0441788926478111,0.0833490710706393),
 .UNSPECIFIED.);
#149=B_SPLINE_CURVE_WITH_KNOTS('',3,(#2644,#2645,#2646,#2647,#2648),
 .UNSPECIFIED.,.F.,.F.,(4,1,4),(0.,0.0472409773777056,0.0991869719503826),
 .UNSPECIFIED.);
#150=B_SPLINE_CURVE_WITH_KNOTS('',3,(#2668,#2669,#2670,#2671,#2672),
 .UNSPECIFIED.,.F.,.F.,(4,1,4),(0.,0.0624698689678472,0.120508064374643),
 .UNSPECIFIED.);
#151=B_SPLINE_CURVE_WITH_KNOTS('',3,(#2685,#2686,#2687,#2688,#2689),
 .UNSPECIFIED.,.F.,.F.,(4,1,4),(0.,0.0511640383340466,0.112134491171033),
 .UNSPECIFIED.);
#152=B_SPLINE_CURVE_WITH_KNOTS('',3,(#2706,#2707,#2708,#2709,#2710),
 .UNSPECIFIED.,.F.,.F.,(4,1,4),(0.,0.0849866684587009,0.171886046490542),
 .UNSPECIFIED.);
#153=B_SPLINE_CURVE_WITH_KNOTS('',3,(#2742,#2743,#2744,#2745,#2746),
 .UNSPECIFIED.,.F.,.F.,(4,1,4),(0.,0.0292683046402059,0.0877278816271959),
 .UNSPECIFIED.);
#154=B_SPLINE_CURVE_WITH_KNOTS('',3,(#2749,#2750,#2751,#2752,#2753),
 .UNSPECIFIED.,.F.,.F.,(4,1,4),(0.,0.0292683046402059,0.0877278816271959),
 .UNSPECIFIED.);
#155=B_SPLINE_CURVE_WITH_KNOTS('',3,(#2765,#2766,#2767,#2768,#2769),
 .UNSPECIFIED.,.F.,.F.,(4,1,4),(0.,0.0245137084432334,0.0517312719764843),
 .UNSPECIFIED.);
#156=B_SPLINE_CURVE_WITH_KNOTS('',3,(#2772,#2773,#2774,#2775,#2776),
 .UNSPECIFIED.,.F.,.F.,(4,1,4),(0.,0.0245137084432334,0.0517312719764843),
 .UNSPECIFIED.);
#157=B_SPLINE_CURVE_WITH_KNOTS('',3,(#2788,#2789,#2790,#2791,#2792),
 .UNSPECIFIED.,.F.,.F.,(4,1,4),(0.,0.0274425680625578,0.0519583922673294),
 .UNSPECIFIED.);
#158=B_SPLINE_CURVE_WITH_KNOTS('',3,(#2795,#2796,#2797,#2798,#2799),
 .UNSPECIFIED.,.F.,.F.,(4,1,4),(0.,0.0274425680625578,0.0519583922673294),
 .UNSPECIFIED.);
#159=B_SPLINE_CURVE_WITH_KNOTS('',3,(#2811,#2812,#2813,#2814,#2815),
 .UNSPECIFIED.,.F.,.F.,(4,1,4),(0.,0.0220732232643195,0.0468214363530435),
 .UNSPECIFIED.);
#160=B_SPLINE_CURVE_WITH_KNOTS('',3,(#2818,#2819,#2820,#2821,#2822),
 .UNSPECIFIED.,.F.,.F.,(4,1,4),(0.,0.0220732232643195,0.0468214363530435),
 .UNSPECIFIED.);
#161=B_SPLINE_CURVE_WITH_KNOTS('',3,(#2834,#2835,#2836,#2837,#2838),
 .UNSPECIFIED.,.F.,.F.,(4,1,4),(0.,0.0216065502965852,0.0426391915051792),
 .UNSPECIFIED.);
#162=B_SPLINE_CURVE_WITH_KNOTS('',3,(#2841,#2842,#2843,#2844,#2845),
 .UNSPECIFIED.,.F.,.F.,(4,1,4),(0.,0.0216065502965852,0.0426391915051792),
 .UNSPECIFIED.);
#163=B_SPLINE_CURVE_WITH_KNOTS('',3,(#2857,#2858,#2859,#2860,#2861),
 .UNSPECIFIED.,.F.,.F.,(4,1,4),(0.,0.0702538216177741,0.108403218828905),
 .UNSPECIFIED.);
#164=B_SPLINE_CURVE_WITH_KNOTS('',3,(#2864,#2865,#2866,#2867,#2868),
 .UNSPECIFIED.,.F.,.F.,(4,1,4),(0.,0.0702538216177741,0.108403218828905),
 .UNSPECIFIED.);
#165=B_SPLINE_CURVE_WITH_KNOTS('',3,(#2900,#2901,#2902,#2903,#2904),
 .UNSPECIFIED.,.F.,.F.,(4,1,4),(0.,0.0251681682852492,0.0610327282194378),
 .UNSPECIFIED.);
#166=B_SPLINE_CURVE_WITH_KNOTS('',3,(#2917,#2918,#2919,#2920,#2921),
 .UNSPECIFIED.,.F.,.F.,(4,1,4),(0.,0.0232381939306405,0.0441174517585879),
 .UNSPECIFIED.);
#167=B_SPLINE_CURVE_WITH_KNOTS('',3,(#2934,#2935,#2936,#2937,#2938),
 .UNSPECIFIED.,.F.,.F.,(4,1,4),(0.,0.0687027131930971,0.108050995604873),
 .UNSPECIFIED.);
#168=B_SPLINE_CURVE_WITH_KNOTS('',3,(#2963,#2964,#2965,#2966,#2967),
 .UNSPECIFIED.,.F.,.F.,(4,1,4),(0.,0.048089486218889,0.118489257737085),
 .UNSPECIFIED.);
#169=B_SPLINE_CURVE_WITH_KNOTS('',3,(#2980,#2981,#2982,#2983,#2984),
 .UNSPECIFIED.,.F.,.F.,(4,1,4),(0.,0.0428271087353407,0.081661699097431),
 .UNSPECIFIED.);
#170=B_SPLINE_CURVE_WITH_KNOTS('',3,(#2997,#2998,#2999,#3000,#3001),
 .UNSPECIFIED.,.F.,.F.,(4,1,4),(0.,0.0606478741289087,0.131953803512571),
 .UNSPECIFIED.);
#171=B_SPLINE_CURVE_WITH_KNOTS('',3,(#3014,#3015,#3016,#3017,#3018),
 .UNSPECIFIED.,.F.,.F.,(4,1,4),(0.,0.0619341756070439,0.119554039611203),
 .UNSPECIFIED.);
#172=B_SPLINE_CURVE_WITH_KNOTS('',3,(#3031,#3032,#3033,#3034,#3035),
 .UNSPECIFIED.,.F.,.F.,(4,1,4),(0.,0.0480709378532739,0.0983233220010378),
 .UNSPECIFIED.);
#173=B_SPLINE_CURVE_WITH_KNOTS('',3,(#3048,#3049,#3050,#3051,#3052),
 .UNSPECIFIED.,.F.,.F.,(4,1,4),(0.,0.0448451320081345,0.0909536372865049),
 .UNSPECIFIED.);
#174=B_SPLINE_CURVE_WITH_KNOTS('',3,(#3065,#3066,#3067,#3068,#3069),
 .UNSPECIFIED.,.F.,.F.,(4,1,4),(0.,0.0824554494320585,0.140001490706005),
 .UNSPECIFIED.);
#175=CIRCLE('',#1547,18.);
#176=CIRCLE('',#1573,18.);
#177=FACE_OUTER_BOUND('',#260,.T.);
#178=FACE_OUTER_BOUND('',#261,.T.);
#179=FACE_OUTER_BOUND('',#262,.T.);
#180=FACE_OUTER_BOUND('',#266,.T.);
#181=FACE_OUTER_BOUND('',#267,.T.);
#182=FACE_OUTER_BOUND('',#268,.T.);
#183=FACE_OUTER_BOUND('',#269,.T.);
#184=FACE_OUTER_BOUND('',#270,.T.);
#185=FACE_OUTER_BOUND('',#271,.T.);
#186=FACE_OUTER_BOUND('',#272,.T.);
#187=FACE_OUTER_BOUND('',#273,.T.);
#188=FACE_OUTER_BOUND('',#274,.T.);
#189=FACE_OUTER_BOUND('',#275,.T.);
#190=FACE_OUTER_BOUND('',#276,.T.);
#191=FACE_OUTER_BOUND('',#277,.T.);
#192=FACE_OUTER_BOUND('',#278,.T.);
#193=FACE_OUTER_BOUND('',#279,.T.);
#194=FACE_OUTER_BOUND('',#280,.T.);
#195=FACE_OUTER_BOUND('',#281,.T.);
#196=FACE_OUTER_BOUND('',#282,.T.);
#197=FACE_OUTER_BOUND('',#283,.T.);
#198=FACE_OUTER_BOUND('',#284,.T.);
#199=FACE_OUTER_BOUND('',#285,.T.);
#200=FACE_OUTER_BOUND('',#286,.T.);
#201=FACE_OUTER_BOUND('',#287,.T.);
#202=FACE_OUTER_BOUND('',#288,.T.);
#203=FACE_OUTER_BOUND('',#289,.T.);
#204=FACE_OUTER_BOUND('',#290,.T.);
#205=FACE_OUTER_BOUND('',#291,.T.);
#206=FACE_OUTER_BOUND('',#292,.T.);
#207=FACE_OUTER_BOUND('',#293,.T.);
#208=FACE_OUTER_BOUND('',#294,.T.);
#209=FACE_OUTER_BOUND('',#295,.T.);
#210=FACE_OUTER_BOUND('',#296,.T.);
#211=FACE_OUTER_BOUND('',#297,.T.);
#212=FACE_OUTER_BOUND('',#298,.T.);
#213=FACE_OUTER_BOUND('',#299,.T.);
#214=FACE_OUTER_BOUND('',#300,.T.);
#215=FACE_OUTER_BOUND('',#301,.T.);
#216=FACE_OUTER_BOUND('',#304,.T.);
#217=FACE_OUTER_BOUND('',#305,.T.);
#218=FACE_OUTER_BOUND('',#306,.T.);
#219=FACE_OUTER_BOUND('',#307,.T.);
#220=FACE_OUTER_BOUND('',#308,.T.);
#221=FACE_OUTER_BOUND('',#309,.T.);
#222=FACE_OUTER_BOUND('',#310,.T.);
#223=FACE_OUTER_BOUND('',#311,.T.);
#224=FACE_OUTER_BOUND('',#312,.T.);
#225=FACE_OUTER_BOUND('',#313,.T.);
#226=FACE_OUTER_BOUND('',#314,.T.);
#227=FACE_OUTER_BOUND('',#315,.T.);
#228=FACE_OUTER_BOUND('',#316,.T.);
#229=FACE_OUTER_BOUND('',#317,.T.);
#230=FACE_OUTER_BOUND('',#318,.T.);
#231=FACE_OUTER_BOUND('',#319,.T.);
#232=FACE_OUTER_BOUND('',#320,.T.);
#233=FACE_OUTER_BOUND('',#321,.T.);
#234=FACE_OUTER_BOUND('',#322,.T.);
#235=FACE_OUTER_BOUND('',#323,.T.);
#236=FACE_OUTER_BOUND('',#324,.T.);
#237=FACE_OUTER_BOUND('',#325,.T.);
#238=FACE_OUTER_BOUND('',#326,.T.);
#239=FACE_OUTER_BOUND('',#327,.T.);
#240=FACE_OUTER_BOUND('',#328,.T.);
#241=FACE_OUTER_BOUND('',#329,.T.);
#242=FACE_OUTER_BOUND('',#330,.T.);
#243=FACE_OUTER_BOUND('',#331,.T.);
#244=FACE_OUTER_BOUND('',#332,.T.);
#245=FACE_OUTER_BOUND('',#333,.T.);
#246=FACE_OUTER_BOUND('',#334,.T.);
#247=FACE_OUTER_BOUND('',#335,.T.);
#248=FACE_OUTER_BOUND('',#336,.T.);
#249=FACE_OUTER_BOUND('',#337,.T.);
#250=FACE_OUTER_BOUND('',#338,.T.);
#251=FACE_OUTER_BOUND('',#339,.T.);
#252=FACE_OUTER_BOUND('',#340,.T.);
#253=FACE_OUTER_BOUND('',#342,.T.);
#254=FACE_OUTER_BOUND('',#343,.T.);
#255=FACE_OUTER_BOUND('',#344,.T.);
#256=FACE_OUTER_BOUND('',#345,.T.);
#257=FACE_OUTER_BOUND('',#346,.T.);
#258=FACE_OUTER_BOUND('',#347,.T.);
#259=FACE_OUTER_BOUND('',#348,.T.);
#260=EDGE_LOOP('',(#966,#967,#968,#969));
#261=EDGE_LOOP('',(#970,#971,#972,#973));
#262=EDGE_LOOP('',(#974,#975,#976,#977,#978,#979,#980,#981));
#263=EDGE_LOOP('',(#982,#983,#984,#985,#986,#987,#988,#989,#990,#991,#992,
#993,#994,#995,#996,#997));
#264=EDGE_LOOP('',(#998,#999,#1000,#1001,#1002,#1003,#1004,#1005));
#265=EDGE_LOOP('',(#1006,#1007,#1008,#1009,#1010,#1011,#1012,#1013,#1014,
#1015,#1016,#1017,#1018,#1019,#1020,#1021,#1022,#1023));
#266=EDGE_LOOP('',(#1024,#1025,#1026,#1027));
#267=EDGE_LOOP('',(#1028,#1029,#1030,#1031));
#268=EDGE_LOOP('',(#1032,#1033,#1034,#1035));
#269=EDGE_LOOP('',(#1036,#1037,#1038,#1039));
#270=EDGE_LOOP('',(#1040,#1041,#1042,#1043));
#271=EDGE_LOOP('',(#1044,#1045,#1046,#1047));
#272=EDGE_LOOP('',(#1048,#1049,#1050,#1051));
#273=EDGE_LOOP('',(#1052,#1053,#1054,#1055));
#274=EDGE_LOOP('',(#1056,#1057,#1058,#1059));
#275=EDGE_LOOP('',(#1060,#1061,#1062,#1063));
#276=EDGE_LOOP('',(#1064,#1065,#1066,#1067));
#277=EDGE_LOOP('',(#1068,#1069,#1070,#1071));
#278=EDGE_LOOP('',(#1072,#1073,#1074,#1075));
#279=EDGE_LOOP('',(#1076,#1077,#1078,#1079));
#280=EDGE_LOOP('',(#1080,#1081,#1082,#1083));
#281=EDGE_LOOP('',(#1084,#1085,#1086,#1087));
#282=EDGE_LOOP('',(#1088,#1089,#1090,#1091));
#283=EDGE_LOOP('',(#1092,#1093,#1094,#1095));
#284=EDGE_LOOP('',(#1096,#1097,#1098,#1099));
#285=EDGE_LOOP('',(#1100,#1101,#1102,#1103));
#286=EDGE_LOOP('',(#1104,#1105,#1106,#1107));
#287=EDGE_LOOP('',(#1108,#1109,#1110,#1111));
#288=EDGE_LOOP('',(#1112,#1113,#1114,#1115));
#289=EDGE_LOOP('',(#1116,#1117,#1118,#1119));
#290=EDGE_LOOP('',(#1120,#1121,#1122,#1123));
#291=EDGE_LOOP('',(#1124,#1125,#1126,#1127));
#292=EDGE_LOOP('',(#1128,#1129,#1130,#1131));
#293=EDGE_LOOP('',(#1132,#1133,#1134,#1135));
#294=EDGE_LOOP('',(#1136,#1137,#1138,#1139));
#295=EDGE_LOOP('',(#1140,#1141,#1142,#1143));
#296=EDGE_LOOP('',(#1144,#1145,#1146,#1147));
#297=EDGE_LOOP('',(#1148,#1149,#1150,#1151));
#298=EDGE_LOOP('',(#1152,#1153,#1154,#1155));
#299=EDGE_LOOP('',(#1156,#1157,#1158,#1159));
#300=EDGE_LOOP('',(#1160,#1161,#1162,#1163));
#301=EDGE_LOOP('',(#1164,#1165,#1166,#1167,#1168,#1169,#1170,#1171,#1172,
#1173,#1174,#1175,#1176,#1177,#1178,#1179));
#302=EDGE_LOOP('',(#1180,#1181,#1182,#1183,#1184,#1185,#1186,#1187));
#303=EDGE_LOOP('',(#1188,#1189,#1190,#1191,#1192,#1193,#1194,#1195));
#304=EDGE_LOOP('',(#1196,#1197,#1198,#1199));
#305=EDGE_LOOP('',(#1200,#1201,#1202,#1203));
#306=EDGE_LOOP('',(#1204,#1205,#1206,#1207));
#307=EDGE_LOOP('',(#1208,#1209,#1210,#1211));
#308=EDGE_LOOP('',(#1212,#1213,#1214,#1215));
#309=EDGE_LOOP('',(#1216,#1217,#1218,#1219));
#310=EDGE_LOOP('',(#1220,#1221,#1222,#1223));
#311=EDGE_LOOP('',(#1224,#1225,#1226,#1227));
#312=EDGE_LOOP('',(#1228,#1229,#1230,#1231,#1232,#1233,#1234,#1235));
#313=EDGE_LOOP('',(#1236,#1237,#1238,#1239));
#314=EDGE_LOOP('',(#1240,#1241,#1242,#1243));
#315=EDGE_LOOP('',(#1244,#1245,#1246,#1247));
#316=EDGE_LOOP('',(#1248,#1249,#1250,#1251));
#317=EDGE_LOOP('',(#1252,#1253,#1254,#1255));
#318=EDGE_LOOP('',(#1256,#1257,#1258,#1259));
#319=EDGE_LOOP('',(#1260,#1261,#1262,#1263));
#320=EDGE_LOOP('',(#1264,#1265,#1266,#1267));
#321=EDGE_LOOP('',(#1268,#1269,#1270,#1271));
#322=EDGE_LOOP('',(#1272,#1273,#1274,#1275));
#323=EDGE_LOOP('',(#1276,#1277,#1278,#1279));
#324=EDGE_LOOP('',(#1280,#1281,#1282,#1283));
#325=EDGE_LOOP('',(#1284,#1285,#1286,#1287));
#326=EDGE_LOOP('',(#1288,#1289,#1290,#1291));
#327=EDGE_LOOP('',(#1292,#1293,#1294,#1295));
#328=EDGE_LOOP('',(#1296,#1297,#1298,#1299));
#329=EDGE_LOOP('',(#1300,#1301,#1302,#1303));
#330=EDGE_LOOP('',(#1304,#1305,#1306,#1307));
#331=EDGE_LOOP('',(#1308,#1309,#1310,#1311));
#332=EDGE_LOOP('',(#1312,#1313,#1314,#1315));
#333=EDGE_LOOP('',(#1316,#1317,#1318,#1319));
#334=EDGE_LOOP('',(#1320,#1321,#1322,#1323));
#335=EDGE_LOOP('',(#1324,#1325,#1326,#1327));
#336=EDGE_LOOP('',(#1328,#1329,#1330,#1331));
#337=EDGE_LOOP('',(#1332,#1333,#1334,#1335));
#338=EDGE_LOOP('',(#1336,#1337,#1338,#1339));
#339=EDGE_LOOP('',(#1340,#1341,#1342,#1343));
#340=EDGE_LOOP('',(#1344,#1345,#1346,#1347,#1348,#1349,#1350,#1351,#1352,
#1353,#1354,#1355,#1356,#1357,#1358,#1359,#1360,#1361));
#341=EDGE_LOOP('',(#1362,#1363,#1364,#1365,#1366,#1367,#1368,#1369,#1370));
#342=EDGE_LOOP('',(#1371,#1372,#1373,#1374,#1375,#1376,#1377,#1378,#1379));
#343=EDGE_LOOP('',(#1380,#1381,#1382,#1383,#1384,#1385,#1386,#1387));
#344=EDGE_LOOP('',(#1388,#1389,#1390,#1391));
#345=EDGE_LOOP('',(#1392,#1393,#1394,#1395));
#346=EDGE_LOOP('',(#1396,#1397,#1398,#1399));
#347=EDGE_LOOP('',(#1400,#1401,#1402,#1403,#1404,#1405,#1406,#1407));
#348=EDGE_LOOP('',(#1408,#1409,#1410,#1411,#1412,#1413,#1414,#1415));
#349=LINE('',#1773,#470);
#350=LINE('',#1775,#471);
#351=LINE('',#1777,#472);
#352=LINE('',#1778,#473);
#353=LINE('',#1781,#474);
#354=LINE('',#1783,#475);
#355=LINE('',#1784,#476);
#356=LINE('',#1787,#477);
#357=LINE('',#1791,#478);
#358=LINE('',#1793,#479);
#359=LINE('',#1795,#480);
#360=LINE('',#1796,#481);
#361=LINE('',#1895,#482);
#362=LINE('',#1897,#483);
#363=LINE('',#1899,#484);
#364=LINE('',#1901,#485);
#365=LINE('',#1909,#486);
#366=LINE('',#1923,#487);
#367=LINE('',#1925,#488);
#368=LINE('',#1927,#489);
#369=LINE('',#1929,#490);
#370=LINE('',#1973,#491);
#371=LINE('',#1975,#492);
#372=LINE('',#1977,#493);
#373=LINE('',#1996,#494);
#374=LINE('',#2000,#495);
#375=LINE('',#2001,#496);
#376=LINE('',#2002,#497);
#377=LINE('',#2005,#498);
#378=LINE('',#2006,#499);
#379=LINE('',#2008,#500);
#380=LINE('',#2027,#501);
#381=LINE('',#2034,#502);
#382=LINE('',#2052,#503);
#383=LINE('',#2075,#504);
#384=LINE('',#2098,#505);
#385=LINE('',#2121,#506);
#386=LINE('',#2144,#507);
#387=LINE('',#2167,#508);
#388=LINE('',#2211,#509);
#389=LINE('',#2218,#510);
#390=LINE('',#2236,#511);
#391=LINE('',#2259,#512);
#392=LINE('',#2282,#513);
#393=LINE('',#2305,#514);
#394=LINE('',#2328,#515);
#395=LINE('',#2351,#516);
#396=LINE('',#2388,#517);
#397=LINE('',#2395,#518);
#398=LINE('',#2407,#519);
#399=LINE('',#2424,#520);
#400=LINE('',#2441,#521);
#401=LINE('',#2458,#522);
#402=LINE('',#2475,#523);
#403=LINE('',#2492,#524);
#404=LINE('',#2509,#525);
#405=LINE('',#2526,#526);
#406=LINE('',#2543,#527);
#407=LINE('',#2560,#528);
#408=LINE('',#2577,#529);
#409=LINE('',#2594,#530);
#410=LINE('',#2611,#531);
#411=LINE('',#2628,#532);
#412=LINE('',#2652,#533);
#413=LINE('',#2654,#534);
#414=LINE('',#2655,#535);
#415=LINE('',#2667,#536);
#416=LINE('',#2684,#537);
#417=LINE('',#2692,#538);
#418=LINE('',#2693,#539);
#419=LINE('',#2705,#540);
#420=LINE('',#2713,#541);
#421=LINE('',#2714,#542);
#422=LINE('',#2717,#543);
#423=LINE('',#2718,#544);
#424=LINE('',#2720,#545);
#425=LINE('',#2725,#546);
#426=LINE('',#2727,#547);
#427=LINE('',#2729,#548);
#428=LINE('',#2730,#549);
#429=LINE('',#2748,#550);
#430=LINE('',#2771,#551);
#431=LINE('',#2794,#552);
#432=LINE('',#2817,#553);
#433=LINE('',#2840,#554);
#434=LINE('',#2863,#555);
#435=LINE('',#2871,#556);
#436=LINE('',#2873,#557);
#437=LINE('',#2874,#558);
#438=LINE('',#2876,#559);
#439=LINE('',#2877,#560);
#440=LINE('',#2880,#561);
#441=LINE('',#2882,#562);
#442=LINE('',#2883,#563);
#443=LINE('',#2886,#564);
#444=LINE('',#2887,#565);
#445=LINE('',#2899,#566);
#446=LINE('',#2916,#567);
#447=LINE('',#2933,#568);
#448=LINE('',#2941,#569);
#449=LINE('',#2942,#570);
#450=LINE('',#2945,#571);
#451=LINE('',#2946,#572);
#452=LINE('',#2949,#573);
#453=LINE('',#2950,#574);
#454=LINE('',#2962,#575);
#455=LINE('',#2979,#576);
#456=LINE('',#2996,#577);
#457=LINE('',#3013,#578);
#458=LINE('',#3030,#579);
#459=LINE('',#3047,#580);
#460=LINE('',#3064,#581);
#461=LINE('',#3072,#582);
#462=LINE('',#3073,#583);
#463=LINE('',#3076,#584);
#464=LINE('',#3077,#585);
#465=LINE('',#3079,#586);
#466=LINE('',#3085,#587);
#467=LINE('',#3088,#588);
#468=LINE('',#3090,#589);
#469=LINE('',#3092,#590);
#470=VECTOR('',#1582,10.);
#471=VECTOR('',#1583,10.);
#472=VECTOR('',#1584,10.);
#473=VECTOR('',#1585,10.);
#474=VECTOR('',#1588,10.);
#475=VECTOR('',#1589,10.);
#476=VECTOR('',#1590,10.);
#477=VECTOR('',#1593,10.);
#478=VECTOR('',#1596,10.);
#479=VECTOR('',#1597,10.);
#480=VECTOR('',#1598,10.);
#481=VECTOR('',#1599,10.);
#482=VECTOR('',#1600,10.);
#483=VECTOR('',#1601,10.);
#484=VECTOR('',#1602,10.);
#485=VECTOR('',#1603,10.);
#486=VECTOR('',#1604,10.);
#487=VECTOR('',#1605,10.);
#488=VECTOR('',#1606,10.);
#489=VECTOR('',#1607,10.);
#490=VECTOR('',#1608,10.);
#491=VECTOR('',#1609,10.);
#492=VECTOR('',#1610,10.);
#493=VECTOR('',#1611,10.);
#494=VECTOR('',#1612,10.);
#495=VECTOR('',#1615,10.);
#496=VECTOR('',#1616,10.);
#497=VECTOR('',#1617,10.);
#498=VECTOR('',#1620,10.);
#499=VECTOR('',#1621,10.);
#500=VECTOR('',#1624,10.);
#501=VECTOR('',#1625,10.);
#502=VECTOR('',#1626,10.);
#503=VECTOR('',#1627,10.);
#504=VECTOR('',#1628,10.);
#505=VECTOR('',#1629,10.);
#506=VECTOR('',#1630,10.);
#507=VECTOR('',#1631,10.);
#508=VECTOR('',#1632,10.);
#509=VECTOR('',#1633,10.);
#510=VECTOR('',#1634,10.);
#511=VECTOR('',#1635,10.);
#512=VECTOR('',#1636,10.);
#513=VECTOR('',#1637,10.);
#514=VECTOR('',#1638,10.);
#515=VECTOR('',#1639,10.);
#516=VECTOR('',#1640,10.);
#517=VECTOR('',#1641,10.);
#518=VECTOR('',#1642,10.);
#519=VECTOR('',#1643,10.);
#520=VECTOR('',#1644,10.);
#521=VECTOR('',#1645,10.);
#522=VECTOR('',#1646,10.);
#523=VECTOR('',#1647,10.);
#524=VECTOR('',#1648,10.);
#525=VECTOR('',#1649,10.);
#526=VECTOR('',#1650,10.);
#527=VECTOR('',#1651,10.);
#528=VECTOR('',#1652,10.);
#529=VECTOR('',#1653,10.);
#530=VECTOR('',#1654,10.);
#531=VECTOR('',#1655,10.);
#532=VECTOR('',#1656,10.);
#533=VECTOR('',#1661,10.);
#534=VECTOR('',#1662,10.);
#535=VECTOR('',#1663,10.);
#536=VECTOR('',#1664,10.);
#537=VECTOR('',#1665,10.);
#538=VECTOR('',#1668,10.);
#539=VECTOR('',#1669,10.);
#540=VECTOR('',#1670,10.);
#541=VECTOR('',#1673,10.);
#542=VECTOR('',#1674,10.);
#543=VECTOR('',#1677,10.);
#544=VECTOR('',#1678,10.);
#545=VECTOR('',#1681,10.);
#546=VECTOR('',#1686,10.);
#547=VECTOR('',#1687,10.);
#548=VECTOR('',#1688,10.);
#549=VECTOR('',#1689,10.);
#550=VECTOR('',#1690,10.);
#551=VECTOR('',#1691,10.);
#552=VECTOR('',#1692,10.);
#553=VECTOR('',#1693,10.);
#554=VECTOR('',#1694,10.);
#555=VECTOR('',#1695,10.);
#556=VECTOR('',#1698,10.);
#557=VECTOR('',#1699,10.);
#558=VECTOR('',#1700,10.);
#559=VECTOR('',#1703,10.);
#560=VECTOR('',#1704,10.);
#561=VECTOR('',#1707,10.);
#562=VECTOR('',#1708,10.);
#563=VECTOR('',#1709,10.);
#564=VECTOR('',#1712,10.);
#565=VECTOR('',#1713,10.);
#566=VECTOR('',#1714,10.);
#567=VECTOR('',#1715,10.);
#568=VECTOR('',#1716,10.);
#569=VECTOR('',#1719,10.);
#570=VECTOR('',#1720,10.);
#571=VECTOR('',#1723,10.);
#572=VECTOR('',#1724,10.);
#573=VECTOR('',#1727,10.);
#574=VECTOR('',#1728,10.);
#575=VECTOR('',#1729,10.);
#576=VECTOR('',#1730,10.);
#577=VECTOR('',#1731,10.);
#578=VECTOR('',#1732,10.);
#579=VECTOR('',#1733,10.);
#580=VECTOR('',#1734,10.);
#581=VECTOR('',#1735,10.);
#582=VECTOR('',#1738,10.);
#583=VECTOR('',#1739,10.);
#584=VECTOR('',#1742,10.);
#585=VECTOR('',#1743,10.);
#586=VECTOR('',#1746,10.);
#587=VECTOR('',#1755,10.);
#588=VECTOR('',#1758,10.);
#589=VECTOR('',#1761,10.);
#590=VECTOR('',#1764,10.);
#591=VERTEX_POINT('',#1771);
#592=VERTEX_POINT('',#1772);
#593=VERTEX_POINT('',#1774);
#594=VERTEX_POINT('',#1776);
#595=VERTEX_POINT('',#1780);
#596=VERTEX_POINT('',#1782);
#597=VERTEX_POINT('',#1786);
#598=VERTEX_POINT('',#1788);
#599=VERTEX_POINT('',#1790);
#600=VERTEX_POINT('',#1792);
#601=VERTEX_POINT('',#1794);
#602=VERTEX_POINT('',#1797);
#603=VERTEX_POINT('',#1798);
#604=VERTEX_POINT('',#1804);
#605=VERTEX_POINT('',#1810);
#606=VERTEX_POINT('',#1816);
#607=VERTEX_POINT('',#1822);
#608=VERTEX_POINT('',#1828);
#609=VERTEX_POINT('',#1834);
#610=VERTEX_POINT('',#1840);
#611=VERTEX_POINT('',#1846);
#612=VERTEX_POINT('',#1852);
#613=VERTEX_POINT('',#1858);
#614=VERTEX_POINT('',#1864);
#615=VERTEX_POINT('',#1870);
#616=VERTEX_POINT('',#1876);
#617=VERTEX_POINT('',#1882);
#618=VERTEX_POINT('',#1893);
#619=VERTEX_POINT('',#1894);
#620=VERTEX_POINT('',#1896);
#621=VERTEX_POINT('',#1898);
#622=VERTEX_POINT('',#1900);
#623=VERTEX_POINT('',#1902);
#624=VERTEX_POINT('',#1908);
#625=VERTEX_POINT('',#1910);
#626=VERTEX_POINT('',#1921);
#627=VERTEX_POINT('',#1922);
#628=VERTEX_POINT('',#1924);
#629=VERTEX_POINT('',#1926);
#630=VERTEX_POINT('',#1928);
#631=VERTEX_POINT('',#1930);
#632=VERTEX_POINT('',#1936);
#633=VERTEX_POINT('',#1942);
#634=VERTEX_POINT('',#1948);
#635=VERTEX_POINT('',#1954);
#636=VERTEX_POINT('',#1960);
#637=VERTEX_POINT('',#1966);
#638=VERTEX_POINT('',#1972);
#639=VERTEX_POINT('',#1974);
#640=VERTEX_POINT('',#1976);
#641=VERTEX_POINT('',#1978);
#642=VERTEX_POINT('',#1984);
#643=VERTEX_POINT('',#1990);
#644=VERTEX_POINT('',#1998);
#645=VERTEX_POINT('',#1999);
#646=VERTEX_POINT('',#2004);
#647=VERTEX_POINT('',#2019);
#648=VERTEX_POINT('',#2020);
#649=VERTEX_POINT('',#2026);
#650=VERTEX_POINT('',#2028);
#651=VERTEX_POINT('',#2045);
#652=VERTEX_POINT('',#2051);
#653=VERTEX_POINT('',#2068);
#654=VERTEX_POINT('',#2074);
#655=VERTEX_POINT('',#2091);
#656=VERTEX_POINT('',#2097);
#657=VERTEX_POINT('',#2114);
#658=VERTEX_POINT('',#2120);
#659=VERTEX_POINT('',#2137);
#660=VERTEX_POINT('',#2143);
#661=VERTEX_POINT('',#2160);
#662=VERTEX_POINT('',#2166);
#663=VERTEX_POINT('',#2203);
#664=VERTEX_POINT('',#2204);
#665=VERTEX_POINT('',#2210);
#666=VERTEX_POINT('',#2212);
#667=VERTEX_POINT('',#2229);
#668=VERTEX_POINT('',#2235);
#669=VERTEX_POINT('',#2252);
#670=VERTEX_POINT('',#2258);
#671=VERTEX_POINT('',#2275);
#672=VERTEX_POINT('',#2281);
#673=VERTEX_POINT('',#2298);
#674=VERTEX_POINT('',#2304);
#675=VERTEX_POINT('',#2321);
#676=VERTEX_POINT('',#2327);
#677=VERTEX_POINT('',#2344);
#678=VERTEX_POINT('',#2350);
#679=VERTEX_POINT('',#2387);
#680=VERTEX_POINT('',#2389);
#681=VERTEX_POINT('',#2406);
#682=VERTEX_POINT('',#2423);
#683=VERTEX_POINT('',#2440);
#684=VERTEX_POINT('',#2457);
#685=VERTEX_POINT('',#2474);
#686=VERTEX_POINT('',#2491);
#687=VERTEX_POINT('',#2508);
#688=VERTEX_POINT('',#2525);
#689=VERTEX_POINT('',#2542);
#690=VERTEX_POINT('',#2559);
#691=VERTEX_POINT('',#2576);
#692=VERTEX_POINT('',#2593);
#693=VERTEX_POINT('',#2610);
#694=VERTEX_POINT('',#2627);
#695=VERTEX_POINT('',#2651);
#696=VERTEX_POINT('',#2653);
#697=VERTEX_POINT('',#2666);
#698=VERTEX_POINT('',#2683);
#699=VERTEX_POINT('',#2691);
#700=VERTEX_POINT('',#2704);
#701=VERTEX_POINT('',#2712);
#702=VERTEX_POINT('',#2716);
#703=VERTEX_POINT('',#2723);
#704=VERTEX_POINT('',#2724);
#705=VERTEX_POINT('',#2726);
#706=VERTEX_POINT('',#2728);
#707=VERTEX_POINT('',#2741);
#708=VERTEX_POINT('',#2747);
#709=VERTEX_POINT('',#2764);
#710=VERTEX_POINT('',#2770);
#711=VERTEX_POINT('',#2787);
#712=VERTEX_POINT('',#2793);
#713=VERTEX_POINT('',#2810);
#714=VERTEX_POINT('',#2816);
#715=VERTEX_POINT('',#2833);
#716=VERTEX_POINT('',#2839);
#717=VERTEX_POINT('',#2856);
#718=VERTEX_POINT('',#2862);
#719=VERTEX_POINT('',#2870);
#720=VERTEX_POINT('',#2872);
#721=VERTEX_POINT('',#2879);
#722=VERTEX_POINT('',#2881);
#723=VERTEX_POINT('',#2885);
#724=VERTEX_POINT('',#2898);
#725=VERTEX_POINT('',#2915);
#726=VERTEX_POINT('',#2932);
#727=VERTEX_POINT('',#2940);
#728=VERTEX_POINT('',#2944);
#729=VERTEX_POINT('',#2948);
#730=VERTEX_POINT('',#2961);
#731=VERTEX_POINT('',#2978);
#732=VERTEX_POINT('',#2995);
#733=VERTEX_POINT('',#3012);
#734=VERTEX_POINT('',#3029);
#735=VERTEX_POINT('',#3046);
#736=VERTEX_POINT('',#3063);
#737=VERTEX_POINT('',#3071);
#738=VERTEX_POINT('',#3075);
#739=VERTEX_POINT('',#3084);
#740=VERTEX_POINT('',#3086);
#741=EDGE_CURVE('',#591,#592,#349,.T.);
#742=EDGE_CURVE('',#592,#593,#350,.T.);
#743=EDGE_CURVE('',#593,#594,#351,.T.);
#744=EDGE_CURVE('',#594,#591,#352,.T.);
#745=EDGE_CURVE('',#594,#595,#353,.T.);
#746=EDGE_CURVE('',#596,#595,#354,.T.);
#747=EDGE_CURVE('',#591,#596,#355,.T.);
#748=EDGE_CURVE('',#597,#593,#356,.T.);
#749=EDGE_CURVE('',#597,#598,#175,.T.);
#750=EDGE_CURVE('',#599,#598,#357,.T.);
#751=EDGE_CURVE('',#600,#599,#358,.T.);
#752=EDGE_CURVE('',#601,#600,#359,.T.);
#753=EDGE_CURVE('',#595,#601,#360,.T.);
#754=EDGE_CURVE('',#602,#603,#73,.T.);
#755=EDGE_CURVE('',#603,#604,#74,.T.);
#756=EDGE_CURVE('',#604,#605,#75,.T.);
#757=EDGE_CURVE('',#605,#606,#76,.T.);
#758=EDGE_CURVE('',#606,#607,#77,.T.);
#759=EDGE_CURVE('',#607,#608,#78,.T.);
#760=EDGE_CURVE('',#608,#609,#79,.T.);
#761=EDGE_CURVE('',#609,#610,#80,.T.);
#762=EDGE_CURVE('',#610,#611,#81,.T.);
#763=EDGE_CURVE('',#611,#612,#82,.T.);
#764=EDGE_CURVE('',#612,#613,#83,.T.);
#765=EDGE_CURVE('',#613,#614,#84,.T.);
#766=EDGE_CURVE('',#614,#615,#85,.T.);
#767=EDGE_CURVE('',#615,#616,#86,.T.);
#768=EDGE_CURVE('',#616,#617,#87,.T.);
#769=EDGE_CURVE('',#617,#602,#88,.T.);
#770=EDGE_CURVE('',#618,#619,#361,.T.);
#771=EDGE_CURVE('',#619,#620,#362,.T.);
#772=EDGE_CURVE('',#620,#621,#363,.T.);
#773=EDGE_CURVE('',#621,#622,#364,.T.);
#774=EDGE_CURVE('',#622,#623,#89,.T.);
#775=EDGE_CURVE('',#623,#624,#365,.T.);
#776=EDGE_CURVE('',#624,#625,#90,.T.);
#777=EDGE_CURVE('',#625,#618,#91,.T.);
#778=EDGE_CURVE('',#626,#627,#366,.T.);
#779=EDGE_CURVE('',#627,#628,#367,.T.);
#780=EDGE_CURVE('',#628,#629,#368,.T.);
#781=EDGE_CURVE('',#629,#630,#369,.T.);
#782=EDGE_CURVE('',#630,#631,#92,.T.);
#783=EDGE_CURVE('',#631,#632,#93,.T.);
#784=EDGE_CURVE('',#632,#633,#94,.T.);
#785=EDGE_CURVE('',#633,#634,#95,.T.);
#786=EDGE_CURVE('',#634,#635,#96,.T.);
#787=EDGE_CURVE('',#635,#636,#97,.T.);
#788=EDGE_CURVE('',#636,#637,#98,.T.);
#789=EDGE_CURVE('',#637,#638,#370,.T.);
#790=EDGE_CURVE('',#638,#639,#371,.T.);
#791=EDGE_CURVE('',#639,#640,#372,.T.);
#792=EDGE_CURVE('',#640,#641,#99,.T.);
#793=EDGE_CURVE('',#641,#642,#100,.T.);
#794=EDGE_CURVE('',#642,#643,#101,.T.);
#795=EDGE_CURVE('',#643,#626,#373,.T.);
#796=EDGE_CURVE('',#644,#645,#374,.T.);
#797=EDGE_CURVE('',#645,#600,#375,.T.);
#798=EDGE_CURVE('',#599,#644,#376,.T.);
#799=EDGE_CURVE('',#646,#645,#377,.T.);
#800=EDGE_CURVE('',#601,#646,#378,.T.);
#801=EDGE_CURVE('',#646,#596,#379,.T.);
#802=EDGE_CURVE('',#647,#648,#102,.T.);
#803=EDGE_CURVE('',#647,#649,#380,.T.);
#804=EDGE_CURVE('',#649,#650,#103,.T.);
#805=EDGE_CURVE('',#648,#650,#381,.T.);
#806=EDGE_CURVE('',#651,#647,#104,.T.);
#807=EDGE_CURVE('',#651,#652,#382,.T.);
#808=EDGE_CURVE('',#652,#649,#105,.T.);
#809=EDGE_CURVE('',#653,#651,#106,.T.);
#810=EDGE_CURVE('',#653,#654,#383,.T.);
#811=EDGE_CURVE('',#654,#652,#107,.T.);
#812=EDGE_CURVE('',#655,#653,#108,.T.);
#813=EDGE_CURVE('',#655,#656,#384,.T.);
#814=EDGE_CURVE('',#656,#654,#109,.T.);
#815=EDGE_CURVE('',#657,#655,#110,.T.);
#816=EDGE_CURVE('',#657,#658,#385,.T.);
#817=EDGE_CURVE('',#658,#656,#111,.T.);
#818=EDGE_CURVE('',#659,#657,#112,.T.);
#819=EDGE_CURVE('',#659,#660,#386,.T.);
#820=EDGE_CURVE('',#660,#658,#113,.T.);
#821=EDGE_CURVE('',#661,#659,#114,.T.);
#822=EDGE_CURVE('',#661,#662,#387,.T.);
#823=EDGE_CURVE('',#662,#660,#115,.T.);
#824=EDGE_CURVE('',#648,#661,#116,.T.);
#825=EDGE_CURVE('',#650,#662,#117,.T.);
#826=EDGE_CURVE('',#663,#664,#118,.T.);
#827=EDGE_CURVE('',#663,#665,#388,.T.);
#828=EDGE_CURVE('',#665,#666,#119,.T.);
#829=EDGE_CURVE('',#664,#666,#389,.T.);
#830=EDGE_CURVE('',#667,#663,#120,.T.);
#831=EDGE_CURVE('',#667,#668,#390,.T.);
#832=EDGE_CURVE('',#668,#665,#121,.T.);
#833=EDGE_CURVE('',#669,#667,#122,.T.);
#834=EDGE_CURVE('',#669,#670,#391,.T.);
#835=EDGE_CURVE('',#670,#668,#123,.T.);
#836=EDGE_CURVE('',#671,#669,#124,.T.);
#837=EDGE_CURVE('',#671,#672,#392,.T.);
#838=EDGE_CURVE('',#672,#670,#125,.T.);
#839=EDGE_CURVE('',#673,#671,#126,.T.);
#840=EDGE_CURVE('',#673,#674,#393,.T.);
#841=EDGE_CURVE('',#674,#672,#127,.T.);
#842=EDGE_CURVE('',#675,#673,#128,.T.);
#843=EDGE_CURVE('',#675,#676,#394,.T.);
#844=EDGE_CURVE('',#676,#674,#129,.T.);
#845=EDGE_CURVE('',#677,#675,#130,.T.);
#846=EDGE_CURVE('',#677,#678,#395,.T.);
#847=EDGE_CURVE('',#678,#676,#131,.T.);
#848=EDGE_CURVE('',#664,#677,#132,.T.);
#849=EDGE_CURVE('',#666,#678,#133,.T.);
#850=EDGE_CURVE('',#602,#679,#396,.T.);
#851=EDGE_CURVE('',#679,#680,#134,.T.);
#852=EDGE_CURVE('',#603,#680,#397,.T.);
#853=EDGE_CURVE('',#617,#681,#398,.T.);
#854=EDGE_CURVE('',#681,#679,#135,.T.);
#855=EDGE_CURVE('',#616,#682,#399,.T.);
#856=EDGE_CURVE('',#682,#681,#136,.T.);
#857=EDGE_CURVE('',#615,#683,#400,.T.);
#858=EDGE_CURVE('',#683,#682,#137,.T.);
#859=EDGE_CURVE('',#614,#684,#401,.T.);
#860=EDGE_CURVE('',#684,#683,#138,.T.);
#861=EDGE_CURVE('',#613,#685,#402,.T.);
#862=EDGE_CURVE('',#685,#684,#139,.T.);
#863=EDGE_CURVE('',#612,#686,#403,.T.);
#864=EDGE_CURVE('',#686,#685,#140,.T.);
#865=EDGE_CURVE('',#611,#687,#404,.T.);
#866=EDGE_CURVE('',#687,#686,#141,.T.);
#867=EDGE_CURVE('',#610,#688,#405,.T.);
#868=EDGE_CURVE('',#688,#687,#142,.T.);
#869=EDGE_CURVE('',#609,#689,#406,.T.);
#870=EDGE_CURVE('',#689,#688,#143,.T.);
#871=EDGE_CURVE('',#608,#690,#407,.T.);
#872=EDGE_CURVE('',#690,#689,#144,.T.);
#873=EDGE_CURVE('',#607,#691,#408,.T.);
#874=EDGE_CURVE('',#691,#690,#145,.T.);
#875=EDGE_CURVE('',#606,#692,#409,.T.);
#876=EDGE_CURVE('',#692,#691,#146,.T.);
#877=EDGE_CURVE('',#605,#693,#410,.T.);
#878=EDGE_CURVE('',#693,#692,#147,.T.);
#879=EDGE_CURVE('',#604,#694,#411,.T.);
#880=EDGE_CURVE('',#694,#693,#148,.T.);
#881=EDGE_CURVE('',#680,#694,#149,.T.);
#882=EDGE_CURVE('',#618,#695,#412,.T.);
#883=EDGE_CURVE('',#695,#696,#413,.T.);
#884=EDGE_CURVE('',#619,#696,#414,.T.);
#885=EDGE_CURVE('',#625,#697,#415,.T.);
#886=EDGE_CURVE('',#697,#695,#150,.T.);
#887=EDGE_CURVE('',#624,#698,#416,.T.);
#888=EDGE_CURVE('',#698,#697,#151,.T.);
#889=EDGE_CURVE('',#623,#699,#417,.T.);
#890=EDGE_CURVE('',#699,#698,#418,.T.);
#891=EDGE_CURVE('',#622,#700,#419,.T.);
#892=EDGE_CURVE('',#700,#699,#152,.T.);
#893=EDGE_CURVE('',#621,#701,#420,.T.);
#894=EDGE_CURVE('',#701,#700,#421,.T.);
#895=EDGE_CURVE('',#620,#702,#422,.T.);
#896=EDGE_CURVE('',#702,#701,#423,.T.);
#897=EDGE_CURVE('',#696,#702,#424,.T.);
#898=EDGE_CURVE('',#703,#704,#425,.T.);
#899=EDGE_CURVE('',#703,#705,#426,.T.);
#900=EDGE_CURVE('',#705,#706,#427,.T.);
#901=EDGE_CURVE('',#704,#706,#428,.T.);
#902=EDGE_CURVE('',#707,#703,#153,.T.);
#903=EDGE_CURVE('',#707,#708,#429,.T.);
#904=EDGE_CURVE('',#708,#705,#154,.T.);
#905=EDGE_CURVE('',#709,#707,#155,.T.);
#906=EDGE_CURVE('',#709,#710,#430,.T.);
#907=EDGE_CURVE('',#710,#708,#156,.T.);
#908=EDGE_CURVE('',#711,#709,#157,.T.);
#909=EDGE_CURVE('',#711,#712,#431,.T.);
#910=EDGE_CURVE('',#712,#710,#158,.T.);
#911=EDGE_CURVE('',#713,#711,#159,.T.);
#912=EDGE_CURVE('',#713,#714,#432,.T.);
#913=EDGE_CURVE('',#714,#712,#160,.T.);
#914=EDGE_CURVE('',#715,#713,#161,.T.);
#915=EDGE_CURVE('',#715,#716,#433,.T.);
#916=EDGE_CURVE('',#716,#714,#162,.T.);
#917=EDGE_CURVE('',#717,#715,#163,.T.);
#918=EDGE_CURVE('',#717,#718,#434,.T.);
#919=EDGE_CURVE('',#718,#716,#164,.T.);
#920=EDGE_CURVE('',#719,#717,#435,.T.);
#921=EDGE_CURVE('',#719,#720,#436,.T.);
#922=EDGE_CURVE('',#720,#718,#437,.T.);
#923=EDGE_CURVE('',#704,#719,#438,.T.);
#924=EDGE_CURVE('',#706,#720,#439,.T.);
#925=EDGE_CURVE('',#626,#721,#440,.T.);
#926=EDGE_CURVE('',#721,#722,#441,.T.);
#927=EDGE_CURVE('',#627,#722,#442,.T.);
#928=EDGE_CURVE('',#643,#723,#443,.T.);
#929=EDGE_CURVE('',#723,#721,#444,.T.);
#930=EDGE_CURVE('',#642,#724,#445,.T.);
#931=EDGE_CURVE('',#724,#723,#165,.T.);
#932=EDGE_CURVE('',#641,#725,#446,.T.);
#933=EDGE_CURVE('',#725,#724,#166,.T.);
#934=EDGE_CURVE('',#640,#726,#447,.T.);
#935=EDGE_CURVE('',#726,#725,#167,.T.);
#936=EDGE_CURVE('',#639,#727,#448,.T.);
#937=EDGE_CURVE('',#727,#726,#449,.T.);
#938=EDGE_CURVE('',#638,#728,#450,.T.);
#939=EDGE_CURVE('',#728,#727,#451,.T.);
#940=EDGE_CURVE('',#637,#729,#452,.T.);
#941=EDGE_CURVE('',#729,#728,#453,.T.);
#942=EDGE_CURVE('',#636,#730,#454,.T.);
#943=EDGE_CURVE('',#730,#729,#168,.T.);
#944=EDGE_CURVE('',#635,#731,#455,.T.);
#945=EDGE_CURVE('',#731,#730,#169,.T.);
#946=EDGE_CURVE('',#634,#732,#456,.T.);
#947=EDGE_CURVE('',#732,#731,#170,.T.);
#948=EDGE_CURVE('',#633,#733,#457,.T.);
#949=EDGE_CURVE('',#733,#732,#171,.T.);
#950=EDGE_CURVE('',#632,#734,#458,.T.);
#951=EDGE_CURVE('',#734,#733,#172,.T.);
#952=EDGE_CURVE('',#631,#735,#459,.T.);
#953=EDGE_CURVE('',#735,#734,#173,.T.);
#954=EDGE_CURVE('',#630,#736,#460,.T.);
#955=EDGE_CURVE('',#736,#735,#174,.T.);
#956=EDGE_CURVE('',#629,#737,#461,.T.);
#957=EDGE_CURVE('',#737,#736,#462,.T.);
#958=EDGE_CURVE('',#628,#738,#463,.T.);
#959=EDGE_CURVE('',#738,#737,#464,.T.);
#960=EDGE_CURVE('',#722,#738,#465,.T.);
#961=EDGE_CURVE('',#597,#739,#466,.T.);
#962=EDGE_CURVE('',#740,#739,#176,.T.);
#963=EDGE_CURVE('',#598,#740,#467,.T.);
#964=EDGE_CURVE('',#644,#740,#468,.T.);
#965=EDGE_CURVE('',#739,#592,#469,.T.);
#966=ORIENTED_EDGE('',*,*,#741,.T.);
#967=ORIENTED_EDGE('',*,*,#742,.T.);
#968=ORIENTED_EDGE('',*,*,#743,.T.);
#969=ORIENTED_EDGE('',*,*,#744,.T.);
#970=ORIENTED_EDGE('',*,*,#744,.F.);
#971=ORIENTED_EDGE('',*,*,#745,.T.);
#972=ORIENTED_EDGE('',*,*,#746,.F.);
#973=ORIENTED_EDGE('',*,*,#747,.F.);
#974=ORIENTED_EDGE('',*,*,#743,.F.);
#975=ORIENTED_EDGE('',*,*,#748,.F.);
#976=ORIENTED_EDGE('',*,*,#749,.T.);
#977=ORIENTED_EDGE('',*,*,#750,.F.);
#978=ORIENTED_EDGE('',*,*,#751,.F.);
#979=ORIENTED_EDGE('',*,*,#752,.F.);
#980=ORIENTED_EDGE('',*,*,#753,.F.);
#981=ORIENTED_EDGE('',*,*,#745,.F.);
#982=ORIENTED_EDGE('',*,*,#754,.T.);
#983=ORIENTED_EDGE('',*,*,#755,.T.);
#984=ORIENTED_EDGE('',*,*,#756,.T.);
#985=ORIENTED_EDGE('',*,*,#757,.T.);
#986=ORIENTED_EDGE('',*,*,#758,.T.);
#987=ORIENTED_EDGE('',*,*,#759,.T.);
#988=ORIENTED_EDGE('',*,*,#760,.T.);
#989=ORIENTED_EDGE('',*,*,#761,.T.);
#990=ORIENTED_EDGE('',*,*,#762,.T.);
#991=ORIENTED_EDGE('',*,*,#763,.T.);
#992=ORIENTED_EDGE('',*,*,#764,.T.);
#993=ORIENTED_EDGE('',*,*,#765,.T.);
#994=ORIENTED_EDGE('',*,*,#766,.T.);
#995=ORIENTED_EDGE('',*,*,#767,.T.);
#996=ORIENTED_EDGE('',*,*,#768,.T.);
#997=ORIENTED_EDGE('',*,*,#769,.T.);
#998=ORIENTED_EDGE('',*,*,#770,.T.);
#999=ORIENTED_EDGE('',*,*,#771,.T.);
#1000=ORIENTED_EDGE('',*,*,#772,.T.);
#1001=ORIENTED_EDGE('',*,*,#773,.T.);
#1002=ORIENTED_EDGE('',*,*,#774,.T.);
#1003=ORIENTED_EDGE('',*,*,#775,.T.);
#1004=ORIENTED_EDGE('',*,*,#776,.T.);
#1005=ORIENTED_EDGE('',*,*,#777,.T.);
#1006=ORIENTED_EDGE('',*,*,#778,.T.);
#1007=ORIENTED_EDGE('',*,*,#779,.T.);
#1008=ORIENTED_EDGE('',*,*,#780,.T.);
#1009=ORIENTED_EDGE('',*,*,#781,.T.);
#1010=ORIENTED_EDGE('',*,*,#782,.T.);
#1011=ORIENTED_EDGE('',*,*,#783,.T.);
#1012=ORIENTED_EDGE('',*,*,#784,.T.);
#1013=ORIENTED_EDGE('',*,*,#785,.T.);
#1014=ORIENTED_EDGE('',*,*,#786,.T.);
#1015=ORIENTED_EDGE('',*,*,#787,.T.);
#1016=ORIENTED_EDGE('',*,*,#788,.T.);
#1017=ORIENTED_EDGE('',*,*,#789,.T.);
#1018=ORIENTED_EDGE('',*,*,#790,.T.);
#1019=ORIENTED_EDGE('',*,*,#791,.T.);
#1020=ORIENTED_EDGE('',*,*,#792,.T.);
#1021=ORIENTED_EDGE('',*,*,#793,.T.);
#1022=ORIENTED_EDGE('',*,*,#794,.T.);
#1023=ORIENTED_EDGE('',*,*,#795,.T.);
#1024=ORIENTED_EDGE('',*,*,#796,.T.);
#1025=ORIENTED_EDGE('',*,*,#797,.T.);
#1026=ORIENTED_EDGE('',*,*,#751,.T.);
#1027=ORIENTED_EDGE('',*,*,#798,.T.);
#1028=ORIENTED_EDGE('',*,*,#797,.F.);
#1029=ORIENTED_EDGE('',*,*,#799,.F.);
#1030=ORIENTED_EDGE('',*,*,#800,.F.);
#1031=ORIENTED_EDGE('',*,*,#752,.T.);
#1032=ORIENTED_EDGE('',*,*,#801,.T.);
#1033=ORIENTED_EDGE('',*,*,#746,.T.);
#1034=ORIENTED_EDGE('',*,*,#753,.T.);
#1035=ORIENTED_EDGE('',*,*,#800,.T.);
#1036=ORIENTED_EDGE('',*,*,#802,.F.);
#1037=ORIENTED_EDGE('',*,*,#803,.T.);
#1038=ORIENTED_EDGE('',*,*,#804,.T.);
#1039=ORIENTED_EDGE('',*,*,#805,.F.);
#1040=ORIENTED_EDGE('',*,*,#806,.F.);
#1041=ORIENTED_EDGE('',*,*,#807,.T.);
#1042=ORIENTED_EDGE('',*,*,#808,.T.);
#1043=ORIENTED_EDGE('',*,*,#803,.F.);
#1044=ORIENTED_EDGE('',*,*,#809,.F.);
#1045=ORIENTED_EDGE('',*,*,#810,.T.);
#1046=ORIENTED_EDGE('',*,*,#811,.T.);
#1047=ORIENTED_EDGE('',*,*,#807,.F.);
#1048=ORIENTED_EDGE('',*,*,#812,.F.);
#1049=ORIENTED_EDGE('',*,*,#813,.T.);
#1050=ORIENTED_EDGE('',*,*,#814,.T.);
#1051=ORIENTED_EDGE('',*,*,#810,.F.);
#1052=ORIENTED_EDGE('',*,*,#815,.F.);
#1053=ORIENTED_EDGE('',*,*,#816,.T.);
#1054=ORIENTED_EDGE('',*,*,#817,.T.);
#1055=ORIENTED_EDGE('',*,*,#813,.F.);
#1056=ORIENTED_EDGE('',*,*,#818,.F.);
#1057=ORIENTED_EDGE('',*,*,#819,.T.);
#1058=ORIENTED_EDGE('',*,*,#820,.T.);
#1059=ORIENTED_EDGE('',*,*,#816,.F.);
#1060=ORIENTED_EDGE('',*,*,#821,.F.);
#1061=ORIENTED_EDGE('',*,*,#822,.T.);
#1062=ORIENTED_EDGE('',*,*,#823,.T.);
#1063=ORIENTED_EDGE('',*,*,#819,.F.);
#1064=ORIENTED_EDGE('',*,*,#824,.F.);
#1065=ORIENTED_EDGE('',*,*,#805,.T.);
#1066=ORIENTED_EDGE('',*,*,#825,.T.);
#1067=ORIENTED_EDGE('',*,*,#822,.F.);
#1068=ORIENTED_EDGE('',*,*,#826,.F.);
#1069=ORIENTED_EDGE('',*,*,#827,.T.);
#1070=ORIENTED_EDGE('',*,*,#828,.T.);
#1071=ORIENTED_EDGE('',*,*,#829,.F.);
#1072=ORIENTED_EDGE('',*,*,#830,.F.);
#1073=ORIENTED_EDGE('',*,*,#831,.T.);
#1074=ORIENTED_EDGE('',*,*,#832,.T.);
#1075=ORIENTED_EDGE('',*,*,#827,.F.);
#1076=ORIENTED_EDGE('',*,*,#833,.F.);
#1077=ORIENTED_EDGE('',*,*,#834,.T.);
#1078=ORIENTED_EDGE('',*,*,#835,.T.);
#1079=ORIENTED_EDGE('',*,*,#831,.F.);
#1080=ORIENTED_EDGE('',*,*,#836,.F.);
#1081=ORIENTED_EDGE('',*,*,#837,.T.);
#1082=ORIENTED_EDGE('',*,*,#838,.T.);
#1083=ORIENTED_EDGE('',*,*,#834,.F.);
#1084=ORIENTED_EDGE('',*,*,#839,.F.);
#1085=ORIENTED_EDGE('',*,*,#840,.T.);
#1086=ORIENTED_EDGE('',*,*,#841,.T.);
#1087=ORIENTED_EDGE('',*,*,#837,.F.);
#1088=ORIENTED_EDGE('',*,*,#842,.F.);
#1089=ORIENTED_EDGE('',*,*,#843,.T.);
#1090=ORIENTED_EDGE('',*,*,#844,.T.);
#1091=ORIENTED_EDGE('',*,*,#840,.F.);
#1092=ORIENTED_EDGE('',*,*,#845,.F.);
#1093=ORIENTED_EDGE('',*,*,#846,.T.);
#1094=ORIENTED_EDGE('',*,*,#847,.T.);
#1095=ORIENTED_EDGE('',*,*,#843,.F.);
#1096=ORIENTED_EDGE('',*,*,#848,.F.);
#1097=ORIENTED_EDGE('',*,*,#829,.T.);
#1098=ORIENTED_EDGE('',*,*,#849,.T.);
#1099=ORIENTED_EDGE('',*,*,#846,.F.);
#1100=ORIENTED_EDGE('',*,*,#754,.F.);
#1101=ORIENTED_EDGE('',*,*,#850,.T.);
#1102=ORIENTED_EDGE('',*,*,#851,.T.);
#1103=ORIENTED_EDGE('',*,*,#852,.F.);
#1104=ORIENTED_EDGE('',*,*,#769,.F.);
#1105=ORIENTED_EDGE('',*,*,#853,.T.);
#1106=ORIENTED_EDGE('',*,*,#854,.T.);
#1107=ORIENTED_EDGE('',*,*,#850,.F.);
#1108=ORIENTED_EDGE('',*,*,#768,.F.);
#1109=ORIENTED_EDGE('',*,*,#855,.T.);
#1110=ORIENTED_EDGE('',*,*,#856,.T.);
#1111=ORIENTED_EDGE('',*,*,#853,.F.);
#1112=ORIENTED_EDGE('',*,*,#767,.F.);
#1113=ORIENTED_EDGE('',*,*,#857,.T.);
#1114=ORIENTED_EDGE('',*,*,#858,.T.);
#1115=ORIENTED_EDGE('',*,*,#855,.F.);
#1116=ORIENTED_EDGE('',*,*,#766,.F.);
#1117=ORIENTED_EDGE('',*,*,#859,.T.);
#1118=ORIENTED_EDGE('',*,*,#860,.T.);
#1119=ORIENTED_EDGE('',*,*,#857,.F.);
#1120=ORIENTED_EDGE('',*,*,#765,.F.);
#1121=ORIENTED_EDGE('',*,*,#861,.T.);
#1122=ORIENTED_EDGE('',*,*,#862,.T.);
#1123=ORIENTED_EDGE('',*,*,#859,.F.);
#1124=ORIENTED_EDGE('',*,*,#764,.F.);
#1125=ORIENTED_EDGE('',*,*,#863,.T.);
#1126=ORIENTED_EDGE('',*,*,#864,.T.);
#1127=ORIENTED_EDGE('',*,*,#861,.F.);
#1128=ORIENTED_EDGE('',*,*,#763,.F.);
#1129=ORIENTED_EDGE('',*,*,#865,.T.);
#1130=ORIENTED_EDGE('',*,*,#866,.T.);
#1131=ORIENTED_EDGE('',*,*,#863,.F.);
#1132=ORIENTED_EDGE('',*,*,#762,.F.);
#1133=ORIENTED_EDGE('',*,*,#867,.T.);
#1134=ORIENTED_EDGE('',*,*,#868,.T.);
#1135=ORIENTED_EDGE('',*,*,#865,.F.);
#1136=ORIENTED_EDGE('',*,*,#761,.F.);
#1137=ORIENTED_EDGE('',*,*,#869,.T.);
#1138=ORIENTED_EDGE('',*,*,#870,.T.);
#1139=ORIENTED_EDGE('',*,*,#867,.F.);
#1140=ORIENTED_EDGE('',*,*,#760,.F.);
#1141=ORIENTED_EDGE('',*,*,#871,.T.);
#1142=ORIENTED_EDGE('',*,*,#872,.T.);
#1143=ORIENTED_EDGE('',*,*,#869,.F.);
#1144=ORIENTED_EDGE('',*,*,#759,.F.);
#1145=ORIENTED_EDGE('',*,*,#873,.T.);
#1146=ORIENTED_EDGE('',*,*,#874,.T.);
#1147=ORIENTED_EDGE('',*,*,#871,.F.);
#1148=ORIENTED_EDGE('',*,*,#758,.F.);
#1149=ORIENTED_EDGE('',*,*,#875,.T.);
#1150=ORIENTED_EDGE('',*,*,#876,.T.);
#1151=ORIENTED_EDGE('',*,*,#873,.F.);
#1152=ORIENTED_EDGE('',*,*,#757,.F.);
#1153=ORIENTED_EDGE('',*,*,#877,.T.);
#1154=ORIENTED_EDGE('',*,*,#878,.T.);
#1155=ORIENTED_EDGE('',*,*,#875,.F.);
#1156=ORIENTED_EDGE('',*,*,#756,.F.);
#1157=ORIENTED_EDGE('',*,*,#879,.T.);
#1158=ORIENTED_EDGE('',*,*,#880,.T.);
#1159=ORIENTED_EDGE('',*,*,#877,.F.);
#1160=ORIENTED_EDGE('',*,*,#755,.F.);
#1161=ORIENTED_EDGE('',*,*,#852,.T.);
#1162=ORIENTED_EDGE('',*,*,#881,.T.);
#1163=ORIENTED_EDGE('',*,*,#879,.F.);
#1164=ORIENTED_EDGE('',*,*,#881,.F.);
#1165=ORIENTED_EDGE('',*,*,#851,.F.);
#1166=ORIENTED_EDGE('',*,*,#854,.F.);
#1167=ORIENTED_EDGE('',*,*,#856,.F.);
#1168=ORIENTED_EDGE('',*,*,#858,.F.);
#1169=ORIENTED_EDGE('',*,*,#860,.F.);
#1170=ORIENTED_EDGE('',*,*,#862,.F.);
#1171=ORIENTED_EDGE('',*,*,#864,.F.);
#1172=ORIENTED_EDGE('',*,*,#866,.F.);
#1173=ORIENTED_EDGE('',*,*,#868,.F.);
#1174=ORIENTED_EDGE('',*,*,#870,.F.);
#1175=ORIENTED_EDGE('',*,*,#872,.F.);
#1176=ORIENTED_EDGE('',*,*,#874,.F.);
#1177=ORIENTED_EDGE('',*,*,#876,.F.);
#1178=ORIENTED_EDGE('',*,*,#878,.F.);
#1179=ORIENTED_EDGE('',*,*,#880,.F.);
#1180=ORIENTED_EDGE('',*,*,#849,.F.);
#1181=ORIENTED_EDGE('',*,*,#828,.F.);
#1182=ORIENTED_EDGE('',*,*,#832,.F.);
#1183=ORIENTED_EDGE('',*,*,#835,.F.);
#1184=ORIENTED_EDGE('',*,*,#838,.F.);
#1185=ORIENTED_EDGE('',*,*,#841,.F.);
#1186=ORIENTED_EDGE('',*,*,#844,.F.);
#1187=ORIENTED_EDGE('',*,*,#847,.F.);
#1188=ORIENTED_EDGE('',*,*,#825,.F.);
#1189=ORIENTED_EDGE('',*,*,#804,.F.);
#1190=ORIENTED_EDGE('',*,*,#808,.F.);
#1191=ORIENTED_EDGE('',*,*,#811,.F.);
#1192=ORIENTED_EDGE('',*,*,#814,.F.);
#1193=ORIENTED_EDGE('',*,*,#817,.F.);
#1194=ORIENTED_EDGE('',*,*,#820,.F.);
#1195=ORIENTED_EDGE('',*,*,#823,.F.);
#1196=ORIENTED_EDGE('',*,*,#770,.F.);
#1197=ORIENTED_EDGE('',*,*,#882,.T.);
#1198=ORIENTED_EDGE('',*,*,#883,.T.);
#1199=ORIENTED_EDGE('',*,*,#884,.F.);
#1200=ORIENTED_EDGE('',*,*,#777,.F.);
#1201=ORIENTED_EDGE('',*,*,#885,.T.);
#1202=ORIENTED_EDGE('',*,*,#886,.T.);
#1203=ORIENTED_EDGE('',*,*,#882,.F.);
#1204=ORIENTED_EDGE('',*,*,#776,.F.);
#1205=ORIENTED_EDGE('',*,*,#887,.T.);
#1206=ORIENTED_EDGE('',*,*,#888,.T.);
#1207=ORIENTED_EDGE('',*,*,#885,.F.);
#1208=ORIENTED_EDGE('',*,*,#775,.F.);
#1209=ORIENTED_EDGE('',*,*,#889,.T.);
#1210=ORIENTED_EDGE('',*,*,#890,.T.);
#1211=ORIENTED_EDGE('',*,*,#887,.F.);
#1212=ORIENTED_EDGE('',*,*,#774,.F.);
#1213=ORIENTED_EDGE('',*,*,#891,.T.);
#1214=ORIENTED_EDGE('',*,*,#892,.T.);
#1215=ORIENTED_EDGE('',*,*,#889,.F.);
#1216=ORIENTED_EDGE('',*,*,#773,.F.);
#1217=ORIENTED_EDGE('',*,*,#893,.T.);
#1218=ORIENTED_EDGE('',*,*,#894,.T.);
#1219=ORIENTED_EDGE('',*,*,#891,.F.);
#1220=ORIENTED_EDGE('',*,*,#772,.F.);
#1221=ORIENTED_EDGE('',*,*,#895,.T.);
#1222=ORIENTED_EDGE('',*,*,#896,.T.);
#1223=ORIENTED_EDGE('',*,*,#893,.F.);
#1224=ORIENTED_EDGE('',*,*,#771,.F.);
#1225=ORIENTED_EDGE('',*,*,#884,.T.);
#1226=ORIENTED_EDGE('',*,*,#897,.T.);
#1227=ORIENTED_EDGE('',*,*,#895,.F.);
#1228=ORIENTED_EDGE('',*,*,#897,.F.);
#1229=ORIENTED_EDGE('',*,*,#883,.F.);
#1230=ORIENTED_EDGE('',*,*,#886,.F.);
#1231=ORIENTED_EDGE('',*,*,#888,.F.);
#1232=ORIENTED_EDGE('',*,*,#890,.F.);
#1233=ORIENTED_EDGE('',*,*,#892,.F.);
#1234=ORIENTED_EDGE('',*,*,#894,.F.);
#1235=ORIENTED_EDGE('',*,*,#896,.F.);
#1236=ORIENTED_EDGE('',*,*,#898,.F.);
#1237=ORIENTED_EDGE('',*,*,#899,.T.);
#1238=ORIENTED_EDGE('',*,*,#900,.T.);
#1239=ORIENTED_EDGE('',*,*,#901,.F.);
#1240=ORIENTED_EDGE('',*,*,#902,.F.);
#1241=ORIENTED_EDGE('',*,*,#903,.T.);
#1242=ORIENTED_EDGE('',*,*,#904,.T.);
#1243=ORIENTED_EDGE('',*,*,#899,.F.);
#1244=ORIENTED_EDGE('',*,*,#905,.F.);
#1245=ORIENTED_EDGE('',*,*,#906,.T.);
#1246=ORIENTED_EDGE('',*,*,#907,.T.);
#1247=ORIENTED_EDGE('',*,*,#903,.F.);
#1248=ORIENTED_EDGE('',*,*,#908,.F.);
#1249=ORIENTED_EDGE('',*,*,#909,.T.);
#1250=ORIENTED_EDGE('',*,*,#910,.T.);
#1251=ORIENTED_EDGE('',*,*,#906,.F.);
#1252=ORIENTED_EDGE('',*,*,#911,.F.);
#1253=ORIENTED_EDGE('',*,*,#912,.T.);
#1254=ORIENTED_EDGE('',*,*,#913,.T.);
#1255=ORIENTED_EDGE('',*,*,#909,.F.);
#1256=ORIENTED_EDGE('',*,*,#914,.F.);
#1257=ORIENTED_EDGE('',*,*,#915,.T.);
#1258=ORIENTED_EDGE('',*,*,#916,.T.);
#1259=ORIENTED_EDGE('',*,*,#912,.F.);
#1260=ORIENTED_EDGE('',*,*,#917,.F.);
#1261=ORIENTED_EDGE('',*,*,#918,.T.);
#1262=ORIENTED_EDGE('',*,*,#919,.T.);
#1263=ORIENTED_EDGE('',*,*,#915,.F.);
#1264=ORIENTED_EDGE('',*,*,#920,.F.);
#1265=ORIENTED_EDGE('',*,*,#921,.T.);
#1266=ORIENTED_EDGE('',*,*,#922,.T.);
#1267=ORIENTED_EDGE('',*,*,#918,.F.);
#1268=ORIENTED_EDGE('',*,*,#923,.F.);
#1269=ORIENTED_EDGE('',*,*,#901,.T.);
#1270=ORIENTED_EDGE('',*,*,#924,.T.);
#1271=ORIENTED_EDGE('',*,*,#921,.F.);
#1272=ORIENTED_EDGE('',*,*,#778,.F.);
#1273=ORIENTED_EDGE('',*,*,#925,.T.);
#1274=ORIENTED_EDGE('',*,*,#926,.T.);
#1275=ORIENTED_EDGE('',*,*,#927,.F.);
#1276=ORIENTED_EDGE('',*,*,#795,.F.);
#1277=ORIENTED_EDGE('',*,*,#928,.T.);
#1278=ORIENTED_EDGE('',*,*,#929,.T.);
#1279=ORIENTED_EDGE('',*,*,#925,.F.);
#1280=ORIENTED_EDGE('',*,*,#794,.F.);
#1281=ORIENTED_EDGE('',*,*,#930,.T.);
#1282=ORIENTED_EDGE('',*,*,#931,.T.);
#1283=ORIENTED_EDGE('',*,*,#928,.F.);
#1284=ORIENTED_EDGE('',*,*,#793,.F.);
#1285=ORIENTED_EDGE('',*,*,#932,.T.);
#1286=ORIENTED_EDGE('',*,*,#933,.T.);
#1287=ORIENTED_EDGE('',*,*,#930,.F.);
#1288=ORIENTED_EDGE('',*,*,#792,.F.);
#1289=ORIENTED_EDGE('',*,*,#934,.T.);
#1290=ORIENTED_EDGE('',*,*,#935,.T.);
#1291=ORIENTED_EDGE('',*,*,#932,.F.);
#1292=ORIENTED_EDGE('',*,*,#791,.F.);
#1293=ORIENTED_EDGE('',*,*,#936,.T.);
#1294=ORIENTED_EDGE('',*,*,#937,.T.);
#1295=ORIENTED_EDGE('',*,*,#934,.F.);
#1296=ORIENTED_EDGE('',*,*,#790,.F.);
#1297=ORIENTED_EDGE('',*,*,#938,.T.);
#1298=ORIENTED_EDGE('',*,*,#939,.T.);
#1299=ORIENTED_EDGE('',*,*,#936,.F.);
#1300=ORIENTED_EDGE('',*,*,#789,.F.);
#1301=ORIENTED_EDGE('',*,*,#940,.T.);
#1302=ORIENTED_EDGE('',*,*,#941,.T.);
#1303=ORIENTED_EDGE('',*,*,#938,.F.);
#1304=ORIENTED_EDGE('',*,*,#788,.F.);
#1305=ORIENTED_EDGE('',*,*,#942,.T.);
#1306=ORIENTED_EDGE('',*,*,#943,.T.);
#1307=ORIENTED_EDGE('',*,*,#940,.F.);
#1308=ORIENTED_EDGE('',*,*,#787,.F.);
#1309=ORIENTED_EDGE('',*,*,#944,.T.);
#1310=ORIENTED_EDGE('',*,*,#945,.T.);
#1311=ORIENTED_EDGE('',*,*,#942,.F.);
#1312=ORIENTED_EDGE('',*,*,#786,.F.);
#1313=ORIENTED_EDGE('',*,*,#946,.T.);
#1314=ORIENTED_EDGE('',*,*,#947,.T.);
#1315=ORIENTED_EDGE('',*,*,#944,.F.);
#1316=ORIENTED_EDGE('',*,*,#785,.F.);
#1317=ORIENTED_EDGE('',*,*,#948,.T.);
#1318=ORIENTED_EDGE('',*,*,#949,.T.);
#1319=ORIENTED_EDGE('',*,*,#946,.F.);
#1320=ORIENTED_EDGE('',*,*,#784,.F.);
#1321=ORIENTED_EDGE('',*,*,#950,.T.);
#1322=ORIENTED_EDGE('',*,*,#951,.T.);
#1323=ORIENTED_EDGE('',*,*,#948,.F.);
#1324=ORIENTED_EDGE('',*,*,#783,.F.);
#1325=ORIENTED_EDGE('',*,*,#952,.T.);
#1326=ORIENTED_EDGE('',*,*,#953,.T.);
#1327=ORIENTED_EDGE('',*,*,#950,.F.);
#1328=ORIENTED_EDGE('',*,*,#782,.F.);
#1329=ORIENTED_EDGE('',*,*,#954,.T.);
#1330=ORIENTED_EDGE('',*,*,#955,.T.);
#1331=ORIENTED_EDGE('',*,*,#952,.F.);
#1332=ORIENTED_EDGE('',*,*,#781,.F.);
#1333=ORIENTED_EDGE('',*,*,#956,.T.);
#1334=ORIENTED_EDGE('',*,*,#957,.T.);
#1335=ORIENTED_EDGE('',*,*,#954,.F.);
#1336=ORIENTED_EDGE('',*,*,#780,.F.);
#1337=ORIENTED_EDGE('',*,*,#958,.T.);
#1338=ORIENTED_EDGE('',*,*,#959,.T.);
#1339=ORIENTED_EDGE('',*,*,#956,.F.);
#1340=ORIENTED_EDGE('',*,*,#779,.F.);
#1341=ORIENTED_EDGE('',*,*,#927,.T.);
#1342=ORIENTED_EDGE('',*,*,#960,.T.);
#1343=ORIENTED_EDGE('',*,*,#958,.F.);
#1344=ORIENTED_EDGE('',*,*,#960,.F.);
#1345=ORIENTED_EDGE('',*,*,#926,.F.);
#1346=ORIENTED_EDGE('',*,*,#929,.F.);
#1347=ORIENTED_EDGE('',*,*,#931,.F.);
#1348=ORIENTED_EDGE('',*,*,#933,.F.);
#1349=ORIENTED_EDGE('',*,*,#935,.F.);
#1350=ORIENTED_EDGE('',*,*,#937,.F.);
#1351=ORIENTED_EDGE('',*,*,#939,.F.);
#1352=ORIENTED_EDGE('',*,*,#941,.F.);
#1353=ORIENTED_EDGE('',*,*,#943,.F.);
#1354=ORIENTED_EDGE('',*,*,#945,.F.);
#1355=ORIENTED_EDGE('',*,*,#947,.F.);
#1356=ORIENTED_EDGE('',*,*,#949,.F.);
#1357=ORIENTED_EDGE('',*,*,#951,.F.);
#1358=ORIENTED_EDGE('',*,*,#953,.F.);
#1359=ORIENTED_EDGE('',*,*,#955,.F.);
#1360=ORIENTED_EDGE('',*,*,#957,.F.);
#1361=ORIENTED_EDGE('',*,*,#959,.F.);
#1362=ORIENTED_EDGE('',*,*,#924,.F.);
#1363=ORIENTED_EDGE('',*,*,#900,.F.);
#1364=ORIENTED_EDGE('',*,*,#904,.F.);
#1365=ORIENTED_EDGE('',*,*,#907,.F.);
#1366=ORIENTED_EDGE('',*,*,#910,.F.);
#1367=ORIENTED_EDGE('',*,*,#913,.F.);
#1368=ORIENTED_EDGE('',*,*,#916,.F.);
#1369=ORIENTED_EDGE('',*,*,#919,.F.);
#1370=ORIENTED_EDGE('',*,*,#922,.F.);
#1371=ORIENTED_EDGE('',*,*,#898,.T.);
#1372=ORIENTED_EDGE('',*,*,#923,.T.);
#1373=ORIENTED_EDGE('',*,*,#920,.T.);
#1374=ORIENTED_EDGE('',*,*,#917,.T.);
#1375=ORIENTED_EDGE('',*,*,#914,.T.);
#1376=ORIENTED_EDGE('',*,*,#911,.T.);
#1377=ORIENTED_EDGE('',*,*,#908,.T.);
#1378=ORIENTED_EDGE('',*,*,#905,.T.);
#1379=ORIENTED_EDGE('',*,*,#902,.T.);
#1380=ORIENTED_EDGE('',*,*,#826,.T.);
#1381=ORIENTED_EDGE('',*,*,#848,.T.);
#1382=ORIENTED_EDGE('',*,*,#845,.T.);
#1383=ORIENTED_EDGE('',*,*,#842,.T.);
#1384=ORIENTED_EDGE('',*,*,#839,.T.);
#1385=ORIENTED_EDGE('',*,*,#836,.T.);
#1386=ORIENTED_EDGE('',*,*,#833,.T.);
#1387=ORIENTED_EDGE('',*,*,#830,.T.);
#1388=ORIENTED_EDGE('',*,*,#749,.F.);
#1389=ORIENTED_EDGE('',*,*,#961,.T.);
#1390=ORIENTED_EDGE('',*,*,#962,.F.);
#1391=ORIENTED_EDGE('',*,*,#963,.F.);
#1392=ORIENTED_EDGE('',*,*,#798,.F.);
#1393=ORIENTED_EDGE('',*,*,#750,.T.);
#1394=ORIENTED_EDGE('',*,*,#963,.T.);
#1395=ORIENTED_EDGE('',*,*,#964,.F.);
#1396=ORIENTED_EDGE('',*,*,#742,.F.);
#1397=ORIENTED_EDGE('',*,*,#965,.F.);
#1398=ORIENTED_EDGE('',*,*,#961,.F.);
#1399=ORIENTED_EDGE('',*,*,#748,.T.);
#1400=ORIENTED_EDGE('',*,*,#802,.T.);
#1401=ORIENTED_EDGE('',*,*,#824,.T.);
#1402=ORIENTED_EDGE('',*,*,#821,.T.);
#1403=ORIENTED_EDGE('',*,*,#818,.T.);
#1404=ORIENTED_EDGE('',*,*,#815,.T.);
#1405=ORIENTED_EDGE('',*,*,#812,.T.);
#1406=ORIENTED_EDGE('',*,*,#809,.T.);
#1407=ORIENTED_EDGE('',*,*,#806,.T.);
#1408=ORIENTED_EDGE('',*,*,#741,.F.);
#1409=ORIENTED_EDGE('',*,*,#747,.T.);
#1410=ORIENTED_EDGE('',*,*,#801,.F.);
#1411=ORIENTED_EDGE('',*,*,#799,.T.);
#1412=ORIENTED_EDGE('',*,*,#796,.F.);
#1413=ORIENTED_EDGE('',*,*,#964,.T.);
#1414=ORIENTED_EDGE('',*,*,#962,.T.);
#1415=ORIENTED_EDGE('',*,*,#965,.T.);
#1416=PLANE('',#1544);
#1417=PLANE('',#1545);
#1418=PLANE('',#1546);
#1419=PLANE('',#1548);
#1420=PLANE('',#1549);
#1421=PLANE('',#1550);
#1422=PLANE('',#1551);
#1423=PLANE('',#1552);
#1424=PLANE('',#1553);
#1425=PLANE('',#1554);
#1426=PLANE('',#1555);
#1427=PLANE('',#1556);
#1428=PLANE('',#1557);
#1429=PLANE('',#1558);
#1430=PLANE('',#1559);
#1431=PLANE('',#1560);
#1432=PLANE('',#1561);
#1433=PLANE('',#1562);
#1434=PLANE('',#1563);
#1435=PLANE('',#1564);
#1436=PLANE('',#1565);
#1437=PLANE('',#1566);
#1438=PLANE('',#1567);
#1439=PLANE('',#1568);
#1440=PLANE('',#1569);
#1441=PLANE('',#1570);
#1442=PLANE('',#1571);
#1443=PLANE('',#1574);
#1444=PLANE('',#1575);
#1445=PLANE('',#1576);
#1446=PLANE('',#1577);
#1447=ADVANCED_FACE('',(#177),#1416,.T.);
#1448=ADVANCED_FACE('',(#178),#1417,.T.);
#1449=ADVANCED_FACE('',(#179,#67,#68,#69),#1418,.T.);
#1450=ADVANCED_FACE('',(#180),#1419,.T.);
#1451=ADVANCED_FACE('',(#181),#1420,.T.);
#1452=ADVANCED_FACE('',(#182),#1421,.T.);
#1453=ADVANCED_FACE('',(#183),#16,.F.);
#1454=ADVANCED_FACE('',(#184),#17,.F.);
#1455=ADVANCED_FACE('',(#185),#18,.F.);
#1456=ADVANCED_FACE('',(#186),#19,.F.);
#1457=ADVANCED_FACE('',(#187),#20,.F.);
#1458=ADVANCED_FACE('',(#188),#21,.F.);
#1459=ADVANCED_FACE('',(#189),#22,.F.);
#1460=ADVANCED_FACE('',(#190),#23,.F.);
#1461=ADVANCED_FACE('',(#191),#24,.F.);
#1462=ADVANCED_FACE('',(#192),#25,.F.);
#1463=ADVANCED_FACE('',(#193),#26,.F.);
#1464=ADVANCED_FACE('',(#194),#27,.F.);
#1465=ADVANCED_FACE('',(#195),#28,.F.);
#1466=ADVANCED_FACE('',(#196),#29,.F.);
#1467=ADVANCED_FACE('',(#197),#30,.F.);
#1468=ADVANCED_FACE('',(#198),#31,.F.);
#1469=ADVANCED_FACE('',(#199),#32,.F.);
#1470=ADVANCED_FACE('',(#200),#33,.F.);
#1471=ADVANCED_FACE('',(#201),#34,.F.);
#1472=ADVANCED_FACE('',(#202),#35,.F.);
#1473=ADVANCED_FACE('',(#203),#36,.F.);
#1474=ADVANCED_FACE('',(#204),#37,.F.);
#1475=ADVANCED_FACE('',(#205),#38,.F.);
#1476=ADVANCED_FACE('',(#206),#39,.F.);
#1477=ADVANCED_FACE('',(#207),#40,.F.);
#1478=ADVANCED_FACE('',(#208),#41,.F.);
#1479=ADVANCED_FACE('',(#209),#42,.F.);
#1480=ADVANCED_FACE('',(#210),#43,.F.);
#1481=ADVANCED_FACE('',(#211),#44,.F.);
#1482=ADVANCED_FACE('',(#212),#45,.F.);
#1483=ADVANCED_FACE('',(#213),#46,.F.);
#1484=ADVANCED_FACE('',(#214),#47,.F.);
#1485=ADVANCED_FACE('',(#215,#70,#71),#1422,.T.);
#1486=ADVANCED_FACE('',(#216),#1423,.F.);
#1487=ADVANCED_FACE('',(#217),#48,.F.);
#1488=ADVANCED_FACE('',(#218),#49,.F.);
#1489=ADVANCED_FACE('',(#219),#1424,.F.);
#1490=ADVANCED_FACE('',(#220),#50,.F.);
#1491=ADVANCED_FACE('',(#221),#1425,.F.);
#1492=ADVANCED_FACE('',(#222),#1426,.F.);
#1493=ADVANCED_FACE('',(#223),#1427,.F.);
#1494=ADVANCED_FACE('',(#224),#1428,.T.);
#1495=ADVANCED_FACE('',(#225),#1429,.F.);
#1496=ADVANCED_FACE('',(#226),#51,.F.);
#1497=ADVANCED_FACE('',(#227),#52,.F.);
#1498=ADVANCED_FACE('',(#228),#53,.F.);
#1499=ADVANCED_FACE('',(#229),#54,.F.);
#1500=ADVANCED_FACE('',(#230),#55,.F.);
#1501=ADVANCED_FACE('',(#231),#56,.F.);
#1502=ADVANCED_FACE('',(#232),#1430,.F.);
#1503=ADVANCED_FACE('',(#233),#1431,.F.);
#1504=ADVANCED_FACE('',(#234),#1432,.F.);
#1505=ADVANCED_FACE('',(#235),#1433,.F.);
#1506=ADVANCED_FACE('',(#236),#57,.F.);
#1507=ADVANCED_FACE('',(#237),#58,.F.);
#1508=ADVANCED_FACE('',(#238),#59,.F.);
#1509=ADVANCED_FACE('',(#239),#1434,.F.);
#1510=ADVANCED_FACE('',(#240),#1435,.F.);
#1511=ADVANCED_FACE('',(#241),#1436,.F.);
#1512=ADVANCED_FACE('',(#242),#60,.F.);
#1513=ADVANCED_FACE('',(#243),#61,.F.);
#1514=ADVANCED_FACE('',(#244),#62,.F.);
#1515=ADVANCED_FACE('',(#245),#63,.F.);
#1516=ADVANCED_FACE('',(#246),#64,.F.);
#1517=ADVANCED_FACE('',(#247),#65,.F.);
#1518=ADVANCED_FACE('',(#248),#66,.F.);
#1519=ADVANCED_FACE('',(#249),#1437,.F.);
#1520=ADVANCED_FACE('',(#250),#1438,.F.);
#1521=ADVANCED_FACE('',(#251),#1439,.F.);
#1522=ADVANCED_FACE('',(#252,#72),#1440,.T.);
#1523=ADVANCED_FACE('',(#253),#1441,.T.);
#1524=ADVANCED_FACE('',(#254),#1442,.T.);
#1525=ADVANCED_FACE('',(#255),#15,.T.);
#1526=ADVANCED_FACE('',(#256),#1443,.T.);
#1527=ADVANCED_FACE('',(#257),#1444,.T.);
#1528=ADVANCED_FACE('',(#258),#1445,.T.);
#1529=ADVANCED_FACE('',(#259),#1446,.F.);
#1530=CLOSED_SHELL('',(#1447,#1448,#1449,#1450,#1451,#1452,#1453,#1454,
#1455,#1456,#1457,#1458,#1459,#1460,#1461,#1462,#1463,#1464,#1465,#1466,
#1467,#1468,#1469,#1470,#1471,#1472,#1473,#1474,#1475,#1476,#1477,#1478,
#1479,#1480,#1481,#1482,#1483,#1484,#1485,#1486,#1487,#1488,#1489,#1490,
#1491,#1492,#1493,#1494,#1495,#1496,#1497,#1498,#1499,#1500,#1501,#1502,
#1503,#1504,#1505,#1506,#1507,#1508,#1509,#1510,#1511,#1512,#1513,#1514,
#1515,#1516,#1517,#1518,#1519,#1520,#1521,#1522,#1523,#1524,#1525,#1526,
#1527,#1528,#1529));
#1531=DERIVED_UNIT_ELEMENT(#1533,1.);
#1532=DERIVED_UNIT_ELEMENT(#3100,-3.);
#1533=(
MASS_UNIT()
NAMED_UNIT(*)
SI_UNIT(.KILO.,.GRAM.)
);
#1534=DERIVED_UNIT((#1531,#1532));
#1535=MEASURE_REPRESENTATION_ITEM('density measure',
POSITIVE_RATIO_MEASURE(7850.),#1534);
#1536=PROPERTY_DEFINITION_REPRESENTATION(#1541,#1538);
#1537=PROPERTY_DEFINITION_REPRESENTATION(#1542,#1539);
#1538=REPRESENTATION('material name',(#1540),#3097);
#1539=REPRESENTATION('density',(#1535),#3097);
#1540=DESCRIPTIVE_REPRESENTATION_ITEM('Steel','Steel');
#1541=PROPERTY_DEFINITION('material property','material name',#3107);
#1542=PROPERTY_DEFINITION('material property','density of part',#3107);
#1543=AXIS2_PLACEMENT_3D('',#1769,#1578,#1579);
#1544=AXIS2_PLACEMENT_3D('',#1770,#1580,#1581);
#1545=AXIS2_PLACEMENT_3D('',#1779,#1586,#1587);
#1546=AXIS2_PLACEMENT_3D('',#1785,#1591,#1592);
#1547=AXIS2_PLACEMENT_3D('',#1789,#1594,#1595);
#1548=AXIS2_PLACEMENT_3D('',#1997,#1613,#1614);
#1549=AXIS2_PLACEMENT_3D('',#2003,#1618,#1619);
#1550=AXIS2_PLACEMENT_3D('',#2007,#1622,#1623);
#1551=AXIS2_PLACEMENT_3D('',#2649,#1657,#1658);
#1552=AXIS2_PLACEMENT_3D('',#2650,#1659,#1660);
#1553=AXIS2_PLACEMENT_3D('',#2690,#1666,#1667);
#1554=AXIS2_PLACEMENT_3D('',#2711,#1671,#1672);
#1555=AXIS2_PLACEMENT_3D('',#2715,#1675,#1676);
#1556=AXIS2_PLACEMENT_3D('',#2719,#1679,#1680);
#1557=AXIS2_PLACEMENT_3D('',#2721,#1682,#1683);
#1558=AXIS2_PLACEMENT_3D('',#2722,#1684,#1685);
#1559=AXIS2_PLACEMENT_3D('',#2869,#1696,#1697);
#1560=AXIS2_PLACEMENT_3D('',#2875,#1701,#1702);
#1561=AXIS2_PLACEMENT_3D('',#2878,#1705,#1706);
#1562=AXIS2_PLACEMENT_3D('',#2884,#1710,#1711);
#1563=AXIS2_PLACEMENT_3D('',#2939,#1717,#1718);
#1564=AXIS2_PLACEMENT_3D('',#2943,#1721,#1722);
#1565=AXIS2_PLACEMENT_3D('',#2947,#1725,#1726);
#1566=AXIS2_PLACEMENT_3D('',#3070,#1736,#1737);
#1567=AXIS2_PLACEMENT_3D('',#3074,#1740,#1741);
#1568=AXIS2_PLACEMENT_3D('',#3078,#1744,#1745);
#1569=AXIS2_PLACEMENT_3D('',#3080,#1747,#1748);
#1570=AXIS2_PLACEMENT_3D('',#3081,#1749,#1750);
#1571=AXIS2_PLACEMENT_3D('',#3082,#1751,#1752);
#1572=AXIS2_PLACEMENT_3D('',#3083,#1753,#1754);
#1573=AXIS2_PLACEMENT_3D('',#3087,#1756,#1757);
#1574=AXIS2_PLACEMENT_3D('',#3089,#1759,#1760);
#1575=AXIS2_PLACEMENT_3D('',#3091,#1762,#1763);
#1576=AXIS2_PLACEMENT_3D('',#3093,#1765,#1766);
#1577=AXIS2_PLACEMENT_3D('',#3094,#1767,#1768);
#1578=DIRECTION('axis',(0.,0.,1.));
#1579=DIRECTION('refdir',(1.,0.,0.));
#1580=DIRECTION('center_axis',(0.707106781186546,0.707106781186549,0.));
#1581=DIRECTION('ref_axis',(0.,0.,-1.));
#1582=DIRECTION('',(-0.707106781186549,0.707106781186546,0.));
#1583=DIRECTION('',(0.,0.,1.));
#1584=DIRECTION('',(0.707106781186549,-0.707106781186546,0.));
#1585=DIRECTION('',(0.,0.,-1.));
#1586=DIRECTION('center_axis',(1.,0.,0.));
#1587=DIRECTION('ref_axis',(0.,-1.,0.));
#1588=DIRECTION('',(0.,-1.,0.));
#1589=DIRECTION('',(0.,0.,1.));
#1590=DIRECTION('',(0.,-1.,0.));
#1591=DIRECTION('center_axis',(0.,0.,1.));
#1592=DIRECTION('ref_axis',(1.,0.,0.));
#1593=DIRECTION('',(1.,0.,0.));
#1594=DIRECTION('center_axis',(0.,0.,1.));
#1595=DIRECTION('ref_axis',(0.,1.,0.));
#1596=DIRECTION('',(0.,1.,0.));
#1597=DIRECTION('',(-0.707106781186548,0.707106781186547,0.));
#1598=DIRECTION('',(-1.,0.,0.));
#1599=DIRECTION('',(-0.707106781186547,-0.707106781186548,0.));
#1600=DIRECTION('',(0.999993447219082,-0.00362015454037905,0.));
#1601=DIRECTION('',(-0.00362015454037837,-0.999993447219082,0.));
#1602=DIRECTION('',(-0.999993447219082,0.00362015454037858,0.));
#1603=DIRECTION('',(0.00362015454037828,0.999993447219082,0.));
#1604=DIRECTION('',(0.00362015454037773,0.999993447219082,0.));
#1605=DIRECTION('',(-0.00362015454037838,-0.999993447219082,0.));
#1606=DIRECTION('',(-0.999993447219082,0.00362015454037839,0.));
#1607=DIRECTION('',(0.00362015454037841,0.999993447219082,0.));
#1608=DIRECTION('',(0.999993447219082,-0.00362015454037848,0.));
#1609=DIRECTION('',(0.52745952721964,-0.84958015934062,0.));
#1610=DIRECTION('',(-0.999993447219082,0.00362015454037869,0.));
#1611=DIRECTION('',(-0.554090951440179,0.832456135500314,0.));
#1612=DIRECTION('',(-0.999993447219082,0.003620154540377,0.));
#1613=DIRECTION('center_axis',(-0.707106781186547,-0.707106781186548,0.));
#1614=DIRECTION('ref_axis',(0.,0.,1.));
#1615=DIRECTION('',(0.707106781186548,-0.707106781186547,0.));
#1616=DIRECTION('',(0.,0.,1.));
#1617=DIRECTION('',(0.,0.,-1.));
#1618=DIRECTION('center_axis',(0.,-1.,0.));
#1619=DIRECTION('ref_axis',(-1.,0.,0.));
#1620=DIRECTION('',(-1.,0.,0.));
#1621=DIRECTION('',(0.,0.,-1.));
#1622=DIRECTION('center_axis',(0.707106781186548,-0.707106781186547,0.));
#1623=DIRECTION('ref_axis',(0.,0.,-1.));
#1624=DIRECTION('',(0.707106781186547,0.707106781186548,0.));
#1625=DIRECTION('',(0.,0.,-1.));
#1626=DIRECTION('',(0.,0.,-1.));
#1627=DIRECTION('',(0.,0.,-1.));
#1628=DIRECTION('',(0.,0.,-1.));
#1629=DIRECTION('',(0.,0.,-1.));
#1630=DIRECTION('',(0.,0.,-1.));
#1631=DIRECTION('',(0.,0.,-1.));
#1632=DIRECTION('',(0.,0.,-1.));
#1633=DIRECTION('',(0.,0.,-1.));
#1634=DIRECTION('',(0.,0.,-1.));
#1635=DIRECTION('',(0.,0.,-1.));
#1636=DIRECTION('',(0.,0.,-1.));
#1637=DIRECTION('',(0.,0.,-1.));
#1638=DIRECTION('',(0.,0.,-1.));
#1639=DIRECTION('',(0.,0.,-1.));
#1640=DIRECTION('',(0.,0.,-1.));
#1641=DIRECTION('',(0.,0.,-1.));
#1642=DIRECTION('',(0.,0.,-1.));
#1643=DIRECTION('',(0.,0.,-1.));
#1644=DIRECTION('',(0.,0.,-1.));
#1645=DIRECTION('',(0.,0.,-1.));
#1646=DIRECTION('',(0.,0.,-1.));
#1647=DIRECTION('',(0.,0.,-1.));
#1648=DIRECTION('',(0.,0.,-1.));
#1649=DIRECTION('',(0.,0.,-1.));
#1650=DIRECTION('',(0.,0.,-1.));
#1651=DIRECTION('',(0.,0.,-1.));
#1652=DIRECTION('',(0.,0.,-1.));
#1653=DIRECTION('',(0.,0.,-1.));
#1654=DIRECTION('',(0.,0.,-1.));
#1655=DIRECTION('',(0.,0.,-1.));
#1656=DIRECTION('',(0.,0.,-1.));
#1657=DIRECTION('center_axis',(0.,0.,1.));
#1658=DIRECTION('ref_axis',(1.,0.,0.));
#1659=DIRECTION('center_axis',(0.00362015454037905,0.999993447219082,0.));
#1660=DIRECTION('ref_axis',(0.999993447219082,-0.00362015454037905,0.));
#1661=DIRECTION('',(0.,0.,-1.));
#1662=DIRECTION('',(0.999993447219082,-0.00362015454037905,0.));
#1663=DIRECTION('',(0.,0.,-1.));
#1664=DIRECTION('',(0.,0.,-1.));
#1665=DIRECTION('',(0.,0.,-1.));
#1666=DIRECTION('center_axis',(-0.999993447219082,0.00362015454037773,0.));
#1667=DIRECTION('ref_axis',(0.00362015454037773,0.999993447219082,0.));
#1668=DIRECTION('',(0.,0.,-1.));
#1669=DIRECTION('',(0.00362015454037773,0.999993447219082,0.));
#1670=DIRECTION('',(0.,0.,-1.));
#1671=DIRECTION('center_axis',(-0.999993447219082,0.00362015454037828,0.));
#1672=DIRECTION('ref_axis',(0.00362015454037828,0.999993447219082,0.));
#1673=DIRECTION('',(0.,0.,-1.));
#1674=DIRECTION('',(0.00362015454037828,0.999993447219082,0.));
#1675=DIRECTION('center_axis',(-0.00362015454037858,-0.999993447219082,
0.));
#1676=DIRECTION('ref_axis',(-0.999993447219082,0.00362015454037858,0.));
#1677=DIRECTION('',(0.,0.,-1.));
#1678=DIRECTION('',(-0.999993447219082,0.00362015454037858,0.));
#1679=DIRECTION('center_axis',(0.999993447219082,-0.00362015454037837,0.));
#1680=DIRECTION('ref_axis',(-0.00362015454037837,-0.999993447219082,0.));
#1681=DIRECTION('',(-0.00362015454037837,-0.999993447219082,0.));
#1682=DIRECTION('center_axis',(0.,0.,1.));
#1683=DIRECTION('ref_axis',(1.,0.,0.));
#1684=DIRECTION('center_axis',(-0.0036201545403791,-0.999993447219082,0.));
#1685=DIRECTION('ref_axis',(-0.999993447219082,0.0036201545403791,0.));
#1686=DIRECTION('',(-0.999993447219082,0.0036201545403791,0.));
#1687=DIRECTION('',(0.,0.,-1.));
#1688=DIRECTION('',(-0.999993447219082,0.0036201545403791,0.));
#1689=DIRECTION('',(0.,0.,-1.));
#1690=DIRECTION('',(0.,0.,-1.));
#1691=DIRECTION('',(0.,0.,-1.));
#1692=DIRECTION('',(0.,0.,-1.));
#1693=DIRECTION('',(0.,0.,-1.));
#1694=DIRECTION('',(0.,0.,-1.));
#1695=DIRECTION('',(0.,0.,-1.));
#1696=DIRECTION('center_axis',(0.00362015454037866,0.999993447219082,0.));
#1697=DIRECTION('ref_axis',(0.999993447219082,-0.00362015454037866,0.));
#1698=DIRECTION('',(0.999993447219082,-0.00362015454037866,0.));
#1699=DIRECTION('',(0.,0.,-1.));
#1700=DIRECTION('',(0.999993447219082,-0.00362015454037866,0.));
#1701=DIRECTION('center_axis',(0.999993447219082,-0.00362015454037793,0.));
#1702=DIRECTION('ref_axis',(-0.00362015454037793,-0.999993447219082,0.));
#1703=DIRECTION('',(-0.00362015454037793,-0.999993447219082,0.));
#1704=DIRECTION('',(-0.00362015454037793,-0.999993447219082,0.));
#1705=DIRECTION('center_axis',(0.999993447219082,-0.00362015454037838,0.));
#1706=DIRECTION('ref_axis',(-0.00362015454037838,-0.999993447219082,0.));
#1707=DIRECTION('',(0.,0.,-1.));
#1708=DIRECTION('',(-0.00362015454037838,-0.999993447219082,0.));
#1709=DIRECTION('',(0.,0.,-1.));
#1710=DIRECTION('center_axis',(-0.003620154540377,-0.999993447219082,0.));
#1711=DIRECTION('ref_axis',(-0.999993447219082,0.003620154540377,0.));
#1712=DIRECTION('',(0.,0.,-1.));
#1713=DIRECTION('',(-0.999993447219082,0.003620154540377,0.));
#1714=DIRECTION('',(0.,0.,-1.));
#1715=DIRECTION('',(0.,0.,-1.));
#1716=DIRECTION('',(0.,0.,-1.));
#1717=DIRECTION('center_axis',(-0.832456135500314,-0.554090951440179,0.));
#1718=DIRECTION('ref_axis',(-0.554090951440179,0.832456135500314,0.));
#1719=DIRECTION('',(0.,0.,-1.));
#1720=DIRECTION('',(-0.554090951440179,0.832456135500314,0.));
#1721=DIRECTION('center_axis',(-0.00362015454037869,-0.999993447219082,
0.));
#1722=DIRECTION('ref_axis',(-0.999993447219082,0.00362015454037869,0.));
#1723=DIRECTION('',(0.,0.,-1.));
#1724=DIRECTION('',(-0.999993447219082,0.00362015454037869,0.));
#1725=DIRECTION('center_axis',(0.84958015934062,0.52745952721964,0.));
#1726=DIRECTION('ref_axis',(0.52745952721964,-0.84958015934062,0.));
#1727=DIRECTION('',(0.,0.,-1.));
#1728=DIRECTION('',(0.52745952721964,-0.84958015934062,0.));
#1729=DIRECTION('',(0.,0.,-1.));
#1730=DIRECTION('',(0.,0.,-1.));
#1731=DIRECTION('',(0.,0.,-1.));
#1732=DIRECTION('',(0.,0.,-1.));
#1733=DIRECTION('',(0.,0.,-1.));
#1734=DIRECTION('',(0.,0.,-1.));
#1735=DIRECTION('',(0.,0.,-1.));
#1736=DIRECTION('center_axis',(0.00362015454037848,0.999993447219082,0.));
#1737=DIRECTION('ref_axis',(0.999993447219082,-0.00362015454037848,0.));
#1738=DIRECTION('',(0.,0.,-1.));
#1739=DIRECTION('',(0.999993447219082,-0.00362015454037848,0.));
#1740=DIRECTION('center_axis',(-0.999993447219082,0.00362015454037841,0.));
#1741=DIRECTION('ref_axis',(0.00362015454037841,0.999993447219082,0.));
#1742=DIRECTION('',(0.,0.,-1.));
#1743=DIRECTION('',(0.00362015454037841,0.999993447219082,0.));
#1744=DIRECTION('center_axis',(-0.00362015454037839,-0.999993447219082,
0.));
#1745=DIRECTION('ref_axis',(-0.999993447219082,0.00362015454037839,0.));
#1746=DIRECTION('',(-0.999993447219082,0.00362015454037839,0.));
#1747=DIRECTION('center_axis',(0.,0.,1.));
#1748=DIRECTION('ref_axis',(1.,0.,0.));
#1749=DIRECTION('center_axis',(0.,0.,1.));
#1750=DIRECTION('ref_axis',(1.,0.,0.));
#1751=DIRECTION('center_axis',(0.,0.,1.));
#1752=DIRECTION('ref_axis',(1.,0.,0.));
#1753=DIRECTION('center_axis',(0.,0.,-1.));
#1754=DIRECTION('ref_axis',(0.,1.,0.));
#1755=DIRECTION('',(0.,0.,-1.));
#1756=DIRECTION('center_axis',(0.,0.,-1.));
#1757=DIRECTION('ref_axis',(0.,1.,0.));
#1758=DIRECTION('',(0.,0.,-1.));
#1759=DIRECTION('center_axis',(-1.,0.,0.));
#1760=DIRECTION('ref_axis',(0.,1.,0.));
#1761=DIRECTION('',(0.,1.,0.));
#1762=DIRECTION('center_axis',(0.,1.,0.));
#1763=DIRECTION('ref_axis',(1.,0.,0.));
#1764=DIRECTION('',(1.,0.,0.));
#1765=DIRECTION('center_axis',(0.,0.,1.));
#1766=DIRECTION('ref_axis',(1.,0.,0.));
#1767=DIRECTION('center_axis',(0.,0.,1.));
#1768=DIRECTION('ref_axis',(1.,0.,0.));
#1769=CARTESIAN_POINT('',(0.,0.,0.));
#1770=CARTESIAN_POINT('Origin',(-0.5,34.5,0.));
#1771=CARTESIAN_POINT('',(0.,34.,-2.));
#1772=CARTESIAN_POINT('',(-1.,35.,-2.));
#1773=CARTESIAN_POINT('',(-0.50000000000001,34.5,-2.));
#1774=CARTESIAN_POINT('',(-1.,35.,0.));
#1775=CARTESIAN_POINT('',(-1.,35.,0.));
#1776=CARTESIAN_POINT('',(0.,34.,0.));
#1777=CARTESIAN_POINT('',(-0.50000000000001,34.5,0.));
#1778=CARTESIAN_POINT('',(0.,34.,0.));
#1779=CARTESIAN_POINT('Origin',(0.,35.,0.));
#1780=CARTESIAN_POINT('',(0.,1.,0.));
#1781=CARTESIAN_POINT('',(0.,35.,0.));
#1782=CARTESIAN_POINT('',(0.,1.,-2.));
#1783=CARTESIAN_POINT('',(0.,1.,0.));
#1784=CARTESIAN_POINT('',(0.,35.,-2.));
#1785=CARTESIAN_POINT('Origin',(-17.5,17.5,0.));
#1786=CARTESIAN_POINT('',(-17.,35.,0.));
#1787=CARTESIAN_POINT('',(-17.,35.,0.));
#1788=CARTESIAN_POINT('',(-35.,17.,0.));
#1789=CARTESIAN_POINT('Origin',(-17.,17.,0.));
#1790=CARTESIAN_POINT('',(-35.,1.,0.));
#1791=CARTESIAN_POINT('',(-35.,0.,0.));
#1792=CARTESIAN_POINT('',(-34.,0.,0.));
#1793=CARTESIAN_POINT('',(-34.5,0.499999999999995,0.));
#1794=CARTESIAN_POINT('',(-1.,0.,0.));
#1795=CARTESIAN_POINT('',(0.,0.,0.));
#1796=CARTESIAN_POINT('',(-0.499999999999997,0.500000000000005,0.));
#1797=CARTESIAN_POINT('',(-6.67171783703701,5.08453639784747,0.));
#1798=CARTESIAN_POINT('',(-6.42899537465901,5.97067301313956,0.));
#1799=CARTESIAN_POINT('Ctrl Pts',(-6.67171783703701,5.08453639784747,0.));
#1800=CARTESIAN_POINT('Ctrl Pts',(-6.66147034693165,5.24171945447861,0.));
#1801=CARTESIAN_POINT('Ctrl Pts',(-6.64112735307469,5.5537542964343,0.));
#1802=CARTESIAN_POINT('Ctrl Pts',(-6.49935295969727,5.83239403095257,0.));
#1803=CARTESIAN_POINT('Ctrl Pts',(-6.42899537465901,5.97067301313956,0.));
#1804=CARTESIAN_POINT('',(-5.67167043721655,6.59107488619963,0.));
#1805=CARTESIAN_POINT('Ctrl Pts',(-6.42899537465901,5.97067301313956,0.));
#1806=CARTESIAN_POINT('Ctrl Pts',(-6.33343466823711,6.09881622501829,0.));
#1807=CARTESIAN_POINT('Ctrl Pts',(-6.13279578154251,6.36786521315896,0.));
#1808=CARTESIAN_POINT('Ctrl Pts',(-5.83016408148724,6.5143553674137,0.));
#1809=CARTESIAN_POINT('Ctrl Pts',(-5.67167043721655,6.59107488619963,0.));
#1810=CARTESIAN_POINT('',(-6.31324406492942,7.10693272587381,0.));
#1811=CARTESIAN_POINT('Ctrl Pts',(-5.67167043721655,6.59107488619963,0.));
#1812=CARTESIAN_POINT('Ctrl Pts',(-5.80652122000352,6.65599859263485,0.));
#1813=CARTESIAN_POINT('Ctrl Pts',(-6.06093428481353,6.77848537982025,0.));
#1814=CARTESIAN_POINT('Ctrl Pts',(-6.23257903355007,7.0019260334511,0.));
#1815=CARTESIAN_POINT('Ctrl Pts',(-6.31324406492942,7.10693272587381,0.));
#1816=CARTESIAN_POINT('',(-6.51159639932235,7.82416411877581,0.));
#1817=CARTESIAN_POINT('Ctrl Pts',(-6.31324406492942,7.10693272587381,0.));
#1818=CARTESIAN_POINT('Ctrl Pts',(-6.37144812762048,7.21896524030041,0.));
#1819=CARTESIAN_POINT('Ctrl Pts',(-6.4883431623783,7.44396748348423,0.));
#1820=CARTESIAN_POINT('Ctrl Pts',(-6.50382382618497,7.69708047181946,0.));
#1821=CARTESIAN_POINT('Ctrl Pts',(-6.51159639932235,7.82416411877581,0.));
#1822=CARTESIAN_POINT('',(-6.04279949930207,8.92260964501736,0.));
#1823=CARTESIAN_POINT('Ctrl Pts',(-6.51159639932235,7.82416411877581,0.));
#1824=CARTESIAN_POINT('Ctrl Pts',(-6.49248259795639,8.03541552477904,0.));
#1825=CARTESIAN_POINT('Ctrl Pts',(-6.45474156202104,8.4525406561283,0.));
#1826=CARTESIAN_POINT('Ctrl Pts',(-6.17892823560273,8.76727251578798,0.));
#1827=CARTESIAN_POINT('Ctrl Pts',(-6.04279949930207,8.92260964501736,0.));
#1828=CARTESIAN_POINT('',(-4.71985553078589,9.35219383531415,0.));
#1829=CARTESIAN_POINT('Ctrl Pts',(-6.04279949930207,8.92260964501736,0.));
#1830=CARTESIAN_POINT('Ctrl Pts',(-5.86094995919461,9.04841882504592,0.));
#1831=CARTESIAN_POINT('Ctrl Pts',(-5.46477913473026,9.32250214990694,0.));
#1832=CARTESIAN_POINT('Ctrl Pts',(-4.9813707596287,9.34177017862925,0.));
#1833=CARTESIAN_POINT('Ctrl Pts',(-4.71985553078589,9.35219383531415,0.));
#1834=CARTESIAN_POINT('',(-3.40411558964772,8.91305713888572,0.));
#1835=CARTESIAN_POINT('Ctrl Pts',(-4.71985553078589,9.35219383531415,0.));
#1836=CARTESIAN_POINT('Ctrl Pts',(-4.46023846683409,9.33952100363886,0.));
#1837=CARTESIAN_POINT('Ctrl Pts',(-3.97858632362352,9.31600985054268,0.));
#1838=CARTESIAN_POINT('Ctrl Pts',(-3.58537887094272,9.04020118017771,0.));
#1839=CARTESIAN_POINT('Ctrl Pts',(-3.40411558964772,8.91305713888572,0.));
#1840=CARTESIAN_POINT('',(-2.93922376848819,7.81123149303171,0.));
#1841=CARTESIAN_POINT('Ctrl Pts',(-3.40411558964772,8.91305713888572,0.));
#1842=CARTESIAN_POINT('Ctrl Pts',(-3.26792948879957,8.75687272875408,0.));
#1843=CARTESIAN_POINT('Ctrl Pts',(-2.99236450379355,8.44084227947873,0.));
#1844=CARTESIAN_POINT('Ctrl Pts',(-2.95707364395475,8.02271660075379,0.));
#1845=CARTESIAN_POINT('Ctrl Pts',(-2.93922376848819,7.81123149303171,0.));
#1846=CARTESIAN_POINT('',(-3.15704578996397,7.07520882674679,0.));
#1847=CARTESIAN_POINT('Ctrl Pts',(-2.93922376848819,7.81123149303171,0.));
#1848=CARTESIAN_POINT('Ctrl Pts',(-2.94802955386274,7.67801703213763,0.));
#1849=CARTESIAN_POINT('Ctrl Pts',(-2.96533941026411,7.41615246349519,0.));
#1850=CARTESIAN_POINT('Ctrl Pts',(-3.09389055433397,7.18752838412984,0.));
#1851=CARTESIAN_POINT('Ctrl Pts',(-3.15704578996397,7.07520882674679,0.));
#1852=CARTESIAN_POINT('',(-3.76369892149201,6.58416768919272,0.));
#1853=CARTESIAN_POINT('Ctrl Pts',(-3.15704578996397,7.07520882674679,0.));
#1854=CARTESIAN_POINT('Ctrl Pts',(-3.23793011683729,6.97361036801705,0.));
#1855=CARTESIAN_POINT('Ctrl Pts',(-3.40376360136735,6.76530763391102,0.));
#1856=CARTESIAN_POINT('Ctrl Pts',(-3.64177580118002,6.64552634459099,0.));
#1857=CARTESIAN_POINT('Ctrl Pts',(-3.76369892149201,6.58416768919272,0.));
#1858=CARTESIAN_POINT('',(-3.01276032459764,6.00093128022933,0.));
#1859=CARTESIAN_POINT('Ctrl Pts',(-3.76369892149201,6.58416768919272,0.));
#1860=CARTESIAN_POINT('Ctrl Pts',(-3.61062537274358,6.51237807186119,0.));
#1861=CARTESIAN_POINT('Ctrl Pts',(-3.31606668528488,6.37423365940564,0.));
#1862=CARTESIAN_POINT('Ctrl Pts',(-3.11117552953375,6.12205841408345,0.));
#1863=CARTESIAN_POINT('Ctrl Pts',(-3.01276032459764,6.00093128022933,0.));
#1864=CARTESIAN_POINT('',(-2.7581705305366,5.11908325830335,0.));
#1865=CARTESIAN_POINT('Ctrl Pts',(-3.01276032459764,6.00093128022933,0.));
#1866=CARTESIAN_POINT('Ctrl Pts',(-2.93806942252815,5.86682915895032,0.));
#1867=CARTESIAN_POINT('Ctrl Pts',(-2.78538854845658,5.59270167455229,0.));
#1868=CARTESIAN_POINT('Ctrl Pts',(-2.76737296115001,5.27921397118559,0.));
#1869=CARTESIAN_POINT('Ctrl Pts',(-2.7581705305366,5.11908325830335,0.));
#1870=CARTESIAN_POINT('',(-3.28872740036029,3.78134742034672,0.));
#1871=CARTESIAN_POINT('Ctrl Pts',(-2.7581705305366,5.11908325830335,0.));
#1872=CARTESIAN_POINT('Ctrl Pts',(-2.77810062043014,4.86023972825548,0.));
#1873=CARTESIAN_POINT('Ctrl Pts',(-2.81673702881562,4.3584464905788,0.));
#1874=CARTESIAN_POINT('Ctrl Pts',(-3.13475491429215,3.96960841868116,0.));
#1875=CARTESIAN_POINT('Ctrl Pts',(-3.28872740036029,3.78134742034672,0.));
#1876=CARTESIAN_POINT('',(-4.68909558217552,3.27085192454593,0.));
#1877=CARTESIAN_POINT('Ctrl Pts',(-3.28872740036029,3.78134742034672,0.));
#1878=CARTESIAN_POINT('Ctrl Pts',(-3.48531097692355,3.63177830239663,0.));
#1879=CARTESIAN_POINT('Ctrl Pts',(-3.89807274257712,3.31773165469787,0.));
#1880=CARTESIAN_POINT('Ctrl Pts',(-4.41720653505162,3.28696534696861,0.));
#1881=CARTESIAN_POINT('Ctrl Pts',(-4.68909558217552,3.27085192454593,0.));
#1882=CARTESIAN_POINT('',(-6.03937100927954,3.70199484372436,0.));
#1883=CARTESIAN_POINT('Ctrl Pts',(-4.68909558217552,3.27085192454593,0.));
#1884=CARTESIAN_POINT('Ctrl Pts',(-4.94387166261675,3.28611630848776,0.));
#1885=CARTESIAN_POINT('Ctrl Pts',(-5.43150433863916,3.31533181559698,0.));
#1886=CARTESIAN_POINT('Ctrl Pts',(-5.84291317281856,3.57702832456099,0.));
#1887=CARTESIAN_POINT('Ctrl Pts',(-6.03937100927954,3.70199484372436,0.));
#1888=CARTESIAN_POINT('Ctrl Pts',(-6.03937100927954,3.70199484372436,0.));
#1889=CARTESIAN_POINT('Ctrl Pts',(-6.22456153101353,3.8891588443251,0.));
#1890=CARTESIAN_POINT('Ctrl Pts',(-6.60340364726699,4.27203808355473,0.));
#1891=CARTESIAN_POINT('Ctrl Pts',(-6.64860989448964,4.8097008998387,0.));
#1892=CARTESIAN_POINT('Ctrl Pts',(-6.67171783703701,5.08453639784747,0.));
#1893=CARTESIAN_POINT('',(-9.27462905558671,9.36868292741977,0.));
#1894=CARTESIAN_POINT('',(-8.34905962591392,9.36533220108992,0.));
#1895=CARTESIAN_POINT('',(-13.4019788446801,9.38362466940844,0.));
#1896=CARTESIAN_POINT('',(-8.37069237632922,3.38972855783692,0.));
#1897=CARTESIAN_POINT('',(-8.33439530902719,13.4160489953914,0.));
#1898=CARTESIAN_POINT('',(-9.51141587842745,3.39385818026287,0.));
#1899=CARTESIAN_POINT('',(-12.960826880259,3.40634566299052,0.));
#1900=CARTESIAN_POINT('',(-9.4958526434366,7.69288266520953,0.));
#1901=CARTESIAN_POINT('',(-9.48593518633307,10.4323767961908,0.));
#1902=CARTESIAN_POINT('',(-10.9725860546188,6.83354113774861,0.));
#1903=CARTESIAN_POINT('Ctrl Pts',(-9.4958526434366,7.69288266520953,0.));
#1904=CARTESIAN_POINT('Ctrl Pts',(-9.71574656942006,7.51100068227868,0.));
#1905=CARTESIAN_POINT('Ctrl Pts',(-10.1604833530833,7.14314328133776,0.));
#1906=CARTESIAN_POINT('Ctrl Pts',(-10.6998843760306,6.93750461932752,0.));
#1907=CARTESIAN_POINT('Ctrl Pts',(-10.9725860546188,6.83354113774861,0.));
#1908=CARTESIAN_POINT('',(-10.9688385329992,7.86871712848961,0.));
#1909=CARTESIAN_POINT('',(-10.9533218389676,12.1548856279415,0.));
#1910=CARTESIAN_POINT('',(-9.99660876135992,8.41932850965632,0.));
#1911=CARTESIAN_POINT('Ctrl Pts',(-10.9688385329992,7.86871712848961,0.));
#1912=CARTESIAN_POINT('Ctrl Pts',(-10.8100910464259,7.93291094046331,0.));
#1913=CARTESIAN_POINT('Ctrl Pts',(-10.4621695529083,8.07360234552799,0.));
#1914=CARTESIAN_POINT('Ctrl Pts',(-10.160587048904,8.29755797961576,0.));
#1915=CARTESIAN_POINT('Ctrl Pts',(-9.99660876135992,8.41932850965632,0.));
#1916=CARTESIAN_POINT('Ctrl Pts',(-9.99660876135992,8.41932850965632,0.));
#1917=CARTESIAN_POINT('Ctrl Pts',(-9.83657460818533,8.55683825536164,0.));
#1918=CARTESIAN_POINT('Ctrl Pts',(-9.52785928107571,8.82210267101339,0.));
#1919=CARTESIAN_POINT('Ctrl Pts',(-9.35694399921997,9.1910117078398,0.));
#1920=CARTESIAN_POINT('Ctrl Pts',(-9.27462905558671,9.36868292741977,0.));
#1921=CARTESIAN_POINT('',(-15.8312027303608,5.90119163467797,0.));
#1922=CARTESIAN_POINT('',(-15.8401967813848,3.4167694953166,0.));
#1923=CARTESIAN_POINT('',(-15.8102190637784,11.6974991809252,0.));
#1924=CARTESIAN_POINT('',(-17.0418127718788,3.42111955940539,0.));
#1925=CARTESIAN_POINT('',(-16.6955790827868,3.41986613173036,0.));
#1926=CARTESIAN_POINT('',(-17.0202681991536,9.37236592417989,0.));
#1927=CARTESIAN_POINT('',(-17.0163320797844,10.4596381753333,0.));
#1928=CARTESIAN_POINT('',(-14.491191558368,9.36321021590043,0.));
#1929=CARTESIAN_POINT('',(-17.2748425053086,9.37328752854925,0.));
#1930=CARTESIAN_POINT('',(-13.1054483296109,9.19784113202468,0.));
#1931=CARTESIAN_POINT('Ctrl Pts',(-14.491191558368,9.36321021590043,0.));
#1932=CARTESIAN_POINT('Ctrl Pts',(-14.2149767463002,9.36182767210644,0.));
#1933=CARTESIAN_POINT('Ctrl Pts',(-13.7459903335049,9.35948024457486,0.));
#1934=CARTESIAN_POINT('Ctrl Pts',(-13.2920396589196,9.24492696979278,0.));
#1935=CARTESIAN_POINT('Ctrl Pts',(-13.1054483296109,9.19784113202468,0.));
#1936=CARTESIAN_POINT('',(-12.4153655945037,8.62497338544868,0.));
#1937=CARTESIAN_POINT('Ctrl Pts',(-13.1054483296109,9.19784113202468,0.));
#1938=CARTESIAN_POINT('Ctrl Pts',(-12.9681765788187,9.13256336688472,0.));
#1939=CARTESIAN_POINT('Ctrl Pts',(-12.6897658690683,9.00016883692021,0.));
#1940=CARTESIAN_POINT('Ctrl Pts',(-12.5076754495182,8.75119132667492,0.));
#1941=CARTESIAN_POINT('Ctrl Pts',(-12.4153655945037,8.62497338544868,0.));
#1942=CARTESIAN_POINT('',(-12.1589520199344,7.68628535990198,0.));
#1943=CARTESIAN_POINT('Ctrl Pts',(-12.4153655945037,8.62497338544868,0.));
#1944=CARTESIAN_POINT('Ctrl Pts',(-12.3401178041366,8.48125217039315,0.));
#1945=CARTESIAN_POINT('Ctrl Pts',(-12.1862074988143,8.18728771000718,0.));
#1946=CARTESIAN_POINT('Ctrl Pts',(-12.1681705714076,7.85573811371359,0.));
#1947=CARTESIAN_POINT('Ctrl Pts',(-12.1589520199344,7.68628535990198,0.));
#1948=CARTESIAN_POINT('',(-12.5567292493002,6.58149347938074,0.));
#1949=CARTESIAN_POINT('Ctrl Pts',(-12.1589520199344,7.68628535990198,0.));
#1950=CARTESIAN_POINT('Ctrl Pts',(-12.1736205798988,7.47563601024323,0.));
#1951=CARTESIAN_POINT('Ctrl Pts',(-12.2019358934043,7.06901106615803,0.));
#1952=CARTESIAN_POINT('Ctrl Pts',(-12.4413446215467,6.7400422073623,0.));
#1953=CARTESIAN_POINT('Ctrl Pts',(-12.5567292493002,6.58149347938074,0.));
#1954=CARTESIAN_POINT('',(-13.7359797001803,6.03569154696008,0.));
#1955=CARTESIAN_POINT('Ctrl Pts',(-12.5567292493002,6.58149347938074,0.));
#1956=CARTESIAN_POINT('Ctrl Pts',(-12.7138737793242,6.44890286597119,0.));
#1957=CARTESIAN_POINT('Ctrl Pts',(-13.0557788953022,6.1604206066876,0.));
#1958=CARTESIAN_POINT('Ctrl Pts',(-13.4973571758453,6.07944798311343,0.));
#1959=CARTESIAN_POINT('Ctrl Pts',(-13.7359797001803,6.03569154696008,0.));
#1960=CARTESIAN_POINT('',(-13.0943543372804,5.53404216832301,0.));
#1961=CARTESIAN_POINT('Ctrl Pts',(-13.7359797001803,6.03569154696008,0.));
#1962=CARTESIAN_POINT('Ctrl Pts',(-13.6143223743151,5.96004663227764,0.));
#1963=CARTESIAN_POINT('Ctrl Pts',(-13.3823491164613,5.81580873148396,0.));
#1964=CARTESIAN_POINT('Ctrl Pts',(-13.1871717951962,5.62485234270407,0.));
#1965=CARTESIAN_POINT('Ctrl Pts',(-13.0943543372804,5.53404216832301,0.));
#1966=CARTESIAN_POINT('',(-12.4138237698157,4.56540116897722,0.));
#1967=CARTESIAN_POINT('Ctrl Pts',(-13.0943543372804,5.53404216832301,0.));
#1968=CARTESIAN_POINT('Ctrl Pts',(-12.9932095889902,5.40949040901798,0.));
#1969=CARTESIAN_POINT('Ctrl Pts',(-12.7439957360002,5.10260325612292,0.));
#1970=CARTESIAN_POINT('Ctrl Pts',(-12.5368803129763,4.765618748279,0.));
#1971=CARTESIAN_POINT('Ctrl Pts',(-12.4138237698157,4.56540116897722,0.));
#1972=CARTESIAN_POINT('',(-11.6913741229564,3.40175001771312,0.));
#1973=CARTESIAN_POINT('',(-16.0194660611159,10.373016719151,0.));
#1974=CARTESIAN_POINT('',(-13.1284419303588,3.40695245935138,0.));
#1975=CARTESIAN_POINT('',(-14.6211677535726,3.41235639292862,0.));
#1976=CARTESIAN_POINT('',(-13.9924897342131,4.70508211444599,0.));
#1977=CARTESIAN_POINT('',(-17.0497670492558,9.29827976948477,0.));
#1978=CARTESIAN_POINT('',(-14.6226068845848,5.58220006390735,0.));
#1979=CARTESIAN_POINT('Ctrl Pts',(-13.9924897342131,4.70508211444599,0.));
#1980=CARTESIAN_POINT('Ctrl Pts',(-14.1179325153597,4.8969157588529,0.));
#1981=CARTESIAN_POINT('Ctrl Pts',(-14.3152204646178,5.19861878199873,0.));
#1982=CARTESIAN_POINT('Ctrl Pts',(-14.5405499856287,5.47980292321914,0.));
#1983=CARTESIAN_POINT('Ctrl Pts',(-14.6226068845848,5.58220006390735,0.));
#1984=CARTESIAN_POINT('',(-14.9830069708851,5.83113806819682,0.));
#1985=CARTESIAN_POINT('Ctrl Pts',(-14.6226068845848,5.58220006390735,0.));
#1986=CARTESIAN_POINT('Ctrl Pts',(-14.6782001398671,5.63718906394071,0.));
#1987=CARTESIAN_POINT('Ctrl Pts',(-14.7837433144072,5.74158506663635,0.));
#1988=CARTESIAN_POINT('Ctrl Pts',(-14.9189963881063,5.80237045487082,0.));
#1989=CARTESIAN_POINT('Ctrl Pts',(-14.9830069708851,5.83113806819682,0.));
#1990=CARTESIAN_POINT('',(-15.5876318827139,5.90030986478992,0.));
#1991=CARTESIAN_POINT('Ctrl Pts',(-14.9830069708851,5.83113806819682,0.));
#1992=CARTESIAN_POINT('Ctrl Pts',(-15.0648126392393,5.85082516507084,0.));
#1993=CARTESIAN_POINT('Ctrl Pts',(-15.2631911253843,5.89856631251248,0.));
#1994=CARTESIAN_POINT('Ctrl Pts',(-15.4675467368026,5.89966452438521,0.));
#1995=CARTESIAN_POINT('Ctrl Pts',(-15.5876318827139,5.90030986478992,0.));
#1996=CARTESIAN_POINT('',(-16.5647996079393,5.90384738614771,0.));
#1997=CARTESIAN_POINT('Origin',(-34.5,0.5,0.));
#1998=CARTESIAN_POINT('',(-35.,1.,-2.));
#1999=CARTESIAN_POINT('',(-34.,0.,-2.));
#2000=CARTESIAN_POINT('',(-34.5,0.499999999999995,-2.));
#2001=CARTESIAN_POINT('',(-34.,0.,0.));
#2002=CARTESIAN_POINT('',(-35.,1.,0.));
#2003=CARTESIAN_POINT('Origin',(0.,0.,0.));
#2004=CARTESIAN_POINT('',(-1.,0.,-2.));
#2005=CARTESIAN_POINT('',(0.,0.,-2.));
#2006=CARTESIAN_POINT('',(-1.,0.,0.));
#2007=CARTESIAN_POINT('Origin',(-0.5,0.5,0.));
#2008=CARTESIAN_POINT('',(-0.499999999999997,0.500000000000005,-2.));
#2009=CARTESIAN_POINT('Ctrl Pts',(-4.71095324060611,8.44687854232719,0.));
#2010=CARTESIAN_POINT('Ctrl Pts',(-4.71095324060611,8.44687854232719,-0.4));
#2011=CARTESIAN_POINT('Ctrl Pts',(-4.81319985840173,8.440861166087,0.));
#2012=CARTESIAN_POINT('Ctrl Pts',(-4.81319985840173,8.440861166087,-0.4));
#2013=CARTESIAN_POINT('Ctrl Pts',(-5.00805559723359,8.42939359563441,0.));
#2014=CARTESIAN_POINT('Ctrl Pts',(-5.00805559723359,8.42939359563441,-0.4));
#2015=CARTESIAN_POINT('Ctrl Pts',(-5.16211556561434,8.3104486119395,0.));
#2016=CARTESIAN_POINT('Ctrl Pts',(-5.16211556561434,8.3104486119395,-0.4));
#2017=CARTESIAN_POINT('Ctrl Pts',(-5.23533567370119,8.25391760875894,0.));
#2018=CARTESIAN_POINT('Ctrl Pts',(-5.23533567370119,8.25391760875894,-0.4));
#2019=CARTESIAN_POINT('',(-4.71095324060611,8.44687854232719,0.));
#2020=CARTESIAN_POINT('',(-5.23533567370119,8.25391760875894,0.));
#2021=CARTESIAN_POINT('Ctrl Pts',(-4.71095324060611,8.44687854232719,0.));
#2022=CARTESIAN_POINT('Ctrl Pts',(-4.81319985840173,8.440861166087,0.));
#2023=CARTESIAN_POINT('Ctrl Pts',(-5.00805559723359,8.42939359563441,0.));
#2024=CARTESIAN_POINT('Ctrl Pts',(-5.16211556561434,8.3104486119395,0.));
#2025=CARTESIAN_POINT('Ctrl Pts',(-5.23533567370119,8.25391760875894,0.));
#2026=CARTESIAN_POINT('',(-4.71095324060611,8.44687854232719,-0.4));
#2027=CARTESIAN_POINT('',(-4.71095324060611,8.44687854232719,0.));
#2028=CARTESIAN_POINT('',(-5.23533567370119,8.25391760875894,-0.4));
#2029=CARTESIAN_POINT('Ctrl Pts',(-4.71095324060611,8.44687854232719,-0.4));
#2030=CARTESIAN_POINT('Ctrl Pts',(-4.81319985840173,8.440861166087,-0.4));
#2031=CARTESIAN_POINT('Ctrl Pts',(-5.00805559723359,8.42939359563441,-0.4));
#2032=CARTESIAN_POINT('Ctrl Pts',(-5.16211556561434,8.3104486119395,-0.4));
#2033=CARTESIAN_POINT('Ctrl Pts',(-5.23533567370119,8.25391760875894,-0.4));
#2034=CARTESIAN_POINT('',(-5.23533567370119,8.25391760875894,0.));
#2035=CARTESIAN_POINT('Ctrl Pts',(-4.20218275355883,8.25220726049447,0.));
#2036=CARTESIAN_POINT('Ctrl Pts',(-4.20218275355883,8.25220726049447,-0.4));
#2037=CARTESIAN_POINT('Ctrl Pts',(-4.27346282423136,8.30868020028048,0.));
#2038=CARTESIAN_POINT('Ctrl Pts',(-4.27346282423136,8.30868020028048,-0.4));
#2039=CARTESIAN_POINT('Ctrl Pts',(-4.42225141952293,8.42656068641731,0.));
#2040=CARTESIAN_POINT('Ctrl Pts',(-4.42225141952293,8.42656068641731,-0.4));
#2041=CARTESIAN_POINT('Ctrl Pts',(-4.61207062020057,8.43991951856401,0.));
#2042=CARTESIAN_POINT('Ctrl Pts',(-4.61207062020057,8.43991951856401,-0.4));
#2043=CARTESIAN_POINT('Ctrl Pts',(-4.71095324060611,8.44687854232719,0.));
#2044=CARTESIAN_POINT('Ctrl Pts',(-4.71095324060611,8.44687854232719,-0.4));
#2045=CARTESIAN_POINT('',(-4.20218275355883,8.25220726049447,0.));
#2046=CARTESIAN_POINT('Ctrl Pts',(-4.20218275355883,8.25220726049447,0.));
#2047=CARTESIAN_POINT('Ctrl Pts',(-4.27346282423136,8.30868020028048,0.));
#2048=CARTESIAN_POINT('Ctrl Pts',(-4.42225141952293,8.42656068641731,0.));
#2049=CARTESIAN_POINT('Ctrl Pts',(-4.61207062020057,8.43991951856401,0.));
#2050=CARTESIAN_POINT('Ctrl Pts',(-4.71095324060611,8.44687854232719,0.));
#2051=CARTESIAN_POINT('',(-4.20218275355883,8.25220726049447,-0.4));
#2052=CARTESIAN_POINT('',(-4.20218275355883,8.25220726049447,0.));
#2053=CARTESIAN_POINT('Ctrl Pts',(-4.20218275355883,8.25220726049447,-0.4));
#2054=CARTESIAN_POINT('Ctrl Pts',(-4.27346282423136,8.30868020028048,-0.4));
#2055=CARTESIAN_POINT('Ctrl Pts',(-4.42225141952293,8.42656068641731,-0.4));
#2056=CARTESIAN_POINT('Ctrl Pts',(-4.61207062020057,8.43991951856401,-0.4));
#2057=CARTESIAN_POINT('Ctrl Pts',(-4.71095324060611,8.44687854232719,-0.4));
#2058=CARTESIAN_POINT('Ctrl Pts',(-4.01121490342184,7.73798069406127,0.));
#2059=CARTESIAN_POINT('Ctrl Pts',(-4.01121490342184,7.73798069406127,-0.4));
#2060=CARTESIAN_POINT('Ctrl Pts',(-4.01732394647084,7.837955192352,0.));
#2061=CARTESIAN_POINT('Ctrl Pts',(-4.01732394647084,7.837955192352,-0.4));
#2062=CARTESIAN_POINT('Ctrl Pts',(-4.02901129170005,8.02921861385163,0.));
#2063=CARTESIAN_POINT('Ctrl Pts',(-4.02901129170005,8.02921861385163,-0.4));
#2064=CARTESIAN_POINT('Ctrl Pts',(-4.14623334602548,8.18016257985013,0.));
#2065=CARTESIAN_POINT('Ctrl Pts',(-4.14623334602548,8.18016257985013,-0.4));
#2066=CARTESIAN_POINT('Ctrl Pts',(-4.20218275355883,8.25220726049447,0.));
#2067=CARTESIAN_POINT('Ctrl Pts',(-4.20218275355883,8.25220726049447,-0.4));
#2068=CARTESIAN_POINT('',(-4.01121490342184,7.73798069406127,0.));
#2069=CARTESIAN_POINT('Ctrl Pts',(-4.01121490342184,7.73798069406127,0.));
#2070=CARTESIAN_POINT('Ctrl Pts',(-4.01732394647084,7.837955192352,0.));
#2071=CARTESIAN_POINT('Ctrl Pts',(-4.02901129170005,8.02921861385163,0.));
#2072=CARTESIAN_POINT('Ctrl Pts',(-4.14623334602548,8.18016257985013,0.));
#2073=CARTESIAN_POINT('Ctrl Pts',(-4.20218275355883,8.25220726049447,0.));
#2074=CARTESIAN_POINT('',(-4.01121490342184,7.73798069406127,-0.4));
#2075=CARTESIAN_POINT('',(-4.01121490342184,7.73798069406127,0.));
#2076=CARTESIAN_POINT('Ctrl Pts',(-4.01121490342184,7.73798069406127,-0.4));
#2077=CARTESIAN_POINT('Ctrl Pts',(-4.01732394647084,7.837955192352,-0.4));
#2078=CARTESIAN_POINT('Ctrl Pts',(-4.02901129170005,8.02921861385163,-0.4));
#2079=CARTESIAN_POINT('Ctrl Pts',(-4.14623334602548,8.18016257985013,-0.4));
#2080=CARTESIAN_POINT('Ctrl Pts',(-4.20218275355883,8.25220726049447,-0.4));
#2081=CARTESIAN_POINT('Ctrl Pts',(-4.20800448492156,7.20485997991377,0.));
#2082=CARTESIAN_POINT('Ctrl Pts',(-4.20800448492156,7.20485997991377,-0.4));
#2083=CARTESIAN_POINT('Ctrl Pts',(-4.15096210950427,7.27821913849681,0.));
#2084=CARTESIAN_POINT('Ctrl Pts',(-4.15096210950427,7.27821913849681,-0.4));
#2085=CARTESIAN_POINT('Ctrl Pts',(-4.02945521909976,7.43448267375303,0.));
#2086=CARTESIAN_POINT('Ctrl Pts',(-4.02945521909976,7.43448267375303,-0.4));
#2087=CARTESIAN_POINT('Ctrl Pts',(-4.01753766632678,7.63277714065723,0.));
#2088=CARTESIAN_POINT('Ctrl Pts',(-4.01753766632678,7.63277714065723,-0.4));
#2089=CARTESIAN_POINT('Ctrl Pts',(-4.01121490342184,7.73798069406127,0.));
#2090=CARTESIAN_POINT('Ctrl Pts',(-4.01121490342184,7.73798069406127,-0.4));
#2091=CARTESIAN_POINT('',(-4.20800448492156,7.20485997991377,0.));
#2092=CARTESIAN_POINT('Ctrl Pts',(-4.20800448492156,7.20485997991377,0.));
#2093=CARTESIAN_POINT('Ctrl Pts',(-4.15096210950427,7.27821913849681,0.));
#2094=CARTESIAN_POINT('Ctrl Pts',(-4.02945521909976,7.43448267375303,0.));
#2095=CARTESIAN_POINT('Ctrl Pts',(-4.01753766632678,7.63277714065723,0.));
#2096=CARTESIAN_POINT('Ctrl Pts',(-4.01121490342184,7.73798069406127,0.));
#2097=CARTESIAN_POINT('',(-4.20800448492156,7.20485997991377,-0.4));
#2098=CARTESIAN_POINT('',(-4.20800448492156,7.20485997991377,0.));
#2099=CARTESIAN_POINT('Ctrl Pts',(-4.20800448492156,7.20485997991377,-0.4));
#2100=CARTESIAN_POINT('Ctrl Pts',(-4.15096210950427,7.27821913849681,-0.4));
#2101=CARTESIAN_POINT('Ctrl Pts',(-4.02945521909976,7.43448267375303,-0.4));
#2102=CARTESIAN_POINT('Ctrl Pts',(-4.01753766632678,7.63277714065723,-0.4));
#2103=CARTESIAN_POINT('Ctrl Pts',(-4.01121490342184,7.73798069406127,-0.4));
#2104=CARTESIAN_POINT('Ctrl Pts',(-4.72832051998501,7.01391417473874,0.));
#2105=CARTESIAN_POINT('Ctrl Pts',(-4.72832051998501,7.01391417473874,-0.4));
#2106=CARTESIAN_POINT('Ctrl Pts',(-4.62717346416411,7.01994644075194,0.));
#2107=CARTESIAN_POINT('Ctrl Pts',(-4.62717346416411,7.01994644075194,-0.4));
#2108=CARTESIAN_POINT('Ctrl Pts',(-4.43402953426119,7.03146526900209,0.));
#2109=CARTESIAN_POINT('Ctrl Pts',(-4.43402953426119,7.03146526900209,-0.4));
#2110=CARTESIAN_POINT('Ctrl Pts',(-4.28092844989915,7.14891649107142,0.));
#2111=CARTESIAN_POINT('Ctrl Pts',(-4.28092844989915,7.14891649107142,-0.4));
#2112=CARTESIAN_POINT('Ctrl Pts',(-4.20800448492156,7.20485997991377,0.));
#2113=CARTESIAN_POINT('Ctrl Pts',(-4.20800448492156,7.20485997991377,-0.4));
#2114=CARTESIAN_POINT('',(-4.72832051998501,7.01391417473874,0.));
#2115=CARTESIAN_POINT('Ctrl Pts',(-4.72832051998501,7.01391417473874,0.));
#2116=CARTESIAN_POINT('Ctrl Pts',(-4.62717346416411,7.01994644075194,0.));
#2117=CARTESIAN_POINT('Ctrl Pts',(-4.43402953426119,7.03146526900209,0.));
#2118=CARTESIAN_POINT('Ctrl Pts',(-4.28092844989915,7.14891649107142,0.));
#2119=CARTESIAN_POINT('Ctrl Pts',(-4.20800448492156,7.20485997991377,0.));
#2120=CARTESIAN_POINT('',(-4.72832051998501,7.01391417473874,-0.4));
#2121=CARTESIAN_POINT('',(-4.72832051998501,7.01391417473874,0.));
#2122=CARTESIAN_POINT('Ctrl Pts',(-4.72832051998501,7.01391417473874,-0.4));
#2123=CARTESIAN_POINT('Ctrl Pts',(-4.62717346416411,7.01994644075194,-0.4));
#2124=CARTESIAN_POINT('Ctrl Pts',(-4.43402953426119,7.03146526900209,-0.4));
#2125=CARTESIAN_POINT('Ctrl Pts',(-4.28092844989915,7.14891649107142,-0.4));
#2126=CARTESIAN_POINT('Ctrl Pts',(-4.20800448492156,7.20485997991377,-0.4));
#2127=CARTESIAN_POINT('Ctrl Pts',(-5.24115740506391,7.20657032817823,0.));
#2128=CARTESIAN_POINT('Ctrl Pts',(-5.24115740506391,7.20657032817823,-0.4));
#2129=CARTESIAN_POINT('Ctrl Pts',(-5.16945487455767,7.15069425380358,0.));
#2130=CARTESIAN_POINT('Ctrl Pts',(-5.16945487455767,7.15069425380358,-0.4));
#2131=CARTESIAN_POINT('Ctrl Pts',(-5.01900820864705,7.03345475005819,0.));
#2132=CARTESIAN_POINT('Ctrl Pts',(-5.01900820864705,7.03345475005819,-0.4));
#2133=CARTESIAN_POINT('Ctrl Pts',(-4.82819342319516,7.02062781987635,0.));
#2134=CARTESIAN_POINT('Ctrl Pts',(-4.82819342319516,7.02062781987635,-0.4));
#2135=CARTESIAN_POINT('Ctrl Pts',(-4.72832051998501,7.01391417473874,0.));
#2136=CARTESIAN_POINT('Ctrl Pts',(-4.72832051998501,7.01391417473874,-0.4));
#2137=CARTESIAN_POINT('',(-5.24115740506391,7.20657032817823,0.));
#2138=CARTESIAN_POINT('Ctrl Pts',(-5.24115740506391,7.20657032817823,0.));
#2139=CARTESIAN_POINT('Ctrl Pts',(-5.16945487455767,7.15069425380358,0.));
#2140=CARTESIAN_POINT('Ctrl Pts',(-5.01900820864705,7.03345475005819,0.));
#2141=CARTESIAN_POINT('Ctrl Pts',(-4.82819342319516,7.02062781987635,0.));
#2142=CARTESIAN_POINT('Ctrl Pts',(-4.72832051998501,7.01391417473874,0.));
#2143=CARTESIAN_POINT('',(-5.24115740506391,7.20657032817823,-0.4));
#2144=CARTESIAN_POINT('',(-5.24115740506391,7.20657032817823,0.));
#2145=CARTESIAN_POINT('Ctrl Pts',(-5.24115740506391,7.20657032817823,-0.4));
#2146=CARTESIAN_POINT('Ctrl Pts',(-5.16945487455767,7.15069425380358,-0.4));
#2147=CARTESIAN_POINT('Ctrl Pts',(-5.01900820864705,7.03345475005819,-0.4));
#2148=CARTESIAN_POINT('Ctrl Pts',(-4.82819342319516,7.02062781987635,-0.4));
#2149=CARTESIAN_POINT('Ctrl Pts',(-4.72832051998501,7.01391417473874,-0.4));
#2150=CARTESIAN_POINT('Ctrl Pts',(-5.43205912247279,7.73906470445968,0.));
#2151=CARTESIAN_POINT('Ctrl Pts',(-5.43205912247279,7.73906470445968,-0.4));
#2152=CARTESIAN_POINT('Ctrl Pts',(-5.42667263904848,7.63400410553808,0.));
#2153=CARTESIAN_POINT('Ctrl Pts',(-5.42667263904848,7.63400410553808,-0.4));
#2154=CARTESIAN_POINT('Ctrl Pts',(-5.41654765371108,7.43652145501684,0.));
#2155=CARTESIAN_POINT('Ctrl Pts',(-5.41654765371108,7.43652145501684,-0.4));
#2156=CARTESIAN_POINT('Ctrl Pts',(-5.29707207803042,7.27987909052184,0.));
#2157=CARTESIAN_POINT('Ctrl Pts',(-5.29707207803042,7.27987909052184,-0.4));
#2158=CARTESIAN_POINT('Ctrl Pts',(-5.24115740506391,7.20657032817823,0.));
#2159=CARTESIAN_POINT('Ctrl Pts',(-5.24115740506391,7.20657032817823,-0.4));
#2160=CARTESIAN_POINT('',(-5.43205912247279,7.73906470445968,0.));
#2161=CARTESIAN_POINT('Ctrl Pts',(-5.43205912247279,7.73906470445968,0.));
#2162=CARTESIAN_POINT('Ctrl Pts',(-5.42667263904848,7.63400410553808,0.));
#2163=CARTESIAN_POINT('Ctrl Pts',(-5.41654765371108,7.43652145501684,0.));
#2164=CARTESIAN_POINT('Ctrl Pts',(-5.29707207803042,7.27987909052184,0.));
#2165=CARTESIAN_POINT('Ctrl Pts',(-5.24115740506391,7.20657032817823,0.));
#2166=CARTESIAN_POINT('',(-5.43205912247279,7.73906470445968,-0.4));
#2167=CARTESIAN_POINT('',(-5.43205912247279,7.73906470445968,0.));
#2168=CARTESIAN_POINT('Ctrl Pts',(-5.43205912247279,7.73906470445968,-0.4));
#2169=CARTESIAN_POINT('Ctrl Pts',(-5.42667263904848,7.63400410553808,-0.4));
#2170=CARTESIAN_POINT('Ctrl Pts',(-5.41654765371108,7.43652145501684,-0.4));
#2171=CARTESIAN_POINT('Ctrl Pts',(-5.29707207803042,7.27987909052184,-0.4));
#2172=CARTESIAN_POINT('Ctrl Pts',(-5.24115740506391,7.20657032817823,-0.4));
#2173=CARTESIAN_POINT('Ctrl Pts',(-5.23533567370119,8.25391760875894,0.));
#2174=CARTESIAN_POINT('Ctrl Pts',(-5.23533567370119,8.25391760875894,-0.4));
#2175=CARTESIAN_POINT('Ctrl Pts',(-5.29240244362881,8.18182316219412,0.));
#2176=CARTESIAN_POINT('Ctrl Pts',(-5.29240244362881,8.18182316219412,-0.4));
#2177=CARTESIAN_POINT('Ctrl Pts',(-5.41160120339088,8.03123519958194,0.));
#2178=CARTESIAN_POINT('Ctrl Pts',(-5.41160120339088,8.03123519958194,-0.4));
#2179=CARTESIAN_POINT('Ctrl Pts',(-5.42504932836307,7.83917532702785,0.));
#2180=CARTESIAN_POINT('Ctrl Pts',(-5.42504932836307,7.83917532702785,-0.4));
#2181=CARTESIAN_POINT('Ctrl Pts',(-5.43205912247279,7.73906470445968,0.));
#2182=CARTESIAN_POINT('Ctrl Pts',(-5.43205912247279,7.73906470445968,-0.4));
#2183=CARTESIAN_POINT('Ctrl Pts',(-5.23533567370119,8.25391760875894,0.));
#2184=CARTESIAN_POINT('Ctrl Pts',(-5.29240244362881,8.18182316219412,0.));
#2185=CARTESIAN_POINT('Ctrl Pts',(-5.41160120339088,8.03123519958194,0.));
#2186=CARTESIAN_POINT('Ctrl Pts',(-5.42504932836307,7.83917532702785,0.));
#2187=CARTESIAN_POINT('Ctrl Pts',(-5.43205912247279,7.73906470445968,0.));
#2188=CARTESIAN_POINT('Ctrl Pts',(-5.23533567370119,8.25391760875894,-0.4));
#2189=CARTESIAN_POINT('Ctrl Pts',(-5.29240244362881,8.18182316219412,-0.4));
#2190=CARTESIAN_POINT('Ctrl Pts',(-5.41160120339088,8.03123519958194,-0.4));
#2191=CARTESIAN_POINT('Ctrl Pts',(-5.42504932836307,7.83917532702785,-0.4));
#2192=CARTESIAN_POINT('Ctrl Pts',(-5.43205912247279,7.73906470445968,-0.4));
#2193=CARTESIAN_POINT('Ctrl Pts',(-4.71538857337689,6.10046489576123,0.));
#2194=CARTESIAN_POINT('Ctrl Pts',(-4.71538857337689,6.10046489576123,-0.4));
#2195=CARTESIAN_POINT('Ctrl Pts',(-4.84400550969259,6.09148504688657,0.));
#2196=CARTESIAN_POINT('Ctrl Pts',(-4.84400550969259,6.09148504688657,-0.4));
#2197=CARTESIAN_POINT('Ctrl Pts',(-5.08910535653315,6.07437252930625,0.));
#2198=CARTESIAN_POINT('Ctrl Pts',(-5.08910535653315,6.07437252930625,-0.4));
#2199=CARTESIAN_POINT('Ctrl Pts',(-5.25888149748181,5.89821414641046,0.));
#2200=CARTESIAN_POINT('Ctrl Pts',(-5.25888149748181,5.89821414641046,-0.4));
#2201=CARTESIAN_POINT('Ctrl Pts',(-5.3395670600813,5.81449544394059,0.));
#2202=CARTESIAN_POINT('Ctrl Pts',(-5.3395670600813,5.81449544394059,-0.4));
#2203=CARTESIAN_POINT('',(-4.71538857337689,6.10046489576123,0.));
#2204=CARTESIAN_POINT('',(-5.3395670600813,5.81449544394059,0.));
#2205=CARTESIAN_POINT('Ctrl Pts',(-4.71538857337689,6.10046489576123,0.));
#2206=CARTESIAN_POINT('Ctrl Pts',(-4.84400550969259,6.09148504688657,0.));
#2207=CARTESIAN_POINT('Ctrl Pts',(-5.08910535653315,6.07437252930625,0.));
#2208=CARTESIAN_POINT('Ctrl Pts',(-5.25888149748181,5.89821414641046,0.));
#2209=CARTESIAN_POINT('Ctrl Pts',(-5.3395670600813,5.81449544394059,0.));
#2210=CARTESIAN_POINT('',(-4.71538857337689,6.10046489576123,-0.4));
#2211=CARTESIAN_POINT('',(-4.71538857337689,6.10046489576123,0.));
#2212=CARTESIAN_POINT('',(-5.3395670600813,5.81449544394059,-0.4));
#2213=CARTESIAN_POINT('Ctrl Pts',(-4.71538857337689,6.10046489576123,-0.4));
#2214=CARTESIAN_POINT('Ctrl Pts',(-4.84400550969259,6.09148504688657,-0.4));
#2215=CARTESIAN_POINT('Ctrl Pts',(-5.08910535653315,6.07437252930625,-0.4));
#2216=CARTESIAN_POINT('Ctrl Pts',(-5.25888149748181,5.89821414641046,-0.4));
#2217=CARTESIAN_POINT('Ctrl Pts',(-5.3395670600813,5.81449544394059,-0.4));
#2218=CARTESIAN_POINT('',(-5.3395670600813,5.81449544394059,0.));
#2219=CARTESIAN_POINT('Ctrl Pts',(-4.11955882796694,5.84458474767534,0.));
#2220=CARTESIAN_POINT('Ctrl Pts',(-4.11955882796694,5.84458474767534,-0.4));
#2221=CARTESIAN_POINT('Ctrl Pts',(-4.20373520825672,5.91888896716695,0.));
#2222=CARTESIAN_POINT('Ctrl Pts',(-4.20373520825672,5.91888896716695,-0.4));
#2223=CARTESIAN_POINT('Ctrl Pts',(-4.37416277422381,6.06932887947305,0.));
#2224=CARTESIAN_POINT('Ctrl Pts',(-4.37416277422381,6.06932887947305,-0.4));
#2225=CARTESIAN_POINT('Ctrl Pts',(-4.60072723280198,6.09000232998623,0.));
#2226=CARTESIAN_POINT('Ctrl Pts',(-4.60072723280198,6.09000232998623,-0.4));
#2227=CARTESIAN_POINT('Ctrl Pts',(-4.71538857337689,6.10046489576123,0.));
#2228=CARTESIAN_POINT('Ctrl Pts',(-4.71538857337689,6.10046489576123,-0.4));
#2229=CARTESIAN_POINT('',(-4.11955882796694,5.84458474767534,0.));
#2230=CARTESIAN_POINT('Ctrl Pts',(-4.11955882796694,5.84458474767534,0.));
#2231=CARTESIAN_POINT('Ctrl Pts',(-4.20373520825672,5.91888896716695,0.));
#2232=CARTESIAN_POINT('Ctrl Pts',(-4.37416277422381,6.06932887947305,0.));
#2233=CARTESIAN_POINT('Ctrl Pts',(-4.60072723280198,6.09000232998623,0.));
#2234=CARTESIAN_POINT('Ctrl Pts',(-4.71538857337689,6.10046489576123,0.));
#2235=CARTESIAN_POINT('',(-4.11955882796694,5.84458474767534,-0.4));
#2236=CARTESIAN_POINT('',(-4.11955882796694,5.84458474767534,0.));
#2237=CARTESIAN_POINT('Ctrl Pts',(-4.11955882796694,5.84458474767534,-0.4));
#2238=CARTESIAN_POINT('Ctrl Pts',(-4.20373520825672,5.91888896716695,-0.4));
#2239=CARTESIAN_POINT('Ctrl Pts',(-4.37416277422381,6.06932887947305,-0.4));
#2240=CARTESIAN_POINT('Ctrl Pts',(-4.60072723280198,6.09000232998623,-0.4));
#2241=CARTESIAN_POINT('Ctrl Pts',(-4.71538857337689,6.10046489576123,-0.4));
#2242=CARTESIAN_POINT('Ctrl Pts',(-3.88653874215192,5.17188275171984,0.));
#2243=CARTESIAN_POINT('Ctrl Pts',(-3.88653874215192,5.17188275171984,-0.4));
#2244=CARTESIAN_POINT('Ctrl Pts',(-3.89365655154159,5.30194127569548,0.));
#2245=CARTESIAN_POINT('Ctrl Pts',(-3.89365655154159,5.30194127569548,-0.4));
#2246=CARTESIAN_POINT('Ctrl Pts',(-3.90718460066318,5.54912942091027,0.));
#2247=CARTESIAN_POINT('Ctrl Pts',(-3.90718460066318,5.54912942091027,-0.4));
#2248=CARTESIAN_POINT('Ctrl Pts',(-4.05127966319503,5.74959467663401,0.));
#2249=CARTESIAN_POINT('Ctrl Pts',(-4.05127966319503,5.74959467663401,-0.4));
#2250=CARTESIAN_POINT('Ctrl Pts',(-4.11955882796694,5.84458474767534,0.));
#2251=CARTESIAN_POINT('Ctrl Pts',(-4.11955882796694,5.84458474767534,-0.4));
#2252=CARTESIAN_POINT('',(-3.88653874215192,5.17188275171984,0.));
#2253=CARTESIAN_POINT('Ctrl Pts',(-3.88653874215192,5.17188275171984,0.));
#2254=CARTESIAN_POINT('Ctrl Pts',(-3.89365655154159,5.30194127569548,0.));
#2255=CARTESIAN_POINT('Ctrl Pts',(-3.90718460066318,5.54912942091027,0.));
#2256=CARTESIAN_POINT('Ctrl Pts',(-4.05127966319503,5.74959467663401,0.));
#2257=CARTESIAN_POINT('Ctrl Pts',(-4.11955882796694,5.84458474767534,0.));
#2258=CARTESIAN_POINT('',(-3.88653874215192,5.17188275171984,-0.4));
#2259=CARTESIAN_POINT('',(-3.88653874215192,5.17188275171984,0.));
#2260=CARTESIAN_POINT('Ctrl Pts',(-3.88653874215192,5.17188275171984,-0.4));
#2261=CARTESIAN_POINT('Ctrl Pts',(-3.89365655154159,5.30194127569548,-0.4));
#2262=CARTESIAN_POINT('Ctrl Pts',(-3.90718460066318,5.54912942091027,-0.4));
#2263=CARTESIAN_POINT('Ctrl Pts',(-4.05127966319503,5.74959467663401,-0.4));
#2264=CARTESIAN_POINT('Ctrl Pts',(-4.11955882796694,5.84458474767534,-0.4));
#2265=CARTESIAN_POINT('Ctrl Pts',(-4.12058345791534,4.43997851343811,0.));
#2266=CARTESIAN_POINT('Ctrl Pts',(-4.12058345791534,4.43997851343811,-0.4));
#2267=CARTESIAN_POINT('Ctrl Pts',(-4.05287864718993,4.53990361824228,0.));
#2268=CARTESIAN_POINT('Ctrl Pts',(-4.05287864718993,4.53990361824228,-0.4));
#2269=CARTESIAN_POINT('Ctrl Pts',(-3.90387770787855,4.75981316849557,0.));
#2270=CARTESIAN_POINT('Ctrl Pts',(-3.90387770787855,4.75981316849557,-0.4));
#2271=CARTESIAN_POINT('Ctrl Pts',(-3.89265949219068,5.02641992785489,0.));
#2272=CARTESIAN_POINT('Ctrl Pts',(-3.89265949219068,5.02641992785489,-0.4));
#2273=CARTESIAN_POINT('Ctrl Pts',(-3.88653874215192,5.17188275171984,0.));
#2274=CARTESIAN_POINT('Ctrl Pts',(-3.88653874215192,5.17188275171984,-0.4));
#2275=CARTESIAN_POINT('',(-4.12058345791534,4.43997851343811,0.));
#2276=CARTESIAN_POINT('Ctrl Pts',(-4.12058345791534,4.43997851343811,0.));
#2277=CARTESIAN_POINT('Ctrl Pts',(-4.05287864718993,4.53990361824228,0.));
#2278=CARTESIAN_POINT('Ctrl Pts',(-3.90387770787855,4.75981316849557,0.));
#2279=CARTESIAN_POINT('Ctrl Pts',(-3.89265949219068,5.02641992785489,0.));
#2280=CARTESIAN_POINT('Ctrl Pts',(-3.88653874215192,5.17188275171984,0.));
#2281=CARTESIAN_POINT('',(-4.12058345791534,4.43997851343811,-0.4));
#2282=CARTESIAN_POINT('',(-4.12058345791534,4.43997851343811,0.));
#2283=CARTESIAN_POINT('Ctrl Pts',(-4.12058345791534,4.43997851343811,-0.4));
#2284=CARTESIAN_POINT('Ctrl Pts',(-4.05287864718993,4.53990361824228,-0.4));
#2285=CARTESIAN_POINT('Ctrl Pts',(-3.90387770787855,4.75981316849557,-0.4));
#2286=CARTESIAN_POINT('Ctrl Pts',(-3.89265949219068,5.02641992785489,-0.4));
#2287=CARTESIAN_POINT('Ctrl Pts',(-3.88653874215192,5.17188275171984,-0.4));
#2288=CARTESIAN_POINT('Ctrl Pts',(-4.7060718818533,4.18837554376048,0.));
#2289=CARTESIAN_POINT('Ctrl Pts',(-4.7060718818533,4.18837554376048,-0.4));
#2290=CARTESIAN_POINT('Ctrl Pts',(-4.59369792098554,4.19819786490368,0.));
#2291=CARTESIAN_POINT('Ctrl Pts',(-4.59369792098554,4.19819786490368,-0.4));
#2292=CARTESIAN_POINT('Ctrl Pts',(-4.37073460018417,4.2176865197767,0.));
#2293=CARTESIAN_POINT('Ctrl Pts',(-4.37073460018417,4.2176865197767,-0.4));
#2294=CARTESIAN_POINT('Ctrl Pts',(-4.20352104561277,4.36627762384186,0.));
#2295=CARTESIAN_POINT('Ctrl Pts',(-4.20352104561277,4.36627762384186,-0.4));
#2296=CARTESIAN_POINT('Ctrl Pts',(-4.12058345791534,4.43997851343811,0.));
#2297=CARTESIAN_POINT('Ctrl Pts',(-4.12058345791534,4.43997851343811,-0.4));
#2298=CARTESIAN_POINT('',(-4.7060718818533,4.18837554376048,0.));
#2299=CARTESIAN_POINT('Ctrl Pts',(-4.7060718818533,4.18837554376048,0.));
#2300=CARTESIAN_POINT('Ctrl Pts',(-4.59369792098554,4.19819786490368,0.));
#2301=CARTESIAN_POINT('Ctrl Pts',(-4.37073460018417,4.2176865197767,0.));
#2302=CARTESIAN_POINT('Ctrl Pts',(-4.20352104561277,4.36627762384186,0.));
#2303=CARTESIAN_POINT('Ctrl Pts',(-4.12058345791534,4.43997851343811,0.));
#2304=CARTESIAN_POINT('',(-4.7060718818533,4.18837554376048,-0.4));
#2305=CARTESIAN_POINT('',(-4.7060718818533,4.18837554376048,0.));
#2306=CARTESIAN_POINT('Ctrl Pts',(-4.7060718818533,4.18837554376048,-0.4));
#2307=CARTESIAN_POINT('Ctrl Pts',(-4.59369792098554,4.19819786490368,-0.4));
#2308=CARTESIAN_POINT('Ctrl Pts',(-4.37073460018417,4.2176865197767,-0.4));
#2309=CARTESIAN_POINT('Ctrl Pts',(-4.20352104561277,4.36627762384186,-0.4));
#2310=CARTESIAN_POINT('Ctrl Pts',(-4.12058345791534,4.43997851343811,-0.4));
#2311=CARTESIAN_POINT('Ctrl Pts',(-5.30795525159071,4.45442596036496,0.));
#2312=CARTESIAN_POINT('Ctrl Pts',(-5.30795525159071,4.45442596036496,-0.4));
#2313=CARTESIAN_POINT('Ctrl Pts',(-5.22256077388083,4.37715447390868,0.));
#2314=CARTESIAN_POINT('Ctrl Pts',(-5.22256077388083,4.37715447390868,-0.4));
#2315=CARTESIAN_POINT('Ctrl Pts',(-5.05128777899392,4.22217350488522,0.));
#2316=CARTESIAN_POINT('Ctrl Pts',(-5.05128777899392,4.22217350488522,-0.4));
#2317=CARTESIAN_POINT('Ctrl Pts',(-4.82136044894911,4.19966273690861,0.));
#2318=CARTESIAN_POINT('Ctrl Pts',(-4.82136044894911,4.19966273690861,-0.4));
#2319=CARTESIAN_POINT('Ctrl Pts',(-4.7060718818533,4.18837554376048,0.));
#2320=CARTESIAN_POINT('Ctrl Pts',(-4.7060718818533,4.18837554376048,-0.4));
#2321=CARTESIAN_POINT('',(-5.30795525159071,4.45442596036496,0.));
#2322=CARTESIAN_POINT('Ctrl Pts',(-5.30795525159071,4.45442596036496,0.));
#2323=CARTESIAN_POINT('Ctrl Pts',(-5.22256077388083,4.37715447390868,0.));
#2324=CARTESIAN_POINT('Ctrl Pts',(-5.05128777899392,4.22217350488522,0.));
#2325=CARTESIAN_POINT('Ctrl Pts',(-4.82136044894911,4.19966273690861,0.));
#2326=CARTESIAN_POINT('Ctrl Pts',(-4.7060718818533,4.18837554376048,0.));
#2327=CARTESIAN_POINT('',(-5.30795525159071,4.45442596036496,-0.4));
#2328=CARTESIAN_POINT('',(-5.30795525159071,4.45442596036496,0.));
#2329=CARTESIAN_POINT('Ctrl Pts',(-5.30795525159071,4.45442596036496,-0.4));
#2330=CARTESIAN_POINT('Ctrl Pts',(-5.22256077388083,4.37715447390868,-0.4));
#2331=CARTESIAN_POINT('Ctrl Pts',(-5.05128777899392,4.22217350488522,-0.4));
#2332=CARTESIAN_POINT('Ctrl Pts',(-4.82136044894911,4.19966273690861,-0.4));
#2333=CARTESIAN_POINT('Ctrl Pts',(-4.7060718818533,4.18837554376048,-0.4));
#2334=CARTESIAN_POINT('Ctrl Pts',(-5.54683552554156,5.19007241891846,0.));
#2335=CARTESIAN_POINT('Ctrl Pts',(-5.54683552554156,5.19007241891846,-0.4));
#2336=CARTESIAN_POINT('Ctrl Pts',(-5.54071236236992,5.04568416003846,0.));
#2337=CARTESIAN_POINT('Ctrl Pts',(-5.54071236236992,5.04568416003846,-0.4));
#2338=CARTESIAN_POINT('Ctrl Pts',(-5.52932712827015,4.77721276992082,0.));
#2339=CARTESIAN_POINT('Ctrl Pts',(-5.52932712827015,4.77721276992082,-0.4));
#2340=CARTESIAN_POINT('Ctrl Pts',(-5.3779290109847,4.5564561138163,0.));
#2341=CARTESIAN_POINT('Ctrl Pts',(-5.3779290109847,4.5564561138163,-0.4));
#2342=CARTESIAN_POINT('Ctrl Pts',(-5.30795525159071,4.45442596036496,0.));
#2343=CARTESIAN_POINT('Ctrl Pts',(-5.30795525159071,4.45442596036496,-0.4));
#2344=CARTESIAN_POINT('',(-5.54683552554156,5.19007241891846,0.));
#2345=CARTESIAN_POINT('Ctrl Pts',(-5.54683552554156,5.19007241891846,0.));
#2346=CARTESIAN_POINT('Ctrl Pts',(-5.54071236236992,5.04568416003846,0.));
#2347=CARTESIAN_POINT('Ctrl Pts',(-5.52932712827015,4.77721276992082,0.));
#2348=CARTESIAN_POINT('Ctrl Pts',(-5.3779290109847,4.5564561138163,0.));
#2349=CARTESIAN_POINT('Ctrl Pts',(-5.30795525159071,4.45442596036496,0.));
#2350=CARTESIAN_POINT('',(-5.54683552554156,5.19007241891846,-0.4));
#2351=CARTESIAN_POINT('',(-5.54683552554156,5.19007241891846,0.));
#2352=CARTESIAN_POINT('Ctrl Pts',(-5.54683552554156,5.19007241891846,-0.4));
#2353=CARTESIAN_POINT('Ctrl Pts',(-5.54071236236992,5.04568416003846,-0.4));
#2354=CARTESIAN_POINT('Ctrl Pts',(-5.52932712827015,4.77721276992082,-0.4));
#2355=CARTESIAN_POINT('Ctrl Pts',(-5.3779290109847,4.5564561138163,-0.4));
#2356=CARTESIAN_POINT('Ctrl Pts',(-5.30795525159071,4.45442596036496,-0.4));
#2357=CARTESIAN_POINT('Ctrl Pts',(-5.3395670600813,5.81449544394059,0.));
#2358=CARTESIAN_POINT('Ctrl Pts',(-5.3395670600813,5.81449544394059,-0.4));
#2359=CARTESIAN_POINT('Ctrl Pts',(-5.3997097580313,5.71735758723807,0.));
#2360=CARTESIAN_POINT('Ctrl Pts',(-5.3997097580313,5.71735758723807,-0.4));
#2361=CARTESIAN_POINT('Ctrl Pts',(-5.51844724772352,5.52558193280152,0.));
#2362=CARTESIAN_POINT('Ctrl Pts',(-5.51844724772352,5.52558193280152,-0.4));
#2363=CARTESIAN_POINT('Ctrl Pts',(-5.53745536523903,5.3009327198997,0.));
#2364=CARTESIAN_POINT('Ctrl Pts',(-5.53745536523903,5.3009327198997,-0.4));
#2365=CARTESIAN_POINT('Ctrl Pts',(-5.54683552554156,5.19007241891846,0.));
#2366=CARTESIAN_POINT('Ctrl Pts',(-5.54683552554156,5.19007241891846,-0.4));
#2367=CARTESIAN_POINT('Ctrl Pts',(-5.3395670600813,5.81449544394059,0.));
#2368=CARTESIAN_POINT('Ctrl Pts',(-5.3997097580313,5.71735758723807,0.));
#2369=CARTESIAN_POINT('Ctrl Pts',(-5.51844724772352,5.52558193280152,0.));
#2370=CARTESIAN_POINT('Ctrl Pts',(-5.53745536523903,5.3009327198997,0.));
#2371=CARTESIAN_POINT('Ctrl Pts',(-5.54683552554156,5.19007241891846,0.));
#2372=CARTESIAN_POINT('Ctrl Pts',(-5.3395670600813,5.81449544394059,-0.4));
#2373=CARTESIAN_POINT('Ctrl Pts',(-5.3997097580313,5.71735758723807,-0.4));
#2374=CARTESIAN_POINT('Ctrl Pts',(-5.51844724772352,5.52558193280152,-0.4));
#2375=CARTESIAN_POINT('Ctrl Pts',(-5.53745536523903,5.3009327198997,-0.4));
#2376=CARTESIAN_POINT('Ctrl Pts',(-5.54683552554156,5.19007241891846,-0.4));
#2377=CARTESIAN_POINT('Ctrl Pts',(-6.67171783703701,5.08453639784747,0.));
#2378=CARTESIAN_POINT('Ctrl Pts',(-6.67171783703701,5.08453639784747,-0.4));
#2379=CARTESIAN_POINT('Ctrl Pts',(-6.66147034693165,5.24171945447861,0.));
#2380=CARTESIAN_POINT('Ctrl Pts',(-6.66147034693165,5.24171945447861,-0.4));
#2381=CARTESIAN_POINT('Ctrl Pts',(-6.64112735307469,5.5537542964343,0.));
#2382=CARTESIAN_POINT('Ctrl Pts',(-6.64112735307469,5.5537542964343,-0.4));
#2383=CARTESIAN_POINT('Ctrl Pts',(-6.49935295969727,5.83239403095257,0.));
#2384=CARTESIAN_POINT('Ctrl Pts',(-6.49935295969727,5.83239403095257,-0.4));
#2385=CARTESIAN_POINT('Ctrl Pts',(-6.42899537465901,5.97067301313956,0.));
#2386=CARTESIAN_POINT('Ctrl Pts',(-6.42899537465901,5.97067301313956,-0.4));
#2387=CARTESIAN_POINT('',(-6.67171783703701,5.08453639784747,-0.4));
#2388=CARTESIAN_POINT('',(-6.67171783703701,5.08453639784747,0.));
#2389=CARTESIAN_POINT('',(-6.42899537465901,5.97067301313956,-0.4));
#2390=CARTESIAN_POINT('Ctrl Pts',(-6.67171783703701,5.08453639784747,-0.4));
#2391=CARTESIAN_POINT('Ctrl Pts',(-6.66147034693165,5.24171945447861,-0.4));
#2392=CARTESIAN_POINT('Ctrl Pts',(-6.64112735307469,5.5537542964343,-0.4));
#2393=CARTESIAN_POINT('Ctrl Pts',(-6.49935295969727,5.83239403095257,-0.4));
#2394=CARTESIAN_POINT('Ctrl Pts',(-6.42899537465901,5.97067301313956,-0.4));
#2395=CARTESIAN_POINT('',(-6.42899537465901,5.97067301313956,0.));
#2396=CARTESIAN_POINT('Ctrl Pts',(-6.03937100927954,3.70199484372436,0.));
#2397=CARTESIAN_POINT('Ctrl Pts',(-6.03937100927954,3.70199484372436,-0.4));
#2398=CARTESIAN_POINT('Ctrl Pts',(-6.22456153101353,3.8891588443251,0.));
#2399=CARTESIAN_POINT('Ctrl Pts',(-6.22456153101353,3.8891588443251,-0.4));
#2400=CARTESIAN_POINT('Ctrl Pts',(-6.60340364726699,4.27203808355473,0.));
#2401=CARTESIAN_POINT('Ctrl Pts',(-6.60340364726699,4.27203808355473,-0.4));
#2402=CARTESIAN_POINT('Ctrl Pts',(-6.64860989448964,4.8097008998387,0.));
#2403=CARTESIAN_POINT('Ctrl Pts',(-6.64860989448964,4.8097008998387,-0.4));
#2404=CARTESIAN_POINT('Ctrl Pts',(-6.67171783703701,5.08453639784747,0.));
#2405=CARTESIAN_POINT('Ctrl Pts',(-6.67171783703701,5.08453639784747,-0.4));
#2406=CARTESIAN_POINT('',(-6.03937100927954,3.70199484372436,-0.4));
#2407=CARTESIAN_POINT('',(-6.03937100927954,3.70199484372436,0.));
#2408=CARTESIAN_POINT('Ctrl Pts',(-6.03937100927954,3.70199484372436,-0.4));
#2409=CARTESIAN_POINT('Ctrl Pts',(-6.22456153101353,3.8891588443251,-0.4));
#2410=CARTESIAN_POINT('Ctrl Pts',(-6.60340364726699,4.27203808355473,-0.4));
#2411=CARTESIAN_POINT('Ctrl Pts',(-6.64860989448964,4.8097008998387,-0.4));
#2412=CARTESIAN_POINT('Ctrl Pts',(-6.67171783703701,5.08453639784747,-0.4));
#2413=CARTESIAN_POINT('Ctrl Pts',(-4.68909558217552,3.27085192454593,0.));
#2414=CARTESIAN_POINT('Ctrl Pts',(-4.68909558217552,3.27085192454593,-0.4));
#2415=CARTESIAN_POINT('Ctrl Pts',(-4.94387166261675,3.28611630848776,0.));
#2416=CARTESIAN_POINT('Ctrl Pts',(-4.94387166261675,3.28611630848776,-0.4));
#2417=CARTESIAN_POINT('Ctrl Pts',(-5.43150433863916,3.31533181559698,0.));
#2418=CARTESIAN_POINT('Ctrl Pts',(-5.43150433863916,3.31533181559698,-0.4));
#2419=CARTESIAN_POINT('Ctrl Pts',(-5.84291317281856,3.57702832456099,0.));
#2420=CARTESIAN_POINT('Ctrl Pts',(-5.84291317281856,3.57702832456099,-0.4));
#2421=CARTESIAN_POINT('Ctrl Pts',(-6.03937100927954,3.70199484372436,0.));
#2422=CARTESIAN_POINT('Ctrl Pts',(-6.03937100927954,3.70199484372436,-0.4));
#2423=CARTESIAN_POINT('',(-4.68909558217552,3.27085192454593,-0.4));
#2424=CARTESIAN_POINT('',(-4.68909558217552,3.27085192454593,0.));
#2425=CARTESIAN_POINT('Ctrl Pts',(-4.68909558217552,3.27085192454593,-0.4));
#2426=CARTESIAN_POINT('Ctrl Pts',(-4.94387166261675,3.28611630848776,-0.4));
#2427=CARTESIAN_POINT('Ctrl Pts',(-5.43150433863916,3.31533181559698,-0.4));
#2428=CARTESIAN_POINT('Ctrl Pts',(-5.84291317281856,3.57702832456099,-0.4));
#2429=CARTESIAN_POINT('Ctrl Pts',(-6.03937100927954,3.70199484372436,-0.4));
#2430=CARTESIAN_POINT('Ctrl Pts',(-3.28872740036029,3.78134742034672,0.));
#2431=CARTESIAN_POINT('Ctrl Pts',(-3.28872740036029,3.78134742034672,-0.4));
#2432=CARTESIAN_POINT('Ctrl Pts',(-3.48531097692355,3.63177830239663,0.));
#2433=CARTESIAN_POINT('Ctrl Pts',(-3.48531097692355,3.63177830239663,-0.4));
#2434=CARTESIAN_POINT('Ctrl Pts',(-3.89807274257712,3.31773165469787,0.));
#2435=CARTESIAN_POINT('Ctrl Pts',(-3.89807274257712,3.31773165469787,-0.4));
#2436=CARTESIAN_POINT('Ctrl Pts',(-4.41720653505162,3.28696534696861,0.));
#2437=CARTESIAN_POINT('Ctrl Pts',(-4.41720653505162,3.28696534696861,-0.4));
#2438=CARTESIAN_POINT('Ctrl Pts',(-4.68909558217552,3.27085192454593,0.));
#2439=CARTESIAN_POINT('Ctrl Pts',(-4.68909558217552,3.27085192454593,-0.4));
#2440=CARTESIAN_POINT('',(-3.28872740036029,3.78134742034672,-0.4));
#2441=CARTESIAN_POINT('',(-3.28872740036029,3.78134742034672,0.));
#2442=CARTESIAN_POINT('Ctrl Pts',(-3.28872740036029,3.78134742034672,-0.4));
#2443=CARTESIAN_POINT('Ctrl Pts',(-3.48531097692355,3.63177830239663,-0.4));
#2444=CARTESIAN_POINT('Ctrl Pts',(-3.89807274257712,3.31773165469787,-0.4));
#2445=CARTESIAN_POINT('Ctrl Pts',(-4.41720653505162,3.28696534696861,-0.4));
#2446=CARTESIAN_POINT('Ctrl Pts',(-4.68909558217552,3.27085192454593,-0.4));
#2447=CARTESIAN_POINT('Ctrl Pts',(-2.7581705305366,5.11908325830335,0.));
#2448=CARTESIAN_POINT('Ctrl Pts',(-2.7581705305366,5.11908325830335,-0.4));
#2449=CARTESIAN_POINT('Ctrl Pts',(-2.77810062043014,4.86023972825548,0.));
#2450=CARTESIAN_POINT('Ctrl Pts',(-2.77810062043014,4.86023972825548,-0.4));
#2451=CARTESIAN_POINT('Ctrl Pts',(-2.81673702881562,4.3584464905788,0.));
#2452=CARTESIAN_POINT('Ctrl Pts',(-2.81673702881562,4.3584464905788,-0.4));
#2453=CARTESIAN_POINT('Ctrl Pts',(-3.13475491429215,3.96960841868116,0.));
#2454=CARTESIAN_POINT('Ctrl Pts',(-3.13475491429215,3.96960841868116,-0.4));
#2455=CARTESIAN_POINT('Ctrl Pts',(-3.28872740036029,3.78134742034672,0.));
#2456=CARTESIAN_POINT('Ctrl Pts',(-3.28872740036029,3.78134742034672,-0.4));
#2457=CARTESIAN_POINT('',(-2.7581705305366,5.11908325830335,-0.4));
#2458=CARTESIAN_POINT('',(-2.7581705305366,5.11908325830335,0.));
#2459=CARTESIAN_POINT('Ctrl Pts',(-2.7581705305366,5.11908325830335,-0.4));
#2460=CARTESIAN_POINT('Ctrl Pts',(-2.77810062043014,4.86023972825548,-0.4));
#2461=CARTESIAN_POINT('Ctrl Pts',(-2.81673702881562,4.3584464905788,-0.4));
#2462=CARTESIAN_POINT('Ctrl Pts',(-3.13475491429215,3.96960841868116,-0.4));
#2463=CARTESIAN_POINT('Ctrl Pts',(-3.28872740036029,3.78134742034672,-0.4));
#2464=CARTESIAN_POINT('Ctrl Pts',(-3.01276032459764,6.00093128022933,0.));
#2465=CARTESIAN_POINT('Ctrl Pts',(-3.01276032459764,6.00093128022933,-0.4));
#2466=CARTESIAN_POINT('Ctrl Pts',(-2.93806942252815,5.86682915895032,0.));
#2467=CARTESIAN_POINT('Ctrl Pts',(-2.93806942252815,5.86682915895032,-0.4));
#2468=CARTESIAN_POINT('Ctrl Pts',(-2.78538854845658,5.59270167455229,0.));
#2469=CARTESIAN_POINT('Ctrl Pts',(-2.78538854845658,5.59270167455229,-0.4));
#2470=CARTESIAN_POINT('Ctrl Pts',(-2.76737296115001,5.27921397118559,0.));
#2471=CARTESIAN_POINT('Ctrl Pts',(-2.76737296115001,5.27921397118559,-0.4));
#2472=CARTESIAN_POINT('Ctrl Pts',(-2.7581705305366,5.11908325830335,0.));
#2473=CARTESIAN_POINT('Ctrl Pts',(-2.7581705305366,5.11908325830335,-0.4));
#2474=CARTESIAN_POINT('',(-3.01276032459764,6.00093128022933,-0.4));
#2475=CARTESIAN_POINT('',(-3.01276032459764,6.00093128022933,0.));
#2476=CARTESIAN_POINT('Ctrl Pts',(-3.01276032459764,6.00093128022933,-0.4));
#2477=CARTESIAN_POINT('Ctrl Pts',(-2.93806942252815,5.86682915895032,-0.4));
#2478=CARTESIAN_POINT('Ctrl Pts',(-2.78538854845658,5.59270167455229,-0.4));
#2479=CARTESIAN_POINT('Ctrl Pts',(-2.76737296115001,5.27921397118559,-0.4));
#2480=CARTESIAN_POINT('Ctrl Pts',(-2.7581705305366,5.11908325830335,-0.4));
#2481=CARTESIAN_POINT('Ctrl Pts',(-3.76369892149201,6.58416768919272,0.));
#2482=CARTESIAN_POINT('Ctrl Pts',(-3.76369892149201,6.58416768919272,-0.4));
#2483=CARTESIAN_POINT('Ctrl Pts',(-3.61062537274358,6.51237807186119,0.));
#2484=CARTESIAN_POINT('Ctrl Pts',(-3.61062537274358,6.51237807186119,-0.4));
#2485=CARTESIAN_POINT('Ctrl Pts',(-3.31606668528488,6.37423365940564,0.));
#2486=CARTESIAN_POINT('Ctrl Pts',(-3.31606668528488,6.37423365940564,-0.4));
#2487=CARTESIAN_POINT('Ctrl Pts',(-3.11117552953375,6.12205841408345,0.));
#2488=CARTESIAN_POINT('Ctrl Pts',(-3.11117552953375,6.12205841408345,-0.4));
#2489=CARTESIAN_POINT('Ctrl Pts',(-3.01276032459764,6.00093128022933,0.));
#2490=CARTESIAN_POINT('Ctrl Pts',(-3.01276032459764,6.00093128022933,-0.4));
#2491=CARTESIAN_POINT('',(-3.76369892149201,6.58416768919272,-0.4));
#2492=CARTESIAN_POINT('',(-3.76369892149201,6.58416768919272,0.));
#2493=CARTESIAN_POINT('Ctrl Pts',(-3.76369892149201,6.58416768919272,-0.4));
#2494=CARTESIAN_POINT('Ctrl Pts',(-3.61062537274358,6.51237807186119,-0.4));
#2495=CARTESIAN_POINT('Ctrl Pts',(-3.31606668528488,6.37423365940564,-0.4));
#2496=CARTESIAN_POINT('Ctrl Pts',(-3.11117552953375,6.12205841408345,-0.4));
#2497=CARTESIAN_POINT('Ctrl Pts',(-3.01276032459764,6.00093128022933,-0.4));
#2498=CARTESIAN_POINT('Ctrl Pts',(-3.15704578996397,7.07520882674679,0.));
#2499=CARTESIAN_POINT('Ctrl Pts',(-3.15704578996397,7.07520882674679,-0.4));
#2500=CARTESIAN_POINT('Ctrl Pts',(-3.23793011683729,6.97361036801705,0.));
#2501=CARTESIAN_POINT('Ctrl Pts',(-3.23793011683729,6.97361036801705,-0.4));
#2502=CARTESIAN_POINT('Ctrl Pts',(-3.40376360136735,6.76530763391102,0.));
#2503=CARTESIAN_POINT('Ctrl Pts',(-3.40376360136735,6.76530763391102,-0.4));
#2504=CARTESIAN_POINT('Ctrl Pts',(-3.64177580118002,6.64552634459099,0.));
#2505=CARTESIAN_POINT('Ctrl Pts',(-3.64177580118002,6.64552634459099,-0.4));
#2506=CARTESIAN_POINT('Ctrl Pts',(-3.76369892149201,6.58416768919272,0.));
#2507=CARTESIAN_POINT('Ctrl Pts',(-3.76369892149201,6.58416768919272,-0.4));
#2508=CARTESIAN_POINT('',(-3.15704578996397,7.07520882674679,-0.4));
#2509=CARTESIAN_POINT('',(-3.15704578996397,7.07520882674679,0.));
#2510=CARTESIAN_POINT('Ctrl Pts',(-3.15704578996397,7.07520882674679,-0.4));
#2511=CARTESIAN_POINT('Ctrl Pts',(-3.23793011683729,6.97361036801705,-0.4));
#2512=CARTESIAN_POINT('Ctrl Pts',(-3.40376360136735,6.76530763391102,-0.4));
#2513=CARTESIAN_POINT('Ctrl Pts',(-3.64177580118002,6.64552634459099,-0.4));
#2514=CARTESIAN_POINT('Ctrl Pts',(-3.76369892149201,6.58416768919272,-0.4));
#2515=CARTESIAN_POINT('Ctrl Pts',(-2.93922376848819,7.81123149303171,0.));
#2516=CARTESIAN_POINT('Ctrl Pts',(-2.93922376848819,7.81123149303171,-0.4));
#2517=CARTESIAN_POINT('Ctrl Pts',(-2.94802955386274,7.67801703213763,0.));
#2518=CARTESIAN_POINT('Ctrl Pts',(-2.94802955386274,7.67801703213763,-0.4));
#2519=CARTESIAN_POINT('Ctrl Pts',(-2.96533941026411,7.41615246349519,0.));
#2520=CARTESIAN_POINT('Ctrl Pts',(-2.96533941026411,7.41615246349519,-0.4));
#2521=CARTESIAN_POINT('Ctrl Pts',(-3.09389055433397,7.18752838412984,0.));
#2522=CARTESIAN_POINT('Ctrl Pts',(-3.09389055433397,7.18752838412984,-0.4));
#2523=CARTESIAN_POINT('Ctrl Pts',(-3.15704578996397,7.07520882674679,0.));
#2524=CARTESIAN_POINT('Ctrl Pts',(-3.15704578996397,7.07520882674679,-0.4));
#2525=CARTESIAN_POINT('',(-2.93922376848819,7.81123149303171,-0.4));
#2526=CARTESIAN_POINT('',(-2.93922376848819,7.81123149303171,0.));
#2527=CARTESIAN_POINT('Ctrl Pts',(-2.93922376848819,7.81123149303171,-0.4));
#2528=CARTESIAN_POINT('Ctrl Pts',(-2.94802955386274,7.67801703213763,-0.4));
#2529=CARTESIAN_POINT('Ctrl Pts',(-2.96533941026411,7.41615246349519,-0.4));
#2530=CARTESIAN_POINT('Ctrl Pts',(-3.09389055433397,7.18752838412984,-0.4));
#2531=CARTESIAN_POINT('Ctrl Pts',(-3.15704578996397,7.07520882674679,-0.4));
#2532=CARTESIAN_POINT('Ctrl Pts',(-3.40411558964772,8.91305713888572,0.));
#2533=CARTESIAN_POINT('Ctrl Pts',(-3.40411558964772,8.91305713888572,-0.4));
#2534=CARTESIAN_POINT('Ctrl Pts',(-3.26792948879957,8.75687272875408,0.));
#2535=CARTESIAN_POINT('Ctrl Pts',(-3.26792948879957,8.75687272875408,-0.4));
#2536=CARTESIAN_POINT('Ctrl Pts',(-2.99236450379355,8.44084227947873,0.));
#2537=CARTESIAN_POINT('Ctrl Pts',(-2.99236450379355,8.44084227947873,-0.4));
#2538=CARTESIAN_POINT('Ctrl Pts',(-2.95707364395475,8.02271660075379,0.));
#2539=CARTESIAN_POINT('Ctrl Pts',(-2.95707364395475,8.02271660075379,-0.4));
#2540=CARTESIAN_POINT('Ctrl Pts',(-2.93922376848819,7.81123149303171,0.));
#2541=CARTESIAN_POINT('Ctrl Pts',(-2.93922376848819,7.81123149303171,-0.4));
#2542=CARTESIAN_POINT('',(-3.40411558964772,8.91305713888572,-0.4));
#2543=CARTESIAN_POINT('',(-3.40411558964772,8.91305713888572,0.));
#2544=CARTESIAN_POINT('Ctrl Pts',(-3.40411558964772,8.91305713888572,-0.4));
#2545=CARTESIAN_POINT('Ctrl Pts',(-3.26792948879957,8.75687272875408,-0.4));
#2546=CARTESIAN_POINT('Ctrl Pts',(-2.99236450379355,8.44084227947873,-0.4));
#2547=CARTESIAN_POINT('Ctrl Pts',(-2.95707364395475,8.02271660075379,-0.4));
#2548=CARTESIAN_POINT('Ctrl Pts',(-2.93922376848819,7.81123149303171,-0.4));
#2549=CARTESIAN_POINT('Ctrl Pts',(-4.71985553078589,9.35219383531415,0.));
#2550=CARTESIAN_POINT('Ctrl Pts',(-4.71985553078589,9.35219383531415,-0.4));
#2551=CARTESIAN_POINT('Ctrl Pts',(-4.46023846683409,9.33952100363886,0.));
#2552=CARTESIAN_POINT('Ctrl Pts',(-4.46023846683409,9.33952100363886,-0.4));
#2553=CARTESIAN_POINT('Ctrl Pts',(-3.97858632362352,9.31600985054268,0.));
#2554=CARTESIAN_POINT('Ctrl Pts',(-3.97858632362352,9.31600985054268,-0.4));
#2555=CARTESIAN_POINT('Ctrl Pts',(-3.58537887094272,9.04020118017771,0.));
#2556=CARTESIAN_POINT('Ctrl Pts',(-3.58537887094272,9.04020118017771,-0.4));
#2557=CARTESIAN_POINT('Ctrl Pts',(-3.40411558964772,8.91305713888572,0.));
#2558=CARTESIAN_POINT('Ctrl Pts',(-3.40411558964772,8.91305713888572,-0.4));
#2559=CARTESIAN_POINT('',(-4.71985553078589,9.35219383531415,-0.4));
#2560=CARTESIAN_POINT('',(-4.71985553078589,9.35219383531415,0.));
#2561=CARTESIAN_POINT('Ctrl Pts',(-4.71985553078589,9.35219383531415,-0.4));
#2562=CARTESIAN_POINT('Ctrl Pts',(-4.46023846683409,9.33952100363886,-0.4));
#2563=CARTESIAN_POINT('Ctrl Pts',(-3.97858632362352,9.31600985054268,-0.4));
#2564=CARTESIAN_POINT('Ctrl Pts',(-3.58537887094272,9.04020118017771,-0.4));
#2565=CARTESIAN_POINT('Ctrl Pts',(-3.40411558964772,8.91305713888572,-0.4));
#2566=CARTESIAN_POINT('Ctrl Pts',(-6.04279949930207,8.92260964501736,0.));
#2567=CARTESIAN_POINT('Ctrl Pts',(-6.04279949930207,8.92260964501736,-0.4));
#2568=CARTESIAN_POINT('Ctrl Pts',(-5.86094995919461,9.04841882504592,0.));
#2569=CARTESIAN_POINT('Ctrl Pts',(-5.86094995919461,9.04841882504592,-0.4));
#2570=CARTESIAN_POINT('Ctrl Pts',(-5.46477913473026,9.32250214990694,0.));
#2571=CARTESIAN_POINT('Ctrl Pts',(-5.46477913473026,9.32250214990694,-0.4));
#2572=CARTESIAN_POINT('Ctrl Pts',(-4.9813707596287,9.34177017862925,0.));
#2573=CARTESIAN_POINT('Ctrl Pts',(-4.9813707596287,9.34177017862925,-0.4));
#2574=CARTESIAN_POINT('Ctrl Pts',(-4.71985553078589,9.35219383531415,0.));
#2575=CARTESIAN_POINT('Ctrl Pts',(-4.71985553078589,9.35219383531415,-0.4));
#2576=CARTESIAN_POINT('',(-6.04279949930207,8.92260964501736,-0.4));
#2577=CARTESIAN_POINT('',(-6.04279949930207,8.92260964501736,0.));
#2578=CARTESIAN_POINT('Ctrl Pts',(-6.04279949930207,8.92260964501736,-0.4));
#2579=CARTESIAN_POINT('Ctrl Pts',(-5.86094995919461,9.04841882504592,-0.4));
#2580=CARTESIAN_POINT('Ctrl Pts',(-5.46477913473026,9.32250214990694,-0.4));
#2581=CARTESIAN_POINT('Ctrl Pts',(-4.9813707596287,9.34177017862925,-0.4));
#2582=CARTESIAN_POINT('Ctrl Pts',(-4.71985553078589,9.35219383531415,-0.4));
#2583=CARTESIAN_POINT('Ctrl Pts',(-6.51159639932235,7.82416411877581,0.));
#2584=CARTESIAN_POINT('Ctrl Pts',(-6.51159639932235,7.82416411877581,-0.4));
#2585=CARTESIAN_POINT('Ctrl Pts',(-6.49248259795639,8.03541552477904,0.));
#2586=CARTESIAN_POINT('Ctrl Pts',(-6.49248259795639,8.03541552477904,-0.4));
#2587=CARTESIAN_POINT('Ctrl Pts',(-6.45474156202104,8.4525406561283,0.));
#2588=CARTESIAN_POINT('Ctrl Pts',(-6.45474156202104,8.4525406561283,-0.4));
#2589=CARTESIAN_POINT('Ctrl Pts',(-6.17892823560273,8.76727251578798,0.));
#2590=CARTESIAN_POINT('Ctrl Pts',(-6.17892823560273,8.76727251578798,-0.4));
#2591=CARTESIAN_POINT('Ctrl Pts',(-6.04279949930207,8.92260964501736,0.));
#2592=CARTESIAN_POINT('Ctrl Pts',(-6.04279949930207,8.92260964501736,-0.4));
#2593=CARTESIAN_POINT('',(-6.51159639932235,7.82416411877581,-0.4));
#2594=CARTESIAN_POINT('',(-6.51159639932235,7.82416411877581,0.));
#2595=CARTESIAN_POINT('Ctrl Pts',(-6.51159639932235,7.82416411877581,-0.4));
#2596=CARTESIAN_POINT('Ctrl Pts',(-6.49248259795639,8.03541552477904,-0.4));
#2597=CARTESIAN_POINT('Ctrl Pts',(-6.45474156202104,8.4525406561283,-0.4));
#2598=CARTESIAN_POINT('Ctrl Pts',(-6.17892823560273,8.76727251578798,-0.4));
#2599=CARTESIAN_POINT('Ctrl Pts',(-6.04279949930207,8.92260964501736,-0.4));
#2600=CARTESIAN_POINT('Ctrl Pts',(-6.31324406492942,7.10693272587381,0.));
#2601=CARTESIAN_POINT('Ctrl Pts',(-6.31324406492942,7.10693272587381,-0.4));
#2602=CARTESIAN_POINT('Ctrl Pts',(-6.37144812762048,7.21896524030041,0.));
#2603=CARTESIAN_POINT('Ctrl Pts',(-6.37144812762048,7.21896524030041,-0.4));
#2604=CARTESIAN_POINT('Ctrl Pts',(-6.4883431623783,7.44396748348423,0.));
#2605=CARTESIAN_POINT('Ctrl Pts',(-6.4883431623783,7.44396748348423,-0.4));
#2606=CARTESIAN_POINT('Ctrl Pts',(-6.50382382618497,7.69708047181946,0.));
#2607=CARTESIAN_POINT('Ctrl Pts',(-6.50382382618497,7.69708047181946,-0.4));
#2608=CARTESIAN_POINT('Ctrl Pts',(-6.51159639932235,7.82416411877581,0.));
#2609=CARTESIAN_POINT('Ctrl Pts',(-6.51159639932235,7.82416411877581,-0.4));
#2610=CARTESIAN_POINT('',(-6.31324406492942,7.10693272587381,-0.4));
#2611=CARTESIAN_POINT('',(-6.31324406492942,7.10693272587381,0.));
#2612=CARTESIAN_POINT('Ctrl Pts',(-6.31324406492942,7.10693272587381,-0.4));
#2613=CARTESIAN_POINT('Ctrl Pts',(-6.37144812762048,7.21896524030041,-0.4));
#2614=CARTESIAN_POINT('Ctrl Pts',(-6.4883431623783,7.44396748348423,-0.4));
#2615=CARTESIAN_POINT('Ctrl Pts',(-6.50382382618497,7.69708047181946,-0.4));
#2616=CARTESIAN_POINT('Ctrl Pts',(-6.51159639932235,7.82416411877581,-0.4));
#2617=CARTESIAN_POINT('Ctrl Pts',(-5.67167043721655,6.59107488619963,0.));
#2618=CARTESIAN_POINT('Ctrl Pts',(-5.67167043721655,6.59107488619963,-0.4));
#2619=CARTESIAN_POINT('Ctrl Pts',(-5.80652122000352,6.65599859263485,0.));
#2620=CARTESIAN_POINT('Ctrl Pts',(-5.80652122000352,6.65599859263485,-0.4));
#2621=CARTESIAN_POINT('Ctrl Pts',(-6.06093428481353,6.77848537982025,0.));
#2622=CARTESIAN_POINT('Ctrl Pts',(-6.06093428481353,6.77848537982025,-0.4));
#2623=CARTESIAN_POINT('Ctrl Pts',(-6.23257903355007,7.0019260334511,0.));
#2624=CARTESIAN_POINT('Ctrl Pts',(-6.23257903355007,7.0019260334511,-0.4));
#2625=CARTESIAN_POINT('Ctrl Pts',(-6.31324406492942,7.10693272587381,0.));
#2626=CARTESIAN_POINT('Ctrl Pts',(-6.31324406492942,7.10693272587381,-0.4));
#2627=CARTESIAN_POINT('',(-5.67167043721655,6.59107488619963,-0.4));
#2628=CARTESIAN_POINT('',(-5.67167043721655,6.59107488619963,0.));
#2629=CARTESIAN_POINT('Ctrl Pts',(-5.67167043721655,6.59107488619963,-0.4));
#2630=CARTESIAN_POINT('Ctrl Pts',(-5.80652122000352,6.65599859263485,-0.4));
#2631=CARTESIAN_POINT('Ctrl Pts',(-6.06093428481353,6.77848537982025,-0.4));
#2632=CARTESIAN_POINT('Ctrl Pts',(-6.23257903355007,7.0019260334511,-0.4));
#2633=CARTESIAN_POINT('Ctrl Pts',(-6.31324406492942,7.10693272587381,-0.4));
#2634=CARTESIAN_POINT('Ctrl Pts',(-6.42899537465901,5.97067301313956,0.));
#2635=CARTESIAN_POINT('Ctrl Pts',(-6.42899537465901,5.97067301313956,-0.4));
#2636=CARTESIAN_POINT('Ctrl Pts',(-6.33343466823711,6.09881622501829,0.));
#2637=CARTESIAN_POINT('Ctrl Pts',(-6.33343466823711,6.09881622501829,-0.4));
#2638=CARTESIAN_POINT('Ctrl Pts',(-6.13279578154251,6.36786521315896,0.));
#2639=CARTESIAN_POINT('Ctrl Pts',(-6.13279578154251,6.36786521315896,-0.4));
#2640=CARTESIAN_POINT('Ctrl Pts',(-5.83016408148724,6.5143553674137,0.));
#2641=CARTESIAN_POINT('Ctrl Pts',(-5.83016408148724,6.5143553674137,-0.4));
#2642=CARTESIAN_POINT('Ctrl Pts',(-5.67167043721655,6.59107488619963,0.));
#2643=CARTESIAN_POINT('Ctrl Pts',(-5.67167043721655,6.59107488619963,-0.4));
#2644=CARTESIAN_POINT('Ctrl Pts',(-6.42899537465901,5.97067301313956,-0.4));
#2645=CARTESIAN_POINT('Ctrl Pts',(-6.33343466823711,6.09881622501829,-0.4));
#2646=CARTESIAN_POINT('Ctrl Pts',(-6.13279578154251,6.36786521315896,-0.4));
#2647=CARTESIAN_POINT('Ctrl Pts',(-5.83016408148724,6.5143553674137,-0.4));
#2648=CARTESIAN_POINT('Ctrl Pts',(-5.67167043721655,6.59107488619963,-0.4));
#2649=CARTESIAN_POINT('Origin',(-9.89999165120771,6.32160892436291,-0.4));
#2650=CARTESIAN_POINT('Origin',(-9.27462905558671,9.36868292741977,0.));
#2651=CARTESIAN_POINT('',(-9.27462905558671,9.36868292741977,-0.4));
#2652=CARTESIAN_POINT('',(-9.27462905558671,9.36868292741977,0.));
#2653=CARTESIAN_POINT('',(-8.34905962591392,9.36533220108992,-0.4));
#2654=CARTESIAN_POINT('',(-9.27462905558671,9.36868292741977,-0.4));
#2655=CARTESIAN_POINT('',(-8.34905962591392,9.36533220108992,0.));
#2656=CARTESIAN_POINT('Ctrl Pts',(-9.99660876135992,8.41932850965632,0.));
#2657=CARTESIAN_POINT('Ctrl Pts',(-9.99660876135992,8.41932850965632,-0.4));
#2658=CARTESIAN_POINT('Ctrl Pts',(-9.83657460818533,8.55683825536164,0.));
#2659=CARTESIAN_POINT('Ctrl Pts',(-9.83657460818533,8.55683825536164,-0.4));
#2660=CARTESIAN_POINT('Ctrl Pts',(-9.52785928107571,8.82210267101339,0.));
#2661=CARTESIAN_POINT('Ctrl Pts',(-9.52785928107571,8.82210267101339,-0.4));
#2662=CARTESIAN_POINT('Ctrl Pts',(-9.35694399921997,9.1910117078398,0.));
#2663=CARTESIAN_POINT('Ctrl Pts',(-9.35694399921997,9.1910117078398,-0.4));
#2664=CARTESIAN_POINT('Ctrl Pts',(-9.27462905558671,9.36868292741977,0.));
#2665=CARTESIAN_POINT('Ctrl Pts',(-9.27462905558671,9.36868292741977,-0.4));
#2666=CARTESIAN_POINT('',(-9.99660876135992,8.41932850965632,-0.4));
#2667=CARTESIAN_POINT('',(-9.99660876135992,8.41932850965632,0.));
#2668=CARTESIAN_POINT('Ctrl Pts',(-9.99660876135992,8.41932850965632,-0.4));
#2669=CARTESIAN_POINT('Ctrl Pts',(-9.83657460818533,8.55683825536164,-0.4));
#2670=CARTESIAN_POINT('Ctrl Pts',(-9.52785928107571,8.82210267101339,-0.4));
#2671=CARTESIAN_POINT('Ctrl Pts',(-9.35694399921997,9.1910117078398,-0.4));
#2672=CARTESIAN_POINT('Ctrl Pts',(-9.27462905558671,9.36868292741977,-0.4));
#2673=CARTESIAN_POINT('Ctrl Pts',(-10.9688385329992,7.86871712848961,0.));
#2674=CARTESIAN_POINT('Ctrl Pts',(-10.9688385329992,7.86871712848961,-0.4));
#2675=CARTESIAN_POINT('Ctrl Pts',(-10.8100910464259,7.93291094046331,0.));
#2676=CARTESIAN_POINT('Ctrl Pts',(-10.8100910464259,7.93291094046331,-0.4));
#2677=CARTESIAN_POINT('Ctrl Pts',(-10.4621695529083,8.07360234552799,0.));
#2678=CARTESIAN_POINT('Ctrl Pts',(-10.4621695529083,8.07360234552799,-0.4));
#2679=CARTESIAN_POINT('Ctrl Pts',(-10.160587048904,8.29755797961576,0.));
#2680=CARTESIAN_POINT('Ctrl Pts',(-10.160587048904,8.29755797961576,-0.4));
#2681=CARTESIAN_POINT('Ctrl Pts',(-9.99660876135992,8.41932850965632,0.));
#2682=CARTESIAN_POINT('Ctrl Pts',(-9.99660876135992,8.41932850965632,-0.4));
#2683=CARTESIAN_POINT('',(-10.9688385329992,7.86871712848961,-0.4));
#2684=CARTESIAN_POINT('',(-10.9688385329992,7.86871712848961,0.));
#2685=CARTESIAN_POINT('Ctrl Pts',(-10.9688385329992,7.86871712848961,-0.4));
#2686=CARTESIAN_POINT('Ctrl Pts',(-10.8100910464259,7.93291094046331,-0.4));
#2687=CARTESIAN_POINT('Ctrl Pts',(-10.4621695529083,8.07360234552799,-0.4));
#2688=CARTESIAN_POINT('Ctrl Pts',(-10.160587048904,8.29755797961576,-0.4));
#2689=CARTESIAN_POINT('Ctrl Pts',(-9.99660876135992,8.41932850965632,-0.4));
#2690=CARTESIAN_POINT('Origin',(-10.9725860546188,6.83354113774861,0.));
#2691=CARTESIAN_POINT('',(-10.9725860546188,6.83354113774861,-0.4));
#2692=CARTESIAN_POINT('',(-10.9725860546188,6.83354113774861,0.));
#2693=CARTESIAN_POINT('',(-10.9725860546188,6.83354113774861,-0.4));
#2694=CARTESIAN_POINT('Ctrl Pts',(-9.4958526434366,7.69288266520953,0.));
#2695=CARTESIAN_POINT('Ctrl Pts',(-9.4958526434366,7.69288266520953,-0.4));
#2696=CARTESIAN_POINT('Ctrl Pts',(-9.71574656942006,7.51100068227868,0.));
#2697=CARTESIAN_POINT('Ctrl Pts',(-9.71574656942006,7.51100068227868,-0.4));
#2698=CARTESIAN_POINT('Ctrl Pts',(-10.1604833530833,7.14314328133776,0.));
#2699=CARTESIAN_POINT('Ctrl Pts',(-10.1604833530833,7.14314328133776,-0.4));
#2700=CARTESIAN_POINT('Ctrl Pts',(-10.6998843760306,6.93750461932752,0.));
#2701=CARTESIAN_POINT('Ctrl Pts',(-10.6998843760306,6.93750461932752,-0.4));
#2702=CARTESIAN_POINT('Ctrl Pts',(-10.9725860546188,6.83354113774861,0.));
#2703=CARTESIAN_POINT('Ctrl Pts',(-10.9725860546188,6.83354113774861,-0.4));
#2704=CARTESIAN_POINT('',(-9.4958526434366,7.69288266520953,-0.4));
#2705=CARTESIAN_POINT('',(-9.4958526434366,7.69288266520953,0.));
#2706=CARTESIAN_POINT('Ctrl Pts',(-9.4958526434366,7.69288266520953,-0.4));
#2707=CARTESIAN_POINT('Ctrl Pts',(-9.71574656942006,7.51100068227868,-0.4));
#2708=CARTESIAN_POINT('Ctrl Pts',(-10.1604833530833,7.14314328133776,-0.4));
#2709=CARTESIAN_POINT('Ctrl Pts',(-10.6998843760306,6.93750461932752,-0.4));
#2710=CARTESIAN_POINT('Ctrl Pts',(-10.9725860546188,6.83354113774861,-0.4));
#2711=CARTESIAN_POINT('Origin',(-9.51141587842745,3.39385818026287,0.));
#2712=CARTESIAN_POINT('',(-9.51141587842745,3.39385818026287,-0.4));
#2713=CARTESIAN_POINT('',(-9.51141587842745,3.39385818026287,0.));
#2714=CARTESIAN_POINT('',(-9.51141587842745,3.39385818026287,-0.4));
#2715=CARTESIAN_POINT('Origin',(-8.37069237632922,3.38972855783692,0.));
#2716=CARTESIAN_POINT('',(-8.37069237632922,3.38972855783692,-0.4));
#2717=CARTESIAN_POINT('',(-8.37069237632922,3.38972855783692,0.));
#2718=CARTESIAN_POINT('',(-8.37069237632922,3.38972855783692,-0.4));
#2719=CARTESIAN_POINT('Origin',(-8.34905962591392,9.36533220108992,0.));
#2720=CARTESIAN_POINT('',(-8.34905962591392,9.36533220108992,-0.4));
#2721=CARTESIAN_POINT('Origin',(-9.89999165120771,6.32160892436291,-0.4));
#2722=CARTESIAN_POINT('Origin',(-14.8845493830784,8.35786198056501,0.));
#2723=CARTESIAN_POINT('',(-14.8845493830784,8.35786198056501,0.));
#2724=CARTESIAN_POINT('',(-15.8222968559479,8.36125679358211,0.));
#2725=CARTESIAN_POINT('',(-16.2088054209151,8.36265602348732,0.));
#2726=CARTESIAN_POINT('',(-14.8845493830784,8.35786198056501,-0.4));
#2727=CARTESIAN_POINT('',(-14.8845493830784,8.35786198056501,0.));
#2728=CARTESIAN_POINT('',(-15.8222968559479,8.36125679358211,-0.4));
#2729=CARTESIAN_POINT('',(-14.8845493830784,8.35786198056501,-0.4));
#2730=CARTESIAN_POINT('',(-15.8222968559479,8.36125679358211,0.));
#2731=CARTESIAN_POINT('Ctrl Pts',(-14.0077679914114,8.33438997689034,0.));
#2732=CARTESIAN_POINT('Ctrl Pts',(-14.0077679914114,8.33438997689034,-0.4));
#2733=CARTESIAN_POINT('Ctrl Pts',(-14.105153971646,8.34052222729334,0.));
#2734=CARTESIAN_POINT('Ctrl Pts',(-14.105153971646,8.34052222729334,-0.4));
#2735=CARTESIAN_POINT('Ctrl Pts',(-14.3970555987198,8.35890283881409,0.));
#2736=CARTESIAN_POINT('Ctrl Pts',(-14.3970555987198,8.35890283881409,-0.4));
#2737=CARTESIAN_POINT('Ctrl Pts',(-14.6896032455126,8.35827821417029,0.));
#2738=CARTESIAN_POINT('Ctrl Pts',(-14.6896032455126,8.35827821417029,-0.4));
#2739=CARTESIAN_POINT('Ctrl Pts',(-14.8845493830784,8.35786198056501,0.));
#2740=CARTESIAN_POINT('Ctrl Pts',(-14.8845493830784,8.35786198056501,-0.4));
#2741=CARTESIAN_POINT('',(-14.0077679914114,8.33438997689034,0.));
#2742=CARTESIAN_POINT('Ctrl Pts',(-14.0077679914114,8.33438997689034,0.));
#2743=CARTESIAN_POINT('Ctrl Pts',(-14.105153971646,8.34052222729334,0.));
#2744=CARTESIAN_POINT('Ctrl Pts',(-14.3970555987198,8.35890283881409,0.));
#2745=CARTESIAN_POINT('Ctrl Pts',(-14.6896032455126,8.35827821417029,0.));
#2746=CARTESIAN_POINT('Ctrl Pts',(-14.8845493830784,8.35786198056501,0.));
#2747=CARTESIAN_POINT('',(-14.0077679914114,8.33438997689034,-0.4));
#2748=CARTESIAN_POINT('',(-14.0077679914114,8.33438997689034,0.));
#2749=CARTESIAN_POINT('Ctrl Pts',(-14.0077679914114,8.33438997689034,-0.4));
#2750=CARTESIAN_POINT('Ctrl Pts',(-14.105153971646,8.34052222729334,-0.4));
#2751=CARTESIAN_POINT('Ctrl Pts',(-14.3970555987198,8.35890283881409,-0.4));
#2752=CARTESIAN_POINT('Ctrl Pts',(-14.6896032455126,8.35827821417029,-0.4));
#2753=CARTESIAN_POINT('Ctrl Pts',(-14.8845493830784,8.35786198056501,-0.4));
#2754=CARTESIAN_POINT('Ctrl Pts',(-13.555977419783,8.09932947305501,0.));
#2755=CARTESIAN_POINT('Ctrl Pts',(-13.555977419783,8.09932947305501,-0.4));
#2756=CARTESIAN_POINT('Ctrl Pts',(-13.6170429669528,8.15580691388351,0.));
#2757=CARTESIAN_POINT('Ctrl Pts',(-13.6170429669528,8.15580691388351,-0.4));
#2758=CARTESIAN_POINT('Ctrl Pts',(-13.745909573829,8.27499124124878,0.));
#2759=CARTESIAN_POINT('Ctrl Pts',(-13.745909573829,8.27499124124878,-0.4));
#2760=CARTESIAN_POINT('Ctrl Pts',(-13.9174924595274,8.31391229852206,0.));
#2761=CARTESIAN_POINT('Ctrl Pts',(-13.9174924595274,8.31391229852206,-0.4));
#2762=CARTESIAN_POINT('Ctrl Pts',(-14.0077679914114,8.33438997689034,0.));
#2763=CARTESIAN_POINT('Ctrl Pts',(-14.0077679914114,8.33438997689034,-0.4));
#2764=CARTESIAN_POINT('',(-13.555977419783,8.09932947305501,0.));
#2765=CARTESIAN_POINT('Ctrl Pts',(-13.555977419783,8.09932947305501,0.));
#2766=CARTESIAN_POINT('Ctrl Pts',(-13.6170429669528,8.15580691388351,0.));
#2767=CARTESIAN_POINT('Ctrl Pts',(-13.745909573829,8.27499124124878,0.));
#2768=CARTESIAN_POINT('Ctrl Pts',(-13.9174924595274,8.31391229852206,0.));
#2769=CARTESIAN_POINT('Ctrl Pts',(-14.0077679914114,8.33438997689034,0.));
#2770=CARTESIAN_POINT('',(-13.555977419783,8.09932947305501,-0.4));
#2771=CARTESIAN_POINT('',(-13.555977419783,8.09932947305501,0.));
#2772=CARTESIAN_POINT('Ctrl Pts',(-13.555977419783,8.09932947305501,-0.4));
#2773=CARTESIAN_POINT('Ctrl Pts',(-13.6170429669528,8.15580691388351,-0.4));
#2774=CARTESIAN_POINT('Ctrl Pts',(-13.745909573829,8.27499124124878,-0.4));
#2775=CARTESIAN_POINT('Ctrl Pts',(-13.9174924595274,8.31391229852206,-0.4));
#2776=CARTESIAN_POINT('Ctrl Pts',(-14.0077679914114,8.33438997689034,-0.4));
#2777=CARTESIAN_POINT('Ctrl Pts',(-13.3973826703365,7.61363710164749,0.));
#2778=CARTESIAN_POINT('Ctrl Pts',(-13.3973826703365,7.61363710164749,-0.4));
#2779=CARTESIAN_POINT('Ctrl Pts',(-13.4020858719467,7.706995922665,0.));
#2780=CARTESIAN_POINT('Ctrl Pts',(-13.4020858719467,7.706995922665,-0.4));
#2781=CARTESIAN_POINT('Ctrl Pts',(-13.4109906797481,7.88375686693906,0.));
#2782=CARTESIAN_POINT('Ctrl Pts',(-13.4109906797481,7.88375686693906,-0.4));
#2783=CARTESIAN_POINT('Ctrl Pts',(-13.509498101724,8.0302219965916,0.));
#2784=CARTESIAN_POINT('Ctrl Pts',(-13.509498101724,8.0302219965916,-0.4));
#2785=CARTESIAN_POINT('Ctrl Pts',(-13.555977419783,8.09932947305501,0.));
#2786=CARTESIAN_POINT('Ctrl Pts',(-13.555977419783,8.09932947305501,-0.4));
#2787=CARTESIAN_POINT('',(-13.3973826703365,7.61363710164749,0.));
#2788=CARTESIAN_POINT('Ctrl Pts',(-13.3973826703365,7.61363710164749,0.));
#2789=CARTESIAN_POINT('Ctrl Pts',(-13.4020858719467,7.706995922665,0.));
#2790=CARTESIAN_POINT('Ctrl Pts',(-13.4109906797481,7.88375686693906,0.));
#2791=CARTESIAN_POINT('Ctrl Pts',(-13.509498101724,8.0302219965916,0.));
#2792=CARTESIAN_POINT('Ctrl Pts',(-13.555977419783,8.09932947305501,0.));
#2793=CARTESIAN_POINT('',(-13.3973826703365,7.61363710164749,-0.4));
#2794=CARTESIAN_POINT('',(-13.3973826703365,7.61363710164749,0.));
#2795=CARTESIAN_POINT('Ctrl Pts',(-13.3973826703365,7.61363710164749,-0.4));
#2796=CARTESIAN_POINT('Ctrl Pts',(-13.4020858719467,7.706995922665,-0.4));
#2797=CARTESIAN_POINT('Ctrl Pts',(-13.4109906797481,7.88375686693906,-0.4));
#2798=CARTESIAN_POINT('Ctrl Pts',(-13.509498101724,8.0302219965916,-0.4));
#2799=CARTESIAN_POINT('Ctrl Pts',(-13.555977419783,8.09932947305501,-0.4));
#2800=CARTESIAN_POINT('Ctrl Pts',(-13.5207847463438,7.16753155701761,0.));
#2801=CARTESIAN_POINT('Ctrl Pts',(-13.5207847463438,7.16753155701761,-0.4));
#2802=CARTESIAN_POINT('Ctrl Pts',(-13.4850580117575,7.23296225285577,0.));
#2803=CARTESIAN_POINT('Ctrl Pts',(-13.4850580117575,7.23296225285577,-0.4));
#2804=CARTESIAN_POINT('Ctrl Pts',(-13.4092749233749,7.37175300054298,0.));
#2805=CARTESIAN_POINT('Ctrl Pts',(-13.4092749233749,7.37175300054298,-0.4));
#2806=CARTESIAN_POINT('Ctrl Pts',(-13.4014949164435,7.52999551162155,0.));
#2807=CARTESIAN_POINT('Ctrl Pts',(-13.4014949164435,7.52999551162155,-0.4));
#2808=CARTESIAN_POINT('Ctrl Pts',(-13.3973826703365,7.61363710164749,0.));
#2809=CARTESIAN_POINT('Ctrl Pts',(-13.3973826703365,7.61363710164749,-0.4));
#2810=CARTESIAN_POINT('',(-13.5207847463438,7.16753155701761,0.));
#2811=CARTESIAN_POINT('Ctrl Pts',(-13.5207847463438,7.16753155701761,0.));
#2812=CARTESIAN_POINT('Ctrl Pts',(-13.4850580117575,7.23296225285577,0.));
#2813=CARTESIAN_POINT('Ctrl Pts',(-13.4092749233749,7.37175300054298,0.));
#2814=CARTESIAN_POINT('Ctrl Pts',(-13.4014949164435,7.52999551162155,0.));
#2815=CARTESIAN_POINT('Ctrl Pts',(-13.3973826703365,7.61363710164749,0.));
#2816=CARTESIAN_POINT('',(-13.5207847463438,7.16753155701761,-0.4));
#2817=CARTESIAN_POINT('',(-13.5207847463438,7.16753155701761,0.));
#2818=CARTESIAN_POINT('Ctrl Pts',(-13.5207847463438,7.16753155701761,-0.4));
#2819=CARTESIAN_POINT('Ctrl Pts',(-13.4850580117575,7.23296225285577,-0.4));
#2820=CARTESIAN_POINT('Ctrl Pts',(-13.4092749233749,7.37175300054298,-0.4));
#2821=CARTESIAN_POINT('Ctrl Pts',(-13.4014949164435,7.52999551162155,-0.4));
#2822=CARTESIAN_POINT('Ctrl Pts',(-13.3973826703365,7.61363710164749,-0.4));
#2823=CARTESIAN_POINT('Ctrl Pts',(-13.8586354797292,6.91706134818427,0.));
#2824=CARTESIAN_POINT('Ctrl Pts',(-13.8586354797292,6.91706134818427,-0.4));
#2825=CARTESIAN_POINT('Ctrl Pts',(-13.7909873191015,6.9451616667956,0.));
#2826=CARTESIAN_POINT('Ctrl Pts',(-13.7909873191015,6.9451616667956,-0.4));
#2827=CARTESIAN_POINT('Ctrl Pts',(-13.6574878554491,7.00061590868884,0.));
#2828=CARTESIAN_POINT('Ctrl Pts',(-13.6574878554491,7.00061590868884,-0.4));
#2829=CARTESIAN_POINT('Ctrl Pts',(-13.5659417227235,7.11239450828241,0.));
#2830=CARTESIAN_POINT('Ctrl Pts',(-13.5659417227235,7.11239450828241,-0.4));
#2831=CARTESIAN_POINT('Ctrl Pts',(-13.5207847463438,7.16753155701761,0.));
#2832=CARTESIAN_POINT('Ctrl Pts',(-13.5207847463438,7.16753155701761,-0.4));
#2833=CARTESIAN_POINT('',(-13.8586354797292,6.91706134818427,0.));
#2834=CARTESIAN_POINT('Ctrl Pts',(-13.8586354797292,6.91706134818427,0.));
#2835=CARTESIAN_POINT('Ctrl Pts',(-13.7909873191015,6.9451616667956,0.));
#2836=CARTESIAN_POINT('Ctrl Pts',(-13.6574878554491,7.00061590868884,0.));
#2837=CARTESIAN_POINT('Ctrl Pts',(-13.5659417227235,7.11239450828241,0.));
#2838=CARTESIAN_POINT('Ctrl Pts',(-13.5207847463438,7.16753155701761,0.));
#2839=CARTESIAN_POINT('',(-13.8586354797292,6.91706134818427,-0.4));
#2840=CARTESIAN_POINT('',(-13.8586354797292,6.91706134818427,0.));
#2841=CARTESIAN_POINT('Ctrl Pts',(-13.8586354797292,6.91706134818427,-0.4));
#2842=CARTESIAN_POINT('Ctrl Pts',(-13.7909873191015,6.9451616667956,-0.4));
#2843=CARTESIAN_POINT('Ctrl Pts',(-13.6574878554491,7.00061590868884,-0.4));
#2844=CARTESIAN_POINT('Ctrl Pts',(-13.5659417227235,7.11239450828241,-0.4));
#2845=CARTESIAN_POINT('Ctrl Pts',(-13.5207847463438,7.16753155701761,-0.4));
#2846=CARTESIAN_POINT('Ctrl Pts',(-14.9387306145649,6.84789928807091,0.));
#2847=CARTESIAN_POINT('Ctrl Pts',(-14.9387306145649,6.84789928807091,-0.4));
#2848=CARTESIAN_POINT('Ctrl Pts',(-14.7038807825871,6.84421048083876,0.));
#2849=CARTESIAN_POINT('Ctrl Pts',(-14.7038807825871,6.84421048083876,-0.4));
#2850=CARTESIAN_POINT('Ctrl Pts',(-14.3415022366009,6.83851856873495,0.));
#2851=CARTESIAN_POINT('Ctrl Pts',(-14.3415022366009,6.83851856873495,-0.4));
#2852=CARTESIAN_POINT('Ctrl Pts',(-13.9843314666429,6.89661572413304,0.));
#2853=CARTESIAN_POINT('Ctrl Pts',(-13.9843314666429,6.89661572413304,-0.4));
#2854=CARTESIAN_POINT('Ctrl Pts',(-13.8586354797292,6.91706134818427,0.));
#2855=CARTESIAN_POINT('Ctrl Pts',(-13.8586354797292,6.91706134818427,-0.4));
#2856=CARTESIAN_POINT('',(-14.9387306145649,6.84789928807091,0.));
#2857=CARTESIAN_POINT('Ctrl Pts',(-14.9387306145649,6.84789928807091,0.));
#2858=CARTESIAN_POINT('Ctrl Pts',(-14.7038807825871,6.84421048083876,0.));
#2859=CARTESIAN_POINT('Ctrl Pts',(-14.3415022366009,6.83851856873495,0.));
#2860=CARTESIAN_POINT('Ctrl Pts',(-13.9843314666429,6.89661572413304,0.));
#2861=CARTESIAN_POINT('Ctrl Pts',(-13.8586354797292,6.91706134818427,0.));
#2862=CARTESIAN_POINT('',(-14.9387306145649,6.84789928807091,-0.4));
#2863=CARTESIAN_POINT('',(-14.9387306145649,6.84789928807091,0.));
#2864=CARTESIAN_POINT('Ctrl Pts',(-14.9387306145649,6.84789928807091,-0.4));
#2865=CARTESIAN_POINT('Ctrl Pts',(-14.7038807825871,6.84421048083876,-0.4));
#2866=CARTESIAN_POINT('Ctrl Pts',(-14.3415022366009,6.83851856873495,-0.4));
#2867=CARTESIAN_POINT('Ctrl Pts',(-13.9843314666429,6.89661572413304,-0.4));
#2868=CARTESIAN_POINT('Ctrl Pts',(-13.8586354797292,6.91706134818427,-0.4));
#2869=CARTESIAN_POINT('Origin',(-15.8277638284986,6.85111774678674,0.));
#2870=CARTESIAN_POINT('',(-15.8277638284986,6.85111774678674,0.));
#2871=CARTESIAN_POINT('',(-16.6831461299006,6.8542143832005,0.));
#2872=CARTESIAN_POINT('',(-15.8277638284986,6.85111774678674,-0.4));
#2873=CARTESIAN_POINT('',(-15.8277638284986,6.85111774678674,0.));
#2874=CARTESIAN_POINT('',(-15.8277638284986,6.85111774678674,-0.4));
#2875=CARTESIAN_POINT('Origin',(-15.8222968559479,8.36125679358211,0.));
#2876=CARTESIAN_POINT('',(-15.805766126572,12.9275317603773,0.));
#2877=CARTESIAN_POINT('',(-15.8222968559479,8.36125679358211,-0.4));
#2878=CARTESIAN_POINT('Origin',(-15.8312027303608,5.90119163467797,0.));
#2879=CARTESIAN_POINT('',(-15.8312027303608,5.90119163467797,-0.4));
#2880=CARTESIAN_POINT('',(-15.8312027303608,5.90119163467797,0.));
#2881=CARTESIAN_POINT('',(-15.8401967813848,3.4167694953166,-0.4));
#2882=CARTESIAN_POINT('',(-15.8312027303608,5.90119163467798,-0.4));
#2883=CARTESIAN_POINT('',(-15.8401967813848,3.4167694953166,0.));
#2884=CARTESIAN_POINT('Origin',(-15.5876318827139,5.90030986478992,0.));
#2885=CARTESIAN_POINT('',(-15.5876318827139,5.90030986478992,-0.4));
#2886=CARTESIAN_POINT('',(-15.5876318827139,5.90030986478992,0.));
#2887=CARTESIAN_POINT('',(-15.5876318827139,5.90030986478992,-0.4));
#2888=CARTESIAN_POINT('Ctrl Pts',(-14.9830069708851,5.83113806819682,0.));
#2889=CARTESIAN_POINT('Ctrl Pts',(-14.9830069708851,5.83113806819682,-0.4));
#2890=CARTESIAN_POINT('Ctrl Pts',(-15.0648126392393,5.85082516507084,0.));
#2891=CARTESIAN_POINT('Ctrl Pts',(-15.0648126392393,5.85082516507084,-0.4));
#2892=CARTESIAN_POINT('Ctrl Pts',(-15.2631911253843,5.89856631251248,0.));
#2893=CARTESIAN_POINT('Ctrl Pts',(-15.2631911253843,5.89856631251248,-0.4));
#2894=CARTESIAN_POINT('Ctrl Pts',(-15.4675467368026,5.89966452438521,0.));
#2895=CARTESIAN_POINT('Ctrl Pts',(-15.4675467368026,5.89966452438521,-0.4));
#2896=CARTESIAN_POINT('Ctrl Pts',(-15.5876318827139,5.90030986478992,0.));
#2897=CARTESIAN_POINT('Ctrl Pts',(-15.5876318827139,5.90030986478992,-0.4));
#2898=CARTESIAN_POINT('',(-14.9830069708851,5.83113806819682,-0.4));
#2899=CARTESIAN_POINT('',(-14.9830069708851,5.83113806819682,0.));
#2900=CARTESIAN_POINT('Ctrl Pts',(-14.9830069708851,5.83113806819682,-0.4));
#2901=CARTESIAN_POINT('Ctrl Pts',(-15.0648126392393,5.85082516507084,-0.4));
#2902=CARTESIAN_POINT('Ctrl Pts',(-15.2631911253843,5.89856631251248,-0.4));
#2903=CARTESIAN_POINT('Ctrl Pts',(-15.4675467368026,5.89966452438521,-0.4));
#2904=CARTESIAN_POINT('Ctrl Pts',(-15.5876318827139,5.90030986478992,-0.4));
#2905=CARTESIAN_POINT('Ctrl Pts',(-14.6226068845848,5.58220006390735,0.));
#2906=CARTESIAN_POINT('Ctrl Pts',(-14.6226068845848,5.58220006390735,-0.4));
#2907=CARTESIAN_POINT('Ctrl Pts',(-14.6782001398671,5.63718906394071,0.));
#2908=CARTESIAN_POINT('Ctrl Pts',(-14.6782001398671,5.63718906394071,-0.4));
#2909=CARTESIAN_POINT('Ctrl Pts',(-14.7837433144072,5.74158506663635,0.));
#2910=CARTESIAN_POINT('Ctrl Pts',(-14.7837433144072,5.74158506663635,-0.4));
#2911=CARTESIAN_POINT('Ctrl Pts',(-14.9189963881063,5.80237045487082,0.));
#2912=CARTESIAN_POINT('Ctrl Pts',(-14.9189963881063,5.80237045487082,-0.4));
#2913=CARTESIAN_POINT('Ctrl Pts',(-14.9830069708851,5.83113806819682,0.));
#2914=CARTESIAN_POINT('Ctrl Pts',(-14.9830069708851,5.83113806819682,-0.4));
#2915=CARTESIAN_POINT('',(-14.6226068845848,5.58220006390735,-0.4));
#2916=CARTESIAN_POINT('',(-14.6226068845848,5.58220006390735,0.));
#2917=CARTESIAN_POINT('Ctrl Pts',(-14.6226068845848,5.58220006390735,-0.4));
#2918=CARTESIAN_POINT('Ctrl Pts',(-14.6782001398671,5.63718906394071,-0.4));
#2919=CARTESIAN_POINT('Ctrl Pts',(-14.7837433144072,5.74158506663635,-0.4));
#2920=CARTESIAN_POINT('Ctrl Pts',(-14.9189963881063,5.80237045487082,-0.4));
#2921=CARTESIAN_POINT('Ctrl Pts',(-14.9830069708851,5.83113806819682,-0.4));
#2922=CARTESIAN_POINT('Ctrl Pts',(-13.9924897342131,4.70508211444599,0.));
#2923=CARTESIAN_POINT('Ctrl Pts',(-13.9924897342131,4.70508211444599,-0.4));
#2924=CARTESIAN_POINT('Ctrl Pts',(-14.1179325153597,4.8969157588529,0.));
#2925=CARTESIAN_POINT('Ctrl Pts',(-14.1179325153597,4.8969157588529,-0.4));
#2926=CARTESIAN_POINT('Ctrl Pts',(-14.3152204646178,5.19861878199873,0.));
#2927=CARTESIAN_POINT('Ctrl Pts',(-14.3152204646178,5.19861878199873,-0.4));
#2928=CARTESIAN_POINT('Ctrl Pts',(-14.5405499856287,5.47980292321914,0.));
#2929=CARTESIAN_POINT('Ctrl Pts',(-14.5405499856287,5.47980292321914,-0.4));
#2930=CARTESIAN_POINT('Ctrl Pts',(-14.6226068845848,5.58220006390735,0.));
#2931=CARTESIAN_POINT('Ctrl Pts',(-14.6226068845848,5.58220006390735,-0.4));
#2932=CARTESIAN_POINT('',(-13.9924897342131,4.70508211444599,-0.4));
#2933=CARTESIAN_POINT('',(-13.9924897342131,4.70508211444599,0.));
#2934=CARTESIAN_POINT('Ctrl Pts',(-13.9924897342131,4.70508211444599,-0.4));
#2935=CARTESIAN_POINT('Ctrl Pts',(-14.1179325153597,4.8969157588529,-0.4));
#2936=CARTESIAN_POINT('Ctrl Pts',(-14.3152204646178,5.19861878199873,-0.4));
#2937=CARTESIAN_POINT('Ctrl Pts',(-14.5405499856287,5.47980292321914,-0.4));
#2938=CARTESIAN_POINT('Ctrl Pts',(-14.6226068845848,5.58220006390735,-0.4));
#2939=CARTESIAN_POINT('Origin',(-13.1284419303588,3.40695245935138,0.));
#2940=CARTESIAN_POINT('',(-13.1284419303588,3.40695245935138,-0.4));
#2941=CARTESIAN_POINT('',(-13.1284419303588,3.40695245935138,0.));
#2942=CARTESIAN_POINT('',(-13.1284419303588,3.40695245935138,-0.4));
#2943=CARTESIAN_POINT('Origin',(-11.6913741229564,3.40175001771312,0.));
#2944=CARTESIAN_POINT('',(-11.6913741229564,3.40175001771312,-0.4));
#2945=CARTESIAN_POINT('',(-11.6913741229564,3.40175001771312,0.));
#2946=CARTESIAN_POINT('',(-11.6913741229564,3.40175001771312,-0.4));
#2947=CARTESIAN_POINT('Origin',(-12.4138237698157,4.56540116897722,0.));
#2948=CARTESIAN_POINT('',(-12.4138237698157,4.56540116897722,-0.4));
#2949=CARTESIAN_POINT('',(-12.4138237698157,4.56540116897722,0.));
#2950=CARTESIAN_POINT('',(-12.4138237698157,4.56540116897722,-0.4));
#2951=CARTESIAN_POINT('Ctrl Pts',(-13.0943543372804,5.53404216832301,0.));
#2952=CARTESIAN_POINT('Ctrl Pts',(-13.0943543372804,5.53404216832301,-0.4));
#2953=CARTESIAN_POINT('Ctrl Pts',(-12.9932095889902,5.40949040901798,0.));
#2954=CARTESIAN_POINT('Ctrl Pts',(-12.9932095889902,5.40949040901798,-0.4));
#2955=CARTESIAN_POINT('Ctrl Pts',(-12.7439957360002,5.10260325612292,0.));
#2956=CARTESIAN_POINT('Ctrl Pts',(-12.7439957360002,5.10260325612292,-0.4));
#2957=CARTESIAN_POINT('Ctrl Pts',(-12.5368803129763,4.765618748279,0.));
#2958=CARTESIAN_POINT('Ctrl Pts',(-12.5368803129763,4.765618748279,-0.4));
#2959=CARTESIAN_POINT('Ctrl Pts',(-12.4138237698157,4.56540116897722,0.));
#2960=CARTESIAN_POINT('Ctrl Pts',(-12.4138237698157,4.56540116897722,-0.4));
#2961=CARTESIAN_POINT('',(-13.0943543372804,5.53404216832301,-0.4));
#2962=CARTESIAN_POINT('',(-13.0943543372804,5.53404216832301,0.));
#2963=CARTESIAN_POINT('Ctrl Pts',(-13.0943543372804,5.53404216832301,-0.4));
#2964=CARTESIAN_POINT('Ctrl Pts',(-12.9932095889902,5.40949040901798,-0.4));
#2965=CARTESIAN_POINT('Ctrl Pts',(-12.7439957360002,5.10260325612292,-0.4));
#2966=CARTESIAN_POINT('Ctrl Pts',(-12.5368803129763,4.765618748279,-0.4));
#2967=CARTESIAN_POINT('Ctrl Pts',(-12.4138237698157,4.56540116897722,-0.4));
#2968=CARTESIAN_POINT('Ctrl Pts',(-13.7359797001803,6.03569154696008,0.));
#2969=CARTESIAN_POINT('Ctrl Pts',(-13.7359797001803,6.03569154696008,-0.4));
#2970=CARTESIAN_POINT('Ctrl Pts',(-13.6143223743151,5.96004663227764,0.));
#2971=CARTESIAN_POINT('Ctrl Pts',(-13.6143223743151,5.96004663227764,-0.4));
#2972=CARTESIAN_POINT('Ctrl Pts',(-13.3823491164613,5.81580873148396,0.));
#2973=CARTESIAN_POINT('Ctrl Pts',(-13.3823491164613,5.81580873148396,-0.4));
#2974=CARTESIAN_POINT('Ctrl Pts',(-13.1871717951962,5.62485234270407,0.));
#2975=CARTESIAN_POINT('Ctrl Pts',(-13.1871717951962,5.62485234270407,-0.4));
#2976=CARTESIAN_POINT('Ctrl Pts',(-13.0943543372804,5.53404216832301,0.));
#2977=CARTESIAN_POINT('Ctrl Pts',(-13.0943543372804,5.53404216832301,-0.4));
#2978=CARTESIAN_POINT('',(-13.7359797001803,6.03569154696008,-0.4));
#2979=CARTESIAN_POINT('',(-13.7359797001803,6.03569154696008,0.));
#2980=CARTESIAN_POINT('Ctrl Pts',(-13.7359797001803,6.03569154696008,-0.4));
#2981=CARTESIAN_POINT('Ctrl Pts',(-13.6143223743151,5.96004663227764,-0.4));
#2982=CARTESIAN_POINT('Ctrl Pts',(-13.3823491164613,5.81580873148396,-0.4));
#2983=CARTESIAN_POINT('Ctrl Pts',(-13.1871717951962,5.62485234270407,-0.4));
#2984=CARTESIAN_POINT('Ctrl Pts',(-13.0943543372804,5.53404216832301,-0.4));
#2985=CARTESIAN_POINT('Ctrl Pts',(-12.5567292493002,6.58149347938074,0.));
#2986=CARTESIAN_POINT('Ctrl Pts',(-12.5567292493002,6.58149347938074,-0.4));
#2987=CARTESIAN_POINT('Ctrl Pts',(-12.7138737793242,6.44890286597119,0.));
#2988=CARTESIAN_POINT('Ctrl Pts',(-12.7138737793242,6.44890286597119,-0.4));
#2989=CARTESIAN_POINT('Ctrl Pts',(-13.0557788953022,6.1604206066876,0.));
#2990=CARTESIAN_POINT('Ctrl Pts',(-13.0557788953022,6.1604206066876,-0.4));
#2991=CARTESIAN_POINT('Ctrl Pts',(-13.4973571758453,6.07944798311343,0.));
#2992=CARTESIAN_POINT('Ctrl Pts',(-13.4973571758453,6.07944798311343,-0.4));
#2993=CARTESIAN_POINT('Ctrl Pts',(-13.7359797001803,6.03569154696008,0.));
#2994=CARTESIAN_POINT('Ctrl Pts',(-13.7359797001803,6.03569154696008,-0.4));
#2995=CARTESIAN_POINT('',(-12.5567292493002,6.58149347938074,-0.4));
#2996=CARTESIAN_POINT('',(-12.5567292493002,6.58149347938074,0.));
#2997=CARTESIAN_POINT('Ctrl Pts',(-12.5567292493002,6.58149347938074,-0.4));
#2998=CARTESIAN_POINT('Ctrl Pts',(-12.7138737793242,6.44890286597119,-0.4));
#2999=CARTESIAN_POINT('Ctrl Pts',(-13.0557788953022,6.1604206066876,-0.4));
#3000=CARTESIAN_POINT('Ctrl Pts',(-13.4973571758453,6.07944798311343,-0.4));
#3001=CARTESIAN_POINT('Ctrl Pts',(-13.7359797001803,6.03569154696008,-0.4));
#3002=CARTESIAN_POINT('Ctrl Pts',(-12.1589520199344,7.68628535990198,0.));
#3003=CARTESIAN_POINT('Ctrl Pts',(-12.1589520199344,7.68628535990198,-0.4));
#3004=CARTESIAN_POINT('Ctrl Pts',(-12.1736205798988,7.47563601024323,0.));
#3005=CARTESIAN_POINT('Ctrl Pts',(-12.1736205798988,7.47563601024323,-0.4));
#3006=CARTESIAN_POINT('Ctrl Pts',(-12.2019358934043,7.06901106615803,0.));
#3007=CARTESIAN_POINT('Ctrl Pts',(-12.2019358934043,7.06901106615803,-0.4));
#3008=CARTESIAN_POINT('Ctrl Pts',(-12.4413446215467,6.7400422073623,0.));
#3009=CARTESIAN_POINT('Ctrl Pts',(-12.4413446215467,6.7400422073623,-0.4));
#3010=CARTESIAN_POINT('Ctrl Pts',(-12.5567292493002,6.58149347938074,0.));
#3011=CARTESIAN_POINT('Ctrl Pts',(-12.5567292493002,6.58149347938074,-0.4));
#3012=CARTESIAN_POINT('',(-12.1589520199344,7.68628535990198,-0.4));
#3013=CARTESIAN_POINT('',(-12.1589520199344,7.68628535990198,0.));
#3014=CARTESIAN_POINT('Ctrl Pts',(-12.1589520199344,7.68628535990198,-0.4));
#3015=CARTESIAN_POINT('Ctrl Pts',(-12.1736205798988,7.47563601024323,-0.4));
#3016=CARTESIAN_POINT('Ctrl Pts',(-12.2019358934043,7.06901106615803,-0.4));
#3017=CARTESIAN_POINT('Ctrl Pts',(-12.4413446215467,6.7400422073623,-0.4));
#3018=CARTESIAN_POINT('Ctrl Pts',(-12.5567292493002,6.58149347938074,-0.4));
#3019=CARTESIAN_POINT('Ctrl Pts',(-12.4153655945037,8.62497338544868,0.));
#3020=CARTESIAN_POINT('Ctrl Pts',(-12.4153655945037,8.62497338544868,-0.4));
#3021=CARTESIAN_POINT('Ctrl Pts',(-12.3401178041366,8.48125217039315,0.));
#3022=CARTESIAN_POINT('Ctrl Pts',(-12.3401178041366,8.48125217039315,-0.4));
#3023=CARTESIAN_POINT('Ctrl Pts',(-12.1862074988143,8.18728771000718,0.));
#3024=CARTESIAN_POINT('Ctrl Pts',(-12.1862074988143,8.18728771000718,-0.4));
#3025=CARTESIAN_POINT('Ctrl Pts',(-12.1681705714076,7.85573811371359,0.));
#3026=CARTESIAN_POINT('Ctrl Pts',(-12.1681705714076,7.85573811371359,-0.4));
#3027=CARTESIAN_POINT('Ctrl Pts',(-12.1589520199344,7.68628535990198,0.));
#3028=CARTESIAN_POINT('Ctrl Pts',(-12.1589520199344,7.68628535990198,-0.4));
#3029=CARTESIAN_POINT('',(-12.4153655945037,8.62497338544868,-0.4));
#3030=CARTESIAN_POINT('',(-12.4153655945037,8.62497338544868,0.));
#3031=CARTESIAN_POINT('Ctrl Pts',(-12.4153655945037,8.62497338544868,-0.4));
#3032=CARTESIAN_POINT('Ctrl Pts',(-12.3401178041366,8.48125217039315,-0.4));
#3033=CARTESIAN_POINT('Ctrl Pts',(-12.1862074988143,8.18728771000718,-0.4));
#3034=CARTESIAN_POINT('Ctrl Pts',(-12.1681705714076,7.85573811371359,-0.4));
#3035=CARTESIAN_POINT('Ctrl Pts',(-12.1589520199344,7.68628535990198,-0.4));
#3036=CARTESIAN_POINT('Ctrl Pts',(-13.1054483296109,9.19784113202468,0.));
#3037=CARTESIAN_POINT('Ctrl Pts',(-13.1054483296109,9.19784113202468,-0.4));
#3038=CARTESIAN_POINT('Ctrl Pts',(-12.9681765788187,9.13256336688472,0.));
#3039=CARTESIAN_POINT('Ctrl Pts',(-12.9681765788187,9.13256336688472,-0.4));
#3040=CARTESIAN_POINT('Ctrl Pts',(-12.6897658690683,9.00016883692021,0.));
#3041=CARTESIAN_POINT('Ctrl Pts',(-12.6897658690683,9.00016883692021,-0.4));
#3042=CARTESIAN_POINT('Ctrl Pts',(-12.5076754495182,8.75119132667492,0.));
#3043=CARTESIAN_POINT('Ctrl Pts',(-12.5076754495182,8.75119132667492,-0.4));
#3044=CARTESIAN_POINT('Ctrl Pts',(-12.4153655945037,8.62497338544868,0.));
#3045=CARTESIAN_POINT('Ctrl Pts',(-12.4153655945037,8.62497338544868,-0.4));
#3046=CARTESIAN_POINT('',(-13.1054483296109,9.19784113202468,-0.4));
#3047=CARTESIAN_POINT('',(-13.1054483296109,9.19784113202468,0.));
#3048=CARTESIAN_POINT('Ctrl Pts',(-13.1054483296109,9.19784113202468,-0.4));
#3049=CARTESIAN_POINT('Ctrl Pts',(-12.9681765788187,9.13256336688472,-0.4));
#3050=CARTESIAN_POINT('Ctrl Pts',(-12.6897658690683,9.00016883692021,-0.4));
#3051=CARTESIAN_POINT('Ctrl Pts',(-12.5076754495182,8.75119132667492,-0.4));
#3052=CARTESIAN_POINT('Ctrl Pts',(-12.4153655945037,8.62497338544868,-0.4));
#3053=CARTESIAN_POINT('Ctrl Pts',(-14.491191558368,9.36321021590043,0.));
#3054=CARTESIAN_POINT('Ctrl Pts',(-14.491191558368,9.36321021590043,-0.4));
#3055=CARTESIAN_POINT('Ctrl Pts',(-14.2149767463002,9.36182767210644,0.));
#3056=CARTESIAN_POINT('Ctrl Pts',(-14.2149767463002,9.36182767210644,-0.4));
#3057=CARTESIAN_POINT('Ctrl Pts',(-13.7459903335049,9.35948024457486,0.));
#3058=CARTESIAN_POINT('Ctrl Pts',(-13.7459903335049,9.35948024457486,-0.4));
#3059=CARTESIAN_POINT('Ctrl Pts',(-13.2920396589196,9.24492696979278,0.));
#3060=CARTESIAN_POINT('Ctrl Pts',(-13.2920396589196,9.24492696979278,-0.4));
#3061=CARTESIAN_POINT('Ctrl Pts',(-13.1054483296109,9.19784113202468,0.));
#3062=CARTESIAN_POINT('Ctrl Pts',(-13.1054483296109,9.19784113202468,-0.4));
#3063=CARTESIAN_POINT('',(-14.491191558368,9.36321021590043,-0.4));
#3064=CARTESIAN_POINT('',(-14.491191558368,9.36321021590043,0.));
#3065=CARTESIAN_POINT('Ctrl Pts',(-14.491191558368,9.36321021590043,-0.4));
#3066=CARTESIAN_POINT('Ctrl Pts',(-14.2149767463002,9.36182767210644,-0.4));
#3067=CARTESIAN_POINT('Ctrl Pts',(-13.7459903335049,9.35948024457486,-0.4));
#3068=CARTESIAN_POINT('Ctrl Pts',(-13.2920396589196,9.24492696979278,-0.4));
#3069=CARTESIAN_POINT('Ctrl Pts',(-13.1054483296109,9.19784113202468,-0.4));
#3070=CARTESIAN_POINT('Origin',(-17.0202681991536,9.37236592417989,0.));
#3071=CARTESIAN_POINT('',(-17.0202681991536,9.37236592417989,-0.4));
#3072=CARTESIAN_POINT('',(-17.0202681991536,9.37236592417989,0.));
#3073=CARTESIAN_POINT('',(-17.0202681991536,9.37236592417989,-0.4));
#3074=CARTESIAN_POINT('Origin',(-17.0418127718788,3.42111955940539,0.));
#3075=CARTESIAN_POINT('',(-17.0418127718788,3.42111955940539,-0.4));
#3076=CARTESIAN_POINT('',(-17.0418127718788,3.42111955940539,0.));
#3077=CARTESIAN_POINT('',(-17.0418127718788,3.42111955940539,-0.4));
#3078=CARTESIAN_POINT('Origin',(-15.8401967813848,3.4167694953166,0.));
#3079=CARTESIAN_POINT('',(-15.8401967813848,3.4167694953166,-0.4));
#3080=CARTESIAN_POINT('Origin',(-9.89999165120771,6.32160892436291,-0.4));
#3081=CARTESIAN_POINT('Origin',(-17.5,17.5,0.));
#3082=CARTESIAN_POINT('Origin',(-17.5,17.5,0.));
#3083=CARTESIAN_POINT('Origin',(-17.,17.,0.));
#3084=CARTESIAN_POINT('',(-17.,35.,-2.));
#3085=CARTESIAN_POINT('',(-17.,35.,0.));
#3086=CARTESIAN_POINT('',(-35.,17.,-2.));
#3087=CARTESIAN_POINT('Origin',(-17.,17.,-2.));
#3088=CARTESIAN_POINT('',(-35.,17.,0.));
#3089=CARTESIAN_POINT('Origin',(-35.,0.,0.));
#3090=CARTESIAN_POINT('',(-35.,0.,-2.));
#3091=CARTESIAN_POINT('Origin',(-17.,35.,0.));
#3092=CARTESIAN_POINT('',(-17.,35.,-2.));
#3093=CARTESIAN_POINT('Origin',(-17.5,17.5,0.));
#3094=CARTESIAN_POINT('Origin',(-17.5,17.5,-2.));
#3095=UNCERTAINTY_MEASURE_WITH_UNIT(LENGTH_MEASURE(0.01),#3099,
'DISTANCE_ACCURACY_VALUE',
'Maximum model space distance between geometric entities at asserted c
onnectivities');
#3096=UNCERTAINTY_MEASURE_WITH_UNIT(LENGTH_MEASURE(0.01),#3099,
'DISTANCE_ACCURACY_VALUE',
'Maximum model space distance between geometric entities at asserted c
onnectivities');
#3097=(
GEOMETRIC_REPRESENTATION_CONTEXT(3)
GLOBAL_UNCERTAINTY_ASSIGNED_CONTEXT((#3095))
GLOBAL_UNIT_ASSIGNED_CONTEXT((#3099,#3101,#3102))
REPRESENTATION_CONTEXT('','3D')
);
#3098=(
GEOMETRIC_REPRESENTATION_CONTEXT(3)
GLOBAL_UNCERTAINTY_ASSIGNED_CONTEXT((#3096))
GLOBAL_UNIT_ASSIGNED_CONTEXT((#3099,#3101,#3102))
REPRESENTATION_CONTEXT('','3D')
);
#3099=(
LENGTH_UNIT()
NAMED_UNIT(*)
SI_UNIT(.MILLI.,.METRE.)
);
#3100=(
LENGTH_UNIT()
NAMED_UNIT(*)
SI_UNIT($,.METRE.)
);
#3101=(
NAMED_UNIT(*)
PLANE_ANGLE_UNIT()
SI_UNIT($,.RADIAN.)
);
#3102=(
NAMED_UNIT(*)
SI_UNIT($,.STERADIAN.)
SOLID_ANGLE_UNIT()
);
#3103=SHAPE_DEFINITION_REPRESENTATION(#3104,#3105);
#3104=PRODUCT_DEFINITION_SHAPE('',$,#3107);
#3105=SHAPE_REPRESENTATION('',(#1543),#3097);
#3106=PRODUCT_DEFINITION_CONTEXT('part definition',#3111,'design');
#3107=PRODUCT_DEFINITION('Fillet Chips','Fillet Chips v3',#3108,#3106);
#3108=PRODUCT_DEFINITION_FORMATION('',$,#3113);
#3109=PRODUCT_RELATED_PRODUCT_CATEGORY('Fillet Chips v3',
'Fillet Chips v3',(#3113));
#3110=APPLICATION_PROTOCOL_DEFINITION('international standard',
'automotive_design',2009,#3111);
#3111=APPLICATION_CONTEXT(
'Core Data for Automotive Mechanical Design Process');
#3112=PRODUCT_CONTEXT('part definition',#3111,'mechanical');
#3113=PRODUCT('Fillet Chips','Fillet Chips v3',$,(#3112));
#3114=PRESENTATION_STYLE_ASSIGNMENT((#3115));
#3115=SURFACE_STYLE_USAGE(.BOTH.,#3116);
#3116=SURFACE_SIDE_STYLE('',(#3117));
#3117=SURFACE_STYLE_FILL_AREA(#3118);
#3118=FILL_AREA_STYLE('Steel - Satin',(#3119));
#3119=FILL_AREA_STYLE_COLOUR('Steel - Satin',#3120);
#3120=COLOUR_RGB('Steel - Satin',0.627450980392157,0.627450980392157,0.627450980392157);
ENDSEC;
END-ISO-10303-21;
