ISO-10303-21;
HEADER;
/* Generated by software containing ST-Developer
 * from STEP Tools, Inc. (www.steptools.com) 
 */

FILE_DESCRIPTION(
/* description */ (''),
/* implementation_level */ '2;1');

FILE_NAME(
/* name */ 'R30 Gauge.stp',
/* time_stamp */ '2025-04-23T18:43:58+10:00',
/* author */ (''),
/* organization */ (''),
/* preprocessor_version */ 'ST-DEVELOPER v20.1',
/* originating_system */ 'Autodesk Translation Framework v14.4.0.0',
/* authorisation */ '');

FILE_SCHEMA (('AUTOMOTIVE_DESIGN { 1 0 10303 214 3 1 1 }'));
ENDSEC;

DATA;
#10=MECHANICAL_DESIGN_GEOMETRIC_PRESENTATION_REPRESENTATION('',(#13),#3452);
#11=SHAPE_REPRESENTATION_RELATIONSHIP('SRR','None',#3459,#12);
#12=ADVANCED_BREP_SHAPE_REPRESENTATION('',(#14),#3451);
#13=STYLED_ITEM('',(#3468),#14);
#14=MANIFOLD_SOLID_BREP('Body1',#1672);
#15=CYLINDRICAL_SURFACE('',#1711,30.);
#16=B_SPLINE_SURFACE_WITH_KNOTS('',3,1,((#2226,#2227),(#2228,#2229),(#2230,
#2231),(#2232,#2233),(#2234,#2235)),.UNSPECIFIED.,.F.,.F.,.F.,(4,1,4),(2,
2),(0.,0.0347870424394269,0.0593372807651605),(0.,0.04),.UNSPECIFIED.);
#17=B_SPLINE_SURFACE_WITH_KNOTS('',3,1,((#2252,#2253),(#2254,#2255),(#2256,
#2257),(#2258,#2259),(#2260,#2261)),.UNSPECIFIED.,.F.,.F.,.F.,(4,1,4),(2,
2),(0.,0.0883851335994305,0.144511126516041),(0.,0.04),.UNSPECIFIED.);
#18=B_SPLINE_SURFACE_WITH_KNOTS('',3,1,((#2275,#2276),(#2277,#2278),(#2279,
#2280),(#2281,#2282),(#2283,#2284)),.UNSPECIFIED.,.F.,.F.,.F.,(4,1,4),(2,
2),(0.,0.0597225828122329,0.14928377988753),(0.,0.04),.UNSPECIFIED.);
#19=B_SPLINE_SURFACE_WITH_KNOTS('',3,1,((#2298,#2299),(#2300,#2301),(#2302,
#2303),(#2304,#2305),(#2306,#2307)),.UNSPECIFIED.,.F.,.F.,.F.,(4,1,4),(2,
2),(0.,0.0233877901152091,0.054200279995561),(0.,0.04),.UNSPECIFIED.);
#20=B_SPLINE_SURFACE_WITH_KNOTS('',3,1,((#2321,#2322),(#2323,#2324),(#2325,
#2326),(#2327,#2328),(#2329,#2330)),.UNSPECIFIED.,.F.,.F.,.F.,(4,1,4),(2,
2),(0.,0.0198631719124895,0.0398404339705809),(0.,0.04),.UNSPECIFIED.);
#21=B_SPLINE_SURFACE_WITH_KNOTS('',3,1,((#2344,#2345),(#2346,#2347),(#2348,
#2349),(#2350,#2351),(#2352,#2353)),.UNSPECIFIED.,.F.,.F.,.F.,(4,1,4),(2,
2),(0.,0.0197698009341076,0.0395743880820601),(0.,0.04),.UNSPECIFIED.);
#22=B_SPLINE_SURFACE_WITH_KNOTS('',3,1,((#2367,#2368),(#2369,#2370),(#2371,
#2372),(#2373,#2374),(#2375,#2376)),.UNSPECIFIED.,.F.,.F.,.F.,(4,1,4),(2,
2),(0.,0.0347394654991225,0.0591677159814584),(0.,0.04),.UNSPECIFIED.);
#23=B_SPLINE_SURFACE_WITH_KNOTS('',3,1,((#2390,#2391),(#2392,#2393),(#2394,
#2395),(#2396,#2397),(#2398,#2399)),.UNSPECIFIED.,.F.,.F.,.F.,(4,1,4),(2,
2),(0.,0.0883851038103924,0.144511096727002),(0.,0.04),.UNSPECIFIED.);
#24=B_SPLINE_SURFACE_WITH_KNOTS('',3,1,((#2413,#2414),(#2415,#2416),(#2417,
#2418),(#2419,#2420),(#2421,#2422)),.UNSPECIFIED.,.F.,.F.,.F.,(4,1,4),(2,
2),(0.,0.0600237145200713,0.149686367456727),(0.,0.04),.UNSPECIFIED.);
#25=B_SPLINE_SURFACE_WITH_KNOTS('',3,1,((#2436,#2437),(#2438,#2439),(#2440,
#2441),(#2442,#2443),(#2444,#2445)),.UNSPECIFIED.,.F.,.F.,.F.,(4,1,4),(2,
2),(0.,0.0233877901152091,0.054200279995561),(0.,0.04),.UNSPECIFIED.);
#26=B_SPLINE_SURFACE_WITH_KNOTS('',3,1,((#2459,#2460),(#2461,#2462),(#2463,
#2464),(#2465,#2466),(#2467,#2468)),.UNSPECIFIED.,.F.,.F.,.F.,(4,1,4),(2,
2),(0.,0.0198630543582759,0.0398403459396545),(0.,0.04),.UNSPECIFIED.);
#27=B_SPLINE_SURFACE_WITH_KNOTS('',3,1,((#2482,#2483),(#2484,#2485),(#2486,
#2487),(#2488,#2489),(#2490,#2491)),.UNSPECIFIED.,.F.,.F.,.F.,(4,1,4),(2,
2),(0.,0.0198451907607443,0.0396582863686482),(0.,0.04),.UNSPECIFIED.);
#28=B_SPLINE_SURFACE_WITH_KNOTS('',3,1,((#2502,#2503),(#2504,#2505),(#2506,
#2507),(#2508,#2509),(#2510,#2511)),.UNSPECIFIED.,.F.,.F.,.F.,(4,1,4),(2,
2),(0.,0.1452566454299,0.252095856470298),(0.,0.04),.UNSPECIFIED.);
#29=B_SPLINE_SURFACE_WITH_KNOTS('',3,1,((#2521,#2522),(#2523,#2524),(#2525,
#2526),(#2527,#2528),(#2529,#2530)),.UNSPECIFIED.,.F.,.F.,.F.,(4,1,4),(2,
2),(0.,0.101111783681845,0.246898562529572),(0.,0.04),.UNSPECIFIED.);
#30=B_SPLINE_SURFACE_WITH_KNOTS('',3,1,((#2538,#2539),(#2540,#2541),(#2542,
#2543),(#2544,#2545),(#2546,#2547)),.UNSPECIFIED.,.F.,.F.,.F.,(4,1,4),(2,
2),(0.,0.0802072830993785,0.159601597591064),(0.,0.04),.UNSPECIFIED.);
#31=B_SPLINE_SURFACE_WITH_KNOTS('',3,1,((#2555,#2556),(#2557,#2558),(#2559,
#2560),(#2561,#2562),(#2563,#2564)),.UNSPECIFIED.,.F.,.F.,.F.,(4,1,4),(2,
2),(0.,0.0737031876805514,0.152123357274297),(0.,0.04),.UNSPECIFIED.);
#32=B_SPLINE_SURFACE_WITH_KNOTS('',3,1,((#2572,#2573),(#2574,#2575),(#2576,
#2577),(#2578,#2579),(#2580,#2581)),.UNSPECIFIED.,.F.,.F.,.F.,(4,1,4),(2,
2),(0.,0.145862519266884,0.252886840668245),(0.,0.04),.UNSPECIFIED.);
#33=B_SPLINE_SURFACE_WITH_KNOTS('',3,1,((#2589,#2590),(#2591,#2592),(#2593,
#2594),(#2595,#2596),(#2597,#2598)),.UNSPECIFIED.,.F.,.F.,.F.,(4,1,4),(2,
2),(0.,0.106436736648166,0.252390118037818),(0.,0.04),.UNSPECIFIED.);
#34=B_SPLINE_SURFACE_WITH_KNOTS('',3,1,((#2606,#2607),(#2608,#2609),(#2610,
#2611),(#2612,#2613),(#2614,#2615)),.UNSPECIFIED.,.F.,.F.,.F.,(4,1,4),(2,
2),(0.,0.078559295834623,0.152879438763954),(0.,0.04),.UNSPECIFIED.);
#35=B_SPLINE_SURFACE_WITH_KNOTS('',3,1,((#2623,#2624),(#2625,#2626),(#2627,
#2628),(#2629,#2630),(#2631,#2632)),.UNSPECIFIED.,.F.,.F.,.F.,(4,1,4),(2,
2),(0.,0.0737033089461135,0.152123364490984),(0.,0.04),.UNSPECIFIED.);
#36=B_SPLINE_SURFACE_WITH_KNOTS('',3,1,((#2639,#2640),(#2641,#2642),(#2643,
#2644),(#2645,#2646),(#2647,#2648)),.UNSPECIFIED.,.F.,.F.,.F.,(4,1,4),(2,
2),(0.,0.0747918475670081,0.144254526266966),(0.,0.04),.UNSPECIFIED.);
#37=B_SPLINE_SURFACE_WITH_KNOTS('',3,1,((#2658,#2659),(#2660,#2661),(#2662,
#2663),(#2664,#2665),(#2666,#2667)),.UNSPECIFIED.,.F.,.F.,.F.,(4,1,4),(2,
2),(0.,0.0764305021089633,0.155886173961727),(0.,0.04),.UNSPECIFIED.);
#38=B_SPLINE_SURFACE_WITH_KNOTS('',3,1,((#2675,#2676),(#2677,#2678),(#2679,
#2680),(#2681,#2682),(#2683,#2684)),.UNSPECIFIED.,.F.,.F.,.F.,(4,1,4),(2,
2),(0.,0.0739617624273847,0.148549254448658),(0.,0.04),.UNSPECIFIED.);
#39=B_SPLINE_SURFACE_WITH_KNOTS('',3,1,((#2692,#2693),(#2694,#2695),(#2696,
#2697),(#2698,#2699),(#2700,#2701)),.UNSPECIFIED.,.F.,.F.,.F.,(4,1,4),(2,
2),(0.,0.0479823894642959,0.0985995261847668),(0.,0.04),.UNSPECIFIED.);
#40=B_SPLINE_SURFACE_WITH_KNOTS('',3,1,((#2709,#2710),(#2711,#2712),(#2713,
#2714),(#2715,#2716),(#2717,#2718)),.UNSPECIFIED.,.F.,.F.,.F.,(4,1,4),(2,
2),(0.,0.0493329397394815,0.0969068359714222),(0.,0.04),.UNSPECIFIED.);
#41=B_SPLINE_SURFACE_WITH_KNOTS('',3,1,((#2726,#2727),(#2728,#2729),(#2730,
#2731),(#2732,#2733),(#2734,#2735)),.UNSPECIFIED.,.F.,.F.,.F.,(4,1,4),(2,
2),(0.,0.073616398421932,0.157927215021363),(0.,0.04),.UNSPECIFIED.);
#42=B_SPLINE_SURFACE_WITH_KNOTS('',3,1,((#2743,#2744),(#2745,#2746),(#2747,
#2748),(#2749,#2750),(#2751,#2752)),.UNSPECIFIED.,.F.,.F.,.F.,(4,1,4),(2,
2),(0.,0.0562397555530582,0.109640950588248),(0.,0.04),.UNSPECIFIED.);
#43=B_SPLINE_SURFACE_WITH_KNOTS('',3,1,((#2760,#2761),(#2762,#2763),(#2764,
#2765),(#2766,#2767),(#2768,#2769)),.UNSPECIFIED.,.F.,.F.,.F.,(4,1,4),(2,
2),(0.,0.076886493748794,0.148328917891395),(0.,0.04),.UNSPECIFIED.);
#44=B_SPLINE_SURFACE_WITH_KNOTS('',3,1,((#2777,#2778),(#2779,#2780),(#2781,
#2782),(#2783,#2784),(#2785,#2786)),.UNSPECIFIED.,.F.,.F.,.F.,(4,1,4),(2,
2),(0.,0.0441929094979318,0.0911559505130027),(0.,0.04),.UNSPECIFIED.);
#45=B_SPLINE_SURFACE_WITH_KNOTS('',3,1,((#2794,#2795),(#2796,#2797),(#2798,
#2799),(#2800,#2801),(#2802,#2803)),.UNSPECIFIED.,.F.,.F.,.F.,(4,1,4),(2,
2),(0.,0.0391457504617848,0.0806277319040909),(0.,0.04),.UNSPECIFIED.);
#46=B_SPLINE_SURFACE_WITH_KNOTS('',3,1,((#2811,#2812),(#2813,#2814),(#2815,
#2816),(#2817,#2818),(#2819,#2820)),.UNSPECIFIED.,.F.,.F.,.F.,(4,1,4),(2,
2),(0.,0.0504717921837944,0.0928428041114696),(0.,0.04),.UNSPECIFIED.);
#47=B_SPLINE_SURFACE_WITH_KNOTS('',3,1,((#2832,#2833),(#2834,#2835),(#2836,
#2837),(#2838,#2839),(#2840,#2841)),.UNSPECIFIED.,.F.,.F.,.F.,(4,1,4),(2,
2),(0.,0.0300055896405272,0.0653521376715349),(0.,0.04),.UNSPECIFIED.);
#48=B_SPLINE_SURFACE_WITH_KNOTS('',3,1,((#2849,#2850),(#2851,#2852),(#2853,
#2854),(#2855,#2856),(#2857,#2858)),.UNSPECIFIED.,.F.,.F.,.F.,(4,1,4),(2,
2),(0.,0.0275684468109111,0.055012643653803),(0.,0.04),.UNSPECIFIED.);
#49=B_SPLINE_SURFACE_WITH_KNOTS('',3,1,((#2866,#2867),(#2868,#2869),(#2870,
#2871),(#2872,#2873),(#2874,#2875)),.UNSPECIFIED.,.F.,.F.,.F.,(4,1,4),(2,
2),(0.,0.0247450700694639,0.0518075320947454),(0.,0.04),.UNSPECIFIED.);
#50=B_SPLINE_SURFACE_WITH_KNOTS('',3,1,((#2883,#2884),(#2885,#2886),(#2887,
#2888),(#2889,#2890),(#2891,#2892)),.UNSPECIFIED.,.F.,.F.,.F.,(4,1,4),(2,
2),(0.,0.0273627560690497,0.0521932727701295),(0.,0.04),.UNSPECIFIED.);
#51=B_SPLINE_SURFACE_WITH_KNOTS('',3,1,((#2900,#2901),(#2902,#2903),(#2904,
#2905),(#2906,#2907),(#2908,#2909)),.UNSPECIFIED.,.F.,.F.,.F.,(4,1,4),(2,
2),(0.,0.0308131122873526,0.0632072456512089),(0.,0.04),.UNSPECIFIED.);
#52=B_SPLINE_SURFACE_WITH_KNOTS('',3,1,((#2917,#2918),(#2919,#2920),(#2921,
#2922),(#2923,#2924),(#2925,#2926)),.UNSPECIFIED.,.F.,.F.,.F.,(4,1,4),(2,
2),(0.,0.0410364681129638,0.074743254256892),(0.,0.04),.UNSPECIFIED.);
#53=B_SPLINE_SURFACE_WITH_KNOTS('',3,1,((#2938,#2939),(#2940,#2941),(#2942,
#2943),(#2944,#2945),(#2946,#2947)),.UNSPECIFIED.,.F.,.F.,.F.,(4,1,4),(2,
2),(0.,0.0241469770716538,0.0531751824939789),(0.,0.04),.UNSPECIFIED.);
#54=B_SPLINE_SURFACE_WITH_KNOTS('',3,1,((#2955,#2956),(#2957,#2958),(#2959,
#2960),(#2961,#2962),(#2963,#2964)),.UNSPECIFIED.,.F.,.F.,.F.,(4,1,4),(2,
2),(0.,0.0318688514312497,0.0632570054510729),(0.,0.04),.UNSPECIFIED.);
#55=B_SPLINE_SURFACE_WITH_KNOTS('',3,1,((#2972,#2973),(#2974,#2975),(#2976,
#2977),(#2978,#2979),(#2980,#2981)),.UNSPECIFIED.,.F.,.F.,.F.,(4,1,4),(2,
2),(0.,0.0389970892129581,0.073339352028862),(0.,0.04),.UNSPECIFIED.);
#56=B_SPLINE_SURFACE_WITH_KNOTS('',3,1,((#2989,#2990),(#2991,#2992),(#2993,
#2994),(#2995,#2996),(#2997,#2998)),.UNSPECIFIED.,.F.,.F.,.F.,(4,1,4),(2,
2),(0.,0.0363042312048625,0.0775470574725746),(0.,0.04),.UNSPECIFIED.);
#57=B_SPLINE_SURFACE_WITH_KNOTS('',3,1,((#3006,#3007),(#3008,#3009),(#3010,
#3011),(#3012,#3013),(#3014,#3015)),.UNSPECIFIED.,.F.,.F.,.F.,(4,1,4),(2,
2),(0.,0.0332096083978422,0.0668227349261711),(0.,0.04),.UNSPECIFIED.);
#58=B_SPLINE_SURFACE_WITH_KNOTS('',3,1,((#3023,#3024),(#3025,#3026),(#3027,
#3028),(#3029,#3030),(#3031,#3032)),.UNSPECIFIED.,.F.,.F.,.F.,(4,1,4),(2,
2),(0.,0.0305695900414016,0.061523560153187),(0.,0.04),.UNSPECIFIED.);
#59=B_SPLINE_SURFACE_WITH_KNOTS('',3,1,((#3040,#3041),(#3042,#3043),(#3044,
#3045),(#3046,#3047),(#3048,#3049)),.UNSPECIFIED.,.F.,.F.,.F.,(4,1,4),(2,
2),(0.,0.0384994842889023,0.0715755328239371),(0.,0.04),.UNSPECIFIED.);
#60=B_SPLINE_SURFACE_WITH_KNOTS('',3,1,((#3061,#3062),(#3063,#3064),(#3065,
#3066),(#3067,#3068),(#3069,#3070)),.UNSPECIFIED.,.F.,.F.,.F.,(4,1,4),(2,
2),(0.,0.068134079172238,0.138875721834591),(0.,0.04),.UNSPECIFIED.);
#61=B_SPLINE_SURFACE_WITH_KNOTS('',3,1,((#3086,#3087),(#3088,#3089),(#3090,
#3091),(#3092,#3093),(#3094,#3095)),.UNSPECIFIED.,.F.,.F.,.F.,(4,1,4),(2,
2),(0.,0.0292683046402059,0.0877278816271959),(0.,0.04),.UNSPECIFIED.);
#62=B_SPLINE_SURFACE_WITH_KNOTS('',3,1,((#3109,#3110),(#3111,#3112),(#3113,
#3114),(#3115,#3116),(#3117,#3118)),.UNSPECIFIED.,.F.,.F.,.F.,(4,1,4),(2,
2),(0.,0.0245137084432334,0.0517312719764843),(0.,0.04),.UNSPECIFIED.);
#63=B_SPLINE_SURFACE_WITH_KNOTS('',3,1,((#3132,#3133),(#3134,#3135),(#3136,
#3137),(#3138,#3139),(#3140,#3141)),.UNSPECIFIED.,.F.,.F.,.F.,(4,1,4),(2,
2),(0.,0.0274425680625578,0.0519583922673294),(0.,0.04),.UNSPECIFIED.);
#64=B_SPLINE_SURFACE_WITH_KNOTS('',3,1,((#3155,#3156),(#3157,#3158),(#3159,
#3160),(#3161,#3162),(#3163,#3164)),.UNSPECIFIED.,.F.,.F.,.F.,(4,1,4),(2,
2),(0.,0.0220732232643195,0.0468214363530435),(0.,0.04),.UNSPECIFIED.);
#65=B_SPLINE_SURFACE_WITH_KNOTS('',3,1,((#3178,#3179),(#3180,#3181),(#3182,
#3183),(#3184,#3185),(#3186,#3187)),.UNSPECIFIED.,.F.,.F.,.F.,(4,1,4),(2,
2),(0.,0.0216065502965852,0.0426391915051792),(0.,0.04),.UNSPECIFIED.);
#66=B_SPLINE_SURFACE_WITH_KNOTS('',3,1,((#3201,#3202),(#3203,#3204),(#3205,
#3206),(#3207,#3208),(#3209,#3210)),.UNSPECIFIED.,.F.,.F.,.F.,(4,1,4),(2,
2),(0.,0.0702538216177741,0.108403218828905),(0.,0.04),.UNSPECIFIED.);
#67=B_SPLINE_SURFACE_WITH_KNOTS('',3,1,((#3243,#3244),(#3245,#3246),(#3247,
#3248),(#3249,#3250),(#3251,#3252)),.UNSPECIFIED.,.F.,.F.,.F.,(4,1,4),(2,
2),(0.,0.0251681682852492,0.0610327282194378),(0.,0.04),.UNSPECIFIED.);
#68=B_SPLINE_SURFACE_WITH_KNOTS('',3,1,((#3260,#3261),(#3262,#3263),(#3264,
#3265),(#3266,#3267),(#3268,#3269)),.UNSPECIFIED.,.F.,.F.,.F.,(4,1,4),(2,
2),(0.,0.0232381939306405,0.0441174517585879),(0.,0.04),.UNSPECIFIED.);
#69=B_SPLINE_SURFACE_WITH_KNOTS('',3,1,((#3277,#3278),(#3279,#3280),(#3281,
#3282),(#3283,#3284),(#3285,#3286)),.UNSPECIFIED.,.F.,.F.,.F.,(4,1,4),(2,
2),(0.,0.0687027131930971,0.108050995604873),(0.,0.04),.UNSPECIFIED.);
#70=B_SPLINE_SURFACE_WITH_KNOTS('',3,1,((#3306,#3307),(#3308,#3309),(#3310,
#3311),(#3312,#3313),(#3314,#3315)),.UNSPECIFIED.,.F.,.F.,.F.,(4,1,4),(2,
2),(0.,0.048089486218889,0.118489257737085),(0.,0.04),.UNSPECIFIED.);
#71=B_SPLINE_SURFACE_WITH_KNOTS('',3,1,((#3323,#3324),(#3325,#3326),(#3327,
#3328),(#3329,#3330),(#3331,#3332)),.UNSPECIFIED.,.F.,.F.,.F.,(4,1,4),(2,
2),(0.,0.0428271087353407,0.081661699097431),(0.,0.04),.UNSPECIFIED.);
#72=B_SPLINE_SURFACE_WITH_KNOTS('',3,1,((#3340,#3341),(#3342,#3343),(#3344,
#3345),(#3346,#3347),(#3348,#3349)),.UNSPECIFIED.,.F.,.F.,.F.,(4,1,4),(2,
2),(0.,0.0606478741289087,0.131953803512571),(0.,0.04),.UNSPECIFIED.);
#73=B_SPLINE_SURFACE_WITH_KNOTS('',3,1,((#3357,#3358),(#3359,#3360),(#3361,
#3362),(#3363,#3364),(#3365,#3366)),.UNSPECIFIED.,.F.,.F.,.F.,(4,1,4),(2,
2),(0.,0.0619341756070439,0.119554039611203),(0.,0.04),.UNSPECIFIED.);
#74=B_SPLINE_SURFACE_WITH_KNOTS('',3,1,((#3374,#3375),(#3376,#3377),(#3378,
#3379),(#3380,#3381),(#3382,#3383)),.UNSPECIFIED.,.F.,.F.,.F.,(4,1,4),(2,
2),(0.,0.0480709378532739,0.0983233220010378),(0.,0.04),.UNSPECIFIED.);
#75=B_SPLINE_SURFACE_WITH_KNOTS('',3,1,((#3391,#3392),(#3393,#3394),(#3395,
#3396),(#3397,#3398),(#3399,#3400)),.UNSPECIFIED.,.F.,.F.,.F.,(4,1,4),(2,
2),(0.,0.0448451320081345,0.0909536372865049),(0.,0.04),.UNSPECIFIED.);
#76=B_SPLINE_SURFACE_WITH_KNOTS('',3,1,((#3408,#3409),(#3410,#3411),(#3412,
#3413),(#3414,#3415),(#3416,#3417)),.UNSPECIFIED.,.F.,.F.,.F.,(4,1,4),(2,
2),(0.,0.0824554494320585,0.140001490706005),(0.,0.04),.UNSPECIFIED.);
#77=FACE_BOUND('',#299,.T.);
#78=FACE_BOUND('',#300,.T.);
#79=FACE_BOUND('',#301,.T.);
#80=FACE_BOUND('',#326,.T.);
#81=FACE_BOUND('',#384,.T.);
#82=B_SPLINE_CURVE_WITH_KNOTS('',3,(#1944,#1945,#1946,#1947,#1948),
 .UNSPECIFIED.,.F.,.F.,(4,1,4),(0.,0.0824554494320585,0.140001490706005),
 .UNSPECIFIED.);
#83=B_SPLINE_CURVE_WITH_KNOTS('',3,(#1950,#1951,#1952,#1953,#1954),
 .UNSPECIFIED.,.F.,.F.,(4,1,4),(0.,0.0448451320081345,0.0909536372865049),
 .UNSPECIFIED.);
#84=B_SPLINE_CURVE_WITH_KNOTS('',3,(#1956,#1957,#1958,#1959,#1960),
 .UNSPECIFIED.,.F.,.F.,(4,1,4),(0.,0.0480709378532739,0.0983233220010378),
 .UNSPECIFIED.);
#85=B_SPLINE_CURVE_WITH_KNOTS('',3,(#1962,#1963,#1964,#1965,#1966),
 .UNSPECIFIED.,.F.,.F.,(4,1,4),(0.,0.0619341756070439,0.119554039611203),
 .UNSPECIFIED.);
#86=B_SPLINE_CURVE_WITH_KNOTS('',3,(#1968,#1969,#1970,#1971,#1972),
 .UNSPECIFIED.,.F.,.F.,(4,1,4),(0.,0.0606478741289087,0.131953803512571),
 .UNSPECIFIED.);
#87=B_SPLINE_CURVE_WITH_KNOTS('',3,(#1974,#1975,#1976,#1977,#1978),
 .UNSPECIFIED.,.F.,.F.,(4,1,4),(0.,0.0428271087353407,0.081661699097431),
 .UNSPECIFIED.);
#88=B_SPLINE_CURVE_WITH_KNOTS('',3,(#1980,#1981,#1982,#1983,#1984),
 .UNSPECIFIED.,.F.,.F.,(4,1,4),(0.,0.048089486218889,0.118489257737085),
 .UNSPECIFIED.);
#89=B_SPLINE_CURVE_WITH_KNOTS('',3,(#1992,#1993,#1994,#1995,#1996),
 .UNSPECIFIED.,.F.,.F.,(4,1,4),(0.,0.0687027131930971,0.108050995604873),
 .UNSPECIFIED.);
#90=B_SPLINE_CURVE_WITH_KNOTS('',3,(#1998,#1999,#2000,#2001,#2002),
 .UNSPECIFIED.,.F.,.F.,(4,1,4),(0.,0.0232381939306405,0.0441174517585879),
 .UNSPECIFIED.);
#91=B_SPLINE_CURVE_WITH_KNOTS('',3,(#2004,#2005,#2006,#2007,#2008),
 .UNSPECIFIED.,.F.,.F.,(4,1,4),(0.,0.0251681682852492,0.0610327282194378),
 .UNSPECIFIED.);
#92=B_SPLINE_CURVE_WITH_KNOTS('',3,(#2012,#2013,#2014,#2015,#2016),
 .UNSPECIFIED.,.F.,.F.,(4,1,4),(0.,0.0747918475670081,0.144254526266966),
 .UNSPECIFIED.);
#93=B_SPLINE_CURVE_WITH_KNOTS('',3,(#2018,#2019,#2020,#2021,#2022),
 .UNSPECIFIED.,.F.,.F.,(4,1,4),(0.,0.068134079172238,0.138875721834591),
 .UNSPECIFIED.);
#94=B_SPLINE_CURVE_WITH_KNOTS('',3,(#2026,#2027,#2028,#2029,#2030),
 .UNSPECIFIED.,.F.,.F.,(4,1,4),(0.,0.0384994842889023,0.0715755328239371),
 .UNSPECIFIED.);
#95=B_SPLINE_CURVE_WITH_KNOTS('',3,(#2032,#2033,#2034,#2035,#2036),
 .UNSPECIFIED.,.F.,.F.,(4,1,4),(0.,0.0305695900414016,0.061523560153187),
 .UNSPECIFIED.);
#96=B_SPLINE_CURVE_WITH_KNOTS('',3,(#2038,#2039,#2040,#2041,#2042),
 .UNSPECIFIED.,.F.,.F.,(4,1,4),(0.,0.0332096083978422,0.0668227349261711),
 .UNSPECIFIED.);
#97=B_SPLINE_CURVE_WITH_KNOTS('',3,(#2044,#2045,#2046,#2047,#2048),
 .UNSPECIFIED.,.F.,.F.,(4,1,4),(0.,0.0363042312048625,0.0775470574725746),
 .UNSPECIFIED.);
#98=B_SPLINE_CURVE_WITH_KNOTS('',3,(#2050,#2051,#2052,#2053,#2054),
 .UNSPECIFIED.,.F.,.F.,(4,1,4),(0.,0.0389970892129581,0.073339352028862),
 .UNSPECIFIED.);
#99=B_SPLINE_CURVE_WITH_KNOTS('',3,(#2056,#2057,#2058,#2059,#2060),
 .UNSPECIFIED.,.F.,.F.,(4,1,4),(0.,0.0318688514312497,0.0632570054510729),
 .UNSPECIFIED.);
#100=B_SPLINE_CURVE_WITH_KNOTS('',3,(#2062,#2063,#2064,#2065,#2066),
 .UNSPECIFIED.,.F.,.F.,(4,1,4),(0.,0.0241469770716538,0.0531751824939789),
 .UNSPECIFIED.);
#101=B_SPLINE_CURVE_WITH_KNOTS('',3,(#2070,#2071,#2072,#2073,#2074),
 .UNSPECIFIED.,.F.,.F.,(4,1,4),(0.,0.0410364681129638,0.074743254256892),
 .UNSPECIFIED.);
#102=B_SPLINE_CURVE_WITH_KNOTS('',3,(#2076,#2077,#2078,#2079,#2080),
 .UNSPECIFIED.,.F.,.F.,(4,1,4),(0.,0.0308131122873526,0.0632072456512089),
 .UNSPECIFIED.);
#103=B_SPLINE_CURVE_WITH_KNOTS('',3,(#2082,#2083,#2084,#2085,#2086),
 .UNSPECIFIED.,.F.,.F.,(4,1,4),(0.,0.0273627560690497,0.0521932727701295),
 .UNSPECIFIED.);
#104=B_SPLINE_CURVE_WITH_KNOTS('',3,(#2088,#2089,#2090,#2091,#2092),
 .UNSPECIFIED.,.F.,.F.,(4,1,4),(0.,0.0247450700694639,0.0518075320947454),
 .UNSPECIFIED.);
#105=B_SPLINE_CURVE_WITH_KNOTS('',3,(#2094,#2095,#2096,#2097,#2098),
 .UNSPECIFIED.,.F.,.F.,(4,1,4),(0.,0.0275684468109111,0.055012643653803),
 .UNSPECIFIED.);
#106=B_SPLINE_CURVE_WITH_KNOTS('',3,(#2100,#2101,#2102,#2103,#2104),
 .UNSPECIFIED.,.F.,.F.,(4,1,4),(0.,0.0300055896405272,0.0653521376715349),
 .UNSPECIFIED.);
#107=B_SPLINE_CURVE_WITH_KNOTS('',3,(#2108,#2109,#2110,#2111,#2112),
 .UNSPECIFIED.,.F.,.F.,(4,1,4),(0.,0.0504717921837944,0.0928428041114696),
 .UNSPECIFIED.);
#108=B_SPLINE_CURVE_WITH_KNOTS('',3,(#2114,#2115,#2116,#2117,#2118),
 .UNSPECIFIED.,.F.,.F.,(4,1,4),(0.,0.0391457504617848,0.0806277319040909),
 .UNSPECIFIED.);
#109=B_SPLINE_CURVE_WITH_KNOTS('',3,(#2120,#2121,#2122,#2123,#2124),
 .UNSPECIFIED.,.F.,.F.,(4,1,4),(0.,0.0441929094979318,0.0911559505130027),
 .UNSPECIFIED.);
#110=B_SPLINE_CURVE_WITH_KNOTS('',3,(#2126,#2127,#2128,#2129,#2130),
 .UNSPECIFIED.,.F.,.F.,(4,1,4),(0.,0.076886493748794,0.148328917891395),
 .UNSPECIFIED.);
#111=B_SPLINE_CURVE_WITH_KNOTS('',3,(#2132,#2133,#2134,#2135,#2136),
 .UNSPECIFIED.,.F.,.F.,(4,1,4),(0.,0.0562397555530582,0.109640950588248),
 .UNSPECIFIED.);
#112=B_SPLINE_CURVE_WITH_KNOTS('',3,(#2138,#2139,#2140,#2141,#2142),
 .UNSPECIFIED.,.F.,.F.,(4,1,4),(0.,0.073616398421932,0.157927215021363),
 .UNSPECIFIED.);
#113=B_SPLINE_CURVE_WITH_KNOTS('',3,(#2144,#2145,#2146,#2147,#2148),
 .UNSPECIFIED.,.F.,.F.,(4,1,4),(0.,0.0493329397394815,0.0969068359714222),
 .UNSPECIFIED.);
#114=B_SPLINE_CURVE_WITH_KNOTS('',3,(#2150,#2151,#2152,#2153,#2154),
 .UNSPECIFIED.,.F.,.F.,(4,1,4),(0.,0.0479823894642959,0.0985995261847668),
 .UNSPECIFIED.);
#115=B_SPLINE_CURVE_WITH_KNOTS('',3,(#2156,#2157,#2158,#2159,#2160),
 .UNSPECIFIED.,.F.,.F.,(4,1,4),(0.,0.0739617624273847,0.148549254448658),
 .UNSPECIFIED.);
#116=B_SPLINE_CURVE_WITH_KNOTS('',3,(#2161,#2162,#2163,#2164,#2165),
 .UNSPECIFIED.,.F.,.F.,(4,1,4),(0.,0.0764305021089633,0.155886173961727),
 .UNSPECIFIED.);
#117=B_SPLINE_CURVE_WITH_KNOTS('',3,(#2168,#2169,#2170,#2171,#2172),
 .UNSPECIFIED.,.F.,.F.,(4,1,4),(0.,0.1452566454299,0.252095856470298),
 .UNSPECIFIED.);
#118=B_SPLINE_CURVE_WITH_KNOTS('',3,(#2174,#2175,#2176,#2177,#2178),
 .UNSPECIFIED.,.F.,.F.,(4,1,4),(0.,0.0737033089461135,0.152123364490984),
 .UNSPECIFIED.);
#119=B_SPLINE_CURVE_WITH_KNOTS('',3,(#2180,#2181,#2182,#2183,#2184),
 .UNSPECIFIED.,.F.,.F.,(4,1,4),(0.,0.078559295834623,0.152879438763954),
 .UNSPECIFIED.);
#120=B_SPLINE_CURVE_WITH_KNOTS('',3,(#2186,#2187,#2188,#2189,#2190),
 .UNSPECIFIED.,.F.,.F.,(4,1,4),(0.,0.106436736648166,0.252390118037818),
 .UNSPECIFIED.);
#121=B_SPLINE_CURVE_WITH_KNOTS('',3,(#2192,#2193,#2194,#2195,#2196),
 .UNSPECIFIED.,.F.,.F.,(4,1,4),(0.,0.145862519266884,0.252886840668245),
 .UNSPECIFIED.);
#122=B_SPLINE_CURVE_WITH_KNOTS('',3,(#2198,#2199,#2200,#2201,#2202),
 .UNSPECIFIED.,.F.,.F.,(4,1,4),(0.,0.0737031876805514,0.152123357274297),
 .UNSPECIFIED.);
#123=B_SPLINE_CURVE_WITH_KNOTS('',3,(#2204,#2205,#2206,#2207,#2208),
 .UNSPECIFIED.,.F.,.F.,(4,1,4),(0.,0.0802072830993785,0.159601597591064),
 .UNSPECIFIED.);
#124=B_SPLINE_CURVE_WITH_KNOTS('',3,(#2209,#2210,#2211,#2212,#2213),
 .UNSPECIFIED.,.F.,.F.,(4,1,4),(0.,0.101111783681845,0.246898562529572),
 .UNSPECIFIED.);
#125=B_SPLINE_CURVE_WITH_KNOTS('',3,(#2238,#2239,#2240,#2241,#2242),
 .UNSPECIFIED.,.F.,.F.,(4,1,4),(0.,0.0347870424394269,0.0593372807651605),
 .UNSPECIFIED.);
#126=B_SPLINE_CURVE_WITH_KNOTS('',3,(#2246,#2247,#2248,#2249,#2250),
 .UNSPECIFIED.,.F.,.F.,(4,1,4),(0.,0.0347870424394269,0.0593372807651605),
 .UNSPECIFIED.);
#127=B_SPLINE_CURVE_WITH_KNOTS('',3,(#2263,#2264,#2265,#2266,#2267),
 .UNSPECIFIED.,.F.,.F.,(4,1,4),(0.,0.0883851335994305,0.144511126516041),
 .UNSPECIFIED.);
#128=B_SPLINE_CURVE_WITH_KNOTS('',3,(#2270,#2271,#2272,#2273,#2274),
 .UNSPECIFIED.,.F.,.F.,(4,1,4),(0.,0.0883851335994305,0.144511126516041),
 .UNSPECIFIED.);
#129=B_SPLINE_CURVE_WITH_KNOTS('',3,(#2286,#2287,#2288,#2289,#2290),
 .UNSPECIFIED.,.F.,.F.,(4,1,4),(0.,0.0597225828122329,0.14928377988753),
 .UNSPECIFIED.);
#130=B_SPLINE_CURVE_WITH_KNOTS('',3,(#2293,#2294,#2295,#2296,#2297),
 .UNSPECIFIED.,.F.,.F.,(4,1,4),(0.,0.0597225828122329,0.14928377988753),
 .UNSPECIFIED.);
#131=B_SPLINE_CURVE_WITH_KNOTS('',3,(#2309,#2310,#2311,#2312,#2313),
 .UNSPECIFIED.,.F.,.F.,(4,1,4),(0.,0.0233877901152091,0.054200279995561),
 .UNSPECIFIED.);
#132=B_SPLINE_CURVE_WITH_KNOTS('',3,(#2316,#2317,#2318,#2319,#2320),
 .UNSPECIFIED.,.F.,.F.,(4,1,4),(0.,0.0233877901152091,0.054200279995561),
 .UNSPECIFIED.);
#133=B_SPLINE_CURVE_WITH_KNOTS('',3,(#2332,#2333,#2334,#2335,#2336),
 .UNSPECIFIED.,.F.,.F.,(4,1,4),(0.,0.0198631719124895,0.0398404339705809),
 .UNSPECIFIED.);
#134=B_SPLINE_CURVE_WITH_KNOTS('',3,(#2339,#2340,#2341,#2342,#2343),
 .UNSPECIFIED.,.F.,.F.,(4,1,4),(0.,0.0198631719124895,0.0398404339705809),
 .UNSPECIFIED.);
#135=B_SPLINE_CURVE_WITH_KNOTS('',3,(#2355,#2356,#2357,#2358,#2359),
 .UNSPECIFIED.,.F.,.F.,(4,1,4),(0.,0.0197698009341076,0.0395743880820601),
 .UNSPECIFIED.);
#136=B_SPLINE_CURVE_WITH_KNOTS('',3,(#2362,#2363,#2364,#2365,#2366),
 .UNSPECIFIED.,.F.,.F.,(4,1,4),(0.,0.0197698009341076,0.0395743880820601),
 .UNSPECIFIED.);
#137=B_SPLINE_CURVE_WITH_KNOTS('',3,(#2378,#2379,#2380,#2381,#2382),
 .UNSPECIFIED.,.F.,.F.,(4,1,4),(0.,0.0347394654991225,0.0591677159814584),
 .UNSPECIFIED.);
#138=B_SPLINE_CURVE_WITH_KNOTS('',3,(#2385,#2386,#2387,#2388,#2389),
 .UNSPECIFIED.,.F.,.F.,(4,1,4),(0.,0.0347394654991225,0.0591677159814584),
 .UNSPECIFIED.);
#139=B_SPLINE_CURVE_WITH_KNOTS('',3,(#2401,#2402,#2403,#2404,#2405),
 .UNSPECIFIED.,.F.,.F.,(4,1,4),(0.,0.0883851038103924,0.144511096727002),
 .UNSPECIFIED.);
#140=B_SPLINE_CURVE_WITH_KNOTS('',3,(#2408,#2409,#2410,#2411,#2412),
 .UNSPECIFIED.,.F.,.F.,(4,1,4),(0.,0.0883851038103924,0.144511096727002),
 .UNSPECIFIED.);
#141=B_SPLINE_CURVE_WITH_KNOTS('',3,(#2424,#2425,#2426,#2427,#2428),
 .UNSPECIFIED.,.F.,.F.,(4,1,4),(0.,0.0600237145200713,0.149686367456727),
 .UNSPECIFIED.);
#142=B_SPLINE_CURVE_WITH_KNOTS('',3,(#2431,#2432,#2433,#2434,#2435),
 .UNSPECIFIED.,.F.,.F.,(4,1,4),(0.,0.0600237145200713,0.149686367456727),
 .UNSPECIFIED.);
#143=B_SPLINE_CURVE_WITH_KNOTS('',3,(#2447,#2448,#2449,#2450,#2451),
 .UNSPECIFIED.,.F.,.F.,(4,1,4),(0.,0.0233877901152091,0.054200279995561),
 .UNSPECIFIED.);
#144=B_SPLINE_CURVE_WITH_KNOTS('',3,(#2454,#2455,#2456,#2457,#2458),
 .UNSPECIFIED.,.F.,.F.,(4,1,4),(0.,0.0233877901152091,0.054200279995561),
 .UNSPECIFIED.);
#145=B_SPLINE_CURVE_WITH_KNOTS('',3,(#2470,#2471,#2472,#2473,#2474),
 .UNSPECIFIED.,.F.,.F.,(4,1,4),(0.,0.0198630543582759,0.0398403459396545),
 .UNSPECIFIED.);
#146=B_SPLINE_CURVE_WITH_KNOTS('',3,(#2477,#2478,#2479,#2480,#2481),
 .UNSPECIFIED.,.F.,.F.,(4,1,4),(0.,0.0198630543582759,0.0398403459396545),
 .UNSPECIFIED.);
#147=B_SPLINE_CURVE_WITH_KNOTS('',3,(#2492,#2493,#2494,#2495,#2496),
 .UNSPECIFIED.,.F.,.F.,(4,1,4),(0.,0.0198451907607443,0.0396582863686482),
 .UNSPECIFIED.);
#148=B_SPLINE_CURVE_WITH_KNOTS('',3,(#2497,#2498,#2499,#2500,#2501),
 .UNSPECIFIED.,.F.,.F.,(4,1,4),(0.,0.0198451907607443,0.0396582863686482),
 .UNSPECIFIED.);
#149=B_SPLINE_CURVE_WITH_KNOTS('',3,(#2515,#2516,#2517,#2518,#2519),
 .UNSPECIFIED.,.F.,.F.,(4,1,4),(0.,0.1452566454299,0.252095856470298),
 .UNSPECIFIED.);
#150=B_SPLINE_CURVE_WITH_KNOTS('',3,(#2533,#2534,#2535,#2536,#2537),
 .UNSPECIFIED.,.F.,.F.,(4,1,4),(0.,0.101111783681845,0.246898562529572),
 .UNSPECIFIED.);
#151=B_SPLINE_CURVE_WITH_KNOTS('',3,(#2550,#2551,#2552,#2553,#2554),
 .UNSPECIFIED.,.F.,.F.,(4,1,4),(0.,0.0802072830993785,0.159601597591064),
 .UNSPECIFIED.);
#152=B_SPLINE_CURVE_WITH_KNOTS('',3,(#2567,#2568,#2569,#2570,#2571),
 .UNSPECIFIED.,.F.,.F.,(4,1,4),(0.,0.0737031876805514,0.152123357274297),
 .UNSPECIFIED.);
#153=B_SPLINE_CURVE_WITH_KNOTS('',3,(#2584,#2585,#2586,#2587,#2588),
 .UNSPECIFIED.,.F.,.F.,(4,1,4),(0.,0.145862519266884,0.252886840668245),
 .UNSPECIFIED.);
#154=B_SPLINE_CURVE_WITH_KNOTS('',3,(#2601,#2602,#2603,#2604,#2605),
 .UNSPECIFIED.,.F.,.F.,(4,1,4),(0.,0.106436736648166,0.252390118037818),
 .UNSPECIFIED.);
#155=B_SPLINE_CURVE_WITH_KNOTS('',3,(#2618,#2619,#2620,#2621,#2622),
 .UNSPECIFIED.,.F.,.F.,(4,1,4),(0.,0.078559295834623,0.152879438763954),
 .UNSPECIFIED.);
#156=B_SPLINE_CURVE_WITH_KNOTS('',3,(#2633,#2634,#2635,#2636,#2637),
 .UNSPECIFIED.,.F.,.F.,(4,1,4),(0.,0.0737033089461135,0.152123364490984),
 .UNSPECIFIED.);
#157=B_SPLINE_CURVE_WITH_KNOTS('',3,(#2652,#2653,#2654,#2655,#2656),
 .UNSPECIFIED.,.F.,.F.,(4,1,4),(0.,0.0747918475670081,0.144254526266966),
 .UNSPECIFIED.);
#158=B_SPLINE_CURVE_WITH_KNOTS('',3,(#2670,#2671,#2672,#2673,#2674),
 .UNSPECIFIED.,.F.,.F.,(4,1,4),(0.,0.0764305021089633,0.155886173961727),
 .UNSPECIFIED.);
#159=B_SPLINE_CURVE_WITH_KNOTS('',3,(#2687,#2688,#2689,#2690,#2691),
 .UNSPECIFIED.,.F.,.F.,(4,1,4),(0.,0.0739617624273847,0.148549254448658),
 .UNSPECIFIED.);
#160=B_SPLINE_CURVE_WITH_KNOTS('',3,(#2704,#2705,#2706,#2707,#2708),
 .UNSPECIFIED.,.F.,.F.,(4,1,4),(0.,0.0479823894642959,0.0985995261847668),
 .UNSPECIFIED.);
#161=B_SPLINE_CURVE_WITH_KNOTS('',3,(#2721,#2722,#2723,#2724,#2725),
 .UNSPECIFIED.,.F.,.F.,(4,1,4),(0.,0.0493329397394815,0.0969068359714222),
 .UNSPECIFIED.);
#162=B_SPLINE_CURVE_WITH_KNOTS('',3,(#2738,#2739,#2740,#2741,#2742),
 .UNSPECIFIED.,.F.,.F.,(4,1,4),(0.,0.073616398421932,0.157927215021363),
 .UNSPECIFIED.);
#163=B_SPLINE_CURVE_WITH_KNOTS('',3,(#2755,#2756,#2757,#2758,#2759),
 .UNSPECIFIED.,.F.,.F.,(4,1,4),(0.,0.0562397555530582,0.109640950588248),
 .UNSPECIFIED.);
#164=B_SPLINE_CURVE_WITH_KNOTS('',3,(#2772,#2773,#2774,#2775,#2776),
 .UNSPECIFIED.,.F.,.F.,(4,1,4),(0.,0.076886493748794,0.148328917891395),
 .UNSPECIFIED.);
#165=B_SPLINE_CURVE_WITH_KNOTS('',3,(#2789,#2790,#2791,#2792,#2793),
 .UNSPECIFIED.,.F.,.F.,(4,1,4),(0.,0.0441929094979318,0.0911559505130027),
 .UNSPECIFIED.);
#166=B_SPLINE_CURVE_WITH_KNOTS('',3,(#2806,#2807,#2808,#2809,#2810),
 .UNSPECIFIED.,.F.,.F.,(4,1,4),(0.,0.0391457504617848,0.0806277319040909),
 .UNSPECIFIED.);
#167=B_SPLINE_CURVE_WITH_KNOTS('',3,(#2823,#2824,#2825,#2826,#2827),
 .UNSPECIFIED.,.F.,.F.,(4,1,4),(0.,0.0504717921837944,0.0928428041114696),
 .UNSPECIFIED.);
#168=B_SPLINE_CURVE_WITH_KNOTS('',3,(#2844,#2845,#2846,#2847,#2848),
 .UNSPECIFIED.,.F.,.F.,(4,1,4),(0.,0.0300055896405272,0.0653521376715349),
 .UNSPECIFIED.);
#169=B_SPLINE_CURVE_WITH_KNOTS('',3,(#2861,#2862,#2863,#2864,#2865),
 .UNSPECIFIED.,.F.,.F.,(4,1,4),(0.,0.0275684468109111,0.055012643653803),
 .UNSPECIFIED.);
#170=B_SPLINE_CURVE_WITH_KNOTS('',3,(#2878,#2879,#2880,#2881,#2882),
 .UNSPECIFIED.,.F.,.F.,(4,1,4),(0.,0.0247450700694639,0.0518075320947454),
 .UNSPECIFIED.);
#171=B_SPLINE_CURVE_WITH_KNOTS('',3,(#2895,#2896,#2897,#2898,#2899),
 .UNSPECIFIED.,.F.,.F.,(4,1,4),(0.,0.0273627560690497,0.0521932727701295),
 .UNSPECIFIED.);
#172=B_SPLINE_CURVE_WITH_KNOTS('',3,(#2912,#2913,#2914,#2915,#2916),
 .UNSPECIFIED.,.F.,.F.,(4,1,4),(0.,0.0308131122873526,0.0632072456512089),
 .UNSPECIFIED.);
#173=B_SPLINE_CURVE_WITH_KNOTS('',3,(#2929,#2930,#2931,#2932,#2933),
 .UNSPECIFIED.,.F.,.F.,(4,1,4),(0.,0.0410364681129638,0.074743254256892),
 .UNSPECIFIED.);
#174=B_SPLINE_CURVE_WITH_KNOTS('',3,(#2950,#2951,#2952,#2953,#2954),
 .UNSPECIFIED.,.F.,.F.,(4,1,4),(0.,0.0241469770716538,0.0531751824939789),
 .UNSPECIFIED.);
#175=B_SPLINE_CURVE_WITH_KNOTS('',3,(#2967,#2968,#2969,#2970,#2971),
 .UNSPECIFIED.,.F.,.F.,(4,1,4),(0.,0.0318688514312497,0.0632570054510729),
 .UNSPECIFIED.);
#176=B_SPLINE_CURVE_WITH_KNOTS('',3,(#2984,#2985,#2986,#2987,#2988),
 .UNSPECIFIED.,.F.,.F.,(4,1,4),(0.,0.0389970892129581,0.073339352028862),
 .UNSPECIFIED.);
#177=B_SPLINE_CURVE_WITH_KNOTS('',3,(#3001,#3002,#3003,#3004,#3005),
 .UNSPECIFIED.,.F.,.F.,(4,1,4),(0.,0.0363042312048625,0.0775470574725746),
 .UNSPECIFIED.);
#178=B_SPLINE_CURVE_WITH_KNOTS('',3,(#3018,#3019,#3020,#3021,#3022),
 .UNSPECIFIED.,.F.,.F.,(4,1,4),(0.,0.0332096083978422,0.0668227349261711),
 .UNSPECIFIED.);
#179=B_SPLINE_CURVE_WITH_KNOTS('',3,(#3035,#3036,#3037,#3038,#3039),
 .UNSPECIFIED.,.F.,.F.,(4,1,4),(0.,0.0305695900414016,0.061523560153187),
 .UNSPECIFIED.);
#180=B_SPLINE_CURVE_WITH_KNOTS('',3,(#3052,#3053,#3054,#3055,#3056),
 .UNSPECIFIED.,.F.,.F.,(4,1,4),(0.,0.0384994842889023,0.0715755328239371),
 .UNSPECIFIED.);
#181=B_SPLINE_CURVE_WITH_KNOTS('',3,(#3071,#3072,#3073,#3074,#3075),
 .UNSPECIFIED.,.F.,.F.,(4,1,4),(0.,0.068134079172238,0.138875721834591),
 .UNSPECIFIED.);
#182=B_SPLINE_CURVE_WITH_KNOTS('',3,(#3097,#3098,#3099,#3100,#3101),
 .UNSPECIFIED.,.F.,.F.,(4,1,4),(0.,0.0292683046402059,0.0877278816271959),
 .UNSPECIFIED.);
#183=B_SPLINE_CURVE_WITH_KNOTS('',3,(#3104,#3105,#3106,#3107,#3108),
 .UNSPECIFIED.,.F.,.F.,(4,1,4),(0.,0.0292683046402059,0.0877278816271959),
 .UNSPECIFIED.);
#184=B_SPLINE_CURVE_WITH_KNOTS('',3,(#3120,#3121,#3122,#3123,#3124),
 .UNSPECIFIED.,.F.,.F.,(4,1,4),(0.,0.0245137084432334,0.0517312719764843),
 .UNSPECIFIED.);
#185=B_SPLINE_CURVE_WITH_KNOTS('',3,(#3127,#3128,#3129,#3130,#3131),
 .UNSPECIFIED.,.F.,.F.,(4,1,4),(0.,0.0245137084432334,0.0517312719764843),
 .UNSPECIFIED.);
#186=B_SPLINE_CURVE_WITH_KNOTS('',3,(#3143,#3144,#3145,#3146,#3147),
 .UNSPECIFIED.,.F.,.F.,(4,1,4),(0.,0.0274425680625578,0.0519583922673294),
 .UNSPECIFIED.);
#187=B_SPLINE_CURVE_WITH_KNOTS('',3,(#3150,#3151,#3152,#3153,#3154),
 .UNSPECIFIED.,.F.,.F.,(4,1,4),(0.,0.0274425680625578,0.0519583922673294),
 .UNSPECIFIED.);
#188=B_SPLINE_CURVE_WITH_KNOTS('',3,(#3166,#3167,#3168,#3169,#3170),
 .UNSPECIFIED.,.F.,.F.,(4,1,4),(0.,0.0220732232643195,0.0468214363530435),
 .UNSPECIFIED.);
#189=B_SPLINE_CURVE_WITH_KNOTS('',3,(#3173,#3174,#3175,#3176,#3177),
 .UNSPECIFIED.,.F.,.F.,(4,1,4),(0.,0.0220732232643195,0.0468214363530435),
 .UNSPECIFIED.);
#190=B_SPLINE_CURVE_WITH_KNOTS('',3,(#3189,#3190,#3191,#3192,#3193),
 .UNSPECIFIED.,.F.,.F.,(4,1,4),(0.,0.0216065502965852,0.0426391915051792),
 .UNSPECIFIED.);
#191=B_SPLINE_CURVE_WITH_KNOTS('',3,(#3196,#3197,#3198,#3199,#3200),
 .UNSPECIFIED.,.F.,.F.,(4,1,4),(0.,0.0216065502965852,0.0426391915051792),
 .UNSPECIFIED.);
#192=B_SPLINE_CURVE_WITH_KNOTS('',3,(#3212,#3213,#3214,#3215,#3216),
 .UNSPECIFIED.,.F.,.F.,(4,1,4),(0.,0.0702538216177741,0.108403218828905),
 .UNSPECIFIED.);
#193=B_SPLINE_CURVE_WITH_KNOTS('',3,(#3219,#3220,#3221,#3222,#3223),
 .UNSPECIFIED.,.F.,.F.,(4,1,4),(0.,0.0702538216177741,0.108403218828905),
 .UNSPECIFIED.);
#194=B_SPLINE_CURVE_WITH_KNOTS('',3,(#3255,#3256,#3257,#3258,#3259),
 .UNSPECIFIED.,.F.,.F.,(4,1,4),(0.,0.0251681682852492,0.0610327282194378),
 .UNSPECIFIED.);
#195=B_SPLINE_CURVE_WITH_KNOTS('',3,(#3272,#3273,#3274,#3275,#3276),
 .UNSPECIFIED.,.F.,.F.,(4,1,4),(0.,0.0232381939306405,0.0441174517585879),
 .UNSPECIFIED.);
#196=B_SPLINE_CURVE_WITH_KNOTS('',3,(#3289,#3290,#3291,#3292,#3293),
 .UNSPECIFIED.,.F.,.F.,(4,1,4),(0.,0.0687027131930971,0.108050995604873),
 .UNSPECIFIED.);
#197=B_SPLINE_CURVE_WITH_KNOTS('',3,(#3318,#3319,#3320,#3321,#3322),
 .UNSPECIFIED.,.F.,.F.,(4,1,4),(0.,0.048089486218889,0.118489257737085),
 .UNSPECIFIED.);
#198=B_SPLINE_CURVE_WITH_KNOTS('',3,(#3335,#3336,#3337,#3338,#3339),
 .UNSPECIFIED.,.F.,.F.,(4,1,4),(0.,0.0428271087353407,0.081661699097431),
 .UNSPECIFIED.);
#199=B_SPLINE_CURVE_WITH_KNOTS('',3,(#3352,#3353,#3354,#3355,#3356),
 .UNSPECIFIED.,.F.,.F.,(4,1,4),(0.,0.0606478741289087,0.131953803512571),
 .UNSPECIFIED.);
#200=B_SPLINE_CURVE_WITH_KNOTS('',3,(#3369,#3370,#3371,#3372,#3373),
 .UNSPECIFIED.,.F.,.F.,(4,1,4),(0.,0.0619341756070439,0.119554039611203),
 .UNSPECIFIED.);
#201=B_SPLINE_CURVE_WITH_KNOTS('',3,(#3386,#3387,#3388,#3389,#3390),
 .UNSPECIFIED.,.F.,.F.,(4,1,4),(0.,0.0480709378532739,0.0983233220010378),
 .UNSPECIFIED.);
#202=B_SPLINE_CURVE_WITH_KNOTS('',3,(#3403,#3404,#3405,#3406,#3407),
 .UNSPECIFIED.,.F.,.F.,(4,1,4),(0.,0.0448451320081345,0.0909536372865049),
 .UNSPECIFIED.);
#203=B_SPLINE_CURVE_WITH_KNOTS('',3,(#3420,#3421,#3422,#3423,#3424),
 .UNSPECIFIED.,.F.,.F.,(4,1,4),(0.,0.0824554494320585,0.140001490706005),
 .UNSPECIFIED.);
#204=CIRCLE('',#1689,30.);
#205=CIRCLE('',#1712,30.);
#206=FACE_OUTER_BOUND('',#296,.T.);
#207=FACE_OUTER_BOUND('',#297,.T.);
#208=FACE_OUTER_BOUND('',#298,.T.);
#209=FACE_OUTER_BOUND('',#302,.T.);
#210=FACE_OUTER_BOUND('',#303,.T.);
#211=FACE_OUTER_BOUND('',#304,.T.);
#212=FACE_OUTER_BOUND('',#305,.T.);
#213=FACE_OUTER_BOUND('',#306,.T.);
#214=FACE_OUTER_BOUND('',#307,.T.);
#215=FACE_OUTER_BOUND('',#308,.T.);
#216=FACE_OUTER_BOUND('',#309,.T.);
#217=FACE_OUTER_BOUND('',#310,.T.);
#218=FACE_OUTER_BOUND('',#311,.T.);
#219=FACE_OUTER_BOUND('',#312,.T.);
#220=FACE_OUTER_BOUND('',#313,.T.);
#221=FACE_OUTER_BOUND('',#314,.T.);
#222=FACE_OUTER_BOUND('',#315,.T.);
#223=FACE_OUTER_BOUND('',#316,.T.);
#224=FACE_OUTER_BOUND('',#317,.T.);
#225=FACE_OUTER_BOUND('',#318,.T.);
#226=FACE_OUTER_BOUND('',#319,.T.);
#227=FACE_OUTER_BOUND('',#320,.T.);
#228=FACE_OUTER_BOUND('',#321,.T.);
#229=FACE_OUTER_BOUND('',#322,.T.);
#230=FACE_OUTER_BOUND('',#323,.T.);
#231=FACE_OUTER_BOUND('',#324,.T.);
#232=FACE_OUTER_BOUND('',#325,.T.);
#233=FACE_OUTER_BOUND('',#327,.T.);
#234=FACE_OUTER_BOUND('',#328,.T.);
#235=FACE_OUTER_BOUND('',#329,.T.);
#236=FACE_OUTER_BOUND('',#330,.T.);
#237=FACE_OUTER_BOUND('',#331,.T.);
#238=FACE_OUTER_BOUND('',#332,.T.);
#239=FACE_OUTER_BOUND('',#333,.T.);
#240=FACE_OUTER_BOUND('',#334,.T.);
#241=FACE_OUTER_BOUND('',#335,.T.);
#242=FACE_OUTER_BOUND('',#336,.T.);
#243=FACE_OUTER_BOUND('',#337,.T.);
#244=FACE_OUTER_BOUND('',#338,.T.);
#245=FACE_OUTER_BOUND('',#339,.T.);
#246=FACE_OUTER_BOUND('',#340,.T.);
#247=FACE_OUTER_BOUND('',#341,.T.);
#248=FACE_OUTER_BOUND('',#342,.T.);
#249=FACE_OUTER_BOUND('',#343,.T.);
#250=FACE_OUTER_BOUND('',#344,.T.);
#251=FACE_OUTER_BOUND('',#345,.T.);
#252=FACE_OUTER_BOUND('',#346,.T.);
#253=FACE_OUTER_BOUND('',#347,.T.);
#254=FACE_OUTER_BOUND('',#348,.T.);
#255=FACE_OUTER_BOUND('',#349,.T.);
#256=FACE_OUTER_BOUND('',#350,.T.);
#257=FACE_OUTER_BOUND('',#351,.T.);
#258=FACE_OUTER_BOUND('',#352,.T.);
#259=FACE_OUTER_BOUND('',#353,.T.);
#260=FACE_OUTER_BOUND('',#354,.T.);
#261=FACE_OUTER_BOUND('',#355,.T.);
#262=FACE_OUTER_BOUND('',#356,.T.);
#263=FACE_OUTER_BOUND('',#357,.T.);
#264=FACE_OUTER_BOUND('',#358,.T.);
#265=FACE_OUTER_BOUND('',#359,.T.);
#266=FACE_OUTER_BOUND('',#360,.T.);
#267=FACE_OUTER_BOUND('',#361,.T.);
#268=FACE_OUTER_BOUND('',#362,.T.);
#269=FACE_OUTER_BOUND('',#363,.T.);
#270=FACE_OUTER_BOUND('',#364,.T.);
#271=FACE_OUTER_BOUND('',#365,.T.);
#272=FACE_OUTER_BOUND('',#366,.T.);
#273=FACE_OUTER_BOUND('',#367,.T.);
#274=FACE_OUTER_BOUND('',#368,.T.);
#275=FACE_OUTER_BOUND('',#369,.T.);
#276=FACE_OUTER_BOUND('',#370,.T.);
#277=FACE_OUTER_BOUND('',#371,.T.);
#278=FACE_OUTER_BOUND('',#372,.T.);
#279=FACE_OUTER_BOUND('',#373,.T.);
#280=FACE_OUTER_BOUND('',#374,.T.);
#281=FACE_OUTER_BOUND('',#375,.T.);
#282=FACE_OUTER_BOUND('',#376,.T.);
#283=FACE_OUTER_BOUND('',#377,.T.);
#284=FACE_OUTER_BOUND('',#378,.T.);
#285=FACE_OUTER_BOUND('',#379,.T.);
#286=FACE_OUTER_BOUND('',#380,.T.);
#287=FACE_OUTER_BOUND('',#381,.T.);
#288=FACE_OUTER_BOUND('',#382,.T.);
#289=FACE_OUTER_BOUND('',#383,.T.);
#290=FACE_OUTER_BOUND('',#385,.T.);
#291=FACE_OUTER_BOUND('',#386,.T.);
#292=FACE_OUTER_BOUND('',#387,.T.);
#293=FACE_OUTER_BOUND('',#388,.T.);
#294=FACE_OUTER_BOUND('',#389,.T.);
#295=FACE_OUTER_BOUND('',#390,.T.);
#296=EDGE_LOOP('',(#1056,#1057,#1058,#1059));
#297=EDGE_LOOP('',(#1060,#1061,#1062,#1063));
#298=EDGE_LOOP('',(#1064,#1065,#1066,#1067,#1068,#1069,#1070,#1071));
#299=EDGE_LOOP('',(#1072,#1073,#1074,#1075,#1076,#1077,#1078,#1079,#1080,
#1081,#1082,#1083,#1084,#1085,#1086,#1087,#1088,#1089));
#300=EDGE_LOOP('',(#1090,#1091,#1092,#1093,#1094,#1095,#1096,#1097,#1098,
#1099,#1100,#1101,#1102,#1103,#1104,#1105,#1106,#1107,#1108,#1109,#1110,
#1111,#1112,#1113,#1114,#1115,#1116,#1117));
#301=EDGE_LOOP('',(#1118,#1119,#1120,#1121,#1122,#1123,#1124,#1125));
#302=EDGE_LOOP('',(#1126,#1127,#1128,#1129));
#303=EDGE_LOOP('',(#1130,#1131,#1132,#1133));
#304=EDGE_LOOP('',(#1134,#1135,#1136,#1137));
#305=EDGE_LOOP('',(#1138,#1139,#1140,#1141));
#306=EDGE_LOOP('',(#1142,#1143,#1144,#1145));
#307=EDGE_LOOP('',(#1146,#1147,#1148,#1149));
#308=EDGE_LOOP('',(#1150,#1151,#1152,#1153));
#309=EDGE_LOOP('',(#1154,#1155,#1156,#1157));
#310=EDGE_LOOP('',(#1158,#1159,#1160,#1161));
#311=EDGE_LOOP('',(#1162,#1163,#1164,#1165));
#312=EDGE_LOOP('',(#1166,#1167,#1168,#1169));
#313=EDGE_LOOP('',(#1170,#1171,#1172,#1173));
#314=EDGE_LOOP('',(#1174,#1175,#1176,#1177));
#315=EDGE_LOOP('',(#1178,#1179,#1180,#1181));
#316=EDGE_LOOP('',(#1182,#1183,#1184,#1185));
#317=EDGE_LOOP('',(#1186,#1187,#1188,#1189));
#318=EDGE_LOOP('',(#1190,#1191,#1192,#1193));
#319=EDGE_LOOP('',(#1194,#1195,#1196,#1197));
#320=EDGE_LOOP('',(#1198,#1199,#1200,#1201));
#321=EDGE_LOOP('',(#1202,#1203,#1204,#1205));
#322=EDGE_LOOP('',(#1206,#1207,#1208,#1209));
#323=EDGE_LOOP('',(#1210,#1211,#1212,#1213));
#324=EDGE_LOOP('',(#1214,#1215,#1216,#1217));
#325=EDGE_LOOP('',(#1218,#1219,#1220,#1221,#1222,#1223,#1224,#1225));
#326=EDGE_LOOP('',(#1226,#1227,#1228,#1229,#1230,#1231,#1232,#1233,#1234,
#1235,#1236,#1237));
#327=EDGE_LOOP('',(#1238,#1239,#1240,#1241));
#328=EDGE_LOOP('',(#1242,#1243,#1244,#1245));
#329=EDGE_LOOP('',(#1246,#1247,#1248,#1249));
#330=EDGE_LOOP('',(#1250,#1251,#1252,#1253));
#331=EDGE_LOOP('',(#1254,#1255,#1256,#1257));
#332=EDGE_LOOP('',(#1258,#1259,#1260,#1261));
#333=EDGE_LOOP('',(#1262,#1263,#1264,#1265));
#334=EDGE_LOOP('',(#1266,#1267,#1268,#1269));
#335=EDGE_LOOP('',(#1270,#1271,#1272,#1273));
#336=EDGE_LOOP('',(#1274,#1275,#1276,#1277));
#337=EDGE_LOOP('',(#1278,#1279,#1280,#1281));
#338=EDGE_LOOP('',(#1282,#1283,#1284,#1285));
#339=EDGE_LOOP('',(#1286,#1287,#1288,#1289));
#340=EDGE_LOOP('',(#1290,#1291,#1292,#1293));
#341=EDGE_LOOP('',(#1294,#1295,#1296,#1297));
#342=EDGE_LOOP('',(#1298,#1299,#1300,#1301));
#343=EDGE_LOOP('',(#1302,#1303,#1304,#1305));
#344=EDGE_LOOP('',(#1306,#1307,#1308,#1309));
#345=EDGE_LOOP('',(#1310,#1311,#1312,#1313));
#346=EDGE_LOOP('',(#1314,#1315,#1316,#1317));
#347=EDGE_LOOP('',(#1318,#1319,#1320,#1321));
#348=EDGE_LOOP('',(#1322,#1323,#1324,#1325));
#349=EDGE_LOOP('',(#1326,#1327,#1328,#1329));
#350=EDGE_LOOP('',(#1330,#1331,#1332,#1333));
#351=EDGE_LOOP('',(#1334,#1335,#1336,#1337));
#352=EDGE_LOOP('',(#1338,#1339,#1340,#1341));
#353=EDGE_LOOP('',(#1342,#1343,#1344,#1345));
#354=EDGE_LOOP('',(#1346,#1347,#1348,#1349));
#355=EDGE_LOOP('',(#1350,#1351,#1352,#1353,#1354,#1355,#1356,#1357,#1358,
#1359,#1360,#1361,#1362,#1363,#1364,#1365,#1366,#1367,#1368,#1369,#1370,
#1371,#1372,#1373,#1374,#1375,#1376,#1377));
#356=EDGE_LOOP('',(#1378,#1379,#1380,#1381));
#357=EDGE_LOOP('',(#1382,#1383,#1384,#1385));
#358=EDGE_LOOP('',(#1386,#1387,#1388,#1389));
#359=EDGE_LOOP('',(#1390,#1391,#1392,#1393));
#360=EDGE_LOOP('',(#1394,#1395,#1396,#1397));
#361=EDGE_LOOP('',(#1398,#1399,#1400,#1401));
#362=EDGE_LOOP('',(#1402,#1403,#1404,#1405));
#363=EDGE_LOOP('',(#1406,#1407,#1408,#1409));
#364=EDGE_LOOP('',(#1410,#1411,#1412,#1413));
#365=EDGE_LOOP('',(#1414,#1415,#1416,#1417));
#366=EDGE_LOOP('',(#1418,#1419,#1420,#1421));
#367=EDGE_LOOP('',(#1422,#1423,#1424,#1425));
#368=EDGE_LOOP('',(#1426,#1427,#1428,#1429));
#369=EDGE_LOOP('',(#1430,#1431,#1432,#1433));
#370=EDGE_LOOP('',(#1434,#1435,#1436,#1437));
#371=EDGE_LOOP('',(#1438,#1439,#1440,#1441));
#372=EDGE_LOOP('',(#1442,#1443,#1444,#1445));
#373=EDGE_LOOP('',(#1446,#1447,#1448,#1449));
#374=EDGE_LOOP('',(#1450,#1451,#1452,#1453));
#375=EDGE_LOOP('',(#1454,#1455,#1456,#1457));
#376=EDGE_LOOP('',(#1458,#1459,#1460,#1461));
#377=EDGE_LOOP('',(#1462,#1463,#1464,#1465));
#378=EDGE_LOOP('',(#1466,#1467,#1468,#1469));
#379=EDGE_LOOP('',(#1470,#1471,#1472,#1473));
#380=EDGE_LOOP('',(#1474,#1475,#1476,#1477));
#381=EDGE_LOOP('',(#1478,#1479,#1480,#1481));
#382=EDGE_LOOP('',(#1482,#1483,#1484,#1485));
#383=EDGE_LOOP('',(#1486,#1487,#1488,#1489,#1490,#1491,#1492,#1493,#1494,
#1495,#1496,#1497,#1498,#1499,#1500,#1501,#1502,#1503));
#384=EDGE_LOOP('',(#1504,#1505,#1506,#1507,#1508,#1509,#1510,#1511,#1512));
#385=EDGE_LOOP('',(#1513,#1514,#1515,#1516,#1517,#1518,#1519,#1520,#1521));
#386=EDGE_LOOP('',(#1522,#1523,#1524,#1525));
#387=EDGE_LOOP('',(#1526,#1527,#1528,#1529));
#388=EDGE_LOOP('',(#1530,#1531,#1532,#1533));
#389=EDGE_LOOP('',(#1534,#1535,#1536,#1537,#1538,#1539,#1540,#1541,#1542,
#1543,#1544,#1545));
#390=EDGE_LOOP('',(#1546,#1547,#1548,#1549,#1550,#1551,#1552,#1553));
#391=LINE('',#1910,#516);
#392=LINE('',#1912,#517);
#393=LINE('',#1914,#518);
#394=LINE('',#1915,#519);
#395=LINE('',#1918,#520);
#396=LINE('',#1920,#521);
#397=LINE('',#1921,#522);
#398=LINE('',#1924,#523);
#399=LINE('',#1928,#524);
#400=LINE('',#1930,#525);
#401=LINE('',#1932,#526);
#402=LINE('',#1933,#527);
#403=LINE('',#1936,#528);
#404=LINE('',#1938,#529);
#405=LINE('',#1940,#530);
#406=LINE('',#1942,#531);
#407=LINE('',#1986,#532);
#408=LINE('',#1988,#533);
#409=LINE('',#1990,#534);
#410=LINE('',#2009,#535);
#411=LINE('',#2024,#536);
#412=LINE('',#2068,#537);
#413=LINE('',#2106,#538);
#414=LINE('',#2217,#539);
#415=LINE('',#2218,#540);
#416=LINE('',#2219,#541);
#417=LINE('',#2222,#542);
#418=LINE('',#2223,#543);
#419=LINE('',#2225,#544);
#420=LINE('',#2244,#545);
#421=LINE('',#2251,#546);
#422=LINE('',#2269,#547);
#423=LINE('',#2292,#548);
#424=LINE('',#2315,#549);
#425=LINE('',#2338,#550);
#426=LINE('',#2361,#551);
#427=LINE('',#2384,#552);
#428=LINE('',#2407,#553);
#429=LINE('',#2430,#554);
#430=LINE('',#2453,#555);
#431=LINE('',#2476,#556);
#432=LINE('',#2513,#557);
#433=LINE('',#2520,#558);
#434=LINE('',#2532,#559);
#435=LINE('',#2549,#560);
#436=LINE('',#2566,#561);
#437=LINE('',#2583,#562);
#438=LINE('',#2600,#563);
#439=LINE('',#2617,#564);
#440=LINE('',#2650,#565);
#441=LINE('',#2657,#566);
#442=LINE('',#2669,#567);
#443=LINE('',#2686,#568);
#444=LINE('',#2703,#569);
#445=LINE('',#2720,#570);
#446=LINE('',#2737,#571);
#447=LINE('',#2754,#572);
#448=LINE('',#2771,#573);
#449=LINE('',#2788,#574);
#450=LINE('',#2805,#575);
#451=LINE('',#2822,#576);
#452=LINE('',#2830,#577);
#453=LINE('',#2831,#578);
#454=LINE('',#2843,#579);
#455=LINE('',#2860,#580);
#456=LINE('',#2877,#581);
#457=LINE('',#2894,#582);
#458=LINE('',#2911,#583);
#459=LINE('',#2928,#584);
#460=LINE('',#2936,#585);
#461=LINE('',#2937,#586);
#462=LINE('',#2949,#587);
#463=LINE('',#2966,#588);
#464=LINE('',#2983,#589);
#465=LINE('',#3000,#590);
#466=LINE('',#3017,#591);
#467=LINE('',#3034,#592);
#468=LINE('',#3051,#593);
#469=LINE('',#3059,#594);
#470=LINE('',#3060,#595);
#471=LINE('',#3080,#596);
#472=LINE('',#3082,#597);
#473=LINE('',#3084,#598);
#474=LINE('',#3085,#599);
#475=LINE('',#3103,#600);
#476=LINE('',#3126,#601);
#477=LINE('',#3149,#602);
#478=LINE('',#3172,#603);
#479=LINE('',#3195,#604);
#480=LINE('',#3218,#605);
#481=LINE('',#3226,#606);
#482=LINE('',#3228,#607);
#483=LINE('',#3229,#608);
#484=LINE('',#3231,#609);
#485=LINE('',#3232,#610);
#486=LINE('',#3235,#611);
#487=LINE('',#3237,#612);
#488=LINE('',#3238,#613);
#489=LINE('',#3241,#614);
#490=LINE('',#3242,#615);
#491=LINE('',#3254,#616);
#492=LINE('',#3271,#617);
#493=LINE('',#3288,#618);
#494=LINE('',#3296,#619);
#495=LINE('',#3297,#620);
#496=LINE('',#3300,#621);
#497=LINE('',#3301,#622);
#498=LINE('',#3304,#623);
#499=LINE('',#3305,#624);
#500=LINE('',#3317,#625);
#501=LINE('',#3334,#626);
#502=LINE('',#3351,#627);
#503=LINE('',#3368,#628);
#504=LINE('',#3385,#629);
#505=LINE('',#3402,#630);
#506=LINE('',#3419,#631);
#507=LINE('',#3427,#632);
#508=LINE('',#3428,#633);
#509=LINE('',#3431,#634);
#510=LINE('',#3432,#635);
#511=LINE('',#3434,#636);
#512=LINE('',#3439,#637);
#513=LINE('',#3442,#638);
#514=LINE('',#3444,#639);
#515=LINE('',#3446,#640);
#516=VECTOR('',#1721,10.);
#517=VECTOR('',#1722,10.);
#518=VECTOR('',#1723,10.);
#519=VECTOR('',#1724,10.);
#520=VECTOR('',#1727,10.);
#521=VECTOR('',#1728,10.);
#522=VECTOR('',#1729,10.);
#523=VECTOR('',#1732,10.);
#524=VECTOR('',#1735,10.);
#525=VECTOR('',#1736,10.);
#526=VECTOR('',#1737,10.);
#527=VECTOR('',#1738,10.);
#528=VECTOR('',#1739,10.);
#529=VECTOR('',#1740,10.);
#530=VECTOR('',#1741,10.);
#531=VECTOR('',#1742,10.);
#532=VECTOR('',#1743,10.);
#533=VECTOR('',#1744,10.);
#534=VECTOR('',#1745,10.);
#535=VECTOR('',#1746,10.);
#536=VECTOR('',#1747,10.);
#537=VECTOR('',#1748,10.);
#538=VECTOR('',#1749,10.);
#539=VECTOR('',#1752,10.);
#540=VECTOR('',#1753,10.);
#541=VECTOR('',#1754,10.);
#542=VECTOR('',#1757,10.);
#543=VECTOR('',#1758,10.);
#544=VECTOR('',#1761,10.);
#545=VECTOR('',#1762,10.);
#546=VECTOR('',#1763,10.);
#547=VECTOR('',#1764,10.);
#548=VECTOR('',#1765,10.);
#549=VECTOR('',#1766,10.);
#550=VECTOR('',#1767,10.);
#551=VECTOR('',#1768,10.);
#552=VECTOR('',#1769,10.);
#553=VECTOR('',#1770,10.);
#554=VECTOR('',#1771,10.);
#555=VECTOR('',#1772,10.);
#556=VECTOR('',#1773,10.);
#557=VECTOR('',#1774,10.);
#558=VECTOR('',#1775,10.);
#559=VECTOR('',#1776,10.);
#560=VECTOR('',#1777,10.);
#561=VECTOR('',#1778,10.);
#562=VECTOR('',#1779,10.);
#563=VECTOR('',#1780,10.);
#564=VECTOR('',#1781,10.);
#565=VECTOR('',#1784,10.);
#566=VECTOR('',#1785,10.);
#567=VECTOR('',#1786,10.);
#568=VECTOR('',#1787,10.);
#569=VECTOR('',#1788,10.);
#570=VECTOR('',#1789,10.);
#571=VECTOR('',#1790,10.);
#572=VECTOR('',#1791,10.);
#573=VECTOR('',#1792,10.);
#574=VECTOR('',#1793,10.);
#575=VECTOR('',#1794,10.);
#576=VECTOR('',#1795,10.);
#577=VECTOR('',#1798,10.);
#578=VECTOR('',#1799,10.);
#579=VECTOR('',#1800,10.);
#580=VECTOR('',#1801,10.);
#581=VECTOR('',#1802,10.);
#582=VECTOR('',#1803,10.);
#583=VECTOR('',#1804,10.);
#584=VECTOR('',#1805,10.);
#585=VECTOR('',#1808,10.);
#586=VECTOR('',#1809,10.);
#587=VECTOR('',#1810,10.);
#588=VECTOR('',#1811,10.);
#589=VECTOR('',#1812,10.);
#590=VECTOR('',#1813,10.);
#591=VECTOR('',#1814,10.);
#592=VECTOR('',#1815,10.);
#593=VECTOR('',#1816,10.);
#594=VECTOR('',#1819,10.);
#595=VECTOR('',#1820,10.);
#596=VECTOR('',#1825,10.);
#597=VECTOR('',#1826,10.);
#598=VECTOR('',#1827,10.);
#599=VECTOR('',#1828,10.);
#600=VECTOR('',#1829,10.);
#601=VECTOR('',#1830,10.);
#602=VECTOR('',#1831,10.);
#603=VECTOR('',#1832,10.);
#604=VECTOR('',#1833,10.);
#605=VECTOR('',#1834,10.);
#606=VECTOR('',#1837,10.);
#607=VECTOR('',#1838,10.);
#608=VECTOR('',#1839,10.);
#609=VECTOR('',#1842,10.);
#610=VECTOR('',#1843,10.);
#611=VECTOR('',#1846,10.);
#612=VECTOR('',#1847,10.);
#613=VECTOR('',#1848,10.);
#614=VECTOR('',#1851,10.);
#615=VECTOR('',#1852,10.);
#616=VECTOR('',#1853,10.);
#617=VECTOR('',#1854,10.);
#618=VECTOR('',#1855,10.);
#619=VECTOR('',#1858,10.);
#620=VECTOR('',#1859,10.);
#621=VECTOR('',#1862,10.);
#622=VECTOR('',#1863,10.);
#623=VECTOR('',#1866,10.);
#624=VECTOR('',#1867,10.);
#625=VECTOR('',#1868,10.);
#626=VECTOR('',#1869,10.);
#627=VECTOR('',#1870,10.);
#628=VECTOR('',#1871,10.);
#629=VECTOR('',#1872,10.);
#630=VECTOR('',#1873,10.);
#631=VECTOR('',#1874,10.);
#632=VECTOR('',#1877,10.);
#633=VECTOR('',#1878,10.);
#634=VECTOR('',#1881,10.);
#635=VECTOR('',#1882,10.);
#636=VECTOR('',#1885,10.);
#637=VECTOR('',#1892,10.);
#638=VECTOR('',#1895,10.);
#639=VECTOR('',#1898,10.);
#640=VECTOR('',#1901,10.);
#641=VERTEX_POINT('',#1908);
#642=VERTEX_POINT('',#1909);
#643=VERTEX_POINT('',#1911);
#644=VERTEX_POINT('',#1913);
#645=VERTEX_POINT('',#1917);
#646=VERTEX_POINT('',#1919);
#647=VERTEX_POINT('',#1923);
#648=VERTEX_POINT('',#1925);
#649=VERTEX_POINT('',#1927);
#650=VERTEX_POINT('',#1929);
#651=VERTEX_POINT('',#1931);
#652=VERTEX_POINT('',#1934);
#653=VERTEX_POINT('',#1935);
#654=VERTEX_POINT('',#1937);
#655=VERTEX_POINT('',#1939);
#656=VERTEX_POINT('',#1941);
#657=VERTEX_POINT('',#1943);
#658=VERTEX_POINT('',#1949);
#659=VERTEX_POINT('',#1955);
#660=VERTEX_POINT('',#1961);
#661=VERTEX_POINT('',#1967);
#662=VERTEX_POINT('',#1973);
#663=VERTEX_POINT('',#1979);
#664=VERTEX_POINT('',#1985);
#665=VERTEX_POINT('',#1987);
#666=VERTEX_POINT('',#1989);
#667=VERTEX_POINT('',#1991);
#668=VERTEX_POINT('',#1997);
#669=VERTEX_POINT('',#2003);
#670=VERTEX_POINT('',#2010);
#671=VERTEX_POINT('',#2011);
#672=VERTEX_POINT('',#2017);
#673=VERTEX_POINT('',#2023);
#674=VERTEX_POINT('',#2025);
#675=VERTEX_POINT('',#2031);
#676=VERTEX_POINT('',#2037);
#677=VERTEX_POINT('',#2043);
#678=VERTEX_POINT('',#2049);
#679=VERTEX_POINT('',#2055);
#680=VERTEX_POINT('',#2061);
#681=VERTEX_POINT('',#2067);
#682=VERTEX_POINT('',#2069);
#683=VERTEX_POINT('',#2075);
#684=VERTEX_POINT('',#2081);
#685=VERTEX_POINT('',#2087);
#686=VERTEX_POINT('',#2093);
#687=VERTEX_POINT('',#2099);
#688=VERTEX_POINT('',#2105);
#689=VERTEX_POINT('',#2107);
#690=VERTEX_POINT('',#2113);
#691=VERTEX_POINT('',#2119);
#692=VERTEX_POINT('',#2125);
#693=VERTEX_POINT('',#2131);
#694=VERTEX_POINT('',#2137);
#695=VERTEX_POINT('',#2143);
#696=VERTEX_POINT('',#2149);
#697=VERTEX_POINT('',#2155);
#698=VERTEX_POINT('',#2166);
#699=VERTEX_POINT('',#2167);
#700=VERTEX_POINT('',#2173);
#701=VERTEX_POINT('',#2179);
#702=VERTEX_POINT('',#2185);
#703=VERTEX_POINT('',#2191);
#704=VERTEX_POINT('',#2197);
#705=VERTEX_POINT('',#2203);
#706=VERTEX_POINT('',#2215);
#707=VERTEX_POINT('',#2216);
#708=VERTEX_POINT('',#2221);
#709=VERTEX_POINT('',#2236);
#710=VERTEX_POINT('',#2237);
#711=VERTEX_POINT('',#2243);
#712=VERTEX_POINT('',#2245);
#713=VERTEX_POINT('',#2262);
#714=VERTEX_POINT('',#2268);
#715=VERTEX_POINT('',#2285);
#716=VERTEX_POINT('',#2291);
#717=VERTEX_POINT('',#2308);
#718=VERTEX_POINT('',#2314);
#719=VERTEX_POINT('',#2331);
#720=VERTEX_POINT('',#2337);
#721=VERTEX_POINT('',#2354);
#722=VERTEX_POINT('',#2360);
#723=VERTEX_POINT('',#2377);
#724=VERTEX_POINT('',#2383);
#725=VERTEX_POINT('',#2400);
#726=VERTEX_POINT('',#2406);
#727=VERTEX_POINT('',#2423);
#728=VERTEX_POINT('',#2429);
#729=VERTEX_POINT('',#2446);
#730=VERTEX_POINT('',#2452);
#731=VERTEX_POINT('',#2469);
#732=VERTEX_POINT('',#2475);
#733=VERTEX_POINT('',#2512);
#734=VERTEX_POINT('',#2514);
#735=VERTEX_POINT('',#2531);
#736=VERTEX_POINT('',#2548);
#737=VERTEX_POINT('',#2565);
#738=VERTEX_POINT('',#2582);
#739=VERTEX_POINT('',#2599);
#740=VERTEX_POINT('',#2616);
#741=VERTEX_POINT('',#2649);
#742=VERTEX_POINT('',#2651);
#743=VERTEX_POINT('',#2668);
#744=VERTEX_POINT('',#2685);
#745=VERTEX_POINT('',#2702);
#746=VERTEX_POINT('',#2719);
#747=VERTEX_POINT('',#2736);
#748=VERTEX_POINT('',#2753);
#749=VERTEX_POINT('',#2770);
#750=VERTEX_POINT('',#2787);
#751=VERTEX_POINT('',#2804);
#752=VERTEX_POINT('',#2821);
#753=VERTEX_POINT('',#2829);
#754=VERTEX_POINT('',#2842);
#755=VERTEX_POINT('',#2859);
#756=VERTEX_POINT('',#2876);
#757=VERTEX_POINT('',#2893);
#758=VERTEX_POINT('',#2910);
#759=VERTEX_POINT('',#2927);
#760=VERTEX_POINT('',#2935);
#761=VERTEX_POINT('',#2948);
#762=VERTEX_POINT('',#2965);
#763=VERTEX_POINT('',#2982);
#764=VERTEX_POINT('',#2999);
#765=VERTEX_POINT('',#3016);
#766=VERTEX_POINT('',#3033);
#767=VERTEX_POINT('',#3050);
#768=VERTEX_POINT('',#3058);
#769=VERTEX_POINT('',#3078);
#770=VERTEX_POINT('',#3079);
#771=VERTEX_POINT('',#3081);
#772=VERTEX_POINT('',#3083);
#773=VERTEX_POINT('',#3096);
#774=VERTEX_POINT('',#3102);
#775=VERTEX_POINT('',#3119);
#776=VERTEX_POINT('',#3125);
#777=VERTEX_POINT('',#3142);
#778=VERTEX_POINT('',#3148);
#779=VERTEX_POINT('',#3165);
#780=VERTEX_POINT('',#3171);
#781=VERTEX_POINT('',#3188);
#782=VERTEX_POINT('',#3194);
#783=VERTEX_POINT('',#3211);
#784=VERTEX_POINT('',#3217);
#785=VERTEX_POINT('',#3225);
#786=VERTEX_POINT('',#3227);
#787=VERTEX_POINT('',#3234);
#788=VERTEX_POINT('',#3236);
#789=VERTEX_POINT('',#3240);
#790=VERTEX_POINT('',#3253);
#791=VERTEX_POINT('',#3270);
#792=VERTEX_POINT('',#3287);
#793=VERTEX_POINT('',#3295);
#794=VERTEX_POINT('',#3299);
#795=VERTEX_POINT('',#3303);
#796=VERTEX_POINT('',#3316);
#797=VERTEX_POINT('',#3333);
#798=VERTEX_POINT('',#3350);
#799=VERTEX_POINT('',#3367);
#800=VERTEX_POINT('',#3384);
#801=VERTEX_POINT('',#3401);
#802=VERTEX_POINT('',#3418);
#803=VERTEX_POINT('',#3426);
#804=VERTEX_POINT('',#3430);
#805=VERTEX_POINT('',#3438);
#806=VERTEX_POINT('',#3440);
#807=EDGE_CURVE('',#641,#642,#391,.T.);
#808=EDGE_CURVE('',#642,#643,#392,.T.);
#809=EDGE_CURVE('',#643,#644,#393,.T.);
#810=EDGE_CURVE('',#644,#641,#394,.T.);
#811=EDGE_CURVE('',#644,#645,#395,.T.);
#812=EDGE_CURVE('',#646,#645,#396,.T.);
#813=EDGE_CURVE('',#641,#646,#397,.T.);
#814=EDGE_CURVE('',#647,#643,#398,.T.);
#815=EDGE_CURVE('',#647,#648,#204,.T.);
#816=EDGE_CURVE('',#649,#648,#399,.T.);
#817=EDGE_CURVE('',#650,#649,#400,.T.);
#818=EDGE_CURVE('',#651,#650,#401,.T.);
#819=EDGE_CURVE('',#645,#651,#402,.T.);
#820=EDGE_CURVE('',#652,#653,#403,.T.);
#821=EDGE_CURVE('',#653,#654,#404,.T.);
#822=EDGE_CURVE('',#654,#655,#405,.T.);
#823=EDGE_CURVE('',#655,#656,#406,.T.);
#824=EDGE_CURVE('',#656,#657,#82,.T.);
#825=EDGE_CURVE('',#657,#658,#83,.T.);
#826=EDGE_CURVE('',#658,#659,#84,.T.);
#827=EDGE_CURVE('',#659,#660,#85,.T.);
#828=EDGE_CURVE('',#660,#661,#86,.T.);
#829=EDGE_CURVE('',#661,#662,#87,.T.);
#830=EDGE_CURVE('',#662,#663,#88,.T.);
#831=EDGE_CURVE('',#663,#664,#407,.T.);
#832=EDGE_CURVE('',#664,#665,#408,.T.);
#833=EDGE_CURVE('',#665,#666,#409,.T.);
#834=EDGE_CURVE('',#666,#667,#89,.T.);
#835=EDGE_CURVE('',#667,#668,#90,.T.);
#836=EDGE_CURVE('',#668,#669,#91,.T.);
#837=EDGE_CURVE('',#669,#652,#410,.T.);
#838=EDGE_CURVE('',#670,#671,#92,.T.);
#839=EDGE_CURVE('',#671,#672,#93,.T.);
#840=EDGE_CURVE('',#672,#673,#411,.T.);
#841=EDGE_CURVE('',#673,#674,#94,.T.);
#842=EDGE_CURVE('',#674,#675,#95,.T.);
#843=EDGE_CURVE('',#675,#676,#96,.T.);
#844=EDGE_CURVE('',#676,#677,#97,.T.);
#845=EDGE_CURVE('',#677,#678,#98,.T.);
#846=EDGE_CURVE('',#678,#679,#99,.T.);
#847=EDGE_CURVE('',#679,#680,#100,.T.);
#848=EDGE_CURVE('',#680,#681,#412,.T.);
#849=EDGE_CURVE('',#681,#682,#101,.T.);
#850=EDGE_CURVE('',#682,#683,#102,.T.);
#851=EDGE_CURVE('',#683,#684,#103,.T.);
#852=EDGE_CURVE('',#684,#685,#104,.T.);
#853=EDGE_CURVE('',#685,#686,#105,.T.);
#854=EDGE_CURVE('',#686,#687,#106,.T.);
#855=EDGE_CURVE('',#687,#688,#413,.T.);
#856=EDGE_CURVE('',#688,#689,#107,.T.);
#857=EDGE_CURVE('',#689,#690,#108,.T.);
#858=EDGE_CURVE('',#690,#691,#109,.T.);
#859=EDGE_CURVE('',#691,#692,#110,.T.);
#860=EDGE_CURVE('',#692,#693,#111,.T.);
#861=EDGE_CURVE('',#693,#694,#112,.T.);
#862=EDGE_CURVE('',#694,#695,#113,.T.);
#863=EDGE_CURVE('',#695,#696,#114,.T.);
#864=EDGE_CURVE('',#696,#697,#115,.T.);
#865=EDGE_CURVE('',#697,#670,#116,.T.);
#866=EDGE_CURVE('',#698,#699,#117,.T.);
#867=EDGE_CURVE('',#699,#700,#118,.T.);
#868=EDGE_CURVE('',#700,#701,#119,.T.);
#869=EDGE_CURVE('',#701,#702,#120,.T.);
#870=EDGE_CURVE('',#702,#703,#121,.T.);
#871=EDGE_CURVE('',#703,#704,#122,.T.);
#872=EDGE_CURVE('',#704,#705,#123,.T.);
#873=EDGE_CURVE('',#705,#698,#124,.T.);
#874=EDGE_CURVE('',#706,#707,#414,.T.);
#875=EDGE_CURVE('',#707,#650,#415,.T.);
#876=EDGE_CURVE('',#649,#706,#416,.T.);
#877=EDGE_CURVE('',#708,#707,#417,.T.);
#878=EDGE_CURVE('',#651,#708,#418,.T.);
#879=EDGE_CURVE('',#708,#646,#419,.T.);
#880=EDGE_CURVE('',#709,#710,#125,.T.);
#881=EDGE_CURVE('',#709,#711,#420,.T.);
#882=EDGE_CURVE('',#711,#712,#126,.T.);
#883=EDGE_CURVE('',#710,#712,#421,.T.);
#884=EDGE_CURVE('',#713,#709,#127,.T.);
#885=EDGE_CURVE('',#713,#714,#422,.T.);
#886=EDGE_CURVE('',#714,#711,#128,.T.);
#887=EDGE_CURVE('',#715,#713,#129,.T.);
#888=EDGE_CURVE('',#715,#716,#423,.T.);
#889=EDGE_CURVE('',#716,#714,#130,.T.);
#890=EDGE_CURVE('',#717,#715,#131,.T.);
#891=EDGE_CURVE('',#717,#718,#424,.T.);
#892=EDGE_CURVE('',#718,#716,#132,.T.);
#893=EDGE_CURVE('',#719,#717,#133,.T.);
#894=EDGE_CURVE('',#719,#720,#425,.T.);
#895=EDGE_CURVE('',#720,#718,#134,.T.);
#896=EDGE_CURVE('',#721,#719,#135,.T.);
#897=EDGE_CURVE('',#721,#722,#426,.T.);
#898=EDGE_CURVE('',#722,#720,#136,.T.);
#899=EDGE_CURVE('',#723,#721,#137,.T.);
#900=EDGE_CURVE('',#723,#724,#427,.T.);
#901=EDGE_CURVE('',#724,#722,#138,.T.);
#902=EDGE_CURVE('',#725,#723,#139,.T.);
#903=EDGE_CURVE('',#725,#726,#428,.T.);
#904=EDGE_CURVE('',#726,#724,#140,.T.);
#905=EDGE_CURVE('',#727,#725,#141,.T.);
#906=EDGE_CURVE('',#727,#728,#429,.T.);
#907=EDGE_CURVE('',#728,#726,#142,.T.);
#908=EDGE_CURVE('',#729,#727,#143,.T.);
#909=EDGE_CURVE('',#729,#730,#430,.T.);
#910=EDGE_CURVE('',#730,#728,#144,.T.);
#911=EDGE_CURVE('',#731,#729,#145,.T.);
#912=EDGE_CURVE('',#731,#732,#431,.T.);
#913=EDGE_CURVE('',#732,#730,#146,.T.);
#914=EDGE_CURVE('',#710,#731,#147,.T.);
#915=EDGE_CURVE('',#712,#732,#148,.T.);
#916=EDGE_CURVE('',#698,#733,#432,.T.);
#917=EDGE_CURVE('',#733,#734,#149,.T.);
#918=EDGE_CURVE('',#699,#734,#433,.T.);
#919=EDGE_CURVE('',#705,#735,#434,.T.);
#920=EDGE_CURVE('',#735,#733,#150,.T.);
#921=EDGE_CURVE('',#704,#736,#435,.T.);
#922=EDGE_CURVE('',#736,#735,#151,.T.);
#923=EDGE_CURVE('',#703,#737,#436,.T.);
#924=EDGE_CURVE('',#737,#736,#152,.T.);
#925=EDGE_CURVE('',#702,#738,#437,.T.);
#926=EDGE_CURVE('',#738,#737,#153,.T.);
#927=EDGE_CURVE('',#701,#739,#438,.T.);
#928=EDGE_CURVE('',#739,#738,#154,.T.);
#929=EDGE_CURVE('',#700,#740,#439,.T.);
#930=EDGE_CURVE('',#740,#739,#155,.T.);
#931=EDGE_CURVE('',#734,#740,#156,.T.);
#932=EDGE_CURVE('',#670,#741,#440,.T.);
#933=EDGE_CURVE('',#741,#742,#157,.T.);
#934=EDGE_CURVE('',#671,#742,#441,.T.);
#935=EDGE_CURVE('',#697,#743,#442,.T.);
#936=EDGE_CURVE('',#743,#741,#158,.T.);
#937=EDGE_CURVE('',#696,#744,#443,.T.);
#938=EDGE_CURVE('',#744,#743,#159,.T.);
#939=EDGE_CURVE('',#695,#745,#444,.T.);
#940=EDGE_CURVE('',#745,#744,#160,.T.);
#941=EDGE_CURVE('',#694,#746,#445,.T.);
#942=EDGE_CURVE('',#746,#745,#161,.T.);
#943=EDGE_CURVE('',#693,#747,#446,.T.);
#944=EDGE_CURVE('',#747,#746,#162,.T.);
#945=EDGE_CURVE('',#692,#748,#447,.T.);
#946=EDGE_CURVE('',#748,#747,#163,.T.);
#947=EDGE_CURVE('',#691,#749,#448,.T.);
#948=EDGE_CURVE('',#749,#748,#164,.T.);
#949=EDGE_CURVE('',#690,#750,#449,.T.);
#950=EDGE_CURVE('',#750,#749,#165,.T.);
#951=EDGE_CURVE('',#689,#751,#450,.T.);
#952=EDGE_CURVE('',#751,#750,#166,.T.);
#953=EDGE_CURVE('',#688,#752,#451,.T.);
#954=EDGE_CURVE('',#752,#751,#167,.T.);
#955=EDGE_CURVE('',#687,#753,#452,.T.);
#956=EDGE_CURVE('',#753,#752,#453,.T.);
#957=EDGE_CURVE('',#686,#754,#454,.T.);
#958=EDGE_CURVE('',#754,#753,#168,.T.);
#959=EDGE_CURVE('',#685,#755,#455,.T.);
#960=EDGE_CURVE('',#755,#754,#169,.T.);
#961=EDGE_CURVE('',#684,#756,#456,.T.);
#962=EDGE_CURVE('',#756,#755,#170,.T.);
#963=EDGE_CURVE('',#683,#757,#457,.T.);
#964=EDGE_CURVE('',#757,#756,#171,.T.);
#965=EDGE_CURVE('',#682,#758,#458,.T.);
#966=EDGE_CURVE('',#758,#757,#172,.T.);
#967=EDGE_CURVE('',#681,#759,#459,.T.);
#968=EDGE_CURVE('',#759,#758,#173,.T.);
#969=EDGE_CURVE('',#680,#760,#460,.T.);
#970=EDGE_CURVE('',#760,#759,#461,.T.);
#971=EDGE_CURVE('',#679,#761,#462,.T.);
#972=EDGE_CURVE('',#761,#760,#174,.T.);
#973=EDGE_CURVE('',#678,#762,#463,.T.);
#974=EDGE_CURVE('',#762,#761,#175,.T.);
#975=EDGE_CURVE('',#677,#763,#464,.T.);
#976=EDGE_CURVE('',#763,#762,#176,.T.);
#977=EDGE_CURVE('',#676,#764,#465,.T.);
#978=EDGE_CURVE('',#764,#763,#177,.T.);
#979=EDGE_CURVE('',#675,#765,#466,.T.);
#980=EDGE_CURVE('',#765,#764,#178,.T.);
#981=EDGE_CURVE('',#674,#766,#467,.T.);
#982=EDGE_CURVE('',#766,#765,#179,.T.);
#983=EDGE_CURVE('',#673,#767,#468,.T.);
#984=EDGE_CURVE('',#767,#766,#180,.T.);
#985=EDGE_CURVE('',#672,#768,#469,.T.);
#986=EDGE_CURVE('',#768,#767,#470,.T.);
#987=EDGE_CURVE('',#742,#768,#181,.T.);
#988=EDGE_CURVE('',#769,#770,#471,.T.);
#989=EDGE_CURVE('',#769,#771,#472,.T.);
#990=EDGE_CURVE('',#771,#772,#473,.T.);
#991=EDGE_CURVE('',#770,#772,#474,.T.);
#992=EDGE_CURVE('',#773,#769,#182,.T.);
#993=EDGE_CURVE('',#773,#774,#475,.T.);
#994=EDGE_CURVE('',#774,#771,#183,.T.);
#995=EDGE_CURVE('',#775,#773,#184,.T.);
#996=EDGE_CURVE('',#775,#776,#476,.T.);
#997=EDGE_CURVE('',#776,#774,#185,.T.);
#998=EDGE_CURVE('',#777,#775,#186,.T.);
#999=EDGE_CURVE('',#777,#778,#477,.T.);
#1000=EDGE_CURVE('',#778,#776,#187,.T.);
#1001=EDGE_CURVE('',#779,#777,#188,.T.);
#1002=EDGE_CURVE('',#779,#780,#478,.T.);
#1003=EDGE_CURVE('',#780,#778,#189,.T.);
#1004=EDGE_CURVE('',#781,#779,#190,.T.);
#1005=EDGE_CURVE('',#781,#782,#479,.T.);
#1006=EDGE_CURVE('',#782,#780,#191,.T.);
#1007=EDGE_CURVE('',#783,#781,#192,.T.);
#1008=EDGE_CURVE('',#783,#784,#480,.T.);
#1009=EDGE_CURVE('',#784,#782,#193,.T.);
#1010=EDGE_CURVE('',#785,#783,#481,.T.);
#1011=EDGE_CURVE('',#785,#786,#482,.T.);
#1012=EDGE_CURVE('',#786,#784,#483,.T.);
#1013=EDGE_CURVE('',#770,#785,#484,.T.);
#1014=EDGE_CURVE('',#772,#786,#485,.T.);
#1015=EDGE_CURVE('',#652,#787,#486,.T.);
#1016=EDGE_CURVE('',#787,#788,#487,.T.);
#1017=EDGE_CURVE('',#653,#788,#488,.T.);
#1018=EDGE_CURVE('',#669,#789,#489,.T.);
#1019=EDGE_CURVE('',#789,#787,#490,.T.);
#1020=EDGE_CURVE('',#668,#790,#491,.T.);
#1021=EDGE_CURVE('',#790,#789,#194,.T.);
#1022=EDGE_CURVE('',#667,#791,#492,.T.);
#1023=EDGE_CURVE('',#791,#790,#195,.T.);
#1024=EDGE_CURVE('',#666,#792,#493,.T.);
#1025=EDGE_CURVE('',#792,#791,#196,.T.);
#1026=EDGE_CURVE('',#665,#793,#494,.T.);
#1027=EDGE_CURVE('',#793,#792,#495,.T.);
#1028=EDGE_CURVE('',#664,#794,#496,.T.);
#1029=EDGE_CURVE('',#794,#793,#497,.T.);
#1030=EDGE_CURVE('',#663,#795,#498,.T.);
#1031=EDGE_CURVE('',#795,#794,#499,.T.);
#1032=EDGE_CURVE('',#662,#796,#500,.T.);
#1033=EDGE_CURVE('',#796,#795,#197,.T.);
#1034=EDGE_CURVE('',#661,#797,#501,.T.);
#1035=EDGE_CURVE('',#797,#796,#198,.T.);
#1036=EDGE_CURVE('',#660,#798,#502,.T.);
#1037=EDGE_CURVE('',#798,#797,#199,.T.);
#1038=EDGE_CURVE('',#659,#799,#503,.T.);
#1039=EDGE_CURVE('',#799,#798,#200,.T.);
#1040=EDGE_CURVE('',#658,#800,#504,.T.);
#1041=EDGE_CURVE('',#800,#799,#201,.T.);
#1042=EDGE_CURVE('',#657,#801,#505,.T.);
#1043=EDGE_CURVE('',#801,#800,#202,.T.);
#1044=EDGE_CURVE('',#656,#802,#506,.T.);
#1045=EDGE_CURVE('',#802,#801,#203,.T.);
#1046=EDGE_CURVE('',#655,#803,#507,.T.);
#1047=EDGE_CURVE('',#803,#802,#508,.T.);
#1048=EDGE_CURVE('',#654,#804,#509,.T.);
#1049=EDGE_CURVE('',#804,#803,#510,.T.);
#1050=EDGE_CURVE('',#788,#804,#511,.T.);
#1051=EDGE_CURVE('',#647,#805,#512,.T.);
#1052=EDGE_CURVE('',#806,#805,#205,.T.);
#1053=EDGE_CURVE('',#648,#806,#513,.T.);
#1054=EDGE_CURVE('',#706,#806,#514,.T.);
#1055=EDGE_CURVE('',#805,#642,#515,.T.);
#1056=ORIENTED_EDGE('',*,*,#807,.T.);
#1057=ORIENTED_EDGE('',*,*,#808,.T.);
#1058=ORIENTED_EDGE('',*,*,#809,.T.);
#1059=ORIENTED_EDGE('',*,*,#810,.T.);
#1060=ORIENTED_EDGE('',*,*,#810,.F.);
#1061=ORIENTED_EDGE('',*,*,#811,.T.);
#1062=ORIENTED_EDGE('',*,*,#812,.F.);
#1063=ORIENTED_EDGE('',*,*,#813,.F.);
#1064=ORIENTED_EDGE('',*,*,#809,.F.);
#1065=ORIENTED_EDGE('',*,*,#814,.F.);
#1066=ORIENTED_EDGE('',*,*,#815,.T.);
#1067=ORIENTED_EDGE('',*,*,#816,.F.);
#1068=ORIENTED_EDGE('',*,*,#817,.F.);
#1069=ORIENTED_EDGE('',*,*,#818,.F.);
#1070=ORIENTED_EDGE('',*,*,#819,.F.);
#1071=ORIENTED_EDGE('',*,*,#811,.F.);
#1072=ORIENTED_EDGE('',*,*,#820,.T.);
#1073=ORIENTED_EDGE('',*,*,#821,.T.);
#1074=ORIENTED_EDGE('',*,*,#822,.T.);
#1075=ORIENTED_EDGE('',*,*,#823,.T.);
#1076=ORIENTED_EDGE('',*,*,#824,.T.);
#1077=ORIENTED_EDGE('',*,*,#825,.T.);
#1078=ORIENTED_EDGE('',*,*,#826,.T.);
#1079=ORIENTED_EDGE('',*,*,#827,.T.);
#1080=ORIENTED_EDGE('',*,*,#828,.T.);
#1081=ORIENTED_EDGE('',*,*,#829,.T.);
#1082=ORIENTED_EDGE('',*,*,#830,.T.);
#1083=ORIENTED_EDGE('',*,*,#831,.T.);
#1084=ORIENTED_EDGE('',*,*,#832,.T.);
#1085=ORIENTED_EDGE('',*,*,#833,.T.);
#1086=ORIENTED_EDGE('',*,*,#834,.T.);
#1087=ORIENTED_EDGE('',*,*,#835,.T.);
#1088=ORIENTED_EDGE('',*,*,#836,.T.);
#1089=ORIENTED_EDGE('',*,*,#837,.T.);
#1090=ORIENTED_EDGE('',*,*,#838,.T.);
#1091=ORIENTED_EDGE('',*,*,#839,.T.);
#1092=ORIENTED_EDGE('',*,*,#840,.T.);
#1093=ORIENTED_EDGE('',*,*,#841,.T.);
#1094=ORIENTED_EDGE('',*,*,#842,.T.);
#1095=ORIENTED_EDGE('',*,*,#843,.T.);
#1096=ORIENTED_EDGE('',*,*,#844,.T.);
#1097=ORIENTED_EDGE('',*,*,#845,.T.);
#1098=ORIENTED_EDGE('',*,*,#846,.T.);
#1099=ORIENTED_EDGE('',*,*,#847,.T.);
#1100=ORIENTED_EDGE('',*,*,#848,.T.);
#1101=ORIENTED_EDGE('',*,*,#849,.T.);
#1102=ORIENTED_EDGE('',*,*,#850,.T.);
#1103=ORIENTED_EDGE('',*,*,#851,.T.);
#1104=ORIENTED_EDGE('',*,*,#852,.T.);
#1105=ORIENTED_EDGE('',*,*,#853,.T.);
#1106=ORIENTED_EDGE('',*,*,#854,.T.);
#1107=ORIENTED_EDGE('',*,*,#855,.T.);
#1108=ORIENTED_EDGE('',*,*,#856,.T.);
#1109=ORIENTED_EDGE('',*,*,#857,.T.);
#1110=ORIENTED_EDGE('',*,*,#858,.T.);
#1111=ORIENTED_EDGE('',*,*,#859,.T.);
#1112=ORIENTED_EDGE('',*,*,#860,.T.);
#1113=ORIENTED_EDGE('',*,*,#861,.T.);
#1114=ORIENTED_EDGE('',*,*,#862,.T.);
#1115=ORIENTED_EDGE('',*,*,#863,.T.);
#1116=ORIENTED_EDGE('',*,*,#864,.T.);
#1117=ORIENTED_EDGE('',*,*,#865,.T.);
#1118=ORIENTED_EDGE('',*,*,#866,.T.);
#1119=ORIENTED_EDGE('',*,*,#867,.T.);
#1120=ORIENTED_EDGE('',*,*,#868,.T.);
#1121=ORIENTED_EDGE('',*,*,#869,.T.);
#1122=ORIENTED_EDGE('',*,*,#870,.T.);
#1123=ORIENTED_EDGE('',*,*,#871,.T.);
#1124=ORIENTED_EDGE('',*,*,#872,.T.);
#1125=ORIENTED_EDGE('',*,*,#873,.T.);
#1126=ORIENTED_EDGE('',*,*,#874,.T.);
#1127=ORIENTED_EDGE('',*,*,#875,.T.);
#1128=ORIENTED_EDGE('',*,*,#817,.T.);
#1129=ORIENTED_EDGE('',*,*,#876,.T.);
#1130=ORIENTED_EDGE('',*,*,#875,.F.);
#1131=ORIENTED_EDGE('',*,*,#877,.F.);
#1132=ORIENTED_EDGE('',*,*,#878,.F.);
#1133=ORIENTED_EDGE('',*,*,#818,.T.);
#1134=ORIENTED_EDGE('',*,*,#879,.T.);
#1135=ORIENTED_EDGE('',*,*,#812,.T.);
#1136=ORIENTED_EDGE('',*,*,#819,.T.);
#1137=ORIENTED_EDGE('',*,*,#878,.T.);
#1138=ORIENTED_EDGE('',*,*,#880,.F.);
#1139=ORIENTED_EDGE('',*,*,#881,.T.);
#1140=ORIENTED_EDGE('',*,*,#882,.T.);
#1141=ORIENTED_EDGE('',*,*,#883,.F.);
#1142=ORIENTED_EDGE('',*,*,#884,.F.);
#1143=ORIENTED_EDGE('',*,*,#885,.T.);
#1144=ORIENTED_EDGE('',*,*,#886,.T.);
#1145=ORIENTED_EDGE('',*,*,#881,.F.);
#1146=ORIENTED_EDGE('',*,*,#887,.F.);
#1147=ORIENTED_EDGE('',*,*,#888,.T.);
#1148=ORIENTED_EDGE('',*,*,#889,.T.);
#1149=ORIENTED_EDGE('',*,*,#885,.F.);
#1150=ORIENTED_EDGE('',*,*,#890,.F.);
#1151=ORIENTED_EDGE('',*,*,#891,.T.);
#1152=ORIENTED_EDGE('',*,*,#892,.T.);
#1153=ORIENTED_EDGE('',*,*,#888,.F.);
#1154=ORIENTED_EDGE('',*,*,#893,.F.);
#1155=ORIENTED_EDGE('',*,*,#894,.T.);
#1156=ORIENTED_EDGE('',*,*,#895,.T.);
#1157=ORIENTED_EDGE('',*,*,#891,.F.);
#1158=ORIENTED_EDGE('',*,*,#896,.F.);
#1159=ORIENTED_EDGE('',*,*,#897,.T.);
#1160=ORIENTED_EDGE('',*,*,#898,.T.);
#1161=ORIENTED_EDGE('',*,*,#894,.F.);
#1162=ORIENTED_EDGE('',*,*,#899,.F.);
#1163=ORIENTED_EDGE('',*,*,#900,.T.);
#1164=ORIENTED_EDGE('',*,*,#901,.T.);
#1165=ORIENTED_EDGE('',*,*,#897,.F.);
#1166=ORIENTED_EDGE('',*,*,#902,.F.);
#1167=ORIENTED_EDGE('',*,*,#903,.T.);
#1168=ORIENTED_EDGE('',*,*,#904,.T.);
#1169=ORIENTED_EDGE('',*,*,#900,.F.);
#1170=ORIENTED_EDGE('',*,*,#905,.F.);
#1171=ORIENTED_EDGE('',*,*,#906,.T.);
#1172=ORIENTED_EDGE('',*,*,#907,.T.);
#1173=ORIENTED_EDGE('',*,*,#903,.F.);
#1174=ORIENTED_EDGE('',*,*,#908,.F.);
#1175=ORIENTED_EDGE('',*,*,#909,.T.);
#1176=ORIENTED_EDGE('',*,*,#910,.T.);
#1177=ORIENTED_EDGE('',*,*,#906,.F.);
#1178=ORIENTED_EDGE('',*,*,#911,.F.);
#1179=ORIENTED_EDGE('',*,*,#912,.T.);
#1180=ORIENTED_EDGE('',*,*,#913,.T.);
#1181=ORIENTED_EDGE('',*,*,#909,.F.);
#1182=ORIENTED_EDGE('',*,*,#914,.F.);
#1183=ORIENTED_EDGE('',*,*,#883,.T.);
#1184=ORIENTED_EDGE('',*,*,#915,.T.);
#1185=ORIENTED_EDGE('',*,*,#912,.F.);
#1186=ORIENTED_EDGE('',*,*,#866,.F.);
#1187=ORIENTED_EDGE('',*,*,#916,.T.);
#1188=ORIENTED_EDGE('',*,*,#917,.T.);
#1189=ORIENTED_EDGE('',*,*,#918,.F.);
#1190=ORIENTED_EDGE('',*,*,#873,.F.);
#1191=ORIENTED_EDGE('',*,*,#919,.T.);
#1192=ORIENTED_EDGE('',*,*,#920,.T.);
#1193=ORIENTED_EDGE('',*,*,#916,.F.);
#1194=ORIENTED_EDGE('',*,*,#872,.F.);
#1195=ORIENTED_EDGE('',*,*,#921,.T.);
#1196=ORIENTED_EDGE('',*,*,#922,.T.);
#1197=ORIENTED_EDGE('',*,*,#919,.F.);
#1198=ORIENTED_EDGE('',*,*,#871,.F.);
#1199=ORIENTED_EDGE('',*,*,#923,.T.);
#1200=ORIENTED_EDGE('',*,*,#924,.T.);
#1201=ORIENTED_EDGE('',*,*,#921,.F.);
#1202=ORIENTED_EDGE('',*,*,#870,.F.);
#1203=ORIENTED_EDGE('',*,*,#925,.T.);
#1204=ORIENTED_EDGE('',*,*,#926,.T.);
#1205=ORIENTED_EDGE('',*,*,#923,.F.);
#1206=ORIENTED_EDGE('',*,*,#869,.F.);
#1207=ORIENTED_EDGE('',*,*,#927,.T.);
#1208=ORIENTED_EDGE('',*,*,#928,.T.);
#1209=ORIENTED_EDGE('',*,*,#925,.F.);
#1210=ORIENTED_EDGE('',*,*,#868,.F.);
#1211=ORIENTED_EDGE('',*,*,#929,.T.);
#1212=ORIENTED_EDGE('',*,*,#930,.T.);
#1213=ORIENTED_EDGE('',*,*,#927,.F.);
#1214=ORIENTED_EDGE('',*,*,#867,.F.);
#1215=ORIENTED_EDGE('',*,*,#918,.T.);
#1216=ORIENTED_EDGE('',*,*,#931,.T.);
#1217=ORIENTED_EDGE('',*,*,#929,.F.);
#1218=ORIENTED_EDGE('',*,*,#931,.F.);
#1219=ORIENTED_EDGE('',*,*,#917,.F.);
#1220=ORIENTED_EDGE('',*,*,#920,.F.);
#1221=ORIENTED_EDGE('',*,*,#922,.F.);
#1222=ORIENTED_EDGE('',*,*,#924,.F.);
#1223=ORIENTED_EDGE('',*,*,#926,.F.);
#1224=ORIENTED_EDGE('',*,*,#928,.F.);
#1225=ORIENTED_EDGE('',*,*,#930,.F.);
#1226=ORIENTED_EDGE('',*,*,#915,.F.);
#1227=ORIENTED_EDGE('',*,*,#882,.F.);
#1228=ORIENTED_EDGE('',*,*,#886,.F.);
#1229=ORIENTED_EDGE('',*,*,#889,.F.);
#1230=ORIENTED_EDGE('',*,*,#892,.F.);
#1231=ORIENTED_EDGE('',*,*,#895,.F.);
#1232=ORIENTED_EDGE('',*,*,#898,.F.);
#1233=ORIENTED_EDGE('',*,*,#901,.F.);
#1234=ORIENTED_EDGE('',*,*,#904,.F.);
#1235=ORIENTED_EDGE('',*,*,#907,.F.);
#1236=ORIENTED_EDGE('',*,*,#910,.F.);
#1237=ORIENTED_EDGE('',*,*,#913,.F.);
#1238=ORIENTED_EDGE('',*,*,#838,.F.);
#1239=ORIENTED_EDGE('',*,*,#932,.T.);
#1240=ORIENTED_EDGE('',*,*,#933,.T.);
#1241=ORIENTED_EDGE('',*,*,#934,.F.);
#1242=ORIENTED_EDGE('',*,*,#865,.F.);
#1243=ORIENTED_EDGE('',*,*,#935,.T.);
#1244=ORIENTED_EDGE('',*,*,#936,.T.);
#1245=ORIENTED_EDGE('',*,*,#932,.F.);
#1246=ORIENTED_EDGE('',*,*,#864,.F.);
#1247=ORIENTED_EDGE('',*,*,#937,.T.);
#1248=ORIENTED_EDGE('',*,*,#938,.T.);
#1249=ORIENTED_EDGE('',*,*,#935,.F.);
#1250=ORIENTED_EDGE('',*,*,#863,.F.);
#1251=ORIENTED_EDGE('',*,*,#939,.T.);
#1252=ORIENTED_EDGE('',*,*,#940,.T.);
#1253=ORIENTED_EDGE('',*,*,#937,.F.);
#1254=ORIENTED_EDGE('',*,*,#862,.F.);
#1255=ORIENTED_EDGE('',*,*,#941,.T.);
#1256=ORIENTED_EDGE('',*,*,#942,.T.);
#1257=ORIENTED_EDGE('',*,*,#939,.F.);
#1258=ORIENTED_EDGE('',*,*,#861,.F.);
#1259=ORIENTED_EDGE('',*,*,#943,.T.);
#1260=ORIENTED_EDGE('',*,*,#944,.T.);
#1261=ORIENTED_EDGE('',*,*,#941,.F.);
#1262=ORIENTED_EDGE('',*,*,#860,.F.);
#1263=ORIENTED_EDGE('',*,*,#945,.T.);
#1264=ORIENTED_EDGE('',*,*,#946,.T.);
#1265=ORIENTED_EDGE('',*,*,#943,.F.);
#1266=ORIENTED_EDGE('',*,*,#859,.F.);
#1267=ORIENTED_EDGE('',*,*,#947,.T.);
#1268=ORIENTED_EDGE('',*,*,#948,.T.);
#1269=ORIENTED_EDGE('',*,*,#945,.F.);
#1270=ORIENTED_EDGE('',*,*,#858,.F.);
#1271=ORIENTED_EDGE('',*,*,#949,.T.);
#1272=ORIENTED_EDGE('',*,*,#950,.T.);
#1273=ORIENTED_EDGE('',*,*,#947,.F.);
#1274=ORIENTED_EDGE('',*,*,#857,.F.);
#1275=ORIENTED_EDGE('',*,*,#951,.T.);
#1276=ORIENTED_EDGE('',*,*,#952,.T.);
#1277=ORIENTED_EDGE('',*,*,#949,.F.);
#1278=ORIENTED_EDGE('',*,*,#856,.F.);
#1279=ORIENTED_EDGE('',*,*,#953,.T.);
#1280=ORIENTED_EDGE('',*,*,#954,.T.);
#1281=ORIENTED_EDGE('',*,*,#951,.F.);
#1282=ORIENTED_EDGE('',*,*,#855,.F.);
#1283=ORIENTED_EDGE('',*,*,#955,.T.);
#1284=ORIENTED_EDGE('',*,*,#956,.T.);
#1285=ORIENTED_EDGE('',*,*,#953,.F.);
#1286=ORIENTED_EDGE('',*,*,#854,.F.);
#1287=ORIENTED_EDGE('',*,*,#957,.T.);
#1288=ORIENTED_EDGE('',*,*,#958,.T.);
#1289=ORIENTED_EDGE('',*,*,#955,.F.);
#1290=ORIENTED_EDGE('',*,*,#853,.F.);
#1291=ORIENTED_EDGE('',*,*,#959,.T.);
#1292=ORIENTED_EDGE('',*,*,#960,.T.);
#1293=ORIENTED_EDGE('',*,*,#957,.F.);
#1294=ORIENTED_EDGE('',*,*,#852,.F.);
#1295=ORIENTED_EDGE('',*,*,#961,.T.);
#1296=ORIENTED_EDGE('',*,*,#962,.T.);
#1297=ORIENTED_EDGE('',*,*,#959,.F.);
#1298=ORIENTED_EDGE('',*,*,#851,.F.);
#1299=ORIENTED_EDGE('',*,*,#963,.T.);
#1300=ORIENTED_EDGE('',*,*,#964,.T.);
#1301=ORIENTED_EDGE('',*,*,#961,.F.);
#1302=ORIENTED_EDGE('',*,*,#850,.F.);
#1303=ORIENTED_EDGE('',*,*,#965,.T.);
#1304=ORIENTED_EDGE('',*,*,#966,.T.);
#1305=ORIENTED_EDGE('',*,*,#963,.F.);
#1306=ORIENTED_EDGE('',*,*,#849,.F.);
#1307=ORIENTED_EDGE('',*,*,#967,.T.);
#1308=ORIENTED_EDGE('',*,*,#968,.T.);
#1309=ORIENTED_EDGE('',*,*,#965,.F.);
#1310=ORIENTED_EDGE('',*,*,#848,.F.);
#1311=ORIENTED_EDGE('',*,*,#969,.T.);
#1312=ORIENTED_EDGE('',*,*,#970,.T.);
#1313=ORIENTED_EDGE('',*,*,#967,.F.);
#1314=ORIENTED_EDGE('',*,*,#847,.F.);
#1315=ORIENTED_EDGE('',*,*,#971,.T.);
#1316=ORIENTED_EDGE('',*,*,#972,.T.);
#1317=ORIENTED_EDGE('',*,*,#969,.F.);
#1318=ORIENTED_EDGE('',*,*,#846,.F.);
#1319=ORIENTED_EDGE('',*,*,#973,.T.);
#1320=ORIENTED_EDGE('',*,*,#974,.T.);
#1321=ORIENTED_EDGE('',*,*,#971,.F.);
#1322=ORIENTED_EDGE('',*,*,#845,.F.);
#1323=ORIENTED_EDGE('',*,*,#975,.T.);
#1324=ORIENTED_EDGE('',*,*,#976,.T.);
#1325=ORIENTED_EDGE('',*,*,#973,.F.);
#1326=ORIENTED_EDGE('',*,*,#844,.F.);
#1327=ORIENTED_EDGE('',*,*,#977,.T.);
#1328=ORIENTED_EDGE('',*,*,#978,.T.);
#1329=ORIENTED_EDGE('',*,*,#975,.F.);
#1330=ORIENTED_EDGE('',*,*,#843,.F.);
#1331=ORIENTED_EDGE('',*,*,#979,.T.);
#1332=ORIENTED_EDGE('',*,*,#980,.T.);
#1333=ORIENTED_EDGE('',*,*,#977,.F.);
#1334=ORIENTED_EDGE('',*,*,#842,.F.);
#1335=ORIENTED_EDGE('',*,*,#981,.T.);
#1336=ORIENTED_EDGE('',*,*,#982,.T.);
#1337=ORIENTED_EDGE('',*,*,#979,.F.);
#1338=ORIENTED_EDGE('',*,*,#841,.F.);
#1339=ORIENTED_EDGE('',*,*,#983,.T.);
#1340=ORIENTED_EDGE('',*,*,#984,.T.);
#1341=ORIENTED_EDGE('',*,*,#981,.F.);
#1342=ORIENTED_EDGE('',*,*,#840,.F.);
#1343=ORIENTED_EDGE('',*,*,#985,.T.);
#1344=ORIENTED_EDGE('',*,*,#986,.T.);
#1345=ORIENTED_EDGE('',*,*,#983,.F.);
#1346=ORIENTED_EDGE('',*,*,#839,.F.);
#1347=ORIENTED_EDGE('',*,*,#934,.T.);
#1348=ORIENTED_EDGE('',*,*,#987,.T.);
#1349=ORIENTED_EDGE('',*,*,#985,.F.);
#1350=ORIENTED_EDGE('',*,*,#987,.F.);
#1351=ORIENTED_EDGE('',*,*,#933,.F.);
#1352=ORIENTED_EDGE('',*,*,#936,.F.);
#1353=ORIENTED_EDGE('',*,*,#938,.F.);
#1354=ORIENTED_EDGE('',*,*,#940,.F.);
#1355=ORIENTED_EDGE('',*,*,#942,.F.);
#1356=ORIENTED_EDGE('',*,*,#944,.F.);
#1357=ORIENTED_EDGE('',*,*,#946,.F.);
#1358=ORIENTED_EDGE('',*,*,#948,.F.);
#1359=ORIENTED_EDGE('',*,*,#950,.F.);
#1360=ORIENTED_EDGE('',*,*,#952,.F.);
#1361=ORIENTED_EDGE('',*,*,#954,.F.);
#1362=ORIENTED_EDGE('',*,*,#956,.F.);
#1363=ORIENTED_EDGE('',*,*,#958,.F.);
#1364=ORIENTED_EDGE('',*,*,#960,.F.);
#1365=ORIENTED_EDGE('',*,*,#962,.F.);
#1366=ORIENTED_EDGE('',*,*,#964,.F.);
#1367=ORIENTED_EDGE('',*,*,#966,.F.);
#1368=ORIENTED_EDGE('',*,*,#968,.F.);
#1369=ORIENTED_EDGE('',*,*,#970,.F.);
#1370=ORIENTED_EDGE('',*,*,#972,.F.);
#1371=ORIENTED_EDGE('',*,*,#974,.F.);
#1372=ORIENTED_EDGE('',*,*,#976,.F.);
#1373=ORIENTED_EDGE('',*,*,#978,.F.);
#1374=ORIENTED_EDGE('',*,*,#980,.F.);
#1375=ORIENTED_EDGE('',*,*,#982,.F.);
#1376=ORIENTED_EDGE('',*,*,#984,.F.);
#1377=ORIENTED_EDGE('',*,*,#986,.F.);
#1378=ORIENTED_EDGE('',*,*,#988,.F.);
#1379=ORIENTED_EDGE('',*,*,#989,.T.);
#1380=ORIENTED_EDGE('',*,*,#990,.T.);
#1381=ORIENTED_EDGE('',*,*,#991,.F.);
#1382=ORIENTED_EDGE('',*,*,#992,.F.);
#1383=ORIENTED_EDGE('',*,*,#993,.T.);
#1384=ORIENTED_EDGE('',*,*,#994,.T.);
#1385=ORIENTED_EDGE('',*,*,#989,.F.);
#1386=ORIENTED_EDGE('',*,*,#995,.F.);
#1387=ORIENTED_EDGE('',*,*,#996,.T.);
#1388=ORIENTED_EDGE('',*,*,#997,.T.);
#1389=ORIENTED_EDGE('',*,*,#993,.F.);
#1390=ORIENTED_EDGE('',*,*,#998,.F.);
#1391=ORIENTED_EDGE('',*,*,#999,.T.);
#1392=ORIENTED_EDGE('',*,*,#1000,.T.);
#1393=ORIENTED_EDGE('',*,*,#996,.F.);
#1394=ORIENTED_EDGE('',*,*,#1001,.F.);
#1395=ORIENTED_EDGE('',*,*,#1002,.T.);
#1396=ORIENTED_EDGE('',*,*,#1003,.T.);
#1397=ORIENTED_EDGE('',*,*,#999,.F.);
#1398=ORIENTED_EDGE('',*,*,#1004,.F.);
#1399=ORIENTED_EDGE('',*,*,#1005,.T.);
#1400=ORIENTED_EDGE('',*,*,#1006,.T.);
#1401=ORIENTED_EDGE('',*,*,#1002,.F.);
#1402=ORIENTED_EDGE('',*,*,#1007,.F.);
#1403=ORIENTED_EDGE('',*,*,#1008,.T.);
#1404=ORIENTED_EDGE('',*,*,#1009,.T.);
#1405=ORIENTED_EDGE('',*,*,#1005,.F.);
#1406=ORIENTED_EDGE('',*,*,#1010,.F.);
#1407=ORIENTED_EDGE('',*,*,#1011,.T.);
#1408=ORIENTED_EDGE('',*,*,#1012,.T.);
#1409=ORIENTED_EDGE('',*,*,#1008,.F.);
#1410=ORIENTED_EDGE('',*,*,#1013,.F.);
#1411=ORIENTED_EDGE('',*,*,#991,.T.);
#1412=ORIENTED_EDGE('',*,*,#1014,.T.);
#1413=ORIENTED_EDGE('',*,*,#1011,.F.);
#1414=ORIENTED_EDGE('',*,*,#820,.F.);
#1415=ORIENTED_EDGE('',*,*,#1015,.T.);
#1416=ORIENTED_EDGE('',*,*,#1016,.T.);
#1417=ORIENTED_EDGE('',*,*,#1017,.F.);
#1418=ORIENTED_EDGE('',*,*,#837,.F.);
#1419=ORIENTED_EDGE('',*,*,#1018,.T.);
#1420=ORIENTED_EDGE('',*,*,#1019,.T.);
#1421=ORIENTED_EDGE('',*,*,#1015,.F.);
#1422=ORIENTED_EDGE('',*,*,#836,.F.);
#1423=ORIENTED_EDGE('',*,*,#1020,.T.);
#1424=ORIENTED_EDGE('',*,*,#1021,.T.);
#1425=ORIENTED_EDGE('',*,*,#1018,.F.);
#1426=ORIENTED_EDGE('',*,*,#835,.F.);
#1427=ORIENTED_EDGE('',*,*,#1022,.T.);
#1428=ORIENTED_EDGE('',*,*,#1023,.T.);
#1429=ORIENTED_EDGE('',*,*,#1020,.F.);
#1430=ORIENTED_EDGE('',*,*,#834,.F.);
#1431=ORIENTED_EDGE('',*,*,#1024,.T.);
#1432=ORIENTED_EDGE('',*,*,#1025,.T.);
#1433=ORIENTED_EDGE('',*,*,#1022,.F.);
#1434=ORIENTED_EDGE('',*,*,#833,.F.);
#1435=ORIENTED_EDGE('',*,*,#1026,.T.);
#1436=ORIENTED_EDGE('',*,*,#1027,.T.);
#1437=ORIENTED_EDGE('',*,*,#1024,.F.);
#1438=ORIENTED_EDGE('',*,*,#832,.F.);
#1439=ORIENTED_EDGE('',*,*,#1028,.T.);
#1440=ORIENTED_EDGE('',*,*,#1029,.T.);
#1441=ORIENTED_EDGE('',*,*,#1026,.F.);
#1442=ORIENTED_EDGE('',*,*,#831,.F.);
#1443=ORIENTED_EDGE('',*,*,#1030,.T.);
#1444=ORIENTED_EDGE('',*,*,#1031,.T.);
#1445=ORIENTED_EDGE('',*,*,#1028,.F.);
#1446=ORIENTED_EDGE('',*,*,#830,.F.);
#1447=ORIENTED_EDGE('',*,*,#1032,.T.);
#1448=ORIENTED_EDGE('',*,*,#1033,.T.);
#1449=ORIENTED_EDGE('',*,*,#1030,.F.);
#1450=ORIENTED_EDGE('',*,*,#829,.F.);
#1451=ORIENTED_EDGE('',*,*,#1034,.T.);
#1452=ORIENTED_EDGE('',*,*,#1035,.T.);
#1453=ORIENTED_EDGE('',*,*,#1032,.F.);
#1454=ORIENTED_EDGE('',*,*,#828,.F.);
#1455=ORIENTED_EDGE('',*,*,#1036,.T.);
#1456=ORIENTED_EDGE('',*,*,#1037,.T.);
#1457=ORIENTED_EDGE('',*,*,#1034,.F.);
#1458=ORIENTED_EDGE('',*,*,#827,.F.);
#1459=ORIENTED_EDGE('',*,*,#1038,.T.);
#1460=ORIENTED_EDGE('',*,*,#1039,.T.);
#1461=ORIENTED_EDGE('',*,*,#1036,.F.);
#1462=ORIENTED_EDGE('',*,*,#826,.F.);
#1463=ORIENTED_EDGE('',*,*,#1040,.T.);
#1464=ORIENTED_EDGE('',*,*,#1041,.T.);
#1465=ORIENTED_EDGE('',*,*,#1038,.F.);
#1466=ORIENTED_EDGE('',*,*,#825,.F.);
#1467=ORIENTED_EDGE('',*,*,#1042,.T.);
#1468=ORIENTED_EDGE('',*,*,#1043,.T.);
#1469=ORIENTED_EDGE('',*,*,#1040,.F.);
#1470=ORIENTED_EDGE('',*,*,#824,.F.);
#1471=ORIENTED_EDGE('',*,*,#1044,.T.);
#1472=ORIENTED_EDGE('',*,*,#1045,.T.);
#1473=ORIENTED_EDGE('',*,*,#1042,.F.);
#1474=ORIENTED_EDGE('',*,*,#823,.F.);
#1475=ORIENTED_EDGE('',*,*,#1046,.T.);
#1476=ORIENTED_EDGE('',*,*,#1047,.T.);
#1477=ORIENTED_EDGE('',*,*,#1044,.F.);
#1478=ORIENTED_EDGE('',*,*,#822,.F.);
#1479=ORIENTED_EDGE('',*,*,#1048,.T.);
#1480=ORIENTED_EDGE('',*,*,#1049,.T.);
#1481=ORIENTED_EDGE('',*,*,#1046,.F.);
#1482=ORIENTED_EDGE('',*,*,#821,.F.);
#1483=ORIENTED_EDGE('',*,*,#1017,.T.);
#1484=ORIENTED_EDGE('',*,*,#1050,.T.);
#1485=ORIENTED_EDGE('',*,*,#1048,.F.);
#1486=ORIENTED_EDGE('',*,*,#1050,.F.);
#1487=ORIENTED_EDGE('',*,*,#1016,.F.);
#1488=ORIENTED_EDGE('',*,*,#1019,.F.);
#1489=ORIENTED_EDGE('',*,*,#1021,.F.);
#1490=ORIENTED_EDGE('',*,*,#1023,.F.);
#1491=ORIENTED_EDGE('',*,*,#1025,.F.);
#1492=ORIENTED_EDGE('',*,*,#1027,.F.);
#1493=ORIENTED_EDGE('',*,*,#1029,.F.);
#1494=ORIENTED_EDGE('',*,*,#1031,.F.);
#1495=ORIENTED_EDGE('',*,*,#1033,.F.);
#1496=ORIENTED_EDGE('',*,*,#1035,.F.);
#1497=ORIENTED_EDGE('',*,*,#1037,.F.);
#1498=ORIENTED_EDGE('',*,*,#1039,.F.);
#1499=ORIENTED_EDGE('',*,*,#1041,.F.);
#1500=ORIENTED_EDGE('',*,*,#1043,.F.);
#1501=ORIENTED_EDGE('',*,*,#1045,.F.);
#1502=ORIENTED_EDGE('',*,*,#1047,.F.);
#1503=ORIENTED_EDGE('',*,*,#1049,.F.);
#1504=ORIENTED_EDGE('',*,*,#1014,.F.);
#1505=ORIENTED_EDGE('',*,*,#990,.F.);
#1506=ORIENTED_EDGE('',*,*,#994,.F.);
#1507=ORIENTED_EDGE('',*,*,#997,.F.);
#1508=ORIENTED_EDGE('',*,*,#1000,.F.);
#1509=ORIENTED_EDGE('',*,*,#1003,.F.);
#1510=ORIENTED_EDGE('',*,*,#1006,.F.);
#1511=ORIENTED_EDGE('',*,*,#1009,.F.);
#1512=ORIENTED_EDGE('',*,*,#1012,.F.);
#1513=ORIENTED_EDGE('',*,*,#988,.T.);
#1514=ORIENTED_EDGE('',*,*,#1013,.T.);
#1515=ORIENTED_EDGE('',*,*,#1010,.T.);
#1516=ORIENTED_EDGE('',*,*,#1007,.T.);
#1517=ORIENTED_EDGE('',*,*,#1004,.T.);
#1518=ORIENTED_EDGE('',*,*,#1001,.T.);
#1519=ORIENTED_EDGE('',*,*,#998,.T.);
#1520=ORIENTED_EDGE('',*,*,#995,.T.);
#1521=ORIENTED_EDGE('',*,*,#992,.T.);
#1522=ORIENTED_EDGE('',*,*,#815,.F.);
#1523=ORIENTED_EDGE('',*,*,#1051,.T.);
#1524=ORIENTED_EDGE('',*,*,#1052,.F.);
#1525=ORIENTED_EDGE('',*,*,#1053,.F.);
#1526=ORIENTED_EDGE('',*,*,#876,.F.);
#1527=ORIENTED_EDGE('',*,*,#816,.T.);
#1528=ORIENTED_EDGE('',*,*,#1053,.T.);
#1529=ORIENTED_EDGE('',*,*,#1054,.F.);
#1530=ORIENTED_EDGE('',*,*,#808,.F.);
#1531=ORIENTED_EDGE('',*,*,#1055,.F.);
#1532=ORIENTED_EDGE('',*,*,#1051,.F.);
#1533=ORIENTED_EDGE('',*,*,#814,.T.);
#1534=ORIENTED_EDGE('',*,*,#880,.T.);
#1535=ORIENTED_EDGE('',*,*,#914,.T.);
#1536=ORIENTED_EDGE('',*,*,#911,.T.);
#1537=ORIENTED_EDGE('',*,*,#908,.T.);
#1538=ORIENTED_EDGE('',*,*,#905,.T.);
#1539=ORIENTED_EDGE('',*,*,#902,.T.);
#1540=ORIENTED_EDGE('',*,*,#899,.T.);
#1541=ORIENTED_EDGE('',*,*,#896,.T.);
#1542=ORIENTED_EDGE('',*,*,#893,.T.);
#1543=ORIENTED_EDGE('',*,*,#890,.T.);
#1544=ORIENTED_EDGE('',*,*,#887,.T.);
#1545=ORIENTED_EDGE('',*,*,#884,.T.);
#1546=ORIENTED_EDGE('',*,*,#807,.F.);
#1547=ORIENTED_EDGE('',*,*,#813,.T.);
#1548=ORIENTED_EDGE('',*,*,#879,.F.);
#1549=ORIENTED_EDGE('',*,*,#877,.T.);
#1550=ORIENTED_EDGE('',*,*,#874,.F.);
#1551=ORIENTED_EDGE('',*,*,#1054,.T.);
#1552=ORIENTED_EDGE('',*,*,#1052,.T.);
#1553=ORIENTED_EDGE('',*,*,#1055,.T.);
#1554=PLANE('',#1686);
#1555=PLANE('',#1687);
#1556=PLANE('',#1688);
#1557=PLANE('',#1690);
#1558=PLANE('',#1691);
#1559=PLANE('',#1692);
#1560=PLANE('',#1693);
#1561=PLANE('',#1694);
#1562=PLANE('',#1695);
#1563=PLANE('',#1696);
#1564=PLANE('',#1697);
#1565=PLANE('',#1698);
#1566=PLANE('',#1699);
#1567=PLANE('',#1700);
#1568=PLANE('',#1701);
#1569=PLANE('',#1702);
#1570=PLANE('',#1703);
#1571=PLANE('',#1704);
#1572=PLANE('',#1705);
#1573=PLANE('',#1706);
#1574=PLANE('',#1707);
#1575=PLANE('',#1708);
#1576=PLANE('',#1709);
#1577=PLANE('',#1710);
#1578=PLANE('',#1713);
#1579=PLANE('',#1714);
#1580=PLANE('',#1715);
#1581=PLANE('',#1716);
#1582=ADVANCED_FACE('',(#206),#1554,.T.);
#1583=ADVANCED_FACE('',(#207),#1555,.T.);
#1584=ADVANCED_FACE('',(#208,#77,#78,#79),#1556,.T.);
#1585=ADVANCED_FACE('',(#209),#1557,.T.);
#1586=ADVANCED_FACE('',(#210),#1558,.T.);
#1587=ADVANCED_FACE('',(#211),#1559,.T.);
#1588=ADVANCED_FACE('',(#212),#16,.F.);
#1589=ADVANCED_FACE('',(#213),#17,.F.);
#1590=ADVANCED_FACE('',(#214),#18,.F.);
#1591=ADVANCED_FACE('',(#215),#19,.F.);
#1592=ADVANCED_FACE('',(#216),#20,.F.);
#1593=ADVANCED_FACE('',(#217),#21,.F.);
#1594=ADVANCED_FACE('',(#218),#22,.F.);
#1595=ADVANCED_FACE('',(#219),#23,.F.);
#1596=ADVANCED_FACE('',(#220),#24,.F.);
#1597=ADVANCED_FACE('',(#221),#25,.F.);
#1598=ADVANCED_FACE('',(#222),#26,.F.);
#1599=ADVANCED_FACE('',(#223),#27,.F.);
#1600=ADVANCED_FACE('',(#224),#28,.F.);
#1601=ADVANCED_FACE('',(#225),#29,.F.);
#1602=ADVANCED_FACE('',(#226),#30,.F.);
#1603=ADVANCED_FACE('',(#227),#31,.F.);
#1604=ADVANCED_FACE('',(#228),#32,.F.);
#1605=ADVANCED_FACE('',(#229),#33,.F.);
#1606=ADVANCED_FACE('',(#230),#34,.F.);
#1607=ADVANCED_FACE('',(#231),#35,.F.);
#1608=ADVANCED_FACE('',(#232,#80),#1560,.T.);
#1609=ADVANCED_FACE('',(#233),#36,.F.);
#1610=ADVANCED_FACE('',(#234),#37,.F.);
#1611=ADVANCED_FACE('',(#235),#38,.F.);
#1612=ADVANCED_FACE('',(#236),#39,.F.);
#1613=ADVANCED_FACE('',(#237),#40,.F.);
#1614=ADVANCED_FACE('',(#238),#41,.F.);
#1615=ADVANCED_FACE('',(#239),#42,.F.);
#1616=ADVANCED_FACE('',(#240),#43,.F.);
#1617=ADVANCED_FACE('',(#241),#44,.F.);
#1618=ADVANCED_FACE('',(#242),#45,.F.);
#1619=ADVANCED_FACE('',(#243),#46,.F.);
#1620=ADVANCED_FACE('',(#244),#1561,.F.);
#1621=ADVANCED_FACE('',(#245),#47,.F.);
#1622=ADVANCED_FACE('',(#246),#48,.F.);
#1623=ADVANCED_FACE('',(#247),#49,.F.);
#1624=ADVANCED_FACE('',(#248),#50,.F.);
#1625=ADVANCED_FACE('',(#249),#51,.F.);
#1626=ADVANCED_FACE('',(#250),#52,.F.);
#1627=ADVANCED_FACE('',(#251),#1562,.F.);
#1628=ADVANCED_FACE('',(#252),#53,.F.);
#1629=ADVANCED_FACE('',(#253),#54,.F.);
#1630=ADVANCED_FACE('',(#254),#55,.F.);
#1631=ADVANCED_FACE('',(#255),#56,.F.);
#1632=ADVANCED_FACE('',(#256),#57,.F.);
#1633=ADVANCED_FACE('',(#257),#58,.F.);
#1634=ADVANCED_FACE('',(#258),#59,.F.);
#1635=ADVANCED_FACE('',(#259),#1563,.F.);
#1636=ADVANCED_FACE('',(#260),#60,.F.);
#1637=ADVANCED_FACE('',(#261),#1564,.T.);
#1638=ADVANCED_FACE('',(#262),#1565,.F.);
#1639=ADVANCED_FACE('',(#263),#61,.F.);
#1640=ADVANCED_FACE('',(#264),#62,.F.);
#1641=ADVANCED_FACE('',(#265),#63,.F.);
#1642=ADVANCED_FACE('',(#266),#64,.F.);
#1643=ADVANCED_FACE('',(#267),#65,.F.);
#1644=ADVANCED_FACE('',(#268),#66,.F.);
#1645=ADVANCED_FACE('',(#269),#1566,.F.);
#1646=ADVANCED_FACE('',(#270),#1567,.F.);
#1647=ADVANCED_FACE('',(#271),#1568,.F.);
#1648=ADVANCED_FACE('',(#272),#1569,.F.);
#1649=ADVANCED_FACE('',(#273),#67,.F.);
#1650=ADVANCED_FACE('',(#274),#68,.F.);
#1651=ADVANCED_FACE('',(#275),#69,.F.);
#1652=ADVANCED_FACE('',(#276),#1570,.F.);
#1653=ADVANCED_FACE('',(#277),#1571,.F.);
#1654=ADVANCED_FACE('',(#278),#1572,.F.);
#1655=ADVANCED_FACE('',(#279),#70,.F.);
#1656=ADVANCED_FACE('',(#280),#71,.F.);
#1657=ADVANCED_FACE('',(#281),#72,.F.);
#1658=ADVANCED_FACE('',(#282),#73,.F.);
#1659=ADVANCED_FACE('',(#283),#74,.F.);
#1660=ADVANCED_FACE('',(#284),#75,.F.);
#1661=ADVANCED_FACE('',(#285),#76,.F.);
#1662=ADVANCED_FACE('',(#286),#1573,.F.);
#1663=ADVANCED_FACE('',(#287),#1574,.F.);
#1664=ADVANCED_FACE('',(#288),#1575,.F.);
#1665=ADVANCED_FACE('',(#289,#81),#1576,.T.);
#1666=ADVANCED_FACE('',(#290),#1577,.T.);
#1667=ADVANCED_FACE('',(#291),#15,.T.);
#1668=ADVANCED_FACE('',(#292),#1578,.T.);
#1669=ADVANCED_FACE('',(#293),#1579,.T.);
#1670=ADVANCED_FACE('',(#294),#1580,.T.);
#1671=ADVANCED_FACE('',(#295),#1581,.F.);
#1672=CLOSED_SHELL('',(#1582,#1583,#1584,#1585,#1586,#1587,#1588,#1589,
#1590,#1591,#1592,#1593,#1594,#1595,#1596,#1597,#1598,#1599,#1600,#1601,
#1602,#1603,#1604,#1605,#1606,#1607,#1608,#1609,#1610,#1611,#1612,#1613,
#1614,#1615,#1616,#1617,#1618,#1619,#1620,#1621,#1622,#1623,#1624,#1625,
#1626,#1627,#1628,#1629,#1630,#1631,#1632,#1633,#1634,#1635,#1636,#1637,
#1638,#1639,#1640,#1641,#1642,#1643,#1644,#1645,#1646,#1647,#1648,#1649,
#1650,#1651,#1652,#1653,#1654,#1655,#1656,#1657,#1658,#1659,#1660,#1661,
#1662,#1663,#1664,#1665,#1666,#1667,#1668,#1669,#1670,#1671));
#1673=DERIVED_UNIT_ELEMENT(#1675,1.);
#1674=DERIVED_UNIT_ELEMENT(#3454,-3.);
#1675=(
MASS_UNIT()
NAMED_UNIT(*)
SI_UNIT(.KILO.,.GRAM.)
);
#1676=DERIVED_UNIT((#1673,#1674));
#1677=MEASURE_REPRESENTATION_ITEM('density measure',
POSITIVE_RATIO_MEASURE(7850.),#1676);
#1678=PROPERTY_DEFINITION_REPRESENTATION(#1683,#1680);
#1679=PROPERTY_DEFINITION_REPRESENTATION(#1684,#1681);
#1680=REPRESENTATION('material name',(#1682),#3451);
#1681=REPRESENTATION('density',(#1677),#3451);
#1682=DESCRIPTIVE_REPRESENTATION_ITEM('Steel','Steel');
#1683=PROPERTY_DEFINITION('material property','material name',#3461);
#1684=PROPERTY_DEFINITION('material property','density of part',#3461);
#1685=AXIS2_PLACEMENT_3D('',#1906,#1717,#1718);
#1686=AXIS2_PLACEMENT_3D('',#1907,#1719,#1720);
#1687=AXIS2_PLACEMENT_3D('',#1916,#1725,#1726);
#1688=AXIS2_PLACEMENT_3D('',#1922,#1730,#1731);
#1689=AXIS2_PLACEMENT_3D('',#1926,#1733,#1734);
#1690=AXIS2_PLACEMENT_3D('',#2214,#1750,#1751);
#1691=AXIS2_PLACEMENT_3D('',#2220,#1755,#1756);
#1692=AXIS2_PLACEMENT_3D('',#2224,#1759,#1760);
#1693=AXIS2_PLACEMENT_3D('',#2638,#1782,#1783);
#1694=AXIS2_PLACEMENT_3D('',#2828,#1796,#1797);
#1695=AXIS2_PLACEMENT_3D('',#2934,#1806,#1807);
#1696=AXIS2_PLACEMENT_3D('',#3057,#1817,#1818);
#1697=AXIS2_PLACEMENT_3D('',#3076,#1821,#1822);
#1698=AXIS2_PLACEMENT_3D('',#3077,#1823,#1824);
#1699=AXIS2_PLACEMENT_3D('',#3224,#1835,#1836);
#1700=AXIS2_PLACEMENT_3D('',#3230,#1840,#1841);
#1701=AXIS2_PLACEMENT_3D('',#3233,#1844,#1845);
#1702=AXIS2_PLACEMENT_3D('',#3239,#1849,#1850);
#1703=AXIS2_PLACEMENT_3D('',#3294,#1856,#1857);
#1704=AXIS2_PLACEMENT_3D('',#3298,#1860,#1861);
#1705=AXIS2_PLACEMENT_3D('',#3302,#1864,#1865);
#1706=AXIS2_PLACEMENT_3D('',#3425,#1875,#1876);
#1707=AXIS2_PLACEMENT_3D('',#3429,#1879,#1880);
#1708=AXIS2_PLACEMENT_3D('',#3433,#1883,#1884);
#1709=AXIS2_PLACEMENT_3D('',#3435,#1886,#1887);
#1710=AXIS2_PLACEMENT_3D('',#3436,#1888,#1889);
#1711=AXIS2_PLACEMENT_3D('',#3437,#1890,#1891);
#1712=AXIS2_PLACEMENT_3D('',#3441,#1893,#1894);
#1713=AXIS2_PLACEMENT_3D('',#3443,#1896,#1897);
#1714=AXIS2_PLACEMENT_3D('',#3445,#1899,#1900);
#1715=AXIS2_PLACEMENT_3D('',#3447,#1902,#1903);
#1716=AXIS2_PLACEMENT_3D('',#3448,#1904,#1905);
#1717=DIRECTION('axis',(0.,0.,1.));
#1718=DIRECTION('refdir',(1.,0.,0.));
#1719=DIRECTION('center_axis',(0.707106781186546,0.707106781186549,0.));
#1720=DIRECTION('ref_axis',(0.,0.,-1.));
#1721=DIRECTION('',(-0.707106781186549,0.707106781186546,0.));
#1722=DIRECTION('',(0.,0.,1.));
#1723=DIRECTION('',(0.707106781186549,-0.707106781186546,0.));
#1724=DIRECTION('',(0.,0.,-1.));
#1725=DIRECTION('center_axis',(1.,0.,0.));
#1726=DIRECTION('ref_axis',(0.,-1.,0.));
#1727=DIRECTION('',(0.,-1.,0.));
#1728=DIRECTION('',(0.,0.,1.));
#1729=DIRECTION('',(0.,-1.,0.));
#1730=DIRECTION('center_axis',(0.,0.,1.));
#1731=DIRECTION('ref_axis',(1.,0.,0.));
#1732=DIRECTION('',(1.,0.,0.));
#1733=DIRECTION('center_axis',(0.,0.,1.));
#1734=DIRECTION('ref_axis',(-7.40148683083438E-17,1.,0.));
#1735=DIRECTION('',(0.,1.,0.));
#1736=DIRECTION('',(-0.707106781186548,0.707106781186547,0.));
#1737=DIRECTION('',(-1.,0.,0.));
#1738=DIRECTION('',(-0.707106781186547,-0.707106781186548,0.));
#1739=DIRECTION('',(-0.00362015454037838,-0.999993447219082,0.));
#1740=DIRECTION('',(-0.999993447219082,0.00362015454037839,0.));
#1741=DIRECTION('',(0.00362015454037841,0.999993447219082,0.));
#1742=DIRECTION('',(0.999993447219082,-0.00362015454037848,0.));
#1743=DIRECTION('',(0.52745952721964,-0.84958015934062,0.));
#1744=DIRECTION('',(-0.999993447219082,0.00362015454037869,0.));
#1745=DIRECTION('',(-0.554090951440179,0.832456135500314,0.));
#1746=DIRECTION('',(-0.999993447219082,0.003620154540377,0.));
#1747=DIRECTION('',(0.993150054714944,0.11684591914014,0.));
#1748=DIRECTION('',(0.137734102162142,0.990469240865959,0.));
#1749=DIRECTION('',(-0.985261957944926,0.171052255835841,0.));
#1750=DIRECTION('center_axis',(-0.707106781186547,-0.707106781186548,0.));
#1751=DIRECTION('ref_axis',(0.,0.,1.));
#1752=DIRECTION('',(0.707106781186548,-0.707106781186547,0.));
#1753=DIRECTION('',(0.,0.,1.));
#1754=DIRECTION('',(0.,0.,-1.));
#1755=DIRECTION('center_axis',(0.,-1.,0.));
#1756=DIRECTION('ref_axis',(-1.,0.,0.));
#1757=DIRECTION('',(-1.,0.,0.));
#1758=DIRECTION('',(0.,0.,-1.));
#1759=DIRECTION('center_axis',(0.707106781186548,-0.707106781186547,0.));
#1760=DIRECTION('ref_axis',(0.,0.,-1.));
#1761=DIRECTION('',(0.707106781186547,0.707106781186548,0.));
#1762=DIRECTION('',(0.,0.,-1.));
#1763=DIRECTION('',(0.,0.,-1.));
#1764=DIRECTION('',(0.,0.,-1.));
#1765=DIRECTION('',(0.,0.,-1.));
#1766=DIRECTION('',(0.,0.,-1.));
#1767=DIRECTION('',(0.,0.,-1.));
#1768=DIRECTION('',(0.,0.,-1.));
#1769=DIRECTION('',(0.,0.,-1.));
#1770=DIRECTION('',(0.,0.,-1.));
#1771=DIRECTION('',(0.,0.,-1.));
#1772=DIRECTION('',(0.,0.,-1.));
#1773=DIRECTION('',(0.,0.,-1.));
#1774=DIRECTION('',(0.,0.,-1.));
#1775=DIRECTION('',(0.,0.,-1.));
#1776=DIRECTION('',(0.,0.,-1.));
#1777=DIRECTION('',(0.,0.,-1.));
#1778=DIRECTION('',(0.,0.,-1.));
#1779=DIRECTION('',(0.,0.,-1.));
#1780=DIRECTION('',(0.,0.,-1.));
#1781=DIRECTION('',(0.,0.,-1.));
#1782=DIRECTION('center_axis',(0.,0.,1.));
#1783=DIRECTION('ref_axis',(1.,0.,0.));
#1784=DIRECTION('',(0.,0.,-1.));
#1785=DIRECTION('',(0.,0.,-1.));
#1786=DIRECTION('',(0.,0.,-1.));
#1787=DIRECTION('',(0.,0.,-1.));
#1788=DIRECTION('',(0.,0.,-1.));
#1789=DIRECTION('',(0.,0.,-1.));
#1790=DIRECTION('',(0.,0.,-1.));
#1791=DIRECTION('',(0.,0.,-1.));
#1792=DIRECTION('',(0.,0.,-1.));
#1793=DIRECTION('',(0.,0.,-1.));
#1794=DIRECTION('',(0.,0.,-1.));
#1795=DIRECTION('',(0.,0.,-1.));
#1796=DIRECTION('center_axis',(-0.171052255835841,-0.985261957944927,0.));
#1797=DIRECTION('ref_axis',(-0.985261957944926,0.171052255835841,0.));
#1798=DIRECTION('',(0.,0.,-1.));
#1799=DIRECTION('',(-0.985261957944926,0.171052255835841,0.));
#1800=DIRECTION('',(0.,0.,-1.));
#1801=DIRECTION('',(0.,0.,-1.));
#1802=DIRECTION('',(0.,0.,-1.));
#1803=DIRECTION('',(0.,0.,-1.));
#1804=DIRECTION('',(0.,0.,-1.));
#1805=DIRECTION('',(0.,0.,-1.));
#1806=DIRECTION('center_axis',(-0.990469240865959,0.137734102162142,0.));
#1807=DIRECTION('ref_axis',(0.137734102162142,0.990469240865959,0.));
#1808=DIRECTION('',(0.,0.,-1.));
#1809=DIRECTION('',(0.137734102162142,0.990469240865959,0.));
#1810=DIRECTION('',(0.,0.,-1.));
#1811=DIRECTION('',(0.,0.,-1.));
#1812=DIRECTION('',(0.,0.,-1.));
#1813=DIRECTION('',(0.,0.,-1.));
#1814=DIRECTION('',(0.,0.,-1.));
#1815=DIRECTION('',(0.,0.,-1.));
#1816=DIRECTION('',(0.,0.,-1.));
#1817=DIRECTION('center_axis',(-0.11684591914014,0.993150054714944,0.));
#1818=DIRECTION('ref_axis',(0.993150054714944,0.11684591914014,0.));
#1819=DIRECTION('',(0.,0.,-1.));
#1820=DIRECTION('',(0.993150054714944,0.11684591914014,0.));
#1821=DIRECTION('center_axis',(0.,0.,1.));
#1822=DIRECTION('ref_axis',(1.,0.,0.));
#1823=DIRECTION('center_axis',(-0.0036201545403791,-0.999993447219082,0.));
#1824=DIRECTION('ref_axis',(-0.999993447219082,0.0036201545403791,0.));
#1825=DIRECTION('',(-0.999993447219082,0.0036201545403791,0.));
#1826=DIRECTION('',(0.,0.,-1.));
#1827=DIRECTION('',(-0.999993447219082,0.0036201545403791,0.));
#1828=DIRECTION('',(0.,0.,-1.));
#1829=DIRECTION('',(0.,0.,-1.));
#1830=DIRECTION('',(0.,0.,-1.));
#1831=DIRECTION('',(0.,0.,-1.));
#1832=DIRECTION('',(0.,0.,-1.));
#1833=DIRECTION('',(0.,0.,-1.));
#1834=DIRECTION('',(0.,0.,-1.));
#1835=DIRECTION('center_axis',(0.00362015454037866,0.999993447219082,0.));
#1836=DIRECTION('ref_axis',(0.999993447219082,-0.00362015454037866,0.));
#1837=DIRECTION('',(0.999993447219082,-0.00362015454037866,0.));
#1838=DIRECTION('',(0.,0.,-1.));
#1839=DIRECTION('',(0.999993447219082,-0.00362015454037866,0.));
#1840=DIRECTION('center_axis',(0.999993447219082,-0.00362015454037793,0.));
#1841=DIRECTION('ref_axis',(-0.00362015454037793,-0.999993447219082,0.));
#1842=DIRECTION('',(-0.00362015454037793,-0.999993447219082,0.));
#1843=DIRECTION('',(-0.00362015454037793,-0.999993447219082,0.));
#1844=DIRECTION('center_axis',(0.999993447219082,-0.00362015454037838,0.));
#1845=DIRECTION('ref_axis',(-0.00362015454037838,-0.999993447219082,0.));
#1846=DIRECTION('',(0.,0.,-1.));
#1847=DIRECTION('',(-0.00362015454037838,-0.999993447219082,0.));
#1848=DIRECTION('',(0.,0.,-1.));
#1849=DIRECTION('center_axis',(-0.003620154540377,-0.999993447219082,0.));
#1850=DIRECTION('ref_axis',(-0.999993447219082,0.003620154540377,0.));
#1851=DIRECTION('',(0.,0.,-1.));
#1852=DIRECTION('',(-0.999993447219082,0.003620154540377,0.));
#1853=DIRECTION('',(0.,0.,-1.));
#1854=DIRECTION('',(0.,0.,-1.));
#1855=DIRECTION('',(0.,0.,-1.));
#1856=DIRECTION('center_axis',(-0.832456135500314,-0.554090951440179,0.));
#1857=DIRECTION('ref_axis',(-0.554090951440179,0.832456135500314,0.));
#1858=DIRECTION('',(0.,0.,-1.));
#1859=DIRECTION('',(-0.554090951440179,0.832456135500314,0.));
#1860=DIRECTION('center_axis',(-0.00362015454037869,-0.999993447219082,
0.));
#1861=DIRECTION('ref_axis',(-0.999993447219082,0.00362015454037869,0.));
#1862=DIRECTION('',(0.,0.,-1.));
#1863=DIRECTION('',(-0.999993447219082,0.00362015454037869,0.));
#1864=DIRECTION('center_axis',(0.84958015934062,0.52745952721964,0.));
#1865=DIRECTION('ref_axis',(0.52745952721964,-0.84958015934062,0.));
#1866=DIRECTION('',(0.,0.,-1.));
#1867=DIRECTION('',(0.52745952721964,-0.84958015934062,0.));
#1868=DIRECTION('',(0.,0.,-1.));
#1869=DIRECTION('',(0.,0.,-1.));
#1870=DIRECTION('',(0.,0.,-1.));
#1871=DIRECTION('',(0.,0.,-1.));
#1872=DIRECTION('',(0.,0.,-1.));
#1873=DIRECTION('',(0.,0.,-1.));
#1874=DIRECTION('',(0.,0.,-1.));
#1875=DIRECTION('center_axis',(0.00362015454037848,0.999993447219082,0.));
#1876=DIRECTION('ref_axis',(0.999993447219082,-0.00362015454037848,0.));
#1877=DIRECTION('',(0.,0.,-1.));
#1878=DIRECTION('',(0.999993447219082,-0.00362015454037848,0.));
#1879=DIRECTION('center_axis',(-0.999993447219082,0.00362015454037841,0.));
#1880=DIRECTION('ref_axis',(0.00362015454037841,0.999993447219082,0.));
#1881=DIRECTION('',(0.,0.,-1.));
#1882=DIRECTION('',(0.00362015454037841,0.999993447219082,0.));
#1883=DIRECTION('center_axis',(-0.00362015454037839,-0.999993447219082,
0.));
#1884=DIRECTION('ref_axis',(-0.999993447219082,0.00362015454037839,0.));
#1885=DIRECTION('',(-0.999993447219082,0.00362015454037839,0.));
#1886=DIRECTION('center_axis',(0.,0.,1.));
#1887=DIRECTION('ref_axis',(1.,0.,0.));
#1888=DIRECTION('center_axis',(0.,0.,1.));
#1889=DIRECTION('ref_axis',(1.,0.,0.));
#1890=DIRECTION('center_axis',(0.,0.,-1.));
#1891=DIRECTION('ref_axis',(-7.40148683083438E-17,1.,0.));
#1892=DIRECTION('',(0.,0.,-1.));
#1893=DIRECTION('center_axis',(0.,0.,-1.));
#1894=DIRECTION('ref_axis',(-7.40148683083438E-17,1.,0.));
#1895=DIRECTION('',(0.,0.,-1.));
#1896=DIRECTION('center_axis',(-1.,0.,0.));
#1897=DIRECTION('ref_axis',(0.,1.,0.));
#1898=DIRECTION('',(0.,1.,0.));
#1899=DIRECTION('center_axis',(0.,1.,0.));
#1900=DIRECTION('ref_axis',(1.,0.,0.));
#1901=DIRECTION('',(1.,0.,0.));
#1902=DIRECTION('center_axis',(0.,0.,1.));
#1903=DIRECTION('ref_axis',(1.,0.,0.));
#1904=DIRECTION('center_axis',(0.,0.,1.));
#1905=DIRECTION('ref_axis',(1.,0.,0.));
#1906=CARTESIAN_POINT('',(0.,0.,0.));
#1907=CARTESIAN_POINT('Origin',(-0.5,34.5,0.));
#1908=CARTESIAN_POINT('',(0.,34.,-2.));
#1909=CARTESIAN_POINT('',(-1.,35.,-2.));
#1910=CARTESIAN_POINT('',(-0.500000000000015,34.5,-2.));
#1911=CARTESIAN_POINT('',(-1.,35.,0.));
#1912=CARTESIAN_POINT('',(-1.,35.,0.));
#1913=CARTESIAN_POINT('',(0.,34.,0.));
#1914=CARTESIAN_POINT('',(-0.500000000000015,34.5,0.));
#1915=CARTESIAN_POINT('',(0.,34.,0.));
#1916=CARTESIAN_POINT('Origin',(0.,35.,0.));
#1917=CARTESIAN_POINT('',(0.,1.,0.));
#1918=CARTESIAN_POINT('',(0.,35.,0.));
#1919=CARTESIAN_POINT('',(0.,1.,-2.));
#1920=CARTESIAN_POINT('',(0.,1.,0.));
#1921=CARTESIAN_POINT('',(0.,35.,-2.));
#1922=CARTESIAN_POINT('Origin',(-17.5,17.5,0.));
#1923=CARTESIAN_POINT('',(-5.,35.,0.));
#1924=CARTESIAN_POINT('',(-5.,35.,0.));
#1925=CARTESIAN_POINT('',(-35.,5.,0.));
#1926=CARTESIAN_POINT('Origin',(-5.,5.,0.));
#1927=CARTESIAN_POINT('',(-35.,1.,0.));
#1928=CARTESIAN_POINT('',(-35.,0.,0.));
#1929=CARTESIAN_POINT('',(-34.,0.,0.));
#1930=CARTESIAN_POINT('',(-34.5,0.499999999999995,0.));
#1931=CARTESIAN_POINT('',(-1.,0.,0.));
#1932=CARTESIAN_POINT('',(0.,0.,0.));
#1933=CARTESIAN_POINT('',(-0.499999999999997,0.500000000000005,0.));
#1934=CARTESIAN_POINT('',(-15.8312027303608,5.90119163467797,0.));
#1935=CARTESIAN_POINT('',(-15.8401967813848,3.4167694953166,0.));
#1936=CARTESIAN_POINT('',(-15.8102190637784,11.6974991809252,0.));
#1937=CARTESIAN_POINT('',(-17.0418127718788,3.42111955940539,0.));
#1938=CARTESIAN_POINT('',(-16.6955790827868,3.41986613173036,0.));
#1939=CARTESIAN_POINT('',(-17.0202681991536,9.37236592417989,0.));
#1940=CARTESIAN_POINT('',(-17.0163320797844,10.4596381753333,0.));
#1941=CARTESIAN_POINT('',(-14.491191558368,9.36321021590043,0.));
#1942=CARTESIAN_POINT('',(-17.2748425053086,9.37328752854925,0.));
#1943=CARTESIAN_POINT('',(-13.1054483296109,9.19784113202468,0.));
#1944=CARTESIAN_POINT('Ctrl Pts',(-14.491191558368,9.36321021590043,0.));
#1945=CARTESIAN_POINT('Ctrl Pts',(-14.2149767463002,9.36182767210644,0.));
#1946=CARTESIAN_POINT('Ctrl Pts',(-13.7459903335049,9.35948024457486,0.));
#1947=CARTESIAN_POINT('Ctrl Pts',(-13.2920396589196,9.24492696979278,0.));
#1948=CARTESIAN_POINT('Ctrl Pts',(-13.1054483296109,9.19784113202468,0.));
#1949=CARTESIAN_POINT('',(-12.4153655945037,8.62497338544868,0.));
#1950=CARTESIAN_POINT('Ctrl Pts',(-13.1054483296109,9.19784113202468,0.));
#1951=CARTESIAN_POINT('Ctrl Pts',(-12.9681765788187,9.13256336688472,0.));
#1952=CARTESIAN_POINT('Ctrl Pts',(-12.6897658690683,9.00016883692021,0.));
#1953=CARTESIAN_POINT('Ctrl Pts',(-12.5076754495182,8.75119132667492,0.));
#1954=CARTESIAN_POINT('Ctrl Pts',(-12.4153655945037,8.62497338544868,0.));
#1955=CARTESIAN_POINT('',(-12.1589520199344,7.68628535990198,0.));
#1956=CARTESIAN_POINT('Ctrl Pts',(-12.4153655945037,8.62497338544868,0.));
#1957=CARTESIAN_POINT('Ctrl Pts',(-12.3401178041366,8.48125217039315,0.));
#1958=CARTESIAN_POINT('Ctrl Pts',(-12.1862074988143,8.18728771000718,0.));
#1959=CARTESIAN_POINT('Ctrl Pts',(-12.1681705714076,7.85573811371359,0.));
#1960=CARTESIAN_POINT('Ctrl Pts',(-12.1589520199344,7.68628535990198,0.));
#1961=CARTESIAN_POINT('',(-12.5567292493002,6.58149347938074,0.));
#1962=CARTESIAN_POINT('Ctrl Pts',(-12.1589520199344,7.68628535990198,0.));
#1963=CARTESIAN_POINT('Ctrl Pts',(-12.1736205798988,7.47563601024323,0.));
#1964=CARTESIAN_POINT('Ctrl Pts',(-12.2019358934043,7.06901106615803,0.));
#1965=CARTESIAN_POINT('Ctrl Pts',(-12.4413446215467,6.7400422073623,0.));
#1966=CARTESIAN_POINT('Ctrl Pts',(-12.5567292493002,6.58149347938074,0.));
#1967=CARTESIAN_POINT('',(-13.7359797001803,6.03569154696008,0.));
#1968=CARTESIAN_POINT('Ctrl Pts',(-12.5567292493002,6.58149347938074,0.));
#1969=CARTESIAN_POINT('Ctrl Pts',(-12.7138737793242,6.44890286597119,0.));
#1970=CARTESIAN_POINT('Ctrl Pts',(-13.0557788953022,6.1604206066876,0.));
#1971=CARTESIAN_POINT('Ctrl Pts',(-13.4973571758453,6.07944798311343,0.));
#1972=CARTESIAN_POINT('Ctrl Pts',(-13.7359797001803,6.03569154696008,0.));
#1973=CARTESIAN_POINT('',(-13.0943543372804,5.53404216832301,0.));
#1974=CARTESIAN_POINT('Ctrl Pts',(-13.7359797001803,6.03569154696008,0.));
#1975=CARTESIAN_POINT('Ctrl Pts',(-13.6143223743151,5.96004663227764,0.));
#1976=CARTESIAN_POINT('Ctrl Pts',(-13.3823491164613,5.81580873148396,0.));
#1977=CARTESIAN_POINT('Ctrl Pts',(-13.1871717951962,5.62485234270407,0.));
#1978=CARTESIAN_POINT('Ctrl Pts',(-13.0943543372804,5.53404216832301,0.));
#1979=CARTESIAN_POINT('',(-12.4138237698157,4.56540116897722,0.));
#1980=CARTESIAN_POINT('Ctrl Pts',(-13.0943543372804,5.53404216832301,0.));
#1981=CARTESIAN_POINT('Ctrl Pts',(-12.9932095889902,5.40949040901798,0.));
#1982=CARTESIAN_POINT('Ctrl Pts',(-12.7439957360002,5.10260325612292,0.));
#1983=CARTESIAN_POINT('Ctrl Pts',(-12.5368803129763,4.765618748279,0.));
#1984=CARTESIAN_POINT('Ctrl Pts',(-12.4138237698157,4.56540116897722,0.));
#1985=CARTESIAN_POINT('',(-11.6913741229564,3.40175001771312,0.));
#1986=CARTESIAN_POINT('',(-16.0194660611159,10.373016719151,0.));
#1987=CARTESIAN_POINT('',(-13.1284419303588,3.40695245935138,0.));
#1988=CARTESIAN_POINT('',(-14.6211677535726,3.41235639292862,0.));
#1989=CARTESIAN_POINT('',(-13.9924897342131,4.70508211444599,0.));
#1990=CARTESIAN_POINT('',(-17.0497670492558,9.29827976948477,0.));
#1991=CARTESIAN_POINT('',(-14.6226068845848,5.58220006390735,0.));
#1992=CARTESIAN_POINT('Ctrl Pts',(-13.9924897342131,4.70508211444599,0.));
#1993=CARTESIAN_POINT('Ctrl Pts',(-14.1179325153597,4.8969157588529,0.));
#1994=CARTESIAN_POINT('Ctrl Pts',(-14.3152204646178,5.19861878199873,0.));
#1995=CARTESIAN_POINT('Ctrl Pts',(-14.5405499856287,5.47980292321914,0.));
#1996=CARTESIAN_POINT('Ctrl Pts',(-14.6226068845848,5.58220006390735,0.));
#1997=CARTESIAN_POINT('',(-14.9830069708851,5.83113806819682,0.));
#1998=CARTESIAN_POINT('Ctrl Pts',(-14.6226068845848,5.58220006390735,0.));
#1999=CARTESIAN_POINT('Ctrl Pts',(-14.6782001398671,5.63718906394071,0.));
#2000=CARTESIAN_POINT('Ctrl Pts',(-14.7837433144072,5.74158506663635,0.));
#2001=CARTESIAN_POINT('Ctrl Pts',(-14.9189963881063,5.80237045487082,0.));
#2002=CARTESIAN_POINT('Ctrl Pts',(-14.9830069708851,5.83113806819682,0.));
#2003=CARTESIAN_POINT('',(-15.5876318827139,5.90030986478992,0.));
#2004=CARTESIAN_POINT('Ctrl Pts',(-14.9830069708851,5.83113806819682,0.));
#2005=CARTESIAN_POINT('Ctrl Pts',(-15.0648126392393,5.85082516507084,0.));
#2006=CARTESIAN_POINT('Ctrl Pts',(-15.2631911253843,5.89856631251248,0.));
#2007=CARTESIAN_POINT('Ctrl Pts',(-15.4675467368026,5.89966452438521,0.));
#2008=CARTESIAN_POINT('Ctrl Pts',(-15.5876318827139,5.90030986478992,0.));
#2009=CARTESIAN_POINT('',(-16.5647996079393,5.90384738614771,0.));
#2010=CARTESIAN_POINT('',(-9.37375949819205,3.29187094198031,0.));
#2011=CARTESIAN_POINT('',(-10.7117163753375,3.76153491578678,0.));
#2012=CARTESIAN_POINT('Ctrl Pts',(-9.37375949819205,3.29187094198031,0.));
#2013=CARTESIAN_POINT('Ctrl Pts',(-9.62792109915691,3.3091320796149,0.));
#2014=CARTESIAN_POINT('Ctrl Pts',(-10.1181344383794,3.34242444119318,0.));
#2015=CARTESIAN_POINT('Ctrl Pts',(-10.5187895055733,3.62531501603193,0.));
#2016=CARTESIAN_POINT('Ctrl Pts',(-10.7117163753375,3.76153491578678,0.));
#2017=CARTESIAN_POINT('',(-11.324360766002,4.97959240220565,0.));
#2018=CARTESIAN_POINT('Ctrl Pts',(-10.7117163753375,3.76153491578678,0.));
#2019=CARTESIAN_POINT('Ctrl Pts',(-10.870007614999,3.9312446465086,0.));
#2020=CARTESIAN_POINT('Ctrl Pts',(-11.1926480679874,4.27715907938393,0.));
#2021=CARTESIAN_POINT('Ctrl Pts',(-11.279910380704,4.74253528989801,0.));
#2022=CARTESIAN_POINT('Ctrl Pts',(-11.324360766002,4.97959240220565,0.));
#2023=CARTESIAN_POINT('',(-10.2196879095414,5.10955918280391,0.));
#2024=CARTESIAN_POINT('',(-13.6435538041178,4.70673510242949,0.));
#2025=CARTESIAN_POINT('',(-9.93785893392263,4.46306763911779,0.));
#2026=CARTESIAN_POINT('Ctrl Pts',(-10.2196879095414,5.10955918280391,0.));
#2027=CARTESIAN_POINT('Ctrl Pts',(-10.198430183155,4.98042384995574,0.));
#2028=CARTESIAN_POINT('Ctrl Pts',(-10.1589093136983,4.74034452355113,0.));
#2029=CARTESIAN_POINT('Ctrl Pts',(-10.0077238417931,4.55070342606019,0.));
#2030=CARTESIAN_POINT('Ctrl Pts',(-9.93785893392263,4.46306763911779,0.));
#2031=CARTESIAN_POINT('',(-9.37845458447823,4.23776680161818,0.));
#2032=CARTESIAN_POINT('Ctrl Pts',(-9.93785893392263,4.46306763911779,0.));
#2033=CARTESIAN_POINT('Ctrl Pts',(-9.85656594156487,4.39765198832961,0.));
#2034=CARTESIAN_POINT('Ctrl Pts',(-9.69295778396179,4.2659981545433,0.));
#2035=CARTESIAN_POINT('Ctrl Pts',(-9.48372472533279,4.24721636684939,0.));
#2036=CARTESIAN_POINT('Ctrl Pts',(-9.37845458447823,4.23776680161818,0.));
#2037=CARTESIAN_POINT('',(-8.78276531096953,4.50354149072965,0.));
#2038=CARTESIAN_POINT('Ctrl Pts',(-9.37845458447823,4.23776680161818,0.));
#2039=CARTESIAN_POINT('Ctrl Pts',(-9.26509892518508,4.24878753632153,0.));
#2040=CARTESIAN_POINT('Ctrl Pts',(-9.03701026233231,4.27096291475271,0.));
#2041=CARTESIAN_POINT('Ctrl Pts',(-8.86785411884736,4.42570382409468,0.));
#2042=CARTESIAN_POINT('Ctrl Pts',(-8.78276531096953,4.50354149072965,0.));
#2043=CARTESIAN_POINT('',(-8.53860911541054,5.22526017428228,0.));
#2044=CARTESIAN_POINT('Ctrl Pts',(-8.78276531096953,4.50354149072965,0.));
#2045=CARTESIAN_POINT('Ctrl Pts',(-8.71202573507273,4.60468406107984,0.));
#2046=CARTESIAN_POINT('Ctrl Pts',(-8.56092362450331,4.82072798917216,0.));
#2047=CARTESIAN_POINT('Ctrl Pts',(-8.54635652110524,5.08481007781892,0.));
#2048=CARTESIAN_POINT('Ctrl Pts',(-8.53860911541054,5.22526017428228,0.));
#2049=CARTESIAN_POINT('',(-8.76753221890513,5.90809628780119,0.));
#2050=CARTESIAN_POINT('Ctrl Pts',(-8.53860911541054,5.22526017428228,0.));
#2051=CARTESIAN_POINT('Ctrl Pts',(-8.54507290348612,5.35819168035842,0.));
#2052=CARTESIAN_POINT('Ctrl Pts',(-8.55722893971041,5.60818753175663,0.));
#2053=CARTESIAN_POINT('Ctrl Pts',(-8.70046143346452,5.81244815570621,0.));
#2054=CARTESIAN_POINT('Ctrl Pts',(-8.76753221890513,5.90809628780119,0.));
#2055=CARTESIAN_POINT('',(-9.33089333977164,6.16182874617413,0.));
#2056=CARTESIAN_POINT('Ctrl Pts',(-8.76753221890513,5.90809628780119,0.));
#2057=CARTESIAN_POINT('Ctrl Pts',(-8.84819841376811,5.9817975489486,0.));
#2058=CARTESIAN_POINT('Ctrl Pts',(-9.0083140658547,6.12808838996652,0.));
#2059=CARTESIAN_POINT('Ctrl Pts',(-9.22391303576126,6.15063908255848,0.));
#2060=CARTESIAN_POINT('Ctrl Pts',(-9.33089333977164,6.16182874617413,0.));
#2061=CARTESIAN_POINT('',(-9.85487897541912,6.07847496971662,0.));
#2062=CARTESIAN_POINT('Ctrl Pts',(-9.33089333977164,6.16182874617413,0.));
#2063=CARTESIAN_POINT('Ctrl Pts',(-9.41146309294443,6.15742853172797,0.));
#2064=CARTESIAN_POINT('Ctrl Pts',(-9.58888949773806,6.14773861462188,0.));
#2065=CARTESIAN_POINT('Ctrl Pts',(-9.7609510073144,6.10293380728492,0.));
#2066=CARTESIAN_POINT('Ctrl Pts',(-9.85487897541912,6.07847496971662,0.));
#2067=CARTESIAN_POINT('',(-9.72566870854478,7.00764786832421,0.));
#2068=CARTESIAN_POINT('',(-9.14832538928854,11.1594213954757,0.));
#2069=CARTESIAN_POINT('',(-9.01858613416306,7.206036347199,0.));
#2070=CARTESIAN_POINT('Ctrl Pts',(-9.72566870854478,7.00764786832421,0.));
#2071=CARTESIAN_POINT('Ctrl Pts',(-9.58557820331153,7.00842819787272,0.));
#2072=CARTESIAN_POINT('Ctrl Pts',(-9.33041929872937,7.00984947929704,0.));
#2073=CARTESIAN_POINT('Ctrl Pts',(-9.11550535846002,7.14506053957202,0.));
#2074=CARTESIAN_POINT('Ctrl Pts',(-9.01858613416306,7.206036347199,0.));
#2075=CARTESIAN_POINT('',(-8.77296502293395,7.7714566820671,0.));
#2076=CARTESIAN_POINT('Ctrl Pts',(-9.01858613416306,7.206036347199,0.));
#2077=CARTESIAN_POINT('Ctrl Pts',(-8.9472736522488,7.28406377717667,0.));
#2078=CARTESIAN_POINT('Ctrl Pts',(-8.80098964431356,7.44412222528596,0.));
#2079=CARTESIAN_POINT('Ctrl Pts',(-8.78246105041594,7.66054075013392,0.));
#2080=CARTESIAN_POINT('Ctrl Pts',(-8.77296502293395,7.7714566820671,0.));
#2081=CARTESIAN_POINT('',(-8.94984932809051,8.25112601451486,0.));
#2082=CARTESIAN_POINT('Ctrl Pts',(-8.77296502293395,7.7714566820671,0.));
#2083=CARTESIAN_POINT('Ctrl Pts',(-8.7785142258651,7.86492145628464,0.));
#2084=CARTESIAN_POINT('Ctrl Pts',(-8.78909909025198,8.04320146736336,0.));
#2085=CARTESIAN_POINT('Ctrl Pts',(-8.89802752741366,8.18409641267296,0.));
#2086=CARTESIAN_POINT('Ctrl Pts',(-8.94984932809051,8.25112601451486,0.));
#2087=CARTESIAN_POINT('',(-9.42416575242613,8.43146421619615,0.));
#2088=CARTESIAN_POINT('Ctrl Pts',(-8.94984932809051,8.25112601451486,0.));
#2089=CARTESIAN_POINT('Ctrl Pts',(-9.01614439185118,8.30343521672341,0.));
#2090=CARTESIAN_POINT('Ctrl Pts',(-9.15494309534496,8.41295241205413,0.));
#2091=CARTESIAN_POINT('Ctrl Pts',(-9.33178806158319,8.42511230756217,0.));
#2092=CARTESIAN_POINT('Ctrl Pts',(-9.42416575242613,8.43146421619615,0.));
#2093=CARTESIAN_POINT('',(-9.92422089636786,8.23029581558858,0.));
#2094=CARTESIAN_POINT('Ctrl Pts',(-9.42416575242613,8.43146421619615,0.));
#2095=CARTESIAN_POINT('Ctrl Pts',(-9.51799387299619,8.42342307442824,0.));
#2096=CARTESIAN_POINT('Ctrl Pts',(-9.7052272342744,8.40737703202032,0.));
#2097=CARTESIAN_POINT('Ctrl Pts',(-9.85133300576187,8.28923394287623,0.));
#2098=CARTESIAN_POINT('Ctrl Pts',(-9.92422089636786,8.23029581558858,0.));
#2099=CARTESIAN_POINT('',(-10.1780562269144,7.6385183665326,0.));
#2100=CARTESIAN_POINT('Ctrl Pts',(-9.92422089636786,8.23029581558858,0.));
#2101=CARTESIAN_POINT('Ctrl Pts',(-9.98718935301803,8.15048124370131,0.));
#2102=CARTESIAN_POINT('Ctrl Pts',(-10.1243345748672,7.97664520339477,0.));
#2103=CARTESIAN_POINT('Ctrl Pts',(-10.1591992285222,7.75720528281496,0.));
#2104=CARTESIAN_POINT('Ctrl Pts',(-10.1780562269144,7.6385183665326,0.));
#2105=CARTESIAN_POINT('',(-11.2288238720083,7.82094312636756,0.));
#2106=CARTESIAN_POINT('',(-14.5628962611186,8.39977457183091,0.));
#2107=CARTESIAN_POINT('',(-10.894850238979,8.68239209648293,0.));
#2108=CARTESIAN_POINT('Ctrl Pts',(-11.2288238720083,7.82094312636756,0.));
#2109=CARTESIAN_POINT('Ctrl Pts',(-11.1907936779761,7.98598866420925,0.));
#2110=CARTESIAN_POINT('Ctrl Pts',(-11.1208371794631,8.28958974267915,0.));
#2111=CARTESIAN_POINT('Ctrl Pts',(-10.9656661927864,8.55930235827585,0.));
#2112=CARTESIAN_POINT('Ctrl Pts',(-10.894850238979,8.68239209648293,0.));
#2113=CARTESIAN_POINT('',(-10.2759673301462,9.18759731036559,0.));
#2114=CARTESIAN_POINT('Ctrl Pts',(-10.894850238979,8.68239209648293,0.));
#2115=CARTESIAN_POINT('Ctrl Pts',(-10.8116418901182,8.78475073590003,0.));
#2116=CARTESIAN_POINT('Ctrl Pts',(-10.640259291369,8.99557681126283,0.));
#2117=CARTESIAN_POINT('Ctrl Pts',(-10.3997212229439,9.12236588395377,0.));
#2118=CARTESIAN_POINT('Ctrl Pts',(-10.2759673301462,9.18759731036559,0.));
#2119=CARTESIAN_POINT('',(-9.38829496438715,9.369094418272,0.));
#2120=CARTESIAN_POINT('Ctrl Pts',(-10.2759673301462,9.18759731036559,0.));
#2121=CARTESIAN_POINT('Ctrl Pts',(-10.137515049805,9.24095622954049,0.));
#2122=CARTESIAN_POINT('Ctrl Pts',(-9.85193192439915,9.35101874977268,0.));
#2123=CARTESIAN_POINT('Ctrl Pts',(-9.54594020439544,9.36294835282715,0.));
#2124=CARTESIAN_POINT('Ctrl Pts',(-9.38829496438715,9.369094418272,0.));
#2125=CARTESIAN_POINT('',(-8.0424765754479,8.82835933880319,0.));
#2126=CARTESIAN_POINT('Ctrl Pts',(-9.38829496438715,9.369094418272,0.));
#2127=CARTESIAN_POINT('Ctrl Pts',(-9.12550623106276,9.34928072659894,0.));
#2128=CARTESIAN_POINT('Ctrl Pts',(-8.61853593566327,9.31105628298077,0.));
#2129=CARTESIAN_POINT('Ctrl Pts',(-8.22973974071289,8.98527260829097,0.));
#2130=CARTESIAN_POINT('Ctrl Pts',(-8.0424765754479,8.82835933880319,0.));
#2131=CARTESIAN_POINT('',(-7.62793203973215,7.83632425466059,0.));
#2132=CARTESIAN_POINT('Ctrl Pts',(-8.0424765754479,8.82835933880319,0.));
#2133=CARTESIAN_POINT('Ctrl Pts',(-7.9210830755414,8.67954170528288,0.));
#2134=CARTESIAN_POINT('Ctrl Pts',(-7.68442310797762,8.38941763480987,0.));
#2135=CARTESIAN_POINT('Ctrl Pts',(-7.6464345596885,8.0174789331217,0.));
#2136=CARTESIAN_POINT('Ctrl Pts',(-7.62793203973215,7.83632425466059,0.));
#2137=CARTESIAN_POINT('',(-8.48901629348125,6.58909508355283,0.));
#2138=CARTESIAN_POINT('Ctrl Pts',(-7.62793203973215,7.83632425466059,0.));
#2139=CARTESIAN_POINT('Ctrl Pts',(-7.67328357727172,7.58402925709005,0.));
#2140=CARTESIAN_POINT('Ctrl Pts',(-7.77057497122866,7.04278780567092,0.));
#2141=CARTESIAN_POINT('Ctrl Pts',(-8.23896317773965,6.74700259143283,0.));
#2142=CARTESIAN_POINT('Ctrl Pts',(-8.48901629348125,6.58909508355283,0.));
#2143=CARTESIAN_POINT('',(-7.67280243338097,6.09493276332406,0.));
#2144=CARTESIAN_POINT('Ctrl Pts',(-8.48901629348125,6.58909508355283,0.));
#2145=CARTESIAN_POINT('Ctrl Pts',(-8.32819486401982,6.54183336742106,0.));
#2146=CARTESIAN_POINT('Ctrl Pts',(-8.01228634594229,6.4489951259318,0.));
#2147=CARTESIAN_POINT('Ctrl Pts',(-7.78458600605745,6.21151665545598,0.));
#2148=CARTESIAN_POINT('Ctrl Pts',(-7.67280243338097,6.09493276332406,0.));
#2149=CARTESIAN_POINT('',(-7.36964563834522,5.17231371876824,0.));
#2150=CARTESIAN_POINT('Ctrl Pts',(-7.67280243338097,6.09493276332406,0.));
#2151=CARTESIAN_POINT('Ctrl Pts',(-7.58391932214495,5.95852573527238,0.));
#2152=CARTESIAN_POINT('Ctrl Pts',(-7.40127246458856,5.67822147188892,0.));
#2153=CARTESIAN_POINT('Ctrl Pts',(-7.38037406074004,5.34392727324049,0.));
#2154=CARTESIAN_POINT('Ctrl Pts',(-7.36964563834522,5.17231371876824,0.));
#2155=CARTESIAN_POINT('',(-7.94687165370183,3.83880593434542,0.));
#2156=CARTESIAN_POINT('Ctrl Pts',(-7.36964563834522,5.17231371876824,0.));
#2157=CARTESIAN_POINT('Ctrl Pts',(-7.3948065918581,4.92049698623142,0.));
#2158=CARTESIAN_POINT('Ctrl Pts',(-7.44534136500151,4.41473310705443,0.));
#2159=CARTESIAN_POINT('Ctrl Pts',(-7.77922608658363,4.03132000510631,0.));
#2160=CARTESIAN_POINT('Ctrl Pts',(-7.94687165370183,3.83880593434542,0.));
#2161=CARTESIAN_POINT('Ctrl Pts',(-7.94687165370183,3.83880593434542,0.));
#2162=CARTESIAN_POINT('Ctrl Pts',(-8.15258353759676,3.67853823549678,0.));
#2163=CARTESIAN_POINT('Ctrl Pts',(-8.57214951759152,3.35165933644746,0.));
#2164=CARTESIAN_POINT('Ctrl Pts',(-9.10312144250729,3.31205658739727,0.));
#2165=CARTESIAN_POINT('Ctrl Pts',(-9.37375949819205,3.29187094198031,0.));
#2166=CARTESIAN_POINT('',(-6.65502777474457,6.33076272749425,0.));
#2167=CARTESIAN_POINT('',(-6.06169894728539,8.7481163736486,0.));
#2168=CARTESIAN_POINT('Ctrl Pts',(-6.65502777474457,6.33076272749425,0.));
#2169=CARTESIAN_POINT('Ctrl Pts',(-6.64773626474866,6.82405015142201,0.));
#2170=CARTESIAN_POINT('Ctrl Pts',(-6.63508170115234,7.68016048808204,0.));
#2171=CARTESIAN_POINT('Ctrl Pts',(-6.2323698195191,8.43023279367078,0.));
#2172=CARTESIAN_POINT('Ctrl Pts',(-6.06169894728539,8.7481163736486,0.));
#2173=CARTESIAN_POINT('',(-4.71173623927887,9.35216444203153,0.));
#2174=CARTESIAN_POINT('Ctrl Pts',(-6.06169894728539,8.7481163736486,0.));
#2175=CARTESIAN_POINT('Ctrl Pts',(-5.87989972105532,8.92501700296264,0.));
#2176=CARTESIAN_POINT('Ctrl Pts',(-5.50466677220365,9.29013926540405,0.));
#2177=CARTESIAN_POINT('Ctrl Pts',(-4.98145400622062,9.33106638685585,0.));
#2178=CARTESIAN_POINT('Ctrl Pts',(-4.71173623927887,9.35216444203153,0.));
#2179=CARTESIAN_POINT('',(-3.36215153058088,8.73022472890617,0.));
#2180=CARTESIAN_POINT('Ctrl Pts',(-4.71173623927887,9.35216444203153,0.));
#2181=CARTESIAN_POINT('Ctrl Pts',(-4.44172809040753,9.32845006263072,0.));
#2182=CARTESIAN_POINT('Ctrl Pts',(-3.91628175305693,9.28230095990629,0.));
#2183=CARTESIAN_POINT('Ctrl Pts',(-3.54341523286832,8.91081654201613,0.));
#2184=CARTESIAN_POINT('Ctrl Pts',(-3.36215153058088,8.73022472890617,0.));
#2185=CARTESIAN_POINT('',(-2.7904154672686,6.30459334317656,0.));
#2186=CARTESIAN_POINT('Ctrl Pts',(-3.36215153058088,8.73022472890617,0.));
#2187=CARTESIAN_POINT('Ctrl Pts',(-3.19501095418875,8.41204360409541,0.));
#2188=CARTESIAN_POINT('Ctrl Pts',(-2.79867571193153,7.65755061438783,0.));
#2189=CARTESIAN_POINT('Ctrl Pts',(-2.79344202761512,6.8003179850819,0.));
#2190=CARTESIAN_POINT('Ctrl Pts',(-2.7904154672686,6.30459334317656,0.));
#2191=CARTESIAN_POINT('',(-3.38377368693152,3.87912070353646,0.));
#2192=CARTESIAN_POINT('Ctrl Pts',(-2.7904154672686,6.30459334317656,0.));
#2193=CARTESIAN_POINT('Ctrl Pts',(-2.79753040387364,5.80925398339834,0.));
#2194=CARTESIAN_POINT('Ctrl Pts',(-2.8098658129194,4.95046718619686,0.));
#2195=CARTESIAN_POINT('Ctrl Pts',(-3.21311462648491,4.1976996818408,0.));
#2196=CARTESIAN_POINT('Ctrl Pts',(-3.38377368693152,3.87912070353646,0.));
#2197=CARTESIAN_POINT('',(-4.73373639278026,3.27507323119607,0.));
#2198=CARTESIAN_POINT('Ctrl Pts',(-3.38377368693152,3.87912070353646,0.));
#2199=CARTESIAN_POINT('Ctrl Pts',(-3.56557252803669,3.7022202512847,0.));
#2200=CARTESIAN_POINT('Ctrl Pts',(-3.94080528156918,3.33709777087698,0.));
#2201=CARTESIAN_POINT('Ctrl Pts',(-4.46401816185842,3.2961710906191,0.));
#2202=CARTESIAN_POINT('Ctrl Pts',(-4.73373639278026,3.27507323119607,0.));
#2203=CARTESIAN_POINT('',(-6.13185076588603,3.947932781156,0.));
#2204=CARTESIAN_POINT('Ctrl Pts',(-4.73373639278026,3.27507323119607,0.));
#2205=CARTESIAN_POINT('Ctrl Pts',(-5.00872014529785,3.30332235809959,0.));
#2206=CARTESIAN_POINT('Ctrl Pts',(-5.55590045757718,3.35953428312849,0.));
#2207=CARTESIAN_POINT('Ctrl Pts',(-5.94052038073023,3.75246711401665,0.));
#2208=CARTESIAN_POINT('Ctrl Pts',(-6.13185076588603,3.947932781156,0.));
#2209=CARTESIAN_POINT('Ctrl Pts',(-6.13185076588603,3.947932781156,0.));
#2210=CARTESIAN_POINT('Ctrl Pts',(-6.2846276684596,4.25288830939478,0.));
#2211=CARTESIAN_POINT('Ctrl Pts',(-6.65768406465397,4.99754020669013,0.));
#2212=CARTESIAN_POINT('Ctrl Pts',(-6.65601393824183,5.83579590211298,0.));
#2213=CARTESIAN_POINT('Ctrl Pts',(-6.65502777474457,6.33076272749425,0.));
#2214=CARTESIAN_POINT('Origin',(-34.5,0.5,0.));
#2215=CARTESIAN_POINT('',(-35.,1.,-2.));
#2216=CARTESIAN_POINT('',(-34.,0.,-2.));
#2217=CARTESIAN_POINT('',(-34.5,0.499999999999995,-2.));
#2218=CARTESIAN_POINT('',(-34.,0.,0.));
#2219=CARTESIAN_POINT('',(-35.,1.,0.));
#2220=CARTESIAN_POINT('Origin',(0.,0.,0.));
#2221=CARTESIAN_POINT('',(-1.,0.,-2.));
#2222=CARTESIAN_POINT('',(0.,0.,-2.));
#2223=CARTESIAN_POINT('',(-1.,0.,0.));
#2224=CARTESIAN_POINT('Origin',(-0.5,0.5,0.));
#2225=CARTESIAN_POINT('',(-0.499999999999997,0.500000000000005,-2.));
#2226=CARTESIAN_POINT('Ctrl Pts',(-4.08424940444822,7.74839344529371,0.));
#2227=CARTESIAN_POINT('Ctrl Pts',(-4.08424940444822,7.74839344529371,-0.4));
#2228=CARTESIAN_POINT('Ctrl Pts',(-4.11493504219555,7.86210755651492,0.));
#2229=CARTESIAN_POINT('Ctrl Pts',(-4.11493504219555,7.86210755651492,-0.4));
#2230=CARTESIAN_POINT('Ctrl Pts',(-4.16727643642709,8.05607305836071,0.));
#2231=CARTESIAN_POINT('Ctrl Pts',(-4.16727643642709,8.05607305836071,-0.4));
#2232=CARTESIAN_POINT('Ctrl Pts',(-4.29528812772937,8.20953848937542,0.));
#2233=CARTESIAN_POINT('Ctrl Pts',(-4.29528812772937,8.20953848937542,-0.4));
#2234=CARTESIAN_POINT('Ctrl Pts',(-4.3482517534538,8.27303335900187,0.));
#2235=CARTESIAN_POINT('Ctrl Pts',(-4.3482517534538,8.27303335900187,-0.4));
#2236=CARTESIAN_POINT('',(-4.08424940444822,7.74839344529371,0.));
#2237=CARTESIAN_POINT('',(-4.3482517534538,8.27303335900187,0.));
#2238=CARTESIAN_POINT('Ctrl Pts',(-4.08424940444822,7.74839344529371,0.));
#2239=CARTESIAN_POINT('Ctrl Pts',(-4.11493504219555,7.86210755651492,0.));
#2240=CARTESIAN_POINT('Ctrl Pts',(-4.16727643642709,8.05607305836071,0.));
#2241=CARTESIAN_POINT('Ctrl Pts',(-4.29528812772937,8.20953848937542,0.));
#2242=CARTESIAN_POINT('Ctrl Pts',(-4.3482517534538,8.27303335900187,0.));
#2243=CARTESIAN_POINT('',(-4.08424940444822,7.74839344529371,-0.4));
#2244=CARTESIAN_POINT('',(-4.08424940444822,7.74839344529371,0.));
#2245=CARTESIAN_POINT('',(-4.3482517534538,8.27303335900187,-0.4));
#2246=CARTESIAN_POINT('Ctrl Pts',(-4.08424940444822,7.74839344529371,-0.4));
#2247=CARTESIAN_POINT('Ctrl Pts',(-4.11493504219555,7.86210755651492,-0.4));
#2248=CARTESIAN_POINT('Ctrl Pts',(-4.16727643642709,8.05607305836071,-0.4));
#2249=CARTESIAN_POINT('Ctrl Pts',(-4.29528812772937,8.20953848937542,-0.4));
#2250=CARTESIAN_POINT('Ctrl Pts',(-4.3482517534538,8.27303335900187,-0.4));
#2251=CARTESIAN_POINT('',(-4.3482517534538,8.27303335900187,0.));
#2252=CARTESIAN_POINT('Ctrl Pts',(-3.98391197999228,6.30891401330843,0.));
#2253=CARTESIAN_POINT('Ctrl Pts',(-3.98391197999228,6.30891401330843,-0.4));
#2254=CARTESIAN_POINT('Ctrl Pts',(-3.98162094041417,6.60425391081554,0.));
#2255=CARTESIAN_POINT('Ctrl Pts',(-3.98162094041417,6.60425391081554,-0.4));
#2256=CARTESIAN_POINT('Ctrl Pts',(-3.97787505355694,7.08713943189552,0.));
#2257=CARTESIAN_POINT('Ctrl Pts',(-3.97787505355694,7.08713943189552,-0.4));
#2258=CARTESIAN_POINT('Ctrl Pts',(-4.05449236805577,7.56341502167492,0.));
#2259=CARTESIAN_POINT('Ctrl Pts',(-4.05449236805577,7.56341502167492,-0.4));
#2260=CARTESIAN_POINT('Ctrl Pts',(-4.08424940444822,7.74839344529371,0.));
#2261=CARTESIAN_POINT('Ctrl Pts',(-4.08424940444822,7.74839344529371,-0.4));
#2262=CARTESIAN_POINT('',(-3.98391197999228,6.30891401330843,0.));
#2263=CARTESIAN_POINT('Ctrl Pts',(-3.98391197999228,6.30891401330843,0.));
#2264=CARTESIAN_POINT('Ctrl Pts',(-3.98162094041417,6.60425391081554,0.));
#2265=CARTESIAN_POINT('Ctrl Pts',(-3.97787505355694,7.08713943189552,0.));
#2266=CARTESIAN_POINT('Ctrl Pts',(-4.05449236805577,7.56341502167492,0.));
#2267=CARTESIAN_POINT('Ctrl Pts',(-4.08424940444822,7.74839344529371,0.));
#2268=CARTESIAN_POINT('',(-3.98391197999228,6.30891401330843,-0.4));
#2269=CARTESIAN_POINT('',(-3.98391197999228,6.30891401330843,0.));
#2270=CARTESIAN_POINT('Ctrl Pts',(-3.98391197999228,6.30891401330843,-0.4));
#2271=CARTESIAN_POINT('Ctrl Pts',(-3.98162094041417,6.60425391081554,-0.4));
#2272=CARTESIAN_POINT('Ctrl Pts',(-3.97787505355694,7.08713943189552,-0.4));
#2273=CARTESIAN_POINT('Ctrl Pts',(-4.05449236805577,7.56341502167492,-0.4));
#2274=CARTESIAN_POINT('Ctrl Pts',(-4.08424940444822,7.74839344529371,-0.4));
#2275=CARTESIAN_POINT('Ctrl Pts',(-4.10701632832798,4.82355873050638,0.));
#2276=CARTESIAN_POINT('Ctrl Pts',(-4.10701632832798,4.82355873050638,-0.4));
#2277=CARTESIAN_POINT('Ctrl Pts',(-4.0722951020347,5.01990588915033,0.));
#2278=CARTESIAN_POINT('Ctrl Pts',(-4.0722951020347,5.01990588915033,-0.4));
#2279=CARTESIAN_POINT('Ctrl Pts',(-3.98550522022922,5.51069923117139,0.));
#2280=CARTESIAN_POINT('Ctrl Pts',(-3.98550522022922,5.51069923117139,-0.4));
#2281=CARTESIAN_POINT('Ctrl Pts',(-3.98450940726357,6.00960241663827,0.));
#2282=CARTESIAN_POINT('Ctrl Pts',(-3.98450940726357,6.00960241663827,-0.4));
#2283=CARTESIAN_POINT('Ctrl Pts',(-3.98391197999228,6.30891401330843,0.));
#2284=CARTESIAN_POINT('Ctrl Pts',(-3.98391197999228,6.30891401330843,-0.4));
#2285=CARTESIAN_POINT('',(-4.10701632832798,4.82355873050638,0.));
#2286=CARTESIAN_POINT('Ctrl Pts',(-4.10701632832798,4.82355873050638,0.));
#2287=CARTESIAN_POINT('Ctrl Pts',(-4.0722951020347,5.01990588915033,0.));
#2288=CARTESIAN_POINT('Ctrl Pts',(-3.98550522022922,5.51069923117139,0.));
#2289=CARTESIAN_POINT('Ctrl Pts',(-3.98450940726357,6.00960241663827,0.));
#2290=CARTESIAN_POINT('Ctrl Pts',(-3.98391197999228,6.30891401330843,0.));
#2291=CARTESIAN_POINT('',(-4.10701632832798,4.82355873050638,-0.4));
#2292=CARTESIAN_POINT('',(-4.10701632832798,4.82355873050638,0.));
#2293=CARTESIAN_POINT('Ctrl Pts',(-4.10701632832798,4.82355873050638,-0.4));
#2294=CARTESIAN_POINT('Ctrl Pts',(-4.0722951020347,5.01990588915033,-0.4));
#2295=CARTESIAN_POINT('Ctrl Pts',(-3.98550522022922,5.51069923117139,-0.4));
#2296=CARTESIAN_POINT('Ctrl Pts',(-3.98450940726357,6.00960241663827,-0.4));
#2297=CARTESIAN_POINT('Ctrl Pts',(-3.98391197999228,6.30891401330843,-0.4));
#2298=CARTESIAN_POINT('Ctrl Pts',(-4.36041812413922,4.35153636085983,0.));
#2299=CARTESIAN_POINT('Ctrl Pts',(-4.36041812413922,4.35153636085983,-0.4));
#2300=CARTESIAN_POINT('Ctrl Pts',(-4.30767570305772,4.41023218994146,0.));
#2301=CARTESIAN_POINT('Ctrl Pts',(-4.30767570305772,4.41023218994146,-0.4));
#2302=CARTESIAN_POINT('Ctrl Pts',(-4.185447225028,4.54625745590822,0.));
#2303=CARTESIAN_POINT('Ctrl Pts',(-4.185447225028,4.54625745590822,-0.4));
#2304=CARTESIAN_POINT('Ctrl Pts',(-4.13544324835898,4.72305215096737,0.));
#2305=CARTESIAN_POINT('Ctrl Pts',(-4.13544324835898,4.72305215096737,-0.4));
#2306=CARTESIAN_POINT('Ctrl Pts',(-4.10701632832798,4.82355873050638,0.));
#2307=CARTESIAN_POINT('Ctrl Pts',(-4.10701632832798,4.82355873050638,-0.4));
#2308=CARTESIAN_POINT('',(-4.36041812413922,4.35153636085983,0.));
#2309=CARTESIAN_POINT('Ctrl Pts',(-4.36041812413922,4.35153636085983,0.));
#2310=CARTESIAN_POINT('Ctrl Pts',(-4.30767570305772,4.41023218994146,0.));
#2311=CARTESIAN_POINT('Ctrl Pts',(-4.185447225028,4.54625745590822,0.));
#2312=CARTESIAN_POINT('Ctrl Pts',(-4.13544324835898,4.72305215096737,0.));
#2313=CARTESIAN_POINT('Ctrl Pts',(-4.10701632832798,4.82355873050638,0.));
#2314=CARTESIAN_POINT('',(-4.36041812413922,4.35153636085983,-0.4));
#2315=CARTESIAN_POINT('',(-4.36041812413922,4.35153636085983,0.));
#2316=CARTESIAN_POINT('Ctrl Pts',(-4.36041812413922,4.35153636085983,-0.4));
#2317=CARTESIAN_POINT('Ctrl Pts',(-4.30767570305772,4.41023218994146,-0.4));
#2318=CARTESIAN_POINT('Ctrl Pts',(-4.185447225028,4.54625745590822,-0.4));
#2319=CARTESIAN_POINT('Ctrl Pts',(-4.13544324835898,4.72305215096737,-0.4));
#2320=CARTESIAN_POINT('Ctrl Pts',(-4.10701632832798,4.82355873050638,-0.4));
#2321=CARTESIAN_POINT('Ctrl Pts',(-4.73031218755942,4.22093969755133,0.));
#2322=CARTESIAN_POINT('Ctrl Pts',(-4.73031218755942,4.22093969755133,-0.4));
#2323=CARTESIAN_POINT('Ctrl Pts',(-4.66306338885189,4.2262564168965,0.));
#2324=CARTESIAN_POINT('Ctrl Pts',(-4.66306338885189,4.2262564168965,-0.4));
#2325=CARTESIAN_POINT('Ctrl Pts',(-4.52817952758783,4.23692039377516,0.));
#2326=CARTESIAN_POINT('Ctrl Pts',(-4.52817952758783,4.23692039377516,-0.4));
#2327=CARTESIAN_POINT('Ctrl Pts',(-4.41644524892717,4.3132581695802,0.));
#2328=CARTESIAN_POINT('Ctrl Pts',(-4.41644524892717,4.3132581695802,-0.4));
#2329=CARTESIAN_POINT('Ctrl Pts',(-4.36041812413922,4.35153636085983,0.));
#2330=CARTESIAN_POINT('Ctrl Pts',(-4.36041812413922,4.35153636085983,-0.4));
#2331=CARTESIAN_POINT('',(-4.73031218755942,4.22093969755133,0.));
#2332=CARTESIAN_POINT('Ctrl Pts',(-4.73031218755942,4.22093969755133,0.));
#2333=CARTESIAN_POINT('Ctrl Pts',(-4.66306338885189,4.2262564168965,0.));
#2334=CARTESIAN_POINT('Ctrl Pts',(-4.52817952758783,4.23692039377516,0.));
#2335=CARTESIAN_POINT('Ctrl Pts',(-4.41644524892717,4.3132581695802,0.));
#2336=CARTESIAN_POINT('Ctrl Pts',(-4.36041812413922,4.35153636085983,0.));
#2337=CARTESIAN_POINT('',(-4.73031218755942,4.22093969755133,-0.4));
#2338=CARTESIAN_POINT('',(-4.73031218755942,4.22093969755133,0.));
#2339=CARTESIAN_POINT('Ctrl Pts',(-4.73031218755942,4.22093969755133,-0.4));
#2340=CARTESIAN_POINT('Ctrl Pts',(-4.66306338885189,4.2262564168965,-0.4));
#2341=CARTESIAN_POINT('Ctrl Pts',(-4.52817952758783,4.23692039377516,-0.4));
#2342=CARTESIAN_POINT('Ctrl Pts',(-4.41644524892717,4.3132581695802,-0.4));
#2343=CARTESIAN_POINT('Ctrl Pts',(-4.36041812413922,4.35153636085983,-0.4));
#2344=CARTESIAN_POINT('Ctrl Pts',(-5.09722823016265,4.35217359728516,0.));
#2345=CARTESIAN_POINT('Ctrl Pts',(-5.09722823016265,4.35217359728516,-0.4));
#2346=CARTESIAN_POINT('Ctrl Pts',(-5.04193931673788,4.31408431709607,0.));
#2347=CARTESIAN_POINT('Ctrl Pts',(-5.04193931673788,4.31408431709607,-0.4));
#2348=CARTESIAN_POINT('Ctrl Pts',(-4.9312642055519,4.23783873622283,0.));
#2349=CARTESIAN_POINT('Ctrl Pts',(-4.9312642055519,4.23783873622283,-0.4));
#2350=CARTESIAN_POINT('Ctrl Pts',(-4.79733543505524,4.22657601045147,0.));
#2351=CARTESIAN_POINT('Ctrl Pts',(-4.79733543505524,4.22657601045147,-0.4));
#2352=CARTESIAN_POINT('Ctrl Pts',(-4.73031218755942,4.22093969755133,0.));
#2353=CARTESIAN_POINT('Ctrl Pts',(-4.73031218755942,4.22093969755133,-0.4));
#2354=CARTESIAN_POINT('',(-5.09722823016265,4.35217359728516,0.));
#2355=CARTESIAN_POINT('Ctrl Pts',(-5.09722823016265,4.35217359728516,0.));
#2356=CARTESIAN_POINT('Ctrl Pts',(-5.04193931673788,4.31408431709607,0.));
#2357=CARTESIAN_POINT('Ctrl Pts',(-4.9312642055519,4.23783873622283,0.));
#2358=CARTESIAN_POINT('Ctrl Pts',(-4.79733543505524,4.22657601045147,0.));
#2359=CARTESIAN_POINT('Ctrl Pts',(-4.73031218755942,4.22093969755133,0.));
#2360=CARTESIAN_POINT('',(-5.09722823016265,4.35217359728516,-0.4));
#2361=CARTESIAN_POINT('',(-5.09722823016265,4.35217359728516,0.));
#2362=CARTESIAN_POINT('Ctrl Pts',(-5.09722823016265,4.35217359728516,-0.4));
#2363=CARTESIAN_POINT('Ctrl Pts',(-5.04193931673788,4.31408431709607,-0.4));
#2364=CARTESIAN_POINT('Ctrl Pts',(-4.9312642055519,4.23783873622283,-0.4));
#2365=CARTESIAN_POINT('Ctrl Pts',(-4.79733543505524,4.22657601045147,-0.4));
#2366=CARTESIAN_POINT('Ctrl Pts',(-4.73031218755942,4.22093969755133,-0.4));
#2367=CARTESIAN_POINT('Ctrl Pts',(-5.36123792533111,4.87478428415912,0.));
#2368=CARTESIAN_POINT('Ctrl Pts',(-5.36123792533111,4.87478428415912,-0.4));
#2369=CARTESIAN_POINT('Ctrl Pts',(-5.33063777458968,4.76116904972778,0.));
#2370=CARTESIAN_POINT('Ctrl Pts',(-5.33063777458968,4.76116904972778,-0.4));
#2371=CARTESIAN_POINT('Ctrl Pts',(-5.27852007496344,4.56766135392946,0.));
#2372=CARTESIAN_POINT('Ctrl Pts',(-5.27852007496344,4.56766135392946,-0.4));
#2373=CARTESIAN_POINT('Ctrl Pts',(-5.1502049799095,4.41514300978024,0.));
#2374=CARTESIAN_POINT('Ctrl Pts',(-5.1502049799095,4.41514300978024,-0.4));
#2375=CARTESIAN_POINT('Ctrl Pts',(-5.09722823016265,4.35217359728516,0.));
#2376=CARTESIAN_POINT('Ctrl Pts',(-5.09722823016265,4.35217359728516,-0.4));
#2377=CARTESIAN_POINT('',(-5.36123792533111,4.87478428415912,0.));
#2378=CARTESIAN_POINT('Ctrl Pts',(-5.36123792533111,4.87478428415912,0.));
#2379=CARTESIAN_POINT('Ctrl Pts',(-5.33063777458968,4.76116904972778,0.));
#2380=CARTESIAN_POINT('Ctrl Pts',(-5.27852007496344,4.56766135392946,0.));
#2381=CARTESIAN_POINT('Ctrl Pts',(-5.1502049799095,4.41514300978024,0.));
#2382=CARTESIAN_POINT('Ctrl Pts',(-5.09722823016265,4.35217359728516,0.));
#2383=CARTESIAN_POINT('',(-5.36123792533111,4.87478428415912,-0.4));
#2384=CARTESIAN_POINT('',(-5.36123792533111,4.87478428415912,0.));
#2385=CARTESIAN_POINT('Ctrl Pts',(-5.36123792533111,4.87478428415912,-0.4));
#2386=CARTESIAN_POINT('Ctrl Pts',(-5.33063777458968,4.76116904972778,-0.4));
#2387=CARTESIAN_POINT('Ctrl Pts',(-5.27852007496344,4.56766135392946,-0.4));
#2388=CARTESIAN_POINT('Ctrl Pts',(-5.1502049799095,4.41514300978024,-0.4));
#2389=CARTESIAN_POINT('Ctrl Pts',(-5.09722823016265,4.35217359728516,-0.4));
#2390=CARTESIAN_POINT('Ctrl Pts',(-5.46157535086594,6.31426341812313,0.));
#2391=CARTESIAN_POINT('Ctrl Pts',(-5.46157535086594,6.31426341812313,-0.4));
#2392=CARTESIAN_POINT('Ctrl Pts',(-5.46386638448879,6.0189236203659,0.));
#2393=CARTESIAN_POINT('Ctrl Pts',(-5.46386638448879,6.0189236203659,-0.4));
#2394=CARTESIAN_POINT('Ctrl Pts',(-5.4676122620994,5.53603819916884,0.));
#2395=CARTESIAN_POINT('Ctrl Pts',(-5.4676122620994,5.53603819916884,-0.4));
#2396=CARTESIAN_POINT('Ctrl Pts',(-5.3909949621909,5.05976270771899,0.));
#2397=CARTESIAN_POINT('Ctrl Pts',(-5.3909949621909,5.05976270771899,-0.4));
#2398=CARTESIAN_POINT('Ctrl Pts',(-5.36123792533111,4.87478428415912,0.));
#2399=CARTESIAN_POINT('Ctrl Pts',(-5.36123792533111,4.87478428415912,-0.4));
#2400=CARTESIAN_POINT('',(-5.46157535086594,6.31426341812313,0.));
#2401=CARTESIAN_POINT('Ctrl Pts',(-5.46157535086594,6.31426341812313,0.));
#2402=CARTESIAN_POINT('Ctrl Pts',(-5.46386638448879,6.0189236203659,0.));
#2403=CARTESIAN_POINT('Ctrl Pts',(-5.4676122620994,5.53603819916884,0.));
#2404=CARTESIAN_POINT('Ctrl Pts',(-5.3909949621909,5.05976270771899,0.));
#2405=CARTESIAN_POINT('Ctrl Pts',(-5.36123792533111,4.87478428415912,0.));
#2406=CARTESIAN_POINT('',(-5.46157535086594,6.31426341812313,-0.4));
#2407=CARTESIAN_POINT('',(-5.46157535086594,6.31426341812313,0.));
#2408=CARTESIAN_POINT('Ctrl Pts',(-5.46157535086594,6.31426341812313,-0.4));
#2409=CARTESIAN_POINT('Ctrl Pts',(-5.46386638448879,6.0189236203659,-0.4));
#2410=CARTESIAN_POINT('Ctrl Pts',(-5.4676122620994,5.53603819916884,-0.4));
#2411=CARTESIAN_POINT('Ctrl Pts',(-5.3909949621909,5.05976270771899,-0.4));
#2412=CARTESIAN_POINT('Ctrl Pts',(-5.36123792533111,4.87478428415912,-0.4));
#2413=CARTESIAN_POINT('Ctrl Pts',(-5.33845511380384,7.80367834236312,0.));
#2414=CARTESIAN_POINT('Ctrl Pts',(-5.33845511380384,7.80367834236312,-0.4));
#2415=CARTESIAN_POINT('Ctrl Pts',(-5.37318555320434,7.60631502907335,0.));
#2416=CARTESIAN_POINT('Ctrl Pts',(-5.37318555320434,7.60631502907335,-0.4));
#2417=CARTESIAN_POINT('Ctrl Pts',(-5.45979587640081,7.11413293618254,0.));
#2418=CARTESIAN_POINT('Ctrl Pts',(-5.45979587640081,7.11413293618254,-0.4));
#2419=CARTESIAN_POINT('Ctrl Pts',(-5.46090874107111,6.61390292729888,0.));
#2420=CARTESIAN_POINT('Ctrl Pts',(-5.46090874107111,6.61390292729888,-0.4));
#2421=CARTESIAN_POINT('Ctrl Pts',(-5.46157535086594,6.31426341812313,0.));
#2422=CARTESIAN_POINT('Ctrl Pts',(-5.46157535086594,6.31426341812313,-0.4));
#2423=CARTESIAN_POINT('',(-5.33845511380384,7.80367834236312,0.));
#2424=CARTESIAN_POINT('Ctrl Pts',(-5.33845511380384,7.80367834236312,0.));
#2425=CARTESIAN_POINT('Ctrl Pts',(-5.37318555320434,7.60631502907335,0.));
#2426=CARTESIAN_POINT('Ctrl Pts',(-5.45979587640081,7.11413293618254,0.));
#2427=CARTESIAN_POINT('Ctrl Pts',(-5.46090874107111,6.61390292729888,0.));
#2428=CARTESIAN_POINT('Ctrl Pts',(-5.46157535086594,6.31426341812313,0.));
#2429=CARTESIAN_POINT('',(-5.33845511380384,7.80367834236312,-0.4));
#2430=CARTESIAN_POINT('',(-5.33845511380384,7.80367834236312,0.));
#2431=CARTESIAN_POINT('Ctrl Pts',(-5.33845511380384,7.80367834236312,-0.4));
#2432=CARTESIAN_POINT('Ctrl Pts',(-5.37318555320434,7.60631502907335,-0.4));
#2433=CARTESIAN_POINT('Ctrl Pts',(-5.45979587640081,7.11413293618254,-0.4));
#2434=CARTESIAN_POINT('Ctrl Pts',(-5.46090874107111,6.61390292729888,-0.4));
#2435=CARTESIAN_POINT('Ctrl Pts',(-5.46157535086594,6.31426341812313,-0.4));
#2436=CARTESIAN_POINT('Ctrl Pts',(-5.08505331799261,8.27570071200968,0.));
#2437=CARTESIAN_POINT('Ctrl Pts',(-5.08505331799261,8.27570071200968,-0.4));
#2438=CARTESIAN_POINT('Ctrl Pts',(-5.1377957390741,8.21700488292804,0.));
#2439=CARTESIAN_POINT('Ctrl Pts',(-5.1377957390741,8.21700488292804,-0.4));
#2440=CARTESIAN_POINT('Ctrl Pts',(-5.26002421710383,8.08097961696129,0.));
#2441=CARTESIAN_POINT('Ctrl Pts',(-5.26002421710383,8.08097961696129,-0.4));
#2442=CARTESIAN_POINT('Ctrl Pts',(-5.31002819377285,7.90418492190213,0.));
#2443=CARTESIAN_POINT('Ctrl Pts',(-5.31002819377285,7.90418492190213,-0.4));
#2444=CARTESIAN_POINT('Ctrl Pts',(-5.33845511380384,7.80367834236312,0.));
#2445=CARTESIAN_POINT('Ctrl Pts',(-5.33845511380384,7.80367834236312,-0.4));
#2446=CARTESIAN_POINT('',(-5.08505331799261,8.27570071200968,0.));
#2447=CARTESIAN_POINT('Ctrl Pts',(-5.08505331799261,8.27570071200968,0.));
#2448=CARTESIAN_POINT('Ctrl Pts',(-5.1377957390741,8.21700488292804,0.));
#2449=CARTESIAN_POINT('Ctrl Pts',(-5.26002421710383,8.08097961696129,0.));
#2450=CARTESIAN_POINT('Ctrl Pts',(-5.31002819377285,7.90418492190213,0.));
#2451=CARTESIAN_POINT('Ctrl Pts',(-5.33845511380384,7.80367834236312,0.));
#2452=CARTESIAN_POINT('',(-5.08505331799261,8.27570071200968,-0.4));
#2453=CARTESIAN_POINT('',(-5.08505331799261,8.27570071200968,0.));
#2454=CARTESIAN_POINT('Ctrl Pts',(-5.08505331799261,8.27570071200968,-0.4));
#2455=CARTESIAN_POINT('Ctrl Pts',(-5.1377957390741,8.21700488292804,-0.4));
#2456=CARTESIAN_POINT('Ctrl Pts',(-5.26002421710383,8.08097961696129,-0.4));
#2457=CARTESIAN_POINT('Ctrl Pts',(-5.31002819377285,7.90418492190213,-0.4));
#2458=CARTESIAN_POINT('Ctrl Pts',(-5.33845511380384,7.80367834236312,-0.4));
#2459=CARTESIAN_POINT('Ctrl Pts',(-4.71516044449971,8.40629797567628,0.));
#2460=CARTESIAN_POINT('Ctrl Pts',(-4.71516044449971,8.40629797567628,-0.4));
#2461=CARTESIAN_POINT('Ctrl Pts',(-4.78240884576256,8.40098122351752,0.));
#2462=CARTESIAN_POINT('Ctrl Pts',(-4.78240884576256,8.40098122351752,-0.4));
#2463=CARTESIAN_POINT('Ctrl Pts',(-4.91729241008631,8.39031714127419,0.));
#2464=CARTESIAN_POINT('Ctrl Pts',(-4.91729241008631,8.39031714127419,-0.4));
#2465=CARTESIAN_POINT('Ctrl Pts',(-5.02902622110129,8.31397915165264,0.));
#2466=CARTESIAN_POINT('Ctrl Pts',(-5.02902622110129,8.31397915165264,-0.4));
#2467=CARTESIAN_POINT('Ctrl Pts',(-5.08505331799261,8.27570071200968,0.));
#2468=CARTESIAN_POINT('Ctrl Pts',(-5.08505331799261,8.27570071200968,-0.4));
#2469=CARTESIAN_POINT('',(-4.71516044449971,8.40629797567628,0.));
#2470=CARTESIAN_POINT('Ctrl Pts',(-4.71516044449971,8.40629797567628,0.));
#2471=CARTESIAN_POINT('Ctrl Pts',(-4.78240884576256,8.40098122351752,0.));
#2472=CARTESIAN_POINT('Ctrl Pts',(-4.91729241008631,8.39031714127419,0.));
#2473=CARTESIAN_POINT('Ctrl Pts',(-5.02902622110129,8.31397915165264,0.));
#2474=CARTESIAN_POINT('Ctrl Pts',(-5.08505331799261,8.27570071200968,0.));
#2475=CARTESIAN_POINT('',(-4.71516044449971,8.40629797567628,-0.4));
#2476=CARTESIAN_POINT('',(-4.71516044449971,8.40629797567628,0.));
#2477=CARTESIAN_POINT('Ctrl Pts',(-4.71516044449971,8.40629797567628,-0.4));
#2478=CARTESIAN_POINT('Ctrl Pts',(-4.78240884576256,8.40098122351752,-0.4));
#2479=CARTESIAN_POINT('Ctrl Pts',(-4.91729241008631,8.39031714127419,-0.4));
#2480=CARTESIAN_POINT('Ctrl Pts',(-5.02902622110129,8.31397915165264,-0.4));
#2481=CARTESIAN_POINT('Ctrl Pts',(-5.08505331799261,8.27570071200968,-0.4));
#2482=CARTESIAN_POINT('Ctrl Pts',(-4.3482517534538,8.27303335900187,0.));
#2483=CARTESIAN_POINT('Ctrl Pts',(-4.3482517534538,8.27303335900187,-0.4));
#2484=CARTESIAN_POINT('Ctrl Pts',(-4.40347967816741,8.31171464520799,0.));
#2485=CARTESIAN_POINT('Ctrl Pts',(-4.40347967816741,8.31171464520799,-0.4));
#2486=CARTESIAN_POINT('Ctrl Pts',(-4.5138462087916,8.38901465930028,0.));
#2487=CARTESIAN_POINT('Ctrl Pts',(-4.5138462087916,8.38901465930028,-0.4));
#2488=CARTESIAN_POINT('Ctrl Pts',(-4.64809191394346,8.40053997933588,0.));
#2489=CARTESIAN_POINT('Ctrl Pts',(-4.64809191394346,8.40053997933588,-0.4));
#2490=CARTESIAN_POINT('Ctrl Pts',(-4.71516044449971,8.40629797567628,0.));
#2491=CARTESIAN_POINT('Ctrl Pts',(-4.71516044449971,8.40629797567628,-0.4));
#2492=CARTESIAN_POINT('Ctrl Pts',(-4.3482517534538,8.27303335900187,0.));
#2493=CARTESIAN_POINT('Ctrl Pts',(-4.40347967816741,8.31171464520799,0.));
#2494=CARTESIAN_POINT('Ctrl Pts',(-4.5138462087916,8.38901465930028,0.));
#2495=CARTESIAN_POINT('Ctrl Pts',(-4.64809191394346,8.40053997933588,0.));
#2496=CARTESIAN_POINT('Ctrl Pts',(-4.71516044449971,8.40629797567628,0.));
#2497=CARTESIAN_POINT('Ctrl Pts',(-4.3482517534538,8.27303335900187,-0.4));
#2498=CARTESIAN_POINT('Ctrl Pts',(-4.40347967816741,8.31171464520799,-0.4));
#2499=CARTESIAN_POINT('Ctrl Pts',(-4.5138462087916,8.38901465930028,-0.4));
#2500=CARTESIAN_POINT('Ctrl Pts',(-4.64809191394346,8.40053997933588,-0.4));
#2501=CARTESIAN_POINT('Ctrl Pts',(-4.71516044449971,8.40629797567628,-0.4));
#2502=CARTESIAN_POINT('Ctrl Pts',(-6.65502777474457,6.33076272749425,0.));
#2503=CARTESIAN_POINT('Ctrl Pts',(-6.65502777474457,6.33076272749425,-0.4));
#2504=CARTESIAN_POINT('Ctrl Pts',(-6.64773626474866,6.82405015142201,0.));
#2505=CARTESIAN_POINT('Ctrl Pts',(-6.64773626474866,6.82405015142201,-0.4));
#2506=CARTESIAN_POINT('Ctrl Pts',(-6.63508170115234,7.68016048808204,0.));
#2507=CARTESIAN_POINT('Ctrl Pts',(-6.63508170115234,7.68016048808204,-0.4));
#2508=CARTESIAN_POINT('Ctrl Pts',(-6.2323698195191,8.43023279367078,0.));
#2509=CARTESIAN_POINT('Ctrl Pts',(-6.2323698195191,8.43023279367078,-0.4));
#2510=CARTESIAN_POINT('Ctrl Pts',(-6.06169894728539,8.7481163736486,0.));
#2511=CARTESIAN_POINT('Ctrl Pts',(-6.06169894728539,8.7481163736486,-0.4));
#2512=CARTESIAN_POINT('',(-6.65502777474457,6.33076272749425,-0.4));
#2513=CARTESIAN_POINT('',(-6.65502777474457,6.33076272749425,0.));
#2514=CARTESIAN_POINT('',(-6.06169894728539,8.7481163736486,-0.4));
#2515=CARTESIAN_POINT('Ctrl Pts',(-6.65502777474457,6.33076272749425,-0.4));
#2516=CARTESIAN_POINT('Ctrl Pts',(-6.64773626474866,6.82405015142201,-0.4));
#2517=CARTESIAN_POINT('Ctrl Pts',(-6.63508170115234,7.68016048808204,-0.4));
#2518=CARTESIAN_POINT('Ctrl Pts',(-6.2323698195191,8.43023279367078,-0.4));
#2519=CARTESIAN_POINT('Ctrl Pts',(-6.06169894728539,8.7481163736486,-0.4));
#2520=CARTESIAN_POINT('',(-6.06169894728539,8.7481163736486,0.));
#2521=CARTESIAN_POINT('Ctrl Pts',(-6.13185076588603,3.947932781156,0.));
#2522=CARTESIAN_POINT('Ctrl Pts',(-6.13185076588603,3.947932781156,-0.4));
#2523=CARTESIAN_POINT('Ctrl Pts',(-6.2846276684596,4.25288830939478,0.));
#2524=CARTESIAN_POINT('Ctrl Pts',(-6.2846276684596,4.25288830939478,-0.4));
#2525=CARTESIAN_POINT('Ctrl Pts',(-6.65768406465397,4.99754020669013,0.));
#2526=CARTESIAN_POINT('Ctrl Pts',(-6.65768406465397,4.99754020669013,-0.4));
#2527=CARTESIAN_POINT('Ctrl Pts',(-6.65601393824183,5.83579590211298,0.));
#2528=CARTESIAN_POINT('Ctrl Pts',(-6.65601393824183,5.83579590211298,-0.4));
#2529=CARTESIAN_POINT('Ctrl Pts',(-6.65502777474457,6.33076272749425,0.));
#2530=CARTESIAN_POINT('Ctrl Pts',(-6.65502777474457,6.33076272749425,-0.4));
#2531=CARTESIAN_POINT('',(-6.13185076588603,3.947932781156,-0.4));
#2532=CARTESIAN_POINT('',(-6.13185076588603,3.947932781156,0.));
#2533=CARTESIAN_POINT('Ctrl Pts',(-6.13185076588603,3.947932781156,-0.4));
#2534=CARTESIAN_POINT('Ctrl Pts',(-6.2846276684596,4.25288830939478,-0.4));
#2535=CARTESIAN_POINT('Ctrl Pts',(-6.65768406465397,4.99754020669013,-0.4));
#2536=CARTESIAN_POINT('Ctrl Pts',(-6.65601393824183,5.83579590211298,-0.4));
#2537=CARTESIAN_POINT('Ctrl Pts',(-6.65502777474457,6.33076272749425,-0.4));
#2538=CARTESIAN_POINT('Ctrl Pts',(-4.73373639278026,3.27507323119607,0.));
#2539=CARTESIAN_POINT('Ctrl Pts',(-4.73373639278026,3.27507323119607,-0.4));
#2540=CARTESIAN_POINT('Ctrl Pts',(-5.00872014529785,3.30332235809959,0.));
#2541=CARTESIAN_POINT('Ctrl Pts',(-5.00872014529785,3.30332235809959,-0.4));
#2542=CARTESIAN_POINT('Ctrl Pts',(-5.55590045757718,3.35953428312849,0.));
#2543=CARTESIAN_POINT('Ctrl Pts',(-5.55590045757718,3.35953428312849,-0.4));
#2544=CARTESIAN_POINT('Ctrl Pts',(-5.94052038073023,3.75246711401665,0.));
#2545=CARTESIAN_POINT('Ctrl Pts',(-5.94052038073023,3.75246711401665,-0.4));
#2546=CARTESIAN_POINT('Ctrl Pts',(-6.13185076588603,3.947932781156,0.));
#2547=CARTESIAN_POINT('Ctrl Pts',(-6.13185076588603,3.947932781156,-0.4));
#2548=CARTESIAN_POINT('',(-4.73373639278026,3.27507323119607,-0.4));
#2549=CARTESIAN_POINT('',(-4.73373639278026,3.27507323119607,0.));
#2550=CARTESIAN_POINT('Ctrl Pts',(-4.73373639278026,3.27507323119607,-0.4));
#2551=CARTESIAN_POINT('Ctrl Pts',(-5.00872014529785,3.30332235809959,-0.4));
#2552=CARTESIAN_POINT('Ctrl Pts',(-5.55590045757718,3.35953428312849,-0.4));
#2553=CARTESIAN_POINT('Ctrl Pts',(-5.94052038073023,3.75246711401665,-0.4));
#2554=CARTESIAN_POINT('Ctrl Pts',(-6.13185076588603,3.947932781156,-0.4));
#2555=CARTESIAN_POINT('Ctrl Pts',(-3.38377368693152,3.87912070353646,0.));
#2556=CARTESIAN_POINT('Ctrl Pts',(-3.38377368693152,3.87912070353646,-0.4));
#2557=CARTESIAN_POINT('Ctrl Pts',(-3.56557252803669,3.7022202512847,0.));
#2558=CARTESIAN_POINT('Ctrl Pts',(-3.56557252803669,3.7022202512847,-0.4));
#2559=CARTESIAN_POINT('Ctrl Pts',(-3.94080528156918,3.33709777087698,0.));
#2560=CARTESIAN_POINT('Ctrl Pts',(-3.94080528156918,3.33709777087698,-0.4));
#2561=CARTESIAN_POINT('Ctrl Pts',(-4.46401816185842,3.2961710906191,0.));
#2562=CARTESIAN_POINT('Ctrl Pts',(-4.46401816185842,3.2961710906191,-0.4));
#2563=CARTESIAN_POINT('Ctrl Pts',(-4.73373639278026,3.27507323119607,0.));
#2564=CARTESIAN_POINT('Ctrl Pts',(-4.73373639278026,3.27507323119607,-0.4));
#2565=CARTESIAN_POINT('',(-3.38377368693152,3.87912070353646,-0.4));
#2566=CARTESIAN_POINT('',(-3.38377368693152,3.87912070353646,0.));
#2567=CARTESIAN_POINT('Ctrl Pts',(-3.38377368693152,3.87912070353646,-0.4));
#2568=CARTESIAN_POINT('Ctrl Pts',(-3.56557252803669,3.7022202512847,-0.4));
#2569=CARTESIAN_POINT('Ctrl Pts',(-3.94080528156918,3.33709777087698,-0.4));
#2570=CARTESIAN_POINT('Ctrl Pts',(-4.46401816185842,3.2961710906191,-0.4));
#2571=CARTESIAN_POINT('Ctrl Pts',(-4.73373639278026,3.27507323119607,-0.4));
#2572=CARTESIAN_POINT('Ctrl Pts',(-2.7904154672686,6.30459334317656,0.));
#2573=CARTESIAN_POINT('Ctrl Pts',(-2.7904154672686,6.30459334317656,-0.4));
#2574=CARTESIAN_POINT('Ctrl Pts',(-2.79753040387364,5.80925398339834,0.));
#2575=CARTESIAN_POINT('Ctrl Pts',(-2.79753040387364,5.80925398339834,-0.4));
#2576=CARTESIAN_POINT('Ctrl Pts',(-2.8098658129194,4.95046718619686,0.));
#2577=CARTESIAN_POINT('Ctrl Pts',(-2.8098658129194,4.95046718619686,-0.4));
#2578=CARTESIAN_POINT('Ctrl Pts',(-3.21311462648491,4.1976996818408,0.));
#2579=CARTESIAN_POINT('Ctrl Pts',(-3.21311462648491,4.1976996818408,-0.4));
#2580=CARTESIAN_POINT('Ctrl Pts',(-3.38377368693152,3.87912070353646,0.));
#2581=CARTESIAN_POINT('Ctrl Pts',(-3.38377368693152,3.87912070353646,-0.4));
#2582=CARTESIAN_POINT('',(-2.7904154672686,6.30459334317656,-0.4));
#2583=CARTESIAN_POINT('',(-2.7904154672686,6.30459334317656,0.));
#2584=CARTESIAN_POINT('Ctrl Pts',(-2.7904154672686,6.30459334317656,-0.4));
#2585=CARTESIAN_POINT('Ctrl Pts',(-2.79753040387364,5.80925398339834,-0.4));
#2586=CARTESIAN_POINT('Ctrl Pts',(-2.8098658129194,4.95046718619686,-0.4));
#2587=CARTESIAN_POINT('Ctrl Pts',(-3.21311462648491,4.1976996818408,-0.4));
#2588=CARTESIAN_POINT('Ctrl Pts',(-3.38377368693152,3.87912070353646,-0.4));
#2589=CARTESIAN_POINT('Ctrl Pts',(-3.36215153058088,8.73022472890617,0.));
#2590=CARTESIAN_POINT('Ctrl Pts',(-3.36215153058088,8.73022472890617,-0.4));
#2591=CARTESIAN_POINT('Ctrl Pts',(-3.19501095418875,8.41204360409541,0.));
#2592=CARTESIAN_POINT('Ctrl Pts',(-3.19501095418875,8.41204360409541,-0.4));
#2593=CARTESIAN_POINT('Ctrl Pts',(-2.79867571193153,7.65755061438783,0.));
#2594=CARTESIAN_POINT('Ctrl Pts',(-2.79867571193153,7.65755061438783,-0.4));
#2595=CARTESIAN_POINT('Ctrl Pts',(-2.79344202761512,6.8003179850819,0.));
#2596=CARTESIAN_POINT('Ctrl Pts',(-2.79344202761512,6.8003179850819,-0.4));
#2597=CARTESIAN_POINT('Ctrl Pts',(-2.7904154672686,6.30459334317656,0.));
#2598=CARTESIAN_POINT('Ctrl Pts',(-2.7904154672686,6.30459334317656,-0.4));
#2599=CARTESIAN_POINT('',(-3.36215153058088,8.73022472890617,-0.4));
#2600=CARTESIAN_POINT('',(-3.36215153058088,8.73022472890617,0.));
#2601=CARTESIAN_POINT('Ctrl Pts',(-3.36215153058088,8.73022472890617,-0.4));
#2602=CARTESIAN_POINT('Ctrl Pts',(-3.19501095418875,8.41204360409541,-0.4));
#2603=CARTESIAN_POINT('Ctrl Pts',(-2.79867571193153,7.65755061438783,-0.4));
#2604=CARTESIAN_POINT('Ctrl Pts',(-2.79344202761512,6.8003179850819,-0.4));
#2605=CARTESIAN_POINT('Ctrl Pts',(-2.7904154672686,6.30459334317656,-0.4));
#2606=CARTESIAN_POINT('Ctrl Pts',(-4.71173623927887,9.35216444203153,0.));
#2607=CARTESIAN_POINT('Ctrl Pts',(-4.71173623927887,9.35216444203153,-0.4));
#2608=CARTESIAN_POINT('Ctrl Pts',(-4.44172809040753,9.32845006263072,0.));
#2609=CARTESIAN_POINT('Ctrl Pts',(-4.44172809040753,9.32845006263072,-0.4));
#2610=CARTESIAN_POINT('Ctrl Pts',(-3.91628175305693,9.28230095990629,0.));
#2611=CARTESIAN_POINT('Ctrl Pts',(-3.91628175305693,9.28230095990629,-0.4));
#2612=CARTESIAN_POINT('Ctrl Pts',(-3.54341523286832,8.91081654201613,0.));
#2613=CARTESIAN_POINT('Ctrl Pts',(-3.54341523286832,8.91081654201613,-0.4));
#2614=CARTESIAN_POINT('Ctrl Pts',(-3.36215153058088,8.73022472890617,0.));
#2615=CARTESIAN_POINT('Ctrl Pts',(-3.36215153058088,8.73022472890617,-0.4));
#2616=CARTESIAN_POINT('',(-4.71173623927887,9.35216444203153,-0.4));
#2617=CARTESIAN_POINT('',(-4.71173623927887,9.35216444203153,0.));
#2618=CARTESIAN_POINT('Ctrl Pts',(-4.71173623927887,9.35216444203153,-0.4));
#2619=CARTESIAN_POINT('Ctrl Pts',(-4.44172809040753,9.32845006263072,-0.4));
#2620=CARTESIAN_POINT('Ctrl Pts',(-3.91628175305693,9.28230095990629,-0.4));
#2621=CARTESIAN_POINT('Ctrl Pts',(-3.54341523286832,8.91081654201613,-0.4));
#2622=CARTESIAN_POINT('Ctrl Pts',(-3.36215153058088,8.73022472890617,-0.4));
#2623=CARTESIAN_POINT('Ctrl Pts',(-6.06169894728539,8.7481163736486,0.));
#2624=CARTESIAN_POINT('Ctrl Pts',(-6.06169894728539,8.7481163736486,-0.4));
#2625=CARTESIAN_POINT('Ctrl Pts',(-5.87989972105532,8.92501700296264,0.));
#2626=CARTESIAN_POINT('Ctrl Pts',(-5.87989972105532,8.92501700296264,-0.4));
#2627=CARTESIAN_POINT('Ctrl Pts',(-5.50466677220365,9.29013926540405,0.));
#2628=CARTESIAN_POINT('Ctrl Pts',(-5.50466677220365,9.29013926540405,-0.4));
#2629=CARTESIAN_POINT('Ctrl Pts',(-4.98145400622062,9.33106638685585,0.));
#2630=CARTESIAN_POINT('Ctrl Pts',(-4.98145400622062,9.33106638685585,-0.4));
#2631=CARTESIAN_POINT('Ctrl Pts',(-4.71173623927887,9.35216444203153,0.));
#2632=CARTESIAN_POINT('Ctrl Pts',(-4.71173623927887,9.35216444203153,-0.4));
#2633=CARTESIAN_POINT('Ctrl Pts',(-6.06169894728539,8.7481163736486,-0.4));
#2634=CARTESIAN_POINT('Ctrl Pts',(-5.87989972105532,8.92501700296264,-0.4));
#2635=CARTESIAN_POINT('Ctrl Pts',(-5.50466677220365,9.29013926540405,-0.4));
#2636=CARTESIAN_POINT('Ctrl Pts',(-4.98145400622062,9.33106638685585,-0.4));
#2637=CARTESIAN_POINT('Ctrl Pts',(-4.71173623927887,9.35216444203153,-0.4));
#2638=CARTESIAN_POINT('Origin',(-9.91611411957371,6.32371957768798,-0.4));
#2639=CARTESIAN_POINT('Ctrl Pts',(-9.37375949819205,3.29187094198031,0.));
#2640=CARTESIAN_POINT('Ctrl Pts',(-9.37375949819205,3.29187094198031,-0.4));
#2641=CARTESIAN_POINT('Ctrl Pts',(-9.62792109915691,3.3091320796149,0.));
#2642=CARTESIAN_POINT('Ctrl Pts',(-9.62792109915691,3.3091320796149,-0.4));
#2643=CARTESIAN_POINT('Ctrl Pts',(-10.1181344383794,3.34242444119318,0.));
#2644=CARTESIAN_POINT('Ctrl Pts',(-10.1181344383794,3.34242444119318,-0.4));
#2645=CARTESIAN_POINT('Ctrl Pts',(-10.5187895055733,3.62531501603193,0.));
#2646=CARTESIAN_POINT('Ctrl Pts',(-10.5187895055733,3.62531501603193,-0.4));
#2647=CARTESIAN_POINT('Ctrl Pts',(-10.7117163753375,3.76153491578678,0.));
#2648=CARTESIAN_POINT('Ctrl Pts',(-10.7117163753375,3.76153491578678,-0.4));
#2649=CARTESIAN_POINT('',(-9.37375949819205,3.29187094198031,-0.4));
#2650=CARTESIAN_POINT('',(-9.37375949819205,3.29187094198031,0.));
#2651=CARTESIAN_POINT('',(-10.7117163753375,3.76153491578678,-0.4));
#2652=CARTESIAN_POINT('Ctrl Pts',(-9.37375949819205,3.29187094198031,-0.4));
#2653=CARTESIAN_POINT('Ctrl Pts',(-9.62792109915691,3.3091320796149,-0.4));
#2654=CARTESIAN_POINT('Ctrl Pts',(-10.1181344383794,3.34242444119318,-0.4));
#2655=CARTESIAN_POINT('Ctrl Pts',(-10.5187895055733,3.62531501603193,-0.4));
#2656=CARTESIAN_POINT('Ctrl Pts',(-10.7117163753375,3.76153491578678,-0.4));
#2657=CARTESIAN_POINT('',(-10.7117163753375,3.76153491578678,0.));
#2658=CARTESIAN_POINT('Ctrl Pts',(-7.94687165370183,3.83880593434542,0.));
#2659=CARTESIAN_POINT('Ctrl Pts',(-7.94687165370183,3.83880593434542,-0.4));
#2660=CARTESIAN_POINT('Ctrl Pts',(-8.15258353759676,3.67853823549678,0.));
#2661=CARTESIAN_POINT('Ctrl Pts',(-8.15258353759676,3.67853823549678,-0.4));
#2662=CARTESIAN_POINT('Ctrl Pts',(-8.57214951759152,3.35165933644746,0.));
#2663=CARTESIAN_POINT('Ctrl Pts',(-8.57214951759152,3.35165933644746,-0.4));
#2664=CARTESIAN_POINT('Ctrl Pts',(-9.10312144250729,3.31205658739727,0.));
#2665=CARTESIAN_POINT('Ctrl Pts',(-9.10312144250729,3.31205658739727,-0.4));
#2666=CARTESIAN_POINT('Ctrl Pts',(-9.37375949819205,3.29187094198031,0.));
#2667=CARTESIAN_POINT('Ctrl Pts',(-9.37375949819205,3.29187094198031,-0.4));
#2668=CARTESIAN_POINT('',(-7.94687165370183,3.83880593434542,-0.4));
#2669=CARTESIAN_POINT('',(-7.94687165370183,3.83880593434542,0.));
#2670=CARTESIAN_POINT('Ctrl Pts',(-7.94687165370183,3.83880593434542,-0.4));
#2671=CARTESIAN_POINT('Ctrl Pts',(-8.15258353759676,3.67853823549678,-0.4));
#2672=CARTESIAN_POINT('Ctrl Pts',(-8.57214951759152,3.35165933644746,-0.4));
#2673=CARTESIAN_POINT('Ctrl Pts',(-9.10312144250729,3.31205658739727,-0.4));
#2674=CARTESIAN_POINT('Ctrl Pts',(-9.37375949819205,3.29187094198031,-0.4));
#2675=CARTESIAN_POINT('Ctrl Pts',(-7.36964563834522,5.17231371876824,0.));
#2676=CARTESIAN_POINT('Ctrl Pts',(-7.36964563834522,5.17231371876824,-0.4));
#2677=CARTESIAN_POINT('Ctrl Pts',(-7.3948065918581,4.92049698623142,0.));
#2678=CARTESIAN_POINT('Ctrl Pts',(-7.3948065918581,4.92049698623142,-0.4));
#2679=CARTESIAN_POINT('Ctrl Pts',(-7.44534136500151,4.41473310705443,0.));
#2680=CARTESIAN_POINT('Ctrl Pts',(-7.44534136500151,4.41473310705443,-0.4));
#2681=CARTESIAN_POINT('Ctrl Pts',(-7.77922608658363,4.03132000510631,0.));
#2682=CARTESIAN_POINT('Ctrl Pts',(-7.77922608658363,4.03132000510631,-0.4));
#2683=CARTESIAN_POINT('Ctrl Pts',(-7.94687165370183,3.83880593434542,0.));
#2684=CARTESIAN_POINT('Ctrl Pts',(-7.94687165370183,3.83880593434542,-0.4));
#2685=CARTESIAN_POINT('',(-7.36964563834522,5.17231371876824,-0.4));
#2686=CARTESIAN_POINT('',(-7.36964563834522,5.17231371876824,0.));
#2687=CARTESIAN_POINT('Ctrl Pts',(-7.36964563834522,5.17231371876824,-0.4));
#2688=CARTESIAN_POINT('Ctrl Pts',(-7.3948065918581,4.92049698623142,-0.4));
#2689=CARTESIAN_POINT('Ctrl Pts',(-7.44534136500151,4.41473310705443,-0.4));
#2690=CARTESIAN_POINT('Ctrl Pts',(-7.77922608658363,4.03132000510631,-0.4));
#2691=CARTESIAN_POINT('Ctrl Pts',(-7.94687165370183,3.83880593434542,-0.4));
#2692=CARTESIAN_POINT('Ctrl Pts',(-7.67280243338097,6.09493276332406,0.));
#2693=CARTESIAN_POINT('Ctrl Pts',(-7.67280243338097,6.09493276332406,-0.4));
#2694=CARTESIAN_POINT('Ctrl Pts',(-7.58391932214495,5.95852573527238,0.));
#2695=CARTESIAN_POINT('Ctrl Pts',(-7.58391932214495,5.95852573527238,-0.4));
#2696=CARTESIAN_POINT('Ctrl Pts',(-7.40127246458856,5.67822147188892,0.));
#2697=CARTESIAN_POINT('Ctrl Pts',(-7.40127246458856,5.67822147188892,-0.4));
#2698=CARTESIAN_POINT('Ctrl Pts',(-7.38037406074004,5.34392727324049,0.));
#2699=CARTESIAN_POINT('Ctrl Pts',(-7.38037406074004,5.34392727324049,-0.4));
#2700=CARTESIAN_POINT('Ctrl Pts',(-7.36964563834522,5.17231371876824,0.));
#2701=CARTESIAN_POINT('Ctrl Pts',(-7.36964563834522,5.17231371876824,-0.4));
#2702=CARTESIAN_POINT('',(-7.67280243338097,6.09493276332406,-0.4));
#2703=CARTESIAN_POINT('',(-7.67280243338097,6.09493276332406,0.));
#2704=CARTESIAN_POINT('Ctrl Pts',(-7.67280243338097,6.09493276332406,-0.4));
#2705=CARTESIAN_POINT('Ctrl Pts',(-7.58391932214495,5.95852573527238,-0.4));
#2706=CARTESIAN_POINT('Ctrl Pts',(-7.40127246458856,5.67822147188892,-0.4));
#2707=CARTESIAN_POINT('Ctrl Pts',(-7.38037406074004,5.34392727324049,-0.4));
#2708=CARTESIAN_POINT('Ctrl Pts',(-7.36964563834522,5.17231371876824,-0.4));
#2709=CARTESIAN_POINT('Ctrl Pts',(-8.48901629348125,6.58909508355283,0.));
#2710=CARTESIAN_POINT('Ctrl Pts',(-8.48901629348125,6.58909508355283,-0.4));
#2711=CARTESIAN_POINT('Ctrl Pts',(-8.32819486401982,6.54183336742106,0.));
#2712=CARTESIAN_POINT('Ctrl Pts',(-8.32819486401982,6.54183336742106,-0.4));
#2713=CARTESIAN_POINT('Ctrl Pts',(-8.01228634594229,6.4489951259318,0.));
#2714=CARTESIAN_POINT('Ctrl Pts',(-8.01228634594229,6.4489951259318,-0.4));
#2715=CARTESIAN_POINT('Ctrl Pts',(-7.78458600605745,6.21151665545598,0.));
#2716=CARTESIAN_POINT('Ctrl Pts',(-7.78458600605745,6.21151665545598,-0.4));
#2717=CARTESIAN_POINT('Ctrl Pts',(-7.67280243338097,6.09493276332406,0.));
#2718=CARTESIAN_POINT('Ctrl Pts',(-7.67280243338097,6.09493276332406,-0.4));
#2719=CARTESIAN_POINT('',(-8.48901629348125,6.58909508355283,-0.4));
#2720=CARTESIAN_POINT('',(-8.48901629348125,6.58909508355283,0.));
#2721=CARTESIAN_POINT('Ctrl Pts',(-8.48901629348125,6.58909508355283,-0.4));
#2722=CARTESIAN_POINT('Ctrl Pts',(-8.32819486401982,6.54183336742106,-0.4));
#2723=CARTESIAN_POINT('Ctrl Pts',(-8.01228634594229,6.4489951259318,-0.4));
#2724=CARTESIAN_POINT('Ctrl Pts',(-7.78458600605745,6.21151665545598,-0.4));
#2725=CARTESIAN_POINT('Ctrl Pts',(-7.67280243338097,6.09493276332406,-0.4));
#2726=CARTESIAN_POINT('Ctrl Pts',(-7.62793203973215,7.83632425466059,0.));
#2727=CARTESIAN_POINT('Ctrl Pts',(-7.62793203973215,7.83632425466059,-0.4));
#2728=CARTESIAN_POINT('Ctrl Pts',(-7.67328357727172,7.58402925709005,0.));
#2729=CARTESIAN_POINT('Ctrl Pts',(-7.67328357727172,7.58402925709005,-0.4));
#2730=CARTESIAN_POINT('Ctrl Pts',(-7.77057497122866,7.04278780567092,0.));
#2731=CARTESIAN_POINT('Ctrl Pts',(-7.77057497122866,7.04278780567092,-0.4));
#2732=CARTESIAN_POINT('Ctrl Pts',(-8.23896317773965,6.74700259143283,0.));
#2733=CARTESIAN_POINT('Ctrl Pts',(-8.23896317773965,6.74700259143283,-0.4));
#2734=CARTESIAN_POINT('Ctrl Pts',(-8.48901629348125,6.58909508355283,0.));
#2735=CARTESIAN_POINT('Ctrl Pts',(-8.48901629348125,6.58909508355283,-0.4));
#2736=CARTESIAN_POINT('',(-7.62793203973215,7.83632425466059,-0.4));
#2737=CARTESIAN_POINT('',(-7.62793203973215,7.83632425466059,0.));
#2738=CARTESIAN_POINT('Ctrl Pts',(-7.62793203973215,7.83632425466059,-0.4));
#2739=CARTESIAN_POINT('Ctrl Pts',(-7.67328357727172,7.58402925709005,-0.4));
#2740=CARTESIAN_POINT('Ctrl Pts',(-7.77057497122866,7.04278780567092,-0.4));
#2741=CARTESIAN_POINT('Ctrl Pts',(-8.23896317773965,6.74700259143283,-0.4));
#2742=CARTESIAN_POINT('Ctrl Pts',(-8.48901629348125,6.58909508355283,-0.4));
#2743=CARTESIAN_POINT('Ctrl Pts',(-8.0424765754479,8.82835933880319,0.));
#2744=CARTESIAN_POINT('Ctrl Pts',(-8.0424765754479,8.82835933880319,-0.4));
#2745=CARTESIAN_POINT('Ctrl Pts',(-7.9210830755414,8.67954170528288,0.));
#2746=CARTESIAN_POINT('Ctrl Pts',(-7.9210830755414,8.67954170528288,-0.4));
#2747=CARTESIAN_POINT('Ctrl Pts',(-7.68442310797762,8.38941763480987,0.));
#2748=CARTESIAN_POINT('Ctrl Pts',(-7.68442310797762,8.38941763480987,-0.4));
#2749=CARTESIAN_POINT('Ctrl Pts',(-7.6464345596885,8.0174789331217,0.));
#2750=CARTESIAN_POINT('Ctrl Pts',(-7.6464345596885,8.0174789331217,-0.4));
#2751=CARTESIAN_POINT('Ctrl Pts',(-7.62793203973215,7.83632425466059,0.));
#2752=CARTESIAN_POINT('Ctrl Pts',(-7.62793203973215,7.83632425466059,-0.4));
#2753=CARTESIAN_POINT('',(-8.0424765754479,8.82835933880319,-0.4));
#2754=CARTESIAN_POINT('',(-8.0424765754479,8.82835933880319,0.));
#2755=CARTESIAN_POINT('Ctrl Pts',(-8.0424765754479,8.82835933880319,-0.4));
#2756=CARTESIAN_POINT('Ctrl Pts',(-7.9210830755414,8.67954170528288,-0.4));
#2757=CARTESIAN_POINT('Ctrl Pts',(-7.68442310797762,8.38941763480987,-0.4));
#2758=CARTESIAN_POINT('Ctrl Pts',(-7.6464345596885,8.0174789331217,-0.4));
#2759=CARTESIAN_POINT('Ctrl Pts',(-7.62793203973215,7.83632425466059,-0.4));
#2760=CARTESIAN_POINT('Ctrl Pts',(-9.38829496438715,9.369094418272,0.));
#2761=CARTESIAN_POINT('Ctrl Pts',(-9.38829496438715,9.369094418272,-0.4));
#2762=CARTESIAN_POINT('Ctrl Pts',(-9.12550623106276,9.34928072659894,0.));
#2763=CARTESIAN_POINT('Ctrl Pts',(-9.12550623106276,9.34928072659894,-0.4));
#2764=CARTESIAN_POINT('Ctrl Pts',(-8.61853593566327,9.31105628298077,0.));
#2765=CARTESIAN_POINT('Ctrl Pts',(-8.61853593566327,9.31105628298077,-0.4));
#2766=CARTESIAN_POINT('Ctrl Pts',(-8.22973974071289,8.98527260829097,0.));
#2767=CARTESIAN_POINT('Ctrl Pts',(-8.22973974071289,8.98527260829097,-0.4));
#2768=CARTESIAN_POINT('Ctrl Pts',(-8.0424765754479,8.82835933880319,0.));
#2769=CARTESIAN_POINT('Ctrl Pts',(-8.0424765754479,8.82835933880319,-0.4));
#2770=CARTESIAN_POINT('',(-9.38829496438715,9.369094418272,-0.4));
#2771=CARTESIAN_POINT('',(-9.38829496438715,9.369094418272,0.));
#2772=CARTESIAN_POINT('Ctrl Pts',(-9.38829496438715,9.369094418272,-0.4));
#2773=CARTESIAN_POINT('Ctrl Pts',(-9.12550623106276,9.34928072659894,-0.4));
#2774=CARTESIAN_POINT('Ctrl Pts',(-8.61853593566327,9.31105628298077,-0.4));
#2775=CARTESIAN_POINT('Ctrl Pts',(-8.22973974071289,8.98527260829097,-0.4));
#2776=CARTESIAN_POINT('Ctrl Pts',(-8.0424765754479,8.82835933880319,-0.4));
#2777=CARTESIAN_POINT('Ctrl Pts',(-10.2759673301462,9.18759731036559,0.));
#2778=CARTESIAN_POINT('Ctrl Pts',(-10.2759673301462,9.18759731036559,-0.4));
#2779=CARTESIAN_POINT('Ctrl Pts',(-10.137515049805,9.24095622954049,0.));
#2780=CARTESIAN_POINT('Ctrl Pts',(-10.137515049805,9.24095622954049,-0.4));
#2781=CARTESIAN_POINT('Ctrl Pts',(-9.85193192439915,9.35101874977268,0.));
#2782=CARTESIAN_POINT('Ctrl Pts',(-9.85193192439915,9.35101874977268,-0.4));
#2783=CARTESIAN_POINT('Ctrl Pts',(-9.54594020439544,9.36294835282715,0.));
#2784=CARTESIAN_POINT('Ctrl Pts',(-9.54594020439544,9.36294835282715,-0.4));
#2785=CARTESIAN_POINT('Ctrl Pts',(-9.38829496438715,9.369094418272,0.));
#2786=CARTESIAN_POINT('Ctrl Pts',(-9.38829496438715,9.369094418272,-0.4));
#2787=CARTESIAN_POINT('',(-10.2759673301462,9.18759731036559,-0.4));
#2788=CARTESIAN_POINT('',(-10.2759673301462,9.18759731036559,0.));
#2789=CARTESIAN_POINT('Ctrl Pts',(-10.2759673301462,9.18759731036559,-0.4));
#2790=CARTESIAN_POINT('Ctrl Pts',(-10.137515049805,9.24095622954049,-0.4));
#2791=CARTESIAN_POINT('Ctrl Pts',(-9.85193192439915,9.35101874977268,-0.4));
#2792=CARTESIAN_POINT('Ctrl Pts',(-9.54594020439544,9.36294835282715,-0.4));
#2793=CARTESIAN_POINT('Ctrl Pts',(-9.38829496438715,9.369094418272,-0.4));
#2794=CARTESIAN_POINT('Ctrl Pts',(-10.894850238979,8.68239209648293,0.));
#2795=CARTESIAN_POINT('Ctrl Pts',(-10.894850238979,8.68239209648293,-0.4));
#2796=CARTESIAN_POINT('Ctrl Pts',(-10.8116418901182,8.78475073590003,0.));
#2797=CARTESIAN_POINT('Ctrl Pts',(-10.8116418901182,8.78475073590003,-0.4));
#2798=CARTESIAN_POINT('Ctrl Pts',(-10.640259291369,8.99557681126283,0.));
#2799=CARTESIAN_POINT('Ctrl Pts',(-10.640259291369,8.99557681126283,-0.4));
#2800=CARTESIAN_POINT('Ctrl Pts',(-10.3997212229439,9.12236588395377,0.));
#2801=CARTESIAN_POINT('Ctrl Pts',(-10.3997212229439,9.12236588395377,-0.4));
#2802=CARTESIAN_POINT('Ctrl Pts',(-10.2759673301462,9.18759731036559,0.));
#2803=CARTESIAN_POINT('Ctrl Pts',(-10.2759673301462,9.18759731036559,-0.4));
#2804=CARTESIAN_POINT('',(-10.894850238979,8.68239209648293,-0.4));
#2805=CARTESIAN_POINT('',(-10.894850238979,8.68239209648293,0.));
#2806=CARTESIAN_POINT('Ctrl Pts',(-10.894850238979,8.68239209648293,-0.4));
#2807=CARTESIAN_POINT('Ctrl Pts',(-10.8116418901182,8.78475073590003,-0.4));
#2808=CARTESIAN_POINT('Ctrl Pts',(-10.640259291369,8.99557681126283,-0.4));
#2809=CARTESIAN_POINT('Ctrl Pts',(-10.3997212229439,9.12236588395377,-0.4));
#2810=CARTESIAN_POINT('Ctrl Pts',(-10.2759673301462,9.18759731036559,-0.4));
#2811=CARTESIAN_POINT('Ctrl Pts',(-11.2288238720083,7.82094312636756,0.));
#2812=CARTESIAN_POINT('Ctrl Pts',(-11.2288238720083,7.82094312636756,-0.4));
#2813=CARTESIAN_POINT('Ctrl Pts',(-11.1907936779761,7.98598866420925,0.));
#2814=CARTESIAN_POINT('Ctrl Pts',(-11.1907936779761,7.98598866420925,-0.4));
#2815=CARTESIAN_POINT('Ctrl Pts',(-11.1208371794631,8.28958974267915,0.));
#2816=CARTESIAN_POINT('Ctrl Pts',(-11.1208371794631,8.28958974267915,-0.4));
#2817=CARTESIAN_POINT('Ctrl Pts',(-10.9656661927864,8.55930235827585,0.));
#2818=CARTESIAN_POINT('Ctrl Pts',(-10.9656661927864,8.55930235827585,-0.4));
#2819=CARTESIAN_POINT('Ctrl Pts',(-10.894850238979,8.68239209648293,0.));
#2820=CARTESIAN_POINT('Ctrl Pts',(-10.894850238979,8.68239209648293,-0.4));
#2821=CARTESIAN_POINT('',(-11.2288238720083,7.82094312636756,-0.4));
#2822=CARTESIAN_POINT('',(-11.2288238720083,7.82094312636756,0.));
#2823=CARTESIAN_POINT('Ctrl Pts',(-11.2288238720083,7.82094312636756,-0.4));
#2824=CARTESIAN_POINT('Ctrl Pts',(-11.1907936779761,7.98598866420925,-0.4));
#2825=CARTESIAN_POINT('Ctrl Pts',(-11.1208371794631,8.28958974267915,-0.4));
#2826=CARTESIAN_POINT('Ctrl Pts',(-10.9656661927864,8.55930235827585,-0.4));
#2827=CARTESIAN_POINT('Ctrl Pts',(-10.894850238979,8.68239209648293,-0.4));
#2828=CARTESIAN_POINT('Origin',(-10.1780562269144,7.6385183665326,0.));
#2829=CARTESIAN_POINT('',(-10.1780562269144,7.6385183665326,-0.4));
#2830=CARTESIAN_POINT('',(-10.1780562269144,7.6385183665326,0.));
#2831=CARTESIAN_POINT('',(-10.1780562269144,7.6385183665326,-0.4));
#2832=CARTESIAN_POINT('Ctrl Pts',(-9.92422089636786,8.23029581558858,0.));
#2833=CARTESIAN_POINT('Ctrl Pts',(-9.92422089636786,8.23029581558858,-0.4));
#2834=CARTESIAN_POINT('Ctrl Pts',(-9.98718935301803,8.15048124370131,0.));
#2835=CARTESIAN_POINT('Ctrl Pts',(-9.98718935301803,8.15048124370131,-0.4));
#2836=CARTESIAN_POINT('Ctrl Pts',(-10.1243345748672,7.97664520339477,0.));
#2837=CARTESIAN_POINT('Ctrl Pts',(-10.1243345748672,7.97664520339477,-0.4));
#2838=CARTESIAN_POINT('Ctrl Pts',(-10.1591992285222,7.75720528281496,0.));
#2839=CARTESIAN_POINT('Ctrl Pts',(-10.1591992285222,7.75720528281496,-0.4));
#2840=CARTESIAN_POINT('Ctrl Pts',(-10.1780562269144,7.6385183665326,0.));
#2841=CARTESIAN_POINT('Ctrl Pts',(-10.1780562269144,7.6385183665326,-0.4));
#2842=CARTESIAN_POINT('',(-9.92422089636786,8.23029581558858,-0.4));
#2843=CARTESIAN_POINT('',(-9.92422089636786,8.23029581558858,0.));
#2844=CARTESIAN_POINT('Ctrl Pts',(-9.92422089636786,8.23029581558858,-0.4));
#2845=CARTESIAN_POINT('Ctrl Pts',(-9.98718935301803,8.15048124370131,-0.4));
#2846=CARTESIAN_POINT('Ctrl Pts',(-10.1243345748672,7.97664520339477,-0.4));
#2847=CARTESIAN_POINT('Ctrl Pts',(-10.1591992285222,7.75720528281496,-0.4));
#2848=CARTESIAN_POINT('Ctrl Pts',(-10.1780562269144,7.6385183665326,-0.4));
#2849=CARTESIAN_POINT('Ctrl Pts',(-9.42416575242613,8.43146421619615,0.));
#2850=CARTESIAN_POINT('Ctrl Pts',(-9.42416575242613,8.43146421619615,-0.4));
#2851=CARTESIAN_POINT('Ctrl Pts',(-9.51799387299619,8.42342307442824,0.));
#2852=CARTESIAN_POINT('Ctrl Pts',(-9.51799387299619,8.42342307442824,-0.4));
#2853=CARTESIAN_POINT('Ctrl Pts',(-9.7052272342744,8.40737703202032,0.));
#2854=CARTESIAN_POINT('Ctrl Pts',(-9.7052272342744,8.40737703202032,-0.4));
#2855=CARTESIAN_POINT('Ctrl Pts',(-9.85133300576187,8.28923394287623,0.));
#2856=CARTESIAN_POINT('Ctrl Pts',(-9.85133300576187,8.28923394287623,-0.4));
#2857=CARTESIAN_POINT('Ctrl Pts',(-9.92422089636786,8.23029581558858,0.));
#2858=CARTESIAN_POINT('Ctrl Pts',(-9.92422089636786,8.23029581558858,-0.4));
#2859=CARTESIAN_POINT('',(-9.42416575242613,8.43146421619615,-0.4));
#2860=CARTESIAN_POINT('',(-9.42416575242613,8.43146421619615,0.));
#2861=CARTESIAN_POINT('Ctrl Pts',(-9.42416575242613,8.43146421619615,-0.4));
#2862=CARTESIAN_POINT('Ctrl Pts',(-9.51799387299619,8.42342307442824,-0.4));
#2863=CARTESIAN_POINT('Ctrl Pts',(-9.7052272342744,8.40737703202032,-0.4));
#2864=CARTESIAN_POINT('Ctrl Pts',(-9.85133300576187,8.28923394287623,-0.4));
#2865=CARTESIAN_POINT('Ctrl Pts',(-9.92422089636786,8.23029581558858,-0.4));
#2866=CARTESIAN_POINT('Ctrl Pts',(-8.94984932809051,8.25112601451486,0.));
#2867=CARTESIAN_POINT('Ctrl Pts',(-8.94984932809051,8.25112601451486,-0.4));
#2868=CARTESIAN_POINT('Ctrl Pts',(-9.01614439185118,8.30343521672341,0.));
#2869=CARTESIAN_POINT('Ctrl Pts',(-9.01614439185118,8.30343521672341,-0.4));
#2870=CARTESIAN_POINT('Ctrl Pts',(-9.15494309534496,8.41295241205413,0.));
#2871=CARTESIAN_POINT('Ctrl Pts',(-9.15494309534496,8.41295241205413,-0.4));
#2872=CARTESIAN_POINT('Ctrl Pts',(-9.33178806158319,8.42511230756217,0.));
#2873=CARTESIAN_POINT('Ctrl Pts',(-9.33178806158319,8.42511230756217,-0.4));
#2874=CARTESIAN_POINT('Ctrl Pts',(-9.42416575242613,8.43146421619615,0.));
#2875=CARTESIAN_POINT('Ctrl Pts',(-9.42416575242613,8.43146421619615,-0.4));
#2876=CARTESIAN_POINT('',(-8.94984932809051,8.25112601451486,-0.4));
#2877=CARTESIAN_POINT('',(-8.94984932809051,8.25112601451486,0.));
#2878=CARTESIAN_POINT('Ctrl Pts',(-8.94984932809051,8.25112601451486,-0.4));
#2879=CARTESIAN_POINT('Ctrl Pts',(-9.01614439185118,8.30343521672341,-0.4));
#2880=CARTESIAN_POINT('Ctrl Pts',(-9.15494309534496,8.41295241205413,-0.4));
#2881=CARTESIAN_POINT('Ctrl Pts',(-9.33178806158319,8.42511230756217,-0.4));
#2882=CARTESIAN_POINT('Ctrl Pts',(-9.42416575242613,8.43146421619615,-0.4));
#2883=CARTESIAN_POINT('Ctrl Pts',(-8.77296502293395,7.7714566820671,0.));
#2884=CARTESIAN_POINT('Ctrl Pts',(-8.77296502293395,7.7714566820671,-0.4));
#2885=CARTESIAN_POINT('Ctrl Pts',(-8.7785142258651,7.86492145628464,0.));
#2886=CARTESIAN_POINT('Ctrl Pts',(-8.7785142258651,7.86492145628464,-0.4));
#2887=CARTESIAN_POINT('Ctrl Pts',(-8.78909909025198,8.04320146736336,0.));
#2888=CARTESIAN_POINT('Ctrl Pts',(-8.78909909025198,8.04320146736336,-0.4));
#2889=CARTESIAN_POINT('Ctrl Pts',(-8.89802752741366,8.18409641267296,0.));
#2890=CARTESIAN_POINT('Ctrl Pts',(-8.89802752741366,8.18409641267296,-0.4));
#2891=CARTESIAN_POINT('Ctrl Pts',(-8.94984932809051,8.25112601451486,0.));
#2892=CARTESIAN_POINT('Ctrl Pts',(-8.94984932809051,8.25112601451486,-0.4));
#2893=CARTESIAN_POINT('',(-8.77296502293395,7.7714566820671,-0.4));
#2894=CARTESIAN_POINT('',(-8.77296502293395,7.7714566820671,0.));
#2895=CARTESIAN_POINT('Ctrl Pts',(-8.77296502293395,7.7714566820671,-0.4));
#2896=CARTESIAN_POINT('Ctrl Pts',(-8.7785142258651,7.86492145628464,-0.4));
#2897=CARTESIAN_POINT('Ctrl Pts',(-8.78909909025198,8.04320146736336,-0.4));
#2898=CARTESIAN_POINT('Ctrl Pts',(-8.89802752741366,8.18409641267296,-0.4));
#2899=CARTESIAN_POINT('Ctrl Pts',(-8.94984932809051,8.25112601451486,-0.4));
#2900=CARTESIAN_POINT('Ctrl Pts',(-9.01858613416306,7.206036347199,0.));
#2901=CARTESIAN_POINT('Ctrl Pts',(-9.01858613416306,7.206036347199,-0.4));
#2902=CARTESIAN_POINT('Ctrl Pts',(-8.9472736522488,7.28406377717667,0.));
#2903=CARTESIAN_POINT('Ctrl Pts',(-8.9472736522488,7.28406377717667,-0.4));
#2904=CARTESIAN_POINT('Ctrl Pts',(-8.80098964431356,7.44412222528596,0.));
#2905=CARTESIAN_POINT('Ctrl Pts',(-8.80098964431356,7.44412222528596,-0.4));
#2906=CARTESIAN_POINT('Ctrl Pts',(-8.78246105041594,7.66054075013392,0.));
#2907=CARTESIAN_POINT('Ctrl Pts',(-8.78246105041594,7.66054075013392,-0.4));
#2908=CARTESIAN_POINT('Ctrl Pts',(-8.77296502293395,7.7714566820671,0.));
#2909=CARTESIAN_POINT('Ctrl Pts',(-8.77296502293395,7.7714566820671,-0.4));
#2910=CARTESIAN_POINT('',(-9.01858613416306,7.206036347199,-0.4));
#2911=CARTESIAN_POINT('',(-9.01858613416306,7.206036347199,0.));
#2912=CARTESIAN_POINT('Ctrl Pts',(-9.01858613416306,7.206036347199,-0.4));
#2913=CARTESIAN_POINT('Ctrl Pts',(-8.9472736522488,7.28406377717667,-0.4));
#2914=CARTESIAN_POINT('Ctrl Pts',(-8.80098964431356,7.44412222528596,-0.4));
#2915=CARTESIAN_POINT('Ctrl Pts',(-8.78246105041594,7.66054075013392,-0.4));
#2916=CARTESIAN_POINT('Ctrl Pts',(-8.77296502293395,7.7714566820671,-0.4));
#2917=CARTESIAN_POINT('Ctrl Pts',(-9.72566870854478,7.00764786832421,0.));
#2918=CARTESIAN_POINT('Ctrl Pts',(-9.72566870854478,7.00764786832421,-0.4));
#2919=CARTESIAN_POINT('Ctrl Pts',(-9.58557820331153,7.00842819787272,0.));
#2920=CARTESIAN_POINT('Ctrl Pts',(-9.58557820331153,7.00842819787272,-0.4));
#2921=CARTESIAN_POINT('Ctrl Pts',(-9.33041929872937,7.00984947929704,0.));
#2922=CARTESIAN_POINT('Ctrl Pts',(-9.33041929872937,7.00984947929704,-0.4));
#2923=CARTESIAN_POINT('Ctrl Pts',(-9.11550535846002,7.14506053957202,0.));
#2924=CARTESIAN_POINT('Ctrl Pts',(-9.11550535846002,7.14506053957202,-0.4));
#2925=CARTESIAN_POINT('Ctrl Pts',(-9.01858613416306,7.206036347199,0.));
#2926=CARTESIAN_POINT('Ctrl Pts',(-9.01858613416306,7.206036347199,-0.4));
#2927=CARTESIAN_POINT('',(-9.72566870854478,7.00764786832421,-0.4));
#2928=CARTESIAN_POINT('',(-9.72566870854478,7.00764786832421,0.));
#2929=CARTESIAN_POINT('Ctrl Pts',(-9.72566870854478,7.00764786832421,-0.4));
#2930=CARTESIAN_POINT('Ctrl Pts',(-9.58557820331153,7.00842819787272,-0.4));
#2931=CARTESIAN_POINT('Ctrl Pts',(-9.33041929872937,7.00984947929704,-0.4));
#2932=CARTESIAN_POINT('Ctrl Pts',(-9.11550535846002,7.14506053957202,-0.4));
#2933=CARTESIAN_POINT('Ctrl Pts',(-9.01858613416306,7.206036347199,-0.4));
#2934=CARTESIAN_POINT('Origin',(-9.85487897541912,6.07847496971662,0.));
#2935=CARTESIAN_POINT('',(-9.85487897541912,6.07847496971662,-0.4));
#2936=CARTESIAN_POINT('',(-9.85487897541912,6.07847496971662,0.));
#2937=CARTESIAN_POINT('',(-9.85487897541912,6.07847496971662,-0.4));
#2938=CARTESIAN_POINT('Ctrl Pts',(-9.33089333977164,6.16182874617413,0.));
#2939=CARTESIAN_POINT('Ctrl Pts',(-9.33089333977164,6.16182874617413,-0.4));
#2940=CARTESIAN_POINT('Ctrl Pts',(-9.41146309294443,6.15742853172797,0.));
#2941=CARTESIAN_POINT('Ctrl Pts',(-9.41146309294443,6.15742853172797,-0.4));
#2942=CARTESIAN_POINT('Ctrl Pts',(-9.58888949773806,6.14773861462188,0.));
#2943=CARTESIAN_POINT('Ctrl Pts',(-9.58888949773806,6.14773861462188,-0.4));
#2944=CARTESIAN_POINT('Ctrl Pts',(-9.7609510073144,6.10293380728492,0.));
#2945=CARTESIAN_POINT('Ctrl Pts',(-9.7609510073144,6.10293380728492,-0.4));
#2946=CARTESIAN_POINT('Ctrl Pts',(-9.85487897541912,6.07847496971662,0.));
#2947=CARTESIAN_POINT('Ctrl Pts',(-9.85487897541912,6.07847496971662,-0.4));
#2948=CARTESIAN_POINT('',(-9.33089333977164,6.16182874617413,-0.4));
#2949=CARTESIAN_POINT('',(-9.33089333977164,6.16182874617413,0.));
#2950=CARTESIAN_POINT('Ctrl Pts',(-9.33089333977164,6.16182874617413,-0.4));
#2951=CARTESIAN_POINT('Ctrl Pts',(-9.41146309294443,6.15742853172797,-0.4));
#2952=CARTESIAN_POINT('Ctrl Pts',(-9.58888949773806,6.14773861462188,-0.4));
#2953=CARTESIAN_POINT('Ctrl Pts',(-9.7609510073144,6.10293380728492,-0.4));
#2954=CARTESIAN_POINT('Ctrl Pts',(-9.85487897541912,6.07847496971662,-0.4));
#2955=CARTESIAN_POINT('Ctrl Pts',(-8.76753221890513,5.90809628780119,0.));
#2956=CARTESIAN_POINT('Ctrl Pts',(-8.76753221890513,5.90809628780119,-0.4));
#2957=CARTESIAN_POINT('Ctrl Pts',(-8.84819841376811,5.9817975489486,0.));
#2958=CARTESIAN_POINT('Ctrl Pts',(-8.84819841376811,5.9817975489486,-0.4));
#2959=CARTESIAN_POINT('Ctrl Pts',(-9.0083140658547,6.12808838996652,0.));
#2960=CARTESIAN_POINT('Ctrl Pts',(-9.0083140658547,6.12808838996652,-0.4));
#2961=CARTESIAN_POINT('Ctrl Pts',(-9.22391303576126,6.15063908255848,0.));
#2962=CARTESIAN_POINT('Ctrl Pts',(-9.22391303576126,6.15063908255848,-0.4));
#2963=CARTESIAN_POINT('Ctrl Pts',(-9.33089333977164,6.16182874617413,0.));
#2964=CARTESIAN_POINT('Ctrl Pts',(-9.33089333977164,6.16182874617413,-0.4));
#2965=CARTESIAN_POINT('',(-8.76753221890513,5.90809628780119,-0.4));
#2966=CARTESIAN_POINT('',(-8.76753221890513,5.90809628780119,0.));
#2967=CARTESIAN_POINT('Ctrl Pts',(-8.76753221890513,5.90809628780119,-0.4));
#2968=CARTESIAN_POINT('Ctrl Pts',(-8.84819841376811,5.9817975489486,-0.4));
#2969=CARTESIAN_POINT('Ctrl Pts',(-9.0083140658547,6.12808838996652,-0.4));
#2970=CARTESIAN_POINT('Ctrl Pts',(-9.22391303576126,6.15063908255848,-0.4));
#2971=CARTESIAN_POINT('Ctrl Pts',(-9.33089333977164,6.16182874617413,-0.4));
#2972=CARTESIAN_POINT('Ctrl Pts',(-8.53860911541054,5.22526017428228,0.));
#2973=CARTESIAN_POINT('Ctrl Pts',(-8.53860911541054,5.22526017428228,-0.4));
#2974=CARTESIAN_POINT('Ctrl Pts',(-8.54507290348612,5.35819168035842,0.));
#2975=CARTESIAN_POINT('Ctrl Pts',(-8.54507290348612,5.35819168035842,-0.4));
#2976=CARTESIAN_POINT('Ctrl Pts',(-8.55722893971041,5.60818753175663,0.));
#2977=CARTESIAN_POINT('Ctrl Pts',(-8.55722893971041,5.60818753175663,-0.4));
#2978=CARTESIAN_POINT('Ctrl Pts',(-8.70046143346452,5.81244815570621,0.));
#2979=CARTESIAN_POINT('Ctrl Pts',(-8.70046143346452,5.81244815570621,-0.4));
#2980=CARTESIAN_POINT('Ctrl Pts',(-8.76753221890513,5.90809628780119,0.));
#2981=CARTESIAN_POINT('Ctrl Pts',(-8.76753221890513,5.90809628780119,-0.4));
#2982=CARTESIAN_POINT('',(-8.53860911541054,5.22526017428228,-0.4));
#2983=CARTESIAN_POINT('',(-8.53860911541054,5.22526017428228,0.));
#2984=CARTESIAN_POINT('Ctrl Pts',(-8.53860911541054,5.22526017428228,-0.4));
#2985=CARTESIAN_POINT('Ctrl Pts',(-8.54507290348612,5.35819168035842,-0.4));
#2986=CARTESIAN_POINT('Ctrl Pts',(-8.55722893971041,5.60818753175663,-0.4));
#2987=CARTESIAN_POINT('Ctrl Pts',(-8.70046143346452,5.81244815570621,-0.4));
#2988=CARTESIAN_POINT('Ctrl Pts',(-8.76753221890513,5.90809628780119,-0.4));
#2989=CARTESIAN_POINT('Ctrl Pts',(-8.78276531096953,4.50354149072965,0.));
#2990=CARTESIAN_POINT('Ctrl Pts',(-8.78276531096953,4.50354149072965,-0.4));
#2991=CARTESIAN_POINT('Ctrl Pts',(-8.71202573507273,4.60468406107984,0.));
#2992=CARTESIAN_POINT('Ctrl Pts',(-8.71202573507273,4.60468406107984,-0.4));
#2993=CARTESIAN_POINT('Ctrl Pts',(-8.56092362450331,4.82072798917216,0.));
#2994=CARTESIAN_POINT('Ctrl Pts',(-8.56092362450331,4.82072798917216,-0.4));
#2995=CARTESIAN_POINT('Ctrl Pts',(-8.54635652110524,5.08481007781892,0.));
#2996=CARTESIAN_POINT('Ctrl Pts',(-8.54635652110524,5.08481007781892,-0.4));
#2997=CARTESIAN_POINT('Ctrl Pts',(-8.53860911541054,5.22526017428228,0.));
#2998=CARTESIAN_POINT('Ctrl Pts',(-8.53860911541054,5.22526017428228,-0.4));
#2999=CARTESIAN_POINT('',(-8.78276531096953,4.50354149072965,-0.4));
#3000=CARTESIAN_POINT('',(-8.78276531096953,4.50354149072965,0.));
#3001=CARTESIAN_POINT('Ctrl Pts',(-8.78276531096953,4.50354149072965,-0.4));
#3002=CARTESIAN_POINT('Ctrl Pts',(-8.71202573507273,4.60468406107984,-0.4));
#3003=CARTESIAN_POINT('Ctrl Pts',(-8.56092362450331,4.82072798917216,-0.4));
#3004=CARTESIAN_POINT('Ctrl Pts',(-8.54635652110524,5.08481007781892,-0.4));
#3005=CARTESIAN_POINT('Ctrl Pts',(-8.53860911541054,5.22526017428228,-0.4));
#3006=CARTESIAN_POINT('Ctrl Pts',(-9.37845458447823,4.23776680161818,0.));
#3007=CARTESIAN_POINT('Ctrl Pts',(-9.37845458447823,4.23776680161818,-0.4));
#3008=CARTESIAN_POINT('Ctrl Pts',(-9.26509892518508,4.24878753632153,0.));
#3009=CARTESIAN_POINT('Ctrl Pts',(-9.26509892518508,4.24878753632153,-0.4));
#3010=CARTESIAN_POINT('Ctrl Pts',(-9.03701026233231,4.27096291475271,0.));
#3011=CARTESIAN_POINT('Ctrl Pts',(-9.03701026233231,4.27096291475271,-0.4));
#3012=CARTESIAN_POINT('Ctrl Pts',(-8.86785411884736,4.42570382409468,0.));
#3013=CARTESIAN_POINT('Ctrl Pts',(-8.86785411884736,4.42570382409468,-0.4));
#3014=CARTESIAN_POINT('Ctrl Pts',(-8.78276531096953,4.50354149072965,0.));
#3015=CARTESIAN_POINT('Ctrl Pts',(-8.78276531096953,4.50354149072965,-0.4));
#3016=CARTESIAN_POINT('',(-9.37845458447823,4.23776680161818,-0.4));
#3017=CARTESIAN_POINT('',(-9.37845458447823,4.23776680161818,0.));
#3018=CARTESIAN_POINT('Ctrl Pts',(-9.37845458447823,4.23776680161818,-0.4));
#3019=CARTESIAN_POINT('Ctrl Pts',(-9.26509892518508,4.24878753632153,-0.4));
#3020=CARTESIAN_POINT('Ctrl Pts',(-9.03701026233231,4.27096291475271,-0.4));
#3021=CARTESIAN_POINT('Ctrl Pts',(-8.86785411884736,4.42570382409468,-0.4));
#3022=CARTESIAN_POINT('Ctrl Pts',(-8.78276531096953,4.50354149072965,-0.4));
#3023=CARTESIAN_POINT('Ctrl Pts',(-9.93785893392263,4.46306763911779,0.));
#3024=CARTESIAN_POINT('Ctrl Pts',(-9.93785893392263,4.46306763911779,-0.4));
#3025=CARTESIAN_POINT('Ctrl Pts',(-9.85656594156487,4.39765198832961,0.));
#3026=CARTESIAN_POINT('Ctrl Pts',(-9.85656594156487,4.39765198832961,-0.4));
#3027=CARTESIAN_POINT('Ctrl Pts',(-9.69295778396179,4.2659981545433,0.));
#3028=CARTESIAN_POINT('Ctrl Pts',(-9.69295778396179,4.2659981545433,-0.4));
#3029=CARTESIAN_POINT('Ctrl Pts',(-9.48372472533279,4.24721636684939,0.));
#3030=CARTESIAN_POINT('Ctrl Pts',(-9.48372472533279,4.24721636684939,-0.4));
#3031=CARTESIAN_POINT('Ctrl Pts',(-9.37845458447823,4.23776680161818,0.));
#3032=CARTESIAN_POINT('Ctrl Pts',(-9.37845458447823,4.23776680161818,-0.4));
#3033=CARTESIAN_POINT('',(-9.93785893392263,4.46306763911779,-0.4));
#3034=CARTESIAN_POINT('',(-9.93785893392263,4.46306763911779,0.));
#3035=CARTESIAN_POINT('Ctrl Pts',(-9.93785893392263,4.46306763911779,-0.4));
#3036=CARTESIAN_POINT('Ctrl Pts',(-9.85656594156487,4.39765198832961,-0.4));
#3037=CARTESIAN_POINT('Ctrl Pts',(-9.69295778396179,4.2659981545433,-0.4));
#3038=CARTESIAN_POINT('Ctrl Pts',(-9.48372472533279,4.24721636684939,-0.4));
#3039=CARTESIAN_POINT('Ctrl Pts',(-9.37845458447823,4.23776680161818,-0.4));
#3040=CARTESIAN_POINT('Ctrl Pts',(-10.2196879095414,5.10955918280391,0.));
#3041=CARTESIAN_POINT('Ctrl Pts',(-10.2196879095414,5.10955918280391,-0.4));
#3042=CARTESIAN_POINT('Ctrl Pts',(-10.198430183155,4.98042384995574,0.));
#3043=CARTESIAN_POINT('Ctrl Pts',(-10.198430183155,4.98042384995574,-0.4));
#3044=CARTESIAN_POINT('Ctrl Pts',(-10.1589093136983,4.74034452355113,0.));
#3045=CARTESIAN_POINT('Ctrl Pts',(-10.1589093136983,4.74034452355113,-0.4));
#3046=CARTESIAN_POINT('Ctrl Pts',(-10.0077238417931,4.55070342606019,0.));
#3047=CARTESIAN_POINT('Ctrl Pts',(-10.0077238417931,4.55070342606019,-0.4));
#3048=CARTESIAN_POINT('Ctrl Pts',(-9.93785893392263,4.46306763911779,0.));
#3049=CARTESIAN_POINT('Ctrl Pts',(-9.93785893392263,4.46306763911779,-0.4));
#3050=CARTESIAN_POINT('',(-10.2196879095414,5.10955918280391,-0.4));
#3051=CARTESIAN_POINT('',(-10.2196879095414,5.10955918280391,0.));
#3052=CARTESIAN_POINT('Ctrl Pts',(-10.2196879095414,5.10955918280391,-0.4));
#3053=CARTESIAN_POINT('Ctrl Pts',(-10.198430183155,4.98042384995574,-0.4));
#3054=CARTESIAN_POINT('Ctrl Pts',(-10.1589093136983,4.74034452355113,-0.4));
#3055=CARTESIAN_POINT('Ctrl Pts',(-10.0077238417931,4.55070342606019,-0.4));
#3056=CARTESIAN_POINT('Ctrl Pts',(-9.93785893392263,4.46306763911779,-0.4));
#3057=CARTESIAN_POINT('Origin',(-11.324360766002,4.97959240220565,0.));
#3058=CARTESIAN_POINT('',(-11.324360766002,4.97959240220565,-0.4));
#3059=CARTESIAN_POINT('',(-11.324360766002,4.97959240220565,0.));
#3060=CARTESIAN_POINT('',(-11.324360766002,4.97959240220565,-0.4));
#3061=CARTESIAN_POINT('Ctrl Pts',(-10.7117163753375,3.76153491578678,0.));
#3062=CARTESIAN_POINT('Ctrl Pts',(-10.7117163753375,3.76153491578678,-0.4));
#3063=CARTESIAN_POINT('Ctrl Pts',(-10.870007614999,3.9312446465086,0.));
#3064=CARTESIAN_POINT('Ctrl Pts',(-10.870007614999,3.9312446465086,-0.4));
#3065=CARTESIAN_POINT('Ctrl Pts',(-11.1926480679874,4.27715907938393,0.));
#3066=CARTESIAN_POINT('Ctrl Pts',(-11.1926480679874,4.27715907938393,-0.4));
#3067=CARTESIAN_POINT('Ctrl Pts',(-11.279910380704,4.74253528989801,0.));
#3068=CARTESIAN_POINT('Ctrl Pts',(-11.279910380704,4.74253528989801,-0.4));
#3069=CARTESIAN_POINT('Ctrl Pts',(-11.324360766002,4.97959240220565,0.));
#3070=CARTESIAN_POINT('Ctrl Pts',(-11.324360766002,4.97959240220565,-0.4));
#3071=CARTESIAN_POINT('Ctrl Pts',(-10.7117163753375,3.76153491578678,-0.4));
#3072=CARTESIAN_POINT('Ctrl Pts',(-10.870007614999,3.9312446465086,-0.4));
#3073=CARTESIAN_POINT('Ctrl Pts',(-11.1926480679874,4.27715907938393,-0.4));
#3074=CARTESIAN_POINT('Ctrl Pts',(-11.279910380704,4.74253528989801,-0.4));
#3075=CARTESIAN_POINT('Ctrl Pts',(-11.324360766002,4.97959240220565,-0.4));
#3076=CARTESIAN_POINT('Origin',(-9.91611411957371,6.32371957768798,-0.4));
#3077=CARTESIAN_POINT('Origin',(-14.8845493830784,8.35786198056501,0.));
#3078=CARTESIAN_POINT('',(-14.8845493830784,8.35786198056501,0.));
#3079=CARTESIAN_POINT('',(-15.8222968559479,8.36125679358211,0.));
#3080=CARTESIAN_POINT('',(-16.2088054209151,8.36265602348732,0.));
#3081=CARTESIAN_POINT('',(-14.8845493830784,8.35786198056501,-0.4));
#3082=CARTESIAN_POINT('',(-14.8845493830784,8.35786198056501,0.));
#3083=CARTESIAN_POINT('',(-15.8222968559479,8.36125679358211,-0.4));
#3084=CARTESIAN_POINT('',(-14.8845493830784,8.35786198056501,-0.4));
#3085=CARTESIAN_POINT('',(-15.8222968559479,8.36125679358211,0.));
#3086=CARTESIAN_POINT('Ctrl Pts',(-14.0077679914114,8.33438997689034,0.));
#3087=CARTESIAN_POINT('Ctrl Pts',(-14.0077679914114,8.33438997689034,-0.4));
#3088=CARTESIAN_POINT('Ctrl Pts',(-14.105153971646,8.34052222729334,0.));
#3089=CARTESIAN_POINT('Ctrl Pts',(-14.105153971646,8.34052222729334,-0.4));
#3090=CARTESIAN_POINT('Ctrl Pts',(-14.3970555987198,8.35890283881409,0.));
#3091=CARTESIAN_POINT('Ctrl Pts',(-14.3970555987198,8.35890283881409,-0.4));
#3092=CARTESIAN_POINT('Ctrl Pts',(-14.6896032455126,8.35827821417029,0.));
#3093=CARTESIAN_POINT('Ctrl Pts',(-14.6896032455126,8.35827821417029,-0.4));
#3094=CARTESIAN_POINT('Ctrl Pts',(-14.8845493830784,8.35786198056501,0.));
#3095=CARTESIAN_POINT('Ctrl Pts',(-14.8845493830784,8.35786198056501,-0.4));
#3096=CARTESIAN_POINT('',(-14.0077679914114,8.33438997689034,0.));
#3097=CARTESIAN_POINT('Ctrl Pts',(-14.0077679914114,8.33438997689034,0.));
#3098=CARTESIAN_POINT('Ctrl Pts',(-14.105153971646,8.34052222729334,0.));
#3099=CARTESIAN_POINT('Ctrl Pts',(-14.3970555987198,8.35890283881409,0.));
#3100=CARTESIAN_POINT('Ctrl Pts',(-14.6896032455126,8.35827821417029,0.));
#3101=CARTESIAN_POINT('Ctrl Pts',(-14.8845493830784,8.35786198056501,0.));
#3102=CARTESIAN_POINT('',(-14.0077679914114,8.33438997689034,-0.4));
#3103=CARTESIAN_POINT('',(-14.0077679914114,8.33438997689034,0.));
#3104=CARTESIAN_POINT('Ctrl Pts',(-14.0077679914114,8.33438997689034,-0.4));
#3105=CARTESIAN_POINT('Ctrl Pts',(-14.105153971646,8.34052222729334,-0.4));
#3106=CARTESIAN_POINT('Ctrl Pts',(-14.3970555987198,8.35890283881409,-0.4));
#3107=CARTESIAN_POINT('Ctrl Pts',(-14.6896032455126,8.35827821417029,-0.4));
#3108=CARTESIAN_POINT('Ctrl Pts',(-14.8845493830784,8.35786198056501,-0.4));
#3109=CARTESIAN_POINT('Ctrl Pts',(-13.555977419783,8.09932947305501,0.));
#3110=CARTESIAN_POINT('Ctrl Pts',(-13.555977419783,8.09932947305501,-0.4));
#3111=CARTESIAN_POINT('Ctrl Pts',(-13.6170429669528,8.15580691388351,0.));
#3112=CARTESIAN_POINT('Ctrl Pts',(-13.6170429669528,8.15580691388351,-0.4));
#3113=CARTESIAN_POINT('Ctrl Pts',(-13.745909573829,8.27499124124878,0.));
#3114=CARTESIAN_POINT('Ctrl Pts',(-13.745909573829,8.27499124124878,-0.4));
#3115=CARTESIAN_POINT('Ctrl Pts',(-13.9174924595274,8.31391229852206,0.));
#3116=CARTESIAN_POINT('Ctrl Pts',(-13.9174924595274,8.31391229852206,-0.4));
#3117=CARTESIAN_POINT('Ctrl Pts',(-14.0077679914114,8.33438997689034,0.));
#3118=CARTESIAN_POINT('Ctrl Pts',(-14.0077679914114,8.33438997689034,-0.4));
#3119=CARTESIAN_POINT('',(-13.555977419783,8.09932947305501,0.));
#3120=CARTESIAN_POINT('Ctrl Pts',(-13.555977419783,8.09932947305501,0.));
#3121=CARTESIAN_POINT('Ctrl Pts',(-13.6170429669528,8.15580691388351,0.));
#3122=CARTESIAN_POINT('Ctrl Pts',(-13.745909573829,8.27499124124878,0.));
#3123=CARTESIAN_POINT('Ctrl Pts',(-13.9174924595274,8.31391229852206,0.));
#3124=CARTESIAN_POINT('Ctrl Pts',(-14.0077679914114,8.33438997689034,0.));
#3125=CARTESIAN_POINT('',(-13.555977419783,8.09932947305501,-0.4));
#3126=CARTESIAN_POINT('',(-13.555977419783,8.09932947305501,0.));
#3127=CARTESIAN_POINT('Ctrl Pts',(-13.555977419783,8.09932947305501,-0.4));
#3128=CARTESIAN_POINT('Ctrl Pts',(-13.6170429669528,8.15580691388351,-0.4));
#3129=CARTESIAN_POINT('Ctrl Pts',(-13.745909573829,8.27499124124878,-0.4));
#3130=CARTESIAN_POINT('Ctrl Pts',(-13.9174924595274,8.31391229852206,-0.4));
#3131=CARTESIAN_POINT('Ctrl Pts',(-14.0077679914114,8.33438997689034,-0.4));
#3132=CARTESIAN_POINT('Ctrl Pts',(-13.3973826703365,7.61363710164749,0.));
#3133=CARTESIAN_POINT('Ctrl Pts',(-13.3973826703365,7.61363710164749,-0.4));
#3134=CARTESIAN_POINT('Ctrl Pts',(-13.4020858719467,7.706995922665,0.));
#3135=CARTESIAN_POINT('Ctrl Pts',(-13.4020858719467,7.706995922665,-0.4));
#3136=CARTESIAN_POINT('Ctrl Pts',(-13.4109906797481,7.88375686693906,0.));
#3137=CARTESIAN_POINT('Ctrl Pts',(-13.4109906797481,7.88375686693906,-0.4));
#3138=CARTESIAN_POINT('Ctrl Pts',(-13.509498101724,8.0302219965916,0.));
#3139=CARTESIAN_POINT('Ctrl Pts',(-13.509498101724,8.0302219965916,-0.4));
#3140=CARTESIAN_POINT('Ctrl Pts',(-13.555977419783,8.09932947305501,0.));
#3141=CARTESIAN_POINT('Ctrl Pts',(-13.555977419783,8.09932947305501,-0.4));
#3142=CARTESIAN_POINT('',(-13.3973826703365,7.61363710164749,0.));
#3143=CARTESIAN_POINT('Ctrl Pts',(-13.3973826703365,7.61363710164749,0.));
#3144=CARTESIAN_POINT('Ctrl Pts',(-13.4020858719467,7.706995922665,0.));
#3145=CARTESIAN_POINT('Ctrl Pts',(-13.4109906797481,7.88375686693906,0.));
#3146=CARTESIAN_POINT('Ctrl Pts',(-13.509498101724,8.0302219965916,0.));
#3147=CARTESIAN_POINT('Ctrl Pts',(-13.555977419783,8.09932947305501,0.));
#3148=CARTESIAN_POINT('',(-13.3973826703365,7.61363710164749,-0.4));
#3149=CARTESIAN_POINT('',(-13.3973826703365,7.61363710164749,0.));
#3150=CARTESIAN_POINT('Ctrl Pts',(-13.3973826703365,7.61363710164749,-0.4));
#3151=CARTESIAN_POINT('Ctrl Pts',(-13.4020858719467,7.706995922665,-0.4));
#3152=CARTESIAN_POINT('Ctrl Pts',(-13.4109906797481,7.88375686693906,-0.4));
#3153=CARTESIAN_POINT('Ctrl Pts',(-13.509498101724,8.0302219965916,-0.4));
#3154=CARTESIAN_POINT('Ctrl Pts',(-13.555977419783,8.09932947305501,-0.4));
#3155=CARTESIAN_POINT('Ctrl Pts',(-13.5207847463438,7.16753155701761,0.));
#3156=CARTESIAN_POINT('Ctrl Pts',(-13.5207847463438,7.16753155701761,-0.4));
#3157=CARTESIAN_POINT('Ctrl Pts',(-13.4850580117575,7.23296225285577,0.));
#3158=CARTESIAN_POINT('Ctrl Pts',(-13.4850580117575,7.23296225285577,-0.4));
#3159=CARTESIAN_POINT('Ctrl Pts',(-13.4092749233749,7.37175300054298,0.));
#3160=CARTESIAN_POINT('Ctrl Pts',(-13.4092749233749,7.37175300054298,-0.4));
#3161=CARTESIAN_POINT('Ctrl Pts',(-13.4014949164435,7.52999551162155,0.));
#3162=CARTESIAN_POINT('Ctrl Pts',(-13.4014949164435,7.52999551162155,-0.4));
#3163=CARTESIAN_POINT('Ctrl Pts',(-13.3973826703365,7.61363710164749,0.));
#3164=CARTESIAN_POINT('Ctrl Pts',(-13.3973826703365,7.61363710164749,-0.4));
#3165=CARTESIAN_POINT('',(-13.5207847463438,7.16753155701761,0.));
#3166=CARTESIAN_POINT('Ctrl Pts',(-13.5207847463438,7.16753155701761,0.));
#3167=CARTESIAN_POINT('Ctrl Pts',(-13.4850580117575,7.23296225285577,0.));
#3168=CARTESIAN_POINT('Ctrl Pts',(-13.4092749233749,7.37175300054298,0.));
#3169=CARTESIAN_POINT('Ctrl Pts',(-13.4014949164435,7.52999551162155,0.));
#3170=CARTESIAN_POINT('Ctrl Pts',(-13.3973826703365,7.61363710164749,0.));
#3171=CARTESIAN_POINT('',(-13.5207847463438,7.16753155701761,-0.4));
#3172=CARTESIAN_POINT('',(-13.5207847463438,7.16753155701761,0.));
#3173=CARTESIAN_POINT('Ctrl Pts',(-13.5207847463438,7.16753155701761,-0.4));
#3174=CARTESIAN_POINT('Ctrl Pts',(-13.4850580117575,7.23296225285577,-0.4));
#3175=CARTESIAN_POINT('Ctrl Pts',(-13.4092749233749,7.37175300054298,-0.4));
#3176=CARTESIAN_POINT('Ctrl Pts',(-13.4014949164435,7.52999551162155,-0.4));
#3177=CARTESIAN_POINT('Ctrl Pts',(-13.3973826703365,7.61363710164749,-0.4));
#3178=CARTESIAN_POINT('Ctrl Pts',(-13.8586354797292,6.91706134818427,0.));
#3179=CARTESIAN_POINT('Ctrl Pts',(-13.8586354797292,6.91706134818427,-0.4));
#3180=CARTESIAN_POINT('Ctrl Pts',(-13.7909873191015,6.9451616667956,0.));
#3181=CARTESIAN_POINT('Ctrl Pts',(-13.7909873191015,6.9451616667956,-0.4));
#3182=CARTESIAN_POINT('Ctrl Pts',(-13.6574878554491,7.00061590868884,0.));
#3183=CARTESIAN_POINT('Ctrl Pts',(-13.6574878554491,7.00061590868884,-0.4));
#3184=CARTESIAN_POINT('Ctrl Pts',(-13.5659417227235,7.11239450828241,0.));
#3185=CARTESIAN_POINT('Ctrl Pts',(-13.5659417227235,7.11239450828241,-0.4));
#3186=CARTESIAN_POINT('Ctrl Pts',(-13.5207847463438,7.16753155701761,0.));
#3187=CARTESIAN_POINT('Ctrl Pts',(-13.5207847463438,7.16753155701761,-0.4));
#3188=CARTESIAN_POINT('',(-13.8586354797292,6.91706134818427,0.));
#3189=CARTESIAN_POINT('Ctrl Pts',(-13.8586354797292,6.91706134818427,0.));
#3190=CARTESIAN_POINT('Ctrl Pts',(-13.7909873191015,6.9451616667956,0.));
#3191=CARTESIAN_POINT('Ctrl Pts',(-13.6574878554491,7.00061590868884,0.));
#3192=CARTESIAN_POINT('Ctrl Pts',(-13.5659417227235,7.11239450828241,0.));
#3193=CARTESIAN_POINT('Ctrl Pts',(-13.5207847463438,7.16753155701761,0.));
#3194=CARTESIAN_POINT('',(-13.8586354797292,6.91706134818427,-0.4));
#3195=CARTESIAN_POINT('',(-13.8586354797292,6.91706134818427,0.));
#3196=CARTESIAN_POINT('Ctrl Pts',(-13.8586354797292,6.91706134818427,-0.4));
#3197=CARTESIAN_POINT('Ctrl Pts',(-13.7909873191015,6.9451616667956,-0.4));
#3198=CARTESIAN_POINT('Ctrl Pts',(-13.6574878554491,7.00061590868884,-0.4));
#3199=CARTESIAN_POINT('Ctrl Pts',(-13.5659417227235,7.11239450828241,-0.4));
#3200=CARTESIAN_POINT('Ctrl Pts',(-13.5207847463438,7.16753155701761,-0.4));
#3201=CARTESIAN_POINT('Ctrl Pts',(-14.9387306145649,6.84789928807091,0.));
#3202=CARTESIAN_POINT('Ctrl Pts',(-14.9387306145649,6.84789928807091,-0.4));
#3203=CARTESIAN_POINT('Ctrl Pts',(-14.7038807825871,6.84421048083876,0.));
#3204=CARTESIAN_POINT('Ctrl Pts',(-14.7038807825871,6.84421048083876,-0.4));
#3205=CARTESIAN_POINT('Ctrl Pts',(-14.3415022366009,6.83851856873495,0.));
#3206=CARTESIAN_POINT('Ctrl Pts',(-14.3415022366009,6.83851856873495,-0.4));
#3207=CARTESIAN_POINT('Ctrl Pts',(-13.9843314666429,6.89661572413304,0.));
#3208=CARTESIAN_POINT('Ctrl Pts',(-13.9843314666429,6.89661572413304,-0.4));
#3209=CARTESIAN_POINT('Ctrl Pts',(-13.8586354797292,6.91706134818427,0.));
#3210=CARTESIAN_POINT('Ctrl Pts',(-13.8586354797292,6.91706134818427,-0.4));
#3211=CARTESIAN_POINT('',(-14.9387306145649,6.84789928807091,0.));
#3212=CARTESIAN_POINT('Ctrl Pts',(-14.9387306145649,6.84789928807091,0.));
#3213=CARTESIAN_POINT('Ctrl Pts',(-14.7038807825871,6.84421048083876,0.));
#3214=CARTESIAN_POINT('Ctrl Pts',(-14.3415022366009,6.83851856873495,0.));
#3215=CARTESIAN_POINT('Ctrl Pts',(-13.9843314666429,6.89661572413304,0.));
#3216=CARTESIAN_POINT('Ctrl Pts',(-13.8586354797292,6.91706134818427,0.));
#3217=CARTESIAN_POINT('',(-14.9387306145649,6.84789928807091,-0.4));
#3218=CARTESIAN_POINT('',(-14.9387306145649,6.84789928807091,0.));
#3219=CARTESIAN_POINT('Ctrl Pts',(-14.9387306145649,6.84789928807091,-0.4));
#3220=CARTESIAN_POINT('Ctrl Pts',(-14.7038807825871,6.84421048083876,-0.4));
#3221=CARTESIAN_POINT('Ctrl Pts',(-14.3415022366009,6.83851856873495,-0.4));
#3222=CARTESIAN_POINT('Ctrl Pts',(-13.9843314666429,6.89661572413304,-0.4));
#3223=CARTESIAN_POINT('Ctrl Pts',(-13.8586354797292,6.91706134818427,-0.4));
#3224=CARTESIAN_POINT('Origin',(-15.8277638284986,6.85111774678674,0.));
#3225=CARTESIAN_POINT('',(-15.8277638284986,6.85111774678674,0.));
#3226=CARTESIAN_POINT('',(-16.6831461299006,6.8542143832005,0.));
#3227=CARTESIAN_POINT('',(-15.8277638284986,6.85111774678674,-0.4));
#3228=CARTESIAN_POINT('',(-15.8277638284986,6.85111774678674,0.));
#3229=CARTESIAN_POINT('',(-15.8277638284986,6.85111774678674,-0.4));
#3230=CARTESIAN_POINT('Origin',(-15.8222968559479,8.36125679358211,0.));
#3231=CARTESIAN_POINT('',(-15.805766126572,12.9275317603773,0.));
#3232=CARTESIAN_POINT('',(-15.8222968559479,8.36125679358211,-0.4));
#3233=CARTESIAN_POINT('Origin',(-15.8312027303608,5.90119163467797,0.));
#3234=CARTESIAN_POINT('',(-15.8312027303608,5.90119163467797,-0.4));
#3235=CARTESIAN_POINT('',(-15.8312027303608,5.90119163467797,0.));
#3236=CARTESIAN_POINT('',(-15.8401967813848,3.4167694953166,-0.4));
#3237=CARTESIAN_POINT('',(-15.8312027303608,5.90119163467798,-0.4));
#3238=CARTESIAN_POINT('',(-15.8401967813848,3.4167694953166,0.));
#3239=CARTESIAN_POINT('Origin',(-15.5876318827139,5.90030986478992,0.));
#3240=CARTESIAN_POINT('',(-15.5876318827139,5.90030986478992,-0.4));
#3241=CARTESIAN_POINT('',(-15.5876318827139,5.90030986478992,0.));
#3242=CARTESIAN_POINT('',(-15.5876318827139,5.90030986478992,-0.4));
#3243=CARTESIAN_POINT('Ctrl Pts',(-14.9830069708851,5.83113806819682,0.));
#3244=CARTESIAN_POINT('Ctrl Pts',(-14.9830069708851,5.83113806819682,-0.4));
#3245=CARTESIAN_POINT('Ctrl Pts',(-15.0648126392393,5.85082516507084,0.));
#3246=CARTESIAN_POINT('Ctrl Pts',(-15.0648126392393,5.85082516507084,-0.4));
#3247=CARTESIAN_POINT('Ctrl Pts',(-15.2631911253843,5.89856631251248,0.));
#3248=CARTESIAN_POINT('Ctrl Pts',(-15.2631911253843,5.89856631251248,-0.4));
#3249=CARTESIAN_POINT('Ctrl Pts',(-15.4675467368026,5.89966452438521,0.));
#3250=CARTESIAN_POINT('Ctrl Pts',(-15.4675467368026,5.89966452438521,-0.4));
#3251=CARTESIAN_POINT('Ctrl Pts',(-15.5876318827139,5.90030986478992,0.));
#3252=CARTESIAN_POINT('Ctrl Pts',(-15.5876318827139,5.90030986478992,-0.4));
#3253=CARTESIAN_POINT('',(-14.9830069708851,5.83113806819682,-0.4));
#3254=CARTESIAN_POINT('',(-14.9830069708851,5.83113806819682,0.));
#3255=CARTESIAN_POINT('Ctrl Pts',(-14.9830069708851,5.83113806819682,-0.4));
#3256=CARTESIAN_POINT('Ctrl Pts',(-15.0648126392393,5.85082516507084,-0.4));
#3257=CARTESIAN_POINT('Ctrl Pts',(-15.2631911253843,5.89856631251248,-0.4));
#3258=CARTESIAN_POINT('Ctrl Pts',(-15.4675467368026,5.89966452438521,-0.4));
#3259=CARTESIAN_POINT('Ctrl Pts',(-15.5876318827139,5.90030986478992,-0.4));
#3260=CARTESIAN_POINT('Ctrl Pts',(-14.6226068845848,5.58220006390735,0.));
#3261=CARTESIAN_POINT('Ctrl Pts',(-14.6226068845848,5.58220006390735,-0.4));
#3262=CARTESIAN_POINT('Ctrl Pts',(-14.6782001398671,5.63718906394071,0.));
#3263=CARTESIAN_POINT('Ctrl Pts',(-14.6782001398671,5.63718906394071,-0.4));
#3264=CARTESIAN_POINT('Ctrl Pts',(-14.7837433144072,5.74158506663635,0.));
#3265=CARTESIAN_POINT('Ctrl Pts',(-14.7837433144072,5.74158506663635,-0.4));
#3266=CARTESIAN_POINT('Ctrl Pts',(-14.9189963881063,5.80237045487082,0.));
#3267=CARTESIAN_POINT('Ctrl Pts',(-14.9189963881063,5.80237045487082,-0.4));
#3268=CARTESIAN_POINT('Ctrl Pts',(-14.9830069708851,5.83113806819682,0.));
#3269=CARTESIAN_POINT('Ctrl Pts',(-14.9830069708851,5.83113806819682,-0.4));
#3270=CARTESIAN_POINT('',(-14.6226068845848,5.58220006390735,-0.4));
#3271=CARTESIAN_POINT('',(-14.6226068845848,5.58220006390735,0.));
#3272=CARTESIAN_POINT('Ctrl Pts',(-14.6226068845848,5.58220006390735,-0.4));
#3273=CARTESIAN_POINT('Ctrl Pts',(-14.6782001398671,5.63718906394071,-0.4));
#3274=CARTESIAN_POINT('Ctrl Pts',(-14.7837433144072,5.74158506663635,-0.4));
#3275=CARTESIAN_POINT('Ctrl Pts',(-14.9189963881063,5.80237045487082,-0.4));
#3276=CARTESIAN_POINT('Ctrl Pts',(-14.9830069708851,5.83113806819682,-0.4));
#3277=CARTESIAN_POINT('Ctrl Pts',(-13.9924897342131,4.70508211444599,0.));
#3278=CARTESIAN_POINT('Ctrl Pts',(-13.9924897342131,4.70508211444599,-0.4));
#3279=CARTESIAN_POINT('Ctrl Pts',(-14.1179325153597,4.8969157588529,0.));
#3280=CARTESIAN_POINT('Ctrl Pts',(-14.1179325153597,4.8969157588529,-0.4));
#3281=CARTESIAN_POINT('Ctrl Pts',(-14.3152204646178,5.19861878199873,0.));
#3282=CARTESIAN_POINT('Ctrl Pts',(-14.3152204646178,5.19861878199873,-0.4));
#3283=CARTESIAN_POINT('Ctrl Pts',(-14.5405499856287,5.47980292321914,0.));
#3284=CARTESIAN_POINT('Ctrl Pts',(-14.5405499856287,5.47980292321914,-0.4));
#3285=CARTESIAN_POINT('Ctrl Pts',(-14.6226068845848,5.58220006390735,0.));
#3286=CARTESIAN_POINT('Ctrl Pts',(-14.6226068845848,5.58220006390735,-0.4));
#3287=CARTESIAN_POINT('',(-13.9924897342131,4.70508211444599,-0.4));
#3288=CARTESIAN_POINT('',(-13.9924897342131,4.70508211444599,0.));
#3289=CARTESIAN_POINT('Ctrl Pts',(-13.9924897342131,4.70508211444599,-0.4));
#3290=CARTESIAN_POINT('Ctrl Pts',(-14.1179325153597,4.8969157588529,-0.4));
#3291=CARTESIAN_POINT('Ctrl Pts',(-14.3152204646178,5.19861878199873,-0.4));
#3292=CARTESIAN_POINT('Ctrl Pts',(-14.5405499856287,5.47980292321914,-0.4));
#3293=CARTESIAN_POINT('Ctrl Pts',(-14.6226068845848,5.58220006390735,-0.4));
#3294=CARTESIAN_POINT('Origin',(-13.1284419303588,3.40695245935138,0.));
#3295=CARTESIAN_POINT('',(-13.1284419303588,3.40695245935138,-0.4));
#3296=CARTESIAN_POINT('',(-13.1284419303588,3.40695245935138,0.));
#3297=CARTESIAN_POINT('',(-13.1284419303588,3.40695245935138,-0.4));
#3298=CARTESIAN_POINT('Origin',(-11.6913741229564,3.40175001771312,0.));
#3299=CARTESIAN_POINT('',(-11.6913741229564,3.40175001771312,-0.4));
#3300=CARTESIAN_POINT('',(-11.6913741229564,3.40175001771312,0.));
#3301=CARTESIAN_POINT('',(-11.6913741229564,3.40175001771312,-0.4));
#3302=CARTESIAN_POINT('Origin',(-12.4138237698157,4.56540116897722,0.));
#3303=CARTESIAN_POINT('',(-12.4138237698157,4.56540116897722,-0.4));
#3304=CARTESIAN_POINT('',(-12.4138237698157,4.56540116897722,0.));
#3305=CARTESIAN_POINT('',(-12.4138237698157,4.56540116897722,-0.4));
#3306=CARTESIAN_POINT('Ctrl Pts',(-13.0943543372804,5.53404216832301,0.));
#3307=CARTESIAN_POINT('Ctrl Pts',(-13.0943543372804,5.53404216832301,-0.4));
#3308=CARTESIAN_POINT('Ctrl Pts',(-12.9932095889902,5.40949040901798,0.));
#3309=CARTESIAN_POINT('Ctrl Pts',(-12.9932095889902,5.40949040901798,-0.4));
#3310=CARTESIAN_POINT('Ctrl Pts',(-12.7439957360002,5.10260325612292,0.));
#3311=CARTESIAN_POINT('Ctrl Pts',(-12.7439957360002,5.10260325612292,-0.4));
#3312=CARTESIAN_POINT('Ctrl Pts',(-12.5368803129763,4.765618748279,0.));
#3313=CARTESIAN_POINT('Ctrl Pts',(-12.5368803129763,4.765618748279,-0.4));
#3314=CARTESIAN_POINT('Ctrl Pts',(-12.4138237698157,4.56540116897722,0.));
#3315=CARTESIAN_POINT('Ctrl Pts',(-12.4138237698157,4.56540116897722,-0.4));
#3316=CARTESIAN_POINT('',(-13.0943543372804,5.53404216832301,-0.4));
#3317=CARTESIAN_POINT('',(-13.0943543372804,5.53404216832301,0.));
#3318=CARTESIAN_POINT('Ctrl Pts',(-13.0943543372804,5.53404216832301,-0.4));
#3319=CARTESIAN_POINT('Ctrl Pts',(-12.9932095889902,5.40949040901798,-0.4));
#3320=CARTESIAN_POINT('Ctrl Pts',(-12.7439957360002,5.10260325612292,-0.4));
#3321=CARTESIAN_POINT('Ctrl Pts',(-12.5368803129763,4.765618748279,-0.4));
#3322=CARTESIAN_POINT('Ctrl Pts',(-12.4138237698157,4.56540116897722,-0.4));
#3323=CARTESIAN_POINT('Ctrl Pts',(-13.7359797001803,6.03569154696008,0.));
#3324=CARTESIAN_POINT('Ctrl Pts',(-13.7359797001803,6.03569154696008,-0.4));
#3325=CARTESIAN_POINT('Ctrl Pts',(-13.6143223743151,5.96004663227764,0.));
#3326=CARTESIAN_POINT('Ctrl Pts',(-13.6143223743151,5.96004663227764,-0.4));
#3327=CARTESIAN_POINT('Ctrl Pts',(-13.3823491164613,5.81580873148396,0.));
#3328=CARTESIAN_POINT('Ctrl Pts',(-13.3823491164613,5.81580873148396,-0.4));
#3329=CARTESIAN_POINT('Ctrl Pts',(-13.1871717951962,5.62485234270407,0.));
#3330=CARTESIAN_POINT('Ctrl Pts',(-13.1871717951962,5.62485234270407,-0.4));
#3331=CARTESIAN_POINT('Ctrl Pts',(-13.0943543372804,5.53404216832301,0.));
#3332=CARTESIAN_POINT('Ctrl Pts',(-13.0943543372804,5.53404216832301,-0.4));
#3333=CARTESIAN_POINT('',(-13.7359797001803,6.03569154696008,-0.4));
#3334=CARTESIAN_POINT('',(-13.7359797001803,6.03569154696008,0.));
#3335=CARTESIAN_POINT('Ctrl Pts',(-13.7359797001803,6.03569154696008,-0.4));
#3336=CARTESIAN_POINT('Ctrl Pts',(-13.6143223743151,5.96004663227764,-0.4));
#3337=CARTESIAN_POINT('Ctrl Pts',(-13.3823491164613,5.81580873148396,-0.4));
#3338=CARTESIAN_POINT('Ctrl Pts',(-13.1871717951962,5.62485234270407,-0.4));
#3339=CARTESIAN_POINT('Ctrl Pts',(-13.0943543372804,5.53404216832301,-0.4));
#3340=CARTESIAN_POINT('Ctrl Pts',(-12.5567292493002,6.58149347938074,0.));
#3341=CARTESIAN_POINT('Ctrl Pts',(-12.5567292493002,6.58149347938074,-0.4));
#3342=CARTESIAN_POINT('Ctrl Pts',(-12.7138737793242,6.44890286597119,0.));
#3343=CARTESIAN_POINT('Ctrl Pts',(-12.7138737793242,6.44890286597119,-0.4));
#3344=CARTESIAN_POINT('Ctrl Pts',(-13.0557788953022,6.1604206066876,0.));
#3345=CARTESIAN_POINT('Ctrl Pts',(-13.0557788953022,6.1604206066876,-0.4));
#3346=CARTESIAN_POINT('Ctrl Pts',(-13.4973571758453,6.07944798311343,0.));
#3347=CARTESIAN_POINT('Ctrl Pts',(-13.4973571758453,6.07944798311343,-0.4));
#3348=CARTESIAN_POINT('Ctrl Pts',(-13.7359797001803,6.03569154696008,0.));
#3349=CARTESIAN_POINT('Ctrl Pts',(-13.7359797001803,6.03569154696008,-0.4));
#3350=CARTESIAN_POINT('',(-12.5567292493002,6.58149347938074,-0.4));
#3351=CARTESIAN_POINT('',(-12.5567292493002,6.58149347938074,0.));
#3352=CARTESIAN_POINT('Ctrl Pts',(-12.5567292493002,6.58149347938074,-0.4));
#3353=CARTESIAN_POINT('Ctrl Pts',(-12.7138737793242,6.44890286597119,-0.4));
#3354=CARTESIAN_POINT('Ctrl Pts',(-13.0557788953022,6.1604206066876,-0.4));
#3355=CARTESIAN_POINT('Ctrl Pts',(-13.4973571758453,6.07944798311343,-0.4));
#3356=CARTESIAN_POINT('Ctrl Pts',(-13.7359797001803,6.03569154696008,-0.4));
#3357=CARTESIAN_POINT('Ctrl Pts',(-12.1589520199344,7.68628535990198,0.));
#3358=CARTESIAN_POINT('Ctrl Pts',(-12.1589520199344,7.68628535990198,-0.4));
#3359=CARTESIAN_POINT('Ctrl Pts',(-12.1736205798988,7.47563601024323,0.));
#3360=CARTESIAN_POINT('Ctrl Pts',(-12.1736205798988,7.47563601024323,-0.4));
#3361=CARTESIAN_POINT('Ctrl Pts',(-12.2019358934043,7.06901106615803,0.));
#3362=CARTESIAN_POINT('Ctrl Pts',(-12.2019358934043,7.06901106615803,-0.4));
#3363=CARTESIAN_POINT('Ctrl Pts',(-12.4413446215467,6.7400422073623,0.));
#3364=CARTESIAN_POINT('Ctrl Pts',(-12.4413446215467,6.7400422073623,-0.4));
#3365=CARTESIAN_POINT('Ctrl Pts',(-12.5567292493002,6.58149347938074,0.));
#3366=CARTESIAN_POINT('Ctrl Pts',(-12.5567292493002,6.58149347938074,-0.4));
#3367=CARTESIAN_POINT('',(-12.1589520199344,7.68628535990198,-0.4));
#3368=CARTESIAN_POINT('',(-12.1589520199344,7.68628535990198,0.));
#3369=CARTESIAN_POINT('Ctrl Pts',(-12.1589520199344,7.68628535990198,-0.4));
#3370=CARTESIAN_POINT('Ctrl Pts',(-12.1736205798988,7.47563601024323,-0.4));
#3371=CARTESIAN_POINT('Ctrl Pts',(-12.2019358934043,7.06901106615803,-0.4));
#3372=CARTESIAN_POINT('Ctrl Pts',(-12.4413446215467,6.7400422073623,-0.4));
#3373=CARTESIAN_POINT('Ctrl Pts',(-12.5567292493002,6.58149347938074,-0.4));
#3374=CARTESIAN_POINT('Ctrl Pts',(-12.4153655945037,8.62497338544868,0.));
#3375=CARTESIAN_POINT('Ctrl Pts',(-12.4153655945037,8.62497338544868,-0.4));
#3376=CARTESIAN_POINT('Ctrl Pts',(-12.3401178041366,8.48125217039315,0.));
#3377=CARTESIAN_POINT('Ctrl Pts',(-12.3401178041366,8.48125217039315,-0.4));
#3378=CARTESIAN_POINT('Ctrl Pts',(-12.1862074988143,8.18728771000718,0.));
#3379=CARTESIAN_POINT('Ctrl Pts',(-12.1862074988143,8.18728771000718,-0.4));
#3380=CARTESIAN_POINT('Ctrl Pts',(-12.1681705714076,7.85573811371359,0.));
#3381=CARTESIAN_POINT('Ctrl Pts',(-12.1681705714076,7.85573811371359,-0.4));
#3382=CARTESIAN_POINT('Ctrl Pts',(-12.1589520199344,7.68628535990198,0.));
#3383=CARTESIAN_POINT('Ctrl Pts',(-12.1589520199344,7.68628535990198,-0.4));
#3384=CARTESIAN_POINT('',(-12.4153655945037,8.62497338544868,-0.4));
#3385=CARTESIAN_POINT('',(-12.4153655945037,8.62497338544868,0.));
#3386=CARTESIAN_POINT('Ctrl Pts',(-12.4153655945037,8.62497338544868,-0.4));
#3387=CARTESIAN_POINT('Ctrl Pts',(-12.3401178041366,8.48125217039315,-0.4));
#3388=CARTESIAN_POINT('Ctrl Pts',(-12.1862074988143,8.18728771000718,-0.4));
#3389=CARTESIAN_POINT('Ctrl Pts',(-12.1681705714076,7.85573811371359,-0.4));
#3390=CARTESIAN_POINT('Ctrl Pts',(-12.1589520199344,7.68628535990198,-0.4));
#3391=CARTESIAN_POINT('Ctrl Pts',(-13.1054483296109,9.19784113202468,0.));
#3392=CARTESIAN_POINT('Ctrl Pts',(-13.1054483296109,9.19784113202468,-0.4));
#3393=CARTESIAN_POINT('Ctrl Pts',(-12.9681765788187,9.13256336688472,0.));
#3394=CARTESIAN_POINT('Ctrl Pts',(-12.9681765788187,9.13256336688472,-0.4));
#3395=CARTESIAN_POINT('Ctrl Pts',(-12.6897658690683,9.00016883692021,0.));
#3396=CARTESIAN_POINT('Ctrl Pts',(-12.6897658690683,9.00016883692021,-0.4));
#3397=CARTESIAN_POINT('Ctrl Pts',(-12.5076754495182,8.75119132667492,0.));
#3398=CARTESIAN_POINT('Ctrl Pts',(-12.5076754495182,8.75119132667492,-0.4));
#3399=CARTESIAN_POINT('Ctrl Pts',(-12.4153655945037,8.62497338544868,0.));
#3400=CARTESIAN_POINT('Ctrl Pts',(-12.4153655945037,8.62497338544868,-0.4));
#3401=CARTESIAN_POINT('',(-13.1054483296109,9.19784113202468,-0.4));
#3402=CARTESIAN_POINT('',(-13.1054483296109,9.19784113202468,0.));
#3403=CARTESIAN_POINT('Ctrl Pts',(-13.1054483296109,9.19784113202468,-0.4));
#3404=CARTESIAN_POINT('Ctrl Pts',(-12.9681765788187,9.13256336688472,-0.4));
#3405=CARTESIAN_POINT('Ctrl Pts',(-12.6897658690683,9.00016883692021,-0.4));
#3406=CARTESIAN_POINT('Ctrl Pts',(-12.5076754495182,8.75119132667492,-0.4));
#3407=CARTESIAN_POINT('Ctrl Pts',(-12.4153655945037,8.62497338544868,-0.4));
#3408=CARTESIAN_POINT('Ctrl Pts',(-14.491191558368,9.36321021590043,0.));
#3409=CARTESIAN_POINT('Ctrl Pts',(-14.491191558368,9.36321021590043,-0.4));
#3410=CARTESIAN_POINT('Ctrl Pts',(-14.2149767463002,9.36182767210644,0.));
#3411=CARTESIAN_POINT('Ctrl Pts',(-14.2149767463002,9.36182767210644,-0.4));
#3412=CARTESIAN_POINT('Ctrl Pts',(-13.7459903335049,9.35948024457486,0.));
#3413=CARTESIAN_POINT('Ctrl Pts',(-13.7459903335049,9.35948024457486,-0.4));
#3414=CARTESIAN_POINT('Ctrl Pts',(-13.2920396589196,9.24492696979278,0.));
#3415=CARTESIAN_POINT('Ctrl Pts',(-13.2920396589196,9.24492696979278,-0.4));
#3416=CARTESIAN_POINT('Ctrl Pts',(-13.1054483296109,9.19784113202468,0.));
#3417=CARTESIAN_POINT('Ctrl Pts',(-13.1054483296109,9.19784113202468,-0.4));
#3418=CARTESIAN_POINT('',(-14.491191558368,9.36321021590043,-0.4));
#3419=CARTESIAN_POINT('',(-14.491191558368,9.36321021590043,0.));
#3420=CARTESIAN_POINT('Ctrl Pts',(-14.491191558368,9.36321021590043,-0.4));
#3421=CARTESIAN_POINT('Ctrl Pts',(-14.2149767463002,9.36182767210644,-0.4));
#3422=CARTESIAN_POINT('Ctrl Pts',(-13.7459903335049,9.35948024457486,-0.4));
#3423=CARTESIAN_POINT('Ctrl Pts',(-13.2920396589196,9.24492696979278,-0.4));
#3424=CARTESIAN_POINT('Ctrl Pts',(-13.1054483296109,9.19784113202468,-0.4));
#3425=CARTESIAN_POINT('Origin',(-17.0202681991536,9.37236592417989,0.));
#3426=CARTESIAN_POINT('',(-17.0202681991536,9.37236592417989,-0.4));
#3427=CARTESIAN_POINT('',(-17.0202681991536,9.37236592417989,0.));
#3428=CARTESIAN_POINT('',(-17.0202681991536,9.37236592417989,-0.4));
#3429=CARTESIAN_POINT('Origin',(-17.0418127718788,3.42111955940539,0.));
#3430=CARTESIAN_POINT('',(-17.0418127718788,3.42111955940539,-0.4));
#3431=CARTESIAN_POINT('',(-17.0418127718788,3.42111955940539,0.));
#3432=CARTESIAN_POINT('',(-17.0418127718788,3.42111955940539,-0.4));
#3433=CARTESIAN_POINT('Origin',(-15.8401967813848,3.4167694953166,0.));
#3434=CARTESIAN_POINT('',(-15.8401967813848,3.4167694953166,-0.4));
#3435=CARTESIAN_POINT('Origin',(-9.91611411957371,6.32371957768798,-0.4));
#3436=CARTESIAN_POINT('Origin',(-17.5,17.5,0.));
#3437=CARTESIAN_POINT('Origin',(-5.,5.,0.));
#3438=CARTESIAN_POINT('',(-5.,35.,-2.));
#3439=CARTESIAN_POINT('',(-5.,35.,0.));
#3440=CARTESIAN_POINT('',(-35.,5.,-2.));
#3441=CARTESIAN_POINT('Origin',(-5.,5.,-2.));
#3442=CARTESIAN_POINT('',(-35.,5.,0.));
#3443=CARTESIAN_POINT('Origin',(-35.,0.,0.));
#3444=CARTESIAN_POINT('',(-35.,0.,-2.));
#3445=CARTESIAN_POINT('Origin',(-5.,35.,0.));
#3446=CARTESIAN_POINT('',(-5.,35.,-2.));
#3447=CARTESIAN_POINT('Origin',(-17.5,17.5,0.));
#3448=CARTESIAN_POINT('Origin',(-17.5,17.5,-2.));
#3449=UNCERTAINTY_MEASURE_WITH_UNIT(LENGTH_MEASURE(0.01),#3453,
'DISTANCE_ACCURACY_VALUE',
'Maximum model space distance between geometric entities at asserted c
onnectivities');
#3450=UNCERTAINTY_MEASURE_WITH_UNIT(LENGTH_MEASURE(0.01),#3453,
'DISTANCE_ACCURACY_VALUE',
'Maximum model space distance between geometric entities at asserted c
onnectivities');
#3451=(
GEOMETRIC_REPRESENTATION_CONTEXT(3)
GLOBAL_UNCERTAINTY_ASSIGNED_CONTEXT((#3449))
GLOBAL_UNIT_ASSIGNED_CONTEXT((#3453,#3455,#3456))
REPRESENTATION_CONTEXT('','3D')
);
#3452=(
GEOMETRIC_REPRESENTATION_CONTEXT(3)
GLOBAL_UNCERTAINTY_ASSIGNED_CONTEXT((#3450))
GLOBAL_UNIT_ASSIGNED_CONTEXT((#3453,#3455,#3456))
REPRESENTATION_CONTEXT('','3D')
);
#3453=(
LENGTH_UNIT()
NAMED_UNIT(*)
SI_UNIT(.MILLI.,.METRE.)
);
#3454=(
LENGTH_UNIT()
NAMED_UNIT(*)
SI_UNIT($,.METRE.)
);
#3455=(
NAMED_UNIT(*)
PLANE_ANGLE_UNIT()
SI_UNIT($,.RADIAN.)
);
#3456=(
NAMED_UNIT(*)
SI_UNIT($,.STERADIAN.)
SOLID_ANGLE_UNIT()
);
#3457=SHAPE_DEFINITION_REPRESENTATION(#3458,#3459);
#3458=PRODUCT_DEFINITION_SHAPE('',$,#3461);
#3459=SHAPE_REPRESENTATION('',(#1685),#3451);
#3460=PRODUCT_DEFINITION_CONTEXT('part definition',#3465,'design');
#3461=PRODUCT_DEFINITION('Fillet Chips','Fillet Chips v3',#3462,#3460);
#3462=PRODUCT_DEFINITION_FORMATION('',$,#3467);
#3463=PRODUCT_RELATED_PRODUCT_CATEGORY('Fillet Chips v3',
'Fillet Chips v3',(#3467));
#3464=APPLICATION_PROTOCOL_DEFINITION('international standard',
'automotive_design',2009,#3465);
#3465=APPLICATION_CONTEXT(
'Core Data for Automotive Mechanical Design Process');
#3466=PRODUCT_CONTEXT('part definition',#3465,'mechanical');
#3467=PRODUCT('Fillet Chips','Fillet Chips v3',$,(#3466));
#3468=PRESENTATION_STYLE_ASSIGNMENT((#3469));
#3469=SURFACE_STYLE_USAGE(.BOTH.,#3470);
#3470=SURFACE_SIDE_STYLE('',(#3471));
#3471=SURFACE_STYLE_FILL_AREA(#3472);
#3472=FILL_AREA_STYLE('Steel - Satin',(#3473));
#3473=FILL_AREA_STYLE_COLOUR('Steel - Satin',#3474);
#3474=COLOUR_RGB('Steel - Satin',0.627450980392157,0.627450980392157,0.627450980392157);
ENDSEC;
END-ISO-10303-21;
