ISO-10303-21;
HEADER;

/* File generated by Shapr3D Version 5.800.0.8232 */

FILE_DESCRIPTION(('HOOPS Exchange Step'),'2;1');

FILE_NAME('/Users/ddanier/Library/Containers/com.shapr3d.shapr/Data/tmp/export/temp_export',
'2025-03-02T21:49:39+01:00',
('ddanier'),
('Shapr3D Limited'),
'HOOPS Exchange 2024.8',
'Shapr3D',
'Authorized');

FILE_SCHEMA( ('AP242_MANAGED_MODEL_BASED_3D_ENGINEERING_MIM_LF {1 0 10303 442 1 1 4}') );

ENDSEC;

DATA;
#3=(NAMED_UNIT(*)PLANE_ANGLE_UNIT()SI_UNIT($,.RADIAN.));
#4=PLANE_ANGLE_MEASURE_WITH_UNIT(PLANE_ANGLE_MEASURE(0.0174532925),#3);
#5=(CONVERSION_BASED_UNIT('DEGREE',#4)NAMED_UNIT(#6)PLANE_ANGLE_UNIT());
#6=DIMENSIONAL_EXPONENTS(0.,0.,0.,0.,0.,0.,0.);
#7=(NAMED_UNIT(*)SI_UNIT($,.STERADIAN.)SOLID_ANGLE_UNIT());
#8=(LENGTH_UNIT()NAMED_UNIT(*)SI_UNIT(.MILLI.,.METRE.));
#9=UNCERTAINTY_MEASURE_WITH_UNIT(LENGTH_MEASURE(1.000000E-05),#8,'DISTANCE_ACCURACY_VALUE','Maximum Tolerance applied to model');
#10=(GEOMETRIC_REPRESENTATION_CONTEXT(3)GLOBAL_UNCERTAINTY_ASSIGNED_CONTEXT((#9))GLOBAL_UNIT_ASSIGNED_CONTEXT((#8,#5,#7))REPRESENTATION_CONTEXT('','openGrid 4x3'));
#12=CARTESIAN_POINT('',(0.,0.,0.));
#13=DIRECTION('',(0.,0.,1.));
#14=DIRECTION('',(1.,0.,0.));
#15=AXIS2_PLACEMENT_3D('TS3D_PRODUCT_CSYS',#12,#13,#14);
#27=CARTESIAN_POINT('',(1300.5,-1316.,2.4));
#28=DIRECTION('',(-1.,0.,0.));
#29=DIRECTION('',(0.,-1.,0.));
#30=AXIS2_PLACEMENT_3D('',#27,#28,#29);
#31=PLANE('',#30);
#32=CARTESIAN_POINT('',(1300.5,-1308.376955262,1.4));
#33=VERTEX_POINT('',#32);
#34=CARTESIAN_POINT('',(1300.5,-1306.9627417,0.4));
#35=VERTEX_POINT('',#34);
#36=CARTESIAN_POINT('',(1300.5,-1308.376955262,1.4));
#37=DIRECTION('',(0.,0.816496581,-0.577350269));
#38=VECTOR('',#37,1.732050807);
#39=LINE('',#36,#38);
#40=EDGE_CURVE('',#33,#35,#39,.T.);
#41=ORIENTED_EDGE('',*,*,#40,.T.);
#42=CARTESIAN_POINT('',(1300.5,-1325.0372583,0.4));
#43=VERTEX_POINT('',#42);
#44=CARTESIAN_POINT('',(1300.5,-1306.9627417,0.4));
#45=DIRECTION('',(0.,-1.,0.));
#46=VECTOR('',#45,18.0745166);
#47=LINE('',#44,#46);
#48=EDGE_CURVE('',#35,#43,#47,.T.);
#49=ORIENTED_EDGE('',*,*,#48,.T.);
#50=CARTESIAN_POINT('',(1300.5,-1323.623044738,1.4));
#51=VERTEX_POINT('',#50);
#52=CARTESIAN_POINT('',(1300.5,-1325.0372583,0.4));
#53=DIRECTION('',(0.,0.816496581,0.577350269));
#54=VECTOR('',#53,1.732050807);
#55=LINE('',#52,#54);
#56=EDGE_CURVE('',#43,#51,#55,.T.);
#57=ORIENTED_EDGE('',*,*,#56,.T.);
#58=CARTESIAN_POINT('',(1300.5,-1323.623044738,1.4));
#59=DIRECTION('',(-0.,1.,-0.));
#60=VECTOR('',#59,15.246089476);
#61=LINE('',#58,#60);
#62=EDGE_CURVE('',#51,#33,#61,.T.);
#63=ORIENTED_EDGE('',*,*,#62,.T.);
#64=EDGE_LOOP('',(#41,#49,#57,#63));
#65=FACE_BOUND('',#64,.T.);
#66=ADVANCED_FACE('',(#65),#31,.T.);
#67=CARTESIAN_POINT('',(1288.,-1316.,0.));
#68=DIRECTION('',(0.,0.,1.));
#69=DIRECTION('',(1.,0.,0.));
#70=AXIS2_PLACEMENT_3D('',#67,#68,#69);
#71=PLANE('',#70);
#72=CARTESIAN_POINT('',(1353.8,-1302.,0.));
#73=VERTEX_POINT('',#72);
#74=CARTESIAN_POINT('',(1278.2,-1302.,0.));
#75=VERTEX_POINT('',#74);
#76=CARTESIAN_POINT('',(1353.8,-1302.,0.));
#77=DIRECTION('',(-1.,-0.,0.));
#78=VECTOR('',#77,75.6);
#79=LINE('',#76,#78);
#80=EDGE_CURVE('',#73,#75,#79,.T.);
#81=ORIENTED_EDGE('',*,*,#80,.F.);
#82=CARTESIAN_POINT('',(1358.,-1306.2,-0.));
#83=VERTEX_POINT('',#82);
#84=CARTESIAN_POINT('',(1353.8,-1302.,0.));
#85=DIRECTION('',(0.707106781,-0.707106781,0.));
#86=VECTOR('',#85,5.939696962);
#87=LINE('',#84,#86);
#88=EDGE_CURVE('',#73,#83,#87,.T.);
#89=ORIENTED_EDGE('',*,*,#88,.T.);
#90=CARTESIAN_POINT('',(1358.,-1409.8,0.));
#91=VERTEX_POINT('',#90);
#92=CARTESIAN_POINT('',(1358.,-1409.8,0.));
#93=DIRECTION('',(-0.,1.,-0.));
#94=VECTOR('',#93,103.6);
#95=LINE('',#92,#94);
#96=EDGE_CURVE('',#91,#83,#95,.T.);
#97=ORIENTED_EDGE('',*,*,#96,.F.);
#98=CARTESIAN_POINT('',(1353.8,-1414.,0.));
#99=VERTEX_POINT('',#98);
#100=CARTESIAN_POINT('',(1358.,-1409.8,0.));
#101=DIRECTION('',(-0.707106781,-0.707106781,0.));
#102=VECTOR('',#101,5.939696962);
#103=LINE('',#100,#102);
#104=EDGE_CURVE('',#91,#99,#103,.T.);
#105=ORIENTED_EDGE('',*,*,#104,.T.);
#106=CARTESIAN_POINT('',(1278.2,-1414.,0.));
#107=VERTEX_POINT('',#106);
#108=CARTESIAN_POINT('',(1278.2,-1414.,0.));
#109=DIRECTION('',(1.,0.,-0.));
#110=VECTOR('',#109,75.6);
#111=LINE('',#108,#110);
#112=EDGE_CURVE('',#107,#99,#111,.T.);
#113=ORIENTED_EDGE('',*,*,#112,.F.);
#114=CARTESIAN_POINT('',(1274.,-1409.8,0.));
#115=VERTEX_POINT('',#114);
#116=CARTESIAN_POINT('',(1278.2,-1414.,0.));
#117=DIRECTION('',(-0.707106781,0.707106781,0.));
#118=VECTOR('',#117,5.939696962);
#119=LINE('',#116,#118);
#120=EDGE_CURVE('',#107,#115,#119,.T.);
#121=ORIENTED_EDGE('',*,*,#120,.T.);
#122=CARTESIAN_POINT('',(1274.,-1306.2,0.));
#123=VERTEX_POINT('',#122);
#124=CARTESIAN_POINT('',(1274.,-1306.2,0.));
#125=DIRECTION('',(-0.,-1.,-0.));
#126=VECTOR('',#125,103.6);
#127=LINE('',#124,#126);
#128=EDGE_CURVE('',#123,#115,#127,.T.);
#129=ORIENTED_EDGE('',*,*,#128,.F.);
#130=CARTESIAN_POINT('',(1274.,-1306.2,0.));
#131=DIRECTION('',(0.707106781,0.707106781,0.));
#132=VECTOR('',#131,5.939696962);
#133=LINE('',#130,#132);
#134=EDGE_CURVE('',#123,#75,#133,.T.);
#135=ORIENTED_EDGE('',*,*,#134,.T.);
#136=EDGE_LOOP('',(#81,#89,#97,#105,#113,#121,#129,#135));
#137=FACE_BOUND('',#136,.T.);
#138=CARTESIAN_POINT('',(1297.202943725,-1303.1,0.));
#139=VERTEX_POINT('',#138);
#140=CARTESIAN_POINT('',(1278.797056275,-1303.1,0.));
#141=VERTEX_POINT('',#140);
#142=CARTESIAN_POINT('',(1297.202943725,-1303.1,0.));
#143=DIRECTION('',(-1.,-0.,0.));
#144=VECTOR('',#143,18.40588745);
#145=LINE('',#142,#144);
#146=EDGE_CURVE('',#139,#141,#145,.T.);
#147=ORIENTED_EDGE('',*,*,#146,.T.);
#148=CARTESIAN_POINT('',(1275.1,-1306.797056275,0.));
#149=VERTEX_POINT('',#148);
#150=CARTESIAN_POINT('',(1278.797056275,-1303.1,0.));
#151=DIRECTION('',(-0.707106781,-0.707106781,0.));
#152=VECTOR('',#151,5.228427125);
#153=LINE('',#150,#152);
#154=EDGE_CURVE('',#141,#149,#153,.T.);
#155=ORIENTED_EDGE('',*,*,#154,.T.);
#156=CARTESIAN_POINT('',(1275.1,-1325.202943725,0.));
#157=VERTEX_POINT('',#156);
#158=CARTESIAN_POINT('',(1275.1,-1306.797056275,0.));
#159=DIRECTION('',(-0.,-1.,-0.));
#160=VECTOR('',#159,18.40588745);
#161=LINE('',#158,#160);
#162=EDGE_CURVE('',#149,#157,#161,.T.);
#163=ORIENTED_EDGE('',*,*,#162,.T.);
#164=CARTESIAN_POINT('',(1278.797056275,-1328.9,0.));
#165=VERTEX_POINT('',#164);
#166=CARTESIAN_POINT('',(1275.1,-1325.202943725,0.));
#167=DIRECTION('',(0.707106781,-0.707106781,0.));
#168=VECTOR('',#167,5.228427125);
#169=LINE('',#166,#168);
#170=EDGE_CURVE('',#157,#165,#169,.T.);
#171=ORIENTED_EDGE('',*,*,#170,.T.);
#172=CARTESIAN_POINT('',(1297.202943725,-1328.9,0.));
#173=VERTEX_POINT('',#172);
#174=CARTESIAN_POINT('',(1278.797056275,-1328.9,0.));
#175=DIRECTION('',(1.,0.,-0.));
#176=VECTOR('',#175,18.40588745);
#177=LINE('',#174,#176);
#178=EDGE_CURVE('',#165,#173,#177,.T.);
#179=ORIENTED_EDGE('',*,*,#178,.T.);
#180=CARTESIAN_POINT('',(1300.9,-1325.202943725,0.));
#181=VERTEX_POINT('',#180);
#182=CARTESIAN_POINT('',(1297.202943725,-1328.9,0.));
#183=DIRECTION('',(0.707106781,0.707106781,0.));
#184=VECTOR('',#183,5.228427125);
#185=LINE('',#182,#184);
#186=EDGE_CURVE('',#173,#181,#185,.T.);
#187=ORIENTED_EDGE('',*,*,#186,.T.);
#188=CARTESIAN_POINT('',(1300.9,-1306.797056275,0.));
#189=VERTEX_POINT('',#188);
#190=CARTESIAN_POINT('',(1300.9,-1325.202943725,0.));
#191=DIRECTION('',(0.,1.,0.));
#192=VECTOR('',#191,18.40588745);
#193=LINE('',#190,#192);
#194=EDGE_CURVE('',#181,#189,#193,.T.);
#195=ORIENTED_EDGE('',*,*,#194,.T.);
#196=CARTESIAN_POINT('',(1300.9,-1306.797056275,0.));
#197=DIRECTION('',(-0.707106781,0.707106781,0.));
#198=VECTOR('',#197,5.228427125);
#199=LINE('',#196,#198);
#200=EDGE_CURVE('',#189,#139,#199,.T.);
#201=ORIENTED_EDGE('',*,*,#200,.T.);
#202=EDGE_LOOP('',(#147,#155,#163,#171,#179,#187,#195,#201));
#203=FACE_BOUND('',#202,.T.);
#204=CARTESIAN_POINT('',(1297.202943725,-1331.1,0.));
#205=VERTEX_POINT('',#204);
#206=CARTESIAN_POINT('',(1278.797056275,-1331.1,0.));
#207=VERTEX_POINT('',#206);
#208=CARTESIAN_POINT('',(1297.202943725,-1331.1,0.));
#209=DIRECTION('',(-1.,-0.,0.));
#210=VECTOR('',#209,18.40588745);
#211=LINE('',#208,#210);
#212=EDGE_CURVE('',#205,#207,#211,.T.);
#213=ORIENTED_EDGE('',*,*,#212,.T.);
#214=CARTESIAN_POINT('',(1275.1,-1334.797056275,0.));
#215=VERTEX_POINT('',#214);
#216=CARTESIAN_POINT('',(1278.797056275,-1331.1,0.));
#217=DIRECTION('',(-0.707106781,-0.707106781,0.));
#218=VECTOR('',#217,5.228427125);
#219=LINE('',#216,#218);
#220=EDGE_CURVE('',#207,#215,#219,.T.);
#221=ORIENTED_EDGE('',*,*,#220,.T.);
#222=CARTESIAN_POINT('',(1275.1,-1353.202943725,0.));
#223=VERTEX_POINT('',#222);
#224=CARTESIAN_POINT('',(1275.1,-1334.797056275,0.));
#225=DIRECTION('',(-0.,-1.,-0.));
#226=VECTOR('',#225,18.40588745);
#227=LINE('',#224,#226);
#228=EDGE_CURVE('',#215,#223,#227,.T.);
#229=ORIENTED_EDGE('',*,*,#228,.T.);
#230=CARTESIAN_POINT('',(1278.797056275,-1356.9,0.));
#231=VERTEX_POINT('',#230);
#232=CARTESIAN_POINT('',(1275.1,-1353.202943725,0.));
#233=DIRECTION('',(0.707106781,-0.707106781,0.));
#234=VECTOR('',#233,5.228427125);
#235=LINE('',#232,#234);
#236=EDGE_CURVE('',#223,#231,#235,.T.);
#237=ORIENTED_EDGE('',*,*,#236,.T.);
#238=CARTESIAN_POINT('',(1297.202943725,-1356.9,0.));
#239=VERTEX_POINT('',#238);
#240=CARTESIAN_POINT('',(1278.797056275,-1356.9,0.));
#241=DIRECTION('',(1.,0.,-0.));
#242=VECTOR('',#241,18.40588745);
#243=LINE('',#240,#242);
#244=EDGE_CURVE('',#231,#239,#243,.T.);
#245=ORIENTED_EDGE('',*,*,#244,.T.);
#246=CARTESIAN_POINT('',(1300.9,-1353.202943725,0.));
#247=VERTEX_POINT('',#246);
#248=CARTESIAN_POINT('',(1297.202943725,-1356.9,0.));
#249=DIRECTION('',(0.707106781,0.707106781,0.));
#250=VECTOR('',#249,5.228427125);
#251=LINE('',#248,#250);
#252=EDGE_CURVE('',#239,#247,#251,.T.);
#253=ORIENTED_EDGE('',*,*,#252,.T.);
#254=CARTESIAN_POINT('',(1300.9,-1334.797056275,0.));
#255=VERTEX_POINT('',#254);
#256=CARTESIAN_POINT('',(1300.9,-1353.202943725,0.));
#257=DIRECTION('',(0.,1.,0.));
#258=VECTOR('',#257,18.40588745);
#259=LINE('',#256,#258);
#260=EDGE_CURVE('',#247,#255,#259,.T.);
#261=ORIENTED_EDGE('',*,*,#260,.T.);
#262=CARTESIAN_POINT('',(1300.9,-1334.797056275,0.));
#263=DIRECTION('',(-0.707106781,0.707106781,0.));
#264=VECTOR('',#263,5.228427125);
#265=LINE('',#262,#264);
#266=EDGE_CURVE('',#255,#205,#265,.T.);
#267=ORIENTED_EDGE('',*,*,#266,.T.);
#268=EDGE_LOOP('',(#213,#221,#229,#237,#245,#253,#261,#267));
#269=FACE_BOUND('',#268,.T.);
#270=CARTESIAN_POINT('',(1297.202943725,-1359.1,0.));
#271=VERTEX_POINT('',#270);
#272=CARTESIAN_POINT('',(1278.797056275,-1359.1,0.));
#273=VERTEX_POINT('',#272);
#274=CARTESIAN_POINT('',(1297.202943725,-1359.1,0.));
#275=DIRECTION('',(-1.,-0.,0.));
#276=VECTOR('',#275,18.40588745);
#277=LINE('',#274,#276);
#278=EDGE_CURVE('',#271,#273,#277,.T.);
#279=ORIENTED_EDGE('',*,*,#278,.T.);
#280=CARTESIAN_POINT('',(1275.1,-1362.797056275,0.));
#281=VERTEX_POINT('',#280);
#282=CARTESIAN_POINT('',(1278.797056275,-1359.1,0.));
#283=DIRECTION('',(-0.707106781,-0.707106781,0.));
#284=VECTOR('',#283,5.228427125);
#285=LINE('',#282,#284);
#286=EDGE_CURVE('',#273,#281,#285,.T.);
#287=ORIENTED_EDGE('',*,*,#286,.T.);
#288=CARTESIAN_POINT('',(1275.1,-1381.202943725,0.));
#289=VERTEX_POINT('',#288);
#290=CARTESIAN_POINT('',(1275.1,-1362.797056275,0.));
#291=DIRECTION('',(-0.,-1.,-0.));
#292=VECTOR('',#291,18.40588745);
#293=LINE('',#290,#292);
#294=EDGE_CURVE('',#281,#289,#293,.T.);
#295=ORIENTED_EDGE('',*,*,#294,.T.);
#296=CARTESIAN_POINT('',(1278.797056275,-1384.9,0.));
#297=VERTEX_POINT('',#296);
#298=CARTESIAN_POINT('',(1275.1,-1381.202943725,0.));
#299=DIRECTION('',(0.707106781,-0.707106781,0.));
#300=VECTOR('',#299,5.228427125);
#301=LINE('',#298,#300);
#302=EDGE_CURVE('',#289,#297,#301,.T.);
#303=ORIENTED_EDGE('',*,*,#302,.T.);
#304=CARTESIAN_POINT('',(1297.202943725,-1384.9,0.));
#305=VERTEX_POINT('',#304);
#306=CARTESIAN_POINT('',(1278.797056275,-1384.9,0.));
#307=DIRECTION('',(1.,0.,-0.));
#308=VECTOR('',#307,18.40588745);
#309=LINE('',#306,#308);
#310=EDGE_CURVE('',#297,#305,#309,.T.);
#311=ORIENTED_EDGE('',*,*,#310,.T.);
#312=CARTESIAN_POINT('',(1300.9,-1381.202943725,0.));
#313=VERTEX_POINT('',#312);
#314=CARTESIAN_POINT('',(1297.202943725,-1384.9,0.));
#315=DIRECTION('',(0.707106781,0.707106781,0.));
#316=VECTOR('',#315,5.228427125);
#317=LINE('',#314,#316);
#318=EDGE_CURVE('',#305,#313,#317,.T.);
#319=ORIENTED_EDGE('',*,*,#318,.T.);
#320=CARTESIAN_POINT('',(1300.9,-1362.797056275,0.));
#321=VERTEX_POINT('',#320);
#322=CARTESIAN_POINT('',(1300.9,-1381.202943725,0.));
#323=DIRECTION('',(0.,1.,0.));
#324=VECTOR('',#323,18.40588745);
#325=LINE('',#322,#324);
#326=EDGE_CURVE('',#313,#321,#325,.T.);
#327=ORIENTED_EDGE('',*,*,#326,.T.);
#328=CARTESIAN_POINT('',(1300.9,-1362.797056275,0.));
#329=DIRECTION('',(-0.707106781,0.707106781,0.));
#330=VECTOR('',#329,5.228427125);
#331=LINE('',#328,#330);
#332=EDGE_CURVE('',#321,#271,#331,.T.);
#333=ORIENTED_EDGE('',*,*,#332,.T.);
#334=EDGE_LOOP('',(#279,#287,#295,#303,#311,#319,#327,#333));
#335=FACE_BOUND('',#334,.T.);
#336=CARTESIAN_POINT('',(1297.202943725,-1387.1,0.));
#337=VERTEX_POINT('',#336);
#338=CARTESIAN_POINT('',(1278.797056275,-1387.1,0.));
#339=VERTEX_POINT('',#338);
#340=CARTESIAN_POINT('',(1297.202943725,-1387.1,0.));
#341=DIRECTION('',(-1.,-0.,0.));
#342=VECTOR('',#341,18.40588745);
#343=LINE('',#340,#342);
#344=EDGE_CURVE('',#337,#339,#343,.T.);
#345=ORIENTED_EDGE('',*,*,#344,.T.);
#346=CARTESIAN_POINT('',(1275.1,-1390.797056275,0.));
#347=VERTEX_POINT('',#346);
#348=CARTESIAN_POINT('',(1278.797056275,-1387.1,0.));
#349=DIRECTION('',(-0.707106781,-0.707106781,0.));
#350=VECTOR('',#349,5.228427125);
#351=LINE('',#348,#350);
#352=EDGE_CURVE('',#339,#347,#351,.T.);
#353=ORIENTED_EDGE('',*,*,#352,.T.);
#354=CARTESIAN_POINT('',(1275.1,-1409.202943725,0.));
#355=VERTEX_POINT('',#354);
#356=CARTESIAN_POINT('',(1275.1,-1390.797056275,0.));
#357=DIRECTION('',(-0.,-1.,-0.));
#358=VECTOR('',#357,18.40588745);
#359=LINE('',#356,#358);
#360=EDGE_CURVE('',#347,#355,#359,.T.);
#361=ORIENTED_EDGE('',*,*,#360,.T.);
#362=CARTESIAN_POINT('',(1278.797056275,-1412.9,0.));
#363=VERTEX_POINT('',#362);
#364=CARTESIAN_POINT('',(1275.1,-1409.202943725,0.));
#365=DIRECTION('',(0.707106781,-0.707106781,0.));
#366=VECTOR('',#365,5.228427125);
#367=LINE('',#364,#366);
#368=EDGE_CURVE('',#355,#363,#367,.T.);
#369=ORIENTED_EDGE('',*,*,#368,.T.);
#370=CARTESIAN_POINT('',(1297.202943725,-1412.9,0.));
#371=VERTEX_POINT('',#370);
#372=CARTESIAN_POINT('',(1278.797056275,-1412.9,0.));
#373=DIRECTION('',(1.,0.,-0.));
#374=VECTOR('',#373,18.40588745);
#375=LINE('',#372,#374);
#376=EDGE_CURVE('',#363,#371,#375,.T.);
#377=ORIENTED_EDGE('',*,*,#376,.T.);
#378=CARTESIAN_POINT('',(1300.9,-1409.202943725,0.));
#379=VERTEX_POINT('',#378);
#380=CARTESIAN_POINT('',(1297.202943725,-1412.9,0.));
#381=DIRECTION('',(0.707106781,0.707106781,0.));
#382=VECTOR('',#381,5.228427125);
#383=LINE('',#380,#382);
#384=EDGE_CURVE('',#371,#379,#383,.T.);
#385=ORIENTED_EDGE('',*,*,#384,.T.);
#386=CARTESIAN_POINT('',(1300.9,-1390.797056275,0.));
#387=VERTEX_POINT('',#386);
#388=CARTESIAN_POINT('',(1300.9,-1409.202943725,0.));
#389=DIRECTION('',(0.,1.,0.));
#390=VECTOR('',#389,18.40588745);
#391=LINE('',#388,#390);
#392=EDGE_CURVE('',#379,#387,#391,.T.);
#393=ORIENTED_EDGE('',*,*,#392,.T.);
#394=CARTESIAN_POINT('',(1300.9,-1390.797056275,0.));
#395=DIRECTION('',(-0.707106781,0.707106781,0.));
#396=VECTOR('',#395,5.228427125);
#397=LINE('',#394,#396);
#398=EDGE_CURVE('',#387,#337,#397,.T.);
#399=ORIENTED_EDGE('',*,*,#398,.T.);
#400=EDGE_LOOP('',(#345,#353,#361,#369,#377,#385,#393,#399));
#401=FACE_BOUND('',#400,.T.);
#402=CARTESIAN_POINT('',(1325.202943725,-1303.1,0.));
#403=VERTEX_POINT('',#402);
#404=CARTESIAN_POINT('',(1306.797056275,-1303.1,0.));
#405=VERTEX_POINT('',#404);
#406=CARTESIAN_POINT('',(1325.202943725,-1303.1,0.));
#407=DIRECTION('',(-1.,-0.,0.));
#408=VECTOR('',#407,18.40588745);
#409=LINE('',#406,#408);
#410=EDGE_CURVE('',#403,#405,#409,.T.);
#411=ORIENTED_EDGE('',*,*,#410,.T.);
#412=CARTESIAN_POINT('',(1303.1,-1306.797056275,0.));
#413=VERTEX_POINT('',#412);
#414=CARTESIAN_POINT('',(1306.797056275,-1303.1,0.));
#415=DIRECTION('',(-0.707106781,-0.707106781,0.));
#416=VECTOR('',#415,5.228427125);
#417=LINE('',#414,#416);
#418=EDGE_CURVE('',#405,#413,#417,.T.);
#419=ORIENTED_EDGE('',*,*,#418,.T.);
#420=CARTESIAN_POINT('',(1303.1,-1325.202943725,0.));
#421=VERTEX_POINT('',#420);
#422=CARTESIAN_POINT('',(1303.1,-1306.797056275,0.));
#423=DIRECTION('',(-0.,-1.,-0.));
#424=VECTOR('',#423,18.40588745);
#425=LINE('',#422,#424);
#426=EDGE_CURVE('',#413,#421,#425,.T.);
#427=ORIENTED_EDGE('',*,*,#426,.T.);
#428=CARTESIAN_POINT('',(1306.797056275,-1328.9,0.));
#429=VERTEX_POINT('',#428);
#430=CARTESIAN_POINT('',(1303.1,-1325.202943725,0.));
#431=DIRECTION('',(0.707106781,-0.707106781,0.));
#432=VECTOR('',#431,5.228427125);
#433=LINE('',#430,#432);
#434=EDGE_CURVE('',#421,#429,#433,.T.);
#435=ORIENTED_EDGE('',*,*,#434,.T.);
#436=CARTESIAN_POINT('',(1325.202943725,-1328.9,0.));
#437=VERTEX_POINT('',#436);
#438=CARTESIAN_POINT('',(1306.797056275,-1328.9,0.));
#439=DIRECTION('',(1.,0.,-0.));
#440=VECTOR('',#439,18.40588745);
#441=LINE('',#438,#440);
#442=EDGE_CURVE('',#429,#437,#441,.T.);
#443=ORIENTED_EDGE('',*,*,#442,.T.);
#444=CARTESIAN_POINT('',(1328.9,-1325.202943725,0.));
#445=VERTEX_POINT('',#444);
#446=CARTESIAN_POINT('',(1325.202943725,-1328.9,0.));
#447=DIRECTION('',(0.707106781,0.707106781,0.));
#448=VECTOR('',#447,5.228427125);
#449=LINE('',#446,#448);
#450=EDGE_CURVE('',#437,#445,#449,.T.);
#451=ORIENTED_EDGE('',*,*,#450,.T.);
#452=CARTESIAN_POINT('',(1328.9,-1306.797056275,0.));
#453=VERTEX_POINT('',#452);
#454=CARTESIAN_POINT('',(1328.9,-1325.202943725,0.));
#455=DIRECTION('',(0.,1.,0.));
#456=VECTOR('',#455,18.40588745);
#457=LINE('',#454,#456);
#458=EDGE_CURVE('',#445,#453,#457,.T.);
#459=ORIENTED_EDGE('',*,*,#458,.T.);
#460=CARTESIAN_POINT('',(1328.9,-1306.797056275,0.));
#461=DIRECTION('',(-0.707106781,0.707106781,0.));
#462=VECTOR('',#461,5.228427125);
#463=LINE('',#460,#462);
#464=EDGE_CURVE('',#453,#403,#463,.T.);
#465=ORIENTED_EDGE('',*,*,#464,.T.);
#466=EDGE_LOOP('',(#411,#419,#427,#435,#443,#451,#459,#465));
#467=FACE_BOUND('',#466,.T.);
#468=CARTESIAN_POINT('',(1325.202943725,-1331.1,0.));
#469=VERTEX_POINT('',#468);
#470=CARTESIAN_POINT('',(1306.797056275,-1331.1,0.));
#471=VERTEX_POINT('',#470);
#472=CARTESIAN_POINT('',(1325.202943725,-1331.1,0.));
#473=DIRECTION('',(-1.,-0.,0.));
#474=VECTOR('',#473,18.40588745);
#475=LINE('',#472,#474);
#476=EDGE_CURVE('',#469,#471,#475,.T.);
#477=ORIENTED_EDGE('',*,*,#476,.T.);
#478=CARTESIAN_POINT('',(1303.1,-1334.797056275,0.));
#479=VERTEX_POINT('',#478);
#480=CARTESIAN_POINT('',(1306.797056275,-1331.1,0.));
#481=DIRECTION('',(-0.707106781,-0.707106781,0.));
#482=VECTOR('',#481,5.228427125);
#483=LINE('',#480,#482);
#484=EDGE_CURVE('',#471,#479,#483,.T.);
#485=ORIENTED_EDGE('',*,*,#484,.T.);
#486=CARTESIAN_POINT('',(1303.1,-1353.202943725,0.));
#487=VERTEX_POINT('',#486);
#488=CARTESIAN_POINT('',(1303.1,-1334.797056275,0.));
#489=DIRECTION('',(-0.,-1.,-0.));
#490=VECTOR('',#489,18.40588745);
#491=LINE('',#488,#490);
#492=EDGE_CURVE('',#479,#487,#491,.T.);
#493=ORIENTED_EDGE('',*,*,#492,.T.);
#494=CARTESIAN_POINT('',(1306.797056275,-1356.9,0.));
#495=VERTEX_POINT('',#494);
#496=CARTESIAN_POINT('',(1303.1,-1353.202943725,0.));
#497=DIRECTION('',(0.707106781,-0.707106781,0.));
#498=VECTOR('',#497,5.228427125);
#499=LINE('',#496,#498);
#500=EDGE_CURVE('',#487,#495,#499,.T.);
#501=ORIENTED_EDGE('',*,*,#500,.T.);
#502=CARTESIAN_POINT('',(1325.202943725,-1356.9,0.));
#503=VERTEX_POINT('',#502);
#504=CARTESIAN_POINT('',(1306.797056275,-1356.9,0.));
#505=DIRECTION('',(1.,0.,-0.));
#506=VECTOR('',#505,18.40588745);
#507=LINE('',#504,#506);
#508=EDGE_CURVE('',#495,#503,#507,.T.);
#509=ORIENTED_EDGE('',*,*,#508,.T.);
#510=CARTESIAN_POINT('',(1328.9,-1353.202943725,0.));
#511=VERTEX_POINT('',#510);
#512=CARTESIAN_POINT('',(1325.202943725,-1356.9,0.));
#513=DIRECTION('',(0.707106781,0.707106781,0.));
#514=VECTOR('',#513,5.228427125);
#515=LINE('',#512,#514);
#516=EDGE_CURVE('',#503,#511,#515,.T.);
#517=ORIENTED_EDGE('',*,*,#516,.T.);
#518=CARTESIAN_POINT('',(1328.9,-1334.797056275,0.));
#519=VERTEX_POINT('',#518);
#520=CARTESIAN_POINT('',(1328.9,-1353.202943725,0.));
#521=DIRECTION('',(0.,1.,0.));
#522=VECTOR('',#521,18.40588745);
#523=LINE('',#520,#522);
#524=EDGE_CURVE('',#511,#519,#523,.T.);
#525=ORIENTED_EDGE('',*,*,#524,.T.);
#526=CARTESIAN_POINT('',(1328.9,-1334.797056275,0.));
#527=DIRECTION('',(-0.707106781,0.707106781,0.));
#528=VECTOR('',#527,5.228427125);
#529=LINE('',#526,#528);
#530=EDGE_CURVE('',#519,#469,#529,.T.);
#531=ORIENTED_EDGE('',*,*,#530,.T.);
#532=EDGE_LOOP('',(#477,#485,#493,#501,#509,#517,#525,#531));
#533=FACE_BOUND('',#532,.T.);
#534=CARTESIAN_POINT('',(1325.202943725,-1359.1,0.));
#535=VERTEX_POINT('',#534);
#536=CARTESIAN_POINT('',(1306.797056275,-1359.1,0.));
#537=VERTEX_POINT('',#536);
#538=CARTESIAN_POINT('',(1325.202943725,-1359.1,0.));
#539=DIRECTION('',(-1.,-0.,0.));
#540=VECTOR('',#539,18.40588745);
#541=LINE('',#538,#540);
#542=EDGE_CURVE('',#535,#537,#541,.T.);
#543=ORIENTED_EDGE('',*,*,#542,.T.);
#544=CARTESIAN_POINT('',(1303.1,-1362.797056275,0.));
#545=VERTEX_POINT('',#544);
#546=CARTESIAN_POINT('',(1306.797056275,-1359.1,0.));
#547=DIRECTION('',(-0.707106781,-0.707106781,0.));
#548=VECTOR('',#547,5.228427125);
#549=LINE('',#546,#548);
#550=EDGE_CURVE('',#537,#545,#549,.T.);
#551=ORIENTED_EDGE('',*,*,#550,.T.);
#552=CARTESIAN_POINT('',(1303.1,-1381.202943725,0.));
#553=VERTEX_POINT('',#552);
#554=CARTESIAN_POINT('',(1303.1,-1362.797056275,0.));
#555=DIRECTION('',(-0.,-1.,-0.));
#556=VECTOR('',#555,18.40588745);
#557=LINE('',#554,#556);
#558=EDGE_CURVE('',#545,#553,#557,.T.);
#559=ORIENTED_EDGE('',*,*,#558,.T.);
#560=CARTESIAN_POINT('',(1306.797056275,-1384.9,0.));
#561=VERTEX_POINT('',#560);
#562=CARTESIAN_POINT('',(1303.1,-1381.202943725,0.));
#563=DIRECTION('',(0.707106781,-0.707106781,0.));
#564=VECTOR('',#563,5.228427125);
#565=LINE('',#562,#564);
#566=EDGE_CURVE('',#553,#561,#565,.T.);
#567=ORIENTED_EDGE('',*,*,#566,.T.);
#568=CARTESIAN_POINT('',(1325.202943725,-1384.9,0.));
#569=VERTEX_POINT('',#568);
#570=CARTESIAN_POINT('',(1306.797056275,-1384.9,0.));
#571=DIRECTION('',(1.,0.,-0.));
#572=VECTOR('',#571,18.40588745);
#573=LINE('',#570,#572);
#574=EDGE_CURVE('',#561,#569,#573,.T.);
#575=ORIENTED_EDGE('',*,*,#574,.T.);
#576=CARTESIAN_POINT('',(1328.9,-1381.202943725,0.));
#577=VERTEX_POINT('',#576);
#578=CARTESIAN_POINT('',(1325.202943725,-1384.9,0.));
#579=DIRECTION('',(0.707106781,0.707106781,0.));
#580=VECTOR('',#579,5.228427125);
#581=LINE('',#578,#580);
#582=EDGE_CURVE('',#569,#577,#581,.T.);
#583=ORIENTED_EDGE('',*,*,#582,.T.);
#584=CARTESIAN_POINT('',(1328.9,-1362.797056275,0.));
#585=VERTEX_POINT('',#584);
#586=CARTESIAN_POINT('',(1328.9,-1381.202943725,0.));
#587=DIRECTION('',(0.,1.,0.));
#588=VECTOR('',#587,18.40588745);
#589=LINE('',#586,#588);
#590=EDGE_CURVE('',#577,#585,#589,.T.);
#591=ORIENTED_EDGE('',*,*,#590,.T.);
#592=CARTESIAN_POINT('',(1328.9,-1362.797056275,0.));
#593=DIRECTION('',(-0.707106781,0.707106781,0.));
#594=VECTOR('',#593,5.228427125);
#595=LINE('',#592,#594);
#596=EDGE_CURVE('',#585,#535,#595,.T.);
#597=ORIENTED_EDGE('',*,*,#596,.T.);
#598=EDGE_LOOP('',(#543,#551,#559,#567,#575,#583,#591,#597));
#599=FACE_BOUND('',#598,.T.);
#600=CARTESIAN_POINT('',(1325.202943725,-1387.1,0.));
#601=VERTEX_POINT('',#600);
#602=CARTESIAN_POINT('',(1306.797056275,-1387.1,0.));
#603=VERTEX_POINT('',#602);
#604=CARTESIAN_POINT('',(1325.202943725,-1387.1,0.));
#605=DIRECTION('',(-1.,-0.,0.));
#606=VECTOR('',#605,18.40588745);
#607=LINE('',#604,#606);
#608=EDGE_CURVE('',#601,#603,#607,.T.);
#609=ORIENTED_EDGE('',*,*,#608,.T.);
#610=CARTESIAN_POINT('',(1303.1,-1390.797056275,0.));
#611=VERTEX_POINT('',#610);
#612=CARTESIAN_POINT('',(1306.797056275,-1387.1,0.));
#613=DIRECTION('',(-0.707106781,-0.707106781,0.));
#614=VECTOR('',#613,5.228427125);
#615=LINE('',#612,#614);
#616=EDGE_CURVE('',#603,#611,#615,.T.);
#617=ORIENTED_EDGE('',*,*,#616,.T.);
#618=CARTESIAN_POINT('',(1303.1,-1409.202943725,0.));
#619=VERTEX_POINT('',#618);
#620=CARTESIAN_POINT('',(1303.1,-1390.797056275,0.));
#621=DIRECTION('',(-0.,-1.,-0.));
#622=VECTOR('',#621,18.40588745);
#623=LINE('',#620,#622);
#624=EDGE_CURVE('',#611,#619,#623,.T.);
#625=ORIENTED_EDGE('',*,*,#624,.T.);
#626=CARTESIAN_POINT('',(1306.797056275,-1412.9,0.));
#627=VERTEX_POINT('',#626);
#628=CARTESIAN_POINT('',(1303.1,-1409.202943725,0.));
#629=DIRECTION('',(0.707106781,-0.707106781,0.));
#630=VECTOR('',#629,5.228427125);
#631=LINE('',#628,#630);
#632=EDGE_CURVE('',#619,#627,#631,.T.);
#633=ORIENTED_EDGE('',*,*,#632,.T.);
#634=CARTESIAN_POINT('',(1325.202943725,-1412.9,0.));
#635=VERTEX_POINT('',#634);
#636=CARTESIAN_POINT('',(1306.797056275,-1412.9,0.));
#637=DIRECTION('',(1.,0.,-0.));
#638=VECTOR('',#637,18.40588745);
#639=LINE('',#636,#638);
#640=EDGE_CURVE('',#627,#635,#639,.T.);
#641=ORIENTED_EDGE('',*,*,#640,.T.);
#642=CARTESIAN_POINT('',(1328.9,-1409.202943725,0.));
#643=VERTEX_POINT('',#642);
#644=CARTESIAN_POINT('',(1325.202943725,-1412.9,0.));
#645=DIRECTION('',(0.707106781,0.707106781,0.));
#646=VECTOR('',#645,5.228427125);
#647=LINE('',#644,#646);
#648=EDGE_CURVE('',#635,#643,#647,.T.);
#649=ORIENTED_EDGE('',*,*,#648,.T.);
#650=CARTESIAN_POINT('',(1328.9,-1390.797056275,0.));
#651=VERTEX_POINT('',#650);
#652=CARTESIAN_POINT('',(1328.9,-1409.202943725,0.));
#653=DIRECTION('',(0.,1.,0.));
#654=VECTOR('',#653,18.40588745);
#655=LINE('',#652,#654);
#656=EDGE_CURVE('',#643,#651,#655,.T.);
#657=ORIENTED_EDGE('',*,*,#656,.T.);
#658=CARTESIAN_POINT('',(1328.9,-1390.797056275,0.));
#659=DIRECTION('',(-0.707106781,0.707106781,0.));
#660=VECTOR('',#659,5.228427125);
#661=LINE('',#658,#660);
#662=EDGE_CURVE('',#651,#601,#661,.T.);
#663=ORIENTED_EDGE('',*,*,#662,.T.);
#664=EDGE_LOOP('',(#609,#617,#625,#633,#641,#649,#657,#663));
#665=FACE_BOUND('',#664,.T.);
#666=CARTESIAN_POINT('',(1353.202943725,-1303.1,0.));
#667=VERTEX_POINT('',#666);
#668=CARTESIAN_POINT('',(1334.797056275,-1303.1,0.));
#669=VERTEX_POINT('',#668);
#670=CARTESIAN_POINT('',(1353.202943725,-1303.1,0.));
#671=DIRECTION('',(-1.,-0.,0.));
#672=VECTOR('',#671,18.40588745);
#673=LINE('',#670,#672);
#674=EDGE_CURVE('',#667,#669,#673,.T.);
#675=ORIENTED_EDGE('',*,*,#674,.T.);
#676=CARTESIAN_POINT('',(1331.1,-1306.797056275,0.));
#677=VERTEX_POINT('',#676);
#678=CARTESIAN_POINT('',(1334.797056275,-1303.1,0.));
#679=DIRECTION('',(-0.707106781,-0.707106781,0.));
#680=VECTOR('',#679,5.228427125);
#681=LINE('',#678,#680);
#682=EDGE_CURVE('',#669,#677,#681,.T.);
#683=ORIENTED_EDGE('',*,*,#682,.T.);
#684=CARTESIAN_POINT('',(1331.1,-1325.202943725,0.));
#685=VERTEX_POINT('',#684);
#686=CARTESIAN_POINT('',(1331.1,-1306.797056275,0.));
#687=DIRECTION('',(-0.,-1.,-0.));
#688=VECTOR('',#687,18.40588745);
#689=LINE('',#686,#688);
#690=EDGE_CURVE('',#677,#685,#689,.T.);
#691=ORIENTED_EDGE('',*,*,#690,.T.);
#692=CARTESIAN_POINT('',(1334.797056275,-1328.9,0.));
#693=VERTEX_POINT('',#692);
#694=CARTESIAN_POINT('',(1331.1,-1325.202943725,0.));
#695=DIRECTION('',(0.707106781,-0.707106781,0.));
#696=VECTOR('',#695,5.228427125);
#697=LINE('',#694,#696);
#698=EDGE_CURVE('',#685,#693,#697,.T.);
#699=ORIENTED_EDGE('',*,*,#698,.T.);
#700=CARTESIAN_POINT('',(1353.202943725,-1328.9,0.));
#701=VERTEX_POINT('',#700);
#702=CARTESIAN_POINT('',(1334.797056275,-1328.9,0.));
#703=DIRECTION('',(1.,0.,-0.));
#704=VECTOR('',#703,18.40588745);
#705=LINE('',#702,#704);
#706=EDGE_CURVE('',#693,#701,#705,.T.);
#707=ORIENTED_EDGE('',*,*,#706,.T.);
#708=CARTESIAN_POINT('',(1356.9,-1325.202943725,0.));
#709=VERTEX_POINT('',#708);
#710=CARTESIAN_POINT('',(1353.202943725,-1328.9,0.));
#711=DIRECTION('',(0.707106781,0.707106781,0.));
#712=VECTOR('',#711,5.228427125);
#713=LINE('',#710,#712);
#714=EDGE_CURVE('',#701,#709,#713,.T.);
#715=ORIENTED_EDGE('',*,*,#714,.T.);
#716=CARTESIAN_POINT('',(1356.9,-1306.797056275,0.));
#717=VERTEX_POINT('',#716);
#718=CARTESIAN_POINT('',(1356.9,-1325.202943725,0.));
#719=DIRECTION('',(0.,1.,0.));
#720=VECTOR('',#719,18.40588745);
#721=LINE('',#718,#720);
#722=EDGE_CURVE('',#709,#717,#721,.T.);
#723=ORIENTED_EDGE('',*,*,#722,.T.);
#724=CARTESIAN_POINT('',(1356.9,-1306.797056275,0.));
#725=DIRECTION('',(-0.707106781,0.707106781,0.));
#726=VECTOR('',#725,5.228427125);
#727=LINE('',#724,#726);
#728=EDGE_CURVE('',#717,#667,#727,.T.);
#729=ORIENTED_EDGE('',*,*,#728,.T.);
#730=EDGE_LOOP('',(#675,#683,#691,#699,#707,#715,#723,#729));
#731=FACE_BOUND('',#730,.T.);
#732=CARTESIAN_POINT('',(1353.202943725,-1331.1,0.));
#733=VERTEX_POINT('',#732);
#734=CARTESIAN_POINT('',(1334.797056275,-1331.1,0.));
#735=VERTEX_POINT('',#734);
#736=CARTESIAN_POINT('',(1353.202943725,-1331.1,0.));
#737=DIRECTION('',(-1.,-0.,0.));
#738=VECTOR('',#737,18.40588745);
#739=LINE('',#736,#738);
#740=EDGE_CURVE('',#733,#735,#739,.T.);
#741=ORIENTED_EDGE('',*,*,#740,.T.);
#742=CARTESIAN_POINT('',(1331.1,-1334.797056275,0.));
#743=VERTEX_POINT('',#742);
#744=CARTESIAN_POINT('',(1334.797056275,-1331.1,0.));
#745=DIRECTION('',(-0.707106781,-0.707106781,0.));
#746=VECTOR('',#745,5.228427125);
#747=LINE('',#744,#746);
#748=EDGE_CURVE('',#735,#743,#747,.T.);
#749=ORIENTED_EDGE('',*,*,#748,.T.);
#750=CARTESIAN_POINT('',(1331.1,-1353.202943725,0.));
#751=VERTEX_POINT('',#750);
#752=CARTESIAN_POINT('',(1331.1,-1334.797056275,0.));
#753=DIRECTION('',(-0.,-1.,-0.));
#754=VECTOR('',#753,18.40588745);
#755=LINE('',#752,#754);
#756=EDGE_CURVE('',#743,#751,#755,.T.);
#757=ORIENTED_EDGE('',*,*,#756,.T.);
#758=CARTESIAN_POINT('',(1334.797056275,-1356.9,0.));
#759=VERTEX_POINT('',#758);
#760=CARTESIAN_POINT('',(1331.1,-1353.202943725,0.));
#761=DIRECTION('',(0.707106781,-0.707106781,0.));
#762=VECTOR('',#761,5.228427125);
#763=LINE('',#760,#762);
#764=EDGE_CURVE('',#751,#759,#763,.T.);
#765=ORIENTED_EDGE('',*,*,#764,.T.);
#766=CARTESIAN_POINT('',(1353.202943725,-1356.9,0.));
#767=VERTEX_POINT('',#766);
#768=CARTESIAN_POINT('',(1334.797056275,-1356.9,0.));
#769=DIRECTION('',(1.,0.,-0.));
#770=VECTOR('',#769,18.40588745);
#771=LINE('',#768,#770);
#772=EDGE_CURVE('',#759,#767,#771,.T.);
#773=ORIENTED_EDGE('',*,*,#772,.T.);
#774=CARTESIAN_POINT('',(1356.9,-1353.202943725,0.));
#775=VERTEX_POINT('',#774);
#776=CARTESIAN_POINT('',(1353.202943725,-1356.9,0.));
#777=DIRECTION('',(0.707106781,0.707106781,0.));
#778=VECTOR('',#777,5.228427125);
#779=LINE('',#776,#778);
#780=EDGE_CURVE('',#767,#775,#779,.T.);
#781=ORIENTED_EDGE('',*,*,#780,.T.);
#782=CARTESIAN_POINT('',(1356.9,-1334.797056275,0.));
#783=VERTEX_POINT('',#782);
#784=CARTESIAN_POINT('',(1356.9,-1353.202943725,0.));
#785=DIRECTION('',(0.,1.,0.));
#786=VECTOR('',#785,18.40588745);
#787=LINE('',#784,#786);
#788=EDGE_CURVE('',#775,#783,#787,.T.);
#789=ORIENTED_EDGE('',*,*,#788,.T.);
#790=CARTESIAN_POINT('',(1356.9,-1334.797056275,0.));
#791=DIRECTION('',(-0.707106781,0.707106781,0.));
#792=VECTOR('',#791,5.228427125);
#793=LINE('',#790,#792);
#794=EDGE_CURVE('',#783,#733,#793,.T.);
#795=ORIENTED_EDGE('',*,*,#794,.T.);
#796=EDGE_LOOP('',(#741,#749,#757,#765,#773,#781,#789,#795));
#797=FACE_BOUND('',#796,.T.);
#798=CARTESIAN_POINT('',(1353.202943725,-1359.1,0.));
#799=VERTEX_POINT('',#798);
#800=CARTESIAN_POINT('',(1334.797056275,-1359.1,0.));
#801=VERTEX_POINT('',#800);
#802=CARTESIAN_POINT('',(1353.202943725,-1359.1,0.));
#803=DIRECTION('',(-1.,-0.,0.));
#804=VECTOR('',#803,18.40588745);
#805=LINE('',#802,#804);
#806=EDGE_CURVE('',#799,#801,#805,.T.);
#807=ORIENTED_EDGE('',*,*,#806,.T.);
#808=CARTESIAN_POINT('',(1331.1,-1362.797056275,0.));
#809=VERTEX_POINT('',#808);
#810=CARTESIAN_POINT('',(1334.797056275,-1359.1,0.));
#811=DIRECTION('',(-0.707106781,-0.707106781,0.));
#812=VECTOR('',#811,5.228427125);
#813=LINE('',#810,#812);
#814=EDGE_CURVE('',#801,#809,#813,.T.);
#815=ORIENTED_EDGE('',*,*,#814,.T.);
#816=CARTESIAN_POINT('',(1331.1,-1381.202943725,0.));
#817=VERTEX_POINT('',#816);
#818=CARTESIAN_POINT('',(1331.1,-1362.797056275,0.));
#819=DIRECTION('',(-0.,-1.,-0.));
#820=VECTOR('',#819,18.40588745);
#821=LINE('',#818,#820);
#822=EDGE_CURVE('',#809,#817,#821,.T.);
#823=ORIENTED_EDGE('',*,*,#822,.T.);
#824=CARTESIAN_POINT('',(1334.797056275,-1384.9,0.));
#825=VERTEX_POINT('',#824);
#826=CARTESIAN_POINT('',(1331.1,-1381.202943725,0.));
#827=DIRECTION('',(0.707106781,-0.707106781,0.));
#828=VECTOR('',#827,5.228427125);
#829=LINE('',#826,#828);
#830=EDGE_CURVE('',#817,#825,#829,.T.);
#831=ORIENTED_EDGE('',*,*,#830,.T.);
#832=CARTESIAN_POINT('',(1353.202943725,-1384.9,0.));
#833=VERTEX_POINT('',#832);
#834=CARTESIAN_POINT('',(1334.797056275,-1384.9,0.));
#835=DIRECTION('',(1.,0.,-0.));
#836=VECTOR('',#835,18.40588745);
#837=LINE('',#834,#836);
#838=EDGE_CURVE('',#825,#833,#837,.T.);
#839=ORIENTED_EDGE('',*,*,#838,.T.);
#840=CARTESIAN_POINT('',(1356.9,-1381.202943725,0.));
#841=VERTEX_POINT('',#840);
#842=CARTESIAN_POINT('',(1353.202943725,-1384.9,0.));
#843=DIRECTION('',(0.707106781,0.707106781,0.));
#844=VECTOR('',#843,5.228427125);
#845=LINE('',#842,#844);
#846=EDGE_CURVE('',#833,#841,#845,.T.);
#847=ORIENTED_EDGE('',*,*,#846,.T.);
#848=CARTESIAN_POINT('',(1356.9,-1362.797056275,0.));
#849=VERTEX_POINT('',#848);
#850=CARTESIAN_POINT('',(1356.9,-1381.202943725,0.));
#851=DIRECTION('',(0.,1.,0.));
#852=VECTOR('',#851,18.40588745);
#853=LINE('',#850,#852);
#854=EDGE_CURVE('',#841,#849,#853,.T.);
#855=ORIENTED_EDGE('',*,*,#854,.T.);
#856=CARTESIAN_POINT('',(1356.9,-1362.797056275,0.));
#857=DIRECTION('',(-0.707106781,0.707106781,0.));
#858=VECTOR('',#857,5.228427125);
#859=LINE('',#856,#858);
#860=EDGE_CURVE('',#849,#799,#859,.T.);
#861=ORIENTED_EDGE('',*,*,#860,.T.);
#862=EDGE_LOOP('',(#807,#815,#823,#831,#839,#847,#855,#861));
#863=FACE_BOUND('',#862,.T.);
#864=CARTESIAN_POINT('',(1353.202943725,-1387.1,0.));
#865=VERTEX_POINT('',#864);
#866=CARTESIAN_POINT('',(1334.797056275,-1387.1,0.));
#867=VERTEX_POINT('',#866);
#868=CARTESIAN_POINT('',(1353.202943725,-1387.1,0.));
#869=DIRECTION('',(-1.,-0.,0.));
#870=VECTOR('',#869,18.40588745);
#871=LINE('',#868,#870);
#872=EDGE_CURVE('',#865,#867,#871,.T.);
#873=ORIENTED_EDGE('',*,*,#872,.T.);
#874=CARTESIAN_POINT('',(1331.1,-1390.797056275,0.));
#875=VERTEX_POINT('',#874);
#876=CARTESIAN_POINT('',(1334.797056275,-1387.1,0.));
#877=DIRECTION('',(-0.707106781,-0.707106781,0.));
#878=VECTOR('',#877,5.228427125);
#879=LINE('',#876,#878);
#880=EDGE_CURVE('',#867,#875,#879,.T.);
#881=ORIENTED_EDGE('',*,*,#880,.T.);
#882=CARTESIAN_POINT('',(1331.1,-1409.202943725,0.));
#883=VERTEX_POINT('',#882);
#884=CARTESIAN_POINT('',(1331.1,-1390.797056275,0.));
#885=DIRECTION('',(-0.,-1.,-0.));
#886=VECTOR('',#885,18.40588745);
#887=LINE('',#884,#886);
#888=EDGE_CURVE('',#875,#883,#887,.T.);
#889=ORIENTED_EDGE('',*,*,#888,.T.);
#890=CARTESIAN_POINT('',(1334.797056275,-1412.9,0.));
#891=VERTEX_POINT('',#890);
#892=CARTESIAN_POINT('',(1331.1,-1409.202943725,0.));
#893=DIRECTION('',(0.707106781,-0.707106781,0.));
#894=VECTOR('',#893,5.228427125);
#895=LINE('',#892,#894);
#896=EDGE_CURVE('',#883,#891,#895,.T.);
#897=ORIENTED_EDGE('',*,*,#896,.T.);
#898=CARTESIAN_POINT('',(1353.202943725,-1412.9,0.));
#899=VERTEX_POINT('',#898);
#900=CARTESIAN_POINT('',(1334.797056275,-1412.9,0.));
#901=DIRECTION('',(1.,0.,-0.));
#902=VECTOR('',#901,18.40588745);
#903=LINE('',#900,#902);
#904=EDGE_CURVE('',#891,#899,#903,.T.);
#905=ORIENTED_EDGE('',*,*,#904,.T.);
#906=CARTESIAN_POINT('',(1356.9,-1409.202943725,0.));
#907=VERTEX_POINT('',#906);
#908=CARTESIAN_POINT('',(1353.202943725,-1412.9,0.));
#909=DIRECTION('',(0.707106781,0.707106781,0.));
#910=VECTOR('',#909,5.228427125);
#911=LINE('',#908,#910);
#912=EDGE_CURVE('',#899,#907,#911,.T.);
#913=ORIENTED_EDGE('',*,*,#912,.T.);
#914=CARTESIAN_POINT('',(1356.9,-1390.797056275,0.));
#915=VERTEX_POINT('',#914);
#916=CARTESIAN_POINT('',(1356.9,-1409.202943725,0.));
#917=DIRECTION('',(0.,1.,0.));
#918=VECTOR('',#917,18.40588745);
#919=LINE('',#916,#918);
#920=EDGE_CURVE('',#907,#915,#919,.T.);
#921=ORIENTED_EDGE('',*,*,#920,.T.);
#922=CARTESIAN_POINT('',(1356.9,-1390.797056275,0.));
#923=DIRECTION('',(-0.707106781,0.707106781,0.));
#924=VECTOR('',#923,5.228427125);
#925=LINE('',#922,#924);
#926=EDGE_CURVE('',#915,#865,#925,.T.);
#927=ORIENTED_EDGE('',*,*,#926,.T.);
#928=EDGE_LOOP('',(#873,#881,#889,#897,#905,#913,#921,#927));
#929=FACE_BOUND('',#928,.T.);
#930=ADVANCED_FACE('',(#137,#203,#269,#335,#401,#467,#533,#599,#665,#731,#797,#863,#929),#71,.F.);
#931=CARTESIAN_POINT('',(1300.5,-1316.,1.4));
#932=DIRECTION('',(0.819231921,0.,-0.573462344));
#933=DIRECTION('',(0.,1.,0.));
#934=AXIS2_PLACEMENT_3D('',#931,#932,#933);
#935=PLANE('',#934);
#936=CARTESIAN_POINT('',(1301.2,-1322.923044738,2.4));
#937=VERTEX_POINT('',#936);
#938=CARTESIAN_POINT('',(1301.2,-1322.923044738,2.4));
#939=DIRECTION('',(-0.497468338,-0.497468338,-0.710669055));
#940=VECTOR('',#939,1.407124728);
#941=LINE('',#938,#940);
#942=EDGE_CURVE('',#937,#51,#941,.T.);
#943=ORIENTED_EDGE('',*,*,#942,.F.);
#944=CARTESIAN_POINT('',(1301.2,-1309.076955262,2.4));
#945=VERTEX_POINT('',#944);
#946=CARTESIAN_POINT('',(1301.199999999,-1322.923044738,2.4));
#947=DIRECTION('',(0.,1.,0.));
#948=VECTOR('',#947,13.846089476);
#949=LINE('',#946,#948);
#950=EDGE_CURVE('',#937,#945,#949,.T.);
#951=ORIENTED_EDGE('',*,*,#950,.T.);
#952=CARTESIAN_POINT('',(1300.5,-1308.376955262,1.4));
#953=DIRECTION('',(0.497468338,-0.497468338,0.710669055));
#954=VECTOR('',#953,1.407124728);
#955=LINE('',#952,#954);
#956=EDGE_CURVE('',#33,#945,#955,.T.);
#957=ORIENTED_EDGE('',*,*,#956,.F.);
#958=ORIENTED_EDGE('',*,*,#62,.F.);
#959=EDGE_LOOP('',(#943,#951,#957,#958));
#960=FACE_BOUND('',#959,.T.);
#961=ADVANCED_FACE('',(#960),#935,.F.);
#962=CARTESIAN_POINT('',(1301.2,-1316.,6.8));
#963=DIRECTION('',(-1.,0.,0.));
#964=DIRECTION('',(0.,-1.,0.));
#965=AXIS2_PLACEMENT_3D('',#962,#963,#964);
#966=PLANE('',#965);
#967=ORIENTED_EDGE('',*,*,#950,.F.);
#968=CARTESIAN_POINT('',(1301.2,-1322.923044738,4.4));
#969=VERTEX_POINT('',#968);
#970=CARTESIAN_POINT('',(1301.2,-1322.923044738,4.4));
#971=DIRECTION('',(-0.,-0.,-1.));
#972=VECTOR('',#971,2.);
#973=LINE('',#970,#972);
#974=EDGE_CURVE('',#969,#937,#973,.T.);
#975=ORIENTED_EDGE('',*,*,#974,.F.);
#976=CARTESIAN_POINT('',(1301.2,-1309.076955262,4.4));
#977=VERTEX_POINT('',#976);
#978=CARTESIAN_POINT('',(1301.2,-1322.923044738,4.4));
#979=DIRECTION('',(-0.,1.,-0.));
#980=VECTOR('',#979,13.846089476);
#981=LINE('',#978,#980);
#982=EDGE_CURVE('',#969,#977,#981,.T.);
#983=ORIENTED_EDGE('',*,*,#982,.T.);
#984=CARTESIAN_POINT('',(1301.2,-1309.076955262,4.4));
#985=DIRECTION('',(-0.,-0.,-1.));
#986=VECTOR('',#985,2.);
#987=LINE('',#984,#986);
#988=EDGE_CURVE('',#977,#945,#987,.T.);
#989=ORIENTED_EDGE('',*,*,#988,.T.);
#990=EDGE_LOOP('',(#967,#975,#983,#989));
#991=FACE_BOUND('',#990,.T.);
#992=ADVANCED_FACE('',(#991),#966,.T.);
#993=CARTESIAN_POINT('',(1300.85,-1308.726955262,6.8));
#994=DIRECTION('',(-0.707106781,-0.707106781,0.));
#995=DIRECTION('',(0.707106781,-0.707106781,0.));
#996=AXIS2_PLACEMENT_3D('',#993,#994,#995);
#997=PLANE('',#996);
#998=CARTESIAN_POINT('',(1300.5,-1308.376955262,5.4));
#999=VERTEX_POINT('',#998);
#1000=CARTESIAN_POINT('',(1301.2,-1309.076955262,4.4));
#1001=DIRECTION('',(-0.497468338,0.497468338,0.710669055));
#1002=VECTOR('',#1001,1.407124728);
#1003=LINE('',#1000,#1002);
#1004=EDGE_CURVE('',#977,#999,#1003,.T.);
#1005=ORIENTED_EDGE('',*,*,#1004,.T.);
#1006=CARTESIAN_POINT('',(1295.623044738,-1303.5,5.4));
#1007=VERTEX_POINT('',#1006);
#1008=CARTESIAN_POINT('',(1300.5,-1308.376955262,5.4));
#1009=DIRECTION('',(-0.707106781,0.707106781,-0.));
#1010=VECTOR('',#1009,6.897056275);
#1011=LINE('',#1008,#1010);
#1012=EDGE_CURVE('',#999,#1007,#1011,.T.);
#1013=ORIENTED_EDGE('',*,*,#1012,.T.);
#1014=CARTESIAN_POINT('',(1294.923044738,-1302.8,4.4));
#1015=VERTEX_POINT('',#1014);
#1016=CARTESIAN_POINT('',(1295.623044738,-1303.5,5.4));
#1017=DIRECTION('',(-0.497468338,0.497468338,-0.710669055));
#1018=VECTOR('',#1017,1.407124728);
#1019=LINE('',#1016,#1018);
#1020=EDGE_CURVE('',#1007,#1015,#1019,.T.);
#1021=ORIENTED_EDGE('',*,*,#1020,.T.);
#1022=CARTESIAN_POINT('',(1294.923044738,-1302.8,2.4));
#1023=VERTEX_POINT('',#1022);
#1024=CARTESIAN_POINT('',(1294.923044738,-1302.8,4.4));
#1025=DIRECTION('',(-0.,-0.,-1.));
#1026=VECTOR('',#1025,2.);
#1027=LINE('',#1024,#1026);
#1028=EDGE_CURVE('',#1015,#1023,#1027,.T.);
#1029=ORIENTED_EDGE('',*,*,#1028,.T.);
#1030=CARTESIAN_POINT('',(1295.623044738,-1303.5,1.4));
#1031=VERTEX_POINT('',#1030);
#1032=CARTESIAN_POINT('',(1294.923044738,-1302.8,2.4));
#1033=DIRECTION('',(0.497468338,-0.497468338,-0.710669055));
#1034=VECTOR('',#1033,1.407124728);
#1035=LINE('',#1032,#1034);
#1036=EDGE_CURVE('',#1023,#1031,#1035,.T.);
#1037=ORIENTED_EDGE('',*,*,#1036,.T.);
#1038=CARTESIAN_POINT('',(1295.623044738,-1303.5,1.4));
#1039=DIRECTION('',(0.707106781,-0.707106781,0.));
#1040=VECTOR('',#1039,6.897056275);
#1041=LINE('',#1038,#1040);
#1042=EDGE_CURVE('',#1031,#33,#1041,.T.);
#1043=ORIENTED_EDGE('',*,*,#1042,.T.);
#1044=ORIENTED_EDGE('',*,*,#956,.T.);
#1045=ORIENTED_EDGE('',*,*,#988,.F.);
#1046=EDGE_LOOP('',(#1005,#1013,#1021,#1029,#1037,#1043,#1044,#1045));
#1047=FACE_BOUND('',#1046,.T.);
#1048=ADVANCED_FACE('',(#1047),#997,.T.);
#1049=CARTESIAN_POINT('',(1288.,-1328.5,2.4));
#1050=DIRECTION('',(0.,1.,0.));
#1051=DIRECTION('',(-1.,0.,0.));
#1052=AXIS2_PLACEMENT_3D('',#1049,#1050,#1051);
#1053=PLANE('',#1052);
#1054=CARTESIAN_POINT('',(1295.623044738,-1328.5,1.4));
#1055=VERTEX_POINT('',#1054);
#1056=CARTESIAN_POINT('',(1297.0372583,-1328.5,0.4));
#1057=VERTEX_POINT('',#1056);
#1058=CARTESIAN_POINT('',(1295.623044738,-1328.5,1.4));
#1059=DIRECTION('',(0.816496581,0.,-0.577350269));
#1060=VECTOR('',#1059,1.732050807);
#1061=LINE('',#1058,#1060);
#1062=EDGE_CURVE('',#1055,#1057,#1061,.T.);
#1063=ORIENTED_EDGE('',*,*,#1062,.T.);
#1064=CARTESIAN_POINT('',(1278.9627417,-1328.5,0.4));
#1065=VERTEX_POINT('',#1064);
#1066=CARTESIAN_POINT('',(1297.0372583,-1328.5,0.4));
#1067=DIRECTION('',(-1.,0.,0.));
#1068=VECTOR('',#1067,18.0745166);
#1069=LINE('',#1066,#1068);
#1070=EDGE_CURVE('',#1057,#1065,#1069,.T.);
#1071=ORIENTED_EDGE('',*,*,#1070,.T.);
#1072=CARTESIAN_POINT('',(1280.376955262,-1328.5,1.4));
#1073=VERTEX_POINT('',#1072);
#1074=CARTESIAN_POINT('',(1278.9627417,-1328.5,0.4));
#1075=DIRECTION('',(0.816496581,0.,0.577350269));
#1076=VECTOR('',#1075,1.732050807);
#1077=LINE('',#1074,#1076);
#1078=EDGE_CURVE('',#1065,#1073,#1077,.T.);
#1079=ORIENTED_EDGE('',*,*,#1078,.T.);
#1080=CARTESIAN_POINT('',(1280.376955262,-1328.5,1.4));
#1081=DIRECTION('',(1.,-0.,-0.));
#1082=VECTOR('',#1081,15.246089476);
#1083=LINE('',#1080,#1082);
#1084=EDGE_CURVE('',#1073,#1055,#1083,.T.);
#1085=ORIENTED_EDGE('',*,*,#1084,.T.);
#1086=EDGE_LOOP('',(#1063,#1071,#1079,#1085));
#1087=FACE_BOUND('',#1086,.T.);
#1088=ADVANCED_FACE('',(#1087),#1053,.T.);
#1089=CARTESIAN_POINT('',(1288.,-1328.5,1.4));
#1090=DIRECTION('',(0.,-0.819231921,-0.573462344));
#1091=DIRECTION('',(1.,0.,0.));
#1092=AXIS2_PLACEMENT_3D('',#1089,#1090,#1091);
#1093=PLANE('',#1092);
#1094=CARTESIAN_POINT('',(1281.076955262,-1329.2,2.4));
#1095=VERTEX_POINT('',#1094);
#1096=CARTESIAN_POINT('',(1281.076955262,-1329.2,2.4));
#1097=DIRECTION('',(-0.497468338,0.497468338,-0.710669055));
#1098=VECTOR('',#1097,1.407124728);
#1099=LINE('',#1096,#1098);
#1100=EDGE_CURVE('',#1095,#1073,#1099,.T.);
#1101=ORIENTED_EDGE('',*,*,#1100,.F.);
#1102=CARTESIAN_POINT('',(1294.923044738,-1329.2,2.4));
#1103=VERTEX_POINT('',#1102);
#1104=CARTESIAN_POINT('',(1281.076955262,-1329.199999999,2.4));
#1105=DIRECTION('',(1.,0.,-0.));
#1106=VECTOR('',#1105,13.846089476);
#1107=LINE('',#1104,#1106);
#1108=EDGE_CURVE('',#1095,#1103,#1107,.T.);
#1109=ORIENTED_EDGE('',*,*,#1108,.T.);
#1110=CARTESIAN_POINT('',(1295.623044738,-1328.5,1.4));
#1111=DIRECTION('',(-0.497468338,-0.497468338,0.710669055));
#1112=VECTOR('',#1111,1.407124728);
#1113=LINE('',#1110,#1112);
#1114=EDGE_CURVE('',#1055,#1103,#1113,.T.);
#1115=ORIENTED_EDGE('',*,*,#1114,.F.);
#1116=ORIENTED_EDGE('',*,*,#1084,.F.);
#1117=EDGE_LOOP('',(#1101,#1109,#1115,#1116));
#1118=FACE_BOUND('',#1117,.T.);
#1119=ADVANCED_FACE('',(#1118),#1093,.F.);
#1120=CARTESIAN_POINT('',(1288.,-1329.2,6.8));
#1121=DIRECTION('',(0.,1.,0.));
#1122=DIRECTION('',(-1.,0.,0.));
#1123=AXIS2_PLACEMENT_3D('',#1120,#1121,#1122);
#1124=PLANE('',#1123);
#1125=ORIENTED_EDGE('',*,*,#1108,.F.);
#1126=CARTESIAN_POINT('',(1281.076955262,-1329.2,4.4));
#1127=VERTEX_POINT('',#1126);
#1128=CARTESIAN_POINT('',(1281.076955262,-1329.2,4.4));
#1129=DIRECTION('',(-0.,-0.,-1.));
#1130=VECTOR('',#1129,2.);
#1131=LINE('',#1128,#1130);
#1132=EDGE_CURVE('',#1127,#1095,#1131,.T.);
#1133=ORIENTED_EDGE('',*,*,#1132,.F.);
#1134=CARTESIAN_POINT('',(1294.923044738,-1329.2,4.4));
#1135=VERTEX_POINT('',#1134);
#1136=CARTESIAN_POINT('',(1281.076955262,-1329.2,4.4));
#1137=DIRECTION('',(1.,-0.,-0.));
#1138=VECTOR('',#1137,13.846089476);
#1139=LINE('',#1136,#1138);
#1140=EDGE_CURVE('',#1127,#1135,#1139,.T.);
#1141=ORIENTED_EDGE('',*,*,#1140,.T.);
#1142=CARTESIAN_POINT('',(1294.923044738,-1329.2,4.4));
#1143=DIRECTION('',(-0.,-0.,-1.));
#1144=VECTOR('',#1143,2.);
#1145=LINE('',#1142,#1144);
#1146=EDGE_CURVE('',#1135,#1103,#1145,.T.);
#1147=ORIENTED_EDGE('',*,*,#1146,.T.);
#1148=EDGE_LOOP('',(#1125,#1133,#1141,#1147));
#1149=FACE_BOUND('',#1148,.T.);
#1150=ADVANCED_FACE('',(#1149),#1124,.T.);
#1151=CARTESIAN_POINT('',(1295.273044738,-1328.85,6.8));
#1152=DIRECTION('',(-0.707106781,0.707106781,0.));
#1153=DIRECTION('',(-0.707106781,-0.707106781,0.));
#1154=AXIS2_PLACEMENT_3D('',#1151,#1152,#1153);
#1155=PLANE('',#1154);
#1156=CARTESIAN_POINT('',(1295.623044738,-1328.5,5.4));
#1157=VERTEX_POINT('',#1156);
#1158=CARTESIAN_POINT('',(1294.923044738,-1329.2,4.4));
#1159=DIRECTION('',(0.497468338,0.497468338,0.710669055));
#1160=VECTOR('',#1159,1.407124728);
#1161=LINE('',#1158,#1160);
#1162=EDGE_CURVE('',#1135,#1157,#1161,.T.);
#1163=ORIENTED_EDGE('',*,*,#1162,.T.);
#1164=CARTESIAN_POINT('',(1300.5,-1323.623044738,5.4));
#1165=VERTEX_POINT('',#1164);
#1166=CARTESIAN_POINT('',(1295.623044738,-1328.5,5.4));
#1167=DIRECTION('',(0.707106781,0.707106781,-0.));
#1168=VECTOR('',#1167,6.897056275);
#1169=LINE('',#1166,#1168);
#1170=EDGE_CURVE('',#1157,#1165,#1169,.T.);
#1171=ORIENTED_EDGE('',*,*,#1170,.T.);
#1172=CARTESIAN_POINT('',(1300.5,-1323.623044738,5.4));
#1173=DIRECTION('',(0.497468338,0.497468338,-0.710669055));
#1174=VECTOR('',#1173,1.407124728);
#1175=LINE('',#1172,#1174);
#1176=EDGE_CURVE('',#1165,#969,#1175,.T.);
#1177=ORIENTED_EDGE('',*,*,#1176,.T.);
#1178=ORIENTED_EDGE('',*,*,#974,.T.);
#1179=ORIENTED_EDGE('',*,*,#942,.T.);
#1180=CARTESIAN_POINT('',(1300.5,-1323.623044738,1.4));
#1181=DIRECTION('',(-0.707106781,-0.707106781,0.));
#1182=VECTOR('',#1181,6.897056275);
#1183=LINE('',#1180,#1182);
#1184=EDGE_CURVE('',#51,#1055,#1183,.T.);
#1185=ORIENTED_EDGE('',*,*,#1184,.T.);
#1186=ORIENTED_EDGE('',*,*,#1114,.T.);
#1187=ORIENTED_EDGE('',*,*,#1146,.F.);
#1188=EDGE_LOOP('',(#1163,#1171,#1177,#1178,#1179,#1185,#1186,#1187));
#1189=FACE_BOUND('',#1188,.T.);
#1190=ADVANCED_FACE('',(#1189),#1155,.T.);
#1191=CARTESIAN_POINT('',(1275.5,-1316.,2.4));
#1192=DIRECTION('',(1.,0.,0.));
#1193=DIRECTION('',(0.,1.,0.));
#1194=AXIS2_PLACEMENT_3D('',#1191,#1192,#1193);
#1195=PLANE('',#1194);
#1196=CARTESIAN_POINT('',(1275.5,-1323.623044738,1.4));
#1197=VERTEX_POINT('',#1196);
#1198=CARTESIAN_POINT('',(1275.5,-1325.0372583,0.4));
#1199=VERTEX_POINT('',#1198);
#1200=CARTESIAN_POINT('',(1275.5,-1323.623044738,1.4));
#1201=DIRECTION('',(0.,-0.816496581,-0.577350269));
#1202=VECTOR('',#1201,1.732050807);
#1203=LINE('',#1200,#1202);
#1204=EDGE_CURVE('',#1197,#1199,#1203,.T.);
#1205=ORIENTED_EDGE('',*,*,#1204,.T.);
#1206=CARTESIAN_POINT('',(1275.5,-1306.9627417,0.4));
#1207=VERTEX_POINT('',#1206);
#1208=CARTESIAN_POINT('',(1275.5,-1325.0372583,0.4));
#1209=DIRECTION('',(0.,1.,0.));
#1210=VECTOR('',#1209,18.0745166);
#1211=LINE('',#1208,#1210);
#1212=EDGE_CURVE('',#1199,#1207,#1211,.T.);
#1213=ORIENTED_EDGE('',*,*,#1212,.T.);
#1214=CARTESIAN_POINT('',(1275.5,-1308.376955262,1.4));
#1215=VERTEX_POINT('',#1214);
#1216=CARTESIAN_POINT('',(1275.5,-1306.9627417,0.4));
#1217=DIRECTION('',(0.,-0.816496581,0.577350269));
#1218=VECTOR('',#1217,1.732050807);
#1219=LINE('',#1216,#1218);
#1220=EDGE_CURVE('',#1207,#1215,#1219,.T.);
#1221=ORIENTED_EDGE('',*,*,#1220,.T.);
#1222=CARTESIAN_POINT('',(1275.5,-1308.376955262,1.4));
#1223=DIRECTION('',(-0.,-1.,-0.));
#1224=VECTOR('',#1223,15.246089476);
#1225=LINE('',#1222,#1224);
#1226=EDGE_CURVE('',#1215,#1197,#1225,.T.);
#1227=ORIENTED_EDGE('',*,*,#1226,.T.);
#1228=EDGE_LOOP('',(#1205,#1213,#1221,#1227));
#1229=FACE_BOUND('',#1228,.T.);
#1230=ADVANCED_FACE('',(#1229),#1195,.T.);
#1231=CARTESIAN_POINT('',(1275.5,-1316.,1.4));
#1232=DIRECTION('',(-0.819231921,0.,-0.573462344));
#1233=DIRECTION('',(0.,-1.,0.));
#1234=AXIS2_PLACEMENT_3D('',#1231,#1232,#1233);
#1235=PLANE('',#1234);
#1236=CARTESIAN_POINT('',(1274.8,-1309.076955262,2.4));
#1237=VERTEX_POINT('',#1236);
#1238=CARTESIAN_POINT('',(1274.8,-1309.076955262,2.4));
#1239=DIRECTION('',(0.497468338,0.497468338,-0.710669055));
#1240=VECTOR('',#1239,1.407124728);
#1241=LINE('',#1238,#1240);
#1242=EDGE_CURVE('',#1237,#1215,#1241,.T.);
#1243=ORIENTED_EDGE('',*,*,#1242,.F.);
#1244=CARTESIAN_POINT('',(1274.8,-1322.923044738,2.4));
#1245=VERTEX_POINT('',#1244);
#1246=CARTESIAN_POINT('',(1274.800000001,-1309.076955262,2.4));
#1247=DIRECTION('',(0.,-1.,0.));
#1248=VECTOR('',#1247,13.846089476);
#1249=LINE('',#1246,#1248);
#1250=EDGE_CURVE('',#1237,#1245,#1249,.T.);
#1251=ORIENTED_EDGE('',*,*,#1250,.T.);
#1252=CARTESIAN_POINT('',(1275.5,-1323.623044738,1.4));
#1253=DIRECTION('',(-0.497468338,0.497468338,0.710669055));
#1254=VECTOR('',#1253,1.407124728);
#1255=LINE('',#1252,#1254);
#1256=EDGE_CURVE('',#1197,#1245,#1255,.T.);
#1257=ORIENTED_EDGE('',*,*,#1256,.F.);
#1258=ORIENTED_EDGE('',*,*,#1226,.F.);
#1259=EDGE_LOOP('',(#1243,#1251,#1257,#1258));
#1260=FACE_BOUND('',#1259,.T.);
#1261=ADVANCED_FACE('',(#1260),#1235,.F.);
#1262=CARTESIAN_POINT('',(1274.8,-1316.,6.8));
#1263=DIRECTION('',(1.,0.,0.));
#1264=DIRECTION('',(0.,1.,0.));
#1265=AXIS2_PLACEMENT_3D('',#1262,#1263,#1264);
#1266=PLANE('',#1265);
#1267=ORIENTED_EDGE('',*,*,#1250,.F.);
#1268=CARTESIAN_POINT('',(1274.8,-1309.076955262,4.4));
#1269=VERTEX_POINT('',#1268);
#1270=CARTESIAN_POINT('',(1274.8,-1309.076955262,4.4));
#1271=DIRECTION('',(-0.,-0.,-1.));
#1272=VECTOR('',#1271,2.);
#1273=LINE('',#1270,#1272);
#1274=EDGE_CURVE('',#1269,#1237,#1273,.T.);
#1275=ORIENTED_EDGE('',*,*,#1274,.F.);
#1276=CARTESIAN_POINT('',(1274.8,-1322.923044738,4.4));
#1277=VERTEX_POINT('',#1276);
#1278=CARTESIAN_POINT('',(1274.8,-1309.076955262,4.4));
#1279=DIRECTION('',(-0.,-1.,-0.));
#1280=VECTOR('',#1279,13.846089476);
#1281=LINE('',#1278,#1280);
#1282=EDGE_CURVE('',#1269,#1277,#1281,.T.);
#1283=ORIENTED_EDGE('',*,*,#1282,.T.);
#1284=CARTESIAN_POINT('',(1274.8,-1322.923044738,4.4));
#1285=DIRECTION('',(-0.,-0.,-1.));
#1286=VECTOR('',#1285,2.);
#1287=LINE('',#1284,#1286);
#1288=EDGE_CURVE('',#1277,#1245,#1287,.T.);
#1289=ORIENTED_EDGE('',*,*,#1288,.T.);
#1290=EDGE_LOOP('',(#1267,#1275,#1283,#1289));
#1291=FACE_BOUND('',#1290,.T.);
#1292=ADVANCED_FACE('',(#1291),#1266,.T.);
#1293=CARTESIAN_POINT('',(1275.15,-1323.273044738,6.8));
#1294=DIRECTION('',(0.707106781,0.707106781,0.));
#1295=DIRECTION('',(-0.707106781,0.707106781,0.));
#1296=AXIS2_PLACEMENT_3D('',#1293,#1294,#1295);
#1297=PLANE('',#1296);
#1298=ORIENTED_EDGE('',*,*,#1100,.T.);
#1299=CARTESIAN_POINT('',(1280.376955262,-1328.5,1.4));
#1300=DIRECTION('',(-0.707106781,0.707106781,0.));
#1301=VECTOR('',#1300,6.897056275);
#1302=LINE('',#1299,#1301);
#1303=EDGE_CURVE('',#1073,#1197,#1302,.T.);
#1304=ORIENTED_EDGE('',*,*,#1303,.T.);
#1305=ORIENTED_EDGE('',*,*,#1256,.T.);
#1306=ORIENTED_EDGE('',*,*,#1288,.F.);
#1307=CARTESIAN_POINT('',(1275.5,-1323.623044738,5.4));
#1308=VERTEX_POINT('',#1307);
#1309=CARTESIAN_POINT('',(1274.8,-1322.923044738,4.4));
#1310=DIRECTION('',(0.497468338,-0.497468338,0.710669055));
#1311=VECTOR('',#1310,1.407124728);
#1312=LINE('',#1309,#1311);
#1313=EDGE_CURVE('',#1277,#1308,#1312,.T.);
#1314=ORIENTED_EDGE('',*,*,#1313,.T.);
#1315=CARTESIAN_POINT('',(1280.376955262,-1328.5,5.4));
#1316=VERTEX_POINT('',#1315);
#1317=CARTESIAN_POINT('',(1275.5,-1323.623044738,5.4));
#1318=DIRECTION('',(0.707106781,-0.707106781,-0.));
#1319=VECTOR('',#1318,6.897056275);
#1320=LINE('',#1317,#1319);
#1321=EDGE_CURVE('',#1308,#1316,#1320,.T.);
#1322=ORIENTED_EDGE('',*,*,#1321,.T.);
#1323=CARTESIAN_POINT('',(1280.376955262,-1328.5,5.4));
#1324=DIRECTION('',(0.497468338,-0.497468338,-0.710669055));
#1325=VECTOR('',#1324,1.407124728);
#1326=LINE('',#1323,#1325);
#1327=EDGE_CURVE('',#1316,#1127,#1326,.T.);
#1328=ORIENTED_EDGE('',*,*,#1327,.T.);
#1329=ORIENTED_EDGE('',*,*,#1132,.T.);
#1330=EDGE_LOOP('',(#1298,#1304,#1305,#1306,#1314,#1322,#1328,#1329));
#1331=FACE_BOUND('',#1330,.T.);
#1332=ADVANCED_FACE('',(#1331),#1297,.T.);
#1333=CARTESIAN_POINT('',(1288.,-1303.5,2.4));
#1334=DIRECTION('',(0.,-1.,0.));
#1335=DIRECTION('',(1.,0.,0.));
#1336=AXIS2_PLACEMENT_3D('',#1333,#1334,#1335);
#1337=PLANE('',#1336);
#1338=CARTESIAN_POINT('',(1280.376955262,-1303.5,1.4));
#1339=VERTEX_POINT('',#1338);
#1340=CARTESIAN_POINT('',(1278.9627417,-1303.5,0.4));
#1341=VERTEX_POINT('',#1340);
#1342=CARTESIAN_POINT('',(1280.376955262,-1303.5,1.4));
#1343=DIRECTION('',(-0.816496581,0.,-0.577350269));
#1344=VECTOR('',#1343,1.732050807);
#1345=LINE('',#1342,#1344);
#1346=EDGE_CURVE('',#1339,#1341,#1345,.T.);
#1347=ORIENTED_EDGE('',*,*,#1346,.T.);
#1348=CARTESIAN_POINT('',(1297.0372583,-1303.5,0.4));
#1349=VERTEX_POINT('',#1348);
#1350=CARTESIAN_POINT('',(1278.9627417,-1303.5,0.4));
#1351=DIRECTION('',(1.,0.,-0.));
#1352=VECTOR('',#1351,18.0745166);
#1353=LINE('',#1350,#1352);
#1354=EDGE_CURVE('',#1341,#1349,#1353,.T.);
#1355=ORIENTED_EDGE('',*,*,#1354,.T.);
#1356=CARTESIAN_POINT('',(1297.0372583,-1303.5,0.4));
#1357=DIRECTION('',(-0.816496581,0.,0.577350269));
#1358=VECTOR('',#1357,1.732050807);
#1359=LINE('',#1356,#1358);
#1360=EDGE_CURVE('',#1349,#1031,#1359,.T.);
#1361=ORIENTED_EDGE('',*,*,#1360,.T.);
#1362=CARTESIAN_POINT('',(1295.623044738,-1303.5,1.4));
#1363=DIRECTION('',(-1.,-0.,0.));
#1364=VECTOR('',#1363,15.246089476);
#1365=LINE('',#1362,#1364);
#1366=EDGE_CURVE('',#1031,#1339,#1365,.T.);
#1367=ORIENTED_EDGE('',*,*,#1366,.T.);
#1368=EDGE_LOOP('',(#1347,#1355,#1361,#1367));
#1369=FACE_BOUND('',#1368,.T.);
#1370=ADVANCED_FACE('',(#1369),#1337,.T.);
#1371=CARTESIAN_POINT('',(1288.,-1303.5,1.4));
#1372=DIRECTION('',(0.,0.819231921,-0.573462344));
#1373=DIRECTION('',(-1.,0.,0.));
#1374=AXIS2_PLACEMENT_3D('',#1371,#1372,#1373);
#1375=PLANE('',#1374);
#1376=ORIENTED_EDGE('',*,*,#1036,.F.);
#1377=CARTESIAN_POINT('',(1281.076955262,-1302.8,2.4));
#1378=VERTEX_POINT('',#1377);
#1379=CARTESIAN_POINT('',(1294.923044738,-1302.800000001,2.4));
#1380=DIRECTION('',(-1.,0.,0.));
#1381=VECTOR('',#1380,13.846089476);
#1382=LINE('',#1379,#1381);
#1383=EDGE_CURVE('',#1023,#1378,#1382,.T.);
#1384=ORIENTED_EDGE('',*,*,#1383,.T.);
#1385=CARTESIAN_POINT('',(1280.376955262,-1303.5,1.4));
#1386=DIRECTION('',(0.497468338,0.497468338,0.710669055));
#1387=VECTOR('',#1386,1.407124728);
#1388=LINE('',#1385,#1387);
#1389=EDGE_CURVE('',#1339,#1378,#1388,.T.);
#1390=ORIENTED_EDGE('',*,*,#1389,.F.);
#1391=ORIENTED_EDGE('',*,*,#1366,.F.);
#1392=EDGE_LOOP('',(#1376,#1384,#1390,#1391));
#1393=FACE_BOUND('',#1392,.T.);
#1394=ADVANCED_FACE('',(#1393),#1375,.F.);
#1395=CARTESIAN_POINT('',(1288.,-1302.8,6.8));
#1396=DIRECTION('',(0.,-1.,0.));
#1397=DIRECTION('',(1.,0.,0.));
#1398=AXIS2_PLACEMENT_3D('',#1395,#1396,#1397);
#1399=PLANE('',#1398);
#1400=ORIENTED_EDGE('',*,*,#1383,.F.);
#1401=ORIENTED_EDGE('',*,*,#1028,.F.);
#1402=CARTESIAN_POINT('',(1281.076955262,-1302.8,4.4));
#1403=VERTEX_POINT('',#1402);
#1404=CARTESIAN_POINT('',(1294.923044738,-1302.8,4.4));
#1405=DIRECTION('',(-1.,-0.,0.));
#1406=VECTOR('',#1405,13.846089476);
#1407=LINE('',#1404,#1406);
#1408=EDGE_CURVE('',#1015,#1403,#1407,.T.);
#1409=ORIENTED_EDGE('',*,*,#1408,.T.);
#1410=CARTESIAN_POINT('',(1281.076955262,-1302.8,4.4));
#1411=DIRECTION('',(-0.,-0.,-1.));
#1412=VECTOR('',#1411,2.);
#1413=LINE('',#1410,#1412);
#1414=EDGE_CURVE('',#1403,#1378,#1413,.T.);
#1415=ORIENTED_EDGE('',*,*,#1414,.T.);
#1416=EDGE_LOOP('',(#1400,#1401,#1409,#1415));
#1417=FACE_BOUND('',#1416,.T.);
#1418=ADVANCED_FACE('',(#1417),#1399,.T.);
#1419=CARTESIAN_POINT('',(1280.726955262,-1303.15,6.8));
#1420=DIRECTION('',(0.707106781,-0.707106781,0.));
#1421=DIRECTION('',(0.707106781,0.707106781,0.));
#1422=AXIS2_PLACEMENT_3D('',#1419,#1420,#1421);
#1423=PLANE('',#1422);
#1424=ORIENTED_EDGE('',*,*,#1242,.T.);
#1425=CARTESIAN_POINT('',(1275.5,-1308.376955262,1.4));
#1426=DIRECTION('',(0.707106781,0.707106781,0.));
#1427=VECTOR('',#1426,6.897056275);
#1428=LINE('',#1425,#1427);
#1429=EDGE_CURVE('',#1215,#1339,#1428,.T.);
#1430=ORIENTED_EDGE('',*,*,#1429,.T.);
#1431=ORIENTED_EDGE('',*,*,#1389,.T.);
#1432=ORIENTED_EDGE('',*,*,#1414,.F.);
#1433=CARTESIAN_POINT('',(1280.376955262,-1303.5,5.4));
#1434=VERTEX_POINT('',#1433);
#1435=CARTESIAN_POINT('',(1281.076955262,-1302.8,4.4));
#1436=DIRECTION('',(-0.497468338,-0.497468338,0.710669055));
#1437=VECTOR('',#1436,1.407124728);
#1438=LINE('',#1435,#1437);
#1439=EDGE_CURVE('',#1403,#1434,#1438,.T.);
#1440=ORIENTED_EDGE('',*,*,#1439,.T.);
#1441=CARTESIAN_POINT('',(1275.5,-1308.376955262,5.4));
#1442=VERTEX_POINT('',#1441);
#1443=CARTESIAN_POINT('',(1280.376955262,-1303.5,5.4));
#1444=DIRECTION('',(-0.707106781,-0.707106781,-0.));
#1445=VECTOR('',#1444,6.897056275);
#1446=LINE('',#1443,#1445);
#1447=EDGE_CURVE('',#1434,#1442,#1446,.T.);
#1448=ORIENTED_EDGE('',*,*,#1447,.T.);
#1449=CARTESIAN_POINT('',(1275.5,-1308.376955262,5.4));
#1450=DIRECTION('',(-0.497468338,-0.497468338,-0.710669055));
#1451=VECTOR('',#1450,1.407124728);
#1452=LINE('',#1449,#1451);
#1453=EDGE_CURVE('',#1442,#1269,#1452,.T.);
#1454=ORIENTED_EDGE('',*,*,#1453,.T.);
#1455=ORIENTED_EDGE('',*,*,#1274,.T.);
#1456=EDGE_LOOP('',(#1424,#1430,#1431,#1432,#1440,#1448,#1454,#1455));
#1457=FACE_BOUND('',#1456,.T.);
#1458=ADVANCED_FACE('',(#1457),#1423,.T.);
#1459=CARTESIAN_POINT('',(1288.,-1302.,6.8));
#1460=DIRECTION('',(0.,-1.,0.));
#1461=DIRECTION('',(1.,0.,0.));
#1462=AXIS2_PLACEMENT_3D('',#1459,#1460,#1461);
#1463=PLANE('',#1462);
#1464=CARTESIAN_POINT('',(1304.567223359,-1302.,4.6));
#1465=VERTEX_POINT('',#1464);
#1466=CARTESIAN_POINT('',(1304.567223359,-1302.,2.2));
#1467=VERTEX_POINT('',#1466);
#1468=CARTESIAN_POINT('',(1304.567223359,-1302.,4.6));
#1469=DIRECTION('',(0.,0.,-1.));
#1470=VECTOR('',#1469,2.4);
#1471=LINE('',#1468,#1470);
#1472=EDGE_CURVE('',#1465,#1467,#1471,.T.);
#1473=ORIENTED_EDGE('',*,*,#1472,.F.);
#1474=CARTESIAN_POINT('',(1299.432776641,-1302.,4.6));
#1475=VERTEX_POINT('',#1474);
#1476=CARTESIAN_POINT('',(1304.567223359,-1302.,4.6));
#1477=DIRECTION('',(-1.,-0.,0.));
#1478=VECTOR('',#1477,5.134446718);
#1479=LINE('',#1476,#1478);
#1480=EDGE_CURVE('',#1465,#1475,#1479,.T.);
#1481=ORIENTED_EDGE('',*,*,#1480,.T.);
#1482=CARTESIAN_POINT('',(1299.432776641,-1302.,2.2));
#1483=VERTEX_POINT('',#1482);
#1484=CARTESIAN_POINT('',(1299.432776641,-1302.,2.2));
#1485=DIRECTION('',(-0.,-0.,1.));
#1486=VECTOR('',#1485,2.4);
#1487=LINE('',#1484,#1486);
#1488=EDGE_CURVE('',#1483,#1475,#1487,.T.);
#1489=ORIENTED_EDGE('',*,*,#1488,.F.);
#1490=CARTESIAN_POINT('',(1304.567223359,-1302.,2.2));
#1491=DIRECTION('',(-1.,0.,0.));
#1492=VECTOR('',#1491,5.134446718);
#1493=LINE('',#1490,#1492);
#1494=EDGE_CURVE('',#1467,#1483,#1493,.T.);
#1495=ORIENTED_EDGE('',*,*,#1494,.F.);
#1496=EDGE_LOOP('',(#1473,#1481,#1489,#1495));
#1497=FACE_BOUND('',#1496,.T.);
#1498=CARTESIAN_POINT('',(1353.8,-1302.,6.8));
#1499=VERTEX_POINT('',#1498);
#1500=CARTESIAN_POINT('',(1278.2,-1302.,6.8));
#1501=VERTEX_POINT('',#1500);
#1502=CARTESIAN_POINT('',(1353.8,-1302.,6.8));
#1503=DIRECTION('',(-1.,-0.,0.));
#1504=VECTOR('',#1503,75.6);
#1505=LINE('',#1502,#1504);
#1506=EDGE_CURVE('',#1499,#1501,#1505,.T.);
#1507=ORIENTED_EDGE('',*,*,#1506,.F.);
#1508=CARTESIAN_POINT('',(1353.8,-1302.,6.8));
#1509=DIRECTION('',(-0.,-0.,-1.));
#1510=VECTOR('',#1509,6.8);
#1511=LINE('',#1508,#1510);
#1512=EDGE_CURVE('',#1499,#73,#1511,.T.);
#1513=ORIENTED_EDGE('',*,*,#1512,.T.);
#1514=ORIENTED_EDGE('',*,*,#80,.T.);
#1515=CARTESIAN_POINT('',(1278.2,-1302.,0.));
#1516=DIRECTION('',(0.,0.,1.));
#1517=VECTOR('',#1516,6.8);
#1518=LINE('',#1515,#1517);
#1519=EDGE_CURVE('',#75,#1501,#1518,.T.);
#1520=ORIENTED_EDGE('',*,*,#1519,.T.);
#1521=EDGE_LOOP('',(#1507,#1513,#1514,#1520));
#1522=FACE_BOUND('',#1521,.T.);
#1523=CARTESIAN_POINT('',(1332.567223359,-1302.,4.6));
#1524=VERTEX_POINT('',#1523);
#1525=CARTESIAN_POINT('',(1332.567223359,-1302.,2.2));
#1526=VERTEX_POINT('',#1525);
#1527=CARTESIAN_POINT('',(1332.567223359,-1302.,4.6));
#1528=DIRECTION('',(0.,0.,-1.));
#1529=VECTOR('',#1528,2.4);
#1530=LINE('',#1527,#1529);
#1531=EDGE_CURVE('',#1524,#1526,#1530,.T.);
#1532=ORIENTED_EDGE('',*,*,#1531,.F.);
#1533=CARTESIAN_POINT('',(1327.432776641,-1302.,4.6));
#1534=VERTEX_POINT('',#1533);
#1535=CARTESIAN_POINT('',(1332.567223359,-1302.,4.6));
#1536=DIRECTION('',(-1.,-0.,0.));
#1537=VECTOR('',#1536,5.134446718);
#1538=LINE('',#1535,#1537);
#1539=EDGE_CURVE('',#1524,#1534,#1538,.T.);
#1540=ORIENTED_EDGE('',*,*,#1539,.T.);
#1541=CARTESIAN_POINT('',(1327.432776641,-1302.,2.2));
#1542=VERTEX_POINT('',#1541);
#1543=CARTESIAN_POINT('',(1327.432776641,-1302.,2.2));
#1544=DIRECTION('',(-0.,-0.,1.));
#1545=VECTOR('',#1544,2.4);
#1546=LINE('',#1543,#1545);
#1547=EDGE_CURVE('',#1542,#1534,#1546,.T.);
#1548=ORIENTED_EDGE('',*,*,#1547,.F.);
#1549=CARTESIAN_POINT('',(1332.567223359,-1302.,2.2));
#1550=DIRECTION('',(-1.,0.,0.));
#1551=VECTOR('',#1550,5.134446718);
#1552=LINE('',#1549,#1551);
#1553=EDGE_CURVE('',#1526,#1542,#1552,.T.);
#1554=ORIENTED_EDGE('',*,*,#1553,.F.);
#1555=EDGE_LOOP('',(#1532,#1540,#1548,#1554));
#1556=FACE_BOUND('',#1555,.T.);
#1557=ADVANCED_FACE('',(#1497,#1522,#1556),#1463,.F.);
#1558=CARTESIAN_POINT('',(1274.,-1323.961522369,6.8));
#1559=DIRECTION('',(1.,0.,0.));
#1560=DIRECTION('',(0.,0.,-1.));
#1561=AXIS2_PLACEMENT_3D('',#1558,#1559,#1560);
#1562=PLANE('',#1561);
#1563=CARTESIAN_POINT('',(1274.,-1327.432776641,4.6));
#1564=VERTEX_POINT('',#1563);
#1565=CARTESIAN_POINT('',(1274.,-1332.567223359,4.6));
#1566=VERTEX_POINT('',#1565);
#1567=CARTESIAN_POINT('',(1274.,-1327.432776641,4.6));
#1568=DIRECTION('',(-0.,-1.,-0.));
#1569=VECTOR('',#1568,5.134446718);
#1570=LINE('',#1567,#1569);
#1571=EDGE_CURVE('',#1564,#1566,#1570,.T.);
#1572=ORIENTED_EDGE('',*,*,#1571,.T.);
#1573=CARTESIAN_POINT('',(1274.,-1332.567223359,2.2));
#1574=VERTEX_POINT('',#1573);
#1575=CARTESIAN_POINT('',(1274.,-1332.567223359,2.2));
#1576=DIRECTION('',(-0.,-0.,1.));
#1577=VECTOR('',#1576,2.4);
#1578=LINE('',#1575,#1577);
#1579=EDGE_CURVE('',#1574,#1566,#1578,.T.);
#1580=ORIENTED_EDGE('',*,*,#1579,.F.);
#1581=CARTESIAN_POINT('',(1274.,-1327.432776641,2.2));
#1582=VERTEX_POINT('',#1581);
#1583=CARTESIAN_POINT('',(1274.,-1327.432776641,2.2));
#1584=DIRECTION('',(0.,-1.,0.));
#1585=VECTOR('',#1584,5.134446718);
#1586=LINE('',#1583,#1585);
#1587=EDGE_CURVE('',#1582,#1574,#1586,.T.);
#1588=ORIENTED_EDGE('',*,*,#1587,.F.);
#1589=CARTESIAN_POINT('',(1274.,-1327.432776641,4.6));
#1590=DIRECTION('',(0.,0.,-1.));
#1591=VECTOR('',#1590,2.4);
#1592=LINE('',#1589,#1591);
#1593=EDGE_CURVE('',#1564,#1582,#1592,.T.);
#1594=ORIENTED_EDGE('',*,*,#1593,.F.);
#1595=EDGE_LOOP('',(#1572,#1580,#1588,#1594));
#1596=FACE_BOUND('',#1595,.T.);
#1597=CARTESIAN_POINT('',(1274.,-1409.8,6.8));
#1598=VERTEX_POINT('',#1597);
#1599=CARTESIAN_POINT('',(1274.,-1409.8,0.));
#1600=DIRECTION('',(-0.,-0.,1.));
#1601=VECTOR('',#1600,6.8);
#1602=LINE('',#1599,#1601);
#1603=EDGE_CURVE('',#115,#1598,#1602,.T.);
#1604=ORIENTED_EDGE('',*,*,#1603,.T.);
#1605=CARTESIAN_POINT('',(1274.,-1306.2,6.8));
#1606=VERTEX_POINT('',#1605);
#1607=CARTESIAN_POINT('',(1274.,-1306.2,6.8));
#1608=DIRECTION('',(-0.,-1.,-0.));
#1609=VECTOR('',#1608,103.6);
#1610=LINE('',#1607,#1609);
#1611=EDGE_CURVE('',#1606,#1598,#1610,.T.);
#1612=ORIENTED_EDGE('',*,*,#1611,.F.);
#1613=CARTESIAN_POINT('',(1274.,-1306.2,6.8));
#1614=DIRECTION('',(0.,0.,-1.));
#1615=VECTOR('',#1614,6.8);
#1616=LINE('',#1613,#1615);
#1617=EDGE_CURVE('',#1606,#123,#1616,.T.);
#1618=ORIENTED_EDGE('',*,*,#1617,.T.);
#1619=ORIENTED_EDGE('',*,*,#128,.T.);
#1620=EDGE_LOOP('',(#1604,#1612,#1618,#1619));
#1621=FACE_BOUND('',#1620,.T.);
#1622=CARTESIAN_POINT('',(1274.,-1355.432776641,4.6));
#1623=VERTEX_POINT('',#1622);
#1624=CARTESIAN_POINT('',(1274.,-1360.567223359,4.6));
#1625=VERTEX_POINT('',#1624);
#1626=CARTESIAN_POINT('',(1274.,-1355.432776641,4.6));
#1627=DIRECTION('',(-0.,-1.,-0.));
#1628=VECTOR('',#1627,5.134446718);
#1629=LINE('',#1626,#1628);
#1630=EDGE_CURVE('',#1623,#1625,#1629,.T.);
#1631=ORIENTED_EDGE('',*,*,#1630,.T.);
#1632=CARTESIAN_POINT('',(1274.,-1360.567223359,2.2));
#1633=VERTEX_POINT('',#1632);
#1634=CARTESIAN_POINT('',(1274.,-1360.567223359,2.2));
#1635=DIRECTION('',(-0.,-0.,1.));
#1636=VECTOR('',#1635,2.4);
#1637=LINE('',#1634,#1636);
#1638=EDGE_CURVE('',#1633,#1625,#1637,.T.);
#1639=ORIENTED_EDGE('',*,*,#1638,.F.);
#1640=CARTESIAN_POINT('',(1274.,-1355.432776641,2.2));
#1641=VERTEX_POINT('',#1640);
#1642=CARTESIAN_POINT('',(1274.,-1355.432776641,2.2));
#1643=DIRECTION('',(0.,-1.,0.));
#1644=VECTOR('',#1643,5.134446718);
#1645=LINE('',#1642,#1644);
#1646=EDGE_CURVE('',#1641,#1633,#1645,.T.);
#1647=ORIENTED_EDGE('',*,*,#1646,.F.);
#1648=CARTESIAN_POINT('',(1274.,-1355.432776641,4.6));
#1649=DIRECTION('',(0.,0.,-1.));
#1650=VECTOR('',#1649,2.4);
#1651=LINE('',#1648,#1650);
#1652=EDGE_CURVE('',#1623,#1641,#1651,.T.);
#1653=ORIENTED_EDGE('',*,*,#1652,.F.);
#1654=EDGE_LOOP('',(#1631,#1639,#1647,#1653));
#1655=FACE_BOUND('',#1654,.T.);
#1656=CARTESIAN_POINT('',(1274.,-1383.432776641,4.6));
#1657=VERTEX_POINT('',#1656);
#1658=CARTESIAN_POINT('',(1274.,-1388.567223359,4.6));
#1659=VERTEX_POINT('',#1658);
#1660=CARTESIAN_POINT('',(1274.,-1383.432776641,4.6));
#1661=DIRECTION('',(-0.,-1.,-0.));
#1662=VECTOR('',#1661,5.134446718);
#1663=LINE('',#1660,#1662);
#1664=EDGE_CURVE('',#1657,#1659,#1663,.T.);
#1665=ORIENTED_EDGE('',*,*,#1664,.T.);
#1666=CARTESIAN_POINT('',(1274.,-1388.567223359,2.2));
#1667=VERTEX_POINT('',#1666);
#1668=CARTESIAN_POINT('',(1274.,-1388.567223359,2.2));
#1669=DIRECTION('',(-0.,-0.,1.));
#1670=VECTOR('',#1669,2.4);
#1671=LINE('',#1668,#1670);
#1672=EDGE_CURVE('',#1667,#1659,#1671,.T.);
#1673=ORIENTED_EDGE('',*,*,#1672,.F.);
#1674=CARTESIAN_POINT('',(1274.,-1383.432776641,2.2));
#1675=VERTEX_POINT('',#1674);
#1676=CARTESIAN_POINT('',(1274.,-1383.432776641,2.2));
#1677=DIRECTION('',(0.,-1.,0.));
#1678=VECTOR('',#1677,5.134446718);
#1679=LINE('',#1676,#1678);
#1680=EDGE_CURVE('',#1675,#1667,#1679,.T.);
#1681=ORIENTED_EDGE('',*,*,#1680,.F.);
#1682=CARTESIAN_POINT('',(1274.,-1383.432776641,4.6));
#1683=DIRECTION('',(0.,0.,-1.));
#1684=VECTOR('',#1683,2.4);
#1685=LINE('',#1682,#1684);
#1686=EDGE_CURVE('',#1657,#1675,#1685,.T.);
#1687=ORIENTED_EDGE('',*,*,#1686,.F.);
#1688=EDGE_LOOP('',(#1665,#1673,#1681,#1687));
#1689=FACE_BOUND('',#1688,.T.);
#1690=ADVANCED_FACE('',(#1596,#1621,#1655,#1689),#1562,.F.);
#1691=CARTESIAN_POINT('',(1288.,-1316.,6.8));
#1692=DIRECTION('',(0.,0.,1.));
#1693=DIRECTION('',(1.,0.,0.));
#1694=AXIS2_PLACEMENT_3D('',#1691,#1692,#1693);
#1695=PLANE('',#1694);
#1696=CARTESIAN_POINT('',(1275.1,-1325.202943725,6.8));
#1697=VERTEX_POINT('',#1696);
#1698=CARTESIAN_POINT('',(1275.1,-1306.797056275,6.8));
#1699=VERTEX_POINT('',#1698);
#1700=CARTESIAN_POINT('',(1275.1,-1325.202943725,6.8));
#1701=DIRECTION('',(0.,1.,0.));
#1702=VECTOR('',#1701,18.40588745);
#1703=LINE('',#1700,#1702);
#1704=EDGE_CURVE('',#1697,#1699,#1703,.T.);
#1705=ORIENTED_EDGE('',*,*,#1704,.T.);
#1706=CARTESIAN_POINT('',(1278.797056275,-1303.1,6.8));
#1707=VERTEX_POINT('',#1706);
#1708=CARTESIAN_POINT('',(1275.1,-1306.797056275,6.8));
#1709=DIRECTION('',(0.707106781,0.707106781,0.));
#1710=VECTOR('',#1709,5.228427125);
#1711=LINE('',#1708,#1710);
#1712=EDGE_CURVE('',#1699,#1707,#1711,.T.);
#1713=ORIENTED_EDGE('',*,*,#1712,.T.);
#1714=CARTESIAN_POINT('',(1297.202943725,-1303.1,6.8));
#1715=VERTEX_POINT('',#1714);
#1716=CARTESIAN_POINT('',(1278.797056275,-1303.1,6.8));
#1717=DIRECTION('',(1.,0.,-0.));
#1718=VECTOR('',#1717,18.40588745);
#1719=LINE('',#1716,#1718);
#1720=EDGE_CURVE('',#1707,#1715,#1719,.T.);
#1721=ORIENTED_EDGE('',*,*,#1720,.T.);
#1722=CARTESIAN_POINT('',(1300.9,-1306.797056275,6.8));
#1723=VERTEX_POINT('',#1722);
#1724=CARTESIAN_POINT('',(1297.202943725,-1303.1,6.8));
#1725=DIRECTION('',(0.707106781,-0.707106781,0.));
#1726=VECTOR('',#1725,5.228427125);
#1727=LINE('',#1724,#1726);
#1728=EDGE_CURVE('',#1715,#1723,#1727,.T.);
#1729=ORIENTED_EDGE('',*,*,#1728,.T.);
#1730=CARTESIAN_POINT('',(1300.9,-1325.202943725,6.8));
#1731=VERTEX_POINT('',#1730);
#1732=CARTESIAN_POINT('',(1300.9,-1306.797056275,6.8));
#1733=DIRECTION('',(-0.,-1.,-0.));
#1734=VECTOR('',#1733,18.40588745);
#1735=LINE('',#1732,#1734);
#1736=EDGE_CURVE('',#1723,#1731,#1735,.T.);
#1737=ORIENTED_EDGE('',*,*,#1736,.T.);
#1738=CARTESIAN_POINT('',(1297.202943725,-1328.9,6.8));
#1739=VERTEX_POINT('',#1738);
#1740=CARTESIAN_POINT('',(1300.9,-1325.202943725,6.8));
#1741=DIRECTION('',(-0.707106781,-0.707106781,0.));
#1742=VECTOR('',#1741,5.228427125);
#1743=LINE('',#1740,#1742);
#1744=EDGE_CURVE('',#1731,#1739,#1743,.T.);
#1745=ORIENTED_EDGE('',*,*,#1744,.T.);
#1746=CARTESIAN_POINT('',(1278.797056275,-1328.9,6.8));
#1747=VERTEX_POINT('',#1746);
#1748=CARTESIAN_POINT('',(1297.202943725,-1328.9,6.8));
#1749=DIRECTION('',(-1.,-0.,0.));
#1750=VECTOR('',#1749,18.40588745);
#1751=LINE('',#1748,#1750);
#1752=EDGE_CURVE('',#1739,#1747,#1751,.T.);
#1753=ORIENTED_EDGE('',*,*,#1752,.T.);
#1754=CARTESIAN_POINT('',(1278.797056275,-1328.9,6.8));
#1755=DIRECTION('',(-0.707106781,0.707106781,0.));
#1756=VECTOR('',#1755,5.228427125);
#1757=LINE('',#1754,#1756);
#1758=EDGE_CURVE('',#1747,#1697,#1757,.T.);
#1759=ORIENTED_EDGE('',*,*,#1758,.T.);
#1760=EDGE_LOOP('',(#1705,#1713,#1721,#1729,#1737,#1745,#1753,#1759));
#1761=FACE_BOUND('',#1760,.T.);
#1762=ORIENTED_EDGE('',*,*,#1506,.T.);
#1763=CARTESIAN_POINT('',(1278.2,-1302.,6.8));
#1764=DIRECTION('',(-0.707106781,-0.707106781,0.));
#1765=VECTOR('',#1764,5.939696962);
#1766=LINE('',#1763,#1765);
#1767=EDGE_CURVE('',#1501,#1606,#1766,.T.);
#1768=ORIENTED_EDGE('',*,*,#1767,.T.);
#1769=ORIENTED_EDGE('',*,*,#1611,.T.);
#1770=CARTESIAN_POINT('',(1278.2,-1414.,6.8));
#1771=VERTEX_POINT('',#1770);
#1772=CARTESIAN_POINT('',(1274.,-1409.8,6.8));
#1773=DIRECTION('',(0.707106781,-0.707106781,0.));
#1774=VECTOR('',#1773,5.939696962);
#1775=LINE('',#1772,#1774);
#1776=EDGE_CURVE('',#1598,#1771,#1775,.T.);
#1777=ORIENTED_EDGE('',*,*,#1776,.T.);
#1778=CARTESIAN_POINT('',(1353.8,-1414.,6.8));
#1779=VERTEX_POINT('',#1778);
#1780=CARTESIAN_POINT('',(1278.2,-1414.,6.8));
#1781=DIRECTION('',(1.,0.,-0.));
#1782=VECTOR('',#1781,75.6);
#1783=LINE('',#1780,#1782);
#1784=EDGE_CURVE('',#1771,#1779,#1783,.T.);
#1785=ORIENTED_EDGE('',*,*,#1784,.T.);
#1786=CARTESIAN_POINT('',(1358.,-1409.8,6.8));
#1787=VERTEX_POINT('',#1786);
#1788=CARTESIAN_POINT('',(1353.8,-1414.,6.8));
#1789=DIRECTION('',(0.707106781,0.707106781,0.));
#1790=VECTOR('',#1789,5.939696962);
#1791=LINE('',#1788,#1790);
#1792=EDGE_CURVE('',#1779,#1787,#1791,.T.);
#1793=ORIENTED_EDGE('',*,*,#1792,.T.);
#1794=CARTESIAN_POINT('',(1358.,-1306.2,6.8));
#1795=VERTEX_POINT('',#1794);
#1796=CARTESIAN_POINT('',(1358.,-1409.8,6.8));
#1797=DIRECTION('',(0.,1.,0.));
#1798=VECTOR('',#1797,103.6);
#1799=LINE('',#1796,#1798);
#1800=EDGE_CURVE('',#1787,#1795,#1799,.T.);
#1801=ORIENTED_EDGE('',*,*,#1800,.T.);
#1802=CARTESIAN_POINT('',(1358.,-1306.2,6.8));
#1803=DIRECTION('',(-0.707106781,0.707106781,0.));
#1804=VECTOR('',#1803,5.939696962);
#1805=LINE('',#1802,#1804);
#1806=EDGE_CURVE('',#1795,#1499,#1805,.T.);
#1807=ORIENTED_EDGE('',*,*,#1806,.T.);
#1808=EDGE_LOOP('',(#1762,#1768,#1769,#1777,#1785,#1793,#1801,#1807));
#1809=FACE_BOUND('',#1808,.T.);
#1810=CARTESIAN_POINT('',(1275.1,-1353.202943725,6.8));
#1811=VERTEX_POINT('',#1810);
#1812=CARTESIAN_POINT('',(1275.1,-1334.797056275,6.8));
#1813=VERTEX_POINT('',#1812);
#1814=CARTESIAN_POINT('',(1275.1,-1353.202943725,6.8));
#1815=DIRECTION('',(0.,1.,0.));
#1816=VECTOR('',#1815,18.40588745);
#1817=LINE('',#1814,#1816);
#1818=EDGE_CURVE('',#1811,#1813,#1817,.T.);
#1819=ORIENTED_EDGE('',*,*,#1818,.T.);
#1820=CARTESIAN_POINT('',(1278.797056275,-1331.1,6.8));
#1821=VERTEX_POINT('',#1820);
#1822=CARTESIAN_POINT('',(1275.1,-1334.797056275,6.8));
#1823=DIRECTION('',(0.707106781,0.707106781,0.));
#1824=VECTOR('',#1823,5.228427125);
#1825=LINE('',#1822,#1824);
#1826=EDGE_CURVE('',#1813,#1821,#1825,.T.);
#1827=ORIENTED_EDGE('',*,*,#1826,.T.);
#1828=CARTESIAN_POINT('',(1297.202943725,-1331.1,6.8));
#1829=VERTEX_POINT('',#1828);
#1830=CARTESIAN_POINT('',(1278.797056275,-1331.1,6.8));
#1831=DIRECTION('',(1.,0.,-0.));
#1832=VECTOR('',#1831,18.40588745);
#1833=LINE('',#1830,#1832);
#1834=EDGE_CURVE('',#1821,#1829,#1833,.T.);
#1835=ORIENTED_EDGE('',*,*,#1834,.T.);
#1836=CARTESIAN_POINT('',(1300.9,-1334.797056275,6.8));
#1837=VERTEX_POINT('',#1836);
#1838=CARTESIAN_POINT('',(1297.202943725,-1331.1,6.8));
#1839=DIRECTION('',(0.707106781,-0.707106781,0.));
#1840=VECTOR('',#1839,5.228427125);
#1841=LINE('',#1838,#1840);
#1842=EDGE_CURVE('',#1829,#1837,#1841,.T.);
#1843=ORIENTED_EDGE('',*,*,#1842,.T.);
#1844=CARTESIAN_POINT('',(1300.9,-1353.202943725,6.8));
#1845=VERTEX_POINT('',#1844);
#1846=CARTESIAN_POINT('',(1300.9,-1334.797056275,6.8));
#1847=DIRECTION('',(-0.,-1.,-0.));
#1848=VECTOR('',#1847,18.40588745);
#1849=LINE('',#1846,#1848);
#1850=EDGE_CURVE('',#1837,#1845,#1849,.T.);
#1851=ORIENTED_EDGE('',*,*,#1850,.T.);
#1852=CARTESIAN_POINT('',(1297.202943725,-1356.9,6.8));
#1853=VERTEX_POINT('',#1852);
#1854=CARTESIAN_POINT('',(1300.9,-1353.202943725,6.8));
#1855=DIRECTION('',(-0.707106781,-0.707106781,0.));
#1856=VECTOR('',#1855,5.228427125);
#1857=LINE('',#1854,#1856);
#1858=EDGE_CURVE('',#1845,#1853,#1857,.T.);
#1859=ORIENTED_EDGE('',*,*,#1858,.T.);
#1860=CARTESIAN_POINT('',(1278.797056275,-1356.9,6.8));
#1861=VERTEX_POINT('',#1860);
#1862=CARTESIAN_POINT('',(1297.202943725,-1356.9,6.8));
#1863=DIRECTION('',(-1.,-0.,0.));
#1864=VECTOR('',#1863,18.40588745);
#1865=LINE('',#1862,#1864);
#1866=EDGE_CURVE('',#1853,#1861,#1865,.T.);
#1867=ORIENTED_EDGE('',*,*,#1866,.T.);
#1868=CARTESIAN_POINT('',(1278.797056275,-1356.9,6.8));
#1869=DIRECTION('',(-0.707106781,0.707106781,0.));
#1870=VECTOR('',#1869,5.228427125);
#1871=LINE('',#1868,#1870);
#1872=EDGE_CURVE('',#1861,#1811,#1871,.T.);
#1873=ORIENTED_EDGE('',*,*,#1872,.T.);
#1874=EDGE_LOOP('',(#1819,#1827,#1835,#1843,#1851,#1859,#1867,#1873));
#1875=FACE_BOUND('',#1874,.T.);
#1876=CARTESIAN_POINT('',(1275.1,-1381.202943725,6.8));
#1877=VERTEX_POINT('',#1876);
#1878=CARTESIAN_POINT('',(1275.1,-1362.797056275,6.8));
#1879=VERTEX_POINT('',#1878);
#1880=CARTESIAN_POINT('',(1275.1,-1381.202943725,6.8));
#1881=DIRECTION('',(0.,1.,0.));
#1882=VECTOR('',#1881,18.40588745);
#1883=LINE('',#1880,#1882);
#1884=EDGE_CURVE('',#1877,#1879,#1883,.T.);
#1885=ORIENTED_EDGE('',*,*,#1884,.T.);
#1886=CARTESIAN_POINT('',(1278.797056275,-1359.1,6.8));
#1887=VERTEX_POINT('',#1886);
#1888=CARTESIAN_POINT('',(1275.1,-1362.797056275,6.8));
#1889=DIRECTION('',(0.707106781,0.707106781,0.));
#1890=VECTOR('',#1889,5.228427125);
#1891=LINE('',#1888,#1890);
#1892=EDGE_CURVE('',#1879,#1887,#1891,.T.);
#1893=ORIENTED_EDGE('',*,*,#1892,.T.);
#1894=CARTESIAN_POINT('',(1297.202943725,-1359.1,6.8));
#1895=VERTEX_POINT('',#1894);
#1896=CARTESIAN_POINT('',(1278.797056275,-1359.1,6.8));
#1897=DIRECTION('',(1.,0.,-0.));
#1898=VECTOR('',#1897,18.40588745);
#1899=LINE('',#1896,#1898);
#1900=EDGE_CURVE('',#1887,#1895,#1899,.T.);
#1901=ORIENTED_EDGE('',*,*,#1900,.T.);
#1902=CARTESIAN_POINT('',(1300.9,-1362.797056275,6.8));
#1903=VERTEX_POINT('',#1902);
#1904=CARTESIAN_POINT('',(1297.202943725,-1359.1,6.8));
#1905=DIRECTION('',(0.707106781,-0.707106781,0.));
#1906=VECTOR('',#1905,5.228427125);
#1907=LINE('',#1904,#1906);
#1908=EDGE_CURVE('',#1895,#1903,#1907,.T.);
#1909=ORIENTED_EDGE('',*,*,#1908,.T.);
#1910=CARTESIAN_POINT('',(1300.9,-1381.202943725,6.8));
#1911=VERTEX_POINT('',#1910);
#1912=CARTESIAN_POINT('',(1300.9,-1362.797056275,6.8));
#1913=DIRECTION('',(-0.,-1.,-0.));
#1914=VECTOR('',#1913,18.40588745);
#1915=LINE('',#1912,#1914);
#1916=EDGE_CURVE('',#1903,#1911,#1915,.T.);
#1917=ORIENTED_EDGE('',*,*,#1916,.T.);
#1918=CARTESIAN_POINT('',(1297.202943725,-1384.9,6.8));
#1919=VERTEX_POINT('',#1918);
#1920=CARTESIAN_POINT('',(1300.9,-1381.202943725,6.8));
#1921=DIRECTION('',(-0.707106781,-0.707106781,0.));
#1922=VECTOR('',#1921,5.228427125);
#1923=LINE('',#1920,#1922);
#1924=EDGE_CURVE('',#1911,#1919,#1923,.T.);
#1925=ORIENTED_EDGE('',*,*,#1924,.T.);
#1926=CARTESIAN_POINT('',(1278.797056275,-1384.9,6.8));
#1927=VERTEX_POINT('',#1926);
#1928=CARTESIAN_POINT('',(1297.202943725,-1384.9,6.8));
#1929=DIRECTION('',(-1.,-0.,0.));
#1930=VECTOR('',#1929,18.40588745);
#1931=LINE('',#1928,#1930);
#1932=EDGE_CURVE('',#1919,#1927,#1931,.T.);
#1933=ORIENTED_EDGE('',*,*,#1932,.T.);
#1934=CARTESIAN_POINT('',(1278.797056275,-1384.9,6.8));
#1935=DIRECTION('',(-0.707106781,0.707106781,0.));
#1936=VECTOR('',#1935,5.228427125);
#1937=LINE('',#1934,#1936);
#1938=EDGE_CURVE('',#1927,#1877,#1937,.T.);
#1939=ORIENTED_EDGE('',*,*,#1938,.T.);
#1940=EDGE_LOOP('',(#1885,#1893,#1901,#1909,#1917,#1925,#1933,#1939));
#1941=FACE_BOUND('',#1940,.T.);
#1942=CARTESIAN_POINT('',(1275.1,-1409.202943725,6.8));
#1943=VERTEX_POINT('',#1942);
#1944=CARTESIAN_POINT('',(1275.1,-1390.797056275,6.8));
#1945=VERTEX_POINT('',#1944);
#1946=CARTESIAN_POINT('',(1275.1,-1409.202943725,6.8));
#1947=DIRECTION('',(0.,1.,0.));
#1948=VECTOR('',#1947,18.40588745);
#1949=LINE('',#1946,#1948);
#1950=EDGE_CURVE('',#1943,#1945,#1949,.T.);
#1951=ORIENTED_EDGE('',*,*,#1950,.T.);
#1952=CARTESIAN_POINT('',(1278.797056275,-1387.1,6.8));
#1953=VERTEX_POINT('',#1952);
#1954=CARTESIAN_POINT('',(1275.1,-1390.797056275,6.8));
#1955=DIRECTION('',(0.707106781,0.707106781,0.));
#1956=VECTOR('',#1955,5.228427125);
#1957=LINE('',#1954,#1956);
#1958=EDGE_CURVE('',#1945,#1953,#1957,.T.);
#1959=ORIENTED_EDGE('',*,*,#1958,.T.);
#1960=CARTESIAN_POINT('',(1297.202943725,-1387.1,6.8));
#1961=VERTEX_POINT('',#1960);
#1962=CARTESIAN_POINT('',(1278.797056275,-1387.1,6.8));
#1963=DIRECTION('',(1.,0.,-0.));
#1964=VECTOR('',#1963,18.40588745);
#1965=LINE('',#1962,#1964);
#1966=EDGE_CURVE('',#1953,#1961,#1965,.T.);
#1967=ORIENTED_EDGE('',*,*,#1966,.T.);
#1968=CARTESIAN_POINT('',(1300.9,-1390.797056275,6.8));
#1969=VERTEX_POINT('',#1968);
#1970=CARTESIAN_POINT('',(1297.202943725,-1387.1,6.8));
#1971=DIRECTION('',(0.707106781,-0.707106781,0.));
#1972=VECTOR('',#1971,5.228427125);
#1973=LINE('',#1970,#1972);
#1974=EDGE_CURVE('',#1961,#1969,#1973,.T.);
#1975=ORIENTED_EDGE('',*,*,#1974,.T.);
#1976=CARTESIAN_POINT('',(1300.9,-1409.202943725,6.8));
#1977=VERTEX_POINT('',#1976);
#1978=CARTESIAN_POINT('',(1300.9,-1390.797056275,6.8));
#1979=DIRECTION('',(-0.,-1.,-0.));
#1980=VECTOR('',#1979,18.40588745);
#1981=LINE('',#1978,#1980);
#1982=EDGE_CURVE('',#1969,#1977,#1981,.T.);
#1983=ORIENTED_EDGE('',*,*,#1982,.T.);
#1984=CARTESIAN_POINT('',(1297.202943725,-1412.9,6.8));
#1985=VERTEX_POINT('',#1984);
#1986=CARTESIAN_POINT('',(1300.9,-1409.202943725,6.8));
#1987=DIRECTION('',(-0.707106781,-0.707106781,0.));
#1988=VECTOR('',#1987,5.228427125);
#1989=LINE('',#1986,#1988);
#1990=EDGE_CURVE('',#1977,#1985,#1989,.T.);
#1991=ORIENTED_EDGE('',*,*,#1990,.T.);
#1992=CARTESIAN_POINT('',(1278.797056275,-1412.9,6.8));
#1993=VERTEX_POINT('',#1992);
#1994=CARTESIAN_POINT('',(1297.202943725,-1412.9,6.8));
#1995=DIRECTION('',(-1.,-0.,0.));
#1996=VECTOR('',#1995,18.40588745);
#1997=LINE('',#1994,#1996);
#1998=EDGE_CURVE('',#1985,#1993,#1997,.T.);
#1999=ORIENTED_EDGE('',*,*,#1998,.T.);
#2000=CARTESIAN_POINT('',(1278.797056275,-1412.9,6.8));
#2001=DIRECTION('',(-0.707106781,0.707106781,0.));
#2002=VECTOR('',#2001,5.228427125);
#2003=LINE('',#2000,#2002);
#2004=EDGE_CURVE('',#1993,#1943,#2003,.T.);
#2005=ORIENTED_EDGE('',*,*,#2004,.T.);
#2006=EDGE_LOOP('',(#1951,#1959,#1967,#1975,#1983,#1991,#1999,#2005));
#2007=FACE_BOUND('',#2006,.T.);
#2008=CARTESIAN_POINT('',(1303.1,-1325.202943725,6.8));
#2009=VERTEX_POINT('',#2008);
#2010=CARTESIAN_POINT('',(1303.1,-1306.797056275,6.8));
#2011=VERTEX_POINT('',#2010);
#2012=CARTESIAN_POINT('',(1303.1,-1325.202943725,6.8));
#2013=DIRECTION('',(0.,1.,0.));
#2014=VECTOR('',#2013,18.40588745);
#2015=LINE('',#2012,#2014);
#2016=EDGE_CURVE('',#2009,#2011,#2015,.T.);
#2017=ORIENTED_EDGE('',*,*,#2016,.T.);
#2018=CARTESIAN_POINT('',(1306.797056275,-1303.1,6.8));
#2019=VERTEX_POINT('',#2018);
#2020=CARTESIAN_POINT('',(1303.1,-1306.797056275,6.8));
#2021=DIRECTION('',(0.707106781,0.707106781,0.));
#2022=VECTOR('',#2021,5.228427125);
#2023=LINE('',#2020,#2022);
#2024=EDGE_CURVE('',#2011,#2019,#2023,.T.);
#2025=ORIENTED_EDGE('',*,*,#2024,.T.);
#2026=CARTESIAN_POINT('',(1325.202943725,-1303.1,6.8));
#2027=VERTEX_POINT('',#2026);
#2028=CARTESIAN_POINT('',(1306.797056275,-1303.1,6.8));
#2029=DIRECTION('',(1.,0.,-0.));
#2030=VECTOR('',#2029,18.40588745);
#2031=LINE('',#2028,#2030);
#2032=EDGE_CURVE('',#2019,#2027,#2031,.T.);
#2033=ORIENTED_EDGE('',*,*,#2032,.T.);
#2034=CARTESIAN_POINT('',(1328.9,-1306.797056275,6.8));
#2035=VERTEX_POINT('',#2034);
#2036=CARTESIAN_POINT('',(1325.202943725,-1303.1,6.8));
#2037=DIRECTION('',(0.707106781,-0.707106781,0.));
#2038=VECTOR('',#2037,5.228427125);
#2039=LINE('',#2036,#2038);
#2040=EDGE_CURVE('',#2027,#2035,#2039,.T.);
#2041=ORIENTED_EDGE('',*,*,#2040,.T.);
#2042=CARTESIAN_POINT('',(1328.9,-1325.202943725,6.8));
#2043=VERTEX_POINT('',#2042);
#2044=CARTESIAN_POINT('',(1328.9,-1306.797056275,6.8));
#2045=DIRECTION('',(-0.,-1.,-0.));
#2046=VECTOR('',#2045,18.40588745);
#2047=LINE('',#2044,#2046);
#2048=EDGE_CURVE('',#2035,#2043,#2047,.T.);
#2049=ORIENTED_EDGE('',*,*,#2048,.T.);
#2050=CARTESIAN_POINT('',(1325.202943725,-1328.9,6.8));
#2051=VERTEX_POINT('',#2050);
#2052=CARTESIAN_POINT('',(1328.9,-1325.202943725,6.8));
#2053=DIRECTION('',(-0.707106781,-0.707106781,0.));
#2054=VECTOR('',#2053,5.228427125);
#2055=LINE('',#2052,#2054);
#2056=EDGE_CURVE('',#2043,#2051,#2055,.T.);
#2057=ORIENTED_EDGE('',*,*,#2056,.T.);
#2058=CARTESIAN_POINT('',(1306.797056275,-1328.9,6.8));
#2059=VERTEX_POINT('',#2058);
#2060=CARTESIAN_POINT('',(1325.202943725,-1328.9,6.8));
#2061=DIRECTION('',(-1.,-0.,0.));
#2062=VECTOR('',#2061,18.40588745);
#2063=LINE('',#2060,#2062);
#2064=EDGE_CURVE('',#2051,#2059,#2063,.T.);
#2065=ORIENTED_EDGE('',*,*,#2064,.T.);
#2066=CARTESIAN_POINT('',(1306.797056275,-1328.9,6.8));
#2067=DIRECTION('',(-0.707106781,0.707106781,0.));
#2068=VECTOR('',#2067,5.228427125);
#2069=LINE('',#2066,#2068);
#2070=EDGE_CURVE('',#2059,#2009,#2069,.T.);
#2071=ORIENTED_EDGE('',*,*,#2070,.T.);
#2072=EDGE_LOOP('',(#2017,#2025,#2033,#2041,#2049,#2057,#2065,#2071));
#2073=FACE_BOUND('',#2072,.T.);
#2074=CARTESIAN_POINT('',(1303.1,-1353.202943725,6.8));
#2075=VERTEX_POINT('',#2074);
#2076=CARTESIAN_POINT('',(1303.1,-1334.797056275,6.8));
#2077=VERTEX_POINT('',#2076);
#2078=CARTESIAN_POINT('',(1303.1,-1353.202943725,6.8));
#2079=DIRECTION('',(0.,1.,0.));
#2080=VECTOR('',#2079,18.40588745);
#2081=LINE('',#2078,#2080);
#2082=EDGE_CURVE('',#2075,#2077,#2081,.T.);
#2083=ORIENTED_EDGE('',*,*,#2082,.T.);
#2084=CARTESIAN_POINT('',(1306.797056275,-1331.1,6.8));
#2085=VERTEX_POINT('',#2084);
#2086=CARTESIAN_POINT('',(1303.1,-1334.797056275,6.8));
#2087=DIRECTION('',(0.707106781,0.707106781,0.));
#2088=VECTOR('',#2087,5.228427125);
#2089=LINE('',#2086,#2088);
#2090=EDGE_CURVE('',#2077,#2085,#2089,.T.);
#2091=ORIENTED_EDGE('',*,*,#2090,.T.);
#2092=CARTESIAN_POINT('',(1325.202943725,-1331.1,6.8));
#2093=VERTEX_POINT('',#2092);
#2094=CARTESIAN_POINT('',(1306.797056275,-1331.1,6.8));
#2095=DIRECTION('',(1.,0.,-0.));
#2096=VECTOR('',#2095,18.40588745);
#2097=LINE('',#2094,#2096);
#2098=EDGE_CURVE('',#2085,#2093,#2097,.T.);
#2099=ORIENTED_EDGE('',*,*,#2098,.T.);
#2100=CARTESIAN_POINT('',(1328.9,-1334.797056275,6.8));
#2101=VERTEX_POINT('',#2100);
#2102=CARTESIAN_POINT('',(1325.202943725,-1331.1,6.8));
#2103=DIRECTION('',(0.707106781,-0.707106781,0.));
#2104=VECTOR('',#2103,5.228427125);
#2105=LINE('',#2102,#2104);
#2106=EDGE_CURVE('',#2093,#2101,#2105,.T.);
#2107=ORIENTED_EDGE('',*,*,#2106,.T.);
#2108=CARTESIAN_POINT('',(1328.9,-1353.202943725,6.8));
#2109=VERTEX_POINT('',#2108);
#2110=CARTESIAN_POINT('',(1328.9,-1334.797056275,6.8));
#2111=DIRECTION('',(-0.,-1.,-0.));
#2112=VECTOR('',#2111,18.40588745);
#2113=LINE('',#2110,#2112);
#2114=EDGE_CURVE('',#2101,#2109,#2113,.T.);
#2115=ORIENTED_EDGE('',*,*,#2114,.T.);
#2116=CARTESIAN_POINT('',(1325.202943725,-1356.9,6.8));
#2117=VERTEX_POINT('',#2116);
#2118=CARTESIAN_POINT('',(1328.9,-1353.202943725,6.8));
#2119=DIRECTION('',(-0.707106781,-0.707106781,0.));
#2120=VECTOR('',#2119,5.228427125);
#2121=LINE('',#2118,#2120);
#2122=EDGE_CURVE('',#2109,#2117,#2121,.T.);
#2123=ORIENTED_EDGE('',*,*,#2122,.T.);
#2124=CARTESIAN_POINT('',(1306.797056275,-1356.9,6.8));
#2125=VERTEX_POINT('',#2124);
#2126=CARTESIAN_POINT('',(1325.202943725,-1356.9,6.8));
#2127=DIRECTION('',(-1.,-0.,0.));
#2128=VECTOR('',#2127,18.40588745);
#2129=LINE('',#2126,#2128);
#2130=EDGE_CURVE('',#2117,#2125,#2129,.T.);
#2131=ORIENTED_EDGE('',*,*,#2130,.T.);
#2132=CARTESIAN_POINT('',(1306.797056275,-1356.9,6.8));
#2133=DIRECTION('',(-0.707106781,0.707106781,0.));
#2134=VECTOR('',#2133,5.228427125);
#2135=LINE('',#2132,#2134);
#2136=EDGE_CURVE('',#2125,#2075,#2135,.T.);
#2137=ORIENTED_EDGE('',*,*,#2136,.T.);
#2138=EDGE_LOOP('',(#2083,#2091,#2099,#2107,#2115,#2123,#2131,#2137));
#2139=FACE_BOUND('',#2138,.T.);
#2140=CARTESIAN_POINT('',(1303.1,-1381.202943725,6.8));
#2141=VERTEX_POINT('',#2140);
#2142=CARTESIAN_POINT('',(1303.1,-1362.797056275,6.8));
#2143=VERTEX_POINT('',#2142);
#2144=CARTESIAN_POINT('',(1303.1,-1381.202943725,6.8));
#2145=DIRECTION('',(0.,1.,0.));
#2146=VECTOR('',#2145,18.40588745);
#2147=LINE('',#2144,#2146);
#2148=EDGE_CURVE('',#2141,#2143,#2147,.T.);
#2149=ORIENTED_EDGE('',*,*,#2148,.T.);
#2150=CARTESIAN_POINT('',(1306.797056275,-1359.1,6.8));
#2151=VERTEX_POINT('',#2150);
#2152=CARTESIAN_POINT('',(1303.1,-1362.797056275,6.8));
#2153=DIRECTION('',(0.707106781,0.707106781,0.));
#2154=VECTOR('',#2153,5.228427125);
#2155=LINE('',#2152,#2154);
#2156=EDGE_CURVE('',#2143,#2151,#2155,.T.);
#2157=ORIENTED_EDGE('',*,*,#2156,.T.);
#2158=CARTESIAN_POINT('',(1325.202943725,-1359.1,6.8));
#2159=VERTEX_POINT('',#2158);
#2160=CARTESIAN_POINT('',(1306.797056275,-1359.1,6.8));
#2161=DIRECTION('',(1.,0.,-0.));
#2162=VECTOR('',#2161,18.40588745);
#2163=LINE('',#2160,#2162);
#2164=EDGE_CURVE('',#2151,#2159,#2163,.T.);
#2165=ORIENTED_EDGE('',*,*,#2164,.T.);
#2166=CARTESIAN_POINT('',(1328.9,-1362.797056275,6.8));
#2167=VERTEX_POINT('',#2166);
#2168=CARTESIAN_POINT('',(1325.202943725,-1359.1,6.8));
#2169=DIRECTION('',(0.707106781,-0.707106781,0.));
#2170=VECTOR('',#2169,5.228427125);
#2171=LINE('',#2168,#2170);
#2172=EDGE_CURVE('',#2159,#2167,#2171,.T.);
#2173=ORIENTED_EDGE('',*,*,#2172,.T.);
#2174=CARTESIAN_POINT('',(1328.9,-1381.202943725,6.8));
#2175=VERTEX_POINT('',#2174);
#2176=CARTESIAN_POINT('',(1328.9,-1362.797056275,6.8));
#2177=DIRECTION('',(-0.,-1.,-0.));
#2178=VECTOR('',#2177,18.40588745);
#2179=LINE('',#2176,#2178);
#2180=EDGE_CURVE('',#2167,#2175,#2179,.T.);
#2181=ORIENTED_EDGE('',*,*,#2180,.T.);
#2182=CARTESIAN_POINT('',(1325.202943725,-1384.9,6.8));
#2183=VERTEX_POINT('',#2182);
#2184=CARTESIAN_POINT('',(1328.9,-1381.202943725,6.8));
#2185=DIRECTION('',(-0.707106781,-0.707106781,0.));
#2186=VECTOR('',#2185,5.228427125);
#2187=LINE('',#2184,#2186);
#2188=EDGE_CURVE('',#2175,#2183,#2187,.T.);
#2189=ORIENTED_EDGE('',*,*,#2188,.T.);
#2190=CARTESIAN_POINT('',(1306.797056275,-1384.9,6.8));
#2191=VERTEX_POINT('',#2190);
#2192=CARTESIAN_POINT('',(1325.202943725,-1384.9,6.8));
#2193=DIRECTION('',(-1.,-0.,0.));
#2194=VECTOR('',#2193,18.40588745);
#2195=LINE('',#2192,#2194);
#2196=EDGE_CURVE('',#2183,#2191,#2195,.T.);
#2197=ORIENTED_EDGE('',*,*,#2196,.T.);
#2198=CARTESIAN_POINT('',(1306.797056275,-1384.9,6.8));
#2199=DIRECTION('',(-0.707106781,0.707106781,0.));
#2200=VECTOR('',#2199,5.228427125);
#2201=LINE('',#2198,#2200);
#2202=EDGE_CURVE('',#2191,#2141,#2201,.T.);
#2203=ORIENTED_EDGE('',*,*,#2202,.T.);
#2204=EDGE_LOOP('',(#2149,#2157,#2165,#2173,#2181,#2189,#2197,#2203));
#2205=FACE_BOUND('',#2204,.T.);
#2206=CARTESIAN_POINT('',(1303.1,-1409.202943725,6.8));
#2207=VERTEX_POINT('',#2206);
#2208=CARTESIAN_POINT('',(1303.1,-1390.797056275,6.8));
#2209=VERTEX_POINT('',#2208);
#2210=CARTESIAN_POINT('',(1303.1,-1409.202943725,6.8));
#2211=DIRECTION('',(0.,1.,0.));
#2212=VECTOR('',#2211,18.40588745);
#2213=LINE('',#2210,#2212);
#2214=EDGE_CURVE('',#2207,#2209,#2213,.T.);
#2215=ORIENTED_EDGE('',*,*,#2214,.T.);
#2216=CARTESIAN_POINT('',(1306.797056275,-1387.1,6.8));
#2217=VERTEX_POINT('',#2216);
#2218=CARTESIAN_POINT('',(1303.1,-1390.797056275,6.8));
#2219=DIRECTION('',(0.707106781,0.707106781,0.));
#2220=VECTOR('',#2219,5.228427125);
#2221=LINE('',#2218,#2220);
#2222=EDGE_CURVE('',#2209,#2217,#2221,.T.);
#2223=ORIENTED_EDGE('',*,*,#2222,.T.);
#2224=CARTESIAN_POINT('',(1325.202943725,-1387.1,6.8));
#2225=VERTEX_POINT('',#2224);
#2226=CARTESIAN_POINT('',(1306.797056275,-1387.1,6.8));
#2227=DIRECTION('',(1.,0.,-0.));
#2228=VECTOR('',#2227,18.40588745);
#2229=LINE('',#2226,#2228);
#2230=EDGE_CURVE('',#2217,#2225,#2229,.T.);
#2231=ORIENTED_EDGE('',*,*,#2230,.T.);
#2232=CARTESIAN_POINT('',(1328.9,-1390.797056275,6.8));
#2233=VERTEX_POINT('',#2232);
#2234=CARTESIAN_POINT('',(1325.202943725,-1387.1,6.8));
#2235=DIRECTION('',(0.707106781,-0.707106781,0.));
#2236=VECTOR('',#2235,5.228427125);
#2237=LINE('',#2234,#2236);
#2238=EDGE_CURVE('',#2225,#2233,#2237,.T.);
#2239=ORIENTED_EDGE('',*,*,#2238,.T.);
#2240=CARTESIAN_POINT('',(1328.9,-1409.202943725,6.8));
#2241=VERTEX_POINT('',#2240);
#2242=CARTESIAN_POINT('',(1328.9,-1390.797056275,6.8));
#2243=DIRECTION('',(-0.,-1.,-0.));
#2244=VECTOR('',#2243,18.40588745);
#2245=LINE('',#2242,#2244);
#2246=EDGE_CURVE('',#2233,#2241,#2245,.T.);
#2247=ORIENTED_EDGE('',*,*,#2246,.T.);
#2248=CARTESIAN_POINT('',(1325.202943725,-1412.9,6.8));
#2249=VERTEX_POINT('',#2248);
#2250=CARTESIAN_POINT('',(1328.9,-1409.202943725,6.8));
#2251=DIRECTION('',(-0.707106781,-0.707106781,0.));
#2252=VECTOR('',#2251,5.228427125);
#2253=LINE('',#2250,#2252);
#2254=EDGE_CURVE('',#2241,#2249,#2253,.T.);
#2255=ORIENTED_EDGE('',*,*,#2254,.T.);
#2256=CARTESIAN_POINT('',(1306.797056275,-1412.9,6.8));
#2257=VERTEX_POINT('',#2256);
#2258=CARTESIAN_POINT('',(1325.202943725,-1412.9,6.8));
#2259=DIRECTION('',(-1.,-0.,0.));
#2260=VECTOR('',#2259,18.40588745);
#2261=LINE('',#2258,#2260);
#2262=EDGE_CURVE('',#2249,#2257,#2261,.T.);
#2263=ORIENTED_EDGE('',*,*,#2262,.T.);
#2264=CARTESIAN_POINT('',(1306.797056275,-1412.9,6.8));
#2265=DIRECTION('',(-0.707106781,0.707106781,0.));
#2266=VECTOR('',#2265,5.228427125);
#2267=LINE('',#2264,#2266);
#2268=EDGE_CURVE('',#2257,#2207,#2267,.T.);
#2269=ORIENTED_EDGE('',*,*,#2268,.T.);
#2270=EDGE_LOOP('',(#2215,#2223,#2231,#2239,#2247,#2255,#2263,#2269));
#2271=FACE_BOUND('',#2270,.T.);
#2272=CARTESIAN_POINT('',(1331.1,-1325.202943725,6.8));
#2273=VERTEX_POINT('',#2272);
#2274=CARTESIAN_POINT('',(1331.1,-1306.797056275,6.8));
#2275=VERTEX_POINT('',#2274);
#2276=CARTESIAN_POINT('',(1331.1,-1325.202943725,6.8));
#2277=DIRECTION('',(0.,1.,0.));
#2278=VECTOR('',#2277,18.40588745);
#2279=LINE('',#2276,#2278);
#2280=EDGE_CURVE('',#2273,#2275,#2279,.T.);
#2281=ORIENTED_EDGE('',*,*,#2280,.T.);
#2282=CARTESIAN_POINT('',(1334.797056275,-1303.1,6.8));
#2283=VERTEX_POINT('',#2282);
#2284=CARTESIAN_POINT('',(1331.1,-1306.797056275,6.8));
#2285=DIRECTION('',(0.707106781,0.707106781,0.));
#2286=VECTOR('',#2285,5.228427125);
#2287=LINE('',#2284,#2286);
#2288=EDGE_CURVE('',#2275,#2283,#2287,.T.);
#2289=ORIENTED_EDGE('',*,*,#2288,.T.);
#2290=CARTESIAN_POINT('',(1353.202943725,-1303.1,6.8));
#2291=VERTEX_POINT('',#2290);
#2292=CARTESIAN_POINT('',(1334.797056275,-1303.1,6.8));
#2293=DIRECTION('',(1.,0.,-0.));
#2294=VECTOR('',#2293,18.40588745);
#2295=LINE('',#2292,#2294);
#2296=EDGE_CURVE('',#2283,#2291,#2295,.T.);
#2297=ORIENTED_EDGE('',*,*,#2296,.T.);
#2298=CARTESIAN_POINT('',(1356.9,-1306.797056275,6.8));
#2299=VERTEX_POINT('',#2298);
#2300=CARTESIAN_POINT('',(1353.202943725,-1303.1,6.8));
#2301=DIRECTION('',(0.707106781,-0.707106781,0.));
#2302=VECTOR('',#2301,5.228427125);
#2303=LINE('',#2300,#2302);
#2304=EDGE_CURVE('',#2291,#2299,#2303,.T.);
#2305=ORIENTED_EDGE('',*,*,#2304,.T.);
#2306=CARTESIAN_POINT('',(1356.9,-1325.202943725,6.8));
#2307=VERTEX_POINT('',#2306);
#2308=CARTESIAN_POINT('',(1356.9,-1306.797056275,6.8));
#2309=DIRECTION('',(-0.,-1.,-0.));
#2310=VECTOR('',#2309,18.40588745);
#2311=LINE('',#2308,#2310);
#2312=EDGE_CURVE('',#2299,#2307,#2311,.T.);
#2313=ORIENTED_EDGE('',*,*,#2312,.T.);
#2314=CARTESIAN_POINT('',(1353.202943725,-1328.9,6.8));
#2315=VERTEX_POINT('',#2314);
#2316=CARTESIAN_POINT('',(1356.9,-1325.202943725,6.8));
#2317=DIRECTION('',(-0.707106781,-0.707106781,0.));
#2318=VECTOR('',#2317,5.228427125);
#2319=LINE('',#2316,#2318);
#2320=EDGE_CURVE('',#2307,#2315,#2319,.T.);
#2321=ORIENTED_EDGE('',*,*,#2320,.T.);
#2322=CARTESIAN_POINT('',(1334.797056275,-1328.9,6.8));
#2323=VERTEX_POINT('',#2322);
#2324=CARTESIAN_POINT('',(1353.202943725,-1328.9,6.8));
#2325=DIRECTION('',(-1.,-0.,0.));
#2326=VECTOR('',#2325,18.40588745);
#2327=LINE('',#2324,#2326);
#2328=EDGE_CURVE('',#2315,#2323,#2327,.T.);
#2329=ORIENTED_EDGE('',*,*,#2328,.T.);
#2330=CARTESIAN_POINT('',(1334.797056275,-1328.9,6.8));
#2331=DIRECTION('',(-0.707106781,0.707106781,0.));
#2332=VECTOR('',#2331,5.228427125);
#2333=LINE('',#2330,#2332);
#2334=EDGE_CURVE('',#2323,#2273,#2333,.T.);
#2335=ORIENTED_EDGE('',*,*,#2334,.T.);
#2336=EDGE_LOOP('',(#2281,#2289,#2297,#2305,#2313,#2321,#2329,#2335));
#2337=FACE_BOUND('',#2336,.T.);
#2338=CARTESIAN_POINT('',(1331.1,-1353.202943725,6.8));
#2339=VERTEX_POINT('',#2338);
#2340=CARTESIAN_POINT('',(1331.1,-1334.797056275,6.8));
#2341=VERTEX_POINT('',#2340);
#2342=CARTESIAN_POINT('',(1331.1,-1353.202943725,6.8));
#2343=DIRECTION('',(0.,1.,0.));
#2344=VECTOR('',#2343,18.40588745);
#2345=LINE('',#2342,#2344);
#2346=EDGE_CURVE('',#2339,#2341,#2345,.T.);
#2347=ORIENTED_EDGE('',*,*,#2346,.T.);
#2348=CARTESIAN_POINT('',(1334.797056275,-1331.1,6.8));
#2349=VERTEX_POINT('',#2348);
#2350=CARTESIAN_POINT('',(1331.1,-1334.797056275,6.8));
#2351=DIRECTION('',(0.707106781,0.707106781,0.));
#2352=VECTOR('',#2351,5.228427125);
#2353=LINE('',#2350,#2352);
#2354=EDGE_CURVE('',#2341,#2349,#2353,.T.);
#2355=ORIENTED_EDGE('',*,*,#2354,.T.);
#2356=CARTESIAN_POINT('',(1353.202943725,-1331.1,6.8));
#2357=VERTEX_POINT('',#2356);
#2358=CARTESIAN_POINT('',(1334.797056275,-1331.1,6.8));
#2359=DIRECTION('',(1.,0.,-0.));
#2360=VECTOR('',#2359,18.40588745);
#2361=LINE('',#2358,#2360);
#2362=EDGE_CURVE('',#2349,#2357,#2361,.T.);
#2363=ORIENTED_EDGE('',*,*,#2362,.T.);
#2364=CARTESIAN_POINT('',(1356.9,-1334.797056275,6.8));
#2365=VERTEX_POINT('',#2364);
#2366=CARTESIAN_POINT('',(1353.202943725,-1331.1,6.8));
#2367=DIRECTION('',(0.707106781,-0.707106781,0.));
#2368=VECTOR('',#2367,5.228427125);
#2369=LINE('',#2366,#2368);
#2370=EDGE_CURVE('',#2357,#2365,#2369,.T.);
#2371=ORIENTED_EDGE('',*,*,#2370,.T.);
#2372=CARTESIAN_POINT('',(1356.9,-1353.202943725,6.8));
#2373=VERTEX_POINT('',#2372);
#2374=CARTESIAN_POINT('',(1356.9,-1334.797056275,6.8));
#2375=DIRECTION('',(-0.,-1.,-0.));
#2376=VECTOR('',#2375,18.40588745);
#2377=LINE('',#2374,#2376);
#2378=EDGE_CURVE('',#2365,#2373,#2377,.T.);
#2379=ORIENTED_EDGE('',*,*,#2378,.T.);
#2380=CARTESIAN_POINT('',(1353.202943725,-1356.9,6.8));
#2381=VERTEX_POINT('',#2380);
#2382=CARTESIAN_POINT('',(1356.9,-1353.202943725,6.8));
#2383=DIRECTION('',(-0.707106781,-0.707106781,0.));
#2384=VECTOR('',#2383,5.228427125);
#2385=LINE('',#2382,#2384);
#2386=EDGE_CURVE('',#2373,#2381,#2385,.T.);
#2387=ORIENTED_EDGE('',*,*,#2386,.T.);
#2388=CARTESIAN_POINT('',(1334.797056275,-1356.9,6.8));
#2389=VERTEX_POINT('',#2388);
#2390=CARTESIAN_POINT('',(1353.202943725,-1356.9,6.8));
#2391=DIRECTION('',(-1.,-0.,0.));
#2392=VECTOR('',#2391,18.40588745);
#2393=LINE('',#2390,#2392);
#2394=EDGE_CURVE('',#2381,#2389,#2393,.T.);
#2395=ORIENTED_EDGE('',*,*,#2394,.T.);
#2396=CARTESIAN_POINT('',(1334.797056275,-1356.9,6.8));
#2397=DIRECTION('',(-0.707106781,0.707106781,0.));
#2398=VECTOR('',#2397,5.228427125);
#2399=LINE('',#2396,#2398);
#2400=EDGE_CURVE('',#2389,#2339,#2399,.T.);
#2401=ORIENTED_EDGE('',*,*,#2400,.T.);
#2402=EDGE_LOOP('',(#2347,#2355,#2363,#2371,#2379,#2387,#2395,#2401));
#2403=FACE_BOUND('',#2402,.T.);
#2404=CARTESIAN_POINT('',(1331.1,-1381.202943725,6.8));
#2405=VERTEX_POINT('',#2404);
#2406=CARTESIAN_POINT('',(1331.1,-1362.797056275,6.8));
#2407=VERTEX_POINT('',#2406);
#2408=CARTESIAN_POINT('',(1331.1,-1381.202943725,6.8));
#2409=DIRECTION('',(0.,1.,0.));
#2410=VECTOR('',#2409,18.40588745);
#2411=LINE('',#2408,#2410);
#2412=EDGE_CURVE('',#2405,#2407,#2411,.T.);
#2413=ORIENTED_EDGE('',*,*,#2412,.T.);
#2414=CARTESIAN_POINT('',(1334.797056275,-1359.1,6.8));
#2415=VERTEX_POINT('',#2414);
#2416=CARTESIAN_POINT('',(1331.1,-1362.797056275,6.8));
#2417=DIRECTION('',(0.707106781,0.707106781,0.));
#2418=VECTOR('',#2417,5.228427125);
#2419=LINE('',#2416,#2418);
#2420=EDGE_CURVE('',#2407,#2415,#2419,.T.);
#2421=ORIENTED_EDGE('',*,*,#2420,.T.);
#2422=CARTESIAN_POINT('',(1353.202943725,-1359.1,6.8));
#2423=VERTEX_POINT('',#2422);
#2424=CARTESIAN_POINT('',(1334.797056275,-1359.1,6.8));
#2425=DIRECTION('',(1.,0.,-0.));
#2426=VECTOR('',#2425,18.40588745);
#2427=LINE('',#2424,#2426);
#2428=EDGE_CURVE('',#2415,#2423,#2427,.T.);
#2429=ORIENTED_EDGE('',*,*,#2428,.T.);
#2430=CARTESIAN_POINT('',(1356.9,-1362.797056275,6.8));
#2431=VERTEX_POINT('',#2430);
#2432=CARTESIAN_POINT('',(1353.202943725,-1359.1,6.8));
#2433=DIRECTION('',(0.707106781,-0.707106781,0.));
#2434=VECTOR('',#2433,5.228427125);
#2435=LINE('',#2432,#2434);
#2436=EDGE_CURVE('',#2423,#2431,#2435,.T.);
#2437=ORIENTED_EDGE('',*,*,#2436,.T.);
#2438=CARTESIAN_POINT('',(1356.9,-1381.202943725,6.8));
#2439=VERTEX_POINT('',#2438);
#2440=CARTESIAN_POINT('',(1356.9,-1362.797056275,6.8));
#2441=DIRECTION('',(-0.,-1.,-0.));
#2442=VECTOR('',#2441,18.40588745);
#2443=LINE('',#2440,#2442);
#2444=EDGE_CURVE('',#2431,#2439,#2443,.T.);
#2445=ORIENTED_EDGE('',*,*,#2444,.T.);
#2446=CARTESIAN_POINT('',(1353.202943725,-1384.9,6.8));
#2447=VERTEX_POINT('',#2446);
#2448=CARTESIAN_POINT('',(1356.9,-1381.202943725,6.8));
#2449=DIRECTION('',(-0.707106781,-0.707106781,0.));
#2450=VECTOR('',#2449,5.228427125);
#2451=LINE('',#2448,#2450);
#2452=EDGE_CURVE('',#2439,#2447,#2451,.T.);
#2453=ORIENTED_EDGE('',*,*,#2452,.T.);
#2454=CARTESIAN_POINT('',(1334.797056275,-1384.9,6.8));
#2455=VERTEX_POINT('',#2454);
#2456=CARTESIAN_POINT('',(1353.202943725,-1384.9,6.8));
#2457=DIRECTION('',(-1.,-0.,0.));
#2458=VECTOR('',#2457,18.40588745);
#2459=LINE('',#2456,#2458);
#2460=EDGE_CURVE('',#2447,#2455,#2459,.T.);
#2461=ORIENTED_EDGE('',*,*,#2460,.T.);
#2462=CARTESIAN_POINT('',(1334.797056275,-1384.9,6.8));
#2463=DIRECTION('',(-0.707106781,0.707106781,0.));
#2464=VECTOR('',#2463,5.228427125);
#2465=LINE('',#2462,#2464);
#2466=EDGE_CURVE('',#2455,#2405,#2465,.T.);
#2467=ORIENTED_EDGE('',*,*,#2466,.T.);
#2468=EDGE_LOOP('',(#2413,#2421,#2429,#2437,#2445,#2453,#2461,#2467));
#2469=FACE_BOUND('',#2468,.T.);
#2470=CARTESIAN_POINT('',(1331.1,-1409.202943725,6.8));
#2471=VERTEX_POINT('',#2470);
#2472=CARTESIAN_POINT('',(1331.1,-1390.797056275,6.8));
#2473=VERTEX_POINT('',#2472);
#2474=CARTESIAN_POINT('',(1331.1,-1409.202943725,6.8));
#2475=DIRECTION('',(0.,1.,0.));
#2476=VECTOR('',#2475,18.40588745);
#2477=LINE('',#2474,#2476);
#2478=EDGE_CURVE('',#2471,#2473,#2477,.T.);
#2479=ORIENTED_EDGE('',*,*,#2478,.T.);
#2480=CARTESIAN_POINT('',(1334.797056275,-1387.1,6.8));
#2481=VERTEX_POINT('',#2480);
#2482=CARTESIAN_POINT('',(1331.1,-1390.797056275,6.8));
#2483=DIRECTION('',(0.707106781,0.707106781,0.));
#2484=VECTOR('',#2483,5.228427125);
#2485=LINE('',#2482,#2484);
#2486=EDGE_CURVE('',#2473,#2481,#2485,.T.);
#2487=ORIENTED_EDGE('',*,*,#2486,.T.);
#2488=CARTESIAN_POINT('',(1353.202943725,-1387.1,6.8));
#2489=VERTEX_POINT('',#2488);
#2490=CARTESIAN_POINT('',(1334.797056275,-1387.1,6.8));
#2491=DIRECTION('',(1.,0.,-0.));
#2492=VECTOR('',#2491,18.40588745);
#2493=LINE('',#2490,#2492);
#2494=EDGE_CURVE('',#2481,#2489,#2493,.T.);
#2495=ORIENTED_EDGE('',*,*,#2494,.T.);
#2496=CARTESIAN_POINT('',(1356.9,-1390.797056275,6.8));
#2497=VERTEX_POINT('',#2496);
#2498=CARTESIAN_POINT('',(1353.202943725,-1387.1,6.8));
#2499=DIRECTION('',(0.707106781,-0.707106781,0.));
#2500=VECTOR('',#2499,5.228427125);
#2501=LINE('',#2498,#2500);
#2502=EDGE_CURVE('',#2489,#2497,#2501,.T.);
#2503=ORIENTED_EDGE('',*,*,#2502,.T.);
#2504=CARTESIAN_POINT('',(1356.9,-1409.202943725,6.8));
#2505=VERTEX_POINT('',#2504);
#2506=CARTESIAN_POINT('',(1356.9,-1390.797056275,6.8));
#2507=DIRECTION('',(-0.,-1.,-0.));
#2508=VECTOR('',#2507,18.40588745);
#2509=LINE('',#2506,#2508);
#2510=EDGE_CURVE('',#2497,#2505,#2509,.T.);
#2511=ORIENTED_EDGE('',*,*,#2510,.T.);
#2512=CARTESIAN_POINT('',(1353.202943725,-1412.9,6.8));
#2513=VERTEX_POINT('',#2512);
#2514=CARTESIAN_POINT('',(1356.9,-1409.202943725,6.8));
#2515=DIRECTION('',(-0.707106781,-0.707106781,0.));
#2516=VECTOR('',#2515,5.228427125);
#2517=LINE('',#2514,#2516);
#2518=EDGE_CURVE('',#2505,#2513,#2517,.T.);
#2519=ORIENTED_EDGE('',*,*,#2518,.T.);
#2520=CARTESIAN_POINT('',(1334.797056275,-1412.9,6.8));
#2521=VERTEX_POINT('',#2520);
#2522=CARTESIAN_POINT('',(1353.202943725,-1412.9,6.8));
#2523=DIRECTION('',(-1.,-0.,0.));
#2524=VECTOR('',#2523,18.40588745);
#2525=LINE('',#2522,#2524);
#2526=EDGE_CURVE('',#2513,#2521,#2525,.T.);
#2527=ORIENTED_EDGE('',*,*,#2526,.T.);
#2528=CARTESIAN_POINT('',(1334.797056275,-1412.9,6.8));
#2529=DIRECTION('',(-0.707106781,0.707106781,0.));
#2530=VECTOR('',#2529,5.228427125);
#2531=LINE('',#2528,#2530);
#2532=EDGE_CURVE('',#2521,#2471,#2531,.T.);
#2533=ORIENTED_EDGE('',*,*,#2532,.T.);
#2534=EDGE_LOOP('',(#2479,#2487,#2495,#2503,#2511,#2519,#2527,#2533));
#2535=FACE_BOUND('',#2534,.T.);
#2536=ADVANCED_FACE('',(#1761,#1809,#1875,#1941,#2007,#2073,#2139,#2205,#2271,#2337,#2403,#2469,#2535),#1695,.T.);
#2537=CARTESIAN_POINT('',(1300.5,-1316.,4.4));
#2538=DIRECTION('',(-1.,0.,0.));
#2539=DIRECTION('',(0.,-1.,0.));
#2540=AXIS2_PLACEMENT_3D('',#2537,#2538,#2539);
#2541=PLANE('',#2540);
#2542=CARTESIAN_POINT('',(1300.5,-1325.0372583,6.4));
#2543=VERTEX_POINT('',#2542);
#2544=CARTESIAN_POINT('',(1300.5,-1323.623044738,5.4));
#2545=DIRECTION('',(0.,-0.816496581,0.577350269));
#2546=VECTOR('',#2545,1.732050807);
#2547=LINE('',#2544,#2546);
#2548=EDGE_CURVE('',#1165,#2543,#2547,.T.);
#2549=ORIENTED_EDGE('',*,*,#2548,.T.);
#2550=CARTESIAN_POINT('',(1300.5,-1306.9627417,6.4));
#2551=VERTEX_POINT('',#2550);
#2552=CARTESIAN_POINT('',(1300.5,-1325.0372583,6.4));
#2553=DIRECTION('',(-0.,1.,-0.));
#2554=VECTOR('',#2553,18.0745166);
#2555=LINE('',#2552,#2554);
#2556=EDGE_CURVE('',#2543,#2551,#2555,.T.);
#2557=ORIENTED_EDGE('',*,*,#2556,.T.);
#2558=CARTESIAN_POINT('',(1300.5,-1306.9627417,6.4));
#2559=DIRECTION('',(0.,-0.816496581,-0.577350269));
#2560=VECTOR('',#2559,1.732050807);
#2561=LINE('',#2558,#2560);
#2562=EDGE_CURVE('',#2551,#999,#2561,.T.);
#2563=ORIENTED_EDGE('',*,*,#2562,.T.);
#2564=CARTESIAN_POINT('',(1300.5,-1308.376955262,5.4));
#2565=DIRECTION('',(0.,-1.,0.));
#2566=VECTOR('',#2565,15.246089476);
#2567=LINE('',#2564,#2566);
#2568=EDGE_CURVE('',#999,#1165,#2567,.T.);
#2569=ORIENTED_EDGE('',*,*,#2568,.T.);
#2570=EDGE_LOOP('',(#2549,#2557,#2563,#2569));
#2571=FACE_BOUND('',#2570,.T.);
#2572=ADVANCED_FACE('',(#2571),#2541,.T.);
#2573=CARTESIAN_POINT('',(1300.5,-1316.,5.4));
#2574=DIRECTION('',(-0.819231921,0.,-0.573462344));
#2575=DIRECTION('',(0.,1.,0.));
#2576=AXIS2_PLACEMENT_3D('',#2573,#2574,#2575);
#2577=PLANE('',#2576);
#2578=ORIENTED_EDGE('',*,*,#1004,.F.);
#2579=ORIENTED_EDGE('',*,*,#982,.F.);
#2580=ORIENTED_EDGE('',*,*,#1176,.F.);
#2581=ORIENTED_EDGE('',*,*,#2568,.F.);
#2582=EDGE_LOOP('',(#2578,#2579,#2580,#2581));
#2583=FACE_BOUND('',#2582,.T.);
#2584=ADVANCED_FACE('',(#2583),#2577,.T.);
#2585=CARTESIAN_POINT('',(1288.,-1328.5,4.4));
#2586=DIRECTION('',(0.,1.,0.));
#2587=DIRECTION('',(-1.,0.,0.));
#2588=AXIS2_PLACEMENT_3D('',#2585,#2586,#2587);
#2589=PLANE('',#2588);
#2590=CARTESIAN_POINT('',(1278.9627417,-1328.5,6.4));
#2591=VERTEX_POINT('',#2590);
#2592=CARTESIAN_POINT('',(1280.376955262,-1328.5,5.4));
#2593=DIRECTION('',(-0.816496581,0.,0.577350269));
#2594=VECTOR('',#2593,1.732050807);
#2595=LINE('',#2592,#2594);
#2596=EDGE_CURVE('',#1316,#2591,#2595,.T.);
#2597=ORIENTED_EDGE('',*,*,#2596,.T.);
#2598=CARTESIAN_POINT('',(1297.0372583,-1328.5,6.4));
#2599=VERTEX_POINT('',#2598);
#2600=CARTESIAN_POINT('',(1278.9627417,-1328.5,6.4));
#2601=DIRECTION('',(1.,-0.,-0.));
#2602=VECTOR('',#2601,18.0745166);
#2603=LINE('',#2600,#2602);
#2604=EDGE_CURVE('',#2591,#2599,#2603,.T.);
#2605=ORIENTED_EDGE('',*,*,#2604,.T.);
#2606=CARTESIAN_POINT('',(1297.0372583,-1328.5,6.4));
#2607=DIRECTION('',(-0.816496581,0.,-0.577350269));
#2608=VECTOR('',#2607,1.732050807);
#2609=LINE('',#2606,#2608);
#2610=EDGE_CURVE('',#2599,#1157,#2609,.T.);
#2611=ORIENTED_EDGE('',*,*,#2610,.T.);
#2612=CARTESIAN_POINT('',(1295.623044738,-1328.5,5.4));
#2613=DIRECTION('',(-1.,0.,0.));
#2614=VECTOR('',#2613,15.246089476);
#2615=LINE('',#2612,#2614);
#2616=EDGE_CURVE('',#1157,#1316,#2615,.T.);
#2617=ORIENTED_EDGE('',*,*,#2616,.T.);
#2618=EDGE_LOOP('',(#2597,#2605,#2611,#2617));
#2619=FACE_BOUND('',#2618,.T.);
#2620=ADVANCED_FACE('',(#2619),#2589,.T.);
#2621=CARTESIAN_POINT('',(1288.,-1328.5,5.4));
#2622=DIRECTION('',(0.,0.819231921,-0.573462344));
#2623=DIRECTION('',(1.,0.,0.));
#2624=AXIS2_PLACEMENT_3D('',#2621,#2622,#2623);
#2625=PLANE('',#2624);
#2626=ORIENTED_EDGE('',*,*,#1162,.F.);
#2627=ORIENTED_EDGE('',*,*,#1140,.F.);
#2628=ORIENTED_EDGE('',*,*,#1327,.F.);
#2629=ORIENTED_EDGE('',*,*,#2616,.F.);
#2630=EDGE_LOOP('',(#2626,#2627,#2628,#2629));
#2631=FACE_BOUND('',#2630,.T.);
#2632=ADVANCED_FACE('',(#2631),#2625,.T.);
#2633=CARTESIAN_POINT('',(1275.5,-1316.,4.4));
#2634=DIRECTION('',(1.,0.,0.));
#2635=DIRECTION('',(0.,1.,0.));
#2636=AXIS2_PLACEMENT_3D('',#2633,#2634,#2635);
#2637=PLANE('',#2636);
#2638=CARTESIAN_POINT('',(1275.5,-1306.9627417,6.4));
#2639=VERTEX_POINT('',#2638);
#2640=CARTESIAN_POINT('',(1275.5,-1308.376955262,5.4));
#2641=DIRECTION('',(0.,0.816496581,0.577350269));
#2642=VECTOR('',#2641,1.732050807);
#2643=LINE('',#2640,#2642);
#2644=EDGE_CURVE('',#1442,#2639,#2643,.T.);
#2645=ORIENTED_EDGE('',*,*,#2644,.T.);
#2646=CARTESIAN_POINT('',(1275.5,-1325.0372583,6.4));
#2647=VERTEX_POINT('',#2646);
#2648=CARTESIAN_POINT('',(1275.5,-1306.9627417,6.4));
#2649=DIRECTION('',(-0.,-1.,-0.));
#2650=VECTOR('',#2649,18.0745166);
#2651=LINE('',#2648,#2650);
#2652=EDGE_CURVE('',#2639,#2647,#2651,.T.);
#2653=ORIENTED_EDGE('',*,*,#2652,.T.);
#2654=CARTESIAN_POINT('',(1275.5,-1325.0372583,6.4));
#2655=DIRECTION('',(0.,0.816496581,-0.577350269));
#2656=VECTOR('',#2655,1.732050807);
#2657=LINE('',#2654,#2656);
#2658=EDGE_CURVE('',#2647,#1308,#2657,.T.);
#2659=ORIENTED_EDGE('',*,*,#2658,.T.);
#2660=CARTESIAN_POINT('',(1275.5,-1323.623044738,5.4));
#2661=DIRECTION('',(0.,1.,0.));
#2662=VECTOR('',#2661,15.246089476);
#2663=LINE('',#2660,#2662);
#2664=EDGE_CURVE('',#1308,#1442,#2663,.T.);
#2665=ORIENTED_EDGE('',*,*,#2664,.T.);
#2666=EDGE_LOOP('',(#2645,#2653,#2659,#2665));
#2667=FACE_BOUND('',#2666,.T.);
#2668=ADVANCED_FACE('',(#2667),#2637,.T.);
#2669=CARTESIAN_POINT('',(1275.5,-1316.,5.4));
#2670=DIRECTION('',(0.819231921,0.,-0.573462344));
#2671=DIRECTION('',(0.,-1.,0.));
#2672=AXIS2_PLACEMENT_3D('',#2669,#2670,#2671);
#2673=PLANE('',#2672);
#2674=ORIENTED_EDGE('',*,*,#1313,.F.);
#2675=ORIENTED_EDGE('',*,*,#1282,.F.);
#2676=ORIENTED_EDGE('',*,*,#1453,.F.);
#2677=ORIENTED_EDGE('',*,*,#2664,.F.);
#2678=EDGE_LOOP('',(#2674,#2675,#2676,#2677));
#2679=FACE_BOUND('',#2678,.T.);
#2680=ADVANCED_FACE('',(#2679),#2673,.T.);
#2681=CARTESIAN_POINT('',(1288.,-1303.5,4.4));
#2682=DIRECTION('',(0.,-1.,0.));
#2683=DIRECTION('',(1.,0.,0.));
#2684=AXIS2_PLACEMENT_3D('',#2681,#2682,#2683);
#2685=PLANE('',#2684);
#2686=CARTESIAN_POINT('',(1297.0372583,-1303.5,6.4));
#2687=VERTEX_POINT('',#2686);
#2688=CARTESIAN_POINT('',(1295.623044738,-1303.5,5.4));
#2689=DIRECTION('',(0.816496581,0.,0.577350269));
#2690=VECTOR('',#2689,1.732050807);
#2691=LINE('',#2688,#2690);
#2692=EDGE_CURVE('',#1007,#2687,#2691,.T.);
#2693=ORIENTED_EDGE('',*,*,#2692,.T.);
#2694=CARTESIAN_POINT('',(1278.9627417,-1303.5,6.4));
#2695=VERTEX_POINT('',#2694);
#2696=CARTESIAN_POINT('',(1297.0372583,-1303.5,6.4));
#2697=DIRECTION('',(-1.,-0.,0.));
#2698=VECTOR('',#2697,18.0745166);
#2699=LINE('',#2696,#2698);
#2700=EDGE_CURVE('',#2687,#2695,#2699,.T.);
#2701=ORIENTED_EDGE('',*,*,#2700,.T.);
#2702=CARTESIAN_POINT('',(1278.9627417,-1303.5,6.4));
#2703=DIRECTION('',(0.816496581,0.,-0.577350269));
#2704=VECTOR('',#2703,1.732050807);
#2705=LINE('',#2702,#2704);
#2706=EDGE_CURVE('',#2695,#1434,#2705,.T.);
#2707=ORIENTED_EDGE('',*,*,#2706,.T.);
#2708=CARTESIAN_POINT('',(1280.376955262,-1303.5,5.4));
#2709=DIRECTION('',(1.,0.,-0.));
#2710=VECTOR('',#2709,15.246089476);
#2711=LINE('',#2708,#2710);
#2712=EDGE_CURVE('',#1434,#1007,#2711,.T.);
#2713=ORIENTED_EDGE('',*,*,#2712,.T.);
#2714=EDGE_LOOP('',(#2693,#2701,#2707,#2713));
#2715=FACE_BOUND('',#2714,.T.);
#2716=ADVANCED_FACE('',(#2715),#2685,.T.);
#2717=CARTESIAN_POINT('',(1288.,-1303.5,5.4));
#2718=DIRECTION('',(0.,-0.819231921,-0.573462344));
#2719=DIRECTION('',(-1.,0.,0.));
#2720=AXIS2_PLACEMENT_3D('',#2717,#2718,#2719);
#2721=PLANE('',#2720);
#2722=ORIENTED_EDGE('',*,*,#1439,.F.);
#2723=ORIENTED_EDGE('',*,*,#1408,.F.);
#2724=ORIENTED_EDGE('',*,*,#1020,.F.);
#2725=ORIENTED_EDGE('',*,*,#2712,.F.);
#2726=EDGE_LOOP('',(#2722,#2723,#2724,#2725));
#2727=FACE_BOUND('',#2726,.T.);
#2728=ADVANCED_FACE('',(#2727),#2721,.T.);
#2729=CARTESIAN_POINT('',(1276.948528137,-1304.948528137,0.));
#2730=DIRECTION('',(0.5,-0.5,-0.707106781));
#2731=DIRECTION('',(0.707106781,0.707106781,0.));
#2732=AXIS2_PLACEMENT_3D('',#2729,#2730,#2731);
#2733=PLANE('',#2732);
#2734=ORIENTED_EDGE('',*,*,#1346,.F.);
#2735=ORIENTED_EDGE('',*,*,#1429,.F.);
#2736=ORIENTED_EDGE('',*,*,#1220,.F.);
#2737=CARTESIAN_POINT('',(1275.5,-1306.9627417,0.4));
#2738=DIRECTION('',(-0.678598344,0.281084638,-0.678598345));
#2739=VECTOR('',#2738,0.589450303);
#2740=LINE('',#2737,#2739);
#2741=EDGE_CURVE('',#1207,#149,#2740,.T.);
#2742=ORIENTED_EDGE('',*,*,#2741,.T.);
#2743=ORIENTED_EDGE('',*,*,#154,.F.);
#2744=CARTESIAN_POINT('',(1278.797056275,-1303.1,0.));
#2745=DIRECTION('',(0.281084638,-0.678598344,0.678598345));
#2746=VECTOR('',#2745,0.589450303);
#2747=LINE('',#2744,#2746);
#2748=EDGE_CURVE('',#141,#1341,#2747,.T.);
#2749=ORIENTED_EDGE('',*,*,#2748,.T.);
#2750=EDGE_LOOP('',(#2734,#2735,#2736,#2742,#2743,#2749));
#2751=FACE_BOUND('',#2750,.T.);
#2752=ADVANCED_FACE('',(#2751),#2733,.T.);
#2753=CARTESIAN_POINT('',(1280.726955262,-1303.15,5.4));
#2754=DIRECTION('',(-0.5,0.5,-0.707106781));
#2755=DIRECTION('',(-0.707106781,-0.707106781,0.));
#2756=AXIS2_PLACEMENT_3D('',#2753,#2754,#2755);
#2757=PLANE('',#2756);
#2758=ORIENTED_EDGE('',*,*,#2706,.F.);
#2759=CARTESIAN_POINT('',(1278.9627417,-1303.5,6.4));
#2760=DIRECTION('',(-0.281084638,0.678598344,0.678598345));
#2761=VECTOR('',#2760,0.589450303);
#2762=LINE('',#2759,#2761);
#2763=EDGE_CURVE('',#2695,#1707,#2762,.T.);
#2764=ORIENTED_EDGE('',*,*,#2763,.T.);
#2765=ORIENTED_EDGE('',*,*,#1712,.F.);
#2766=CARTESIAN_POINT('',(1275.1,-1306.797056275,6.8));
#2767=DIRECTION('',(0.678598344,-0.281084638,-0.678598345));
#2768=VECTOR('',#2767,0.589450303);
#2769=LINE('',#2766,#2768);
#2770=EDGE_CURVE('',#1699,#2639,#2769,.T.);
#2771=ORIENTED_EDGE('',*,*,#2770,.T.);
#2772=ORIENTED_EDGE('',*,*,#2644,.F.);
#2773=ORIENTED_EDGE('',*,*,#1447,.F.);
#2774=EDGE_LOOP('',(#2758,#2764,#2765,#2771,#2772,#2773));
#2775=FACE_BOUND('',#2774,.T.);
#2776=ADVANCED_FACE('',(#2775),#2757,.F.);
#2777=CARTESIAN_POINT('',(1295.273044738,-1328.85,5.4));
#2778=DIRECTION('',(0.5,-0.5,-0.707106781));
#2779=DIRECTION('',(0.707106781,0.707106781,0.));
#2780=AXIS2_PLACEMENT_3D('',#2777,#2778,#2779);
#2781=PLANE('',#2780);
#2782=ORIENTED_EDGE('',*,*,#2610,.F.);
#2783=CARTESIAN_POINT('',(1297.0372583,-1328.5,6.4));
#2784=DIRECTION('',(0.281084638,-0.678598344,0.678598345));
#2785=VECTOR('',#2784,0.589450303);
#2786=LINE('',#2783,#2785);
#2787=EDGE_CURVE('',#2599,#1739,#2786,.T.);
#2788=ORIENTED_EDGE('',*,*,#2787,.T.);
#2789=ORIENTED_EDGE('',*,*,#1744,.F.);
#2790=CARTESIAN_POINT('',(1300.9,-1325.202943725,6.8));
#2791=DIRECTION('',(-0.678598344,0.281084638,-0.678598345));
#2792=VECTOR('',#2791,0.589450303);
#2793=LINE('',#2790,#2792);
#2794=EDGE_CURVE('',#1731,#2543,#2793,.T.);
#2795=ORIENTED_EDGE('',*,*,#2794,.T.);
#2796=ORIENTED_EDGE('',*,*,#2548,.F.);
#2797=ORIENTED_EDGE('',*,*,#1170,.F.);
#2798=EDGE_LOOP('',(#2782,#2788,#2789,#2795,#2796,#2797));
#2799=FACE_BOUND('',#2798,.T.);
#2800=ADVANCED_FACE('',(#2799),#2781,.F.);
#2801=CARTESIAN_POINT('',(1276.948528137,-1327.051471863,0.));
#2802=DIRECTION('',(0.5,0.5,-0.707106781));
#2803=DIRECTION('',(-0.707106781,0.707106781,0.));
#2804=AXIS2_PLACEMENT_3D('',#2801,#2802,#2803);
#2805=PLANE('',#2804);
#2806=ORIENTED_EDGE('',*,*,#1204,.F.);
#2807=ORIENTED_EDGE('',*,*,#1303,.F.);
#2808=ORIENTED_EDGE('',*,*,#1078,.F.);
#2809=CARTESIAN_POINT('',(1278.9627417,-1328.5,0.4));
#2810=DIRECTION('',(-0.281084638,-0.678598344,-0.678598345));
#2811=VECTOR('',#2810,0.589450303);
#2812=LINE('',#2809,#2811);
#2813=EDGE_CURVE('',#1065,#165,#2812,.T.);
#2814=ORIENTED_EDGE('',*,*,#2813,.T.);
#2815=ORIENTED_EDGE('',*,*,#170,.F.);
#2816=CARTESIAN_POINT('',(1275.1,-1325.202943725,0.));
#2817=DIRECTION('',(0.678598344,0.281084638,0.678598345));
#2818=VECTOR('',#2817,0.589450303);
#2819=LINE('',#2816,#2818);
#2820=EDGE_CURVE('',#157,#1199,#2819,.T.);
#2821=ORIENTED_EDGE('',*,*,#2820,.T.);
#2822=EDGE_LOOP('',(#2806,#2807,#2808,#2814,#2815,#2821));
#2823=FACE_BOUND('',#2822,.T.);
#2824=ADVANCED_FACE('',(#2823),#2805,.T.);
#2825=CARTESIAN_POINT('',(1300.85,-1308.726955262,5.4));
#2826=DIRECTION('',(0.5,0.5,-0.707106781));
#2827=DIRECTION('',(-0.707106781,0.707106781,0.));
#2828=AXIS2_PLACEMENT_3D('',#2825,#2826,#2827);
#2829=PLANE('',#2828);
#2830=ORIENTED_EDGE('',*,*,#2562,.F.);
#2831=CARTESIAN_POINT('',(1300.5,-1306.9627417,6.4));
#2832=DIRECTION('',(0.678598344,0.281084638,0.678598345));
#2833=VECTOR('',#2832,0.589450303);
#2834=LINE('',#2831,#2833);
#2835=EDGE_CURVE('',#2551,#1723,#2834,.T.);
#2836=ORIENTED_EDGE('',*,*,#2835,.T.);
#2837=ORIENTED_EDGE('',*,*,#1728,.F.);
#2838=CARTESIAN_POINT('',(1297.202943725,-1303.1,6.8));
#2839=DIRECTION('',(-0.281084638,-0.678598344,-0.678598345));
#2840=VECTOR('',#2839,0.589450303);
#2841=LINE('',#2838,#2840);
#2842=EDGE_CURVE('',#1715,#2687,#2841,.T.);
#2843=ORIENTED_EDGE('',*,*,#2842,.T.);
#2844=ORIENTED_EDGE('',*,*,#2692,.F.);
#2845=ORIENTED_EDGE('',*,*,#1012,.F.);
#2846=EDGE_LOOP('',(#2830,#2836,#2837,#2843,#2844,#2845));
#2847=FACE_BOUND('',#2846,.T.);
#2848=ADVANCED_FACE('',(#2847),#2829,.F.);
#2849=CARTESIAN_POINT('',(1299.051471863,-1327.051471863,0.));
#2850=DIRECTION('',(-0.5,0.5,-0.707106781));
#2851=DIRECTION('',(-0.707106781,-0.707106781,0.));
#2852=AXIS2_PLACEMENT_3D('',#2849,#2850,#2851);
#2853=PLANE('',#2852);
#2854=ORIENTED_EDGE('',*,*,#1062,.F.);
#2855=ORIENTED_EDGE('',*,*,#1184,.F.);
#2856=ORIENTED_EDGE('',*,*,#56,.F.);
#2857=CARTESIAN_POINT('',(1300.5,-1325.0372583,0.4));
#2858=DIRECTION('',(0.678598344,-0.281084638,-0.678598345));
#2859=VECTOR('',#2858,0.589450303);
#2860=LINE('',#2857,#2859);
#2861=EDGE_CURVE('',#43,#181,#2860,.T.);
#2862=ORIENTED_EDGE('',*,*,#2861,.T.);
#2863=ORIENTED_EDGE('',*,*,#186,.F.);
#2864=CARTESIAN_POINT('',(1297.202943725,-1328.9,0.));
#2865=DIRECTION('',(-0.281084638,0.678598344,0.678598345));
#2866=VECTOR('',#2865,0.589450303);
#2867=LINE('',#2864,#2866);
#2868=EDGE_CURVE('',#173,#1057,#2867,.T.);
#2869=ORIENTED_EDGE('',*,*,#2868,.T.);
#2870=EDGE_LOOP('',(#2854,#2855,#2856,#2862,#2863,#2869));
#2871=FACE_BOUND('',#2870,.T.);
#2872=ADVANCED_FACE('',(#2871),#2853,.T.);
#2873=CARTESIAN_POINT('',(1299.051471863,-1304.948528137,0.));
#2874=DIRECTION('',(-0.5,-0.5,-0.707106781));
#2875=DIRECTION('',(0.707106781,-0.707106781,0.));
#2876=AXIS2_PLACEMENT_3D('',#2873,#2874,#2875);
#2877=PLANE('',#2876);
#2878=ORIENTED_EDGE('',*,*,#40,.F.);
#2879=ORIENTED_EDGE('',*,*,#1042,.F.);
#2880=ORIENTED_EDGE('',*,*,#1360,.F.);
#2881=CARTESIAN_POINT('',(1297.0372583,-1303.5,0.4));
#2882=DIRECTION('',(0.281084638,0.678598344,-0.678598345));
#2883=VECTOR('',#2882,0.589450303);
#2884=LINE('',#2881,#2883);
#2885=EDGE_CURVE('',#1349,#139,#2884,.T.);
#2886=ORIENTED_EDGE('',*,*,#2885,.T.);
#2887=ORIENTED_EDGE('',*,*,#200,.F.);
#2888=CARTESIAN_POINT('',(1300.9,-1306.797056275,0.));
#2889=DIRECTION('',(-0.678598344,-0.281084638,0.678598345));
#2890=VECTOR('',#2889,0.589450303);
#2891=LINE('',#2888,#2890);
#2892=EDGE_CURVE('',#189,#35,#2891,.T.);
#2893=ORIENTED_EDGE('',*,*,#2892,.T.);
#2894=EDGE_LOOP('',(#2878,#2879,#2880,#2886,#2887,#2893));
#2895=FACE_BOUND('',#2894,.T.);
#2896=ADVANCED_FACE('',(#2895),#2877,.T.);
#2897=CARTESIAN_POINT('',(1275.15,-1323.273044738,5.4));
#2898=DIRECTION('',(-0.5,-0.5,-0.707106781));
#2899=DIRECTION('',(0.707106781,-0.707106781,0.));
#2900=AXIS2_PLACEMENT_3D('',#2897,#2898,#2899);
#2901=PLANE('',#2900);
#2902=ORIENTED_EDGE('',*,*,#2658,.F.);
#2903=CARTESIAN_POINT('',(1275.5,-1325.0372583,6.4));
#2904=DIRECTION('',(-0.678598344,-0.281084638,0.678598345));
#2905=VECTOR('',#2904,0.589450303);
#2906=LINE('',#2903,#2905);
#2907=EDGE_CURVE('',#2647,#1697,#2906,.T.);
#2908=ORIENTED_EDGE('',*,*,#2907,.T.);
#2909=ORIENTED_EDGE('',*,*,#1758,.F.);
#2910=CARTESIAN_POINT('',(1278.797056275,-1328.9,6.8));
#2911=DIRECTION('',(0.281084638,0.678598344,-0.678598345));
#2912=VECTOR('',#2911,0.589450303);
#2913=LINE('',#2910,#2912);
#2914=EDGE_CURVE('',#1747,#2591,#2913,.T.);
#2915=ORIENTED_EDGE('',*,*,#2914,.T.);
#2916=ORIENTED_EDGE('',*,*,#2596,.F.);
#2917=ORIENTED_EDGE('',*,*,#1321,.F.);
#2918=EDGE_LOOP('',(#2902,#2908,#2909,#2915,#2916,#2917));
#2919=FACE_BOUND('',#2918,.T.);
#2920=ADVANCED_FACE('',(#2919),#2901,.F.);
#2921=CARTESIAN_POINT('',(1275.1,-1316.,6.8));
#2922=DIRECTION('',(-0.707106781,0.,-0.707106781));
#2923=DIRECTION('',(0.,1.,0.));
#2924=AXIS2_PLACEMENT_3D('',#2921,#2922,#2923);
#2925=PLANE('',#2924);
#2926=ORIENTED_EDGE('',*,*,#2907,.F.);
#2927=ORIENTED_EDGE('',*,*,#2652,.F.);
#2928=ORIENTED_EDGE('',*,*,#2770,.F.);
#2929=ORIENTED_EDGE('',*,*,#1704,.F.);
#2930=EDGE_LOOP('',(#2926,#2927,#2928,#2929));
#2931=FACE_BOUND('',#2930,.T.);
#2932=ADVANCED_FACE('',(#2931),#2925,.F.);
#2933=CARTESIAN_POINT('',(1288.,-1303.1,0.));
#2934=DIRECTION('',(0.,-0.707106781,-0.707106781));
#2935=DIRECTION('',(1.,0.,0.));
#2936=AXIS2_PLACEMENT_3D('',#2933,#2934,#2935);
#2937=PLANE('',#2936);
#2938=ORIENTED_EDGE('',*,*,#2885,.F.);
#2939=ORIENTED_EDGE('',*,*,#1354,.F.);
#2940=ORIENTED_EDGE('',*,*,#2748,.F.);
#2941=ORIENTED_EDGE('',*,*,#146,.F.);
#2942=EDGE_LOOP('',(#2938,#2939,#2940,#2941));
#2943=FACE_BOUND('',#2942,.T.);
#2944=ADVANCED_FACE('',(#2943),#2937,.T.);
#2945=CARTESIAN_POINT('',(1300.9,-1316.,0.));
#2946=DIRECTION('',(-0.707106781,0.,-0.707106781));
#2947=DIRECTION('',(0.,-1.,0.));
#2948=AXIS2_PLACEMENT_3D('',#2945,#2946,#2947);
#2949=PLANE('',#2948);
#2950=ORIENTED_EDGE('',*,*,#2861,.F.);
#2951=ORIENTED_EDGE('',*,*,#48,.F.);
#2952=ORIENTED_EDGE('',*,*,#2892,.F.);
#2953=ORIENTED_EDGE('',*,*,#194,.F.);
#2954=EDGE_LOOP('',(#2950,#2951,#2952,#2953));
#2955=FACE_BOUND('',#2954,.T.);
#2956=ADVANCED_FACE('',(#2955),#2949,.T.);
#2957=CARTESIAN_POINT('',(1288.,-1328.9,6.8));
#2958=DIRECTION('',(0.,-0.707106781,-0.707106781));
#2959=DIRECTION('',(-1.,0.,0.));
#2960=AXIS2_PLACEMENT_3D('',#2957,#2958,#2959);
#2961=PLANE('',#2960);
#2962=ORIENTED_EDGE('',*,*,#2787,.F.);
#2963=ORIENTED_EDGE('',*,*,#2604,.F.);
#2964=ORIENTED_EDGE('',*,*,#2914,.F.);
#2965=ORIENTED_EDGE('',*,*,#1752,.F.);
#2966=EDGE_LOOP('',(#2962,#2963,#2964,#2965));
#2967=FACE_BOUND('',#2966,.T.);
#2968=ADVANCED_FACE('',(#2967),#2961,.F.);
#2969=CARTESIAN_POINT('',(1300.9,-1316.,6.8));
#2970=DIRECTION('',(0.707106781,0.,-0.707106781));
#2971=DIRECTION('',(0.,-1.,0.));
#2972=AXIS2_PLACEMENT_3D('',#2969,#2970,#2971);
#2973=PLANE('',#2972);
#2974=ORIENTED_EDGE('',*,*,#2835,.F.);
#2975=ORIENTED_EDGE('',*,*,#2556,.F.);
#2976=ORIENTED_EDGE('',*,*,#2794,.F.);
#2977=ORIENTED_EDGE('',*,*,#1736,.F.);
#2978=EDGE_LOOP('',(#2974,#2975,#2976,#2977));
#2979=FACE_BOUND('',#2978,.T.);
#2980=ADVANCED_FACE('',(#2979),#2973,.F.);
#2981=CARTESIAN_POINT('',(1288.,-1303.1,6.8));
#2982=DIRECTION('',(0.,0.707106781,-0.707106781));
#2983=DIRECTION('',(1.,0.,0.));
#2984=AXIS2_PLACEMENT_3D('',#2981,#2982,#2983);
#2985=PLANE('',#2984);
#2986=ORIENTED_EDGE('',*,*,#2763,.F.);
#2987=ORIENTED_EDGE('',*,*,#2700,.F.);
#2988=ORIENTED_EDGE('',*,*,#2842,.F.);
#2989=ORIENTED_EDGE('',*,*,#1720,.F.);
#2990=EDGE_LOOP('',(#2986,#2987,#2988,#2989));
#2991=FACE_BOUND('',#2990,.T.);
#2992=ADVANCED_FACE('',(#2991),#2985,.F.);
#2993=CARTESIAN_POINT('',(1275.1,-1316.,0.));
#2994=DIRECTION('',(0.707106781,0.,-0.707106781));
#2995=DIRECTION('',(0.,1.,0.));
#2996=AXIS2_PLACEMENT_3D('',#2993,#2994,#2995);
#2997=PLANE('',#2996);
#2998=ORIENTED_EDGE('',*,*,#2741,.F.);
#2999=ORIENTED_EDGE('',*,*,#1212,.F.);
#3000=ORIENTED_EDGE('',*,*,#2820,.F.);
#3001=ORIENTED_EDGE('',*,*,#162,.F.);
#3002=EDGE_LOOP('',(#2998,#2999,#3000,#3001));
#3003=FACE_BOUND('',#3002,.T.);
#3004=ADVANCED_FACE('',(#3003),#2997,.T.);
#3005=CARTESIAN_POINT('',(1288.,-1328.9,0.));
#3006=DIRECTION('',(0.,0.707106781,-0.707106781));
#3007=DIRECTION('',(-1.,0.,0.));
#3008=AXIS2_PLACEMENT_3D('',#3005,#3006,#3007);
#3009=PLANE('',#3008);
#3010=ORIENTED_EDGE('',*,*,#2813,.F.);
#3011=ORIENTED_EDGE('',*,*,#1070,.F.);
#3012=ORIENTED_EDGE('',*,*,#2868,.F.);
#3013=ORIENTED_EDGE('',*,*,#178,.F.);
#3014=EDGE_LOOP('',(#3010,#3011,#3012,#3013));
#3015=FACE_BOUND('',#3014,.T.);
#3016=ADVANCED_FACE('',(#3015),#3009,.T.);
#3017=CARTESIAN_POINT('',(1274.,-1306.2,6.8));
#3018=DIRECTION('',(0.707106781,-0.707106781,0.));
#3019=DIRECTION('',(0.,0.,-1.));
#3020=AXIS2_PLACEMENT_3D('',#3017,#3018,#3019);
#3021=PLANE('',#3020);
#3022=ORIENTED_EDGE('',*,*,#1767,.F.);
#3023=ORIENTED_EDGE('',*,*,#1519,.F.);
#3024=ORIENTED_EDGE('',*,*,#134,.F.);
#3025=ORIENTED_EDGE('',*,*,#1617,.F.);
#3026=EDGE_LOOP('',(#3022,#3023,#3024,#3025));
#3027=FACE_BOUND('',#3026,.T.);
#3028=ADVANCED_FACE('',(#3027),#3021,.F.);
#3029=CARTESIAN_POINT('',(1276.5,-1330.,4.6));
#3030=DIRECTION('',(0.,0.,-1.));
#3031=DIRECTION('',(1.,0.,0.));
#3032=AXIS2_PLACEMENT_3D('',#3029,#3030,#3031);
#3033=CYLINDRICAL_SURFACE('',#3032,2.6);
#3034=CARTESIAN_POINT('',(1279.1,-1330.,2.2));
#3035=VERTEX_POINT('',#3034);
#3036=CARTESIAN_POINT('',(1279.1,-1330.,4.6));
#3037=VERTEX_POINT('',#3036);
#3038=CARTESIAN_POINT('',(1279.1,-1330.,2.2));
#3039=DIRECTION('',(-0.,-0.,1.));
#3040=VECTOR('',#3039,2.4);
#3041=LINE('',#3038,#3040);
#3042=EDGE_CURVE('',#3035,#3037,#3041,.T.);
#3043=ORIENTED_EDGE('',*,*,#3042,.F.);
#3044=CARTESIAN_POINT('',(1276.5,-1332.6,2.2));
#3045=VERTEX_POINT('',#3044);
#3046=CARTESIAN_POINT('',(1276.5,-1330.,2.2));
#3047=DIRECTION('',(-0.,-0.,1.));
#3048=DIRECTION('',(-1.,0.,0.));
#3049=AXIS2_PLACEMENT_3D('',#3046,#3047,#3048);
#3050=CIRCLE('',#3049,2.6);
#3051=EDGE_CURVE('',#3045,#3035,#3050,.T.);
#3052=ORIENTED_EDGE('',*,*,#3051,.F.);
#3053=CARTESIAN_POINT('',(1276.5,-1332.6,4.6));
#3054=VERTEX_POINT('',#3053);
#3055=CARTESIAN_POINT('',(1276.5,-1332.6,4.6));
#3056=DIRECTION('',(-0.,-0.,-1.));
#3057=VECTOR('',#3056,2.4);
#3058=LINE('',#3055,#3057);
#3059=EDGE_CURVE('',#3054,#3045,#3058,.T.);
#3060=ORIENTED_EDGE('',*,*,#3059,.F.);
#3061=CARTESIAN_POINT('',(1276.5,-1330.,4.6));
#3062=DIRECTION('',(-0.,-0.,1.));
#3063=DIRECTION('',(-1.,0.,0.));
#3064=AXIS2_PLACEMENT_3D('',#3061,#3062,#3063);
#3065=CIRCLE('',#3064,2.6);
#3066=EDGE_CURVE('',#3054,#3037,#3065,.T.);
#3067=ORIENTED_EDGE('',*,*,#3066,.T.);
#3068=EDGE_LOOP('',(#3043,#3052,#3060,#3067));
#3069=FACE_BOUND('',#3068,.T.);
#3070=ADVANCED_FACE('',(#3069),#3033,.F.);
#3071=CARTESIAN_POINT('',(1288.,-1316.,4.6));
#3072=DIRECTION('',(0.,0.,1.));
#3073=DIRECTION('',(-1.,0.,0.));
#3074=AXIS2_PLACEMENT_3D('',#3071,#3072,#3073);
#3075=PLANE('',#3074);
#3076=ORIENTED_EDGE('',*,*,#1571,.F.);
#3077=CARTESIAN_POINT('',(1274.274557137,-1327.681567612,4.6));
#3078=VERTEX_POINT('',#3077);
#3079=CARTESIAN_POINT('',(1274.25,-1327.432776641,4.6));
#3080=DIRECTION('',(0.,0.,-1.));
#3081=DIRECTION('',(-1.,0.,0.));
#3082=AXIS2_PLACEMENT_3D('',#3079,#3080,#3081);
#3083=CIRCLE('',#3082,0.25);
#3084=EDGE_CURVE('',#3078,#1564,#3083,.T.);
#3085=ORIENTED_EDGE('',*,*,#3084,.F.);
#3086=CARTESIAN_POINT('',(1275.156119539,-1327.444776535,4.6));
#3087=VERTEX_POINT('',#3086);
#3088=CARTESIAN_POINT('',(1274.,-1324.9,4.6));
#3089=DIRECTION('',(-0.,-0.,1.));
#3090=DIRECTION('',(-1.,0.,0.));
#3091=AXIS2_PLACEMENT_3D('',#3088,#3089,#3090);
#3092=CIRCLE('',#3091,2.795084972);
#3093=EDGE_CURVE('',#3078,#3087,#3092,.T.);
#3094=ORIENTED_EDGE('',*,*,#3093,.T.);
#3095=CARTESIAN_POINT('',(1275.36293249,-1327.4,4.6));
#3096=VERTEX_POINT('',#3095);
#3097=CARTESIAN_POINT('',(1275.36293249,-1327.9,4.6));
#3098=DIRECTION('',(-0.,-0.,1.));
#3099=DIRECTION('',(-1.,0.,0.));
#3100=AXIS2_PLACEMENT_3D('',#3097,#3098,#3099);
#3101=CIRCLE('',#3100,0.5);
#3102=EDGE_CURVE('',#3096,#3087,#3101,.T.);
#3103=ORIENTED_EDGE('',*,*,#3102,.F.);
#3104=CARTESIAN_POINT('',(1276.5,-1327.4,4.6));
#3105=VERTEX_POINT('',#3104);
#3106=CARTESIAN_POINT('',(1276.5,-1327.4,4.6));
#3107=DIRECTION('',(-1.,0.,0.));
#3108=VECTOR('',#3107,1.13706751);
#3109=LINE('',#3106,#3108);
#3110=EDGE_CURVE('',#3105,#3096,#3109,.T.);
#3111=ORIENTED_EDGE('',*,*,#3110,.F.);
#3112=CARTESIAN_POINT('',(1276.5,-1330.,4.6));
#3113=DIRECTION('',(-0.,-0.,1.));
#3114=DIRECTION('',(-1.,0.,0.));
#3115=AXIS2_PLACEMENT_3D('',#3112,#3113,#3114);
#3116=CIRCLE('',#3115,2.6);
#3117=EDGE_CURVE('',#3037,#3105,#3116,.T.);
#3118=ORIENTED_EDGE('',*,*,#3117,.F.);
#3119=ORIENTED_EDGE('',*,*,#3066,.F.);
#3120=CARTESIAN_POINT('',(1275.36293249,-1332.6,4.6));
#3121=VERTEX_POINT('',#3120);
#3122=CARTESIAN_POINT('',(1276.5,-1332.6,4.6));
#3123=DIRECTION('',(-1.,0.,0.));
#3124=VECTOR('',#3123,1.13706751);
#3125=LINE('',#3122,#3124);
#3126=EDGE_CURVE('',#3054,#3121,#3125,.T.);
#3127=ORIENTED_EDGE('',*,*,#3126,.T.);
#3128=CARTESIAN_POINT('',(1275.156119539,-1332.555223465,4.6));
#3129=VERTEX_POINT('',#3128);
#3130=CARTESIAN_POINT('',(1275.36293249,-1332.1,4.6));
#3131=DIRECTION('',(-0.,-0.,1.));
#3132=DIRECTION('',(-1.,0.,0.));
#3133=AXIS2_PLACEMENT_3D('',#3130,#3131,#3132);
#3134=CIRCLE('',#3133,0.5);
#3135=EDGE_CURVE('',#3129,#3121,#3134,.T.);
#3136=ORIENTED_EDGE('',*,*,#3135,.F.);
#3137=CARTESIAN_POINT('',(1274.274557137,-1332.318432388,4.6));
#3138=VERTEX_POINT('',#3137);
#3139=CARTESIAN_POINT('',(1274.,-1335.1,4.6));
#3140=DIRECTION('',(-0.,-0.,1.));
#3141=DIRECTION('',(-1.,0.,0.));
#3142=AXIS2_PLACEMENT_3D('',#3139,#3140,#3141);
#3143=CIRCLE('',#3142,2.795084972);
#3144=EDGE_CURVE('',#3129,#3138,#3143,.T.);
#3145=ORIENTED_EDGE('',*,*,#3144,.T.);
#3146=CARTESIAN_POINT('',(1274.25,-1332.567223359,4.6));
#3147=DIRECTION('',(0.,0.,-1.));
#3148=DIRECTION('',(-1.,0.,0.));
#3149=AXIS2_PLACEMENT_3D('',#3146,#3147,#3148);
#3150=CIRCLE('',#3149,0.25);
#3151=EDGE_CURVE('',#1566,#3138,#3150,.T.);
#3152=ORIENTED_EDGE('',*,*,#3151,.F.);
#3153=EDGE_LOOP('',(#3076,#3085,#3094,#3103,#3111,#3118,#3119,#3127,#3136,#3145,#3152));
#3154=FACE_BOUND('',#3153,.T.);
#3155=ADVANCED_FACE('',(#3154),#3075,.F.);
#3156=CARTESIAN_POINT('',(1288.,-1316.,2.2));
#3157=DIRECTION('',(0.,0.,1.));
#3158=DIRECTION('',(-1.,0.,0.));
#3159=AXIS2_PLACEMENT_3D('',#3156,#3157,#3158);
#3160=PLANE('',#3159);
#3161=ORIENTED_EDGE('',*,*,#1587,.T.);
#3162=CARTESIAN_POINT('',(1274.274557137,-1332.318432388,2.2));
#3163=VERTEX_POINT('',#3162);
#3164=CARTESIAN_POINT('',(1274.25,-1332.567223359,2.2));
#3165=DIRECTION('',(-0.,-0.,1.));
#3166=DIRECTION('',(-1.,0.,0.));
#3167=AXIS2_PLACEMENT_3D('',#3164,#3165,#3166);
#3168=CIRCLE('',#3167,0.25);
#3169=EDGE_CURVE('',#3163,#1574,#3168,.T.);
#3170=ORIENTED_EDGE('',*,*,#3169,.F.);
#3171=CARTESIAN_POINT('',(1275.156119539,-1332.555223465,2.2));
#3172=VERTEX_POINT('',#3171);
#3173=CARTESIAN_POINT('',(1274.,-1335.1,2.2));
#3174=DIRECTION('',(-0.,-0.,1.));
#3175=DIRECTION('',(-1.,0.,0.));
#3176=AXIS2_PLACEMENT_3D('',#3173,#3174,#3175);
#3177=CIRCLE('',#3176,2.795084972);
#3178=EDGE_CURVE('',#3172,#3163,#3177,.T.);
#3179=ORIENTED_EDGE('',*,*,#3178,.F.);
#3180=CARTESIAN_POINT('',(1275.36293249,-1332.6,2.2));
#3181=VERTEX_POINT('',#3180);
#3182=CARTESIAN_POINT('',(1275.36293249,-1332.1,2.2));
#3183=DIRECTION('',(0.,0.,-1.));
#3184=DIRECTION('',(-1.,0.,0.));
#3185=AXIS2_PLACEMENT_3D('',#3182,#3183,#3184);
#3186=CIRCLE('',#3185,0.5);
#3187=EDGE_CURVE('',#3181,#3172,#3186,.T.);
#3188=ORIENTED_EDGE('',*,*,#3187,.F.);
#3189=CARTESIAN_POINT('',(1276.5,-1332.6,2.2));
#3190=DIRECTION('',(-1.,0.,0.));
#3191=VECTOR('',#3190,1.13706751);
#3192=LINE('',#3189,#3191);
#3193=EDGE_CURVE('',#3045,#3181,#3192,.T.);
#3194=ORIENTED_EDGE('',*,*,#3193,.F.);
#3195=ORIENTED_EDGE('',*,*,#3051,.T.);
#3196=CARTESIAN_POINT('',(1276.5,-1327.4,2.2));
#3197=VERTEX_POINT('',#3196);
#3198=CARTESIAN_POINT('',(1276.5,-1330.,2.2));
#3199=DIRECTION('',(-0.,-0.,1.));
#3200=DIRECTION('',(-1.,0.,0.));
#3201=AXIS2_PLACEMENT_3D('',#3198,#3199,#3200);
#3202=CIRCLE('',#3201,2.6);
#3203=EDGE_CURVE('',#3035,#3197,#3202,.T.);
#3204=ORIENTED_EDGE('',*,*,#3203,.T.);
#3205=CARTESIAN_POINT('',(1275.36293249,-1327.4,2.2));
#3206=VERTEX_POINT('',#3205);
#3207=CARTESIAN_POINT('',(1276.5,-1327.4,2.2));
#3208=DIRECTION('',(-1.,0.,0.));
#3209=VECTOR('',#3208,1.13706751);
#3210=LINE('',#3207,#3209);
#3211=EDGE_CURVE('',#3197,#3206,#3210,.T.);
#3212=ORIENTED_EDGE('',*,*,#3211,.T.);
#3213=CARTESIAN_POINT('',(1275.156119539,-1327.444776535,2.2));
#3214=VERTEX_POINT('',#3213);
#3215=CARTESIAN_POINT('',(1275.36293249,-1327.9,2.2));
#3216=DIRECTION('',(0.,0.,-1.));
#3217=DIRECTION('',(-1.,0.,0.));
#3218=AXIS2_PLACEMENT_3D('',#3215,#3216,#3217);
#3219=CIRCLE('',#3218,0.5);
#3220=EDGE_CURVE('',#3214,#3206,#3219,.T.);
#3221=ORIENTED_EDGE('',*,*,#3220,.F.);
#3222=CARTESIAN_POINT('',(1274.274557137,-1327.681567612,2.2));
#3223=VERTEX_POINT('',#3222);
#3224=CARTESIAN_POINT('',(1274.,-1324.9,2.2));
#3225=DIRECTION('',(-0.,-0.,1.));
#3226=DIRECTION('',(-1.,0.,0.));
#3227=AXIS2_PLACEMENT_3D('',#3224,#3225,#3226);
#3228=CIRCLE('',#3227,2.795084972);
#3229=EDGE_CURVE('',#3223,#3214,#3228,.T.);
#3230=ORIENTED_EDGE('',*,*,#3229,.F.);
#3231=CARTESIAN_POINT('',(1274.25,-1327.432776641,2.2));
#3232=DIRECTION('',(-0.,-0.,1.));
#3233=DIRECTION('',(-1.,0.,0.));
#3234=AXIS2_PLACEMENT_3D('',#3231,#3232,#3233);
#3235=CIRCLE('',#3234,0.25);
#3236=EDGE_CURVE('',#1582,#3223,#3235,.T.);
#3237=ORIENTED_EDGE('',*,*,#3236,.F.);
#3238=EDGE_LOOP('',(#3161,#3170,#3179,#3188,#3194,#3195,#3204,#3212,#3221,#3230,#3237));
#3239=FACE_BOUND('',#3238,.T.);
#3240=ADVANCED_FACE('',(#3239),#3160,.T.);
#3241=CARTESIAN_POINT('',(1275.36293249,-1327.9,4.6));
#3242=DIRECTION('',(0.,0.,-1.));
#3243=DIRECTION('',(1.,0.,0.));
#3244=AXIS2_PLACEMENT_3D('',#3241,#3242,#3243);
#3245=CYLINDRICAL_SURFACE('',#3244,0.5);
#3246=ORIENTED_EDGE('',*,*,#3102,.T.);
#3247=CARTESIAN_POINT('',(1275.156119539,-1327.444776535,4.6));
#3248=DIRECTION('',(0.,0.,-1.));
#3249=VECTOR('',#3248,2.4);
#3250=LINE('',#3247,#3249);
#3251=EDGE_CURVE('',#3087,#3214,#3250,.T.);
#3252=ORIENTED_EDGE('',*,*,#3251,.T.);
#3253=ORIENTED_EDGE('',*,*,#3220,.T.);
#3254=CARTESIAN_POINT('',(1275.36293249,-1327.4,2.2));
#3255=DIRECTION('',(-0.,-0.,1.));
#3256=VECTOR('',#3255,2.4);
#3257=LINE('',#3254,#3256);
#3258=EDGE_CURVE('',#3206,#3096,#3257,.T.);
#3259=ORIENTED_EDGE('',*,*,#3258,.T.);
#3260=EDGE_LOOP('',(#3246,#3252,#3253,#3259));
#3261=FACE_BOUND('',#3260,.T.);
#3262=ADVANCED_FACE('',(#3261),#3245,.F.);
#3263=CARTESIAN_POINT('',(1275.875,-1327.4,4.6));
#3264=DIRECTION('',(0.,-1.,0.));
#3265=DIRECTION('',(0.,0.,1.));
#3266=AXIS2_PLACEMENT_3D('',#3263,#3264,#3265);
#3267=PLANE('',#3266);
#3268=ORIENTED_EDGE('',*,*,#3211,.F.);
#3269=CARTESIAN_POINT('',(1276.5,-1327.4,4.6));
#3270=DIRECTION('',(0.,0.,-1.));
#3271=VECTOR('',#3270,2.4);
#3272=LINE('',#3269,#3271);
#3273=EDGE_CURVE('',#3105,#3197,#3272,.T.);
#3274=ORIENTED_EDGE('',*,*,#3273,.F.);
#3275=ORIENTED_EDGE('',*,*,#3110,.T.);
#3276=ORIENTED_EDGE('',*,*,#3258,.F.);
#3277=EDGE_LOOP('',(#3268,#3274,#3275,#3276));
#3278=FACE_BOUND('',#3277,.T.);
#3279=ADVANCED_FACE('',(#3278),#3267,.T.);
#3280=CARTESIAN_POINT('',(1274.,-1324.9,4.6));
#3281=DIRECTION('',(0.,0.,-1.));
#3282=DIRECTION('',(1.,0.,0.));
#3283=AXIS2_PLACEMENT_3D('',#3280,#3281,#3282);
#3284=CYLINDRICAL_SURFACE('',#3283,2.795084972);
#3285=ORIENTED_EDGE('',*,*,#3093,.F.);
#3286=CARTESIAN_POINT('',(1274.274557137,-1327.681567612,2.2));
#3287=DIRECTION('',(-0.,-0.,1.));
#3288=VECTOR('',#3287,2.4);
#3289=LINE('',#3286,#3288);
#3290=EDGE_CURVE('',#3223,#3078,#3289,.T.);
#3291=ORIENTED_EDGE('',*,*,#3290,.F.);
#3292=ORIENTED_EDGE('',*,*,#3229,.T.);
#3293=ORIENTED_EDGE('',*,*,#3251,.F.);
#3294=EDGE_LOOP('',(#3285,#3291,#3292,#3293));
#3295=FACE_BOUND('',#3294,.T.);
#3296=ADVANCED_FACE('',(#3295),#3284,.T.);
#3297=CARTESIAN_POINT('',(1274.25,-1327.432776641,4.6));
#3298=DIRECTION('',(0.,0.,-1.));
#3299=DIRECTION('',(1.,0.,0.));
#3300=AXIS2_PLACEMENT_3D('',#3297,#3298,#3299);
#3301=CYLINDRICAL_SURFACE('',#3300,0.25);
#3302=ORIENTED_EDGE('',*,*,#3084,.T.);
#3303=ORIENTED_EDGE('',*,*,#1593,.T.);
#3304=ORIENTED_EDGE('',*,*,#3236,.T.);
#3305=ORIENTED_EDGE('',*,*,#3290,.T.);
#3306=EDGE_LOOP('',(#3302,#3303,#3304,#3305));
#3307=FACE_BOUND('',#3306,.T.);
#3308=ADVANCED_FACE('',(#3307),#3301,.T.);
#3309=CARTESIAN_POINT('',(1302.,-1304.5,4.6));
#3310=DIRECTION('',(0.,0.,-1.));
#3311=DIRECTION('',(0.,-1.,0.));
#3312=AXIS2_PLACEMENT_3D('',#3309,#3310,#3311);
#3313=CYLINDRICAL_SURFACE('',#3312,2.6);
#3314=CARTESIAN_POINT('',(1302.,-1307.1,2.2));
#3315=VERTEX_POINT('',#3314);
#3316=CARTESIAN_POINT('',(1302.,-1307.1,4.6));
#3317=VERTEX_POINT('',#3316);
#3318=CARTESIAN_POINT('',(1302.,-1307.1,2.2));
#3319=DIRECTION('',(-0.,-0.,1.));
#3320=VECTOR('',#3319,2.4);
#3321=LINE('',#3318,#3320);
#3322=EDGE_CURVE('',#3315,#3317,#3321,.T.);
#3323=ORIENTED_EDGE('',*,*,#3322,.F.);
#3324=CARTESIAN_POINT('',(1299.4,-1304.5,2.2));
#3325=VERTEX_POINT('',#3324);
#3326=CARTESIAN_POINT('',(1302.,-1304.5,2.2));
#3327=DIRECTION('',(-0.,-0.,1.));
#3328=DIRECTION('',(-1.,0.,0.));
#3329=AXIS2_PLACEMENT_3D('',#3326,#3327,#3328);
#3330=CIRCLE('',#3329,2.6);
#3331=EDGE_CURVE('',#3325,#3315,#3330,.T.);
#3332=ORIENTED_EDGE('',*,*,#3331,.F.);
#3333=CARTESIAN_POINT('',(1299.4,-1304.5,4.6));
#3334=VERTEX_POINT('',#3333);
#3335=CARTESIAN_POINT('',(1299.4,-1304.5,4.6));
#3336=DIRECTION('',(-0.,-0.,-1.));
#3337=VECTOR('',#3336,2.4);
#3338=LINE('',#3335,#3337);
#3339=EDGE_CURVE('',#3334,#3325,#3338,.T.);
#3340=ORIENTED_EDGE('',*,*,#3339,.F.);
#3341=CARTESIAN_POINT('',(1302.,-1304.5,4.6));
#3342=DIRECTION('',(-0.,-0.,1.));
#3343=DIRECTION('',(-1.,0.,0.));
#3344=AXIS2_PLACEMENT_3D('',#3341,#3342,#3343);
#3345=CIRCLE('',#3344,2.6);
#3346=EDGE_CURVE('',#3334,#3317,#3345,.T.);
#3347=ORIENTED_EDGE('',*,*,#3346,.T.);
#3348=EDGE_LOOP('',(#3323,#3332,#3340,#3347));
#3349=FACE_BOUND('',#3348,.T.);
#3350=ADVANCED_FACE('',(#3349),#3313,.F.);
#3351=CARTESIAN_POINT('',(1316.,-1316.,4.6));
#3352=DIRECTION('',(0.,0.,1.));
#3353=DIRECTION('',(0.,1.,0.));
#3354=AXIS2_PLACEMENT_3D('',#3351,#3352,#3353);
#3355=PLANE('',#3354);
#3356=CARTESIAN_POINT('',(1304.6,-1304.5,4.6));
#3357=VERTEX_POINT('',#3356);
#3358=CARTESIAN_POINT('',(1302.,-1304.5,4.6));
#3359=DIRECTION('',(-0.,-0.,1.));
#3360=DIRECTION('',(-1.,0.,0.));
#3361=AXIS2_PLACEMENT_3D('',#3358,#3359,#3360);
#3362=CIRCLE('',#3361,2.6);
#3363=EDGE_CURVE('',#3317,#3357,#3362,.T.);
#3364=ORIENTED_EDGE('',*,*,#3363,.F.);
#3365=ORIENTED_EDGE('',*,*,#3346,.F.);
#3366=CARTESIAN_POINT('',(1299.4,-1303.36293249,4.6));
#3367=VERTEX_POINT('',#3366);
#3368=CARTESIAN_POINT('',(1299.4,-1304.5,4.6));
#3369=DIRECTION('',(0.,1.,0.));
#3370=VECTOR('',#3369,1.13706751);
#3371=LINE('',#3368,#3370);
#3372=EDGE_CURVE('',#3334,#3367,#3371,.T.);
#3373=ORIENTED_EDGE('',*,*,#3372,.T.);
#3374=CARTESIAN_POINT('',(1299.444776535,-1303.156119539,4.6));
#3375=VERTEX_POINT('',#3374);
#3376=CARTESIAN_POINT('',(1299.9,-1303.36293249,4.6));
#3377=DIRECTION('',(-0.,-0.,1.));
#3378=DIRECTION('',(-1.,0.,0.));
#3379=AXIS2_PLACEMENT_3D('',#3376,#3377,#3378);
#3380=CIRCLE('',#3379,0.5);
#3381=EDGE_CURVE('',#3375,#3367,#3380,.T.);
#3382=ORIENTED_EDGE('',*,*,#3381,.F.);
#3383=CARTESIAN_POINT('',(1299.681567612,-1302.274557137,4.6));
#3384=VERTEX_POINT('',#3383);
#3385=CARTESIAN_POINT('',(1296.9,-1302.,4.6));
#3386=DIRECTION('',(-0.,-0.,1.));
#3387=DIRECTION('',(-1.,0.,0.));
#3388=AXIS2_PLACEMENT_3D('',#3385,#3386,#3387);
#3389=CIRCLE('',#3388,2.795084972);
#3390=EDGE_CURVE('',#3375,#3384,#3389,.T.);
#3391=ORIENTED_EDGE('',*,*,#3390,.T.);
#3392=CARTESIAN_POINT('',(1299.432776641,-1302.25,4.6));
#3393=DIRECTION('',(0.,0.,-1.));
#3394=DIRECTION('',(-1.,0.,0.));
#3395=AXIS2_PLACEMENT_3D('',#3392,#3393,#3394);
#3396=CIRCLE('',#3395,0.25);
#3397=EDGE_CURVE('',#1475,#3384,#3396,.T.);
#3398=ORIENTED_EDGE('',*,*,#3397,.F.);
#3399=ORIENTED_EDGE('',*,*,#1480,.F.);
#3400=CARTESIAN_POINT('',(1304.318432388,-1302.274557137,4.6));
#3401=VERTEX_POINT('',#3400);
#3402=CARTESIAN_POINT('',(1304.567223359,-1302.25,4.6));
#3403=DIRECTION('',(0.,0.,-1.));
#3404=DIRECTION('',(-1.,0.,0.));
#3405=AXIS2_PLACEMENT_3D('',#3402,#3403,#3404);
#3406=CIRCLE('',#3405,0.25);
#3407=EDGE_CURVE('',#3401,#1465,#3406,.T.);
#3408=ORIENTED_EDGE('',*,*,#3407,.F.);
#3409=CARTESIAN_POINT('',(1304.555223465,-1303.156119539,4.6));
#3410=VERTEX_POINT('',#3409);
#3411=CARTESIAN_POINT('',(1307.1,-1302.,4.6));
#3412=DIRECTION('',(-0.,-0.,1.));
#3413=DIRECTION('',(-1.,0.,0.));
#3414=AXIS2_PLACEMENT_3D('',#3411,#3412,#3413);
#3415=CIRCLE('',#3414,2.795084972);
#3416=EDGE_CURVE('',#3401,#3410,#3415,.T.);
#3417=ORIENTED_EDGE('',*,*,#3416,.T.);
#3418=CARTESIAN_POINT('',(1304.6,-1303.36293249,4.6));
#3419=VERTEX_POINT('',#3418);
#3420=CARTESIAN_POINT('',(1304.1,-1303.36293249,4.6));
#3421=DIRECTION('',(-0.,-0.,1.));
#3422=DIRECTION('',(-1.,0.,0.));
#3423=AXIS2_PLACEMENT_3D('',#3420,#3421,#3422);
#3424=CIRCLE('',#3423,0.5);
#3425=EDGE_CURVE('',#3419,#3410,#3424,.T.);
#3426=ORIENTED_EDGE('',*,*,#3425,.F.);
#3427=CARTESIAN_POINT('',(1304.6,-1304.5,4.6));
#3428=DIRECTION('',(0.,1.,0.));
#3429=VECTOR('',#3428,1.13706751);
#3430=LINE('',#3427,#3429);
#3431=EDGE_CURVE('',#3357,#3419,#3430,.T.);
#3432=ORIENTED_EDGE('',*,*,#3431,.F.);
#3433=EDGE_LOOP('',(#3364,#3365,#3373,#3382,#3391,#3398,#3399,#3408,#3417,#3426,#3432));
#3434=FACE_BOUND('',#3433,.T.);
#3435=ADVANCED_FACE('',(#3434),#3355,.F.);
#3436=CARTESIAN_POINT('',(1316.,-1316.,2.2));
#3437=DIRECTION('',(0.,0.,1.));
#3438=DIRECTION('',(0.,1.,0.));
#3439=AXIS2_PLACEMENT_3D('',#3436,#3437,#3438);
#3440=PLANE('',#3439);
#3441=ORIENTED_EDGE('',*,*,#3331,.T.);
#3442=CARTESIAN_POINT('',(1304.6,-1304.5,2.2));
#3443=VERTEX_POINT('',#3442);
#3444=CARTESIAN_POINT('',(1302.,-1304.5,2.2));
#3445=DIRECTION('',(-0.,-0.,1.));
#3446=DIRECTION('',(-1.,0.,0.));
#3447=AXIS2_PLACEMENT_3D('',#3444,#3445,#3446);
#3448=CIRCLE('',#3447,2.6);
#3449=EDGE_CURVE('',#3315,#3443,#3448,.T.);
#3450=ORIENTED_EDGE('',*,*,#3449,.T.);
#3451=CARTESIAN_POINT('',(1304.6,-1303.36293249,2.2));
#3452=VERTEX_POINT('',#3451);
#3453=CARTESIAN_POINT('',(1304.6,-1304.5,2.2));
#3454=DIRECTION('',(0.,1.,0.));
#3455=VECTOR('',#3454,1.13706751);
#3456=LINE('',#3453,#3455);
#3457=EDGE_CURVE('',#3443,#3452,#3456,.T.);
#3458=ORIENTED_EDGE('',*,*,#3457,.T.);
#3459=CARTESIAN_POINT('',(1304.555223465,-1303.156119539,2.2));
#3460=VERTEX_POINT('',#3459);
#3461=CARTESIAN_POINT('',(1304.1,-1303.36293249,2.2));
#3462=DIRECTION('',(0.,0.,-1.));
#3463=DIRECTION('',(-1.,0.,0.));
#3464=AXIS2_PLACEMENT_3D('',#3461,#3462,#3463);
#3465=CIRCLE('',#3464,0.5);
#3466=EDGE_CURVE('',#3460,#3452,#3465,.T.);
#3467=ORIENTED_EDGE('',*,*,#3466,.F.);
#3468=CARTESIAN_POINT('',(1304.318432388,-1302.274557137,2.2));
#3469=VERTEX_POINT('',#3468);
#3470=CARTESIAN_POINT('',(1307.1,-1302.,2.2));
#3471=DIRECTION('',(-0.,-0.,1.));
#3472=DIRECTION('',(-1.,0.,0.));
#3473=AXIS2_PLACEMENT_3D('',#3470,#3471,#3472);
#3474=CIRCLE('',#3473,2.795084972);
#3475=EDGE_CURVE('',#3469,#3460,#3474,.T.);
#3476=ORIENTED_EDGE('',*,*,#3475,.F.);
#3477=CARTESIAN_POINT('',(1304.567223359,-1302.25,2.2));
#3478=DIRECTION('',(-0.,-0.,1.));
#3479=DIRECTION('',(-1.,0.,0.));
#3480=AXIS2_PLACEMENT_3D('',#3477,#3478,#3479);
#3481=CIRCLE('',#3480,0.25);
#3482=EDGE_CURVE('',#1467,#3469,#3481,.T.);
#3483=ORIENTED_EDGE('',*,*,#3482,.F.);
#3484=ORIENTED_EDGE('',*,*,#1494,.T.);
#3485=CARTESIAN_POINT('',(1299.681567612,-1302.274557137,2.2));
#3486=VERTEX_POINT('',#3485);
#3487=CARTESIAN_POINT('',(1299.432776641,-1302.25,2.2));
#3488=DIRECTION('',(-0.,-0.,1.));
#3489=DIRECTION('',(-1.,0.,0.));
#3490=AXIS2_PLACEMENT_3D('',#3487,#3488,#3489);
#3491=CIRCLE('',#3490,0.25);
#3492=EDGE_CURVE('',#3486,#1483,#3491,.T.);
#3493=ORIENTED_EDGE('',*,*,#3492,.F.);
#3494=CARTESIAN_POINT('',(1299.444776535,-1303.156119539,2.2));
#3495=VERTEX_POINT('',#3494);
#3496=CARTESIAN_POINT('',(1296.9,-1302.,2.2));
#3497=DIRECTION('',(-0.,-0.,1.));
#3498=DIRECTION('',(-1.,0.,0.));
#3499=AXIS2_PLACEMENT_3D('',#3496,#3497,#3498);
#3500=CIRCLE('',#3499,2.795084972);
#3501=EDGE_CURVE('',#3495,#3486,#3500,.T.);
#3502=ORIENTED_EDGE('',*,*,#3501,.F.);
#3503=CARTESIAN_POINT('',(1299.4,-1303.36293249,2.2));
#3504=VERTEX_POINT('',#3503);
#3505=CARTESIAN_POINT('',(1299.9,-1303.36293249,2.2));
#3506=DIRECTION('',(0.,0.,-1.));
#3507=DIRECTION('',(-1.,0.,0.));
#3508=AXIS2_PLACEMENT_3D('',#3505,#3506,#3507);
#3509=CIRCLE('',#3508,0.5);
#3510=EDGE_CURVE('',#3504,#3495,#3509,.T.);
#3511=ORIENTED_EDGE('',*,*,#3510,.F.);
#3512=CARTESIAN_POINT('',(1299.4,-1304.5,2.2));
#3513=DIRECTION('',(0.,1.,0.));
#3514=VECTOR('',#3513,1.13706751);
#3515=LINE('',#3512,#3514);
#3516=EDGE_CURVE('',#3325,#3504,#3515,.T.);
#3517=ORIENTED_EDGE('',*,*,#3516,.F.);
#3518=EDGE_LOOP('',(#3441,#3450,#3458,#3467,#3476,#3483,#3484,#3493,#3502,#3511,#3517));
#3519=FACE_BOUND('',#3518,.T.);
#3520=ADVANCED_FACE('',(#3519),#3440,.T.);
#3521=CARTESIAN_POINT('',(1299.4,-1303.875,4.6));
#3522=DIRECTION('',(-1.,0.,0.));
#3523=DIRECTION('',(0.,0.,1.));
#3524=AXIS2_PLACEMENT_3D('',#3521,#3522,#3523);
#3525=PLANE('',#3524);
#3526=ORIENTED_EDGE('',*,*,#3372,.F.);
#3527=ORIENTED_EDGE('',*,*,#3339,.T.);
#3528=ORIENTED_EDGE('',*,*,#3516,.T.);
#3529=CARTESIAN_POINT('',(1299.4,-1303.36293249,4.6));
#3530=DIRECTION('',(0.,0.,-1.));
#3531=VECTOR('',#3530,2.4);
#3532=LINE('',#3529,#3531);
#3533=EDGE_CURVE('',#3367,#3504,#3532,.T.);
#3534=ORIENTED_EDGE('',*,*,#3533,.F.);
#3535=EDGE_LOOP('',(#3526,#3527,#3528,#3534));
#3536=FACE_BOUND('',#3535,.T.);
#3537=ADVANCED_FACE('',(#3536),#3525,.F.);
#3538=CARTESIAN_POINT('',(1299.9,-1303.36293249,4.6));
#3539=DIRECTION('',(0.,0.,-1.));
#3540=DIRECTION('',(0.,-1.,0.));
#3541=AXIS2_PLACEMENT_3D('',#3538,#3539,#3540);
#3542=CYLINDRICAL_SURFACE('',#3541,0.5);
#3543=ORIENTED_EDGE('',*,*,#3381,.T.);
#3544=ORIENTED_EDGE('',*,*,#3533,.T.);
#3545=ORIENTED_EDGE('',*,*,#3510,.T.);
#3546=CARTESIAN_POINT('',(1299.444776535,-1303.156119539,2.2));
#3547=DIRECTION('',(-0.,-0.,1.));
#3548=VECTOR('',#3547,2.4);
#3549=LINE('',#3546,#3548);
#3550=EDGE_CURVE('',#3495,#3375,#3549,.T.);
#3551=ORIENTED_EDGE('',*,*,#3550,.T.);
#3552=EDGE_LOOP('',(#3543,#3544,#3545,#3551));
#3553=FACE_BOUND('',#3552,.T.);
#3554=ADVANCED_FACE('',(#3553),#3542,.F.);
#3555=CARTESIAN_POINT('',(1296.9,-1302.,4.6));
#3556=DIRECTION('',(0.,0.,-1.));
#3557=DIRECTION('',(0.,-1.,0.));
#3558=AXIS2_PLACEMENT_3D('',#3555,#3556,#3557);
#3559=CYLINDRICAL_SURFACE('',#3558,2.795084972);
#3560=ORIENTED_EDGE('',*,*,#3501,.T.);
#3561=CARTESIAN_POINT('',(1299.681567612,-1302.274557137,4.6));
#3562=DIRECTION('',(0.,0.,-1.));
#3563=VECTOR('',#3562,2.4);
#3564=LINE('',#3561,#3563);
#3565=EDGE_CURVE('',#3384,#3486,#3564,.T.);
#3566=ORIENTED_EDGE('',*,*,#3565,.F.);
#3567=ORIENTED_EDGE('',*,*,#3390,.F.);
#3568=ORIENTED_EDGE('',*,*,#3550,.F.);
#3569=EDGE_LOOP('',(#3560,#3566,#3567,#3568));
#3570=FACE_BOUND('',#3569,.T.);
#3571=ADVANCED_FACE('',(#3570),#3559,.T.);
#3572=CARTESIAN_POINT('',(1299.432776641,-1302.25,4.6));
#3573=DIRECTION('',(0.,0.,-1.));
#3574=DIRECTION('',(0.,-1.,0.));
#3575=AXIS2_PLACEMENT_3D('',#3572,#3573,#3574);
#3576=CYLINDRICAL_SURFACE('',#3575,0.25);
#3577=ORIENTED_EDGE('',*,*,#3397,.T.);
#3578=ORIENTED_EDGE('',*,*,#3565,.T.);
#3579=ORIENTED_EDGE('',*,*,#3492,.T.);
#3580=ORIENTED_EDGE('',*,*,#1488,.T.);
#3581=EDGE_LOOP('',(#3577,#3578,#3579,#3580));
#3582=FACE_BOUND('',#3581,.T.);
#3583=ADVANCED_FACE('',(#3582),#3576,.T.);
#3584=CARTESIAN_POINT('',(1300.5,-1344.,2.4));
#3585=DIRECTION('',(-1.,0.,0.));
#3586=DIRECTION('',(0.,-1.,0.));
#3587=AXIS2_PLACEMENT_3D('',#3584,#3585,#3586);
#3588=PLANE('',#3587);
#3589=CARTESIAN_POINT('',(1300.5,-1336.376955262,1.4));
#3590=VERTEX_POINT('',#3589);
#3591=CARTESIAN_POINT('',(1300.5,-1334.9627417,0.4));
#3592=VERTEX_POINT('',#3591);
#3593=CARTESIAN_POINT('',(1300.5,-1336.376955262,1.4));
#3594=DIRECTION('',(0.,0.816496581,-0.577350269));
#3595=VECTOR('',#3594,1.732050807);
#3596=LINE('',#3593,#3595);
#3597=EDGE_CURVE('',#3590,#3592,#3596,.T.);
#3598=ORIENTED_EDGE('',*,*,#3597,.T.);
#3599=CARTESIAN_POINT('',(1300.5,-1353.0372583,0.4));
#3600=VERTEX_POINT('',#3599);
#3601=CARTESIAN_POINT('',(1300.5,-1334.9627417,0.4));
#3602=DIRECTION('',(0.,-1.,0.));
#3603=VECTOR('',#3602,18.0745166);
#3604=LINE('',#3601,#3603);
#3605=EDGE_CURVE('',#3592,#3600,#3604,.T.);
#3606=ORIENTED_EDGE('',*,*,#3605,.T.);
#3607=CARTESIAN_POINT('',(1300.5,-1351.623044738,1.4));
#3608=VERTEX_POINT('',#3607);
#3609=CARTESIAN_POINT('',(1300.5,-1353.0372583,0.4));
#3610=DIRECTION('',(0.,0.816496581,0.577350269));
#3611=VECTOR('',#3610,1.732050807);
#3612=LINE('',#3609,#3611);
#3613=EDGE_CURVE('',#3600,#3608,#3612,.T.);
#3614=ORIENTED_EDGE('',*,*,#3613,.T.);
#3615=CARTESIAN_POINT('',(1300.5,-1351.623044738,1.4));
#3616=DIRECTION('',(-0.,1.,-0.));
#3617=VECTOR('',#3616,15.246089476);
#3618=LINE('',#3615,#3617);
#3619=EDGE_CURVE('',#3608,#3590,#3618,.T.);
#3620=ORIENTED_EDGE('',*,*,#3619,.T.);
#3621=EDGE_LOOP('',(#3598,#3606,#3614,#3620));
#3622=FACE_BOUND('',#3621,.T.);
#3623=ADVANCED_FACE('',(#3622),#3588,.T.);
#3624=CARTESIAN_POINT('',(1300.5,-1344.,1.4));
#3625=DIRECTION('',(0.819231921,0.,-0.573462344));
#3626=DIRECTION('',(0.,1.,0.));
#3627=AXIS2_PLACEMENT_3D('',#3624,#3625,#3626);
#3628=PLANE('',#3627);
#3629=CARTESIAN_POINT('',(1301.2,-1350.923044738,2.4));
#3630=VERTEX_POINT('',#3629);
#3631=CARTESIAN_POINT('',(1301.2,-1350.923044738,2.4));
#3632=DIRECTION('',(-0.497468338,-0.497468338,-0.710669055));
#3633=VECTOR('',#3632,1.407124728);
#3634=LINE('',#3631,#3633);
#3635=EDGE_CURVE('',#3630,#3608,#3634,.T.);
#3636=ORIENTED_EDGE('',*,*,#3635,.F.);
#3637=CARTESIAN_POINT('',(1301.2,-1337.076955262,2.4));
#3638=VERTEX_POINT('',#3637);
#3639=CARTESIAN_POINT('',(1301.199999999,-1350.923044738,2.4));
#3640=DIRECTION('',(0.,1.,0.));
#3641=VECTOR('',#3640,13.846089476);
#3642=LINE('',#3639,#3641);
#3643=EDGE_CURVE('',#3630,#3638,#3642,.T.);
#3644=ORIENTED_EDGE('',*,*,#3643,.T.);
#3645=CARTESIAN_POINT('',(1300.5,-1336.376955262,1.4));
#3646=DIRECTION('',(0.497468338,-0.497468338,0.710669055));
#3647=VECTOR('',#3646,1.407124728);
#3648=LINE('',#3645,#3647);
#3649=EDGE_CURVE('',#3590,#3638,#3648,.T.);
#3650=ORIENTED_EDGE('',*,*,#3649,.F.);
#3651=ORIENTED_EDGE('',*,*,#3619,.F.);
#3652=EDGE_LOOP('',(#3636,#3644,#3650,#3651));
#3653=FACE_BOUND('',#3652,.T.);
#3654=ADVANCED_FACE('',(#3653),#3628,.F.);
#3655=CARTESIAN_POINT('',(1301.2,-1344.,6.8));
#3656=DIRECTION('',(-1.,0.,0.));
#3657=DIRECTION('',(0.,-1.,0.));
#3658=AXIS2_PLACEMENT_3D('',#3655,#3656,#3657);
#3659=PLANE('',#3658);
#3660=ORIENTED_EDGE('',*,*,#3643,.F.);
#3661=CARTESIAN_POINT('',(1301.2,-1350.923044738,4.4));
#3662=VERTEX_POINT('',#3661);
#3663=CARTESIAN_POINT('',(1301.2,-1350.923044738,4.4));
#3664=DIRECTION('',(-0.,-0.,-1.));
#3665=VECTOR('',#3664,2.);
#3666=LINE('',#3663,#3665);
#3667=EDGE_CURVE('',#3662,#3630,#3666,.T.);
#3668=ORIENTED_EDGE('',*,*,#3667,.F.);
#3669=CARTESIAN_POINT('',(1301.2,-1337.076955262,4.4));
#3670=VERTEX_POINT('',#3669);
#3671=CARTESIAN_POINT('',(1301.2,-1350.923044738,4.4));
#3672=DIRECTION('',(-0.,1.,-0.));
#3673=VECTOR('',#3672,13.846089476);
#3674=LINE('',#3671,#3673);
#3675=EDGE_CURVE('',#3662,#3670,#3674,.T.);
#3676=ORIENTED_EDGE('',*,*,#3675,.T.);
#3677=CARTESIAN_POINT('',(1301.2,-1337.076955262,4.4));
#3678=DIRECTION('',(-0.,-0.,-1.));
#3679=VECTOR('',#3678,2.);
#3680=LINE('',#3677,#3679);
#3681=EDGE_CURVE('',#3670,#3638,#3680,.T.);
#3682=ORIENTED_EDGE('',*,*,#3681,.T.);
#3683=EDGE_LOOP('',(#3660,#3668,#3676,#3682));
#3684=FACE_BOUND('',#3683,.T.);
#3685=ADVANCED_FACE('',(#3684),#3659,.T.);
#3686=CARTESIAN_POINT('',(1300.85,-1336.726955262,6.8));
#3687=DIRECTION('',(-0.707106781,-0.707106781,0.));
#3688=DIRECTION('',(0.707106781,-0.707106781,0.));
#3689=AXIS2_PLACEMENT_3D('',#3686,#3687,#3688);
#3690=PLANE('',#3689);
#3691=CARTESIAN_POINT('',(1300.5,-1336.376955262,5.4));
#3692=VERTEX_POINT('',#3691);
#3693=CARTESIAN_POINT('',(1301.2,-1337.076955262,4.4));
#3694=DIRECTION('',(-0.497468338,0.497468338,0.710669055));
#3695=VECTOR('',#3694,1.407124728);
#3696=LINE('',#3693,#3695);
#3697=EDGE_CURVE('',#3670,#3692,#3696,.T.);
#3698=ORIENTED_EDGE('',*,*,#3697,.T.);
#3699=CARTESIAN_POINT('',(1295.623044738,-1331.5,5.4));
#3700=VERTEX_POINT('',#3699);
#3701=CARTESIAN_POINT('',(1300.5,-1336.376955262,5.4));
#3702=DIRECTION('',(-0.707106781,0.707106781,-0.));
#3703=VECTOR('',#3702,6.897056275);
#3704=LINE('',#3701,#3703);
#3705=EDGE_CURVE('',#3692,#3700,#3704,.T.);
#3706=ORIENTED_EDGE('',*,*,#3705,.T.);
#3707=CARTESIAN_POINT('',(1294.923044738,-1330.8,4.4));
#3708=VERTEX_POINT('',#3707);
#3709=CARTESIAN_POINT('',(1295.623044738,-1331.5,5.4));
#3710=DIRECTION('',(-0.497468338,0.497468338,-0.710669055));
#3711=VECTOR('',#3710,1.407124728);
#3712=LINE('',#3709,#3711);
#3713=EDGE_CURVE('',#3700,#3708,#3712,.T.);
#3714=ORIENTED_EDGE('',*,*,#3713,.T.);
#3715=CARTESIAN_POINT('',(1294.923044738,-1330.8,2.4));
#3716=VERTEX_POINT('',#3715);
#3717=CARTESIAN_POINT('',(1294.923044738,-1330.8,4.4));
#3718=DIRECTION('',(-0.,-0.,-1.));
#3719=VECTOR('',#3718,2.);
#3720=LINE('',#3717,#3719);
#3721=EDGE_CURVE('',#3708,#3716,#3720,.T.);
#3722=ORIENTED_EDGE('',*,*,#3721,.T.);
#3723=CARTESIAN_POINT('',(1295.623044738,-1331.5,1.4));
#3724=VERTEX_POINT('',#3723);
#3725=CARTESIAN_POINT('',(1294.923044738,-1330.8,2.4));
#3726=DIRECTION('',(0.497468338,-0.497468338,-0.710669055));
#3727=VECTOR('',#3726,1.407124728);
#3728=LINE('',#3725,#3727);
#3729=EDGE_CURVE('',#3716,#3724,#3728,.T.);
#3730=ORIENTED_EDGE('',*,*,#3729,.T.);
#3731=CARTESIAN_POINT('',(1295.623044738,-1331.5,1.4));
#3732=DIRECTION('',(0.707106781,-0.707106781,0.));
#3733=VECTOR('',#3732,6.897056275);
#3734=LINE('',#3731,#3733);
#3735=EDGE_CURVE('',#3724,#3590,#3734,.T.);
#3736=ORIENTED_EDGE('',*,*,#3735,.T.);
#3737=ORIENTED_EDGE('',*,*,#3649,.T.);
#3738=ORIENTED_EDGE('',*,*,#3681,.F.);
#3739=EDGE_LOOP('',(#3698,#3706,#3714,#3722,#3730,#3736,#3737,#3738));
#3740=FACE_BOUND('',#3739,.T.);
#3741=ADVANCED_FACE('',(#3740),#3690,.T.);
#3742=CARTESIAN_POINT('',(1288.,-1356.5,2.4));
#3743=DIRECTION('',(0.,1.,0.));
#3744=DIRECTION('',(-1.,0.,0.));
#3745=AXIS2_PLACEMENT_3D('',#3742,#3743,#3744);
#3746=PLANE('',#3745);
#3747=CARTESIAN_POINT('',(1295.623044738,-1356.5,1.4));
#3748=VERTEX_POINT('',#3747);
#3749=CARTESIAN_POINT('',(1297.0372583,-1356.5,0.4));
#3750=VERTEX_POINT('',#3749);
#3751=CARTESIAN_POINT('',(1295.623044738,-1356.5,1.4));
#3752=DIRECTION('',(0.816496581,0.,-0.577350269));
#3753=VECTOR('',#3752,1.732050807);
#3754=LINE('',#3751,#3753);
#3755=EDGE_CURVE('',#3748,#3750,#3754,.T.);
#3756=ORIENTED_EDGE('',*,*,#3755,.T.);
#3757=CARTESIAN_POINT('',(1278.9627417,-1356.5,0.4));
#3758=VERTEX_POINT('',#3757);
#3759=CARTESIAN_POINT('',(1297.0372583,-1356.5,0.4));
#3760=DIRECTION('',(-1.,0.,0.));
#3761=VECTOR('',#3760,18.0745166);
#3762=LINE('',#3759,#3761);
#3763=EDGE_CURVE('',#3750,#3758,#3762,.T.);
#3764=ORIENTED_EDGE('',*,*,#3763,.T.);
#3765=CARTESIAN_POINT('',(1280.376955262,-1356.5,1.4));
#3766=VERTEX_POINT('',#3765);
#3767=CARTESIAN_POINT('',(1278.9627417,-1356.5,0.4));
#3768=DIRECTION('',(0.816496581,0.,0.577350269));
#3769=VECTOR('',#3768,1.732050807);
#3770=LINE('',#3767,#3769);
#3771=EDGE_CURVE('',#3758,#3766,#3770,.T.);
#3772=ORIENTED_EDGE('',*,*,#3771,.T.);
#3773=CARTESIAN_POINT('',(1280.376955262,-1356.5,1.4));
#3774=DIRECTION('',(1.,-0.,-0.));
#3775=VECTOR('',#3774,15.246089476);
#3776=LINE('',#3773,#3775);
#3777=EDGE_CURVE('',#3766,#3748,#3776,.T.);
#3778=ORIENTED_EDGE('',*,*,#3777,.T.);
#3779=EDGE_LOOP('',(#3756,#3764,#3772,#3778));
#3780=FACE_BOUND('',#3779,.T.);
#3781=ADVANCED_FACE('',(#3780),#3746,.T.);
#3782=CARTESIAN_POINT('',(1288.,-1356.5,1.4));
#3783=DIRECTION('',(0.,-0.819231921,-0.573462344));
#3784=DIRECTION('',(1.,0.,0.));
#3785=AXIS2_PLACEMENT_3D('',#3782,#3783,#3784);
#3786=PLANE('',#3785);
#3787=CARTESIAN_POINT('',(1281.076955262,-1357.2,2.4));
#3788=VERTEX_POINT('',#3787);
#3789=CARTESIAN_POINT('',(1281.076955262,-1357.2,2.4));
#3790=DIRECTION('',(-0.497468338,0.497468338,-0.710669055));
#3791=VECTOR('',#3790,1.407124728);
#3792=LINE('',#3789,#3791);
#3793=EDGE_CURVE('',#3788,#3766,#3792,.T.);
#3794=ORIENTED_EDGE('',*,*,#3793,.F.);
#3795=CARTESIAN_POINT('',(1294.923044738,-1357.2,2.4));
#3796=VERTEX_POINT('',#3795);
#3797=CARTESIAN_POINT('',(1281.076955262,-1357.199999999,2.4));
#3798=DIRECTION('',(1.,0.,-0.));
#3799=VECTOR('',#3798,13.846089476);
#3800=LINE('',#3797,#3799);
#3801=EDGE_CURVE('',#3788,#3796,#3800,.T.);
#3802=ORIENTED_EDGE('',*,*,#3801,.T.);
#3803=CARTESIAN_POINT('',(1295.623044738,-1356.5,1.4));
#3804=DIRECTION('',(-0.497468338,-0.497468338,0.710669055));
#3805=VECTOR('',#3804,1.407124728);
#3806=LINE('',#3803,#3805);
#3807=EDGE_CURVE('',#3748,#3796,#3806,.T.);
#3808=ORIENTED_EDGE('',*,*,#3807,.F.);
#3809=ORIENTED_EDGE('',*,*,#3777,.F.);
#3810=EDGE_LOOP('',(#3794,#3802,#3808,#3809));
#3811=FACE_BOUND('',#3810,.T.);
#3812=ADVANCED_FACE('',(#3811),#3786,.F.);
#3813=CARTESIAN_POINT('',(1288.,-1357.2,6.8));
#3814=DIRECTION('',(0.,1.,0.));
#3815=DIRECTION('',(-1.,0.,0.));
#3816=AXIS2_PLACEMENT_3D('',#3813,#3814,#3815);
#3817=PLANE('',#3816);
#3818=ORIENTED_EDGE('',*,*,#3801,.F.);
#3819=CARTESIAN_POINT('',(1281.076955262,-1357.2,4.4));
#3820=VERTEX_POINT('',#3819);
#3821=CARTESIAN_POINT('',(1281.076955262,-1357.2,4.4));
#3822=DIRECTION('',(-0.,-0.,-1.));
#3823=VECTOR('',#3822,2.);
#3824=LINE('',#3821,#3823);
#3825=EDGE_CURVE('',#3820,#3788,#3824,.T.);
#3826=ORIENTED_EDGE('',*,*,#3825,.F.);
#3827=CARTESIAN_POINT('',(1294.923044738,-1357.2,4.4));
#3828=VERTEX_POINT('',#3827);
#3829=CARTESIAN_POINT('',(1281.076955262,-1357.2,4.4));
#3830=DIRECTION('',(1.,-0.,-0.));
#3831=VECTOR('',#3830,13.846089476);
#3832=LINE('',#3829,#3831);
#3833=EDGE_CURVE('',#3820,#3828,#3832,.T.);
#3834=ORIENTED_EDGE('',*,*,#3833,.T.);
#3835=CARTESIAN_POINT('',(1294.923044738,-1357.2,4.4));
#3836=DIRECTION('',(-0.,-0.,-1.));
#3837=VECTOR('',#3836,2.);
#3838=LINE('',#3835,#3837);
#3839=EDGE_CURVE('',#3828,#3796,#3838,.T.);
#3840=ORIENTED_EDGE('',*,*,#3839,.T.);
#3841=EDGE_LOOP('',(#3818,#3826,#3834,#3840));
#3842=FACE_BOUND('',#3841,.T.);
#3843=ADVANCED_FACE('',(#3842),#3817,.T.);
#3844=CARTESIAN_POINT('',(1295.273044738,-1356.85,6.8));
#3845=DIRECTION('',(-0.707106781,0.707106781,0.));
#3846=DIRECTION('',(-0.707106781,-0.707106781,0.));
#3847=AXIS2_PLACEMENT_3D('',#3844,#3845,#3846);
#3848=PLANE('',#3847);
#3849=CARTESIAN_POINT('',(1295.623044738,-1356.5,5.4));
#3850=VERTEX_POINT('',#3849);
#3851=CARTESIAN_POINT('',(1294.923044738,-1357.2,4.4));
#3852=DIRECTION('',(0.497468338,0.497468338,0.710669055));
#3853=VECTOR('',#3852,1.407124728);
#3854=LINE('',#3851,#3853);
#3855=EDGE_CURVE('',#3828,#3850,#3854,.T.);
#3856=ORIENTED_EDGE('',*,*,#3855,.T.);
#3857=CARTESIAN_POINT('',(1300.5,-1351.623044738,5.4));
#3858=VERTEX_POINT('',#3857);
#3859=CARTESIAN_POINT('',(1295.623044738,-1356.5,5.4));
#3860=DIRECTION('',(0.707106781,0.707106781,-0.));
#3861=VECTOR('',#3860,6.897056275);
#3862=LINE('',#3859,#3861);
#3863=EDGE_CURVE('',#3850,#3858,#3862,.T.);
#3864=ORIENTED_EDGE('',*,*,#3863,.T.);
#3865=CARTESIAN_POINT('',(1300.5,-1351.623044738,5.4));
#3866=DIRECTION('',(0.497468338,0.497468338,-0.710669055));
#3867=VECTOR('',#3866,1.407124728);
#3868=LINE('',#3865,#3867);
#3869=EDGE_CURVE('',#3858,#3662,#3868,.T.);
#3870=ORIENTED_EDGE('',*,*,#3869,.T.);
#3871=ORIENTED_EDGE('',*,*,#3667,.T.);
#3872=ORIENTED_EDGE('',*,*,#3635,.T.);
#3873=CARTESIAN_POINT('',(1300.5,-1351.623044738,1.4));
#3874=DIRECTION('',(-0.707106781,-0.707106781,0.));
#3875=VECTOR('',#3874,6.897056275);
#3876=LINE('',#3873,#3875);
#3877=EDGE_CURVE('',#3608,#3748,#3876,.T.);
#3878=ORIENTED_EDGE('',*,*,#3877,.T.);
#3879=ORIENTED_EDGE('',*,*,#3807,.T.);
#3880=ORIENTED_EDGE('',*,*,#3839,.F.);
#3881=EDGE_LOOP('',(#3856,#3864,#3870,#3871,#3872,#3878,#3879,#3880));
#3882=FACE_BOUND('',#3881,.T.);
#3883=ADVANCED_FACE('',(#3882),#3848,.T.);
#3884=CARTESIAN_POINT('',(1275.5,-1344.,2.4));
#3885=DIRECTION('',(1.,0.,0.));
#3886=DIRECTION('',(0.,1.,0.));
#3887=AXIS2_PLACEMENT_3D('',#3884,#3885,#3886);
#3888=PLANE('',#3887);
#3889=CARTESIAN_POINT('',(1275.5,-1351.623044738,1.4));
#3890=VERTEX_POINT('',#3889);
#3891=CARTESIAN_POINT('',(1275.5,-1353.0372583,0.4));
#3892=VERTEX_POINT('',#3891);
#3893=CARTESIAN_POINT('',(1275.5,-1351.623044738,1.4));
#3894=DIRECTION('',(0.,-0.816496581,-0.577350269));
#3895=VECTOR('',#3894,1.732050807);
#3896=LINE('',#3893,#3895);
#3897=EDGE_CURVE('',#3890,#3892,#3896,.T.);
#3898=ORIENTED_EDGE('',*,*,#3897,.T.);
#3899=CARTESIAN_POINT('',(1275.5,-1334.9627417,0.4));
#3900=VERTEX_POINT('',#3899);
#3901=CARTESIAN_POINT('',(1275.5,-1353.0372583,0.4));
#3902=DIRECTION('',(0.,1.,0.));
#3903=VECTOR('',#3902,18.0745166);
#3904=LINE('',#3901,#3903);
#3905=EDGE_CURVE('',#3892,#3900,#3904,.T.);
#3906=ORIENTED_EDGE('',*,*,#3905,.T.);
#3907=CARTESIAN_POINT('',(1275.5,-1336.376955262,1.4));
#3908=VERTEX_POINT('',#3907);
#3909=CARTESIAN_POINT('',(1275.5,-1334.9627417,0.4));
#3910=DIRECTION('',(0.,-0.816496581,0.577350269));
#3911=VECTOR('',#3910,1.732050807);
#3912=LINE('',#3909,#3911);
#3913=EDGE_CURVE('',#3900,#3908,#3912,.T.);
#3914=ORIENTED_EDGE('',*,*,#3913,.T.);
#3915=CARTESIAN_POINT('',(1275.5,-1336.376955262,1.4));
#3916=DIRECTION('',(-0.,-1.,-0.));
#3917=VECTOR('',#3916,15.246089476);
#3918=LINE('',#3915,#3917);
#3919=EDGE_CURVE('',#3908,#3890,#3918,.T.);
#3920=ORIENTED_EDGE('',*,*,#3919,.T.);
#3921=EDGE_LOOP('',(#3898,#3906,#3914,#3920));
#3922=FACE_BOUND('',#3921,.T.);
#3923=ADVANCED_FACE('',(#3922),#3888,.T.);
#3924=CARTESIAN_POINT('',(1275.5,-1344.,1.4));
#3925=DIRECTION('',(-0.819231921,0.,-0.573462344));
#3926=DIRECTION('',(0.,-1.,0.));
#3927=AXIS2_PLACEMENT_3D('',#3924,#3925,#3926);
#3928=PLANE('',#3927);
#3929=CARTESIAN_POINT('',(1274.8,-1337.076955262,2.4));
#3930=VERTEX_POINT('',#3929);
#3931=CARTESIAN_POINT('',(1274.8,-1337.076955262,2.4));
#3932=DIRECTION('',(0.497468338,0.497468338,-0.710669055));
#3933=VECTOR('',#3932,1.407124728);
#3934=LINE('',#3931,#3933);
#3935=EDGE_CURVE('',#3930,#3908,#3934,.T.);
#3936=ORIENTED_EDGE('',*,*,#3935,.F.);
#3937=CARTESIAN_POINT('',(1274.8,-1350.923044738,2.4));
#3938=VERTEX_POINT('',#3937);
#3939=CARTESIAN_POINT('',(1274.800000001,-1337.076955262,2.4));
#3940=DIRECTION('',(0.,-1.,0.));
#3941=VECTOR('',#3940,13.846089476);
#3942=LINE('',#3939,#3941);
#3943=EDGE_CURVE('',#3930,#3938,#3942,.T.);
#3944=ORIENTED_EDGE('',*,*,#3943,.T.);
#3945=CARTESIAN_POINT('',(1275.5,-1351.623044738,1.4));
#3946=DIRECTION('',(-0.497468338,0.497468338,0.710669055));
#3947=VECTOR('',#3946,1.407124728);
#3948=LINE('',#3945,#3947);
#3949=EDGE_CURVE('',#3890,#3938,#3948,.T.);
#3950=ORIENTED_EDGE('',*,*,#3949,.F.);
#3951=ORIENTED_EDGE('',*,*,#3919,.F.);
#3952=EDGE_LOOP('',(#3936,#3944,#3950,#3951));
#3953=FACE_BOUND('',#3952,.T.);
#3954=ADVANCED_FACE('',(#3953),#3928,.F.);
#3955=CARTESIAN_POINT('',(1274.8,-1344.,6.8));
#3956=DIRECTION('',(1.,0.,0.));
#3957=DIRECTION('',(0.,1.,0.));
#3958=AXIS2_PLACEMENT_3D('',#3955,#3956,#3957);
#3959=PLANE('',#3958);
#3960=ORIENTED_EDGE('',*,*,#3943,.F.);
#3961=CARTESIAN_POINT('',(1274.8,-1337.076955262,4.4));
#3962=VERTEX_POINT('',#3961);
#3963=CARTESIAN_POINT('',(1274.8,-1337.076955262,4.4));
#3964=DIRECTION('',(-0.,-0.,-1.));
#3965=VECTOR('',#3964,2.);
#3966=LINE('',#3963,#3965);
#3967=EDGE_CURVE('',#3962,#3930,#3966,.T.);
#3968=ORIENTED_EDGE('',*,*,#3967,.F.);
#3969=CARTESIAN_POINT('',(1274.8,-1350.923044738,4.4));
#3970=VERTEX_POINT('',#3969);
#3971=CARTESIAN_POINT('',(1274.8,-1337.076955262,4.4));
#3972=DIRECTION('',(-0.,-1.,-0.));
#3973=VECTOR('',#3972,13.846089476);
#3974=LINE('',#3971,#3973);
#3975=EDGE_CURVE('',#3962,#3970,#3974,.T.);
#3976=ORIENTED_EDGE('',*,*,#3975,.T.);
#3977=CARTESIAN_POINT('',(1274.8,-1350.923044738,4.4));
#3978=DIRECTION('',(-0.,-0.,-1.));
#3979=VECTOR('',#3978,2.);
#3980=LINE('',#3977,#3979);
#3981=EDGE_CURVE('',#3970,#3938,#3980,.T.);
#3982=ORIENTED_EDGE('',*,*,#3981,.T.);
#3983=EDGE_LOOP('',(#3960,#3968,#3976,#3982));
#3984=FACE_BOUND('',#3983,.T.);
#3985=ADVANCED_FACE('',(#3984),#3959,.T.);
#3986=CARTESIAN_POINT('',(1275.15,-1351.273044738,6.8));
#3987=DIRECTION('',(0.707106781,0.707106781,0.));
#3988=DIRECTION('',(-0.707106781,0.707106781,0.));
#3989=AXIS2_PLACEMENT_3D('',#3986,#3987,#3988);
#3990=PLANE('',#3989);
#3991=ORIENTED_EDGE('',*,*,#3793,.T.);
#3992=CARTESIAN_POINT('',(1280.376955262,-1356.5,1.4));
#3993=DIRECTION('',(-0.707106781,0.707106781,0.));
#3994=VECTOR('',#3993,6.897056275);
#3995=LINE('',#3992,#3994);
#3996=EDGE_CURVE('',#3766,#3890,#3995,.T.);
#3997=ORIENTED_EDGE('',*,*,#3996,.T.);
#3998=ORIENTED_EDGE('',*,*,#3949,.T.);
#3999=ORIENTED_EDGE('',*,*,#3981,.F.);
#4000=CARTESIAN_POINT('',(1275.5,-1351.623044738,5.4));
#4001=VERTEX_POINT('',#4000);
#4002=CARTESIAN_POINT('',(1274.8,-1350.923044738,4.4));
#4003=DIRECTION('',(0.497468338,-0.497468338,0.710669055));
#4004=VECTOR('',#4003,1.407124728);
#4005=LINE('',#4002,#4004);
#4006=EDGE_CURVE('',#3970,#4001,#4005,.T.);
#4007=ORIENTED_EDGE('',*,*,#4006,.T.);
#4008=CARTESIAN_POINT('',(1280.376955262,-1356.5,5.4));
#4009=VERTEX_POINT('',#4008);
#4010=CARTESIAN_POINT('',(1275.5,-1351.623044738,5.4));
#4011=DIRECTION('',(0.707106781,-0.707106781,-0.));
#4012=VECTOR('',#4011,6.897056275);
#4013=LINE('',#4010,#4012);
#4014=EDGE_CURVE('',#4001,#4009,#4013,.T.);
#4015=ORIENTED_EDGE('',*,*,#4014,.T.);
#4016=CARTESIAN_POINT('',(1280.376955262,-1356.5,5.4));
#4017=DIRECTION('',(0.497468338,-0.497468338,-0.710669055));
#4018=VECTOR('',#4017,1.407124728);
#4019=LINE('',#4016,#4018);
#4020=EDGE_CURVE('',#4009,#3820,#4019,.T.);
#4021=ORIENTED_EDGE('',*,*,#4020,.T.);
#4022=ORIENTED_EDGE('',*,*,#3825,.T.);
#4023=EDGE_LOOP('',(#3991,#3997,#3998,#3999,#4007,#4015,#4021,#4022));
#4024=FACE_BOUND('',#4023,.T.);
#4025=ADVANCED_FACE('',(#4024),#3990,.T.);
#4026=CARTESIAN_POINT('',(1288.,-1331.5,2.4));
#4027=DIRECTION('',(0.,-1.,0.));
#4028=DIRECTION('',(1.,0.,0.));
#4029=AXIS2_PLACEMENT_3D('',#4026,#4027,#4028);
#4030=PLANE('',#4029);
#4031=CARTESIAN_POINT('',(1280.376955262,-1331.5,1.4));
#4032=VERTEX_POINT('',#4031);
#4033=CARTESIAN_POINT('',(1278.9627417,-1331.5,0.4));
#4034=VERTEX_POINT('',#4033);
#4035=CARTESIAN_POINT('',(1280.376955262,-1331.5,1.4));
#4036=DIRECTION('',(-0.816496581,0.,-0.577350269));
#4037=VECTOR('',#4036,1.732050807);
#4038=LINE('',#4035,#4037);
#4039=EDGE_CURVE('',#4032,#4034,#4038,.T.);
#4040=ORIENTED_EDGE('',*,*,#4039,.T.);
#4041=CARTESIAN_POINT('',(1297.0372583,-1331.5,0.4));
#4042=VERTEX_POINT('',#4041);
#4043=CARTESIAN_POINT('',(1278.9627417,-1331.5,0.4));
#4044=DIRECTION('',(1.,0.,-0.));
#4045=VECTOR('',#4044,18.0745166);
#4046=LINE('',#4043,#4045);
#4047=EDGE_CURVE('',#4034,#4042,#4046,.T.);
#4048=ORIENTED_EDGE('',*,*,#4047,.T.);
#4049=CARTESIAN_POINT('',(1297.0372583,-1331.5,0.4));
#4050=DIRECTION('',(-0.816496581,0.,0.577350269));
#4051=VECTOR('',#4050,1.732050807);
#4052=LINE('',#4049,#4051);
#4053=EDGE_CURVE('',#4042,#3724,#4052,.T.);
#4054=ORIENTED_EDGE('',*,*,#4053,.T.);
#4055=CARTESIAN_POINT('',(1295.623044738,-1331.5,1.4));
#4056=DIRECTION('',(-1.,-0.,0.));
#4057=VECTOR('',#4056,15.246089476);
#4058=LINE('',#4055,#4057);
#4059=EDGE_CURVE('',#3724,#4032,#4058,.T.);
#4060=ORIENTED_EDGE('',*,*,#4059,.T.);
#4061=EDGE_LOOP('',(#4040,#4048,#4054,#4060));
#4062=FACE_BOUND('',#4061,.T.);
#4063=ADVANCED_FACE('',(#4062),#4030,.T.);
#4064=CARTESIAN_POINT('',(1288.,-1331.5,1.4));
#4065=DIRECTION('',(0.,0.819231921,-0.573462344));
#4066=DIRECTION('',(-1.,0.,0.));
#4067=AXIS2_PLACEMENT_3D('',#4064,#4065,#4066);
#4068=PLANE('',#4067);
#4069=ORIENTED_EDGE('',*,*,#3729,.F.);
#4070=CARTESIAN_POINT('',(1281.076955262,-1330.8,2.4));
#4071=VERTEX_POINT('',#4070);
#4072=CARTESIAN_POINT('',(1294.923044738,-1330.800000001,2.4));
#4073=DIRECTION('',(-1.,0.,0.));
#4074=VECTOR('',#4073,13.846089476);
#4075=LINE('',#4072,#4074);
#4076=EDGE_CURVE('',#3716,#4071,#4075,.T.);
#4077=ORIENTED_EDGE('',*,*,#4076,.T.);
#4078=CARTESIAN_POINT('',(1280.376955262,-1331.5,1.4));
#4079=DIRECTION('',(0.497468338,0.497468338,0.710669055));
#4080=VECTOR('',#4079,1.407124728);
#4081=LINE('',#4078,#4080);
#4082=EDGE_CURVE('',#4032,#4071,#4081,.T.);
#4083=ORIENTED_EDGE('',*,*,#4082,.F.);
#4084=ORIENTED_EDGE('',*,*,#4059,.F.);
#4085=EDGE_LOOP('',(#4069,#4077,#4083,#4084));
#4086=FACE_BOUND('',#4085,.T.);
#4087=ADVANCED_FACE('',(#4086),#4068,.F.);
#4088=CARTESIAN_POINT('',(1288.,-1330.8,6.8));
#4089=DIRECTION('',(0.,-1.,0.));
#4090=DIRECTION('',(1.,0.,0.));
#4091=AXIS2_PLACEMENT_3D('',#4088,#4089,#4090);
#4092=PLANE('',#4091);
#4093=ORIENTED_EDGE('',*,*,#4076,.F.);
#4094=ORIENTED_EDGE('',*,*,#3721,.F.);
#4095=CARTESIAN_POINT('',(1281.076955262,-1330.8,4.4));
#4096=VERTEX_POINT('',#4095);
#4097=CARTESIAN_POINT('',(1294.923044738,-1330.8,4.4));
#4098=DIRECTION('',(-1.,-0.,0.));
#4099=VECTOR('',#4098,13.846089476);
#4100=LINE('',#4097,#4099);
#4101=EDGE_CURVE('',#3708,#4096,#4100,.T.);
#4102=ORIENTED_EDGE('',*,*,#4101,.T.);
#4103=CARTESIAN_POINT('',(1281.076955262,-1330.8,4.4));
#4104=DIRECTION('',(-0.,-0.,-1.));
#4105=VECTOR('',#4104,2.);
#4106=LINE('',#4103,#4105);
#4107=EDGE_CURVE('',#4096,#4071,#4106,.T.);
#4108=ORIENTED_EDGE('',*,*,#4107,.T.);
#4109=EDGE_LOOP('',(#4093,#4094,#4102,#4108));
#4110=FACE_BOUND('',#4109,.T.);
#4111=ADVANCED_FACE('',(#4110),#4092,.T.);
#4112=CARTESIAN_POINT('',(1280.726955262,-1331.15,6.8));
#4113=DIRECTION('',(0.707106781,-0.707106781,0.));
#4114=DIRECTION('',(0.707106781,0.707106781,0.));
#4115=AXIS2_PLACEMENT_3D('',#4112,#4113,#4114);
#4116=PLANE('',#4115);
#4117=ORIENTED_EDGE('',*,*,#3935,.T.);
#4118=CARTESIAN_POINT('',(1275.5,-1336.376955262,1.4));
#4119=DIRECTION('',(0.707106781,0.707106781,0.));
#4120=VECTOR('',#4119,6.897056275);
#4121=LINE('',#4118,#4120);
#4122=EDGE_CURVE('',#3908,#4032,#4121,.T.);
#4123=ORIENTED_EDGE('',*,*,#4122,.T.);
#4124=ORIENTED_EDGE('',*,*,#4082,.T.);
#4125=ORIENTED_EDGE('',*,*,#4107,.F.);
#4126=CARTESIAN_POINT('',(1280.376955262,-1331.5,5.4));
#4127=VERTEX_POINT('',#4126);
#4128=CARTESIAN_POINT('',(1281.076955262,-1330.8,4.4));
#4129=DIRECTION('',(-0.497468338,-0.497468338,0.710669055));
#4130=VECTOR('',#4129,1.407124728);
#4131=LINE('',#4128,#4130);
#4132=EDGE_CURVE('',#4096,#4127,#4131,.T.);
#4133=ORIENTED_EDGE('',*,*,#4132,.T.);
#4134=CARTESIAN_POINT('',(1275.5,-1336.376955262,5.4));
#4135=VERTEX_POINT('',#4134);
#4136=CARTESIAN_POINT('',(1280.376955262,-1331.5,5.4));
#4137=DIRECTION('',(-0.707106781,-0.707106781,-0.));
#4138=VECTOR('',#4137,6.897056275);
#4139=LINE('',#4136,#4138);
#4140=EDGE_CURVE('',#4127,#4135,#4139,.T.);
#4141=ORIENTED_EDGE('',*,*,#4140,.T.);
#4142=CARTESIAN_POINT('',(1275.5,-1336.376955262,5.4));
#4143=DIRECTION('',(-0.497468338,-0.497468338,-0.710669055));
#4144=VECTOR('',#4143,1.407124728);
#4145=LINE('',#4142,#4144);
#4146=EDGE_CURVE('',#4135,#3962,#4145,.T.);
#4147=ORIENTED_EDGE('',*,*,#4146,.T.);
#4148=ORIENTED_EDGE('',*,*,#3967,.T.);
#4149=EDGE_LOOP('',(#4117,#4123,#4124,#4125,#4133,#4141,#4147,#4148));
#4150=FACE_BOUND('',#4149,.T.);
#4151=ADVANCED_FACE('',(#4150),#4116,.T.);
#4152=CARTESIAN_POINT('',(1300.5,-1344.,4.4));
#4153=DIRECTION('',(-1.,0.,0.));
#4154=DIRECTION('',(0.,-1.,0.));
#4155=AXIS2_PLACEMENT_3D('',#4152,#4153,#4154);
#4156=PLANE('',#4155);
#4157=CARTESIAN_POINT('',(1300.5,-1353.0372583,6.4));
#4158=VERTEX_POINT('',#4157);
#4159=CARTESIAN_POINT('',(1300.5,-1351.623044738,5.4));
#4160=DIRECTION('',(0.,-0.816496581,0.577350269));
#4161=VECTOR('',#4160,1.732050807);
#4162=LINE('',#4159,#4161);
#4163=EDGE_CURVE('',#3858,#4158,#4162,.T.);
#4164=ORIENTED_EDGE('',*,*,#4163,.T.);
#4165=CARTESIAN_POINT('',(1300.5,-1334.9627417,6.4));
#4166=VERTEX_POINT('',#4165);
#4167=CARTESIAN_POINT('',(1300.5,-1353.0372583,6.4));
#4168=DIRECTION('',(-0.,1.,-0.));
#4169=VECTOR('',#4168,18.0745166);
#4170=LINE('',#4167,#4169);
#4171=EDGE_CURVE('',#4158,#4166,#4170,.T.);
#4172=ORIENTED_EDGE('',*,*,#4171,.T.);
#4173=CARTESIAN_POINT('',(1300.5,-1334.9627417,6.4));
#4174=DIRECTION('',(0.,-0.816496581,-0.577350269));
#4175=VECTOR('',#4174,1.732050807);
#4176=LINE('',#4173,#4175);
#4177=EDGE_CURVE('',#4166,#3692,#4176,.T.);
#4178=ORIENTED_EDGE('',*,*,#4177,.T.);
#4179=CARTESIAN_POINT('',(1300.5,-1336.376955262,5.4));
#4180=DIRECTION('',(0.,-1.,0.));
#4181=VECTOR('',#4180,15.246089476);
#4182=LINE('',#4179,#4181);
#4183=EDGE_CURVE('',#3692,#3858,#4182,.T.);
#4184=ORIENTED_EDGE('',*,*,#4183,.T.);
#4185=EDGE_LOOP('',(#4164,#4172,#4178,#4184));
#4186=FACE_BOUND('',#4185,.T.);
#4187=ADVANCED_FACE('',(#4186),#4156,.T.);
#4188=CARTESIAN_POINT('',(1300.5,-1344.,5.4));
#4189=DIRECTION('',(-0.819231921,0.,-0.573462344));
#4190=DIRECTION('',(0.,1.,0.));
#4191=AXIS2_PLACEMENT_3D('',#4188,#4189,#4190);
#4192=PLANE('',#4191);
#4193=ORIENTED_EDGE('',*,*,#3697,.F.);
#4194=ORIENTED_EDGE('',*,*,#3675,.F.);
#4195=ORIENTED_EDGE('',*,*,#3869,.F.);
#4196=ORIENTED_EDGE('',*,*,#4183,.F.);
#4197=EDGE_LOOP('',(#4193,#4194,#4195,#4196));
#4198=FACE_BOUND('',#4197,.T.);
#4199=ADVANCED_FACE('',(#4198),#4192,.T.);
#4200=CARTESIAN_POINT('',(1288.,-1356.5,4.4));
#4201=DIRECTION('',(0.,1.,0.));
#4202=DIRECTION('',(-1.,0.,0.));
#4203=AXIS2_PLACEMENT_3D('',#4200,#4201,#4202);
#4204=PLANE('',#4203);
#4205=CARTESIAN_POINT('',(1278.9627417,-1356.5,6.4));
#4206=VERTEX_POINT('',#4205);
#4207=CARTESIAN_POINT('',(1280.376955262,-1356.5,5.4));
#4208=DIRECTION('',(-0.816496581,0.,0.577350269));
#4209=VECTOR('',#4208,1.732050807);
#4210=LINE('',#4207,#4209);
#4211=EDGE_CURVE('',#4009,#4206,#4210,.T.);
#4212=ORIENTED_EDGE('',*,*,#4211,.T.);
#4213=CARTESIAN_POINT('',(1297.0372583,-1356.5,6.4));
#4214=VERTEX_POINT('',#4213);
#4215=CARTESIAN_POINT('',(1278.9627417,-1356.5,6.4));
#4216=DIRECTION('',(1.,-0.,-0.));
#4217=VECTOR('',#4216,18.0745166);
#4218=LINE('',#4215,#4217);
#4219=EDGE_CURVE('',#4206,#4214,#4218,.T.);
#4220=ORIENTED_EDGE('',*,*,#4219,.T.);
#4221=CARTESIAN_POINT('',(1297.0372583,-1356.5,6.4));
#4222=DIRECTION('',(-0.816496581,0.,-0.577350269));
#4223=VECTOR('',#4222,1.732050807);
#4224=LINE('',#4221,#4223);
#4225=EDGE_CURVE('',#4214,#3850,#4224,.T.);
#4226=ORIENTED_EDGE('',*,*,#4225,.T.);
#4227=CARTESIAN_POINT('',(1295.623044738,-1356.5,5.4));
#4228=DIRECTION('',(-1.,0.,0.));
#4229=VECTOR('',#4228,15.246089476);
#4230=LINE('',#4227,#4229);
#4231=EDGE_CURVE('',#3850,#4009,#4230,.T.);
#4232=ORIENTED_EDGE('',*,*,#4231,.T.);
#4233=EDGE_LOOP('',(#4212,#4220,#4226,#4232));
#4234=FACE_BOUND('',#4233,.T.);
#4235=ADVANCED_FACE('',(#4234),#4204,.T.);
#4236=CARTESIAN_POINT('',(1288.,-1356.5,5.4));
#4237=DIRECTION('',(0.,0.819231921,-0.573462344));
#4238=DIRECTION('',(1.,0.,0.));
#4239=AXIS2_PLACEMENT_3D('',#4236,#4237,#4238);
#4240=PLANE('',#4239);
#4241=ORIENTED_EDGE('',*,*,#3855,.F.);
#4242=ORIENTED_EDGE('',*,*,#3833,.F.);
#4243=ORIENTED_EDGE('',*,*,#4020,.F.);
#4244=ORIENTED_EDGE('',*,*,#4231,.F.);
#4245=EDGE_LOOP('',(#4241,#4242,#4243,#4244));
#4246=FACE_BOUND('',#4245,.T.);
#4247=ADVANCED_FACE('',(#4246),#4240,.T.);
#4248=CARTESIAN_POINT('',(1275.5,-1344.,4.4));
#4249=DIRECTION('',(1.,0.,0.));
#4250=DIRECTION('',(0.,1.,0.));
#4251=AXIS2_PLACEMENT_3D('',#4248,#4249,#4250);
#4252=PLANE('',#4251);
#4253=CARTESIAN_POINT('',(1275.5,-1334.9627417,6.4));
#4254=VERTEX_POINT('',#4253);
#4255=CARTESIAN_POINT('',(1275.5,-1336.376955262,5.4));
#4256=DIRECTION('',(0.,0.816496581,0.577350269));
#4257=VECTOR('',#4256,1.732050807);
#4258=LINE('',#4255,#4257);
#4259=EDGE_CURVE('',#4135,#4254,#4258,.T.);
#4260=ORIENTED_EDGE('',*,*,#4259,.T.);
#4261=CARTESIAN_POINT('',(1275.5,-1353.0372583,6.4));
#4262=VERTEX_POINT('',#4261);
#4263=CARTESIAN_POINT('',(1275.5,-1334.9627417,6.4));
#4264=DIRECTION('',(-0.,-1.,-0.));
#4265=VECTOR('',#4264,18.0745166);
#4266=LINE('',#4263,#4265);
#4267=EDGE_CURVE('',#4254,#4262,#4266,.T.);
#4268=ORIENTED_EDGE('',*,*,#4267,.T.);
#4269=CARTESIAN_POINT('',(1275.5,-1353.0372583,6.4));
#4270=DIRECTION('',(0.,0.816496581,-0.577350269));
#4271=VECTOR('',#4270,1.732050807);
#4272=LINE('',#4269,#4271);
#4273=EDGE_CURVE('',#4262,#4001,#4272,.T.);
#4274=ORIENTED_EDGE('',*,*,#4273,.T.);
#4275=CARTESIAN_POINT('',(1275.5,-1351.623044738,5.4));
#4276=DIRECTION('',(0.,1.,0.));
#4277=VECTOR('',#4276,15.246089476);
#4278=LINE('',#4275,#4277);
#4279=EDGE_CURVE('',#4001,#4135,#4278,.T.);
#4280=ORIENTED_EDGE('',*,*,#4279,.T.);
#4281=EDGE_LOOP('',(#4260,#4268,#4274,#4280));
#4282=FACE_BOUND('',#4281,.T.);
#4283=ADVANCED_FACE('',(#4282),#4252,.T.);
#4284=CARTESIAN_POINT('',(1275.5,-1344.,5.4));
#4285=DIRECTION('',(0.819231921,0.,-0.573462344));
#4286=DIRECTION('',(0.,-1.,0.));
#4287=AXIS2_PLACEMENT_3D('',#4284,#4285,#4286);
#4288=PLANE('',#4287);
#4289=ORIENTED_EDGE('',*,*,#4006,.F.);
#4290=ORIENTED_EDGE('',*,*,#3975,.F.);
#4291=ORIENTED_EDGE('',*,*,#4146,.F.);
#4292=ORIENTED_EDGE('',*,*,#4279,.F.);
#4293=EDGE_LOOP('',(#4289,#4290,#4291,#4292));
#4294=FACE_BOUND('',#4293,.T.);
#4295=ADVANCED_FACE('',(#4294),#4288,.T.);
#4296=CARTESIAN_POINT('',(1288.,-1331.5,4.4));
#4297=DIRECTION('',(0.,-1.,0.));
#4298=DIRECTION('',(1.,0.,0.));
#4299=AXIS2_PLACEMENT_3D('',#4296,#4297,#4298);
#4300=PLANE('',#4299);
#4301=CARTESIAN_POINT('',(1297.0372583,-1331.5,6.4));
#4302=VERTEX_POINT('',#4301);
#4303=CARTESIAN_POINT('',(1295.623044738,-1331.5,5.4));
#4304=DIRECTION('',(0.816496581,0.,0.577350269));
#4305=VECTOR('',#4304,1.732050807);
#4306=LINE('',#4303,#4305);
#4307=EDGE_CURVE('',#3700,#4302,#4306,.T.);
#4308=ORIENTED_EDGE('',*,*,#4307,.T.);
#4309=CARTESIAN_POINT('',(1278.9627417,-1331.5,6.4));
#4310=VERTEX_POINT('',#4309);
#4311=CARTESIAN_POINT('',(1297.0372583,-1331.5,6.4));
#4312=DIRECTION('',(-1.,-0.,0.));
#4313=VECTOR('',#4312,18.0745166);
#4314=LINE('',#4311,#4313);
#4315=EDGE_CURVE('',#4302,#4310,#4314,.T.);
#4316=ORIENTED_EDGE('',*,*,#4315,.T.);
#4317=CARTESIAN_POINT('',(1278.9627417,-1331.5,6.4));
#4318=DIRECTION('',(0.816496581,0.,-0.577350269));
#4319=VECTOR('',#4318,1.732050807);
#4320=LINE('',#4317,#4319);
#4321=EDGE_CURVE('',#4310,#4127,#4320,.T.);
#4322=ORIENTED_EDGE('',*,*,#4321,.T.);
#4323=CARTESIAN_POINT('',(1280.376955262,-1331.5,5.4));
#4324=DIRECTION('',(1.,0.,-0.));
#4325=VECTOR('',#4324,15.246089476);
#4326=LINE('',#4323,#4325);
#4327=EDGE_CURVE('',#4127,#3700,#4326,.T.);
#4328=ORIENTED_EDGE('',*,*,#4327,.T.);
#4329=EDGE_LOOP('',(#4308,#4316,#4322,#4328));
#4330=FACE_BOUND('',#4329,.T.);
#4331=ADVANCED_FACE('',(#4330),#4300,.T.);
#4332=CARTESIAN_POINT('',(1288.,-1331.5,5.4));
#4333=DIRECTION('',(0.,-0.819231921,-0.573462344));
#4334=DIRECTION('',(-1.,0.,0.));
#4335=AXIS2_PLACEMENT_3D('',#4332,#4333,#4334);
#4336=PLANE('',#4335);
#4337=ORIENTED_EDGE('',*,*,#4132,.F.);
#4338=ORIENTED_EDGE('',*,*,#4101,.F.);
#4339=ORIENTED_EDGE('',*,*,#3713,.F.);
#4340=ORIENTED_EDGE('',*,*,#4327,.F.);
#4341=EDGE_LOOP('',(#4337,#4338,#4339,#4340));
#4342=FACE_BOUND('',#4341,.T.);
#4343=ADVANCED_FACE('',(#4342),#4336,.T.);
#4344=CARTESIAN_POINT('',(1276.948528137,-1332.948528137,0.));
#4345=DIRECTION('',(0.5,-0.5,-0.707106781));
#4346=DIRECTION('',(0.707106781,0.707106781,0.));
#4347=AXIS2_PLACEMENT_3D('',#4344,#4345,#4346);
#4348=PLANE('',#4347);
#4349=ORIENTED_EDGE('',*,*,#4039,.F.);
#4350=ORIENTED_EDGE('',*,*,#4122,.F.);
#4351=ORIENTED_EDGE('',*,*,#3913,.F.);
#4352=CARTESIAN_POINT('',(1275.5,-1334.9627417,0.4));
#4353=DIRECTION('',(-0.678598344,0.281084638,-0.678598345));
#4354=VECTOR('',#4353,0.589450303);
#4355=LINE('',#4352,#4354);
#4356=EDGE_CURVE('',#3900,#215,#4355,.T.);
#4357=ORIENTED_EDGE('',*,*,#4356,.T.);
#4358=ORIENTED_EDGE('',*,*,#220,.F.);
#4359=CARTESIAN_POINT('',(1278.797056275,-1331.1,0.));
#4360=DIRECTION('',(0.281084638,-0.678598344,0.678598345));
#4361=VECTOR('',#4360,0.589450303);
#4362=LINE('',#4359,#4361);
#4363=EDGE_CURVE('',#207,#4034,#4362,.T.);
#4364=ORIENTED_EDGE('',*,*,#4363,.T.);
#4365=EDGE_LOOP('',(#4349,#4350,#4351,#4357,#4358,#4364));
#4366=FACE_BOUND('',#4365,.T.);
#4367=ADVANCED_FACE('',(#4366),#4348,.T.);
#4368=CARTESIAN_POINT('',(1280.726955262,-1331.15,5.4));
#4369=DIRECTION('',(-0.5,0.5,-0.707106781));
#4370=DIRECTION('',(-0.707106781,-0.707106781,0.));
#4371=AXIS2_PLACEMENT_3D('',#4368,#4369,#4370);
#4372=PLANE('',#4371);
#4373=ORIENTED_EDGE('',*,*,#4321,.F.);
#4374=CARTESIAN_POINT('',(1278.9627417,-1331.5,6.4));
#4375=DIRECTION('',(-0.281084638,0.678598344,0.678598345));
#4376=VECTOR('',#4375,0.589450303);
#4377=LINE('',#4374,#4376);
#4378=EDGE_CURVE('',#4310,#1821,#4377,.T.);
#4379=ORIENTED_EDGE('',*,*,#4378,.T.);
#4380=ORIENTED_EDGE('',*,*,#1826,.F.);
#4381=CARTESIAN_POINT('',(1275.1,-1334.797056275,6.8));
#4382=DIRECTION('',(0.678598344,-0.281084638,-0.678598345));
#4383=VECTOR('',#4382,0.589450303);
#4384=LINE('',#4381,#4383);
#4385=EDGE_CURVE('',#1813,#4254,#4384,.T.);
#4386=ORIENTED_EDGE('',*,*,#4385,.T.);
#4387=ORIENTED_EDGE('',*,*,#4259,.F.);
#4388=ORIENTED_EDGE('',*,*,#4140,.F.);
#4389=EDGE_LOOP('',(#4373,#4379,#4380,#4386,#4387,#4388));
#4390=FACE_BOUND('',#4389,.T.);
#4391=ADVANCED_FACE('',(#4390),#4372,.F.);
#4392=CARTESIAN_POINT('',(1295.273044738,-1356.85,5.4));
#4393=DIRECTION('',(0.5,-0.5,-0.707106781));
#4394=DIRECTION('',(0.707106781,0.707106781,0.));
#4395=AXIS2_PLACEMENT_3D('',#4392,#4393,#4394);
#4396=PLANE('',#4395);
#4397=ORIENTED_EDGE('',*,*,#4225,.F.);
#4398=CARTESIAN_POINT('',(1297.0372583,-1356.5,6.4));
#4399=DIRECTION('',(0.281084638,-0.678598344,0.678598345));
#4400=VECTOR('',#4399,0.589450303);
#4401=LINE('',#4398,#4400);
#4402=EDGE_CURVE('',#4214,#1853,#4401,.T.);
#4403=ORIENTED_EDGE('',*,*,#4402,.T.);
#4404=ORIENTED_EDGE('',*,*,#1858,.F.);
#4405=CARTESIAN_POINT('',(1300.9,-1353.202943725,6.8));
#4406=DIRECTION('',(-0.678598344,0.281084638,-0.678598345));
#4407=VECTOR('',#4406,0.589450303);
#4408=LINE('',#4405,#4407);
#4409=EDGE_CURVE('',#1845,#4158,#4408,.T.);
#4410=ORIENTED_EDGE('',*,*,#4409,.T.);
#4411=ORIENTED_EDGE('',*,*,#4163,.F.);
#4412=ORIENTED_EDGE('',*,*,#3863,.F.);
#4413=EDGE_LOOP('',(#4397,#4403,#4404,#4410,#4411,#4412));
#4414=FACE_BOUND('',#4413,.T.);
#4415=ADVANCED_FACE('',(#4414),#4396,.F.);
#4416=CARTESIAN_POINT('',(1276.948528137,-1355.051471863,0.));
#4417=DIRECTION('',(0.5,0.5,-0.707106781));
#4418=DIRECTION('',(-0.707106781,0.707106781,0.));
#4419=AXIS2_PLACEMENT_3D('',#4416,#4417,#4418);
#4420=PLANE('',#4419);
#4421=ORIENTED_EDGE('',*,*,#3897,.F.);
#4422=ORIENTED_EDGE('',*,*,#3996,.F.);
#4423=ORIENTED_EDGE('',*,*,#3771,.F.);
#4424=CARTESIAN_POINT('',(1278.9627417,-1356.5,0.4));
#4425=DIRECTION('',(-0.281084638,-0.678598344,-0.678598345));
#4426=VECTOR('',#4425,0.589450303);
#4427=LINE('',#4424,#4426);
#4428=EDGE_CURVE('',#3758,#231,#4427,.T.);
#4429=ORIENTED_EDGE('',*,*,#4428,.T.);
#4430=ORIENTED_EDGE('',*,*,#236,.F.);
#4431=CARTESIAN_POINT('',(1275.1,-1353.202943725,0.));
#4432=DIRECTION('',(0.678598344,0.281084638,0.678598345));
#4433=VECTOR('',#4432,0.589450303);
#4434=LINE('',#4431,#4433);
#4435=EDGE_CURVE('',#223,#3892,#4434,.T.);
#4436=ORIENTED_EDGE('',*,*,#4435,.T.);
#4437=EDGE_LOOP('',(#4421,#4422,#4423,#4429,#4430,#4436));
#4438=FACE_BOUND('',#4437,.T.);
#4439=ADVANCED_FACE('',(#4438),#4420,.T.);
#4440=CARTESIAN_POINT('',(1300.85,-1336.726955262,5.4));
#4441=DIRECTION('',(0.5,0.5,-0.707106781));
#4442=DIRECTION('',(-0.707106781,0.707106781,0.));
#4443=AXIS2_PLACEMENT_3D('',#4440,#4441,#4442);
#4444=PLANE('',#4443);
#4445=ORIENTED_EDGE('',*,*,#4177,.F.);
#4446=CARTESIAN_POINT('',(1300.5,-1334.9627417,6.4));
#4447=DIRECTION('',(0.678598344,0.281084638,0.678598345));
#4448=VECTOR('',#4447,0.589450303);
#4449=LINE('',#4446,#4448);
#4450=EDGE_CURVE('',#4166,#1837,#4449,.T.);
#4451=ORIENTED_EDGE('',*,*,#4450,.T.);
#4452=ORIENTED_EDGE('',*,*,#1842,.F.);
#4453=CARTESIAN_POINT('',(1297.202943725,-1331.1,6.8));
#4454=DIRECTION('',(-0.281084638,-0.678598344,-0.678598345));
#4455=VECTOR('',#4454,0.589450303);
#4456=LINE('',#4453,#4455);
#4457=EDGE_CURVE('',#1829,#4302,#4456,.T.);
#4458=ORIENTED_EDGE('',*,*,#4457,.T.);
#4459=ORIENTED_EDGE('',*,*,#4307,.F.);
#4460=ORIENTED_EDGE('',*,*,#3705,.F.);
#4461=EDGE_LOOP('',(#4445,#4451,#4452,#4458,#4459,#4460));
#4462=FACE_BOUND('',#4461,.T.);
#4463=ADVANCED_FACE('',(#4462),#4444,.F.);
#4464=CARTESIAN_POINT('',(1299.051471863,-1355.051471863,0.));
#4465=DIRECTION('',(-0.5,0.5,-0.707106781));
#4466=DIRECTION('',(-0.707106781,-0.707106781,0.));
#4467=AXIS2_PLACEMENT_3D('',#4464,#4465,#4466);
#4468=PLANE('',#4467);
#4469=ORIENTED_EDGE('',*,*,#3755,.F.);
#4470=ORIENTED_EDGE('',*,*,#3877,.F.);
#4471=ORIENTED_EDGE('',*,*,#3613,.F.);
#4472=CARTESIAN_POINT('',(1300.5,-1353.0372583,0.4));
#4473=DIRECTION('',(0.678598344,-0.281084638,-0.678598345));
#4474=VECTOR('',#4473,0.589450303);
#4475=LINE('',#4472,#4474);
#4476=EDGE_CURVE('',#3600,#247,#4475,.T.);
#4477=ORIENTED_EDGE('',*,*,#4476,.T.);
#4478=ORIENTED_EDGE('',*,*,#252,.F.);
#4479=CARTESIAN_POINT('',(1297.202943725,-1356.9,0.));
#4480=DIRECTION('',(-0.281084638,0.678598344,0.678598345));
#4481=VECTOR('',#4480,0.589450303);
#4482=LINE('',#4479,#4481);
#4483=EDGE_CURVE('',#239,#3750,#4482,.T.);
#4484=ORIENTED_EDGE('',*,*,#4483,.T.);
#4485=EDGE_LOOP('',(#4469,#4470,#4471,#4477,#4478,#4484));
#4486=FACE_BOUND('',#4485,.T.);
#4487=ADVANCED_FACE('',(#4486),#4468,.T.);
#4488=CARTESIAN_POINT('',(1299.051471863,-1332.948528137,0.));
#4489=DIRECTION('',(-0.5,-0.5,-0.707106781));
#4490=DIRECTION('',(0.707106781,-0.707106781,0.));
#4491=AXIS2_PLACEMENT_3D('',#4488,#4489,#4490);
#4492=PLANE('',#4491);
#4493=ORIENTED_EDGE('',*,*,#3597,.F.);
#4494=ORIENTED_EDGE('',*,*,#3735,.F.);
#4495=ORIENTED_EDGE('',*,*,#4053,.F.);
#4496=CARTESIAN_POINT('',(1297.0372583,-1331.5,0.4));
#4497=DIRECTION('',(0.281084638,0.678598344,-0.678598345));
#4498=VECTOR('',#4497,0.589450303);
#4499=LINE('',#4496,#4498);
#4500=EDGE_CURVE('',#4042,#205,#4499,.T.);
#4501=ORIENTED_EDGE('',*,*,#4500,.T.);
#4502=ORIENTED_EDGE('',*,*,#266,.F.);
#4503=CARTESIAN_POINT('',(1300.9,-1334.797056275,0.));
#4504=DIRECTION('',(-0.678598344,-0.281084638,0.678598345));
#4505=VECTOR('',#4504,0.589450303);
#4506=LINE('',#4503,#4505);
#4507=EDGE_CURVE('',#255,#3592,#4506,.T.);
#4508=ORIENTED_EDGE('',*,*,#4507,.T.);
#4509=EDGE_LOOP('',(#4493,#4494,#4495,#4501,#4502,#4508));
#4510=FACE_BOUND('',#4509,.T.);
#4511=ADVANCED_FACE('',(#4510),#4492,.T.);
#4512=CARTESIAN_POINT('',(1275.15,-1351.273044738,5.4));
#4513=DIRECTION('',(-0.5,-0.5,-0.707106781));
#4514=DIRECTION('',(0.707106781,-0.707106781,0.));
#4515=AXIS2_PLACEMENT_3D('',#4512,#4513,#4514);
#4516=PLANE('',#4515);
#4517=ORIENTED_EDGE('',*,*,#4273,.F.);
#4518=CARTESIAN_POINT('',(1275.5,-1353.0372583,6.4));
#4519=DIRECTION('',(-0.678598344,-0.281084638,0.678598345));
#4520=VECTOR('',#4519,0.589450303);
#4521=LINE('',#4518,#4520);
#4522=EDGE_CURVE('',#4262,#1811,#4521,.T.);
#4523=ORIENTED_EDGE('',*,*,#4522,.T.);
#4524=ORIENTED_EDGE('',*,*,#1872,.F.);
#4525=CARTESIAN_POINT('',(1278.797056275,-1356.9,6.8));
#4526=DIRECTION('',(0.281084638,0.678598344,-0.678598345));
#4527=VECTOR('',#4526,0.589450303);
#4528=LINE('',#4525,#4527);
#4529=EDGE_CURVE('',#1861,#4206,#4528,.T.);
#4530=ORIENTED_EDGE('',*,*,#4529,.T.);
#4531=ORIENTED_EDGE('',*,*,#4211,.F.);
#4532=ORIENTED_EDGE('',*,*,#4014,.F.);
#4533=EDGE_LOOP('',(#4517,#4523,#4524,#4530,#4531,#4532));
#4534=FACE_BOUND('',#4533,.T.);
#4535=ADVANCED_FACE('',(#4534),#4516,.F.);
#4536=CARTESIAN_POINT('',(1275.1,-1344.,6.8));
#4537=DIRECTION('',(-0.707106781,0.,-0.707106781));
#4538=DIRECTION('',(0.,1.,0.));
#4539=AXIS2_PLACEMENT_3D('',#4536,#4537,#4538);
#4540=PLANE('',#4539);
#4541=ORIENTED_EDGE('',*,*,#4522,.F.);
#4542=ORIENTED_EDGE('',*,*,#4267,.F.);
#4543=ORIENTED_EDGE('',*,*,#4385,.F.);
#4544=ORIENTED_EDGE('',*,*,#1818,.F.);
#4545=EDGE_LOOP('',(#4541,#4542,#4543,#4544));
#4546=FACE_BOUND('',#4545,.T.);
#4547=ADVANCED_FACE('',(#4546),#4540,.F.);
#4548=CARTESIAN_POINT('',(1288.,-1331.1,0.));
#4549=DIRECTION('',(0.,-0.707106781,-0.707106781));
#4550=DIRECTION('',(1.,0.,0.));
#4551=AXIS2_PLACEMENT_3D('',#4548,#4549,#4550);
#4552=PLANE('',#4551);
#4553=ORIENTED_EDGE('',*,*,#4500,.F.);
#4554=ORIENTED_EDGE('',*,*,#4047,.F.);
#4555=ORIENTED_EDGE('',*,*,#4363,.F.);
#4556=ORIENTED_EDGE('',*,*,#212,.F.);
#4557=EDGE_LOOP('',(#4553,#4554,#4555,#4556));
#4558=FACE_BOUND('',#4557,.T.);
#4559=ADVANCED_FACE('',(#4558),#4552,.T.);
#4560=CARTESIAN_POINT('',(1300.9,-1344.,0.));
#4561=DIRECTION('',(-0.707106781,0.,-0.707106781));
#4562=DIRECTION('',(0.,-1.,0.));
#4563=AXIS2_PLACEMENT_3D('',#4560,#4561,#4562);
#4564=PLANE('',#4563);
#4565=ORIENTED_EDGE('',*,*,#4476,.F.);
#4566=ORIENTED_EDGE('',*,*,#3605,.F.);
#4567=ORIENTED_EDGE('',*,*,#4507,.F.);
#4568=ORIENTED_EDGE('',*,*,#260,.F.);
#4569=EDGE_LOOP('',(#4565,#4566,#4567,#4568));
#4570=FACE_BOUND('',#4569,.T.);
#4571=ADVANCED_FACE('',(#4570),#4564,.T.);
#4572=CARTESIAN_POINT('',(1288.,-1356.9,6.8));
#4573=DIRECTION('',(0.,-0.707106781,-0.707106781));
#4574=DIRECTION('',(-1.,0.,0.));
#4575=AXIS2_PLACEMENT_3D('',#4572,#4573,#4574);
#4576=PLANE('',#4575);
#4577=ORIENTED_EDGE('',*,*,#4402,.F.);
#4578=ORIENTED_EDGE('',*,*,#4219,.F.);
#4579=ORIENTED_EDGE('',*,*,#4529,.F.);
#4580=ORIENTED_EDGE('',*,*,#1866,.F.);
#4581=EDGE_LOOP('',(#4577,#4578,#4579,#4580));
#4582=FACE_BOUND('',#4581,.T.);
#4583=ADVANCED_FACE('',(#4582),#4576,.F.);
#4584=CARTESIAN_POINT('',(1300.9,-1344.,6.8));
#4585=DIRECTION('',(0.707106781,0.,-0.707106781));
#4586=DIRECTION('',(0.,-1.,0.));
#4587=AXIS2_PLACEMENT_3D('',#4584,#4585,#4586);
#4588=PLANE('',#4587);
#4589=ORIENTED_EDGE('',*,*,#4450,.F.);
#4590=ORIENTED_EDGE('',*,*,#4171,.F.);
#4591=ORIENTED_EDGE('',*,*,#4409,.F.);
#4592=ORIENTED_EDGE('',*,*,#1850,.F.);
#4593=EDGE_LOOP('',(#4589,#4590,#4591,#4592));
#4594=FACE_BOUND('',#4593,.T.);
#4595=ADVANCED_FACE('',(#4594),#4588,.F.);
#4596=CARTESIAN_POINT('',(1288.,-1331.1,6.8));
#4597=DIRECTION('',(0.,0.707106781,-0.707106781));
#4598=DIRECTION('',(1.,0.,0.));
#4599=AXIS2_PLACEMENT_3D('',#4596,#4597,#4598);
#4600=PLANE('',#4599);
#4601=ORIENTED_EDGE('',*,*,#4378,.F.);
#4602=ORIENTED_EDGE('',*,*,#4315,.F.);
#4603=ORIENTED_EDGE('',*,*,#4457,.F.);
#4604=ORIENTED_EDGE('',*,*,#1834,.F.);
#4605=EDGE_LOOP('',(#4601,#4602,#4603,#4604));
#4606=FACE_BOUND('',#4605,.T.);
#4607=ADVANCED_FACE('',(#4606),#4600,.F.);
#4608=CARTESIAN_POINT('',(1275.1,-1344.,0.));
#4609=DIRECTION('',(0.707106781,0.,-0.707106781));
#4610=DIRECTION('',(0.,1.,0.));
#4611=AXIS2_PLACEMENT_3D('',#4608,#4609,#4610);
#4612=PLANE('',#4611);
#4613=ORIENTED_EDGE('',*,*,#4356,.F.);
#4614=ORIENTED_EDGE('',*,*,#3905,.F.);
#4615=ORIENTED_EDGE('',*,*,#4435,.F.);
#4616=ORIENTED_EDGE('',*,*,#228,.F.);
#4617=EDGE_LOOP('',(#4613,#4614,#4615,#4616));
#4618=FACE_BOUND('',#4617,.T.);
#4619=ADVANCED_FACE('',(#4618),#4612,.T.);
#4620=CARTESIAN_POINT('',(1288.,-1356.9,0.));
#4621=DIRECTION('',(0.,0.707106781,-0.707106781));
#4622=DIRECTION('',(-1.,0.,0.));
#4623=AXIS2_PLACEMENT_3D('',#4620,#4621,#4622);
#4624=PLANE('',#4623);
#4625=ORIENTED_EDGE('',*,*,#4428,.F.);
#4626=ORIENTED_EDGE('',*,*,#3763,.F.);
#4627=ORIENTED_EDGE('',*,*,#4483,.F.);
#4628=ORIENTED_EDGE('',*,*,#244,.F.);
#4629=EDGE_LOOP('',(#4625,#4626,#4627,#4628));
#4630=FACE_BOUND('',#4629,.T.);
#4631=ADVANCED_FACE('',(#4630),#4624,.T.);
#4632=CARTESIAN_POINT('',(1276.5,-1358.,4.6));
#4633=DIRECTION('',(0.,0.,-1.));
#4634=DIRECTION('',(1.,0.,0.));
#4635=AXIS2_PLACEMENT_3D('',#4632,#4633,#4634);
#4636=CYLINDRICAL_SURFACE('',#4635,2.6);
#4637=CARTESIAN_POINT('',(1279.1,-1358.,2.2));
#4638=VERTEX_POINT('',#4637);
#4639=CARTESIAN_POINT('',(1279.1,-1358.,4.6));
#4640=VERTEX_POINT('',#4639);
#4641=CARTESIAN_POINT('',(1279.1,-1358.,2.2));
#4642=DIRECTION('',(-0.,-0.,1.));
#4643=VECTOR('',#4642,2.4);
#4644=LINE('',#4641,#4643);
#4645=EDGE_CURVE('',#4638,#4640,#4644,.T.);
#4646=ORIENTED_EDGE('',*,*,#4645,.F.);
#4647=CARTESIAN_POINT('',(1276.5,-1360.6,2.2));
#4648=VERTEX_POINT('',#4647);
#4649=CARTESIAN_POINT('',(1276.5,-1358.,2.2));
#4650=DIRECTION('',(-0.,-0.,1.));
#4651=DIRECTION('',(-1.,0.,0.));
#4652=AXIS2_PLACEMENT_3D('',#4649,#4650,#4651);
#4653=CIRCLE('',#4652,2.6);
#4654=EDGE_CURVE('',#4648,#4638,#4653,.T.);
#4655=ORIENTED_EDGE('',*,*,#4654,.F.);
#4656=CARTESIAN_POINT('',(1276.5,-1360.6,4.6));
#4657=VERTEX_POINT('',#4656);
#4658=CARTESIAN_POINT('',(1276.5,-1360.6,4.6));
#4659=DIRECTION('',(-0.,-0.,-1.));
#4660=VECTOR('',#4659,2.4);
#4661=LINE('',#4658,#4660);
#4662=EDGE_CURVE('',#4657,#4648,#4661,.T.);
#4663=ORIENTED_EDGE('',*,*,#4662,.F.);
#4664=CARTESIAN_POINT('',(1276.5,-1358.,4.6));
#4665=DIRECTION('',(-0.,-0.,1.));
#4666=DIRECTION('',(-1.,0.,0.));
#4667=AXIS2_PLACEMENT_3D('',#4664,#4665,#4666);
#4668=CIRCLE('',#4667,2.6);
#4669=EDGE_CURVE('',#4657,#4640,#4668,.T.);
#4670=ORIENTED_EDGE('',*,*,#4669,.T.);
#4671=EDGE_LOOP('',(#4646,#4655,#4663,#4670));
#4672=FACE_BOUND('',#4671,.T.);
#4673=ADVANCED_FACE('',(#4672),#4636,.F.);
#4674=CARTESIAN_POINT('',(1288.,-1344.,4.6));
#4675=DIRECTION('',(0.,0.,1.));
#4676=DIRECTION('',(-1.,0.,0.));
#4677=AXIS2_PLACEMENT_3D('',#4674,#4675,#4676);
#4678=PLANE('',#4677);
#4679=ORIENTED_EDGE('',*,*,#1630,.F.);
#4680=CARTESIAN_POINT('',(1274.274557137,-1355.681567612,4.6));
#4681=VERTEX_POINT('',#4680);
#4682=CARTESIAN_POINT('',(1274.25,-1355.432776641,4.6));
#4683=DIRECTION('',(0.,0.,-1.));
#4684=DIRECTION('',(-1.,0.,0.));
#4685=AXIS2_PLACEMENT_3D('',#4682,#4683,#4684);
#4686=CIRCLE('',#4685,0.25);
#4687=EDGE_CURVE('',#4681,#1623,#4686,.T.);
#4688=ORIENTED_EDGE('',*,*,#4687,.F.);
#4689=CARTESIAN_POINT('',(1275.156119539,-1355.444776535,4.6));
#4690=VERTEX_POINT('',#4689);
#4691=CARTESIAN_POINT('',(1274.,-1352.9,4.6));
#4692=DIRECTION('',(-0.,-0.,1.));
#4693=DIRECTION('',(-1.,0.,0.));
#4694=AXIS2_PLACEMENT_3D('',#4691,#4692,#4693);
#4695=CIRCLE('',#4694,2.795084972);
#4696=EDGE_CURVE('',#4681,#4690,#4695,.T.);
#4697=ORIENTED_EDGE('',*,*,#4696,.T.);
#4698=CARTESIAN_POINT('',(1275.36293249,-1355.4,4.6));
#4699=VERTEX_POINT('',#4698);
#4700=CARTESIAN_POINT('',(1275.36293249,-1355.9,4.6));
#4701=DIRECTION('',(-0.,-0.,1.));
#4702=DIRECTION('',(-1.,0.,0.));
#4703=AXIS2_PLACEMENT_3D('',#4700,#4701,#4702);
#4704=CIRCLE('',#4703,0.5);
#4705=EDGE_CURVE('',#4699,#4690,#4704,.T.);
#4706=ORIENTED_EDGE('',*,*,#4705,.F.);
#4707=CARTESIAN_POINT('',(1276.5,-1355.4,4.6));
#4708=VERTEX_POINT('',#4707);
#4709=CARTESIAN_POINT('',(1276.5,-1355.4,4.6));
#4710=DIRECTION('',(-1.,0.,0.));
#4711=VECTOR('',#4710,1.13706751);
#4712=LINE('',#4709,#4711);
#4713=EDGE_CURVE('',#4708,#4699,#4712,.T.);
#4714=ORIENTED_EDGE('',*,*,#4713,.F.);
#4715=CARTESIAN_POINT('',(1276.5,-1358.,4.6));
#4716=DIRECTION('',(-0.,-0.,1.));
#4717=DIRECTION('',(-1.,0.,0.));
#4718=AXIS2_PLACEMENT_3D('',#4715,#4716,#4717);
#4719=CIRCLE('',#4718,2.6);
#4720=EDGE_CURVE('',#4640,#4708,#4719,.T.);
#4721=ORIENTED_EDGE('',*,*,#4720,.F.);
#4722=ORIENTED_EDGE('',*,*,#4669,.F.);
#4723=CARTESIAN_POINT('',(1275.36293249,-1360.6,4.6));
#4724=VERTEX_POINT('',#4723);
#4725=CARTESIAN_POINT('',(1276.5,-1360.6,4.6));
#4726=DIRECTION('',(-1.,0.,0.));
#4727=VECTOR('',#4726,1.13706751);
#4728=LINE('',#4725,#4727);
#4729=EDGE_CURVE('',#4657,#4724,#4728,.T.);
#4730=ORIENTED_EDGE('',*,*,#4729,.T.);
#4731=CARTESIAN_POINT('',(1275.156119539,-1360.555223465,4.6));
#4732=VERTEX_POINT('',#4731);
#4733=CARTESIAN_POINT('',(1275.36293249,-1360.1,4.6));
#4734=DIRECTION('',(-0.,-0.,1.));
#4735=DIRECTION('',(-1.,0.,0.));
#4736=AXIS2_PLACEMENT_3D('',#4733,#4734,#4735);
#4737=CIRCLE('',#4736,0.5);
#4738=EDGE_CURVE('',#4732,#4724,#4737,.T.);
#4739=ORIENTED_EDGE('',*,*,#4738,.F.);
#4740=CARTESIAN_POINT('',(1274.274557137,-1360.318432388,4.6));
#4741=VERTEX_POINT('',#4740);
#4742=CARTESIAN_POINT('',(1274.,-1363.1,4.6));
#4743=DIRECTION('',(-0.,-0.,1.));
#4744=DIRECTION('',(-1.,0.,0.));
#4745=AXIS2_PLACEMENT_3D('',#4742,#4743,#4744);
#4746=CIRCLE('',#4745,2.795084972);
#4747=EDGE_CURVE('',#4732,#4741,#4746,.T.);
#4748=ORIENTED_EDGE('',*,*,#4747,.T.);
#4749=CARTESIAN_POINT('',(1274.25,-1360.567223359,4.6));
#4750=DIRECTION('',(0.,0.,-1.));
#4751=DIRECTION('',(-1.,0.,0.));
#4752=AXIS2_PLACEMENT_3D('',#4749,#4750,#4751);
#4753=CIRCLE('',#4752,0.25);
#4754=EDGE_CURVE('',#1625,#4741,#4753,.T.);
#4755=ORIENTED_EDGE('',*,*,#4754,.F.);
#4756=EDGE_LOOP('',(#4679,#4688,#4697,#4706,#4714,#4721,#4722,#4730,#4739,#4748,#4755));
#4757=FACE_BOUND('',#4756,.T.);
#4758=ADVANCED_FACE('',(#4757),#4678,.F.);
#4759=CARTESIAN_POINT('',(1288.,-1344.,2.2));
#4760=DIRECTION('',(0.,0.,1.));
#4761=DIRECTION('',(-1.,0.,0.));
#4762=AXIS2_PLACEMENT_3D('',#4759,#4760,#4761);
#4763=PLANE('',#4762);
#4764=ORIENTED_EDGE('',*,*,#1646,.T.);
#4765=CARTESIAN_POINT('',(1274.274557137,-1360.318432388,2.2));
#4766=VERTEX_POINT('',#4765);
#4767=CARTESIAN_POINT('',(1274.25,-1360.567223359,2.2));
#4768=DIRECTION('',(-0.,-0.,1.));
#4769=DIRECTION('',(-1.,0.,0.));
#4770=AXIS2_PLACEMENT_3D('',#4767,#4768,#4769);
#4771=CIRCLE('',#4770,0.25);
#4772=EDGE_CURVE('',#4766,#1633,#4771,.T.);
#4773=ORIENTED_EDGE('',*,*,#4772,.F.);
#4774=CARTESIAN_POINT('',(1275.156119539,-1360.555223465,2.2));
#4775=VERTEX_POINT('',#4774);
#4776=CARTESIAN_POINT('',(1274.,-1363.1,2.2));
#4777=DIRECTION('',(-0.,-0.,1.));
#4778=DIRECTION('',(-1.,0.,0.));
#4779=AXIS2_PLACEMENT_3D('',#4776,#4777,#4778);
#4780=CIRCLE('',#4779,2.795084972);
#4781=EDGE_CURVE('',#4775,#4766,#4780,.T.);
#4782=ORIENTED_EDGE('',*,*,#4781,.F.);
#4783=CARTESIAN_POINT('',(1275.36293249,-1360.6,2.2));
#4784=VERTEX_POINT('',#4783);
#4785=CARTESIAN_POINT('',(1275.36293249,-1360.1,2.2));
#4786=DIRECTION('',(0.,0.,-1.));
#4787=DIRECTION('',(-1.,0.,0.));
#4788=AXIS2_PLACEMENT_3D('',#4785,#4786,#4787);
#4789=CIRCLE('',#4788,0.5);
#4790=EDGE_CURVE('',#4784,#4775,#4789,.T.);
#4791=ORIENTED_EDGE('',*,*,#4790,.F.);
#4792=CARTESIAN_POINT('',(1276.5,-1360.6,2.2));
#4793=DIRECTION('',(-1.,0.,0.));
#4794=VECTOR('',#4793,1.13706751);
#4795=LINE('',#4792,#4794);
#4796=EDGE_CURVE('',#4648,#4784,#4795,.T.);
#4797=ORIENTED_EDGE('',*,*,#4796,.F.);
#4798=ORIENTED_EDGE('',*,*,#4654,.T.);
#4799=CARTESIAN_POINT('',(1276.5,-1355.4,2.2));
#4800=VERTEX_POINT('',#4799);
#4801=CARTESIAN_POINT('',(1276.5,-1358.,2.2));
#4802=DIRECTION('',(-0.,-0.,1.));
#4803=DIRECTION('',(-1.,0.,0.));
#4804=AXIS2_PLACEMENT_3D('',#4801,#4802,#4803);
#4805=CIRCLE('',#4804,2.6);
#4806=EDGE_CURVE('',#4638,#4800,#4805,.T.);
#4807=ORIENTED_EDGE('',*,*,#4806,.T.);
#4808=CARTESIAN_POINT('',(1275.36293249,-1355.4,2.2));
#4809=VERTEX_POINT('',#4808);
#4810=CARTESIAN_POINT('',(1276.5,-1355.4,2.2));
#4811=DIRECTION('',(-1.,0.,0.));
#4812=VECTOR('',#4811,1.13706751);
#4813=LINE('',#4810,#4812);
#4814=EDGE_CURVE('',#4800,#4809,#4813,.T.);
#4815=ORIENTED_EDGE('',*,*,#4814,.T.);
#4816=CARTESIAN_POINT('',(1275.156119539,-1355.444776535,2.2));
#4817=VERTEX_POINT('',#4816);
#4818=CARTESIAN_POINT('',(1275.36293249,-1355.9,2.2));
#4819=DIRECTION('',(0.,0.,-1.));
#4820=DIRECTION('',(-1.,0.,0.));
#4821=AXIS2_PLACEMENT_3D('',#4818,#4819,#4820);
#4822=CIRCLE('',#4821,0.5);
#4823=EDGE_CURVE('',#4817,#4809,#4822,.T.);
#4824=ORIENTED_EDGE('',*,*,#4823,.F.);
#4825=CARTESIAN_POINT('',(1274.274557137,-1355.681567612,2.2));
#4826=VERTEX_POINT('',#4825);
#4827=CARTESIAN_POINT('',(1274.,-1352.9,2.2));
#4828=DIRECTION('',(-0.,-0.,1.));
#4829=DIRECTION('',(-1.,0.,0.));
#4830=AXIS2_PLACEMENT_3D('',#4827,#4828,#4829);
#4831=CIRCLE('',#4830,2.795084972);
#4832=EDGE_CURVE('',#4826,#4817,#4831,.T.);
#4833=ORIENTED_EDGE('',*,*,#4832,.F.);
#4834=CARTESIAN_POINT('',(1274.25,-1355.432776641,2.2));
#4835=DIRECTION('',(-0.,-0.,1.));
#4836=DIRECTION('',(-1.,0.,0.));
#4837=AXIS2_PLACEMENT_3D('',#4834,#4835,#4836);
#4838=CIRCLE('',#4837,0.25);
#4839=EDGE_CURVE('',#1641,#4826,#4838,.T.);
#4840=ORIENTED_EDGE('',*,*,#4839,.F.);
#4841=EDGE_LOOP('',(#4764,#4773,#4782,#4791,#4797,#4798,#4807,#4815,#4824,#4833,#4840));
#4842=FACE_BOUND('',#4841,.T.);
#4843=ADVANCED_FACE('',(#4842),#4763,.T.);
#4844=CARTESIAN_POINT('',(1275.36293249,-1355.9,4.6));
#4845=DIRECTION('',(0.,0.,-1.));
#4846=DIRECTION('',(1.,0.,0.));
#4847=AXIS2_PLACEMENT_3D('',#4844,#4845,#4846);
#4848=CYLINDRICAL_SURFACE('',#4847,0.5);
#4849=ORIENTED_EDGE('',*,*,#4705,.T.);
#4850=CARTESIAN_POINT('',(1275.156119539,-1355.444776535,4.6));
#4851=DIRECTION('',(0.,0.,-1.));
#4852=VECTOR('',#4851,2.4);
#4853=LINE('',#4850,#4852);
#4854=EDGE_CURVE('',#4690,#4817,#4853,.T.);
#4855=ORIENTED_EDGE('',*,*,#4854,.T.);
#4856=ORIENTED_EDGE('',*,*,#4823,.T.);
#4857=CARTESIAN_POINT('',(1275.36293249,-1355.4,2.2));
#4858=DIRECTION('',(-0.,-0.,1.));
#4859=VECTOR('',#4858,2.4);
#4860=LINE('',#4857,#4859);
#4861=EDGE_CURVE('',#4809,#4699,#4860,.T.);
#4862=ORIENTED_EDGE('',*,*,#4861,.T.);
#4863=EDGE_LOOP('',(#4849,#4855,#4856,#4862));
#4864=FACE_BOUND('',#4863,.T.);
#4865=ADVANCED_FACE('',(#4864),#4848,.F.);
#4866=CARTESIAN_POINT('',(1275.875,-1355.4,4.6));
#4867=DIRECTION('',(0.,-1.,0.));
#4868=DIRECTION('',(0.,0.,1.));
#4869=AXIS2_PLACEMENT_3D('',#4866,#4867,#4868);
#4870=PLANE('',#4869);
#4871=ORIENTED_EDGE('',*,*,#4814,.F.);
#4872=CARTESIAN_POINT('',(1276.5,-1355.4,4.6));
#4873=DIRECTION('',(0.,0.,-1.));
#4874=VECTOR('',#4873,2.4);
#4875=LINE('',#4872,#4874);
#4876=EDGE_CURVE('',#4708,#4800,#4875,.T.);
#4877=ORIENTED_EDGE('',*,*,#4876,.F.);
#4878=ORIENTED_EDGE('',*,*,#4713,.T.);
#4879=ORIENTED_EDGE('',*,*,#4861,.F.);
#4880=EDGE_LOOP('',(#4871,#4877,#4878,#4879));
#4881=FACE_BOUND('',#4880,.T.);
#4882=ADVANCED_FACE('',(#4881),#4870,.T.);
#4883=CARTESIAN_POINT('',(1274.,-1352.9,4.6));
#4884=DIRECTION('',(0.,0.,-1.));
#4885=DIRECTION('',(1.,0.,0.));
#4886=AXIS2_PLACEMENT_3D('',#4883,#4884,#4885);
#4887=CYLINDRICAL_SURFACE('',#4886,2.795084972);
#4888=ORIENTED_EDGE('',*,*,#4696,.F.);
#4889=CARTESIAN_POINT('',(1274.274557137,-1355.681567612,2.2));
#4890=DIRECTION('',(-0.,-0.,1.));
#4891=VECTOR('',#4890,2.4);
#4892=LINE('',#4889,#4891);
#4893=EDGE_CURVE('',#4826,#4681,#4892,.T.);
#4894=ORIENTED_EDGE('',*,*,#4893,.F.);
#4895=ORIENTED_EDGE('',*,*,#4832,.T.);
#4896=ORIENTED_EDGE('',*,*,#4854,.F.);
#4897=EDGE_LOOP('',(#4888,#4894,#4895,#4896));
#4898=FACE_BOUND('',#4897,.T.);
#4899=ADVANCED_FACE('',(#4898),#4887,.T.);
#4900=CARTESIAN_POINT('',(1274.25,-1355.432776641,4.6));
#4901=DIRECTION('',(0.,0.,-1.));
#4902=DIRECTION('',(1.,0.,0.));
#4903=AXIS2_PLACEMENT_3D('',#4900,#4901,#4902);
#4904=CYLINDRICAL_SURFACE('',#4903,0.25);
#4905=ORIENTED_EDGE('',*,*,#4687,.T.);
#4906=ORIENTED_EDGE('',*,*,#1652,.T.);
#4907=ORIENTED_EDGE('',*,*,#4839,.T.);
#4908=ORIENTED_EDGE('',*,*,#4893,.T.);
#4909=EDGE_LOOP('',(#4905,#4906,#4907,#4908));
#4910=FACE_BOUND('',#4909,.T.);
#4911=ADVANCED_FACE('',(#4910),#4904,.T.);
#4912=CARTESIAN_POINT('',(1275.875,-1332.6,4.6));
#4913=DIRECTION('',(0.,-1.,0.));
#4914=DIRECTION('',(0.,0.,1.));
#4915=AXIS2_PLACEMENT_3D('',#4912,#4913,#4914);
#4916=PLANE('',#4915);
#4917=ORIENTED_EDGE('',*,*,#3126,.F.);
#4918=ORIENTED_EDGE('',*,*,#3059,.T.);
#4919=ORIENTED_EDGE('',*,*,#3193,.T.);
#4920=CARTESIAN_POINT('',(1275.36293249,-1332.6,4.6));
#4921=DIRECTION('',(0.,0.,-1.));
#4922=VECTOR('',#4921,2.4);
#4923=LINE('',#4920,#4922);
#4924=EDGE_CURVE('',#3121,#3181,#4923,.T.);
#4925=ORIENTED_EDGE('',*,*,#4924,.F.);
#4926=EDGE_LOOP('',(#4917,#4918,#4919,#4925));
#4927=FACE_BOUND('',#4926,.T.);
#4928=ADVANCED_FACE('',(#4927),#4916,.F.);
#4929=CARTESIAN_POINT('',(1275.36293249,-1332.1,4.6));
#4930=DIRECTION('',(0.,0.,-1.));
#4931=DIRECTION('',(1.,0.,0.));
#4932=AXIS2_PLACEMENT_3D('',#4929,#4930,#4931);
#4933=CYLINDRICAL_SURFACE('',#4932,0.5);
#4934=ORIENTED_EDGE('',*,*,#3135,.T.);
#4935=ORIENTED_EDGE('',*,*,#4924,.T.);
#4936=ORIENTED_EDGE('',*,*,#3187,.T.);
#4937=CARTESIAN_POINT('',(1275.156119539,-1332.555223465,2.2));
#4938=DIRECTION('',(-0.,-0.,1.));
#4939=VECTOR('',#4938,2.4);
#4940=LINE('',#4937,#4939);
#4941=EDGE_CURVE('',#3172,#3129,#4940,.T.);
#4942=ORIENTED_EDGE('',*,*,#4941,.T.);
#4943=EDGE_LOOP('',(#4934,#4935,#4936,#4942));
#4944=FACE_BOUND('',#4943,.T.);
#4945=ADVANCED_FACE('',(#4944),#4933,.F.);
#4946=CARTESIAN_POINT('',(1274.,-1335.1,4.6));
#4947=DIRECTION('',(0.,0.,-1.));
#4948=DIRECTION('',(1.,0.,0.));
#4949=AXIS2_PLACEMENT_3D('',#4946,#4947,#4948);
#4950=CYLINDRICAL_SURFACE('',#4949,2.795084972);
#4951=ORIENTED_EDGE('',*,*,#3178,.T.);
#4952=CARTESIAN_POINT('',(1274.274557137,-1332.318432388,4.6));
#4953=DIRECTION('',(0.,0.,-1.));
#4954=VECTOR('',#4953,2.4);
#4955=LINE('',#4952,#4954);
#4956=EDGE_CURVE('',#3138,#3163,#4955,.T.);
#4957=ORIENTED_EDGE('',*,*,#4956,.F.);
#4958=ORIENTED_EDGE('',*,*,#3144,.F.);
#4959=ORIENTED_EDGE('',*,*,#4941,.F.);
#4960=EDGE_LOOP('',(#4951,#4957,#4958,#4959));
#4961=FACE_BOUND('',#4960,.T.);
#4962=ADVANCED_FACE('',(#4961),#4950,.T.);
#4963=CARTESIAN_POINT('',(1274.25,-1332.567223359,4.6));
#4964=DIRECTION('',(0.,0.,-1.));
#4965=DIRECTION('',(1.,0.,0.));
#4966=AXIS2_PLACEMENT_3D('',#4963,#4964,#4965);
#4967=CYLINDRICAL_SURFACE('',#4966,0.25);
#4968=ORIENTED_EDGE('',*,*,#3151,.T.);
#4969=ORIENTED_EDGE('',*,*,#4956,.T.);
#4970=ORIENTED_EDGE('',*,*,#3169,.T.);
#4971=ORIENTED_EDGE('',*,*,#1579,.T.);
#4972=EDGE_LOOP('',(#4968,#4969,#4970,#4971));
#4973=FACE_BOUND('',#4972,.T.);
#4974=ADVANCED_FACE('',(#4973),#4967,.T.);
#4975=CARTESIAN_POINT('',(1300.5,-1372.,2.4));
#4976=DIRECTION('',(-1.,0.,0.));
#4977=DIRECTION('',(0.,-1.,0.));
#4978=AXIS2_PLACEMENT_3D('',#4975,#4976,#4977);
#4979=PLANE('',#4978);
#4980=CARTESIAN_POINT('',(1300.5,-1364.376955262,1.4));
#4981=VERTEX_POINT('',#4980);
#4982=CARTESIAN_POINT('',(1300.5,-1362.9627417,0.4));
#4983=VERTEX_POINT('',#4982);
#4984=CARTESIAN_POINT('',(1300.5,-1364.376955262,1.4));
#4985=DIRECTION('',(0.,0.816496581,-0.577350269));
#4986=VECTOR('',#4985,1.732050807);
#4987=LINE('',#4984,#4986);
#4988=EDGE_CURVE('',#4981,#4983,#4987,.T.);
#4989=ORIENTED_EDGE('',*,*,#4988,.T.);
#4990=CARTESIAN_POINT('',(1300.5,-1381.0372583,0.4));
#4991=VERTEX_POINT('',#4990);
#4992=CARTESIAN_POINT('',(1300.5,-1362.9627417,0.4));
#4993=DIRECTION('',(0.,-1.,0.));
#4994=VECTOR('',#4993,18.0745166);
#4995=LINE('',#4992,#4994);
#4996=EDGE_CURVE('',#4983,#4991,#4995,.T.);
#4997=ORIENTED_EDGE('',*,*,#4996,.T.);
#4998=CARTESIAN_POINT('',(1300.5,-1379.623044738,1.4));
#4999=VERTEX_POINT('',#4998);
#5000=CARTESIAN_POINT('',(1300.5,-1381.0372583,0.4));
#5001=DIRECTION('',(0.,0.816496581,0.577350269));
#5002=VECTOR('',#5001,1.732050807);
#5003=LINE('',#5000,#5002);
#5004=EDGE_CURVE('',#4991,#4999,#5003,.T.);
#5005=ORIENTED_EDGE('',*,*,#5004,.T.);
#5006=CARTESIAN_POINT('',(1300.5,-1379.623044738,1.4));
#5007=DIRECTION('',(-0.,1.,-0.));
#5008=VECTOR('',#5007,15.246089476);
#5009=LINE('',#5006,#5008);
#5010=EDGE_CURVE('',#4999,#4981,#5009,.T.);
#5011=ORIENTED_EDGE('',*,*,#5010,.T.);
#5012=EDGE_LOOP('',(#4989,#4997,#5005,#5011));
#5013=FACE_BOUND('',#5012,.T.);
#5014=ADVANCED_FACE('',(#5013),#4979,.T.);
#5015=CARTESIAN_POINT('',(1300.5,-1372.,1.4));
#5016=DIRECTION('',(0.819231921,0.,-0.573462344));
#5017=DIRECTION('',(0.,1.,0.));
#5018=AXIS2_PLACEMENT_3D('',#5015,#5016,#5017);
#5019=PLANE('',#5018);
#5020=CARTESIAN_POINT('',(1301.2,-1378.923044738,2.4));
#5021=VERTEX_POINT('',#5020);
#5022=CARTESIAN_POINT('',(1301.2,-1378.923044738,2.4));
#5023=DIRECTION('',(-0.497468338,-0.497468338,-0.710669055));
#5024=VECTOR('',#5023,1.407124728);
#5025=LINE('',#5022,#5024);
#5026=EDGE_CURVE('',#5021,#4999,#5025,.T.);
#5027=ORIENTED_EDGE('',*,*,#5026,.F.);
#5028=CARTESIAN_POINT('',(1301.2,-1365.076955262,2.4));
#5029=VERTEX_POINT('',#5028);
#5030=CARTESIAN_POINT('',(1301.199999999,-1378.923044738,2.4));
#5031=DIRECTION('',(0.,1.,0.));
#5032=VECTOR('',#5031,13.846089476);
#5033=LINE('',#5030,#5032);
#5034=EDGE_CURVE('',#5021,#5029,#5033,.T.);
#5035=ORIENTED_EDGE('',*,*,#5034,.T.);
#5036=CARTESIAN_POINT('',(1300.5,-1364.376955262,1.4));
#5037=DIRECTION('',(0.497468338,-0.497468338,0.710669055));
#5038=VECTOR('',#5037,1.407124728);
#5039=LINE('',#5036,#5038);
#5040=EDGE_CURVE('',#4981,#5029,#5039,.T.);
#5041=ORIENTED_EDGE('',*,*,#5040,.F.);
#5042=ORIENTED_EDGE('',*,*,#5010,.F.);
#5043=EDGE_LOOP('',(#5027,#5035,#5041,#5042));
#5044=FACE_BOUND('',#5043,.T.);
#5045=ADVANCED_FACE('',(#5044),#5019,.F.);
#5046=CARTESIAN_POINT('',(1301.2,-1372.,6.8));
#5047=DIRECTION('',(-1.,0.,0.));
#5048=DIRECTION('',(0.,-1.,0.));
#5049=AXIS2_PLACEMENT_3D('',#5046,#5047,#5048);
#5050=PLANE('',#5049);
#5051=ORIENTED_EDGE('',*,*,#5034,.F.);
#5052=CARTESIAN_POINT('',(1301.2,-1378.923044738,4.4));
#5053=VERTEX_POINT('',#5052);
#5054=CARTESIAN_POINT('',(1301.2,-1378.923044738,4.4));
#5055=DIRECTION('',(-0.,-0.,-1.));
#5056=VECTOR('',#5055,2.);
#5057=LINE('',#5054,#5056);
#5058=EDGE_CURVE('',#5053,#5021,#5057,.T.);
#5059=ORIENTED_EDGE('',*,*,#5058,.F.);
#5060=CARTESIAN_POINT('',(1301.2,-1365.076955262,4.4));
#5061=VERTEX_POINT('',#5060);
#5062=CARTESIAN_POINT('',(1301.2,-1378.923044738,4.4));
#5063=DIRECTION('',(-0.,1.,-0.));
#5064=VECTOR('',#5063,13.846089476);
#5065=LINE('',#5062,#5064);
#5066=EDGE_CURVE('',#5053,#5061,#5065,.T.);
#5067=ORIENTED_EDGE('',*,*,#5066,.T.);
#5068=CARTESIAN_POINT('',(1301.2,-1365.076955262,4.4));
#5069=DIRECTION('',(-0.,-0.,-1.));
#5070=VECTOR('',#5069,2.);
#5071=LINE('',#5068,#5070);
#5072=EDGE_CURVE('',#5061,#5029,#5071,.T.);
#5073=ORIENTED_EDGE('',*,*,#5072,.T.);
#5074=EDGE_LOOP('',(#5051,#5059,#5067,#5073));
#5075=FACE_BOUND('',#5074,.T.);
#5076=ADVANCED_FACE('',(#5075),#5050,.T.);
#5077=CARTESIAN_POINT('',(1300.85,-1364.726955262,6.8));
#5078=DIRECTION('',(-0.707106781,-0.707106781,0.));
#5079=DIRECTION('',(0.707106781,-0.707106781,0.));
#5080=AXIS2_PLACEMENT_3D('',#5077,#5078,#5079);
#5081=PLANE('',#5080);
#5082=CARTESIAN_POINT('',(1300.5,-1364.376955262,5.4));
#5083=VERTEX_POINT('',#5082);
#5084=CARTESIAN_POINT('',(1301.2,-1365.076955262,4.4));
#5085=DIRECTION('',(-0.497468338,0.497468338,0.710669055));
#5086=VECTOR('',#5085,1.407124728);
#5087=LINE('',#5084,#5086);
#5088=EDGE_CURVE('',#5061,#5083,#5087,.T.);
#5089=ORIENTED_EDGE('',*,*,#5088,.T.);
#5090=CARTESIAN_POINT('',(1295.623044738,-1359.5,5.4));
#5091=VERTEX_POINT('',#5090);
#5092=CARTESIAN_POINT('',(1300.5,-1364.376955262,5.4));
#5093=DIRECTION('',(-0.707106781,0.707106781,-0.));
#5094=VECTOR('',#5093,6.897056275);
#5095=LINE('',#5092,#5094);
#5096=EDGE_CURVE('',#5083,#5091,#5095,.T.);
#5097=ORIENTED_EDGE('',*,*,#5096,.T.);
#5098=CARTESIAN_POINT('',(1294.923044738,-1358.8,4.4));
#5099=VERTEX_POINT('',#5098);
#5100=CARTESIAN_POINT('',(1295.623044738,-1359.5,5.4));
#5101=DIRECTION('',(-0.497468338,0.497468338,-0.710669055));
#5102=VECTOR('',#5101,1.407124728);
#5103=LINE('',#5100,#5102);
#5104=EDGE_CURVE('',#5091,#5099,#5103,.T.);
#5105=ORIENTED_EDGE('',*,*,#5104,.T.);
#5106=CARTESIAN_POINT('',(1294.923044738,-1358.8,2.4));
#5107=VERTEX_POINT('',#5106);
#5108=CARTESIAN_POINT('',(1294.923044738,-1358.8,4.4));
#5109=DIRECTION('',(-0.,-0.,-1.));
#5110=VECTOR('',#5109,2.);
#5111=LINE('',#5108,#5110);
#5112=EDGE_CURVE('',#5099,#5107,#5111,.T.);
#5113=ORIENTED_EDGE('',*,*,#5112,.T.);
#5114=CARTESIAN_POINT('',(1295.623044738,-1359.5,1.4));
#5115=VERTEX_POINT('',#5114);
#5116=CARTESIAN_POINT('',(1294.923044738,-1358.8,2.4));
#5117=DIRECTION('',(0.497468338,-0.497468338,-0.710669055));
#5118=VECTOR('',#5117,1.407124728);
#5119=LINE('',#5116,#5118);
#5120=EDGE_CURVE('',#5107,#5115,#5119,.T.);
#5121=ORIENTED_EDGE('',*,*,#5120,.T.);
#5122=CARTESIAN_POINT('',(1295.623044738,-1359.5,1.4));
#5123=DIRECTION('',(0.707106781,-0.707106781,0.));
#5124=VECTOR('',#5123,6.897056275);
#5125=LINE('',#5122,#5124);
#5126=EDGE_CURVE('',#5115,#4981,#5125,.T.);
#5127=ORIENTED_EDGE('',*,*,#5126,.T.);
#5128=ORIENTED_EDGE('',*,*,#5040,.T.);
#5129=ORIENTED_EDGE('',*,*,#5072,.F.);
#5130=EDGE_LOOP('',(#5089,#5097,#5105,#5113,#5121,#5127,#5128,#5129));
#5131=FACE_BOUND('',#5130,.T.);
#5132=ADVANCED_FACE('',(#5131),#5081,.T.);
#5133=CARTESIAN_POINT('',(1288.,-1384.5,2.4));
#5134=DIRECTION('',(0.,1.,0.));
#5135=DIRECTION('',(-1.,0.,0.));
#5136=AXIS2_PLACEMENT_3D('',#5133,#5134,#5135);
#5137=PLANE('',#5136);
#5138=CARTESIAN_POINT('',(1295.623044738,-1384.5,1.4));
#5139=VERTEX_POINT('',#5138);
#5140=CARTESIAN_POINT('',(1297.0372583,-1384.5,0.4));
#5141=VERTEX_POINT('',#5140);
#5142=CARTESIAN_POINT('',(1295.623044738,-1384.5,1.4));
#5143=DIRECTION('',(0.816496581,0.,-0.577350269));
#5144=VECTOR('',#5143,1.732050807);
#5145=LINE('',#5142,#5144);
#5146=EDGE_CURVE('',#5139,#5141,#5145,.T.);
#5147=ORIENTED_EDGE('',*,*,#5146,.T.);
#5148=CARTESIAN_POINT('',(1278.9627417,-1384.5,0.4));
#5149=VERTEX_POINT('',#5148);
#5150=CARTESIAN_POINT('',(1297.0372583,-1384.5,0.4));
#5151=DIRECTION('',(-1.,0.,0.));
#5152=VECTOR('',#5151,18.0745166);
#5153=LINE('',#5150,#5152);
#5154=EDGE_CURVE('',#5141,#5149,#5153,.T.);
#5155=ORIENTED_EDGE('',*,*,#5154,.T.);
#5156=CARTESIAN_POINT('',(1280.376955262,-1384.5,1.4));
#5157=VERTEX_POINT('',#5156);
#5158=CARTESIAN_POINT('',(1278.9627417,-1384.5,0.4));
#5159=DIRECTION('',(0.816496581,0.,0.577350269));
#5160=VECTOR('',#5159,1.732050807);
#5161=LINE('',#5158,#5160);
#5162=EDGE_CURVE('',#5149,#5157,#5161,.T.);
#5163=ORIENTED_EDGE('',*,*,#5162,.T.);
#5164=CARTESIAN_POINT('',(1280.376955262,-1384.5,1.4));
#5165=DIRECTION('',(1.,-0.,-0.));
#5166=VECTOR('',#5165,15.246089476);
#5167=LINE('',#5164,#5166);
#5168=EDGE_CURVE('',#5157,#5139,#5167,.T.);
#5169=ORIENTED_EDGE('',*,*,#5168,.T.);
#5170=EDGE_LOOP('',(#5147,#5155,#5163,#5169));
#5171=FACE_BOUND('',#5170,.T.);
#5172=ADVANCED_FACE('',(#5171),#5137,.T.);
#5173=CARTESIAN_POINT('',(1288.,-1384.5,1.4));
#5174=DIRECTION('',(0.,-0.819231921,-0.573462344));
#5175=DIRECTION('',(1.,0.,0.));
#5176=AXIS2_PLACEMENT_3D('',#5173,#5174,#5175);
#5177=PLANE('',#5176);
#5178=CARTESIAN_POINT('',(1281.076955262,-1385.2,2.4));
#5179=VERTEX_POINT('',#5178);
#5180=CARTESIAN_POINT('',(1281.076955262,-1385.2,2.4));
#5181=DIRECTION('',(-0.497468338,0.497468338,-0.710669055));
#5182=VECTOR('',#5181,1.407124728);
#5183=LINE('',#5180,#5182);
#5184=EDGE_CURVE('',#5179,#5157,#5183,.T.);
#5185=ORIENTED_EDGE('',*,*,#5184,.F.);
#5186=CARTESIAN_POINT('',(1294.923044738,-1385.2,2.4));
#5187=VERTEX_POINT('',#5186);
#5188=CARTESIAN_POINT('',(1281.076955262,-1385.199999999,2.4));
#5189=DIRECTION('',(1.,0.,-0.));
#5190=VECTOR('',#5189,13.846089476);
#5191=LINE('',#5188,#5190);
#5192=EDGE_CURVE('',#5179,#5187,#5191,.T.);
#5193=ORIENTED_EDGE('',*,*,#5192,.T.);
#5194=CARTESIAN_POINT('',(1295.623044738,-1384.5,1.4));
#5195=DIRECTION('',(-0.497468338,-0.497468338,0.710669055));
#5196=VECTOR('',#5195,1.407124728);
#5197=LINE('',#5194,#5196);
#5198=EDGE_CURVE('',#5139,#5187,#5197,.T.);
#5199=ORIENTED_EDGE('',*,*,#5198,.F.);
#5200=ORIENTED_EDGE('',*,*,#5168,.F.);
#5201=EDGE_LOOP('',(#5185,#5193,#5199,#5200));
#5202=FACE_BOUND('',#5201,.T.);
#5203=ADVANCED_FACE('',(#5202),#5177,.F.);
#5204=CARTESIAN_POINT('',(1288.,-1385.2,6.8));
#5205=DIRECTION('',(0.,1.,0.));
#5206=DIRECTION('',(-1.,0.,0.));
#5207=AXIS2_PLACEMENT_3D('',#5204,#5205,#5206);
#5208=PLANE('',#5207);
#5209=ORIENTED_EDGE('',*,*,#5192,.F.);
#5210=CARTESIAN_POINT('',(1281.076955262,-1385.2,4.4));
#5211=VERTEX_POINT('',#5210);
#5212=CARTESIAN_POINT('',(1281.076955262,-1385.2,4.4));
#5213=DIRECTION('',(-0.,-0.,-1.));
#5214=VECTOR('',#5213,2.);
#5215=LINE('',#5212,#5214);
#5216=EDGE_CURVE('',#5211,#5179,#5215,.T.);
#5217=ORIENTED_EDGE('',*,*,#5216,.F.);
#5218=CARTESIAN_POINT('',(1294.923044738,-1385.2,4.4));
#5219=VERTEX_POINT('',#5218);
#5220=CARTESIAN_POINT('',(1281.076955262,-1385.2,4.4));
#5221=DIRECTION('',(1.,-0.,-0.));
#5222=VECTOR('',#5221,13.846089476);
#5223=LINE('',#5220,#5222);
#5224=EDGE_CURVE('',#5211,#5219,#5223,.T.);
#5225=ORIENTED_EDGE('',*,*,#5224,.T.);
#5226=CARTESIAN_POINT('',(1294.923044738,-1385.2,4.4));
#5227=DIRECTION('',(-0.,-0.,-1.));
#5228=VECTOR('',#5227,2.);
#5229=LINE('',#5226,#5228);
#5230=EDGE_CURVE('',#5219,#5187,#5229,.T.);
#5231=ORIENTED_EDGE('',*,*,#5230,.T.);
#5232=EDGE_LOOP('',(#5209,#5217,#5225,#5231));
#5233=FACE_BOUND('',#5232,.T.);
#5234=ADVANCED_FACE('',(#5233),#5208,.T.);
#5235=CARTESIAN_POINT('',(1295.273044738,-1384.85,6.8));
#5236=DIRECTION('',(-0.707106781,0.707106781,0.));
#5237=DIRECTION('',(-0.707106781,-0.707106781,0.));
#5238=AXIS2_PLACEMENT_3D('',#5235,#5236,#5237);
#5239=PLANE('',#5238);
#5240=CARTESIAN_POINT('',(1295.623044738,-1384.5,5.4));
#5241=VERTEX_POINT('',#5240);
#5242=CARTESIAN_POINT('',(1294.923044738,-1385.2,4.4));
#5243=DIRECTION('',(0.497468338,0.497468338,0.710669055));
#5244=VECTOR('',#5243,1.407124728);
#5245=LINE('',#5242,#5244);
#5246=EDGE_CURVE('',#5219,#5241,#5245,.T.);
#5247=ORIENTED_EDGE('',*,*,#5246,.T.);
#5248=CARTESIAN_POINT('',(1300.5,-1379.623044738,5.4));
#5249=VERTEX_POINT('',#5248);
#5250=CARTESIAN_POINT('',(1295.623044738,-1384.5,5.4));
#5251=DIRECTION('',(0.707106781,0.707106781,-0.));
#5252=VECTOR('',#5251,6.897056275);
#5253=LINE('',#5250,#5252);
#5254=EDGE_CURVE('',#5241,#5249,#5253,.T.);
#5255=ORIENTED_EDGE('',*,*,#5254,.T.);
#5256=CARTESIAN_POINT('',(1300.5,-1379.623044738,5.4));
#5257=DIRECTION('',(0.497468338,0.497468338,-0.710669055));
#5258=VECTOR('',#5257,1.407124728);
#5259=LINE('',#5256,#5258);
#5260=EDGE_CURVE('',#5249,#5053,#5259,.T.);
#5261=ORIENTED_EDGE('',*,*,#5260,.T.);
#5262=ORIENTED_EDGE('',*,*,#5058,.T.);
#5263=ORIENTED_EDGE('',*,*,#5026,.T.);
#5264=CARTESIAN_POINT('',(1300.5,-1379.623044738,1.4));
#5265=DIRECTION('',(-0.707106781,-0.707106781,0.));
#5266=VECTOR('',#5265,6.897056275);
#5267=LINE('',#5264,#5266);
#5268=EDGE_CURVE('',#4999,#5139,#5267,.T.);
#5269=ORIENTED_EDGE('',*,*,#5268,.T.);
#5270=ORIENTED_EDGE('',*,*,#5198,.T.);
#5271=ORIENTED_EDGE('',*,*,#5230,.F.);
#5272=EDGE_LOOP('',(#5247,#5255,#5261,#5262,#5263,#5269,#5270,#5271));
#5273=FACE_BOUND('',#5272,.T.);
#5274=ADVANCED_FACE('',(#5273),#5239,.T.);
#5275=CARTESIAN_POINT('',(1275.5,-1372.,2.4));
#5276=DIRECTION('',(1.,0.,0.));
#5277=DIRECTION('',(0.,1.,0.));
#5278=AXIS2_PLACEMENT_3D('',#5275,#5276,#5277);
#5279=PLANE('',#5278);
#5280=CARTESIAN_POINT('',(1275.5,-1379.623044738,1.4));
#5281=VERTEX_POINT('',#5280);
#5282=CARTESIAN_POINT('',(1275.5,-1381.0372583,0.4));
#5283=VERTEX_POINT('',#5282);
#5284=CARTESIAN_POINT('',(1275.5,-1379.623044738,1.4));
#5285=DIRECTION('',(0.,-0.816496581,-0.577350269));
#5286=VECTOR('',#5285,1.732050807);
#5287=LINE('',#5284,#5286);
#5288=EDGE_CURVE('',#5281,#5283,#5287,.T.);
#5289=ORIENTED_EDGE('',*,*,#5288,.T.);
#5290=CARTESIAN_POINT('',(1275.5,-1362.9627417,0.4));
#5291=VERTEX_POINT('',#5290);
#5292=CARTESIAN_POINT('',(1275.5,-1381.0372583,0.4));
#5293=DIRECTION('',(0.,1.,0.));
#5294=VECTOR('',#5293,18.0745166);
#5295=LINE('',#5292,#5294);
#5296=EDGE_CURVE('',#5283,#5291,#5295,.T.);
#5297=ORIENTED_EDGE('',*,*,#5296,.T.);
#5298=CARTESIAN_POINT('',(1275.5,-1364.376955262,1.4));
#5299=VERTEX_POINT('',#5298);
#5300=CARTESIAN_POINT('',(1275.5,-1362.9627417,0.4));
#5301=DIRECTION('',(0.,-0.816496581,0.577350269));
#5302=VECTOR('',#5301,1.732050807);
#5303=LINE('',#5300,#5302);
#5304=EDGE_CURVE('',#5291,#5299,#5303,.T.);
#5305=ORIENTED_EDGE('',*,*,#5304,.T.);
#5306=CARTESIAN_POINT('',(1275.5,-1364.376955262,1.4));
#5307=DIRECTION('',(-0.,-1.,-0.));
#5308=VECTOR('',#5307,15.246089476);
#5309=LINE('',#5306,#5308);
#5310=EDGE_CURVE('',#5299,#5281,#5309,.T.);
#5311=ORIENTED_EDGE('',*,*,#5310,.T.);
#5312=EDGE_LOOP('',(#5289,#5297,#5305,#5311));
#5313=FACE_BOUND('',#5312,.T.);
#5314=ADVANCED_FACE('',(#5313),#5279,.T.);
#5315=CARTESIAN_POINT('',(1275.5,-1372.,1.4));
#5316=DIRECTION('',(-0.819231921,0.,-0.573462344));
#5317=DIRECTION('',(0.,-1.,0.));
#5318=AXIS2_PLACEMENT_3D('',#5315,#5316,#5317);
#5319=PLANE('',#5318);
#5320=CARTESIAN_POINT('',(1274.8,-1365.076955262,2.4));
#5321=VERTEX_POINT('',#5320);
#5322=CARTESIAN_POINT('',(1274.8,-1365.076955262,2.4));
#5323=DIRECTION('',(0.497468338,0.497468338,-0.710669055));
#5324=VECTOR('',#5323,1.407124728);
#5325=LINE('',#5322,#5324);
#5326=EDGE_CURVE('',#5321,#5299,#5325,.T.);
#5327=ORIENTED_EDGE('',*,*,#5326,.F.);
#5328=CARTESIAN_POINT('',(1274.8,-1378.923044738,2.4));
#5329=VERTEX_POINT('',#5328);
#5330=CARTESIAN_POINT('',(1274.800000001,-1365.076955262,2.4));
#5331=DIRECTION('',(0.,-1.,0.));
#5332=VECTOR('',#5331,13.846089476);
#5333=LINE('',#5330,#5332);
#5334=EDGE_CURVE('',#5321,#5329,#5333,.T.);
#5335=ORIENTED_EDGE('',*,*,#5334,.T.);
#5336=CARTESIAN_POINT('',(1275.5,-1379.623044738,1.4));
#5337=DIRECTION('',(-0.497468338,0.497468338,0.710669055));
#5338=VECTOR('',#5337,1.407124728);
#5339=LINE('',#5336,#5338);
#5340=EDGE_CURVE('',#5281,#5329,#5339,.T.);
#5341=ORIENTED_EDGE('',*,*,#5340,.F.);
#5342=ORIENTED_EDGE('',*,*,#5310,.F.);
#5343=EDGE_LOOP('',(#5327,#5335,#5341,#5342));
#5344=FACE_BOUND('',#5343,.T.);
#5345=ADVANCED_FACE('',(#5344),#5319,.F.);
#5346=CARTESIAN_POINT('',(1274.8,-1372.,6.8));
#5347=DIRECTION('',(1.,0.,0.));
#5348=DIRECTION('',(0.,1.,0.));
#5349=AXIS2_PLACEMENT_3D('',#5346,#5347,#5348);
#5350=PLANE('',#5349);
#5351=ORIENTED_EDGE('',*,*,#5334,.F.);
#5352=CARTESIAN_POINT('',(1274.8,-1365.076955262,4.4));
#5353=VERTEX_POINT('',#5352);
#5354=CARTESIAN_POINT('',(1274.8,-1365.076955262,4.4));
#5355=DIRECTION('',(-0.,-0.,-1.));
#5356=VECTOR('',#5355,2.);
#5357=LINE('',#5354,#5356);
#5358=EDGE_CURVE('',#5353,#5321,#5357,.T.);
#5359=ORIENTED_EDGE('',*,*,#5358,.F.);
#5360=CARTESIAN_POINT('',(1274.8,-1378.923044738,4.4));
#5361=VERTEX_POINT('',#5360);
#5362=CARTESIAN_POINT('',(1274.8,-1365.076955262,4.4));
#5363=DIRECTION('',(-0.,-1.,-0.));
#5364=VECTOR('',#5363,13.846089476);
#5365=LINE('',#5362,#5364);
#5366=EDGE_CURVE('',#5353,#5361,#5365,.T.);
#5367=ORIENTED_EDGE('',*,*,#5366,.T.);
#5368=CARTESIAN_POINT('',(1274.8,-1378.923044738,4.4));
#5369=DIRECTION('',(-0.,-0.,-1.));
#5370=VECTOR('',#5369,2.);
#5371=LINE('',#5368,#5370);
#5372=EDGE_CURVE('',#5361,#5329,#5371,.T.);
#5373=ORIENTED_EDGE('',*,*,#5372,.T.);
#5374=EDGE_LOOP('',(#5351,#5359,#5367,#5373));
#5375=FACE_BOUND('',#5374,.T.);
#5376=ADVANCED_FACE('',(#5375),#5350,.T.);
#5377=CARTESIAN_POINT('',(1275.15,-1379.273044738,6.8));
#5378=DIRECTION('',(0.707106781,0.707106781,0.));
#5379=DIRECTION('',(-0.707106781,0.707106781,0.));
#5380=AXIS2_PLACEMENT_3D('',#5377,#5378,#5379);
#5381=PLANE('',#5380);
#5382=ORIENTED_EDGE('',*,*,#5184,.T.);
#5383=CARTESIAN_POINT('',(1280.376955262,-1384.5,1.4));
#5384=DIRECTION('',(-0.707106781,0.707106781,0.));
#5385=VECTOR('',#5384,6.897056275);
#5386=LINE('',#5383,#5385);
#5387=EDGE_CURVE('',#5157,#5281,#5386,.T.);
#5388=ORIENTED_EDGE('',*,*,#5387,.T.);
#5389=ORIENTED_EDGE('',*,*,#5340,.T.);
#5390=ORIENTED_EDGE('',*,*,#5372,.F.);
#5391=CARTESIAN_POINT('',(1275.5,-1379.623044738,5.4));
#5392=VERTEX_POINT('',#5391);
#5393=CARTESIAN_POINT('',(1274.8,-1378.923044738,4.4));
#5394=DIRECTION('',(0.497468338,-0.497468338,0.710669055));
#5395=VECTOR('',#5394,1.407124728);
#5396=LINE('',#5393,#5395);
#5397=EDGE_CURVE('',#5361,#5392,#5396,.T.);
#5398=ORIENTED_EDGE('',*,*,#5397,.T.);
#5399=CARTESIAN_POINT('',(1280.376955262,-1384.5,5.4));
#5400=VERTEX_POINT('',#5399);
#5401=CARTESIAN_POINT('',(1275.5,-1379.623044738,5.4));
#5402=DIRECTION('',(0.707106781,-0.707106781,-0.));
#5403=VECTOR('',#5402,6.897056275);
#5404=LINE('',#5401,#5403);
#5405=EDGE_CURVE('',#5392,#5400,#5404,.T.);
#5406=ORIENTED_EDGE('',*,*,#5405,.T.);
#5407=CARTESIAN_POINT('',(1280.376955262,-1384.5,5.4));
#5408=DIRECTION('',(0.497468338,-0.497468338,-0.710669055));
#5409=VECTOR('',#5408,1.407124728);
#5410=LINE('',#5407,#5409);
#5411=EDGE_CURVE('',#5400,#5211,#5410,.T.);
#5412=ORIENTED_EDGE('',*,*,#5411,.T.);
#5413=ORIENTED_EDGE('',*,*,#5216,.T.);
#5414=EDGE_LOOP('',(#5382,#5388,#5389,#5390,#5398,#5406,#5412,#5413));
#5415=FACE_BOUND('',#5414,.T.);
#5416=ADVANCED_FACE('',(#5415),#5381,.T.);
#5417=CARTESIAN_POINT('',(1288.,-1359.5,2.4));
#5418=DIRECTION('',(0.,-1.,0.));
#5419=DIRECTION('',(1.,0.,0.));
#5420=AXIS2_PLACEMENT_3D('',#5417,#5418,#5419);
#5421=PLANE('',#5420);
#5422=CARTESIAN_POINT('',(1280.376955262,-1359.5,1.4));
#5423=VERTEX_POINT('',#5422);
#5424=CARTESIAN_POINT('',(1278.9627417,-1359.5,0.4));
#5425=VERTEX_POINT('',#5424);
#5426=CARTESIAN_POINT('',(1280.376955262,-1359.5,1.4));
#5427=DIRECTION('',(-0.816496581,0.,-0.577350269));
#5428=VECTOR('',#5427,1.732050807);
#5429=LINE('',#5426,#5428);
#5430=EDGE_CURVE('',#5423,#5425,#5429,.T.);
#5431=ORIENTED_EDGE('',*,*,#5430,.T.);
#5432=CARTESIAN_POINT('',(1297.0372583,-1359.5,0.4));
#5433=VERTEX_POINT('',#5432);
#5434=CARTESIAN_POINT('',(1278.9627417,-1359.5,0.4));
#5435=DIRECTION('',(1.,0.,-0.));
#5436=VECTOR('',#5435,18.0745166);
#5437=LINE('',#5434,#5436);
#5438=EDGE_CURVE('',#5425,#5433,#5437,.T.);
#5439=ORIENTED_EDGE('',*,*,#5438,.T.);
#5440=CARTESIAN_POINT('',(1297.0372583,-1359.5,0.4));
#5441=DIRECTION('',(-0.816496581,0.,0.577350269));
#5442=VECTOR('',#5441,1.732050807);
#5443=LINE('',#5440,#5442);
#5444=EDGE_CURVE('',#5433,#5115,#5443,.T.);
#5445=ORIENTED_EDGE('',*,*,#5444,.T.);
#5446=CARTESIAN_POINT('',(1295.623044738,-1359.5,1.4));
#5447=DIRECTION('',(-1.,-0.,0.));
#5448=VECTOR('',#5447,15.246089476);
#5449=LINE('',#5446,#5448);
#5450=EDGE_CURVE('',#5115,#5423,#5449,.T.);
#5451=ORIENTED_EDGE('',*,*,#5450,.T.);
#5452=EDGE_LOOP('',(#5431,#5439,#5445,#5451));
#5453=FACE_BOUND('',#5452,.T.);
#5454=ADVANCED_FACE('',(#5453),#5421,.T.);
#5455=CARTESIAN_POINT('',(1288.,-1359.5,1.4));
#5456=DIRECTION('',(0.,0.819231921,-0.573462344));
#5457=DIRECTION('',(-1.,0.,0.));
#5458=AXIS2_PLACEMENT_3D('',#5455,#5456,#5457);
#5459=PLANE('',#5458);
#5460=ORIENTED_EDGE('',*,*,#5120,.F.);
#5461=CARTESIAN_POINT('',(1281.076955262,-1358.8,2.4));
#5462=VERTEX_POINT('',#5461);
#5463=CARTESIAN_POINT('',(1294.923044738,-1358.800000001,2.4));
#5464=DIRECTION('',(-1.,0.,0.));
#5465=VECTOR('',#5464,13.846089476);
#5466=LINE('',#5463,#5465);
#5467=EDGE_CURVE('',#5107,#5462,#5466,.T.);
#5468=ORIENTED_EDGE('',*,*,#5467,.T.);
#5469=CARTESIAN_POINT('',(1280.376955262,-1359.5,1.4));
#5470=DIRECTION('',(0.497468338,0.497468338,0.710669055));
#5471=VECTOR('',#5470,1.407124728);
#5472=LINE('',#5469,#5471);
#5473=EDGE_CURVE('',#5423,#5462,#5472,.T.);
#5474=ORIENTED_EDGE('',*,*,#5473,.F.);
#5475=ORIENTED_EDGE('',*,*,#5450,.F.);
#5476=EDGE_LOOP('',(#5460,#5468,#5474,#5475));
#5477=FACE_BOUND('',#5476,.T.);
#5478=ADVANCED_FACE('',(#5477),#5459,.F.);
#5479=CARTESIAN_POINT('',(1288.,-1358.8,6.8));
#5480=DIRECTION('',(0.,-1.,0.));
#5481=DIRECTION('',(1.,0.,0.));
#5482=AXIS2_PLACEMENT_3D('',#5479,#5480,#5481);
#5483=PLANE('',#5482);
#5484=ORIENTED_EDGE('',*,*,#5467,.F.);
#5485=ORIENTED_EDGE('',*,*,#5112,.F.);
#5486=CARTESIAN_POINT('',(1281.076955262,-1358.8,4.4));
#5487=VERTEX_POINT('',#5486);
#5488=CARTESIAN_POINT('',(1294.923044738,-1358.8,4.4));
#5489=DIRECTION('',(-1.,-0.,0.));
#5490=VECTOR('',#5489,13.846089476);
#5491=LINE('',#5488,#5490);
#5492=EDGE_CURVE('',#5099,#5487,#5491,.T.);
#5493=ORIENTED_EDGE('',*,*,#5492,.T.);
#5494=CARTESIAN_POINT('',(1281.076955262,-1358.8,4.4));
#5495=DIRECTION('',(-0.,-0.,-1.));
#5496=VECTOR('',#5495,2.);
#5497=LINE('',#5494,#5496);
#5498=EDGE_CURVE('',#5487,#5462,#5497,.T.);
#5499=ORIENTED_EDGE('',*,*,#5498,.T.);
#5500=EDGE_LOOP('',(#5484,#5485,#5493,#5499));
#5501=FACE_BOUND('',#5500,.T.);
#5502=ADVANCED_FACE('',(#5501),#5483,.T.);
#5503=CARTESIAN_POINT('',(1280.726955262,-1359.15,6.8));
#5504=DIRECTION('',(0.707106781,-0.707106781,0.));
#5505=DIRECTION('',(0.707106781,0.707106781,0.));
#5506=AXIS2_PLACEMENT_3D('',#5503,#5504,#5505);
#5507=PLANE('',#5506);
#5508=ORIENTED_EDGE('',*,*,#5326,.T.);
#5509=CARTESIAN_POINT('',(1275.5,-1364.376955262,1.4));
#5510=DIRECTION('',(0.707106781,0.707106781,0.));
#5511=VECTOR('',#5510,6.897056275);
#5512=LINE('',#5509,#5511);
#5513=EDGE_CURVE('',#5299,#5423,#5512,.T.);
#5514=ORIENTED_EDGE('',*,*,#5513,.T.);
#5515=ORIENTED_EDGE('',*,*,#5473,.T.);
#5516=ORIENTED_EDGE('',*,*,#5498,.F.);
#5517=CARTESIAN_POINT('',(1280.376955262,-1359.5,5.4));
#5518=VERTEX_POINT('',#5517);
#5519=CARTESIAN_POINT('',(1281.076955262,-1358.8,4.4));
#5520=DIRECTION('',(-0.497468338,-0.497468338,0.710669055));
#5521=VECTOR('',#5520,1.407124728);
#5522=LINE('',#5519,#5521);
#5523=EDGE_CURVE('',#5487,#5518,#5522,.T.);
#5524=ORIENTED_EDGE('',*,*,#5523,.T.);
#5525=CARTESIAN_POINT('',(1275.5,-1364.376955262,5.4));
#5526=VERTEX_POINT('',#5525);
#5527=CARTESIAN_POINT('',(1280.376955262,-1359.5,5.4));
#5528=DIRECTION('',(-0.707106781,-0.707106781,-0.));
#5529=VECTOR('',#5528,6.897056275);
#5530=LINE('',#5527,#5529);
#5531=EDGE_CURVE('',#5518,#5526,#5530,.T.);
#5532=ORIENTED_EDGE('',*,*,#5531,.T.);
#5533=CARTESIAN_POINT('',(1275.5,-1364.376955262,5.4));
#5534=DIRECTION('',(-0.497468338,-0.497468338,-0.710669055));
#5535=VECTOR('',#5534,1.407124728);
#5536=LINE('',#5533,#5535);
#5537=EDGE_CURVE('',#5526,#5353,#5536,.T.);
#5538=ORIENTED_EDGE('',*,*,#5537,.T.);
#5539=ORIENTED_EDGE('',*,*,#5358,.T.);
#5540=EDGE_LOOP('',(#5508,#5514,#5515,#5516,#5524,#5532,#5538,#5539));
#5541=FACE_BOUND('',#5540,.T.);
#5542=ADVANCED_FACE('',(#5541),#5507,.T.);
#5543=CARTESIAN_POINT('',(1300.5,-1372.,4.4));
#5544=DIRECTION('',(-1.,0.,0.));
#5545=DIRECTION('',(0.,-1.,0.));
#5546=AXIS2_PLACEMENT_3D('',#5543,#5544,#5545);
#5547=PLANE('',#5546);
#5548=CARTESIAN_POINT('',(1300.5,-1381.0372583,6.4));
#5549=VERTEX_POINT('',#5548);
#5550=CARTESIAN_POINT('',(1300.5,-1379.623044738,5.4));
#5551=DIRECTION('',(0.,-0.816496581,0.577350269));
#5552=VECTOR('',#5551,1.732050807);
#5553=LINE('',#5550,#5552);
#5554=EDGE_CURVE('',#5249,#5549,#5553,.T.);
#5555=ORIENTED_EDGE('',*,*,#5554,.T.);
#5556=CARTESIAN_POINT('',(1300.5,-1362.9627417,6.4));
#5557=VERTEX_POINT('',#5556);
#5558=CARTESIAN_POINT('',(1300.5,-1381.0372583,6.4));
#5559=DIRECTION('',(-0.,1.,-0.));
#5560=VECTOR('',#5559,18.0745166);
#5561=LINE('',#5558,#5560);
#5562=EDGE_CURVE('',#5549,#5557,#5561,.T.);
#5563=ORIENTED_EDGE('',*,*,#5562,.T.);
#5564=CARTESIAN_POINT('',(1300.5,-1362.9627417,6.4));
#5565=DIRECTION('',(0.,-0.816496581,-0.577350269));
#5566=VECTOR('',#5565,1.732050807);
#5567=LINE('',#5564,#5566);
#5568=EDGE_CURVE('',#5557,#5083,#5567,.T.);
#5569=ORIENTED_EDGE('',*,*,#5568,.T.);
#5570=CARTESIAN_POINT('',(1300.5,-1364.376955262,5.4));
#5571=DIRECTION('',(0.,-1.,0.));
#5572=VECTOR('',#5571,15.246089476);
#5573=LINE('',#5570,#5572);
#5574=EDGE_CURVE('',#5083,#5249,#5573,.T.);
#5575=ORIENTED_EDGE('',*,*,#5574,.T.);
#5576=EDGE_LOOP('',(#5555,#5563,#5569,#5575));
#5577=FACE_BOUND('',#5576,.T.);
#5578=ADVANCED_FACE('',(#5577),#5547,.T.);
#5579=CARTESIAN_POINT('',(1300.5,-1372.,5.4));
#5580=DIRECTION('',(-0.819231921,0.,-0.573462344));
#5581=DIRECTION('',(0.,1.,0.));
#5582=AXIS2_PLACEMENT_3D('',#5579,#5580,#5581);
#5583=PLANE('',#5582);
#5584=ORIENTED_EDGE('',*,*,#5088,.F.);
#5585=ORIENTED_EDGE('',*,*,#5066,.F.);
#5586=ORIENTED_EDGE('',*,*,#5260,.F.);
#5587=ORIENTED_EDGE('',*,*,#5574,.F.);
#5588=EDGE_LOOP('',(#5584,#5585,#5586,#5587));
#5589=FACE_BOUND('',#5588,.T.);
#5590=ADVANCED_FACE('',(#5589),#5583,.T.);
#5591=CARTESIAN_POINT('',(1288.,-1384.5,4.4));
#5592=DIRECTION('',(0.,1.,0.));
#5593=DIRECTION('',(-1.,0.,0.));
#5594=AXIS2_PLACEMENT_3D('',#5591,#5592,#5593);
#5595=PLANE('',#5594);
#5596=CARTESIAN_POINT('',(1278.9627417,-1384.5,6.4));
#5597=VERTEX_POINT('',#5596);
#5598=CARTESIAN_POINT('',(1280.376955262,-1384.5,5.4));
#5599=DIRECTION('',(-0.816496581,0.,0.577350269));
#5600=VECTOR('',#5599,1.732050807);
#5601=LINE('',#5598,#5600);
#5602=EDGE_CURVE('',#5400,#5597,#5601,.T.);
#5603=ORIENTED_EDGE('',*,*,#5602,.T.);
#5604=CARTESIAN_POINT('',(1297.0372583,-1384.5,6.4));
#5605=VERTEX_POINT('',#5604);
#5606=CARTESIAN_POINT('',(1278.9627417,-1384.5,6.4));
#5607=DIRECTION('',(1.,-0.,-0.));
#5608=VECTOR('',#5607,18.0745166);
#5609=LINE('',#5606,#5608);
#5610=EDGE_CURVE('',#5597,#5605,#5609,.T.);
#5611=ORIENTED_EDGE('',*,*,#5610,.T.);
#5612=CARTESIAN_POINT('',(1297.0372583,-1384.5,6.4));
#5613=DIRECTION('',(-0.816496581,0.,-0.577350269));
#5614=VECTOR('',#5613,1.732050807);
#5615=LINE('',#5612,#5614);
#5616=EDGE_CURVE('',#5605,#5241,#5615,.T.);
#5617=ORIENTED_EDGE('',*,*,#5616,.T.);
#5618=CARTESIAN_POINT('',(1295.623044738,-1384.5,5.4));
#5619=DIRECTION('',(-1.,0.,0.));
#5620=VECTOR('',#5619,15.246089476);
#5621=LINE('',#5618,#5620);
#5622=EDGE_CURVE('',#5241,#5400,#5621,.T.);
#5623=ORIENTED_EDGE('',*,*,#5622,.T.);
#5624=EDGE_LOOP('',(#5603,#5611,#5617,#5623));
#5625=FACE_BOUND('',#5624,.T.);
#5626=ADVANCED_FACE('',(#5625),#5595,.T.);
#5627=CARTESIAN_POINT('',(1288.,-1384.5,5.4));
#5628=DIRECTION('',(0.,0.819231921,-0.573462344));
#5629=DIRECTION('',(1.,0.,0.));
#5630=AXIS2_PLACEMENT_3D('',#5627,#5628,#5629);
#5631=PLANE('',#5630);
#5632=ORIENTED_EDGE('',*,*,#5246,.F.);
#5633=ORIENTED_EDGE('',*,*,#5224,.F.);
#5634=ORIENTED_EDGE('',*,*,#5411,.F.);
#5635=ORIENTED_EDGE('',*,*,#5622,.F.);
#5636=EDGE_LOOP('',(#5632,#5633,#5634,#5635));
#5637=FACE_BOUND('',#5636,.T.);
#5638=ADVANCED_FACE('',(#5637),#5631,.T.);
#5639=CARTESIAN_POINT('',(1275.5,-1372.,4.4));
#5640=DIRECTION('',(1.,0.,0.));
#5641=DIRECTION('',(0.,1.,0.));
#5642=AXIS2_PLACEMENT_3D('',#5639,#5640,#5641);
#5643=PLANE('',#5642);
#5644=CARTESIAN_POINT('',(1275.5,-1362.9627417,6.4));
#5645=VERTEX_POINT('',#5644);
#5646=CARTESIAN_POINT('',(1275.5,-1364.376955262,5.4));
#5647=DIRECTION('',(0.,0.816496581,0.577350269));
#5648=VECTOR('',#5647,1.732050807);
#5649=LINE('',#5646,#5648);
#5650=EDGE_CURVE('',#5526,#5645,#5649,.T.);
#5651=ORIENTED_EDGE('',*,*,#5650,.T.);
#5652=CARTESIAN_POINT('',(1275.5,-1381.0372583,6.4));
#5653=VERTEX_POINT('',#5652);
#5654=CARTESIAN_POINT('',(1275.5,-1362.9627417,6.4));
#5655=DIRECTION('',(-0.,-1.,-0.));
#5656=VECTOR('',#5655,18.0745166);
#5657=LINE('',#5654,#5656);
#5658=EDGE_CURVE('',#5645,#5653,#5657,.T.);
#5659=ORIENTED_EDGE('',*,*,#5658,.T.);
#5660=CARTESIAN_POINT('',(1275.5,-1381.0372583,6.4));
#5661=DIRECTION('',(0.,0.816496581,-0.577350269));
#5662=VECTOR('',#5661,1.732050807);
#5663=LINE('',#5660,#5662);
#5664=EDGE_CURVE('',#5653,#5392,#5663,.T.);
#5665=ORIENTED_EDGE('',*,*,#5664,.T.);
#5666=CARTESIAN_POINT('',(1275.5,-1379.623044738,5.4));
#5667=DIRECTION('',(0.,1.,0.));
#5668=VECTOR('',#5667,15.246089476);
#5669=LINE('',#5666,#5668);
#5670=EDGE_CURVE('',#5392,#5526,#5669,.T.);
#5671=ORIENTED_EDGE('',*,*,#5670,.T.);
#5672=EDGE_LOOP('',(#5651,#5659,#5665,#5671));
#5673=FACE_BOUND('',#5672,.T.);
#5674=ADVANCED_FACE('',(#5673),#5643,.T.);
#5675=CARTESIAN_POINT('',(1275.5,-1372.,5.4));
#5676=DIRECTION('',(0.819231921,0.,-0.573462344));
#5677=DIRECTION('',(0.,-1.,0.));
#5678=AXIS2_PLACEMENT_3D('',#5675,#5676,#5677);
#5679=PLANE('',#5678);
#5680=ORIENTED_EDGE('',*,*,#5397,.F.);
#5681=ORIENTED_EDGE('',*,*,#5366,.F.);
#5682=ORIENTED_EDGE('',*,*,#5537,.F.);
#5683=ORIENTED_EDGE('',*,*,#5670,.F.);
#5684=EDGE_LOOP('',(#5680,#5681,#5682,#5683));
#5685=FACE_BOUND('',#5684,.T.);
#5686=ADVANCED_FACE('',(#5685),#5679,.T.);
#5687=CARTESIAN_POINT('',(1288.,-1359.5,4.4));
#5688=DIRECTION('',(0.,-1.,0.));
#5689=DIRECTION('',(1.,0.,0.));
#5690=AXIS2_PLACEMENT_3D('',#5687,#5688,#5689);
#5691=PLANE('',#5690);
#5692=CARTESIAN_POINT('',(1297.0372583,-1359.5,6.4));
#5693=VERTEX_POINT('',#5692);
#5694=CARTESIAN_POINT('',(1295.623044738,-1359.5,5.4));
#5695=DIRECTION('',(0.816496581,0.,0.577350269));
#5696=VECTOR('',#5695,1.732050807);
#5697=LINE('',#5694,#5696);
#5698=EDGE_CURVE('',#5091,#5693,#5697,.T.);
#5699=ORIENTED_EDGE('',*,*,#5698,.T.);
#5700=CARTESIAN_POINT('',(1278.9627417,-1359.5,6.4));
#5701=VERTEX_POINT('',#5700);
#5702=CARTESIAN_POINT('',(1297.0372583,-1359.5,6.4));
#5703=DIRECTION('',(-1.,-0.,0.));
#5704=VECTOR('',#5703,18.0745166);
#5705=LINE('',#5702,#5704);
#5706=EDGE_CURVE('',#5693,#5701,#5705,.T.);
#5707=ORIENTED_EDGE('',*,*,#5706,.T.);
#5708=CARTESIAN_POINT('',(1278.9627417,-1359.5,6.4));
#5709=DIRECTION('',(0.816496581,0.,-0.577350269));
#5710=VECTOR('',#5709,1.732050807);
#5711=LINE('',#5708,#5710);
#5712=EDGE_CURVE('',#5701,#5518,#5711,.T.);
#5713=ORIENTED_EDGE('',*,*,#5712,.T.);
#5714=CARTESIAN_POINT('',(1280.376955262,-1359.5,5.4));
#5715=DIRECTION('',(1.,0.,-0.));
#5716=VECTOR('',#5715,15.246089476);
#5717=LINE('',#5714,#5716);
#5718=EDGE_CURVE('',#5518,#5091,#5717,.T.);
#5719=ORIENTED_EDGE('',*,*,#5718,.T.);
#5720=EDGE_LOOP('',(#5699,#5707,#5713,#5719));
#5721=FACE_BOUND('',#5720,.T.);
#5722=ADVANCED_FACE('',(#5721),#5691,.T.);
#5723=CARTESIAN_POINT('',(1288.,-1359.5,5.4));
#5724=DIRECTION('',(0.,-0.819231921,-0.573462344));
#5725=DIRECTION('',(-1.,0.,0.));
#5726=AXIS2_PLACEMENT_3D('',#5723,#5724,#5725);
#5727=PLANE('',#5726);
#5728=ORIENTED_EDGE('',*,*,#5523,.F.);
#5729=ORIENTED_EDGE('',*,*,#5492,.F.);
#5730=ORIENTED_EDGE('',*,*,#5104,.F.);
#5731=ORIENTED_EDGE('',*,*,#5718,.F.);
#5732=EDGE_LOOP('',(#5728,#5729,#5730,#5731));
#5733=FACE_BOUND('',#5732,.T.);
#5734=ADVANCED_FACE('',(#5733),#5727,.T.);
#5735=CARTESIAN_POINT('',(1276.948528137,-1360.948528137,0.));
#5736=DIRECTION('',(0.5,-0.5,-0.707106781));
#5737=DIRECTION('',(0.707106781,0.707106781,0.));
#5738=AXIS2_PLACEMENT_3D('',#5735,#5736,#5737);
#5739=PLANE('',#5738);
#5740=ORIENTED_EDGE('',*,*,#5430,.F.);
#5741=ORIENTED_EDGE('',*,*,#5513,.F.);
#5742=ORIENTED_EDGE('',*,*,#5304,.F.);
#5743=CARTESIAN_POINT('',(1275.5,-1362.9627417,0.4));
#5744=DIRECTION('',(-0.678598344,0.281084638,-0.678598345));
#5745=VECTOR('',#5744,0.589450303);
#5746=LINE('',#5743,#5745);
#5747=EDGE_CURVE('',#5291,#281,#5746,.T.);
#5748=ORIENTED_EDGE('',*,*,#5747,.T.);
#5749=ORIENTED_EDGE('',*,*,#286,.F.);
#5750=CARTESIAN_POINT('',(1278.797056275,-1359.1,0.));
#5751=DIRECTION('',(0.281084638,-0.678598344,0.678598345));
#5752=VECTOR('',#5751,0.589450303);
#5753=LINE('',#5750,#5752);
#5754=EDGE_CURVE('',#273,#5425,#5753,.T.);
#5755=ORIENTED_EDGE('',*,*,#5754,.T.);
#5756=EDGE_LOOP('',(#5740,#5741,#5742,#5748,#5749,#5755));
#5757=FACE_BOUND('',#5756,.T.);
#5758=ADVANCED_FACE('',(#5757),#5739,.T.);
#5759=CARTESIAN_POINT('',(1280.726955262,-1359.15,5.4));
#5760=DIRECTION('',(-0.5,0.5,-0.707106781));
#5761=DIRECTION('',(-0.707106781,-0.707106781,0.));
#5762=AXIS2_PLACEMENT_3D('',#5759,#5760,#5761);
#5763=PLANE('',#5762);
#5764=ORIENTED_EDGE('',*,*,#5712,.F.);
#5765=CARTESIAN_POINT('',(1278.9627417,-1359.5,6.4));
#5766=DIRECTION('',(-0.281084638,0.678598344,0.678598345));
#5767=VECTOR('',#5766,0.589450303);
#5768=LINE('',#5765,#5767);
#5769=EDGE_CURVE('',#5701,#1887,#5768,.T.);
#5770=ORIENTED_EDGE('',*,*,#5769,.T.);
#5771=ORIENTED_EDGE('',*,*,#1892,.F.);
#5772=CARTESIAN_POINT('',(1275.1,-1362.797056275,6.8));
#5773=DIRECTION('',(0.678598344,-0.281084638,-0.678598345));
#5774=VECTOR('',#5773,0.589450303);
#5775=LINE('',#5772,#5774);
#5776=EDGE_CURVE('',#1879,#5645,#5775,.T.);
#5777=ORIENTED_EDGE('',*,*,#5776,.T.);
#5778=ORIENTED_EDGE('',*,*,#5650,.F.);
#5779=ORIENTED_EDGE('',*,*,#5531,.F.);
#5780=EDGE_LOOP('',(#5764,#5770,#5771,#5777,#5778,#5779));
#5781=FACE_BOUND('',#5780,.T.);
#5782=ADVANCED_FACE('',(#5781),#5763,.F.);
#5783=CARTESIAN_POINT('',(1295.273044738,-1384.85,5.4));
#5784=DIRECTION('',(0.5,-0.5,-0.707106781));
#5785=DIRECTION('',(0.707106781,0.707106781,0.));
#5786=AXIS2_PLACEMENT_3D('',#5783,#5784,#5785);
#5787=PLANE('',#5786);
#5788=ORIENTED_EDGE('',*,*,#5616,.F.);
#5789=CARTESIAN_POINT('',(1297.0372583,-1384.5,6.4));
#5790=DIRECTION('',(0.281084638,-0.678598344,0.678598345));
#5791=VECTOR('',#5790,0.589450303);
#5792=LINE('',#5789,#5791);
#5793=EDGE_CURVE('',#5605,#1919,#5792,.T.);
#5794=ORIENTED_EDGE('',*,*,#5793,.T.);
#5795=ORIENTED_EDGE('',*,*,#1924,.F.);
#5796=CARTESIAN_POINT('',(1300.9,-1381.202943725,6.8));
#5797=DIRECTION('',(-0.678598344,0.281084638,-0.678598345));
#5798=VECTOR('',#5797,0.589450303);
#5799=LINE('',#5796,#5798);
#5800=EDGE_CURVE('',#1911,#5549,#5799,.T.);
#5801=ORIENTED_EDGE('',*,*,#5800,.T.);
#5802=ORIENTED_EDGE('',*,*,#5554,.F.);
#5803=ORIENTED_EDGE('',*,*,#5254,.F.);
#5804=EDGE_LOOP('',(#5788,#5794,#5795,#5801,#5802,#5803));
#5805=FACE_BOUND('',#5804,.T.);
#5806=ADVANCED_FACE('',(#5805),#5787,.F.);
#5807=CARTESIAN_POINT('',(1276.948528137,-1383.051471863,0.));
#5808=DIRECTION('',(0.5,0.5,-0.707106781));
#5809=DIRECTION('',(-0.707106781,0.707106781,0.));
#5810=AXIS2_PLACEMENT_3D('',#5807,#5808,#5809);
#5811=PLANE('',#5810);
#5812=ORIENTED_EDGE('',*,*,#5288,.F.);
#5813=ORIENTED_EDGE('',*,*,#5387,.F.);
#5814=ORIENTED_EDGE('',*,*,#5162,.F.);
#5815=CARTESIAN_POINT('',(1278.9627417,-1384.5,0.4));
#5816=DIRECTION('',(-0.281084638,-0.678598344,-0.678598345));
#5817=VECTOR('',#5816,0.589450303);
#5818=LINE('',#5815,#5817);
#5819=EDGE_CURVE('',#5149,#297,#5818,.T.);
#5820=ORIENTED_EDGE('',*,*,#5819,.T.);
#5821=ORIENTED_EDGE('',*,*,#302,.F.);
#5822=CARTESIAN_POINT('',(1275.1,-1381.202943725,0.));
#5823=DIRECTION('',(0.678598344,0.281084638,0.678598345));
#5824=VECTOR('',#5823,0.589450303);
#5825=LINE('',#5822,#5824);
#5826=EDGE_CURVE('',#289,#5283,#5825,.T.);
#5827=ORIENTED_EDGE('',*,*,#5826,.T.);
#5828=EDGE_LOOP('',(#5812,#5813,#5814,#5820,#5821,#5827));
#5829=FACE_BOUND('',#5828,.T.);
#5830=ADVANCED_FACE('',(#5829),#5811,.T.);
#5831=CARTESIAN_POINT('',(1300.85,-1364.726955262,5.4));
#5832=DIRECTION('',(0.5,0.5,-0.707106781));
#5833=DIRECTION('',(-0.707106781,0.707106781,0.));
#5834=AXIS2_PLACEMENT_3D('',#5831,#5832,#5833);
#5835=PLANE('',#5834);
#5836=ORIENTED_EDGE('',*,*,#5568,.F.);
#5837=CARTESIAN_POINT('',(1300.5,-1362.9627417,6.4));
#5838=DIRECTION('',(0.678598344,0.281084638,0.678598345));
#5839=VECTOR('',#5838,0.589450303);
#5840=LINE('',#5837,#5839);
#5841=EDGE_CURVE('',#5557,#1903,#5840,.T.);
#5842=ORIENTED_EDGE('',*,*,#5841,.T.);
#5843=ORIENTED_EDGE('',*,*,#1908,.F.);
#5844=CARTESIAN_POINT('',(1297.202943725,-1359.1,6.8));
#5845=DIRECTION('',(-0.281084638,-0.678598344,-0.678598345));
#5846=VECTOR('',#5845,0.589450303);
#5847=LINE('',#5844,#5846);
#5848=EDGE_CURVE('',#1895,#5693,#5847,.T.);
#5849=ORIENTED_EDGE('',*,*,#5848,.T.);
#5850=ORIENTED_EDGE('',*,*,#5698,.F.);
#5851=ORIENTED_EDGE('',*,*,#5096,.F.);
#5852=EDGE_LOOP('',(#5836,#5842,#5843,#5849,#5850,#5851));
#5853=FACE_BOUND('',#5852,.T.);
#5854=ADVANCED_FACE('',(#5853),#5835,.F.);
#5855=CARTESIAN_POINT('',(1299.051471863,-1383.051471863,0.));
#5856=DIRECTION('',(-0.5,0.5,-0.707106781));
#5857=DIRECTION('',(-0.707106781,-0.707106781,0.));
#5858=AXIS2_PLACEMENT_3D('',#5855,#5856,#5857);
#5859=PLANE('',#5858);
#5860=ORIENTED_EDGE('',*,*,#5146,.F.);
#5861=ORIENTED_EDGE('',*,*,#5268,.F.);
#5862=ORIENTED_EDGE('',*,*,#5004,.F.);
#5863=CARTESIAN_POINT('',(1300.5,-1381.0372583,0.4));
#5864=DIRECTION('',(0.678598344,-0.281084638,-0.678598345));
#5865=VECTOR('',#5864,0.589450303);
#5866=LINE('',#5863,#5865);
#5867=EDGE_CURVE('',#4991,#313,#5866,.T.);
#5868=ORIENTED_EDGE('',*,*,#5867,.T.);
#5869=ORIENTED_EDGE('',*,*,#318,.F.);
#5870=CARTESIAN_POINT('',(1297.202943725,-1384.9,0.));
#5871=DIRECTION('',(-0.281084638,0.678598344,0.678598345));
#5872=VECTOR('',#5871,0.589450303);
#5873=LINE('',#5870,#5872);
#5874=EDGE_CURVE('',#305,#5141,#5873,.T.);
#5875=ORIENTED_EDGE('',*,*,#5874,.T.);
#5876=EDGE_LOOP('',(#5860,#5861,#5862,#5868,#5869,#5875));
#5877=FACE_BOUND('',#5876,.T.);
#5878=ADVANCED_FACE('',(#5877),#5859,.T.);
#5879=CARTESIAN_POINT('',(1299.051471863,-1360.948528137,0.));
#5880=DIRECTION('',(-0.5,-0.5,-0.707106781));
#5881=DIRECTION('',(0.707106781,-0.707106781,0.));
#5882=AXIS2_PLACEMENT_3D('',#5879,#5880,#5881);
#5883=PLANE('',#5882);
#5884=ORIENTED_EDGE('',*,*,#4988,.F.);
#5885=ORIENTED_EDGE('',*,*,#5126,.F.);
#5886=ORIENTED_EDGE('',*,*,#5444,.F.);
#5887=CARTESIAN_POINT('',(1297.0372583,-1359.5,0.4));
#5888=DIRECTION('',(0.281084638,0.678598344,-0.678598345));
#5889=VECTOR('',#5888,0.589450303);
#5890=LINE('',#5887,#5889);
#5891=EDGE_CURVE('',#5433,#271,#5890,.T.);
#5892=ORIENTED_EDGE('',*,*,#5891,.T.);
#5893=ORIENTED_EDGE('',*,*,#332,.F.);
#5894=CARTESIAN_POINT('',(1300.9,-1362.797056275,0.));
#5895=DIRECTION('',(-0.678598344,-0.281084638,0.678598345));
#5896=VECTOR('',#5895,0.589450303);
#5897=LINE('',#5894,#5896);
#5898=EDGE_CURVE('',#321,#4983,#5897,.T.);
#5899=ORIENTED_EDGE('',*,*,#5898,.T.);
#5900=EDGE_LOOP('',(#5884,#5885,#5886,#5892,#5893,#5899));
#5901=FACE_BOUND('',#5900,.T.);
#5902=ADVANCED_FACE('',(#5901),#5883,.T.);
#5903=CARTESIAN_POINT('',(1275.15,-1379.273044738,5.4));
#5904=DIRECTION('',(-0.5,-0.5,-0.707106781));
#5905=DIRECTION('',(0.707106781,-0.707106781,0.));
#5906=AXIS2_PLACEMENT_3D('',#5903,#5904,#5905);
#5907=PLANE('',#5906);
#5908=ORIENTED_EDGE('',*,*,#5664,.F.);
#5909=CARTESIAN_POINT('',(1275.5,-1381.0372583,6.4));
#5910=DIRECTION('',(-0.678598344,-0.281084638,0.678598345));
#5911=VECTOR('',#5910,0.589450303);
#5912=LINE('',#5909,#5911);
#5913=EDGE_CURVE('',#5653,#1877,#5912,.T.);
#5914=ORIENTED_EDGE('',*,*,#5913,.T.);
#5915=ORIENTED_EDGE('',*,*,#1938,.F.);
#5916=CARTESIAN_POINT('',(1278.797056275,-1384.9,6.8));
#5917=DIRECTION('',(0.281084638,0.678598344,-0.678598345));
#5918=VECTOR('',#5917,0.589450303);
#5919=LINE('',#5916,#5918);
#5920=EDGE_CURVE('',#1927,#5597,#5919,.T.);
#5921=ORIENTED_EDGE('',*,*,#5920,.T.);
#5922=ORIENTED_EDGE('',*,*,#5602,.F.);
#5923=ORIENTED_EDGE('',*,*,#5405,.F.);
#5924=EDGE_LOOP('',(#5908,#5914,#5915,#5921,#5922,#5923));
#5925=FACE_BOUND('',#5924,.T.);
#5926=ADVANCED_FACE('',(#5925),#5907,.F.);
#5927=CARTESIAN_POINT('',(1275.1,-1372.,6.8));
#5928=DIRECTION('',(-0.707106781,0.,-0.707106781));
#5929=DIRECTION('',(0.,1.,0.));
#5930=AXIS2_PLACEMENT_3D('',#5927,#5928,#5929);
#5931=PLANE('',#5930);
#5932=ORIENTED_EDGE('',*,*,#5913,.F.);
#5933=ORIENTED_EDGE('',*,*,#5658,.F.);
#5934=ORIENTED_EDGE('',*,*,#5776,.F.);
#5935=ORIENTED_EDGE('',*,*,#1884,.F.);
#5936=EDGE_LOOP('',(#5932,#5933,#5934,#5935));
#5937=FACE_BOUND('',#5936,.T.);
#5938=ADVANCED_FACE('',(#5937),#5931,.F.);
#5939=CARTESIAN_POINT('',(1288.,-1359.1,0.));
#5940=DIRECTION('',(0.,-0.707106781,-0.707106781));
#5941=DIRECTION('',(1.,0.,0.));
#5942=AXIS2_PLACEMENT_3D('',#5939,#5940,#5941);
#5943=PLANE('',#5942);
#5944=ORIENTED_EDGE('',*,*,#5891,.F.);
#5945=ORIENTED_EDGE('',*,*,#5438,.F.);
#5946=ORIENTED_EDGE('',*,*,#5754,.F.);
#5947=ORIENTED_EDGE('',*,*,#278,.F.);
#5948=EDGE_LOOP('',(#5944,#5945,#5946,#5947));
#5949=FACE_BOUND('',#5948,.T.);
#5950=ADVANCED_FACE('',(#5949),#5943,.T.);
#5951=CARTESIAN_POINT('',(1300.9,-1372.,0.));
#5952=DIRECTION('',(-0.707106781,0.,-0.707106781));
#5953=DIRECTION('',(0.,-1.,0.));
#5954=AXIS2_PLACEMENT_3D('',#5951,#5952,#5953);
#5955=PLANE('',#5954);
#5956=ORIENTED_EDGE('',*,*,#5867,.F.);
#5957=ORIENTED_EDGE('',*,*,#4996,.F.);
#5958=ORIENTED_EDGE('',*,*,#5898,.F.);
#5959=ORIENTED_EDGE('',*,*,#326,.F.);
#5960=EDGE_LOOP('',(#5956,#5957,#5958,#5959));
#5961=FACE_BOUND('',#5960,.T.);
#5962=ADVANCED_FACE('',(#5961),#5955,.T.);
#5963=CARTESIAN_POINT('',(1288.,-1384.9,6.8));
#5964=DIRECTION('',(0.,-0.707106781,-0.707106781));
#5965=DIRECTION('',(-1.,0.,0.));
#5966=AXIS2_PLACEMENT_3D('',#5963,#5964,#5965);
#5967=PLANE('',#5966);
#5968=ORIENTED_EDGE('',*,*,#5793,.F.);
#5969=ORIENTED_EDGE('',*,*,#5610,.F.);
#5970=ORIENTED_EDGE('',*,*,#5920,.F.);
#5971=ORIENTED_EDGE('',*,*,#1932,.F.);
#5972=EDGE_LOOP('',(#5968,#5969,#5970,#5971));
#5973=FACE_BOUND('',#5972,.T.);
#5974=ADVANCED_FACE('',(#5973),#5967,.F.);
#5975=CARTESIAN_POINT('',(1300.9,-1372.,6.8));
#5976=DIRECTION('',(0.707106781,0.,-0.707106781));
#5977=DIRECTION('',(0.,-1.,0.));
#5978=AXIS2_PLACEMENT_3D('',#5975,#5976,#5977);
#5979=PLANE('',#5978);
#5980=ORIENTED_EDGE('',*,*,#5841,.F.);
#5981=ORIENTED_EDGE('',*,*,#5562,.F.);
#5982=ORIENTED_EDGE('',*,*,#5800,.F.);
#5983=ORIENTED_EDGE('',*,*,#1916,.F.);
#5984=EDGE_LOOP('',(#5980,#5981,#5982,#5983));
#5985=FACE_BOUND('',#5984,.T.);
#5986=ADVANCED_FACE('',(#5985),#5979,.F.);
#5987=CARTESIAN_POINT('',(1288.,-1359.1,6.8));
#5988=DIRECTION('',(0.,0.707106781,-0.707106781));
#5989=DIRECTION('',(1.,0.,0.));
#5990=AXIS2_PLACEMENT_3D('',#5987,#5988,#5989);
#5991=PLANE('',#5990);
#5992=ORIENTED_EDGE('',*,*,#5769,.F.);
#5993=ORIENTED_EDGE('',*,*,#5706,.F.);
#5994=ORIENTED_EDGE('',*,*,#5848,.F.);
#5995=ORIENTED_EDGE('',*,*,#1900,.F.);
#5996=EDGE_LOOP('',(#5992,#5993,#5994,#5995));
#5997=FACE_BOUND('',#5996,.T.);
#5998=ADVANCED_FACE('',(#5997),#5991,.F.);
#5999=CARTESIAN_POINT('',(1275.1,-1372.,0.));
#6000=DIRECTION('',(0.707106781,0.,-0.707106781));
#6001=DIRECTION('',(0.,1.,0.));
#6002=AXIS2_PLACEMENT_3D('',#5999,#6000,#6001);
#6003=PLANE('',#6002);
#6004=ORIENTED_EDGE('',*,*,#5747,.F.);
#6005=ORIENTED_EDGE('',*,*,#5296,.F.);
#6006=ORIENTED_EDGE('',*,*,#5826,.F.);
#6007=ORIENTED_EDGE('',*,*,#294,.F.);
#6008=EDGE_LOOP('',(#6004,#6005,#6006,#6007));
#6009=FACE_BOUND('',#6008,.T.);
#6010=ADVANCED_FACE('',(#6009),#6003,.T.);
#6011=CARTESIAN_POINT('',(1288.,-1384.9,0.));
#6012=DIRECTION('',(0.,0.707106781,-0.707106781));
#6013=DIRECTION('',(-1.,0.,0.));
#6014=AXIS2_PLACEMENT_3D('',#6011,#6012,#6013);
#6015=PLANE('',#6014);
#6016=ORIENTED_EDGE('',*,*,#5819,.F.);
#6017=ORIENTED_EDGE('',*,*,#5154,.F.);
#6018=ORIENTED_EDGE('',*,*,#5874,.F.);
#6019=ORIENTED_EDGE('',*,*,#310,.F.);
#6020=EDGE_LOOP('',(#6016,#6017,#6018,#6019));
#6021=FACE_BOUND('',#6020,.T.);
#6022=ADVANCED_FACE('',(#6021),#6015,.T.);
#6023=CARTESIAN_POINT('',(1276.5,-1386.,4.6));
#6024=DIRECTION('',(0.,0.,-1.));
#6025=DIRECTION('',(1.,0.,0.));
#6026=AXIS2_PLACEMENT_3D('',#6023,#6024,#6025);
#6027=CYLINDRICAL_SURFACE('',#6026,2.6);
#6028=CARTESIAN_POINT('',(1279.1,-1386.,2.2));
#6029=VERTEX_POINT('',#6028);
#6030=CARTESIAN_POINT('',(1279.1,-1386.,4.6));
#6031=VERTEX_POINT('',#6030);
#6032=CARTESIAN_POINT('',(1279.1,-1386.,2.2));
#6033=DIRECTION('',(-0.,-0.,1.));
#6034=VECTOR('',#6033,2.4);
#6035=LINE('',#6032,#6034);
#6036=EDGE_CURVE('',#6029,#6031,#6035,.T.);
#6037=ORIENTED_EDGE('',*,*,#6036,.F.);
#6038=CARTESIAN_POINT('',(1276.5,-1388.6,2.2));
#6039=VERTEX_POINT('',#6038);
#6040=CARTESIAN_POINT('',(1276.5,-1386.,2.2));
#6041=DIRECTION('',(-0.,-0.,1.));
#6042=DIRECTION('',(-1.,0.,0.));
#6043=AXIS2_PLACEMENT_3D('',#6040,#6041,#6042);
#6044=CIRCLE('',#6043,2.6);
#6045=EDGE_CURVE('',#6039,#6029,#6044,.T.);
#6046=ORIENTED_EDGE('',*,*,#6045,.F.);
#6047=CARTESIAN_POINT('',(1276.5,-1388.6,4.6));
#6048=VERTEX_POINT('',#6047);
#6049=CARTESIAN_POINT('',(1276.5,-1388.6,4.6));
#6050=DIRECTION('',(-0.,-0.,-1.));
#6051=VECTOR('',#6050,2.4);
#6052=LINE('',#6049,#6051);
#6053=EDGE_CURVE('',#6048,#6039,#6052,.T.);
#6054=ORIENTED_EDGE('',*,*,#6053,.F.);
#6055=CARTESIAN_POINT('',(1276.5,-1386.,4.6));
#6056=DIRECTION('',(-0.,-0.,1.));
#6057=DIRECTION('',(-1.,0.,0.));
#6058=AXIS2_PLACEMENT_3D('',#6055,#6056,#6057);
#6059=CIRCLE('',#6058,2.6);
#6060=EDGE_CURVE('',#6048,#6031,#6059,.T.);
#6061=ORIENTED_EDGE('',*,*,#6060,.T.);
#6062=EDGE_LOOP('',(#6037,#6046,#6054,#6061));
#6063=FACE_BOUND('',#6062,.T.);
#6064=ADVANCED_FACE('',(#6063),#6027,.F.);
#6065=CARTESIAN_POINT('',(1288.,-1372.,4.6));
#6066=DIRECTION('',(0.,0.,1.));
#6067=DIRECTION('',(-1.,0.,0.));
#6068=AXIS2_PLACEMENT_3D('',#6065,#6066,#6067);
#6069=PLANE('',#6068);
#6070=ORIENTED_EDGE('',*,*,#1664,.F.);
#6071=CARTESIAN_POINT('',(1274.274557137,-1383.681567612,4.6));
#6072=VERTEX_POINT('',#6071);
#6073=CARTESIAN_POINT('',(1274.25,-1383.432776641,4.6));
#6074=DIRECTION('',(0.,0.,-1.));
#6075=DIRECTION('',(-1.,0.,0.));
#6076=AXIS2_PLACEMENT_3D('',#6073,#6074,#6075);
#6077=CIRCLE('',#6076,0.25);
#6078=EDGE_CURVE('',#6072,#1657,#6077,.T.);
#6079=ORIENTED_EDGE('',*,*,#6078,.F.);
#6080=CARTESIAN_POINT('',(1275.156119539,-1383.444776535,4.6));
#6081=VERTEX_POINT('',#6080);
#6082=CARTESIAN_POINT('',(1274.,-1380.9,4.6));
#6083=DIRECTION('',(-0.,-0.,1.));
#6084=DIRECTION('',(-1.,0.,0.));
#6085=AXIS2_PLACEMENT_3D('',#6082,#6083,#6084);
#6086=CIRCLE('',#6085,2.795084972);
#6087=EDGE_CURVE('',#6072,#6081,#6086,.T.);
#6088=ORIENTED_EDGE('',*,*,#6087,.T.);
#6089=CARTESIAN_POINT('',(1275.36293249,-1383.4,4.6));
#6090=VERTEX_POINT('',#6089);
#6091=CARTESIAN_POINT('',(1275.36293249,-1383.9,4.6));
#6092=DIRECTION('',(-0.,-0.,1.));
#6093=DIRECTION('',(-1.,0.,0.));
#6094=AXIS2_PLACEMENT_3D('',#6091,#6092,#6093);
#6095=CIRCLE('',#6094,0.5);
#6096=EDGE_CURVE('',#6090,#6081,#6095,.T.);
#6097=ORIENTED_EDGE('',*,*,#6096,.F.);
#6098=CARTESIAN_POINT('',(1276.5,-1383.4,4.6));
#6099=VERTEX_POINT('',#6098);
#6100=CARTESIAN_POINT('',(1276.5,-1383.4,4.6));
#6101=DIRECTION('',(-1.,0.,0.));
#6102=VECTOR('',#6101,1.13706751);
#6103=LINE('',#6100,#6102);
#6104=EDGE_CURVE('',#6099,#6090,#6103,.T.);
#6105=ORIENTED_EDGE('',*,*,#6104,.F.);
#6106=CARTESIAN_POINT('',(1276.5,-1386.,4.6));
#6107=DIRECTION('',(-0.,-0.,1.));
#6108=DIRECTION('',(-1.,0.,0.));
#6109=AXIS2_PLACEMENT_3D('',#6106,#6107,#6108);
#6110=CIRCLE('',#6109,2.6);
#6111=EDGE_CURVE('',#6031,#6099,#6110,.T.);
#6112=ORIENTED_EDGE('',*,*,#6111,.F.);
#6113=ORIENTED_EDGE('',*,*,#6060,.F.);
#6114=CARTESIAN_POINT('',(1275.36293249,-1388.6,4.6));
#6115=VERTEX_POINT('',#6114);
#6116=CARTESIAN_POINT('',(1276.5,-1388.6,4.6));
#6117=DIRECTION('',(-1.,0.,0.));
#6118=VECTOR('',#6117,1.13706751);
#6119=LINE('',#6116,#6118);
#6120=EDGE_CURVE('',#6048,#6115,#6119,.T.);
#6121=ORIENTED_EDGE('',*,*,#6120,.T.);
#6122=CARTESIAN_POINT('',(1275.156119539,-1388.555223465,4.6));
#6123=VERTEX_POINT('',#6122);
#6124=CARTESIAN_POINT('',(1275.36293249,-1388.1,4.6));
#6125=DIRECTION('',(-0.,-0.,1.));
#6126=DIRECTION('',(-1.,0.,0.));
#6127=AXIS2_PLACEMENT_3D('',#6124,#6125,#6126);
#6128=CIRCLE('',#6127,0.5);
#6129=EDGE_CURVE('',#6123,#6115,#6128,.T.);
#6130=ORIENTED_EDGE('',*,*,#6129,.F.);
#6131=CARTESIAN_POINT('',(1274.274557137,-1388.318432388,4.6));
#6132=VERTEX_POINT('',#6131);
#6133=CARTESIAN_POINT('',(1274.,-1391.1,4.6));
#6134=DIRECTION('',(-0.,-0.,1.));
#6135=DIRECTION('',(-1.,0.,0.));
#6136=AXIS2_PLACEMENT_3D('',#6133,#6134,#6135);
#6137=CIRCLE('',#6136,2.795084972);
#6138=EDGE_CURVE('',#6123,#6132,#6137,.T.);
#6139=ORIENTED_EDGE('',*,*,#6138,.T.);
#6140=CARTESIAN_POINT('',(1274.25,-1388.567223359,4.6));
#6141=DIRECTION('',(0.,0.,-1.));
#6142=DIRECTION('',(-1.,0.,0.));
#6143=AXIS2_PLACEMENT_3D('',#6140,#6141,#6142);
#6144=CIRCLE('',#6143,0.25);
#6145=EDGE_CURVE('',#1659,#6132,#6144,.T.);
#6146=ORIENTED_EDGE('',*,*,#6145,.F.);
#6147=EDGE_LOOP('',(#6070,#6079,#6088,#6097,#6105,#6112,#6113,#6121,#6130,#6139,#6146));
#6148=FACE_BOUND('',#6147,.T.);
#6149=ADVANCED_FACE('',(#6148),#6069,.F.);
#6150=CARTESIAN_POINT('',(1288.,-1372.,2.2));
#6151=DIRECTION('',(0.,0.,1.));
#6152=DIRECTION('',(-1.,0.,0.));
#6153=AXIS2_PLACEMENT_3D('',#6150,#6151,#6152);
#6154=PLANE('',#6153);
#6155=ORIENTED_EDGE('',*,*,#1680,.T.);
#6156=CARTESIAN_POINT('',(1274.274557137,-1388.318432388,2.2));
#6157=VERTEX_POINT('',#6156);
#6158=CARTESIAN_POINT('',(1274.25,-1388.567223359,2.2));
#6159=DIRECTION('',(-0.,-0.,1.));
#6160=DIRECTION('',(-1.,0.,0.));
#6161=AXIS2_PLACEMENT_3D('',#6158,#6159,#6160);
#6162=CIRCLE('',#6161,0.25);
#6163=EDGE_CURVE('',#6157,#1667,#6162,.T.);
#6164=ORIENTED_EDGE('',*,*,#6163,.F.);
#6165=CARTESIAN_POINT('',(1275.156119539,-1388.555223465,2.2));
#6166=VERTEX_POINT('',#6165);
#6167=CARTESIAN_POINT('',(1274.,-1391.1,2.2));
#6168=DIRECTION('',(-0.,-0.,1.));
#6169=DIRECTION('',(-1.,0.,0.));
#6170=AXIS2_PLACEMENT_3D('',#6167,#6168,#6169);
#6171=CIRCLE('',#6170,2.795084972);
#6172=EDGE_CURVE('',#6166,#6157,#6171,.T.);
#6173=ORIENTED_EDGE('',*,*,#6172,.F.);
#6174=CARTESIAN_POINT('',(1275.36293249,-1388.6,2.2));
#6175=VERTEX_POINT('',#6174);
#6176=CARTESIAN_POINT('',(1275.36293249,-1388.1,2.2));
#6177=DIRECTION('',(0.,0.,-1.));
#6178=DIRECTION('',(-1.,0.,0.));
#6179=AXIS2_PLACEMENT_3D('',#6176,#6177,#6178);
#6180=CIRCLE('',#6179,0.5);
#6181=EDGE_CURVE('',#6175,#6166,#6180,.T.);
#6182=ORIENTED_EDGE('',*,*,#6181,.F.);
#6183=CARTESIAN_POINT('',(1276.5,-1388.6,2.2));
#6184=DIRECTION('',(-1.,0.,0.));
#6185=VECTOR('',#6184,1.13706751);
#6186=LINE('',#6183,#6185);
#6187=EDGE_CURVE('',#6039,#6175,#6186,.T.);
#6188=ORIENTED_EDGE('',*,*,#6187,.F.);
#6189=ORIENTED_EDGE('',*,*,#6045,.T.);
#6190=CARTESIAN_POINT('',(1276.5,-1383.4,2.2));
#6191=VERTEX_POINT('',#6190);
#6192=CARTESIAN_POINT('',(1276.5,-1386.,2.2));
#6193=DIRECTION('',(-0.,-0.,1.));
#6194=DIRECTION('',(-1.,0.,0.));
#6195=AXIS2_PLACEMENT_3D('',#6192,#6193,#6194);
#6196=CIRCLE('',#6195,2.6);
#6197=EDGE_CURVE('',#6029,#6191,#6196,.T.);
#6198=ORIENTED_EDGE('',*,*,#6197,.T.);
#6199=CARTESIAN_POINT('',(1275.36293249,-1383.4,2.2));
#6200=VERTEX_POINT('',#6199);
#6201=CARTESIAN_POINT('',(1276.5,-1383.4,2.2));
#6202=DIRECTION('',(-1.,0.,0.));
#6203=VECTOR('',#6202,1.13706751);
#6204=LINE('',#6201,#6203);
#6205=EDGE_CURVE('',#6191,#6200,#6204,.T.);
#6206=ORIENTED_EDGE('',*,*,#6205,.T.);
#6207=CARTESIAN_POINT('',(1275.156119539,-1383.444776535,2.2));
#6208=VERTEX_POINT('',#6207);
#6209=CARTESIAN_POINT('',(1275.36293249,-1383.9,2.2));
#6210=DIRECTION('',(0.,0.,-1.));
#6211=DIRECTION('',(-1.,0.,0.));
#6212=AXIS2_PLACEMENT_3D('',#6209,#6210,#6211);
#6213=CIRCLE('',#6212,0.5);
#6214=EDGE_CURVE('',#6208,#6200,#6213,.T.);
#6215=ORIENTED_EDGE('',*,*,#6214,.F.);
#6216=CARTESIAN_POINT('',(1274.274557137,-1383.681567612,2.2));
#6217=VERTEX_POINT('',#6216);
#6218=CARTESIAN_POINT('',(1274.,-1380.9,2.2));
#6219=DIRECTION('',(-0.,-0.,1.));
#6220=DIRECTION('',(-1.,0.,0.));
#6221=AXIS2_PLACEMENT_3D('',#6218,#6219,#6220);
#6222=CIRCLE('',#6221,2.795084972);
#6223=EDGE_CURVE('',#6217,#6208,#6222,.T.);
#6224=ORIENTED_EDGE('',*,*,#6223,.F.);
#6225=CARTESIAN_POINT('',(1274.25,-1383.432776641,2.2));
#6226=DIRECTION('',(-0.,-0.,1.));
#6227=DIRECTION('',(-1.,0.,0.));
#6228=AXIS2_PLACEMENT_3D('',#6225,#6226,#6227);
#6229=CIRCLE('',#6228,0.25);
#6230=EDGE_CURVE('',#1675,#6217,#6229,.T.);
#6231=ORIENTED_EDGE('',*,*,#6230,.F.);
#6232=EDGE_LOOP('',(#6155,#6164,#6173,#6182,#6188,#6189,#6198,#6206,#6215,#6224,#6231));
#6233=FACE_BOUND('',#6232,.T.);
#6234=ADVANCED_FACE('',(#6233),#6154,.T.);
#6235=CARTESIAN_POINT('',(1275.36293249,-1383.9,4.6));
#6236=DIRECTION('',(0.,0.,-1.));
#6237=DIRECTION('',(1.,0.,0.));
#6238=AXIS2_PLACEMENT_3D('',#6235,#6236,#6237);
#6239=CYLINDRICAL_SURFACE('',#6238,0.5);
#6240=ORIENTED_EDGE('',*,*,#6096,.T.);
#6241=CARTESIAN_POINT('',(1275.156119539,-1383.444776535,4.6));
#6242=DIRECTION('',(0.,0.,-1.));
#6243=VECTOR('',#6242,2.4);
#6244=LINE('',#6241,#6243);
#6245=EDGE_CURVE('',#6081,#6208,#6244,.T.);
#6246=ORIENTED_EDGE('',*,*,#6245,.T.);
#6247=ORIENTED_EDGE('',*,*,#6214,.T.);
#6248=CARTESIAN_POINT('',(1275.36293249,-1383.4,2.2));
#6249=DIRECTION('',(-0.,-0.,1.));
#6250=VECTOR('',#6249,2.4);
#6251=LINE('',#6248,#6250);
#6252=EDGE_CURVE('',#6200,#6090,#6251,.T.);
#6253=ORIENTED_EDGE('',*,*,#6252,.T.);
#6254=EDGE_LOOP('',(#6240,#6246,#6247,#6253));
#6255=FACE_BOUND('',#6254,.T.);
#6256=ADVANCED_FACE('',(#6255),#6239,.F.);
#6257=CARTESIAN_POINT('',(1275.875,-1383.4,4.6));
#6258=DIRECTION('',(0.,-1.,0.));
#6259=DIRECTION('',(0.,0.,1.));
#6260=AXIS2_PLACEMENT_3D('',#6257,#6258,#6259);
#6261=PLANE('',#6260);
#6262=ORIENTED_EDGE('',*,*,#6205,.F.);
#6263=CARTESIAN_POINT('',(1276.5,-1383.4,4.6));
#6264=DIRECTION('',(0.,0.,-1.));
#6265=VECTOR('',#6264,2.4);
#6266=LINE('',#6263,#6265);
#6267=EDGE_CURVE('',#6099,#6191,#6266,.T.);
#6268=ORIENTED_EDGE('',*,*,#6267,.F.);
#6269=ORIENTED_EDGE('',*,*,#6104,.T.);
#6270=ORIENTED_EDGE('',*,*,#6252,.F.);
#6271=EDGE_LOOP('',(#6262,#6268,#6269,#6270));
#6272=FACE_BOUND('',#6271,.T.);
#6273=ADVANCED_FACE('',(#6272),#6261,.T.);
#6274=CARTESIAN_POINT('',(1274.,-1380.9,4.6));
#6275=DIRECTION('',(0.,0.,-1.));
#6276=DIRECTION('',(1.,0.,0.));
#6277=AXIS2_PLACEMENT_3D('',#6274,#6275,#6276);
#6278=CYLINDRICAL_SURFACE('',#6277,2.795084972);
#6279=ORIENTED_EDGE('',*,*,#6087,.F.);
#6280=CARTESIAN_POINT('',(1274.274557137,-1383.681567612,2.2));
#6281=DIRECTION('',(-0.,-0.,1.));
#6282=VECTOR('',#6281,2.4);
#6283=LINE('',#6280,#6282);
#6284=EDGE_CURVE('',#6217,#6072,#6283,.T.);
#6285=ORIENTED_EDGE('',*,*,#6284,.F.);
#6286=ORIENTED_EDGE('',*,*,#6223,.T.);
#6287=ORIENTED_EDGE('',*,*,#6245,.F.);
#6288=EDGE_LOOP('',(#6279,#6285,#6286,#6287));
#6289=FACE_BOUND('',#6288,.T.);
#6290=ADVANCED_FACE('',(#6289),#6278,.T.);
#6291=CARTESIAN_POINT('',(1274.25,-1383.432776641,4.6));
#6292=DIRECTION('',(0.,0.,-1.));
#6293=DIRECTION('',(1.,0.,0.));
#6294=AXIS2_PLACEMENT_3D('',#6291,#6292,#6293);
#6295=CYLINDRICAL_SURFACE('',#6294,0.25);
#6296=ORIENTED_EDGE('',*,*,#6078,.T.);
#6297=ORIENTED_EDGE('',*,*,#1686,.T.);
#6298=ORIENTED_EDGE('',*,*,#6230,.T.);
#6299=ORIENTED_EDGE('',*,*,#6284,.T.);
#6300=EDGE_LOOP('',(#6296,#6297,#6298,#6299));
#6301=FACE_BOUND('',#6300,.T.);
#6302=ADVANCED_FACE('',(#6301),#6295,.T.);
#6303=CARTESIAN_POINT('',(1275.875,-1360.6,4.6));
#6304=DIRECTION('',(0.,-1.,0.));
#6305=DIRECTION('',(0.,0.,1.));
#6306=AXIS2_PLACEMENT_3D('',#6303,#6304,#6305);
#6307=PLANE('',#6306);
#6308=ORIENTED_EDGE('',*,*,#4729,.F.);
#6309=ORIENTED_EDGE('',*,*,#4662,.T.);
#6310=ORIENTED_EDGE('',*,*,#4796,.T.);
#6311=CARTESIAN_POINT('',(1275.36293249,-1360.6,4.6));
#6312=DIRECTION('',(0.,0.,-1.));
#6313=VECTOR('',#6312,2.4);
#6314=LINE('',#6311,#6313);
#6315=EDGE_CURVE('',#4724,#4784,#6314,.T.);
#6316=ORIENTED_EDGE('',*,*,#6315,.F.);
#6317=EDGE_LOOP('',(#6308,#6309,#6310,#6316));
#6318=FACE_BOUND('',#6317,.T.);
#6319=ADVANCED_FACE('',(#6318),#6307,.F.);
#6320=CARTESIAN_POINT('',(1275.36293249,-1360.1,4.6));
#6321=DIRECTION('',(0.,0.,-1.));
#6322=DIRECTION('',(1.,0.,0.));
#6323=AXIS2_PLACEMENT_3D('',#6320,#6321,#6322);
#6324=CYLINDRICAL_SURFACE('',#6323,0.5);
#6325=ORIENTED_EDGE('',*,*,#4738,.T.);
#6326=ORIENTED_EDGE('',*,*,#6315,.T.);
#6327=ORIENTED_EDGE('',*,*,#4790,.T.);
#6328=CARTESIAN_POINT('',(1275.156119539,-1360.555223465,2.2));
#6329=DIRECTION('',(-0.,-0.,1.));
#6330=VECTOR('',#6329,2.4);
#6331=LINE('',#6328,#6330);
#6332=EDGE_CURVE('',#4775,#4732,#6331,.T.);
#6333=ORIENTED_EDGE('',*,*,#6332,.T.);
#6334=EDGE_LOOP('',(#6325,#6326,#6327,#6333));
#6335=FACE_BOUND('',#6334,.T.);
#6336=ADVANCED_FACE('',(#6335),#6324,.F.);
#6337=CARTESIAN_POINT('',(1274.,-1363.1,4.6));
#6338=DIRECTION('',(0.,0.,-1.));
#6339=DIRECTION('',(1.,0.,0.));
#6340=AXIS2_PLACEMENT_3D('',#6337,#6338,#6339);
#6341=CYLINDRICAL_SURFACE('',#6340,2.795084972);
#6342=ORIENTED_EDGE('',*,*,#4781,.T.);
#6343=CARTESIAN_POINT('',(1274.274557137,-1360.318432388,4.6));
#6344=DIRECTION('',(0.,0.,-1.));
#6345=VECTOR('',#6344,2.4);
#6346=LINE('',#6343,#6345);
#6347=EDGE_CURVE('',#4741,#4766,#6346,.T.);
#6348=ORIENTED_EDGE('',*,*,#6347,.F.);
#6349=ORIENTED_EDGE('',*,*,#4747,.F.);
#6350=ORIENTED_EDGE('',*,*,#6332,.F.);
#6351=EDGE_LOOP('',(#6342,#6348,#6349,#6350));
#6352=FACE_BOUND('',#6351,.T.);
#6353=ADVANCED_FACE('',(#6352),#6341,.T.);
#6354=CARTESIAN_POINT('',(1274.25,-1360.567223359,4.6));
#6355=DIRECTION('',(0.,0.,-1.));
#6356=DIRECTION('',(1.,0.,0.));
#6357=AXIS2_PLACEMENT_3D('',#6354,#6355,#6356);
#6358=CYLINDRICAL_SURFACE('',#6357,0.25);
#6359=ORIENTED_EDGE('',*,*,#4754,.T.);
#6360=ORIENTED_EDGE('',*,*,#6347,.T.);
#6361=ORIENTED_EDGE('',*,*,#4772,.T.);
#6362=ORIENTED_EDGE('',*,*,#1638,.T.);
#6363=EDGE_LOOP('',(#6359,#6360,#6361,#6362));
#6364=FACE_BOUND('',#6363,.T.);
#6365=ADVANCED_FACE('',(#6364),#6358,.T.);
#6366=CARTESIAN_POINT('',(1300.5,-1400.,2.4));
#6367=DIRECTION('',(-1.,0.,0.));
#6368=DIRECTION('',(0.,-1.,0.));
#6369=AXIS2_PLACEMENT_3D('',#6366,#6367,#6368);
#6370=PLANE('',#6369);
#6371=CARTESIAN_POINT('',(1300.5,-1392.376955262,1.4));
#6372=VERTEX_POINT('',#6371);
#6373=CARTESIAN_POINT('',(1300.5,-1390.9627417,0.4));
#6374=VERTEX_POINT('',#6373);
#6375=CARTESIAN_POINT('',(1300.5,-1392.376955262,1.4));
#6376=DIRECTION('',(0.,0.816496581,-0.577350269));
#6377=VECTOR('',#6376,1.732050807);
#6378=LINE('',#6375,#6377);
#6379=EDGE_CURVE('',#6372,#6374,#6378,.T.);
#6380=ORIENTED_EDGE('',*,*,#6379,.T.);
#6381=CARTESIAN_POINT('',(1300.5,-1409.0372583,0.4));
#6382=VERTEX_POINT('',#6381);
#6383=CARTESIAN_POINT('',(1300.5,-1390.9627417,0.4));
#6384=DIRECTION('',(0.,-1.,0.));
#6385=VECTOR('',#6384,18.0745166);
#6386=LINE('',#6383,#6385);
#6387=EDGE_CURVE('',#6374,#6382,#6386,.T.);
#6388=ORIENTED_EDGE('',*,*,#6387,.T.);
#6389=CARTESIAN_POINT('',(1300.5,-1407.623044738,1.4));
#6390=VERTEX_POINT('',#6389);
#6391=CARTESIAN_POINT('',(1300.5,-1409.0372583,0.4));
#6392=DIRECTION('',(0.,0.816496581,0.577350269));
#6393=VECTOR('',#6392,1.732050807);
#6394=LINE('',#6391,#6393);
#6395=EDGE_CURVE('',#6382,#6390,#6394,.T.);
#6396=ORIENTED_EDGE('',*,*,#6395,.T.);
#6397=CARTESIAN_POINT('',(1300.5,-1407.623044738,1.4));
#6398=DIRECTION('',(-0.,1.,-0.));
#6399=VECTOR('',#6398,15.246089476);
#6400=LINE('',#6397,#6399);
#6401=EDGE_CURVE('',#6390,#6372,#6400,.T.);
#6402=ORIENTED_EDGE('',*,*,#6401,.T.);
#6403=EDGE_LOOP('',(#6380,#6388,#6396,#6402));
#6404=FACE_BOUND('',#6403,.T.);
#6405=ADVANCED_FACE('',(#6404),#6370,.T.);
#6406=CARTESIAN_POINT('',(1300.5,-1400.,1.4));
#6407=DIRECTION('',(0.819231921,0.,-0.573462344));
#6408=DIRECTION('',(0.,1.,0.));
#6409=AXIS2_PLACEMENT_3D('',#6406,#6407,#6408);
#6410=PLANE('',#6409);
#6411=CARTESIAN_POINT('',(1301.2,-1406.923044738,2.4));
#6412=VERTEX_POINT('',#6411);
#6413=CARTESIAN_POINT('',(1301.2,-1406.923044738,2.4));
#6414=DIRECTION('',(-0.497468338,-0.497468338,-0.710669055));
#6415=VECTOR('',#6414,1.407124728);
#6416=LINE('',#6413,#6415);
#6417=EDGE_CURVE('',#6412,#6390,#6416,.T.);
#6418=ORIENTED_EDGE('',*,*,#6417,.F.);
#6419=CARTESIAN_POINT('',(1301.2,-1393.076955262,2.4));
#6420=VERTEX_POINT('',#6419);
#6421=CARTESIAN_POINT('',(1301.199999999,-1406.923044738,2.4));
#6422=DIRECTION('',(0.,1.,0.));
#6423=VECTOR('',#6422,13.846089476);
#6424=LINE('',#6421,#6423);
#6425=EDGE_CURVE('',#6412,#6420,#6424,.T.);
#6426=ORIENTED_EDGE('',*,*,#6425,.T.);
#6427=CARTESIAN_POINT('',(1300.5,-1392.376955262,1.4));
#6428=DIRECTION('',(0.497468338,-0.497468338,0.710669055));
#6429=VECTOR('',#6428,1.407124728);
#6430=LINE('',#6427,#6429);
#6431=EDGE_CURVE('',#6372,#6420,#6430,.T.);
#6432=ORIENTED_EDGE('',*,*,#6431,.F.);
#6433=ORIENTED_EDGE('',*,*,#6401,.F.);
#6434=EDGE_LOOP('',(#6418,#6426,#6432,#6433));
#6435=FACE_BOUND('',#6434,.T.);
#6436=ADVANCED_FACE('',(#6435),#6410,.F.);
#6437=CARTESIAN_POINT('',(1301.2,-1400.,6.8));
#6438=DIRECTION('',(-1.,0.,0.));
#6439=DIRECTION('',(0.,-1.,0.));
#6440=AXIS2_PLACEMENT_3D('',#6437,#6438,#6439);
#6441=PLANE('',#6440);
#6442=ORIENTED_EDGE('',*,*,#6425,.F.);
#6443=CARTESIAN_POINT('',(1301.2,-1406.923044738,4.4));
#6444=VERTEX_POINT('',#6443);
#6445=CARTESIAN_POINT('',(1301.2,-1406.923044738,4.4));
#6446=DIRECTION('',(-0.,-0.,-1.));
#6447=VECTOR('',#6446,2.);
#6448=LINE('',#6445,#6447);
#6449=EDGE_CURVE('',#6444,#6412,#6448,.T.);
#6450=ORIENTED_EDGE('',*,*,#6449,.F.);
#6451=CARTESIAN_POINT('',(1301.2,-1393.076955262,4.4));
#6452=VERTEX_POINT('',#6451);
#6453=CARTESIAN_POINT('',(1301.2,-1406.923044738,4.4));
#6454=DIRECTION('',(-0.,1.,-0.));
#6455=VECTOR('',#6454,13.846089476);
#6456=LINE('',#6453,#6455);
#6457=EDGE_CURVE('',#6444,#6452,#6456,.T.);
#6458=ORIENTED_EDGE('',*,*,#6457,.T.);
#6459=CARTESIAN_POINT('',(1301.2,-1393.076955262,4.4));
#6460=DIRECTION('',(-0.,-0.,-1.));
#6461=VECTOR('',#6460,2.);
#6462=LINE('',#6459,#6461);
#6463=EDGE_CURVE('',#6452,#6420,#6462,.T.);
#6464=ORIENTED_EDGE('',*,*,#6463,.T.);
#6465=EDGE_LOOP('',(#6442,#6450,#6458,#6464));
#6466=FACE_BOUND('',#6465,.T.);
#6467=ADVANCED_FACE('',(#6466),#6441,.T.);
#6468=CARTESIAN_POINT('',(1300.85,-1392.726955262,6.8));
#6469=DIRECTION('',(-0.707106781,-0.707106781,0.));
#6470=DIRECTION('',(0.707106781,-0.707106781,0.));
#6471=AXIS2_PLACEMENT_3D('',#6468,#6469,#6470);
#6472=PLANE('',#6471);
#6473=CARTESIAN_POINT('',(1300.5,-1392.376955262,5.4));
#6474=VERTEX_POINT('',#6473);
#6475=CARTESIAN_POINT('',(1301.2,-1393.076955262,4.4));
#6476=DIRECTION('',(-0.497468338,0.497468338,0.710669055));
#6477=VECTOR('',#6476,1.407124728);
#6478=LINE('',#6475,#6477);
#6479=EDGE_CURVE('',#6452,#6474,#6478,.T.);
#6480=ORIENTED_EDGE('',*,*,#6479,.T.);
#6481=CARTESIAN_POINT('',(1295.623044738,-1387.5,5.4));
#6482=VERTEX_POINT('',#6481);
#6483=CARTESIAN_POINT('',(1300.5,-1392.376955262,5.4));
#6484=DIRECTION('',(-0.707106781,0.707106781,-0.));
#6485=VECTOR('',#6484,6.897056275);
#6486=LINE('',#6483,#6485);
#6487=EDGE_CURVE('',#6474,#6482,#6486,.T.);
#6488=ORIENTED_EDGE('',*,*,#6487,.T.);
#6489=CARTESIAN_POINT('',(1294.923044738,-1386.8,4.4));
#6490=VERTEX_POINT('',#6489);
#6491=CARTESIAN_POINT('',(1295.623044738,-1387.5,5.4));
#6492=DIRECTION('',(-0.497468338,0.497468338,-0.710669055));
#6493=VECTOR('',#6492,1.407124728);
#6494=LINE('',#6491,#6493);
#6495=EDGE_CURVE('',#6482,#6490,#6494,.T.);
#6496=ORIENTED_EDGE('',*,*,#6495,.T.);
#6497=CARTESIAN_POINT('',(1294.923044738,-1386.8,2.4));
#6498=VERTEX_POINT('',#6497);
#6499=CARTESIAN_POINT('',(1294.923044738,-1386.8,4.4));
#6500=DIRECTION('',(-0.,-0.,-1.));
#6501=VECTOR('',#6500,2.);
#6502=LINE('',#6499,#6501);
#6503=EDGE_CURVE('',#6490,#6498,#6502,.T.);
#6504=ORIENTED_EDGE('',*,*,#6503,.T.);
#6505=CARTESIAN_POINT('',(1295.623044738,-1387.5,1.4));
#6506=VERTEX_POINT('',#6505);
#6507=CARTESIAN_POINT('',(1294.923044738,-1386.8,2.4));
#6508=DIRECTION('',(0.497468338,-0.497468338,-0.710669055));
#6509=VECTOR('',#6508,1.407124728);
#6510=LINE('',#6507,#6509);
#6511=EDGE_CURVE('',#6498,#6506,#6510,.T.);
#6512=ORIENTED_EDGE('',*,*,#6511,.T.);
#6513=CARTESIAN_POINT('',(1295.623044738,-1387.5,1.4));
#6514=DIRECTION('',(0.707106781,-0.707106781,0.));
#6515=VECTOR('',#6514,6.897056275);
#6516=LINE('',#6513,#6515);
#6517=EDGE_CURVE('',#6506,#6372,#6516,.T.);
#6518=ORIENTED_EDGE('',*,*,#6517,.T.);
#6519=ORIENTED_EDGE('',*,*,#6431,.T.);
#6520=ORIENTED_EDGE('',*,*,#6463,.F.);
#6521=EDGE_LOOP('',(#6480,#6488,#6496,#6504,#6512,#6518,#6519,#6520));
#6522=FACE_BOUND('',#6521,.T.);
#6523=ADVANCED_FACE('',(#6522),#6472,.T.);
#6524=CARTESIAN_POINT('',(1288.,-1412.5,2.4));
#6525=DIRECTION('',(0.,1.,0.));
#6526=DIRECTION('',(-1.,0.,0.));
#6527=AXIS2_PLACEMENT_3D('',#6524,#6525,#6526);
#6528=PLANE('',#6527);
#6529=CARTESIAN_POINT('',(1295.623044738,-1412.5,1.4));
#6530=VERTEX_POINT('',#6529);
#6531=CARTESIAN_POINT('',(1297.0372583,-1412.5,0.4));
#6532=VERTEX_POINT('',#6531);
#6533=CARTESIAN_POINT('',(1295.623044738,-1412.5,1.4));
#6534=DIRECTION('',(0.816496581,0.,-0.577350269));
#6535=VECTOR('',#6534,1.732050807);
#6536=LINE('',#6533,#6535);
#6537=EDGE_CURVE('',#6530,#6532,#6536,.T.);
#6538=ORIENTED_EDGE('',*,*,#6537,.T.);
#6539=CARTESIAN_POINT('',(1278.9627417,-1412.5,0.4));
#6540=VERTEX_POINT('',#6539);
#6541=CARTESIAN_POINT('',(1297.0372583,-1412.5,0.4));
#6542=DIRECTION('',(-1.,0.,0.));
#6543=VECTOR('',#6542,18.0745166);
#6544=LINE('',#6541,#6543);
#6545=EDGE_CURVE('',#6532,#6540,#6544,.T.);
#6546=ORIENTED_EDGE('',*,*,#6545,.T.);
#6547=CARTESIAN_POINT('',(1280.376955262,-1412.5,1.4));
#6548=VERTEX_POINT('',#6547);
#6549=CARTESIAN_POINT('',(1278.9627417,-1412.5,0.4));
#6550=DIRECTION('',(0.816496581,0.,0.577350269));
#6551=VECTOR('',#6550,1.732050807);
#6552=LINE('',#6549,#6551);
#6553=EDGE_CURVE('',#6540,#6548,#6552,.T.);
#6554=ORIENTED_EDGE('',*,*,#6553,.T.);
#6555=CARTESIAN_POINT('',(1280.376955262,-1412.5,1.4));
#6556=DIRECTION('',(1.,-0.,-0.));
#6557=VECTOR('',#6556,15.246089476);
#6558=LINE('',#6555,#6557);
#6559=EDGE_CURVE('',#6548,#6530,#6558,.T.);
#6560=ORIENTED_EDGE('',*,*,#6559,.T.);
#6561=EDGE_LOOP('',(#6538,#6546,#6554,#6560));
#6562=FACE_BOUND('',#6561,.T.);
#6563=ADVANCED_FACE('',(#6562),#6528,.T.);
#6564=CARTESIAN_POINT('',(1288.,-1412.5,1.4));
#6565=DIRECTION('',(0.,-0.819231921,-0.573462344));
#6566=DIRECTION('',(1.,0.,0.));
#6567=AXIS2_PLACEMENT_3D('',#6564,#6565,#6566);
#6568=PLANE('',#6567);
#6569=CARTESIAN_POINT('',(1281.076955262,-1413.2,2.4));
#6570=VERTEX_POINT('',#6569);
#6571=CARTESIAN_POINT('',(1281.076955262,-1413.2,2.4));
#6572=DIRECTION('',(-0.497468338,0.497468338,-0.710669055));
#6573=VECTOR('',#6572,1.407124728);
#6574=LINE('',#6571,#6573);
#6575=EDGE_CURVE('',#6570,#6548,#6574,.T.);
#6576=ORIENTED_EDGE('',*,*,#6575,.F.);
#6577=CARTESIAN_POINT('',(1294.923044738,-1413.2,2.4));
#6578=VERTEX_POINT('',#6577);
#6579=CARTESIAN_POINT('',(1281.076955262,-1413.199999999,2.4));
#6580=DIRECTION('',(1.,0.,-0.));
#6581=VECTOR('',#6580,13.846089476);
#6582=LINE('',#6579,#6581);
#6583=EDGE_CURVE('',#6570,#6578,#6582,.T.);
#6584=ORIENTED_EDGE('',*,*,#6583,.T.);
#6585=CARTESIAN_POINT('',(1295.623044738,-1412.5,1.4));
#6586=DIRECTION('',(-0.497468338,-0.497468338,0.710669055));
#6587=VECTOR('',#6586,1.407124728);
#6588=LINE('',#6585,#6587);
#6589=EDGE_CURVE('',#6530,#6578,#6588,.T.);
#6590=ORIENTED_EDGE('',*,*,#6589,.F.);
#6591=ORIENTED_EDGE('',*,*,#6559,.F.);
#6592=EDGE_LOOP('',(#6576,#6584,#6590,#6591));
#6593=FACE_BOUND('',#6592,.T.);
#6594=ADVANCED_FACE('',(#6593),#6568,.F.);
#6595=CARTESIAN_POINT('',(1288.,-1413.2,6.8));
#6596=DIRECTION('',(0.,1.,0.));
#6597=DIRECTION('',(-1.,0.,0.));
#6598=AXIS2_PLACEMENT_3D('',#6595,#6596,#6597);
#6599=PLANE('',#6598);
#6600=ORIENTED_EDGE('',*,*,#6583,.F.);
#6601=CARTESIAN_POINT('',(1281.076955262,-1413.2,4.4));
#6602=VERTEX_POINT('',#6601);
#6603=CARTESIAN_POINT('',(1281.076955262,-1413.2,4.4));
#6604=DIRECTION('',(-0.,-0.,-1.));
#6605=VECTOR('',#6604,2.);
#6606=LINE('',#6603,#6605);
#6607=EDGE_CURVE('',#6602,#6570,#6606,.T.);
#6608=ORIENTED_EDGE('',*,*,#6607,.F.);
#6609=CARTESIAN_POINT('',(1294.923044738,-1413.2,4.4));
#6610=VERTEX_POINT('',#6609);
#6611=CARTESIAN_POINT('',(1281.076955262,-1413.2,4.4));
#6612=DIRECTION('',(1.,-0.,-0.));
#6613=VECTOR('',#6612,13.846089476);
#6614=LINE('',#6611,#6613);
#6615=EDGE_CURVE('',#6602,#6610,#6614,.T.);
#6616=ORIENTED_EDGE('',*,*,#6615,.T.);
#6617=CARTESIAN_POINT('',(1294.923044738,-1413.2,4.4));
#6618=DIRECTION('',(-0.,-0.,-1.));
#6619=VECTOR('',#6618,2.);
#6620=LINE('',#6617,#6619);
#6621=EDGE_CURVE('',#6610,#6578,#6620,.T.);
#6622=ORIENTED_EDGE('',*,*,#6621,.T.);
#6623=EDGE_LOOP('',(#6600,#6608,#6616,#6622));
#6624=FACE_BOUND('',#6623,.T.);
#6625=ADVANCED_FACE('',(#6624),#6599,.T.);
#6626=CARTESIAN_POINT('',(1295.273044738,-1412.85,6.8));
#6627=DIRECTION('',(-0.707106781,0.707106781,0.));
#6628=DIRECTION('',(-0.707106781,-0.707106781,0.));
#6629=AXIS2_PLACEMENT_3D('',#6626,#6627,#6628);
#6630=PLANE('',#6629);
#6631=CARTESIAN_POINT('',(1295.623044738,-1412.5,5.4));
#6632=VERTEX_POINT('',#6631);
#6633=CARTESIAN_POINT('',(1294.923044738,-1413.2,4.4));
#6634=DIRECTION('',(0.497468338,0.497468338,0.710669055));
#6635=VECTOR('',#6634,1.407124728);
#6636=LINE('',#6633,#6635);
#6637=EDGE_CURVE('',#6610,#6632,#6636,.T.);
#6638=ORIENTED_EDGE('',*,*,#6637,.T.);
#6639=CARTESIAN_POINT('',(1300.5,-1407.623044738,5.4));
#6640=VERTEX_POINT('',#6639);
#6641=CARTESIAN_POINT('',(1295.623044738,-1412.5,5.4));
#6642=DIRECTION('',(0.707106781,0.707106781,-0.));
#6643=VECTOR('',#6642,6.897056275);
#6644=LINE('',#6641,#6643);
#6645=EDGE_CURVE('',#6632,#6640,#6644,.T.);
#6646=ORIENTED_EDGE('',*,*,#6645,.T.);
#6647=CARTESIAN_POINT('',(1300.5,-1407.623044738,5.4));
#6648=DIRECTION('',(0.497468338,0.497468338,-0.710669055));
#6649=VECTOR('',#6648,1.407124728);
#6650=LINE('',#6647,#6649);
#6651=EDGE_CURVE('',#6640,#6444,#6650,.T.);
#6652=ORIENTED_EDGE('',*,*,#6651,.T.);
#6653=ORIENTED_EDGE('',*,*,#6449,.T.);
#6654=ORIENTED_EDGE('',*,*,#6417,.T.);
#6655=CARTESIAN_POINT('',(1300.5,-1407.623044738,1.4));
#6656=DIRECTION('',(-0.707106781,-0.707106781,0.));
#6657=VECTOR('',#6656,6.897056275);
#6658=LINE('',#6655,#6657);
#6659=EDGE_CURVE('',#6390,#6530,#6658,.T.);
#6660=ORIENTED_EDGE('',*,*,#6659,.T.);
#6661=ORIENTED_EDGE('',*,*,#6589,.T.);
#6662=ORIENTED_EDGE('',*,*,#6621,.F.);
#6663=EDGE_LOOP('',(#6638,#6646,#6652,#6653,#6654,#6660,#6661,#6662));
#6664=FACE_BOUND('',#6663,.T.);
#6665=ADVANCED_FACE('',(#6664),#6630,.T.);
#6666=CARTESIAN_POINT('',(1275.5,-1400.,2.4));
#6667=DIRECTION('',(1.,0.,0.));
#6668=DIRECTION('',(0.,1.,0.));
#6669=AXIS2_PLACEMENT_3D('',#6666,#6667,#6668);
#6670=PLANE('',#6669);
#6671=CARTESIAN_POINT('',(1275.5,-1407.623044738,1.4));
#6672=VERTEX_POINT('',#6671);
#6673=CARTESIAN_POINT('',(1275.5,-1409.0372583,0.4));
#6674=VERTEX_POINT('',#6673);
#6675=CARTESIAN_POINT('',(1275.5,-1407.623044738,1.4));
#6676=DIRECTION('',(0.,-0.816496581,-0.577350269));
#6677=VECTOR('',#6676,1.732050807);
#6678=LINE('',#6675,#6677);
#6679=EDGE_CURVE('',#6672,#6674,#6678,.T.);
#6680=ORIENTED_EDGE('',*,*,#6679,.T.);
#6681=CARTESIAN_POINT('',(1275.5,-1390.9627417,0.4));
#6682=VERTEX_POINT('',#6681);
#6683=CARTESIAN_POINT('',(1275.5,-1409.0372583,0.4));
#6684=DIRECTION('',(0.,1.,0.));
#6685=VECTOR('',#6684,18.0745166);
#6686=LINE('',#6683,#6685);
#6687=EDGE_CURVE('',#6674,#6682,#6686,.T.);
#6688=ORIENTED_EDGE('',*,*,#6687,.T.);
#6689=CARTESIAN_POINT('',(1275.5,-1392.376955262,1.4));
#6690=VERTEX_POINT('',#6689);
#6691=CARTESIAN_POINT('',(1275.5,-1390.9627417,0.4));
#6692=DIRECTION('',(0.,-0.816496581,0.577350269));
#6693=VECTOR('',#6692,1.732050807);
#6694=LINE('',#6691,#6693);
#6695=EDGE_CURVE('',#6682,#6690,#6694,.T.);
#6696=ORIENTED_EDGE('',*,*,#6695,.T.);
#6697=CARTESIAN_POINT('',(1275.5,-1392.376955262,1.4));
#6698=DIRECTION('',(-0.,-1.,-0.));
#6699=VECTOR('',#6698,15.246089476);
#6700=LINE('',#6697,#6699);
#6701=EDGE_CURVE('',#6690,#6672,#6700,.T.);
#6702=ORIENTED_EDGE('',*,*,#6701,.T.);
#6703=EDGE_LOOP('',(#6680,#6688,#6696,#6702));
#6704=FACE_BOUND('',#6703,.T.);
#6705=ADVANCED_FACE('',(#6704),#6670,.T.);
#6706=CARTESIAN_POINT('',(1275.5,-1400.,1.4));
#6707=DIRECTION('',(-0.819231921,0.,-0.573462344));
#6708=DIRECTION('',(0.,-1.,0.));
#6709=AXIS2_PLACEMENT_3D('',#6706,#6707,#6708);
#6710=PLANE('',#6709);
#6711=CARTESIAN_POINT('',(1274.8,-1393.076955262,2.4));
#6712=VERTEX_POINT('',#6711);
#6713=CARTESIAN_POINT('',(1274.8,-1393.076955262,2.4));
#6714=DIRECTION('',(0.497468338,0.497468338,-0.710669055));
#6715=VECTOR('',#6714,1.407124728);
#6716=LINE('',#6713,#6715);
#6717=EDGE_CURVE('',#6712,#6690,#6716,.T.);
#6718=ORIENTED_EDGE('',*,*,#6717,.F.);
#6719=CARTESIAN_POINT('',(1274.8,-1406.923044738,2.4));
#6720=VERTEX_POINT('',#6719);
#6721=CARTESIAN_POINT('',(1274.800000001,-1393.076955262,2.4));
#6722=DIRECTION('',(0.,-1.,0.));
#6723=VECTOR('',#6722,13.846089476);
#6724=LINE('',#6721,#6723);
#6725=EDGE_CURVE('',#6712,#6720,#6724,.T.);
#6726=ORIENTED_EDGE('',*,*,#6725,.T.);
#6727=CARTESIAN_POINT('',(1275.5,-1407.623044738,1.4));
#6728=DIRECTION('',(-0.497468338,0.497468338,0.710669055));
#6729=VECTOR('',#6728,1.407124728);
#6730=LINE('',#6727,#6729);
#6731=EDGE_CURVE('',#6672,#6720,#6730,.T.);
#6732=ORIENTED_EDGE('',*,*,#6731,.F.);
#6733=ORIENTED_EDGE('',*,*,#6701,.F.);
#6734=EDGE_LOOP('',(#6718,#6726,#6732,#6733));
#6735=FACE_BOUND('',#6734,.T.);
#6736=ADVANCED_FACE('',(#6735),#6710,.F.);
#6737=CARTESIAN_POINT('',(1274.8,-1400.,6.8));
#6738=DIRECTION('',(1.,0.,0.));
#6739=DIRECTION('',(0.,1.,0.));
#6740=AXIS2_PLACEMENT_3D('',#6737,#6738,#6739);
#6741=PLANE('',#6740);
#6742=ORIENTED_EDGE('',*,*,#6725,.F.);
#6743=CARTESIAN_POINT('',(1274.8,-1393.076955262,4.4));
#6744=VERTEX_POINT('',#6743);
#6745=CARTESIAN_POINT('',(1274.8,-1393.076955262,4.4));
#6746=DIRECTION('',(-0.,-0.,-1.));
#6747=VECTOR('',#6746,2.);
#6748=LINE('',#6745,#6747);
#6749=EDGE_CURVE('',#6744,#6712,#6748,.T.);
#6750=ORIENTED_EDGE('',*,*,#6749,.F.);
#6751=CARTESIAN_POINT('',(1274.8,-1406.923044738,4.4));
#6752=VERTEX_POINT('',#6751);
#6753=CARTESIAN_POINT('',(1274.8,-1393.076955262,4.4));
#6754=DIRECTION('',(-0.,-1.,-0.));
#6755=VECTOR('',#6754,13.846089476);
#6756=LINE('',#6753,#6755);
#6757=EDGE_CURVE('',#6744,#6752,#6756,.T.);
#6758=ORIENTED_EDGE('',*,*,#6757,.T.);
#6759=CARTESIAN_POINT('',(1274.8,-1406.923044738,4.4));
#6760=DIRECTION('',(-0.,-0.,-1.));
#6761=VECTOR('',#6760,2.);
#6762=LINE('',#6759,#6761);
#6763=EDGE_CURVE('',#6752,#6720,#6762,.T.);
#6764=ORIENTED_EDGE('',*,*,#6763,.T.);
#6765=EDGE_LOOP('',(#6742,#6750,#6758,#6764));
#6766=FACE_BOUND('',#6765,.T.);
#6767=ADVANCED_FACE('',(#6766),#6741,.T.);
#6768=CARTESIAN_POINT('',(1275.15,-1407.273044738,6.8));
#6769=DIRECTION('',(0.707106781,0.707106781,0.));
#6770=DIRECTION('',(-0.707106781,0.707106781,0.));
#6771=AXIS2_PLACEMENT_3D('',#6768,#6769,#6770);
#6772=PLANE('',#6771);
#6773=ORIENTED_EDGE('',*,*,#6575,.T.);
#6774=CARTESIAN_POINT('',(1280.376955262,-1412.5,1.4));
#6775=DIRECTION('',(-0.707106781,0.707106781,0.));
#6776=VECTOR('',#6775,6.897056275);
#6777=LINE('',#6774,#6776);
#6778=EDGE_CURVE('',#6548,#6672,#6777,.T.);
#6779=ORIENTED_EDGE('',*,*,#6778,.T.);
#6780=ORIENTED_EDGE('',*,*,#6731,.T.);
#6781=ORIENTED_EDGE('',*,*,#6763,.F.);
#6782=CARTESIAN_POINT('',(1275.5,-1407.623044738,5.4));
#6783=VERTEX_POINT('',#6782);
#6784=CARTESIAN_POINT('',(1274.8,-1406.923044738,4.4));
#6785=DIRECTION('',(0.497468338,-0.497468338,0.710669055));
#6786=VECTOR('',#6785,1.407124728);
#6787=LINE('',#6784,#6786);
#6788=EDGE_CURVE('',#6752,#6783,#6787,.T.);
#6789=ORIENTED_EDGE('',*,*,#6788,.T.);
#6790=CARTESIAN_POINT('',(1280.376955262,-1412.5,5.4));
#6791=VERTEX_POINT('',#6790);
#6792=CARTESIAN_POINT('',(1275.5,-1407.623044738,5.4));
#6793=DIRECTION('',(0.707106781,-0.707106781,-0.));
#6794=VECTOR('',#6793,6.897056275);
#6795=LINE('',#6792,#6794);
#6796=EDGE_CURVE('',#6783,#6791,#6795,.T.);
#6797=ORIENTED_EDGE('',*,*,#6796,.T.);
#6798=CARTESIAN_POINT('',(1280.376955262,-1412.5,5.4));
#6799=DIRECTION('',(0.497468338,-0.497468338,-0.710669055));
#6800=VECTOR('',#6799,1.407124728);
#6801=LINE('',#6798,#6800);
#6802=EDGE_CURVE('',#6791,#6602,#6801,.T.);
#6803=ORIENTED_EDGE('',*,*,#6802,.T.);
#6804=ORIENTED_EDGE('',*,*,#6607,.T.);
#6805=EDGE_LOOP('',(#6773,#6779,#6780,#6781,#6789,#6797,#6803,#6804));
#6806=FACE_BOUND('',#6805,.T.);
#6807=ADVANCED_FACE('',(#6806),#6772,.T.);
#6808=CARTESIAN_POINT('',(1288.,-1387.5,2.4));
#6809=DIRECTION('',(0.,-1.,0.));
#6810=DIRECTION('',(1.,0.,0.));
#6811=AXIS2_PLACEMENT_3D('',#6808,#6809,#6810);
#6812=PLANE('',#6811);
#6813=CARTESIAN_POINT('',(1280.376955262,-1387.5,1.4));
#6814=VERTEX_POINT('',#6813);
#6815=CARTESIAN_POINT('',(1278.9627417,-1387.5,0.4));
#6816=VERTEX_POINT('',#6815);
#6817=CARTESIAN_POINT('',(1280.376955262,-1387.5,1.4));
#6818=DIRECTION('',(-0.816496581,0.,-0.577350269));
#6819=VECTOR('',#6818,1.732050807);
#6820=LINE('',#6817,#6819);
#6821=EDGE_CURVE('',#6814,#6816,#6820,.T.);
#6822=ORIENTED_EDGE('',*,*,#6821,.T.);
#6823=CARTESIAN_POINT('',(1297.0372583,-1387.5,0.4));
#6824=VERTEX_POINT('',#6823);
#6825=CARTESIAN_POINT('',(1278.9627417,-1387.5,0.4));
#6826=DIRECTION('',(1.,0.,-0.));
#6827=VECTOR('',#6826,18.0745166);
#6828=LINE('',#6825,#6827);
#6829=EDGE_CURVE('',#6816,#6824,#6828,.T.);
#6830=ORIENTED_EDGE('',*,*,#6829,.T.);
#6831=CARTESIAN_POINT('',(1297.0372583,-1387.5,0.4));
#6832=DIRECTION('',(-0.816496581,0.,0.577350269));
#6833=VECTOR('',#6832,1.732050807);
#6834=LINE('',#6831,#6833);
#6835=EDGE_CURVE('',#6824,#6506,#6834,.T.);
#6836=ORIENTED_EDGE('',*,*,#6835,.T.);
#6837=CARTESIAN_POINT('',(1295.623044738,-1387.5,1.4));
#6838=DIRECTION('',(-1.,-0.,0.));
#6839=VECTOR('',#6838,15.246089476);
#6840=LINE('',#6837,#6839);
#6841=EDGE_CURVE('',#6506,#6814,#6840,.T.);
#6842=ORIENTED_EDGE('',*,*,#6841,.T.);
#6843=EDGE_LOOP('',(#6822,#6830,#6836,#6842));
#6844=FACE_BOUND('',#6843,.T.);
#6845=ADVANCED_FACE('',(#6844),#6812,.T.);
#6846=CARTESIAN_POINT('',(1288.,-1387.5,1.4));
#6847=DIRECTION('',(0.,0.819231921,-0.573462344));
#6848=DIRECTION('',(-1.,0.,0.));
#6849=AXIS2_PLACEMENT_3D('',#6846,#6847,#6848);
#6850=PLANE('',#6849);
#6851=ORIENTED_EDGE('',*,*,#6511,.F.);
#6852=CARTESIAN_POINT('',(1281.076955262,-1386.8,2.4));
#6853=VERTEX_POINT('',#6852);
#6854=CARTESIAN_POINT('',(1294.923044738,-1386.800000001,2.4));
#6855=DIRECTION('',(-1.,0.,0.));
#6856=VECTOR('',#6855,13.846089476);
#6857=LINE('',#6854,#6856);
#6858=EDGE_CURVE('',#6498,#6853,#6857,.T.);
#6859=ORIENTED_EDGE('',*,*,#6858,.T.);
#6860=CARTESIAN_POINT('',(1280.376955262,-1387.5,1.4));
#6861=DIRECTION('',(0.497468338,0.497468338,0.710669055));
#6862=VECTOR('',#6861,1.407124728);
#6863=LINE('',#6860,#6862);
#6864=EDGE_CURVE('',#6814,#6853,#6863,.T.);
#6865=ORIENTED_EDGE('',*,*,#6864,.F.);
#6866=ORIENTED_EDGE('',*,*,#6841,.F.);
#6867=EDGE_LOOP('',(#6851,#6859,#6865,#6866));
#6868=FACE_BOUND('',#6867,.T.);
#6869=ADVANCED_FACE('',(#6868),#6850,.F.);
#6870=CARTESIAN_POINT('',(1288.,-1386.8,6.8));
#6871=DIRECTION('',(0.,-1.,0.));
#6872=DIRECTION('',(1.,0.,0.));
#6873=AXIS2_PLACEMENT_3D('',#6870,#6871,#6872);
#6874=PLANE('',#6873);
#6875=ORIENTED_EDGE('',*,*,#6858,.F.);
#6876=ORIENTED_EDGE('',*,*,#6503,.F.);
#6877=CARTESIAN_POINT('',(1281.076955262,-1386.8,4.4));
#6878=VERTEX_POINT('',#6877);
#6879=CARTESIAN_POINT('',(1294.923044738,-1386.8,4.4));
#6880=DIRECTION('',(-1.,-0.,0.));
#6881=VECTOR('',#6880,13.846089476);
#6882=LINE('',#6879,#6881);
#6883=EDGE_CURVE('',#6490,#6878,#6882,.T.);
#6884=ORIENTED_EDGE('',*,*,#6883,.T.);
#6885=CARTESIAN_POINT('',(1281.076955262,-1386.8,4.4));
#6886=DIRECTION('',(-0.,-0.,-1.));
#6887=VECTOR('',#6886,2.);
#6888=LINE('',#6885,#6887);
#6889=EDGE_CURVE('',#6878,#6853,#6888,.T.);
#6890=ORIENTED_EDGE('',*,*,#6889,.T.);
#6891=EDGE_LOOP('',(#6875,#6876,#6884,#6890));
#6892=FACE_BOUND('',#6891,.T.);
#6893=ADVANCED_FACE('',(#6892),#6874,.T.);
#6894=CARTESIAN_POINT('',(1280.726955262,-1387.15,6.8));
#6895=DIRECTION('',(0.707106781,-0.707106781,0.));
#6896=DIRECTION('',(0.707106781,0.707106781,0.));
#6897=AXIS2_PLACEMENT_3D('',#6894,#6895,#6896);
#6898=PLANE('',#6897);
#6899=ORIENTED_EDGE('',*,*,#6717,.T.);
#6900=CARTESIAN_POINT('',(1275.5,-1392.376955262,1.4));
#6901=DIRECTION('',(0.707106781,0.707106781,0.));
#6902=VECTOR('',#6901,6.897056275);
#6903=LINE('',#6900,#6902);
#6904=EDGE_CURVE('',#6690,#6814,#6903,.T.);
#6905=ORIENTED_EDGE('',*,*,#6904,.T.);
#6906=ORIENTED_EDGE('',*,*,#6864,.T.);
#6907=ORIENTED_EDGE('',*,*,#6889,.F.);
#6908=CARTESIAN_POINT('',(1280.376955262,-1387.5,5.4));
#6909=VERTEX_POINT('',#6908);
#6910=CARTESIAN_POINT('',(1281.076955262,-1386.8,4.4));
#6911=DIRECTION('',(-0.497468338,-0.497468338,0.710669055));
#6912=VECTOR('',#6911,1.407124728);
#6913=LINE('',#6910,#6912);
#6914=EDGE_CURVE('',#6878,#6909,#6913,.T.);
#6915=ORIENTED_EDGE('',*,*,#6914,.T.);
#6916=CARTESIAN_POINT('',(1275.5,-1392.376955262,5.4));
#6917=VERTEX_POINT('',#6916);
#6918=CARTESIAN_POINT('',(1280.376955262,-1387.5,5.4));
#6919=DIRECTION('',(-0.707106781,-0.707106781,-0.));
#6920=VECTOR('',#6919,6.897056275);
#6921=LINE('',#6918,#6920);
#6922=EDGE_CURVE('',#6909,#6917,#6921,.T.);
#6923=ORIENTED_EDGE('',*,*,#6922,.T.);
#6924=CARTESIAN_POINT('',(1275.5,-1392.376955262,5.4));
#6925=DIRECTION('',(-0.497468338,-0.497468338,-0.710669055));
#6926=VECTOR('',#6925,1.407124728);
#6927=LINE('',#6924,#6926);
#6928=EDGE_CURVE('',#6917,#6744,#6927,.T.);
#6929=ORIENTED_EDGE('',*,*,#6928,.T.);
#6930=ORIENTED_EDGE('',*,*,#6749,.T.);
#6931=EDGE_LOOP('',(#6899,#6905,#6906,#6907,#6915,#6923,#6929,#6930));
#6932=FACE_BOUND('',#6931,.T.);
#6933=ADVANCED_FACE('',(#6932),#6898,.T.);
#6934=CARTESIAN_POINT('',(1295.961522369,-1414.,6.8));
#6935=DIRECTION('',(0.,1.,0.));
#6936=DIRECTION('',(0.,0.,1.));
#6937=AXIS2_PLACEMENT_3D('',#6934,#6935,#6936);
#6938=PLANE('',#6937);
#6939=CARTESIAN_POINT('',(1299.432776641,-1414.,4.6));
#6940=VERTEX_POINT('',#6939);
#6941=CARTESIAN_POINT('',(1304.567223359,-1414.,4.6));
#6942=VERTEX_POINT('',#6941);
#6943=CARTESIAN_POINT('',(1299.432776641,-1414.,4.6));
#6944=DIRECTION('',(1.,0.,-0.));
#6945=VECTOR('',#6944,5.134446718);
#6946=LINE('',#6943,#6945);
#6947=EDGE_CURVE('',#6940,#6942,#6946,.T.);
#6948=ORIENTED_EDGE('',*,*,#6947,.T.);
#6949=CARTESIAN_POINT('',(1304.567223359,-1414.,2.2));
#6950=VERTEX_POINT('',#6949);
#6951=CARTESIAN_POINT('',(1304.567223359,-1414.,2.2));
#6952=DIRECTION('',(-0.,-0.,1.));
#6953=VECTOR('',#6952,2.4);
#6954=LINE('',#6951,#6953);
#6955=EDGE_CURVE('',#6950,#6942,#6954,.T.);
#6956=ORIENTED_EDGE('',*,*,#6955,.F.);
#6957=CARTESIAN_POINT('',(1299.432776641,-1414.,2.2));
#6958=VERTEX_POINT('',#6957);
#6959=CARTESIAN_POINT('',(1299.432776641,-1414.,2.2));
#6960=DIRECTION('',(1.,0.,-0.));
#6961=VECTOR('',#6960,5.134446718);
#6962=LINE('',#6959,#6961);
#6963=EDGE_CURVE('',#6958,#6950,#6962,.T.);
#6964=ORIENTED_EDGE('',*,*,#6963,.F.);
#6965=CARTESIAN_POINT('',(1299.432776641,-1414.,4.6));
#6966=DIRECTION('',(0.,0.,-1.));
#6967=VECTOR('',#6966,2.4);
#6968=LINE('',#6965,#6967);
#6969=EDGE_CURVE('',#6940,#6958,#6968,.T.);
#6970=ORIENTED_EDGE('',*,*,#6969,.F.);
#6971=EDGE_LOOP('',(#6948,#6956,#6964,#6970));
#6972=FACE_BOUND('',#6971,.T.);
#6973=CARTESIAN_POINT('',(1353.8,-1414.,0.));
#6974=DIRECTION('',(0.,0.,1.));
#6975=VECTOR('',#6974,6.8);
#6976=LINE('',#6973,#6975);
#6977=EDGE_CURVE('',#99,#1779,#6976,.T.);
#6978=ORIENTED_EDGE('',*,*,#6977,.T.);
#6979=ORIENTED_EDGE('',*,*,#1784,.F.);
#6980=CARTESIAN_POINT('',(1278.2,-1414.,6.8));
#6981=DIRECTION('',(-0.,-0.,-1.));
#6982=VECTOR('',#6981,6.8);
#6983=LINE('',#6980,#6982);
#6984=EDGE_CURVE('',#1771,#107,#6983,.T.);
#6985=ORIENTED_EDGE('',*,*,#6984,.T.);
#6986=ORIENTED_EDGE('',*,*,#112,.T.);
#6987=EDGE_LOOP('',(#6978,#6979,#6985,#6986));
#6988=FACE_BOUND('',#6987,.T.);
#6989=CARTESIAN_POINT('',(1327.432776641,-1414.,4.6));
#6990=VERTEX_POINT('',#6989);
#6991=CARTESIAN_POINT('',(1332.567223359,-1414.,4.6));
#6992=VERTEX_POINT('',#6991);
#6993=CARTESIAN_POINT('',(1327.432776641,-1414.,4.6));
#6994=DIRECTION('',(1.,0.,-0.));
#6995=VECTOR('',#6994,5.134446718);
#6996=LINE('',#6993,#6995);
#6997=EDGE_CURVE('',#6990,#6992,#6996,.T.);
#6998=ORIENTED_EDGE('',*,*,#6997,.T.);
#6999=CARTESIAN_POINT('',(1332.567223359,-1414.,2.2));
#7000=VERTEX_POINT('',#6999);
#7001=CARTESIAN_POINT('',(1332.567223359,-1414.,2.2));
#7002=DIRECTION('',(-0.,-0.,1.));
#7003=VECTOR('',#7002,2.4);
#7004=LINE('',#7001,#7003);
#7005=EDGE_CURVE('',#7000,#6992,#7004,.T.);
#7006=ORIENTED_EDGE('',*,*,#7005,.F.);
#7007=CARTESIAN_POINT('',(1327.432776641,-1414.,2.2));
#7008=VERTEX_POINT('',#7007);
#7009=CARTESIAN_POINT('',(1327.432776641,-1414.,2.2));
#7010=DIRECTION('',(1.,0.,-0.));
#7011=VECTOR('',#7010,5.134446718);
#7012=LINE('',#7009,#7011);
#7013=EDGE_CURVE('',#7008,#7000,#7012,.T.);
#7014=ORIENTED_EDGE('',*,*,#7013,.F.);
#7015=CARTESIAN_POINT('',(1327.432776641,-1414.,4.6));
#7016=DIRECTION('',(0.,0.,-1.));
#7017=VECTOR('',#7016,2.4);
#7018=LINE('',#7015,#7017);
#7019=EDGE_CURVE('',#6990,#7008,#7018,.T.);
#7020=ORIENTED_EDGE('',*,*,#7019,.F.);
#7021=EDGE_LOOP('',(#6998,#7006,#7014,#7020));
#7022=FACE_BOUND('',#7021,.T.);
#7023=ADVANCED_FACE('',(#6972,#6988,#7022),#6938,.F.);
#7024=CARTESIAN_POINT('',(1300.5,-1400.,4.4));
#7025=DIRECTION('',(-1.,0.,0.));
#7026=DIRECTION('',(0.,-1.,0.));
#7027=AXIS2_PLACEMENT_3D('',#7024,#7025,#7026);
#7028=PLANE('',#7027);
#7029=CARTESIAN_POINT('',(1300.5,-1409.0372583,6.4));
#7030=VERTEX_POINT('',#7029);
#7031=CARTESIAN_POINT('',(1300.5,-1407.623044738,5.4));
#7032=DIRECTION('',(0.,-0.816496581,0.577350269));
#7033=VECTOR('',#7032,1.732050807);
#7034=LINE('',#7031,#7033);
#7035=EDGE_CURVE('',#6640,#7030,#7034,.T.);
#7036=ORIENTED_EDGE('',*,*,#7035,.T.);
#7037=CARTESIAN_POINT('',(1300.5,-1390.9627417,6.4));
#7038=VERTEX_POINT('',#7037);
#7039=CARTESIAN_POINT('',(1300.5,-1409.0372583,6.4));
#7040=DIRECTION('',(-0.,1.,-0.));
#7041=VECTOR('',#7040,18.0745166);
#7042=LINE('',#7039,#7041);
#7043=EDGE_CURVE('',#7030,#7038,#7042,.T.);
#7044=ORIENTED_EDGE('',*,*,#7043,.T.);
#7045=CARTESIAN_POINT('',(1300.5,-1390.9627417,6.4));
#7046=DIRECTION('',(0.,-0.816496581,-0.577350269));
#7047=VECTOR('',#7046,1.732050807);
#7048=LINE('',#7045,#7047);
#7049=EDGE_CURVE('',#7038,#6474,#7048,.T.);
#7050=ORIENTED_EDGE('',*,*,#7049,.T.);
#7051=CARTESIAN_POINT('',(1300.5,-1392.376955262,5.4));
#7052=DIRECTION('',(0.,-1.,0.));
#7053=VECTOR('',#7052,15.246089476);
#7054=LINE('',#7051,#7053);
#7055=EDGE_CURVE('',#6474,#6640,#7054,.T.);
#7056=ORIENTED_EDGE('',*,*,#7055,.T.);
#7057=EDGE_LOOP('',(#7036,#7044,#7050,#7056));
#7058=FACE_BOUND('',#7057,.T.);
#7059=ADVANCED_FACE('',(#7058),#7028,.T.);
#7060=CARTESIAN_POINT('',(1300.5,-1400.,5.4));
#7061=DIRECTION('',(-0.819231921,0.,-0.573462344));
#7062=DIRECTION('',(0.,1.,0.));
#7063=AXIS2_PLACEMENT_3D('',#7060,#7061,#7062);
#7064=PLANE('',#7063);
#7065=ORIENTED_EDGE('',*,*,#6479,.F.);
#7066=ORIENTED_EDGE('',*,*,#6457,.F.);
#7067=ORIENTED_EDGE('',*,*,#6651,.F.);
#7068=ORIENTED_EDGE('',*,*,#7055,.F.);
#7069=EDGE_LOOP('',(#7065,#7066,#7067,#7068));
#7070=FACE_BOUND('',#7069,.T.);
#7071=ADVANCED_FACE('',(#7070),#7064,.T.);
#7072=CARTESIAN_POINT('',(1288.,-1412.5,4.4));
#7073=DIRECTION('',(0.,1.,0.));
#7074=DIRECTION('',(-1.,0.,0.));
#7075=AXIS2_PLACEMENT_3D('',#7072,#7073,#7074);
#7076=PLANE('',#7075);
#7077=CARTESIAN_POINT('',(1278.9627417,-1412.5,6.4));
#7078=VERTEX_POINT('',#7077);
#7079=CARTESIAN_POINT('',(1280.376955262,-1412.5,5.4));
#7080=DIRECTION('',(-0.816496581,0.,0.577350269));
#7081=VECTOR('',#7080,1.732050807);
#7082=LINE('',#7079,#7081);
#7083=EDGE_CURVE('',#6791,#7078,#7082,.T.);
#7084=ORIENTED_EDGE('',*,*,#7083,.T.);
#7085=CARTESIAN_POINT('',(1297.0372583,-1412.5,6.4));
#7086=VERTEX_POINT('',#7085);
#7087=CARTESIAN_POINT('',(1278.9627417,-1412.5,6.4));
#7088=DIRECTION('',(1.,-0.,-0.));
#7089=VECTOR('',#7088,18.0745166);
#7090=LINE('',#7087,#7089);
#7091=EDGE_CURVE('',#7078,#7086,#7090,.T.);
#7092=ORIENTED_EDGE('',*,*,#7091,.T.);
#7093=CARTESIAN_POINT('',(1297.0372583,-1412.5,6.4));
#7094=DIRECTION('',(-0.816496581,0.,-0.577350269));
#7095=VECTOR('',#7094,1.732050807);
#7096=LINE('',#7093,#7095);
#7097=EDGE_CURVE('',#7086,#6632,#7096,.T.);
#7098=ORIENTED_EDGE('',*,*,#7097,.T.);
#7099=CARTESIAN_POINT('',(1295.623044738,-1412.5,5.4));
#7100=DIRECTION('',(-1.,0.,0.));
#7101=VECTOR('',#7100,15.246089476);
#7102=LINE('',#7099,#7101);
#7103=EDGE_CURVE('',#6632,#6791,#7102,.T.);
#7104=ORIENTED_EDGE('',*,*,#7103,.T.);
#7105=EDGE_LOOP('',(#7084,#7092,#7098,#7104));
#7106=FACE_BOUND('',#7105,.T.);
#7107=ADVANCED_FACE('',(#7106),#7076,.T.);
#7108=CARTESIAN_POINT('',(1288.,-1412.5,5.4));
#7109=DIRECTION('',(0.,0.819231921,-0.573462344));
#7110=DIRECTION('',(1.,0.,0.));
#7111=AXIS2_PLACEMENT_3D('',#7108,#7109,#7110);
#7112=PLANE('',#7111);
#7113=ORIENTED_EDGE('',*,*,#6637,.F.);
#7114=ORIENTED_EDGE('',*,*,#6615,.F.);
#7115=ORIENTED_EDGE('',*,*,#6802,.F.);
#7116=ORIENTED_EDGE('',*,*,#7103,.F.);
#7117=EDGE_LOOP('',(#7113,#7114,#7115,#7116));
#7118=FACE_BOUND('',#7117,.T.);
#7119=ADVANCED_FACE('',(#7118),#7112,.T.);
#7120=CARTESIAN_POINT('',(1275.5,-1400.,4.4));
#7121=DIRECTION('',(1.,0.,0.));
#7122=DIRECTION('',(0.,1.,0.));
#7123=AXIS2_PLACEMENT_3D('',#7120,#7121,#7122);
#7124=PLANE('',#7123);
#7125=CARTESIAN_POINT('',(1275.5,-1390.9627417,6.4));
#7126=VERTEX_POINT('',#7125);
#7127=CARTESIAN_POINT('',(1275.5,-1392.376955262,5.4));
#7128=DIRECTION('',(0.,0.816496581,0.577350269));
#7129=VECTOR('',#7128,1.732050807);
#7130=LINE('',#7127,#7129);
#7131=EDGE_CURVE('',#6917,#7126,#7130,.T.);
#7132=ORIENTED_EDGE('',*,*,#7131,.T.);
#7133=CARTESIAN_POINT('',(1275.5,-1409.0372583,6.4));
#7134=VERTEX_POINT('',#7133);
#7135=CARTESIAN_POINT('',(1275.5,-1390.9627417,6.4));
#7136=DIRECTION('',(-0.,-1.,-0.));
#7137=VECTOR('',#7136,18.0745166);
#7138=LINE('',#7135,#7137);
#7139=EDGE_CURVE('',#7126,#7134,#7138,.T.);
#7140=ORIENTED_EDGE('',*,*,#7139,.T.);
#7141=CARTESIAN_POINT('',(1275.5,-1409.0372583,6.4));
#7142=DIRECTION('',(0.,0.816496581,-0.577350269));
#7143=VECTOR('',#7142,1.732050807);
#7144=LINE('',#7141,#7143);
#7145=EDGE_CURVE('',#7134,#6783,#7144,.T.);
#7146=ORIENTED_EDGE('',*,*,#7145,.T.);
#7147=CARTESIAN_POINT('',(1275.5,-1407.623044738,5.4));
#7148=DIRECTION('',(0.,1.,0.));
#7149=VECTOR('',#7148,15.246089476);
#7150=LINE('',#7147,#7149);
#7151=EDGE_CURVE('',#6783,#6917,#7150,.T.);
#7152=ORIENTED_EDGE('',*,*,#7151,.T.);
#7153=EDGE_LOOP('',(#7132,#7140,#7146,#7152));
#7154=FACE_BOUND('',#7153,.T.);
#7155=ADVANCED_FACE('',(#7154),#7124,.T.);
#7156=CARTESIAN_POINT('',(1275.5,-1400.,5.4));
#7157=DIRECTION('',(0.819231921,0.,-0.573462344));
#7158=DIRECTION('',(0.,-1.,0.));
#7159=AXIS2_PLACEMENT_3D('',#7156,#7157,#7158);
#7160=PLANE('',#7159);
#7161=ORIENTED_EDGE('',*,*,#6788,.F.);
#7162=ORIENTED_EDGE('',*,*,#6757,.F.);
#7163=ORIENTED_EDGE('',*,*,#6928,.F.);
#7164=ORIENTED_EDGE('',*,*,#7151,.F.);
#7165=EDGE_LOOP('',(#7161,#7162,#7163,#7164));
#7166=FACE_BOUND('',#7165,.T.);
#7167=ADVANCED_FACE('',(#7166),#7160,.T.);
#7168=CARTESIAN_POINT('',(1288.,-1387.5,4.4));
#7169=DIRECTION('',(0.,-1.,0.));
#7170=DIRECTION('',(1.,0.,0.));
#7171=AXIS2_PLACEMENT_3D('',#7168,#7169,#7170);
#7172=PLANE('',#7171);
#7173=CARTESIAN_POINT('',(1297.0372583,-1387.5,6.4));
#7174=VERTEX_POINT('',#7173);
#7175=CARTESIAN_POINT('',(1295.623044738,-1387.5,5.4));
#7176=DIRECTION('',(0.816496581,0.,0.577350269));
#7177=VECTOR('',#7176,1.732050807);
#7178=LINE('',#7175,#7177);
#7179=EDGE_CURVE('',#6482,#7174,#7178,.T.);
#7180=ORIENTED_EDGE('',*,*,#7179,.T.);
#7181=CARTESIAN_POINT('',(1278.9627417,-1387.5,6.4));
#7182=VERTEX_POINT('',#7181);
#7183=CARTESIAN_POINT('',(1297.0372583,-1387.5,6.4));
#7184=DIRECTION('',(-1.,-0.,0.));
#7185=VECTOR('',#7184,18.0745166);
#7186=LINE('',#7183,#7185);
#7187=EDGE_CURVE('',#7174,#7182,#7186,.T.);
#7188=ORIENTED_EDGE('',*,*,#7187,.T.);
#7189=CARTESIAN_POINT('',(1278.9627417,-1387.5,6.4));
#7190=DIRECTION('',(0.816496581,0.,-0.577350269));
#7191=VECTOR('',#7190,1.732050807);
#7192=LINE('',#7189,#7191);
#7193=EDGE_CURVE('',#7182,#6909,#7192,.T.);
#7194=ORIENTED_EDGE('',*,*,#7193,.T.);
#7195=CARTESIAN_POINT('',(1280.376955262,-1387.5,5.4));
#7196=DIRECTION('',(1.,0.,-0.));
#7197=VECTOR('',#7196,15.246089476);
#7198=LINE('',#7195,#7197);
#7199=EDGE_CURVE('',#6909,#6482,#7198,.T.);
#7200=ORIENTED_EDGE('',*,*,#7199,.T.);
#7201=EDGE_LOOP('',(#7180,#7188,#7194,#7200));
#7202=FACE_BOUND('',#7201,.T.);
#7203=ADVANCED_FACE('',(#7202),#7172,.T.);
#7204=CARTESIAN_POINT('',(1288.,-1387.5,5.4));
#7205=DIRECTION('',(0.,-0.819231921,-0.573462344));
#7206=DIRECTION('',(-1.,0.,0.));
#7207=AXIS2_PLACEMENT_3D('',#7204,#7205,#7206);
#7208=PLANE('',#7207);
#7209=ORIENTED_EDGE('',*,*,#6914,.F.);
#7210=ORIENTED_EDGE('',*,*,#6883,.F.);
#7211=ORIENTED_EDGE('',*,*,#6495,.F.);
#7212=ORIENTED_EDGE('',*,*,#7199,.F.);
#7213=EDGE_LOOP('',(#7209,#7210,#7211,#7212));
#7214=FACE_BOUND('',#7213,.T.);
#7215=ADVANCED_FACE('',(#7214),#7208,.T.);
#7216=CARTESIAN_POINT('',(1276.948528137,-1388.948528137,0.));
#7217=DIRECTION('',(0.5,-0.5,-0.707106781));
#7218=DIRECTION('',(0.707106781,0.707106781,0.));
#7219=AXIS2_PLACEMENT_3D('',#7216,#7217,#7218);
#7220=PLANE('',#7219);
#7221=ORIENTED_EDGE('',*,*,#6821,.F.);
#7222=ORIENTED_EDGE('',*,*,#6904,.F.);
#7223=ORIENTED_EDGE('',*,*,#6695,.F.);
#7224=CARTESIAN_POINT('',(1275.5,-1390.9627417,0.4));
#7225=DIRECTION('',(-0.678598344,0.281084638,-0.678598345));
#7226=VECTOR('',#7225,0.589450303);
#7227=LINE('',#7224,#7226);
#7228=EDGE_CURVE('',#6682,#347,#7227,.T.);
#7229=ORIENTED_EDGE('',*,*,#7228,.T.);
#7230=ORIENTED_EDGE('',*,*,#352,.F.);
#7231=CARTESIAN_POINT('',(1278.797056275,-1387.1,0.));
#7232=DIRECTION('',(0.281084638,-0.678598344,0.678598345));
#7233=VECTOR('',#7232,0.589450303);
#7234=LINE('',#7231,#7233);
#7235=EDGE_CURVE('',#339,#6816,#7234,.T.);
#7236=ORIENTED_EDGE('',*,*,#7235,.T.);
#7237=EDGE_LOOP('',(#7221,#7222,#7223,#7229,#7230,#7236));
#7238=FACE_BOUND('',#7237,.T.);
#7239=ADVANCED_FACE('',(#7238),#7220,.T.);
#7240=CARTESIAN_POINT('',(1280.726955262,-1387.15,5.4));
#7241=DIRECTION('',(-0.5,0.5,-0.707106781));
#7242=DIRECTION('',(-0.707106781,-0.707106781,0.));
#7243=AXIS2_PLACEMENT_3D('',#7240,#7241,#7242);
#7244=PLANE('',#7243);
#7245=ORIENTED_EDGE('',*,*,#7193,.F.);
#7246=CARTESIAN_POINT('',(1278.9627417,-1387.5,6.4));
#7247=DIRECTION('',(-0.281084638,0.678598344,0.678598345));
#7248=VECTOR('',#7247,0.589450303);
#7249=LINE('',#7246,#7248);
#7250=EDGE_CURVE('',#7182,#1953,#7249,.T.);
#7251=ORIENTED_EDGE('',*,*,#7250,.T.);
#7252=ORIENTED_EDGE('',*,*,#1958,.F.);
#7253=CARTESIAN_POINT('',(1275.1,-1390.797056275,6.8));
#7254=DIRECTION('',(0.678598344,-0.281084638,-0.678598345));
#7255=VECTOR('',#7254,0.589450303);
#7256=LINE('',#7253,#7255);
#7257=EDGE_CURVE('',#1945,#7126,#7256,.T.);
#7258=ORIENTED_EDGE('',*,*,#7257,.T.);
#7259=ORIENTED_EDGE('',*,*,#7131,.F.);
#7260=ORIENTED_EDGE('',*,*,#6922,.F.);
#7261=EDGE_LOOP('',(#7245,#7251,#7252,#7258,#7259,#7260));
#7262=FACE_BOUND('',#7261,.T.);
#7263=ADVANCED_FACE('',(#7262),#7244,.F.);
#7264=CARTESIAN_POINT('',(1295.273044738,-1412.85,5.4));
#7265=DIRECTION('',(0.5,-0.5,-0.707106781));
#7266=DIRECTION('',(0.707106781,0.707106781,0.));
#7267=AXIS2_PLACEMENT_3D('',#7264,#7265,#7266);
#7268=PLANE('',#7267);
#7269=ORIENTED_EDGE('',*,*,#7097,.F.);
#7270=CARTESIAN_POINT('',(1297.0372583,-1412.5,6.4));
#7271=DIRECTION('',(0.281084638,-0.678598344,0.678598345));
#7272=VECTOR('',#7271,0.589450303);
#7273=LINE('',#7270,#7272);
#7274=EDGE_CURVE('',#7086,#1985,#7273,.T.);
#7275=ORIENTED_EDGE('',*,*,#7274,.T.);
#7276=ORIENTED_EDGE('',*,*,#1990,.F.);
#7277=CARTESIAN_POINT('',(1300.9,-1409.202943725,6.8));
#7278=DIRECTION('',(-0.678598344,0.281084638,-0.678598345));
#7279=VECTOR('',#7278,0.589450303);
#7280=LINE('',#7277,#7279);
#7281=EDGE_CURVE('',#1977,#7030,#7280,.T.);
#7282=ORIENTED_EDGE('',*,*,#7281,.T.);
#7283=ORIENTED_EDGE('',*,*,#7035,.F.);
#7284=ORIENTED_EDGE('',*,*,#6645,.F.);
#7285=EDGE_LOOP('',(#7269,#7275,#7276,#7282,#7283,#7284));
#7286=FACE_BOUND('',#7285,.T.);
#7287=ADVANCED_FACE('',(#7286),#7268,.F.);
#7288=CARTESIAN_POINT('',(1276.948528137,-1411.051471863,0.));
#7289=DIRECTION('',(0.5,0.5,-0.707106781));
#7290=DIRECTION('',(-0.707106781,0.707106781,0.));
#7291=AXIS2_PLACEMENT_3D('',#7288,#7289,#7290);
#7292=PLANE('',#7291);
#7293=ORIENTED_EDGE('',*,*,#6679,.F.);
#7294=ORIENTED_EDGE('',*,*,#6778,.F.);
#7295=ORIENTED_EDGE('',*,*,#6553,.F.);
#7296=CARTESIAN_POINT('',(1278.9627417,-1412.5,0.4));
#7297=DIRECTION('',(-0.281084638,-0.678598344,-0.678598345));
#7298=VECTOR('',#7297,0.589450303);
#7299=LINE('',#7296,#7298);
#7300=EDGE_CURVE('',#6540,#363,#7299,.T.);
#7301=ORIENTED_EDGE('',*,*,#7300,.T.);
#7302=ORIENTED_EDGE('',*,*,#368,.F.);
#7303=CARTESIAN_POINT('',(1275.1,-1409.202943725,0.));
#7304=DIRECTION('',(0.678598344,0.281084638,0.678598345));
#7305=VECTOR('',#7304,0.589450303);
#7306=LINE('',#7303,#7305);
#7307=EDGE_CURVE('',#355,#6674,#7306,.T.);
#7308=ORIENTED_EDGE('',*,*,#7307,.T.);
#7309=EDGE_LOOP('',(#7293,#7294,#7295,#7301,#7302,#7308));
#7310=FACE_BOUND('',#7309,.T.);
#7311=ADVANCED_FACE('',(#7310),#7292,.T.);
#7312=CARTESIAN_POINT('',(1300.85,-1392.726955262,5.4));
#7313=DIRECTION('',(0.5,0.5,-0.707106781));
#7314=DIRECTION('',(-0.707106781,0.707106781,0.));
#7315=AXIS2_PLACEMENT_3D('',#7312,#7313,#7314);
#7316=PLANE('',#7315);
#7317=ORIENTED_EDGE('',*,*,#7049,.F.);
#7318=CARTESIAN_POINT('',(1300.5,-1390.9627417,6.4));
#7319=DIRECTION('',(0.678598344,0.281084638,0.678598345));
#7320=VECTOR('',#7319,0.589450303);
#7321=LINE('',#7318,#7320);
#7322=EDGE_CURVE('',#7038,#1969,#7321,.T.);
#7323=ORIENTED_EDGE('',*,*,#7322,.T.);
#7324=ORIENTED_EDGE('',*,*,#1974,.F.);
#7325=CARTESIAN_POINT('',(1297.202943725,-1387.1,6.8));
#7326=DIRECTION('',(-0.281084638,-0.678598344,-0.678598345));
#7327=VECTOR('',#7326,0.589450303);
#7328=LINE('',#7325,#7327);
#7329=EDGE_CURVE('',#1961,#7174,#7328,.T.);
#7330=ORIENTED_EDGE('',*,*,#7329,.T.);
#7331=ORIENTED_EDGE('',*,*,#7179,.F.);
#7332=ORIENTED_EDGE('',*,*,#6487,.F.);
#7333=EDGE_LOOP('',(#7317,#7323,#7324,#7330,#7331,#7332));
#7334=FACE_BOUND('',#7333,.T.);
#7335=ADVANCED_FACE('',(#7334),#7316,.F.);
#7336=CARTESIAN_POINT('',(1299.051471863,-1411.051471863,0.));
#7337=DIRECTION('',(-0.5,0.5,-0.707106781));
#7338=DIRECTION('',(-0.707106781,-0.707106781,0.));
#7339=AXIS2_PLACEMENT_3D('',#7336,#7337,#7338);
#7340=PLANE('',#7339);
#7341=ORIENTED_EDGE('',*,*,#6537,.F.);
#7342=ORIENTED_EDGE('',*,*,#6659,.F.);
#7343=ORIENTED_EDGE('',*,*,#6395,.F.);
#7344=CARTESIAN_POINT('',(1300.5,-1409.0372583,0.4));
#7345=DIRECTION('',(0.678598344,-0.281084638,-0.678598345));
#7346=VECTOR('',#7345,0.589450303);
#7347=LINE('',#7344,#7346);
#7348=EDGE_CURVE('',#6382,#379,#7347,.T.);
#7349=ORIENTED_EDGE('',*,*,#7348,.T.);
#7350=ORIENTED_EDGE('',*,*,#384,.F.);
#7351=CARTESIAN_POINT('',(1297.202943725,-1412.9,0.));
#7352=DIRECTION('',(-0.281084638,0.678598344,0.678598345));
#7353=VECTOR('',#7352,0.589450303);
#7354=LINE('',#7351,#7353);
#7355=EDGE_CURVE('',#371,#6532,#7354,.T.);
#7356=ORIENTED_EDGE('',*,*,#7355,.T.);
#7357=EDGE_LOOP('',(#7341,#7342,#7343,#7349,#7350,#7356));
#7358=FACE_BOUND('',#7357,.T.);
#7359=ADVANCED_FACE('',(#7358),#7340,.T.);
#7360=CARTESIAN_POINT('',(1299.051471863,-1388.948528137,0.));
#7361=DIRECTION('',(-0.5,-0.5,-0.707106781));
#7362=DIRECTION('',(0.707106781,-0.707106781,0.));
#7363=AXIS2_PLACEMENT_3D('',#7360,#7361,#7362);
#7364=PLANE('',#7363);
#7365=ORIENTED_EDGE('',*,*,#6379,.F.);
#7366=ORIENTED_EDGE('',*,*,#6517,.F.);
#7367=ORIENTED_EDGE('',*,*,#6835,.F.);
#7368=CARTESIAN_POINT('',(1297.0372583,-1387.5,0.4));
#7369=DIRECTION('',(0.281084638,0.678598344,-0.678598345));
#7370=VECTOR('',#7369,0.589450303);
#7371=LINE('',#7368,#7370);
#7372=EDGE_CURVE('',#6824,#337,#7371,.T.);
#7373=ORIENTED_EDGE('',*,*,#7372,.T.);
#7374=ORIENTED_EDGE('',*,*,#398,.F.);
#7375=CARTESIAN_POINT('',(1300.9,-1390.797056275,0.));
#7376=DIRECTION('',(-0.678598344,-0.281084638,0.678598345));
#7377=VECTOR('',#7376,0.589450303);
#7378=LINE('',#7375,#7377);
#7379=EDGE_CURVE('',#387,#6374,#7378,.T.);
#7380=ORIENTED_EDGE('',*,*,#7379,.T.);
#7381=EDGE_LOOP('',(#7365,#7366,#7367,#7373,#7374,#7380));
#7382=FACE_BOUND('',#7381,.T.);
#7383=ADVANCED_FACE('',(#7382),#7364,.T.);
#7384=CARTESIAN_POINT('',(1275.15,-1407.273044738,5.4));
#7385=DIRECTION('',(-0.5,-0.5,-0.707106781));
#7386=DIRECTION('',(0.707106781,-0.707106781,0.));
#7387=AXIS2_PLACEMENT_3D('',#7384,#7385,#7386);
#7388=PLANE('',#7387);
#7389=ORIENTED_EDGE('',*,*,#7145,.F.);
#7390=CARTESIAN_POINT('',(1275.5,-1409.0372583,6.4));
#7391=DIRECTION('',(-0.678598344,-0.281084638,0.678598345));
#7392=VECTOR('',#7391,0.589450303);
#7393=LINE('',#7390,#7392);
#7394=EDGE_CURVE('',#7134,#1943,#7393,.T.);
#7395=ORIENTED_EDGE('',*,*,#7394,.T.);
#7396=ORIENTED_EDGE('',*,*,#2004,.F.);
#7397=CARTESIAN_POINT('',(1278.797056275,-1412.9,6.8));
#7398=DIRECTION('',(0.281084638,0.678598344,-0.678598345));
#7399=VECTOR('',#7398,0.589450303);
#7400=LINE('',#7397,#7399);
#7401=EDGE_CURVE('',#1993,#7078,#7400,.T.);
#7402=ORIENTED_EDGE('',*,*,#7401,.T.);
#7403=ORIENTED_EDGE('',*,*,#7083,.F.);
#7404=ORIENTED_EDGE('',*,*,#6796,.F.);
#7405=EDGE_LOOP('',(#7389,#7395,#7396,#7402,#7403,#7404));
#7406=FACE_BOUND('',#7405,.T.);
#7407=ADVANCED_FACE('',(#7406),#7388,.F.);
#7408=CARTESIAN_POINT('',(1275.1,-1400.,6.8));
#7409=DIRECTION('',(-0.707106781,0.,-0.707106781));
#7410=DIRECTION('',(0.,1.,0.));
#7411=AXIS2_PLACEMENT_3D('',#7408,#7409,#7410);
#7412=PLANE('',#7411);
#7413=ORIENTED_EDGE('',*,*,#7394,.F.);
#7414=ORIENTED_EDGE('',*,*,#7139,.F.);
#7415=ORIENTED_EDGE('',*,*,#7257,.F.);
#7416=ORIENTED_EDGE('',*,*,#1950,.F.);
#7417=EDGE_LOOP('',(#7413,#7414,#7415,#7416));
#7418=FACE_BOUND('',#7417,.T.);
#7419=ADVANCED_FACE('',(#7418),#7412,.F.);
#7420=CARTESIAN_POINT('',(1288.,-1387.1,0.));
#7421=DIRECTION('',(0.,-0.707106781,-0.707106781));
#7422=DIRECTION('',(1.,0.,0.));
#7423=AXIS2_PLACEMENT_3D('',#7420,#7421,#7422);
#7424=PLANE('',#7423);
#7425=ORIENTED_EDGE('',*,*,#7372,.F.);
#7426=ORIENTED_EDGE('',*,*,#6829,.F.);
#7427=ORIENTED_EDGE('',*,*,#7235,.F.);
#7428=ORIENTED_EDGE('',*,*,#344,.F.);
#7429=EDGE_LOOP('',(#7425,#7426,#7427,#7428));
#7430=FACE_BOUND('',#7429,.T.);
#7431=ADVANCED_FACE('',(#7430),#7424,.T.);
#7432=CARTESIAN_POINT('',(1300.9,-1400.,0.));
#7433=DIRECTION('',(-0.707106781,0.,-0.707106781));
#7434=DIRECTION('',(0.,-1.,0.));
#7435=AXIS2_PLACEMENT_3D('',#7432,#7433,#7434);
#7436=PLANE('',#7435);
#7437=ORIENTED_EDGE('',*,*,#7348,.F.);
#7438=ORIENTED_EDGE('',*,*,#6387,.F.);
#7439=ORIENTED_EDGE('',*,*,#7379,.F.);
#7440=ORIENTED_EDGE('',*,*,#392,.F.);
#7441=EDGE_LOOP('',(#7437,#7438,#7439,#7440));
#7442=FACE_BOUND('',#7441,.T.);
#7443=ADVANCED_FACE('',(#7442),#7436,.T.);
#7444=CARTESIAN_POINT('',(1288.,-1412.9,6.8));
#7445=DIRECTION('',(0.,-0.707106781,-0.707106781));
#7446=DIRECTION('',(-1.,0.,0.));
#7447=AXIS2_PLACEMENT_3D('',#7444,#7445,#7446);
#7448=PLANE('',#7447);
#7449=ORIENTED_EDGE('',*,*,#7274,.F.);
#7450=ORIENTED_EDGE('',*,*,#7091,.F.);
#7451=ORIENTED_EDGE('',*,*,#7401,.F.);
#7452=ORIENTED_EDGE('',*,*,#1998,.F.);
#7453=EDGE_LOOP('',(#7449,#7450,#7451,#7452));
#7454=FACE_BOUND('',#7453,.T.);
#7455=ADVANCED_FACE('',(#7454),#7448,.F.);
#7456=CARTESIAN_POINT('',(1300.9,-1400.,6.8));
#7457=DIRECTION('',(0.707106781,0.,-0.707106781));
#7458=DIRECTION('',(0.,-1.,0.));
#7459=AXIS2_PLACEMENT_3D('',#7456,#7457,#7458);
#7460=PLANE('',#7459);
#7461=ORIENTED_EDGE('',*,*,#7322,.F.);
#7462=ORIENTED_EDGE('',*,*,#7043,.F.);
#7463=ORIENTED_EDGE('',*,*,#7281,.F.);
#7464=ORIENTED_EDGE('',*,*,#1982,.F.);
#7465=EDGE_LOOP('',(#7461,#7462,#7463,#7464));
#7466=FACE_BOUND('',#7465,.T.);
#7467=ADVANCED_FACE('',(#7466),#7460,.F.);
#7468=CARTESIAN_POINT('',(1288.,-1387.1,6.8));
#7469=DIRECTION('',(0.,0.707106781,-0.707106781));
#7470=DIRECTION('',(1.,0.,0.));
#7471=AXIS2_PLACEMENT_3D('',#7468,#7469,#7470);
#7472=PLANE('',#7471);
#7473=ORIENTED_EDGE('',*,*,#7250,.F.);
#7474=ORIENTED_EDGE('',*,*,#7187,.F.);
#7475=ORIENTED_EDGE('',*,*,#7329,.F.);
#7476=ORIENTED_EDGE('',*,*,#1966,.F.);
#7477=EDGE_LOOP('',(#7473,#7474,#7475,#7476));
#7478=FACE_BOUND('',#7477,.T.);
#7479=ADVANCED_FACE('',(#7478),#7472,.F.);
#7480=CARTESIAN_POINT('',(1275.1,-1400.,0.));
#7481=DIRECTION('',(0.707106781,0.,-0.707106781));
#7482=DIRECTION('',(0.,1.,0.));
#7483=AXIS2_PLACEMENT_3D('',#7480,#7481,#7482);
#7484=PLANE('',#7483);
#7485=ORIENTED_EDGE('',*,*,#7228,.F.);
#7486=ORIENTED_EDGE('',*,*,#6687,.F.);
#7487=ORIENTED_EDGE('',*,*,#7307,.F.);
#7488=ORIENTED_EDGE('',*,*,#360,.F.);
#7489=EDGE_LOOP('',(#7485,#7486,#7487,#7488));
#7490=FACE_BOUND('',#7489,.T.);
#7491=ADVANCED_FACE('',(#7490),#7484,.T.);
#7492=CARTESIAN_POINT('',(1288.,-1412.9,0.));
#7493=DIRECTION('',(0.,0.707106781,-0.707106781));
#7494=DIRECTION('',(-1.,0.,0.));
#7495=AXIS2_PLACEMENT_3D('',#7492,#7493,#7494);
#7496=PLANE('',#7495);
#7497=ORIENTED_EDGE('',*,*,#7300,.F.);
#7498=ORIENTED_EDGE('',*,*,#6545,.F.);
#7499=ORIENTED_EDGE('',*,*,#7355,.F.);
#7500=ORIENTED_EDGE('',*,*,#376,.F.);
#7501=EDGE_LOOP('',(#7497,#7498,#7499,#7500));
#7502=FACE_BOUND('',#7501,.T.);
#7503=ADVANCED_FACE('',(#7502),#7496,.T.);
#7504=CARTESIAN_POINT('',(1278.2,-1414.,6.8));
#7505=DIRECTION('',(0.707106781,0.707106781,0.));
#7506=DIRECTION('',(0.,0.,-1.));
#7507=AXIS2_PLACEMENT_3D('',#7504,#7505,#7506);
#7508=PLANE('',#7507);
#7509=ORIENTED_EDGE('',*,*,#1776,.F.);
#7510=ORIENTED_EDGE('',*,*,#1603,.F.);
#7511=ORIENTED_EDGE('',*,*,#120,.F.);
#7512=ORIENTED_EDGE('',*,*,#6984,.F.);
#7513=EDGE_LOOP('',(#7509,#7510,#7511,#7512));
#7514=FACE_BOUND('',#7513,.T.);
#7515=ADVANCED_FACE('',(#7514),#7508,.F.);
#7516=CARTESIAN_POINT('',(1302.,-1411.5,4.6));
#7517=DIRECTION('',(0.,0.,-1.));
#7518=DIRECTION('',(0.,1.,0.));
#7519=AXIS2_PLACEMENT_3D('',#7516,#7517,#7518);
#7520=CYLINDRICAL_SURFACE('',#7519,2.6);
#7521=CARTESIAN_POINT('',(1302.,-1408.9,2.2));
#7522=VERTEX_POINT('',#7521);
#7523=CARTESIAN_POINT('',(1302.,-1408.9,4.6));
#7524=VERTEX_POINT('',#7523);
#7525=CARTESIAN_POINT('',(1302.,-1408.9,2.2));
#7526=DIRECTION('',(-0.,-0.,1.));
#7527=VECTOR('',#7526,2.4);
#7528=LINE('',#7525,#7527);
#7529=EDGE_CURVE('',#7522,#7524,#7528,.T.);
#7530=ORIENTED_EDGE('',*,*,#7529,.F.);
#7531=CARTESIAN_POINT('',(1304.6,-1411.5,2.2));
#7532=VERTEX_POINT('',#7531);
#7533=CARTESIAN_POINT('',(1302.,-1411.5,2.2));
#7534=DIRECTION('',(-0.,-0.,1.));
#7535=DIRECTION('',(-1.,0.,0.));
#7536=AXIS2_PLACEMENT_3D('',#7533,#7534,#7535);
#7537=CIRCLE('',#7536,2.6);
#7538=EDGE_CURVE('',#7532,#7522,#7537,.T.);
#7539=ORIENTED_EDGE('',*,*,#7538,.F.);
#7540=CARTESIAN_POINT('',(1304.6,-1411.5,4.6));
#7541=VERTEX_POINT('',#7540);
#7542=CARTESIAN_POINT('',(1304.6,-1411.5,4.6));
#7543=DIRECTION('',(-0.,-0.,-1.));
#7544=VECTOR('',#7543,2.4);
#7545=LINE('',#7542,#7544);
#7546=EDGE_CURVE('',#7541,#7532,#7545,.T.);
#7547=ORIENTED_EDGE('',*,*,#7546,.F.);
#7548=CARTESIAN_POINT('',(1302.,-1411.5,4.6));
#7549=DIRECTION('',(-0.,-0.,1.));
#7550=DIRECTION('',(-1.,0.,0.));
#7551=AXIS2_PLACEMENT_3D('',#7548,#7549,#7550);
#7552=CIRCLE('',#7551,2.6);
#7553=EDGE_CURVE('',#7541,#7524,#7552,.T.);
#7554=ORIENTED_EDGE('',*,*,#7553,.T.);
#7555=EDGE_LOOP('',(#7530,#7539,#7547,#7554));
#7556=FACE_BOUND('',#7555,.T.);
#7557=ADVANCED_FACE('',(#7556),#7520,.F.);
#7558=CARTESIAN_POINT('',(1288.,-1400.,4.6));
#7559=DIRECTION('',(0.,0.,1.));
#7560=DIRECTION('',(0.,-1.,0.));
#7561=AXIS2_PLACEMENT_3D('',#7558,#7559,#7560);
#7562=PLANE('',#7561);
#7563=ORIENTED_EDGE('',*,*,#6947,.F.);
#7564=CARTESIAN_POINT('',(1299.681567612,-1413.725442863,4.6));
#7565=VERTEX_POINT('',#7564);
#7566=CARTESIAN_POINT('',(1299.432776641,-1413.75,4.6));
#7567=DIRECTION('',(0.,0.,-1.));
#7568=DIRECTION('',(-1.,0.,0.));
#7569=AXIS2_PLACEMENT_3D('',#7566,#7567,#7568);
#7570=CIRCLE('',#7569,0.25);
#7571=EDGE_CURVE('',#7565,#6940,#7570,.T.);
#7572=ORIENTED_EDGE('',*,*,#7571,.F.);
#7573=CARTESIAN_POINT('',(1299.444776535,-1412.843880461,4.6));
#7574=VERTEX_POINT('',#7573);
#7575=CARTESIAN_POINT('',(1296.9,-1414.,4.6));
#7576=DIRECTION('',(-0.,-0.,1.));
#7577=DIRECTION('',(-1.,0.,0.));
#7578=AXIS2_PLACEMENT_3D('',#7575,#7576,#7577);
#7579=CIRCLE('',#7578,2.795084972);
#7580=EDGE_CURVE('',#7565,#7574,#7579,.T.);
#7581=ORIENTED_EDGE('',*,*,#7580,.T.);
#7582=CARTESIAN_POINT('',(1299.4,-1412.63706751,4.6));
#7583=VERTEX_POINT('',#7582);
#7584=CARTESIAN_POINT('',(1299.9,-1412.63706751,4.6));
#7585=DIRECTION('',(-0.,-0.,1.));
#7586=DIRECTION('',(-1.,0.,0.));
#7587=AXIS2_PLACEMENT_3D('',#7584,#7585,#7586);
#7588=CIRCLE('',#7587,0.5);
#7589=EDGE_CURVE('',#7583,#7574,#7588,.T.);
#7590=ORIENTED_EDGE('',*,*,#7589,.F.);
#7591=CARTESIAN_POINT('',(1299.4,-1411.5,4.6));
#7592=VERTEX_POINT('',#7591);
#7593=CARTESIAN_POINT('',(1299.4,-1411.5,4.6));
#7594=DIRECTION('',(0.,-1.,0.));
#7595=VECTOR('',#7594,1.13706751);
#7596=LINE('',#7593,#7595);
#7597=EDGE_CURVE('',#7592,#7583,#7596,.T.);
#7598=ORIENTED_EDGE('',*,*,#7597,.F.);
#7599=CARTESIAN_POINT('',(1302.,-1411.5,4.6));
#7600=DIRECTION('',(-0.,-0.,1.));
#7601=DIRECTION('',(-1.,0.,0.));
#7602=AXIS2_PLACEMENT_3D('',#7599,#7600,#7601);
#7603=CIRCLE('',#7602,2.6);
#7604=EDGE_CURVE('',#7524,#7592,#7603,.T.);
#7605=ORIENTED_EDGE('',*,*,#7604,.F.);
#7606=ORIENTED_EDGE('',*,*,#7553,.F.);
#7607=CARTESIAN_POINT('',(1304.6,-1412.63706751,4.6));
#7608=VERTEX_POINT('',#7607);
#7609=CARTESIAN_POINT('',(1304.6,-1411.5,4.6));
#7610=DIRECTION('',(0.,-1.,0.));
#7611=VECTOR('',#7610,1.13706751);
#7612=LINE('',#7609,#7611);
#7613=EDGE_CURVE('',#7541,#7608,#7612,.T.);
#7614=ORIENTED_EDGE('',*,*,#7613,.T.);
#7615=CARTESIAN_POINT('',(1304.555223465,-1412.843880461,4.6));
#7616=VERTEX_POINT('',#7615);
#7617=CARTESIAN_POINT('',(1304.1,-1412.63706751,4.6));
#7618=DIRECTION('',(-0.,-0.,1.));
#7619=DIRECTION('',(-1.,0.,0.));
#7620=AXIS2_PLACEMENT_3D('',#7617,#7618,#7619);
#7621=CIRCLE('',#7620,0.5);
#7622=EDGE_CURVE('',#7616,#7608,#7621,.T.);
#7623=ORIENTED_EDGE('',*,*,#7622,.F.);
#7624=CARTESIAN_POINT('',(1304.318432388,-1413.725442863,4.6));
#7625=VERTEX_POINT('',#7624);
#7626=CARTESIAN_POINT('',(1307.1,-1414.,4.6));
#7627=DIRECTION('',(-0.,-0.,1.));
#7628=DIRECTION('',(-1.,0.,0.));
#7629=AXIS2_PLACEMENT_3D('',#7626,#7627,#7628);
#7630=CIRCLE('',#7629,2.795084972);
#7631=EDGE_CURVE('',#7616,#7625,#7630,.T.);
#7632=ORIENTED_EDGE('',*,*,#7631,.T.);
#7633=CARTESIAN_POINT('',(1304.567223359,-1413.75,4.6));
#7634=DIRECTION('',(0.,0.,-1.));
#7635=DIRECTION('',(-1.,0.,0.));
#7636=AXIS2_PLACEMENT_3D('',#7633,#7634,#7635);
#7637=CIRCLE('',#7636,0.25);
#7638=EDGE_CURVE('',#6942,#7625,#7637,.T.);
#7639=ORIENTED_EDGE('',*,*,#7638,.F.);
#7640=EDGE_LOOP('',(#7563,#7572,#7581,#7590,#7598,#7605,#7606,#7614,#7623,#7632,#7639));
#7641=FACE_BOUND('',#7640,.T.);
#7642=ADVANCED_FACE('',(#7641),#7562,.F.);
#7643=CARTESIAN_POINT('',(1288.,-1400.,2.2));
#7644=DIRECTION('',(0.,0.,1.));
#7645=DIRECTION('',(0.,-1.,0.));
#7646=AXIS2_PLACEMENT_3D('',#7643,#7644,#7645);
#7647=PLANE('',#7646);
#7648=ORIENTED_EDGE('',*,*,#6963,.T.);
#7649=CARTESIAN_POINT('',(1304.318432388,-1413.725442863,2.2));
#7650=VERTEX_POINT('',#7649);
#7651=CARTESIAN_POINT('',(1304.567223359,-1413.75,2.2));
#7652=DIRECTION('',(-0.,-0.,1.));
#7653=DIRECTION('',(-1.,0.,0.));
#7654=AXIS2_PLACEMENT_3D('',#7651,#7652,#7653);
#7655=CIRCLE('',#7654,0.25);
#7656=EDGE_CURVE('',#7650,#6950,#7655,.T.);
#7657=ORIENTED_EDGE('',*,*,#7656,.F.);
#7658=CARTESIAN_POINT('',(1304.555223465,-1412.843880461,2.2));
#7659=VERTEX_POINT('',#7658);
#7660=CARTESIAN_POINT('',(1307.1,-1414.,2.2));
#7661=DIRECTION('',(-0.,-0.,1.));
#7662=DIRECTION('',(-1.,0.,0.));
#7663=AXIS2_PLACEMENT_3D('',#7660,#7661,#7662);
#7664=CIRCLE('',#7663,2.795084972);
#7665=EDGE_CURVE('',#7659,#7650,#7664,.T.);
#7666=ORIENTED_EDGE('',*,*,#7665,.F.);
#7667=CARTESIAN_POINT('',(1304.6,-1412.63706751,2.2));
#7668=VERTEX_POINT('',#7667);
#7669=CARTESIAN_POINT('',(1304.1,-1412.63706751,2.2));
#7670=DIRECTION('',(0.,0.,-1.));
#7671=DIRECTION('',(-1.,0.,0.));
#7672=AXIS2_PLACEMENT_3D('',#7669,#7670,#7671);
#7673=CIRCLE('',#7672,0.5);
#7674=EDGE_CURVE('',#7668,#7659,#7673,.T.);
#7675=ORIENTED_EDGE('',*,*,#7674,.F.);
#7676=CARTESIAN_POINT('',(1304.6,-1411.5,2.2));
#7677=DIRECTION('',(0.,-1.,0.));
#7678=VECTOR('',#7677,1.13706751);
#7679=LINE('',#7676,#7678);
#7680=EDGE_CURVE('',#7532,#7668,#7679,.T.);
#7681=ORIENTED_EDGE('',*,*,#7680,.F.);
#7682=ORIENTED_EDGE('',*,*,#7538,.T.);
#7683=CARTESIAN_POINT('',(1299.4,-1411.5,2.2));
#7684=VERTEX_POINT('',#7683);
#7685=CARTESIAN_POINT('',(1302.,-1411.5,2.2));
#7686=DIRECTION('',(-0.,-0.,1.));
#7687=DIRECTION('',(-1.,0.,0.));
#7688=AXIS2_PLACEMENT_3D('',#7685,#7686,#7687);
#7689=CIRCLE('',#7688,2.6);
#7690=EDGE_CURVE('',#7522,#7684,#7689,.T.);
#7691=ORIENTED_EDGE('',*,*,#7690,.T.);
#7692=CARTESIAN_POINT('',(1299.4,-1412.63706751,2.2));
#7693=VERTEX_POINT('',#7692);
#7694=CARTESIAN_POINT('',(1299.4,-1411.5,2.2));
#7695=DIRECTION('',(0.,-1.,0.));
#7696=VECTOR('',#7695,1.13706751);
#7697=LINE('',#7694,#7696);
#7698=EDGE_CURVE('',#7684,#7693,#7697,.T.);
#7699=ORIENTED_EDGE('',*,*,#7698,.T.);
#7700=CARTESIAN_POINT('',(1299.444776535,-1412.843880461,2.2));
#7701=VERTEX_POINT('',#7700);
#7702=CARTESIAN_POINT('',(1299.9,-1412.63706751,2.2));
#7703=DIRECTION('',(0.,0.,-1.));
#7704=DIRECTION('',(-1.,0.,0.));
#7705=AXIS2_PLACEMENT_3D('',#7702,#7703,#7704);
#7706=CIRCLE('',#7705,0.5);
#7707=EDGE_CURVE('',#7701,#7693,#7706,.T.);
#7708=ORIENTED_EDGE('',*,*,#7707,.F.);
#7709=CARTESIAN_POINT('',(1299.681567612,-1413.725442863,2.2));
#7710=VERTEX_POINT('',#7709);
#7711=CARTESIAN_POINT('',(1296.9,-1414.,2.2));
#7712=DIRECTION('',(-0.,-0.,1.));
#7713=DIRECTION('',(-1.,0.,0.));
#7714=AXIS2_PLACEMENT_3D('',#7711,#7712,#7713);
#7715=CIRCLE('',#7714,2.795084972);
#7716=EDGE_CURVE('',#7710,#7701,#7715,.T.);
#7717=ORIENTED_EDGE('',*,*,#7716,.F.);
#7718=CARTESIAN_POINT('',(1299.432776641,-1413.75,2.2));
#7719=DIRECTION('',(-0.,-0.,1.));
#7720=DIRECTION('',(-1.,0.,0.));
#7721=AXIS2_PLACEMENT_3D('',#7718,#7719,#7720);
#7722=CIRCLE('',#7721,0.25);
#7723=EDGE_CURVE('',#6958,#7710,#7722,.T.);
#7724=ORIENTED_EDGE('',*,*,#7723,.F.);
#7725=EDGE_LOOP('',(#7648,#7657,#7666,#7675,#7681,#7682,#7691,#7699,#7708,#7717,#7724));
#7726=FACE_BOUND('',#7725,.T.);
#7727=ADVANCED_FACE('',(#7726),#7647,.T.);
#7728=CARTESIAN_POINT('',(1299.9,-1412.63706751,4.6));
#7729=DIRECTION('',(0.,0.,-1.));
#7730=DIRECTION('',(0.,1.,0.));
#7731=AXIS2_PLACEMENT_3D('',#7728,#7729,#7730);
#7732=CYLINDRICAL_SURFACE('',#7731,0.5);
#7733=ORIENTED_EDGE('',*,*,#7589,.T.);
#7734=CARTESIAN_POINT('',(1299.444776535,-1412.843880461,4.6));
#7735=DIRECTION('',(0.,0.,-1.));
#7736=VECTOR('',#7735,2.4);
#7737=LINE('',#7734,#7736);
#7738=EDGE_CURVE('',#7574,#7701,#7737,.T.);
#7739=ORIENTED_EDGE('',*,*,#7738,.T.);
#7740=ORIENTED_EDGE('',*,*,#7707,.T.);
#7741=CARTESIAN_POINT('',(1299.4,-1412.63706751,2.2));
#7742=DIRECTION('',(-0.,-0.,1.));
#7743=VECTOR('',#7742,2.4);
#7744=LINE('',#7741,#7743);
#7745=EDGE_CURVE('',#7693,#7583,#7744,.T.);
#7746=ORIENTED_EDGE('',*,*,#7745,.T.);
#7747=EDGE_LOOP('',(#7733,#7739,#7740,#7746));
#7748=FACE_BOUND('',#7747,.T.);
#7749=ADVANCED_FACE('',(#7748),#7732,.F.);
#7750=CARTESIAN_POINT('',(1299.4,-1412.125,4.6));
#7751=DIRECTION('',(1.,0.,0.));
#7752=DIRECTION('',(0.,0.,1.));
#7753=AXIS2_PLACEMENT_3D('',#7750,#7751,#7752);
#7754=PLANE('',#7753);
#7755=ORIENTED_EDGE('',*,*,#7698,.F.);
#7756=CARTESIAN_POINT('',(1299.4,-1411.5,4.6));
#7757=DIRECTION('',(0.,0.,-1.));
#7758=VECTOR('',#7757,2.4);
#7759=LINE('',#7756,#7758);
#7760=EDGE_CURVE('',#7592,#7684,#7759,.T.);
#7761=ORIENTED_EDGE('',*,*,#7760,.F.);
#7762=ORIENTED_EDGE('',*,*,#7597,.T.);
#7763=ORIENTED_EDGE('',*,*,#7745,.F.);
#7764=EDGE_LOOP('',(#7755,#7761,#7762,#7763));
#7765=FACE_BOUND('',#7764,.T.);
#7766=ADVANCED_FACE('',(#7765),#7754,.T.);
#7767=CARTESIAN_POINT('',(1296.9,-1414.,4.6));
#7768=DIRECTION('',(0.,0.,-1.));
#7769=DIRECTION('',(0.,1.,0.));
#7770=AXIS2_PLACEMENT_3D('',#7767,#7768,#7769);
#7771=CYLINDRICAL_SURFACE('',#7770,2.795084972);
#7772=ORIENTED_EDGE('',*,*,#7580,.F.);
#7773=CARTESIAN_POINT('',(1299.681567612,-1413.725442863,2.2));
#7774=DIRECTION('',(-0.,-0.,1.));
#7775=VECTOR('',#7774,2.4);
#7776=LINE('',#7773,#7775);
#7777=EDGE_CURVE('',#7710,#7565,#7776,.T.);
#7778=ORIENTED_EDGE('',*,*,#7777,.F.);
#7779=ORIENTED_EDGE('',*,*,#7716,.T.);
#7780=ORIENTED_EDGE('',*,*,#7738,.F.);
#7781=EDGE_LOOP('',(#7772,#7778,#7779,#7780));
#7782=FACE_BOUND('',#7781,.T.);
#7783=ADVANCED_FACE('',(#7782),#7771,.T.);
#7784=CARTESIAN_POINT('',(1299.432776641,-1413.75,4.6));
#7785=DIRECTION('',(0.,0.,-1.));
#7786=DIRECTION('',(0.,1.,0.));
#7787=AXIS2_PLACEMENT_3D('',#7784,#7785,#7786);
#7788=CYLINDRICAL_SURFACE('',#7787,0.25);
#7789=ORIENTED_EDGE('',*,*,#7571,.T.);
#7790=ORIENTED_EDGE('',*,*,#6969,.T.);
#7791=ORIENTED_EDGE('',*,*,#7723,.T.);
#7792=ORIENTED_EDGE('',*,*,#7777,.T.);
#7793=EDGE_LOOP('',(#7789,#7790,#7791,#7792));
#7794=FACE_BOUND('',#7793,.T.);
#7795=ADVANCED_FACE('',(#7794),#7788,.T.);
#7796=CARTESIAN_POINT('',(1275.875,-1388.6,4.6));
#7797=DIRECTION('',(0.,-1.,0.));
#7798=DIRECTION('',(0.,0.,1.));
#7799=AXIS2_PLACEMENT_3D('',#7796,#7797,#7798);
#7800=PLANE('',#7799);
#7801=ORIENTED_EDGE('',*,*,#6120,.F.);
#7802=ORIENTED_EDGE('',*,*,#6053,.T.);
#7803=ORIENTED_EDGE('',*,*,#6187,.T.);
#7804=CARTESIAN_POINT('',(1275.36293249,-1388.6,4.6));
#7805=DIRECTION('',(0.,0.,-1.));
#7806=VECTOR('',#7805,2.4);
#7807=LINE('',#7804,#7806);
#7808=EDGE_CURVE('',#6115,#6175,#7807,.T.);
#7809=ORIENTED_EDGE('',*,*,#7808,.F.);
#7810=EDGE_LOOP('',(#7801,#7802,#7803,#7809));
#7811=FACE_BOUND('',#7810,.T.);
#7812=ADVANCED_FACE('',(#7811),#7800,.F.);
#7813=CARTESIAN_POINT('',(1275.36293249,-1388.1,4.6));
#7814=DIRECTION('',(0.,0.,-1.));
#7815=DIRECTION('',(1.,0.,0.));
#7816=AXIS2_PLACEMENT_3D('',#7813,#7814,#7815);
#7817=CYLINDRICAL_SURFACE('',#7816,0.5);
#7818=ORIENTED_EDGE('',*,*,#6129,.T.);
#7819=ORIENTED_EDGE('',*,*,#7808,.T.);
#7820=ORIENTED_EDGE('',*,*,#6181,.T.);
#7821=CARTESIAN_POINT('',(1275.156119539,-1388.555223465,2.2));
#7822=DIRECTION('',(-0.,-0.,1.));
#7823=VECTOR('',#7822,2.4);
#7824=LINE('',#7821,#7823);
#7825=EDGE_CURVE('',#6166,#6123,#7824,.T.);
#7826=ORIENTED_EDGE('',*,*,#7825,.T.);
#7827=EDGE_LOOP('',(#7818,#7819,#7820,#7826));
#7828=FACE_BOUND('',#7827,.T.);
#7829=ADVANCED_FACE('',(#7828),#7817,.F.);
#7830=CARTESIAN_POINT('',(1274.,-1391.1,4.6));
#7831=DIRECTION('',(0.,0.,-1.));
#7832=DIRECTION('',(1.,0.,0.));
#7833=AXIS2_PLACEMENT_3D('',#7830,#7831,#7832);
#7834=CYLINDRICAL_SURFACE('',#7833,2.795084972);
#7835=ORIENTED_EDGE('',*,*,#6172,.T.);
#7836=CARTESIAN_POINT('',(1274.274557137,-1388.318432388,4.6));
#7837=DIRECTION('',(0.,0.,-1.));
#7838=VECTOR('',#7837,2.4);
#7839=LINE('',#7836,#7838);
#7840=EDGE_CURVE('',#6132,#6157,#7839,.T.);
#7841=ORIENTED_EDGE('',*,*,#7840,.F.);
#7842=ORIENTED_EDGE('',*,*,#6138,.F.);
#7843=ORIENTED_EDGE('',*,*,#7825,.F.);
#7844=EDGE_LOOP('',(#7835,#7841,#7842,#7843));
#7845=FACE_BOUND('',#7844,.T.);
#7846=ADVANCED_FACE('',(#7845),#7834,.T.);
#7847=CARTESIAN_POINT('',(1274.25,-1388.567223359,4.6));
#7848=DIRECTION('',(0.,0.,-1.));
#7849=DIRECTION('',(1.,0.,0.));
#7850=AXIS2_PLACEMENT_3D('',#7847,#7848,#7849);
#7851=CYLINDRICAL_SURFACE('',#7850,0.25);
#7852=ORIENTED_EDGE('',*,*,#6145,.T.);
#7853=ORIENTED_EDGE('',*,*,#7840,.T.);
#7854=ORIENTED_EDGE('',*,*,#6163,.T.);
#7855=ORIENTED_EDGE('',*,*,#1672,.T.);
#7856=EDGE_LOOP('',(#7852,#7853,#7854,#7855));
#7857=FACE_BOUND('',#7856,.T.);
#7858=ADVANCED_FACE('',(#7857),#7851,.T.);
#7859=CARTESIAN_POINT('',(1328.5,-1316.,2.4));
#7860=DIRECTION('',(-1.,0.,0.));
#7861=DIRECTION('',(0.,-1.,0.));
#7862=AXIS2_PLACEMENT_3D('',#7859,#7860,#7861);
#7863=PLANE('',#7862);
#7864=CARTESIAN_POINT('',(1328.5,-1308.376955262,1.4));
#7865=VERTEX_POINT('',#7864);
#7866=CARTESIAN_POINT('',(1328.5,-1306.9627417,0.4));
#7867=VERTEX_POINT('',#7866);
#7868=CARTESIAN_POINT('',(1328.5,-1308.376955262,1.4));
#7869=DIRECTION('',(0.,0.816496581,-0.577350269));
#7870=VECTOR('',#7869,1.732050807);
#7871=LINE('',#7868,#7870);
#7872=EDGE_CURVE('',#7865,#7867,#7871,.T.);
#7873=ORIENTED_EDGE('',*,*,#7872,.T.);
#7874=CARTESIAN_POINT('',(1328.5,-1325.0372583,0.4));
#7875=VERTEX_POINT('',#7874);
#7876=CARTESIAN_POINT('',(1328.5,-1306.9627417,0.4));
#7877=DIRECTION('',(0.,-1.,0.));
#7878=VECTOR('',#7877,18.0745166);
#7879=LINE('',#7876,#7878);
#7880=EDGE_CURVE('',#7867,#7875,#7879,.T.);
#7881=ORIENTED_EDGE('',*,*,#7880,.T.);
#7882=CARTESIAN_POINT('',(1328.5,-1323.623044738,1.4));
#7883=VERTEX_POINT('',#7882);
#7884=CARTESIAN_POINT('',(1328.5,-1325.0372583,0.4));
#7885=DIRECTION('',(0.,0.816496581,0.577350269));
#7886=VECTOR('',#7885,1.732050807);
#7887=LINE('',#7884,#7886);
#7888=EDGE_CURVE('',#7875,#7883,#7887,.T.);
#7889=ORIENTED_EDGE('',*,*,#7888,.T.);
#7890=CARTESIAN_POINT('',(1328.5,-1323.623044738,1.4));
#7891=DIRECTION('',(-0.,1.,-0.));
#7892=VECTOR('',#7891,15.246089476);
#7893=LINE('',#7890,#7892);
#7894=EDGE_CURVE('',#7883,#7865,#7893,.T.);
#7895=ORIENTED_EDGE('',*,*,#7894,.T.);
#7896=EDGE_LOOP('',(#7873,#7881,#7889,#7895));
#7897=FACE_BOUND('',#7896,.T.);
#7898=ADVANCED_FACE('',(#7897),#7863,.T.);
#7899=CARTESIAN_POINT('',(1328.5,-1316.,1.4));
#7900=DIRECTION('',(0.819231921,0.,-0.573462344));
#7901=DIRECTION('',(0.,1.,0.));
#7902=AXIS2_PLACEMENT_3D('',#7899,#7900,#7901);
#7903=PLANE('',#7902);
#7904=CARTESIAN_POINT('',(1329.2,-1322.923044738,2.4));
#7905=VERTEX_POINT('',#7904);
#7906=CARTESIAN_POINT('',(1329.2,-1322.923044738,2.4));
#7907=DIRECTION('',(-0.497468338,-0.497468338,-0.710669055));
#7908=VECTOR('',#7907,1.407124728);
#7909=LINE('',#7906,#7908);
#7910=EDGE_CURVE('',#7905,#7883,#7909,.T.);
#7911=ORIENTED_EDGE('',*,*,#7910,.F.);
#7912=CARTESIAN_POINT('',(1329.2,-1309.076955262,2.4));
#7913=VERTEX_POINT('',#7912);
#7914=CARTESIAN_POINT('',(1329.199999999,-1322.923044738,2.4));
#7915=DIRECTION('',(0.,1.,0.));
#7916=VECTOR('',#7915,13.846089476);
#7917=LINE('',#7914,#7916);
#7918=EDGE_CURVE('',#7905,#7913,#7917,.T.);
#7919=ORIENTED_EDGE('',*,*,#7918,.T.);
#7920=CARTESIAN_POINT('',(1328.5,-1308.376955262,1.4));
#7921=DIRECTION('',(0.497468338,-0.497468338,0.710669055));
#7922=VECTOR('',#7921,1.407124728);
#7923=LINE('',#7920,#7922);
#7924=EDGE_CURVE('',#7865,#7913,#7923,.T.);
#7925=ORIENTED_EDGE('',*,*,#7924,.F.);
#7926=ORIENTED_EDGE('',*,*,#7894,.F.);
#7927=EDGE_LOOP('',(#7911,#7919,#7925,#7926));
#7928=FACE_BOUND('',#7927,.T.);
#7929=ADVANCED_FACE('',(#7928),#7903,.F.);
#7930=CARTESIAN_POINT('',(1329.2,-1316.,6.8));
#7931=DIRECTION('',(-1.,0.,0.));
#7932=DIRECTION('',(0.,-1.,0.));
#7933=AXIS2_PLACEMENT_3D('',#7930,#7931,#7932);
#7934=PLANE('',#7933);
#7935=ORIENTED_EDGE('',*,*,#7918,.F.);
#7936=CARTESIAN_POINT('',(1329.2,-1322.923044738,4.4));
#7937=VERTEX_POINT('',#7936);
#7938=CARTESIAN_POINT('',(1329.2,-1322.923044738,4.4));
#7939=DIRECTION('',(-0.,-0.,-1.));
#7940=VECTOR('',#7939,2.);
#7941=LINE('',#7938,#7940);
#7942=EDGE_CURVE('',#7937,#7905,#7941,.T.);
#7943=ORIENTED_EDGE('',*,*,#7942,.F.);
#7944=CARTESIAN_POINT('',(1329.2,-1309.076955262,4.4));
#7945=VERTEX_POINT('',#7944);
#7946=CARTESIAN_POINT('',(1329.2,-1322.923044738,4.4));
#7947=DIRECTION('',(-0.,1.,-0.));
#7948=VECTOR('',#7947,13.846089476);
#7949=LINE('',#7946,#7948);
#7950=EDGE_CURVE('',#7937,#7945,#7949,.T.);
#7951=ORIENTED_EDGE('',*,*,#7950,.T.);
#7952=CARTESIAN_POINT('',(1329.2,-1309.076955262,4.4));
#7953=DIRECTION('',(-0.,-0.,-1.));
#7954=VECTOR('',#7953,2.);
#7955=LINE('',#7952,#7954);
#7956=EDGE_CURVE('',#7945,#7913,#7955,.T.);
#7957=ORIENTED_EDGE('',*,*,#7956,.T.);
#7958=EDGE_LOOP('',(#7935,#7943,#7951,#7957));
#7959=FACE_BOUND('',#7958,.T.);
#7960=ADVANCED_FACE('',(#7959),#7934,.T.);
#7961=CARTESIAN_POINT('',(1328.85,-1308.726955262,6.8));
#7962=DIRECTION('',(-0.707106781,-0.707106781,0.));
#7963=DIRECTION('',(0.707106781,-0.707106781,0.));
#7964=AXIS2_PLACEMENT_3D('',#7961,#7962,#7963);
#7965=PLANE('',#7964);
#7966=CARTESIAN_POINT('',(1328.5,-1308.376955262,5.4));
#7967=VERTEX_POINT('',#7966);
#7968=CARTESIAN_POINT('',(1329.2,-1309.076955262,4.4));
#7969=DIRECTION('',(-0.497468338,0.497468338,0.710669055));
#7970=VECTOR('',#7969,1.407124728);
#7971=LINE('',#7968,#7970);
#7972=EDGE_CURVE('',#7945,#7967,#7971,.T.);
#7973=ORIENTED_EDGE('',*,*,#7972,.T.);
#7974=CARTESIAN_POINT('',(1323.623044738,-1303.5,5.4));
#7975=VERTEX_POINT('',#7974);
#7976=CARTESIAN_POINT('',(1328.5,-1308.376955262,5.4));
#7977=DIRECTION('',(-0.707106781,0.707106781,-0.));
#7978=VECTOR('',#7977,6.897056275);
#7979=LINE('',#7976,#7978);
#7980=EDGE_CURVE('',#7967,#7975,#7979,.T.);
#7981=ORIENTED_EDGE('',*,*,#7980,.T.);
#7982=CARTESIAN_POINT('',(1322.923044738,-1302.8,4.4));
#7983=VERTEX_POINT('',#7982);
#7984=CARTESIAN_POINT('',(1323.623044738,-1303.5,5.4));
#7985=DIRECTION('',(-0.497468338,0.497468338,-0.710669055));
#7986=VECTOR('',#7985,1.407124728);
#7987=LINE('',#7984,#7986);
#7988=EDGE_CURVE('',#7975,#7983,#7987,.T.);
#7989=ORIENTED_EDGE('',*,*,#7988,.T.);
#7990=CARTESIAN_POINT('',(1322.923044738,-1302.8,2.4));
#7991=VERTEX_POINT('',#7990);
#7992=CARTESIAN_POINT('',(1322.923044738,-1302.8,4.4));
#7993=DIRECTION('',(-0.,-0.,-1.));
#7994=VECTOR('',#7993,2.);
#7995=LINE('',#7992,#7994);
#7996=EDGE_CURVE('',#7983,#7991,#7995,.T.);
#7997=ORIENTED_EDGE('',*,*,#7996,.T.);
#7998=CARTESIAN_POINT('',(1323.623044738,-1303.5,1.4));
#7999=VERTEX_POINT('',#7998);
#8000=CARTESIAN_POINT('',(1322.923044738,-1302.8,2.4));
#8001=DIRECTION('',(0.497468338,-0.497468338,-0.710669055));
#8002=VECTOR('',#8001,1.407124728);
#8003=LINE('',#8000,#8002);
#8004=EDGE_CURVE('',#7991,#7999,#8003,.T.);
#8005=ORIENTED_EDGE('',*,*,#8004,.T.);
#8006=CARTESIAN_POINT('',(1323.623044738,-1303.5,1.4));
#8007=DIRECTION('',(0.707106781,-0.707106781,0.));
#8008=VECTOR('',#8007,6.897056275);
#8009=LINE('',#8006,#8008);
#8010=EDGE_CURVE('',#7999,#7865,#8009,.T.);
#8011=ORIENTED_EDGE('',*,*,#8010,.T.);
#8012=ORIENTED_EDGE('',*,*,#7924,.T.);
#8013=ORIENTED_EDGE('',*,*,#7956,.F.);
#8014=EDGE_LOOP('',(#7973,#7981,#7989,#7997,#8005,#8011,#8012,#8013));
#8015=FACE_BOUND('',#8014,.T.);
#8016=ADVANCED_FACE('',(#8015),#7965,.T.);
#8017=CARTESIAN_POINT('',(1316.,-1328.5,2.4));
#8018=DIRECTION('',(0.,1.,0.));
#8019=DIRECTION('',(-1.,0.,0.));
#8020=AXIS2_PLACEMENT_3D('',#8017,#8018,#8019);
#8021=PLANE('',#8020);
#8022=CARTESIAN_POINT('',(1323.623044738,-1328.5,1.4));
#8023=VERTEX_POINT('',#8022);
#8024=CARTESIAN_POINT('',(1325.0372583,-1328.5,0.4));
#8025=VERTEX_POINT('',#8024);
#8026=CARTESIAN_POINT('',(1323.623044738,-1328.5,1.4));
#8027=DIRECTION('',(0.816496581,0.,-0.577350269));
#8028=VECTOR('',#8027,1.732050807);
#8029=LINE('',#8026,#8028);
#8030=EDGE_CURVE('',#8023,#8025,#8029,.T.);
#8031=ORIENTED_EDGE('',*,*,#8030,.T.);
#8032=CARTESIAN_POINT('',(1306.9627417,-1328.5,0.4));
#8033=VERTEX_POINT('',#8032);
#8034=CARTESIAN_POINT('',(1325.0372583,-1328.5,0.4));
#8035=DIRECTION('',(-1.,0.,0.));
#8036=VECTOR('',#8035,18.0745166);
#8037=LINE('',#8034,#8036);
#8038=EDGE_CURVE('',#8025,#8033,#8037,.T.);
#8039=ORIENTED_EDGE('',*,*,#8038,.T.);
#8040=CARTESIAN_POINT('',(1308.376955262,-1328.5,1.4));
#8041=VERTEX_POINT('',#8040);
#8042=CARTESIAN_POINT('',(1306.9627417,-1328.5,0.4));
#8043=DIRECTION('',(0.816496581,0.,0.577350269));
#8044=VECTOR('',#8043,1.732050807);
#8045=LINE('',#8042,#8044);
#8046=EDGE_CURVE('',#8033,#8041,#8045,.T.);
#8047=ORIENTED_EDGE('',*,*,#8046,.T.);
#8048=CARTESIAN_POINT('',(1308.376955262,-1328.5,1.4));
#8049=DIRECTION('',(1.,-0.,-0.));
#8050=VECTOR('',#8049,15.246089476);
#8051=LINE('',#8048,#8050);
#8052=EDGE_CURVE('',#8041,#8023,#8051,.T.);
#8053=ORIENTED_EDGE('',*,*,#8052,.T.);
#8054=EDGE_LOOP('',(#8031,#8039,#8047,#8053));
#8055=FACE_BOUND('',#8054,.T.);
#8056=ADVANCED_FACE('',(#8055),#8021,.T.);
#8057=CARTESIAN_POINT('',(1316.,-1328.5,1.4));
#8058=DIRECTION('',(0.,-0.819231921,-0.573462344));
#8059=DIRECTION('',(1.,0.,0.));
#8060=AXIS2_PLACEMENT_3D('',#8057,#8058,#8059);
#8061=PLANE('',#8060);
#8062=CARTESIAN_POINT('',(1309.076955262,-1329.2,2.4));
#8063=VERTEX_POINT('',#8062);
#8064=CARTESIAN_POINT('',(1309.076955262,-1329.2,2.4));
#8065=DIRECTION('',(-0.497468338,0.497468338,-0.710669055));
#8066=VECTOR('',#8065,1.407124728);
#8067=LINE('',#8064,#8066);
#8068=EDGE_CURVE('',#8063,#8041,#8067,.T.);
#8069=ORIENTED_EDGE('',*,*,#8068,.F.);
#8070=CARTESIAN_POINT('',(1322.923044738,-1329.2,2.4));
#8071=VERTEX_POINT('',#8070);
#8072=CARTESIAN_POINT('',(1309.076955262,-1329.199999999,2.4));
#8073=DIRECTION('',(1.,0.,-0.));
#8074=VECTOR('',#8073,13.846089476);
#8075=LINE('',#8072,#8074);
#8076=EDGE_CURVE('',#8063,#8071,#8075,.T.);
#8077=ORIENTED_EDGE('',*,*,#8076,.T.);
#8078=CARTESIAN_POINT('',(1323.623044738,-1328.5,1.4));
#8079=DIRECTION('',(-0.497468338,-0.497468338,0.710669055));
#8080=VECTOR('',#8079,1.407124728);
#8081=LINE('',#8078,#8080);
#8082=EDGE_CURVE('',#8023,#8071,#8081,.T.);
#8083=ORIENTED_EDGE('',*,*,#8082,.F.);
#8084=ORIENTED_EDGE('',*,*,#8052,.F.);
#8085=EDGE_LOOP('',(#8069,#8077,#8083,#8084));
#8086=FACE_BOUND('',#8085,.T.);
#8087=ADVANCED_FACE('',(#8086),#8061,.F.);
#8088=CARTESIAN_POINT('',(1316.,-1329.2,6.8));
#8089=DIRECTION('',(0.,1.,0.));
#8090=DIRECTION('',(-1.,0.,0.));
#8091=AXIS2_PLACEMENT_3D('',#8088,#8089,#8090);
#8092=PLANE('',#8091);
#8093=ORIENTED_EDGE('',*,*,#8076,.F.);
#8094=CARTESIAN_POINT('',(1309.076955262,-1329.2,4.4));
#8095=VERTEX_POINT('',#8094);
#8096=CARTESIAN_POINT('',(1309.076955262,-1329.2,4.4));
#8097=DIRECTION('',(-0.,-0.,-1.));
#8098=VECTOR('',#8097,2.);
#8099=LINE('',#8096,#8098);
#8100=EDGE_CURVE('',#8095,#8063,#8099,.T.);
#8101=ORIENTED_EDGE('',*,*,#8100,.F.);
#8102=CARTESIAN_POINT('',(1322.923044738,-1329.2,4.4));
#8103=VERTEX_POINT('',#8102);
#8104=CARTESIAN_POINT('',(1309.076955262,-1329.2,4.4));
#8105=DIRECTION('',(1.,-0.,-0.));
#8106=VECTOR('',#8105,13.846089476);
#8107=LINE('',#8104,#8106);
#8108=EDGE_CURVE('',#8095,#8103,#8107,.T.);
#8109=ORIENTED_EDGE('',*,*,#8108,.T.);
#8110=CARTESIAN_POINT('',(1322.923044738,-1329.2,4.4));
#8111=DIRECTION('',(-0.,-0.,-1.));
#8112=VECTOR('',#8111,2.);
#8113=LINE('',#8110,#8112);
#8114=EDGE_CURVE('',#8103,#8071,#8113,.T.);
#8115=ORIENTED_EDGE('',*,*,#8114,.T.);
#8116=EDGE_LOOP('',(#8093,#8101,#8109,#8115));
#8117=FACE_BOUND('',#8116,.T.);
#8118=ADVANCED_FACE('',(#8117),#8092,.T.);
#8119=CARTESIAN_POINT('',(1323.273044738,-1328.85,6.8));
#8120=DIRECTION('',(-0.707106781,0.707106781,0.));
#8121=DIRECTION('',(-0.707106781,-0.707106781,0.));
#8122=AXIS2_PLACEMENT_3D('',#8119,#8120,#8121);
#8123=PLANE('',#8122);
#8124=CARTESIAN_POINT('',(1323.623044738,-1328.5,5.4));
#8125=VERTEX_POINT('',#8124);
#8126=CARTESIAN_POINT('',(1322.923044738,-1329.2,4.4));
#8127=DIRECTION('',(0.497468338,0.497468338,0.710669055));
#8128=VECTOR('',#8127,1.407124728);
#8129=LINE('',#8126,#8128);
#8130=EDGE_CURVE('',#8103,#8125,#8129,.T.);
#8131=ORIENTED_EDGE('',*,*,#8130,.T.);
#8132=CARTESIAN_POINT('',(1328.5,-1323.623044738,5.4));
#8133=VERTEX_POINT('',#8132);
#8134=CARTESIAN_POINT('',(1323.623044738,-1328.5,5.4));
#8135=DIRECTION('',(0.707106781,0.707106781,-0.));
#8136=VECTOR('',#8135,6.897056275);
#8137=LINE('',#8134,#8136);
#8138=EDGE_CURVE('',#8125,#8133,#8137,.T.);
#8139=ORIENTED_EDGE('',*,*,#8138,.T.);
#8140=CARTESIAN_POINT('',(1328.5,-1323.623044738,5.4));
#8141=DIRECTION('',(0.497468338,0.497468338,-0.710669055));
#8142=VECTOR('',#8141,1.407124728);
#8143=LINE('',#8140,#8142);
#8144=EDGE_CURVE('',#8133,#7937,#8143,.T.);
#8145=ORIENTED_EDGE('',*,*,#8144,.T.);
#8146=ORIENTED_EDGE('',*,*,#7942,.T.);
#8147=ORIENTED_EDGE('',*,*,#7910,.T.);
#8148=CARTESIAN_POINT('',(1328.5,-1323.623044738,1.4));
#8149=DIRECTION('',(-0.707106781,-0.707106781,0.));
#8150=VECTOR('',#8149,6.897056275);
#8151=LINE('',#8148,#8150);
#8152=EDGE_CURVE('',#7883,#8023,#8151,.T.);
#8153=ORIENTED_EDGE('',*,*,#8152,.T.);
#8154=ORIENTED_EDGE('',*,*,#8082,.T.);
#8155=ORIENTED_EDGE('',*,*,#8114,.F.);
#8156=EDGE_LOOP('',(#8131,#8139,#8145,#8146,#8147,#8153,#8154,#8155));
#8157=FACE_BOUND('',#8156,.T.);
#8158=ADVANCED_FACE('',(#8157),#8123,.T.);
#8159=CARTESIAN_POINT('',(1303.5,-1316.,2.4));
#8160=DIRECTION('',(1.,0.,0.));
#8161=DIRECTION('',(0.,1.,0.));
#8162=AXIS2_PLACEMENT_3D('',#8159,#8160,#8161);
#8163=PLANE('',#8162);
#8164=CARTESIAN_POINT('',(1303.5,-1323.623044738,1.4));
#8165=VERTEX_POINT('',#8164);
#8166=CARTESIAN_POINT('',(1303.5,-1325.0372583,0.4));
#8167=VERTEX_POINT('',#8166);
#8168=CARTESIAN_POINT('',(1303.5,-1323.623044738,1.4));
#8169=DIRECTION('',(0.,-0.816496581,-0.577350269));
#8170=VECTOR('',#8169,1.732050807);
#8171=LINE('',#8168,#8170);
#8172=EDGE_CURVE('',#8165,#8167,#8171,.T.);
#8173=ORIENTED_EDGE('',*,*,#8172,.T.);
#8174=CARTESIAN_POINT('',(1303.5,-1306.9627417,0.4));
#8175=VERTEX_POINT('',#8174);
#8176=CARTESIAN_POINT('',(1303.5,-1325.0372583,0.4));
#8177=DIRECTION('',(0.,1.,0.));
#8178=VECTOR('',#8177,18.0745166);
#8179=LINE('',#8176,#8178);
#8180=EDGE_CURVE('',#8167,#8175,#8179,.T.);
#8181=ORIENTED_EDGE('',*,*,#8180,.T.);
#8182=CARTESIAN_POINT('',(1303.5,-1308.376955262,1.4));
#8183=VERTEX_POINT('',#8182);
#8184=CARTESIAN_POINT('',(1303.5,-1306.9627417,0.4));
#8185=DIRECTION('',(0.,-0.816496581,0.577350269));
#8186=VECTOR('',#8185,1.732050807);
#8187=LINE('',#8184,#8186);
#8188=EDGE_CURVE('',#8175,#8183,#8187,.T.);
#8189=ORIENTED_EDGE('',*,*,#8188,.T.);
#8190=CARTESIAN_POINT('',(1303.5,-1308.376955262,1.4));
#8191=DIRECTION('',(-0.,-1.,-0.));
#8192=VECTOR('',#8191,15.246089476);
#8193=LINE('',#8190,#8192);
#8194=EDGE_CURVE('',#8183,#8165,#8193,.T.);
#8195=ORIENTED_EDGE('',*,*,#8194,.T.);
#8196=EDGE_LOOP('',(#8173,#8181,#8189,#8195));
#8197=FACE_BOUND('',#8196,.T.);
#8198=ADVANCED_FACE('',(#8197),#8163,.T.);
#8199=CARTESIAN_POINT('',(1303.5,-1316.,1.4));
#8200=DIRECTION('',(-0.819231921,0.,-0.573462344));
#8201=DIRECTION('',(0.,-1.,0.));
#8202=AXIS2_PLACEMENT_3D('',#8199,#8200,#8201);
#8203=PLANE('',#8202);
#8204=CARTESIAN_POINT('',(1302.8,-1309.076955262,2.4));
#8205=VERTEX_POINT('',#8204);
#8206=CARTESIAN_POINT('',(1302.8,-1309.076955262,2.4));
#8207=DIRECTION('',(0.497468338,0.497468338,-0.710669055));
#8208=VECTOR('',#8207,1.407124728);
#8209=LINE('',#8206,#8208);
#8210=EDGE_CURVE('',#8205,#8183,#8209,.T.);
#8211=ORIENTED_EDGE('',*,*,#8210,.F.);
#8212=CARTESIAN_POINT('',(1302.8,-1322.923044738,2.4));
#8213=VERTEX_POINT('',#8212);
#8214=CARTESIAN_POINT('',(1302.800000001,-1309.076955262,2.4));
#8215=DIRECTION('',(0.,-1.,0.));
#8216=VECTOR('',#8215,13.846089476);
#8217=LINE('',#8214,#8216);
#8218=EDGE_CURVE('',#8205,#8213,#8217,.T.);
#8219=ORIENTED_EDGE('',*,*,#8218,.T.);
#8220=CARTESIAN_POINT('',(1303.5,-1323.623044738,1.4));
#8221=DIRECTION('',(-0.497468338,0.497468338,0.710669055));
#8222=VECTOR('',#8221,1.407124728);
#8223=LINE('',#8220,#8222);
#8224=EDGE_CURVE('',#8165,#8213,#8223,.T.);
#8225=ORIENTED_EDGE('',*,*,#8224,.F.);
#8226=ORIENTED_EDGE('',*,*,#8194,.F.);
#8227=EDGE_LOOP('',(#8211,#8219,#8225,#8226));
#8228=FACE_BOUND('',#8227,.T.);
#8229=ADVANCED_FACE('',(#8228),#8203,.F.);
#8230=CARTESIAN_POINT('',(1302.8,-1316.,6.8));
#8231=DIRECTION('',(1.,0.,0.));
#8232=DIRECTION('',(0.,1.,0.));
#8233=AXIS2_PLACEMENT_3D('',#8230,#8231,#8232);
#8234=PLANE('',#8233);
#8235=ORIENTED_EDGE('',*,*,#8218,.F.);
#8236=CARTESIAN_POINT('',(1302.8,-1309.076955262,4.4));
#8237=VERTEX_POINT('',#8236);
#8238=CARTESIAN_POINT('',(1302.8,-1309.076955262,4.4));
#8239=DIRECTION('',(-0.,-0.,-1.));
#8240=VECTOR('',#8239,2.);
#8241=LINE('',#8238,#8240);
#8242=EDGE_CURVE('',#8237,#8205,#8241,.T.);
#8243=ORIENTED_EDGE('',*,*,#8242,.F.);
#8244=CARTESIAN_POINT('',(1302.8,-1322.923044738,4.4));
#8245=VERTEX_POINT('',#8244);
#8246=CARTESIAN_POINT('',(1302.8,-1309.076955262,4.4));
#8247=DIRECTION('',(-0.,-1.,-0.));
#8248=VECTOR('',#8247,13.846089476);
#8249=LINE('',#8246,#8248);
#8250=EDGE_CURVE('',#8237,#8245,#8249,.T.);
#8251=ORIENTED_EDGE('',*,*,#8250,.T.);
#8252=CARTESIAN_POINT('',(1302.8,-1322.923044738,4.4));
#8253=DIRECTION('',(-0.,-0.,-1.));
#8254=VECTOR('',#8253,2.);
#8255=LINE('',#8252,#8254);
#8256=EDGE_CURVE('',#8245,#8213,#8255,.T.);
#8257=ORIENTED_EDGE('',*,*,#8256,.T.);
#8258=EDGE_LOOP('',(#8235,#8243,#8251,#8257));
#8259=FACE_BOUND('',#8258,.T.);
#8260=ADVANCED_FACE('',(#8259),#8234,.T.);
#8261=CARTESIAN_POINT('',(1303.15,-1323.273044738,6.8));
#8262=DIRECTION('',(0.707106781,0.707106781,0.));
#8263=DIRECTION('',(-0.707106781,0.707106781,0.));
#8264=AXIS2_PLACEMENT_3D('',#8261,#8262,#8263);
#8265=PLANE('',#8264);
#8266=ORIENTED_EDGE('',*,*,#8068,.T.);
#8267=CARTESIAN_POINT('',(1308.376955262,-1328.5,1.4));
#8268=DIRECTION('',(-0.707106781,0.707106781,0.));
#8269=VECTOR('',#8268,6.897056275);
#8270=LINE('',#8267,#8269);
#8271=EDGE_CURVE('',#8041,#8165,#8270,.T.);
#8272=ORIENTED_EDGE('',*,*,#8271,.T.);
#8273=ORIENTED_EDGE('',*,*,#8224,.T.);
#8274=ORIENTED_EDGE('',*,*,#8256,.F.);
#8275=CARTESIAN_POINT('',(1303.5,-1323.623044738,5.4));
#8276=VERTEX_POINT('',#8275);
#8277=CARTESIAN_POINT('',(1302.8,-1322.923044738,4.4));
#8278=DIRECTION('',(0.497468338,-0.497468338,0.710669055));
#8279=VECTOR('',#8278,1.407124728);
#8280=LINE('',#8277,#8279);
#8281=EDGE_CURVE('',#8245,#8276,#8280,.T.);
#8282=ORIENTED_EDGE('',*,*,#8281,.T.);
#8283=CARTESIAN_POINT('',(1308.376955262,-1328.5,5.4));
#8284=VERTEX_POINT('',#8283);
#8285=CARTESIAN_POINT('',(1303.5,-1323.623044738,5.4));
#8286=DIRECTION('',(0.707106781,-0.707106781,-0.));
#8287=VECTOR('',#8286,6.897056275);
#8288=LINE('',#8285,#8287);
#8289=EDGE_CURVE('',#8276,#8284,#8288,.T.);
#8290=ORIENTED_EDGE('',*,*,#8289,.T.);
#8291=CARTESIAN_POINT('',(1308.376955262,-1328.5,5.4));
#8292=DIRECTION('',(0.497468338,-0.497468338,-0.710669055));
#8293=VECTOR('',#8292,1.407124728);
#8294=LINE('',#8291,#8293);
#8295=EDGE_CURVE('',#8284,#8095,#8294,.T.);
#8296=ORIENTED_EDGE('',*,*,#8295,.T.);
#8297=ORIENTED_EDGE('',*,*,#8100,.T.);
#8298=EDGE_LOOP('',(#8266,#8272,#8273,#8274,#8282,#8290,#8296,#8297));
#8299=FACE_BOUND('',#8298,.T.);
#8300=ADVANCED_FACE('',(#8299),#8265,.T.);
#8301=CARTESIAN_POINT('',(1316.,-1303.5,2.4));
#8302=DIRECTION('',(0.,-1.,0.));
#8303=DIRECTION('',(1.,0.,0.));
#8304=AXIS2_PLACEMENT_3D('',#8301,#8302,#8303);
#8305=PLANE('',#8304);
#8306=CARTESIAN_POINT('',(1308.376955262,-1303.5,1.4));
#8307=VERTEX_POINT('',#8306);
#8308=CARTESIAN_POINT('',(1306.9627417,-1303.5,0.4));
#8309=VERTEX_POINT('',#8308);
#8310=CARTESIAN_POINT('',(1308.376955262,-1303.5,1.4));
#8311=DIRECTION('',(-0.816496581,0.,-0.577350269));
#8312=VECTOR('',#8311,1.732050807);
#8313=LINE('',#8310,#8312);
#8314=EDGE_CURVE('',#8307,#8309,#8313,.T.);
#8315=ORIENTED_EDGE('',*,*,#8314,.T.);
#8316=CARTESIAN_POINT('',(1325.0372583,-1303.5,0.4));
#8317=VERTEX_POINT('',#8316);
#8318=CARTESIAN_POINT('',(1306.9627417,-1303.5,0.4));
#8319=DIRECTION('',(1.,0.,-0.));
#8320=VECTOR('',#8319,18.0745166);
#8321=LINE('',#8318,#8320);
#8322=EDGE_CURVE('',#8309,#8317,#8321,.T.);
#8323=ORIENTED_EDGE('',*,*,#8322,.T.);
#8324=CARTESIAN_POINT('',(1325.0372583,-1303.5,0.4));
#8325=DIRECTION('',(-0.816496581,0.,0.577350269));
#8326=VECTOR('',#8325,1.732050807);
#8327=LINE('',#8324,#8326);
#8328=EDGE_CURVE('',#8317,#7999,#8327,.T.);
#8329=ORIENTED_EDGE('',*,*,#8328,.T.);
#8330=CARTESIAN_POINT('',(1323.623044738,-1303.5,1.4));
#8331=DIRECTION('',(-1.,-0.,0.));
#8332=VECTOR('',#8331,15.246089476);
#8333=LINE('',#8330,#8332);
#8334=EDGE_CURVE('',#7999,#8307,#8333,.T.);
#8335=ORIENTED_EDGE('',*,*,#8334,.T.);
#8336=EDGE_LOOP('',(#8315,#8323,#8329,#8335));
#8337=FACE_BOUND('',#8336,.T.);
#8338=ADVANCED_FACE('',(#8337),#8305,.T.);
#8339=CARTESIAN_POINT('',(1316.,-1303.5,1.4));
#8340=DIRECTION('',(0.,0.819231921,-0.573462344));
#8341=DIRECTION('',(-1.,0.,0.));
#8342=AXIS2_PLACEMENT_3D('',#8339,#8340,#8341);
#8343=PLANE('',#8342);
#8344=ORIENTED_EDGE('',*,*,#8004,.F.);
#8345=CARTESIAN_POINT('',(1309.076955262,-1302.8,2.4));
#8346=VERTEX_POINT('',#8345);
#8347=CARTESIAN_POINT('',(1322.923044738,-1302.800000001,2.4));
#8348=DIRECTION('',(-1.,0.,0.));
#8349=VECTOR('',#8348,13.846089476);
#8350=LINE('',#8347,#8349);
#8351=EDGE_CURVE('',#7991,#8346,#8350,.T.);
#8352=ORIENTED_EDGE('',*,*,#8351,.T.);
#8353=CARTESIAN_POINT('',(1308.376955262,-1303.5,1.4));
#8354=DIRECTION('',(0.497468338,0.497468338,0.710669055));
#8355=VECTOR('',#8354,1.407124728);
#8356=LINE('',#8353,#8355);
#8357=EDGE_CURVE('',#8307,#8346,#8356,.T.);
#8358=ORIENTED_EDGE('',*,*,#8357,.F.);
#8359=ORIENTED_EDGE('',*,*,#8334,.F.);
#8360=EDGE_LOOP('',(#8344,#8352,#8358,#8359));
#8361=FACE_BOUND('',#8360,.T.);
#8362=ADVANCED_FACE('',(#8361),#8343,.F.);
#8363=CARTESIAN_POINT('',(1316.,-1302.8,6.8));
#8364=DIRECTION('',(0.,-1.,0.));
#8365=DIRECTION('',(1.,0.,0.));
#8366=AXIS2_PLACEMENT_3D('',#8363,#8364,#8365);
#8367=PLANE('',#8366);
#8368=ORIENTED_EDGE('',*,*,#8351,.F.);
#8369=ORIENTED_EDGE('',*,*,#7996,.F.);
#8370=CARTESIAN_POINT('',(1309.076955262,-1302.8,4.4));
#8371=VERTEX_POINT('',#8370);
#8372=CARTESIAN_POINT('',(1322.923044738,-1302.8,4.4));
#8373=DIRECTION('',(-1.,-0.,0.));
#8374=VECTOR('',#8373,13.846089476);
#8375=LINE('',#8372,#8374);
#8376=EDGE_CURVE('',#7983,#8371,#8375,.T.);
#8377=ORIENTED_EDGE('',*,*,#8376,.T.);
#8378=CARTESIAN_POINT('',(1309.076955262,-1302.8,4.4));
#8379=DIRECTION('',(-0.,-0.,-1.));
#8380=VECTOR('',#8379,2.);
#8381=LINE('',#8378,#8380);
#8382=EDGE_CURVE('',#8371,#8346,#8381,.T.);
#8383=ORIENTED_EDGE('',*,*,#8382,.T.);
#8384=EDGE_LOOP('',(#8368,#8369,#8377,#8383));
#8385=FACE_BOUND('',#8384,.T.);
#8386=ADVANCED_FACE('',(#8385),#8367,.T.);
#8387=CARTESIAN_POINT('',(1308.726955262,-1303.15,6.8));
#8388=DIRECTION('',(0.707106781,-0.707106781,0.));
#8389=DIRECTION('',(0.707106781,0.707106781,0.));
#8390=AXIS2_PLACEMENT_3D('',#8387,#8388,#8389);
#8391=PLANE('',#8390);
#8392=ORIENTED_EDGE('',*,*,#8210,.T.);
#8393=CARTESIAN_POINT('',(1303.5,-1308.376955262,1.4));
#8394=DIRECTION('',(0.707106781,0.707106781,0.));
#8395=VECTOR('',#8394,6.897056275);
#8396=LINE('',#8393,#8395);
#8397=EDGE_CURVE('',#8183,#8307,#8396,.T.);
#8398=ORIENTED_EDGE('',*,*,#8397,.T.);
#8399=ORIENTED_EDGE('',*,*,#8357,.T.);
#8400=ORIENTED_EDGE('',*,*,#8382,.F.);
#8401=CARTESIAN_POINT('',(1308.376955262,-1303.5,5.4));
#8402=VERTEX_POINT('',#8401);
#8403=CARTESIAN_POINT('',(1309.076955262,-1302.8,4.4));
#8404=DIRECTION('',(-0.497468338,-0.497468338,0.710669055));
#8405=VECTOR('',#8404,1.407124728);
#8406=LINE('',#8403,#8405);
#8407=EDGE_CURVE('',#8371,#8402,#8406,.T.);
#8408=ORIENTED_EDGE('',*,*,#8407,.T.);
#8409=CARTESIAN_POINT('',(1303.5,-1308.376955262,5.4));
#8410=VERTEX_POINT('',#8409);
#8411=CARTESIAN_POINT('',(1308.376955262,-1303.5,5.4));
#8412=DIRECTION('',(-0.707106781,-0.707106781,-0.));
#8413=VECTOR('',#8412,6.897056275);
#8414=LINE('',#8411,#8413);
#8415=EDGE_CURVE('',#8402,#8410,#8414,.T.);
#8416=ORIENTED_EDGE('',*,*,#8415,.T.);
#8417=CARTESIAN_POINT('',(1303.5,-1308.376955262,5.4));
#8418=DIRECTION('',(-0.497468338,-0.497468338,-0.710669055));
#8419=VECTOR('',#8418,1.407124728);
#8420=LINE('',#8417,#8419);
#8421=EDGE_CURVE('',#8410,#8237,#8420,.T.);
#8422=ORIENTED_EDGE('',*,*,#8421,.T.);
#8423=ORIENTED_EDGE('',*,*,#8242,.T.);
#8424=EDGE_LOOP('',(#8392,#8398,#8399,#8400,#8408,#8416,#8422,#8423));
#8425=FACE_BOUND('',#8424,.T.);
#8426=ADVANCED_FACE('',(#8425),#8391,.T.);
#8427=CARTESIAN_POINT('',(1328.5,-1316.,4.4));
#8428=DIRECTION('',(-1.,0.,0.));
#8429=DIRECTION('',(0.,-1.,0.));
#8430=AXIS2_PLACEMENT_3D('',#8427,#8428,#8429);
#8431=PLANE('',#8430);
#8432=CARTESIAN_POINT('',(1328.5,-1325.0372583,6.4));
#8433=VERTEX_POINT('',#8432);
#8434=CARTESIAN_POINT('',(1328.5,-1323.623044738,5.4));
#8435=DIRECTION('',(0.,-0.816496581,0.577350269));
#8436=VECTOR('',#8435,1.732050807);
#8437=LINE('',#8434,#8436);
#8438=EDGE_CURVE('',#8133,#8433,#8437,.T.);
#8439=ORIENTED_EDGE('',*,*,#8438,.T.);
#8440=CARTESIAN_POINT('',(1328.5,-1306.9627417,6.4));
#8441=VERTEX_POINT('',#8440);
#8442=CARTESIAN_POINT('',(1328.5,-1325.0372583,6.4));
#8443=DIRECTION('',(-0.,1.,-0.));
#8444=VECTOR('',#8443,18.0745166);
#8445=LINE('',#8442,#8444);
#8446=EDGE_CURVE('',#8433,#8441,#8445,.T.);
#8447=ORIENTED_EDGE('',*,*,#8446,.T.);
#8448=CARTESIAN_POINT('',(1328.5,-1306.9627417,6.4));
#8449=DIRECTION('',(0.,-0.816496581,-0.577350269));
#8450=VECTOR('',#8449,1.732050807);
#8451=LINE('',#8448,#8450);
#8452=EDGE_CURVE('',#8441,#7967,#8451,.T.);
#8453=ORIENTED_EDGE('',*,*,#8452,.T.);
#8454=CARTESIAN_POINT('',(1328.5,-1308.376955262,5.4));
#8455=DIRECTION('',(0.,-1.,0.));
#8456=VECTOR('',#8455,15.246089476);
#8457=LINE('',#8454,#8456);
#8458=EDGE_CURVE('',#7967,#8133,#8457,.T.);
#8459=ORIENTED_EDGE('',*,*,#8458,.T.);
#8460=EDGE_LOOP('',(#8439,#8447,#8453,#8459));
#8461=FACE_BOUND('',#8460,.T.);
#8462=ADVANCED_FACE('',(#8461),#8431,.T.);
#8463=CARTESIAN_POINT('',(1328.5,-1316.,5.4));
#8464=DIRECTION('',(-0.819231921,0.,-0.573462344));
#8465=DIRECTION('',(0.,1.,0.));
#8466=AXIS2_PLACEMENT_3D('',#8463,#8464,#8465);
#8467=PLANE('',#8466);
#8468=ORIENTED_EDGE('',*,*,#7972,.F.);
#8469=ORIENTED_EDGE('',*,*,#7950,.F.);
#8470=ORIENTED_EDGE('',*,*,#8144,.F.);
#8471=ORIENTED_EDGE('',*,*,#8458,.F.);
#8472=EDGE_LOOP('',(#8468,#8469,#8470,#8471));
#8473=FACE_BOUND('',#8472,.T.);
#8474=ADVANCED_FACE('',(#8473),#8467,.T.);
#8475=CARTESIAN_POINT('',(1316.,-1328.5,4.4));
#8476=DIRECTION('',(0.,1.,0.));
#8477=DIRECTION('',(-1.,0.,0.));
#8478=AXIS2_PLACEMENT_3D('',#8475,#8476,#8477);
#8479=PLANE('',#8478);
#8480=CARTESIAN_POINT('',(1306.9627417,-1328.5,6.4));
#8481=VERTEX_POINT('',#8480);
#8482=CARTESIAN_POINT('',(1308.376955262,-1328.5,5.4));
#8483=DIRECTION('',(-0.816496581,0.,0.577350269));
#8484=VECTOR('',#8483,1.732050807);
#8485=LINE('',#8482,#8484);
#8486=EDGE_CURVE('',#8284,#8481,#8485,.T.);
#8487=ORIENTED_EDGE('',*,*,#8486,.T.);
#8488=CARTESIAN_POINT('',(1325.0372583,-1328.5,6.4));
#8489=VERTEX_POINT('',#8488);
#8490=CARTESIAN_POINT('',(1306.9627417,-1328.5,6.4));
#8491=DIRECTION('',(1.,-0.,-0.));
#8492=VECTOR('',#8491,18.0745166);
#8493=LINE('',#8490,#8492);
#8494=EDGE_CURVE('',#8481,#8489,#8493,.T.);
#8495=ORIENTED_EDGE('',*,*,#8494,.T.);
#8496=CARTESIAN_POINT('',(1325.0372583,-1328.5,6.4));
#8497=DIRECTION('',(-0.816496581,0.,-0.577350269));
#8498=VECTOR('',#8497,1.732050807);
#8499=LINE('',#8496,#8498);
#8500=EDGE_CURVE('',#8489,#8125,#8499,.T.);
#8501=ORIENTED_EDGE('',*,*,#8500,.T.);
#8502=CARTESIAN_POINT('',(1323.623044738,-1328.5,5.4));
#8503=DIRECTION('',(-1.,0.,0.));
#8504=VECTOR('',#8503,15.246089476);
#8505=LINE('',#8502,#8504);
#8506=EDGE_CURVE('',#8125,#8284,#8505,.T.);
#8507=ORIENTED_EDGE('',*,*,#8506,.T.);
#8508=EDGE_LOOP('',(#8487,#8495,#8501,#8507));
#8509=FACE_BOUND('',#8508,.T.);
#8510=ADVANCED_FACE('',(#8509),#8479,.T.);
#8511=CARTESIAN_POINT('',(1316.,-1328.5,5.4));
#8512=DIRECTION('',(0.,0.819231921,-0.573462344));
#8513=DIRECTION('',(1.,0.,0.));
#8514=AXIS2_PLACEMENT_3D('',#8511,#8512,#8513);
#8515=PLANE('',#8514);
#8516=ORIENTED_EDGE('',*,*,#8130,.F.);
#8517=ORIENTED_EDGE('',*,*,#8108,.F.);
#8518=ORIENTED_EDGE('',*,*,#8295,.F.);
#8519=ORIENTED_EDGE('',*,*,#8506,.F.);
#8520=EDGE_LOOP('',(#8516,#8517,#8518,#8519));
#8521=FACE_BOUND('',#8520,.T.);
#8522=ADVANCED_FACE('',(#8521),#8515,.T.);
#8523=CARTESIAN_POINT('',(1303.5,-1316.,4.4));
#8524=DIRECTION('',(1.,0.,0.));
#8525=DIRECTION('',(0.,1.,0.));
#8526=AXIS2_PLACEMENT_3D('',#8523,#8524,#8525);
#8527=PLANE('',#8526);
#8528=CARTESIAN_POINT('',(1303.5,-1306.9627417,6.4));
#8529=VERTEX_POINT('',#8528);
#8530=CARTESIAN_POINT('',(1303.5,-1308.376955262,5.4));
#8531=DIRECTION('',(0.,0.816496581,0.577350269));
#8532=VECTOR('',#8531,1.732050807);
#8533=LINE('',#8530,#8532);
#8534=EDGE_CURVE('',#8410,#8529,#8533,.T.);
#8535=ORIENTED_EDGE('',*,*,#8534,.T.);
#8536=CARTESIAN_POINT('',(1303.5,-1325.0372583,6.4));
#8537=VERTEX_POINT('',#8536);
#8538=CARTESIAN_POINT('',(1303.5,-1306.9627417,6.4));
#8539=DIRECTION('',(-0.,-1.,-0.));
#8540=VECTOR('',#8539,18.0745166);
#8541=LINE('',#8538,#8540);
#8542=EDGE_CURVE('',#8529,#8537,#8541,.T.);
#8543=ORIENTED_EDGE('',*,*,#8542,.T.);
#8544=CARTESIAN_POINT('',(1303.5,-1325.0372583,6.4));
#8545=DIRECTION('',(0.,0.816496581,-0.577350269));
#8546=VECTOR('',#8545,1.732050807);
#8547=LINE('',#8544,#8546);
#8548=EDGE_CURVE('',#8537,#8276,#8547,.T.);
#8549=ORIENTED_EDGE('',*,*,#8548,.T.);
#8550=CARTESIAN_POINT('',(1303.5,-1323.623044738,5.4));
#8551=DIRECTION('',(0.,1.,0.));
#8552=VECTOR('',#8551,15.246089476);
#8553=LINE('',#8550,#8552);
#8554=EDGE_CURVE('',#8276,#8410,#8553,.T.);
#8555=ORIENTED_EDGE('',*,*,#8554,.T.);
#8556=EDGE_LOOP('',(#8535,#8543,#8549,#8555));
#8557=FACE_BOUND('',#8556,.T.);
#8558=ADVANCED_FACE('',(#8557),#8527,.T.);
#8559=CARTESIAN_POINT('',(1303.5,-1316.,5.4));
#8560=DIRECTION('',(0.819231921,0.,-0.573462344));
#8561=DIRECTION('',(0.,-1.,0.));
#8562=AXIS2_PLACEMENT_3D('',#8559,#8560,#8561);
#8563=PLANE('',#8562);
#8564=ORIENTED_EDGE('',*,*,#8281,.F.);
#8565=ORIENTED_EDGE('',*,*,#8250,.F.);
#8566=ORIENTED_EDGE('',*,*,#8421,.F.);
#8567=ORIENTED_EDGE('',*,*,#8554,.F.);
#8568=EDGE_LOOP('',(#8564,#8565,#8566,#8567));
#8569=FACE_BOUND('',#8568,.T.);
#8570=ADVANCED_FACE('',(#8569),#8563,.T.);
#8571=CARTESIAN_POINT('',(1316.,-1303.5,4.4));
#8572=DIRECTION('',(0.,-1.,0.));
#8573=DIRECTION('',(1.,0.,0.));
#8574=AXIS2_PLACEMENT_3D('',#8571,#8572,#8573);
#8575=PLANE('',#8574);
#8576=CARTESIAN_POINT('',(1325.0372583,-1303.5,6.4));
#8577=VERTEX_POINT('',#8576);
#8578=CARTESIAN_POINT('',(1323.623044738,-1303.5,5.4));
#8579=DIRECTION('',(0.816496581,0.,0.577350269));
#8580=VECTOR('',#8579,1.732050807);
#8581=LINE('',#8578,#8580);
#8582=EDGE_CURVE('',#7975,#8577,#8581,.T.);
#8583=ORIENTED_EDGE('',*,*,#8582,.T.);
#8584=CARTESIAN_POINT('',(1306.9627417,-1303.5,6.4));
#8585=VERTEX_POINT('',#8584);
#8586=CARTESIAN_POINT('',(1325.0372583,-1303.5,6.4));
#8587=DIRECTION('',(-1.,-0.,0.));
#8588=VECTOR('',#8587,18.0745166);
#8589=LINE('',#8586,#8588);
#8590=EDGE_CURVE('',#8577,#8585,#8589,.T.);
#8591=ORIENTED_EDGE('',*,*,#8590,.T.);
#8592=CARTESIAN_POINT('',(1306.9627417,-1303.5,6.4));
#8593=DIRECTION('',(0.816496581,0.,-0.577350269));
#8594=VECTOR('',#8593,1.732050807);
#8595=LINE('',#8592,#8594);
#8596=EDGE_CURVE('',#8585,#8402,#8595,.T.);
#8597=ORIENTED_EDGE('',*,*,#8596,.T.);
#8598=CARTESIAN_POINT('',(1308.376955262,-1303.5,5.4));
#8599=DIRECTION('',(1.,0.,-0.));
#8600=VECTOR('',#8599,15.246089476);
#8601=LINE('',#8598,#8600);
#8602=EDGE_CURVE('',#8402,#7975,#8601,.T.);
#8603=ORIENTED_EDGE('',*,*,#8602,.T.);
#8604=EDGE_LOOP('',(#8583,#8591,#8597,#8603));
#8605=FACE_BOUND('',#8604,.T.);
#8606=ADVANCED_FACE('',(#8605),#8575,.T.);
#8607=CARTESIAN_POINT('',(1316.,-1303.5,5.4));
#8608=DIRECTION('',(0.,-0.819231921,-0.573462344));
#8609=DIRECTION('',(-1.,0.,0.));
#8610=AXIS2_PLACEMENT_3D('',#8607,#8608,#8609);
#8611=PLANE('',#8610);
#8612=ORIENTED_EDGE('',*,*,#8407,.F.);
#8613=ORIENTED_EDGE('',*,*,#8376,.F.);
#8614=ORIENTED_EDGE('',*,*,#7988,.F.);
#8615=ORIENTED_EDGE('',*,*,#8602,.F.);
#8616=EDGE_LOOP('',(#8612,#8613,#8614,#8615));
#8617=FACE_BOUND('',#8616,.T.);
#8618=ADVANCED_FACE('',(#8617),#8611,.T.);
#8619=CARTESIAN_POINT('',(1304.948528137,-1304.948528137,0.));
#8620=DIRECTION('',(0.5,-0.5,-0.707106781));
#8621=DIRECTION('',(0.707106781,0.707106781,0.));
#8622=AXIS2_PLACEMENT_3D('',#8619,#8620,#8621);
#8623=PLANE('',#8622);
#8624=ORIENTED_EDGE('',*,*,#8314,.F.);
#8625=ORIENTED_EDGE('',*,*,#8397,.F.);
#8626=ORIENTED_EDGE('',*,*,#8188,.F.);
#8627=CARTESIAN_POINT('',(1303.5,-1306.9627417,0.4));
#8628=DIRECTION('',(-0.678598344,0.281084638,-0.678598345));
#8629=VECTOR('',#8628,0.589450303);
#8630=LINE('',#8627,#8629);
#8631=EDGE_CURVE('',#8175,#413,#8630,.T.);
#8632=ORIENTED_EDGE('',*,*,#8631,.T.);
#8633=ORIENTED_EDGE('',*,*,#418,.F.);
#8634=CARTESIAN_POINT('',(1306.797056275,-1303.1,0.));
#8635=DIRECTION('',(0.281084638,-0.678598344,0.678598345));
#8636=VECTOR('',#8635,0.589450303);
#8637=LINE('',#8634,#8636);
#8638=EDGE_CURVE('',#405,#8309,#8637,.T.);
#8639=ORIENTED_EDGE('',*,*,#8638,.T.);
#8640=EDGE_LOOP('',(#8624,#8625,#8626,#8632,#8633,#8639));
#8641=FACE_BOUND('',#8640,.T.);
#8642=ADVANCED_FACE('',(#8641),#8623,.T.);
#8643=CARTESIAN_POINT('',(1308.726955262,-1303.15,5.4));
#8644=DIRECTION('',(-0.5,0.5,-0.707106781));
#8645=DIRECTION('',(-0.707106781,-0.707106781,0.));
#8646=AXIS2_PLACEMENT_3D('',#8643,#8644,#8645);
#8647=PLANE('',#8646);
#8648=ORIENTED_EDGE('',*,*,#8596,.F.);
#8649=CARTESIAN_POINT('',(1306.9627417,-1303.5,6.4));
#8650=DIRECTION('',(-0.281084638,0.678598344,0.678598345));
#8651=VECTOR('',#8650,0.589450303);
#8652=LINE('',#8649,#8651);
#8653=EDGE_CURVE('',#8585,#2019,#8652,.T.);
#8654=ORIENTED_EDGE('',*,*,#8653,.T.);
#8655=ORIENTED_EDGE('',*,*,#2024,.F.);
#8656=CARTESIAN_POINT('',(1303.1,-1306.797056275,6.8));
#8657=DIRECTION('',(0.678598344,-0.281084638,-0.678598345));
#8658=VECTOR('',#8657,0.589450303);
#8659=LINE('',#8656,#8658);
#8660=EDGE_CURVE('',#2011,#8529,#8659,.T.);
#8661=ORIENTED_EDGE('',*,*,#8660,.T.);
#8662=ORIENTED_EDGE('',*,*,#8534,.F.);
#8663=ORIENTED_EDGE('',*,*,#8415,.F.);
#8664=EDGE_LOOP('',(#8648,#8654,#8655,#8661,#8662,#8663));
#8665=FACE_BOUND('',#8664,.T.);
#8666=ADVANCED_FACE('',(#8665),#8647,.F.);
#8667=CARTESIAN_POINT('',(1323.273044738,-1328.85,5.4));
#8668=DIRECTION('',(0.5,-0.5,-0.707106781));
#8669=DIRECTION('',(0.707106781,0.707106781,0.));
#8670=AXIS2_PLACEMENT_3D('',#8667,#8668,#8669);
#8671=PLANE('',#8670);
#8672=ORIENTED_EDGE('',*,*,#8500,.F.);
#8673=CARTESIAN_POINT('',(1325.0372583,-1328.5,6.4));
#8674=DIRECTION('',(0.281084638,-0.678598344,0.678598345));
#8675=VECTOR('',#8674,0.589450303);
#8676=LINE('',#8673,#8675);
#8677=EDGE_CURVE('',#8489,#2051,#8676,.T.);
#8678=ORIENTED_EDGE('',*,*,#8677,.T.);
#8679=ORIENTED_EDGE('',*,*,#2056,.F.);
#8680=CARTESIAN_POINT('',(1328.9,-1325.202943725,6.8));
#8681=DIRECTION('',(-0.678598344,0.281084638,-0.678598345));
#8682=VECTOR('',#8681,0.589450303);
#8683=LINE('',#8680,#8682);
#8684=EDGE_CURVE('',#2043,#8433,#8683,.T.);
#8685=ORIENTED_EDGE('',*,*,#8684,.T.);
#8686=ORIENTED_EDGE('',*,*,#8438,.F.);
#8687=ORIENTED_EDGE('',*,*,#8138,.F.);
#8688=EDGE_LOOP('',(#8672,#8678,#8679,#8685,#8686,#8687));
#8689=FACE_BOUND('',#8688,.T.);
#8690=ADVANCED_FACE('',(#8689),#8671,.F.);
#8691=CARTESIAN_POINT('',(1304.948528137,-1327.051471863,0.));
#8692=DIRECTION('',(0.5,0.5,-0.707106781));
#8693=DIRECTION('',(-0.707106781,0.707106781,0.));
#8694=AXIS2_PLACEMENT_3D('',#8691,#8692,#8693);
#8695=PLANE('',#8694);
#8696=ORIENTED_EDGE('',*,*,#8172,.F.);
#8697=ORIENTED_EDGE('',*,*,#8271,.F.);
#8698=ORIENTED_EDGE('',*,*,#8046,.F.);
#8699=CARTESIAN_POINT('',(1306.9627417,-1328.5,0.4));
#8700=DIRECTION('',(-0.281084638,-0.678598344,-0.678598345));
#8701=VECTOR('',#8700,0.589450303);
#8702=LINE('',#8699,#8701);
#8703=EDGE_CURVE('',#8033,#429,#8702,.T.);
#8704=ORIENTED_EDGE('',*,*,#8703,.T.);
#8705=ORIENTED_EDGE('',*,*,#434,.F.);
#8706=CARTESIAN_POINT('',(1303.1,-1325.202943725,0.));
#8707=DIRECTION('',(0.678598344,0.281084638,0.678598345));
#8708=VECTOR('',#8707,0.589450303);
#8709=LINE('',#8706,#8708);
#8710=EDGE_CURVE('',#421,#8167,#8709,.T.);
#8711=ORIENTED_EDGE('',*,*,#8710,.T.);
#8712=EDGE_LOOP('',(#8696,#8697,#8698,#8704,#8705,#8711));
#8713=FACE_BOUND('',#8712,.T.);
#8714=ADVANCED_FACE('',(#8713),#8695,.T.);
#8715=CARTESIAN_POINT('',(1328.85,-1308.726955262,5.4));
#8716=DIRECTION('',(0.5,0.5,-0.707106781));
#8717=DIRECTION('',(-0.707106781,0.707106781,0.));
#8718=AXIS2_PLACEMENT_3D('',#8715,#8716,#8717);
#8719=PLANE('',#8718);
#8720=ORIENTED_EDGE('',*,*,#8452,.F.);
#8721=CARTESIAN_POINT('',(1328.5,-1306.9627417,6.4));
#8722=DIRECTION('',(0.678598344,0.281084638,0.678598345));
#8723=VECTOR('',#8722,0.589450303);
#8724=LINE('',#8721,#8723);
#8725=EDGE_CURVE('',#8441,#2035,#8724,.T.);
#8726=ORIENTED_EDGE('',*,*,#8725,.T.);
#8727=ORIENTED_EDGE('',*,*,#2040,.F.);
#8728=CARTESIAN_POINT('',(1325.202943725,-1303.1,6.8));
#8729=DIRECTION('',(-0.281084638,-0.678598344,-0.678598345));
#8730=VECTOR('',#8729,0.589450303);
#8731=LINE('',#8728,#8730);
#8732=EDGE_CURVE('',#2027,#8577,#8731,.T.);
#8733=ORIENTED_EDGE('',*,*,#8732,.T.);
#8734=ORIENTED_EDGE('',*,*,#8582,.F.);
#8735=ORIENTED_EDGE('',*,*,#7980,.F.);
#8736=EDGE_LOOP('',(#8720,#8726,#8727,#8733,#8734,#8735));
#8737=FACE_BOUND('',#8736,.T.);
#8738=ADVANCED_FACE('',(#8737),#8719,.F.);
#8739=CARTESIAN_POINT('',(1327.051471863,-1327.051471863,0.));
#8740=DIRECTION('',(-0.5,0.5,-0.707106781));
#8741=DIRECTION('',(-0.707106781,-0.707106781,0.));
#8742=AXIS2_PLACEMENT_3D('',#8739,#8740,#8741);
#8743=PLANE('',#8742);
#8744=ORIENTED_EDGE('',*,*,#8030,.F.);
#8745=ORIENTED_EDGE('',*,*,#8152,.F.);
#8746=ORIENTED_EDGE('',*,*,#7888,.F.);
#8747=CARTESIAN_POINT('',(1328.5,-1325.0372583,0.4));
#8748=DIRECTION('',(0.678598344,-0.281084638,-0.678598345));
#8749=VECTOR('',#8748,0.589450303);
#8750=LINE('',#8747,#8749);
#8751=EDGE_CURVE('',#7875,#445,#8750,.T.);
#8752=ORIENTED_EDGE('',*,*,#8751,.T.);
#8753=ORIENTED_EDGE('',*,*,#450,.F.);
#8754=CARTESIAN_POINT('',(1325.202943725,-1328.9,0.));
#8755=DIRECTION('',(-0.281084638,0.678598344,0.678598345));
#8756=VECTOR('',#8755,0.589450303);
#8757=LINE('',#8754,#8756);
#8758=EDGE_CURVE('',#437,#8025,#8757,.T.);
#8759=ORIENTED_EDGE('',*,*,#8758,.T.);
#8760=EDGE_LOOP('',(#8744,#8745,#8746,#8752,#8753,#8759));
#8761=FACE_BOUND('',#8760,.T.);
#8762=ADVANCED_FACE('',(#8761),#8743,.T.);
#8763=CARTESIAN_POINT('',(1327.051471863,-1304.948528137,0.));
#8764=DIRECTION('',(-0.5,-0.5,-0.707106781));
#8765=DIRECTION('',(0.707106781,-0.707106781,0.));
#8766=AXIS2_PLACEMENT_3D('',#8763,#8764,#8765);
#8767=PLANE('',#8766);
#8768=ORIENTED_EDGE('',*,*,#7872,.F.);
#8769=ORIENTED_EDGE('',*,*,#8010,.F.);
#8770=ORIENTED_EDGE('',*,*,#8328,.F.);
#8771=CARTESIAN_POINT('',(1325.0372583,-1303.5,0.4));
#8772=DIRECTION('',(0.281084638,0.678598344,-0.678598345));
#8773=VECTOR('',#8772,0.589450303);
#8774=LINE('',#8771,#8773);
#8775=EDGE_CURVE('',#8317,#403,#8774,.T.);
#8776=ORIENTED_EDGE('',*,*,#8775,.T.);
#8777=ORIENTED_EDGE('',*,*,#464,.F.);
#8778=CARTESIAN_POINT('',(1328.9,-1306.797056275,0.));
#8779=DIRECTION('',(-0.678598344,-0.281084638,0.678598345));
#8780=VECTOR('',#8779,0.589450303);
#8781=LINE('',#8778,#8780);
#8782=EDGE_CURVE('',#453,#7867,#8781,.T.);
#8783=ORIENTED_EDGE('',*,*,#8782,.T.);
#8784=EDGE_LOOP('',(#8768,#8769,#8770,#8776,#8777,#8783));
#8785=FACE_BOUND('',#8784,.T.);
#8786=ADVANCED_FACE('',(#8785),#8767,.T.);
#8787=CARTESIAN_POINT('',(1303.15,-1323.273044738,5.4));
#8788=DIRECTION('',(-0.5,-0.5,-0.707106781));
#8789=DIRECTION('',(0.707106781,-0.707106781,0.));
#8790=AXIS2_PLACEMENT_3D('',#8787,#8788,#8789);
#8791=PLANE('',#8790);
#8792=ORIENTED_EDGE('',*,*,#8548,.F.);
#8793=CARTESIAN_POINT('',(1303.5,-1325.0372583,6.4));
#8794=DIRECTION('',(-0.678598344,-0.281084638,0.678598345));
#8795=VECTOR('',#8794,0.589450303);
#8796=LINE('',#8793,#8795);
#8797=EDGE_CURVE('',#8537,#2009,#8796,.T.);
#8798=ORIENTED_EDGE('',*,*,#8797,.T.);
#8799=ORIENTED_EDGE('',*,*,#2070,.F.);
#8800=CARTESIAN_POINT('',(1306.797056275,-1328.9,6.8));
#8801=DIRECTION('',(0.281084638,0.678598344,-0.678598345));
#8802=VECTOR('',#8801,0.589450303);
#8803=LINE('',#8800,#8802);
#8804=EDGE_CURVE('',#2059,#8481,#8803,.T.);
#8805=ORIENTED_EDGE('',*,*,#8804,.T.);
#8806=ORIENTED_EDGE('',*,*,#8486,.F.);
#8807=ORIENTED_EDGE('',*,*,#8289,.F.);
#8808=EDGE_LOOP('',(#8792,#8798,#8799,#8805,#8806,#8807));
#8809=FACE_BOUND('',#8808,.T.);
#8810=ADVANCED_FACE('',(#8809),#8791,.F.);
#8811=CARTESIAN_POINT('',(1303.1,-1316.,6.8));
#8812=DIRECTION('',(-0.707106781,0.,-0.707106781));
#8813=DIRECTION('',(0.,1.,0.));
#8814=AXIS2_PLACEMENT_3D('',#8811,#8812,#8813);
#8815=PLANE('',#8814);
#8816=ORIENTED_EDGE('',*,*,#8797,.F.);
#8817=ORIENTED_EDGE('',*,*,#8542,.F.);
#8818=ORIENTED_EDGE('',*,*,#8660,.F.);
#8819=ORIENTED_EDGE('',*,*,#2016,.F.);
#8820=EDGE_LOOP('',(#8816,#8817,#8818,#8819));
#8821=FACE_BOUND('',#8820,.T.);
#8822=ADVANCED_FACE('',(#8821),#8815,.F.);
#8823=CARTESIAN_POINT('',(1316.,-1303.1,0.));
#8824=DIRECTION('',(0.,-0.707106781,-0.707106781));
#8825=DIRECTION('',(1.,0.,0.));
#8826=AXIS2_PLACEMENT_3D('',#8823,#8824,#8825);
#8827=PLANE('',#8826);
#8828=ORIENTED_EDGE('',*,*,#8775,.F.);
#8829=ORIENTED_EDGE('',*,*,#8322,.F.);
#8830=ORIENTED_EDGE('',*,*,#8638,.F.);
#8831=ORIENTED_EDGE('',*,*,#410,.F.);
#8832=EDGE_LOOP('',(#8828,#8829,#8830,#8831));
#8833=FACE_BOUND('',#8832,.T.);
#8834=ADVANCED_FACE('',(#8833),#8827,.T.);
#8835=CARTESIAN_POINT('',(1328.9,-1316.,0.));
#8836=DIRECTION('',(-0.707106781,0.,-0.707106781));
#8837=DIRECTION('',(0.,-1.,0.));
#8838=AXIS2_PLACEMENT_3D('',#8835,#8836,#8837);
#8839=PLANE('',#8838);
#8840=ORIENTED_EDGE('',*,*,#8751,.F.);
#8841=ORIENTED_EDGE('',*,*,#7880,.F.);
#8842=ORIENTED_EDGE('',*,*,#8782,.F.);
#8843=ORIENTED_EDGE('',*,*,#458,.F.);
#8844=EDGE_LOOP('',(#8840,#8841,#8842,#8843));
#8845=FACE_BOUND('',#8844,.T.);
#8846=ADVANCED_FACE('',(#8845),#8839,.T.);
#8847=CARTESIAN_POINT('',(1316.,-1328.9,6.8));
#8848=DIRECTION('',(0.,-0.707106781,-0.707106781));
#8849=DIRECTION('',(-1.,0.,0.));
#8850=AXIS2_PLACEMENT_3D('',#8847,#8848,#8849);
#8851=PLANE('',#8850);
#8852=ORIENTED_EDGE('',*,*,#8677,.F.);
#8853=ORIENTED_EDGE('',*,*,#8494,.F.);
#8854=ORIENTED_EDGE('',*,*,#8804,.F.);
#8855=ORIENTED_EDGE('',*,*,#2064,.F.);
#8856=EDGE_LOOP('',(#8852,#8853,#8854,#8855));
#8857=FACE_BOUND('',#8856,.T.);
#8858=ADVANCED_FACE('',(#8857),#8851,.F.);
#8859=CARTESIAN_POINT('',(1328.9,-1316.,6.8));
#8860=DIRECTION('',(0.707106781,0.,-0.707106781));
#8861=DIRECTION('',(0.,-1.,0.));
#8862=AXIS2_PLACEMENT_3D('',#8859,#8860,#8861);
#8863=PLANE('',#8862);
#8864=ORIENTED_EDGE('',*,*,#8725,.F.);
#8865=ORIENTED_EDGE('',*,*,#8446,.F.);
#8866=ORIENTED_EDGE('',*,*,#8684,.F.);
#8867=ORIENTED_EDGE('',*,*,#2048,.F.);
#8868=EDGE_LOOP('',(#8864,#8865,#8866,#8867));
#8869=FACE_BOUND('',#8868,.T.);
#8870=ADVANCED_FACE('',(#8869),#8863,.F.);
#8871=CARTESIAN_POINT('',(1316.,-1303.1,6.8));
#8872=DIRECTION('',(0.,0.707106781,-0.707106781));
#8873=DIRECTION('',(1.,0.,0.));
#8874=AXIS2_PLACEMENT_3D('',#8871,#8872,#8873);
#8875=PLANE('',#8874);
#8876=ORIENTED_EDGE('',*,*,#8653,.F.);
#8877=ORIENTED_EDGE('',*,*,#8590,.F.);
#8878=ORIENTED_EDGE('',*,*,#8732,.F.);
#8879=ORIENTED_EDGE('',*,*,#2032,.F.);
#8880=EDGE_LOOP('',(#8876,#8877,#8878,#8879));
#8881=FACE_BOUND('',#8880,.T.);
#8882=ADVANCED_FACE('',(#8881),#8875,.F.);
#8883=CARTESIAN_POINT('',(1303.1,-1316.,0.));
#8884=DIRECTION('',(0.707106781,0.,-0.707106781));
#8885=DIRECTION('',(0.,1.,0.));
#8886=AXIS2_PLACEMENT_3D('',#8883,#8884,#8885);
#8887=PLANE('',#8886);
#8888=ORIENTED_EDGE('',*,*,#8631,.F.);
#8889=ORIENTED_EDGE('',*,*,#8180,.F.);
#8890=ORIENTED_EDGE('',*,*,#8710,.F.);
#8891=ORIENTED_EDGE('',*,*,#426,.F.);
#8892=EDGE_LOOP('',(#8888,#8889,#8890,#8891));
#8893=FACE_BOUND('',#8892,.T.);
#8894=ADVANCED_FACE('',(#8893),#8887,.T.);
#8895=CARTESIAN_POINT('',(1316.,-1328.9,0.));
#8896=DIRECTION('',(0.,0.707106781,-0.707106781));
#8897=DIRECTION('',(-1.,0.,0.));
#8898=AXIS2_PLACEMENT_3D('',#8895,#8896,#8897);
#8899=PLANE('',#8898);
#8900=ORIENTED_EDGE('',*,*,#8703,.F.);
#8901=ORIENTED_EDGE('',*,*,#8038,.F.);
#8902=ORIENTED_EDGE('',*,*,#8758,.F.);
#8903=ORIENTED_EDGE('',*,*,#442,.F.);
#8904=EDGE_LOOP('',(#8900,#8901,#8902,#8903));
#8905=FACE_BOUND('',#8904,.T.);
#8906=ADVANCED_FACE('',(#8905),#8899,.T.);
#8907=CARTESIAN_POINT('',(1304.1,-1303.36293249,4.6));
#8908=DIRECTION('',(0.,0.,-1.));
#8909=DIRECTION('',(0.,-1.,0.));
#8910=AXIS2_PLACEMENT_3D('',#8907,#8908,#8909);
#8911=CYLINDRICAL_SURFACE('',#8910,0.5);
#8912=ORIENTED_EDGE('',*,*,#3425,.T.);
#8913=CARTESIAN_POINT('',(1304.555223465,-1303.156119539,4.6));
#8914=DIRECTION('',(0.,0.,-1.));
#8915=VECTOR('',#8914,2.4);
#8916=LINE('',#8913,#8915);
#8917=EDGE_CURVE('',#3410,#3460,#8916,.T.);
#8918=ORIENTED_EDGE('',*,*,#8917,.T.);
#8919=ORIENTED_EDGE('',*,*,#3466,.T.);
#8920=CARTESIAN_POINT('',(1304.6,-1303.36293249,2.2));
#8921=DIRECTION('',(-0.,-0.,1.));
#8922=VECTOR('',#8921,2.4);
#8923=LINE('',#8920,#8922);
#8924=EDGE_CURVE('',#3452,#3419,#8923,.T.);
#8925=ORIENTED_EDGE('',*,*,#8924,.T.);
#8926=EDGE_LOOP('',(#8912,#8918,#8919,#8925));
#8927=FACE_BOUND('',#8926,.T.);
#8928=ADVANCED_FACE('',(#8927),#8911,.F.);
#8929=CARTESIAN_POINT('',(1304.6,-1303.875,4.6));
#8930=DIRECTION('',(-1.,0.,0.));
#8931=DIRECTION('',(0.,0.,1.));
#8932=AXIS2_PLACEMENT_3D('',#8929,#8930,#8931);
#8933=PLANE('',#8932);
#8934=ORIENTED_EDGE('',*,*,#3457,.F.);
#8935=CARTESIAN_POINT('',(1304.6,-1304.5,4.6));
#8936=DIRECTION('',(0.,0.,-1.));
#8937=VECTOR('',#8936,2.4);
#8938=LINE('',#8935,#8937);
#8939=EDGE_CURVE('',#3357,#3443,#8938,.T.);
#8940=ORIENTED_EDGE('',*,*,#8939,.F.);
#8941=ORIENTED_EDGE('',*,*,#3431,.T.);
#8942=ORIENTED_EDGE('',*,*,#8924,.F.);
#8943=EDGE_LOOP('',(#8934,#8940,#8941,#8942));
#8944=FACE_BOUND('',#8943,.T.);
#8945=ADVANCED_FACE('',(#8944),#8933,.T.);
#8946=CARTESIAN_POINT('',(1307.1,-1302.,4.6));
#8947=DIRECTION('',(0.,0.,-1.));
#8948=DIRECTION('',(0.,-1.,0.));
#8949=AXIS2_PLACEMENT_3D('',#8946,#8947,#8948);
#8950=CYLINDRICAL_SURFACE('',#8949,2.795084972);
#8951=ORIENTED_EDGE('',*,*,#3416,.F.);
#8952=CARTESIAN_POINT('',(1304.318432388,-1302.274557137,2.2));
#8953=DIRECTION('',(-0.,-0.,1.));
#8954=VECTOR('',#8953,2.4);
#8955=LINE('',#8952,#8954);
#8956=EDGE_CURVE('',#3469,#3401,#8955,.T.);
#8957=ORIENTED_EDGE('',*,*,#8956,.F.);
#8958=ORIENTED_EDGE('',*,*,#3475,.T.);
#8959=ORIENTED_EDGE('',*,*,#8917,.F.);
#8960=EDGE_LOOP('',(#8951,#8957,#8958,#8959));
#8961=FACE_BOUND('',#8960,.T.);
#8962=ADVANCED_FACE('',(#8961),#8950,.T.);
#8963=CARTESIAN_POINT('',(1304.567223359,-1302.25,4.6));
#8964=DIRECTION('',(0.,0.,-1.));
#8965=DIRECTION('',(0.,-1.,0.));
#8966=AXIS2_PLACEMENT_3D('',#8963,#8964,#8965);
#8967=CYLINDRICAL_SURFACE('',#8966,0.25);
#8968=ORIENTED_EDGE('',*,*,#3407,.T.);
#8969=ORIENTED_EDGE('',*,*,#1472,.T.);
#8970=ORIENTED_EDGE('',*,*,#3482,.T.);
#8971=ORIENTED_EDGE('',*,*,#8956,.T.);
#8972=EDGE_LOOP('',(#8968,#8969,#8970,#8971));
#8973=FACE_BOUND('',#8972,.T.);
#8974=ADVANCED_FACE('',(#8973),#8967,.T.);
#8975=CARTESIAN_POINT('',(1330.,-1304.5,4.6));
#8976=DIRECTION('',(0.,0.,-1.));
#8977=DIRECTION('',(0.,-1.,0.));
#8978=AXIS2_PLACEMENT_3D('',#8975,#8976,#8977);
#8979=CYLINDRICAL_SURFACE('',#8978,2.6);
#8980=CARTESIAN_POINT('',(1330.,-1307.1,2.2));
#8981=VERTEX_POINT('',#8980);
#8982=CARTESIAN_POINT('',(1330.,-1307.1,4.6));
#8983=VERTEX_POINT('',#8982);
#8984=CARTESIAN_POINT('',(1330.,-1307.1,2.2));
#8985=DIRECTION('',(-0.,-0.,1.));
#8986=VECTOR('',#8985,2.4);
#8987=LINE('',#8984,#8986);
#8988=EDGE_CURVE('',#8981,#8983,#8987,.T.);
#8989=ORIENTED_EDGE('',*,*,#8988,.F.);
#8990=CARTESIAN_POINT('',(1327.4,-1304.5,2.2));
#8991=VERTEX_POINT('',#8990);
#8992=CARTESIAN_POINT('',(1330.,-1304.5,2.2));
#8993=DIRECTION('',(-0.,-0.,1.));
#8994=DIRECTION('',(-1.,0.,0.));
#8995=AXIS2_PLACEMENT_3D('',#8992,#8993,#8994);
#8996=CIRCLE('',#8995,2.6);
#8997=EDGE_CURVE('',#8991,#8981,#8996,.T.);
#8998=ORIENTED_EDGE('',*,*,#8997,.F.);
#8999=CARTESIAN_POINT('',(1327.4,-1304.5,4.6));
#9000=VERTEX_POINT('',#8999);
#9001=CARTESIAN_POINT('',(1327.4,-1304.5,4.6));
#9002=DIRECTION('',(-0.,-0.,-1.));
#9003=VECTOR('',#9002,2.4);
#9004=LINE('',#9001,#9003);
#9005=EDGE_CURVE('',#9000,#8991,#9004,.T.);
#9006=ORIENTED_EDGE('',*,*,#9005,.F.);
#9007=CARTESIAN_POINT('',(1330.,-1304.5,4.6));
#9008=DIRECTION('',(-0.,-0.,1.));
#9009=DIRECTION('',(-1.,0.,0.));
#9010=AXIS2_PLACEMENT_3D('',#9007,#9008,#9009);
#9011=CIRCLE('',#9010,2.6);
#9012=EDGE_CURVE('',#9000,#8983,#9011,.T.);
#9013=ORIENTED_EDGE('',*,*,#9012,.T.);
#9014=EDGE_LOOP('',(#8989,#8998,#9006,#9013));
#9015=FACE_BOUND('',#9014,.T.);
#9016=ADVANCED_FACE('',(#9015),#8979,.F.);
#9017=CARTESIAN_POINT('',(1344.,-1316.,4.6));
#9018=DIRECTION('',(0.,0.,1.));
#9019=DIRECTION('',(0.,1.,0.));
#9020=AXIS2_PLACEMENT_3D('',#9017,#9018,#9019);
#9021=PLANE('',#9020);
#9022=CARTESIAN_POINT('',(1332.6,-1304.5,4.6));
#9023=VERTEX_POINT('',#9022);
#9024=CARTESIAN_POINT('',(1330.,-1304.5,4.6));
#9025=DIRECTION('',(-0.,-0.,1.));
#9026=DIRECTION('',(-1.,0.,0.));
#9027=AXIS2_PLACEMENT_3D('',#9024,#9025,#9026);
#9028=CIRCLE('',#9027,2.6);
#9029=EDGE_CURVE('',#8983,#9023,#9028,.T.);
#9030=ORIENTED_EDGE('',*,*,#9029,.F.);
#9031=ORIENTED_EDGE('',*,*,#9012,.F.);
#9032=CARTESIAN_POINT('',(1327.4,-1303.36293249,4.6));
#9033=VERTEX_POINT('',#9032);
#9034=CARTESIAN_POINT('',(1327.4,-1304.5,4.6));
#9035=DIRECTION('',(0.,1.,0.));
#9036=VECTOR('',#9035,1.13706751);
#9037=LINE('',#9034,#9036);
#9038=EDGE_CURVE('',#9000,#9033,#9037,.T.);
#9039=ORIENTED_EDGE('',*,*,#9038,.T.);
#9040=CARTESIAN_POINT('',(1327.444776535,-1303.156119539,4.6));
#9041=VERTEX_POINT('',#9040);
#9042=CARTESIAN_POINT('',(1327.9,-1303.36293249,4.6));
#9043=DIRECTION('',(-0.,-0.,1.));
#9044=DIRECTION('',(-1.,0.,0.));
#9045=AXIS2_PLACEMENT_3D('',#9042,#9043,#9044);
#9046=CIRCLE('',#9045,0.5);
#9047=EDGE_CURVE('',#9041,#9033,#9046,.T.);
#9048=ORIENTED_EDGE('',*,*,#9047,.F.);
#9049=CARTESIAN_POINT('',(1327.681567612,-1302.274557137,4.6));
#9050=VERTEX_POINT('',#9049);
#9051=CARTESIAN_POINT('',(1324.9,-1302.,4.6));
#9052=DIRECTION('',(-0.,-0.,1.));
#9053=DIRECTION('',(-1.,0.,0.));
#9054=AXIS2_PLACEMENT_3D('',#9051,#9052,#9053);
#9055=CIRCLE('',#9054,2.795084972);
#9056=EDGE_CURVE('',#9041,#9050,#9055,.T.);
#9057=ORIENTED_EDGE('',*,*,#9056,.T.);
#9058=CARTESIAN_POINT('',(1327.432776641,-1302.25,4.6));
#9059=DIRECTION('',(0.,0.,-1.));
#9060=DIRECTION('',(-1.,0.,0.));
#9061=AXIS2_PLACEMENT_3D('',#9058,#9059,#9060);
#9062=CIRCLE('',#9061,0.25);
#9063=EDGE_CURVE('',#1534,#9050,#9062,.T.);
#9064=ORIENTED_EDGE('',*,*,#9063,.F.);
#9065=ORIENTED_EDGE('',*,*,#1539,.F.);
#9066=CARTESIAN_POINT('',(1332.318432388,-1302.274557137,4.6));
#9067=VERTEX_POINT('',#9066);
#9068=CARTESIAN_POINT('',(1332.567223359,-1302.25,4.6));
#9069=DIRECTION('',(0.,0.,-1.));
#9070=DIRECTION('',(-1.,0.,0.));
#9071=AXIS2_PLACEMENT_3D('',#9068,#9069,#9070);
#9072=CIRCLE('',#9071,0.25);
#9073=EDGE_CURVE('',#9067,#1524,#9072,.T.);
#9074=ORIENTED_EDGE('',*,*,#9073,.F.);
#9075=CARTESIAN_POINT('',(1332.555223465,-1303.156119539,4.6));
#9076=VERTEX_POINT('',#9075);
#9077=CARTESIAN_POINT('',(1335.1,-1302.,4.6));
#9078=DIRECTION('',(-0.,-0.,1.));
#9079=DIRECTION('',(-1.,0.,0.));
#9080=AXIS2_PLACEMENT_3D('',#9077,#9078,#9079);
#9081=CIRCLE('',#9080,2.795084972);
#9082=EDGE_CURVE('',#9067,#9076,#9081,.T.);
#9083=ORIENTED_EDGE('',*,*,#9082,.T.);
#9084=CARTESIAN_POINT('',(1332.6,-1303.36293249,4.6));
#9085=VERTEX_POINT('',#9084);
#9086=CARTESIAN_POINT('',(1332.1,-1303.36293249,4.6));
#9087=DIRECTION('',(-0.,-0.,1.));
#9088=DIRECTION('',(-1.,0.,0.));
#9089=AXIS2_PLACEMENT_3D('',#9086,#9087,#9088);
#9090=CIRCLE('',#9089,0.5);
#9091=EDGE_CURVE('',#9085,#9076,#9090,.T.);
#9092=ORIENTED_EDGE('',*,*,#9091,.F.);
#9093=CARTESIAN_POINT('',(1332.6,-1304.5,4.6));
#9094=DIRECTION('',(0.,1.,0.));
#9095=VECTOR('',#9094,1.13706751);
#9096=LINE('',#9093,#9095);
#9097=EDGE_CURVE('',#9023,#9085,#9096,.T.);
#9098=ORIENTED_EDGE('',*,*,#9097,.F.);
#9099=EDGE_LOOP('',(#9030,#9031,#9039,#9048,#9057,#9064,#9065,#9074,#9083,#9092,#9098));
#9100=FACE_BOUND('',#9099,.T.);
#9101=ADVANCED_FACE('',(#9100),#9021,.F.);
#9102=CARTESIAN_POINT('',(1344.,-1316.,2.2));
#9103=DIRECTION('',(0.,0.,1.));
#9104=DIRECTION('',(0.,1.,0.));
#9105=AXIS2_PLACEMENT_3D('',#9102,#9103,#9104);
#9106=PLANE('',#9105);
#9107=ORIENTED_EDGE('',*,*,#8997,.T.);
#9108=CARTESIAN_POINT('',(1332.6,-1304.5,2.2));
#9109=VERTEX_POINT('',#9108);
#9110=CARTESIAN_POINT('',(1330.,-1304.5,2.2));
#9111=DIRECTION('',(-0.,-0.,1.));
#9112=DIRECTION('',(-1.,0.,0.));
#9113=AXIS2_PLACEMENT_3D('',#9110,#9111,#9112);
#9114=CIRCLE('',#9113,2.6);
#9115=EDGE_CURVE('',#8981,#9109,#9114,.T.);
#9116=ORIENTED_EDGE('',*,*,#9115,.T.);
#9117=CARTESIAN_POINT('',(1332.6,-1303.36293249,2.2));
#9118=VERTEX_POINT('',#9117);
#9119=CARTESIAN_POINT('',(1332.6,-1304.5,2.2));
#9120=DIRECTION('',(0.,1.,0.));
#9121=VECTOR('',#9120,1.13706751);
#9122=LINE('',#9119,#9121);
#9123=EDGE_CURVE('',#9109,#9118,#9122,.T.);
#9124=ORIENTED_EDGE('',*,*,#9123,.T.);
#9125=CARTESIAN_POINT('',(1332.555223465,-1303.156119539,2.2));
#9126=VERTEX_POINT('',#9125);
#9127=CARTESIAN_POINT('',(1332.1,-1303.36293249,2.2));
#9128=DIRECTION('',(0.,0.,-1.));
#9129=DIRECTION('',(-1.,0.,0.));
#9130=AXIS2_PLACEMENT_3D('',#9127,#9128,#9129);
#9131=CIRCLE('',#9130,0.5);
#9132=EDGE_CURVE('',#9126,#9118,#9131,.T.);
#9133=ORIENTED_EDGE('',*,*,#9132,.F.);
#9134=CARTESIAN_POINT('',(1332.318432388,-1302.274557137,2.2));
#9135=VERTEX_POINT('',#9134);
#9136=CARTESIAN_POINT('',(1335.1,-1302.,2.2));
#9137=DIRECTION('',(-0.,-0.,1.));
#9138=DIRECTION('',(-1.,0.,0.));
#9139=AXIS2_PLACEMENT_3D('',#9136,#9137,#9138);
#9140=CIRCLE('',#9139,2.795084972);
#9141=EDGE_CURVE('',#9135,#9126,#9140,.T.);
#9142=ORIENTED_EDGE('',*,*,#9141,.F.);
#9143=CARTESIAN_POINT('',(1332.567223359,-1302.25,2.2));
#9144=DIRECTION('',(-0.,-0.,1.));
#9145=DIRECTION('',(-1.,0.,0.));
#9146=AXIS2_PLACEMENT_3D('',#9143,#9144,#9145);
#9147=CIRCLE('',#9146,0.25);
#9148=EDGE_CURVE('',#1526,#9135,#9147,.T.);
#9149=ORIENTED_EDGE('',*,*,#9148,.F.);
#9150=ORIENTED_EDGE('',*,*,#1553,.T.);
#9151=CARTESIAN_POINT('',(1327.681567612,-1302.274557137,2.2));
#9152=VERTEX_POINT('',#9151);
#9153=CARTESIAN_POINT('',(1327.432776641,-1302.25,2.2));
#9154=DIRECTION('',(-0.,-0.,1.));
#9155=DIRECTION('',(-1.,0.,0.));
#9156=AXIS2_PLACEMENT_3D('',#9153,#9154,#9155);
#9157=CIRCLE('',#9156,0.25);
#9158=EDGE_CURVE('',#9152,#1542,#9157,.T.);
#9159=ORIENTED_EDGE('',*,*,#9158,.F.);
#9160=CARTESIAN_POINT('',(1327.444776535,-1303.156119539,2.2));
#9161=VERTEX_POINT('',#9160);
#9162=CARTESIAN_POINT('',(1324.9,-1302.,2.2));
#9163=DIRECTION('',(-0.,-0.,1.));
#9164=DIRECTION('',(-1.,0.,0.));
#9165=AXIS2_PLACEMENT_3D('',#9162,#9163,#9164);
#9166=CIRCLE('',#9165,2.795084972);
#9167=EDGE_CURVE('',#9161,#9152,#9166,.T.);
#9168=ORIENTED_EDGE('',*,*,#9167,.F.);
#9169=CARTESIAN_POINT('',(1327.4,-1303.36293249,2.2));
#9170=VERTEX_POINT('',#9169);
#9171=CARTESIAN_POINT('',(1327.9,-1303.36293249,2.2));
#9172=DIRECTION('',(0.,0.,-1.));
#9173=DIRECTION('',(-1.,0.,0.));
#9174=AXIS2_PLACEMENT_3D('',#9171,#9172,#9173);
#9175=CIRCLE('',#9174,0.5);
#9176=EDGE_CURVE('',#9170,#9161,#9175,.T.);
#9177=ORIENTED_EDGE('',*,*,#9176,.F.);
#9178=CARTESIAN_POINT('',(1327.4,-1304.5,2.2));
#9179=DIRECTION('',(0.,1.,0.));
#9180=VECTOR('',#9179,1.13706751);
#9181=LINE('',#9178,#9180);
#9182=EDGE_CURVE('',#8991,#9170,#9181,.T.);
#9183=ORIENTED_EDGE('',*,*,#9182,.F.);
#9184=EDGE_LOOP('',(#9107,#9116,#9124,#9133,#9142,#9149,#9150,#9159,#9168,#9177,#9183));
#9185=FACE_BOUND('',#9184,.T.);
#9186=ADVANCED_FACE('',(#9185),#9106,.T.);
#9187=CARTESIAN_POINT('',(1327.4,-1303.875,4.6));
#9188=DIRECTION('',(-1.,0.,0.));
#9189=DIRECTION('',(0.,0.,1.));
#9190=AXIS2_PLACEMENT_3D('',#9187,#9188,#9189);
#9191=PLANE('',#9190);
#9192=ORIENTED_EDGE('',*,*,#9038,.F.);
#9193=ORIENTED_EDGE('',*,*,#9005,.T.);
#9194=ORIENTED_EDGE('',*,*,#9182,.T.);
#9195=CARTESIAN_POINT('',(1327.4,-1303.36293249,4.6));
#9196=DIRECTION('',(0.,0.,-1.));
#9197=VECTOR('',#9196,2.4);
#9198=LINE('',#9195,#9197);
#9199=EDGE_CURVE('',#9033,#9170,#9198,.T.);
#9200=ORIENTED_EDGE('',*,*,#9199,.F.);
#9201=EDGE_LOOP('',(#9192,#9193,#9194,#9200));
#9202=FACE_BOUND('',#9201,.T.);
#9203=ADVANCED_FACE('',(#9202),#9191,.F.);
#9204=CARTESIAN_POINT('',(1327.9,-1303.36293249,4.6));
#9205=DIRECTION('',(0.,0.,-1.));
#9206=DIRECTION('',(0.,-1.,0.));
#9207=AXIS2_PLACEMENT_3D('',#9204,#9205,#9206);
#9208=CYLINDRICAL_SURFACE('',#9207,0.5);
#9209=ORIENTED_EDGE('',*,*,#9047,.T.);
#9210=ORIENTED_EDGE('',*,*,#9199,.T.);
#9211=ORIENTED_EDGE('',*,*,#9176,.T.);
#9212=CARTESIAN_POINT('',(1327.444776535,-1303.156119539,2.2));
#9213=DIRECTION('',(-0.,-0.,1.));
#9214=VECTOR('',#9213,2.4);
#9215=LINE('',#9212,#9214);
#9216=EDGE_CURVE('',#9161,#9041,#9215,.T.);
#9217=ORIENTED_EDGE('',*,*,#9216,.T.);
#9218=EDGE_LOOP('',(#9209,#9210,#9211,#9217));
#9219=FACE_BOUND('',#9218,.T.);
#9220=ADVANCED_FACE('',(#9219),#9208,.F.);
#9221=CARTESIAN_POINT('',(1324.9,-1302.,4.6));
#9222=DIRECTION('',(0.,0.,-1.));
#9223=DIRECTION('',(0.,-1.,0.));
#9224=AXIS2_PLACEMENT_3D('',#9221,#9222,#9223);
#9225=CYLINDRICAL_SURFACE('',#9224,2.795084972);
#9226=ORIENTED_EDGE('',*,*,#9167,.T.);
#9227=CARTESIAN_POINT('',(1327.681567612,-1302.274557137,4.6));
#9228=DIRECTION('',(0.,0.,-1.));
#9229=VECTOR('',#9228,2.4);
#9230=LINE('',#9227,#9229);
#9231=EDGE_CURVE('',#9050,#9152,#9230,.T.);
#9232=ORIENTED_EDGE('',*,*,#9231,.F.);
#9233=ORIENTED_EDGE('',*,*,#9056,.F.);
#9234=ORIENTED_EDGE('',*,*,#9216,.F.);
#9235=EDGE_LOOP('',(#9226,#9232,#9233,#9234));
#9236=FACE_BOUND('',#9235,.T.);
#9237=ADVANCED_FACE('',(#9236),#9225,.T.);
#9238=CARTESIAN_POINT('',(1327.432776641,-1302.25,4.6));
#9239=DIRECTION('',(0.,0.,-1.));
#9240=DIRECTION('',(0.,-1.,0.));
#9241=AXIS2_PLACEMENT_3D('',#9238,#9239,#9240);
#9242=CYLINDRICAL_SURFACE('',#9241,0.25);
#9243=ORIENTED_EDGE('',*,*,#9063,.T.);
#9244=ORIENTED_EDGE('',*,*,#9231,.T.);
#9245=ORIENTED_EDGE('',*,*,#9158,.T.);
#9246=ORIENTED_EDGE('',*,*,#1547,.T.);
#9247=EDGE_LOOP('',(#9243,#9244,#9245,#9246));
#9248=FACE_BOUND('',#9247,.T.);
#9249=ADVANCED_FACE('',(#9248),#9242,.T.);
#9250=CARTESIAN_POINT('',(1328.5,-1344.,2.4));
#9251=DIRECTION('',(-1.,0.,0.));
#9252=DIRECTION('',(0.,-1.,0.));
#9253=AXIS2_PLACEMENT_3D('',#9250,#9251,#9252);
#9254=PLANE('',#9253);
#9255=CARTESIAN_POINT('',(1328.5,-1336.376955262,1.4));
#9256=VERTEX_POINT('',#9255);
#9257=CARTESIAN_POINT('',(1328.5,-1334.9627417,0.4));
#9258=VERTEX_POINT('',#9257);
#9259=CARTESIAN_POINT('',(1328.5,-1336.376955262,1.4));
#9260=DIRECTION('',(0.,0.816496581,-0.577350269));
#9261=VECTOR('',#9260,1.732050807);
#9262=LINE('',#9259,#9261);
#9263=EDGE_CURVE('',#9256,#9258,#9262,.T.);
#9264=ORIENTED_EDGE('',*,*,#9263,.T.);
#9265=CARTESIAN_POINT('',(1328.5,-1353.0372583,0.4));
#9266=VERTEX_POINT('',#9265);
#9267=CARTESIAN_POINT('',(1328.5,-1334.9627417,0.4));
#9268=DIRECTION('',(0.,-1.,0.));
#9269=VECTOR('',#9268,18.0745166);
#9270=LINE('',#9267,#9269);
#9271=EDGE_CURVE('',#9258,#9266,#9270,.T.);
#9272=ORIENTED_EDGE('',*,*,#9271,.T.);
#9273=CARTESIAN_POINT('',(1328.5,-1351.623044738,1.4));
#9274=VERTEX_POINT('',#9273);
#9275=CARTESIAN_POINT('',(1328.5,-1353.0372583,0.4));
#9276=DIRECTION('',(0.,0.816496581,0.577350269));
#9277=VECTOR('',#9276,1.732050807);
#9278=LINE('',#9275,#9277);
#9279=EDGE_CURVE('',#9266,#9274,#9278,.T.);
#9280=ORIENTED_EDGE('',*,*,#9279,.T.);
#9281=CARTESIAN_POINT('',(1328.5,-1351.623044738,1.4));
#9282=DIRECTION('',(-0.,1.,-0.));
#9283=VECTOR('',#9282,15.246089476);
#9284=LINE('',#9281,#9283);
#9285=EDGE_CURVE('',#9274,#9256,#9284,.T.);
#9286=ORIENTED_EDGE('',*,*,#9285,.T.);
#9287=EDGE_LOOP('',(#9264,#9272,#9280,#9286));
#9288=FACE_BOUND('',#9287,.T.);
#9289=ADVANCED_FACE('',(#9288),#9254,.T.);
#9290=CARTESIAN_POINT('',(1328.5,-1344.,1.4));
#9291=DIRECTION('',(0.819231921,0.,-0.573462344));
#9292=DIRECTION('',(0.,1.,0.));
#9293=AXIS2_PLACEMENT_3D('',#9290,#9291,#9292);
#9294=PLANE('',#9293);
#9295=CARTESIAN_POINT('',(1329.2,-1350.923044738,2.4));
#9296=VERTEX_POINT('',#9295);
#9297=CARTESIAN_POINT('',(1329.2,-1350.923044738,2.4));
#9298=DIRECTION('',(-0.497468338,-0.497468338,-0.710669055));
#9299=VECTOR('',#9298,1.407124728);
#9300=LINE('',#9297,#9299);
#9301=EDGE_CURVE('',#9296,#9274,#9300,.T.);
#9302=ORIENTED_EDGE('',*,*,#9301,.F.);
#9303=CARTESIAN_POINT('',(1329.2,-1337.076955262,2.4));
#9304=VERTEX_POINT('',#9303);
#9305=CARTESIAN_POINT('',(1329.199999999,-1350.923044738,2.4));
#9306=DIRECTION('',(0.,1.,0.));
#9307=VECTOR('',#9306,13.846089476);
#9308=LINE('',#9305,#9307);
#9309=EDGE_CURVE('',#9296,#9304,#9308,.T.);
#9310=ORIENTED_EDGE('',*,*,#9309,.T.);
#9311=CARTESIAN_POINT('',(1328.5,-1336.376955262,1.4));
#9312=DIRECTION('',(0.497468338,-0.497468338,0.710669055));
#9313=VECTOR('',#9312,1.407124728);
#9314=LINE('',#9311,#9313);
#9315=EDGE_CURVE('',#9256,#9304,#9314,.T.);
#9316=ORIENTED_EDGE('',*,*,#9315,.F.);
#9317=ORIENTED_EDGE('',*,*,#9285,.F.);
#9318=EDGE_LOOP('',(#9302,#9310,#9316,#9317));
#9319=FACE_BOUND('',#9318,.T.);
#9320=ADVANCED_FACE('',(#9319),#9294,.F.);
#9321=CARTESIAN_POINT('',(1329.2,-1344.,6.8));
#9322=DIRECTION('',(-1.,0.,0.));
#9323=DIRECTION('',(0.,-1.,0.));
#9324=AXIS2_PLACEMENT_3D('',#9321,#9322,#9323);
#9325=PLANE('',#9324);
#9326=ORIENTED_EDGE('',*,*,#9309,.F.);
#9327=CARTESIAN_POINT('',(1329.2,-1350.923044738,4.4));
#9328=VERTEX_POINT('',#9327);
#9329=CARTESIAN_POINT('',(1329.2,-1350.923044738,4.4));
#9330=DIRECTION('',(-0.,-0.,-1.));
#9331=VECTOR('',#9330,2.);
#9332=LINE('',#9329,#9331);
#9333=EDGE_CURVE('',#9328,#9296,#9332,.T.);
#9334=ORIENTED_EDGE('',*,*,#9333,.F.);
#9335=CARTESIAN_POINT('',(1329.2,-1337.076955262,4.4));
#9336=VERTEX_POINT('',#9335);
#9337=CARTESIAN_POINT('',(1329.2,-1350.923044738,4.4));
#9338=DIRECTION('',(-0.,1.,-0.));
#9339=VECTOR('',#9338,13.846089476);
#9340=LINE('',#9337,#9339);
#9341=EDGE_CURVE('',#9328,#9336,#9340,.T.);
#9342=ORIENTED_EDGE('',*,*,#9341,.T.);
#9343=CARTESIAN_POINT('',(1329.2,-1337.076955262,4.4));
#9344=DIRECTION('',(-0.,-0.,-1.));
#9345=VECTOR('',#9344,2.);
#9346=LINE('',#9343,#9345);
#9347=EDGE_CURVE('',#9336,#9304,#9346,.T.);
#9348=ORIENTED_EDGE('',*,*,#9347,.T.);
#9349=EDGE_LOOP('',(#9326,#9334,#9342,#9348));
#9350=FACE_BOUND('',#9349,.T.);
#9351=ADVANCED_FACE('',(#9350),#9325,.T.);
#9352=CARTESIAN_POINT('',(1328.85,-1336.726955262,6.8));
#9353=DIRECTION('',(-0.707106781,-0.707106781,0.));
#9354=DIRECTION('',(0.707106781,-0.707106781,0.));
#9355=AXIS2_PLACEMENT_3D('',#9352,#9353,#9354);
#9356=PLANE('',#9355);
#9357=CARTESIAN_POINT('',(1328.5,-1336.376955262,5.4));
#9358=VERTEX_POINT('',#9357);
#9359=CARTESIAN_POINT('',(1329.2,-1337.076955262,4.4));
#9360=DIRECTION('',(-0.497468338,0.497468338,0.710669055));
#9361=VECTOR('',#9360,1.407124728);
#9362=LINE('',#9359,#9361);
#9363=EDGE_CURVE('',#9336,#9358,#9362,.T.);
#9364=ORIENTED_EDGE('',*,*,#9363,.T.);
#9365=CARTESIAN_POINT('',(1323.623044738,-1331.5,5.4));
#9366=VERTEX_POINT('',#9365);
#9367=CARTESIAN_POINT('',(1328.5,-1336.376955262,5.4));
#9368=DIRECTION('',(-0.707106781,0.707106781,-0.));
#9369=VECTOR('',#9368,6.897056275);
#9370=LINE('',#9367,#9369);
#9371=EDGE_CURVE('',#9358,#9366,#9370,.T.);
#9372=ORIENTED_EDGE('',*,*,#9371,.T.);
#9373=CARTESIAN_POINT('',(1322.923044738,-1330.8,4.4));
#9374=VERTEX_POINT('',#9373);
#9375=CARTESIAN_POINT('',(1323.623044738,-1331.5,5.4));
#9376=DIRECTION('',(-0.497468338,0.497468338,-0.710669055));
#9377=VECTOR('',#9376,1.407124728);
#9378=LINE('',#9375,#9377);
#9379=EDGE_CURVE('',#9366,#9374,#9378,.T.);
#9380=ORIENTED_EDGE('',*,*,#9379,.T.);
#9381=CARTESIAN_POINT('',(1322.923044738,-1330.8,2.4));
#9382=VERTEX_POINT('',#9381);
#9383=CARTESIAN_POINT('',(1322.923044738,-1330.8,4.4));
#9384=DIRECTION('',(-0.,-0.,-1.));
#9385=VECTOR('',#9384,2.);
#9386=LINE('',#9383,#9385);
#9387=EDGE_CURVE('',#9374,#9382,#9386,.T.);
#9388=ORIENTED_EDGE('',*,*,#9387,.T.);
#9389=CARTESIAN_POINT('',(1323.623044738,-1331.5,1.4));
#9390=VERTEX_POINT('',#9389);
#9391=CARTESIAN_POINT('',(1322.923044738,-1330.8,2.4));
#9392=DIRECTION('',(0.497468338,-0.497468338,-0.710669055));
#9393=VECTOR('',#9392,1.407124728);
#9394=LINE('',#9391,#9393);
#9395=EDGE_CURVE('',#9382,#9390,#9394,.T.);
#9396=ORIENTED_EDGE('',*,*,#9395,.T.);
#9397=CARTESIAN_POINT('',(1323.623044738,-1331.5,1.4));
#9398=DIRECTION('',(0.707106781,-0.707106781,0.));
#9399=VECTOR('',#9398,6.897056275);
#9400=LINE('',#9397,#9399);
#9401=EDGE_CURVE('',#9390,#9256,#9400,.T.);
#9402=ORIENTED_EDGE('',*,*,#9401,.T.);
#9403=ORIENTED_EDGE('',*,*,#9315,.T.);
#9404=ORIENTED_EDGE('',*,*,#9347,.F.);
#9405=EDGE_LOOP('',(#9364,#9372,#9380,#9388,#9396,#9402,#9403,#9404));
#9406=FACE_BOUND('',#9405,.T.);
#9407=ADVANCED_FACE('',(#9406),#9356,.T.);
#9408=CARTESIAN_POINT('',(1316.,-1356.5,2.4));
#9409=DIRECTION('',(0.,1.,0.));
#9410=DIRECTION('',(-1.,0.,0.));
#9411=AXIS2_PLACEMENT_3D('',#9408,#9409,#9410);
#9412=PLANE('',#9411);
#9413=CARTESIAN_POINT('',(1323.623044738,-1356.5,1.4));
#9414=VERTEX_POINT('',#9413);
#9415=CARTESIAN_POINT('',(1325.0372583,-1356.5,0.4));
#9416=VERTEX_POINT('',#9415);
#9417=CARTESIAN_POINT('',(1323.623044738,-1356.5,1.4));
#9418=DIRECTION('',(0.816496581,0.,-0.577350269));
#9419=VECTOR('',#9418,1.732050807);
#9420=LINE('',#9417,#9419);
#9421=EDGE_CURVE('',#9414,#9416,#9420,.T.);
#9422=ORIENTED_EDGE('',*,*,#9421,.T.);
#9423=CARTESIAN_POINT('',(1306.9627417,-1356.5,0.4));
#9424=VERTEX_POINT('',#9423);
#9425=CARTESIAN_POINT('',(1325.0372583,-1356.5,0.4));
#9426=DIRECTION('',(-1.,0.,0.));
#9427=VECTOR('',#9426,18.0745166);
#9428=LINE('',#9425,#9427);
#9429=EDGE_CURVE('',#9416,#9424,#9428,.T.);
#9430=ORIENTED_EDGE('',*,*,#9429,.T.);
#9431=CARTESIAN_POINT('',(1308.376955262,-1356.5,1.4));
#9432=VERTEX_POINT('',#9431);
#9433=CARTESIAN_POINT('',(1306.9627417,-1356.5,0.4));
#9434=DIRECTION('',(0.816496581,0.,0.577350269));
#9435=VECTOR('',#9434,1.732050807);
#9436=LINE('',#9433,#9435);
#9437=EDGE_CURVE('',#9424,#9432,#9436,.T.);
#9438=ORIENTED_EDGE('',*,*,#9437,.T.);
#9439=CARTESIAN_POINT('',(1308.376955262,-1356.5,1.4));
#9440=DIRECTION('',(1.,-0.,-0.));
#9441=VECTOR('',#9440,15.246089476);
#9442=LINE('',#9439,#9441);
#9443=EDGE_CURVE('',#9432,#9414,#9442,.T.);
#9444=ORIENTED_EDGE('',*,*,#9443,.T.);
#9445=EDGE_LOOP('',(#9422,#9430,#9438,#9444));
#9446=FACE_BOUND('',#9445,.T.);
#9447=ADVANCED_FACE('',(#9446),#9412,.T.);
#9448=CARTESIAN_POINT('',(1316.,-1356.5,1.4));
#9449=DIRECTION('',(0.,-0.819231921,-0.573462344));
#9450=DIRECTION('',(1.,0.,0.));
#9451=AXIS2_PLACEMENT_3D('',#9448,#9449,#9450);
#9452=PLANE('',#9451);
#9453=CARTESIAN_POINT('',(1309.076955262,-1357.2,2.4));
#9454=VERTEX_POINT('',#9453);
#9455=CARTESIAN_POINT('',(1309.076955262,-1357.2,2.4));
#9456=DIRECTION('',(-0.497468338,0.497468338,-0.710669055));
#9457=VECTOR('',#9456,1.407124728);
#9458=LINE('',#9455,#9457);
#9459=EDGE_CURVE('',#9454,#9432,#9458,.T.);
#9460=ORIENTED_EDGE('',*,*,#9459,.F.);
#9461=CARTESIAN_POINT('',(1322.923044738,-1357.2,2.4));
#9462=VERTEX_POINT('',#9461);
#9463=CARTESIAN_POINT('',(1309.076955262,-1357.199999999,2.4));
#9464=DIRECTION('',(1.,0.,-0.));
#9465=VECTOR('',#9464,13.846089476);
#9466=LINE('',#9463,#9465);
#9467=EDGE_CURVE('',#9454,#9462,#9466,.T.);
#9468=ORIENTED_EDGE('',*,*,#9467,.T.);
#9469=CARTESIAN_POINT('',(1323.623044738,-1356.5,1.4));
#9470=DIRECTION('',(-0.497468338,-0.497468338,0.710669055));
#9471=VECTOR('',#9470,1.407124728);
#9472=LINE('',#9469,#9471);
#9473=EDGE_CURVE('',#9414,#9462,#9472,.T.);
#9474=ORIENTED_EDGE('',*,*,#9473,.F.);
#9475=ORIENTED_EDGE('',*,*,#9443,.F.);
#9476=EDGE_LOOP('',(#9460,#9468,#9474,#9475));
#9477=FACE_BOUND('',#9476,.T.);
#9478=ADVANCED_FACE('',(#9477),#9452,.F.);
#9479=CARTESIAN_POINT('',(1316.,-1357.2,6.8));
#9480=DIRECTION('',(0.,1.,0.));
#9481=DIRECTION('',(-1.,0.,0.));
#9482=AXIS2_PLACEMENT_3D('',#9479,#9480,#9481);
#9483=PLANE('',#9482);
#9484=ORIENTED_EDGE('',*,*,#9467,.F.);
#9485=CARTESIAN_POINT('',(1309.076955262,-1357.2,4.4));
#9486=VERTEX_POINT('',#9485);
#9487=CARTESIAN_POINT('',(1309.076955262,-1357.2,4.4));
#9488=DIRECTION('',(-0.,-0.,-1.));
#9489=VECTOR('',#9488,2.);
#9490=LINE('',#9487,#9489);
#9491=EDGE_CURVE('',#9486,#9454,#9490,.T.);
#9492=ORIENTED_EDGE('',*,*,#9491,.F.);
#9493=CARTESIAN_POINT('',(1322.923044738,-1357.2,4.4));
#9494=VERTEX_POINT('',#9493);
#9495=CARTESIAN_POINT('',(1309.076955262,-1357.2,4.4));
#9496=DIRECTION('',(1.,-0.,-0.));
#9497=VECTOR('',#9496,13.846089476);
#9498=LINE('',#9495,#9497);
#9499=EDGE_CURVE('',#9486,#9494,#9498,.T.);
#9500=ORIENTED_EDGE('',*,*,#9499,.T.);
#9501=CARTESIAN_POINT('',(1322.923044738,-1357.2,4.4));
#9502=DIRECTION('',(-0.,-0.,-1.));
#9503=VECTOR('',#9502,2.);
#9504=LINE('',#9501,#9503);
#9505=EDGE_CURVE('',#9494,#9462,#9504,.T.);
#9506=ORIENTED_EDGE('',*,*,#9505,.T.);
#9507=EDGE_LOOP('',(#9484,#9492,#9500,#9506));
#9508=FACE_BOUND('',#9507,.T.);
#9509=ADVANCED_FACE('',(#9508),#9483,.T.);
#9510=CARTESIAN_POINT('',(1323.273044738,-1356.85,6.8));
#9511=DIRECTION('',(-0.707106781,0.707106781,0.));
#9512=DIRECTION('',(-0.707106781,-0.707106781,0.));
#9513=AXIS2_PLACEMENT_3D('',#9510,#9511,#9512);
#9514=PLANE('',#9513);
#9515=CARTESIAN_POINT('',(1323.623044738,-1356.5,5.4));
#9516=VERTEX_POINT('',#9515);
#9517=CARTESIAN_POINT('',(1322.923044738,-1357.2,4.4));
#9518=DIRECTION('',(0.497468338,0.497468338,0.710669055));
#9519=VECTOR('',#9518,1.407124728);
#9520=LINE('',#9517,#9519);
#9521=EDGE_CURVE('',#9494,#9516,#9520,.T.);
#9522=ORIENTED_EDGE('',*,*,#9521,.T.);
#9523=CARTESIAN_POINT('',(1328.5,-1351.623044738,5.4));
#9524=VERTEX_POINT('',#9523);
#9525=CARTESIAN_POINT('',(1323.623044738,-1356.5,5.4));
#9526=DIRECTION('',(0.707106781,0.707106781,-0.));
#9527=VECTOR('',#9526,6.897056275);
#9528=LINE('',#9525,#9527);
#9529=EDGE_CURVE('',#9516,#9524,#9528,.T.);
#9530=ORIENTED_EDGE('',*,*,#9529,.T.);
#9531=CARTESIAN_POINT('',(1328.5,-1351.623044738,5.4));
#9532=DIRECTION('',(0.497468338,0.497468338,-0.710669055));
#9533=VECTOR('',#9532,1.407124728);
#9534=LINE('',#9531,#9533);
#9535=EDGE_CURVE('',#9524,#9328,#9534,.T.);
#9536=ORIENTED_EDGE('',*,*,#9535,.T.);
#9537=ORIENTED_EDGE('',*,*,#9333,.T.);
#9538=ORIENTED_EDGE('',*,*,#9301,.T.);
#9539=CARTESIAN_POINT('',(1328.5,-1351.623044738,1.4));
#9540=DIRECTION('',(-0.707106781,-0.707106781,0.));
#9541=VECTOR('',#9540,6.897056275);
#9542=LINE('',#9539,#9541);
#9543=EDGE_CURVE('',#9274,#9414,#9542,.T.);
#9544=ORIENTED_EDGE('',*,*,#9543,.T.);
#9545=ORIENTED_EDGE('',*,*,#9473,.T.);
#9546=ORIENTED_EDGE('',*,*,#9505,.F.);
#9547=EDGE_LOOP('',(#9522,#9530,#9536,#9537,#9538,#9544,#9545,#9546));
#9548=FACE_BOUND('',#9547,.T.);
#9549=ADVANCED_FACE('',(#9548),#9514,.T.);
#9550=CARTESIAN_POINT('',(1303.5,-1344.,2.4));
#9551=DIRECTION('',(1.,0.,0.));
#9552=DIRECTION('',(0.,1.,0.));
#9553=AXIS2_PLACEMENT_3D('',#9550,#9551,#9552);
#9554=PLANE('',#9553);
#9555=CARTESIAN_POINT('',(1303.5,-1351.623044738,1.4));
#9556=VERTEX_POINT('',#9555);
#9557=CARTESIAN_POINT('',(1303.5,-1353.0372583,0.4));
#9558=VERTEX_POINT('',#9557);
#9559=CARTESIAN_POINT('',(1303.5,-1351.623044738,1.4));
#9560=DIRECTION('',(0.,-0.816496581,-0.577350269));
#9561=VECTOR('',#9560,1.732050807);
#9562=LINE('',#9559,#9561);
#9563=EDGE_CURVE('',#9556,#9558,#9562,.T.);
#9564=ORIENTED_EDGE('',*,*,#9563,.T.);
#9565=CARTESIAN_POINT('',(1303.5,-1334.9627417,0.4));
#9566=VERTEX_POINT('',#9565);
#9567=CARTESIAN_POINT('',(1303.5,-1353.0372583,0.4));
#9568=DIRECTION('',(0.,1.,0.));
#9569=VECTOR('',#9568,18.0745166);
#9570=LINE('',#9567,#9569);
#9571=EDGE_CURVE('',#9558,#9566,#9570,.T.);
#9572=ORIENTED_EDGE('',*,*,#9571,.T.);
#9573=CARTESIAN_POINT('',(1303.5,-1336.376955262,1.4));
#9574=VERTEX_POINT('',#9573);
#9575=CARTESIAN_POINT('',(1303.5,-1334.9627417,0.4));
#9576=DIRECTION('',(0.,-0.816496581,0.577350269));
#9577=VECTOR('',#9576,1.732050807);
#9578=LINE('',#9575,#9577);
#9579=EDGE_CURVE('',#9566,#9574,#9578,.T.);
#9580=ORIENTED_EDGE('',*,*,#9579,.T.);
#9581=CARTESIAN_POINT('',(1303.5,-1336.376955262,1.4));
#9582=DIRECTION('',(-0.,-1.,-0.));
#9583=VECTOR('',#9582,15.246089476);
#9584=LINE('',#9581,#9583);
#9585=EDGE_CURVE('',#9574,#9556,#9584,.T.);
#9586=ORIENTED_EDGE('',*,*,#9585,.T.);
#9587=EDGE_LOOP('',(#9564,#9572,#9580,#9586));
#9588=FACE_BOUND('',#9587,.T.);
#9589=ADVANCED_FACE('',(#9588),#9554,.T.);
#9590=CARTESIAN_POINT('',(1303.5,-1344.,1.4));
#9591=DIRECTION('',(-0.819231921,0.,-0.573462344));
#9592=DIRECTION('',(0.,-1.,0.));
#9593=AXIS2_PLACEMENT_3D('',#9590,#9591,#9592);
#9594=PLANE('',#9593);
#9595=CARTESIAN_POINT('',(1302.8,-1337.076955262,2.4));
#9596=VERTEX_POINT('',#9595);
#9597=CARTESIAN_POINT('',(1302.8,-1337.076955262,2.4));
#9598=DIRECTION('',(0.497468338,0.497468338,-0.710669055));
#9599=VECTOR('',#9598,1.407124728);
#9600=LINE('',#9597,#9599);
#9601=EDGE_CURVE('',#9596,#9574,#9600,.T.);
#9602=ORIENTED_EDGE('',*,*,#9601,.F.);
#9603=CARTESIAN_POINT('',(1302.8,-1350.923044738,2.4));
#9604=VERTEX_POINT('',#9603);
#9605=CARTESIAN_POINT('',(1302.800000001,-1337.076955262,2.4));
#9606=DIRECTION('',(0.,-1.,0.));
#9607=VECTOR('',#9606,13.846089476);
#9608=LINE('',#9605,#9607);
#9609=EDGE_CURVE('',#9596,#9604,#9608,.T.);
#9610=ORIENTED_EDGE('',*,*,#9609,.T.);
#9611=CARTESIAN_POINT('',(1303.5,-1351.623044738,1.4));
#9612=DIRECTION('',(-0.497468338,0.497468338,0.710669055));
#9613=VECTOR('',#9612,1.407124728);
#9614=LINE('',#9611,#9613);
#9615=EDGE_CURVE('',#9556,#9604,#9614,.T.);
#9616=ORIENTED_EDGE('',*,*,#9615,.F.);
#9617=ORIENTED_EDGE('',*,*,#9585,.F.);
#9618=EDGE_LOOP('',(#9602,#9610,#9616,#9617));
#9619=FACE_BOUND('',#9618,.T.);
#9620=ADVANCED_FACE('',(#9619),#9594,.F.);
#9621=CARTESIAN_POINT('',(1302.8,-1344.,6.8));
#9622=DIRECTION('',(1.,0.,0.));
#9623=DIRECTION('',(0.,1.,0.));
#9624=AXIS2_PLACEMENT_3D('',#9621,#9622,#9623);
#9625=PLANE('',#9624);
#9626=ORIENTED_EDGE('',*,*,#9609,.F.);
#9627=CARTESIAN_POINT('',(1302.8,-1337.076955262,4.4));
#9628=VERTEX_POINT('',#9627);
#9629=CARTESIAN_POINT('',(1302.8,-1337.076955262,4.4));
#9630=DIRECTION('',(-0.,-0.,-1.));
#9631=VECTOR('',#9630,2.);
#9632=LINE('',#9629,#9631);
#9633=EDGE_CURVE('',#9628,#9596,#9632,.T.);
#9634=ORIENTED_EDGE('',*,*,#9633,.F.);
#9635=CARTESIAN_POINT('',(1302.8,-1350.923044738,4.4));
#9636=VERTEX_POINT('',#9635);
#9637=CARTESIAN_POINT('',(1302.8,-1337.076955262,4.4));
#9638=DIRECTION('',(-0.,-1.,-0.));
#9639=VECTOR('',#9638,13.846089476);
#9640=LINE('',#9637,#9639);
#9641=EDGE_CURVE('',#9628,#9636,#9640,.T.);
#9642=ORIENTED_EDGE('',*,*,#9641,.T.);
#9643=CARTESIAN_POINT('',(1302.8,-1350.923044738,4.4));
#9644=DIRECTION('',(-0.,-0.,-1.));
#9645=VECTOR('',#9644,2.);
#9646=LINE('',#9643,#9645);
#9647=EDGE_CURVE('',#9636,#9604,#9646,.T.);
#9648=ORIENTED_EDGE('',*,*,#9647,.T.);
#9649=EDGE_LOOP('',(#9626,#9634,#9642,#9648));
#9650=FACE_BOUND('',#9649,.T.);
#9651=ADVANCED_FACE('',(#9650),#9625,.T.);
#9652=CARTESIAN_POINT('',(1303.15,-1351.273044738,6.8));
#9653=DIRECTION('',(0.707106781,0.707106781,0.));
#9654=DIRECTION('',(-0.707106781,0.707106781,0.));
#9655=AXIS2_PLACEMENT_3D('',#9652,#9653,#9654);
#9656=PLANE('',#9655);
#9657=ORIENTED_EDGE('',*,*,#9459,.T.);
#9658=CARTESIAN_POINT('',(1308.376955262,-1356.5,1.4));
#9659=DIRECTION('',(-0.707106781,0.707106781,0.));
#9660=VECTOR('',#9659,6.897056275);
#9661=LINE('',#9658,#9660);
#9662=EDGE_CURVE('',#9432,#9556,#9661,.T.);
#9663=ORIENTED_EDGE('',*,*,#9662,.T.);
#9664=ORIENTED_EDGE('',*,*,#9615,.T.);
#9665=ORIENTED_EDGE('',*,*,#9647,.F.);
#9666=CARTESIAN_POINT('',(1303.5,-1351.623044738,5.4));
#9667=VERTEX_POINT('',#9666);
#9668=CARTESIAN_POINT('',(1302.8,-1350.923044738,4.4));
#9669=DIRECTION('',(0.497468338,-0.497468338,0.710669055));
#9670=VECTOR('',#9669,1.407124728);
#9671=LINE('',#9668,#9670);
#9672=EDGE_CURVE('',#9636,#9667,#9671,.T.);
#9673=ORIENTED_EDGE('',*,*,#9672,.T.);
#9674=CARTESIAN_POINT('',(1308.376955262,-1356.5,5.4));
#9675=VERTEX_POINT('',#9674);
#9676=CARTESIAN_POINT('',(1303.5,-1351.623044738,5.4));
#9677=DIRECTION('',(0.707106781,-0.707106781,-0.));
#9678=VECTOR('',#9677,6.897056275);
#9679=LINE('',#9676,#9678);
#9680=EDGE_CURVE('',#9667,#9675,#9679,.T.);
#9681=ORIENTED_EDGE('',*,*,#9680,.T.);
#9682=CARTESIAN_POINT('',(1308.376955262,-1356.5,5.4));
#9683=DIRECTION('',(0.497468338,-0.497468338,-0.710669055));
#9684=VECTOR('',#9683,1.407124728);
#9685=LINE('',#9682,#9684);
#9686=EDGE_CURVE('',#9675,#9486,#9685,.T.);
#9687=ORIENTED_EDGE('',*,*,#9686,.T.);
#9688=ORIENTED_EDGE('',*,*,#9491,.T.);
#9689=EDGE_LOOP('',(#9657,#9663,#9664,#9665,#9673,#9681,#9687,#9688));
#9690=FACE_BOUND('',#9689,.T.);
#9691=ADVANCED_FACE('',(#9690),#9656,.T.);
#9692=CARTESIAN_POINT('',(1316.,-1331.5,2.4));
#9693=DIRECTION('',(0.,-1.,0.));
#9694=DIRECTION('',(1.,0.,0.));
#9695=AXIS2_PLACEMENT_3D('',#9692,#9693,#9694);
#9696=PLANE('',#9695);
#9697=CARTESIAN_POINT('',(1308.376955262,-1331.5,1.4));
#9698=VERTEX_POINT('',#9697);
#9699=CARTESIAN_POINT('',(1306.9627417,-1331.5,0.4));
#9700=VERTEX_POINT('',#9699);
#9701=CARTESIAN_POINT('',(1308.376955262,-1331.5,1.4));
#9702=DIRECTION('',(-0.816496581,0.,-0.577350269));
#9703=VECTOR('',#9702,1.732050807);
#9704=LINE('',#9701,#9703);
#9705=EDGE_CURVE('',#9698,#9700,#9704,.T.);
#9706=ORIENTED_EDGE('',*,*,#9705,.T.);
#9707=CARTESIAN_POINT('',(1325.0372583,-1331.5,0.4));
#9708=VERTEX_POINT('',#9707);
#9709=CARTESIAN_POINT('',(1306.9627417,-1331.5,0.4));
#9710=DIRECTION('',(1.,0.,-0.));
#9711=VECTOR('',#9710,18.0745166);
#9712=LINE('',#9709,#9711);
#9713=EDGE_CURVE('',#9700,#9708,#9712,.T.);
#9714=ORIENTED_EDGE('',*,*,#9713,.T.);
#9715=CARTESIAN_POINT('',(1325.0372583,-1331.5,0.4));
#9716=DIRECTION('',(-0.816496581,0.,0.577350269));
#9717=VECTOR('',#9716,1.732050807);
#9718=LINE('',#9715,#9717);
#9719=EDGE_CURVE('',#9708,#9390,#9718,.T.);
#9720=ORIENTED_EDGE('',*,*,#9719,.T.);
#9721=CARTESIAN_POINT('',(1323.623044738,-1331.5,1.4));
#9722=DIRECTION('',(-1.,-0.,0.));
#9723=VECTOR('',#9722,15.246089476);
#9724=LINE('',#9721,#9723);
#9725=EDGE_CURVE('',#9390,#9698,#9724,.T.);
#9726=ORIENTED_EDGE('',*,*,#9725,.T.);
#9727=EDGE_LOOP('',(#9706,#9714,#9720,#9726));
#9728=FACE_BOUND('',#9727,.T.);
#9729=ADVANCED_FACE('',(#9728),#9696,.T.);
#9730=CARTESIAN_POINT('',(1316.,-1331.5,1.4));
#9731=DIRECTION('',(0.,0.819231921,-0.573462344));
#9732=DIRECTION('',(-1.,0.,0.));
#9733=AXIS2_PLACEMENT_3D('',#9730,#9731,#9732);
#9734=PLANE('',#9733);
#9735=ORIENTED_EDGE('',*,*,#9395,.F.);
#9736=CARTESIAN_POINT('',(1309.076955262,-1330.8,2.4));
#9737=VERTEX_POINT('',#9736);
#9738=CARTESIAN_POINT('',(1322.923044738,-1330.800000001,2.4));
#9739=DIRECTION('',(-1.,0.,0.));
#9740=VECTOR('',#9739,13.846089476);
#9741=LINE('',#9738,#9740);
#9742=EDGE_CURVE('',#9382,#9737,#9741,.T.);
#9743=ORIENTED_EDGE('',*,*,#9742,.T.);
#9744=CARTESIAN_POINT('',(1308.376955262,-1331.5,1.4));
#9745=DIRECTION('',(0.497468338,0.497468338,0.710669055));
#9746=VECTOR('',#9745,1.407124728);
#9747=LINE('',#9744,#9746);
#9748=EDGE_CURVE('',#9698,#9737,#9747,.T.);
#9749=ORIENTED_EDGE('',*,*,#9748,.F.);
#9750=ORIENTED_EDGE('',*,*,#9725,.F.);
#9751=EDGE_LOOP('',(#9735,#9743,#9749,#9750));
#9752=FACE_BOUND('',#9751,.T.);
#9753=ADVANCED_FACE('',(#9752),#9734,.F.);
#9754=CARTESIAN_POINT('',(1316.,-1330.8,6.8));
#9755=DIRECTION('',(0.,-1.,0.));
#9756=DIRECTION('',(1.,0.,0.));
#9757=AXIS2_PLACEMENT_3D('',#9754,#9755,#9756);
#9758=PLANE('',#9757);
#9759=ORIENTED_EDGE('',*,*,#9742,.F.);
#9760=ORIENTED_EDGE('',*,*,#9387,.F.);
#9761=CARTESIAN_POINT('',(1309.076955262,-1330.8,4.4));
#9762=VERTEX_POINT('',#9761);
#9763=CARTESIAN_POINT('',(1322.923044738,-1330.8,4.4));
#9764=DIRECTION('',(-1.,-0.,0.));
#9765=VECTOR('',#9764,13.846089476);
#9766=LINE('',#9763,#9765);
#9767=EDGE_CURVE('',#9374,#9762,#9766,.T.);
#9768=ORIENTED_EDGE('',*,*,#9767,.T.);
#9769=CARTESIAN_POINT('',(1309.076955262,-1330.8,4.4));
#9770=DIRECTION('',(-0.,-0.,-1.));
#9771=VECTOR('',#9770,2.);
#9772=LINE('',#9769,#9771);
#9773=EDGE_CURVE('',#9762,#9737,#9772,.T.);
#9774=ORIENTED_EDGE('',*,*,#9773,.T.);
#9775=EDGE_LOOP('',(#9759,#9760,#9768,#9774));
#9776=FACE_BOUND('',#9775,.T.);
#9777=ADVANCED_FACE('',(#9776),#9758,.T.);
#9778=CARTESIAN_POINT('',(1308.726955262,-1331.15,6.8));
#9779=DIRECTION('',(0.707106781,-0.707106781,0.));
#9780=DIRECTION('',(0.707106781,0.707106781,0.));
#9781=AXIS2_PLACEMENT_3D('',#9778,#9779,#9780);
#9782=PLANE('',#9781);
#9783=ORIENTED_EDGE('',*,*,#9601,.T.);
#9784=CARTESIAN_POINT('',(1303.5,-1336.376955262,1.4));
#9785=DIRECTION('',(0.707106781,0.707106781,0.));
#9786=VECTOR('',#9785,6.897056275);
#9787=LINE('',#9784,#9786);
#9788=EDGE_CURVE('',#9574,#9698,#9787,.T.);
#9789=ORIENTED_EDGE('',*,*,#9788,.T.);
#9790=ORIENTED_EDGE('',*,*,#9748,.T.);
#9791=ORIENTED_EDGE('',*,*,#9773,.F.);
#9792=CARTESIAN_POINT('',(1308.376955262,-1331.5,5.4));
#9793=VERTEX_POINT('',#9792);
#9794=CARTESIAN_POINT('',(1309.076955262,-1330.8,4.4));
#9795=DIRECTION('',(-0.497468338,-0.497468338,0.710669055));
#9796=VECTOR('',#9795,1.407124728);
#9797=LINE('',#9794,#9796);
#9798=EDGE_CURVE('',#9762,#9793,#9797,.T.);
#9799=ORIENTED_EDGE('',*,*,#9798,.T.);
#9800=CARTESIAN_POINT('',(1303.5,-1336.376955262,5.4));
#9801=VERTEX_POINT('',#9800);
#9802=CARTESIAN_POINT('',(1308.376955262,-1331.5,5.4));
#9803=DIRECTION('',(-0.707106781,-0.707106781,-0.));
#9804=VECTOR('',#9803,6.897056275);
#9805=LINE('',#9802,#9804);
#9806=EDGE_CURVE('',#9793,#9801,#9805,.T.);
#9807=ORIENTED_EDGE('',*,*,#9806,.T.);
#9808=CARTESIAN_POINT('',(1303.5,-1336.376955262,5.4));
#9809=DIRECTION('',(-0.497468338,-0.497468338,-0.710669055));
#9810=VECTOR('',#9809,1.407124728);
#9811=LINE('',#9808,#9810);
#9812=EDGE_CURVE('',#9801,#9628,#9811,.T.);
#9813=ORIENTED_EDGE('',*,*,#9812,.T.);
#9814=ORIENTED_EDGE('',*,*,#9633,.T.);
#9815=EDGE_LOOP('',(#9783,#9789,#9790,#9791,#9799,#9807,#9813,#9814));
#9816=FACE_BOUND('',#9815,.T.);
#9817=ADVANCED_FACE('',(#9816),#9782,.T.);
#9818=CARTESIAN_POINT('',(1328.5,-1344.,4.4));
#9819=DIRECTION('',(-1.,0.,0.));
#9820=DIRECTION('',(0.,-1.,0.));
#9821=AXIS2_PLACEMENT_3D('',#9818,#9819,#9820);
#9822=PLANE('',#9821);
#9823=CARTESIAN_POINT('',(1328.5,-1353.0372583,6.4));
#9824=VERTEX_POINT('',#9823);
#9825=CARTESIAN_POINT('',(1328.5,-1351.623044738,5.4));
#9826=DIRECTION('',(0.,-0.816496581,0.577350269));
#9827=VECTOR('',#9826,1.732050807);
#9828=LINE('',#9825,#9827);
#9829=EDGE_CURVE('',#9524,#9824,#9828,.T.);
#9830=ORIENTED_EDGE('',*,*,#9829,.T.);
#9831=CARTESIAN_POINT('',(1328.5,-1334.9627417,6.4));
#9832=VERTEX_POINT('',#9831);
#9833=CARTESIAN_POINT('',(1328.5,-1353.0372583,6.4));
#9834=DIRECTION('',(-0.,1.,-0.));
#9835=VECTOR('',#9834,18.0745166);
#9836=LINE('',#9833,#9835);
#9837=EDGE_CURVE('',#9824,#9832,#9836,.T.);
#9838=ORIENTED_EDGE('',*,*,#9837,.T.);
#9839=CARTESIAN_POINT('',(1328.5,-1334.9627417,6.4));
#9840=DIRECTION('',(0.,-0.816496581,-0.577350269));
#9841=VECTOR('',#9840,1.732050807);
#9842=LINE('',#9839,#9841);
#9843=EDGE_CURVE('',#9832,#9358,#9842,.T.);
#9844=ORIENTED_EDGE('',*,*,#9843,.T.);
#9845=CARTESIAN_POINT('',(1328.5,-1336.376955262,5.4));
#9846=DIRECTION('',(0.,-1.,0.));
#9847=VECTOR('',#9846,15.246089476);
#9848=LINE('',#9845,#9847);
#9849=EDGE_CURVE('',#9358,#9524,#9848,.T.);
#9850=ORIENTED_EDGE('',*,*,#9849,.T.);
#9851=EDGE_LOOP('',(#9830,#9838,#9844,#9850));
#9852=FACE_BOUND('',#9851,.T.);
#9853=ADVANCED_FACE('',(#9852),#9822,.T.);
#9854=CARTESIAN_POINT('',(1328.5,-1344.,5.4));
#9855=DIRECTION('',(-0.819231921,0.,-0.573462344));
#9856=DIRECTION('',(0.,1.,0.));
#9857=AXIS2_PLACEMENT_3D('',#9854,#9855,#9856);
#9858=PLANE('',#9857);
#9859=ORIENTED_EDGE('',*,*,#9363,.F.);
#9860=ORIENTED_EDGE('',*,*,#9341,.F.);
#9861=ORIENTED_EDGE('',*,*,#9535,.F.);
#9862=ORIENTED_EDGE('',*,*,#9849,.F.);
#9863=EDGE_LOOP('',(#9859,#9860,#9861,#9862));
#9864=FACE_BOUND('',#9863,.T.);
#9865=ADVANCED_FACE('',(#9864),#9858,.T.);
#9866=CARTESIAN_POINT('',(1316.,-1356.5,4.4));
#9867=DIRECTION('',(0.,1.,0.));
#9868=DIRECTION('',(-1.,0.,0.));
#9869=AXIS2_PLACEMENT_3D('',#9866,#9867,#9868);
#9870=PLANE('',#9869);
#9871=CARTESIAN_POINT('',(1306.9627417,-1356.5,6.4));
#9872=VERTEX_POINT('',#9871);
#9873=CARTESIAN_POINT('',(1308.376955262,-1356.5,5.4));
#9874=DIRECTION('',(-0.816496581,0.,0.577350269));
#9875=VECTOR('',#9874,1.732050807);
#9876=LINE('',#9873,#9875);
#9877=EDGE_CURVE('',#9675,#9872,#9876,.T.);
#9878=ORIENTED_EDGE('',*,*,#9877,.T.);
#9879=CARTESIAN_POINT('',(1325.0372583,-1356.5,6.4));
#9880=VERTEX_POINT('',#9879);
#9881=CARTESIAN_POINT('',(1306.9627417,-1356.5,6.4));
#9882=DIRECTION('',(1.,-0.,-0.));
#9883=VECTOR('',#9882,18.0745166);
#9884=LINE('',#9881,#9883);
#9885=EDGE_CURVE('',#9872,#9880,#9884,.T.);
#9886=ORIENTED_EDGE('',*,*,#9885,.T.);
#9887=CARTESIAN_POINT('',(1325.0372583,-1356.5,6.4));
#9888=DIRECTION('',(-0.816496581,0.,-0.577350269));
#9889=VECTOR('',#9888,1.732050807);
#9890=LINE('',#9887,#9889);
#9891=EDGE_CURVE('',#9880,#9516,#9890,.T.);
#9892=ORIENTED_EDGE('',*,*,#9891,.T.);
#9893=CARTESIAN_POINT('',(1323.623044738,-1356.5,5.4));
#9894=DIRECTION('',(-1.,0.,0.));
#9895=VECTOR('',#9894,15.246089476);
#9896=LINE('',#9893,#9895);
#9897=EDGE_CURVE('',#9516,#9675,#9896,.T.);
#9898=ORIENTED_EDGE('',*,*,#9897,.T.);
#9899=EDGE_LOOP('',(#9878,#9886,#9892,#9898));
#9900=FACE_BOUND('',#9899,.T.);
#9901=ADVANCED_FACE('',(#9900),#9870,.T.);
#9902=CARTESIAN_POINT('',(1316.,-1356.5,5.4));
#9903=DIRECTION('',(0.,0.819231921,-0.573462344));
#9904=DIRECTION('',(1.,0.,0.));
#9905=AXIS2_PLACEMENT_3D('',#9902,#9903,#9904);
#9906=PLANE('',#9905);
#9907=ORIENTED_EDGE('',*,*,#9521,.F.);
#9908=ORIENTED_EDGE('',*,*,#9499,.F.);
#9909=ORIENTED_EDGE('',*,*,#9686,.F.);
#9910=ORIENTED_EDGE('',*,*,#9897,.F.);
#9911=EDGE_LOOP('',(#9907,#9908,#9909,#9910));
#9912=FACE_BOUND('',#9911,.T.);
#9913=ADVANCED_FACE('',(#9912),#9906,.T.);
#9914=CARTESIAN_POINT('',(1303.5,-1344.,4.4));
#9915=DIRECTION('',(1.,0.,0.));
#9916=DIRECTION('',(0.,1.,0.));
#9917=AXIS2_PLACEMENT_3D('',#9914,#9915,#9916);
#9918=PLANE('',#9917);
#9919=CARTESIAN_POINT('',(1303.5,-1334.9627417,6.4));
#9920=VERTEX_POINT('',#9919);
#9921=CARTESIAN_POINT('',(1303.5,-1336.376955262,5.4));
#9922=DIRECTION('',(0.,0.816496581,0.577350269));
#9923=VECTOR('',#9922,1.732050807);
#9924=LINE('',#9921,#9923);
#9925=EDGE_CURVE('',#9801,#9920,#9924,.T.);
#9926=ORIENTED_EDGE('',*,*,#9925,.T.);
#9927=CARTESIAN_POINT('',(1303.5,-1353.0372583,6.4));
#9928=VERTEX_POINT('',#9927);
#9929=CARTESIAN_POINT('',(1303.5,-1334.9627417,6.4));
#9930=DIRECTION('',(-0.,-1.,-0.));
#9931=VECTOR('',#9930,18.0745166);
#9932=LINE('',#9929,#9931);
#9933=EDGE_CURVE('',#9920,#9928,#9932,.T.);
#9934=ORIENTED_EDGE('',*,*,#9933,.T.);
#9935=CARTESIAN_POINT('',(1303.5,-1353.0372583,6.4));
#9936=DIRECTION('',(0.,0.816496581,-0.577350269));
#9937=VECTOR('',#9936,1.732050807);
#9938=LINE('',#9935,#9937);
#9939=EDGE_CURVE('',#9928,#9667,#9938,.T.);
#9940=ORIENTED_EDGE('',*,*,#9939,.T.);
#9941=CARTESIAN_POINT('',(1303.5,-1351.623044738,5.4));
#9942=DIRECTION('',(0.,1.,0.));
#9943=VECTOR('',#9942,15.246089476);
#9944=LINE('',#9941,#9943);
#9945=EDGE_CURVE('',#9667,#9801,#9944,.T.);
#9946=ORIENTED_EDGE('',*,*,#9945,.T.);
#9947=EDGE_LOOP('',(#9926,#9934,#9940,#9946));
#9948=FACE_BOUND('',#9947,.T.);
#9949=ADVANCED_FACE('',(#9948),#9918,.T.);
#9950=CARTESIAN_POINT('',(1303.5,-1344.,5.4));
#9951=DIRECTION('',(0.819231921,0.,-0.573462344));
#9952=DIRECTION('',(0.,-1.,0.));
#9953=AXIS2_PLACEMENT_3D('',#9950,#9951,#9952);
#9954=PLANE('',#9953);
#9955=ORIENTED_EDGE('',*,*,#9672,.F.);
#9956=ORIENTED_EDGE('',*,*,#9641,.F.);
#9957=ORIENTED_EDGE('',*,*,#9812,.F.);
#9958=ORIENTED_EDGE('',*,*,#9945,.F.);
#9959=EDGE_LOOP('',(#9955,#9956,#9957,#9958));
#9960=FACE_BOUND('',#9959,.T.);
#9961=ADVANCED_FACE('',(#9960),#9954,.T.);
#9962=CARTESIAN_POINT('',(1316.,-1331.5,4.4));
#9963=DIRECTION('',(0.,-1.,0.));
#9964=DIRECTION('',(1.,0.,0.));
#9965=AXIS2_PLACEMENT_3D('',#9962,#9963,#9964);
#9966=PLANE('',#9965);
#9967=CARTESIAN_POINT('',(1325.0372583,-1331.5,6.4));
#9968=VERTEX_POINT('',#9967);
#9969=CARTESIAN_POINT('',(1323.623044738,-1331.5,5.4));
#9970=DIRECTION('',(0.816496581,0.,0.577350269));
#9971=VECTOR('',#9970,1.732050807);
#9972=LINE('',#9969,#9971);
#9973=EDGE_CURVE('',#9366,#9968,#9972,.T.);
#9974=ORIENTED_EDGE('',*,*,#9973,.T.);
#9975=CARTESIAN_POINT('',(1306.9627417,-1331.5,6.4));
#9976=VERTEX_POINT('',#9975);
#9977=CARTESIAN_POINT('',(1325.0372583,-1331.5,6.4));
#9978=DIRECTION('',(-1.,-0.,0.));
#9979=VECTOR('',#9978,18.0745166);
#9980=LINE('',#9977,#9979);
#9981=EDGE_CURVE('',#9968,#9976,#9980,.T.);
#9982=ORIENTED_EDGE('',*,*,#9981,.T.);
#9983=CARTESIAN_POINT('',(1306.9627417,-1331.5,6.4));
#9984=DIRECTION('',(0.816496581,0.,-0.577350269));
#9985=VECTOR('',#9984,1.732050807);
#9986=LINE('',#9983,#9985);
#9987=EDGE_CURVE('',#9976,#9793,#9986,.T.);
#9988=ORIENTED_EDGE('',*,*,#9987,.T.);
#9989=CARTESIAN_POINT('',(1308.376955262,-1331.5,5.4));
#9990=DIRECTION('',(1.,0.,-0.));
#9991=VECTOR('',#9990,15.246089476);
#9992=LINE('',#9989,#9991);
#9993=EDGE_CURVE('',#9793,#9366,#9992,.T.);
#9994=ORIENTED_EDGE('',*,*,#9993,.T.);
#9995=EDGE_LOOP('',(#9974,#9982,#9988,#9994));
#9996=FACE_BOUND('',#9995,.T.);
#9997=ADVANCED_FACE('',(#9996),#9966,.T.);
#9998=CARTESIAN_POINT('',(1316.,-1331.5,5.4));
#9999=DIRECTION('',(0.,-0.819231921,-0.573462344));
#10000=DIRECTION('',(-1.,0.,0.));
#10001=AXIS2_PLACEMENT_3D('',#9998,#9999,#10000);
#10002=PLANE('',#10001);
#10003=ORIENTED_EDGE('',*,*,#9798,.F.);
#10004=ORIENTED_EDGE('',*,*,#9767,.F.);
#10005=ORIENTED_EDGE('',*,*,#9379,.F.);
#10006=ORIENTED_EDGE('',*,*,#9993,.F.);
#10007=EDGE_LOOP('',(#10003,#10004,#10005,#10006));
#10008=FACE_BOUND('',#10007,.T.);
#10009=ADVANCED_FACE('',(#10008),#10002,.T.);
#10010=CARTESIAN_POINT('',(1304.948528137,-1332.948528137,0.));
#10011=DIRECTION('',(0.5,-0.5,-0.707106781));
#10012=DIRECTION('',(0.707106781,0.707106781,0.));
#10013=AXIS2_PLACEMENT_3D('',#10010,#10011,#10012);
#10014=PLANE('',#10013);
#10015=ORIENTED_EDGE('',*,*,#9705,.F.);
#10016=ORIENTED_EDGE('',*,*,#9788,.F.);
#10017=ORIENTED_EDGE('',*,*,#9579,.F.);
#10018=CARTESIAN_POINT('',(1303.5,-1334.9627417,0.4));
#10019=DIRECTION('',(-0.678598344,0.281084638,-0.678598345));
#10020=VECTOR('',#10019,0.589450303);
#10021=LINE('',#10018,#10020);
#10022=EDGE_CURVE('',#9566,#479,#10021,.T.);
#10023=ORIENTED_EDGE('',*,*,#10022,.T.);
#10024=ORIENTED_EDGE('',*,*,#484,.F.);
#10025=CARTESIAN_POINT('',(1306.797056275,-1331.1,0.));
#10026=DIRECTION('',(0.281084638,-0.678598344,0.678598345));
#10027=VECTOR('',#10026,0.589450303);
#10028=LINE('',#10025,#10027);
#10029=EDGE_CURVE('',#471,#9700,#10028,.T.);
#10030=ORIENTED_EDGE('',*,*,#10029,.T.);
#10031=EDGE_LOOP('',(#10015,#10016,#10017,#10023,#10024,#10030));
#10032=FACE_BOUND('',#10031,.T.);
#10033=ADVANCED_FACE('',(#10032),#10014,.T.);
#10034=CARTESIAN_POINT('',(1308.726955262,-1331.15,5.4));
#10035=DIRECTION('',(-0.5,0.5,-0.707106781));
#10036=DIRECTION('',(-0.707106781,-0.707106781,0.));
#10037=AXIS2_PLACEMENT_3D('',#10034,#10035,#10036);
#10038=PLANE('',#10037);
#10039=ORIENTED_EDGE('',*,*,#9987,.F.);
#10040=CARTESIAN_POINT('',(1306.9627417,-1331.5,6.4));
#10041=DIRECTION('',(-0.281084638,0.678598344,0.678598345));
#10042=VECTOR('',#10041,0.589450303);
#10043=LINE('',#10040,#10042);
#10044=EDGE_CURVE('',#9976,#2085,#10043,.T.);
#10045=ORIENTED_EDGE('',*,*,#10044,.T.);
#10046=ORIENTED_EDGE('',*,*,#2090,.F.);
#10047=CARTESIAN_POINT('',(1303.1,-1334.797056275,6.8));
#10048=DIRECTION('',(0.678598344,-0.281084638,-0.678598345));
#10049=VECTOR('',#10048,0.589450303);
#10050=LINE('',#10047,#10049);
#10051=EDGE_CURVE('',#2077,#9920,#10050,.T.);
#10052=ORIENTED_EDGE('',*,*,#10051,.T.);
#10053=ORIENTED_EDGE('',*,*,#9925,.F.);
#10054=ORIENTED_EDGE('',*,*,#9806,.F.);
#10055=EDGE_LOOP('',(#10039,#10045,#10046,#10052,#10053,#10054));
#10056=FACE_BOUND('',#10055,.T.);
#10057=ADVANCED_FACE('',(#10056),#10038,.F.);
#10058=CARTESIAN_POINT('',(1323.273044738,-1356.85,5.4));
#10059=DIRECTION('',(0.5,-0.5,-0.707106781));
#10060=DIRECTION('',(0.707106781,0.707106781,0.));
#10061=AXIS2_PLACEMENT_3D('',#10058,#10059,#10060);
#10062=PLANE('',#10061);
#10063=ORIENTED_EDGE('',*,*,#9891,.F.);
#10064=CARTESIAN_POINT('',(1325.0372583,-1356.5,6.4));
#10065=DIRECTION('',(0.281084638,-0.678598344,0.678598345));
#10066=VECTOR('',#10065,0.589450303);
#10067=LINE('',#10064,#10066);
#10068=EDGE_CURVE('',#9880,#2117,#10067,.T.);
#10069=ORIENTED_EDGE('',*,*,#10068,.T.);
#10070=ORIENTED_EDGE('',*,*,#2122,.F.);
#10071=CARTESIAN_POINT('',(1328.9,-1353.202943725,6.8));
#10072=DIRECTION('',(-0.678598344,0.281084638,-0.678598345));
#10073=VECTOR('',#10072,0.589450303);
#10074=LINE('',#10071,#10073);
#10075=EDGE_CURVE('',#2109,#9824,#10074,.T.);
#10076=ORIENTED_EDGE('',*,*,#10075,.T.);
#10077=ORIENTED_EDGE('',*,*,#9829,.F.);
#10078=ORIENTED_EDGE('',*,*,#9529,.F.);
#10079=EDGE_LOOP('',(#10063,#10069,#10070,#10076,#10077,#10078));
#10080=FACE_BOUND('',#10079,.T.);
#10081=ADVANCED_FACE('',(#10080),#10062,.F.);
#10082=CARTESIAN_POINT('',(1304.948528137,-1355.051471863,0.));
#10083=DIRECTION('',(0.5,0.5,-0.707106781));
#10084=DIRECTION('',(-0.707106781,0.707106781,0.));
#10085=AXIS2_PLACEMENT_3D('',#10082,#10083,#10084);
#10086=PLANE('',#10085);
#10087=ORIENTED_EDGE('',*,*,#9563,.F.);
#10088=ORIENTED_EDGE('',*,*,#9662,.F.);
#10089=ORIENTED_EDGE('',*,*,#9437,.F.);
#10090=CARTESIAN_POINT('',(1306.9627417,-1356.5,0.4));
#10091=DIRECTION('',(-0.281084638,-0.678598344,-0.678598345));
#10092=VECTOR('',#10091,0.589450303);
#10093=LINE('',#10090,#10092);
#10094=EDGE_CURVE('',#9424,#495,#10093,.T.);
#10095=ORIENTED_EDGE('',*,*,#10094,.T.);
#10096=ORIENTED_EDGE('',*,*,#500,.F.);
#10097=CARTESIAN_POINT('',(1303.1,-1353.202943725,0.));
#10098=DIRECTION('',(0.678598344,0.281084638,0.678598345));
#10099=VECTOR('',#10098,0.589450303);
#10100=LINE('',#10097,#10099);
#10101=EDGE_CURVE('',#487,#9558,#10100,.T.);
#10102=ORIENTED_EDGE('',*,*,#10101,.T.);
#10103=EDGE_LOOP('',(#10087,#10088,#10089,#10095,#10096,#10102));
#10104=FACE_BOUND('',#10103,.T.);
#10105=ADVANCED_FACE('',(#10104),#10086,.T.);
#10106=CARTESIAN_POINT('',(1328.85,-1336.726955262,5.4));
#10107=DIRECTION('',(0.5,0.5,-0.707106781));
#10108=DIRECTION('',(-0.707106781,0.707106781,0.));
#10109=AXIS2_PLACEMENT_3D('',#10106,#10107,#10108);
#10110=PLANE('',#10109);
#10111=ORIENTED_EDGE('',*,*,#9843,.F.);
#10112=CARTESIAN_POINT('',(1328.5,-1334.9627417,6.4));
#10113=DIRECTION('',(0.678598344,0.281084638,0.678598345));
#10114=VECTOR('',#10113,0.589450303);
#10115=LINE('',#10112,#10114);
#10116=EDGE_CURVE('',#9832,#2101,#10115,.T.);
#10117=ORIENTED_EDGE('',*,*,#10116,.T.);
#10118=ORIENTED_EDGE('',*,*,#2106,.F.);
#10119=CARTESIAN_POINT('',(1325.202943725,-1331.1,6.8));
#10120=DIRECTION('',(-0.281084638,-0.678598344,-0.678598345));
#10121=VECTOR('',#10120,0.589450303);
#10122=LINE('',#10119,#10121);
#10123=EDGE_CURVE('',#2093,#9968,#10122,.T.);
#10124=ORIENTED_EDGE('',*,*,#10123,.T.);
#10125=ORIENTED_EDGE('',*,*,#9973,.F.);
#10126=ORIENTED_EDGE('',*,*,#9371,.F.);
#10127=EDGE_LOOP('',(#10111,#10117,#10118,#10124,#10125,#10126));
#10128=FACE_BOUND('',#10127,.T.);
#10129=ADVANCED_FACE('',(#10128),#10110,.F.);
#10130=CARTESIAN_POINT('',(1327.051471863,-1355.051471863,0.));
#10131=DIRECTION('',(-0.5,0.5,-0.707106781));
#10132=DIRECTION('',(-0.707106781,-0.707106781,0.));
#10133=AXIS2_PLACEMENT_3D('',#10130,#10131,#10132);
#10134=PLANE('',#10133);
#10135=ORIENTED_EDGE('',*,*,#9421,.F.);
#10136=ORIENTED_EDGE('',*,*,#9543,.F.);
#10137=ORIENTED_EDGE('',*,*,#9279,.F.);
#10138=CARTESIAN_POINT('',(1328.5,-1353.0372583,0.4));
#10139=DIRECTION('',(0.678598344,-0.281084638,-0.678598345));
#10140=VECTOR('',#10139,0.589450303);
#10141=LINE('',#10138,#10140);
#10142=EDGE_CURVE('',#9266,#511,#10141,.T.);
#10143=ORIENTED_EDGE('',*,*,#10142,.T.);
#10144=ORIENTED_EDGE('',*,*,#516,.F.);
#10145=CARTESIAN_POINT('',(1325.202943725,-1356.9,0.));
#10146=DIRECTION('',(-0.281084638,0.678598344,0.678598345));
#10147=VECTOR('',#10146,0.589450303);
#10148=LINE('',#10145,#10147);
#10149=EDGE_CURVE('',#503,#9416,#10148,.T.);
#10150=ORIENTED_EDGE('',*,*,#10149,.T.);
#10151=EDGE_LOOP('',(#10135,#10136,#10137,#10143,#10144,#10150));
#10152=FACE_BOUND('',#10151,.T.);
#10153=ADVANCED_FACE('',(#10152),#10134,.T.);
#10154=CARTESIAN_POINT('',(1327.051471863,-1332.948528137,0.));
#10155=DIRECTION('',(-0.5,-0.5,-0.707106781));
#10156=DIRECTION('',(0.707106781,-0.707106781,0.));
#10157=AXIS2_PLACEMENT_3D('',#10154,#10155,#10156);
#10158=PLANE('',#10157);
#10159=ORIENTED_EDGE('',*,*,#9263,.F.);
#10160=ORIENTED_EDGE('',*,*,#9401,.F.);
#10161=ORIENTED_EDGE('',*,*,#9719,.F.);
#10162=CARTESIAN_POINT('',(1325.0372583,-1331.5,0.4));
#10163=DIRECTION('',(0.281084638,0.678598344,-0.678598345));
#10164=VECTOR('',#10163,0.589450303);
#10165=LINE('',#10162,#10164);
#10166=EDGE_CURVE('',#9708,#469,#10165,.T.);
#10167=ORIENTED_EDGE('',*,*,#10166,.T.);
#10168=ORIENTED_EDGE('',*,*,#530,.F.);
#10169=CARTESIAN_POINT('',(1328.9,-1334.797056275,0.));
#10170=DIRECTION('',(-0.678598344,-0.281084638,0.678598345));
#10171=VECTOR('',#10170,0.589450303);
#10172=LINE('',#10169,#10171);
#10173=EDGE_CURVE('',#519,#9258,#10172,.T.);
#10174=ORIENTED_EDGE('',*,*,#10173,.T.);
#10175=EDGE_LOOP('',(#10159,#10160,#10161,#10167,#10168,#10174));
#10176=FACE_BOUND('',#10175,.T.);
#10177=ADVANCED_FACE('',(#10176),#10158,.T.);
#10178=CARTESIAN_POINT('',(1303.15,-1351.273044738,5.4));
#10179=DIRECTION('',(-0.5,-0.5,-0.707106781));
#10180=DIRECTION('',(0.707106781,-0.707106781,0.));
#10181=AXIS2_PLACEMENT_3D('',#10178,#10179,#10180);
#10182=PLANE('',#10181);
#10183=ORIENTED_EDGE('',*,*,#9939,.F.);
#10184=CARTESIAN_POINT('',(1303.5,-1353.0372583,6.4));
#10185=DIRECTION('',(-0.678598344,-0.281084638,0.678598345));
#10186=VECTOR('',#10185,0.589450303);
#10187=LINE('',#10184,#10186);
#10188=EDGE_CURVE('',#9928,#2075,#10187,.T.);
#10189=ORIENTED_EDGE('',*,*,#10188,.T.);
#10190=ORIENTED_EDGE('',*,*,#2136,.F.);
#10191=CARTESIAN_POINT('',(1306.797056275,-1356.9,6.8));
#10192=DIRECTION('',(0.281084638,0.678598344,-0.678598345));
#10193=VECTOR('',#10192,0.589450303);
#10194=LINE('',#10191,#10193);
#10195=EDGE_CURVE('',#2125,#9872,#10194,.T.);
#10196=ORIENTED_EDGE('',*,*,#10195,.T.);
#10197=ORIENTED_EDGE('',*,*,#9877,.F.);
#10198=ORIENTED_EDGE('',*,*,#9680,.F.);
#10199=EDGE_LOOP('',(#10183,#10189,#10190,#10196,#10197,#10198));
#10200=FACE_BOUND('',#10199,.T.);
#10201=ADVANCED_FACE('',(#10200),#10182,.F.);
#10202=CARTESIAN_POINT('',(1303.1,-1344.,6.8));
#10203=DIRECTION('',(-0.707106781,0.,-0.707106781));
#10204=DIRECTION('',(0.,1.,0.));
#10205=AXIS2_PLACEMENT_3D('',#10202,#10203,#10204);
#10206=PLANE('',#10205);
#10207=ORIENTED_EDGE('',*,*,#10188,.F.);
#10208=ORIENTED_EDGE('',*,*,#9933,.F.);
#10209=ORIENTED_EDGE('',*,*,#10051,.F.);
#10210=ORIENTED_EDGE('',*,*,#2082,.F.);
#10211=EDGE_LOOP('',(#10207,#10208,#10209,#10210));
#10212=FACE_BOUND('',#10211,.T.);
#10213=ADVANCED_FACE('',(#10212),#10206,.F.);
#10214=CARTESIAN_POINT('',(1316.,-1331.1,0.));
#10215=DIRECTION('',(0.,-0.707106781,-0.707106781));
#10216=DIRECTION('',(1.,0.,0.));
#10217=AXIS2_PLACEMENT_3D('',#10214,#10215,#10216);
#10218=PLANE('',#10217);
#10219=ORIENTED_EDGE('',*,*,#10166,.F.);
#10220=ORIENTED_EDGE('',*,*,#9713,.F.);
#10221=ORIENTED_EDGE('',*,*,#10029,.F.);
#10222=ORIENTED_EDGE('',*,*,#476,.F.);
#10223=EDGE_LOOP('',(#10219,#10220,#10221,#10222));
#10224=FACE_BOUND('',#10223,.T.);
#10225=ADVANCED_FACE('',(#10224),#10218,.T.);
#10226=CARTESIAN_POINT('',(1328.9,-1344.,0.));
#10227=DIRECTION('',(-0.707106781,0.,-0.707106781));
#10228=DIRECTION('',(0.,-1.,0.));
#10229=AXIS2_PLACEMENT_3D('',#10226,#10227,#10228);
#10230=PLANE('',#10229);
#10231=ORIENTED_EDGE('',*,*,#10142,.F.);
#10232=ORIENTED_EDGE('',*,*,#9271,.F.);
#10233=ORIENTED_EDGE('',*,*,#10173,.F.);
#10234=ORIENTED_EDGE('',*,*,#524,.F.);
#10235=EDGE_LOOP('',(#10231,#10232,#10233,#10234));
#10236=FACE_BOUND('',#10235,.T.);
#10237=ADVANCED_FACE('',(#10236),#10230,.T.);
#10238=CARTESIAN_POINT('',(1316.,-1356.9,6.8));
#10239=DIRECTION('',(0.,-0.707106781,-0.707106781));
#10240=DIRECTION('',(-1.,0.,0.));
#10241=AXIS2_PLACEMENT_3D('',#10238,#10239,#10240);
#10242=PLANE('',#10241);
#10243=ORIENTED_EDGE('',*,*,#10068,.F.);
#10244=ORIENTED_EDGE('',*,*,#9885,.F.);
#10245=ORIENTED_EDGE('',*,*,#10195,.F.);
#10246=ORIENTED_EDGE('',*,*,#2130,.F.);
#10247=EDGE_LOOP('',(#10243,#10244,#10245,#10246));
#10248=FACE_BOUND('',#10247,.T.);
#10249=ADVANCED_FACE('',(#10248),#10242,.F.);
#10250=CARTESIAN_POINT('',(1328.9,-1344.,6.8));
#10251=DIRECTION('',(0.707106781,0.,-0.707106781));
#10252=DIRECTION('',(0.,-1.,0.));
#10253=AXIS2_PLACEMENT_3D('',#10250,#10251,#10252);
#10254=PLANE('',#10253);
#10255=ORIENTED_EDGE('',*,*,#10116,.F.);
#10256=ORIENTED_EDGE('',*,*,#9837,.F.);
#10257=ORIENTED_EDGE('',*,*,#10075,.F.);
#10258=ORIENTED_EDGE('',*,*,#2114,.F.);
#10259=EDGE_LOOP('',(#10255,#10256,#10257,#10258));
#10260=FACE_BOUND('',#10259,.T.);
#10261=ADVANCED_FACE('',(#10260),#10254,.F.);
#10262=CARTESIAN_POINT('',(1316.,-1331.1,6.8));
#10263=DIRECTION('',(0.,0.707106781,-0.707106781));
#10264=DIRECTION('',(1.,0.,0.));
#10265=AXIS2_PLACEMENT_3D('',#10262,#10263,#10264);
#10266=PLANE('',#10265);
#10267=ORIENTED_EDGE('',*,*,#10044,.F.);
#10268=ORIENTED_EDGE('',*,*,#9981,.F.);
#10269=ORIENTED_EDGE('',*,*,#10123,.F.);
#10270=ORIENTED_EDGE('',*,*,#2098,.F.);
#10271=EDGE_LOOP('',(#10267,#10268,#10269,#10270));
#10272=FACE_BOUND('',#10271,.T.);
#10273=ADVANCED_FACE('',(#10272),#10266,.F.);
#10274=CARTESIAN_POINT('',(1303.1,-1344.,0.));
#10275=DIRECTION('',(0.707106781,0.,-0.707106781));
#10276=DIRECTION('',(0.,1.,0.));
#10277=AXIS2_PLACEMENT_3D('',#10274,#10275,#10276);
#10278=PLANE('',#10277);
#10279=ORIENTED_EDGE('',*,*,#10022,.F.);
#10280=ORIENTED_EDGE('',*,*,#9571,.F.);
#10281=ORIENTED_EDGE('',*,*,#10101,.F.);
#10282=ORIENTED_EDGE('',*,*,#492,.F.);
#10283=EDGE_LOOP('',(#10279,#10280,#10281,#10282));
#10284=FACE_BOUND('',#10283,.T.);
#10285=ADVANCED_FACE('',(#10284),#10278,.T.);
#10286=CARTESIAN_POINT('',(1316.,-1356.9,0.));
#10287=DIRECTION('',(0.,0.707106781,-0.707106781));
#10288=DIRECTION('',(-1.,0.,0.));
#10289=AXIS2_PLACEMENT_3D('',#10286,#10287,#10288);
#10290=PLANE('',#10289);
#10291=ORIENTED_EDGE('',*,*,#10094,.F.);
#10292=ORIENTED_EDGE('',*,*,#9429,.F.);
#10293=ORIENTED_EDGE('',*,*,#10149,.F.);
#10294=ORIENTED_EDGE('',*,*,#508,.F.);
#10295=EDGE_LOOP('',(#10291,#10292,#10293,#10294));
#10296=FACE_BOUND('',#10295,.T.);
#10297=ADVANCED_FACE('',(#10296),#10290,.T.);
#10298=CARTESIAN_POINT('',(1328.5,-1372.,2.4));
#10299=DIRECTION('',(-1.,0.,0.));
#10300=DIRECTION('',(0.,-1.,0.));
#10301=AXIS2_PLACEMENT_3D('',#10298,#10299,#10300);
#10302=PLANE('',#10301);
#10303=CARTESIAN_POINT('',(1328.5,-1364.376955262,1.4));
#10304=VERTEX_POINT('',#10303);
#10305=CARTESIAN_POINT('',(1328.5,-1362.9627417,0.4));
#10306=VERTEX_POINT('',#10305);
#10307=CARTESIAN_POINT('',(1328.5,-1364.376955262,1.4));
#10308=DIRECTION('',(0.,0.816496581,-0.577350269));
#10309=VECTOR('',#10308,1.732050807);
#10310=LINE('',#10307,#10309);
#10311=EDGE_CURVE('',#10304,#10306,#10310,.T.);
#10312=ORIENTED_EDGE('',*,*,#10311,.T.);
#10313=CARTESIAN_POINT('',(1328.5,-1381.0372583,0.4));
#10314=VERTEX_POINT('',#10313);
#10315=CARTESIAN_POINT('',(1328.5,-1362.9627417,0.4));
#10316=DIRECTION('',(0.,-1.,0.));
#10317=VECTOR('',#10316,18.0745166);
#10318=LINE('',#10315,#10317);
#10319=EDGE_CURVE('',#10306,#10314,#10318,.T.);
#10320=ORIENTED_EDGE('',*,*,#10319,.T.);
#10321=CARTESIAN_POINT('',(1328.5,-1379.623044738,1.4));
#10322=VERTEX_POINT('',#10321);
#10323=CARTESIAN_POINT('',(1328.5,-1381.0372583,0.4));
#10324=DIRECTION('',(0.,0.816496581,0.577350269));
#10325=VECTOR('',#10324,1.732050807);
#10326=LINE('',#10323,#10325);
#10327=EDGE_CURVE('',#10314,#10322,#10326,.T.);
#10328=ORIENTED_EDGE('',*,*,#10327,.T.);
#10329=CARTESIAN_POINT('',(1328.5,-1379.623044738,1.4));
#10330=DIRECTION('',(-0.,1.,-0.));
#10331=VECTOR('',#10330,15.246089476);
#10332=LINE('',#10329,#10331);
#10333=EDGE_CURVE('',#10322,#10304,#10332,.T.);
#10334=ORIENTED_EDGE('',*,*,#10333,.T.);
#10335=EDGE_LOOP('',(#10312,#10320,#10328,#10334));
#10336=FACE_BOUND('',#10335,.T.);
#10337=ADVANCED_FACE('',(#10336),#10302,.T.);
#10338=CARTESIAN_POINT('',(1328.5,-1372.,1.4));
#10339=DIRECTION('',(0.819231921,0.,-0.573462344));
#10340=DIRECTION('',(0.,1.,0.));
#10341=AXIS2_PLACEMENT_3D('',#10338,#10339,#10340);
#10342=PLANE('',#10341);
#10343=CARTESIAN_POINT('',(1329.2,-1378.923044738,2.4));
#10344=VERTEX_POINT('',#10343);
#10345=CARTESIAN_POINT('',(1329.2,-1378.923044738,2.4));
#10346=DIRECTION('',(-0.497468338,-0.497468338,-0.710669055));
#10347=VECTOR('',#10346,1.407124728);
#10348=LINE('',#10345,#10347);
#10349=EDGE_CURVE('',#10344,#10322,#10348,.T.);
#10350=ORIENTED_EDGE('',*,*,#10349,.F.);
#10351=CARTESIAN_POINT('',(1329.2,-1365.076955262,2.4));
#10352=VERTEX_POINT('',#10351);
#10353=CARTESIAN_POINT('',(1329.199999999,-1378.923044738,2.4));
#10354=DIRECTION('',(0.,1.,0.));
#10355=VECTOR('',#10354,13.846089476);
#10356=LINE('',#10353,#10355);
#10357=EDGE_CURVE('',#10344,#10352,#10356,.T.);
#10358=ORIENTED_EDGE('',*,*,#10357,.T.);
#10359=CARTESIAN_POINT('',(1328.5,-1364.376955262,1.4));
#10360=DIRECTION('',(0.497468338,-0.497468338,0.710669055));
#10361=VECTOR('',#10360,1.407124728);
#10362=LINE('',#10359,#10361);
#10363=EDGE_CURVE('',#10304,#10352,#10362,.T.);
#10364=ORIENTED_EDGE('',*,*,#10363,.F.);
#10365=ORIENTED_EDGE('',*,*,#10333,.F.);
#10366=EDGE_LOOP('',(#10350,#10358,#10364,#10365));
#10367=FACE_BOUND('',#10366,.T.);
#10368=ADVANCED_FACE('',(#10367),#10342,.F.);
#10369=CARTESIAN_POINT('',(1329.2,-1372.,6.8));
#10370=DIRECTION('',(-1.,0.,0.));
#10371=DIRECTION('',(0.,-1.,0.));
#10372=AXIS2_PLACEMENT_3D('',#10369,#10370,#10371);
#10373=PLANE('',#10372);
#10374=ORIENTED_EDGE('',*,*,#10357,.F.);
#10375=CARTESIAN_POINT('',(1329.2,-1378.923044738,4.4));
#10376=VERTEX_POINT('',#10375);
#10377=CARTESIAN_POINT('',(1329.2,-1378.923044738,4.4));
#10378=DIRECTION('',(-0.,-0.,-1.));
#10379=VECTOR('',#10378,2.);
#10380=LINE('',#10377,#10379);
#10381=EDGE_CURVE('',#10376,#10344,#10380,.T.);
#10382=ORIENTED_EDGE('',*,*,#10381,.F.);
#10383=CARTESIAN_POINT('',(1329.2,-1365.076955262,4.4));
#10384=VERTEX_POINT('',#10383);
#10385=CARTESIAN_POINT('',(1329.2,-1378.923044738,4.4));
#10386=DIRECTION('',(-0.,1.,-0.));
#10387=VECTOR('',#10386,13.846089476);
#10388=LINE('',#10385,#10387);
#10389=EDGE_CURVE('',#10376,#10384,#10388,.T.);
#10390=ORIENTED_EDGE('',*,*,#10389,.T.);
#10391=CARTESIAN_POINT('',(1329.2,-1365.076955262,4.4));
#10392=DIRECTION('',(-0.,-0.,-1.));
#10393=VECTOR('',#10392,2.);
#10394=LINE('',#10391,#10393);
#10395=EDGE_CURVE('',#10384,#10352,#10394,.T.);
#10396=ORIENTED_EDGE('',*,*,#10395,.T.);
#10397=EDGE_LOOP('',(#10374,#10382,#10390,#10396));
#10398=FACE_BOUND('',#10397,.T.);
#10399=ADVANCED_FACE('',(#10398),#10373,.T.);
#10400=CARTESIAN_POINT('',(1328.85,-1364.726955262,6.8));
#10401=DIRECTION('',(-0.707106781,-0.707106781,0.));
#10402=DIRECTION('',(0.707106781,-0.707106781,0.));
#10403=AXIS2_PLACEMENT_3D('',#10400,#10401,#10402);
#10404=PLANE('',#10403);
#10405=CARTESIAN_POINT('',(1328.5,-1364.376955262,5.4));
#10406=VERTEX_POINT('',#10405);
#10407=CARTESIAN_POINT('',(1329.2,-1365.076955262,4.4));
#10408=DIRECTION('',(-0.497468338,0.497468338,0.710669055));
#10409=VECTOR('',#10408,1.407124728);
#10410=LINE('',#10407,#10409);
#10411=EDGE_CURVE('',#10384,#10406,#10410,.T.);
#10412=ORIENTED_EDGE('',*,*,#10411,.T.);
#10413=CARTESIAN_POINT('',(1323.623044738,-1359.5,5.4));
#10414=VERTEX_POINT('',#10413);
#10415=CARTESIAN_POINT('',(1328.5,-1364.376955262,5.4));
#10416=DIRECTION('',(-0.707106781,0.707106781,-0.));
#10417=VECTOR('',#10416,6.897056275);
#10418=LINE('',#10415,#10417);
#10419=EDGE_CURVE('',#10406,#10414,#10418,.T.);
#10420=ORIENTED_EDGE('',*,*,#10419,.T.);
#10421=CARTESIAN_POINT('',(1322.923044738,-1358.8,4.4));
#10422=VERTEX_POINT('',#10421);
#10423=CARTESIAN_POINT('',(1323.623044738,-1359.5,5.4));
#10424=DIRECTION('',(-0.497468338,0.497468338,-0.710669055));
#10425=VECTOR('',#10424,1.407124728);
#10426=LINE('',#10423,#10425);
#10427=EDGE_CURVE('',#10414,#10422,#10426,.T.);
#10428=ORIENTED_EDGE('',*,*,#10427,.T.);
#10429=CARTESIAN_POINT('',(1322.923044738,-1358.8,2.4));
#10430=VERTEX_POINT('',#10429);
#10431=CARTESIAN_POINT('',(1322.923044738,-1358.8,4.4));
#10432=DIRECTION('',(-0.,-0.,-1.));
#10433=VECTOR('',#10432,2.);
#10434=LINE('',#10431,#10433);
#10435=EDGE_CURVE('',#10422,#10430,#10434,.T.);
#10436=ORIENTED_EDGE('',*,*,#10435,.T.);
#10437=CARTESIAN_POINT('',(1323.623044738,-1359.5,1.4));
#10438=VERTEX_POINT('',#10437);
#10439=CARTESIAN_POINT('',(1322.923044738,-1358.8,2.4));
#10440=DIRECTION('',(0.497468338,-0.497468338,-0.710669055));
#10441=VECTOR('',#10440,1.407124728);
#10442=LINE('',#10439,#10441);
#10443=EDGE_CURVE('',#10430,#10438,#10442,.T.);
#10444=ORIENTED_EDGE('',*,*,#10443,.T.);
#10445=CARTESIAN_POINT('',(1323.623044738,-1359.5,1.4));
#10446=DIRECTION('',(0.707106781,-0.707106781,0.));
#10447=VECTOR('',#10446,6.897056275);
#10448=LINE('',#10445,#10447);
#10449=EDGE_CURVE('',#10438,#10304,#10448,.T.);
#10450=ORIENTED_EDGE('',*,*,#10449,.T.);
#10451=ORIENTED_EDGE('',*,*,#10363,.T.);
#10452=ORIENTED_EDGE('',*,*,#10395,.F.);
#10453=EDGE_LOOP('',(#10412,#10420,#10428,#10436,#10444,#10450,#10451,#10452));
#10454=FACE_BOUND('',#10453,.T.);
#10455=ADVANCED_FACE('',(#10454),#10404,.T.);
#10456=CARTESIAN_POINT('',(1316.,-1384.5,2.4));
#10457=DIRECTION('',(0.,1.,0.));
#10458=DIRECTION('',(-1.,0.,0.));
#10459=AXIS2_PLACEMENT_3D('',#10456,#10457,#10458);
#10460=PLANE('',#10459);
#10461=CARTESIAN_POINT('',(1323.623044738,-1384.5,1.4));
#10462=VERTEX_POINT('',#10461);
#10463=CARTESIAN_POINT('',(1325.0372583,-1384.5,0.4));
#10464=VERTEX_POINT('',#10463);
#10465=CARTESIAN_POINT('',(1323.623044738,-1384.5,1.4));
#10466=DIRECTION('',(0.816496581,0.,-0.577350269));
#10467=VECTOR('',#10466,1.732050807);
#10468=LINE('',#10465,#10467);
#10469=EDGE_CURVE('',#10462,#10464,#10468,.T.);
#10470=ORIENTED_EDGE('',*,*,#10469,.T.);
#10471=CARTESIAN_POINT('',(1306.9627417,-1384.5,0.4));
#10472=VERTEX_POINT('',#10471);
#10473=CARTESIAN_POINT('',(1325.0372583,-1384.5,0.4));
#10474=DIRECTION('',(-1.,0.,0.));
#10475=VECTOR('',#10474,18.0745166);
#10476=LINE('',#10473,#10475);
#10477=EDGE_CURVE('',#10464,#10472,#10476,.T.);
#10478=ORIENTED_EDGE('',*,*,#10477,.T.);
#10479=CARTESIAN_POINT('',(1308.376955262,-1384.5,1.4));
#10480=VERTEX_POINT('',#10479);
#10481=CARTESIAN_POINT('',(1306.9627417,-1384.5,0.4));
#10482=DIRECTION('',(0.816496581,0.,0.577350269));
#10483=VECTOR('',#10482,1.732050807);
#10484=LINE('',#10481,#10483);
#10485=EDGE_CURVE('',#10472,#10480,#10484,.T.);
#10486=ORIENTED_EDGE('',*,*,#10485,.T.);
#10487=CARTESIAN_POINT('',(1308.376955262,-1384.5,1.4));
#10488=DIRECTION('',(1.,-0.,-0.));
#10489=VECTOR('',#10488,15.246089476);
#10490=LINE('',#10487,#10489);
#10491=EDGE_CURVE('',#10480,#10462,#10490,.T.);
#10492=ORIENTED_EDGE('',*,*,#10491,.T.);
#10493=EDGE_LOOP('',(#10470,#10478,#10486,#10492));
#10494=FACE_BOUND('',#10493,.T.);
#10495=ADVANCED_FACE('',(#10494),#10460,.T.);
#10496=CARTESIAN_POINT('',(1316.,-1384.5,1.4));
#10497=DIRECTION('',(0.,-0.819231921,-0.573462344));
#10498=DIRECTION('',(1.,0.,0.));
#10499=AXIS2_PLACEMENT_3D('',#10496,#10497,#10498);
#10500=PLANE('',#10499);
#10501=CARTESIAN_POINT('',(1309.076955262,-1385.2,2.4));
#10502=VERTEX_POINT('',#10501);
#10503=CARTESIAN_POINT('',(1309.076955262,-1385.2,2.4));
#10504=DIRECTION('',(-0.497468338,0.497468338,-0.710669055));
#10505=VECTOR('',#10504,1.407124728);
#10506=LINE('',#10503,#10505);
#10507=EDGE_CURVE('',#10502,#10480,#10506,.T.);
#10508=ORIENTED_EDGE('',*,*,#10507,.F.);
#10509=CARTESIAN_POINT('',(1322.923044738,-1385.2,2.4));
#10510=VERTEX_POINT('',#10509);
#10511=CARTESIAN_POINT('',(1309.076955262,-1385.199999999,2.4));
#10512=DIRECTION('',(1.,0.,-0.));
#10513=VECTOR('',#10512,13.846089476);
#10514=LINE('',#10511,#10513);
#10515=EDGE_CURVE('',#10502,#10510,#10514,.T.);
#10516=ORIENTED_EDGE('',*,*,#10515,.T.);
#10517=CARTESIAN_POINT('',(1323.623044738,-1384.5,1.4));
#10518=DIRECTION('',(-0.497468338,-0.497468338,0.710669055));
#10519=VECTOR('',#10518,1.407124728);
#10520=LINE('',#10517,#10519);
#10521=EDGE_CURVE('',#10462,#10510,#10520,.T.);
#10522=ORIENTED_EDGE('',*,*,#10521,.F.);
#10523=ORIENTED_EDGE('',*,*,#10491,.F.);
#10524=EDGE_LOOP('',(#10508,#10516,#10522,#10523));
#10525=FACE_BOUND('',#10524,.T.);
#10526=ADVANCED_FACE('',(#10525),#10500,.F.);
#10527=CARTESIAN_POINT('',(1316.,-1385.2,6.8));
#10528=DIRECTION('',(0.,1.,0.));
#10529=DIRECTION('',(-1.,0.,0.));
#10530=AXIS2_PLACEMENT_3D('',#10527,#10528,#10529);
#10531=PLANE('',#10530);
#10532=ORIENTED_EDGE('',*,*,#10515,.F.);
#10533=CARTESIAN_POINT('',(1309.076955262,-1385.2,4.4));
#10534=VERTEX_POINT('',#10533);
#10535=CARTESIAN_POINT('',(1309.076955262,-1385.2,4.4));
#10536=DIRECTION('',(-0.,-0.,-1.));
#10537=VECTOR('',#10536,2.);
#10538=LINE('',#10535,#10537);
#10539=EDGE_CURVE('',#10534,#10502,#10538,.T.);
#10540=ORIENTED_EDGE('',*,*,#10539,.F.);
#10541=CARTESIAN_POINT('',(1322.923044738,-1385.2,4.4));
#10542=VERTEX_POINT('',#10541);
#10543=CARTESIAN_POINT('',(1309.076955262,-1385.2,4.4));
#10544=DIRECTION('',(1.,-0.,-0.));
#10545=VECTOR('',#10544,13.846089476);
#10546=LINE('',#10543,#10545);
#10547=EDGE_CURVE('',#10534,#10542,#10546,.T.);
#10548=ORIENTED_EDGE('',*,*,#10547,.T.);
#10549=CARTESIAN_POINT('',(1322.923044738,-1385.2,4.4));
#10550=DIRECTION('',(-0.,-0.,-1.));
#10551=VECTOR('',#10550,2.);
#10552=LINE('',#10549,#10551);
#10553=EDGE_CURVE('',#10542,#10510,#10552,.T.);
#10554=ORIENTED_EDGE('',*,*,#10553,.T.);
#10555=EDGE_LOOP('',(#10532,#10540,#10548,#10554));
#10556=FACE_BOUND('',#10555,.T.);
#10557=ADVANCED_FACE('',(#10556),#10531,.T.);
#10558=CARTESIAN_POINT('',(1323.273044738,-1384.85,6.8));
#10559=DIRECTION('',(-0.707106781,0.707106781,0.));
#10560=DIRECTION('',(-0.707106781,-0.707106781,0.));
#10561=AXIS2_PLACEMENT_3D('',#10558,#10559,#10560);
#10562=PLANE('',#10561);
#10563=CARTESIAN_POINT('',(1323.623044738,-1384.5,5.4));
#10564=VERTEX_POINT('',#10563);
#10565=CARTESIAN_POINT('',(1322.923044738,-1385.2,4.4));
#10566=DIRECTION('',(0.497468338,0.497468338,0.710669055));
#10567=VECTOR('',#10566,1.407124728);
#10568=LINE('',#10565,#10567);
#10569=EDGE_CURVE('',#10542,#10564,#10568,.T.);
#10570=ORIENTED_EDGE('',*,*,#10569,.T.);
#10571=CARTESIAN_POINT('',(1328.5,-1379.623044738,5.4));
#10572=VERTEX_POINT('',#10571);
#10573=CARTESIAN_POINT('',(1323.623044738,-1384.5,5.4));
#10574=DIRECTION('',(0.707106781,0.707106781,-0.));
#10575=VECTOR('',#10574,6.897056275);
#10576=LINE('',#10573,#10575);
#10577=EDGE_CURVE('',#10564,#10572,#10576,.T.);
#10578=ORIENTED_EDGE('',*,*,#10577,.T.);
#10579=CARTESIAN_POINT('',(1328.5,-1379.623044738,5.4));
#10580=DIRECTION('',(0.497468338,0.497468338,-0.710669055));
#10581=VECTOR('',#10580,1.407124728);
#10582=LINE('',#10579,#10581);
#10583=EDGE_CURVE('',#10572,#10376,#10582,.T.);
#10584=ORIENTED_EDGE('',*,*,#10583,.T.);
#10585=ORIENTED_EDGE('',*,*,#10381,.T.);
#10586=ORIENTED_EDGE('',*,*,#10349,.T.);
#10587=CARTESIAN_POINT('',(1328.5,-1379.623044738,1.4));
#10588=DIRECTION('',(-0.707106781,-0.707106781,0.));
#10589=VECTOR('',#10588,6.897056275);
#10590=LINE('',#10587,#10589);
#10591=EDGE_CURVE('',#10322,#10462,#10590,.T.);
#10592=ORIENTED_EDGE('',*,*,#10591,.T.);
#10593=ORIENTED_EDGE('',*,*,#10521,.T.);
#10594=ORIENTED_EDGE('',*,*,#10553,.F.);
#10595=EDGE_LOOP('',(#10570,#10578,#10584,#10585,#10586,#10592,#10593,#10594));
#10596=FACE_BOUND('',#10595,.T.);
#10597=ADVANCED_FACE('',(#10596),#10562,.T.);
#10598=CARTESIAN_POINT('',(1303.5,-1372.,2.4));
#10599=DIRECTION('',(1.,0.,0.));
#10600=DIRECTION('',(0.,1.,0.));
#10601=AXIS2_PLACEMENT_3D('',#10598,#10599,#10600);
#10602=PLANE('',#10601);
#10603=CARTESIAN_POINT('',(1303.5,-1379.623044738,1.4));
#10604=VERTEX_POINT('',#10603);
#10605=CARTESIAN_POINT('',(1303.5,-1381.0372583,0.4));
#10606=VERTEX_POINT('',#10605);
#10607=CARTESIAN_POINT('',(1303.5,-1379.623044738,1.4));
#10608=DIRECTION('',(0.,-0.816496581,-0.577350269));
#10609=VECTOR('',#10608,1.732050807);
#10610=LINE('',#10607,#10609);
#10611=EDGE_CURVE('',#10604,#10606,#10610,.T.);
#10612=ORIENTED_EDGE('',*,*,#10611,.T.);
#10613=CARTESIAN_POINT('',(1303.5,-1362.9627417,0.4));
#10614=VERTEX_POINT('',#10613);
#10615=CARTESIAN_POINT('',(1303.5,-1381.0372583,0.4));
#10616=DIRECTION('',(0.,1.,0.));
#10617=VECTOR('',#10616,18.0745166);
#10618=LINE('',#10615,#10617);
#10619=EDGE_CURVE('',#10606,#10614,#10618,.T.);
#10620=ORIENTED_EDGE('',*,*,#10619,.T.);
#10621=CARTESIAN_POINT('',(1303.5,-1364.376955262,1.4));
#10622=VERTEX_POINT('',#10621);
#10623=CARTESIAN_POINT('',(1303.5,-1362.9627417,0.4));
#10624=DIRECTION('',(0.,-0.816496581,0.577350269));
#10625=VECTOR('',#10624,1.732050807);
#10626=LINE('',#10623,#10625);
#10627=EDGE_CURVE('',#10614,#10622,#10626,.T.);
#10628=ORIENTED_EDGE('',*,*,#10627,.T.);
#10629=CARTESIAN_POINT('',(1303.5,-1364.376955262,1.4));
#10630=DIRECTION('',(-0.,-1.,-0.));
#10631=VECTOR('',#10630,15.246089476);
#10632=LINE('',#10629,#10631);
#10633=EDGE_CURVE('',#10622,#10604,#10632,.T.);
#10634=ORIENTED_EDGE('',*,*,#10633,.T.);
#10635=EDGE_LOOP('',(#10612,#10620,#10628,#10634));
#10636=FACE_BOUND('',#10635,.T.);
#10637=ADVANCED_FACE('',(#10636),#10602,.T.);
#10638=CARTESIAN_POINT('',(1303.5,-1372.,1.4));
#10639=DIRECTION('',(-0.819231921,0.,-0.573462344));
#10640=DIRECTION('',(0.,-1.,0.));
#10641=AXIS2_PLACEMENT_3D('',#10638,#10639,#10640);
#10642=PLANE('',#10641);
#10643=CARTESIAN_POINT('',(1302.8,-1365.076955262,2.4));
#10644=VERTEX_POINT('',#10643);
#10645=CARTESIAN_POINT('',(1302.8,-1365.076955262,2.4));
#10646=DIRECTION('',(0.497468338,0.497468338,-0.710669055));
#10647=VECTOR('',#10646,1.407124728);
#10648=LINE('',#10645,#10647);
#10649=EDGE_CURVE('',#10644,#10622,#10648,.T.);
#10650=ORIENTED_EDGE('',*,*,#10649,.F.);
#10651=CARTESIAN_POINT('',(1302.8,-1378.923044738,2.4));
#10652=VERTEX_POINT('',#10651);
#10653=CARTESIAN_POINT('',(1302.800000001,-1365.076955262,2.4));
#10654=DIRECTION('',(0.,-1.,0.));
#10655=VECTOR('',#10654,13.846089476);
#10656=LINE('',#10653,#10655);
#10657=EDGE_CURVE('',#10644,#10652,#10656,.T.);
#10658=ORIENTED_EDGE('',*,*,#10657,.T.);
#10659=CARTESIAN_POINT('',(1303.5,-1379.623044738,1.4));
#10660=DIRECTION('',(-0.497468338,0.497468338,0.710669055));
#10661=VECTOR('',#10660,1.407124728);
#10662=LINE('',#10659,#10661);
#10663=EDGE_CURVE('',#10604,#10652,#10662,.T.);
#10664=ORIENTED_EDGE('',*,*,#10663,.F.);
#10665=ORIENTED_EDGE('',*,*,#10633,.F.);
#10666=EDGE_LOOP('',(#10650,#10658,#10664,#10665));
#10667=FACE_BOUND('',#10666,.T.);
#10668=ADVANCED_FACE('',(#10667),#10642,.F.);
#10669=CARTESIAN_POINT('',(1302.8,-1372.,6.8));
#10670=DIRECTION('',(1.,0.,0.));
#10671=DIRECTION('',(0.,1.,0.));
#10672=AXIS2_PLACEMENT_3D('',#10669,#10670,#10671);
#10673=PLANE('',#10672);
#10674=ORIENTED_EDGE('',*,*,#10657,.F.);
#10675=CARTESIAN_POINT('',(1302.8,-1365.076955262,4.4));
#10676=VERTEX_POINT('',#10675);
#10677=CARTESIAN_POINT('',(1302.8,-1365.076955262,4.4));
#10678=DIRECTION('',(-0.,-0.,-1.));
#10679=VECTOR('',#10678,2.);
#10680=LINE('',#10677,#10679);
#10681=EDGE_CURVE('',#10676,#10644,#10680,.T.);
#10682=ORIENTED_EDGE('',*,*,#10681,.F.);
#10683=CARTESIAN_POINT('',(1302.8,-1378.923044738,4.4));
#10684=VERTEX_POINT('',#10683);
#10685=CARTESIAN_POINT('',(1302.8,-1365.076955262,4.4));
#10686=DIRECTION('',(-0.,-1.,-0.));
#10687=VECTOR('',#10686,13.846089476);
#10688=LINE('',#10685,#10687);
#10689=EDGE_CURVE('',#10676,#10684,#10688,.T.);
#10690=ORIENTED_EDGE('',*,*,#10689,.T.);
#10691=CARTESIAN_POINT('',(1302.8,-1378.923044738,4.4));
#10692=DIRECTION('',(-0.,-0.,-1.));
#10693=VECTOR('',#10692,2.);
#10694=LINE('',#10691,#10693);
#10695=EDGE_CURVE('',#10684,#10652,#10694,.T.);
#10696=ORIENTED_EDGE('',*,*,#10695,.T.);
#10697=EDGE_LOOP('',(#10674,#10682,#10690,#10696));
#10698=FACE_BOUND('',#10697,.T.);
#10699=ADVANCED_FACE('',(#10698),#10673,.T.);
#10700=CARTESIAN_POINT('',(1303.15,-1379.273044738,6.8));
#10701=DIRECTION('',(0.707106781,0.707106781,0.));
#10702=DIRECTION('',(-0.707106781,0.707106781,0.));
#10703=AXIS2_PLACEMENT_3D('',#10700,#10701,#10702);
#10704=PLANE('',#10703);
#10705=ORIENTED_EDGE('',*,*,#10507,.T.);
#10706=CARTESIAN_POINT('',(1308.376955262,-1384.5,1.4));
#10707=DIRECTION('',(-0.707106781,0.707106781,0.));
#10708=VECTOR('',#10707,6.897056275);
#10709=LINE('',#10706,#10708);
#10710=EDGE_CURVE('',#10480,#10604,#10709,.T.);
#10711=ORIENTED_EDGE('',*,*,#10710,.T.);
#10712=ORIENTED_EDGE('',*,*,#10663,.T.);
#10713=ORIENTED_EDGE('',*,*,#10695,.F.);
#10714=CARTESIAN_POINT('',(1303.5,-1379.623044738,5.4));
#10715=VERTEX_POINT('',#10714);
#10716=CARTESIAN_POINT('',(1302.8,-1378.923044738,4.4));
#10717=DIRECTION('',(0.497468338,-0.497468338,0.710669055));
#10718=VECTOR('',#10717,1.407124728);
#10719=LINE('',#10716,#10718);
#10720=EDGE_CURVE('',#10684,#10715,#10719,.T.);
#10721=ORIENTED_EDGE('',*,*,#10720,.T.);
#10722=CARTESIAN_POINT('',(1308.376955262,-1384.5,5.4));
#10723=VERTEX_POINT('',#10722);
#10724=CARTESIAN_POINT('',(1303.5,-1379.623044738,5.4));
#10725=DIRECTION('',(0.707106781,-0.707106781,-0.));
#10726=VECTOR('',#10725,6.897056275);
#10727=LINE('',#10724,#10726);
#10728=EDGE_CURVE('',#10715,#10723,#10727,.T.);
#10729=ORIENTED_EDGE('',*,*,#10728,.T.);
#10730=CARTESIAN_POINT('',(1308.376955262,-1384.5,5.4));
#10731=DIRECTION('',(0.497468338,-0.497468338,-0.710669055));
#10732=VECTOR('',#10731,1.407124728);
#10733=LINE('',#10730,#10732);
#10734=EDGE_CURVE('',#10723,#10534,#10733,.T.);
#10735=ORIENTED_EDGE('',*,*,#10734,.T.);
#10736=ORIENTED_EDGE('',*,*,#10539,.T.);
#10737=EDGE_LOOP('',(#10705,#10711,#10712,#10713,#10721,#10729,#10735,#10736));
#10738=FACE_BOUND('',#10737,.T.);
#10739=ADVANCED_FACE('',(#10738),#10704,.T.);
#10740=CARTESIAN_POINT('',(1316.,-1359.5,2.4));
#10741=DIRECTION('',(0.,-1.,0.));
#10742=DIRECTION('',(1.,0.,0.));
#10743=AXIS2_PLACEMENT_3D('',#10740,#10741,#10742);
#10744=PLANE('',#10743);
#10745=CARTESIAN_POINT('',(1308.376955262,-1359.5,1.4));
#10746=VERTEX_POINT('',#10745);
#10747=CARTESIAN_POINT('',(1306.9627417,-1359.5,0.4));
#10748=VERTEX_POINT('',#10747);
#10749=CARTESIAN_POINT('',(1308.376955262,-1359.5,1.4));
#10750=DIRECTION('',(-0.816496581,0.,-0.577350269));
#10751=VECTOR('',#10750,1.732050807);
#10752=LINE('',#10749,#10751);
#10753=EDGE_CURVE('',#10746,#10748,#10752,.T.);
#10754=ORIENTED_EDGE('',*,*,#10753,.T.);
#10755=CARTESIAN_POINT('',(1325.0372583,-1359.5,0.4));
#10756=VERTEX_POINT('',#10755);
#10757=CARTESIAN_POINT('',(1306.9627417,-1359.5,0.4));
#10758=DIRECTION('',(1.,0.,-0.));
#10759=VECTOR('',#10758,18.0745166);
#10760=LINE('',#10757,#10759);
#10761=EDGE_CURVE('',#10748,#10756,#10760,.T.);
#10762=ORIENTED_EDGE('',*,*,#10761,.T.);
#10763=CARTESIAN_POINT('',(1325.0372583,-1359.5,0.4));
#10764=DIRECTION('',(-0.816496581,0.,0.577350269));
#10765=VECTOR('',#10764,1.732050807);
#10766=LINE('',#10763,#10765);
#10767=EDGE_CURVE('',#10756,#10438,#10766,.T.);
#10768=ORIENTED_EDGE('',*,*,#10767,.T.);
#10769=CARTESIAN_POINT('',(1323.623044738,-1359.5,1.4));
#10770=DIRECTION('',(-1.,-0.,0.));
#10771=VECTOR('',#10770,15.246089476);
#10772=LINE('',#10769,#10771);
#10773=EDGE_CURVE('',#10438,#10746,#10772,.T.);
#10774=ORIENTED_EDGE('',*,*,#10773,.T.);
#10775=EDGE_LOOP('',(#10754,#10762,#10768,#10774));
#10776=FACE_BOUND('',#10775,.T.);
#10777=ADVANCED_FACE('',(#10776),#10744,.T.);
#10778=CARTESIAN_POINT('',(1316.,-1359.5,1.4));
#10779=DIRECTION('',(0.,0.819231921,-0.573462344));
#10780=DIRECTION('',(-1.,0.,0.));
#10781=AXIS2_PLACEMENT_3D('',#10778,#10779,#10780);
#10782=PLANE('',#10781);
#10783=ORIENTED_EDGE('',*,*,#10443,.F.);
#10784=CARTESIAN_POINT('',(1309.076955262,-1358.8,2.4));
#10785=VERTEX_POINT('',#10784);
#10786=CARTESIAN_POINT('',(1322.923044738,-1358.800000001,2.4));
#10787=DIRECTION('',(-1.,0.,0.));
#10788=VECTOR('',#10787,13.846089476);
#10789=LINE('',#10786,#10788);
#10790=EDGE_CURVE('',#10430,#10785,#10789,.T.);
#10791=ORIENTED_EDGE('',*,*,#10790,.T.);
#10792=CARTESIAN_POINT('',(1308.376955262,-1359.5,1.4));
#10793=DIRECTION('',(0.497468338,0.497468338,0.710669055));
#10794=VECTOR('',#10793,1.407124728);
#10795=LINE('',#10792,#10794);
#10796=EDGE_CURVE('',#10746,#10785,#10795,.T.);
#10797=ORIENTED_EDGE('',*,*,#10796,.F.);
#10798=ORIENTED_EDGE('',*,*,#10773,.F.);
#10799=EDGE_LOOP('',(#10783,#10791,#10797,#10798));
#10800=FACE_BOUND('',#10799,.T.);
#10801=ADVANCED_FACE('',(#10800),#10782,.F.);
#10802=CARTESIAN_POINT('',(1316.,-1358.8,6.8));
#10803=DIRECTION('',(0.,-1.,0.));
#10804=DIRECTION('',(1.,0.,0.));
#10805=AXIS2_PLACEMENT_3D('',#10802,#10803,#10804);
#10806=PLANE('',#10805);
#10807=ORIENTED_EDGE('',*,*,#10790,.F.);
#10808=ORIENTED_EDGE('',*,*,#10435,.F.);
#10809=CARTESIAN_POINT('',(1309.076955262,-1358.8,4.4));
#10810=VERTEX_POINT('',#10809);
#10811=CARTESIAN_POINT('',(1322.923044738,-1358.8,4.4));
#10812=DIRECTION('',(-1.,-0.,0.));
#10813=VECTOR('',#10812,13.846089476);
#10814=LINE('',#10811,#10813);
#10815=EDGE_CURVE('',#10422,#10810,#10814,.T.);
#10816=ORIENTED_EDGE('',*,*,#10815,.T.);
#10817=CARTESIAN_POINT('',(1309.076955262,-1358.8,4.4));
#10818=DIRECTION('',(-0.,-0.,-1.));
#10819=VECTOR('',#10818,2.);
#10820=LINE('',#10817,#10819);
#10821=EDGE_CURVE('',#10810,#10785,#10820,.T.);
#10822=ORIENTED_EDGE('',*,*,#10821,.T.);
#10823=EDGE_LOOP('',(#10807,#10808,#10816,#10822));
#10824=FACE_BOUND('',#10823,.T.);
#10825=ADVANCED_FACE('',(#10824),#10806,.T.);
#10826=CARTESIAN_POINT('',(1308.726955262,-1359.15,6.8));
#10827=DIRECTION('',(0.707106781,-0.707106781,0.));
#10828=DIRECTION('',(0.707106781,0.707106781,0.));
#10829=AXIS2_PLACEMENT_3D('',#10826,#10827,#10828);
#10830=PLANE('',#10829);
#10831=ORIENTED_EDGE('',*,*,#10649,.T.);
#10832=CARTESIAN_POINT('',(1303.5,-1364.376955262,1.4));
#10833=DIRECTION('',(0.707106781,0.707106781,0.));
#10834=VECTOR('',#10833,6.897056275);
#10835=LINE('',#10832,#10834);
#10836=EDGE_CURVE('',#10622,#10746,#10835,.T.);
#10837=ORIENTED_EDGE('',*,*,#10836,.T.);
#10838=ORIENTED_EDGE('',*,*,#10796,.T.);
#10839=ORIENTED_EDGE('',*,*,#10821,.F.);
#10840=CARTESIAN_POINT('',(1308.376955262,-1359.5,5.4));
#10841=VERTEX_POINT('',#10840);
#10842=CARTESIAN_POINT('',(1309.076955262,-1358.8,4.4));
#10843=DIRECTION('',(-0.497468338,-0.497468338,0.710669055));
#10844=VECTOR('',#10843,1.407124728);
#10845=LINE('',#10842,#10844);
#10846=EDGE_CURVE('',#10810,#10841,#10845,.T.);
#10847=ORIENTED_EDGE('',*,*,#10846,.T.);
#10848=CARTESIAN_POINT('',(1303.5,-1364.376955262,5.4));
#10849=VERTEX_POINT('',#10848);
#10850=CARTESIAN_POINT('',(1308.376955262,-1359.5,5.4));
#10851=DIRECTION('',(-0.707106781,-0.707106781,-0.));
#10852=VECTOR('',#10851,6.897056275);
#10853=LINE('',#10850,#10852);
#10854=EDGE_CURVE('',#10841,#10849,#10853,.T.);
#10855=ORIENTED_EDGE('',*,*,#10854,.T.);
#10856=CARTESIAN_POINT('',(1303.5,-1364.376955262,5.4));
#10857=DIRECTION('',(-0.497468338,-0.497468338,-0.710669055));
#10858=VECTOR('',#10857,1.407124728);
#10859=LINE('',#10856,#10858);
#10860=EDGE_CURVE('',#10849,#10676,#10859,.T.);
#10861=ORIENTED_EDGE('',*,*,#10860,.T.);
#10862=ORIENTED_EDGE('',*,*,#10681,.T.);
#10863=EDGE_LOOP('',(#10831,#10837,#10838,#10839,#10847,#10855,#10861,#10862));
#10864=FACE_BOUND('',#10863,.T.);
#10865=ADVANCED_FACE('',(#10864),#10830,.T.);
#10866=CARTESIAN_POINT('',(1328.5,-1372.,4.4));
#10867=DIRECTION('',(-1.,0.,0.));
#10868=DIRECTION('',(0.,-1.,0.));
#10869=AXIS2_PLACEMENT_3D('',#10866,#10867,#10868);
#10870=PLANE('',#10869);
#10871=CARTESIAN_POINT('',(1328.5,-1381.0372583,6.4));
#10872=VERTEX_POINT('',#10871);
#10873=CARTESIAN_POINT('',(1328.5,-1379.623044738,5.4));
#10874=DIRECTION('',(0.,-0.816496581,0.577350269));
#10875=VECTOR('',#10874,1.732050807);
#10876=LINE('',#10873,#10875);
#10877=EDGE_CURVE('',#10572,#10872,#10876,.T.);
#10878=ORIENTED_EDGE('',*,*,#10877,.T.);
#10879=CARTESIAN_POINT('',(1328.5,-1362.9627417,6.4));
#10880=VERTEX_POINT('',#10879);
#10881=CARTESIAN_POINT('',(1328.5,-1381.0372583,6.4));
#10882=DIRECTION('',(-0.,1.,-0.));
#10883=VECTOR('',#10882,18.0745166);
#10884=LINE('',#10881,#10883);
#10885=EDGE_CURVE('',#10872,#10880,#10884,.T.);
#10886=ORIENTED_EDGE('',*,*,#10885,.T.);
#10887=CARTESIAN_POINT('',(1328.5,-1362.9627417,6.4));
#10888=DIRECTION('',(0.,-0.816496581,-0.577350269));
#10889=VECTOR('',#10888,1.732050807);
#10890=LINE('',#10887,#10889);
#10891=EDGE_CURVE('',#10880,#10406,#10890,.T.);
#10892=ORIENTED_EDGE('',*,*,#10891,.T.);
#10893=CARTESIAN_POINT('',(1328.5,-1364.376955262,5.4));
#10894=DIRECTION('',(0.,-1.,0.));
#10895=VECTOR('',#10894,15.246089476);
#10896=LINE('',#10893,#10895);
#10897=EDGE_CURVE('',#10406,#10572,#10896,.T.);
#10898=ORIENTED_EDGE('',*,*,#10897,.T.);
#10899=EDGE_LOOP('',(#10878,#10886,#10892,#10898));
#10900=FACE_BOUND('',#10899,.T.);
#10901=ADVANCED_FACE('',(#10900),#10870,.T.);
#10902=CARTESIAN_POINT('',(1328.5,-1372.,5.4));
#10903=DIRECTION('',(-0.819231921,0.,-0.573462344));
#10904=DIRECTION('',(0.,1.,0.));
#10905=AXIS2_PLACEMENT_3D('',#10902,#10903,#10904);
#10906=PLANE('',#10905);
#10907=ORIENTED_EDGE('',*,*,#10411,.F.);
#10908=ORIENTED_EDGE('',*,*,#10389,.F.);
#10909=ORIENTED_EDGE('',*,*,#10583,.F.);
#10910=ORIENTED_EDGE('',*,*,#10897,.F.);
#10911=EDGE_LOOP('',(#10907,#10908,#10909,#10910));
#10912=FACE_BOUND('',#10911,.T.);
#10913=ADVANCED_FACE('',(#10912),#10906,.T.);
#10914=CARTESIAN_POINT('',(1316.,-1384.5,4.4));
#10915=DIRECTION('',(0.,1.,0.));
#10916=DIRECTION('',(-1.,0.,0.));
#10917=AXIS2_PLACEMENT_3D('',#10914,#10915,#10916);
#10918=PLANE('',#10917);
#10919=CARTESIAN_POINT('',(1306.9627417,-1384.5,6.4));
#10920=VERTEX_POINT('',#10919);
#10921=CARTESIAN_POINT('',(1308.376955262,-1384.5,5.4));
#10922=DIRECTION('',(-0.816496581,0.,0.577350269));
#10923=VECTOR('',#10922,1.732050807);
#10924=LINE('',#10921,#10923);
#10925=EDGE_CURVE('',#10723,#10920,#10924,.T.);
#10926=ORIENTED_EDGE('',*,*,#10925,.T.);
#10927=CARTESIAN_POINT('',(1325.0372583,-1384.5,6.4));
#10928=VERTEX_POINT('',#10927);
#10929=CARTESIAN_POINT('',(1306.9627417,-1384.5,6.4));
#10930=DIRECTION('',(1.,-0.,-0.));
#10931=VECTOR('',#10930,18.0745166);
#10932=LINE('',#10929,#10931);
#10933=EDGE_CURVE('',#10920,#10928,#10932,.T.);
#10934=ORIENTED_EDGE('',*,*,#10933,.T.);
#10935=CARTESIAN_POINT('',(1325.0372583,-1384.5,6.4));
#10936=DIRECTION('',(-0.816496581,0.,-0.577350269));
#10937=VECTOR('',#10936,1.732050807);
#10938=LINE('',#10935,#10937);
#10939=EDGE_CURVE('',#10928,#10564,#10938,.T.);
#10940=ORIENTED_EDGE('',*,*,#10939,.T.);
#10941=CARTESIAN_POINT('',(1323.623044738,-1384.5,5.4));
#10942=DIRECTION('',(-1.,0.,0.));
#10943=VECTOR('',#10942,15.246089476);
#10944=LINE('',#10941,#10943);
#10945=EDGE_CURVE('',#10564,#10723,#10944,.T.);
#10946=ORIENTED_EDGE('',*,*,#10945,.T.);
#10947=EDGE_LOOP('',(#10926,#10934,#10940,#10946));
#10948=FACE_BOUND('',#10947,.T.);
#10949=ADVANCED_FACE('',(#10948),#10918,.T.);
#10950=CARTESIAN_POINT('',(1316.,-1384.5,5.4));
#10951=DIRECTION('',(0.,0.819231921,-0.573462344));
#10952=DIRECTION('',(1.,0.,0.));
#10953=AXIS2_PLACEMENT_3D('',#10950,#10951,#10952);
#10954=PLANE('',#10953);
#10955=ORIENTED_EDGE('',*,*,#10569,.F.);
#10956=ORIENTED_EDGE('',*,*,#10547,.F.);
#10957=ORIENTED_EDGE('',*,*,#10734,.F.);
#10958=ORIENTED_EDGE('',*,*,#10945,.F.);
#10959=EDGE_LOOP('',(#10955,#10956,#10957,#10958));
#10960=FACE_BOUND('',#10959,.T.);
#10961=ADVANCED_FACE('',(#10960),#10954,.T.);
#10962=CARTESIAN_POINT('',(1303.5,-1372.,4.4));
#10963=DIRECTION('',(1.,0.,0.));
#10964=DIRECTION('',(0.,1.,0.));
#10965=AXIS2_PLACEMENT_3D('',#10962,#10963,#10964);
#10966=PLANE('',#10965);
#10967=CARTESIAN_POINT('',(1303.5,-1362.9627417,6.4));
#10968=VERTEX_POINT('',#10967);
#10969=CARTESIAN_POINT('',(1303.5,-1364.376955262,5.4));
#10970=DIRECTION('',(0.,0.816496581,0.577350269));
#10971=VECTOR('',#10970,1.732050807);
#10972=LINE('',#10969,#10971);
#10973=EDGE_CURVE('',#10849,#10968,#10972,.T.);
#10974=ORIENTED_EDGE('',*,*,#10973,.T.);
#10975=CARTESIAN_POINT('',(1303.5,-1381.0372583,6.4));
#10976=VERTEX_POINT('',#10975);
#10977=CARTESIAN_POINT('',(1303.5,-1362.9627417,6.4));
#10978=DIRECTION('',(-0.,-1.,-0.));
#10979=VECTOR('',#10978,18.0745166);
#10980=LINE('',#10977,#10979);
#10981=EDGE_CURVE('',#10968,#10976,#10980,.T.);
#10982=ORIENTED_EDGE('',*,*,#10981,.T.);
#10983=CARTESIAN_POINT('',(1303.5,-1381.0372583,6.4));
#10984=DIRECTION('',(0.,0.816496581,-0.577350269));
#10985=VECTOR('',#10984,1.732050807);
#10986=LINE('',#10983,#10985);
#10987=EDGE_CURVE('',#10976,#10715,#10986,.T.);
#10988=ORIENTED_EDGE('',*,*,#10987,.T.);
#10989=CARTESIAN_POINT('',(1303.5,-1379.623044738,5.4));
#10990=DIRECTION('',(0.,1.,0.));
#10991=VECTOR('',#10990,15.246089476);
#10992=LINE('',#10989,#10991);
#10993=EDGE_CURVE('',#10715,#10849,#10992,.T.);
#10994=ORIENTED_EDGE('',*,*,#10993,.T.);
#10995=EDGE_LOOP('',(#10974,#10982,#10988,#10994));
#10996=FACE_BOUND('',#10995,.T.);
#10997=ADVANCED_FACE('',(#10996),#10966,.T.);
#10998=CARTESIAN_POINT('',(1303.5,-1372.,5.4));
#10999=DIRECTION('',(0.819231921,0.,-0.573462344));
#11000=DIRECTION('',(0.,-1.,0.));
#11001=AXIS2_PLACEMENT_3D('',#10998,#10999,#11000);
#11002=PLANE('',#11001);
#11003=ORIENTED_EDGE('',*,*,#10720,.F.);
#11004=ORIENTED_EDGE('',*,*,#10689,.F.);
#11005=ORIENTED_EDGE('',*,*,#10860,.F.);
#11006=ORIENTED_EDGE('',*,*,#10993,.F.);
#11007=EDGE_LOOP('',(#11003,#11004,#11005,#11006));
#11008=FACE_BOUND('',#11007,.T.);
#11009=ADVANCED_FACE('',(#11008),#11002,.T.);
#11010=CARTESIAN_POINT('',(1316.,-1359.5,4.4));
#11011=DIRECTION('',(0.,-1.,0.));
#11012=DIRECTION('',(1.,0.,0.));
#11013=AXIS2_PLACEMENT_3D('',#11010,#11011,#11012);
#11014=PLANE('',#11013);
#11015=CARTESIAN_POINT('',(1325.0372583,-1359.5,6.4));
#11016=VERTEX_POINT('',#11015);
#11017=CARTESIAN_POINT('',(1323.623044738,-1359.5,5.4));
#11018=DIRECTION('',(0.816496581,0.,0.577350269));
#11019=VECTOR('',#11018,1.732050807);
#11020=LINE('',#11017,#11019);
#11021=EDGE_CURVE('',#10414,#11016,#11020,.T.);
#11022=ORIENTED_EDGE('',*,*,#11021,.T.);
#11023=CARTESIAN_POINT('',(1306.9627417,-1359.5,6.4));
#11024=VERTEX_POINT('',#11023);
#11025=CARTESIAN_POINT('',(1325.0372583,-1359.5,6.4));
#11026=DIRECTION('',(-1.,-0.,0.));
#11027=VECTOR('',#11026,18.0745166);
#11028=LINE('',#11025,#11027);
#11029=EDGE_CURVE('',#11016,#11024,#11028,.T.);
#11030=ORIENTED_EDGE('',*,*,#11029,.T.);
#11031=CARTESIAN_POINT('',(1306.9627417,-1359.5,6.4));
#11032=DIRECTION('',(0.816496581,0.,-0.577350269));
#11033=VECTOR('',#11032,1.732050807);
#11034=LINE('',#11031,#11033);
#11035=EDGE_CURVE('',#11024,#10841,#11034,.T.);
#11036=ORIENTED_EDGE('',*,*,#11035,.T.);
#11037=CARTESIAN_POINT('',(1308.376955262,-1359.5,5.4));
#11038=DIRECTION('',(1.,0.,-0.));
#11039=VECTOR('',#11038,15.246089476);
#11040=LINE('',#11037,#11039);
#11041=EDGE_CURVE('',#10841,#10414,#11040,.T.);
#11042=ORIENTED_EDGE('',*,*,#11041,.T.);
#11043=EDGE_LOOP('',(#11022,#11030,#11036,#11042));
#11044=FACE_BOUND('',#11043,.T.);
#11045=ADVANCED_FACE('',(#11044),#11014,.T.);
#11046=CARTESIAN_POINT('',(1316.,-1359.5,5.4));
#11047=DIRECTION('',(0.,-0.819231921,-0.573462344));
#11048=DIRECTION('',(-1.,0.,0.));
#11049=AXIS2_PLACEMENT_3D('',#11046,#11047,#11048);
#11050=PLANE('',#11049);
#11051=ORIENTED_EDGE('',*,*,#10846,.F.);
#11052=ORIENTED_EDGE('',*,*,#10815,.F.);
#11053=ORIENTED_EDGE('',*,*,#10427,.F.);
#11054=ORIENTED_EDGE('',*,*,#11041,.F.);
#11055=EDGE_LOOP('',(#11051,#11052,#11053,#11054));
#11056=FACE_BOUND('',#11055,.T.);
#11057=ADVANCED_FACE('',(#11056),#11050,.T.);
#11058=CARTESIAN_POINT('',(1304.948528137,-1360.948528137,0.));
#11059=DIRECTION('',(0.5,-0.5,-0.707106781));
#11060=DIRECTION('',(0.707106781,0.707106781,0.));
#11061=AXIS2_PLACEMENT_3D('',#11058,#11059,#11060);
#11062=PLANE('',#11061);
#11063=ORIENTED_EDGE('',*,*,#10753,.F.);
#11064=ORIENTED_EDGE('',*,*,#10836,.F.);
#11065=ORIENTED_EDGE('',*,*,#10627,.F.);
#11066=CARTESIAN_POINT('',(1303.5,-1362.9627417,0.4));
#11067=DIRECTION('',(-0.678598344,0.281084638,-0.678598345));
#11068=VECTOR('',#11067,0.589450303);
#11069=LINE('',#11066,#11068);
#11070=EDGE_CURVE('',#10614,#545,#11069,.T.);
#11071=ORIENTED_EDGE('',*,*,#11070,.T.);
#11072=ORIENTED_EDGE('',*,*,#550,.F.);
#11073=CARTESIAN_POINT('',(1306.797056275,-1359.1,0.));
#11074=DIRECTION('',(0.281084638,-0.678598344,0.678598345));
#11075=VECTOR('',#11074,0.589450303);
#11076=LINE('',#11073,#11075);
#11077=EDGE_CURVE('',#537,#10748,#11076,.T.);
#11078=ORIENTED_EDGE('',*,*,#11077,.T.);
#11079=EDGE_LOOP('',(#11063,#11064,#11065,#11071,#11072,#11078));
#11080=FACE_BOUND('',#11079,.T.);
#11081=ADVANCED_FACE('',(#11080),#11062,.T.);
#11082=CARTESIAN_POINT('',(1308.726955262,-1359.15,5.4));
#11083=DIRECTION('',(-0.5,0.5,-0.707106781));
#11084=DIRECTION('',(-0.707106781,-0.707106781,0.));
#11085=AXIS2_PLACEMENT_3D('',#11082,#11083,#11084);
#11086=PLANE('',#11085);
#11087=ORIENTED_EDGE('',*,*,#11035,.F.);
#11088=CARTESIAN_POINT('',(1306.9627417,-1359.5,6.4));
#11089=DIRECTION('',(-0.281084638,0.678598344,0.678598345));
#11090=VECTOR('',#11089,0.589450303);
#11091=LINE('',#11088,#11090);
#11092=EDGE_CURVE('',#11024,#2151,#11091,.T.);
#11093=ORIENTED_EDGE('',*,*,#11092,.T.);
#11094=ORIENTED_EDGE('',*,*,#2156,.F.);
#11095=CARTESIAN_POINT('',(1303.1,-1362.797056275,6.8));
#11096=DIRECTION('',(0.678598344,-0.281084638,-0.678598345));
#11097=VECTOR('',#11096,0.589450303);
#11098=LINE('',#11095,#11097);
#11099=EDGE_CURVE('',#2143,#10968,#11098,.T.);
#11100=ORIENTED_EDGE('',*,*,#11099,.T.);
#11101=ORIENTED_EDGE('',*,*,#10973,.F.);
#11102=ORIENTED_EDGE('',*,*,#10854,.F.);
#11103=EDGE_LOOP('',(#11087,#11093,#11094,#11100,#11101,#11102));
#11104=FACE_BOUND('',#11103,.T.);
#11105=ADVANCED_FACE('',(#11104),#11086,.F.);
#11106=CARTESIAN_POINT('',(1323.273044738,-1384.85,5.4));
#11107=DIRECTION('',(0.5,-0.5,-0.707106781));
#11108=DIRECTION('',(0.707106781,0.707106781,0.));
#11109=AXIS2_PLACEMENT_3D('',#11106,#11107,#11108);
#11110=PLANE('',#11109);
#11111=ORIENTED_EDGE('',*,*,#10939,.F.);
#11112=CARTESIAN_POINT('',(1325.0372583,-1384.5,6.4));
#11113=DIRECTION('',(0.281084638,-0.678598344,0.678598345));
#11114=VECTOR('',#11113,0.589450303);
#11115=LINE('',#11112,#11114);
#11116=EDGE_CURVE('',#10928,#2183,#11115,.T.);
#11117=ORIENTED_EDGE('',*,*,#11116,.T.);
#11118=ORIENTED_EDGE('',*,*,#2188,.F.);
#11119=CARTESIAN_POINT('',(1328.9,-1381.202943725,6.8));
#11120=DIRECTION('',(-0.678598344,0.281084638,-0.678598345));
#11121=VECTOR('',#11120,0.589450303);
#11122=LINE('',#11119,#11121);
#11123=EDGE_CURVE('',#2175,#10872,#11122,.T.);
#11124=ORIENTED_EDGE('',*,*,#11123,.T.);
#11125=ORIENTED_EDGE('',*,*,#10877,.F.);
#11126=ORIENTED_EDGE('',*,*,#10577,.F.);
#11127=EDGE_LOOP('',(#11111,#11117,#11118,#11124,#11125,#11126));
#11128=FACE_BOUND('',#11127,.T.);
#11129=ADVANCED_FACE('',(#11128),#11110,.F.);
#11130=CARTESIAN_POINT('',(1304.948528137,-1383.051471863,0.));
#11131=DIRECTION('',(0.5,0.5,-0.707106781));
#11132=DIRECTION('',(-0.707106781,0.707106781,0.));
#11133=AXIS2_PLACEMENT_3D('',#11130,#11131,#11132);
#11134=PLANE('',#11133);
#11135=ORIENTED_EDGE('',*,*,#10611,.F.);
#11136=ORIENTED_EDGE('',*,*,#10710,.F.);
#11137=ORIENTED_EDGE('',*,*,#10485,.F.);
#11138=CARTESIAN_POINT('',(1306.9627417,-1384.5,0.4));
#11139=DIRECTION('',(-0.281084638,-0.678598344,-0.678598345));
#11140=VECTOR('',#11139,0.589450303);
#11141=LINE('',#11138,#11140);
#11142=EDGE_CURVE('',#10472,#561,#11141,.T.);
#11143=ORIENTED_EDGE('',*,*,#11142,.T.);
#11144=ORIENTED_EDGE('',*,*,#566,.F.);
#11145=CARTESIAN_POINT('',(1303.1,-1381.202943725,0.));
#11146=DIRECTION('',(0.678598344,0.281084638,0.678598345));
#11147=VECTOR('',#11146,0.589450303);
#11148=LINE('',#11145,#11147);
#11149=EDGE_CURVE('',#553,#10606,#11148,.T.);
#11150=ORIENTED_EDGE('',*,*,#11149,.T.);
#11151=EDGE_LOOP('',(#11135,#11136,#11137,#11143,#11144,#11150));
#11152=FACE_BOUND('',#11151,.T.);
#11153=ADVANCED_FACE('',(#11152),#11134,.T.);
#11154=CARTESIAN_POINT('',(1328.85,-1364.726955262,5.4));
#11155=DIRECTION('',(0.5,0.5,-0.707106781));
#11156=DIRECTION('',(-0.707106781,0.707106781,0.));
#11157=AXIS2_PLACEMENT_3D('',#11154,#11155,#11156);
#11158=PLANE('',#11157);
#11159=ORIENTED_EDGE('',*,*,#10891,.F.);
#11160=CARTESIAN_POINT('',(1328.5,-1362.9627417,6.4));
#11161=DIRECTION('',(0.678598344,0.281084638,0.678598345));
#11162=VECTOR('',#11161,0.589450303);
#11163=LINE('',#11160,#11162);
#11164=EDGE_CURVE('',#10880,#2167,#11163,.T.);
#11165=ORIENTED_EDGE('',*,*,#11164,.T.);
#11166=ORIENTED_EDGE('',*,*,#2172,.F.);
#11167=CARTESIAN_POINT('',(1325.202943725,-1359.1,6.8));
#11168=DIRECTION('',(-0.281084638,-0.678598344,-0.678598345));
#11169=VECTOR('',#11168,0.589450303);
#11170=LINE('',#11167,#11169);
#11171=EDGE_CURVE('',#2159,#11016,#11170,.T.);
#11172=ORIENTED_EDGE('',*,*,#11171,.T.);
#11173=ORIENTED_EDGE('',*,*,#11021,.F.);
#11174=ORIENTED_EDGE('',*,*,#10419,.F.);
#11175=EDGE_LOOP('',(#11159,#11165,#11166,#11172,#11173,#11174));
#11176=FACE_BOUND('',#11175,.T.);
#11177=ADVANCED_FACE('',(#11176),#11158,.F.);
#11178=CARTESIAN_POINT('',(1327.051471863,-1383.051471863,0.));
#11179=DIRECTION('',(-0.5,0.5,-0.707106781));
#11180=DIRECTION('',(-0.707106781,-0.707106781,0.));
#11181=AXIS2_PLACEMENT_3D('',#11178,#11179,#11180);
#11182=PLANE('',#11181);
#11183=ORIENTED_EDGE('',*,*,#10469,.F.);
#11184=ORIENTED_EDGE('',*,*,#10591,.F.);
#11185=ORIENTED_EDGE('',*,*,#10327,.F.);
#11186=CARTESIAN_POINT('',(1328.5,-1381.0372583,0.4));
#11187=DIRECTION('',(0.678598344,-0.281084638,-0.678598345));
#11188=VECTOR('',#11187,0.589450303);
#11189=LINE('',#11186,#11188);
#11190=EDGE_CURVE('',#10314,#577,#11189,.T.);
#11191=ORIENTED_EDGE('',*,*,#11190,.T.);
#11192=ORIENTED_EDGE('',*,*,#582,.F.);
#11193=CARTESIAN_POINT('',(1325.202943725,-1384.9,0.));
#11194=DIRECTION('',(-0.281084638,0.678598344,0.678598345));
#11195=VECTOR('',#11194,0.589450303);
#11196=LINE('',#11193,#11195);
#11197=EDGE_CURVE('',#569,#10464,#11196,.T.);
#11198=ORIENTED_EDGE('',*,*,#11197,.T.);
#11199=EDGE_LOOP('',(#11183,#11184,#11185,#11191,#11192,#11198));
#11200=FACE_BOUND('',#11199,.T.);
#11201=ADVANCED_FACE('',(#11200),#11182,.T.);
#11202=CARTESIAN_POINT('',(1327.051471863,-1360.948528137,0.));
#11203=DIRECTION('',(-0.5,-0.5,-0.707106781));
#11204=DIRECTION('',(0.707106781,-0.707106781,0.));
#11205=AXIS2_PLACEMENT_3D('',#11202,#11203,#11204);
#11206=PLANE('',#11205);
#11207=ORIENTED_EDGE('',*,*,#10311,.F.);
#11208=ORIENTED_EDGE('',*,*,#10449,.F.);
#11209=ORIENTED_EDGE('',*,*,#10767,.F.);
#11210=CARTESIAN_POINT('',(1325.0372583,-1359.5,0.4));
#11211=DIRECTION('',(0.281084638,0.678598344,-0.678598345));
#11212=VECTOR('',#11211,0.589450303);
#11213=LINE('',#11210,#11212);
#11214=EDGE_CURVE('',#10756,#535,#11213,.T.);
#11215=ORIENTED_EDGE('',*,*,#11214,.T.);
#11216=ORIENTED_EDGE('',*,*,#596,.F.);
#11217=CARTESIAN_POINT('',(1328.9,-1362.797056275,0.));
#11218=DIRECTION('',(-0.678598344,-0.281084638,0.678598345));
#11219=VECTOR('',#11218,0.589450303);
#11220=LINE('',#11217,#11219);
#11221=EDGE_CURVE('',#585,#10306,#11220,.T.);
#11222=ORIENTED_EDGE('',*,*,#11221,.T.);
#11223=EDGE_LOOP('',(#11207,#11208,#11209,#11215,#11216,#11222));
#11224=FACE_BOUND('',#11223,.T.);
#11225=ADVANCED_FACE('',(#11224),#11206,.T.);
#11226=CARTESIAN_POINT('',(1303.15,-1379.273044738,5.4));
#11227=DIRECTION('',(-0.5,-0.5,-0.707106781));
#11228=DIRECTION('',(0.707106781,-0.707106781,0.));
#11229=AXIS2_PLACEMENT_3D('',#11226,#11227,#11228);
#11230=PLANE('',#11229);
#11231=ORIENTED_EDGE('',*,*,#10987,.F.);
#11232=CARTESIAN_POINT('',(1303.5,-1381.0372583,6.4));
#11233=DIRECTION('',(-0.678598344,-0.281084638,0.678598345));
#11234=VECTOR('',#11233,0.589450303);
#11235=LINE('',#11232,#11234);
#11236=EDGE_CURVE('',#10976,#2141,#11235,.T.);
#11237=ORIENTED_EDGE('',*,*,#11236,.T.);
#11238=ORIENTED_EDGE('',*,*,#2202,.F.);
#11239=CARTESIAN_POINT('',(1306.797056275,-1384.9,6.8));
#11240=DIRECTION('',(0.281084638,0.678598344,-0.678598345));
#11241=VECTOR('',#11240,0.589450303);
#11242=LINE('',#11239,#11241);
#11243=EDGE_CURVE('',#2191,#10920,#11242,.T.);
#11244=ORIENTED_EDGE('',*,*,#11243,.T.);
#11245=ORIENTED_EDGE('',*,*,#10925,.F.);
#11246=ORIENTED_EDGE('',*,*,#10728,.F.);
#11247=EDGE_LOOP('',(#11231,#11237,#11238,#11244,#11245,#11246));
#11248=FACE_BOUND('',#11247,.T.);
#11249=ADVANCED_FACE('',(#11248),#11230,.F.);
#11250=CARTESIAN_POINT('',(1303.1,-1372.,6.8));
#11251=DIRECTION('',(-0.707106781,0.,-0.707106781));
#11252=DIRECTION('',(0.,1.,0.));
#11253=AXIS2_PLACEMENT_3D('',#11250,#11251,#11252);
#11254=PLANE('',#11253);
#11255=ORIENTED_EDGE('',*,*,#11236,.F.);
#11256=ORIENTED_EDGE('',*,*,#10981,.F.);
#11257=ORIENTED_EDGE('',*,*,#11099,.F.);
#11258=ORIENTED_EDGE('',*,*,#2148,.F.);
#11259=EDGE_LOOP('',(#11255,#11256,#11257,#11258));
#11260=FACE_BOUND('',#11259,.T.);
#11261=ADVANCED_FACE('',(#11260),#11254,.F.);
#11262=CARTESIAN_POINT('',(1316.,-1359.1,0.));
#11263=DIRECTION('',(0.,-0.707106781,-0.707106781));
#11264=DIRECTION('',(1.,0.,0.));
#11265=AXIS2_PLACEMENT_3D('',#11262,#11263,#11264);
#11266=PLANE('',#11265);
#11267=ORIENTED_EDGE('',*,*,#11214,.F.);
#11268=ORIENTED_EDGE('',*,*,#10761,.F.);
#11269=ORIENTED_EDGE('',*,*,#11077,.F.);
#11270=ORIENTED_EDGE('',*,*,#542,.F.);
#11271=EDGE_LOOP('',(#11267,#11268,#11269,#11270));
#11272=FACE_BOUND('',#11271,.T.);
#11273=ADVANCED_FACE('',(#11272),#11266,.T.);
#11274=CARTESIAN_POINT('',(1328.9,-1372.,0.));
#11275=DIRECTION('',(-0.707106781,0.,-0.707106781));
#11276=DIRECTION('',(0.,-1.,0.));
#11277=AXIS2_PLACEMENT_3D('',#11274,#11275,#11276);
#11278=PLANE('',#11277);
#11279=ORIENTED_EDGE('',*,*,#11190,.F.);
#11280=ORIENTED_EDGE('',*,*,#10319,.F.);
#11281=ORIENTED_EDGE('',*,*,#11221,.F.);
#11282=ORIENTED_EDGE('',*,*,#590,.F.);
#11283=EDGE_LOOP('',(#11279,#11280,#11281,#11282));
#11284=FACE_BOUND('',#11283,.T.);
#11285=ADVANCED_FACE('',(#11284),#11278,.T.);
#11286=CARTESIAN_POINT('',(1316.,-1384.9,6.8));
#11287=DIRECTION('',(0.,-0.707106781,-0.707106781));
#11288=DIRECTION('',(-1.,0.,0.));
#11289=AXIS2_PLACEMENT_3D('',#11286,#11287,#11288);
#11290=PLANE('',#11289);
#11291=ORIENTED_EDGE('',*,*,#11116,.F.);
#11292=ORIENTED_EDGE('',*,*,#10933,.F.);
#11293=ORIENTED_EDGE('',*,*,#11243,.F.);
#11294=ORIENTED_EDGE('',*,*,#2196,.F.);
#11295=EDGE_LOOP('',(#11291,#11292,#11293,#11294));
#11296=FACE_BOUND('',#11295,.T.);
#11297=ADVANCED_FACE('',(#11296),#11290,.F.);
#11298=CARTESIAN_POINT('',(1328.9,-1372.,6.8));
#11299=DIRECTION('',(0.707106781,0.,-0.707106781));
#11300=DIRECTION('',(0.,-1.,0.));
#11301=AXIS2_PLACEMENT_3D('',#11298,#11299,#11300);
#11302=PLANE('',#11301);
#11303=ORIENTED_EDGE('',*,*,#11164,.F.);
#11304=ORIENTED_EDGE('',*,*,#10885,.F.);
#11305=ORIENTED_EDGE('',*,*,#11123,.F.);
#11306=ORIENTED_EDGE('',*,*,#2180,.F.);
#11307=EDGE_LOOP('',(#11303,#11304,#11305,#11306));
#11308=FACE_BOUND('',#11307,.T.);
#11309=ADVANCED_FACE('',(#11308),#11302,.F.);
#11310=CARTESIAN_POINT('',(1316.,-1359.1,6.8));
#11311=DIRECTION('',(0.,0.707106781,-0.707106781));
#11312=DIRECTION('',(1.,0.,0.));
#11313=AXIS2_PLACEMENT_3D('',#11310,#11311,#11312);
#11314=PLANE('',#11313);
#11315=ORIENTED_EDGE('',*,*,#11092,.F.);
#11316=ORIENTED_EDGE('',*,*,#11029,.F.);
#11317=ORIENTED_EDGE('',*,*,#11171,.F.);
#11318=ORIENTED_EDGE('',*,*,#2164,.F.);
#11319=EDGE_LOOP('',(#11315,#11316,#11317,#11318));
#11320=FACE_BOUND('',#11319,.T.);
#11321=ADVANCED_FACE('',(#11320),#11314,.F.);
#11322=CARTESIAN_POINT('',(1303.1,-1372.,0.));
#11323=DIRECTION('',(0.707106781,0.,-0.707106781));
#11324=DIRECTION('',(0.,1.,0.));
#11325=AXIS2_PLACEMENT_3D('',#11322,#11323,#11324);
#11326=PLANE('',#11325);
#11327=ORIENTED_EDGE('',*,*,#11070,.F.);
#11328=ORIENTED_EDGE('',*,*,#10619,.F.);
#11329=ORIENTED_EDGE('',*,*,#11149,.F.);
#11330=ORIENTED_EDGE('',*,*,#558,.F.);
#11331=EDGE_LOOP('',(#11327,#11328,#11329,#11330));
#11332=FACE_BOUND('',#11331,.T.);
#11333=ADVANCED_FACE('',(#11332),#11326,.T.);
#11334=CARTESIAN_POINT('',(1316.,-1384.9,0.));
#11335=DIRECTION('',(0.,0.707106781,-0.707106781));
#11336=DIRECTION('',(-1.,0.,0.));
#11337=AXIS2_PLACEMENT_3D('',#11334,#11335,#11336);
#11338=PLANE('',#11337);
#11339=ORIENTED_EDGE('',*,*,#11142,.F.);
#11340=ORIENTED_EDGE('',*,*,#10477,.F.);
#11341=ORIENTED_EDGE('',*,*,#11197,.F.);
#11342=ORIENTED_EDGE('',*,*,#574,.F.);
#11343=EDGE_LOOP('',(#11339,#11340,#11341,#11342));
#11344=FACE_BOUND('',#11343,.T.);
#11345=ADVANCED_FACE('',(#11344),#11338,.T.);
#11346=CARTESIAN_POINT('',(1328.5,-1400.,2.4));
#11347=DIRECTION('',(-1.,0.,0.));
#11348=DIRECTION('',(0.,-1.,0.));
#11349=AXIS2_PLACEMENT_3D('',#11346,#11347,#11348);
#11350=PLANE('',#11349);
#11351=CARTESIAN_POINT('',(1328.5,-1392.376955262,1.4));
#11352=VERTEX_POINT('',#11351);
#11353=CARTESIAN_POINT('',(1328.5,-1390.9627417,0.4));
#11354=VERTEX_POINT('',#11353);
#11355=CARTESIAN_POINT('',(1328.5,-1392.376955262,1.4));
#11356=DIRECTION('',(0.,0.816496581,-0.577350269));
#11357=VECTOR('',#11356,1.732050807);
#11358=LINE('',#11355,#11357);
#11359=EDGE_CURVE('',#11352,#11354,#11358,.T.);
#11360=ORIENTED_EDGE('',*,*,#11359,.T.);
#11361=CARTESIAN_POINT('',(1328.5,-1409.0372583,0.4));
#11362=VERTEX_POINT('',#11361);
#11363=CARTESIAN_POINT('',(1328.5,-1390.9627417,0.4));
#11364=DIRECTION('',(0.,-1.,0.));
#11365=VECTOR('',#11364,18.0745166);
#11366=LINE('',#11363,#11365);
#11367=EDGE_CURVE('',#11354,#11362,#11366,.T.);
#11368=ORIENTED_EDGE('',*,*,#11367,.T.);
#11369=CARTESIAN_POINT('',(1328.5,-1407.623044738,1.4));
#11370=VERTEX_POINT('',#11369);
#11371=CARTESIAN_POINT('',(1328.5,-1409.0372583,0.4));
#11372=DIRECTION('',(0.,0.816496581,0.577350269));
#11373=VECTOR('',#11372,1.732050807);
#11374=LINE('',#11371,#11373);
#11375=EDGE_CURVE('',#11362,#11370,#11374,.T.);
#11376=ORIENTED_EDGE('',*,*,#11375,.T.);
#11377=CARTESIAN_POINT('',(1328.5,-1407.623044738,1.4));
#11378=DIRECTION('',(-0.,1.,-0.));
#11379=VECTOR('',#11378,15.246089476);
#11380=LINE('',#11377,#11379);
#11381=EDGE_CURVE('',#11370,#11352,#11380,.T.);
#11382=ORIENTED_EDGE('',*,*,#11381,.T.);
#11383=EDGE_LOOP('',(#11360,#11368,#11376,#11382));
#11384=FACE_BOUND('',#11383,.T.);
#11385=ADVANCED_FACE('',(#11384),#11350,.T.);
#11386=CARTESIAN_POINT('',(1328.5,-1400.,1.4));
#11387=DIRECTION('',(0.819231921,0.,-0.573462344));
#11388=DIRECTION('',(0.,1.,0.));
#11389=AXIS2_PLACEMENT_3D('',#11386,#11387,#11388);
#11390=PLANE('',#11389);
#11391=CARTESIAN_POINT('',(1329.2,-1406.923044738,2.4));
#11392=VERTEX_POINT('',#11391);
#11393=CARTESIAN_POINT('',(1329.2,-1406.923044738,2.4));
#11394=DIRECTION('',(-0.497468338,-0.497468338,-0.710669055));
#11395=VECTOR('',#11394,1.407124728);
#11396=LINE('',#11393,#11395);
#11397=EDGE_CURVE('',#11392,#11370,#11396,.T.);
#11398=ORIENTED_EDGE('',*,*,#11397,.F.);
#11399=CARTESIAN_POINT('',(1329.2,-1393.076955262,2.4));
#11400=VERTEX_POINT('',#11399);
#11401=CARTESIAN_POINT('',(1329.199999999,-1406.923044738,2.4));
#11402=DIRECTION('',(0.,1.,0.));
#11403=VECTOR('',#11402,13.846089476);
#11404=LINE('',#11401,#11403);
#11405=EDGE_CURVE('',#11392,#11400,#11404,.T.);
#11406=ORIENTED_EDGE('',*,*,#11405,.T.);
#11407=CARTESIAN_POINT('',(1328.5,-1392.376955262,1.4));
#11408=DIRECTION('',(0.497468338,-0.497468338,0.710669055));
#11409=VECTOR('',#11408,1.407124728);
#11410=LINE('',#11407,#11409);
#11411=EDGE_CURVE('',#11352,#11400,#11410,.T.);
#11412=ORIENTED_EDGE('',*,*,#11411,.F.);
#11413=ORIENTED_EDGE('',*,*,#11381,.F.);
#11414=EDGE_LOOP('',(#11398,#11406,#11412,#11413));
#11415=FACE_BOUND('',#11414,.T.);
#11416=ADVANCED_FACE('',(#11415),#11390,.F.);
#11417=CARTESIAN_POINT('',(1329.2,-1400.,6.8));
#11418=DIRECTION('',(-1.,0.,0.));
#11419=DIRECTION('',(0.,-1.,0.));
#11420=AXIS2_PLACEMENT_3D('',#11417,#11418,#11419);
#11421=PLANE('',#11420);
#11422=ORIENTED_EDGE('',*,*,#11405,.F.);
#11423=CARTESIAN_POINT('',(1329.2,-1406.923044738,4.4));
#11424=VERTEX_POINT('',#11423);
#11425=CARTESIAN_POINT('',(1329.2,-1406.923044738,4.4));
#11426=DIRECTION('',(-0.,-0.,-1.));
#11427=VECTOR('',#11426,2.);
#11428=LINE('',#11425,#11427);
#11429=EDGE_CURVE('',#11424,#11392,#11428,.T.);
#11430=ORIENTED_EDGE('',*,*,#11429,.F.);
#11431=CARTESIAN_POINT('',(1329.2,-1393.076955262,4.4));
#11432=VERTEX_POINT('',#11431);
#11433=CARTESIAN_POINT('',(1329.2,-1406.923044738,4.4));
#11434=DIRECTION('',(-0.,1.,-0.));
#11435=VECTOR('',#11434,13.846089476);
#11436=LINE('',#11433,#11435);
#11437=EDGE_CURVE('',#11424,#11432,#11436,.T.);
#11438=ORIENTED_EDGE('',*,*,#11437,.T.);
#11439=CARTESIAN_POINT('',(1329.2,-1393.076955262,4.4));
#11440=DIRECTION('',(-0.,-0.,-1.));
#11441=VECTOR('',#11440,2.);
#11442=LINE('',#11439,#11441);
#11443=EDGE_CURVE('',#11432,#11400,#11442,.T.);
#11444=ORIENTED_EDGE('',*,*,#11443,.T.);
#11445=EDGE_LOOP('',(#11422,#11430,#11438,#11444));
#11446=FACE_BOUND('',#11445,.T.);
#11447=ADVANCED_FACE('',(#11446),#11421,.T.);
#11448=CARTESIAN_POINT('',(1328.85,-1392.726955262,6.8));
#11449=DIRECTION('',(-0.707106781,-0.707106781,0.));
#11450=DIRECTION('',(0.707106781,-0.707106781,0.));
#11451=AXIS2_PLACEMENT_3D('',#11448,#11449,#11450);
#11452=PLANE('',#11451);
#11453=CARTESIAN_POINT('',(1328.5,-1392.376955262,5.4));
#11454=VERTEX_POINT('',#11453);
#11455=CARTESIAN_POINT('',(1329.2,-1393.076955262,4.4));
#11456=DIRECTION('',(-0.497468338,0.497468338,0.710669055));
#11457=VECTOR('',#11456,1.407124728);
#11458=LINE('',#11455,#11457);
#11459=EDGE_CURVE('',#11432,#11454,#11458,.T.);
#11460=ORIENTED_EDGE('',*,*,#11459,.T.);
#11461=CARTESIAN_POINT('',(1323.623044738,-1387.5,5.4));
#11462=VERTEX_POINT('',#11461);
#11463=CARTESIAN_POINT('',(1328.5,-1392.376955262,5.4));
#11464=DIRECTION('',(-0.707106781,0.707106781,-0.));
#11465=VECTOR('',#11464,6.897056275);
#11466=LINE('',#11463,#11465);
#11467=EDGE_CURVE('',#11454,#11462,#11466,.T.);
#11468=ORIENTED_EDGE('',*,*,#11467,.T.);
#11469=CARTESIAN_POINT('',(1322.923044738,-1386.8,4.4));
#11470=VERTEX_POINT('',#11469);
#11471=CARTESIAN_POINT('',(1323.623044738,-1387.5,5.4));
#11472=DIRECTION('',(-0.497468338,0.497468338,-0.710669055));
#11473=VECTOR('',#11472,1.407124728);
#11474=LINE('',#11471,#11473);
#11475=EDGE_CURVE('',#11462,#11470,#11474,.T.);
#11476=ORIENTED_EDGE('',*,*,#11475,.T.);
#11477=CARTESIAN_POINT('',(1322.923044738,-1386.8,2.4));
#11478=VERTEX_POINT('',#11477);
#11479=CARTESIAN_POINT('',(1322.923044738,-1386.8,4.4));
#11480=DIRECTION('',(-0.,-0.,-1.));
#11481=VECTOR('',#11480,2.);
#11482=LINE('',#11479,#11481);
#11483=EDGE_CURVE('',#11470,#11478,#11482,.T.);
#11484=ORIENTED_EDGE('',*,*,#11483,.T.);
#11485=CARTESIAN_POINT('',(1323.623044738,-1387.5,1.4));
#11486=VERTEX_POINT('',#11485);
#11487=CARTESIAN_POINT('',(1322.923044738,-1386.8,2.4));
#11488=DIRECTION('',(0.497468338,-0.497468338,-0.710669055));
#11489=VECTOR('',#11488,1.407124728);
#11490=LINE('',#11487,#11489);
#11491=EDGE_CURVE('',#11478,#11486,#11490,.T.);
#11492=ORIENTED_EDGE('',*,*,#11491,.T.);
#11493=CARTESIAN_POINT('',(1323.623044738,-1387.5,1.4));
#11494=DIRECTION('',(0.707106781,-0.707106781,0.));
#11495=VECTOR('',#11494,6.897056275);
#11496=LINE('',#11493,#11495);
#11497=EDGE_CURVE('',#11486,#11352,#11496,.T.);
#11498=ORIENTED_EDGE('',*,*,#11497,.T.);
#11499=ORIENTED_EDGE('',*,*,#11411,.T.);
#11500=ORIENTED_EDGE('',*,*,#11443,.F.);
#11501=EDGE_LOOP('',(#11460,#11468,#11476,#11484,#11492,#11498,#11499,#11500));
#11502=FACE_BOUND('',#11501,.T.);
#11503=ADVANCED_FACE('',(#11502),#11452,.T.);
#11504=CARTESIAN_POINT('',(1316.,-1412.5,2.4));
#11505=DIRECTION('',(0.,1.,0.));
#11506=DIRECTION('',(-1.,0.,0.));
#11507=AXIS2_PLACEMENT_3D('',#11504,#11505,#11506);
#11508=PLANE('',#11507);
#11509=CARTESIAN_POINT('',(1323.623044738,-1412.5,1.4));
#11510=VERTEX_POINT('',#11509);
#11511=CARTESIAN_POINT('',(1325.0372583,-1412.5,0.4));
#11512=VERTEX_POINT('',#11511);
#11513=CARTESIAN_POINT('',(1323.623044738,-1412.5,1.4));
#11514=DIRECTION('',(0.816496581,0.,-0.577350269));
#11515=VECTOR('',#11514,1.732050807);
#11516=LINE('',#11513,#11515);
#11517=EDGE_CURVE('',#11510,#11512,#11516,.T.);
#11518=ORIENTED_EDGE('',*,*,#11517,.T.);
#11519=CARTESIAN_POINT('',(1306.9627417,-1412.5,0.4));
#11520=VERTEX_POINT('',#11519);
#11521=CARTESIAN_POINT('',(1325.0372583,-1412.5,0.4));
#11522=DIRECTION('',(-1.,0.,0.));
#11523=VECTOR('',#11522,18.0745166);
#11524=LINE('',#11521,#11523);
#11525=EDGE_CURVE('',#11512,#11520,#11524,.T.);
#11526=ORIENTED_EDGE('',*,*,#11525,.T.);
#11527=CARTESIAN_POINT('',(1308.376955262,-1412.5,1.4));
#11528=VERTEX_POINT('',#11527);
#11529=CARTESIAN_POINT('',(1306.9627417,-1412.5,0.4));
#11530=DIRECTION('',(0.816496581,0.,0.577350269));
#11531=VECTOR('',#11530,1.732050807);
#11532=LINE('',#11529,#11531);
#11533=EDGE_CURVE('',#11520,#11528,#11532,.T.);
#11534=ORIENTED_EDGE('',*,*,#11533,.T.);
#11535=CARTESIAN_POINT('',(1308.376955262,-1412.5,1.4));
#11536=DIRECTION('',(1.,-0.,-0.));
#11537=VECTOR('',#11536,15.246089476);
#11538=LINE('',#11535,#11537);
#11539=EDGE_CURVE('',#11528,#11510,#11538,.T.);
#11540=ORIENTED_EDGE('',*,*,#11539,.T.);
#11541=EDGE_LOOP('',(#11518,#11526,#11534,#11540));
#11542=FACE_BOUND('',#11541,.T.);
#11543=ADVANCED_FACE('',(#11542),#11508,.T.);
#11544=CARTESIAN_POINT('',(1316.,-1412.5,1.4));
#11545=DIRECTION('',(0.,-0.819231921,-0.573462344));
#11546=DIRECTION('',(1.,0.,0.));
#11547=AXIS2_PLACEMENT_3D('',#11544,#11545,#11546);
#11548=PLANE('',#11547);
#11549=CARTESIAN_POINT('',(1309.076955262,-1413.2,2.4));
#11550=VERTEX_POINT('',#11549);
#11551=CARTESIAN_POINT('',(1309.076955262,-1413.2,2.4));
#11552=DIRECTION('',(-0.497468338,0.497468338,-0.710669055));
#11553=VECTOR('',#11552,1.407124728);
#11554=LINE('',#11551,#11553);
#11555=EDGE_CURVE('',#11550,#11528,#11554,.T.);
#11556=ORIENTED_EDGE('',*,*,#11555,.F.);
#11557=CARTESIAN_POINT('',(1322.923044738,-1413.2,2.4));
#11558=VERTEX_POINT('',#11557);
#11559=CARTESIAN_POINT('',(1309.076955262,-1413.199999999,2.4));
#11560=DIRECTION('',(1.,0.,-0.));
#11561=VECTOR('',#11560,13.846089476);
#11562=LINE('',#11559,#11561);
#11563=EDGE_CURVE('',#11550,#11558,#11562,.T.);
#11564=ORIENTED_EDGE('',*,*,#11563,.T.);
#11565=CARTESIAN_POINT('',(1323.623044738,-1412.5,1.4));
#11566=DIRECTION('',(-0.497468338,-0.497468338,0.710669055));
#11567=VECTOR('',#11566,1.407124728);
#11568=LINE('',#11565,#11567);
#11569=EDGE_CURVE('',#11510,#11558,#11568,.T.);
#11570=ORIENTED_EDGE('',*,*,#11569,.F.);
#11571=ORIENTED_EDGE('',*,*,#11539,.F.);
#11572=EDGE_LOOP('',(#11556,#11564,#11570,#11571));
#11573=FACE_BOUND('',#11572,.T.);
#11574=ADVANCED_FACE('',(#11573),#11548,.F.);
#11575=CARTESIAN_POINT('',(1316.,-1413.2,6.8));
#11576=DIRECTION('',(0.,1.,0.));
#11577=DIRECTION('',(-1.,0.,0.));
#11578=AXIS2_PLACEMENT_3D('',#11575,#11576,#11577);
#11579=PLANE('',#11578);
#11580=ORIENTED_EDGE('',*,*,#11563,.F.);
#11581=CARTESIAN_POINT('',(1309.076955262,-1413.2,4.4));
#11582=VERTEX_POINT('',#11581);
#11583=CARTESIAN_POINT('',(1309.076955262,-1413.2,4.4));
#11584=DIRECTION('',(-0.,-0.,-1.));
#11585=VECTOR('',#11584,2.);
#11586=LINE('',#11583,#11585);
#11587=EDGE_CURVE('',#11582,#11550,#11586,.T.);
#11588=ORIENTED_EDGE('',*,*,#11587,.F.);
#11589=CARTESIAN_POINT('',(1322.923044738,-1413.2,4.4));
#11590=VERTEX_POINT('',#11589);
#11591=CARTESIAN_POINT('',(1309.076955262,-1413.2,4.4));
#11592=DIRECTION('',(1.,-0.,-0.));
#11593=VECTOR('',#11592,13.846089476);
#11594=LINE('',#11591,#11593);
#11595=EDGE_CURVE('',#11582,#11590,#11594,.T.);
#11596=ORIENTED_EDGE('',*,*,#11595,.T.);
#11597=CARTESIAN_POINT('',(1322.923044738,-1413.2,4.4));
#11598=DIRECTION('',(-0.,-0.,-1.));
#11599=VECTOR('',#11598,2.);
#11600=LINE('',#11597,#11599);
#11601=EDGE_CURVE('',#11590,#11558,#11600,.T.);
#11602=ORIENTED_EDGE('',*,*,#11601,.T.);
#11603=EDGE_LOOP('',(#11580,#11588,#11596,#11602));
#11604=FACE_BOUND('',#11603,.T.);
#11605=ADVANCED_FACE('',(#11604),#11579,.T.);
#11606=CARTESIAN_POINT('',(1323.273044738,-1412.85,6.8));
#11607=DIRECTION('',(-0.707106781,0.707106781,0.));
#11608=DIRECTION('',(-0.707106781,-0.707106781,0.));
#11609=AXIS2_PLACEMENT_3D('',#11606,#11607,#11608);
#11610=PLANE('',#11609);
#11611=CARTESIAN_POINT('',(1323.623044738,-1412.5,5.4));
#11612=VERTEX_POINT('',#11611);
#11613=CARTESIAN_POINT('',(1322.923044738,-1413.2,4.4));
#11614=DIRECTION('',(0.497468338,0.497468338,0.710669055));
#11615=VECTOR('',#11614,1.407124728);
#11616=LINE('',#11613,#11615);
#11617=EDGE_CURVE('',#11590,#11612,#11616,.T.);
#11618=ORIENTED_EDGE('',*,*,#11617,.T.);
#11619=CARTESIAN_POINT('',(1328.5,-1407.623044738,5.4));
#11620=VERTEX_POINT('',#11619);
#11621=CARTESIAN_POINT('',(1323.623044738,-1412.5,5.4));
#11622=DIRECTION('',(0.707106781,0.707106781,-0.));
#11623=VECTOR('',#11622,6.897056275);
#11624=LINE('',#11621,#11623);
#11625=EDGE_CURVE('',#11612,#11620,#11624,.T.);
#11626=ORIENTED_EDGE('',*,*,#11625,.T.);
#11627=CARTESIAN_POINT('',(1328.5,-1407.623044738,5.4));
#11628=DIRECTION('',(0.497468338,0.497468338,-0.710669055));
#11629=VECTOR('',#11628,1.407124728);
#11630=LINE('',#11627,#11629);
#11631=EDGE_CURVE('',#11620,#11424,#11630,.T.);
#11632=ORIENTED_EDGE('',*,*,#11631,.T.);
#11633=ORIENTED_EDGE('',*,*,#11429,.T.);
#11634=ORIENTED_EDGE('',*,*,#11397,.T.);
#11635=CARTESIAN_POINT('',(1328.5,-1407.623044738,1.4));
#11636=DIRECTION('',(-0.707106781,-0.707106781,0.));
#11637=VECTOR('',#11636,6.897056275);
#11638=LINE('',#11635,#11637);
#11639=EDGE_CURVE('',#11370,#11510,#11638,.T.);
#11640=ORIENTED_EDGE('',*,*,#11639,.T.);
#11641=ORIENTED_EDGE('',*,*,#11569,.T.);
#11642=ORIENTED_EDGE('',*,*,#11601,.F.);
#11643=EDGE_LOOP('',(#11618,#11626,#11632,#11633,#11634,#11640,#11641,#11642));
#11644=FACE_BOUND('',#11643,.T.);
#11645=ADVANCED_FACE('',(#11644),#11610,.T.);
#11646=CARTESIAN_POINT('',(1303.5,-1400.,2.4));
#11647=DIRECTION('',(1.,0.,0.));
#11648=DIRECTION('',(0.,1.,0.));
#11649=AXIS2_PLACEMENT_3D('',#11646,#11647,#11648);
#11650=PLANE('',#11649);
#11651=CARTESIAN_POINT('',(1303.5,-1407.623044738,1.4));
#11652=VERTEX_POINT('',#11651);
#11653=CARTESIAN_POINT('',(1303.5,-1409.0372583,0.4));
#11654=VERTEX_POINT('',#11653);
#11655=CARTESIAN_POINT('',(1303.5,-1407.623044738,1.4));
#11656=DIRECTION('',(0.,-0.816496581,-0.577350269));
#11657=VECTOR('',#11656,1.732050807);
#11658=LINE('',#11655,#11657);
#11659=EDGE_CURVE('',#11652,#11654,#11658,.T.);
#11660=ORIENTED_EDGE('',*,*,#11659,.T.);
#11661=CARTESIAN_POINT('',(1303.5,-1390.9627417,0.4));
#11662=VERTEX_POINT('',#11661);
#11663=CARTESIAN_POINT('',(1303.5,-1409.0372583,0.4));
#11664=DIRECTION('',(0.,1.,0.));
#11665=VECTOR('',#11664,18.0745166);
#11666=LINE('',#11663,#11665);
#11667=EDGE_CURVE('',#11654,#11662,#11666,.T.);
#11668=ORIENTED_EDGE('',*,*,#11667,.T.);
#11669=CARTESIAN_POINT('',(1303.5,-1392.376955262,1.4));
#11670=VERTEX_POINT('',#11669);
#11671=CARTESIAN_POINT('',(1303.5,-1390.9627417,0.4));
#11672=DIRECTION('',(0.,-0.816496581,0.577350269));
#11673=VECTOR('',#11672,1.732050807);
#11674=LINE('',#11671,#11673);
#11675=EDGE_CURVE('',#11662,#11670,#11674,.T.);
#11676=ORIENTED_EDGE('',*,*,#11675,.T.);
#11677=CARTESIAN_POINT('',(1303.5,-1392.376955262,1.4));
#11678=DIRECTION('',(-0.,-1.,-0.));
#11679=VECTOR('',#11678,15.246089476);
#11680=LINE('',#11677,#11679);
#11681=EDGE_CURVE('',#11670,#11652,#11680,.T.);
#11682=ORIENTED_EDGE('',*,*,#11681,.T.);
#11683=EDGE_LOOP('',(#11660,#11668,#11676,#11682));
#11684=FACE_BOUND('',#11683,.T.);
#11685=ADVANCED_FACE('',(#11684),#11650,.T.);
#11686=CARTESIAN_POINT('',(1303.5,-1400.,1.4));
#11687=DIRECTION('',(-0.819231921,0.,-0.573462344));
#11688=DIRECTION('',(0.,-1.,0.));
#11689=AXIS2_PLACEMENT_3D('',#11686,#11687,#11688);
#11690=PLANE('',#11689);
#11691=CARTESIAN_POINT('',(1302.8,-1393.076955262,2.4));
#11692=VERTEX_POINT('',#11691);
#11693=CARTESIAN_POINT('',(1302.8,-1393.076955262,2.4));
#11694=DIRECTION('',(0.497468338,0.497468338,-0.710669055));
#11695=VECTOR('',#11694,1.407124728);
#11696=LINE('',#11693,#11695);
#11697=EDGE_CURVE('',#11692,#11670,#11696,.T.);
#11698=ORIENTED_EDGE('',*,*,#11697,.F.);
#11699=CARTESIAN_POINT('',(1302.8,-1406.923044738,2.4));
#11700=VERTEX_POINT('',#11699);
#11701=CARTESIAN_POINT('',(1302.800000001,-1393.076955262,2.4));
#11702=DIRECTION('',(0.,-1.,0.));
#11703=VECTOR('',#11702,13.846089476);
#11704=LINE('',#11701,#11703);
#11705=EDGE_CURVE('',#11692,#11700,#11704,.T.);
#11706=ORIENTED_EDGE('',*,*,#11705,.T.);
#11707=CARTESIAN_POINT('',(1303.5,-1407.623044738,1.4));
#11708=DIRECTION('',(-0.497468338,0.497468338,0.710669055));
#11709=VECTOR('',#11708,1.407124728);
#11710=LINE('',#11707,#11709);
#11711=EDGE_CURVE('',#11652,#11700,#11710,.T.);
#11712=ORIENTED_EDGE('',*,*,#11711,.F.);
#11713=ORIENTED_EDGE('',*,*,#11681,.F.);
#11714=EDGE_LOOP('',(#11698,#11706,#11712,#11713));
#11715=FACE_BOUND('',#11714,.T.);
#11716=ADVANCED_FACE('',(#11715),#11690,.F.);
#11717=CARTESIAN_POINT('',(1302.8,-1400.,6.8));
#11718=DIRECTION('',(1.,0.,0.));
#11719=DIRECTION('',(0.,1.,0.));
#11720=AXIS2_PLACEMENT_3D('',#11717,#11718,#11719);
#11721=PLANE('',#11720);
#11722=ORIENTED_EDGE('',*,*,#11705,.F.);
#11723=CARTESIAN_POINT('',(1302.8,-1393.076955262,4.4));
#11724=VERTEX_POINT('',#11723);
#11725=CARTESIAN_POINT('',(1302.8,-1393.076955262,4.4));
#11726=DIRECTION('',(-0.,-0.,-1.));
#11727=VECTOR('',#11726,2.);
#11728=LINE('',#11725,#11727);
#11729=EDGE_CURVE('',#11724,#11692,#11728,.T.);
#11730=ORIENTED_EDGE('',*,*,#11729,.F.);
#11731=CARTESIAN_POINT('',(1302.8,-1406.923044738,4.4));
#11732=VERTEX_POINT('',#11731);
#11733=CARTESIAN_POINT('',(1302.8,-1393.076955262,4.4));
#11734=DIRECTION('',(-0.,-1.,-0.));
#11735=VECTOR('',#11734,13.846089476);
#11736=LINE('',#11733,#11735);
#11737=EDGE_CURVE('',#11724,#11732,#11736,.T.);
#11738=ORIENTED_EDGE('',*,*,#11737,.T.);
#11739=CARTESIAN_POINT('',(1302.8,-1406.923044738,4.4));
#11740=DIRECTION('',(-0.,-0.,-1.));
#11741=VECTOR('',#11740,2.);
#11742=LINE('',#11739,#11741);
#11743=EDGE_CURVE('',#11732,#11700,#11742,.T.);
#11744=ORIENTED_EDGE('',*,*,#11743,.T.);
#11745=EDGE_LOOP('',(#11722,#11730,#11738,#11744));
#11746=FACE_BOUND('',#11745,.T.);
#11747=ADVANCED_FACE('',(#11746),#11721,.T.);
#11748=CARTESIAN_POINT('',(1303.15,-1407.273044738,6.8));
#11749=DIRECTION('',(0.707106781,0.707106781,0.));
#11750=DIRECTION('',(-0.707106781,0.707106781,0.));
#11751=AXIS2_PLACEMENT_3D('',#11748,#11749,#11750);
#11752=PLANE('',#11751);
#11753=ORIENTED_EDGE('',*,*,#11555,.T.);
#11754=CARTESIAN_POINT('',(1308.376955262,-1412.5,1.4));
#11755=DIRECTION('',(-0.707106781,0.707106781,0.));
#11756=VECTOR('',#11755,6.897056275);
#11757=LINE('',#11754,#11756);
#11758=EDGE_CURVE('',#11528,#11652,#11757,.T.);
#11759=ORIENTED_EDGE('',*,*,#11758,.T.);
#11760=ORIENTED_EDGE('',*,*,#11711,.T.);
#11761=ORIENTED_EDGE('',*,*,#11743,.F.);
#11762=CARTESIAN_POINT('',(1303.5,-1407.623044738,5.4));
#11763=VERTEX_POINT('',#11762);
#11764=CARTESIAN_POINT('',(1302.8,-1406.923044738,4.4));
#11765=DIRECTION('',(0.497468338,-0.497468338,0.710669055));
#11766=VECTOR('',#11765,1.407124728);
#11767=LINE('',#11764,#11766);
#11768=EDGE_CURVE('',#11732,#11763,#11767,.T.);
#11769=ORIENTED_EDGE('',*,*,#11768,.T.);
#11770=CARTESIAN_POINT('',(1308.376955262,-1412.5,5.4));
#11771=VERTEX_POINT('',#11770);
#11772=CARTESIAN_POINT('',(1303.5,-1407.623044738,5.4));
#11773=DIRECTION('',(0.707106781,-0.707106781,-0.));
#11774=VECTOR('',#11773,6.897056275);
#11775=LINE('',#11772,#11774);
#11776=EDGE_CURVE('',#11763,#11771,#11775,.T.);
#11777=ORIENTED_EDGE('',*,*,#11776,.T.);
#11778=CARTESIAN_POINT('',(1308.376955262,-1412.5,5.4));
#11779=DIRECTION('',(0.497468338,-0.497468338,-0.710669055));
#11780=VECTOR('',#11779,1.407124728);
#11781=LINE('',#11778,#11780);
#11782=EDGE_CURVE('',#11771,#11582,#11781,.T.);
#11783=ORIENTED_EDGE('',*,*,#11782,.T.);
#11784=ORIENTED_EDGE('',*,*,#11587,.T.);
#11785=EDGE_LOOP('',(#11753,#11759,#11760,#11761,#11769,#11777,#11783,#11784));
#11786=FACE_BOUND('',#11785,.T.);
#11787=ADVANCED_FACE('',(#11786),#11752,.T.);
#11788=CARTESIAN_POINT('',(1316.,-1387.5,2.4));
#11789=DIRECTION('',(0.,-1.,0.));
#11790=DIRECTION('',(1.,0.,0.));
#11791=AXIS2_PLACEMENT_3D('',#11788,#11789,#11790);
#11792=PLANE('',#11791);
#11793=CARTESIAN_POINT('',(1308.376955262,-1387.5,1.4));
#11794=VERTEX_POINT('',#11793);
#11795=CARTESIAN_POINT('',(1306.9627417,-1387.5,0.4));
#11796=VERTEX_POINT('',#11795);
#11797=CARTESIAN_POINT('',(1308.376955262,-1387.5,1.4));
#11798=DIRECTION('',(-0.816496581,0.,-0.577350269));
#11799=VECTOR('',#11798,1.732050807);
#11800=LINE('',#11797,#11799);
#11801=EDGE_CURVE('',#11794,#11796,#11800,.T.);
#11802=ORIENTED_EDGE('',*,*,#11801,.T.);
#11803=CARTESIAN_POINT('',(1325.0372583,-1387.5,0.4));
#11804=VERTEX_POINT('',#11803);
#11805=CARTESIAN_POINT('',(1306.9627417,-1387.5,0.4));
#11806=DIRECTION('',(1.,0.,-0.));
#11807=VECTOR('',#11806,18.0745166);
#11808=LINE('',#11805,#11807);
#11809=EDGE_CURVE('',#11796,#11804,#11808,.T.);
#11810=ORIENTED_EDGE('',*,*,#11809,.T.);
#11811=CARTESIAN_POINT('',(1325.0372583,-1387.5,0.4));
#11812=DIRECTION('',(-0.816496581,0.,0.577350269));
#11813=VECTOR('',#11812,1.732050807);
#11814=LINE('',#11811,#11813);
#11815=EDGE_CURVE('',#11804,#11486,#11814,.T.);
#11816=ORIENTED_EDGE('',*,*,#11815,.T.);
#11817=CARTESIAN_POINT('',(1323.623044738,-1387.5,1.4));
#11818=DIRECTION('',(-1.,-0.,0.));
#11819=VECTOR('',#11818,15.246089476);
#11820=LINE('',#11817,#11819);
#11821=EDGE_CURVE('',#11486,#11794,#11820,.T.);
#11822=ORIENTED_EDGE('',*,*,#11821,.T.);
#11823=EDGE_LOOP('',(#11802,#11810,#11816,#11822));
#11824=FACE_BOUND('',#11823,.T.);
#11825=ADVANCED_FACE('',(#11824),#11792,.T.);
#11826=CARTESIAN_POINT('',(1316.,-1387.5,1.4));
#11827=DIRECTION('',(0.,0.819231921,-0.573462344));
#11828=DIRECTION('',(-1.,0.,0.));
#11829=AXIS2_PLACEMENT_3D('',#11826,#11827,#11828);
#11830=PLANE('',#11829);
#11831=ORIENTED_EDGE('',*,*,#11491,.F.);
#11832=CARTESIAN_POINT('',(1309.076955262,-1386.8,2.4));
#11833=VERTEX_POINT('',#11832);
#11834=CARTESIAN_POINT('',(1322.923044738,-1386.800000001,2.4));
#11835=DIRECTION('',(-1.,0.,0.));
#11836=VECTOR('',#11835,13.846089476);
#11837=LINE('',#11834,#11836);
#11838=EDGE_CURVE('',#11478,#11833,#11837,.T.);
#11839=ORIENTED_EDGE('',*,*,#11838,.T.);
#11840=CARTESIAN_POINT('',(1308.376955262,-1387.5,1.4));
#11841=DIRECTION('',(0.497468338,0.497468338,0.710669055));
#11842=VECTOR('',#11841,1.407124728);
#11843=LINE('',#11840,#11842);
#11844=EDGE_CURVE('',#11794,#11833,#11843,.T.);
#11845=ORIENTED_EDGE('',*,*,#11844,.F.);
#11846=ORIENTED_EDGE('',*,*,#11821,.F.);
#11847=EDGE_LOOP('',(#11831,#11839,#11845,#11846));
#11848=FACE_BOUND('',#11847,.T.);
#11849=ADVANCED_FACE('',(#11848),#11830,.F.);
#11850=CARTESIAN_POINT('',(1316.,-1386.8,6.8));
#11851=DIRECTION('',(0.,-1.,0.));
#11852=DIRECTION('',(1.,0.,0.));
#11853=AXIS2_PLACEMENT_3D('',#11850,#11851,#11852);
#11854=PLANE('',#11853);
#11855=ORIENTED_EDGE('',*,*,#11838,.F.);
#11856=ORIENTED_EDGE('',*,*,#11483,.F.);
#11857=CARTESIAN_POINT('',(1309.076955262,-1386.8,4.4));
#11858=VERTEX_POINT('',#11857);
#11859=CARTESIAN_POINT('',(1322.923044738,-1386.8,4.4));
#11860=DIRECTION('',(-1.,-0.,0.));
#11861=VECTOR('',#11860,13.846089476);
#11862=LINE('',#11859,#11861);
#11863=EDGE_CURVE('',#11470,#11858,#11862,.T.);
#11864=ORIENTED_EDGE('',*,*,#11863,.T.);
#11865=CARTESIAN_POINT('',(1309.076955262,-1386.8,4.4));
#11866=DIRECTION('',(-0.,-0.,-1.));
#11867=VECTOR('',#11866,2.);
#11868=LINE('',#11865,#11867);
#11869=EDGE_CURVE('',#11858,#11833,#11868,.T.);
#11870=ORIENTED_EDGE('',*,*,#11869,.T.);
#11871=EDGE_LOOP('',(#11855,#11856,#11864,#11870));
#11872=FACE_BOUND('',#11871,.T.);
#11873=ADVANCED_FACE('',(#11872),#11854,.T.);
#11874=CARTESIAN_POINT('',(1308.726955262,-1387.15,6.8));
#11875=DIRECTION('',(0.707106781,-0.707106781,0.));
#11876=DIRECTION('',(0.707106781,0.707106781,0.));
#11877=AXIS2_PLACEMENT_3D('',#11874,#11875,#11876);
#11878=PLANE('',#11877);
#11879=ORIENTED_EDGE('',*,*,#11697,.T.);
#11880=CARTESIAN_POINT('',(1303.5,-1392.376955262,1.4));
#11881=DIRECTION('',(0.707106781,0.707106781,0.));
#11882=VECTOR('',#11881,6.897056275);
#11883=LINE('',#11880,#11882);
#11884=EDGE_CURVE('',#11670,#11794,#11883,.T.);
#11885=ORIENTED_EDGE('',*,*,#11884,.T.);
#11886=ORIENTED_EDGE('',*,*,#11844,.T.);
#11887=ORIENTED_EDGE('',*,*,#11869,.F.);
#11888=CARTESIAN_POINT('',(1308.376955262,-1387.5,5.4));
#11889=VERTEX_POINT('',#11888);
#11890=CARTESIAN_POINT('',(1309.076955262,-1386.8,4.4));
#11891=DIRECTION('',(-0.497468338,-0.497468338,0.710669055));
#11892=VECTOR('',#11891,1.407124728);
#11893=LINE('',#11890,#11892);
#11894=EDGE_CURVE('',#11858,#11889,#11893,.T.);
#11895=ORIENTED_EDGE('',*,*,#11894,.T.);
#11896=CARTESIAN_POINT('',(1303.5,-1392.376955262,5.4));
#11897=VERTEX_POINT('',#11896);
#11898=CARTESIAN_POINT('',(1308.376955262,-1387.5,5.4));
#11899=DIRECTION('',(-0.707106781,-0.707106781,-0.));
#11900=VECTOR('',#11899,6.897056275);
#11901=LINE('',#11898,#11900);
#11902=EDGE_CURVE('',#11889,#11897,#11901,.T.);
#11903=ORIENTED_EDGE('',*,*,#11902,.T.);
#11904=CARTESIAN_POINT('',(1303.5,-1392.376955262,5.4));
#11905=DIRECTION('',(-0.497468338,-0.497468338,-0.710669055));
#11906=VECTOR('',#11905,1.407124728);
#11907=LINE('',#11904,#11906);
#11908=EDGE_CURVE('',#11897,#11724,#11907,.T.);
#11909=ORIENTED_EDGE('',*,*,#11908,.T.);
#11910=ORIENTED_EDGE('',*,*,#11729,.T.);
#11911=EDGE_LOOP('',(#11879,#11885,#11886,#11887,#11895,#11903,#11909,#11910));
#11912=FACE_BOUND('',#11911,.T.);
#11913=ADVANCED_FACE('',(#11912),#11878,.T.);
#11914=CARTESIAN_POINT('',(1328.5,-1400.,4.4));
#11915=DIRECTION('',(-1.,0.,0.));
#11916=DIRECTION('',(0.,-1.,0.));
#11917=AXIS2_PLACEMENT_3D('',#11914,#11915,#11916);
#11918=PLANE('',#11917);
#11919=CARTESIAN_POINT('',(1328.5,-1409.0372583,6.4));
#11920=VERTEX_POINT('',#11919);
#11921=CARTESIAN_POINT('',(1328.5,-1407.623044738,5.4));
#11922=DIRECTION('',(0.,-0.816496581,0.577350269));
#11923=VECTOR('',#11922,1.732050807);
#11924=LINE('',#11921,#11923);
#11925=EDGE_CURVE('',#11620,#11920,#11924,.T.);
#11926=ORIENTED_EDGE('',*,*,#11925,.T.);
#11927=CARTESIAN_POINT('',(1328.5,-1390.9627417,6.4));
#11928=VERTEX_POINT('',#11927);
#11929=CARTESIAN_POINT('',(1328.5,-1409.0372583,6.4));
#11930=DIRECTION('',(-0.,1.,-0.));
#11931=VECTOR('',#11930,18.0745166);
#11932=LINE('',#11929,#11931);
#11933=EDGE_CURVE('',#11920,#11928,#11932,.T.);
#11934=ORIENTED_EDGE('',*,*,#11933,.T.);
#11935=CARTESIAN_POINT('',(1328.5,-1390.9627417,6.4));
#11936=DIRECTION('',(0.,-0.816496581,-0.577350269));
#11937=VECTOR('',#11936,1.732050807);
#11938=LINE('',#11935,#11937);
#11939=EDGE_CURVE('',#11928,#11454,#11938,.T.);
#11940=ORIENTED_EDGE('',*,*,#11939,.T.);
#11941=CARTESIAN_POINT('',(1328.5,-1392.376955262,5.4));
#11942=DIRECTION('',(0.,-1.,0.));
#11943=VECTOR('',#11942,15.246089476);
#11944=LINE('',#11941,#11943);
#11945=EDGE_CURVE('',#11454,#11620,#11944,.T.);
#11946=ORIENTED_EDGE('',*,*,#11945,.T.);
#11947=EDGE_LOOP('',(#11926,#11934,#11940,#11946));
#11948=FACE_BOUND('',#11947,.T.);
#11949=ADVANCED_FACE('',(#11948),#11918,.T.);
#11950=CARTESIAN_POINT('',(1328.5,-1400.,5.4));
#11951=DIRECTION('',(-0.819231921,0.,-0.573462344));
#11952=DIRECTION('',(0.,1.,0.));
#11953=AXIS2_PLACEMENT_3D('',#11950,#11951,#11952);
#11954=PLANE('',#11953);
#11955=ORIENTED_EDGE('',*,*,#11459,.F.);
#11956=ORIENTED_EDGE('',*,*,#11437,.F.);
#11957=ORIENTED_EDGE('',*,*,#11631,.F.);
#11958=ORIENTED_EDGE('',*,*,#11945,.F.);
#11959=EDGE_LOOP('',(#11955,#11956,#11957,#11958));
#11960=FACE_BOUND('',#11959,.T.);
#11961=ADVANCED_FACE('',(#11960),#11954,.T.);
#11962=CARTESIAN_POINT('',(1316.,-1412.5,4.4));
#11963=DIRECTION('',(0.,1.,0.));
#11964=DIRECTION('',(-1.,0.,0.));
#11965=AXIS2_PLACEMENT_3D('',#11962,#11963,#11964);
#11966=PLANE('',#11965);
#11967=CARTESIAN_POINT('',(1306.9627417,-1412.5,6.4));
#11968=VERTEX_POINT('',#11967);
#11969=CARTESIAN_POINT('',(1308.376955262,-1412.5,5.4));
#11970=DIRECTION('',(-0.816496581,0.,0.577350269));
#11971=VECTOR('',#11970,1.732050807);
#11972=LINE('',#11969,#11971);
#11973=EDGE_CURVE('',#11771,#11968,#11972,.T.);
#11974=ORIENTED_EDGE('',*,*,#11973,.T.);
#11975=CARTESIAN_POINT('',(1325.0372583,-1412.5,6.4));
#11976=VERTEX_POINT('',#11975);
#11977=CARTESIAN_POINT('',(1306.9627417,-1412.5,6.4));
#11978=DIRECTION('',(1.,-0.,-0.));
#11979=VECTOR('',#11978,18.0745166);
#11980=LINE('',#11977,#11979);
#11981=EDGE_CURVE('',#11968,#11976,#11980,.T.);
#11982=ORIENTED_EDGE('',*,*,#11981,.T.);
#11983=CARTESIAN_POINT('',(1325.0372583,-1412.5,6.4));
#11984=DIRECTION('',(-0.816496581,0.,-0.577350269));
#11985=VECTOR('',#11984,1.732050807);
#11986=LINE('',#11983,#11985);
#11987=EDGE_CURVE('',#11976,#11612,#11986,.T.);
#11988=ORIENTED_EDGE('',*,*,#11987,.T.);
#11989=CARTESIAN_POINT('',(1323.623044738,-1412.5,5.4));
#11990=DIRECTION('',(-1.,0.,0.));
#11991=VECTOR('',#11990,15.246089476);
#11992=LINE('',#11989,#11991);
#11993=EDGE_CURVE('',#11612,#11771,#11992,.T.);
#11994=ORIENTED_EDGE('',*,*,#11993,.T.);
#11995=EDGE_LOOP('',(#11974,#11982,#11988,#11994));
#11996=FACE_BOUND('',#11995,.T.);
#11997=ADVANCED_FACE('',(#11996),#11966,.T.);
#11998=CARTESIAN_POINT('',(1316.,-1412.5,5.4));
#11999=DIRECTION('',(0.,0.819231921,-0.573462344));
#12000=DIRECTION('',(1.,0.,0.));
#12001=AXIS2_PLACEMENT_3D('',#11998,#11999,#12000);
#12002=PLANE('',#12001);
#12003=ORIENTED_EDGE('',*,*,#11617,.F.);
#12004=ORIENTED_EDGE('',*,*,#11595,.F.);
#12005=ORIENTED_EDGE('',*,*,#11782,.F.);
#12006=ORIENTED_EDGE('',*,*,#11993,.F.);
#12007=EDGE_LOOP('',(#12003,#12004,#12005,#12006));
#12008=FACE_BOUND('',#12007,.T.);
#12009=ADVANCED_FACE('',(#12008),#12002,.T.);
#12010=CARTESIAN_POINT('',(1303.5,-1400.,4.4));
#12011=DIRECTION('',(1.,0.,0.));
#12012=DIRECTION('',(0.,1.,0.));
#12013=AXIS2_PLACEMENT_3D('',#12010,#12011,#12012);
#12014=PLANE('',#12013);
#12015=CARTESIAN_POINT('',(1303.5,-1390.9627417,6.4));
#12016=VERTEX_POINT('',#12015);
#12017=CARTESIAN_POINT('',(1303.5,-1392.376955262,5.4));
#12018=DIRECTION('',(0.,0.816496581,0.577350269));
#12019=VECTOR('',#12018,1.732050807);
#12020=LINE('',#12017,#12019);
#12021=EDGE_CURVE('',#11897,#12016,#12020,.T.);
#12022=ORIENTED_EDGE('',*,*,#12021,.T.);
#12023=CARTESIAN_POINT('',(1303.5,-1409.0372583,6.4));
#12024=VERTEX_POINT('',#12023);
#12025=CARTESIAN_POINT('',(1303.5,-1390.9627417,6.4));
#12026=DIRECTION('',(-0.,-1.,-0.));
#12027=VECTOR('',#12026,18.0745166);
#12028=LINE('',#12025,#12027);
#12029=EDGE_CURVE('',#12016,#12024,#12028,.T.);
#12030=ORIENTED_EDGE('',*,*,#12029,.T.);
#12031=CARTESIAN_POINT('',(1303.5,-1409.0372583,6.4));
#12032=DIRECTION('',(0.,0.816496581,-0.577350269));
#12033=VECTOR('',#12032,1.732050807);
#12034=LINE('',#12031,#12033);
#12035=EDGE_CURVE('',#12024,#11763,#12034,.T.);
#12036=ORIENTED_EDGE('',*,*,#12035,.T.);
#12037=CARTESIAN_POINT('',(1303.5,-1407.623044738,5.4));
#12038=DIRECTION('',(0.,1.,0.));
#12039=VECTOR('',#12038,15.246089476);
#12040=LINE('',#12037,#12039);
#12041=EDGE_CURVE('',#11763,#11897,#12040,.T.);
#12042=ORIENTED_EDGE('',*,*,#12041,.T.);
#12043=EDGE_LOOP('',(#12022,#12030,#12036,#12042));
#12044=FACE_BOUND('',#12043,.T.);
#12045=ADVANCED_FACE('',(#12044),#12014,.T.);
#12046=CARTESIAN_POINT('',(1303.5,-1400.,5.4));
#12047=DIRECTION('',(0.819231921,0.,-0.573462344));
#12048=DIRECTION('',(0.,-1.,0.));
#12049=AXIS2_PLACEMENT_3D('',#12046,#12047,#12048);
#12050=PLANE('',#12049);
#12051=ORIENTED_EDGE('',*,*,#11768,.F.);
#12052=ORIENTED_EDGE('',*,*,#11737,.F.);
#12053=ORIENTED_EDGE('',*,*,#11908,.F.);
#12054=ORIENTED_EDGE('',*,*,#12041,.F.);
#12055=EDGE_LOOP('',(#12051,#12052,#12053,#12054));
#12056=FACE_BOUND('',#12055,.T.);
#12057=ADVANCED_FACE('',(#12056),#12050,.T.);
#12058=CARTESIAN_POINT('',(1316.,-1387.5,4.4));
#12059=DIRECTION('',(0.,-1.,0.));
#12060=DIRECTION('',(1.,0.,0.));
#12061=AXIS2_PLACEMENT_3D('',#12058,#12059,#12060);
#12062=PLANE('',#12061);
#12063=CARTESIAN_POINT('',(1325.0372583,-1387.5,6.4));
#12064=VERTEX_POINT('',#12063);
#12065=CARTESIAN_POINT('',(1323.623044738,-1387.5,5.4));
#12066=DIRECTION('',(0.816496581,0.,0.577350269));
#12067=VECTOR('',#12066,1.732050807);
#12068=LINE('',#12065,#12067);
#12069=EDGE_CURVE('',#11462,#12064,#12068,.T.);
#12070=ORIENTED_EDGE('',*,*,#12069,.T.);
#12071=CARTESIAN_POINT('',(1306.9627417,-1387.5,6.4));
#12072=VERTEX_POINT('',#12071);
#12073=CARTESIAN_POINT('',(1325.0372583,-1387.5,6.4));
#12074=DIRECTION('',(-1.,-0.,0.));
#12075=VECTOR('',#12074,18.0745166);
#12076=LINE('',#12073,#12075);
#12077=EDGE_CURVE('',#12064,#12072,#12076,.T.);
#12078=ORIENTED_EDGE('',*,*,#12077,.T.);
#12079=CARTESIAN_POINT('',(1306.9627417,-1387.5,6.4));
#12080=DIRECTION('',(0.816496581,0.,-0.577350269));
#12081=VECTOR('',#12080,1.732050807);
#12082=LINE('',#12079,#12081);
#12083=EDGE_CURVE('',#12072,#11889,#12082,.T.);
#12084=ORIENTED_EDGE('',*,*,#12083,.T.);
#12085=CARTESIAN_POINT('',(1308.376955262,-1387.5,5.4));
#12086=DIRECTION('',(1.,0.,-0.));
#12087=VECTOR('',#12086,15.246089476);
#12088=LINE('',#12085,#12087);
#12089=EDGE_CURVE('',#11889,#11462,#12088,.T.);
#12090=ORIENTED_EDGE('',*,*,#12089,.T.);
#12091=EDGE_LOOP('',(#12070,#12078,#12084,#12090));
#12092=FACE_BOUND('',#12091,.T.);
#12093=ADVANCED_FACE('',(#12092),#12062,.T.);
#12094=CARTESIAN_POINT('',(1316.,-1387.5,5.4));
#12095=DIRECTION('',(0.,-0.819231921,-0.573462344));
#12096=DIRECTION('',(-1.,0.,0.));
#12097=AXIS2_PLACEMENT_3D('',#12094,#12095,#12096);
#12098=PLANE('',#12097);
#12099=ORIENTED_EDGE('',*,*,#11894,.F.);
#12100=ORIENTED_EDGE('',*,*,#11863,.F.);
#12101=ORIENTED_EDGE('',*,*,#11475,.F.);
#12102=ORIENTED_EDGE('',*,*,#12089,.F.);
#12103=EDGE_LOOP('',(#12099,#12100,#12101,#12102));
#12104=FACE_BOUND('',#12103,.T.);
#12105=ADVANCED_FACE('',(#12104),#12098,.T.);
#12106=CARTESIAN_POINT('',(1304.948528137,-1388.948528137,0.));
#12107=DIRECTION('',(0.5,-0.5,-0.707106781));
#12108=DIRECTION('',(0.707106781,0.707106781,0.));
#12109=AXIS2_PLACEMENT_3D('',#12106,#12107,#12108);
#12110=PLANE('',#12109);
#12111=ORIENTED_EDGE('',*,*,#11801,.F.);
#12112=ORIENTED_EDGE('',*,*,#11884,.F.);
#12113=ORIENTED_EDGE('',*,*,#11675,.F.);
#12114=CARTESIAN_POINT('',(1303.5,-1390.9627417,0.4));
#12115=DIRECTION('',(-0.678598344,0.281084638,-0.678598345));
#12116=VECTOR('',#12115,0.589450303);
#12117=LINE('',#12114,#12116);
#12118=EDGE_CURVE('',#11662,#611,#12117,.T.);
#12119=ORIENTED_EDGE('',*,*,#12118,.T.);
#12120=ORIENTED_EDGE('',*,*,#616,.F.);
#12121=CARTESIAN_POINT('',(1306.797056275,-1387.1,0.));
#12122=DIRECTION('',(0.281084638,-0.678598344,0.678598345));
#12123=VECTOR('',#12122,0.589450303);
#12124=LINE('',#12121,#12123);
#12125=EDGE_CURVE('',#603,#11796,#12124,.T.);
#12126=ORIENTED_EDGE('',*,*,#12125,.T.);
#12127=EDGE_LOOP('',(#12111,#12112,#12113,#12119,#12120,#12126));
#12128=FACE_BOUND('',#12127,.T.);
#12129=ADVANCED_FACE('',(#12128),#12110,.T.);
#12130=CARTESIAN_POINT('',(1308.726955262,-1387.15,5.4));
#12131=DIRECTION('',(-0.5,0.5,-0.707106781));
#12132=DIRECTION('',(-0.707106781,-0.707106781,0.));
#12133=AXIS2_PLACEMENT_3D('',#12130,#12131,#12132);
#12134=PLANE('',#12133);
#12135=ORIENTED_EDGE('',*,*,#12083,.F.);
#12136=CARTESIAN_POINT('',(1306.9627417,-1387.5,6.4));
#12137=DIRECTION('',(-0.281084638,0.678598344,0.678598345));
#12138=VECTOR('',#12137,0.589450303);
#12139=LINE('',#12136,#12138);
#12140=EDGE_CURVE('',#12072,#2217,#12139,.T.);
#12141=ORIENTED_EDGE('',*,*,#12140,.T.);
#12142=ORIENTED_EDGE('',*,*,#2222,.F.);
#12143=CARTESIAN_POINT('',(1303.1,-1390.797056275,6.8));
#12144=DIRECTION('',(0.678598344,-0.281084638,-0.678598345));
#12145=VECTOR('',#12144,0.589450303);
#12146=LINE('',#12143,#12145);
#12147=EDGE_CURVE('',#2209,#12016,#12146,.T.);
#12148=ORIENTED_EDGE('',*,*,#12147,.T.);
#12149=ORIENTED_EDGE('',*,*,#12021,.F.);
#12150=ORIENTED_EDGE('',*,*,#11902,.F.);
#12151=EDGE_LOOP('',(#12135,#12141,#12142,#12148,#12149,#12150));
#12152=FACE_BOUND('',#12151,.T.);
#12153=ADVANCED_FACE('',(#12152),#12134,.F.);
#12154=CARTESIAN_POINT('',(1323.273044738,-1412.85,5.4));
#12155=DIRECTION('',(0.5,-0.5,-0.707106781));
#12156=DIRECTION('',(0.707106781,0.707106781,0.));
#12157=AXIS2_PLACEMENT_3D('',#12154,#12155,#12156);
#12158=PLANE('',#12157);
#12159=ORIENTED_EDGE('',*,*,#11987,.F.);
#12160=CARTESIAN_POINT('',(1325.0372583,-1412.5,6.4));
#12161=DIRECTION('',(0.281084638,-0.678598344,0.678598345));
#12162=VECTOR('',#12161,0.589450303);
#12163=LINE('',#12160,#12162);
#12164=EDGE_CURVE('',#11976,#2249,#12163,.T.);
#12165=ORIENTED_EDGE('',*,*,#12164,.T.);
#12166=ORIENTED_EDGE('',*,*,#2254,.F.);
#12167=CARTESIAN_POINT('',(1328.9,-1409.202943725,6.8));
#12168=DIRECTION('',(-0.678598344,0.281084638,-0.678598345));
#12169=VECTOR('',#12168,0.589450303);
#12170=LINE('',#12167,#12169);
#12171=EDGE_CURVE('',#2241,#11920,#12170,.T.);
#12172=ORIENTED_EDGE('',*,*,#12171,.T.);
#12173=ORIENTED_EDGE('',*,*,#11925,.F.);
#12174=ORIENTED_EDGE('',*,*,#11625,.F.);
#12175=EDGE_LOOP('',(#12159,#12165,#12166,#12172,#12173,#12174));
#12176=FACE_BOUND('',#12175,.T.);
#12177=ADVANCED_FACE('',(#12176),#12158,.F.);
#12178=CARTESIAN_POINT('',(1304.948528137,-1411.051471863,0.));
#12179=DIRECTION('',(0.5,0.5,-0.707106781));
#12180=DIRECTION('',(-0.707106781,0.707106781,0.));
#12181=AXIS2_PLACEMENT_3D('',#12178,#12179,#12180);
#12182=PLANE('',#12181);
#12183=ORIENTED_EDGE('',*,*,#11659,.F.);
#12184=ORIENTED_EDGE('',*,*,#11758,.F.);
#12185=ORIENTED_EDGE('',*,*,#11533,.F.);
#12186=CARTESIAN_POINT('',(1306.9627417,-1412.5,0.4));
#12187=DIRECTION('',(-0.281084638,-0.678598344,-0.678598345));
#12188=VECTOR('',#12187,0.589450303);
#12189=LINE('',#12186,#12188);
#12190=EDGE_CURVE('',#11520,#627,#12189,.T.);
#12191=ORIENTED_EDGE('',*,*,#12190,.T.);
#12192=ORIENTED_EDGE('',*,*,#632,.F.);
#12193=CARTESIAN_POINT('',(1303.1,-1409.202943725,0.));
#12194=DIRECTION('',(0.678598344,0.281084638,0.678598345));
#12195=VECTOR('',#12194,0.589450303);
#12196=LINE('',#12193,#12195);
#12197=EDGE_CURVE('',#619,#11654,#12196,.T.);
#12198=ORIENTED_EDGE('',*,*,#12197,.T.);
#12199=EDGE_LOOP('',(#12183,#12184,#12185,#12191,#12192,#12198));
#12200=FACE_BOUND('',#12199,.T.);
#12201=ADVANCED_FACE('',(#12200),#12182,.T.);
#12202=CARTESIAN_POINT('',(1328.85,-1392.726955262,5.4));
#12203=DIRECTION('',(0.5,0.5,-0.707106781));
#12204=DIRECTION('',(-0.707106781,0.707106781,0.));
#12205=AXIS2_PLACEMENT_3D('',#12202,#12203,#12204);
#12206=PLANE('',#12205);
#12207=ORIENTED_EDGE('',*,*,#11939,.F.);
#12208=CARTESIAN_POINT('',(1328.5,-1390.9627417,6.4));
#12209=DIRECTION('',(0.678598344,0.281084638,0.678598345));
#12210=VECTOR('',#12209,0.589450303);
#12211=LINE('',#12208,#12210);
#12212=EDGE_CURVE('',#11928,#2233,#12211,.T.);
#12213=ORIENTED_EDGE('',*,*,#12212,.T.);
#12214=ORIENTED_EDGE('',*,*,#2238,.F.);
#12215=CARTESIAN_POINT('',(1325.202943725,-1387.1,6.8));
#12216=DIRECTION('',(-0.281084638,-0.678598344,-0.678598345));
#12217=VECTOR('',#12216,0.589450303);
#12218=LINE('',#12215,#12217);
#12219=EDGE_CURVE('',#2225,#12064,#12218,.T.);
#12220=ORIENTED_EDGE('',*,*,#12219,.T.);
#12221=ORIENTED_EDGE('',*,*,#12069,.F.);
#12222=ORIENTED_EDGE('',*,*,#11467,.F.);
#12223=EDGE_LOOP('',(#12207,#12213,#12214,#12220,#12221,#12222));
#12224=FACE_BOUND('',#12223,.T.);
#12225=ADVANCED_FACE('',(#12224),#12206,.F.);
#12226=CARTESIAN_POINT('',(1327.051471863,-1411.051471863,0.));
#12227=DIRECTION('',(-0.5,0.5,-0.707106781));
#12228=DIRECTION('',(-0.707106781,-0.707106781,0.));
#12229=AXIS2_PLACEMENT_3D('',#12226,#12227,#12228);
#12230=PLANE('',#12229);
#12231=ORIENTED_EDGE('',*,*,#11517,.F.);
#12232=ORIENTED_EDGE('',*,*,#11639,.F.);
#12233=ORIENTED_EDGE('',*,*,#11375,.F.);
#12234=CARTESIAN_POINT('',(1328.5,-1409.0372583,0.4));
#12235=DIRECTION('',(0.678598344,-0.281084638,-0.678598345));
#12236=VECTOR('',#12235,0.589450303);
#12237=LINE('',#12234,#12236);
#12238=EDGE_CURVE('',#11362,#643,#12237,.T.);
#12239=ORIENTED_EDGE('',*,*,#12238,.T.);
#12240=ORIENTED_EDGE('',*,*,#648,.F.);
#12241=CARTESIAN_POINT('',(1325.202943725,-1412.9,0.));
#12242=DIRECTION('',(-0.281084638,0.678598344,0.678598345));
#12243=VECTOR('',#12242,0.589450303);
#12244=LINE('',#12241,#12243);
#12245=EDGE_CURVE('',#635,#11512,#12244,.T.);
#12246=ORIENTED_EDGE('',*,*,#12245,.T.);
#12247=EDGE_LOOP('',(#12231,#12232,#12233,#12239,#12240,#12246));
#12248=FACE_BOUND('',#12247,.T.);
#12249=ADVANCED_FACE('',(#12248),#12230,.T.);
#12250=CARTESIAN_POINT('',(1327.051471863,-1388.948528137,0.));
#12251=DIRECTION('',(-0.5,-0.5,-0.707106781));
#12252=DIRECTION('',(0.707106781,-0.707106781,0.));
#12253=AXIS2_PLACEMENT_3D('',#12250,#12251,#12252);
#12254=PLANE('',#12253);
#12255=ORIENTED_EDGE('',*,*,#11359,.F.);
#12256=ORIENTED_EDGE('',*,*,#11497,.F.);
#12257=ORIENTED_EDGE('',*,*,#11815,.F.);
#12258=CARTESIAN_POINT('',(1325.0372583,-1387.5,0.4));
#12259=DIRECTION('',(0.281084638,0.678598344,-0.678598345));
#12260=VECTOR('',#12259,0.589450303);
#12261=LINE('',#12258,#12260);
#12262=EDGE_CURVE('',#11804,#601,#12261,.T.);
#12263=ORIENTED_EDGE('',*,*,#12262,.T.);
#12264=ORIENTED_EDGE('',*,*,#662,.F.);
#12265=CARTESIAN_POINT('',(1328.9,-1390.797056275,0.));
#12266=DIRECTION('',(-0.678598344,-0.281084638,0.678598345));
#12267=VECTOR('',#12266,0.589450303);
#12268=LINE('',#12265,#12267);
#12269=EDGE_CURVE('',#651,#11354,#12268,.T.);
#12270=ORIENTED_EDGE('',*,*,#12269,.T.);
#12271=EDGE_LOOP('',(#12255,#12256,#12257,#12263,#12264,#12270));
#12272=FACE_BOUND('',#12271,.T.);
#12273=ADVANCED_FACE('',(#12272),#12254,.T.);
#12274=CARTESIAN_POINT('',(1303.15,-1407.273044738,5.4));
#12275=DIRECTION('',(-0.5,-0.5,-0.707106781));
#12276=DIRECTION('',(0.707106781,-0.707106781,0.));
#12277=AXIS2_PLACEMENT_3D('',#12274,#12275,#12276);
#12278=PLANE('',#12277);
#12279=ORIENTED_EDGE('',*,*,#12035,.F.);
#12280=CARTESIAN_POINT('',(1303.5,-1409.0372583,6.4));
#12281=DIRECTION('',(-0.678598344,-0.281084638,0.678598345));
#12282=VECTOR('',#12281,0.589450303);
#12283=LINE('',#12280,#12282);
#12284=EDGE_CURVE('',#12024,#2207,#12283,.T.);
#12285=ORIENTED_EDGE('',*,*,#12284,.T.);
#12286=ORIENTED_EDGE('',*,*,#2268,.F.);
#12287=CARTESIAN_POINT('',(1306.797056275,-1412.9,6.8));
#12288=DIRECTION('',(0.281084638,0.678598344,-0.678598345));
#12289=VECTOR('',#12288,0.589450303);
#12290=LINE('',#12287,#12289);
#12291=EDGE_CURVE('',#2257,#11968,#12290,.T.);
#12292=ORIENTED_EDGE('',*,*,#12291,.T.);
#12293=ORIENTED_EDGE('',*,*,#11973,.F.);
#12294=ORIENTED_EDGE('',*,*,#11776,.F.);
#12295=EDGE_LOOP('',(#12279,#12285,#12286,#12292,#12293,#12294));
#12296=FACE_BOUND('',#12295,.T.);
#12297=ADVANCED_FACE('',(#12296),#12278,.F.);
#12298=CARTESIAN_POINT('',(1303.1,-1400.,6.8));
#12299=DIRECTION('',(-0.707106781,0.,-0.707106781));
#12300=DIRECTION('',(0.,1.,0.));
#12301=AXIS2_PLACEMENT_3D('',#12298,#12299,#12300);
#12302=PLANE('',#12301);
#12303=ORIENTED_EDGE('',*,*,#12284,.F.);
#12304=ORIENTED_EDGE('',*,*,#12029,.F.);
#12305=ORIENTED_EDGE('',*,*,#12147,.F.);
#12306=ORIENTED_EDGE('',*,*,#2214,.F.);
#12307=EDGE_LOOP('',(#12303,#12304,#12305,#12306));
#12308=FACE_BOUND('',#12307,.T.);
#12309=ADVANCED_FACE('',(#12308),#12302,.F.);
#12310=CARTESIAN_POINT('',(1316.,-1387.1,0.));
#12311=DIRECTION('',(0.,-0.707106781,-0.707106781));
#12312=DIRECTION('',(1.,0.,0.));
#12313=AXIS2_PLACEMENT_3D('',#12310,#12311,#12312);
#12314=PLANE('',#12313);
#12315=ORIENTED_EDGE('',*,*,#12262,.F.);
#12316=ORIENTED_EDGE('',*,*,#11809,.F.);
#12317=ORIENTED_EDGE('',*,*,#12125,.F.);
#12318=ORIENTED_EDGE('',*,*,#608,.F.);
#12319=EDGE_LOOP('',(#12315,#12316,#12317,#12318));
#12320=FACE_BOUND('',#12319,.T.);
#12321=ADVANCED_FACE('',(#12320),#12314,.T.);
#12322=CARTESIAN_POINT('',(1328.9,-1400.,0.));
#12323=DIRECTION('',(-0.707106781,0.,-0.707106781));
#12324=DIRECTION('',(0.,-1.,0.));
#12325=AXIS2_PLACEMENT_3D('',#12322,#12323,#12324);
#12326=PLANE('',#12325);
#12327=ORIENTED_EDGE('',*,*,#12238,.F.);
#12328=ORIENTED_EDGE('',*,*,#11367,.F.);
#12329=ORIENTED_EDGE('',*,*,#12269,.F.);
#12330=ORIENTED_EDGE('',*,*,#656,.F.);
#12331=EDGE_LOOP('',(#12327,#12328,#12329,#12330));
#12332=FACE_BOUND('',#12331,.T.);
#12333=ADVANCED_FACE('',(#12332),#12326,.T.);
#12334=CARTESIAN_POINT('',(1316.,-1412.9,6.8));
#12335=DIRECTION('',(0.,-0.707106781,-0.707106781));
#12336=DIRECTION('',(-1.,0.,0.));
#12337=AXIS2_PLACEMENT_3D('',#12334,#12335,#12336);
#12338=PLANE('',#12337);
#12339=ORIENTED_EDGE('',*,*,#12164,.F.);
#12340=ORIENTED_EDGE('',*,*,#11981,.F.);
#12341=ORIENTED_EDGE('',*,*,#12291,.F.);
#12342=ORIENTED_EDGE('',*,*,#2262,.F.);
#12343=EDGE_LOOP('',(#12339,#12340,#12341,#12342));
#12344=FACE_BOUND('',#12343,.T.);
#12345=ADVANCED_FACE('',(#12344),#12338,.F.);
#12346=CARTESIAN_POINT('',(1328.9,-1400.,6.8));
#12347=DIRECTION('',(0.707106781,0.,-0.707106781));
#12348=DIRECTION('',(0.,-1.,0.));
#12349=AXIS2_PLACEMENT_3D('',#12346,#12347,#12348);
#12350=PLANE('',#12349);
#12351=ORIENTED_EDGE('',*,*,#12212,.F.);
#12352=ORIENTED_EDGE('',*,*,#11933,.F.);
#12353=ORIENTED_EDGE('',*,*,#12171,.F.);
#12354=ORIENTED_EDGE('',*,*,#2246,.F.);
#12355=EDGE_LOOP('',(#12351,#12352,#12353,#12354));
#12356=FACE_BOUND('',#12355,.T.);
#12357=ADVANCED_FACE('',(#12356),#12350,.F.);
#12358=CARTESIAN_POINT('',(1316.,-1387.1,6.8));
#12359=DIRECTION('',(0.,0.707106781,-0.707106781));
#12360=DIRECTION('',(1.,0.,0.));
#12361=AXIS2_PLACEMENT_3D('',#12358,#12359,#12360);
#12362=PLANE('',#12361);
#12363=ORIENTED_EDGE('',*,*,#12140,.F.);
#12364=ORIENTED_EDGE('',*,*,#12077,.F.);
#12365=ORIENTED_EDGE('',*,*,#12219,.F.);
#12366=ORIENTED_EDGE('',*,*,#2230,.F.);
#12367=EDGE_LOOP('',(#12363,#12364,#12365,#12366));
#12368=FACE_BOUND('',#12367,.T.);
#12369=ADVANCED_FACE('',(#12368),#12362,.F.);
#12370=CARTESIAN_POINT('',(1303.1,-1400.,0.));
#12371=DIRECTION('',(0.707106781,0.,-0.707106781));
#12372=DIRECTION('',(0.,1.,0.));
#12373=AXIS2_PLACEMENT_3D('',#12370,#12371,#12372);
#12374=PLANE('',#12373);
#12375=ORIENTED_EDGE('',*,*,#12118,.F.);
#12376=ORIENTED_EDGE('',*,*,#11667,.F.);
#12377=ORIENTED_EDGE('',*,*,#12197,.F.);
#12378=ORIENTED_EDGE('',*,*,#624,.F.);
#12379=EDGE_LOOP('',(#12375,#12376,#12377,#12378));
#12380=FACE_BOUND('',#12379,.T.);
#12381=ADVANCED_FACE('',(#12380),#12374,.T.);
#12382=CARTESIAN_POINT('',(1316.,-1412.9,0.));
#12383=DIRECTION('',(0.,0.707106781,-0.707106781));
#12384=DIRECTION('',(-1.,0.,0.));
#12385=AXIS2_PLACEMENT_3D('',#12382,#12383,#12384);
#12386=PLANE('',#12385);
#12387=ORIENTED_EDGE('',*,*,#12190,.F.);
#12388=ORIENTED_EDGE('',*,*,#11525,.F.);
#12389=ORIENTED_EDGE('',*,*,#12245,.F.);
#12390=ORIENTED_EDGE('',*,*,#640,.F.);
#12391=EDGE_LOOP('',(#12387,#12388,#12389,#12390));
#12392=FACE_BOUND('',#12391,.T.);
#12393=ADVANCED_FACE('',(#12392),#12386,.T.);
#12394=CARTESIAN_POINT('',(1330.,-1411.5,4.6));
#12395=DIRECTION('',(0.,0.,-1.));
#12396=DIRECTION('',(0.,1.,0.));
#12397=AXIS2_PLACEMENT_3D('',#12394,#12395,#12396);
#12398=CYLINDRICAL_SURFACE('',#12397,2.6);
#12399=CARTESIAN_POINT('',(1330.,-1408.9,2.2));
#12400=VERTEX_POINT('',#12399);
#12401=CARTESIAN_POINT('',(1330.,-1408.9,4.6));
#12402=VERTEX_POINT('',#12401);
#12403=CARTESIAN_POINT('',(1330.,-1408.9,2.2));
#12404=DIRECTION('',(-0.,-0.,1.));
#12405=VECTOR('',#12404,2.4);
#12406=LINE('',#12403,#12405);
#12407=EDGE_CURVE('',#12400,#12402,#12406,.T.);
#12408=ORIENTED_EDGE('',*,*,#12407,.F.);
#12409=CARTESIAN_POINT('',(1332.6,-1411.5,2.2));
#12410=VERTEX_POINT('',#12409);
#12411=CARTESIAN_POINT('',(1330.,-1411.5,2.2));
#12412=DIRECTION('',(-0.,-0.,1.));
#12413=DIRECTION('',(-1.,0.,0.));
#12414=AXIS2_PLACEMENT_3D('',#12411,#12412,#12413);
#12415=CIRCLE('',#12414,2.6);
#12416=EDGE_CURVE('',#12410,#12400,#12415,.T.);
#12417=ORIENTED_EDGE('',*,*,#12416,.F.);
#12418=CARTESIAN_POINT('',(1332.6,-1411.5,4.6));
#12419=VERTEX_POINT('',#12418);
#12420=CARTESIAN_POINT('',(1332.6,-1411.5,4.6));
#12421=DIRECTION('',(-0.,-0.,-1.));
#12422=VECTOR('',#12421,2.4);
#12423=LINE('',#12420,#12422);
#12424=EDGE_CURVE('',#12419,#12410,#12423,.T.);
#12425=ORIENTED_EDGE('',*,*,#12424,.F.);
#12426=CARTESIAN_POINT('',(1330.,-1411.5,4.6));
#12427=DIRECTION('',(-0.,-0.,1.));
#12428=DIRECTION('',(-1.,0.,0.));
#12429=AXIS2_PLACEMENT_3D('',#12426,#12427,#12428);
#12430=CIRCLE('',#12429,2.6);
#12431=EDGE_CURVE('',#12419,#12402,#12430,.T.);
#12432=ORIENTED_EDGE('',*,*,#12431,.T.);
#12433=EDGE_LOOP('',(#12408,#12417,#12425,#12432));
#12434=FACE_BOUND('',#12433,.T.);
#12435=ADVANCED_FACE('',(#12434),#12398,.F.);
#12436=CARTESIAN_POINT('',(1316.,-1400.,4.6));
#12437=DIRECTION('',(0.,0.,1.));
#12438=DIRECTION('',(0.,-1.,0.));
#12439=AXIS2_PLACEMENT_3D('',#12436,#12437,#12438);
#12440=PLANE('',#12439);
#12441=ORIENTED_EDGE('',*,*,#6997,.F.);
#12442=CARTESIAN_POINT('',(1327.681567612,-1413.725442863,4.6));
#12443=VERTEX_POINT('',#12442);
#12444=CARTESIAN_POINT('',(1327.432776641,-1413.75,4.6));
#12445=DIRECTION('',(0.,0.,-1.));
#12446=DIRECTION('',(-1.,0.,0.));
#12447=AXIS2_PLACEMENT_3D('',#12444,#12445,#12446);
#12448=CIRCLE('',#12447,0.25);
#12449=EDGE_CURVE('',#12443,#6990,#12448,.T.);
#12450=ORIENTED_EDGE('',*,*,#12449,.F.);
#12451=CARTESIAN_POINT('',(1327.444776535,-1412.843880461,4.6));
#12452=VERTEX_POINT('',#12451);
#12453=CARTESIAN_POINT('',(1324.9,-1414.,4.6));
#12454=DIRECTION('',(-0.,-0.,1.));
#12455=DIRECTION('',(-1.,0.,0.));
#12456=AXIS2_PLACEMENT_3D('',#12453,#12454,#12455);
#12457=CIRCLE('',#12456,2.795084972);
#12458=EDGE_CURVE('',#12443,#12452,#12457,.T.);
#12459=ORIENTED_EDGE('',*,*,#12458,.T.);
#12460=CARTESIAN_POINT('',(1327.4,-1412.63706751,4.6));
#12461=VERTEX_POINT('',#12460);
#12462=CARTESIAN_POINT('',(1327.9,-1412.63706751,4.6));
#12463=DIRECTION('',(-0.,-0.,1.));
#12464=DIRECTION('',(-1.,0.,0.));
#12465=AXIS2_PLACEMENT_3D('',#12462,#12463,#12464);
#12466=CIRCLE('',#12465,0.5);
#12467=EDGE_CURVE('',#12461,#12452,#12466,.T.);
#12468=ORIENTED_EDGE('',*,*,#12467,.F.);
#12469=CARTESIAN_POINT('',(1327.4,-1411.5,4.6));
#12470=VERTEX_POINT('',#12469);
#12471=CARTESIAN_POINT('',(1327.4,-1411.5,4.6));
#12472=DIRECTION('',(0.,-1.,0.));
#12473=VECTOR('',#12472,1.13706751);
#12474=LINE('',#12471,#12473);
#12475=EDGE_CURVE('',#12470,#12461,#12474,.T.);
#12476=ORIENTED_EDGE('',*,*,#12475,.F.);
#12477=CARTESIAN_POINT('',(1330.,-1411.5,4.6));
#12478=DIRECTION('',(-0.,-0.,1.));
#12479=DIRECTION('',(-1.,0.,0.));
#12480=AXIS2_PLACEMENT_3D('',#12477,#12478,#12479);
#12481=CIRCLE('',#12480,2.6);
#12482=EDGE_CURVE('',#12402,#12470,#12481,.T.);
#12483=ORIENTED_EDGE('',*,*,#12482,.F.);
#12484=ORIENTED_EDGE('',*,*,#12431,.F.);
#12485=CARTESIAN_POINT('',(1332.6,-1412.63706751,4.6));
#12486=VERTEX_POINT('',#12485);
#12487=CARTESIAN_POINT('',(1332.6,-1411.5,4.6));
#12488=DIRECTION('',(0.,-1.,0.));
#12489=VECTOR('',#12488,1.13706751);
#12490=LINE('',#12487,#12489);
#12491=EDGE_CURVE('',#12419,#12486,#12490,.T.);
#12492=ORIENTED_EDGE('',*,*,#12491,.T.);
#12493=CARTESIAN_POINT('',(1332.555223465,-1412.843880461,4.6));
#12494=VERTEX_POINT('',#12493);
#12495=CARTESIAN_POINT('',(1332.1,-1412.63706751,4.6));
#12496=DIRECTION('',(-0.,-0.,1.));
#12497=DIRECTION('',(-1.,0.,0.));
#12498=AXIS2_PLACEMENT_3D('',#12495,#12496,#12497);
#12499=CIRCLE('',#12498,0.5);
#12500=EDGE_CURVE('',#12494,#12486,#12499,.T.);
#12501=ORIENTED_EDGE('',*,*,#12500,.F.);
#12502=CARTESIAN_POINT('',(1332.318432388,-1413.725442863,4.6));
#12503=VERTEX_POINT('',#12502);
#12504=CARTESIAN_POINT('',(1335.1,-1414.,4.6));
#12505=DIRECTION('',(-0.,-0.,1.));
#12506=DIRECTION('',(-1.,0.,0.));
#12507=AXIS2_PLACEMENT_3D('',#12504,#12505,#12506);
#12508=CIRCLE('',#12507,2.795084972);
#12509=EDGE_CURVE('',#12494,#12503,#12508,.T.);
#12510=ORIENTED_EDGE('',*,*,#12509,.T.);
#12511=CARTESIAN_POINT('',(1332.567223359,-1413.75,4.6));
#12512=DIRECTION('',(0.,0.,-1.));
#12513=DIRECTION('',(-1.,0.,0.));
#12514=AXIS2_PLACEMENT_3D('',#12511,#12512,#12513);
#12515=CIRCLE('',#12514,0.25);
#12516=EDGE_CURVE('',#6992,#12503,#12515,.T.);
#12517=ORIENTED_EDGE('',*,*,#12516,.F.);
#12518=EDGE_LOOP('',(#12441,#12450,#12459,#12468,#12476,#12483,#12484,#12492,#12501,#12510,#12517));
#12519=FACE_BOUND('',#12518,.T.);
#12520=ADVANCED_FACE('',(#12519),#12440,.F.);
#12521=CARTESIAN_POINT('',(1316.,-1400.,2.2));
#12522=DIRECTION('',(0.,0.,1.));
#12523=DIRECTION('',(0.,-1.,0.));
#12524=AXIS2_PLACEMENT_3D('',#12521,#12522,#12523);
#12525=PLANE('',#12524);
#12526=ORIENTED_EDGE('',*,*,#7013,.T.);
#12527=CARTESIAN_POINT('',(1332.318432388,-1413.725442863,2.2));
#12528=VERTEX_POINT('',#12527);
#12529=CARTESIAN_POINT('',(1332.567223359,-1413.75,2.2));
#12530=DIRECTION('',(-0.,-0.,1.));
#12531=DIRECTION('',(-1.,0.,0.));
#12532=AXIS2_PLACEMENT_3D('',#12529,#12530,#12531);
#12533=CIRCLE('',#12532,0.25);
#12534=EDGE_CURVE('',#12528,#7000,#12533,.T.);
#12535=ORIENTED_EDGE('',*,*,#12534,.F.);
#12536=CARTESIAN_POINT('',(1332.555223465,-1412.843880461,2.2));
#12537=VERTEX_POINT('',#12536);
#12538=CARTESIAN_POINT('',(1335.1,-1414.,2.2));
#12539=DIRECTION('',(-0.,-0.,1.));
#12540=DIRECTION('',(-1.,0.,0.));
#12541=AXIS2_PLACEMENT_3D('',#12538,#12539,#12540);
#12542=CIRCLE('',#12541,2.795084972);
#12543=EDGE_CURVE('',#12537,#12528,#12542,.T.);
#12544=ORIENTED_EDGE('',*,*,#12543,.F.);
#12545=CARTESIAN_POINT('',(1332.6,-1412.63706751,2.2));
#12546=VERTEX_POINT('',#12545);
#12547=CARTESIAN_POINT('',(1332.1,-1412.63706751,2.2));
#12548=DIRECTION('',(0.,0.,-1.));
#12549=DIRECTION('',(-1.,0.,0.));
#12550=AXIS2_PLACEMENT_3D('',#12547,#12548,#12549);
#12551=CIRCLE('',#12550,0.5);
#12552=EDGE_CURVE('',#12546,#12537,#12551,.T.);
#12553=ORIENTED_EDGE('',*,*,#12552,.F.);
#12554=CARTESIAN_POINT('',(1332.6,-1411.5,2.2));
#12555=DIRECTION('',(0.,-1.,0.));
#12556=VECTOR('',#12555,1.13706751);
#12557=LINE('',#12554,#12556);
#12558=EDGE_CURVE('',#12410,#12546,#12557,.T.);
#12559=ORIENTED_EDGE('',*,*,#12558,.F.);
#12560=ORIENTED_EDGE('',*,*,#12416,.T.);
#12561=CARTESIAN_POINT('',(1327.4,-1411.5,2.2));
#12562=VERTEX_POINT('',#12561);
#12563=CARTESIAN_POINT('',(1330.,-1411.5,2.2));
#12564=DIRECTION('',(-0.,-0.,1.));
#12565=DIRECTION('',(-1.,0.,0.));
#12566=AXIS2_PLACEMENT_3D('',#12563,#12564,#12565);
#12567=CIRCLE('',#12566,2.6);
#12568=EDGE_CURVE('',#12400,#12562,#12567,.T.);
#12569=ORIENTED_EDGE('',*,*,#12568,.T.);
#12570=CARTESIAN_POINT('',(1327.4,-1412.63706751,2.2));
#12571=VERTEX_POINT('',#12570);
#12572=CARTESIAN_POINT('',(1327.4,-1411.5,2.2));
#12573=DIRECTION('',(0.,-1.,0.));
#12574=VECTOR('',#12573,1.13706751);
#12575=LINE('',#12572,#12574);
#12576=EDGE_CURVE('',#12562,#12571,#12575,.T.);
#12577=ORIENTED_EDGE('',*,*,#12576,.T.);
#12578=CARTESIAN_POINT('',(1327.444776535,-1412.843880461,2.2));
#12579=VERTEX_POINT('',#12578);
#12580=CARTESIAN_POINT('',(1327.9,-1412.63706751,2.2));
#12581=DIRECTION('',(0.,0.,-1.));
#12582=DIRECTION('',(-1.,0.,0.));
#12583=AXIS2_PLACEMENT_3D('',#12580,#12581,#12582);
#12584=CIRCLE('',#12583,0.5);
#12585=EDGE_CURVE('',#12579,#12571,#12584,.T.);
#12586=ORIENTED_EDGE('',*,*,#12585,.F.);
#12587=CARTESIAN_POINT('',(1327.681567612,-1413.725442863,2.2));
#12588=VERTEX_POINT('',#12587);
#12589=CARTESIAN_POINT('',(1324.9,-1414.,2.2));
#12590=DIRECTION('',(-0.,-0.,1.));
#12591=DIRECTION('',(-1.,0.,0.));
#12592=AXIS2_PLACEMENT_3D('',#12589,#12590,#12591);
#12593=CIRCLE('',#12592,2.795084972);
#12594=EDGE_CURVE('',#12588,#12579,#12593,.T.);
#12595=ORIENTED_EDGE('',*,*,#12594,.F.);
#12596=CARTESIAN_POINT('',(1327.432776641,-1413.75,2.2));
#12597=DIRECTION('',(-0.,-0.,1.));
#12598=DIRECTION('',(-1.,0.,0.));
#12599=AXIS2_PLACEMENT_3D('',#12596,#12597,#12598);
#12600=CIRCLE('',#12599,0.25);
#12601=EDGE_CURVE('',#7008,#12588,#12600,.T.);
#12602=ORIENTED_EDGE('',*,*,#12601,.F.);
#12603=EDGE_LOOP('',(#12526,#12535,#12544,#12553,#12559,#12560,#12569,#12577,#12586,#12595,#12602));
#12604=FACE_BOUND('',#12603,.T.);
#12605=ADVANCED_FACE('',(#12604),#12525,.T.);
#12606=CARTESIAN_POINT('',(1327.9,-1412.63706751,4.6));
#12607=DIRECTION('',(0.,0.,-1.));
#12608=DIRECTION('',(0.,1.,0.));
#12609=AXIS2_PLACEMENT_3D('',#12606,#12607,#12608);
#12610=CYLINDRICAL_SURFACE('',#12609,0.5);
#12611=ORIENTED_EDGE('',*,*,#12467,.T.);
#12612=CARTESIAN_POINT('',(1327.444776535,-1412.843880461,4.6));
#12613=DIRECTION('',(0.,0.,-1.));
#12614=VECTOR('',#12613,2.4);
#12615=LINE('',#12612,#12614);
#12616=EDGE_CURVE('',#12452,#12579,#12615,.T.);
#12617=ORIENTED_EDGE('',*,*,#12616,.T.);
#12618=ORIENTED_EDGE('',*,*,#12585,.T.);
#12619=CARTESIAN_POINT('',(1327.4,-1412.63706751,2.2));
#12620=DIRECTION('',(-0.,-0.,1.));
#12621=VECTOR('',#12620,2.4);
#12622=LINE('',#12619,#12621);
#12623=EDGE_CURVE('',#12571,#12461,#12622,.T.);
#12624=ORIENTED_EDGE('',*,*,#12623,.T.);
#12625=EDGE_LOOP('',(#12611,#12617,#12618,#12624));
#12626=FACE_BOUND('',#12625,.T.);
#12627=ADVANCED_FACE('',(#12626),#12610,.F.);
#12628=CARTESIAN_POINT('',(1327.4,-1412.125,4.6));
#12629=DIRECTION('',(1.,0.,0.));
#12630=DIRECTION('',(0.,0.,1.));
#12631=AXIS2_PLACEMENT_3D('',#12628,#12629,#12630);
#12632=PLANE('',#12631);
#12633=ORIENTED_EDGE('',*,*,#12576,.F.);
#12634=CARTESIAN_POINT('',(1327.4,-1411.5,4.6));
#12635=DIRECTION('',(0.,0.,-1.));
#12636=VECTOR('',#12635,2.4);
#12637=LINE('',#12634,#12636);
#12638=EDGE_CURVE('',#12470,#12562,#12637,.T.);
#12639=ORIENTED_EDGE('',*,*,#12638,.F.);
#12640=ORIENTED_EDGE('',*,*,#12475,.T.);
#12641=ORIENTED_EDGE('',*,*,#12623,.F.);
#12642=EDGE_LOOP('',(#12633,#12639,#12640,#12641));
#12643=FACE_BOUND('',#12642,.T.);
#12644=ADVANCED_FACE('',(#12643),#12632,.T.);
#12645=CARTESIAN_POINT('',(1324.9,-1414.,4.6));
#12646=DIRECTION('',(0.,0.,-1.));
#12647=DIRECTION('',(0.,1.,0.));
#12648=AXIS2_PLACEMENT_3D('',#12645,#12646,#12647);
#12649=CYLINDRICAL_SURFACE('',#12648,2.795084972);
#12650=ORIENTED_EDGE('',*,*,#12458,.F.);
#12651=CARTESIAN_POINT('',(1327.681567612,-1413.725442863,2.2));
#12652=DIRECTION('',(-0.,-0.,1.));
#12653=VECTOR('',#12652,2.4);
#12654=LINE('',#12651,#12653);
#12655=EDGE_CURVE('',#12588,#12443,#12654,.T.);
#12656=ORIENTED_EDGE('',*,*,#12655,.F.);
#12657=ORIENTED_EDGE('',*,*,#12594,.T.);
#12658=ORIENTED_EDGE('',*,*,#12616,.F.);
#12659=EDGE_LOOP('',(#12650,#12656,#12657,#12658));
#12660=FACE_BOUND('',#12659,.T.);
#12661=ADVANCED_FACE('',(#12660),#12649,.T.);
#12662=CARTESIAN_POINT('',(1327.432776641,-1413.75,4.6));
#12663=DIRECTION('',(0.,0.,-1.));
#12664=DIRECTION('',(0.,1.,0.));
#12665=AXIS2_PLACEMENT_3D('',#12662,#12663,#12664);
#12666=CYLINDRICAL_SURFACE('',#12665,0.25);
#12667=ORIENTED_EDGE('',*,*,#12449,.T.);
#12668=ORIENTED_EDGE('',*,*,#7019,.T.);
#12669=ORIENTED_EDGE('',*,*,#12601,.T.);
#12670=ORIENTED_EDGE('',*,*,#12655,.T.);
#12671=EDGE_LOOP('',(#12667,#12668,#12669,#12670));
#12672=FACE_BOUND('',#12671,.T.);
#12673=ADVANCED_FACE('',(#12672),#12666,.T.);
#12674=CARTESIAN_POINT('',(1304.6,-1412.125,4.6));
#12675=DIRECTION('',(1.,0.,0.));
#12676=DIRECTION('',(0.,0.,1.));
#12677=AXIS2_PLACEMENT_3D('',#12674,#12675,#12676);
#12678=PLANE('',#12677);
#12679=ORIENTED_EDGE('',*,*,#7613,.F.);
#12680=ORIENTED_EDGE('',*,*,#7546,.T.);
#12681=ORIENTED_EDGE('',*,*,#7680,.T.);
#12682=CARTESIAN_POINT('',(1304.6,-1412.63706751,4.6));
#12683=DIRECTION('',(0.,0.,-1.));
#12684=VECTOR('',#12683,2.4);
#12685=LINE('',#12682,#12684);
#12686=EDGE_CURVE('',#7608,#7668,#12685,.T.);
#12687=ORIENTED_EDGE('',*,*,#12686,.F.);
#12688=EDGE_LOOP('',(#12679,#12680,#12681,#12687));
#12689=FACE_BOUND('',#12688,.T.);
#12690=ADVANCED_FACE('',(#12689),#12678,.F.);
#12691=CARTESIAN_POINT('',(1304.1,-1412.63706751,4.6));
#12692=DIRECTION('',(0.,0.,-1.));
#12693=DIRECTION('',(0.,1.,0.));
#12694=AXIS2_PLACEMENT_3D('',#12691,#12692,#12693);
#12695=CYLINDRICAL_SURFACE('',#12694,0.5);
#12696=ORIENTED_EDGE('',*,*,#7622,.T.);
#12697=ORIENTED_EDGE('',*,*,#12686,.T.);
#12698=ORIENTED_EDGE('',*,*,#7674,.T.);
#12699=CARTESIAN_POINT('',(1304.555223465,-1412.843880461,2.2));
#12700=DIRECTION('',(-0.,-0.,1.));
#12701=VECTOR('',#12700,2.4);
#12702=LINE('',#12699,#12701);
#12703=EDGE_CURVE('',#7659,#7616,#12702,.T.);
#12704=ORIENTED_EDGE('',*,*,#12703,.T.);
#12705=EDGE_LOOP('',(#12696,#12697,#12698,#12704));
#12706=FACE_BOUND('',#12705,.T.);
#12707=ADVANCED_FACE('',(#12706),#12695,.F.);
#12708=CARTESIAN_POINT('',(1307.1,-1414.,4.6));
#12709=DIRECTION('',(0.,0.,-1.));
#12710=DIRECTION('',(0.,1.,0.));
#12711=AXIS2_PLACEMENT_3D('',#12708,#12709,#12710);
#12712=CYLINDRICAL_SURFACE('',#12711,2.795084972);
#12713=ORIENTED_EDGE('',*,*,#7665,.T.);
#12714=CARTESIAN_POINT('',(1304.318432388,-1413.725442863,4.6));
#12715=DIRECTION('',(0.,0.,-1.));
#12716=VECTOR('',#12715,2.4);
#12717=LINE('',#12714,#12716);
#12718=EDGE_CURVE('',#7625,#7650,#12717,.T.);
#12719=ORIENTED_EDGE('',*,*,#12718,.F.);
#12720=ORIENTED_EDGE('',*,*,#7631,.F.);
#12721=ORIENTED_EDGE('',*,*,#12703,.F.);
#12722=EDGE_LOOP('',(#12713,#12719,#12720,#12721));
#12723=FACE_BOUND('',#12722,.T.);
#12724=ADVANCED_FACE('',(#12723),#12712,.T.);
#12725=CARTESIAN_POINT('',(1304.567223359,-1413.75,4.6));
#12726=DIRECTION('',(0.,0.,-1.));
#12727=DIRECTION('',(0.,1.,0.));
#12728=AXIS2_PLACEMENT_3D('',#12725,#12726,#12727);
#12729=CYLINDRICAL_SURFACE('',#12728,0.25);
#12730=ORIENTED_EDGE('',*,*,#7638,.T.);
#12731=ORIENTED_EDGE('',*,*,#12718,.T.);
#12732=ORIENTED_EDGE('',*,*,#7656,.T.);
#12733=ORIENTED_EDGE('',*,*,#6955,.T.);
#12734=EDGE_LOOP('',(#12730,#12731,#12732,#12733));
#12735=FACE_BOUND('',#12734,.T.);
#12736=ADVANCED_FACE('',(#12735),#12729,.T.);
#12737=CARTESIAN_POINT('',(1356.5,-1316.,2.4));
#12738=DIRECTION('',(-1.,0.,0.));
#12739=DIRECTION('',(0.,-1.,0.));
#12740=AXIS2_PLACEMENT_3D('',#12737,#12738,#12739);
#12741=PLANE('',#12740);
#12742=CARTESIAN_POINT('',(1356.5,-1308.376955262,1.4));
#12743=VERTEX_POINT('',#12742);
#12744=CARTESIAN_POINT('',(1356.5,-1306.9627417,0.4));
#12745=VERTEX_POINT('',#12744);
#12746=CARTESIAN_POINT('',(1356.5,-1308.376955262,1.4));
#12747=DIRECTION('',(0.,0.816496581,-0.577350269));
#12748=VECTOR('',#12747,1.732050807);
#12749=LINE('',#12746,#12748);
#12750=EDGE_CURVE('',#12743,#12745,#12749,.T.);
#12751=ORIENTED_EDGE('',*,*,#12750,.T.);
#12752=CARTESIAN_POINT('',(1356.5,-1325.0372583,0.4));
#12753=VERTEX_POINT('',#12752);
#12754=CARTESIAN_POINT('',(1356.5,-1306.9627417,0.4));
#12755=DIRECTION('',(0.,-1.,0.));
#12756=VECTOR('',#12755,18.0745166);
#12757=LINE('',#12754,#12756);
#12758=EDGE_CURVE('',#12745,#12753,#12757,.T.);
#12759=ORIENTED_EDGE('',*,*,#12758,.T.);
#12760=CARTESIAN_POINT('',(1356.5,-1323.623044738,1.4));
#12761=VERTEX_POINT('',#12760);
#12762=CARTESIAN_POINT('',(1356.5,-1325.0372583,0.4));
#12763=DIRECTION('',(0.,0.816496581,0.577350269));
#12764=VECTOR('',#12763,1.732050807);
#12765=LINE('',#12762,#12764);
#12766=EDGE_CURVE('',#12753,#12761,#12765,.T.);
#12767=ORIENTED_EDGE('',*,*,#12766,.T.);
#12768=CARTESIAN_POINT('',(1356.5,-1323.623044738,1.4));
#12769=DIRECTION('',(-0.,1.,-0.));
#12770=VECTOR('',#12769,15.246089476);
#12771=LINE('',#12768,#12770);
#12772=EDGE_CURVE('',#12761,#12743,#12771,.T.);
#12773=ORIENTED_EDGE('',*,*,#12772,.T.);
#12774=EDGE_LOOP('',(#12751,#12759,#12767,#12773));
#12775=FACE_BOUND('',#12774,.T.);
#12776=ADVANCED_FACE('',(#12775),#12741,.T.);
#12777=CARTESIAN_POINT('',(1356.5,-1316.,1.4));
#12778=DIRECTION('',(0.819231921,0.,-0.573462344));
#12779=DIRECTION('',(0.,1.,0.));
#12780=AXIS2_PLACEMENT_3D('',#12777,#12778,#12779);
#12781=PLANE('',#12780);
#12782=CARTESIAN_POINT('',(1357.2,-1322.923044738,2.4));
#12783=VERTEX_POINT('',#12782);
#12784=CARTESIAN_POINT('',(1357.2,-1322.923044738,2.4));
#12785=DIRECTION('',(-0.497468338,-0.497468338,-0.710669055));
#12786=VECTOR('',#12785,1.407124728);
#12787=LINE('',#12784,#12786);
#12788=EDGE_CURVE('',#12783,#12761,#12787,.T.);
#12789=ORIENTED_EDGE('',*,*,#12788,.F.);
#12790=CARTESIAN_POINT('',(1357.2,-1309.076955262,2.4));
#12791=VERTEX_POINT('',#12790);
#12792=CARTESIAN_POINT('',(1357.199999999,-1322.923044738,2.4));
#12793=DIRECTION('',(0.,1.,0.));
#12794=VECTOR('',#12793,13.846089476);
#12795=LINE('',#12792,#12794);
#12796=EDGE_CURVE('',#12783,#12791,#12795,.T.);
#12797=ORIENTED_EDGE('',*,*,#12796,.T.);
#12798=CARTESIAN_POINT('',(1356.5,-1308.376955262,1.4));
#12799=DIRECTION('',(0.497468338,-0.497468338,0.710669055));
#12800=VECTOR('',#12799,1.407124728);
#12801=LINE('',#12798,#12800);
#12802=EDGE_CURVE('',#12743,#12791,#12801,.T.);
#12803=ORIENTED_EDGE('',*,*,#12802,.F.);
#12804=ORIENTED_EDGE('',*,*,#12772,.F.);
#12805=EDGE_LOOP('',(#12789,#12797,#12803,#12804));
#12806=FACE_BOUND('',#12805,.T.);
#12807=ADVANCED_FACE('',(#12806),#12781,.F.);
#12808=CARTESIAN_POINT('',(1357.2,-1316.,6.8));
#12809=DIRECTION('',(-1.,0.,0.));
#12810=DIRECTION('',(0.,-1.,0.));
#12811=AXIS2_PLACEMENT_3D('',#12808,#12809,#12810);
#12812=PLANE('',#12811);
#12813=ORIENTED_EDGE('',*,*,#12796,.F.);
#12814=CARTESIAN_POINT('',(1357.2,-1322.923044738,4.4));
#12815=VERTEX_POINT('',#12814);
#12816=CARTESIAN_POINT('',(1357.2,-1322.923044738,4.4));
#12817=DIRECTION('',(-0.,-0.,-1.));
#12818=VECTOR('',#12817,2.);
#12819=LINE('',#12816,#12818);
#12820=EDGE_CURVE('',#12815,#12783,#12819,.T.);
#12821=ORIENTED_EDGE('',*,*,#12820,.F.);
#12822=CARTESIAN_POINT('',(1357.2,-1309.076955262,4.4));
#12823=VERTEX_POINT('',#12822);
#12824=CARTESIAN_POINT('',(1357.2,-1322.923044738,4.4));
#12825=DIRECTION('',(-0.,1.,-0.));
#12826=VECTOR('',#12825,13.846089476);
#12827=LINE('',#12824,#12826);
#12828=EDGE_CURVE('',#12815,#12823,#12827,.T.);
#12829=ORIENTED_EDGE('',*,*,#12828,.T.);
#12830=CARTESIAN_POINT('',(1357.2,-1309.076955262,4.4));
#12831=DIRECTION('',(-0.,-0.,-1.));
#12832=VECTOR('',#12831,2.);
#12833=LINE('',#12830,#12832);
#12834=EDGE_CURVE('',#12823,#12791,#12833,.T.);
#12835=ORIENTED_EDGE('',*,*,#12834,.T.);
#12836=EDGE_LOOP('',(#12813,#12821,#12829,#12835));
#12837=FACE_BOUND('',#12836,.T.);
#12838=ADVANCED_FACE('',(#12837),#12812,.T.);
#12839=CARTESIAN_POINT('',(1356.85,-1308.726955262,6.8));
#12840=DIRECTION('',(-0.707106781,-0.707106781,0.));
#12841=DIRECTION('',(0.707106781,-0.707106781,0.));
#12842=AXIS2_PLACEMENT_3D('',#12839,#12840,#12841);
#12843=PLANE('',#12842);
#12844=CARTESIAN_POINT('',(1356.5,-1308.376955262,5.4));
#12845=VERTEX_POINT('',#12844);
#12846=CARTESIAN_POINT('',(1357.2,-1309.076955262,4.4));
#12847=DIRECTION('',(-0.497468338,0.497468338,0.710669055));
#12848=VECTOR('',#12847,1.407124728);
#12849=LINE('',#12846,#12848);
#12850=EDGE_CURVE('',#12823,#12845,#12849,.T.);
#12851=ORIENTED_EDGE('',*,*,#12850,.T.);
#12852=CARTESIAN_POINT('',(1351.623044738,-1303.5,5.4));
#12853=VERTEX_POINT('',#12852);
#12854=CARTESIAN_POINT('',(1356.5,-1308.376955262,5.4));
#12855=DIRECTION('',(-0.707106781,0.707106781,-0.));
#12856=VECTOR('',#12855,6.897056275);
#12857=LINE('',#12854,#12856);
#12858=EDGE_CURVE('',#12845,#12853,#12857,.T.);
#12859=ORIENTED_EDGE('',*,*,#12858,.T.);
#12860=CARTESIAN_POINT('',(1350.923044738,-1302.8,4.4));
#12861=VERTEX_POINT('',#12860);
#12862=CARTESIAN_POINT('',(1351.623044738,-1303.5,5.4));
#12863=DIRECTION('',(-0.497468338,0.497468338,-0.710669055));
#12864=VECTOR('',#12863,1.407124728);
#12865=LINE('',#12862,#12864);
#12866=EDGE_CURVE('',#12853,#12861,#12865,.T.);
#12867=ORIENTED_EDGE('',*,*,#12866,.T.);
#12868=CARTESIAN_POINT('',(1350.923044738,-1302.8,2.4));
#12869=VERTEX_POINT('',#12868);
#12870=CARTESIAN_POINT('',(1350.923044738,-1302.8,4.4));
#12871=DIRECTION('',(-0.,-0.,-1.));
#12872=VECTOR('',#12871,2.);
#12873=LINE('',#12870,#12872);
#12874=EDGE_CURVE('',#12861,#12869,#12873,.T.);
#12875=ORIENTED_EDGE('',*,*,#12874,.T.);
#12876=CARTESIAN_POINT('',(1351.623044738,-1303.5,1.4));
#12877=VERTEX_POINT('',#12876);
#12878=CARTESIAN_POINT('',(1350.923044738,-1302.8,2.4));
#12879=DIRECTION('',(0.497468338,-0.497468338,-0.710669055));
#12880=VECTOR('',#12879,1.407124728);
#12881=LINE('',#12878,#12880);
#12882=EDGE_CURVE('',#12869,#12877,#12881,.T.);
#12883=ORIENTED_EDGE('',*,*,#12882,.T.);
#12884=CARTESIAN_POINT('',(1351.623044738,-1303.5,1.4));
#12885=DIRECTION('',(0.707106781,-0.707106781,0.));
#12886=VECTOR('',#12885,6.897056275);
#12887=LINE('',#12884,#12886);
#12888=EDGE_CURVE('',#12877,#12743,#12887,.T.);
#12889=ORIENTED_EDGE('',*,*,#12888,.T.);
#12890=ORIENTED_EDGE('',*,*,#12802,.T.);
#12891=ORIENTED_EDGE('',*,*,#12834,.F.);
#12892=EDGE_LOOP('',(#12851,#12859,#12867,#12875,#12883,#12889,#12890,#12891));
#12893=FACE_BOUND('',#12892,.T.);
#12894=ADVANCED_FACE('',(#12893),#12843,.T.);
#12895=CARTESIAN_POINT('',(1344.,-1328.5,2.4));
#12896=DIRECTION('',(0.,1.,0.));
#12897=DIRECTION('',(-1.,0.,0.));
#12898=AXIS2_PLACEMENT_3D('',#12895,#12896,#12897);
#12899=PLANE('',#12898);
#12900=CARTESIAN_POINT('',(1351.623044738,-1328.5,1.4));
#12901=VERTEX_POINT('',#12900);
#12902=CARTESIAN_POINT('',(1353.0372583,-1328.5,0.4));
#12903=VERTEX_POINT('',#12902);
#12904=CARTESIAN_POINT('',(1351.623044738,-1328.5,1.4));
#12905=DIRECTION('',(0.816496581,0.,-0.577350269));
#12906=VECTOR('',#12905,1.732050807);
#12907=LINE('',#12904,#12906);
#12908=EDGE_CURVE('',#12901,#12903,#12907,.T.);
#12909=ORIENTED_EDGE('',*,*,#12908,.T.);
#12910=CARTESIAN_POINT('',(1334.9627417,-1328.5,0.4));
#12911=VERTEX_POINT('',#12910);
#12912=CARTESIAN_POINT('',(1353.0372583,-1328.5,0.4));
#12913=DIRECTION('',(-1.,0.,0.));
#12914=VECTOR('',#12913,18.0745166);
#12915=LINE('',#12912,#12914);
#12916=EDGE_CURVE('',#12903,#12911,#12915,.T.);
#12917=ORIENTED_EDGE('',*,*,#12916,.T.);
#12918=CARTESIAN_POINT('',(1336.376955262,-1328.5,1.4));
#12919=VERTEX_POINT('',#12918);
#12920=CARTESIAN_POINT('',(1334.9627417,-1328.5,0.4));
#12921=DIRECTION('',(0.816496581,0.,0.577350269));
#12922=VECTOR('',#12921,1.732050807);
#12923=LINE('',#12920,#12922);
#12924=EDGE_CURVE('',#12911,#12919,#12923,.T.);
#12925=ORIENTED_EDGE('',*,*,#12924,.T.);
#12926=CARTESIAN_POINT('',(1336.376955262,-1328.5,1.4));
#12927=DIRECTION('',(1.,-0.,-0.));
#12928=VECTOR('',#12927,15.246089476);
#12929=LINE('',#12926,#12928);
#12930=EDGE_CURVE('',#12919,#12901,#12929,.T.);
#12931=ORIENTED_EDGE('',*,*,#12930,.T.);
#12932=EDGE_LOOP('',(#12909,#12917,#12925,#12931));
#12933=FACE_BOUND('',#12932,.T.);
#12934=ADVANCED_FACE('',(#12933),#12899,.T.);
#12935=CARTESIAN_POINT('',(1344.,-1328.5,1.4));
#12936=DIRECTION('',(0.,-0.819231921,-0.573462344));
#12937=DIRECTION('',(1.,0.,0.));
#12938=AXIS2_PLACEMENT_3D('',#12935,#12936,#12937);
#12939=PLANE('',#12938);
#12940=CARTESIAN_POINT('',(1337.076955262,-1329.2,2.4));
#12941=VERTEX_POINT('',#12940);
#12942=CARTESIAN_POINT('',(1337.076955262,-1329.2,2.4));
#12943=DIRECTION('',(-0.497468338,0.497468338,-0.710669055));
#12944=VECTOR('',#12943,1.407124728);
#12945=LINE('',#12942,#12944);
#12946=EDGE_CURVE('',#12941,#12919,#12945,.T.);
#12947=ORIENTED_EDGE('',*,*,#12946,.F.);
#12948=CARTESIAN_POINT('',(1350.923044738,-1329.2,2.4));
#12949=VERTEX_POINT('',#12948);
#12950=CARTESIAN_POINT('',(1337.076955262,-1329.199999999,2.4));
#12951=DIRECTION('',(1.,0.,-0.));
#12952=VECTOR('',#12951,13.846089476);
#12953=LINE('',#12950,#12952);
#12954=EDGE_CURVE('',#12941,#12949,#12953,.T.);
#12955=ORIENTED_EDGE('',*,*,#12954,.T.);
#12956=CARTESIAN_POINT('',(1351.623044738,-1328.5,1.4));
#12957=DIRECTION('',(-0.497468338,-0.497468338,0.710669055));
#12958=VECTOR('',#12957,1.407124728);
#12959=LINE('',#12956,#12958);
#12960=EDGE_CURVE('',#12901,#12949,#12959,.T.);
#12961=ORIENTED_EDGE('',*,*,#12960,.F.);
#12962=ORIENTED_EDGE('',*,*,#12930,.F.);
#12963=EDGE_LOOP('',(#12947,#12955,#12961,#12962));
#12964=FACE_BOUND('',#12963,.T.);
#12965=ADVANCED_FACE('',(#12964),#12939,.F.);
#12966=CARTESIAN_POINT('',(1344.,-1329.2,6.8));
#12967=DIRECTION('',(0.,1.,0.));
#12968=DIRECTION('',(-1.,0.,0.));
#12969=AXIS2_PLACEMENT_3D('',#12966,#12967,#12968);
#12970=PLANE('',#12969);
#12971=ORIENTED_EDGE('',*,*,#12954,.F.);
#12972=CARTESIAN_POINT('',(1337.076955262,-1329.2,4.4));
#12973=VERTEX_POINT('',#12972);
#12974=CARTESIAN_POINT('',(1337.076955262,-1329.2,4.4));
#12975=DIRECTION('',(-0.,-0.,-1.));
#12976=VECTOR('',#12975,2.);
#12977=LINE('',#12974,#12976);
#12978=EDGE_CURVE('',#12973,#12941,#12977,.T.);
#12979=ORIENTED_EDGE('',*,*,#12978,.F.);
#12980=CARTESIAN_POINT('',(1350.923044738,-1329.2,4.4));
#12981=VERTEX_POINT('',#12980);
#12982=CARTESIAN_POINT('',(1337.076955262,-1329.2,4.4));
#12983=DIRECTION('',(1.,-0.,-0.));
#12984=VECTOR('',#12983,13.846089476);
#12985=LINE('',#12982,#12984);
#12986=EDGE_CURVE('',#12973,#12981,#12985,.T.);
#12987=ORIENTED_EDGE('',*,*,#12986,.T.);
#12988=CARTESIAN_POINT('',(1350.923044738,-1329.2,4.4));
#12989=DIRECTION('',(-0.,-0.,-1.));
#12990=VECTOR('',#12989,2.);
#12991=LINE('',#12988,#12990);
#12992=EDGE_CURVE('',#12981,#12949,#12991,.T.);
#12993=ORIENTED_EDGE('',*,*,#12992,.T.);
#12994=EDGE_LOOP('',(#12971,#12979,#12987,#12993));
#12995=FACE_BOUND('',#12994,.T.);
#12996=ADVANCED_FACE('',(#12995),#12970,.T.);
#12997=CARTESIAN_POINT('',(1351.273044738,-1328.85,6.8));
#12998=DIRECTION('',(-0.707106781,0.707106781,0.));
#12999=DIRECTION('',(-0.707106781,-0.707106781,0.));
#13000=AXIS2_PLACEMENT_3D('',#12997,#12998,#12999);
#13001=PLANE('',#13000);
#13002=CARTESIAN_POINT('',(1351.623044738,-1328.5,5.4));
#13003=VERTEX_POINT('',#13002);
#13004=CARTESIAN_POINT('',(1350.923044738,-1329.2,4.4));
#13005=DIRECTION('',(0.497468338,0.497468338,0.710669055));
#13006=VECTOR('',#13005,1.407124728);
#13007=LINE('',#13004,#13006);
#13008=EDGE_CURVE('',#12981,#13003,#13007,.T.);
#13009=ORIENTED_EDGE('',*,*,#13008,.T.);
#13010=CARTESIAN_POINT('',(1356.5,-1323.623044738,5.4));
#13011=VERTEX_POINT('',#13010);
#13012=CARTESIAN_POINT('',(1351.623044738,-1328.5,5.4));
#13013=DIRECTION('',(0.707106781,0.707106781,-0.));
#13014=VECTOR('',#13013,6.897056275);
#13015=LINE('',#13012,#13014);
#13016=EDGE_CURVE('',#13003,#13011,#13015,.T.);
#13017=ORIENTED_EDGE('',*,*,#13016,.T.);
#13018=CARTESIAN_POINT('',(1356.5,-1323.623044738,5.4));
#13019=DIRECTION('',(0.497468338,0.497468338,-0.710669055));
#13020=VECTOR('',#13019,1.407124728);
#13021=LINE('',#13018,#13020);
#13022=EDGE_CURVE('',#13011,#12815,#13021,.T.);
#13023=ORIENTED_EDGE('',*,*,#13022,.T.);
#13024=ORIENTED_EDGE('',*,*,#12820,.T.);
#13025=ORIENTED_EDGE('',*,*,#12788,.T.);
#13026=CARTESIAN_POINT('',(1356.5,-1323.623044738,1.4));
#13027=DIRECTION('',(-0.707106781,-0.707106781,0.));
#13028=VECTOR('',#13027,6.897056275);
#13029=LINE('',#13026,#13028);
#13030=EDGE_CURVE('',#12761,#12901,#13029,.T.);
#13031=ORIENTED_EDGE('',*,*,#13030,.T.);
#13032=ORIENTED_EDGE('',*,*,#12960,.T.);
#13033=ORIENTED_EDGE('',*,*,#12992,.F.);
#13034=EDGE_LOOP('',(#13009,#13017,#13023,#13024,#13025,#13031,#13032,#13033));
#13035=FACE_BOUND('',#13034,.T.);
#13036=ADVANCED_FACE('',(#13035),#13001,.T.);
#13037=CARTESIAN_POINT('',(1331.5,-1316.,2.4));
#13038=DIRECTION('',(1.,0.,0.));
#13039=DIRECTION('',(0.,1.,0.));
#13040=AXIS2_PLACEMENT_3D('',#13037,#13038,#13039);
#13041=PLANE('',#13040);
#13042=CARTESIAN_POINT('',(1331.5,-1323.623044738,1.4));
#13043=VERTEX_POINT('',#13042);
#13044=CARTESIAN_POINT('',(1331.5,-1325.0372583,0.4));
#13045=VERTEX_POINT('',#13044);
#13046=CARTESIAN_POINT('',(1331.5,-1323.623044738,1.4));
#13047=DIRECTION('',(0.,-0.816496581,-0.577350269));
#13048=VECTOR('',#13047,1.732050807);
#13049=LINE('',#13046,#13048);
#13050=EDGE_CURVE('',#13043,#13045,#13049,.T.);
#13051=ORIENTED_EDGE('',*,*,#13050,.T.);
#13052=CARTESIAN_POINT('',(1331.5,-1306.9627417,0.4));
#13053=VERTEX_POINT('',#13052);
#13054=CARTESIAN_POINT('',(1331.5,-1325.0372583,0.4));
#13055=DIRECTION('',(0.,1.,0.));
#13056=VECTOR('',#13055,18.0745166);
#13057=LINE('',#13054,#13056);
#13058=EDGE_CURVE('',#13045,#13053,#13057,.T.);
#13059=ORIENTED_EDGE('',*,*,#13058,.T.);
#13060=CARTESIAN_POINT('',(1331.5,-1308.376955262,1.4));
#13061=VERTEX_POINT('',#13060);
#13062=CARTESIAN_POINT('',(1331.5,-1306.9627417,0.4));
#13063=DIRECTION('',(0.,-0.816496581,0.577350269));
#13064=VECTOR('',#13063,1.732050807);
#13065=LINE('',#13062,#13064);
#13066=EDGE_CURVE('',#13053,#13061,#13065,.T.);
#13067=ORIENTED_EDGE('',*,*,#13066,.T.);
#13068=CARTESIAN_POINT('',(1331.5,-1308.376955262,1.4));
#13069=DIRECTION('',(-0.,-1.,-0.));
#13070=VECTOR('',#13069,15.246089476);
#13071=LINE('',#13068,#13070);
#13072=EDGE_CURVE('',#13061,#13043,#13071,.T.);
#13073=ORIENTED_EDGE('',*,*,#13072,.T.);
#13074=EDGE_LOOP('',(#13051,#13059,#13067,#13073));
#13075=FACE_BOUND('',#13074,.T.);
#13076=ADVANCED_FACE('',(#13075),#13041,.T.);
#13077=CARTESIAN_POINT('',(1331.5,-1316.,1.4));
#13078=DIRECTION('',(-0.819231921,0.,-0.573462344));
#13079=DIRECTION('',(0.,-1.,0.));
#13080=AXIS2_PLACEMENT_3D('',#13077,#13078,#13079);
#13081=PLANE('',#13080);
#13082=CARTESIAN_POINT('',(1330.8,-1309.076955262,2.4));
#13083=VERTEX_POINT('',#13082);
#13084=CARTESIAN_POINT('',(1330.8,-1309.076955262,2.4));
#13085=DIRECTION('',(0.497468338,0.497468338,-0.710669055));
#13086=VECTOR('',#13085,1.407124728);
#13087=LINE('',#13084,#13086);
#13088=EDGE_CURVE('',#13083,#13061,#13087,.T.);
#13089=ORIENTED_EDGE('',*,*,#13088,.F.);
#13090=CARTESIAN_POINT('',(1330.8,-1322.923044738,2.4));
#13091=VERTEX_POINT('',#13090);
#13092=CARTESIAN_POINT('',(1330.800000001,-1309.076955262,2.4));
#13093=DIRECTION('',(0.,-1.,0.));
#13094=VECTOR('',#13093,13.846089476);
#13095=LINE('',#13092,#13094);
#13096=EDGE_CURVE('',#13083,#13091,#13095,.T.);
#13097=ORIENTED_EDGE('',*,*,#13096,.T.);
#13098=CARTESIAN_POINT('',(1331.5,-1323.623044738,1.4));
#13099=DIRECTION('',(-0.497468338,0.497468338,0.710669055));
#13100=VECTOR('',#13099,1.407124728);
#13101=LINE('',#13098,#13100);
#13102=EDGE_CURVE('',#13043,#13091,#13101,.T.);
#13103=ORIENTED_EDGE('',*,*,#13102,.F.);
#13104=ORIENTED_EDGE('',*,*,#13072,.F.);
#13105=EDGE_LOOP('',(#13089,#13097,#13103,#13104));
#13106=FACE_BOUND('',#13105,.T.);
#13107=ADVANCED_FACE('',(#13106),#13081,.F.);
#13108=CARTESIAN_POINT('',(1330.8,-1316.,6.8));
#13109=DIRECTION('',(1.,0.,0.));
#13110=DIRECTION('',(0.,1.,0.));
#13111=AXIS2_PLACEMENT_3D('',#13108,#13109,#13110);
#13112=PLANE('',#13111);
#13113=ORIENTED_EDGE('',*,*,#13096,.F.);
#13114=CARTESIAN_POINT('',(1330.8,-1309.076955262,4.4));
#13115=VERTEX_POINT('',#13114);
#13116=CARTESIAN_POINT('',(1330.8,-1309.076955262,4.4));
#13117=DIRECTION('',(-0.,-0.,-1.));
#13118=VECTOR('',#13117,2.);
#13119=LINE('',#13116,#13118);
#13120=EDGE_CURVE('',#13115,#13083,#13119,.T.);
#13121=ORIENTED_EDGE('',*,*,#13120,.F.);
#13122=CARTESIAN_POINT('',(1330.8,-1322.923044738,4.4));
#13123=VERTEX_POINT('',#13122);
#13124=CARTESIAN_POINT('',(1330.8,-1309.076955262,4.4));
#13125=DIRECTION('',(-0.,-1.,-0.));
#13126=VECTOR('',#13125,13.846089476);
#13127=LINE('',#13124,#13126);
#13128=EDGE_CURVE('',#13115,#13123,#13127,.T.);
#13129=ORIENTED_EDGE('',*,*,#13128,.T.);
#13130=CARTESIAN_POINT('',(1330.8,-1322.923044738,4.4));
#13131=DIRECTION('',(-0.,-0.,-1.));
#13132=VECTOR('',#13131,2.);
#13133=LINE('',#13130,#13132);
#13134=EDGE_CURVE('',#13123,#13091,#13133,.T.);
#13135=ORIENTED_EDGE('',*,*,#13134,.T.);
#13136=EDGE_LOOP('',(#13113,#13121,#13129,#13135));
#13137=FACE_BOUND('',#13136,.T.);
#13138=ADVANCED_FACE('',(#13137),#13112,.T.);
#13139=CARTESIAN_POINT('',(1331.15,-1323.273044738,6.8));
#13140=DIRECTION('',(0.707106781,0.707106781,0.));
#13141=DIRECTION('',(-0.707106781,0.707106781,0.));
#13142=AXIS2_PLACEMENT_3D('',#13139,#13140,#13141);
#13143=PLANE('',#13142);
#13144=ORIENTED_EDGE('',*,*,#12946,.T.);
#13145=CARTESIAN_POINT('',(1336.376955262,-1328.5,1.4));
#13146=DIRECTION('',(-0.707106781,0.707106781,0.));
#13147=VECTOR('',#13146,6.897056275);
#13148=LINE('',#13145,#13147);
#13149=EDGE_CURVE('',#12919,#13043,#13148,.T.);
#13150=ORIENTED_EDGE('',*,*,#13149,.T.);
#13151=ORIENTED_EDGE('',*,*,#13102,.T.);
#13152=ORIENTED_EDGE('',*,*,#13134,.F.);
#13153=CARTESIAN_POINT('',(1331.5,-1323.623044738,5.4));
#13154=VERTEX_POINT('',#13153);
#13155=CARTESIAN_POINT('',(1330.8,-1322.923044738,4.4));
#13156=DIRECTION('',(0.497468338,-0.497468338,0.710669055));
#13157=VECTOR('',#13156,1.407124728);
#13158=LINE('',#13155,#13157);
#13159=EDGE_CURVE('',#13123,#13154,#13158,.T.);
#13160=ORIENTED_EDGE('',*,*,#13159,.T.);
#13161=CARTESIAN_POINT('',(1336.376955262,-1328.5,5.4));
#13162=VERTEX_POINT('',#13161);
#13163=CARTESIAN_POINT('',(1331.5,-1323.623044738,5.4));
#13164=DIRECTION('',(0.707106781,-0.707106781,-0.));
#13165=VECTOR('',#13164,6.897056275);
#13166=LINE('',#13163,#13165);
#13167=EDGE_CURVE('',#13154,#13162,#13166,.T.);
#13168=ORIENTED_EDGE('',*,*,#13167,.T.);
#13169=CARTESIAN_POINT('',(1336.376955262,-1328.5,5.4));
#13170=DIRECTION('',(0.497468338,-0.497468338,-0.710669055));
#13171=VECTOR('',#13170,1.407124728);
#13172=LINE('',#13169,#13171);
#13173=EDGE_CURVE('',#13162,#12973,#13172,.T.);
#13174=ORIENTED_EDGE('',*,*,#13173,.T.);
#13175=ORIENTED_EDGE('',*,*,#12978,.T.);
#13176=EDGE_LOOP('',(#13144,#13150,#13151,#13152,#13160,#13168,#13174,#13175));
#13177=FACE_BOUND('',#13176,.T.);
#13178=ADVANCED_FACE('',(#13177),#13143,.T.);
#13179=CARTESIAN_POINT('',(1344.,-1303.5,2.4));
#13180=DIRECTION('',(0.,-1.,0.));
#13181=DIRECTION('',(1.,0.,0.));
#13182=AXIS2_PLACEMENT_3D('',#13179,#13180,#13181);
#13183=PLANE('',#13182);
#13184=CARTESIAN_POINT('',(1336.376955262,-1303.5,1.4));
#13185=VERTEX_POINT('',#13184);
#13186=CARTESIAN_POINT('',(1334.9627417,-1303.5,0.4));
#13187=VERTEX_POINT('',#13186);
#13188=CARTESIAN_POINT('',(1336.376955262,-1303.5,1.4));
#13189=DIRECTION('',(-0.816496581,0.,-0.577350269));
#13190=VECTOR('',#13189,1.732050807);
#13191=LINE('',#13188,#13190);
#13192=EDGE_CURVE('',#13185,#13187,#13191,.T.);
#13193=ORIENTED_EDGE('',*,*,#13192,.T.);
#13194=CARTESIAN_POINT('',(1353.0372583,-1303.5,0.4));
#13195=VERTEX_POINT('',#13194);
#13196=CARTESIAN_POINT('',(1334.9627417,-1303.5,0.4));
#13197=DIRECTION('',(1.,0.,-0.));
#13198=VECTOR('',#13197,18.0745166);
#13199=LINE('',#13196,#13198);
#13200=EDGE_CURVE('',#13187,#13195,#13199,.T.);
#13201=ORIENTED_EDGE('',*,*,#13200,.T.);
#13202=CARTESIAN_POINT('',(1353.0372583,-1303.5,0.4));
#13203=DIRECTION('',(-0.816496581,0.,0.577350269));
#13204=VECTOR('',#13203,1.732050807);
#13205=LINE('',#13202,#13204);
#13206=EDGE_CURVE('',#13195,#12877,#13205,.T.);
#13207=ORIENTED_EDGE('',*,*,#13206,.T.);
#13208=CARTESIAN_POINT('',(1351.623044738,-1303.5,1.4));
#13209=DIRECTION('',(-1.,-0.,0.));
#13210=VECTOR('',#13209,15.246089476);
#13211=LINE('',#13208,#13210);
#13212=EDGE_CURVE('',#12877,#13185,#13211,.T.);
#13213=ORIENTED_EDGE('',*,*,#13212,.T.);
#13214=EDGE_LOOP('',(#13193,#13201,#13207,#13213));
#13215=FACE_BOUND('',#13214,.T.);
#13216=ADVANCED_FACE('',(#13215),#13183,.T.);
#13217=CARTESIAN_POINT('',(1344.,-1303.5,1.4));
#13218=DIRECTION('',(0.,0.819231921,-0.573462344));
#13219=DIRECTION('',(-1.,0.,0.));
#13220=AXIS2_PLACEMENT_3D('',#13217,#13218,#13219);
#13221=PLANE('',#13220);
#13222=ORIENTED_EDGE('',*,*,#12882,.F.);
#13223=CARTESIAN_POINT('',(1337.076955262,-1302.8,2.4));
#13224=VERTEX_POINT('',#13223);
#13225=CARTESIAN_POINT('',(1350.923044738,-1302.800000001,2.4));
#13226=DIRECTION('',(-1.,0.,0.));
#13227=VECTOR('',#13226,13.846089476);
#13228=LINE('',#13225,#13227);
#13229=EDGE_CURVE('',#12869,#13224,#13228,.T.);
#13230=ORIENTED_EDGE('',*,*,#13229,.T.);
#13231=CARTESIAN_POINT('',(1336.376955262,-1303.5,1.4));
#13232=DIRECTION('',(0.497468338,0.497468338,0.710669055));
#13233=VECTOR('',#13232,1.407124728);
#13234=LINE('',#13231,#13233);
#13235=EDGE_CURVE('',#13185,#13224,#13234,.T.);
#13236=ORIENTED_EDGE('',*,*,#13235,.F.);
#13237=ORIENTED_EDGE('',*,*,#13212,.F.);
#13238=EDGE_LOOP('',(#13222,#13230,#13236,#13237));
#13239=FACE_BOUND('',#13238,.T.);
#13240=ADVANCED_FACE('',(#13239),#13221,.F.);
#13241=CARTESIAN_POINT('',(1344.,-1302.8,6.8));
#13242=DIRECTION('',(0.,-1.,0.));
#13243=DIRECTION('',(1.,0.,0.));
#13244=AXIS2_PLACEMENT_3D('',#13241,#13242,#13243);
#13245=PLANE('',#13244);
#13246=ORIENTED_EDGE('',*,*,#13229,.F.);
#13247=ORIENTED_EDGE('',*,*,#12874,.F.);
#13248=CARTESIAN_POINT('',(1337.076955262,-1302.8,4.4));
#13249=VERTEX_POINT('',#13248);
#13250=CARTESIAN_POINT('',(1350.923044738,-1302.8,4.4));
#13251=DIRECTION('',(-1.,-0.,0.));
#13252=VECTOR('',#13251,13.846089476);
#13253=LINE('',#13250,#13252);
#13254=EDGE_CURVE('',#12861,#13249,#13253,.T.);
#13255=ORIENTED_EDGE('',*,*,#13254,.T.);
#13256=CARTESIAN_POINT('',(1337.076955262,-1302.8,4.4));
#13257=DIRECTION('',(-0.,-0.,-1.));
#13258=VECTOR('',#13257,2.);
#13259=LINE('',#13256,#13258);
#13260=EDGE_CURVE('',#13249,#13224,#13259,.T.);
#13261=ORIENTED_EDGE('',*,*,#13260,.T.);
#13262=EDGE_LOOP('',(#13246,#13247,#13255,#13261));
#13263=FACE_BOUND('',#13262,.T.);
#13264=ADVANCED_FACE('',(#13263),#13245,.T.);
#13265=CARTESIAN_POINT('',(1336.726955262,-1303.15,6.8));
#13266=DIRECTION('',(0.707106781,-0.707106781,0.));
#13267=DIRECTION('',(0.707106781,0.707106781,0.));
#13268=AXIS2_PLACEMENT_3D('',#13265,#13266,#13267);
#13269=PLANE('',#13268);
#13270=ORIENTED_EDGE('',*,*,#13088,.T.);
#13271=CARTESIAN_POINT('',(1331.5,-1308.376955262,1.4));
#13272=DIRECTION('',(0.707106781,0.707106781,0.));
#13273=VECTOR('',#13272,6.897056275);
#13274=LINE('',#13271,#13273);
#13275=EDGE_CURVE('',#13061,#13185,#13274,.T.);
#13276=ORIENTED_EDGE('',*,*,#13275,.T.);
#13277=ORIENTED_EDGE('',*,*,#13235,.T.);
#13278=ORIENTED_EDGE('',*,*,#13260,.F.);
#13279=CARTESIAN_POINT('',(1336.376955262,-1303.5,5.4));
#13280=VERTEX_POINT('',#13279);
#13281=CARTESIAN_POINT('',(1337.076955262,-1302.8,4.4));
#13282=DIRECTION('',(-0.497468338,-0.497468338,0.710669055));
#13283=VECTOR('',#13282,1.407124728);
#13284=LINE('',#13281,#13283);
#13285=EDGE_CURVE('',#13249,#13280,#13284,.T.);
#13286=ORIENTED_EDGE('',*,*,#13285,.T.);
#13287=CARTESIAN_POINT('',(1331.5,-1308.376955262,5.4));
#13288=VERTEX_POINT('',#13287);
#13289=CARTESIAN_POINT('',(1336.376955262,-1303.5,5.4));
#13290=DIRECTION('',(-0.707106781,-0.707106781,-0.));
#13291=VECTOR('',#13290,6.897056275);
#13292=LINE('',#13289,#13291);
#13293=EDGE_CURVE('',#13280,#13288,#13292,.T.);
#13294=ORIENTED_EDGE('',*,*,#13293,.T.);
#13295=CARTESIAN_POINT('',(1331.5,-1308.376955262,5.4));
#13296=DIRECTION('',(-0.497468338,-0.497468338,-0.710669055));
#13297=VECTOR('',#13296,1.407124728);
#13298=LINE('',#13295,#13297);
#13299=EDGE_CURVE('',#13288,#13115,#13298,.T.);
#13300=ORIENTED_EDGE('',*,*,#13299,.T.);
#13301=ORIENTED_EDGE('',*,*,#13120,.T.);
#13302=EDGE_LOOP('',(#13270,#13276,#13277,#13278,#13286,#13294,#13300,#13301));
#13303=FACE_BOUND('',#13302,.T.);
#13304=ADVANCED_FACE('',(#13303),#13269,.T.);
#13305=CARTESIAN_POINT('',(1358.,-1316.,6.8));
#13306=DIRECTION('',(-1.,0.,0.));
#13307=DIRECTION('',(0.,-1.,0.));
#13308=AXIS2_PLACEMENT_3D('',#13305,#13306,#13307);
#13309=PLANE('',#13308);
#13310=CARTESIAN_POINT('',(1358.,-1332.567223359,4.6));
#13311=VERTEX_POINT('',#13310);
#13312=CARTESIAN_POINT('',(1358.,-1332.567223359,2.2));
#13313=VERTEX_POINT('',#13312);
#13314=CARTESIAN_POINT('',(1358.,-1332.567223359,4.6));
#13315=DIRECTION('',(0.,0.,-1.));
#13316=VECTOR('',#13315,2.4);
#13317=LINE('',#13314,#13316);
#13318=EDGE_CURVE('',#13311,#13313,#13317,.T.);
#13319=ORIENTED_EDGE('',*,*,#13318,.F.);
#13320=CARTESIAN_POINT('',(1358.,-1327.432776641,4.6));
#13321=VERTEX_POINT('',#13320);
#13322=CARTESIAN_POINT('',(1358.,-1332.567223359,4.6));
#13323=DIRECTION('',(-0.,1.,-0.));
#13324=VECTOR('',#13323,5.134446718);
#13325=LINE('',#13322,#13324);
#13326=EDGE_CURVE('',#13311,#13321,#13325,.T.);
#13327=ORIENTED_EDGE('',*,*,#13326,.T.);
#13328=CARTESIAN_POINT('',(1358.,-1327.432776641,2.2));
#13329=VERTEX_POINT('',#13328);
#13330=CARTESIAN_POINT('',(1358.,-1327.432776641,2.2));
#13331=DIRECTION('',(-0.,-0.,1.));
#13332=VECTOR('',#13331,2.4);
#13333=LINE('',#13330,#13332);
#13334=EDGE_CURVE('',#13329,#13321,#13333,.T.);
#13335=ORIENTED_EDGE('',*,*,#13334,.F.);
#13336=CARTESIAN_POINT('',(1358.,-1332.567223359,2.2));
#13337=DIRECTION('',(0.,1.,0.));
#13338=VECTOR('',#13337,5.134446718);
#13339=LINE('',#13336,#13338);
#13340=EDGE_CURVE('',#13313,#13329,#13339,.T.);
#13341=ORIENTED_EDGE('',*,*,#13340,.F.);
#13342=EDGE_LOOP('',(#13319,#13327,#13335,#13341));
#13343=FACE_BOUND('',#13342,.T.);
#13344=ORIENTED_EDGE('',*,*,#1800,.F.);
#13345=CARTESIAN_POINT('',(1358.,-1409.8,6.8));
#13346=DIRECTION('',(-0.,-0.,-1.));
#13347=VECTOR('',#13346,6.8);
#13348=LINE('',#13345,#13347);
#13349=EDGE_CURVE('',#1787,#91,#13348,.T.);
#13350=ORIENTED_EDGE('',*,*,#13349,.T.);
#13351=ORIENTED_EDGE('',*,*,#96,.T.);
#13352=CARTESIAN_POINT('',(1358.,-1306.2,-0.));
#13353=DIRECTION('',(0.,0.,1.));
#13354=VECTOR('',#13353,6.8);
#13355=LINE('',#13352,#13354);
#13356=EDGE_CURVE('',#83,#1795,#13355,.T.);
#13357=ORIENTED_EDGE('',*,*,#13356,.T.);
#13358=EDGE_LOOP('',(#13344,#13350,#13351,#13357));
#13359=FACE_BOUND('',#13358,.T.);
#13360=CARTESIAN_POINT('',(1358.,-1360.567223359,4.6));
#13361=VERTEX_POINT('',#13360);
#13362=CARTESIAN_POINT('',(1358.,-1360.567223359,2.2));
#13363=VERTEX_POINT('',#13362);
#13364=CARTESIAN_POINT('',(1358.,-1360.567223359,4.6));
#13365=DIRECTION('',(0.,0.,-1.));
#13366=VECTOR('',#13365,2.4);
#13367=LINE('',#13364,#13366);
#13368=EDGE_CURVE('',#13361,#13363,#13367,.T.);
#13369=ORIENTED_EDGE('',*,*,#13368,.F.);
#13370=CARTESIAN_POINT('',(1358.,-1355.432776641,4.6));
#13371=VERTEX_POINT('',#13370);
#13372=CARTESIAN_POINT('',(1358.,-1360.567223359,4.6));
#13373=DIRECTION('',(-0.,1.,-0.));
#13374=VECTOR('',#13373,5.134446718);
#13375=LINE('',#13372,#13374);
#13376=EDGE_CURVE('',#13361,#13371,#13375,.T.);
#13377=ORIENTED_EDGE('',*,*,#13376,.T.);
#13378=CARTESIAN_POINT('',(1358.,-1355.432776641,2.2));
#13379=VERTEX_POINT('',#13378);
#13380=CARTESIAN_POINT('',(1358.,-1355.432776641,2.2));
#13381=DIRECTION('',(-0.,-0.,1.));
#13382=VECTOR('',#13381,2.4);
#13383=LINE('',#13380,#13382);
#13384=EDGE_CURVE('',#13379,#13371,#13383,.T.);
#13385=ORIENTED_EDGE('',*,*,#13384,.F.);
#13386=CARTESIAN_POINT('',(1358.,-1360.567223359,2.2));
#13387=DIRECTION('',(0.,1.,0.));
#13388=VECTOR('',#13387,5.134446718);
#13389=LINE('',#13386,#13388);
#13390=EDGE_CURVE('',#13363,#13379,#13389,.T.);
#13391=ORIENTED_EDGE('',*,*,#13390,.F.);
#13392=EDGE_LOOP('',(#13369,#13377,#13385,#13391));
#13393=FACE_BOUND('',#13392,.T.);
#13394=CARTESIAN_POINT('',(1358.,-1388.567223359,4.6));
#13395=VERTEX_POINT('',#13394);
#13396=CARTESIAN_POINT('',(1358.,-1388.567223359,2.2));
#13397=VERTEX_POINT('',#13396);
#13398=CARTESIAN_POINT('',(1358.,-1388.567223359,4.6));
#13399=DIRECTION('',(0.,0.,-1.));
#13400=VECTOR('',#13399,2.4);
#13401=LINE('',#13398,#13400);
#13402=EDGE_CURVE('',#13395,#13397,#13401,.T.);
#13403=ORIENTED_EDGE('',*,*,#13402,.F.);
#13404=CARTESIAN_POINT('',(1358.,-1383.432776641,4.6));
#13405=VERTEX_POINT('',#13404);
#13406=CARTESIAN_POINT('',(1358.,-1388.567223359,4.6));
#13407=DIRECTION('',(-0.,1.,-0.));
#13408=VECTOR('',#13407,5.134446718);
#13409=LINE('',#13406,#13408);
#13410=EDGE_CURVE('',#13395,#13405,#13409,.T.);
#13411=ORIENTED_EDGE('',*,*,#13410,.T.);
#13412=CARTESIAN_POINT('',(1358.,-1383.432776641,2.2));
#13413=VERTEX_POINT('',#13412);
#13414=CARTESIAN_POINT('',(1358.,-1383.432776641,2.2));
#13415=DIRECTION('',(-0.,-0.,1.));
#13416=VECTOR('',#13415,2.4);
#13417=LINE('',#13414,#13416);
#13418=EDGE_CURVE('',#13413,#13405,#13417,.T.);
#13419=ORIENTED_EDGE('',*,*,#13418,.F.);
#13420=CARTESIAN_POINT('',(1358.,-1388.567223359,2.2));
#13421=DIRECTION('',(0.,1.,0.));
#13422=VECTOR('',#13421,5.134446718);
#13423=LINE('',#13420,#13422);
#13424=EDGE_CURVE('',#13397,#13413,#13423,.T.);
#13425=ORIENTED_EDGE('',*,*,#13424,.F.);
#13426=EDGE_LOOP('',(#13403,#13411,#13419,#13425));
#13427=FACE_BOUND('',#13426,.T.);
#13428=ADVANCED_FACE('',(#13343,#13359,#13393,#13427),#13309,.F.);
#13429=CARTESIAN_POINT('',(1356.5,-1316.,4.4));
#13430=DIRECTION('',(-1.,0.,0.));
#13431=DIRECTION('',(0.,-1.,0.));
#13432=AXIS2_PLACEMENT_3D('',#13429,#13430,#13431);
#13433=PLANE('',#13432);
#13434=CARTESIAN_POINT('',(1356.5,-1325.0372583,6.4));
#13435=VERTEX_POINT('',#13434);
#13436=CARTESIAN_POINT('',(1356.5,-1323.623044738,5.4));
#13437=DIRECTION('',(0.,-0.816496581,0.577350269));
#13438=VECTOR('',#13437,1.732050807);
#13439=LINE('',#13436,#13438);
#13440=EDGE_CURVE('',#13011,#13435,#13439,.T.);
#13441=ORIENTED_EDGE('',*,*,#13440,.T.);
#13442=CARTESIAN_POINT('',(1356.5,-1306.9627417,6.4));
#13443=VERTEX_POINT('',#13442);
#13444=CARTESIAN_POINT('',(1356.5,-1325.0372583,6.4));
#13445=DIRECTION('',(-0.,1.,-0.));
#13446=VECTOR('',#13445,18.0745166);
#13447=LINE('',#13444,#13446);
#13448=EDGE_CURVE('',#13435,#13443,#13447,.T.);
#13449=ORIENTED_EDGE('',*,*,#13448,.T.);
#13450=CARTESIAN_POINT('',(1356.5,-1306.9627417,6.4));
#13451=DIRECTION('',(0.,-0.816496581,-0.577350269));
#13452=VECTOR('',#13451,1.732050807);
#13453=LINE('',#13450,#13452);
#13454=EDGE_CURVE('',#13443,#12845,#13453,.T.);
#13455=ORIENTED_EDGE('',*,*,#13454,.T.);
#13456=CARTESIAN_POINT('',(1356.5,-1308.376955262,5.4));
#13457=DIRECTION('',(0.,-1.,0.));
#13458=VECTOR('',#13457,15.246089476);
#13459=LINE('',#13456,#13458);
#13460=EDGE_CURVE('',#12845,#13011,#13459,.T.);
#13461=ORIENTED_EDGE('',*,*,#13460,.T.);
#13462=EDGE_LOOP('',(#13441,#13449,#13455,#13461));
#13463=FACE_BOUND('',#13462,.T.);
#13464=ADVANCED_FACE('',(#13463),#13433,.T.);
#13465=CARTESIAN_POINT('',(1356.5,-1316.,5.4));
#13466=DIRECTION('',(-0.819231921,0.,-0.573462344));
#13467=DIRECTION('',(0.,1.,0.));
#13468=AXIS2_PLACEMENT_3D('',#13465,#13466,#13467);
#13469=PLANE('',#13468);
#13470=ORIENTED_EDGE('',*,*,#12850,.F.);
#13471=ORIENTED_EDGE('',*,*,#12828,.F.);
#13472=ORIENTED_EDGE('',*,*,#13022,.F.);
#13473=ORIENTED_EDGE('',*,*,#13460,.F.);
#13474=EDGE_LOOP('',(#13470,#13471,#13472,#13473));
#13475=FACE_BOUND('',#13474,.T.);
#13476=ADVANCED_FACE('',(#13475),#13469,.T.);
#13477=CARTESIAN_POINT('',(1344.,-1328.5,4.4));
#13478=DIRECTION('',(0.,1.,0.));
#13479=DIRECTION('',(-1.,0.,0.));
#13480=AXIS2_PLACEMENT_3D('',#13477,#13478,#13479);
#13481=PLANE('',#13480);
#13482=CARTESIAN_POINT('',(1334.9627417,-1328.5,6.4));
#13483=VERTEX_POINT('',#13482);
#13484=CARTESIAN_POINT('',(1336.376955262,-1328.5,5.4));
#13485=DIRECTION('',(-0.816496581,0.,0.577350269));
#13486=VECTOR('',#13485,1.732050807);
#13487=LINE('',#13484,#13486);
#13488=EDGE_CURVE('',#13162,#13483,#13487,.T.);
#13489=ORIENTED_EDGE('',*,*,#13488,.T.);
#13490=CARTESIAN_POINT('',(1353.0372583,-1328.5,6.4));
#13491=VERTEX_POINT('',#13490);
#13492=CARTESIAN_POINT('',(1334.9627417,-1328.5,6.4));
#13493=DIRECTION('',(1.,-0.,-0.));
#13494=VECTOR('',#13493,18.0745166);
#13495=LINE('',#13492,#13494);
#13496=EDGE_CURVE('',#13483,#13491,#13495,.T.);
#13497=ORIENTED_EDGE('',*,*,#13496,.T.);
#13498=CARTESIAN_POINT('',(1353.0372583,-1328.5,6.4));
#13499=DIRECTION('',(-0.816496581,0.,-0.577350269));
#13500=VECTOR('',#13499,1.732050807);
#13501=LINE('',#13498,#13500);
#13502=EDGE_CURVE('',#13491,#13003,#13501,.T.);
#13503=ORIENTED_EDGE('',*,*,#13502,.T.);
#13504=CARTESIAN_POINT('',(1351.623044738,-1328.5,5.4));
#13505=DIRECTION('',(-1.,0.,0.));
#13506=VECTOR('',#13505,15.246089476);
#13507=LINE('',#13504,#13506);
#13508=EDGE_CURVE('',#13003,#13162,#13507,.T.);
#13509=ORIENTED_EDGE('',*,*,#13508,.T.);
#13510=EDGE_LOOP('',(#13489,#13497,#13503,#13509));
#13511=FACE_BOUND('',#13510,.T.);
#13512=ADVANCED_FACE('',(#13511),#13481,.T.);
#13513=CARTESIAN_POINT('',(1344.,-1328.5,5.4));
#13514=DIRECTION('',(0.,0.819231921,-0.573462344));
#13515=DIRECTION('',(1.,0.,0.));
#13516=AXIS2_PLACEMENT_3D('',#13513,#13514,#13515);
#13517=PLANE('',#13516);
#13518=ORIENTED_EDGE('',*,*,#13008,.F.);
#13519=ORIENTED_EDGE('',*,*,#12986,.F.);
#13520=ORIENTED_EDGE('',*,*,#13173,.F.);
#13521=ORIENTED_EDGE('',*,*,#13508,.F.);
#13522=EDGE_LOOP('',(#13518,#13519,#13520,#13521));
#13523=FACE_BOUND('',#13522,.T.);
#13524=ADVANCED_FACE('',(#13523),#13517,.T.);
#13525=CARTESIAN_POINT('',(1331.5,-1316.,4.4));
#13526=DIRECTION('',(1.,0.,0.));
#13527=DIRECTION('',(0.,1.,0.));
#13528=AXIS2_PLACEMENT_3D('',#13525,#13526,#13527);
#13529=PLANE('',#13528);
#13530=CARTESIAN_POINT('',(1331.5,-1306.9627417,6.4));
#13531=VERTEX_POINT('',#13530);
#13532=CARTESIAN_POINT('',(1331.5,-1308.376955262,5.4));
#13533=DIRECTION('',(0.,0.816496581,0.577350269));
#13534=VECTOR('',#13533,1.732050807);
#13535=LINE('',#13532,#13534);
#13536=EDGE_CURVE('',#13288,#13531,#13535,.T.);
#13537=ORIENTED_EDGE('',*,*,#13536,.T.);
#13538=CARTESIAN_POINT('',(1331.5,-1325.0372583,6.4));
#13539=VERTEX_POINT('',#13538);
#13540=CARTESIAN_POINT('',(1331.5,-1306.9627417,6.4));
#13541=DIRECTION('',(-0.,-1.,-0.));
#13542=VECTOR('',#13541,18.0745166);
#13543=LINE('',#13540,#13542);
#13544=EDGE_CURVE('',#13531,#13539,#13543,.T.);
#13545=ORIENTED_EDGE('',*,*,#13544,.T.);
#13546=CARTESIAN_POINT('',(1331.5,-1325.0372583,6.4));
#13547=DIRECTION('',(0.,0.816496581,-0.577350269));
#13548=VECTOR('',#13547,1.732050807);
#13549=LINE('',#13546,#13548);
#13550=EDGE_CURVE('',#13539,#13154,#13549,.T.);
#13551=ORIENTED_EDGE('',*,*,#13550,.T.);
#13552=CARTESIAN_POINT('',(1331.5,-1323.623044738,5.4));
#13553=DIRECTION('',(0.,1.,0.));
#13554=VECTOR('',#13553,15.246089476);
#13555=LINE('',#13552,#13554);
#13556=EDGE_CURVE('',#13154,#13288,#13555,.T.);
#13557=ORIENTED_EDGE('',*,*,#13556,.T.);
#13558=EDGE_LOOP('',(#13537,#13545,#13551,#13557));
#13559=FACE_BOUND('',#13558,.T.);
#13560=ADVANCED_FACE('',(#13559),#13529,.T.);
#13561=CARTESIAN_POINT('',(1331.5,-1316.,5.4));
#13562=DIRECTION('',(0.819231921,0.,-0.573462344));
#13563=DIRECTION('',(0.,-1.,0.));
#13564=AXIS2_PLACEMENT_3D('',#13561,#13562,#13563);
#13565=PLANE('',#13564);
#13566=ORIENTED_EDGE('',*,*,#13159,.F.);
#13567=ORIENTED_EDGE('',*,*,#13128,.F.);
#13568=ORIENTED_EDGE('',*,*,#13299,.F.);
#13569=ORIENTED_EDGE('',*,*,#13556,.F.);
#13570=EDGE_LOOP('',(#13566,#13567,#13568,#13569));
#13571=FACE_BOUND('',#13570,.T.);
#13572=ADVANCED_FACE('',(#13571),#13565,.T.);
#13573=CARTESIAN_POINT('',(1344.,-1303.5,4.4));
#13574=DIRECTION('',(0.,-1.,0.));
#13575=DIRECTION('',(1.,0.,0.));
#13576=AXIS2_PLACEMENT_3D('',#13573,#13574,#13575);
#13577=PLANE('',#13576);
#13578=CARTESIAN_POINT('',(1353.0372583,-1303.5,6.4));
#13579=VERTEX_POINT('',#13578);
#13580=CARTESIAN_POINT('',(1351.623044738,-1303.5,5.4));
#13581=DIRECTION('',(0.816496581,0.,0.577350269));
#13582=VECTOR('',#13581,1.732050807);
#13583=LINE('',#13580,#13582);
#13584=EDGE_CURVE('',#12853,#13579,#13583,.T.);
#13585=ORIENTED_EDGE('',*,*,#13584,.T.);
#13586=CARTESIAN_POINT('',(1334.9627417,-1303.5,6.4));
#13587=VERTEX_POINT('',#13586);
#13588=CARTESIAN_POINT('',(1353.0372583,-1303.5,6.4));
#13589=DIRECTION('',(-1.,-0.,0.));
#13590=VECTOR('',#13589,18.0745166);
#13591=LINE('',#13588,#13590);
#13592=EDGE_CURVE('',#13579,#13587,#13591,.T.);
#13593=ORIENTED_EDGE('',*,*,#13592,.T.);
#13594=CARTESIAN_POINT('',(1334.9627417,-1303.5,6.4));
#13595=DIRECTION('',(0.816496581,0.,-0.577350269));
#13596=VECTOR('',#13595,1.732050807);
#13597=LINE('',#13594,#13596);
#13598=EDGE_CURVE('',#13587,#13280,#13597,.T.);
#13599=ORIENTED_EDGE('',*,*,#13598,.T.);
#13600=CARTESIAN_POINT('',(1336.376955262,-1303.5,5.4));
#13601=DIRECTION('',(1.,0.,-0.));
#13602=VECTOR('',#13601,15.246089476);
#13603=LINE('',#13600,#13602);
#13604=EDGE_CURVE('',#13280,#12853,#13603,.T.);
#13605=ORIENTED_EDGE('',*,*,#13604,.T.);
#13606=EDGE_LOOP('',(#13585,#13593,#13599,#13605));
#13607=FACE_BOUND('',#13606,.T.);
#13608=ADVANCED_FACE('',(#13607),#13577,.T.);
#13609=CARTESIAN_POINT('',(1344.,-1303.5,5.4));
#13610=DIRECTION('',(0.,-0.819231921,-0.573462344));
#13611=DIRECTION('',(-1.,0.,0.));
#13612=AXIS2_PLACEMENT_3D('',#13609,#13610,#13611);
#13613=PLANE('',#13612);
#13614=ORIENTED_EDGE('',*,*,#13285,.F.);
#13615=ORIENTED_EDGE('',*,*,#13254,.F.);
#13616=ORIENTED_EDGE('',*,*,#12866,.F.);
#13617=ORIENTED_EDGE('',*,*,#13604,.F.);
#13618=EDGE_LOOP('',(#13614,#13615,#13616,#13617));
#13619=FACE_BOUND('',#13618,.T.);
#13620=ADVANCED_FACE('',(#13619),#13613,.T.);
#13621=CARTESIAN_POINT('',(1332.948528137,-1304.948528137,0.));
#13622=DIRECTION('',(0.5,-0.5,-0.707106781));
#13623=DIRECTION('',(0.707106781,0.707106781,0.));
#13624=AXIS2_PLACEMENT_3D('',#13621,#13622,#13623);
#13625=PLANE('',#13624);
#13626=ORIENTED_EDGE('',*,*,#13192,.F.);
#13627=ORIENTED_EDGE('',*,*,#13275,.F.);
#13628=ORIENTED_EDGE('',*,*,#13066,.F.);
#13629=CARTESIAN_POINT('',(1331.5,-1306.9627417,0.4));
#13630=DIRECTION('',(-0.678598344,0.281084638,-0.678598345));
#13631=VECTOR('',#13630,0.589450303);
#13632=LINE('',#13629,#13631);
#13633=EDGE_CURVE('',#13053,#677,#13632,.T.);
#13634=ORIENTED_EDGE('',*,*,#13633,.T.);
#13635=ORIENTED_EDGE('',*,*,#682,.F.);
#13636=CARTESIAN_POINT('',(1334.797056275,-1303.1,0.));
#13637=DIRECTION('',(0.281084638,-0.678598344,0.678598345));
#13638=VECTOR('',#13637,0.589450303);
#13639=LINE('',#13636,#13638);
#13640=EDGE_CURVE('',#669,#13187,#13639,.T.);
#13641=ORIENTED_EDGE('',*,*,#13640,.T.);
#13642=EDGE_LOOP('',(#13626,#13627,#13628,#13634,#13635,#13641));
#13643=FACE_BOUND('',#13642,.T.);
#13644=ADVANCED_FACE('',(#13643),#13625,.T.);
#13645=CARTESIAN_POINT('',(1336.726955262,-1303.15,5.4));
#13646=DIRECTION('',(-0.5,0.5,-0.707106781));
#13647=DIRECTION('',(-0.707106781,-0.707106781,0.));
#13648=AXIS2_PLACEMENT_3D('',#13645,#13646,#13647);
#13649=PLANE('',#13648);
#13650=ORIENTED_EDGE('',*,*,#13598,.F.);
#13651=CARTESIAN_POINT('',(1334.9627417,-1303.5,6.4));
#13652=DIRECTION('',(-0.281084638,0.678598344,0.678598345));
#13653=VECTOR('',#13652,0.589450303);
#13654=LINE('',#13651,#13653);
#13655=EDGE_CURVE('',#13587,#2283,#13654,.T.);
#13656=ORIENTED_EDGE('',*,*,#13655,.T.);
#13657=ORIENTED_EDGE('',*,*,#2288,.F.);
#13658=CARTESIAN_POINT('',(1331.1,-1306.797056275,6.8));
#13659=DIRECTION('',(0.678598344,-0.281084638,-0.678598345));
#13660=VECTOR('',#13659,0.589450303);
#13661=LINE('',#13658,#13660);
#13662=EDGE_CURVE('',#2275,#13531,#13661,.T.);
#13663=ORIENTED_EDGE('',*,*,#13662,.T.);
#13664=ORIENTED_EDGE('',*,*,#13536,.F.);
#13665=ORIENTED_EDGE('',*,*,#13293,.F.);
#13666=EDGE_LOOP('',(#13650,#13656,#13657,#13663,#13664,#13665));
#13667=FACE_BOUND('',#13666,.T.);
#13668=ADVANCED_FACE('',(#13667),#13649,.F.);
#13669=CARTESIAN_POINT('',(1351.273044738,-1328.85,5.4));
#13670=DIRECTION('',(0.5,-0.5,-0.707106781));
#13671=DIRECTION('',(0.707106781,0.707106781,0.));
#13672=AXIS2_PLACEMENT_3D('',#13669,#13670,#13671);
#13673=PLANE('',#13672);
#13674=ORIENTED_EDGE('',*,*,#13502,.F.);
#13675=CARTESIAN_POINT('',(1353.0372583,-1328.5,6.4));
#13676=DIRECTION('',(0.281084638,-0.678598344,0.678598345));
#13677=VECTOR('',#13676,0.589450303);
#13678=LINE('',#13675,#13677);
#13679=EDGE_CURVE('',#13491,#2315,#13678,.T.);
#13680=ORIENTED_EDGE('',*,*,#13679,.T.);
#13681=ORIENTED_EDGE('',*,*,#2320,.F.);
#13682=CARTESIAN_POINT('',(1356.9,-1325.202943725,6.8));
#13683=DIRECTION('',(-0.678598344,0.281084638,-0.678598345));
#13684=VECTOR('',#13683,0.589450303);
#13685=LINE('',#13682,#13684);
#13686=EDGE_CURVE('',#2307,#13435,#13685,.T.);
#13687=ORIENTED_EDGE('',*,*,#13686,.T.);
#13688=ORIENTED_EDGE('',*,*,#13440,.F.);
#13689=ORIENTED_EDGE('',*,*,#13016,.F.);
#13690=EDGE_LOOP('',(#13674,#13680,#13681,#13687,#13688,#13689));
#13691=FACE_BOUND('',#13690,.T.);
#13692=ADVANCED_FACE('',(#13691),#13673,.F.);
#13693=CARTESIAN_POINT('',(1332.948528137,-1327.051471863,0.));
#13694=DIRECTION('',(0.5,0.5,-0.707106781));
#13695=DIRECTION('',(-0.707106781,0.707106781,0.));
#13696=AXIS2_PLACEMENT_3D('',#13693,#13694,#13695);
#13697=PLANE('',#13696);
#13698=ORIENTED_EDGE('',*,*,#13050,.F.);
#13699=ORIENTED_EDGE('',*,*,#13149,.F.);
#13700=ORIENTED_EDGE('',*,*,#12924,.F.);
#13701=CARTESIAN_POINT('',(1334.9627417,-1328.5,0.4));
#13702=DIRECTION('',(-0.281084638,-0.678598344,-0.678598345));
#13703=VECTOR('',#13702,0.589450303);
#13704=LINE('',#13701,#13703);
#13705=EDGE_CURVE('',#12911,#693,#13704,.T.);
#13706=ORIENTED_EDGE('',*,*,#13705,.T.);
#13707=ORIENTED_EDGE('',*,*,#698,.F.);
#13708=CARTESIAN_POINT('',(1331.1,-1325.202943725,0.));
#13709=DIRECTION('',(0.678598344,0.281084638,0.678598345));
#13710=VECTOR('',#13709,0.589450303);
#13711=LINE('',#13708,#13710);
#13712=EDGE_CURVE('',#685,#13045,#13711,.T.);
#13713=ORIENTED_EDGE('',*,*,#13712,.T.);
#13714=EDGE_LOOP('',(#13698,#13699,#13700,#13706,#13707,#13713));
#13715=FACE_BOUND('',#13714,.T.);
#13716=ADVANCED_FACE('',(#13715),#13697,.T.);
#13717=CARTESIAN_POINT('',(1356.85,-1308.726955262,5.4));
#13718=DIRECTION('',(0.5,0.5,-0.707106781));
#13719=DIRECTION('',(-0.707106781,0.707106781,0.));
#13720=AXIS2_PLACEMENT_3D('',#13717,#13718,#13719);
#13721=PLANE('',#13720);
#13722=ORIENTED_EDGE('',*,*,#13454,.F.);
#13723=CARTESIAN_POINT('',(1356.5,-1306.9627417,6.4));
#13724=DIRECTION('',(0.678598344,0.281084638,0.678598345));
#13725=VECTOR('',#13724,0.589450303);
#13726=LINE('',#13723,#13725);
#13727=EDGE_CURVE('',#13443,#2299,#13726,.T.);
#13728=ORIENTED_EDGE('',*,*,#13727,.T.);
#13729=ORIENTED_EDGE('',*,*,#2304,.F.);
#13730=CARTESIAN_POINT('',(1353.202943725,-1303.1,6.8));
#13731=DIRECTION('',(-0.281084638,-0.678598344,-0.678598345));
#13732=VECTOR('',#13731,0.589450303);
#13733=LINE('',#13730,#13732);
#13734=EDGE_CURVE('',#2291,#13579,#13733,.T.);
#13735=ORIENTED_EDGE('',*,*,#13734,.T.);
#13736=ORIENTED_EDGE('',*,*,#13584,.F.);
#13737=ORIENTED_EDGE('',*,*,#12858,.F.);
#13738=EDGE_LOOP('',(#13722,#13728,#13729,#13735,#13736,#13737));
#13739=FACE_BOUND('',#13738,.T.);
#13740=ADVANCED_FACE('',(#13739),#13721,.F.);
#13741=CARTESIAN_POINT('',(1355.051471863,-1327.051471863,0.));
#13742=DIRECTION('',(-0.5,0.5,-0.707106781));
#13743=DIRECTION('',(-0.707106781,-0.707106781,0.));
#13744=AXIS2_PLACEMENT_3D('',#13741,#13742,#13743);
#13745=PLANE('',#13744);
#13746=ORIENTED_EDGE('',*,*,#12908,.F.);
#13747=ORIENTED_EDGE('',*,*,#13030,.F.);
#13748=ORIENTED_EDGE('',*,*,#12766,.F.);
#13749=CARTESIAN_POINT('',(1356.5,-1325.0372583,0.4));
#13750=DIRECTION('',(0.678598344,-0.281084638,-0.678598345));
#13751=VECTOR('',#13750,0.589450303);
#13752=LINE('',#13749,#13751);
#13753=EDGE_CURVE('',#12753,#709,#13752,.T.);
#13754=ORIENTED_EDGE('',*,*,#13753,.T.);
#13755=ORIENTED_EDGE('',*,*,#714,.F.);
#13756=CARTESIAN_POINT('',(1353.202943725,-1328.9,0.));
#13757=DIRECTION('',(-0.281084638,0.678598344,0.678598345));
#13758=VECTOR('',#13757,0.589450303);
#13759=LINE('',#13756,#13758);
#13760=EDGE_CURVE('',#701,#12903,#13759,.T.);
#13761=ORIENTED_EDGE('',*,*,#13760,.T.);
#13762=EDGE_LOOP('',(#13746,#13747,#13748,#13754,#13755,#13761));
#13763=FACE_BOUND('',#13762,.T.);
#13764=ADVANCED_FACE('',(#13763),#13745,.T.);
#13765=CARTESIAN_POINT('',(1355.051471863,-1304.948528137,0.));
#13766=DIRECTION('',(-0.5,-0.5,-0.707106781));
#13767=DIRECTION('',(0.707106781,-0.707106781,0.));
#13768=AXIS2_PLACEMENT_3D('',#13765,#13766,#13767);
#13769=PLANE('',#13768);
#13770=ORIENTED_EDGE('',*,*,#12750,.F.);
#13771=ORIENTED_EDGE('',*,*,#12888,.F.);
#13772=ORIENTED_EDGE('',*,*,#13206,.F.);
#13773=CARTESIAN_POINT('',(1353.0372583,-1303.5,0.4));
#13774=DIRECTION('',(0.281084638,0.678598344,-0.678598345));
#13775=VECTOR('',#13774,0.589450303);
#13776=LINE('',#13773,#13775);
#13777=EDGE_CURVE('',#13195,#667,#13776,.T.);
#13778=ORIENTED_EDGE('',*,*,#13777,.T.);
#13779=ORIENTED_EDGE('',*,*,#728,.F.);
#13780=CARTESIAN_POINT('',(1356.9,-1306.797056275,0.));
#13781=DIRECTION('',(-0.678598344,-0.281084638,0.678598345));
#13782=VECTOR('',#13781,0.589450303);
#13783=LINE('',#13780,#13782);
#13784=EDGE_CURVE('',#717,#12745,#13783,.T.);
#13785=ORIENTED_EDGE('',*,*,#13784,.T.);
#13786=EDGE_LOOP('',(#13770,#13771,#13772,#13778,#13779,#13785));
#13787=FACE_BOUND('',#13786,.T.);
#13788=ADVANCED_FACE('',(#13787),#13769,.T.);
#13789=CARTESIAN_POINT('',(1331.15,-1323.273044738,5.4));
#13790=DIRECTION('',(-0.5,-0.5,-0.707106781));
#13791=DIRECTION('',(0.707106781,-0.707106781,0.));
#13792=AXIS2_PLACEMENT_3D('',#13789,#13790,#13791);
#13793=PLANE('',#13792);
#13794=ORIENTED_EDGE('',*,*,#13550,.F.);
#13795=CARTESIAN_POINT('',(1331.5,-1325.0372583,6.4));
#13796=DIRECTION('',(-0.678598344,-0.281084638,0.678598345));
#13797=VECTOR('',#13796,0.589450303);
#13798=LINE('',#13795,#13797);
#13799=EDGE_CURVE('',#13539,#2273,#13798,.T.);
#13800=ORIENTED_EDGE('',*,*,#13799,.T.);
#13801=ORIENTED_EDGE('',*,*,#2334,.F.);
#13802=CARTESIAN_POINT('',(1334.797056275,-1328.9,6.8));
#13803=DIRECTION('',(0.281084638,0.678598344,-0.678598345));
#13804=VECTOR('',#13803,0.589450303);
#13805=LINE('',#13802,#13804);
#13806=EDGE_CURVE('',#2323,#13483,#13805,.T.);
#13807=ORIENTED_EDGE('',*,*,#13806,.T.);
#13808=ORIENTED_EDGE('',*,*,#13488,.F.);
#13809=ORIENTED_EDGE('',*,*,#13167,.F.);
#13810=EDGE_LOOP('',(#13794,#13800,#13801,#13807,#13808,#13809));
#13811=FACE_BOUND('',#13810,.T.);
#13812=ADVANCED_FACE('',(#13811),#13793,.F.);
#13813=CARTESIAN_POINT('',(1331.1,-1316.,6.8));
#13814=DIRECTION('',(-0.707106781,0.,-0.707106781));
#13815=DIRECTION('',(0.,1.,0.));
#13816=AXIS2_PLACEMENT_3D('',#13813,#13814,#13815);
#13817=PLANE('',#13816);
#13818=ORIENTED_EDGE('',*,*,#13799,.F.);
#13819=ORIENTED_EDGE('',*,*,#13544,.F.);
#13820=ORIENTED_EDGE('',*,*,#13662,.F.);
#13821=ORIENTED_EDGE('',*,*,#2280,.F.);
#13822=EDGE_LOOP('',(#13818,#13819,#13820,#13821));
#13823=FACE_BOUND('',#13822,.T.);
#13824=ADVANCED_FACE('',(#13823),#13817,.F.);
#13825=CARTESIAN_POINT('',(1344.,-1303.1,0.));
#13826=DIRECTION('',(0.,-0.707106781,-0.707106781));
#13827=DIRECTION('',(1.,0.,0.));
#13828=AXIS2_PLACEMENT_3D('',#13825,#13826,#13827);
#13829=PLANE('',#13828);
#13830=ORIENTED_EDGE('',*,*,#13777,.F.);
#13831=ORIENTED_EDGE('',*,*,#13200,.F.);
#13832=ORIENTED_EDGE('',*,*,#13640,.F.);
#13833=ORIENTED_EDGE('',*,*,#674,.F.);
#13834=EDGE_LOOP('',(#13830,#13831,#13832,#13833));
#13835=FACE_BOUND('',#13834,.T.);
#13836=ADVANCED_FACE('',(#13835),#13829,.T.);
#13837=CARTESIAN_POINT('',(1356.9,-1316.,0.));
#13838=DIRECTION('',(-0.707106781,0.,-0.707106781));
#13839=DIRECTION('',(0.,-1.,0.));
#13840=AXIS2_PLACEMENT_3D('',#13837,#13838,#13839);
#13841=PLANE('',#13840);
#13842=ORIENTED_EDGE('',*,*,#13753,.F.);
#13843=ORIENTED_EDGE('',*,*,#12758,.F.);
#13844=ORIENTED_EDGE('',*,*,#13784,.F.);
#13845=ORIENTED_EDGE('',*,*,#722,.F.);
#13846=EDGE_LOOP('',(#13842,#13843,#13844,#13845));
#13847=FACE_BOUND('',#13846,.T.);
#13848=ADVANCED_FACE('',(#13847),#13841,.T.);
#13849=CARTESIAN_POINT('',(1344.,-1328.9,6.8));
#13850=DIRECTION('',(0.,-0.707106781,-0.707106781));
#13851=DIRECTION('',(-1.,0.,0.));
#13852=AXIS2_PLACEMENT_3D('',#13849,#13850,#13851);
#13853=PLANE('',#13852);
#13854=ORIENTED_EDGE('',*,*,#13679,.F.);
#13855=ORIENTED_EDGE('',*,*,#13496,.F.);
#13856=ORIENTED_EDGE('',*,*,#13806,.F.);
#13857=ORIENTED_EDGE('',*,*,#2328,.F.);
#13858=EDGE_LOOP('',(#13854,#13855,#13856,#13857));
#13859=FACE_BOUND('',#13858,.T.);
#13860=ADVANCED_FACE('',(#13859),#13853,.F.);
#13861=CARTESIAN_POINT('',(1356.9,-1316.,6.8));
#13862=DIRECTION('',(0.707106781,0.,-0.707106781));
#13863=DIRECTION('',(0.,-1.,0.));
#13864=AXIS2_PLACEMENT_3D('',#13861,#13862,#13863);
#13865=PLANE('',#13864);
#13866=ORIENTED_EDGE('',*,*,#13727,.F.);
#13867=ORIENTED_EDGE('',*,*,#13448,.F.);
#13868=ORIENTED_EDGE('',*,*,#13686,.F.);
#13869=ORIENTED_EDGE('',*,*,#2312,.F.);
#13870=EDGE_LOOP('',(#13866,#13867,#13868,#13869));
#13871=FACE_BOUND('',#13870,.T.);
#13872=ADVANCED_FACE('',(#13871),#13865,.F.);
#13873=CARTESIAN_POINT('',(1344.,-1303.1,6.8));
#13874=DIRECTION('',(0.,0.707106781,-0.707106781));
#13875=DIRECTION('',(1.,0.,0.));
#13876=AXIS2_PLACEMENT_3D('',#13873,#13874,#13875);
#13877=PLANE('',#13876);
#13878=ORIENTED_EDGE('',*,*,#13655,.F.);
#13879=ORIENTED_EDGE('',*,*,#13592,.F.);
#13880=ORIENTED_EDGE('',*,*,#13734,.F.);
#13881=ORIENTED_EDGE('',*,*,#2296,.F.);
#13882=EDGE_LOOP('',(#13878,#13879,#13880,#13881));
#13883=FACE_BOUND('',#13882,.T.);
#13884=ADVANCED_FACE('',(#13883),#13877,.F.);
#13885=CARTESIAN_POINT('',(1331.1,-1316.,0.));
#13886=DIRECTION('',(0.707106781,0.,-0.707106781));
#13887=DIRECTION('',(0.,1.,0.));
#13888=AXIS2_PLACEMENT_3D('',#13885,#13886,#13887);
#13889=PLANE('',#13888);
#13890=ORIENTED_EDGE('',*,*,#13633,.F.);
#13891=ORIENTED_EDGE('',*,*,#13058,.F.);
#13892=ORIENTED_EDGE('',*,*,#13712,.F.);
#13893=ORIENTED_EDGE('',*,*,#690,.F.);
#13894=EDGE_LOOP('',(#13890,#13891,#13892,#13893));
#13895=FACE_BOUND('',#13894,.T.);
#13896=ADVANCED_FACE('',(#13895),#13889,.T.);
#13897=CARTESIAN_POINT('',(1344.,-1328.9,0.));
#13898=DIRECTION('',(0.,0.707106781,-0.707106781));
#13899=DIRECTION('',(-1.,0.,0.));
#13900=AXIS2_PLACEMENT_3D('',#13897,#13898,#13899);
#13901=PLANE('',#13900);
#13902=ORIENTED_EDGE('',*,*,#13705,.F.);
#13903=ORIENTED_EDGE('',*,*,#12916,.F.);
#13904=ORIENTED_EDGE('',*,*,#13760,.F.);
#13905=ORIENTED_EDGE('',*,*,#706,.F.);
#13906=EDGE_LOOP('',(#13902,#13903,#13904,#13905));
#13907=FACE_BOUND('',#13906,.T.);
#13908=ADVANCED_FACE('',(#13907),#13901,.T.);
#13909=CARTESIAN_POINT('',(1353.8,-1302.,6.8));
#13910=DIRECTION('',(-0.707106781,-0.707106781,0.));
#13911=DIRECTION('',(0.,0.,-1.));
#13912=AXIS2_PLACEMENT_3D('',#13909,#13910,#13911);
#13913=PLANE('',#13912);
#13914=ORIENTED_EDGE('',*,*,#1806,.F.);
#13915=ORIENTED_EDGE('',*,*,#13356,.F.);
#13916=ORIENTED_EDGE('',*,*,#88,.F.);
#13917=ORIENTED_EDGE('',*,*,#1512,.F.);
#13918=EDGE_LOOP('',(#13914,#13915,#13916,#13917));
#13919=FACE_BOUND('',#13918,.T.);
#13920=ADVANCED_FACE('',(#13919),#13913,.F.);
#13921=CARTESIAN_POINT('',(1332.1,-1303.36293249,4.6));
#13922=DIRECTION('',(0.,0.,-1.));
#13923=DIRECTION('',(0.,-1.,0.));
#13924=AXIS2_PLACEMENT_3D('',#13921,#13922,#13923);
#13925=CYLINDRICAL_SURFACE('',#13924,0.5);
#13926=ORIENTED_EDGE('',*,*,#9091,.T.);
#13927=CARTESIAN_POINT('',(1332.555223465,-1303.156119539,4.6));
#13928=DIRECTION('',(0.,0.,-1.));
#13929=VECTOR('',#13928,2.4);
#13930=LINE('',#13927,#13929);
#13931=EDGE_CURVE('',#9076,#9126,#13930,.T.);
#13932=ORIENTED_EDGE('',*,*,#13931,.T.);
#13933=ORIENTED_EDGE('',*,*,#9132,.T.);
#13934=CARTESIAN_POINT('',(1332.6,-1303.36293249,2.2));
#13935=DIRECTION('',(-0.,-0.,1.));
#13936=VECTOR('',#13935,2.4);
#13937=LINE('',#13934,#13936);
#13938=EDGE_CURVE('',#9118,#9085,#13937,.T.);
#13939=ORIENTED_EDGE('',*,*,#13938,.T.);
#13940=EDGE_LOOP('',(#13926,#13932,#13933,#13939));
#13941=FACE_BOUND('',#13940,.T.);
#13942=ADVANCED_FACE('',(#13941),#13925,.F.);
#13943=CARTESIAN_POINT('',(1332.6,-1303.875,4.6));
#13944=DIRECTION('',(-1.,0.,0.));
#13945=DIRECTION('',(0.,0.,1.));
#13946=AXIS2_PLACEMENT_3D('',#13943,#13944,#13945);
#13947=PLANE('',#13946);
#13948=ORIENTED_EDGE('',*,*,#9123,.F.);
#13949=CARTESIAN_POINT('',(1332.6,-1304.5,4.6));
#13950=DIRECTION('',(0.,0.,-1.));
#13951=VECTOR('',#13950,2.4);
#13952=LINE('',#13949,#13951);
#13953=EDGE_CURVE('',#9023,#9109,#13952,.T.);
#13954=ORIENTED_EDGE('',*,*,#13953,.F.);
#13955=ORIENTED_EDGE('',*,*,#9097,.T.);
#13956=ORIENTED_EDGE('',*,*,#13938,.F.);
#13957=EDGE_LOOP('',(#13948,#13954,#13955,#13956));
#13958=FACE_BOUND('',#13957,.T.);
#13959=ADVANCED_FACE('',(#13958),#13947,.T.);
#13960=CARTESIAN_POINT('',(1335.1,-1302.,4.6));
#13961=DIRECTION('',(0.,0.,-1.));
#13962=DIRECTION('',(0.,-1.,0.));
#13963=AXIS2_PLACEMENT_3D('',#13960,#13961,#13962);
#13964=CYLINDRICAL_SURFACE('',#13963,2.795084972);
#13965=ORIENTED_EDGE('',*,*,#9082,.F.);
#13966=CARTESIAN_POINT('',(1332.318432388,-1302.274557137,2.2));
#13967=DIRECTION('',(-0.,-0.,1.));
#13968=VECTOR('',#13967,2.4);
#13969=LINE('',#13966,#13968);
#13970=EDGE_CURVE('',#9135,#9067,#13969,.T.);
#13971=ORIENTED_EDGE('',*,*,#13970,.F.);
#13972=ORIENTED_EDGE('',*,*,#9141,.T.);
#13973=ORIENTED_EDGE('',*,*,#13931,.F.);
#13974=EDGE_LOOP('',(#13965,#13971,#13972,#13973));
#13975=FACE_BOUND('',#13974,.T.);
#13976=ADVANCED_FACE('',(#13975),#13964,.T.);
#13977=CARTESIAN_POINT('',(1332.567223359,-1302.25,4.6));
#13978=DIRECTION('',(0.,0.,-1.));
#13979=DIRECTION('',(0.,-1.,0.));
#13980=AXIS2_PLACEMENT_3D('',#13977,#13978,#13979);
#13981=CYLINDRICAL_SURFACE('',#13980,0.25);
#13982=ORIENTED_EDGE('',*,*,#9073,.T.);
#13983=ORIENTED_EDGE('',*,*,#1531,.T.);
#13984=ORIENTED_EDGE('',*,*,#9148,.T.);
#13985=ORIENTED_EDGE('',*,*,#13970,.T.);
#13986=EDGE_LOOP('',(#13982,#13983,#13984,#13985));
#13987=FACE_BOUND('',#13986,.T.);
#13988=ADVANCED_FACE('',(#13987),#13981,.T.);
#13989=CARTESIAN_POINT('',(1355.5,-1330.,4.6));
#13990=DIRECTION('',(0.,0.,-1.));
#13991=DIRECTION('',(-1.,0.,0.));
#13992=AXIS2_PLACEMENT_3D('',#13989,#13990,#13991);
#13993=CYLINDRICAL_SURFACE('',#13992,2.6);
#13994=CARTESIAN_POINT('',(1352.9,-1330.,2.2));
#13995=VERTEX_POINT('',#13994);
#13996=CARTESIAN_POINT('',(1352.9,-1330.,4.6));
#13997=VERTEX_POINT('',#13996);
#13998=CARTESIAN_POINT('',(1352.9,-1330.,2.2));
#13999=DIRECTION('',(-0.,-0.,1.));
#14000=VECTOR('',#13999,2.4);
#14001=LINE('',#13998,#14000);
#14002=EDGE_CURVE('',#13995,#13997,#14001,.T.);
#14003=ORIENTED_EDGE('',*,*,#14002,.F.);
#14004=CARTESIAN_POINT('',(1355.5,-1327.4,2.2));
#14005=VERTEX_POINT('',#14004);
#14006=CARTESIAN_POINT('',(1355.5,-1330.,2.2));
#14007=DIRECTION('',(-0.,-0.,1.));
#14008=DIRECTION('',(-1.,0.,0.));
#14009=AXIS2_PLACEMENT_3D('',#14006,#14007,#14008);
#14010=CIRCLE('',#14009,2.6);
#14011=EDGE_CURVE('',#14005,#13995,#14010,.T.);
#14012=ORIENTED_EDGE('',*,*,#14011,.F.);
#14013=CARTESIAN_POINT('',(1355.5,-1327.4,4.6));
#14014=VERTEX_POINT('',#14013);
#14015=CARTESIAN_POINT('',(1355.5,-1327.4,4.6));
#14016=DIRECTION('',(-0.,-0.,-1.));
#14017=VECTOR('',#14016,2.4);
#14018=LINE('',#14015,#14017);
#14019=EDGE_CURVE('',#14014,#14005,#14018,.T.);
#14020=ORIENTED_EDGE('',*,*,#14019,.F.);
#14021=CARTESIAN_POINT('',(1355.5,-1330.,4.6));
#14022=DIRECTION('',(-0.,-0.,1.));
#14023=DIRECTION('',(-1.,0.,0.));
#14024=AXIS2_PLACEMENT_3D('',#14021,#14022,#14023);
#14025=CIRCLE('',#14024,2.6);
#14026=EDGE_CURVE('',#14014,#13997,#14025,.T.);
#14027=ORIENTED_EDGE('',*,*,#14026,.T.);
#14028=EDGE_LOOP('',(#14003,#14012,#14020,#14027));
#14029=FACE_BOUND('',#14028,.T.);
#14030=ADVANCED_FACE('',(#14029),#13993,.F.);
#14031=CARTESIAN_POINT('',(1344.,-1344.,4.6));
#14032=DIRECTION('',(0.,0.,1.));
#14033=DIRECTION('',(1.,0.,0.));
#14034=AXIS2_PLACEMENT_3D('',#14031,#14032,#14033);
#14035=PLANE('',#14034);
#14036=CARTESIAN_POINT('',(1355.5,-1332.6,4.6));
#14037=VERTEX_POINT('',#14036);
#14038=CARTESIAN_POINT('',(1355.5,-1330.,4.6));
#14039=DIRECTION('',(-0.,-0.,1.));
#14040=DIRECTION('',(-1.,0.,0.));
#14041=AXIS2_PLACEMENT_3D('',#14038,#14039,#14040);
#14042=CIRCLE('',#14041,2.6);
#14043=EDGE_CURVE('',#13997,#14037,#14042,.T.);
#14044=ORIENTED_EDGE('',*,*,#14043,.F.);
#14045=ORIENTED_EDGE('',*,*,#14026,.F.);
#14046=CARTESIAN_POINT('',(1356.63706751,-1327.4,4.6));
#14047=VERTEX_POINT('',#14046);
#14048=CARTESIAN_POINT('',(1355.5,-1327.4,4.6));
#14049=DIRECTION('',(1.,0.,-0.));
#14050=VECTOR('',#14049,1.13706751);
#14051=LINE('',#14048,#14050);
#14052=EDGE_CURVE('',#14014,#14047,#14051,.T.);
#14053=ORIENTED_EDGE('',*,*,#14052,.T.);
#14054=CARTESIAN_POINT('',(1356.843880461,-1327.444776535,4.6));
#14055=VERTEX_POINT('',#14054);
#14056=CARTESIAN_POINT('',(1356.63706751,-1327.9,4.6));
#14057=DIRECTION('',(-0.,-0.,1.));
#14058=DIRECTION('',(-1.,0.,0.));
#14059=AXIS2_PLACEMENT_3D('',#14056,#14057,#14058);
#14060=CIRCLE('',#14059,0.5);
#14061=EDGE_CURVE('',#14055,#14047,#14060,.T.);
#14062=ORIENTED_EDGE('',*,*,#14061,.F.);
#14063=CARTESIAN_POINT('',(1357.725442863,-1327.681567612,4.6));
#14064=VERTEX_POINT('',#14063);
#14065=CARTESIAN_POINT('',(1358.,-1324.9,4.6));
#14066=DIRECTION('',(-0.,-0.,1.));
#14067=DIRECTION('',(-1.,0.,0.));
#14068=AXIS2_PLACEMENT_3D('',#14065,#14066,#14067);
#14069=CIRCLE('',#14068,2.795084972);
#14070=EDGE_CURVE('',#14055,#14064,#14069,.T.);
#14071=ORIENTED_EDGE('',*,*,#14070,.T.);
#14072=CARTESIAN_POINT('',(1357.75,-1327.432776641,4.6));
#14073=DIRECTION('',(0.,0.,-1.));
#14074=DIRECTION('',(-1.,0.,0.));
#14075=AXIS2_PLACEMENT_3D('',#14072,#14073,#14074);
#14076=CIRCLE('',#14075,0.25);
#14077=EDGE_CURVE('',#13321,#14064,#14076,.T.);
#14078=ORIENTED_EDGE('',*,*,#14077,.F.);
#14079=ORIENTED_EDGE('',*,*,#13326,.F.);
#14080=CARTESIAN_POINT('',(1357.725442863,-1332.318432388,4.6));
#14081=VERTEX_POINT('',#14080);
#14082=CARTESIAN_POINT('',(1357.75,-1332.567223359,4.6));
#14083=DIRECTION('',(0.,0.,-1.));
#14084=DIRECTION('',(-1.,0.,0.));
#14085=AXIS2_PLACEMENT_3D('',#14082,#14083,#14084);
#14086=CIRCLE('',#14085,0.25);
#14087=EDGE_CURVE('',#14081,#13311,#14086,.T.);
#14088=ORIENTED_EDGE('',*,*,#14087,.F.);
#14089=CARTESIAN_POINT('',(1356.843880461,-1332.555223465,4.6));
#14090=VERTEX_POINT('',#14089);
#14091=CARTESIAN_POINT('',(1358.,-1335.1,4.6));
#14092=DIRECTION('',(-0.,-0.,1.));
#14093=DIRECTION('',(-1.,0.,0.));
#14094=AXIS2_PLACEMENT_3D('',#14091,#14092,#14093);
#14095=CIRCLE('',#14094,2.795084972);
#14096=EDGE_CURVE('',#14081,#14090,#14095,.T.);
#14097=ORIENTED_EDGE('',*,*,#14096,.T.);
#14098=CARTESIAN_POINT('',(1356.63706751,-1332.6,4.6));
#14099=VERTEX_POINT('',#14098);
#14100=CARTESIAN_POINT('',(1356.63706751,-1332.1,4.6));
#14101=DIRECTION('',(-0.,-0.,1.));
#14102=DIRECTION('',(-1.,0.,0.));
#14103=AXIS2_PLACEMENT_3D('',#14100,#14101,#14102);
#14104=CIRCLE('',#14103,0.5);
#14105=EDGE_CURVE('',#14099,#14090,#14104,.T.);
#14106=ORIENTED_EDGE('',*,*,#14105,.F.);
#14107=CARTESIAN_POINT('',(1355.5,-1332.6,4.6));
#14108=DIRECTION('',(1.,0.,-0.));
#14109=VECTOR('',#14108,1.13706751);
#14110=LINE('',#14107,#14109);
#14111=EDGE_CURVE('',#14037,#14099,#14110,.T.);
#14112=ORIENTED_EDGE('',*,*,#14111,.F.);
#14113=EDGE_LOOP('',(#14044,#14045,#14053,#14062,#14071,#14078,#14079,#14088,#14097,#14106,#14112));
#14114=FACE_BOUND('',#14113,.T.);
#14115=ADVANCED_FACE('',(#14114),#14035,.F.);
#14116=CARTESIAN_POINT('',(1344.,-1344.,2.2));
#14117=DIRECTION('',(0.,0.,1.));
#14118=DIRECTION('',(1.,0.,0.));
#14119=AXIS2_PLACEMENT_3D('',#14116,#14117,#14118);
#14120=PLANE('',#14119);
#14121=ORIENTED_EDGE('',*,*,#14011,.T.);
#14122=CARTESIAN_POINT('',(1355.5,-1332.6,2.2));
#14123=VERTEX_POINT('',#14122);
#14124=CARTESIAN_POINT('',(1355.5,-1330.,2.2));
#14125=DIRECTION('',(-0.,-0.,1.));
#14126=DIRECTION('',(-1.,0.,0.));
#14127=AXIS2_PLACEMENT_3D('',#14124,#14125,#14126);
#14128=CIRCLE('',#14127,2.6);
#14129=EDGE_CURVE('',#13995,#14123,#14128,.T.);
#14130=ORIENTED_EDGE('',*,*,#14129,.T.);
#14131=CARTESIAN_POINT('',(1356.63706751,-1332.6,2.2));
#14132=VERTEX_POINT('',#14131);
#14133=CARTESIAN_POINT('',(1355.5,-1332.6,2.2));
#14134=DIRECTION('',(1.,0.,-0.));
#14135=VECTOR('',#14134,1.13706751);
#14136=LINE('',#14133,#14135);
#14137=EDGE_CURVE('',#14123,#14132,#14136,.T.);
#14138=ORIENTED_EDGE('',*,*,#14137,.T.);
#14139=CARTESIAN_POINT('',(1356.843880461,-1332.555223465,2.2));
#14140=VERTEX_POINT('',#14139);
#14141=CARTESIAN_POINT('',(1356.63706751,-1332.1,2.2));
#14142=DIRECTION('',(0.,0.,-1.));
#14143=DIRECTION('',(-1.,0.,0.));
#14144=AXIS2_PLACEMENT_3D('',#14141,#14142,#14143);
#14145=CIRCLE('',#14144,0.5);
#14146=EDGE_CURVE('',#14140,#14132,#14145,.T.);
#14147=ORIENTED_EDGE('',*,*,#14146,.F.);
#14148=CARTESIAN_POINT('',(1357.725442863,-1332.318432388,2.2));
#14149=VERTEX_POINT('',#14148);
#14150=CARTESIAN_POINT('',(1358.,-1335.1,2.2));
#14151=DIRECTION('',(-0.,-0.,1.));
#14152=DIRECTION('',(-1.,0.,0.));
#14153=AXIS2_PLACEMENT_3D('',#14150,#14151,#14152);
#14154=CIRCLE('',#14153,2.795084972);
#14155=EDGE_CURVE('',#14149,#14140,#14154,.T.);
#14156=ORIENTED_EDGE('',*,*,#14155,.F.);
#14157=CARTESIAN_POINT('',(1357.75,-1332.567223359,2.2));
#14158=DIRECTION('',(-0.,-0.,1.));
#14159=DIRECTION('',(-1.,0.,0.));
#14160=AXIS2_PLACEMENT_3D('',#14157,#14158,#14159);
#14161=CIRCLE('',#14160,0.25);
#14162=EDGE_CURVE('',#13313,#14149,#14161,.T.);
#14163=ORIENTED_EDGE('',*,*,#14162,.F.);
#14164=ORIENTED_EDGE('',*,*,#13340,.T.);
#14165=CARTESIAN_POINT('',(1357.725442863,-1327.681567612,2.2));
#14166=VERTEX_POINT('',#14165);
#14167=CARTESIAN_POINT('',(1357.75,-1327.432776641,2.2));
#14168=DIRECTION('',(-0.,-0.,1.));
#14169=DIRECTION('',(-1.,0.,0.));
#14170=AXIS2_PLACEMENT_3D('',#14167,#14168,#14169);
#14171=CIRCLE('',#14170,0.25);
#14172=EDGE_CURVE('',#14166,#13329,#14171,.T.);
#14173=ORIENTED_EDGE('',*,*,#14172,.F.);
#14174=CARTESIAN_POINT('',(1356.843880461,-1327.444776535,2.2));
#14175=VERTEX_POINT('',#14174);
#14176=CARTESIAN_POINT('',(1358.,-1324.9,2.2));
#14177=DIRECTION('',(-0.,-0.,1.));
#14178=DIRECTION('',(-1.,0.,0.));
#14179=AXIS2_PLACEMENT_3D('',#14176,#14177,#14178);
#14180=CIRCLE('',#14179,2.795084972);
#14181=EDGE_CURVE('',#14175,#14166,#14180,.T.);
#14182=ORIENTED_EDGE('',*,*,#14181,.F.);
#14183=CARTESIAN_POINT('',(1356.63706751,-1327.4,2.2));
#14184=VERTEX_POINT('',#14183);
#14185=CARTESIAN_POINT('',(1356.63706751,-1327.9,2.2));
#14186=DIRECTION('',(0.,0.,-1.));
#14187=DIRECTION('',(-1.,0.,0.));
#14188=AXIS2_PLACEMENT_3D('',#14185,#14186,#14187);
#14189=CIRCLE('',#14188,0.5);
#14190=EDGE_CURVE('',#14184,#14175,#14189,.T.);
#14191=ORIENTED_EDGE('',*,*,#14190,.F.);
#14192=CARTESIAN_POINT('',(1355.5,-1327.4,2.2));
#14193=DIRECTION('',(1.,0.,-0.));
#14194=VECTOR('',#14193,1.13706751);
#14195=LINE('',#14192,#14194);
#14196=EDGE_CURVE('',#14005,#14184,#14195,.T.);
#14197=ORIENTED_EDGE('',*,*,#14196,.F.);
#14198=EDGE_LOOP('',(#14121,#14130,#14138,#14147,#14156,#14163,#14164,#14173,#14182,#14191,#14197));
#14199=FACE_BOUND('',#14198,.T.);
#14200=ADVANCED_FACE('',(#14199),#14120,.T.);
#14201=CARTESIAN_POINT('',(1356.125,-1327.4,4.6));
#14202=DIRECTION('',(0.,1.,0.));
#14203=DIRECTION('',(0.,0.,1.));
#14204=AXIS2_PLACEMENT_3D('',#14201,#14202,#14203);
#14205=PLANE('',#14204);
#14206=ORIENTED_EDGE('',*,*,#14052,.F.);
#14207=ORIENTED_EDGE('',*,*,#14019,.T.);
#14208=ORIENTED_EDGE('',*,*,#14196,.T.);
#14209=CARTESIAN_POINT('',(1356.63706751,-1327.4,4.6));
#14210=DIRECTION('',(0.,0.,-1.));
#14211=VECTOR('',#14210,2.4);
#14212=LINE('',#14209,#14211);
#14213=EDGE_CURVE('',#14047,#14184,#14212,.T.);
#14214=ORIENTED_EDGE('',*,*,#14213,.F.);
#14215=EDGE_LOOP('',(#14206,#14207,#14208,#14214));
#14216=FACE_BOUND('',#14215,.T.);
#14217=ADVANCED_FACE('',(#14216),#14205,.F.);
#14218=CARTESIAN_POINT('',(1356.63706751,-1327.9,4.6));
#14219=DIRECTION('',(0.,0.,-1.));
#14220=DIRECTION('',(-1.,0.,0.));
#14221=AXIS2_PLACEMENT_3D('',#14218,#14219,#14220);
#14222=CYLINDRICAL_SURFACE('',#14221,0.5);
#14223=ORIENTED_EDGE('',*,*,#14061,.T.);
#14224=ORIENTED_EDGE('',*,*,#14213,.T.);
#14225=ORIENTED_EDGE('',*,*,#14190,.T.);
#14226=CARTESIAN_POINT('',(1356.843880461,-1327.444776535,2.2));
#14227=DIRECTION('',(-0.,-0.,1.));
#14228=VECTOR('',#14227,2.4);
#14229=LINE('',#14226,#14228);
#14230=EDGE_CURVE('',#14175,#14055,#14229,.T.);
#14231=ORIENTED_EDGE('',*,*,#14230,.T.);
#14232=EDGE_LOOP('',(#14223,#14224,#14225,#14231));
#14233=FACE_BOUND('',#14232,.T.);
#14234=ADVANCED_FACE('',(#14233),#14222,.F.);
#14235=CARTESIAN_POINT('',(1358.,-1324.9,4.6));
#14236=DIRECTION('',(0.,0.,-1.));
#14237=DIRECTION('',(-1.,0.,0.));
#14238=AXIS2_PLACEMENT_3D('',#14235,#14236,#14237);
#14239=CYLINDRICAL_SURFACE('',#14238,2.795084972);
#14240=ORIENTED_EDGE('',*,*,#14181,.T.);
#14241=CARTESIAN_POINT('',(1357.725442863,-1327.681567612,4.6));
#14242=DIRECTION('',(0.,0.,-1.));
#14243=VECTOR('',#14242,2.4);
#14244=LINE('',#14241,#14243);
#14245=EDGE_CURVE('',#14064,#14166,#14244,.T.);
#14246=ORIENTED_EDGE('',*,*,#14245,.F.);
#14247=ORIENTED_EDGE('',*,*,#14070,.F.);
#14248=ORIENTED_EDGE('',*,*,#14230,.F.);
#14249=EDGE_LOOP('',(#14240,#14246,#14247,#14248));
#14250=FACE_BOUND('',#14249,.T.);
#14251=ADVANCED_FACE('',(#14250),#14239,.T.);
#14252=CARTESIAN_POINT('',(1357.75,-1327.432776641,4.6));
#14253=DIRECTION('',(0.,0.,-1.));
#14254=DIRECTION('',(-1.,0.,0.));
#14255=AXIS2_PLACEMENT_3D('',#14252,#14253,#14254);
#14256=CYLINDRICAL_SURFACE('',#14255,0.25);
#14257=ORIENTED_EDGE('',*,*,#14077,.T.);
#14258=ORIENTED_EDGE('',*,*,#14245,.T.);
#14259=ORIENTED_EDGE('',*,*,#14172,.T.);
#14260=ORIENTED_EDGE('',*,*,#13334,.T.);
#14261=EDGE_LOOP('',(#14257,#14258,#14259,#14260));
#14262=FACE_BOUND('',#14261,.T.);
#14263=ADVANCED_FACE('',(#14262),#14256,.T.);
#14264=CARTESIAN_POINT('',(1356.5,-1344.,2.4));
#14265=DIRECTION('',(-1.,0.,0.));
#14266=DIRECTION('',(0.,-1.,0.));
#14267=AXIS2_PLACEMENT_3D('',#14264,#14265,#14266);
#14268=PLANE('',#14267);
#14269=CARTESIAN_POINT('',(1356.5,-1336.376955262,1.4));
#14270=VERTEX_POINT('',#14269);
#14271=CARTESIAN_POINT('',(1356.5,-1334.9627417,0.4));
#14272=VERTEX_POINT('',#14271);
#14273=CARTESIAN_POINT('',(1356.5,-1336.376955262,1.4));
#14274=DIRECTION('',(0.,0.816496581,-0.577350269));
#14275=VECTOR('',#14274,1.732050807);
#14276=LINE('',#14273,#14275);
#14277=EDGE_CURVE('',#14270,#14272,#14276,.T.);
#14278=ORIENTED_EDGE('',*,*,#14277,.T.);
#14279=CARTESIAN_POINT('',(1356.5,-1353.0372583,0.4));
#14280=VERTEX_POINT('',#14279);
#14281=CARTESIAN_POINT('',(1356.5,-1334.9627417,0.4));
#14282=DIRECTION('',(0.,-1.,0.));
#14283=VECTOR('',#14282,18.0745166);
#14284=LINE('',#14281,#14283);
#14285=EDGE_CURVE('',#14272,#14280,#14284,.T.);
#14286=ORIENTED_EDGE('',*,*,#14285,.T.);
#14287=CARTESIAN_POINT('',(1356.5,-1351.623044738,1.4));
#14288=VERTEX_POINT('',#14287);
#14289=CARTESIAN_POINT('',(1356.5,-1353.0372583,0.4));
#14290=DIRECTION('',(0.,0.816496581,0.577350269));
#14291=VECTOR('',#14290,1.732050807);
#14292=LINE('',#14289,#14291);
#14293=EDGE_CURVE('',#14280,#14288,#14292,.T.);
#14294=ORIENTED_EDGE('',*,*,#14293,.T.);
#14295=CARTESIAN_POINT('',(1356.5,-1351.623044738,1.4));
#14296=DIRECTION('',(-0.,1.,-0.));
#14297=VECTOR('',#14296,15.246089476);
#14298=LINE('',#14295,#14297);
#14299=EDGE_CURVE('',#14288,#14270,#14298,.T.);
#14300=ORIENTED_EDGE('',*,*,#14299,.T.);
#14301=EDGE_LOOP('',(#14278,#14286,#14294,#14300));
#14302=FACE_BOUND('',#14301,.T.);
#14303=ADVANCED_FACE('',(#14302),#14268,.T.);
#14304=CARTESIAN_POINT('',(1356.5,-1344.,1.4));
#14305=DIRECTION('',(0.819231921,0.,-0.573462344));
#14306=DIRECTION('',(0.,1.,0.));
#14307=AXIS2_PLACEMENT_3D('',#14304,#14305,#14306);
#14308=PLANE('',#14307);
#14309=CARTESIAN_POINT('',(1357.2,-1350.923044738,2.4));
#14310=VERTEX_POINT('',#14309);
#14311=CARTESIAN_POINT('',(1357.2,-1350.923044738,2.4));
#14312=DIRECTION('',(-0.497468338,-0.497468338,-0.710669055));
#14313=VECTOR('',#14312,1.407124728);
#14314=LINE('',#14311,#14313);
#14315=EDGE_CURVE('',#14310,#14288,#14314,.T.);
#14316=ORIENTED_EDGE('',*,*,#14315,.F.);
#14317=CARTESIAN_POINT('',(1357.2,-1337.076955262,2.4));
#14318=VERTEX_POINT('',#14317);
#14319=CARTESIAN_POINT('',(1357.199999999,-1350.923044738,2.4));
#14320=DIRECTION('',(0.,1.,0.));
#14321=VECTOR('',#14320,13.846089476);
#14322=LINE('',#14319,#14321);
#14323=EDGE_CURVE('',#14310,#14318,#14322,.T.);
#14324=ORIENTED_EDGE('',*,*,#14323,.T.);
#14325=CARTESIAN_POINT('',(1356.5,-1336.376955262,1.4));
#14326=DIRECTION('',(0.497468338,-0.497468338,0.710669055));
#14327=VECTOR('',#14326,1.407124728);
#14328=LINE('',#14325,#14327);
#14329=EDGE_CURVE('',#14270,#14318,#14328,.T.);
#14330=ORIENTED_EDGE('',*,*,#14329,.F.);
#14331=ORIENTED_EDGE('',*,*,#14299,.F.);
#14332=EDGE_LOOP('',(#14316,#14324,#14330,#14331));
#14333=FACE_BOUND('',#14332,.T.);
#14334=ADVANCED_FACE('',(#14333),#14308,.F.);
#14335=CARTESIAN_POINT('',(1357.2,-1344.,6.8));
#14336=DIRECTION('',(-1.,0.,0.));
#14337=DIRECTION('',(0.,-1.,0.));
#14338=AXIS2_PLACEMENT_3D('',#14335,#14336,#14337);
#14339=PLANE('',#14338);
#14340=ORIENTED_EDGE('',*,*,#14323,.F.);
#14341=CARTESIAN_POINT('',(1357.2,-1350.923044738,4.4));
#14342=VERTEX_POINT('',#14341);
#14343=CARTESIAN_POINT('',(1357.2,-1350.923044738,4.4));
#14344=DIRECTION('',(-0.,-0.,-1.));
#14345=VECTOR('',#14344,2.);
#14346=LINE('',#14343,#14345);
#14347=EDGE_CURVE('',#14342,#14310,#14346,.T.);
#14348=ORIENTED_EDGE('',*,*,#14347,.F.);
#14349=CARTESIAN_POINT('',(1357.2,-1337.076955262,4.4));
#14350=VERTEX_POINT('',#14349);
#14351=CARTESIAN_POINT('',(1357.2,-1350.923044738,4.4));
#14352=DIRECTION('',(-0.,1.,-0.));
#14353=VECTOR('',#14352,13.846089476);
#14354=LINE('',#14351,#14353);
#14355=EDGE_CURVE('',#14342,#14350,#14354,.T.);
#14356=ORIENTED_EDGE('',*,*,#14355,.T.);
#14357=CARTESIAN_POINT('',(1357.2,-1337.076955262,4.4));
#14358=DIRECTION('',(-0.,-0.,-1.));
#14359=VECTOR('',#14358,2.);
#14360=LINE('',#14357,#14359);
#14361=EDGE_CURVE('',#14350,#14318,#14360,.T.);
#14362=ORIENTED_EDGE('',*,*,#14361,.T.);
#14363=EDGE_LOOP('',(#14340,#14348,#14356,#14362));
#14364=FACE_BOUND('',#14363,.T.);
#14365=ADVANCED_FACE('',(#14364),#14339,.T.);
#14366=CARTESIAN_POINT('',(1356.85,-1336.726955262,6.8));
#14367=DIRECTION('',(-0.707106781,-0.707106781,0.));
#14368=DIRECTION('',(0.707106781,-0.707106781,0.));
#14369=AXIS2_PLACEMENT_3D('',#14366,#14367,#14368);
#14370=PLANE('',#14369);
#14371=CARTESIAN_POINT('',(1356.5,-1336.376955262,5.4));
#14372=VERTEX_POINT('',#14371);
#14373=CARTESIAN_POINT('',(1357.2,-1337.076955262,4.4));
#14374=DIRECTION('',(-0.497468338,0.497468338,0.710669055));
#14375=VECTOR('',#14374,1.407124728);
#14376=LINE('',#14373,#14375);
#14377=EDGE_CURVE('',#14350,#14372,#14376,.T.);
#14378=ORIENTED_EDGE('',*,*,#14377,.T.);
#14379=CARTESIAN_POINT('',(1351.623044738,-1331.5,5.4));
#14380=VERTEX_POINT('',#14379);
#14381=CARTESIAN_POINT('',(1356.5,-1336.376955262,5.4));
#14382=DIRECTION('',(-0.707106781,0.707106781,-0.));
#14383=VECTOR('',#14382,6.897056275);
#14384=LINE('',#14381,#14383);
#14385=EDGE_CURVE('',#14372,#14380,#14384,.T.);
#14386=ORIENTED_EDGE('',*,*,#14385,.T.);
#14387=CARTESIAN_POINT('',(1350.923044738,-1330.8,4.4));
#14388=VERTEX_POINT('',#14387);
#14389=CARTESIAN_POINT('',(1351.623044738,-1331.5,5.4));
#14390=DIRECTION('',(-0.497468338,0.497468338,-0.710669055));
#14391=VECTOR('',#14390,1.407124728);
#14392=LINE('',#14389,#14391);
#14393=EDGE_CURVE('',#14380,#14388,#14392,.T.);
#14394=ORIENTED_EDGE('',*,*,#14393,.T.);
#14395=CARTESIAN_POINT('',(1350.923044738,-1330.8,2.4));
#14396=VERTEX_POINT('',#14395);
#14397=CARTESIAN_POINT('',(1350.923044738,-1330.8,4.4));
#14398=DIRECTION('',(-0.,-0.,-1.));
#14399=VECTOR('',#14398,2.);
#14400=LINE('',#14397,#14399);
#14401=EDGE_CURVE('',#14388,#14396,#14400,.T.);
#14402=ORIENTED_EDGE('',*,*,#14401,.T.);
#14403=CARTESIAN_POINT('',(1351.623044738,-1331.5,1.4));
#14404=VERTEX_POINT('',#14403);
#14405=CARTESIAN_POINT('',(1350.923044738,-1330.8,2.4));
#14406=DIRECTION('',(0.497468338,-0.497468338,-0.710669055));
#14407=VECTOR('',#14406,1.407124728);
#14408=LINE('',#14405,#14407);
#14409=EDGE_CURVE('',#14396,#14404,#14408,.T.);
#14410=ORIENTED_EDGE('',*,*,#14409,.T.);
#14411=CARTESIAN_POINT('',(1351.623044738,-1331.5,1.4));
#14412=DIRECTION('',(0.707106781,-0.707106781,0.));
#14413=VECTOR('',#14412,6.897056275);
#14414=LINE('',#14411,#14413);
#14415=EDGE_CURVE('',#14404,#14270,#14414,.T.);
#14416=ORIENTED_EDGE('',*,*,#14415,.T.);
#14417=ORIENTED_EDGE('',*,*,#14329,.T.);
#14418=ORIENTED_EDGE('',*,*,#14361,.F.);
#14419=EDGE_LOOP('',(#14378,#14386,#14394,#14402,#14410,#14416,#14417,#14418));
#14420=FACE_BOUND('',#14419,.T.);
#14421=ADVANCED_FACE('',(#14420),#14370,.T.);
#14422=CARTESIAN_POINT('',(1344.,-1356.5,2.4));
#14423=DIRECTION('',(0.,1.,0.));
#14424=DIRECTION('',(-1.,0.,0.));
#14425=AXIS2_PLACEMENT_3D('',#14422,#14423,#14424);
#14426=PLANE('',#14425);
#14427=CARTESIAN_POINT('',(1351.623044738,-1356.5,1.4));
#14428=VERTEX_POINT('',#14427);
#14429=CARTESIAN_POINT('',(1353.0372583,-1356.5,0.4));
#14430=VERTEX_POINT('',#14429);
#14431=CARTESIAN_POINT('',(1351.623044738,-1356.5,1.4));
#14432=DIRECTION('',(0.816496581,0.,-0.577350269));
#14433=VECTOR('',#14432,1.732050807);
#14434=LINE('',#14431,#14433);
#14435=EDGE_CURVE('',#14428,#14430,#14434,.T.);
#14436=ORIENTED_EDGE('',*,*,#14435,.T.);
#14437=CARTESIAN_POINT('',(1334.9627417,-1356.5,0.4));
#14438=VERTEX_POINT('',#14437);
#14439=CARTESIAN_POINT('',(1353.0372583,-1356.5,0.4));
#14440=DIRECTION('',(-1.,0.,0.));
#14441=VECTOR('',#14440,18.0745166);
#14442=LINE('',#14439,#14441);
#14443=EDGE_CURVE('',#14430,#14438,#14442,.T.);
#14444=ORIENTED_EDGE('',*,*,#14443,.T.);
#14445=CARTESIAN_POINT('',(1336.376955262,-1356.5,1.4));
#14446=VERTEX_POINT('',#14445);
#14447=CARTESIAN_POINT('',(1334.9627417,-1356.5,0.4));
#14448=DIRECTION('',(0.816496581,0.,0.577350269));
#14449=VECTOR('',#14448,1.732050807);
#14450=LINE('',#14447,#14449);
#14451=EDGE_CURVE('',#14438,#14446,#14450,.T.);
#14452=ORIENTED_EDGE('',*,*,#14451,.T.);
#14453=CARTESIAN_POINT('',(1336.376955262,-1356.5,1.4));
#14454=DIRECTION('',(1.,-0.,-0.));
#14455=VECTOR('',#14454,15.246089476);
#14456=LINE('',#14453,#14455);
#14457=EDGE_CURVE('',#14446,#14428,#14456,.T.);
#14458=ORIENTED_EDGE('',*,*,#14457,.T.);
#14459=EDGE_LOOP('',(#14436,#14444,#14452,#14458));
#14460=FACE_BOUND('',#14459,.T.);
#14461=ADVANCED_FACE('',(#14460),#14426,.T.);
#14462=CARTESIAN_POINT('',(1344.,-1356.5,1.4));
#14463=DIRECTION('',(0.,-0.819231921,-0.573462344));
#14464=DIRECTION('',(1.,0.,0.));
#14465=AXIS2_PLACEMENT_3D('',#14462,#14463,#14464);
#14466=PLANE('',#14465);
#14467=CARTESIAN_POINT('',(1337.076955262,-1357.2,2.4));
#14468=VERTEX_POINT('',#14467);
#14469=CARTESIAN_POINT('',(1337.076955262,-1357.2,2.4));
#14470=DIRECTION('',(-0.497468338,0.497468338,-0.710669055));
#14471=VECTOR('',#14470,1.407124728);
#14472=LINE('',#14469,#14471);
#14473=EDGE_CURVE('',#14468,#14446,#14472,.T.);
#14474=ORIENTED_EDGE('',*,*,#14473,.F.);
#14475=CARTESIAN_POINT('',(1350.923044738,-1357.2,2.4));
#14476=VERTEX_POINT('',#14475);
#14477=CARTESIAN_POINT('',(1337.076955262,-1357.199999999,2.4));
#14478=DIRECTION('',(1.,0.,-0.));
#14479=VECTOR('',#14478,13.846089476);
#14480=LINE('',#14477,#14479);
#14481=EDGE_CURVE('',#14468,#14476,#14480,.T.);
#14482=ORIENTED_EDGE('',*,*,#14481,.T.);
#14483=CARTESIAN_POINT('',(1351.623044738,-1356.5,1.4));
#14484=DIRECTION('',(-0.497468338,-0.497468338,0.710669055));
#14485=VECTOR('',#14484,1.407124728);
#14486=LINE('',#14483,#14485);
#14487=EDGE_CURVE('',#14428,#14476,#14486,.T.);
#14488=ORIENTED_EDGE('',*,*,#14487,.F.);
#14489=ORIENTED_EDGE('',*,*,#14457,.F.);
#14490=EDGE_LOOP('',(#14474,#14482,#14488,#14489));
#14491=FACE_BOUND('',#14490,.T.);
#14492=ADVANCED_FACE('',(#14491),#14466,.F.);
#14493=CARTESIAN_POINT('',(1344.,-1357.2,6.8));
#14494=DIRECTION('',(0.,1.,0.));
#14495=DIRECTION('',(-1.,0.,0.));
#14496=AXIS2_PLACEMENT_3D('',#14493,#14494,#14495);
#14497=PLANE('',#14496);
#14498=ORIENTED_EDGE('',*,*,#14481,.F.);
#14499=CARTESIAN_POINT('',(1337.076955262,-1357.2,4.4));
#14500=VERTEX_POINT('',#14499);
#14501=CARTESIAN_POINT('',(1337.076955262,-1357.2,4.4));
#14502=DIRECTION('',(-0.,-0.,-1.));
#14503=VECTOR('',#14502,2.);
#14504=LINE('',#14501,#14503);
#14505=EDGE_CURVE('',#14500,#14468,#14504,.T.);
#14506=ORIENTED_EDGE('',*,*,#14505,.F.);
#14507=CARTESIAN_POINT('',(1350.923044738,-1357.2,4.4));
#14508=VERTEX_POINT('',#14507);
#14509=CARTESIAN_POINT('',(1337.076955262,-1357.2,4.4));
#14510=DIRECTION('',(1.,-0.,-0.));
#14511=VECTOR('',#14510,13.846089476);
#14512=LINE('',#14509,#14511);
#14513=EDGE_CURVE('',#14500,#14508,#14512,.T.);
#14514=ORIENTED_EDGE('',*,*,#14513,.T.);
#14515=CARTESIAN_POINT('',(1350.923044738,-1357.2,4.4));
#14516=DIRECTION('',(-0.,-0.,-1.));
#14517=VECTOR('',#14516,2.);
#14518=LINE('',#14515,#14517);
#14519=EDGE_CURVE('',#14508,#14476,#14518,.T.);
#14520=ORIENTED_EDGE('',*,*,#14519,.T.);
#14521=EDGE_LOOP('',(#14498,#14506,#14514,#14520));
#14522=FACE_BOUND('',#14521,.T.);
#14523=ADVANCED_FACE('',(#14522),#14497,.T.);
#14524=CARTESIAN_POINT('',(1351.273044738,-1356.85,6.8));
#14525=DIRECTION('',(-0.707106781,0.707106781,0.));
#14526=DIRECTION('',(-0.707106781,-0.707106781,0.));
#14527=AXIS2_PLACEMENT_3D('',#14524,#14525,#14526);
#14528=PLANE('',#14527);
#14529=CARTESIAN_POINT('',(1351.623044738,-1356.5,5.4));
#14530=VERTEX_POINT('',#14529);
#14531=CARTESIAN_POINT('',(1350.923044738,-1357.2,4.4));
#14532=DIRECTION('',(0.497468338,0.497468338,0.710669055));
#14533=VECTOR('',#14532,1.407124728);
#14534=LINE('',#14531,#14533);
#14535=EDGE_CURVE('',#14508,#14530,#14534,.T.);
#14536=ORIENTED_EDGE('',*,*,#14535,.T.);
#14537=CARTESIAN_POINT('',(1356.5,-1351.623044738,5.4));
#14538=VERTEX_POINT('',#14537);
#14539=CARTESIAN_POINT('',(1351.623044738,-1356.5,5.4));
#14540=DIRECTION('',(0.707106781,0.707106781,-0.));
#14541=VECTOR('',#14540,6.897056275);
#14542=LINE('',#14539,#14541);
#14543=EDGE_CURVE('',#14530,#14538,#14542,.T.);
#14544=ORIENTED_EDGE('',*,*,#14543,.T.);
#14545=CARTESIAN_POINT('',(1356.5,-1351.623044738,5.4));
#14546=DIRECTION('',(0.497468338,0.497468338,-0.710669055));
#14547=VECTOR('',#14546,1.407124728);
#14548=LINE('',#14545,#14547);
#14549=EDGE_CURVE('',#14538,#14342,#14548,.T.);
#14550=ORIENTED_EDGE('',*,*,#14549,.T.);
#14551=ORIENTED_EDGE('',*,*,#14347,.T.);
#14552=ORIENTED_EDGE('',*,*,#14315,.T.);
#14553=CARTESIAN_POINT('',(1356.5,-1351.623044738,1.4));
#14554=DIRECTION('',(-0.707106781,-0.707106781,0.));
#14555=VECTOR('',#14554,6.897056275);
#14556=LINE('',#14553,#14555);
#14557=EDGE_CURVE('',#14288,#14428,#14556,.T.);
#14558=ORIENTED_EDGE('',*,*,#14557,.T.);
#14559=ORIENTED_EDGE('',*,*,#14487,.T.);
#14560=ORIENTED_EDGE('',*,*,#14519,.F.);
#14561=EDGE_LOOP('',(#14536,#14544,#14550,#14551,#14552,#14558,#14559,#14560));
#14562=FACE_BOUND('',#14561,.T.);
#14563=ADVANCED_FACE('',(#14562),#14528,.T.);
#14564=CARTESIAN_POINT('',(1331.5,-1344.,2.4));
#14565=DIRECTION('',(1.,0.,0.));
#14566=DIRECTION('',(0.,1.,0.));
#14567=AXIS2_PLACEMENT_3D('',#14564,#14565,#14566);
#14568=PLANE('',#14567);
#14569=CARTESIAN_POINT('',(1331.5,-1351.623044738,1.4));
#14570=VERTEX_POINT('',#14569);
#14571=CARTESIAN_POINT('',(1331.5,-1353.0372583,0.4));
#14572=VERTEX_POINT('',#14571);
#14573=CARTESIAN_POINT('',(1331.5,-1351.623044738,1.4));
#14574=DIRECTION('',(0.,-0.816496581,-0.577350269));
#14575=VECTOR('',#14574,1.732050807);
#14576=LINE('',#14573,#14575);
#14577=EDGE_CURVE('',#14570,#14572,#14576,.T.);
#14578=ORIENTED_EDGE('',*,*,#14577,.T.);
#14579=CARTESIAN_POINT('',(1331.5,-1334.9627417,0.4));
#14580=VERTEX_POINT('',#14579);
#14581=CARTESIAN_POINT('',(1331.5,-1353.0372583,0.4));
#14582=DIRECTION('',(0.,1.,0.));
#14583=VECTOR('',#14582,18.0745166);
#14584=LINE('',#14581,#14583);
#14585=EDGE_CURVE('',#14572,#14580,#14584,.T.);
#14586=ORIENTED_EDGE('',*,*,#14585,.T.);
#14587=CARTESIAN_POINT('',(1331.5,-1336.376955262,1.4));
#14588=VERTEX_POINT('',#14587);
#14589=CARTESIAN_POINT('',(1331.5,-1334.9627417,0.4));
#14590=DIRECTION('',(0.,-0.816496581,0.577350269));
#14591=VECTOR('',#14590,1.732050807);
#14592=LINE('',#14589,#14591);
#14593=EDGE_CURVE('',#14580,#14588,#14592,.T.);
#14594=ORIENTED_EDGE('',*,*,#14593,.T.);
#14595=CARTESIAN_POINT('',(1331.5,-1336.376955262,1.4));
#14596=DIRECTION('',(-0.,-1.,-0.));
#14597=VECTOR('',#14596,15.246089476);
#14598=LINE('',#14595,#14597);
#14599=EDGE_CURVE('',#14588,#14570,#14598,.T.);
#14600=ORIENTED_EDGE('',*,*,#14599,.T.);
#14601=EDGE_LOOP('',(#14578,#14586,#14594,#14600));
#14602=FACE_BOUND('',#14601,.T.);
#14603=ADVANCED_FACE('',(#14602),#14568,.T.);
#14604=CARTESIAN_POINT('',(1331.5,-1344.,1.4));
#14605=DIRECTION('',(-0.819231921,0.,-0.573462344));
#14606=DIRECTION('',(0.,-1.,0.));
#14607=AXIS2_PLACEMENT_3D('',#14604,#14605,#14606);
#14608=PLANE('',#14607);
#14609=CARTESIAN_POINT('',(1330.8,-1337.076955262,2.4));
#14610=VERTEX_POINT('',#14609);
#14611=CARTESIAN_POINT('',(1330.8,-1337.076955262,2.4));
#14612=DIRECTION('',(0.497468338,0.497468338,-0.710669055));
#14613=VECTOR('',#14612,1.407124728);
#14614=LINE('',#14611,#14613);
#14615=EDGE_CURVE('',#14610,#14588,#14614,.T.);
#14616=ORIENTED_EDGE('',*,*,#14615,.F.);
#14617=CARTESIAN_POINT('',(1330.8,-1350.923044738,2.4));
#14618=VERTEX_POINT('',#14617);
#14619=CARTESIAN_POINT('',(1330.800000001,-1337.076955262,2.4));
#14620=DIRECTION('',(0.,-1.,0.));
#14621=VECTOR('',#14620,13.846089476);
#14622=LINE('',#14619,#14621);
#14623=EDGE_CURVE('',#14610,#14618,#14622,.T.);
#14624=ORIENTED_EDGE('',*,*,#14623,.T.);
#14625=CARTESIAN_POINT('',(1331.5,-1351.623044738,1.4));
#14626=DIRECTION('',(-0.497468338,0.497468338,0.710669055));
#14627=VECTOR('',#14626,1.407124728);
#14628=LINE('',#14625,#14627);
#14629=EDGE_CURVE('',#14570,#14618,#14628,.T.);
#14630=ORIENTED_EDGE('',*,*,#14629,.F.);
#14631=ORIENTED_EDGE('',*,*,#14599,.F.);
#14632=EDGE_LOOP('',(#14616,#14624,#14630,#14631));
#14633=FACE_BOUND('',#14632,.T.);
#14634=ADVANCED_FACE('',(#14633),#14608,.F.);
#14635=CARTESIAN_POINT('',(1330.8,-1344.,6.8));
#14636=DIRECTION('',(1.,0.,0.));
#14637=DIRECTION('',(0.,1.,0.));
#14638=AXIS2_PLACEMENT_3D('',#14635,#14636,#14637);
#14639=PLANE('',#14638);
#14640=ORIENTED_EDGE('',*,*,#14623,.F.);
#14641=CARTESIAN_POINT('',(1330.8,-1337.076955262,4.4));
#14642=VERTEX_POINT('',#14641);
#14643=CARTESIAN_POINT('',(1330.8,-1337.076955262,4.4));
#14644=DIRECTION('',(-0.,-0.,-1.));
#14645=VECTOR('',#14644,2.);
#14646=LINE('',#14643,#14645);
#14647=EDGE_CURVE('',#14642,#14610,#14646,.T.);
#14648=ORIENTED_EDGE('',*,*,#14647,.F.);
#14649=CARTESIAN_POINT('',(1330.8,-1350.923044738,4.4));
#14650=VERTEX_POINT('',#14649);
#14651=CARTESIAN_POINT('',(1330.8,-1337.076955262,4.4));
#14652=DIRECTION('',(-0.,-1.,-0.));
#14653=VECTOR('',#14652,13.846089476);
#14654=LINE('',#14651,#14653);
#14655=EDGE_CURVE('',#14642,#14650,#14654,.T.);
#14656=ORIENTED_EDGE('',*,*,#14655,.T.);
#14657=CARTESIAN_POINT('',(1330.8,-1350.923044738,4.4));
#14658=DIRECTION('',(-0.,-0.,-1.));
#14659=VECTOR('',#14658,2.);
#14660=LINE('',#14657,#14659);
#14661=EDGE_CURVE('',#14650,#14618,#14660,.T.);
#14662=ORIENTED_EDGE('',*,*,#14661,.T.);
#14663=EDGE_LOOP('',(#14640,#14648,#14656,#14662));
#14664=FACE_BOUND('',#14663,.T.);
#14665=ADVANCED_FACE('',(#14664),#14639,.T.);
#14666=CARTESIAN_POINT('',(1331.15,-1351.273044738,6.8));
#14667=DIRECTION('',(0.707106781,0.707106781,0.));
#14668=DIRECTION('',(-0.707106781,0.707106781,0.));
#14669=AXIS2_PLACEMENT_3D('',#14666,#14667,#14668);
#14670=PLANE('',#14669);
#14671=ORIENTED_EDGE('',*,*,#14473,.T.);
#14672=CARTESIAN_POINT('',(1336.376955262,-1356.5,1.4));
#14673=DIRECTION('',(-0.707106781,0.707106781,0.));
#14674=VECTOR('',#14673,6.897056275);
#14675=LINE('',#14672,#14674);
#14676=EDGE_CURVE('',#14446,#14570,#14675,.T.);
#14677=ORIENTED_EDGE('',*,*,#14676,.T.);
#14678=ORIENTED_EDGE('',*,*,#14629,.T.);
#14679=ORIENTED_EDGE('',*,*,#14661,.F.);
#14680=CARTESIAN_POINT('',(1331.5,-1351.623044738,5.4));
#14681=VERTEX_POINT('',#14680);
#14682=CARTESIAN_POINT('',(1330.8,-1350.923044738,4.4));
#14683=DIRECTION('',(0.497468338,-0.497468338,0.710669055));
#14684=VECTOR('',#14683,1.407124728);
#14685=LINE('',#14682,#14684);
#14686=EDGE_CURVE('',#14650,#14681,#14685,.T.);
#14687=ORIENTED_EDGE('',*,*,#14686,.T.);
#14688=CARTESIAN_POINT('',(1336.376955262,-1356.5,5.4));
#14689=VERTEX_POINT('',#14688);
#14690=CARTESIAN_POINT('',(1331.5,-1351.623044738,5.4));
#14691=DIRECTION('',(0.707106781,-0.707106781,-0.));
#14692=VECTOR('',#14691,6.897056275);
#14693=LINE('',#14690,#14692);
#14694=EDGE_CURVE('',#14681,#14689,#14693,.T.);
#14695=ORIENTED_EDGE('',*,*,#14694,.T.);
#14696=CARTESIAN_POINT('',(1336.376955262,-1356.5,5.4));
#14697=DIRECTION('',(0.497468338,-0.497468338,-0.710669055));
#14698=VECTOR('',#14697,1.407124728);
#14699=LINE('',#14696,#14698);
#14700=EDGE_CURVE('',#14689,#14500,#14699,.T.);
#14701=ORIENTED_EDGE('',*,*,#14700,.T.);
#14702=ORIENTED_EDGE('',*,*,#14505,.T.);
#14703=EDGE_LOOP('',(#14671,#14677,#14678,#14679,#14687,#14695,#14701,#14702));
#14704=FACE_BOUND('',#14703,.T.);
#14705=ADVANCED_FACE('',(#14704),#14670,.T.);
#14706=CARTESIAN_POINT('',(1344.,-1331.5,2.4));
#14707=DIRECTION('',(0.,-1.,0.));
#14708=DIRECTION('',(1.,0.,0.));
#14709=AXIS2_PLACEMENT_3D('',#14706,#14707,#14708);
#14710=PLANE('',#14709);
#14711=CARTESIAN_POINT('',(1336.376955262,-1331.5,1.4));
#14712=VERTEX_POINT('',#14711);
#14713=CARTESIAN_POINT('',(1334.9627417,-1331.5,0.4));
#14714=VERTEX_POINT('',#14713);
#14715=CARTESIAN_POINT('',(1336.376955262,-1331.5,1.4));
#14716=DIRECTION('',(-0.816496581,0.,-0.577350269));
#14717=VECTOR('',#14716,1.732050807);
#14718=LINE('',#14715,#14717);
#14719=EDGE_CURVE('',#14712,#14714,#14718,.T.);
#14720=ORIENTED_EDGE('',*,*,#14719,.T.);
#14721=CARTESIAN_POINT('',(1353.0372583,-1331.5,0.4));
#14722=VERTEX_POINT('',#14721);
#14723=CARTESIAN_POINT('',(1334.9627417,-1331.5,0.4));
#14724=DIRECTION('',(1.,0.,-0.));
#14725=VECTOR('',#14724,18.0745166);
#14726=LINE('',#14723,#14725);
#14727=EDGE_CURVE('',#14714,#14722,#14726,.T.);
#14728=ORIENTED_EDGE('',*,*,#14727,.T.);
#14729=CARTESIAN_POINT('',(1353.0372583,-1331.5,0.4));
#14730=DIRECTION('',(-0.816496581,0.,0.577350269));
#14731=VECTOR('',#14730,1.732050807);
#14732=LINE('',#14729,#14731);
#14733=EDGE_CURVE('',#14722,#14404,#14732,.T.);
#14734=ORIENTED_EDGE('',*,*,#14733,.T.);
#14735=CARTESIAN_POINT('',(1351.623044738,-1331.5,1.4));
#14736=DIRECTION('',(-1.,-0.,0.));
#14737=VECTOR('',#14736,15.246089476);
#14738=LINE('',#14735,#14737);
#14739=EDGE_CURVE('',#14404,#14712,#14738,.T.);
#14740=ORIENTED_EDGE('',*,*,#14739,.T.);
#14741=EDGE_LOOP('',(#14720,#14728,#14734,#14740));
#14742=FACE_BOUND('',#14741,.T.);
#14743=ADVANCED_FACE('',(#14742),#14710,.T.);
#14744=CARTESIAN_POINT('',(1344.,-1331.5,1.4));
#14745=DIRECTION('',(0.,0.819231921,-0.573462344));
#14746=DIRECTION('',(-1.,0.,0.));
#14747=AXIS2_PLACEMENT_3D('',#14744,#14745,#14746);
#14748=PLANE('',#14747);
#14749=ORIENTED_EDGE('',*,*,#14409,.F.);
#14750=CARTESIAN_POINT('',(1337.076955262,-1330.8,2.4));
#14751=VERTEX_POINT('',#14750);
#14752=CARTESIAN_POINT('',(1350.923044738,-1330.800000001,2.4));
#14753=DIRECTION('',(-1.,0.,0.));
#14754=VECTOR('',#14753,13.846089476);
#14755=LINE('',#14752,#14754);
#14756=EDGE_CURVE('',#14396,#14751,#14755,.T.);
#14757=ORIENTED_EDGE('',*,*,#14756,.T.);
#14758=CARTESIAN_POINT('',(1336.376955262,-1331.5,1.4));
#14759=DIRECTION('',(0.497468338,0.497468338,0.710669055));
#14760=VECTOR('',#14759,1.407124728);
#14761=LINE('',#14758,#14760);
#14762=EDGE_CURVE('',#14712,#14751,#14761,.T.);
#14763=ORIENTED_EDGE('',*,*,#14762,.F.);
#14764=ORIENTED_EDGE('',*,*,#14739,.F.);
#14765=EDGE_LOOP('',(#14749,#14757,#14763,#14764));
#14766=FACE_BOUND('',#14765,.T.);
#14767=ADVANCED_FACE('',(#14766),#14748,.F.);
#14768=CARTESIAN_POINT('',(1344.,-1330.8,6.8));
#14769=DIRECTION('',(0.,-1.,0.));
#14770=DIRECTION('',(1.,0.,0.));
#14771=AXIS2_PLACEMENT_3D('',#14768,#14769,#14770);
#14772=PLANE('',#14771);
#14773=ORIENTED_EDGE('',*,*,#14756,.F.);
#14774=ORIENTED_EDGE('',*,*,#14401,.F.);
#14775=CARTESIAN_POINT('',(1337.076955262,-1330.8,4.4));
#14776=VERTEX_POINT('',#14775);
#14777=CARTESIAN_POINT('',(1350.923044738,-1330.8,4.4));
#14778=DIRECTION('',(-1.,-0.,0.));
#14779=VECTOR('',#14778,13.846089476);
#14780=LINE('',#14777,#14779);
#14781=EDGE_CURVE('',#14388,#14776,#14780,.T.);
#14782=ORIENTED_EDGE('',*,*,#14781,.T.);
#14783=CARTESIAN_POINT('',(1337.076955262,-1330.8,4.4));
#14784=DIRECTION('',(-0.,-0.,-1.));
#14785=VECTOR('',#14784,2.);
#14786=LINE('',#14783,#14785);
#14787=EDGE_CURVE('',#14776,#14751,#14786,.T.);
#14788=ORIENTED_EDGE('',*,*,#14787,.T.);
#14789=EDGE_LOOP('',(#14773,#14774,#14782,#14788));
#14790=FACE_BOUND('',#14789,.T.);
#14791=ADVANCED_FACE('',(#14790),#14772,.T.);
#14792=CARTESIAN_POINT('',(1336.726955262,-1331.15,6.8));
#14793=DIRECTION('',(0.707106781,-0.707106781,0.));
#14794=DIRECTION('',(0.707106781,0.707106781,0.));
#14795=AXIS2_PLACEMENT_3D('',#14792,#14793,#14794);
#14796=PLANE('',#14795);
#14797=ORIENTED_EDGE('',*,*,#14615,.T.);
#14798=CARTESIAN_POINT('',(1331.5,-1336.376955262,1.4));
#14799=DIRECTION('',(0.707106781,0.707106781,0.));
#14800=VECTOR('',#14799,6.897056275);
#14801=LINE('',#14798,#14800);
#14802=EDGE_CURVE('',#14588,#14712,#14801,.T.);
#14803=ORIENTED_EDGE('',*,*,#14802,.T.);
#14804=ORIENTED_EDGE('',*,*,#14762,.T.);
#14805=ORIENTED_EDGE('',*,*,#14787,.F.);
#14806=CARTESIAN_POINT('',(1336.376955262,-1331.5,5.4));
#14807=VERTEX_POINT('',#14806);
#14808=CARTESIAN_POINT('',(1337.076955262,-1330.8,4.4));
#14809=DIRECTION('',(-0.497468338,-0.497468338,0.710669055));
#14810=VECTOR('',#14809,1.407124728);
#14811=LINE('',#14808,#14810);
#14812=EDGE_CURVE('',#14776,#14807,#14811,.T.);
#14813=ORIENTED_EDGE('',*,*,#14812,.T.);
#14814=CARTESIAN_POINT('',(1331.5,-1336.376955262,5.4));
#14815=VERTEX_POINT('',#14814);
#14816=CARTESIAN_POINT('',(1336.376955262,-1331.5,5.4));
#14817=DIRECTION('',(-0.707106781,-0.707106781,-0.));
#14818=VECTOR('',#14817,6.897056275);
#14819=LINE('',#14816,#14818);
#14820=EDGE_CURVE('',#14807,#14815,#14819,.T.);
#14821=ORIENTED_EDGE('',*,*,#14820,.T.);
#14822=CARTESIAN_POINT('',(1331.5,-1336.376955262,5.4));
#14823=DIRECTION('',(-0.497468338,-0.497468338,-0.710669055));
#14824=VECTOR('',#14823,1.407124728);
#14825=LINE('',#14822,#14824);
#14826=EDGE_CURVE('',#14815,#14642,#14825,.T.);
#14827=ORIENTED_EDGE('',*,*,#14826,.T.);
#14828=ORIENTED_EDGE('',*,*,#14647,.T.);
#14829=EDGE_LOOP('',(#14797,#14803,#14804,#14805,#14813,#14821,#14827,#14828));
#14830=FACE_BOUND('',#14829,.T.);
#14831=ADVANCED_FACE('',(#14830),#14796,.T.);
#14832=CARTESIAN_POINT('',(1356.5,-1344.,4.4));
#14833=DIRECTION('',(-1.,0.,0.));
#14834=DIRECTION('',(0.,-1.,0.));
#14835=AXIS2_PLACEMENT_3D('',#14832,#14833,#14834);
#14836=PLANE('',#14835);
#14837=CARTESIAN_POINT('',(1356.5,-1353.0372583,6.4));
#14838=VERTEX_POINT('',#14837);
#14839=CARTESIAN_POINT('',(1356.5,-1351.623044738,5.4));
#14840=DIRECTION('',(0.,-0.816496581,0.577350269));
#14841=VECTOR('',#14840,1.732050807);
#14842=LINE('',#14839,#14841);
#14843=EDGE_CURVE('',#14538,#14838,#14842,.T.);
#14844=ORIENTED_EDGE('',*,*,#14843,.T.);
#14845=CARTESIAN_POINT('',(1356.5,-1334.9627417,6.4));
#14846=VERTEX_POINT('',#14845);
#14847=CARTESIAN_POINT('',(1356.5,-1353.0372583,6.4));
#14848=DIRECTION('',(-0.,1.,-0.));
#14849=VECTOR('',#14848,18.0745166);
#14850=LINE('',#14847,#14849);
#14851=EDGE_CURVE('',#14838,#14846,#14850,.T.);
#14852=ORIENTED_EDGE('',*,*,#14851,.T.);
#14853=CARTESIAN_POINT('',(1356.5,-1334.9627417,6.4));
#14854=DIRECTION('',(0.,-0.816496581,-0.577350269));
#14855=VECTOR('',#14854,1.732050807);
#14856=LINE('',#14853,#14855);
#14857=EDGE_CURVE('',#14846,#14372,#14856,.T.);
#14858=ORIENTED_EDGE('',*,*,#14857,.T.);
#14859=CARTESIAN_POINT('',(1356.5,-1336.376955262,5.4));
#14860=DIRECTION('',(0.,-1.,0.));
#14861=VECTOR('',#14860,15.246089476);
#14862=LINE('',#14859,#14861);
#14863=EDGE_CURVE('',#14372,#14538,#14862,.T.);
#14864=ORIENTED_EDGE('',*,*,#14863,.T.);
#14865=EDGE_LOOP('',(#14844,#14852,#14858,#14864));
#14866=FACE_BOUND('',#14865,.T.);
#14867=ADVANCED_FACE('',(#14866),#14836,.T.);
#14868=CARTESIAN_POINT('',(1356.5,-1344.,5.4));
#14869=DIRECTION('',(-0.819231921,0.,-0.573462344));
#14870=DIRECTION('',(0.,1.,0.));
#14871=AXIS2_PLACEMENT_3D('',#14868,#14869,#14870);
#14872=PLANE('',#14871);
#14873=ORIENTED_EDGE('',*,*,#14377,.F.);
#14874=ORIENTED_EDGE('',*,*,#14355,.F.);
#14875=ORIENTED_EDGE('',*,*,#14549,.F.);
#14876=ORIENTED_EDGE('',*,*,#14863,.F.);
#14877=EDGE_LOOP('',(#14873,#14874,#14875,#14876));
#14878=FACE_BOUND('',#14877,.T.);
#14879=ADVANCED_FACE('',(#14878),#14872,.T.);
#14880=CARTESIAN_POINT('',(1344.,-1356.5,4.4));
#14881=DIRECTION('',(0.,1.,0.));
#14882=DIRECTION('',(-1.,0.,0.));
#14883=AXIS2_PLACEMENT_3D('',#14880,#14881,#14882);
#14884=PLANE('',#14883);
#14885=CARTESIAN_POINT('',(1334.9627417,-1356.5,6.4));
#14886=VERTEX_POINT('',#14885);
#14887=CARTESIAN_POINT('',(1336.376955262,-1356.5,5.4));
#14888=DIRECTION('',(-0.816496581,0.,0.577350269));
#14889=VECTOR('',#14888,1.732050807);
#14890=LINE('',#14887,#14889);
#14891=EDGE_CURVE('',#14689,#14886,#14890,.T.);
#14892=ORIENTED_EDGE('',*,*,#14891,.T.);
#14893=CARTESIAN_POINT('',(1353.0372583,-1356.5,6.4));
#14894=VERTEX_POINT('',#14893);
#14895=CARTESIAN_POINT('',(1334.9627417,-1356.5,6.4));
#14896=DIRECTION('',(1.,-0.,-0.));
#14897=VECTOR('',#14896,18.0745166);
#14898=LINE('',#14895,#14897);
#14899=EDGE_CURVE('',#14886,#14894,#14898,.T.);
#14900=ORIENTED_EDGE('',*,*,#14899,.T.);
#14901=CARTESIAN_POINT('',(1353.0372583,-1356.5,6.4));
#14902=DIRECTION('',(-0.816496581,0.,-0.577350269));
#14903=VECTOR('',#14902,1.732050807);
#14904=LINE('',#14901,#14903);
#14905=EDGE_CURVE('',#14894,#14530,#14904,.T.);
#14906=ORIENTED_EDGE('',*,*,#14905,.T.);
#14907=CARTESIAN_POINT('',(1351.623044738,-1356.5,5.4));
#14908=DIRECTION('',(-1.,0.,0.));
#14909=VECTOR('',#14908,15.246089476);
#14910=LINE('',#14907,#14909);
#14911=EDGE_CURVE('',#14530,#14689,#14910,.T.);
#14912=ORIENTED_EDGE('',*,*,#14911,.T.);
#14913=EDGE_LOOP('',(#14892,#14900,#14906,#14912));
#14914=FACE_BOUND('',#14913,.T.);
#14915=ADVANCED_FACE('',(#14914),#14884,.T.);
#14916=CARTESIAN_POINT('',(1344.,-1356.5,5.4));
#14917=DIRECTION('',(0.,0.819231921,-0.573462344));
#14918=DIRECTION('',(1.,0.,0.));
#14919=AXIS2_PLACEMENT_3D('',#14916,#14917,#14918);
#14920=PLANE('',#14919);
#14921=ORIENTED_EDGE('',*,*,#14535,.F.);
#14922=ORIENTED_EDGE('',*,*,#14513,.F.);
#14923=ORIENTED_EDGE('',*,*,#14700,.F.);
#14924=ORIENTED_EDGE('',*,*,#14911,.F.);
#14925=EDGE_LOOP('',(#14921,#14922,#14923,#14924));
#14926=FACE_BOUND('',#14925,.T.);
#14927=ADVANCED_FACE('',(#14926),#14920,.T.);
#14928=CARTESIAN_POINT('',(1331.5,-1344.,4.4));
#14929=DIRECTION('',(1.,0.,0.));
#14930=DIRECTION('',(0.,1.,0.));
#14931=AXIS2_PLACEMENT_3D('',#14928,#14929,#14930);
#14932=PLANE('',#14931);
#14933=CARTESIAN_POINT('',(1331.5,-1334.9627417,6.4));
#14934=VERTEX_POINT('',#14933);
#14935=CARTESIAN_POINT('',(1331.5,-1336.376955262,5.4));
#14936=DIRECTION('',(0.,0.816496581,0.577350269));
#14937=VECTOR('',#14936,1.732050807);
#14938=LINE('',#14935,#14937);
#14939=EDGE_CURVE('',#14815,#14934,#14938,.T.);
#14940=ORIENTED_EDGE('',*,*,#14939,.T.);
#14941=CARTESIAN_POINT('',(1331.5,-1353.0372583,6.4));
#14942=VERTEX_POINT('',#14941);
#14943=CARTESIAN_POINT('',(1331.5,-1334.9627417,6.4));
#14944=DIRECTION('',(-0.,-1.,-0.));
#14945=VECTOR('',#14944,18.0745166);
#14946=LINE('',#14943,#14945);
#14947=EDGE_CURVE('',#14934,#14942,#14946,.T.);
#14948=ORIENTED_EDGE('',*,*,#14947,.T.);
#14949=CARTESIAN_POINT('',(1331.5,-1353.0372583,6.4));
#14950=DIRECTION('',(0.,0.816496581,-0.577350269));
#14951=VECTOR('',#14950,1.732050807);
#14952=LINE('',#14949,#14951);
#14953=EDGE_CURVE('',#14942,#14681,#14952,.T.);
#14954=ORIENTED_EDGE('',*,*,#14953,.T.);
#14955=CARTESIAN_POINT('',(1331.5,-1351.623044738,5.4));
#14956=DIRECTION('',(0.,1.,0.));
#14957=VECTOR('',#14956,15.246089476);
#14958=LINE('',#14955,#14957);
#14959=EDGE_CURVE('',#14681,#14815,#14958,.T.);
#14960=ORIENTED_EDGE('',*,*,#14959,.T.);
#14961=EDGE_LOOP('',(#14940,#14948,#14954,#14960));
#14962=FACE_BOUND('',#14961,.T.);
#14963=ADVANCED_FACE('',(#14962),#14932,.T.);
#14964=CARTESIAN_POINT('',(1331.5,-1344.,5.4));
#14965=DIRECTION('',(0.819231921,0.,-0.573462344));
#14966=DIRECTION('',(0.,-1.,0.));
#14967=AXIS2_PLACEMENT_3D('',#14964,#14965,#14966);
#14968=PLANE('',#14967);
#14969=ORIENTED_EDGE('',*,*,#14686,.F.);
#14970=ORIENTED_EDGE('',*,*,#14655,.F.);
#14971=ORIENTED_EDGE('',*,*,#14826,.F.);
#14972=ORIENTED_EDGE('',*,*,#14959,.F.);
#14973=EDGE_LOOP('',(#14969,#14970,#14971,#14972));
#14974=FACE_BOUND('',#14973,.T.);
#14975=ADVANCED_FACE('',(#14974),#14968,.T.);
#14976=CARTESIAN_POINT('',(1344.,-1331.5,4.4));
#14977=DIRECTION('',(0.,-1.,0.));
#14978=DIRECTION('',(1.,0.,0.));
#14979=AXIS2_PLACEMENT_3D('',#14976,#14977,#14978);
#14980=PLANE('',#14979);
#14981=CARTESIAN_POINT('',(1353.0372583,-1331.5,6.4));
#14982=VERTEX_POINT('',#14981);
#14983=CARTESIAN_POINT('',(1351.623044738,-1331.5,5.4));
#14984=DIRECTION('',(0.816496581,0.,0.577350269));
#14985=VECTOR('',#14984,1.732050807);
#14986=LINE('',#14983,#14985);
#14987=EDGE_CURVE('',#14380,#14982,#14986,.T.);
#14988=ORIENTED_EDGE('',*,*,#14987,.T.);
#14989=CARTESIAN_POINT('',(1334.9627417,-1331.5,6.4));
#14990=VERTEX_POINT('',#14989);
#14991=CARTESIAN_POINT('',(1353.0372583,-1331.5,6.4));
#14992=DIRECTION('',(-1.,-0.,0.));
#14993=VECTOR('',#14992,18.0745166);
#14994=LINE('',#14991,#14993);
#14995=EDGE_CURVE('',#14982,#14990,#14994,.T.);
#14996=ORIENTED_EDGE('',*,*,#14995,.T.);
#14997=CARTESIAN_POINT('',(1334.9627417,-1331.5,6.4));
#14998=DIRECTION('',(0.816496581,0.,-0.577350269));
#14999=VECTOR('',#14998,1.732050807);
#15000=LINE('',#14997,#14999);
#15001=EDGE_CURVE('',#14990,#14807,#15000,.T.);
#15002=ORIENTED_EDGE('',*,*,#15001,.T.);
#15003=CARTESIAN_POINT('',(1336.376955262,-1331.5,5.4));
#15004=DIRECTION('',(1.,0.,-0.));
#15005=VECTOR('',#15004,15.246089476);
#15006=LINE('',#15003,#15005);
#15007=EDGE_CURVE('',#14807,#14380,#15006,.T.);
#15008=ORIENTED_EDGE('',*,*,#15007,.T.);
#15009=EDGE_LOOP('',(#14988,#14996,#15002,#15008));
#15010=FACE_BOUND('',#15009,.T.);
#15011=ADVANCED_FACE('',(#15010),#14980,.T.);
#15012=CARTESIAN_POINT('',(1344.,-1331.5,5.4));
#15013=DIRECTION('',(0.,-0.819231921,-0.573462344));
#15014=DIRECTION('',(-1.,0.,0.));
#15015=AXIS2_PLACEMENT_3D('',#15012,#15013,#15014);
#15016=PLANE('',#15015);
#15017=ORIENTED_EDGE('',*,*,#14812,.F.);
#15018=ORIENTED_EDGE('',*,*,#14781,.F.);
#15019=ORIENTED_EDGE('',*,*,#14393,.F.);
#15020=ORIENTED_EDGE('',*,*,#15007,.F.);
#15021=EDGE_LOOP('',(#15017,#15018,#15019,#15020));
#15022=FACE_BOUND('',#15021,.T.);
#15023=ADVANCED_FACE('',(#15022),#15016,.T.);
#15024=CARTESIAN_POINT('',(1332.948528137,-1332.948528137,0.));
#15025=DIRECTION('',(0.5,-0.5,-0.707106781));
#15026=DIRECTION('',(0.707106781,0.707106781,0.));
#15027=AXIS2_PLACEMENT_3D('',#15024,#15025,#15026);
#15028=PLANE('',#15027);
#15029=ORIENTED_EDGE('',*,*,#14719,.F.);
#15030=ORIENTED_EDGE('',*,*,#14802,.F.);
#15031=ORIENTED_EDGE('',*,*,#14593,.F.);
#15032=CARTESIAN_POINT('',(1331.5,-1334.9627417,0.4));
#15033=DIRECTION('',(-0.678598344,0.281084638,-0.678598345));
#15034=VECTOR('',#15033,0.589450303);
#15035=LINE('',#15032,#15034);
#15036=EDGE_CURVE('',#14580,#743,#15035,.T.);
#15037=ORIENTED_EDGE('',*,*,#15036,.T.);
#15038=ORIENTED_EDGE('',*,*,#748,.F.);
#15039=CARTESIAN_POINT('',(1334.797056275,-1331.1,0.));
#15040=DIRECTION('',(0.281084638,-0.678598344,0.678598345));
#15041=VECTOR('',#15040,0.589450303);
#15042=LINE('',#15039,#15041);
#15043=EDGE_CURVE('',#735,#14714,#15042,.T.);
#15044=ORIENTED_EDGE('',*,*,#15043,.T.);
#15045=EDGE_LOOP('',(#15029,#15030,#15031,#15037,#15038,#15044));
#15046=FACE_BOUND('',#15045,.T.);
#15047=ADVANCED_FACE('',(#15046),#15028,.T.);
#15048=CARTESIAN_POINT('',(1336.726955262,-1331.15,5.4));
#15049=DIRECTION('',(-0.5,0.5,-0.707106781));
#15050=DIRECTION('',(-0.707106781,-0.707106781,0.));
#15051=AXIS2_PLACEMENT_3D('',#15048,#15049,#15050);
#15052=PLANE('',#15051);
#15053=ORIENTED_EDGE('',*,*,#15001,.F.);
#15054=CARTESIAN_POINT('',(1334.9627417,-1331.5,6.4));
#15055=DIRECTION('',(-0.281084638,0.678598344,0.678598345));
#15056=VECTOR('',#15055,0.589450303);
#15057=LINE('',#15054,#15056);
#15058=EDGE_CURVE('',#14990,#2349,#15057,.T.);
#15059=ORIENTED_EDGE('',*,*,#15058,.T.);
#15060=ORIENTED_EDGE('',*,*,#2354,.F.);
#15061=CARTESIAN_POINT('',(1331.1,-1334.797056275,6.8));
#15062=DIRECTION('',(0.678598344,-0.281084638,-0.678598345));
#15063=VECTOR('',#15062,0.589450303);
#15064=LINE('',#15061,#15063);
#15065=EDGE_CURVE('',#2341,#14934,#15064,.T.);
#15066=ORIENTED_EDGE('',*,*,#15065,.T.);
#15067=ORIENTED_EDGE('',*,*,#14939,.F.);
#15068=ORIENTED_EDGE('',*,*,#14820,.F.);
#15069=EDGE_LOOP('',(#15053,#15059,#15060,#15066,#15067,#15068));
#15070=FACE_BOUND('',#15069,.T.);
#15071=ADVANCED_FACE('',(#15070),#15052,.F.);
#15072=CARTESIAN_POINT('',(1351.273044738,-1356.85,5.4));
#15073=DIRECTION('',(0.5,-0.5,-0.707106781));
#15074=DIRECTION('',(0.707106781,0.707106781,0.));
#15075=AXIS2_PLACEMENT_3D('',#15072,#15073,#15074);
#15076=PLANE('',#15075);
#15077=ORIENTED_EDGE('',*,*,#14905,.F.);
#15078=CARTESIAN_POINT('',(1353.0372583,-1356.5,6.4));
#15079=DIRECTION('',(0.281084638,-0.678598344,0.678598345));
#15080=VECTOR('',#15079,0.589450303);
#15081=LINE('',#15078,#15080);
#15082=EDGE_CURVE('',#14894,#2381,#15081,.T.);
#15083=ORIENTED_EDGE('',*,*,#15082,.T.);
#15084=ORIENTED_EDGE('',*,*,#2386,.F.);
#15085=CARTESIAN_POINT('',(1356.9,-1353.202943725,6.8));
#15086=DIRECTION('',(-0.678598344,0.281084638,-0.678598345));
#15087=VECTOR('',#15086,0.589450303);
#15088=LINE('',#15085,#15087);
#15089=EDGE_CURVE('',#2373,#14838,#15088,.T.);
#15090=ORIENTED_EDGE('',*,*,#15089,.T.);
#15091=ORIENTED_EDGE('',*,*,#14843,.F.);
#15092=ORIENTED_EDGE('',*,*,#14543,.F.);
#15093=EDGE_LOOP('',(#15077,#15083,#15084,#15090,#15091,#15092));
#15094=FACE_BOUND('',#15093,.T.);
#15095=ADVANCED_FACE('',(#15094),#15076,.F.);
#15096=CARTESIAN_POINT('',(1332.948528137,-1355.051471863,0.));
#15097=DIRECTION('',(0.5,0.5,-0.707106781));
#15098=DIRECTION('',(-0.707106781,0.707106781,0.));
#15099=AXIS2_PLACEMENT_3D('',#15096,#15097,#15098);
#15100=PLANE('',#15099);
#15101=ORIENTED_EDGE('',*,*,#14577,.F.);
#15102=ORIENTED_EDGE('',*,*,#14676,.F.);
#15103=ORIENTED_EDGE('',*,*,#14451,.F.);
#15104=CARTESIAN_POINT('',(1334.9627417,-1356.5,0.4));
#15105=DIRECTION('',(-0.281084638,-0.678598344,-0.678598345));
#15106=VECTOR('',#15105,0.589450303);
#15107=LINE('',#15104,#15106);
#15108=EDGE_CURVE('',#14438,#759,#15107,.T.);
#15109=ORIENTED_EDGE('',*,*,#15108,.T.);
#15110=ORIENTED_EDGE('',*,*,#764,.F.);
#15111=CARTESIAN_POINT('',(1331.1,-1353.202943725,0.));
#15112=DIRECTION('',(0.678598344,0.281084638,0.678598345));
#15113=VECTOR('',#15112,0.589450303);
#15114=LINE('',#15111,#15113);
#15115=EDGE_CURVE('',#751,#14572,#15114,.T.);
#15116=ORIENTED_EDGE('',*,*,#15115,.T.);
#15117=EDGE_LOOP('',(#15101,#15102,#15103,#15109,#15110,#15116));
#15118=FACE_BOUND('',#15117,.T.);
#15119=ADVANCED_FACE('',(#15118),#15100,.T.);
#15120=CARTESIAN_POINT('',(1356.85,-1336.726955262,5.4));
#15121=DIRECTION('',(0.5,0.5,-0.707106781));
#15122=DIRECTION('',(-0.707106781,0.707106781,0.));
#15123=AXIS2_PLACEMENT_3D('',#15120,#15121,#15122);
#15124=PLANE('',#15123);
#15125=ORIENTED_EDGE('',*,*,#14857,.F.);
#15126=CARTESIAN_POINT('',(1356.5,-1334.9627417,6.4));
#15127=DIRECTION('',(0.678598344,0.281084638,0.678598345));
#15128=VECTOR('',#15127,0.589450303);
#15129=LINE('',#15126,#15128);
#15130=EDGE_CURVE('',#14846,#2365,#15129,.T.);
#15131=ORIENTED_EDGE('',*,*,#15130,.T.);
#15132=ORIENTED_EDGE('',*,*,#2370,.F.);
#15133=CARTESIAN_POINT('',(1353.202943725,-1331.1,6.8));
#15134=DIRECTION('',(-0.281084638,-0.678598344,-0.678598345));
#15135=VECTOR('',#15134,0.589450303);
#15136=LINE('',#15133,#15135);
#15137=EDGE_CURVE('',#2357,#14982,#15136,.T.);
#15138=ORIENTED_EDGE('',*,*,#15137,.T.);
#15139=ORIENTED_EDGE('',*,*,#14987,.F.);
#15140=ORIENTED_EDGE('',*,*,#14385,.F.);
#15141=EDGE_LOOP('',(#15125,#15131,#15132,#15138,#15139,#15140));
#15142=FACE_BOUND('',#15141,.T.);
#15143=ADVANCED_FACE('',(#15142),#15124,.F.);
#15144=CARTESIAN_POINT('',(1355.051471863,-1355.051471863,0.));
#15145=DIRECTION('',(-0.5,0.5,-0.707106781));
#15146=DIRECTION('',(-0.707106781,-0.707106781,0.));
#15147=AXIS2_PLACEMENT_3D('',#15144,#15145,#15146);
#15148=PLANE('',#15147);
#15149=ORIENTED_EDGE('',*,*,#14435,.F.);
#15150=ORIENTED_EDGE('',*,*,#14557,.F.);
#15151=ORIENTED_EDGE('',*,*,#14293,.F.);
#15152=CARTESIAN_POINT('',(1356.5,-1353.0372583,0.4));
#15153=DIRECTION('',(0.678598344,-0.281084638,-0.678598345));
#15154=VECTOR('',#15153,0.589450303);
#15155=LINE('',#15152,#15154);
#15156=EDGE_CURVE('',#14280,#775,#15155,.T.);
#15157=ORIENTED_EDGE('',*,*,#15156,.T.);
#15158=ORIENTED_EDGE('',*,*,#780,.F.);
#15159=CARTESIAN_POINT('',(1353.202943725,-1356.9,0.));
#15160=DIRECTION('',(-0.281084638,0.678598344,0.678598345));
#15161=VECTOR('',#15160,0.589450303);
#15162=LINE('',#15159,#15161);
#15163=EDGE_CURVE('',#767,#14430,#15162,.T.);
#15164=ORIENTED_EDGE('',*,*,#15163,.T.);
#15165=EDGE_LOOP('',(#15149,#15150,#15151,#15157,#15158,#15164));
#15166=FACE_BOUND('',#15165,.T.);
#15167=ADVANCED_FACE('',(#15166),#15148,.T.);
#15168=CARTESIAN_POINT('',(1355.051471863,-1332.948528137,0.));
#15169=DIRECTION('',(-0.5,-0.5,-0.707106781));
#15170=DIRECTION('',(0.707106781,-0.707106781,0.));
#15171=AXIS2_PLACEMENT_3D('',#15168,#15169,#15170);
#15172=PLANE('',#15171);
#15173=ORIENTED_EDGE('',*,*,#14277,.F.);
#15174=ORIENTED_EDGE('',*,*,#14415,.F.);
#15175=ORIENTED_EDGE('',*,*,#14733,.F.);
#15176=CARTESIAN_POINT('',(1353.0372583,-1331.5,0.4));
#15177=DIRECTION('',(0.281084638,0.678598344,-0.678598345));
#15178=VECTOR('',#15177,0.589450303);
#15179=LINE('',#15176,#15178);
#15180=EDGE_CURVE('',#14722,#733,#15179,.T.);
#15181=ORIENTED_EDGE('',*,*,#15180,.T.);
#15182=ORIENTED_EDGE('',*,*,#794,.F.);
#15183=CARTESIAN_POINT('',(1356.9,-1334.797056275,0.));
#15184=DIRECTION('',(-0.678598344,-0.281084638,0.678598345));
#15185=VECTOR('',#15184,0.589450303);
#15186=LINE('',#15183,#15185);
#15187=EDGE_CURVE('',#783,#14272,#15186,.T.);
#15188=ORIENTED_EDGE('',*,*,#15187,.T.);
#15189=EDGE_LOOP('',(#15173,#15174,#15175,#15181,#15182,#15188));
#15190=FACE_BOUND('',#15189,.T.);
#15191=ADVANCED_FACE('',(#15190),#15172,.T.);
#15192=CARTESIAN_POINT('',(1331.15,-1351.273044738,5.4));
#15193=DIRECTION('',(-0.5,-0.5,-0.707106781));
#15194=DIRECTION('',(0.707106781,-0.707106781,0.));
#15195=AXIS2_PLACEMENT_3D('',#15192,#15193,#15194);
#15196=PLANE('',#15195);
#15197=ORIENTED_EDGE('',*,*,#14953,.F.);
#15198=CARTESIAN_POINT('',(1331.5,-1353.0372583,6.4));
#15199=DIRECTION('',(-0.678598344,-0.281084638,0.678598345));
#15200=VECTOR('',#15199,0.589450303);
#15201=LINE('',#15198,#15200);
#15202=EDGE_CURVE('',#14942,#2339,#15201,.T.);
#15203=ORIENTED_EDGE('',*,*,#15202,.T.);
#15204=ORIENTED_EDGE('',*,*,#2400,.F.);
#15205=CARTESIAN_POINT('',(1334.797056275,-1356.9,6.8));
#15206=DIRECTION('',(0.281084638,0.678598344,-0.678598345));
#15207=VECTOR('',#15206,0.589450303);
#15208=LINE('',#15205,#15207);
#15209=EDGE_CURVE('',#2389,#14886,#15208,.T.);
#15210=ORIENTED_EDGE('',*,*,#15209,.T.);
#15211=ORIENTED_EDGE('',*,*,#14891,.F.);
#15212=ORIENTED_EDGE('',*,*,#14694,.F.);
#15213=EDGE_LOOP('',(#15197,#15203,#15204,#15210,#15211,#15212));
#15214=FACE_BOUND('',#15213,.T.);
#15215=ADVANCED_FACE('',(#15214),#15196,.F.);
#15216=CARTESIAN_POINT('',(1331.1,-1344.,6.8));
#15217=DIRECTION('',(-0.707106781,0.,-0.707106781));
#15218=DIRECTION('',(0.,1.,0.));
#15219=AXIS2_PLACEMENT_3D('',#15216,#15217,#15218);
#15220=PLANE('',#15219);
#15221=ORIENTED_EDGE('',*,*,#15202,.F.);
#15222=ORIENTED_EDGE('',*,*,#14947,.F.);
#15223=ORIENTED_EDGE('',*,*,#15065,.F.);
#15224=ORIENTED_EDGE('',*,*,#2346,.F.);
#15225=EDGE_LOOP('',(#15221,#15222,#15223,#15224));
#15226=FACE_BOUND('',#15225,.T.);
#15227=ADVANCED_FACE('',(#15226),#15220,.F.);
#15228=CARTESIAN_POINT('',(1344.,-1331.1,0.));
#15229=DIRECTION('',(0.,-0.707106781,-0.707106781));
#15230=DIRECTION('',(1.,0.,0.));
#15231=AXIS2_PLACEMENT_3D('',#15228,#15229,#15230);
#15232=PLANE('',#15231);
#15233=ORIENTED_EDGE('',*,*,#15180,.F.);
#15234=ORIENTED_EDGE('',*,*,#14727,.F.);
#15235=ORIENTED_EDGE('',*,*,#15043,.F.);
#15236=ORIENTED_EDGE('',*,*,#740,.F.);
#15237=EDGE_LOOP('',(#15233,#15234,#15235,#15236));
#15238=FACE_BOUND('',#15237,.T.);
#15239=ADVANCED_FACE('',(#15238),#15232,.T.);
#15240=CARTESIAN_POINT('',(1356.9,-1344.,0.));
#15241=DIRECTION('',(-0.707106781,0.,-0.707106781));
#15242=DIRECTION('',(0.,-1.,0.));
#15243=AXIS2_PLACEMENT_3D('',#15240,#15241,#15242);
#15244=PLANE('',#15243);
#15245=ORIENTED_EDGE('',*,*,#15156,.F.);
#15246=ORIENTED_EDGE('',*,*,#14285,.F.);
#15247=ORIENTED_EDGE('',*,*,#15187,.F.);
#15248=ORIENTED_EDGE('',*,*,#788,.F.);
#15249=EDGE_LOOP('',(#15245,#15246,#15247,#15248));
#15250=FACE_BOUND('',#15249,.T.);
#15251=ADVANCED_FACE('',(#15250),#15244,.T.);
#15252=CARTESIAN_POINT('',(1344.,-1356.9,6.8));
#15253=DIRECTION('',(0.,-0.707106781,-0.707106781));
#15254=DIRECTION('',(-1.,0.,0.));
#15255=AXIS2_PLACEMENT_3D('',#15252,#15253,#15254);
#15256=PLANE('',#15255);
#15257=ORIENTED_EDGE('',*,*,#15082,.F.);
#15258=ORIENTED_EDGE('',*,*,#14899,.F.);
#15259=ORIENTED_EDGE('',*,*,#15209,.F.);
#15260=ORIENTED_EDGE('',*,*,#2394,.F.);
#15261=EDGE_LOOP('',(#15257,#15258,#15259,#15260));
#15262=FACE_BOUND('',#15261,.T.);
#15263=ADVANCED_FACE('',(#15262),#15256,.F.);
#15264=CARTESIAN_POINT('',(1356.9,-1344.,6.8));
#15265=DIRECTION('',(0.707106781,0.,-0.707106781));
#15266=DIRECTION('',(0.,-1.,0.));
#15267=AXIS2_PLACEMENT_3D('',#15264,#15265,#15266);
#15268=PLANE('',#15267);
#15269=ORIENTED_EDGE('',*,*,#15130,.F.);
#15270=ORIENTED_EDGE('',*,*,#14851,.F.);
#15271=ORIENTED_EDGE('',*,*,#15089,.F.);
#15272=ORIENTED_EDGE('',*,*,#2378,.F.);
#15273=EDGE_LOOP('',(#15269,#15270,#15271,#15272));
#15274=FACE_BOUND('',#15273,.T.);
#15275=ADVANCED_FACE('',(#15274),#15268,.F.);
#15276=CARTESIAN_POINT('',(1344.,-1331.1,6.8));
#15277=DIRECTION('',(0.,0.707106781,-0.707106781));
#15278=DIRECTION('',(1.,0.,0.));
#15279=AXIS2_PLACEMENT_3D('',#15276,#15277,#15278);
#15280=PLANE('',#15279);
#15281=ORIENTED_EDGE('',*,*,#15058,.F.);
#15282=ORIENTED_EDGE('',*,*,#14995,.F.);
#15283=ORIENTED_EDGE('',*,*,#15137,.F.);
#15284=ORIENTED_EDGE('',*,*,#2362,.F.);
#15285=EDGE_LOOP('',(#15281,#15282,#15283,#15284));
#15286=FACE_BOUND('',#15285,.T.);
#15287=ADVANCED_FACE('',(#15286),#15280,.F.);
#15288=CARTESIAN_POINT('',(1331.1,-1344.,0.));
#15289=DIRECTION('',(0.707106781,0.,-0.707106781));
#15290=DIRECTION('',(0.,1.,0.));
#15291=AXIS2_PLACEMENT_3D('',#15288,#15289,#15290);
#15292=PLANE('',#15291);
#15293=ORIENTED_EDGE('',*,*,#15036,.F.);
#15294=ORIENTED_EDGE('',*,*,#14585,.F.);
#15295=ORIENTED_EDGE('',*,*,#15115,.F.);
#15296=ORIENTED_EDGE('',*,*,#756,.F.);
#15297=EDGE_LOOP('',(#15293,#15294,#15295,#15296));
#15298=FACE_BOUND('',#15297,.T.);
#15299=ADVANCED_FACE('',(#15298),#15292,.T.);
#15300=CARTESIAN_POINT('',(1344.,-1356.9,0.));
#15301=DIRECTION('',(0.,0.707106781,-0.707106781));
#15302=DIRECTION('',(-1.,0.,0.));
#15303=AXIS2_PLACEMENT_3D('',#15300,#15301,#15302);
#15304=PLANE('',#15303);
#15305=ORIENTED_EDGE('',*,*,#15108,.F.);
#15306=ORIENTED_EDGE('',*,*,#14443,.F.);
#15307=ORIENTED_EDGE('',*,*,#15163,.F.);
#15308=ORIENTED_EDGE('',*,*,#772,.F.);
#15309=EDGE_LOOP('',(#15305,#15306,#15307,#15308));
#15310=FACE_BOUND('',#15309,.T.);
#15311=ADVANCED_FACE('',(#15310),#15304,.T.);
#15312=CARTESIAN_POINT('',(1356.63706751,-1332.1,4.6));
#15313=DIRECTION('',(0.,0.,-1.));
#15314=DIRECTION('',(-1.,0.,0.));
#15315=AXIS2_PLACEMENT_3D('',#15312,#15313,#15314);
#15316=CYLINDRICAL_SURFACE('',#15315,0.5);
#15317=ORIENTED_EDGE('',*,*,#14105,.T.);
#15318=CARTESIAN_POINT('',(1356.843880461,-1332.555223465,4.6));
#15319=DIRECTION('',(0.,0.,-1.));
#15320=VECTOR('',#15319,2.4);
#15321=LINE('',#15318,#15320);
#15322=EDGE_CURVE('',#14090,#14140,#15321,.T.);
#15323=ORIENTED_EDGE('',*,*,#15322,.T.);
#15324=ORIENTED_EDGE('',*,*,#14146,.T.);
#15325=CARTESIAN_POINT('',(1356.63706751,-1332.6,2.2));
#15326=DIRECTION('',(-0.,-0.,1.));
#15327=VECTOR('',#15326,2.4);
#15328=LINE('',#15325,#15327);
#15329=EDGE_CURVE('',#14132,#14099,#15328,.T.);
#15330=ORIENTED_EDGE('',*,*,#15329,.T.);
#15331=EDGE_LOOP('',(#15317,#15323,#15324,#15330));
#15332=FACE_BOUND('',#15331,.T.);
#15333=ADVANCED_FACE('',(#15332),#15316,.F.);
#15334=CARTESIAN_POINT('',(1356.125,-1332.6,4.6));
#15335=DIRECTION('',(0.,1.,0.));
#15336=DIRECTION('',(0.,0.,1.));
#15337=AXIS2_PLACEMENT_3D('',#15334,#15335,#15336);
#15338=PLANE('',#15337);
#15339=ORIENTED_EDGE('',*,*,#14137,.F.);
#15340=CARTESIAN_POINT('',(1355.5,-1332.6,4.6));
#15341=DIRECTION('',(0.,0.,-1.));
#15342=VECTOR('',#15341,2.4);
#15343=LINE('',#15340,#15342);
#15344=EDGE_CURVE('',#14037,#14123,#15343,.T.);
#15345=ORIENTED_EDGE('',*,*,#15344,.F.);
#15346=ORIENTED_EDGE('',*,*,#14111,.T.);
#15347=ORIENTED_EDGE('',*,*,#15329,.F.);
#15348=EDGE_LOOP('',(#15339,#15345,#15346,#15347));
#15349=FACE_BOUND('',#15348,.T.);
#15350=ADVANCED_FACE('',(#15349),#15338,.T.);
#15351=CARTESIAN_POINT('',(1358.,-1335.1,4.6));
#15352=DIRECTION('',(0.,0.,-1.));
#15353=DIRECTION('',(-1.,0.,0.));
#15354=AXIS2_PLACEMENT_3D('',#15351,#15352,#15353);
#15355=CYLINDRICAL_SURFACE('',#15354,2.795084972);
#15356=ORIENTED_EDGE('',*,*,#14096,.F.);
#15357=CARTESIAN_POINT('',(1357.725442863,-1332.318432388,2.2));
#15358=DIRECTION('',(-0.,-0.,1.));
#15359=VECTOR('',#15358,2.4);
#15360=LINE('',#15357,#15359);
#15361=EDGE_CURVE('',#14149,#14081,#15360,.T.);
#15362=ORIENTED_EDGE('',*,*,#15361,.F.);
#15363=ORIENTED_EDGE('',*,*,#14155,.T.);
#15364=ORIENTED_EDGE('',*,*,#15322,.F.);
#15365=EDGE_LOOP('',(#15356,#15362,#15363,#15364));
#15366=FACE_BOUND('',#15365,.T.);
#15367=ADVANCED_FACE('',(#15366),#15355,.T.);
#15368=CARTESIAN_POINT('',(1357.75,-1332.567223359,4.6));
#15369=DIRECTION('',(0.,0.,-1.));
#15370=DIRECTION('',(-1.,0.,0.));
#15371=AXIS2_PLACEMENT_3D('',#15368,#15369,#15370);
#15372=CYLINDRICAL_SURFACE('',#15371,0.25);
#15373=ORIENTED_EDGE('',*,*,#14087,.T.);
#15374=ORIENTED_EDGE('',*,*,#13318,.T.);
#15375=ORIENTED_EDGE('',*,*,#14162,.T.);
#15376=ORIENTED_EDGE('',*,*,#15361,.T.);
#15377=EDGE_LOOP('',(#15373,#15374,#15375,#15376));
#15378=FACE_BOUND('',#15377,.T.);
#15379=ADVANCED_FACE('',(#15378),#15372,.T.);
#15380=CARTESIAN_POINT('',(1355.5,-1358.,4.6));
#15381=DIRECTION('',(0.,0.,-1.));
#15382=DIRECTION('',(-1.,0.,0.));
#15383=AXIS2_PLACEMENT_3D('',#15380,#15381,#15382);
#15384=CYLINDRICAL_SURFACE('',#15383,2.6);
#15385=CARTESIAN_POINT('',(1352.9,-1358.,2.2));
#15386=VERTEX_POINT('',#15385);
#15387=CARTESIAN_POINT('',(1352.9,-1358.,4.6));
#15388=VERTEX_POINT('',#15387);
#15389=CARTESIAN_POINT('',(1352.9,-1358.,2.2));
#15390=DIRECTION('',(-0.,-0.,1.));
#15391=VECTOR('',#15390,2.4);
#15392=LINE('',#15389,#15391);
#15393=EDGE_CURVE('',#15386,#15388,#15392,.T.);
#15394=ORIENTED_EDGE('',*,*,#15393,.F.);
#15395=CARTESIAN_POINT('',(1355.5,-1355.4,2.2));
#15396=VERTEX_POINT('',#15395);
#15397=CARTESIAN_POINT('',(1355.5,-1358.,2.2));
#15398=DIRECTION('',(-0.,-0.,1.));
#15399=DIRECTION('',(-1.,0.,0.));
#15400=AXIS2_PLACEMENT_3D('',#15397,#15398,#15399);
#15401=CIRCLE('',#15400,2.6);
#15402=EDGE_CURVE('',#15396,#15386,#15401,.T.);
#15403=ORIENTED_EDGE('',*,*,#15402,.F.);
#15404=CARTESIAN_POINT('',(1355.5,-1355.4,4.6));
#15405=VERTEX_POINT('',#15404);
#15406=CARTESIAN_POINT('',(1355.5,-1355.4,4.6));
#15407=DIRECTION('',(-0.,-0.,-1.));
#15408=VECTOR('',#15407,2.4);
#15409=LINE('',#15406,#15408);
#15410=EDGE_CURVE('',#15405,#15396,#15409,.T.);
#15411=ORIENTED_EDGE('',*,*,#15410,.F.);
#15412=CARTESIAN_POINT('',(1355.5,-1358.,4.6));
#15413=DIRECTION('',(-0.,-0.,1.));
#15414=DIRECTION('',(-1.,0.,0.));
#15415=AXIS2_PLACEMENT_3D('',#15412,#15413,#15414);
#15416=CIRCLE('',#15415,2.6);
#15417=EDGE_CURVE('',#15405,#15388,#15416,.T.);
#15418=ORIENTED_EDGE('',*,*,#15417,.T.);
#15419=EDGE_LOOP('',(#15394,#15403,#15411,#15418));
#15420=FACE_BOUND('',#15419,.T.);
#15421=ADVANCED_FACE('',(#15420),#15384,.F.);
#15422=CARTESIAN_POINT('',(1344.,-1372.,4.6));
#15423=DIRECTION('',(0.,0.,1.));
#15424=DIRECTION('',(1.,0.,0.));
#15425=AXIS2_PLACEMENT_3D('',#15422,#15423,#15424);
#15426=PLANE('',#15425);
#15427=CARTESIAN_POINT('',(1355.5,-1360.6,4.6));
#15428=VERTEX_POINT('',#15427);
#15429=CARTESIAN_POINT('',(1355.5,-1358.,4.6));
#15430=DIRECTION('',(-0.,-0.,1.));
#15431=DIRECTION('',(-1.,0.,0.));
#15432=AXIS2_PLACEMENT_3D('',#15429,#15430,#15431);
#15433=CIRCLE('',#15432,2.6);
#15434=EDGE_CURVE('',#15388,#15428,#15433,.T.);
#15435=ORIENTED_EDGE('',*,*,#15434,.F.);
#15436=ORIENTED_EDGE('',*,*,#15417,.F.);
#15437=CARTESIAN_POINT('',(1356.63706751,-1355.4,4.6));
#15438=VERTEX_POINT('',#15437);
#15439=CARTESIAN_POINT('',(1355.5,-1355.4,4.6));
#15440=DIRECTION('',(1.,0.,-0.));
#15441=VECTOR('',#15440,1.13706751);
#15442=LINE('',#15439,#15441);
#15443=EDGE_CURVE('',#15405,#15438,#15442,.T.);
#15444=ORIENTED_EDGE('',*,*,#15443,.T.);
#15445=CARTESIAN_POINT('',(1356.843880461,-1355.444776535,4.6));
#15446=VERTEX_POINT('',#15445);
#15447=CARTESIAN_POINT('',(1356.63706751,-1355.9,4.6));
#15448=DIRECTION('',(-0.,-0.,1.));
#15449=DIRECTION('',(-1.,0.,0.));
#15450=AXIS2_PLACEMENT_3D('',#15447,#15448,#15449);
#15451=CIRCLE('',#15450,0.5);
#15452=EDGE_CURVE('',#15446,#15438,#15451,.T.);
#15453=ORIENTED_EDGE('',*,*,#15452,.F.);
#15454=CARTESIAN_POINT('',(1357.725442863,-1355.681567612,4.6));
#15455=VERTEX_POINT('',#15454);
#15456=CARTESIAN_POINT('',(1358.,-1352.9,4.6));
#15457=DIRECTION('',(-0.,-0.,1.));
#15458=DIRECTION('',(-1.,0.,0.));
#15459=AXIS2_PLACEMENT_3D('',#15456,#15457,#15458);
#15460=CIRCLE('',#15459,2.795084972);
#15461=EDGE_CURVE('',#15446,#15455,#15460,.T.);
#15462=ORIENTED_EDGE('',*,*,#15461,.T.);
#15463=CARTESIAN_POINT('',(1357.75,-1355.432776641,4.6));
#15464=DIRECTION('',(0.,0.,-1.));
#15465=DIRECTION('',(-1.,0.,0.));
#15466=AXIS2_PLACEMENT_3D('',#15463,#15464,#15465);
#15467=CIRCLE('',#15466,0.25);
#15468=EDGE_CURVE('',#13371,#15455,#15467,.T.);
#15469=ORIENTED_EDGE('',*,*,#15468,.F.);
#15470=ORIENTED_EDGE('',*,*,#13376,.F.);
#15471=CARTESIAN_POINT('',(1357.725442863,-1360.318432388,4.6));
#15472=VERTEX_POINT('',#15471);
#15473=CARTESIAN_POINT('',(1357.75,-1360.567223359,4.6));
#15474=DIRECTION('',(0.,0.,-1.));
#15475=DIRECTION('',(-1.,0.,0.));
#15476=AXIS2_PLACEMENT_3D('',#15473,#15474,#15475);
#15477=CIRCLE('',#15476,0.25);
#15478=EDGE_CURVE('',#15472,#13361,#15477,.T.);
#15479=ORIENTED_EDGE('',*,*,#15478,.F.);
#15480=CARTESIAN_POINT('',(1356.843880461,-1360.555223465,4.6));
#15481=VERTEX_POINT('',#15480);
#15482=CARTESIAN_POINT('',(1358.,-1363.1,4.6));
#15483=DIRECTION('',(-0.,-0.,1.));
#15484=DIRECTION('',(-1.,0.,0.));
#15485=AXIS2_PLACEMENT_3D('',#15482,#15483,#15484);
#15486=CIRCLE('',#15485,2.795084972);
#15487=EDGE_CURVE('',#15472,#15481,#15486,.T.);
#15488=ORIENTED_EDGE('',*,*,#15487,.T.);
#15489=CARTESIAN_POINT('',(1356.63706751,-1360.6,4.6));
#15490=VERTEX_POINT('',#15489);
#15491=CARTESIAN_POINT('',(1356.63706751,-1360.1,4.6));
#15492=DIRECTION('',(-0.,-0.,1.));
#15493=DIRECTION('',(-1.,0.,0.));
#15494=AXIS2_PLACEMENT_3D('',#15491,#15492,#15493);
#15495=CIRCLE('',#15494,0.5);
#15496=EDGE_CURVE('',#15490,#15481,#15495,.T.);
#15497=ORIENTED_EDGE('',*,*,#15496,.F.);
#15498=CARTESIAN_POINT('',(1355.5,-1360.6,4.6));
#15499=DIRECTION('',(1.,0.,-0.));
#15500=VECTOR('',#15499,1.13706751);
#15501=LINE('',#15498,#15500);
#15502=EDGE_CURVE('',#15428,#15490,#15501,.T.);
#15503=ORIENTED_EDGE('',*,*,#15502,.F.);
#15504=EDGE_LOOP('',(#15435,#15436,#15444,#15453,#15462,#15469,#15470,#15479,#15488,#15497,#15503));
#15505=FACE_BOUND('',#15504,.T.);
#15506=ADVANCED_FACE('',(#15505),#15426,.F.);
#15507=CARTESIAN_POINT('',(1344.,-1372.,2.2));
#15508=DIRECTION('',(0.,0.,1.));
#15509=DIRECTION('',(1.,0.,0.));
#15510=AXIS2_PLACEMENT_3D('',#15507,#15508,#15509);
#15511=PLANE('',#15510);
#15512=ORIENTED_EDGE('',*,*,#15402,.T.);
#15513=CARTESIAN_POINT('',(1355.5,-1360.6,2.2));
#15514=VERTEX_POINT('',#15513);
#15515=CARTESIAN_POINT('',(1355.5,-1358.,2.2));
#15516=DIRECTION('',(-0.,-0.,1.));
#15517=DIRECTION('',(-1.,0.,0.));
#15518=AXIS2_PLACEMENT_3D('',#15515,#15516,#15517);
#15519=CIRCLE('',#15518,2.6);
#15520=EDGE_CURVE('',#15386,#15514,#15519,.T.);
#15521=ORIENTED_EDGE('',*,*,#15520,.T.);
#15522=CARTESIAN_POINT('',(1356.63706751,-1360.6,2.2));
#15523=VERTEX_POINT('',#15522);
#15524=CARTESIAN_POINT('',(1355.5,-1360.6,2.2));
#15525=DIRECTION('',(1.,0.,-0.));
#15526=VECTOR('',#15525,1.13706751);
#15527=LINE('',#15524,#15526);
#15528=EDGE_CURVE('',#15514,#15523,#15527,.T.);
#15529=ORIENTED_EDGE('',*,*,#15528,.T.);
#15530=CARTESIAN_POINT('',(1356.843880461,-1360.555223465,2.2));
#15531=VERTEX_POINT('',#15530);
#15532=CARTESIAN_POINT('',(1356.63706751,-1360.1,2.2));
#15533=DIRECTION('',(0.,0.,-1.));
#15534=DIRECTION('',(-1.,0.,0.));
#15535=AXIS2_PLACEMENT_3D('',#15532,#15533,#15534);
#15536=CIRCLE('',#15535,0.5);
#15537=EDGE_CURVE('',#15531,#15523,#15536,.T.);
#15538=ORIENTED_EDGE('',*,*,#15537,.F.);
#15539=CARTESIAN_POINT('',(1357.725442863,-1360.318432388,2.2));
#15540=VERTEX_POINT('',#15539);
#15541=CARTESIAN_POINT('',(1358.,-1363.1,2.2));
#15542=DIRECTION('',(-0.,-0.,1.));
#15543=DIRECTION('',(-1.,0.,0.));
#15544=AXIS2_PLACEMENT_3D('',#15541,#15542,#15543);
#15545=CIRCLE('',#15544,2.795084972);
#15546=EDGE_CURVE('',#15540,#15531,#15545,.T.);
#15547=ORIENTED_EDGE('',*,*,#15546,.F.);
#15548=CARTESIAN_POINT('',(1357.75,-1360.567223359,2.2));
#15549=DIRECTION('',(-0.,-0.,1.));
#15550=DIRECTION('',(-1.,0.,0.));
#15551=AXIS2_PLACEMENT_3D('',#15548,#15549,#15550);
#15552=CIRCLE('',#15551,0.25);
#15553=EDGE_CURVE('',#13363,#15540,#15552,.T.);
#15554=ORIENTED_EDGE('',*,*,#15553,.F.);
#15555=ORIENTED_EDGE('',*,*,#13390,.T.);
#15556=CARTESIAN_POINT('',(1357.725442863,-1355.681567612,2.2));
#15557=VERTEX_POINT('',#15556);
#15558=CARTESIAN_POINT('',(1357.75,-1355.432776641,2.2));
#15559=DIRECTION('',(-0.,-0.,1.));
#15560=DIRECTION('',(-1.,0.,0.));
#15561=AXIS2_PLACEMENT_3D('',#15558,#15559,#15560);
#15562=CIRCLE('',#15561,0.25);
#15563=EDGE_CURVE('',#15557,#13379,#15562,.T.);
#15564=ORIENTED_EDGE('',*,*,#15563,.F.);
#15565=CARTESIAN_POINT('',(1356.843880461,-1355.444776535,2.2));
#15566=VERTEX_POINT('',#15565);
#15567=CARTESIAN_POINT('',(1358.,-1352.9,2.2));
#15568=DIRECTION('',(-0.,-0.,1.));
#15569=DIRECTION('',(-1.,0.,0.));
#15570=AXIS2_PLACEMENT_3D('',#15567,#15568,#15569);
#15571=CIRCLE('',#15570,2.795084972);
#15572=EDGE_CURVE('',#15566,#15557,#15571,.T.);
#15573=ORIENTED_EDGE('',*,*,#15572,.F.);
#15574=CARTESIAN_POINT('',(1356.63706751,-1355.4,2.2));
#15575=VERTEX_POINT('',#15574);
#15576=CARTESIAN_POINT('',(1356.63706751,-1355.9,2.2));
#15577=DIRECTION('',(0.,0.,-1.));
#15578=DIRECTION('',(-1.,0.,0.));
#15579=AXIS2_PLACEMENT_3D('',#15576,#15577,#15578);
#15580=CIRCLE('',#15579,0.5);
#15581=EDGE_CURVE('',#15575,#15566,#15580,.T.);
#15582=ORIENTED_EDGE('',*,*,#15581,.F.);
#15583=CARTESIAN_POINT('',(1355.5,-1355.4,2.2));
#15584=DIRECTION('',(1.,0.,-0.));
#15585=VECTOR('',#15584,1.13706751);
#15586=LINE('',#15583,#15585);
#15587=EDGE_CURVE('',#15396,#15575,#15586,.T.);
#15588=ORIENTED_EDGE('',*,*,#15587,.F.);
#15589=EDGE_LOOP('',(#15512,#15521,#15529,#15538,#15547,#15554,#15555,#15564,#15573,#15582,#15588));
#15590=FACE_BOUND('',#15589,.T.);
#15591=ADVANCED_FACE('',(#15590),#15511,.T.);
#15592=CARTESIAN_POINT('',(1356.125,-1355.4,4.6));
#15593=DIRECTION('',(0.,1.,0.));
#15594=DIRECTION('',(0.,0.,1.));
#15595=AXIS2_PLACEMENT_3D('',#15592,#15593,#15594);
#15596=PLANE('',#15595);
#15597=ORIENTED_EDGE('',*,*,#15443,.F.);
#15598=ORIENTED_EDGE('',*,*,#15410,.T.);
#15599=ORIENTED_EDGE('',*,*,#15587,.T.);
#15600=CARTESIAN_POINT('',(1356.63706751,-1355.4,4.6));
#15601=DIRECTION('',(0.,0.,-1.));
#15602=VECTOR('',#15601,2.4);
#15603=LINE('',#15600,#15602);
#15604=EDGE_CURVE('',#15438,#15575,#15603,.T.);
#15605=ORIENTED_EDGE('',*,*,#15604,.F.);
#15606=EDGE_LOOP('',(#15597,#15598,#15599,#15605));
#15607=FACE_BOUND('',#15606,.T.);
#15608=ADVANCED_FACE('',(#15607),#15596,.F.);
#15609=CARTESIAN_POINT('',(1356.63706751,-1355.9,4.6));
#15610=DIRECTION('',(0.,0.,-1.));
#15611=DIRECTION('',(-1.,0.,0.));
#15612=AXIS2_PLACEMENT_3D('',#15609,#15610,#15611);
#15613=CYLINDRICAL_SURFACE('',#15612,0.5);
#15614=ORIENTED_EDGE('',*,*,#15452,.T.);
#15615=ORIENTED_EDGE('',*,*,#15604,.T.);
#15616=ORIENTED_EDGE('',*,*,#15581,.T.);
#15617=CARTESIAN_POINT('',(1356.843880461,-1355.444776535,2.2));
#15618=DIRECTION('',(-0.,-0.,1.));
#15619=VECTOR('',#15618,2.4);
#15620=LINE('',#15617,#15619);
#15621=EDGE_CURVE('',#15566,#15446,#15620,.T.);
#15622=ORIENTED_EDGE('',*,*,#15621,.T.);
#15623=EDGE_LOOP('',(#15614,#15615,#15616,#15622));
#15624=FACE_BOUND('',#15623,.T.);
#15625=ADVANCED_FACE('',(#15624),#15613,.F.);
#15626=CARTESIAN_POINT('',(1358.,-1352.9,4.6));
#15627=DIRECTION('',(0.,0.,-1.));
#15628=DIRECTION('',(-1.,0.,0.));
#15629=AXIS2_PLACEMENT_3D('',#15626,#15627,#15628);
#15630=CYLINDRICAL_SURFACE('',#15629,2.795084972);
#15631=ORIENTED_EDGE('',*,*,#15572,.T.);
#15632=CARTESIAN_POINT('',(1357.725442863,-1355.681567612,4.6));
#15633=DIRECTION('',(0.,0.,-1.));
#15634=VECTOR('',#15633,2.4);
#15635=LINE('',#15632,#15634);
#15636=EDGE_CURVE('',#15455,#15557,#15635,.T.);
#15637=ORIENTED_EDGE('',*,*,#15636,.F.);
#15638=ORIENTED_EDGE('',*,*,#15461,.F.);
#15639=ORIENTED_EDGE('',*,*,#15621,.F.);
#15640=EDGE_LOOP('',(#15631,#15637,#15638,#15639));
#15641=FACE_BOUND('',#15640,.T.);
#15642=ADVANCED_FACE('',(#15641),#15630,.T.);
#15643=CARTESIAN_POINT('',(1357.75,-1355.432776641,4.6));
#15644=DIRECTION('',(0.,0.,-1.));
#15645=DIRECTION('',(-1.,0.,0.));
#15646=AXIS2_PLACEMENT_3D('',#15643,#15644,#15645);
#15647=CYLINDRICAL_SURFACE('',#15646,0.25);
#15648=ORIENTED_EDGE('',*,*,#15468,.T.);
#15649=ORIENTED_EDGE('',*,*,#15636,.T.);
#15650=ORIENTED_EDGE('',*,*,#15563,.T.);
#15651=ORIENTED_EDGE('',*,*,#13384,.T.);
#15652=EDGE_LOOP('',(#15648,#15649,#15650,#15651));
#15653=FACE_BOUND('',#15652,.T.);
#15654=ADVANCED_FACE('',(#15653),#15647,.T.);
#15655=CARTESIAN_POINT('',(1356.5,-1372.,2.4));
#15656=DIRECTION('',(-1.,0.,0.));
#15657=DIRECTION('',(0.,-1.,0.));
#15658=AXIS2_PLACEMENT_3D('',#15655,#15656,#15657);
#15659=PLANE('',#15658);
#15660=CARTESIAN_POINT('',(1356.5,-1364.376955262,1.4));
#15661=VERTEX_POINT('',#15660);
#15662=CARTESIAN_POINT('',(1356.5,-1362.9627417,0.4));
#15663=VERTEX_POINT('',#15662);
#15664=CARTESIAN_POINT('',(1356.5,-1364.376955262,1.4));
#15665=DIRECTION('',(0.,0.816496581,-0.577350269));
#15666=VECTOR('',#15665,1.732050807);
#15667=LINE('',#15664,#15666);
#15668=EDGE_CURVE('',#15661,#15663,#15667,.T.);
#15669=ORIENTED_EDGE('',*,*,#15668,.T.);
#15670=CARTESIAN_POINT('',(1356.5,-1381.0372583,0.4));
#15671=VERTEX_POINT('',#15670);
#15672=CARTESIAN_POINT('',(1356.5,-1362.9627417,0.4));
#15673=DIRECTION('',(0.,-1.,0.));
#15674=VECTOR('',#15673,18.0745166);
#15675=LINE('',#15672,#15674);
#15676=EDGE_CURVE('',#15663,#15671,#15675,.T.);
#15677=ORIENTED_EDGE('',*,*,#15676,.T.);
#15678=CARTESIAN_POINT('',(1356.5,-1379.623044738,1.4));
#15679=VERTEX_POINT('',#15678);
#15680=CARTESIAN_POINT('',(1356.5,-1381.0372583,0.4));
#15681=DIRECTION('',(0.,0.816496581,0.577350269));
#15682=VECTOR('',#15681,1.732050807);
#15683=LINE('',#15680,#15682);
#15684=EDGE_CURVE('',#15671,#15679,#15683,.T.);
#15685=ORIENTED_EDGE('',*,*,#15684,.T.);
#15686=CARTESIAN_POINT('',(1356.5,-1379.623044738,1.4));
#15687=DIRECTION('',(-0.,1.,-0.));
#15688=VECTOR('',#15687,15.246089476);
#15689=LINE('',#15686,#15688);
#15690=EDGE_CURVE('',#15679,#15661,#15689,.T.);
#15691=ORIENTED_EDGE('',*,*,#15690,.T.);
#15692=EDGE_LOOP('',(#15669,#15677,#15685,#15691));
#15693=FACE_BOUND('',#15692,.T.);
#15694=ADVANCED_FACE('',(#15693),#15659,.T.);
#15695=CARTESIAN_POINT('',(1356.5,-1372.,1.4));
#15696=DIRECTION('',(0.819231921,0.,-0.573462344));
#15697=DIRECTION('',(0.,1.,0.));
#15698=AXIS2_PLACEMENT_3D('',#15695,#15696,#15697);
#15699=PLANE('',#15698);
#15700=CARTESIAN_POINT('',(1357.2,-1378.923044738,2.4));
#15701=VERTEX_POINT('',#15700);
#15702=CARTESIAN_POINT('',(1357.2,-1378.923044738,2.4));
#15703=DIRECTION('',(-0.497468338,-0.497468338,-0.710669055));
#15704=VECTOR('',#15703,1.407124728);
#15705=LINE('',#15702,#15704);
#15706=EDGE_CURVE('',#15701,#15679,#15705,.T.);
#15707=ORIENTED_EDGE('',*,*,#15706,.F.);
#15708=CARTESIAN_POINT('',(1357.2,-1365.076955262,2.4));
#15709=VERTEX_POINT('',#15708);
#15710=CARTESIAN_POINT('',(1357.199999999,-1378.923044738,2.4));
#15711=DIRECTION('',(0.,1.,0.));
#15712=VECTOR('',#15711,13.846089476);
#15713=LINE('',#15710,#15712);
#15714=EDGE_CURVE('',#15701,#15709,#15713,.T.);
#15715=ORIENTED_EDGE('',*,*,#15714,.T.);
#15716=CARTESIAN_POINT('',(1356.5,-1364.376955262,1.4));
#15717=DIRECTION('',(0.497468338,-0.497468338,0.710669055));
#15718=VECTOR('',#15717,1.407124728);
#15719=LINE('',#15716,#15718);
#15720=EDGE_CURVE('',#15661,#15709,#15719,.T.);
#15721=ORIENTED_EDGE('',*,*,#15720,.F.);
#15722=ORIENTED_EDGE('',*,*,#15690,.F.);
#15723=EDGE_LOOP('',(#15707,#15715,#15721,#15722));
#15724=FACE_BOUND('',#15723,.T.);
#15725=ADVANCED_FACE('',(#15724),#15699,.F.);
#15726=CARTESIAN_POINT('',(1357.2,-1372.,6.8));
#15727=DIRECTION('',(-1.,0.,0.));
#15728=DIRECTION('',(0.,-1.,0.));
#15729=AXIS2_PLACEMENT_3D('',#15726,#15727,#15728);
#15730=PLANE('',#15729);
#15731=ORIENTED_EDGE('',*,*,#15714,.F.);
#15732=CARTESIAN_POINT('',(1357.2,-1378.923044738,4.4));
#15733=VERTEX_POINT('',#15732);
#15734=CARTESIAN_POINT('',(1357.2,-1378.923044738,4.4));
#15735=DIRECTION('',(-0.,-0.,-1.));
#15736=VECTOR('',#15735,2.);
#15737=LINE('',#15734,#15736);
#15738=EDGE_CURVE('',#15733,#15701,#15737,.T.);
#15739=ORIENTED_EDGE('',*,*,#15738,.F.);
#15740=CARTESIAN_POINT('',(1357.2,-1365.076955262,4.4));
#15741=VERTEX_POINT('',#15740);
#15742=CARTESIAN_POINT('',(1357.2,-1378.923044738,4.4));
#15743=DIRECTION('',(-0.,1.,-0.));
#15744=VECTOR('',#15743,13.846089476);
#15745=LINE('',#15742,#15744);
#15746=EDGE_CURVE('',#15733,#15741,#15745,.T.);
#15747=ORIENTED_EDGE('',*,*,#15746,.T.);
#15748=CARTESIAN_POINT('',(1357.2,-1365.076955262,4.4));
#15749=DIRECTION('',(-0.,-0.,-1.));
#15750=VECTOR('',#15749,2.);
#15751=LINE('',#15748,#15750);
#15752=EDGE_CURVE('',#15741,#15709,#15751,.T.);
#15753=ORIENTED_EDGE('',*,*,#15752,.T.);
#15754=EDGE_LOOP('',(#15731,#15739,#15747,#15753));
#15755=FACE_BOUND('',#15754,.T.);
#15756=ADVANCED_FACE('',(#15755),#15730,.T.);
#15757=CARTESIAN_POINT('',(1356.85,-1364.726955262,6.8));
#15758=DIRECTION('',(-0.707106781,-0.707106781,0.));
#15759=DIRECTION('',(0.707106781,-0.707106781,0.));
#15760=AXIS2_PLACEMENT_3D('',#15757,#15758,#15759);
#15761=PLANE('',#15760);
#15762=CARTESIAN_POINT('',(1356.5,-1364.376955262,5.4));
#15763=VERTEX_POINT('',#15762);
#15764=CARTESIAN_POINT('',(1357.2,-1365.076955262,4.4));
#15765=DIRECTION('',(-0.497468338,0.497468338,0.710669055));
#15766=VECTOR('',#15765,1.407124728);
#15767=LINE('',#15764,#15766);
#15768=EDGE_CURVE('',#15741,#15763,#15767,.T.);
#15769=ORIENTED_EDGE('',*,*,#15768,.T.);
#15770=CARTESIAN_POINT('',(1351.623044738,-1359.5,5.4));
#15771=VERTEX_POINT('',#15770);
#15772=CARTESIAN_POINT('',(1356.5,-1364.376955262,5.4));
#15773=DIRECTION('',(-0.707106781,0.707106781,-0.));
#15774=VECTOR('',#15773,6.897056275);
#15775=LINE('',#15772,#15774);
#15776=EDGE_CURVE('',#15763,#15771,#15775,.T.);
#15777=ORIENTED_EDGE('',*,*,#15776,.T.);
#15778=CARTESIAN_POINT('',(1350.923044738,-1358.8,4.4));
#15779=VERTEX_POINT('',#15778);
#15780=CARTESIAN_POINT('',(1351.623044738,-1359.5,5.4));
#15781=DIRECTION('',(-0.497468338,0.497468338,-0.710669055));
#15782=VECTOR('',#15781,1.407124728);
#15783=LINE('',#15780,#15782);
#15784=EDGE_CURVE('',#15771,#15779,#15783,.T.);
#15785=ORIENTED_EDGE('',*,*,#15784,.T.);
#15786=CARTESIAN_POINT('',(1350.923044738,-1358.8,2.4));
#15787=VERTEX_POINT('',#15786);
#15788=CARTESIAN_POINT('',(1350.923044738,-1358.8,4.4));
#15789=DIRECTION('',(-0.,-0.,-1.));
#15790=VECTOR('',#15789,2.);
#15791=LINE('',#15788,#15790);
#15792=EDGE_CURVE('',#15779,#15787,#15791,.T.);
#15793=ORIENTED_EDGE('',*,*,#15792,.T.);
#15794=CARTESIAN_POINT('',(1351.623044738,-1359.5,1.4));
#15795=VERTEX_POINT('',#15794);
#15796=CARTESIAN_POINT('',(1350.923044738,-1358.8,2.4));
#15797=DIRECTION('',(0.497468338,-0.497468338,-0.710669055));
#15798=VECTOR('',#15797,1.407124728);
#15799=LINE('',#15796,#15798);
#15800=EDGE_CURVE('',#15787,#15795,#15799,.T.);
#15801=ORIENTED_EDGE('',*,*,#15800,.T.);
#15802=CARTESIAN_POINT('',(1351.623044738,-1359.5,1.4));
#15803=DIRECTION('',(0.707106781,-0.707106781,0.));
#15804=VECTOR('',#15803,6.897056275);
#15805=LINE('',#15802,#15804);
#15806=EDGE_CURVE('',#15795,#15661,#15805,.T.);
#15807=ORIENTED_EDGE('',*,*,#15806,.T.);
#15808=ORIENTED_EDGE('',*,*,#15720,.T.);
#15809=ORIENTED_EDGE('',*,*,#15752,.F.);
#15810=EDGE_LOOP('',(#15769,#15777,#15785,#15793,#15801,#15807,#15808,#15809));
#15811=FACE_BOUND('',#15810,.T.);
#15812=ADVANCED_FACE('',(#15811),#15761,.T.);
#15813=CARTESIAN_POINT('',(1344.,-1384.5,2.4));
#15814=DIRECTION('',(0.,1.,0.));
#15815=DIRECTION('',(-1.,0.,0.));
#15816=AXIS2_PLACEMENT_3D('',#15813,#15814,#15815);
#15817=PLANE('',#15816);
#15818=CARTESIAN_POINT('',(1351.623044738,-1384.5,1.4));
#15819=VERTEX_POINT('',#15818);
#15820=CARTESIAN_POINT('',(1353.0372583,-1384.5,0.4));
#15821=VERTEX_POINT('',#15820);
#15822=CARTESIAN_POINT('',(1351.623044738,-1384.5,1.4));
#15823=DIRECTION('',(0.816496581,0.,-0.577350269));
#15824=VECTOR('',#15823,1.732050807);
#15825=LINE('',#15822,#15824);
#15826=EDGE_CURVE('',#15819,#15821,#15825,.T.);
#15827=ORIENTED_EDGE('',*,*,#15826,.T.);
#15828=CARTESIAN_POINT('',(1334.9627417,-1384.5,0.4));
#15829=VERTEX_POINT('',#15828);
#15830=CARTESIAN_POINT('',(1353.0372583,-1384.5,0.4));
#15831=DIRECTION('',(-1.,0.,0.));
#15832=VECTOR('',#15831,18.0745166);
#15833=LINE('',#15830,#15832);
#15834=EDGE_CURVE('',#15821,#15829,#15833,.T.);
#15835=ORIENTED_EDGE('',*,*,#15834,.T.);
#15836=CARTESIAN_POINT('',(1336.376955262,-1384.5,1.4));
#15837=VERTEX_POINT('',#15836);
#15838=CARTESIAN_POINT('',(1334.9627417,-1384.5,0.4));
#15839=DIRECTION('',(0.816496581,0.,0.577350269));
#15840=VECTOR('',#15839,1.732050807);
#15841=LINE('',#15838,#15840);
#15842=EDGE_CURVE('',#15829,#15837,#15841,.T.);
#15843=ORIENTED_EDGE('',*,*,#15842,.T.);
#15844=CARTESIAN_POINT('',(1336.376955262,-1384.5,1.4));
#15845=DIRECTION('',(1.,-0.,-0.));
#15846=VECTOR('',#15845,15.246089476);
#15847=LINE('',#15844,#15846);
#15848=EDGE_CURVE('',#15837,#15819,#15847,.T.);
#15849=ORIENTED_EDGE('',*,*,#15848,.T.);
#15850=EDGE_LOOP('',(#15827,#15835,#15843,#15849));
#15851=FACE_BOUND('',#15850,.T.);
#15852=ADVANCED_FACE('',(#15851),#15817,.T.);
#15853=CARTESIAN_POINT('',(1344.,-1384.5,1.4));
#15854=DIRECTION('',(0.,-0.819231921,-0.573462344));
#15855=DIRECTION('',(1.,0.,0.));
#15856=AXIS2_PLACEMENT_3D('',#15853,#15854,#15855);
#15857=PLANE('',#15856);
#15858=CARTESIAN_POINT('',(1337.076955262,-1385.2,2.4));
#15859=VERTEX_POINT('',#15858);
#15860=CARTESIAN_POINT('',(1337.076955262,-1385.2,2.4));
#15861=DIRECTION('',(-0.497468338,0.497468338,-0.710669055));
#15862=VECTOR('',#15861,1.407124728);
#15863=LINE('',#15860,#15862);
#15864=EDGE_CURVE('',#15859,#15837,#15863,.T.);
#15865=ORIENTED_EDGE('',*,*,#15864,.F.);
#15866=CARTESIAN_POINT('',(1350.923044738,-1385.2,2.4));
#15867=VERTEX_POINT('',#15866);
#15868=CARTESIAN_POINT('',(1337.076955262,-1385.199999999,2.4));
#15869=DIRECTION('',(1.,0.,-0.));
#15870=VECTOR('',#15869,13.846089476);
#15871=LINE('',#15868,#15870);
#15872=EDGE_CURVE('',#15859,#15867,#15871,.T.);
#15873=ORIENTED_EDGE('',*,*,#15872,.T.);
#15874=CARTESIAN_POINT('',(1351.623044738,-1384.5,1.4));
#15875=DIRECTION('',(-0.497468338,-0.497468338,0.710669055));
#15876=VECTOR('',#15875,1.407124728);
#15877=LINE('',#15874,#15876);
#15878=EDGE_CURVE('',#15819,#15867,#15877,.T.);
#15879=ORIENTED_EDGE('',*,*,#15878,.F.);
#15880=ORIENTED_EDGE('',*,*,#15848,.F.);
#15881=EDGE_LOOP('',(#15865,#15873,#15879,#15880));
#15882=FACE_BOUND('',#15881,.T.);
#15883=ADVANCED_FACE('',(#15882),#15857,.F.);
#15884=CARTESIAN_POINT('',(1344.,-1385.2,6.8));
#15885=DIRECTION('',(0.,1.,0.));
#15886=DIRECTION('',(-1.,0.,0.));
#15887=AXIS2_PLACEMENT_3D('',#15884,#15885,#15886);
#15888=PLANE('',#15887);
#15889=ORIENTED_EDGE('',*,*,#15872,.F.);
#15890=CARTESIAN_POINT('',(1337.076955262,-1385.2,4.4));
#15891=VERTEX_POINT('',#15890);
#15892=CARTESIAN_POINT('',(1337.076955262,-1385.2,4.4));
#15893=DIRECTION('',(-0.,-0.,-1.));
#15894=VECTOR('',#15893,2.);
#15895=LINE('',#15892,#15894);
#15896=EDGE_CURVE('',#15891,#15859,#15895,.T.);
#15897=ORIENTED_EDGE('',*,*,#15896,.F.);
#15898=CARTESIAN_POINT('',(1350.923044738,-1385.2,4.4));
#15899=VERTEX_POINT('',#15898);
#15900=CARTESIAN_POINT('',(1337.076955262,-1385.2,4.4));
#15901=DIRECTION('',(1.,-0.,-0.));
#15902=VECTOR('',#15901,13.846089476);
#15903=LINE('',#15900,#15902);
#15904=EDGE_CURVE('',#15891,#15899,#15903,.T.);
#15905=ORIENTED_EDGE('',*,*,#15904,.T.);
#15906=CARTESIAN_POINT('',(1350.923044738,-1385.2,4.4));
#15907=DIRECTION('',(-0.,-0.,-1.));
#15908=VECTOR('',#15907,2.);
#15909=LINE('',#15906,#15908);
#15910=EDGE_CURVE('',#15899,#15867,#15909,.T.);
#15911=ORIENTED_EDGE('',*,*,#15910,.T.);
#15912=EDGE_LOOP('',(#15889,#15897,#15905,#15911));
#15913=FACE_BOUND('',#15912,.T.);
#15914=ADVANCED_FACE('',(#15913),#15888,.T.);
#15915=CARTESIAN_POINT('',(1351.273044738,-1384.85,6.8));
#15916=DIRECTION('',(-0.707106781,0.707106781,0.));
#15917=DIRECTION('',(-0.707106781,-0.707106781,0.));
#15918=AXIS2_PLACEMENT_3D('',#15915,#15916,#15917);
#15919=PLANE('',#15918);
#15920=CARTESIAN_POINT('',(1351.623044738,-1384.5,5.4));
#15921=VERTEX_POINT('',#15920);
#15922=CARTESIAN_POINT('',(1350.923044738,-1385.2,4.4));
#15923=DIRECTION('',(0.497468338,0.497468338,0.710669055));
#15924=VECTOR('',#15923,1.407124728);
#15925=LINE('',#15922,#15924);
#15926=EDGE_CURVE('',#15899,#15921,#15925,.T.);
#15927=ORIENTED_EDGE('',*,*,#15926,.T.);
#15928=CARTESIAN_POINT('',(1356.5,-1379.623044738,5.4));
#15929=VERTEX_POINT('',#15928);
#15930=CARTESIAN_POINT('',(1351.623044738,-1384.5,5.4));
#15931=DIRECTION('',(0.707106781,0.707106781,-0.));
#15932=VECTOR('',#15931,6.897056275);
#15933=LINE('',#15930,#15932);
#15934=EDGE_CURVE('',#15921,#15929,#15933,.T.);
#15935=ORIENTED_EDGE('',*,*,#15934,.T.);
#15936=CARTESIAN_POINT('',(1356.5,-1379.623044738,5.4));
#15937=DIRECTION('',(0.497468338,0.497468338,-0.710669055));
#15938=VECTOR('',#15937,1.407124728);
#15939=LINE('',#15936,#15938);
#15940=EDGE_CURVE('',#15929,#15733,#15939,.T.);
#15941=ORIENTED_EDGE('',*,*,#15940,.T.);
#15942=ORIENTED_EDGE('',*,*,#15738,.T.);
#15943=ORIENTED_EDGE('',*,*,#15706,.T.);
#15944=CARTESIAN_POINT('',(1356.5,-1379.623044738,1.4));
#15945=DIRECTION('',(-0.707106781,-0.707106781,0.));
#15946=VECTOR('',#15945,6.897056275);
#15947=LINE('',#15944,#15946);
#15948=EDGE_CURVE('',#15679,#15819,#15947,.T.);
#15949=ORIENTED_EDGE('',*,*,#15948,.T.);
#15950=ORIENTED_EDGE('',*,*,#15878,.T.);
#15951=ORIENTED_EDGE('',*,*,#15910,.F.);
#15952=EDGE_LOOP('',(#15927,#15935,#15941,#15942,#15943,#15949,#15950,#15951));
#15953=FACE_BOUND('',#15952,.T.);
#15954=ADVANCED_FACE('',(#15953),#15919,.T.);
#15955=CARTESIAN_POINT('',(1331.5,-1372.,2.4));
#15956=DIRECTION('',(1.,0.,0.));
#15957=DIRECTION('',(0.,1.,0.));
#15958=AXIS2_PLACEMENT_3D('',#15955,#15956,#15957);
#15959=PLANE('',#15958);
#15960=CARTESIAN_POINT('',(1331.5,-1379.623044738,1.4));
#15961=VERTEX_POINT('',#15960);
#15962=CARTESIAN_POINT('',(1331.5,-1381.0372583,0.4));
#15963=VERTEX_POINT('',#15962);
#15964=CARTESIAN_POINT('',(1331.5,-1379.623044738,1.4));
#15965=DIRECTION('',(0.,-0.816496581,-0.577350269));
#15966=VECTOR('',#15965,1.732050807);
#15967=LINE('',#15964,#15966);
#15968=EDGE_CURVE('',#15961,#15963,#15967,.T.);
#15969=ORIENTED_EDGE('',*,*,#15968,.T.);
#15970=CARTESIAN_POINT('',(1331.5,-1362.9627417,0.4));
#15971=VERTEX_POINT('',#15970);
#15972=CARTESIAN_POINT('',(1331.5,-1381.0372583,0.4));
#15973=DIRECTION('',(0.,1.,0.));
#15974=VECTOR('',#15973,18.0745166);
#15975=LINE('',#15972,#15974);
#15976=EDGE_CURVE('',#15963,#15971,#15975,.T.);
#15977=ORIENTED_EDGE('',*,*,#15976,.T.);
#15978=CARTESIAN_POINT('',(1331.5,-1364.376955262,1.4));
#15979=VERTEX_POINT('',#15978);
#15980=CARTESIAN_POINT('',(1331.5,-1362.9627417,0.4));
#15981=DIRECTION('',(0.,-0.816496581,0.577350269));
#15982=VECTOR('',#15981,1.732050807);
#15983=LINE('',#15980,#15982);
#15984=EDGE_CURVE('',#15971,#15979,#15983,.T.);
#15985=ORIENTED_EDGE('',*,*,#15984,.T.);
#15986=CARTESIAN_POINT('',(1331.5,-1364.376955262,1.4));
#15987=DIRECTION('',(-0.,-1.,-0.));
#15988=VECTOR('',#15987,15.246089476);
#15989=LINE('',#15986,#15988);
#15990=EDGE_CURVE('',#15979,#15961,#15989,.T.);
#15991=ORIENTED_EDGE('',*,*,#15990,.T.);
#15992=EDGE_LOOP('',(#15969,#15977,#15985,#15991));
#15993=FACE_BOUND('',#15992,.T.);
#15994=ADVANCED_FACE('',(#15993),#15959,.T.);
#15995=CARTESIAN_POINT('',(1331.5,-1372.,1.4));
#15996=DIRECTION('',(-0.819231921,0.,-0.573462344));
#15997=DIRECTION('',(0.,-1.,0.));
#15998=AXIS2_PLACEMENT_3D('',#15995,#15996,#15997);
#15999=PLANE('',#15998);
#16000=CARTESIAN_POINT('',(1330.8,-1365.076955262,2.4));
#16001=VERTEX_POINT('',#16000);
#16002=CARTESIAN_POINT('',(1330.8,-1365.076955262,2.4));
#16003=DIRECTION('',(0.497468338,0.497468338,-0.710669055));
#16004=VECTOR('',#16003,1.407124728);
#16005=LINE('',#16002,#16004);
#16006=EDGE_CURVE('',#16001,#15979,#16005,.T.);
#16007=ORIENTED_EDGE('',*,*,#16006,.F.);
#16008=CARTESIAN_POINT('',(1330.8,-1378.923044738,2.4));
#16009=VERTEX_POINT('',#16008);
#16010=CARTESIAN_POINT('',(1330.800000001,-1365.076955262,2.4));
#16011=DIRECTION('',(0.,-1.,0.));
#16012=VECTOR('',#16011,13.846089476);
#16013=LINE('',#16010,#16012);
#16014=EDGE_CURVE('',#16001,#16009,#16013,.T.);
#16015=ORIENTED_EDGE('',*,*,#16014,.T.);
#16016=CARTESIAN_POINT('',(1331.5,-1379.623044738,1.4));
#16017=DIRECTION('',(-0.497468338,0.497468338,0.710669055));
#16018=VECTOR('',#16017,1.407124728);
#16019=LINE('',#16016,#16018);
#16020=EDGE_CURVE('',#15961,#16009,#16019,.T.);
#16021=ORIENTED_EDGE('',*,*,#16020,.F.);
#16022=ORIENTED_EDGE('',*,*,#15990,.F.);
#16023=EDGE_LOOP('',(#16007,#16015,#16021,#16022));
#16024=FACE_BOUND('',#16023,.T.);
#16025=ADVANCED_FACE('',(#16024),#15999,.F.);
#16026=CARTESIAN_POINT('',(1330.8,-1372.,6.8));
#16027=DIRECTION('',(1.,0.,0.));
#16028=DIRECTION('',(0.,1.,0.));
#16029=AXIS2_PLACEMENT_3D('',#16026,#16027,#16028);
#16030=PLANE('',#16029);
#16031=ORIENTED_EDGE('',*,*,#16014,.F.);
#16032=CARTESIAN_POINT('',(1330.8,-1365.076955262,4.4));
#16033=VERTEX_POINT('',#16032);
#16034=CARTESIAN_POINT('',(1330.8,-1365.076955262,4.4));
#16035=DIRECTION('',(-0.,-0.,-1.));
#16036=VECTOR('',#16035,2.);
#16037=LINE('',#16034,#16036);
#16038=EDGE_CURVE('',#16033,#16001,#16037,.T.);
#16039=ORIENTED_EDGE('',*,*,#16038,.F.);
#16040=CARTESIAN_POINT('',(1330.8,-1378.923044738,4.4));
#16041=VERTEX_POINT('',#16040);
#16042=CARTESIAN_POINT('',(1330.8,-1365.076955262,4.4));
#16043=DIRECTION('',(-0.,-1.,-0.));
#16044=VECTOR('',#16043,13.846089476);
#16045=LINE('',#16042,#16044);
#16046=EDGE_CURVE('',#16033,#16041,#16045,.T.);
#16047=ORIENTED_EDGE('',*,*,#16046,.T.);
#16048=CARTESIAN_POINT('',(1330.8,-1378.923044738,4.4));
#16049=DIRECTION('',(-0.,-0.,-1.));
#16050=VECTOR('',#16049,2.);
#16051=LINE('',#16048,#16050);
#16052=EDGE_CURVE('',#16041,#16009,#16051,.T.);
#16053=ORIENTED_EDGE('',*,*,#16052,.T.);
#16054=EDGE_LOOP('',(#16031,#16039,#16047,#16053));
#16055=FACE_BOUND('',#16054,.T.);
#16056=ADVANCED_FACE('',(#16055),#16030,.T.);
#16057=CARTESIAN_POINT('',(1331.15,-1379.273044738,6.8));
#16058=DIRECTION('',(0.707106781,0.707106781,0.));
#16059=DIRECTION('',(-0.707106781,0.707106781,0.));
#16060=AXIS2_PLACEMENT_3D('',#16057,#16058,#16059);
#16061=PLANE('',#16060);
#16062=ORIENTED_EDGE('',*,*,#15864,.T.);
#16063=CARTESIAN_POINT('',(1336.376955262,-1384.5,1.4));
#16064=DIRECTION('',(-0.707106781,0.707106781,0.));
#16065=VECTOR('',#16064,6.897056275);
#16066=LINE('',#16063,#16065);
#16067=EDGE_CURVE('',#15837,#15961,#16066,.T.);
#16068=ORIENTED_EDGE('',*,*,#16067,.T.);
#16069=ORIENTED_EDGE('',*,*,#16020,.T.);
#16070=ORIENTED_EDGE('',*,*,#16052,.F.);
#16071=CARTESIAN_POINT('',(1331.5,-1379.623044738,5.4));
#16072=VERTEX_POINT('',#16071);
#16073=CARTESIAN_POINT('',(1330.8,-1378.923044738,4.4));
#16074=DIRECTION('',(0.497468338,-0.497468338,0.710669055));
#16075=VECTOR('',#16074,1.407124728);
#16076=LINE('',#16073,#16075);
#16077=EDGE_CURVE('',#16041,#16072,#16076,.T.);
#16078=ORIENTED_EDGE('',*,*,#16077,.T.);
#16079=CARTESIAN_POINT('',(1336.376955262,-1384.5,5.4));
#16080=VERTEX_POINT('',#16079);
#16081=CARTESIAN_POINT('',(1331.5,-1379.623044738,5.4));
#16082=DIRECTION('',(0.707106781,-0.707106781,-0.));
#16083=VECTOR('',#16082,6.897056275);
#16084=LINE('',#16081,#16083);
#16085=EDGE_CURVE('',#16072,#16080,#16084,.T.);
#16086=ORIENTED_EDGE('',*,*,#16085,.T.);
#16087=CARTESIAN_POINT('',(1336.376955262,-1384.5,5.4));
#16088=DIRECTION('',(0.497468338,-0.497468338,-0.710669055));
#16089=VECTOR('',#16088,1.407124728);
#16090=LINE('',#16087,#16089);
#16091=EDGE_CURVE('',#16080,#15891,#16090,.T.);
#16092=ORIENTED_EDGE('',*,*,#16091,.T.);
#16093=ORIENTED_EDGE('',*,*,#15896,.T.);
#16094=EDGE_LOOP('',(#16062,#16068,#16069,#16070,#16078,#16086,#16092,#16093));
#16095=FACE_BOUND('',#16094,.T.);
#16096=ADVANCED_FACE('',(#16095),#16061,.T.);
#16097=CARTESIAN_POINT('',(1344.,-1359.5,2.4));
#16098=DIRECTION('',(0.,-1.,0.));
#16099=DIRECTION('',(1.,0.,0.));
#16100=AXIS2_PLACEMENT_3D('',#16097,#16098,#16099);
#16101=PLANE('',#16100);
#16102=CARTESIAN_POINT('',(1336.376955262,-1359.5,1.4));
#16103=VERTEX_POINT('',#16102);
#16104=CARTESIAN_POINT('',(1334.9627417,-1359.5,0.4));
#16105=VERTEX_POINT('',#16104);
#16106=CARTESIAN_POINT('',(1336.376955262,-1359.5,1.4));
#16107=DIRECTION('',(-0.816496581,0.,-0.577350269));
#16108=VECTOR('',#16107,1.732050807);
#16109=LINE('',#16106,#16108);
#16110=EDGE_CURVE('',#16103,#16105,#16109,.T.);
#16111=ORIENTED_EDGE('',*,*,#16110,.T.);
#16112=CARTESIAN_POINT('',(1353.0372583,-1359.5,0.4));
#16113=VERTEX_POINT('',#16112);
#16114=CARTESIAN_POINT('',(1334.9627417,-1359.5,0.4));
#16115=DIRECTION('',(1.,0.,-0.));
#16116=VECTOR('',#16115,18.0745166);
#16117=LINE('',#16114,#16116);
#16118=EDGE_CURVE('',#16105,#16113,#16117,.T.);
#16119=ORIENTED_EDGE('',*,*,#16118,.T.);
#16120=CARTESIAN_POINT('',(1353.0372583,-1359.5,0.4));
#16121=DIRECTION('',(-0.816496581,0.,0.577350269));
#16122=VECTOR('',#16121,1.732050807);
#16123=LINE('',#16120,#16122);
#16124=EDGE_CURVE('',#16113,#15795,#16123,.T.);
#16125=ORIENTED_EDGE('',*,*,#16124,.T.);
#16126=CARTESIAN_POINT('',(1351.623044738,-1359.5,1.4));
#16127=DIRECTION('',(-1.,-0.,0.));
#16128=VECTOR('',#16127,15.246089476);
#16129=LINE('',#16126,#16128);
#16130=EDGE_CURVE('',#15795,#16103,#16129,.T.);
#16131=ORIENTED_EDGE('',*,*,#16130,.T.);
#16132=EDGE_LOOP('',(#16111,#16119,#16125,#16131));
#16133=FACE_BOUND('',#16132,.T.);
#16134=ADVANCED_FACE('',(#16133),#16101,.T.);
#16135=CARTESIAN_POINT('',(1344.,-1359.5,1.4));
#16136=DIRECTION('',(0.,0.819231921,-0.573462344));
#16137=DIRECTION('',(-1.,0.,0.));
#16138=AXIS2_PLACEMENT_3D('',#16135,#16136,#16137);
#16139=PLANE('',#16138);
#16140=ORIENTED_EDGE('',*,*,#15800,.F.);
#16141=CARTESIAN_POINT('',(1337.076955262,-1358.8,2.4));
#16142=VERTEX_POINT('',#16141);
#16143=CARTESIAN_POINT('',(1350.923044738,-1358.800000001,2.4));
#16144=DIRECTION('',(-1.,0.,0.));
#16145=VECTOR('',#16144,13.846089476);
#16146=LINE('',#16143,#16145);
#16147=EDGE_CURVE('',#15787,#16142,#16146,.T.);
#16148=ORIENTED_EDGE('',*,*,#16147,.T.);
#16149=CARTESIAN_POINT('',(1336.376955262,-1359.5,1.4));
#16150=DIRECTION('',(0.497468338,0.497468338,0.710669055));
#16151=VECTOR('',#16150,1.407124728);
#16152=LINE('',#16149,#16151);
#16153=EDGE_CURVE('',#16103,#16142,#16152,.T.);
#16154=ORIENTED_EDGE('',*,*,#16153,.F.);
#16155=ORIENTED_EDGE('',*,*,#16130,.F.);
#16156=EDGE_LOOP('',(#16140,#16148,#16154,#16155));
#16157=FACE_BOUND('',#16156,.T.);
#16158=ADVANCED_FACE('',(#16157),#16139,.F.);
#16159=CARTESIAN_POINT('',(1344.,-1358.8,6.8));
#16160=DIRECTION('',(0.,-1.,0.));
#16161=DIRECTION('',(1.,0.,0.));
#16162=AXIS2_PLACEMENT_3D('',#16159,#16160,#16161);
#16163=PLANE('',#16162);
#16164=ORIENTED_EDGE('',*,*,#16147,.F.);
#16165=ORIENTED_EDGE('',*,*,#15792,.F.);
#16166=CARTESIAN_POINT('',(1337.076955262,-1358.8,4.4));
#16167=VERTEX_POINT('',#16166);
#16168=CARTESIAN_POINT('',(1350.923044738,-1358.8,4.4));
#16169=DIRECTION('',(-1.,-0.,0.));
#16170=VECTOR('',#16169,13.846089476);
#16171=LINE('',#16168,#16170);
#16172=EDGE_CURVE('',#15779,#16167,#16171,.T.);
#16173=ORIENTED_EDGE('',*,*,#16172,.T.);
#16174=CARTESIAN_POINT('',(1337.076955262,-1358.8,4.4));
#16175=DIRECTION('',(-0.,-0.,-1.));
#16176=VECTOR('',#16175,2.);
#16177=LINE('',#16174,#16176);
#16178=EDGE_CURVE('',#16167,#16142,#16177,.T.);
#16179=ORIENTED_EDGE('',*,*,#16178,.T.);
#16180=EDGE_LOOP('',(#16164,#16165,#16173,#16179));
#16181=FACE_BOUND('',#16180,.T.);
#16182=ADVANCED_FACE('',(#16181),#16163,.T.);
#16183=CARTESIAN_POINT('',(1336.726955262,-1359.15,6.8));
#16184=DIRECTION('',(0.707106781,-0.707106781,0.));
#16185=DIRECTION('',(0.707106781,0.707106781,0.));
#16186=AXIS2_PLACEMENT_3D('',#16183,#16184,#16185);
#16187=PLANE('',#16186);
#16188=ORIENTED_EDGE('',*,*,#16006,.T.);
#16189=CARTESIAN_POINT('',(1331.5,-1364.376955262,1.4));
#16190=DIRECTION('',(0.707106781,0.707106781,0.));
#16191=VECTOR('',#16190,6.897056275);
#16192=LINE('',#16189,#16191);
#16193=EDGE_CURVE('',#15979,#16103,#16192,.T.);
#16194=ORIENTED_EDGE('',*,*,#16193,.T.);
#16195=ORIENTED_EDGE('',*,*,#16153,.T.);
#16196=ORIENTED_EDGE('',*,*,#16178,.F.);
#16197=CARTESIAN_POINT('',(1336.376955262,-1359.5,5.4));
#16198=VERTEX_POINT('',#16197);
#16199=CARTESIAN_POINT('',(1337.076955262,-1358.8,4.4));
#16200=DIRECTION('',(-0.497468338,-0.497468338,0.710669055));
#16201=VECTOR('',#16200,1.407124728);
#16202=LINE('',#16199,#16201);
#16203=EDGE_CURVE('',#16167,#16198,#16202,.T.);
#16204=ORIENTED_EDGE('',*,*,#16203,.T.);
#16205=CARTESIAN_POINT('',(1331.5,-1364.376955262,5.4));
#16206=VERTEX_POINT('',#16205);
#16207=CARTESIAN_POINT('',(1336.376955262,-1359.5,5.4));
#16208=DIRECTION('',(-0.707106781,-0.707106781,-0.));
#16209=VECTOR('',#16208,6.897056275);
#16210=LINE('',#16207,#16209);
#16211=EDGE_CURVE('',#16198,#16206,#16210,.T.);
#16212=ORIENTED_EDGE('',*,*,#16211,.T.);
#16213=CARTESIAN_POINT('',(1331.5,-1364.376955262,5.4));
#16214=DIRECTION('',(-0.497468338,-0.497468338,-0.710669055));
#16215=VECTOR('',#16214,1.407124728);
#16216=LINE('',#16213,#16215);
#16217=EDGE_CURVE('',#16206,#16033,#16216,.T.);
#16218=ORIENTED_EDGE('',*,*,#16217,.T.);
#16219=ORIENTED_EDGE('',*,*,#16038,.T.);
#16220=EDGE_LOOP('',(#16188,#16194,#16195,#16196,#16204,#16212,#16218,#16219));
#16221=FACE_BOUND('',#16220,.T.);
#16222=ADVANCED_FACE('',(#16221),#16187,.T.);
#16223=CARTESIAN_POINT('',(1356.5,-1372.,4.4));
#16224=DIRECTION('',(-1.,0.,0.));
#16225=DIRECTION('',(0.,-1.,0.));
#16226=AXIS2_PLACEMENT_3D('',#16223,#16224,#16225);
#16227=PLANE('',#16226);
#16228=CARTESIAN_POINT('',(1356.5,-1381.0372583,6.4));
#16229=VERTEX_POINT('',#16228);
#16230=CARTESIAN_POINT('',(1356.5,-1379.623044738,5.4));
#16231=DIRECTION('',(0.,-0.816496581,0.577350269));
#16232=VECTOR('',#16231,1.732050807);
#16233=LINE('',#16230,#16232);
#16234=EDGE_CURVE('',#15929,#16229,#16233,.T.);
#16235=ORIENTED_EDGE('',*,*,#16234,.T.);
#16236=CARTESIAN_POINT('',(1356.5,-1362.9627417,6.4));
#16237=VERTEX_POINT('',#16236);
#16238=CARTESIAN_POINT('',(1356.5,-1381.0372583,6.4));
#16239=DIRECTION('',(-0.,1.,-0.));
#16240=VECTOR('',#16239,18.0745166);
#16241=LINE('',#16238,#16240);
#16242=EDGE_CURVE('',#16229,#16237,#16241,.T.);
#16243=ORIENTED_EDGE('',*,*,#16242,.T.);
#16244=CARTESIAN_POINT('',(1356.5,-1362.9627417,6.4));
#16245=DIRECTION('',(0.,-0.816496581,-0.577350269));
#16246=VECTOR('',#16245,1.732050807);
#16247=LINE('',#16244,#16246);
#16248=EDGE_CURVE('',#16237,#15763,#16247,.T.);
#16249=ORIENTED_EDGE('',*,*,#16248,.T.);
#16250=CARTESIAN_POINT('',(1356.5,-1364.376955262,5.4));
#16251=DIRECTION('',(0.,-1.,0.));
#16252=VECTOR('',#16251,15.246089476);
#16253=LINE('',#16250,#16252);
#16254=EDGE_CURVE('',#15763,#15929,#16253,.T.);
#16255=ORIENTED_EDGE('',*,*,#16254,.T.);
#16256=EDGE_LOOP('',(#16235,#16243,#16249,#16255));
#16257=FACE_BOUND('',#16256,.T.);
#16258=ADVANCED_FACE('',(#16257),#16227,.T.);
#16259=CARTESIAN_POINT('',(1356.5,-1372.,5.4));
#16260=DIRECTION('',(-0.819231921,0.,-0.573462344));
#16261=DIRECTION('',(0.,1.,0.));
#16262=AXIS2_PLACEMENT_3D('',#16259,#16260,#16261);
#16263=PLANE('',#16262);
#16264=ORIENTED_EDGE('',*,*,#15768,.F.);
#16265=ORIENTED_EDGE('',*,*,#15746,.F.);
#16266=ORIENTED_EDGE('',*,*,#15940,.F.);
#16267=ORIENTED_EDGE('',*,*,#16254,.F.);
#16268=EDGE_LOOP('',(#16264,#16265,#16266,#16267));
#16269=FACE_BOUND('',#16268,.T.);
#16270=ADVANCED_FACE('',(#16269),#16263,.T.);
#16271=CARTESIAN_POINT('',(1344.,-1384.5,4.4));
#16272=DIRECTION('',(0.,1.,0.));
#16273=DIRECTION('',(-1.,0.,0.));
#16274=AXIS2_PLACEMENT_3D('',#16271,#16272,#16273);
#16275=PLANE('',#16274);
#16276=CARTESIAN_POINT('',(1334.9627417,-1384.5,6.4));
#16277=VERTEX_POINT('',#16276);
#16278=CARTESIAN_POINT('',(1336.376955262,-1384.5,5.4));
#16279=DIRECTION('',(-0.816496581,0.,0.577350269));
#16280=VECTOR('',#16279,1.732050807);
#16281=LINE('',#16278,#16280);
#16282=EDGE_CURVE('',#16080,#16277,#16281,.T.);
#16283=ORIENTED_EDGE('',*,*,#16282,.T.);
#16284=CARTESIAN_POINT('',(1353.0372583,-1384.5,6.4));
#16285=VERTEX_POINT('',#16284);
#16286=CARTESIAN_POINT('',(1334.9627417,-1384.5,6.4));
#16287=DIRECTION('',(1.,-0.,-0.));
#16288=VECTOR('',#16287,18.0745166);
#16289=LINE('',#16286,#16288);
#16290=EDGE_CURVE('',#16277,#16285,#16289,.T.);
#16291=ORIENTED_EDGE('',*,*,#16290,.T.);
#16292=CARTESIAN_POINT('',(1353.0372583,-1384.5,6.4));
#16293=DIRECTION('',(-0.816496581,0.,-0.577350269));
#16294=VECTOR('',#16293,1.732050807);
#16295=LINE('',#16292,#16294);
#16296=EDGE_CURVE('',#16285,#15921,#16295,.T.);
#16297=ORIENTED_EDGE('',*,*,#16296,.T.);
#16298=CARTESIAN_POINT('',(1351.623044738,-1384.5,5.4));
#16299=DIRECTION('',(-1.,0.,0.));
#16300=VECTOR('',#16299,15.246089476);
#16301=LINE('',#16298,#16300);
#16302=EDGE_CURVE('',#15921,#16080,#16301,.T.);
#16303=ORIENTED_EDGE('',*,*,#16302,.T.);
#16304=EDGE_LOOP('',(#16283,#16291,#16297,#16303));
#16305=FACE_BOUND('',#16304,.T.);
#16306=ADVANCED_FACE('',(#16305),#16275,.T.);
#16307=CARTESIAN_POINT('',(1344.,-1384.5,5.4));
#16308=DIRECTION('',(0.,0.819231921,-0.573462344));
#16309=DIRECTION('',(1.,0.,0.));
#16310=AXIS2_PLACEMENT_3D('',#16307,#16308,#16309);
#16311=PLANE('',#16310);
#16312=ORIENTED_EDGE('',*,*,#15926,.F.);
#16313=ORIENTED_EDGE('',*,*,#15904,.F.);
#16314=ORIENTED_EDGE('',*,*,#16091,.F.);
#16315=ORIENTED_EDGE('',*,*,#16302,.F.);
#16316=EDGE_LOOP('',(#16312,#16313,#16314,#16315));
#16317=FACE_BOUND('',#16316,.T.);
#16318=ADVANCED_FACE('',(#16317),#16311,.T.);
#16319=CARTESIAN_POINT('',(1331.5,-1372.,4.4));
#16320=DIRECTION('',(1.,0.,0.));
#16321=DIRECTION('',(0.,1.,0.));
#16322=AXIS2_PLACEMENT_3D('',#16319,#16320,#16321);
#16323=PLANE('',#16322);
#16324=CARTESIAN_POINT('',(1331.5,-1362.9627417,6.4));
#16325=VERTEX_POINT('',#16324);
#16326=CARTESIAN_POINT('',(1331.5,-1364.376955262,5.4));
#16327=DIRECTION('',(0.,0.816496581,0.577350269));
#16328=VECTOR('',#16327,1.732050807);
#16329=LINE('',#16326,#16328);
#16330=EDGE_CURVE('',#16206,#16325,#16329,.T.);
#16331=ORIENTED_EDGE('',*,*,#16330,.T.);
#16332=CARTESIAN_POINT('',(1331.5,-1381.0372583,6.4));
#16333=VERTEX_POINT('',#16332);
#16334=CARTESIAN_POINT('',(1331.5,-1362.9627417,6.4));
#16335=DIRECTION('',(-0.,-1.,-0.));
#16336=VECTOR('',#16335,18.0745166);
#16337=LINE('',#16334,#16336);
#16338=EDGE_CURVE('',#16325,#16333,#16337,.T.);
#16339=ORIENTED_EDGE('',*,*,#16338,.T.);
#16340=CARTESIAN_POINT('',(1331.5,-1381.0372583,6.4));
#16341=DIRECTION('',(0.,0.816496581,-0.577350269));
#16342=VECTOR('',#16341,1.732050807);
#16343=LINE('',#16340,#16342);
#16344=EDGE_CURVE('',#16333,#16072,#16343,.T.);
#16345=ORIENTED_EDGE('',*,*,#16344,.T.);
#16346=CARTESIAN_POINT('',(1331.5,-1379.623044738,5.4));
#16347=DIRECTION('',(0.,1.,0.));
#16348=VECTOR('',#16347,15.246089476);
#16349=LINE('',#16346,#16348);
#16350=EDGE_CURVE('',#16072,#16206,#16349,.T.);
#16351=ORIENTED_EDGE('',*,*,#16350,.T.);
#16352=EDGE_LOOP('',(#16331,#16339,#16345,#16351));
#16353=FACE_BOUND('',#16352,.T.);
#16354=ADVANCED_FACE('',(#16353),#16323,.T.);
#16355=CARTESIAN_POINT('',(1331.5,-1372.,5.4));
#16356=DIRECTION('',(0.819231921,0.,-0.573462344));
#16357=DIRECTION('',(0.,-1.,0.));
#16358=AXIS2_PLACEMENT_3D('',#16355,#16356,#16357);
#16359=PLANE('',#16358);
#16360=ORIENTED_EDGE('',*,*,#16077,.F.);
#16361=ORIENTED_EDGE('',*,*,#16046,.F.);
#16362=ORIENTED_EDGE('',*,*,#16217,.F.);
#16363=ORIENTED_EDGE('',*,*,#16350,.F.);
#16364=EDGE_LOOP('',(#16360,#16361,#16362,#16363));
#16365=FACE_BOUND('',#16364,.T.);
#16366=ADVANCED_FACE('',(#16365),#16359,.T.);
#16367=CARTESIAN_POINT('',(1344.,-1359.5,4.4));
#16368=DIRECTION('',(0.,-1.,0.));
#16369=DIRECTION('',(1.,0.,0.));
#16370=AXIS2_PLACEMENT_3D('',#16367,#16368,#16369);
#16371=PLANE('',#16370);
#16372=CARTESIAN_POINT('',(1353.0372583,-1359.5,6.4));
#16373=VERTEX_POINT('',#16372);
#16374=CARTESIAN_POINT('',(1351.623044738,-1359.5,5.4));
#16375=DIRECTION('',(0.816496581,0.,0.577350269));
#16376=VECTOR('',#16375,1.732050807);
#16377=LINE('',#16374,#16376);
#16378=EDGE_CURVE('',#15771,#16373,#16377,.T.);
#16379=ORIENTED_EDGE('',*,*,#16378,.T.);
#16380=CARTESIAN_POINT('',(1334.9627417,-1359.5,6.4));
#16381=VERTEX_POINT('',#16380);
#16382=CARTESIAN_POINT('',(1353.0372583,-1359.5,6.4));
#16383=DIRECTION('',(-1.,-0.,0.));
#16384=VECTOR('',#16383,18.0745166);
#16385=LINE('',#16382,#16384);
#16386=EDGE_CURVE('',#16373,#16381,#16385,.T.);
#16387=ORIENTED_EDGE('',*,*,#16386,.T.);
#16388=CARTESIAN_POINT('',(1334.9627417,-1359.5,6.4));
#16389=DIRECTION('',(0.816496581,0.,-0.577350269));
#16390=VECTOR('',#16389,1.732050807);
#16391=LINE('',#16388,#16390);
#16392=EDGE_CURVE('',#16381,#16198,#16391,.T.);
#16393=ORIENTED_EDGE('',*,*,#16392,.T.);
#16394=CARTESIAN_POINT('',(1336.376955262,-1359.5,5.4));
#16395=DIRECTION('',(1.,0.,-0.));
#16396=VECTOR('',#16395,15.246089476);
#16397=LINE('',#16394,#16396);
#16398=EDGE_CURVE('',#16198,#15771,#16397,.T.);
#16399=ORIENTED_EDGE('',*,*,#16398,.T.);
#16400=EDGE_LOOP('',(#16379,#16387,#16393,#16399));
#16401=FACE_BOUND('',#16400,.T.);
#16402=ADVANCED_FACE('',(#16401),#16371,.T.);
#16403=CARTESIAN_POINT('',(1344.,-1359.5,5.4));
#16404=DIRECTION('',(0.,-0.819231921,-0.573462344));
#16405=DIRECTION('',(-1.,0.,0.));
#16406=AXIS2_PLACEMENT_3D('',#16403,#16404,#16405);
#16407=PLANE('',#16406);
#16408=ORIENTED_EDGE('',*,*,#16203,.F.);
#16409=ORIENTED_EDGE('',*,*,#16172,.F.);
#16410=ORIENTED_EDGE('',*,*,#15784,.F.);
#16411=ORIENTED_EDGE('',*,*,#16398,.F.);
#16412=EDGE_LOOP('',(#16408,#16409,#16410,#16411));
#16413=FACE_BOUND('',#16412,.T.);
#16414=ADVANCED_FACE('',(#16413),#16407,.T.);
#16415=CARTESIAN_POINT('',(1332.948528137,-1360.948528137,0.));
#16416=DIRECTION('',(0.5,-0.5,-0.707106781));
#16417=DIRECTION('',(0.707106781,0.707106781,0.));
#16418=AXIS2_PLACEMENT_3D('',#16415,#16416,#16417);
#16419=PLANE('',#16418);
#16420=ORIENTED_EDGE('',*,*,#16110,.F.);
#16421=ORIENTED_EDGE('',*,*,#16193,.F.);
#16422=ORIENTED_EDGE('',*,*,#15984,.F.);
#16423=CARTESIAN_POINT('',(1331.5,-1362.9627417,0.4));
#16424=DIRECTION('',(-0.678598344,0.281084638,-0.678598345));
#16425=VECTOR('',#16424,0.589450303);
#16426=LINE('',#16423,#16425);
#16427=EDGE_CURVE('',#15971,#809,#16426,.T.);
#16428=ORIENTED_EDGE('',*,*,#16427,.T.);
#16429=ORIENTED_EDGE('',*,*,#814,.F.);
#16430=CARTESIAN_POINT('',(1334.797056275,-1359.1,0.));
#16431=DIRECTION('',(0.281084638,-0.678598344,0.678598345));
#16432=VECTOR('',#16431,0.589450303);
#16433=LINE('',#16430,#16432);
#16434=EDGE_CURVE('',#801,#16105,#16433,.T.);
#16435=ORIENTED_EDGE('',*,*,#16434,.T.);
#16436=EDGE_LOOP('',(#16420,#16421,#16422,#16428,#16429,#16435));
#16437=FACE_BOUND('',#16436,.T.);
#16438=ADVANCED_FACE('',(#16437),#16419,.T.);
#16439=CARTESIAN_POINT('',(1336.726955262,-1359.15,5.4));
#16440=DIRECTION('',(-0.5,0.5,-0.707106781));
#16441=DIRECTION('',(-0.707106781,-0.707106781,0.));
#16442=AXIS2_PLACEMENT_3D('',#16439,#16440,#16441);
#16443=PLANE('',#16442);
#16444=ORIENTED_EDGE('',*,*,#16392,.F.);
#16445=CARTESIAN_POINT('',(1334.9627417,-1359.5,6.4));
#16446=DIRECTION('',(-0.281084638,0.678598344,0.678598345));
#16447=VECTOR('',#16446,0.589450303);
#16448=LINE('',#16445,#16447);
#16449=EDGE_CURVE('',#16381,#2415,#16448,.T.);
#16450=ORIENTED_EDGE('',*,*,#16449,.T.);
#16451=ORIENTED_EDGE('',*,*,#2420,.F.);
#16452=CARTESIAN_POINT('',(1331.1,-1362.797056275,6.8));
#16453=DIRECTION('',(0.678598344,-0.281084638,-0.678598345));
#16454=VECTOR('',#16453,0.589450303);
#16455=LINE('',#16452,#16454);
#16456=EDGE_CURVE('',#2407,#16325,#16455,.T.);
#16457=ORIENTED_EDGE('',*,*,#16456,.T.);
#16458=ORIENTED_EDGE('',*,*,#16330,.F.);
#16459=ORIENTED_EDGE('',*,*,#16211,.F.);
#16460=EDGE_LOOP('',(#16444,#16450,#16451,#16457,#16458,#16459));
#16461=FACE_BOUND('',#16460,.T.);
#16462=ADVANCED_FACE('',(#16461),#16443,.F.);
#16463=CARTESIAN_POINT('',(1351.273044738,-1384.85,5.4));
#16464=DIRECTION('',(0.5,-0.5,-0.707106781));
#16465=DIRECTION('',(0.707106781,0.707106781,0.));
#16466=AXIS2_PLACEMENT_3D('',#16463,#16464,#16465);
#16467=PLANE('',#16466);
#16468=ORIENTED_EDGE('',*,*,#16296,.F.);
#16469=CARTESIAN_POINT('',(1353.0372583,-1384.5,6.4));
#16470=DIRECTION('',(0.281084638,-0.678598344,0.678598345));
#16471=VECTOR('',#16470,0.589450303);
#16472=LINE('',#16469,#16471);
#16473=EDGE_CURVE('',#16285,#2447,#16472,.T.);
#16474=ORIENTED_EDGE('',*,*,#16473,.T.);
#16475=ORIENTED_EDGE('',*,*,#2452,.F.);
#16476=CARTESIAN_POINT('',(1356.9,-1381.202943725,6.8));
#16477=DIRECTION('',(-0.678598344,0.281084638,-0.678598345));
#16478=VECTOR('',#16477,0.589450303);
#16479=LINE('',#16476,#16478);
#16480=EDGE_CURVE('',#2439,#16229,#16479,.T.);
#16481=ORIENTED_EDGE('',*,*,#16480,.T.);
#16482=ORIENTED_EDGE('',*,*,#16234,.F.);
#16483=ORIENTED_EDGE('',*,*,#15934,.F.);
#16484=EDGE_LOOP('',(#16468,#16474,#16475,#16481,#16482,#16483));
#16485=FACE_BOUND('',#16484,.T.);
#16486=ADVANCED_FACE('',(#16485),#16467,.F.);
#16487=CARTESIAN_POINT('',(1332.948528137,-1383.051471863,0.));
#16488=DIRECTION('',(0.5,0.5,-0.707106781));
#16489=DIRECTION('',(-0.707106781,0.707106781,0.));
#16490=AXIS2_PLACEMENT_3D('',#16487,#16488,#16489);
#16491=PLANE('',#16490);
#16492=ORIENTED_EDGE('',*,*,#15968,.F.);
#16493=ORIENTED_EDGE('',*,*,#16067,.F.);
#16494=ORIENTED_EDGE('',*,*,#15842,.F.);
#16495=CARTESIAN_POINT('',(1334.9627417,-1384.5,0.4));
#16496=DIRECTION('',(-0.281084638,-0.678598344,-0.678598345));
#16497=VECTOR('',#16496,0.589450303);
#16498=LINE('',#16495,#16497);
#16499=EDGE_CURVE('',#15829,#825,#16498,.T.);
#16500=ORIENTED_EDGE('',*,*,#16499,.T.);
#16501=ORIENTED_EDGE('',*,*,#830,.F.);
#16502=CARTESIAN_POINT('',(1331.1,-1381.202943725,0.));
#16503=DIRECTION('',(0.678598344,0.281084638,0.678598345));
#16504=VECTOR('',#16503,0.589450303);
#16505=LINE('',#16502,#16504);
#16506=EDGE_CURVE('',#817,#15963,#16505,.T.);
#16507=ORIENTED_EDGE('',*,*,#16506,.T.);
#16508=EDGE_LOOP('',(#16492,#16493,#16494,#16500,#16501,#16507));
#16509=FACE_BOUND('',#16508,.T.);
#16510=ADVANCED_FACE('',(#16509),#16491,.T.);
#16511=CARTESIAN_POINT('',(1356.85,-1364.726955262,5.4));
#16512=DIRECTION('',(0.5,0.5,-0.707106781));
#16513=DIRECTION('',(-0.707106781,0.707106781,0.));
#16514=AXIS2_PLACEMENT_3D('',#16511,#16512,#16513);
#16515=PLANE('',#16514);
#16516=ORIENTED_EDGE('',*,*,#16248,.F.);
#16517=CARTESIAN_POINT('',(1356.5,-1362.9627417,6.4));
#16518=DIRECTION('',(0.678598344,0.281084638,0.678598345));
#16519=VECTOR('',#16518,0.589450303);
#16520=LINE('',#16517,#16519);
#16521=EDGE_CURVE('',#16237,#2431,#16520,.T.);
#16522=ORIENTED_EDGE('',*,*,#16521,.T.);
#16523=ORIENTED_EDGE('',*,*,#2436,.F.);
#16524=CARTESIAN_POINT('',(1353.202943725,-1359.1,6.8));
#16525=DIRECTION('',(-0.281084638,-0.678598344,-0.678598345));
#16526=VECTOR('',#16525,0.589450303);
#16527=LINE('',#16524,#16526);
#16528=EDGE_CURVE('',#2423,#16373,#16527,.T.);
#16529=ORIENTED_EDGE('',*,*,#16528,.T.);
#16530=ORIENTED_EDGE('',*,*,#16378,.F.);
#16531=ORIENTED_EDGE('',*,*,#15776,.F.);
#16532=EDGE_LOOP('',(#16516,#16522,#16523,#16529,#16530,#16531));
#16533=FACE_BOUND('',#16532,.T.);
#16534=ADVANCED_FACE('',(#16533),#16515,.F.);
#16535=CARTESIAN_POINT('',(1355.051471863,-1383.051471863,0.));
#16536=DIRECTION('',(-0.5,0.5,-0.707106781));
#16537=DIRECTION('',(-0.707106781,-0.707106781,0.));
#16538=AXIS2_PLACEMENT_3D('',#16535,#16536,#16537);
#16539=PLANE('',#16538);
#16540=ORIENTED_EDGE('',*,*,#15826,.F.);
#16541=ORIENTED_EDGE('',*,*,#15948,.F.);
#16542=ORIENTED_EDGE('',*,*,#15684,.F.);
#16543=CARTESIAN_POINT('',(1356.5,-1381.0372583,0.4));
#16544=DIRECTION('',(0.678598344,-0.281084638,-0.678598345));
#16545=VECTOR('',#16544,0.589450303);
#16546=LINE('',#16543,#16545);
#16547=EDGE_CURVE('',#15671,#841,#16546,.T.);
#16548=ORIENTED_EDGE('',*,*,#16547,.T.);
#16549=ORIENTED_EDGE('',*,*,#846,.F.);
#16550=CARTESIAN_POINT('',(1353.202943725,-1384.9,0.));
#16551=DIRECTION('',(-0.281084638,0.678598344,0.678598345));
#16552=VECTOR('',#16551,0.589450303);
#16553=LINE('',#16550,#16552);
#16554=EDGE_CURVE('',#833,#15821,#16553,.T.);
#16555=ORIENTED_EDGE('',*,*,#16554,.T.);
#16556=EDGE_LOOP('',(#16540,#16541,#16542,#16548,#16549,#16555));
#16557=FACE_BOUND('',#16556,.T.);
#16558=ADVANCED_FACE('',(#16557),#16539,.T.);
#16559=CARTESIAN_POINT('',(1355.051471863,-1360.948528137,0.));
#16560=DIRECTION('',(-0.5,-0.5,-0.707106781));
#16561=DIRECTION('',(0.707106781,-0.707106781,0.));
#16562=AXIS2_PLACEMENT_3D('',#16559,#16560,#16561);
#16563=PLANE('',#16562);
#16564=ORIENTED_EDGE('',*,*,#15668,.F.);
#16565=ORIENTED_EDGE('',*,*,#15806,.F.);
#16566=ORIENTED_EDGE('',*,*,#16124,.F.);
#16567=CARTESIAN_POINT('',(1353.0372583,-1359.5,0.4));
#16568=DIRECTION('',(0.281084638,0.678598344,-0.678598345));
#16569=VECTOR('',#16568,0.589450303);
#16570=LINE('',#16567,#16569);
#16571=EDGE_CURVE('',#16113,#799,#16570,.T.);
#16572=ORIENTED_EDGE('',*,*,#16571,.T.);
#16573=ORIENTED_EDGE('',*,*,#860,.F.);
#16574=CARTESIAN_POINT('',(1356.9,-1362.797056275,0.));
#16575=DIRECTION('',(-0.678598344,-0.281084638,0.678598345));
#16576=VECTOR('',#16575,0.589450303);
#16577=LINE('',#16574,#16576);
#16578=EDGE_CURVE('',#849,#15663,#16577,.T.);
#16579=ORIENTED_EDGE('',*,*,#16578,.T.);
#16580=EDGE_LOOP('',(#16564,#16565,#16566,#16572,#16573,#16579));
#16581=FACE_BOUND('',#16580,.T.);
#16582=ADVANCED_FACE('',(#16581),#16563,.T.);
#16583=CARTESIAN_POINT('',(1331.15,-1379.273044738,5.4));
#16584=DIRECTION('',(-0.5,-0.5,-0.707106781));
#16585=DIRECTION('',(0.707106781,-0.707106781,0.));
#16586=AXIS2_PLACEMENT_3D('',#16583,#16584,#16585);
#16587=PLANE('',#16586);
#16588=ORIENTED_EDGE('',*,*,#16344,.F.);
#16589=CARTESIAN_POINT('',(1331.5,-1381.0372583,6.4));
#16590=DIRECTION('',(-0.678598344,-0.281084638,0.678598345));
#16591=VECTOR('',#16590,0.589450303);
#16592=LINE('',#16589,#16591);
#16593=EDGE_CURVE('',#16333,#2405,#16592,.T.);
#16594=ORIENTED_EDGE('',*,*,#16593,.T.);
#16595=ORIENTED_EDGE('',*,*,#2466,.F.);
#16596=CARTESIAN_POINT('',(1334.797056275,-1384.9,6.8));
#16597=DIRECTION('',(0.281084638,0.678598344,-0.678598345));
#16598=VECTOR('',#16597,0.589450303);
#16599=LINE('',#16596,#16598);
#16600=EDGE_CURVE('',#2455,#16277,#16599,.T.);
#16601=ORIENTED_EDGE('',*,*,#16600,.T.);
#16602=ORIENTED_EDGE('',*,*,#16282,.F.);
#16603=ORIENTED_EDGE('',*,*,#16085,.F.);
#16604=EDGE_LOOP('',(#16588,#16594,#16595,#16601,#16602,#16603));
#16605=FACE_BOUND('',#16604,.T.);
#16606=ADVANCED_FACE('',(#16605),#16587,.F.);
#16607=CARTESIAN_POINT('',(1331.1,-1372.,6.8));
#16608=DIRECTION('',(-0.707106781,0.,-0.707106781));
#16609=DIRECTION('',(0.,1.,0.));
#16610=AXIS2_PLACEMENT_3D('',#16607,#16608,#16609);
#16611=PLANE('',#16610);
#16612=ORIENTED_EDGE('',*,*,#16593,.F.);
#16613=ORIENTED_EDGE('',*,*,#16338,.F.);
#16614=ORIENTED_EDGE('',*,*,#16456,.F.);
#16615=ORIENTED_EDGE('',*,*,#2412,.F.);
#16616=EDGE_LOOP('',(#16612,#16613,#16614,#16615));
#16617=FACE_BOUND('',#16616,.T.);
#16618=ADVANCED_FACE('',(#16617),#16611,.F.);
#16619=CARTESIAN_POINT('',(1344.,-1359.1,0.));
#16620=DIRECTION('',(0.,-0.707106781,-0.707106781));
#16621=DIRECTION('',(1.,0.,0.));
#16622=AXIS2_PLACEMENT_3D('',#16619,#16620,#16621);
#16623=PLANE('',#16622);
#16624=ORIENTED_EDGE('',*,*,#16571,.F.);
#16625=ORIENTED_EDGE('',*,*,#16118,.F.);
#16626=ORIENTED_EDGE('',*,*,#16434,.F.);
#16627=ORIENTED_EDGE('',*,*,#806,.F.);
#16628=EDGE_LOOP('',(#16624,#16625,#16626,#16627));
#16629=FACE_BOUND('',#16628,.T.);
#16630=ADVANCED_FACE('',(#16629),#16623,.T.);
#16631=CARTESIAN_POINT('',(1356.9,-1372.,0.));
#16632=DIRECTION('',(-0.707106781,0.,-0.707106781));
#16633=DIRECTION('',(0.,-1.,0.));
#16634=AXIS2_PLACEMENT_3D('',#16631,#16632,#16633);
#16635=PLANE('',#16634);
#16636=ORIENTED_EDGE('',*,*,#16547,.F.);
#16637=ORIENTED_EDGE('',*,*,#15676,.F.);
#16638=ORIENTED_EDGE('',*,*,#16578,.F.);
#16639=ORIENTED_EDGE('',*,*,#854,.F.);
#16640=EDGE_LOOP('',(#16636,#16637,#16638,#16639));
#16641=FACE_BOUND('',#16640,.T.);
#16642=ADVANCED_FACE('',(#16641),#16635,.T.);
#16643=CARTESIAN_POINT('',(1344.,-1384.9,6.8));
#16644=DIRECTION('',(0.,-0.707106781,-0.707106781));
#16645=DIRECTION('',(-1.,0.,0.));
#16646=AXIS2_PLACEMENT_3D('',#16643,#16644,#16645);
#16647=PLANE('',#16646);
#16648=ORIENTED_EDGE('',*,*,#16473,.F.);
#16649=ORIENTED_EDGE('',*,*,#16290,.F.);
#16650=ORIENTED_EDGE('',*,*,#16600,.F.);
#16651=ORIENTED_EDGE('',*,*,#2460,.F.);
#16652=EDGE_LOOP('',(#16648,#16649,#16650,#16651));
#16653=FACE_BOUND('',#16652,.T.);
#16654=ADVANCED_FACE('',(#16653),#16647,.F.);
#16655=CARTESIAN_POINT('',(1356.9,-1372.,6.8));
#16656=DIRECTION('',(0.707106781,0.,-0.707106781));
#16657=DIRECTION('',(0.,-1.,0.));
#16658=AXIS2_PLACEMENT_3D('',#16655,#16656,#16657);
#16659=PLANE('',#16658);
#16660=ORIENTED_EDGE('',*,*,#16521,.F.);
#16661=ORIENTED_EDGE('',*,*,#16242,.F.);
#16662=ORIENTED_EDGE('',*,*,#16480,.F.);
#16663=ORIENTED_EDGE('',*,*,#2444,.F.);
#16664=EDGE_LOOP('',(#16660,#16661,#16662,#16663));
#16665=FACE_BOUND('',#16664,.T.);
#16666=ADVANCED_FACE('',(#16665),#16659,.F.);
#16667=CARTESIAN_POINT('',(1344.,-1359.1,6.8));
#16668=DIRECTION('',(0.,0.707106781,-0.707106781));
#16669=DIRECTION('',(1.,0.,0.));
#16670=AXIS2_PLACEMENT_3D('',#16667,#16668,#16669);
#16671=PLANE('',#16670);
#16672=ORIENTED_EDGE('',*,*,#16449,.F.);
#16673=ORIENTED_EDGE('',*,*,#16386,.F.);
#16674=ORIENTED_EDGE('',*,*,#16528,.F.);
#16675=ORIENTED_EDGE('',*,*,#2428,.F.);
#16676=EDGE_LOOP('',(#16672,#16673,#16674,#16675));
#16677=FACE_BOUND('',#16676,.T.);
#16678=ADVANCED_FACE('',(#16677),#16671,.F.);
#16679=CARTESIAN_POINT('',(1331.1,-1372.,0.));
#16680=DIRECTION('',(0.707106781,0.,-0.707106781));
#16681=DIRECTION('',(0.,1.,0.));
#16682=AXIS2_PLACEMENT_3D('',#16679,#16680,#16681);
#16683=PLANE('',#16682);
#16684=ORIENTED_EDGE('',*,*,#16427,.F.);
#16685=ORIENTED_EDGE('',*,*,#15976,.F.);
#16686=ORIENTED_EDGE('',*,*,#16506,.F.);
#16687=ORIENTED_EDGE('',*,*,#822,.F.);
#16688=EDGE_LOOP('',(#16684,#16685,#16686,#16687));
#16689=FACE_BOUND('',#16688,.T.);
#16690=ADVANCED_FACE('',(#16689),#16683,.T.);
#16691=CARTESIAN_POINT('',(1344.,-1384.9,0.));
#16692=DIRECTION('',(0.,0.707106781,-0.707106781));
#16693=DIRECTION('',(-1.,0.,0.));
#16694=AXIS2_PLACEMENT_3D('',#16691,#16692,#16693);
#16695=PLANE('',#16694);
#16696=ORIENTED_EDGE('',*,*,#16499,.F.);
#16697=ORIENTED_EDGE('',*,*,#15834,.F.);
#16698=ORIENTED_EDGE('',*,*,#16554,.F.);
#16699=ORIENTED_EDGE('',*,*,#838,.F.);
#16700=EDGE_LOOP('',(#16696,#16697,#16698,#16699));
#16701=FACE_BOUND('',#16700,.T.);
#16702=ADVANCED_FACE('',(#16701),#16695,.T.);
#16703=CARTESIAN_POINT('',(1356.63706751,-1360.1,4.6));
#16704=DIRECTION('',(0.,0.,-1.));
#16705=DIRECTION('',(-1.,0.,0.));
#16706=AXIS2_PLACEMENT_3D('',#16703,#16704,#16705);
#16707=CYLINDRICAL_SURFACE('',#16706,0.5);
#16708=ORIENTED_EDGE('',*,*,#15496,.T.);
#16709=CARTESIAN_POINT('',(1356.843880461,-1360.555223465,4.6));
#16710=DIRECTION('',(0.,0.,-1.));
#16711=VECTOR('',#16710,2.4);
#16712=LINE('',#16709,#16711);
#16713=EDGE_CURVE('',#15481,#15531,#16712,.T.);
#16714=ORIENTED_EDGE('',*,*,#16713,.T.);
#16715=ORIENTED_EDGE('',*,*,#15537,.T.);
#16716=CARTESIAN_POINT('',(1356.63706751,-1360.6,2.2));
#16717=DIRECTION('',(-0.,-0.,1.));
#16718=VECTOR('',#16717,2.4);
#16719=LINE('',#16716,#16718);
#16720=EDGE_CURVE('',#15523,#15490,#16719,.T.);
#16721=ORIENTED_EDGE('',*,*,#16720,.T.);
#16722=EDGE_LOOP('',(#16708,#16714,#16715,#16721));
#16723=FACE_BOUND('',#16722,.T.);
#16724=ADVANCED_FACE('',(#16723),#16707,.F.);
#16725=CARTESIAN_POINT('',(1356.125,-1360.6,4.6));
#16726=DIRECTION('',(0.,1.,0.));
#16727=DIRECTION('',(0.,0.,1.));
#16728=AXIS2_PLACEMENT_3D('',#16725,#16726,#16727);
#16729=PLANE('',#16728);
#16730=ORIENTED_EDGE('',*,*,#15528,.F.);
#16731=CARTESIAN_POINT('',(1355.5,-1360.6,4.6));
#16732=DIRECTION('',(0.,0.,-1.));
#16733=VECTOR('',#16732,2.4);
#16734=LINE('',#16731,#16733);
#16735=EDGE_CURVE('',#15428,#15514,#16734,.T.);
#16736=ORIENTED_EDGE('',*,*,#16735,.F.);
#16737=ORIENTED_EDGE('',*,*,#15502,.T.);
#16738=ORIENTED_EDGE('',*,*,#16720,.F.);
#16739=EDGE_LOOP('',(#16730,#16736,#16737,#16738));
#16740=FACE_BOUND('',#16739,.T.);
#16741=ADVANCED_FACE('',(#16740),#16729,.T.);
#16742=CARTESIAN_POINT('',(1358.,-1363.1,4.6));
#16743=DIRECTION('',(0.,0.,-1.));
#16744=DIRECTION('',(-1.,0.,0.));
#16745=AXIS2_PLACEMENT_3D('',#16742,#16743,#16744);
#16746=CYLINDRICAL_SURFACE('',#16745,2.795084972);
#16747=ORIENTED_EDGE('',*,*,#15487,.F.);
#16748=CARTESIAN_POINT('',(1357.725442863,-1360.318432388,2.2));
#16749=DIRECTION('',(-0.,-0.,1.));
#16750=VECTOR('',#16749,2.4);
#16751=LINE('',#16748,#16750);
#16752=EDGE_CURVE('',#15540,#15472,#16751,.T.);
#16753=ORIENTED_EDGE('',*,*,#16752,.F.);
#16754=ORIENTED_EDGE('',*,*,#15546,.T.);
#16755=ORIENTED_EDGE('',*,*,#16713,.F.);
#16756=EDGE_LOOP('',(#16747,#16753,#16754,#16755));
#16757=FACE_BOUND('',#16756,.T.);
#16758=ADVANCED_FACE('',(#16757),#16746,.T.);
#16759=CARTESIAN_POINT('',(1357.75,-1360.567223359,4.6));
#16760=DIRECTION('',(0.,0.,-1.));
#16761=DIRECTION('',(-1.,0.,0.));
#16762=AXIS2_PLACEMENT_3D('',#16759,#16760,#16761);
#16763=CYLINDRICAL_SURFACE('',#16762,0.25);
#16764=ORIENTED_EDGE('',*,*,#15478,.T.);
#16765=ORIENTED_EDGE('',*,*,#13368,.T.);
#16766=ORIENTED_EDGE('',*,*,#15553,.T.);
#16767=ORIENTED_EDGE('',*,*,#16752,.T.);
#16768=EDGE_LOOP('',(#16764,#16765,#16766,#16767));
#16769=FACE_BOUND('',#16768,.T.);
#16770=ADVANCED_FACE('',(#16769),#16763,.T.);
#16771=CARTESIAN_POINT('',(1355.5,-1386.,4.6));
#16772=DIRECTION('',(0.,0.,-1.));
#16773=DIRECTION('',(-1.,0.,0.));
#16774=AXIS2_PLACEMENT_3D('',#16771,#16772,#16773);
#16775=CYLINDRICAL_SURFACE('',#16774,2.6);
#16776=CARTESIAN_POINT('',(1352.9,-1386.,2.2));
#16777=VERTEX_POINT('',#16776);
#16778=CARTESIAN_POINT('',(1352.9,-1386.,4.6));
#16779=VERTEX_POINT('',#16778);
#16780=CARTESIAN_POINT('',(1352.9,-1386.,2.2));
#16781=DIRECTION('',(-0.,-0.,1.));
#16782=VECTOR('',#16781,2.4);
#16783=LINE('',#16780,#16782);
#16784=EDGE_CURVE('',#16777,#16779,#16783,.T.);
#16785=ORIENTED_EDGE('',*,*,#16784,.F.);
#16786=CARTESIAN_POINT('',(1355.5,-1383.4,2.2));
#16787=VERTEX_POINT('',#16786);
#16788=CARTESIAN_POINT('',(1355.5,-1386.,2.2));
#16789=DIRECTION('',(-0.,-0.,1.));
#16790=DIRECTION('',(-1.,0.,0.));
#16791=AXIS2_PLACEMENT_3D('',#16788,#16789,#16790);
#16792=CIRCLE('',#16791,2.6);
#16793=EDGE_CURVE('',#16787,#16777,#16792,.T.);
#16794=ORIENTED_EDGE('',*,*,#16793,.F.);
#16795=CARTESIAN_POINT('',(1355.5,-1383.4,4.6));
#16796=VERTEX_POINT('',#16795);
#16797=CARTESIAN_POINT('',(1355.5,-1383.4,4.6));
#16798=DIRECTION('',(-0.,-0.,-1.));
#16799=VECTOR('',#16798,2.4);
#16800=LINE('',#16797,#16799);
#16801=EDGE_CURVE('',#16796,#16787,#16800,.T.);
#16802=ORIENTED_EDGE('',*,*,#16801,.F.);
#16803=CARTESIAN_POINT('',(1355.5,-1386.,4.6));
#16804=DIRECTION('',(-0.,-0.,1.));
#16805=DIRECTION('',(-1.,0.,0.));
#16806=AXIS2_PLACEMENT_3D('',#16803,#16804,#16805);
#16807=CIRCLE('',#16806,2.6);
#16808=EDGE_CURVE('',#16796,#16779,#16807,.T.);
#16809=ORIENTED_EDGE('',*,*,#16808,.T.);
#16810=EDGE_LOOP('',(#16785,#16794,#16802,#16809));
#16811=FACE_BOUND('',#16810,.T.);
#16812=ADVANCED_FACE('',(#16811),#16775,.F.);
#16813=CARTESIAN_POINT('',(1344.,-1400.,4.6));
#16814=DIRECTION('',(0.,0.,1.));
#16815=DIRECTION('',(1.,0.,0.));
#16816=AXIS2_PLACEMENT_3D('',#16813,#16814,#16815);
#16817=PLANE('',#16816);
#16818=CARTESIAN_POINT('',(1355.5,-1388.6,4.6));
#16819=VERTEX_POINT('',#16818);
#16820=CARTESIAN_POINT('',(1355.5,-1386.,4.6));
#16821=DIRECTION('',(-0.,-0.,1.));
#16822=DIRECTION('',(-1.,0.,0.));
#16823=AXIS2_PLACEMENT_3D('',#16820,#16821,#16822);
#16824=CIRCLE('',#16823,2.6);
#16825=EDGE_CURVE('',#16779,#16819,#16824,.T.);
#16826=ORIENTED_EDGE('',*,*,#16825,.F.);
#16827=ORIENTED_EDGE('',*,*,#16808,.F.);
#16828=CARTESIAN_POINT('',(1356.63706751,-1383.4,4.6));
#16829=VERTEX_POINT('',#16828);
#16830=CARTESIAN_POINT('',(1355.5,-1383.4,4.6));
#16831=DIRECTION('',(1.,0.,-0.));
#16832=VECTOR('',#16831,1.13706751);
#16833=LINE('',#16830,#16832);
#16834=EDGE_CURVE('',#16796,#16829,#16833,.T.);
#16835=ORIENTED_EDGE('',*,*,#16834,.T.);
#16836=CARTESIAN_POINT('',(1356.843880461,-1383.444776535,4.6));
#16837=VERTEX_POINT('',#16836);
#16838=CARTESIAN_POINT('',(1356.63706751,-1383.9,4.6));
#16839=DIRECTION('',(-0.,-0.,1.));
#16840=DIRECTION('',(-1.,0.,0.));
#16841=AXIS2_PLACEMENT_3D('',#16838,#16839,#16840);
#16842=CIRCLE('',#16841,0.5);
#16843=EDGE_CURVE('',#16837,#16829,#16842,.T.);
#16844=ORIENTED_EDGE('',*,*,#16843,.F.);
#16845=CARTESIAN_POINT('',(1357.725442863,-1383.681567612,4.6));
#16846=VERTEX_POINT('',#16845);
#16847=CARTESIAN_POINT('',(1358.,-1380.9,4.6));
#16848=DIRECTION('',(-0.,-0.,1.));
#16849=DIRECTION('',(-1.,0.,0.));
#16850=AXIS2_PLACEMENT_3D('',#16847,#16848,#16849);
#16851=CIRCLE('',#16850,2.795084972);
#16852=EDGE_CURVE('',#16837,#16846,#16851,.T.);
#16853=ORIENTED_EDGE('',*,*,#16852,.T.);
#16854=CARTESIAN_POINT('',(1357.75,-1383.432776641,4.6));
#16855=DIRECTION('',(0.,0.,-1.));
#16856=DIRECTION('',(-1.,0.,0.));
#16857=AXIS2_PLACEMENT_3D('',#16854,#16855,#16856);
#16858=CIRCLE('',#16857,0.25);
#16859=EDGE_CURVE('',#13405,#16846,#16858,.T.);
#16860=ORIENTED_EDGE('',*,*,#16859,.F.);
#16861=ORIENTED_EDGE('',*,*,#13410,.F.);
#16862=CARTESIAN_POINT('',(1357.725442863,-1388.318432388,4.6));
#16863=VERTEX_POINT('',#16862);
#16864=CARTESIAN_POINT('',(1357.75,-1388.567223359,4.6));
#16865=DIRECTION('',(0.,0.,-1.));
#16866=DIRECTION('',(-1.,0.,0.));
#16867=AXIS2_PLACEMENT_3D('',#16864,#16865,#16866);
#16868=CIRCLE('',#16867,0.25);
#16869=EDGE_CURVE('',#16863,#13395,#16868,.T.);
#16870=ORIENTED_EDGE('',*,*,#16869,.F.);
#16871=CARTESIAN_POINT('',(1356.843880461,-1388.555223465,4.6));
#16872=VERTEX_POINT('',#16871);
#16873=CARTESIAN_POINT('',(1358.,-1391.1,4.6));
#16874=DIRECTION('',(-0.,-0.,1.));
#16875=DIRECTION('',(-1.,0.,0.));
#16876=AXIS2_PLACEMENT_3D('',#16873,#16874,#16875);
#16877=CIRCLE('',#16876,2.795084972);
#16878=EDGE_CURVE('',#16863,#16872,#16877,.T.);
#16879=ORIENTED_EDGE('',*,*,#16878,.T.);
#16880=CARTESIAN_POINT('',(1356.63706751,-1388.6,4.6));
#16881=VERTEX_POINT('',#16880);
#16882=CARTESIAN_POINT('',(1356.63706751,-1388.1,4.6));
#16883=DIRECTION('',(-0.,-0.,1.));
#16884=DIRECTION('',(-1.,0.,0.));
#16885=AXIS2_PLACEMENT_3D('',#16882,#16883,#16884);
#16886=CIRCLE('',#16885,0.5);
#16887=EDGE_CURVE('',#16881,#16872,#16886,.T.);
#16888=ORIENTED_EDGE('',*,*,#16887,.F.);
#16889=CARTESIAN_POINT('',(1355.5,-1388.6,4.6));
#16890=DIRECTION('',(1.,0.,-0.));
#16891=VECTOR('',#16890,1.13706751);
#16892=LINE('',#16889,#16891);
#16893=EDGE_CURVE('',#16819,#16881,#16892,.T.);
#16894=ORIENTED_EDGE('',*,*,#16893,.F.);
#16895=EDGE_LOOP('',(#16826,#16827,#16835,#16844,#16853,#16860,#16861,#16870,#16879,#16888,#16894));
#16896=FACE_BOUND('',#16895,.T.);
#16897=ADVANCED_FACE('',(#16896),#16817,.F.);
#16898=CARTESIAN_POINT('',(1344.,-1400.,2.2));
#16899=DIRECTION('',(0.,0.,1.));
#16900=DIRECTION('',(1.,0.,0.));
#16901=AXIS2_PLACEMENT_3D('',#16898,#16899,#16900);
#16902=PLANE('',#16901);
#16903=ORIENTED_EDGE('',*,*,#16793,.T.);
#16904=CARTESIAN_POINT('',(1355.5,-1388.6,2.2));
#16905=VERTEX_POINT('',#16904);
#16906=CARTESIAN_POINT('',(1355.5,-1386.,2.2));
#16907=DIRECTION('',(-0.,-0.,1.));
#16908=DIRECTION('',(-1.,0.,0.));
#16909=AXIS2_PLACEMENT_3D('',#16906,#16907,#16908);
#16910=CIRCLE('',#16909,2.6);
#16911=EDGE_CURVE('',#16777,#16905,#16910,.T.);
#16912=ORIENTED_EDGE('',*,*,#16911,.T.);
#16913=CARTESIAN_POINT('',(1356.63706751,-1388.6,2.2));
#16914=VERTEX_POINT('',#16913);
#16915=CARTESIAN_POINT('',(1355.5,-1388.6,2.2));
#16916=DIRECTION('',(1.,0.,-0.));
#16917=VECTOR('',#16916,1.13706751);
#16918=LINE('',#16915,#16917);
#16919=EDGE_CURVE('',#16905,#16914,#16918,.T.);
#16920=ORIENTED_EDGE('',*,*,#16919,.T.);
#16921=CARTESIAN_POINT('',(1356.843880461,-1388.555223465,2.2));
#16922=VERTEX_POINT('',#16921);
#16923=CARTESIAN_POINT('',(1356.63706751,-1388.1,2.2));
#16924=DIRECTION('',(0.,0.,-1.));
#16925=DIRECTION('',(-1.,0.,0.));
#16926=AXIS2_PLACEMENT_3D('',#16923,#16924,#16925);
#16927=CIRCLE('',#16926,0.5);
#16928=EDGE_CURVE('',#16922,#16914,#16927,.T.);
#16929=ORIENTED_EDGE('',*,*,#16928,.F.);
#16930=CARTESIAN_POINT('',(1357.725442863,-1388.318432388,2.2));
#16931=VERTEX_POINT('',#16930);
#16932=CARTESIAN_POINT('',(1358.,-1391.1,2.2));
#16933=DIRECTION('',(-0.,-0.,1.));
#16934=DIRECTION('',(-1.,0.,0.));
#16935=AXIS2_PLACEMENT_3D('',#16932,#16933,#16934);
#16936=CIRCLE('',#16935,2.795084972);
#16937=EDGE_CURVE('',#16931,#16922,#16936,.T.);
#16938=ORIENTED_EDGE('',*,*,#16937,.F.);
#16939=CARTESIAN_POINT('',(1357.75,-1388.567223359,2.2));
#16940=DIRECTION('',(-0.,-0.,1.));
#16941=DIRECTION('',(-1.,0.,0.));
#16942=AXIS2_PLACEMENT_3D('',#16939,#16940,#16941);
#16943=CIRCLE('',#16942,0.25);
#16944=EDGE_CURVE('',#13397,#16931,#16943,.T.);
#16945=ORIENTED_EDGE('',*,*,#16944,.F.);
#16946=ORIENTED_EDGE('',*,*,#13424,.T.);
#16947=CARTESIAN_POINT('',(1357.725442863,-1383.681567612,2.2));
#16948=VERTEX_POINT('',#16947);
#16949=CARTESIAN_POINT('',(1357.75,-1383.432776641,2.2));
#16950=DIRECTION('',(-0.,-0.,1.));
#16951=DIRECTION('',(-1.,0.,0.));
#16952=AXIS2_PLACEMENT_3D('',#16949,#16950,#16951);
#16953=CIRCLE('',#16952,0.25);
#16954=EDGE_CURVE('',#16948,#13413,#16953,.T.);
#16955=ORIENTED_EDGE('',*,*,#16954,.F.);
#16956=CARTESIAN_POINT('',(1356.843880461,-1383.444776535,2.2));
#16957=VERTEX_POINT('',#16956);
#16958=CARTESIAN_POINT('',(1358.,-1380.9,2.2));
#16959=DIRECTION('',(-0.,-0.,1.));
#16960=DIRECTION('',(-1.,0.,0.));
#16961=AXIS2_PLACEMENT_3D('',#16958,#16959,#16960);
#16962=CIRCLE('',#16961,2.795084972);
#16963=EDGE_CURVE('',#16957,#16948,#16962,.T.);
#16964=ORIENTED_EDGE('',*,*,#16963,.F.);
#16965=CARTESIAN_POINT('',(1356.63706751,-1383.4,2.2));
#16966=VERTEX_POINT('',#16965);
#16967=CARTESIAN_POINT('',(1356.63706751,-1383.9,2.2));
#16968=DIRECTION('',(0.,0.,-1.));
#16969=DIRECTION('',(-1.,0.,0.));
#16970=AXIS2_PLACEMENT_3D('',#16967,#16968,#16969);
#16971=CIRCLE('',#16970,0.5);
#16972=EDGE_CURVE('',#16966,#16957,#16971,.T.);
#16973=ORIENTED_EDGE('',*,*,#16972,.F.);
#16974=CARTESIAN_POINT('',(1355.5,-1383.4,2.2));
#16975=DIRECTION('',(1.,0.,-0.));
#16976=VECTOR('',#16975,1.13706751);
#16977=LINE('',#16974,#16976);
#16978=EDGE_CURVE('',#16787,#16966,#16977,.T.);
#16979=ORIENTED_EDGE('',*,*,#16978,.F.);
#16980=EDGE_LOOP('',(#16903,#16912,#16920,#16929,#16938,#16945,#16946,#16955,#16964,#16973,#16979));
#16981=FACE_BOUND('',#16980,.T.);
#16982=ADVANCED_FACE('',(#16981),#16902,.T.);
#16983=CARTESIAN_POINT('',(1356.125,-1383.4,4.6));
#16984=DIRECTION('',(0.,1.,0.));
#16985=DIRECTION('',(0.,0.,1.));
#16986=AXIS2_PLACEMENT_3D('',#16983,#16984,#16985);
#16987=PLANE('',#16986);
#16988=ORIENTED_EDGE('',*,*,#16834,.F.);
#16989=ORIENTED_EDGE('',*,*,#16801,.T.);
#16990=ORIENTED_EDGE('',*,*,#16978,.T.);
#16991=CARTESIAN_POINT('',(1356.63706751,-1383.4,4.6));
#16992=DIRECTION('',(0.,0.,-1.));
#16993=VECTOR('',#16992,2.4);
#16994=LINE('',#16991,#16993);
#16995=EDGE_CURVE('',#16829,#16966,#16994,.T.);
#16996=ORIENTED_EDGE('',*,*,#16995,.F.);
#16997=EDGE_LOOP('',(#16988,#16989,#16990,#16996));
#16998=FACE_BOUND('',#16997,.T.);
#16999=ADVANCED_FACE('',(#16998),#16987,.F.);
#17000=CARTESIAN_POINT('',(1356.63706751,-1383.9,4.6));
#17001=DIRECTION('',(0.,0.,-1.));
#17002=DIRECTION('',(-1.,0.,0.));
#17003=AXIS2_PLACEMENT_3D('',#17000,#17001,#17002);
#17004=CYLINDRICAL_SURFACE('',#17003,0.5);
#17005=ORIENTED_EDGE('',*,*,#16843,.T.);
#17006=ORIENTED_EDGE('',*,*,#16995,.T.);
#17007=ORIENTED_EDGE('',*,*,#16972,.T.);
#17008=CARTESIAN_POINT('',(1356.843880461,-1383.444776535,2.2));
#17009=DIRECTION('',(-0.,-0.,1.));
#17010=VECTOR('',#17009,2.4);
#17011=LINE('',#17008,#17010);
#17012=EDGE_CURVE('',#16957,#16837,#17011,.T.);
#17013=ORIENTED_EDGE('',*,*,#17012,.T.);
#17014=EDGE_LOOP('',(#17005,#17006,#17007,#17013));
#17015=FACE_BOUND('',#17014,.T.);
#17016=ADVANCED_FACE('',(#17015),#17004,.F.);
#17017=CARTESIAN_POINT('',(1358.,-1380.9,4.6));
#17018=DIRECTION('',(0.,0.,-1.));
#17019=DIRECTION('',(-1.,0.,0.));
#17020=AXIS2_PLACEMENT_3D('',#17017,#17018,#17019);
#17021=CYLINDRICAL_SURFACE('',#17020,2.795084972);
#17022=ORIENTED_EDGE('',*,*,#16963,.T.);
#17023=CARTESIAN_POINT('',(1357.725442863,-1383.681567612,4.6));
#17024=DIRECTION('',(0.,0.,-1.));
#17025=VECTOR('',#17024,2.4);
#17026=LINE('',#17023,#17025);
#17027=EDGE_CURVE('',#16846,#16948,#17026,.T.);
#17028=ORIENTED_EDGE('',*,*,#17027,.F.);
#17029=ORIENTED_EDGE('',*,*,#16852,.F.);
#17030=ORIENTED_EDGE('',*,*,#17012,.F.);
#17031=EDGE_LOOP('',(#17022,#17028,#17029,#17030));
#17032=FACE_BOUND('',#17031,.T.);
#17033=ADVANCED_FACE('',(#17032),#17021,.T.);
#17034=CARTESIAN_POINT('',(1357.75,-1383.432776641,4.6));
#17035=DIRECTION('',(0.,0.,-1.));
#17036=DIRECTION('',(-1.,0.,0.));
#17037=AXIS2_PLACEMENT_3D('',#17034,#17035,#17036);
#17038=CYLINDRICAL_SURFACE('',#17037,0.25);
#17039=ORIENTED_EDGE('',*,*,#16859,.T.);
#17040=ORIENTED_EDGE('',*,*,#17027,.T.);
#17041=ORIENTED_EDGE('',*,*,#16954,.T.);
#17042=ORIENTED_EDGE('',*,*,#13418,.T.);
#17043=EDGE_LOOP('',(#17039,#17040,#17041,#17042));
#17044=FACE_BOUND('',#17043,.T.);
#17045=ADVANCED_FACE('',(#17044),#17038,.T.);
#17046=CARTESIAN_POINT('',(1356.5,-1400.,2.4));
#17047=DIRECTION('',(-1.,0.,0.));
#17048=DIRECTION('',(0.,-1.,0.));
#17049=AXIS2_PLACEMENT_3D('',#17046,#17047,#17048);
#17050=PLANE('',#17049);
#17051=CARTESIAN_POINT('',(1356.5,-1392.376955262,1.4));
#17052=VERTEX_POINT('',#17051);
#17053=CARTESIAN_POINT('',(1356.5,-1390.9627417,0.4));
#17054=VERTEX_POINT('',#17053);
#17055=CARTESIAN_POINT('',(1356.5,-1392.376955262,1.4));
#17056=DIRECTION('',(0.,0.816496581,-0.577350269));
#17057=VECTOR('',#17056,1.732050807);
#17058=LINE('',#17055,#17057);
#17059=EDGE_CURVE('',#17052,#17054,#17058,.T.);
#17060=ORIENTED_EDGE('',*,*,#17059,.T.);
#17061=CARTESIAN_POINT('',(1356.5,-1409.0372583,0.4));
#17062=VERTEX_POINT('',#17061);
#17063=CARTESIAN_POINT('',(1356.5,-1390.9627417,0.4));
#17064=DIRECTION('',(0.,-1.,0.));
#17065=VECTOR('',#17064,18.0745166);
#17066=LINE('',#17063,#17065);
#17067=EDGE_CURVE('',#17054,#17062,#17066,.T.);
#17068=ORIENTED_EDGE('',*,*,#17067,.T.);
#17069=CARTESIAN_POINT('',(1356.5,-1407.623044738,1.4));
#17070=VERTEX_POINT('',#17069);
#17071=CARTESIAN_POINT('',(1356.5,-1409.0372583,0.4));
#17072=DIRECTION('',(0.,0.816496581,0.577350269));
#17073=VECTOR('',#17072,1.732050807);
#17074=LINE('',#17071,#17073);
#17075=EDGE_CURVE('',#17062,#17070,#17074,.T.);
#17076=ORIENTED_EDGE('',*,*,#17075,.T.);
#17077=CARTESIAN_POINT('',(1356.5,-1407.623044738,1.4));
#17078=DIRECTION('',(-0.,1.,-0.));
#17079=VECTOR('',#17078,15.246089476);
#17080=LINE('',#17077,#17079);
#17081=EDGE_CURVE('',#17070,#17052,#17080,.T.);
#17082=ORIENTED_EDGE('',*,*,#17081,.T.);
#17083=EDGE_LOOP('',(#17060,#17068,#17076,#17082));
#17084=FACE_BOUND('',#17083,.T.);
#17085=ADVANCED_FACE('',(#17084),#17050,.T.);
#17086=CARTESIAN_POINT('',(1356.5,-1400.,1.4));
#17087=DIRECTION('',(0.819231921,0.,-0.573462344));
#17088=DIRECTION('',(0.,1.,0.));
#17089=AXIS2_PLACEMENT_3D('',#17086,#17087,#17088);
#17090=PLANE('',#17089);
#17091=CARTESIAN_POINT('',(1357.2,-1406.923044738,2.4));
#17092=VERTEX_POINT('',#17091);
#17093=CARTESIAN_POINT('',(1357.2,-1406.923044738,2.4));
#17094=DIRECTION('',(-0.497468338,-0.497468338,-0.710669055));
#17095=VECTOR('',#17094,1.407124728);
#17096=LINE('',#17093,#17095);
#17097=EDGE_CURVE('',#17092,#17070,#17096,.T.);
#17098=ORIENTED_EDGE('',*,*,#17097,.F.);
#17099=CARTESIAN_POINT('',(1357.2,-1393.076955262,2.4));
#17100=VERTEX_POINT('',#17099);
#17101=CARTESIAN_POINT('',(1357.199999999,-1406.923044738,2.4));
#17102=DIRECTION('',(0.,1.,0.));
#17103=VECTOR('',#17102,13.846089476);
#17104=LINE('',#17101,#17103);
#17105=EDGE_CURVE('',#17092,#17100,#17104,.T.);
#17106=ORIENTED_EDGE('',*,*,#17105,.T.);
#17107=CARTESIAN_POINT('',(1356.5,-1392.376955262,1.4));
#17108=DIRECTION('',(0.497468338,-0.497468338,0.710669055));
#17109=VECTOR('',#17108,1.407124728);
#17110=LINE('',#17107,#17109);
#17111=EDGE_CURVE('',#17052,#17100,#17110,.T.);
#17112=ORIENTED_EDGE('',*,*,#17111,.F.);
#17113=ORIENTED_EDGE('',*,*,#17081,.F.);
#17114=EDGE_LOOP('',(#17098,#17106,#17112,#17113));
#17115=FACE_BOUND('',#17114,.T.);
#17116=ADVANCED_FACE('',(#17115),#17090,.F.);
#17117=CARTESIAN_POINT('',(1357.2,-1400.,6.8));
#17118=DIRECTION('',(-1.,0.,0.));
#17119=DIRECTION('',(0.,-1.,0.));
#17120=AXIS2_PLACEMENT_3D('',#17117,#17118,#17119);
#17121=PLANE('',#17120);
#17122=ORIENTED_EDGE('',*,*,#17105,.F.);
#17123=CARTESIAN_POINT('',(1357.2,-1406.923044738,4.4));
#17124=VERTEX_POINT('',#17123);
#17125=CARTESIAN_POINT('',(1357.2,-1406.923044738,4.4));
#17126=DIRECTION('',(-0.,-0.,-1.));
#17127=VECTOR('',#17126,2.);
#17128=LINE('',#17125,#17127);
#17129=EDGE_CURVE('',#17124,#17092,#17128,.T.);
#17130=ORIENTED_EDGE('',*,*,#17129,.F.);
#17131=CARTESIAN_POINT('',(1357.2,-1393.076955262,4.4));
#17132=VERTEX_POINT('',#17131);
#17133=CARTESIAN_POINT('',(1357.2,-1406.923044738,4.4));
#17134=DIRECTION('',(-0.,1.,-0.));
#17135=VECTOR('',#17134,13.846089476);
#17136=LINE('',#17133,#17135);
#17137=EDGE_CURVE('',#17124,#17132,#17136,.T.);
#17138=ORIENTED_EDGE('',*,*,#17137,.T.);
#17139=CARTESIAN_POINT('',(1357.2,-1393.076955262,4.4));
#17140=DIRECTION('',(-0.,-0.,-1.));
#17141=VECTOR('',#17140,2.);
#17142=LINE('',#17139,#17141);
#17143=EDGE_CURVE('',#17132,#17100,#17142,.T.);
#17144=ORIENTED_EDGE('',*,*,#17143,.T.);
#17145=EDGE_LOOP('',(#17122,#17130,#17138,#17144));
#17146=FACE_BOUND('',#17145,.T.);
#17147=ADVANCED_FACE('',(#17146),#17121,.T.);
#17148=CARTESIAN_POINT('',(1356.85,-1392.726955262,6.8));
#17149=DIRECTION('',(-0.707106781,-0.707106781,0.));
#17150=DIRECTION('',(0.707106781,-0.707106781,0.));
#17151=AXIS2_PLACEMENT_3D('',#17148,#17149,#17150);
#17152=PLANE('',#17151);
#17153=CARTESIAN_POINT('',(1356.5,-1392.376955262,5.4));
#17154=VERTEX_POINT('',#17153);
#17155=CARTESIAN_POINT('',(1357.2,-1393.076955262,4.4));
#17156=DIRECTION('',(-0.497468338,0.497468338,0.710669055));
#17157=VECTOR('',#17156,1.407124728);
#17158=LINE('',#17155,#17157);
#17159=EDGE_CURVE('',#17132,#17154,#17158,.T.);
#17160=ORIENTED_EDGE('',*,*,#17159,.T.);
#17161=CARTESIAN_POINT('',(1351.623044738,-1387.5,5.4));
#17162=VERTEX_POINT('',#17161);
#17163=CARTESIAN_POINT('',(1356.5,-1392.376955262,5.4));
#17164=DIRECTION('',(-0.707106781,0.707106781,-0.));
#17165=VECTOR('',#17164,6.897056275);
#17166=LINE('',#17163,#17165);
#17167=EDGE_CURVE('',#17154,#17162,#17166,.T.);
#17168=ORIENTED_EDGE('',*,*,#17167,.T.);
#17169=CARTESIAN_POINT('',(1350.923044738,-1386.8,4.4));
#17170=VERTEX_POINT('',#17169);
#17171=CARTESIAN_POINT('',(1351.623044738,-1387.5,5.4));
#17172=DIRECTION('',(-0.497468338,0.497468338,-0.710669055));
#17173=VECTOR('',#17172,1.407124728);
#17174=LINE('',#17171,#17173);
#17175=EDGE_CURVE('',#17162,#17170,#17174,.T.);
#17176=ORIENTED_EDGE('',*,*,#17175,.T.);
#17177=CARTESIAN_POINT('',(1350.923044738,-1386.8,2.4));
#17178=VERTEX_POINT('',#17177);
#17179=CARTESIAN_POINT('',(1350.923044738,-1386.8,4.4));
#17180=DIRECTION('',(-0.,-0.,-1.));
#17181=VECTOR('',#17180,2.);
#17182=LINE('',#17179,#17181);
#17183=EDGE_CURVE('',#17170,#17178,#17182,.T.);
#17184=ORIENTED_EDGE('',*,*,#17183,.T.);
#17185=CARTESIAN_POINT('',(1351.623044738,-1387.5,1.4));
#17186=VERTEX_POINT('',#17185);
#17187=CARTESIAN_POINT('',(1350.923044738,-1386.8,2.4));
#17188=DIRECTION('',(0.497468338,-0.497468338,-0.710669055));
#17189=VECTOR('',#17188,1.407124728);
#17190=LINE('',#17187,#17189);
#17191=EDGE_CURVE('',#17178,#17186,#17190,.T.);
#17192=ORIENTED_EDGE('',*,*,#17191,.T.);
#17193=CARTESIAN_POINT('',(1351.623044738,-1387.5,1.4));
#17194=DIRECTION('',(0.707106781,-0.707106781,0.));
#17195=VECTOR('',#17194,6.897056275);
#17196=LINE('',#17193,#17195);
#17197=EDGE_CURVE('',#17186,#17052,#17196,.T.);
#17198=ORIENTED_EDGE('',*,*,#17197,.T.);
#17199=ORIENTED_EDGE('',*,*,#17111,.T.);
#17200=ORIENTED_EDGE('',*,*,#17143,.F.);
#17201=EDGE_LOOP('',(#17160,#17168,#17176,#17184,#17192,#17198,#17199,#17200));
#17202=FACE_BOUND('',#17201,.T.);
#17203=ADVANCED_FACE('',(#17202),#17152,.T.);
#17204=CARTESIAN_POINT('',(1344.,-1412.5,2.4));
#17205=DIRECTION('',(0.,1.,0.));
#17206=DIRECTION('',(-1.,0.,0.));
#17207=AXIS2_PLACEMENT_3D('',#17204,#17205,#17206);
#17208=PLANE('',#17207);
#17209=CARTESIAN_POINT('',(1351.623044738,-1412.5,1.4));
#17210=VERTEX_POINT('',#17209);
#17211=CARTESIAN_POINT('',(1353.0372583,-1412.5,0.4));
#17212=VERTEX_POINT('',#17211);
#17213=CARTESIAN_POINT('',(1351.623044738,-1412.5,1.4));
#17214=DIRECTION('',(0.816496581,0.,-0.577350269));
#17215=VECTOR('',#17214,1.732050807);
#17216=LINE('',#17213,#17215);
#17217=EDGE_CURVE('',#17210,#17212,#17216,.T.);
#17218=ORIENTED_EDGE('',*,*,#17217,.T.);
#17219=CARTESIAN_POINT('',(1334.9627417,-1412.5,0.4));
#17220=VERTEX_POINT('',#17219);
#17221=CARTESIAN_POINT('',(1353.0372583,-1412.5,0.4));
#17222=DIRECTION('',(-1.,0.,0.));
#17223=VECTOR('',#17222,18.0745166);
#17224=LINE('',#17221,#17223);
#17225=EDGE_CURVE('',#17212,#17220,#17224,.T.);
#17226=ORIENTED_EDGE('',*,*,#17225,.T.);
#17227=CARTESIAN_POINT('',(1336.376955262,-1412.5,1.4));
#17228=VERTEX_POINT('',#17227);
#17229=CARTESIAN_POINT('',(1334.9627417,-1412.5,0.4));
#17230=DIRECTION('',(0.816496581,0.,0.577350269));
#17231=VECTOR('',#17230,1.732050807);
#17232=LINE('',#17229,#17231);
#17233=EDGE_CURVE('',#17220,#17228,#17232,.T.);
#17234=ORIENTED_EDGE('',*,*,#17233,.T.);
#17235=CARTESIAN_POINT('',(1336.376955262,-1412.5,1.4));
#17236=DIRECTION('',(1.,-0.,-0.));
#17237=VECTOR('',#17236,15.246089476);
#17238=LINE('',#17235,#17237);
#17239=EDGE_CURVE('',#17228,#17210,#17238,.T.);
#17240=ORIENTED_EDGE('',*,*,#17239,.T.);
#17241=EDGE_LOOP('',(#17218,#17226,#17234,#17240));
#17242=FACE_BOUND('',#17241,.T.);
#17243=ADVANCED_FACE('',(#17242),#17208,.T.);
#17244=CARTESIAN_POINT('',(1344.,-1412.5,1.4));
#17245=DIRECTION('',(0.,-0.819231921,-0.573462344));
#17246=DIRECTION('',(1.,0.,0.));
#17247=AXIS2_PLACEMENT_3D('',#17244,#17245,#17246);
#17248=PLANE('',#17247);
#17249=CARTESIAN_POINT('',(1337.076955262,-1413.2,2.4));
#17250=VERTEX_POINT('',#17249);
#17251=CARTESIAN_POINT('',(1337.076955262,-1413.2,2.4));
#17252=DIRECTION('',(-0.497468338,0.497468338,-0.710669055));
#17253=VECTOR('',#17252,1.407124728);
#17254=LINE('',#17251,#17253);
#17255=EDGE_CURVE('',#17250,#17228,#17254,.T.);
#17256=ORIENTED_EDGE('',*,*,#17255,.F.);
#17257=CARTESIAN_POINT('',(1350.923044738,-1413.2,2.4));
#17258=VERTEX_POINT('',#17257);
#17259=CARTESIAN_POINT('',(1337.076955262,-1413.199999999,2.4));
#17260=DIRECTION('',(1.,0.,-0.));
#17261=VECTOR('',#17260,13.846089476);
#17262=LINE('',#17259,#17261);
#17263=EDGE_CURVE('',#17250,#17258,#17262,.T.);
#17264=ORIENTED_EDGE('',*,*,#17263,.T.);
#17265=CARTESIAN_POINT('',(1351.623044738,-1412.5,1.4));
#17266=DIRECTION('',(-0.497468338,-0.497468338,0.710669055));
#17267=VECTOR('',#17266,1.407124728);
#17268=LINE('',#17265,#17267);
#17269=EDGE_CURVE('',#17210,#17258,#17268,.T.);
#17270=ORIENTED_EDGE('',*,*,#17269,.F.);
#17271=ORIENTED_EDGE('',*,*,#17239,.F.);
#17272=EDGE_LOOP('',(#17256,#17264,#17270,#17271));
#17273=FACE_BOUND('',#17272,.T.);
#17274=ADVANCED_FACE('',(#17273),#17248,.F.);
#17275=CARTESIAN_POINT('',(1344.,-1413.2,6.8));
#17276=DIRECTION('',(0.,1.,0.));
#17277=DIRECTION('',(-1.,0.,0.));
#17278=AXIS2_PLACEMENT_3D('',#17275,#17276,#17277);
#17279=PLANE('',#17278);
#17280=ORIENTED_EDGE('',*,*,#17263,.F.);
#17281=CARTESIAN_POINT('',(1337.076955262,-1413.2,4.4));
#17282=VERTEX_POINT('',#17281);
#17283=CARTESIAN_POINT('',(1337.076955262,-1413.2,4.4));
#17284=DIRECTION('',(-0.,-0.,-1.));
#17285=VECTOR('',#17284,2.);
#17286=LINE('',#17283,#17285);
#17287=EDGE_CURVE('',#17282,#17250,#17286,.T.);
#17288=ORIENTED_EDGE('',*,*,#17287,.F.);
#17289=CARTESIAN_POINT('',(1350.923044738,-1413.2,4.4));
#17290=VERTEX_POINT('',#17289);
#17291=CARTESIAN_POINT('',(1337.076955262,-1413.2,4.4));
#17292=DIRECTION('',(1.,-0.,-0.));
#17293=VECTOR('',#17292,13.846089476);
#17294=LINE('',#17291,#17293);
#17295=EDGE_CURVE('',#17282,#17290,#17294,.T.);
#17296=ORIENTED_EDGE('',*,*,#17295,.T.);
#17297=CARTESIAN_POINT('',(1350.923044738,-1413.2,4.4));
#17298=DIRECTION('',(-0.,-0.,-1.));
#17299=VECTOR('',#17298,2.);
#17300=LINE('',#17297,#17299);
#17301=EDGE_CURVE('',#17290,#17258,#17300,.T.);
#17302=ORIENTED_EDGE('',*,*,#17301,.T.);
#17303=EDGE_LOOP('',(#17280,#17288,#17296,#17302));
#17304=FACE_BOUND('',#17303,.T.);
#17305=ADVANCED_FACE('',(#17304),#17279,.T.);
#17306=CARTESIAN_POINT('',(1351.273044738,-1412.85,6.8));
#17307=DIRECTION('',(-0.707106781,0.707106781,0.));
#17308=DIRECTION('',(-0.707106781,-0.707106781,0.));
#17309=AXIS2_PLACEMENT_3D('',#17306,#17307,#17308);
#17310=PLANE('',#17309);
#17311=CARTESIAN_POINT('',(1351.623044738,-1412.5,5.4));
#17312=VERTEX_POINT('',#17311);
#17313=CARTESIAN_POINT('',(1350.923044738,-1413.2,4.4));
#17314=DIRECTION('',(0.497468338,0.497468338,0.710669055));
#17315=VECTOR('',#17314,1.407124728);
#17316=LINE('',#17313,#17315);
#17317=EDGE_CURVE('',#17290,#17312,#17316,.T.);
#17318=ORIENTED_EDGE('',*,*,#17317,.T.);
#17319=CARTESIAN_POINT('',(1356.5,-1407.623044738,5.4));
#17320=VERTEX_POINT('',#17319);
#17321=CARTESIAN_POINT('',(1351.623044738,-1412.5,5.4));
#17322=DIRECTION('',(0.707106781,0.707106781,-0.));
#17323=VECTOR('',#17322,6.897056275);
#17324=LINE('',#17321,#17323);
#17325=EDGE_CURVE('',#17312,#17320,#17324,.T.);
#17326=ORIENTED_EDGE('',*,*,#17325,.T.);
#17327=CARTESIAN_POINT('',(1356.5,-1407.623044738,5.4));
#17328=DIRECTION('',(0.497468338,0.497468338,-0.710669055));
#17329=VECTOR('',#17328,1.407124728);
#17330=LINE('',#17327,#17329);
#17331=EDGE_CURVE('',#17320,#17124,#17330,.T.);
#17332=ORIENTED_EDGE('',*,*,#17331,.T.);
#17333=ORIENTED_EDGE('',*,*,#17129,.T.);
#17334=ORIENTED_EDGE('',*,*,#17097,.T.);
#17335=CARTESIAN_POINT('',(1356.5,-1407.623044738,1.4));
#17336=DIRECTION('',(-0.707106781,-0.707106781,0.));
#17337=VECTOR('',#17336,6.897056275);
#17338=LINE('',#17335,#17337);
#17339=EDGE_CURVE('',#17070,#17210,#17338,.T.);
#17340=ORIENTED_EDGE('',*,*,#17339,.T.);
#17341=ORIENTED_EDGE('',*,*,#17269,.T.);
#17342=ORIENTED_EDGE('',*,*,#17301,.F.);
#17343=EDGE_LOOP('',(#17318,#17326,#17332,#17333,#17334,#17340,#17341,#17342));
#17344=FACE_BOUND('',#17343,.T.);
#17345=ADVANCED_FACE('',(#17344),#17310,.T.);
#17346=CARTESIAN_POINT('',(1331.5,-1400.,2.4));
#17347=DIRECTION('',(1.,0.,0.));
#17348=DIRECTION('',(0.,1.,0.));
#17349=AXIS2_PLACEMENT_3D('',#17346,#17347,#17348);
#17350=PLANE('',#17349);
#17351=CARTESIAN_POINT('',(1331.5,-1407.623044738,1.4));
#17352=VERTEX_POINT('',#17351);
#17353=CARTESIAN_POINT('',(1331.5,-1409.0372583,0.4));
#17354=VERTEX_POINT('',#17353);
#17355=CARTESIAN_POINT('',(1331.5,-1407.623044738,1.4));
#17356=DIRECTION('',(0.,-0.816496581,-0.577350269));
#17357=VECTOR('',#17356,1.732050807);
#17358=LINE('',#17355,#17357);
#17359=EDGE_CURVE('',#17352,#17354,#17358,.T.);
#17360=ORIENTED_EDGE('',*,*,#17359,.T.);
#17361=CARTESIAN_POINT('',(1331.5,-1390.9627417,0.4));
#17362=VERTEX_POINT('',#17361);
#17363=CARTESIAN_POINT('',(1331.5,-1409.0372583,0.4));
#17364=DIRECTION('',(0.,1.,0.));
#17365=VECTOR('',#17364,18.0745166);
#17366=LINE('',#17363,#17365);
#17367=EDGE_CURVE('',#17354,#17362,#17366,.T.);
#17368=ORIENTED_EDGE('',*,*,#17367,.T.);
#17369=CARTESIAN_POINT('',(1331.5,-1392.376955262,1.4));
#17370=VERTEX_POINT('',#17369);
#17371=CARTESIAN_POINT('',(1331.5,-1390.9627417,0.4));
#17372=DIRECTION('',(0.,-0.816496581,0.577350269));
#17373=VECTOR('',#17372,1.732050807);
#17374=LINE('',#17371,#17373);
#17375=EDGE_CURVE('',#17362,#17370,#17374,.T.);
#17376=ORIENTED_EDGE('',*,*,#17375,.T.);
#17377=CARTESIAN_POINT('',(1331.5,-1392.376955262,1.4));
#17378=DIRECTION('',(-0.,-1.,-0.));
#17379=VECTOR('',#17378,15.246089476);
#17380=LINE('',#17377,#17379);
#17381=EDGE_CURVE('',#17370,#17352,#17380,.T.);
#17382=ORIENTED_EDGE('',*,*,#17381,.T.);
#17383=EDGE_LOOP('',(#17360,#17368,#17376,#17382));
#17384=FACE_BOUND('',#17383,.T.);
#17385=ADVANCED_FACE('',(#17384),#17350,.T.);
#17386=CARTESIAN_POINT('',(1331.5,-1400.,1.4));
#17387=DIRECTION('',(-0.819231921,0.,-0.573462344));
#17388=DIRECTION('',(0.,-1.,0.));
#17389=AXIS2_PLACEMENT_3D('',#17386,#17387,#17388);
#17390=PLANE('',#17389);
#17391=CARTESIAN_POINT('',(1330.8,-1393.076955262,2.4));
#17392=VERTEX_POINT('',#17391);
#17393=CARTESIAN_POINT('',(1330.8,-1393.076955262,2.4));
#17394=DIRECTION('',(0.497468338,0.497468338,-0.710669055));
#17395=VECTOR('',#17394,1.407124728);
#17396=LINE('',#17393,#17395);
#17397=EDGE_CURVE('',#17392,#17370,#17396,.T.);
#17398=ORIENTED_EDGE('',*,*,#17397,.F.);
#17399=CARTESIAN_POINT('',(1330.8,-1406.923044738,2.4));
#17400=VERTEX_POINT('',#17399);
#17401=CARTESIAN_POINT('',(1330.800000001,-1393.076955262,2.4));
#17402=DIRECTION('',(0.,-1.,0.));
#17403=VECTOR('',#17402,13.846089476);
#17404=LINE('',#17401,#17403);
#17405=EDGE_CURVE('',#17392,#17400,#17404,.T.);
#17406=ORIENTED_EDGE('',*,*,#17405,.T.);
#17407=CARTESIAN_POINT('',(1331.5,-1407.623044738,1.4));
#17408=DIRECTION('',(-0.497468338,0.497468338,0.710669055));
#17409=VECTOR('',#17408,1.407124728);
#17410=LINE('',#17407,#17409);
#17411=EDGE_CURVE('',#17352,#17400,#17410,.T.);
#17412=ORIENTED_EDGE('',*,*,#17411,.F.);
#17413=ORIENTED_EDGE('',*,*,#17381,.F.);
#17414=EDGE_LOOP('',(#17398,#17406,#17412,#17413));
#17415=FACE_BOUND('',#17414,.T.);
#17416=ADVANCED_FACE('',(#17415),#17390,.F.);
#17417=CARTESIAN_POINT('',(1330.8,-1400.,6.8));
#17418=DIRECTION('',(1.,0.,0.));
#17419=DIRECTION('',(0.,1.,0.));
#17420=AXIS2_PLACEMENT_3D('',#17417,#17418,#17419);
#17421=PLANE('',#17420);
#17422=ORIENTED_EDGE('',*,*,#17405,.F.);
#17423=CARTESIAN_POINT('',(1330.8,-1393.076955262,4.4));
#17424=VERTEX_POINT('',#17423);
#17425=CARTESIAN_POINT('',(1330.8,-1393.076955262,4.4));
#17426=DIRECTION('',(-0.,-0.,-1.));
#17427=VECTOR('',#17426,2.);
#17428=LINE('',#17425,#17427);
#17429=EDGE_CURVE('',#17424,#17392,#17428,.T.);
#17430=ORIENTED_EDGE('',*,*,#17429,.F.);
#17431=CARTESIAN_POINT('',(1330.8,-1406.923044738,4.4));
#17432=VERTEX_POINT('',#17431);
#17433=CARTESIAN_POINT('',(1330.8,-1393.076955262,4.4));
#17434=DIRECTION('',(-0.,-1.,-0.));
#17435=VECTOR('',#17434,13.846089476);
#17436=LINE('',#17433,#17435);
#17437=EDGE_CURVE('',#17424,#17432,#17436,.T.);
#17438=ORIENTED_EDGE('',*,*,#17437,.T.);
#17439=CARTESIAN_POINT('',(1330.8,-1406.923044738,4.4));
#17440=DIRECTION('',(-0.,-0.,-1.));
#17441=VECTOR('',#17440,2.);
#17442=LINE('',#17439,#17441);
#17443=EDGE_CURVE('',#17432,#17400,#17442,.T.);
#17444=ORIENTED_EDGE('',*,*,#17443,.T.);
#17445=EDGE_LOOP('',(#17422,#17430,#17438,#17444));
#17446=FACE_BOUND('',#17445,.T.);
#17447=ADVANCED_FACE('',(#17446),#17421,.T.);
#17448=CARTESIAN_POINT('',(1331.15,-1407.273044738,6.8));
#17449=DIRECTION('',(0.707106781,0.707106781,0.));
#17450=DIRECTION('',(-0.707106781,0.707106781,0.));
#17451=AXIS2_PLACEMENT_3D('',#17448,#17449,#17450);
#17452=PLANE('',#17451);
#17453=ORIENTED_EDGE('',*,*,#17255,.T.);
#17454=CARTESIAN_POINT('',(1336.376955262,-1412.5,1.4));
#17455=DIRECTION('',(-0.707106781,0.707106781,0.));
#17456=VECTOR('',#17455,6.897056275);
#17457=LINE('',#17454,#17456);
#17458=EDGE_CURVE('',#17228,#17352,#17457,.T.);
#17459=ORIENTED_EDGE('',*,*,#17458,.T.);
#17460=ORIENTED_EDGE('',*,*,#17411,.T.);
#17461=ORIENTED_EDGE('',*,*,#17443,.F.);
#17462=CARTESIAN_POINT('',(1331.5,-1407.623044738,5.4));
#17463=VERTEX_POINT('',#17462);
#17464=CARTESIAN_POINT('',(1330.8,-1406.923044738,4.4));
#17465=DIRECTION('',(0.497468338,-0.497468338,0.710669055));
#17466=VECTOR('',#17465,1.407124728);
#17467=LINE('',#17464,#17466);
#17468=EDGE_CURVE('',#17432,#17463,#17467,.T.);
#17469=ORIENTED_EDGE('',*,*,#17468,.T.);
#17470=CARTESIAN_POINT('',(1336.376955262,-1412.5,5.4));
#17471=VERTEX_POINT('',#17470);
#17472=CARTESIAN_POINT('',(1331.5,-1407.623044738,5.4));
#17473=DIRECTION('',(0.707106781,-0.707106781,-0.));
#17474=VECTOR('',#17473,6.897056275);
#17475=LINE('',#17472,#17474);
#17476=EDGE_CURVE('',#17463,#17471,#17475,.T.);
#17477=ORIENTED_EDGE('',*,*,#17476,.T.);
#17478=CARTESIAN_POINT('',(1336.376955262,-1412.5,5.4));
#17479=DIRECTION('',(0.497468338,-0.497468338,-0.710669055));
#17480=VECTOR('',#17479,1.407124728);
#17481=LINE('',#17478,#17480);
#17482=EDGE_CURVE('',#17471,#17282,#17481,.T.);
#17483=ORIENTED_EDGE('',*,*,#17482,.T.);
#17484=ORIENTED_EDGE('',*,*,#17287,.T.);
#17485=EDGE_LOOP('',(#17453,#17459,#17460,#17461,#17469,#17477,#17483,#17484));
#17486=FACE_BOUND('',#17485,.T.);
#17487=ADVANCED_FACE('',(#17486),#17452,.T.);
#17488=CARTESIAN_POINT('',(1344.,-1387.5,2.4));
#17489=DIRECTION('',(0.,-1.,0.));
#17490=DIRECTION('',(1.,0.,0.));
#17491=AXIS2_PLACEMENT_3D('',#17488,#17489,#17490);
#17492=PLANE('',#17491);
#17493=CARTESIAN_POINT('',(1336.376955262,-1387.5,1.4));
#17494=VERTEX_POINT('',#17493);
#17495=CARTESIAN_POINT('',(1334.9627417,-1387.5,0.4));
#17496=VERTEX_POINT('',#17495);
#17497=CARTESIAN_POINT('',(1336.376955262,-1387.5,1.4));
#17498=DIRECTION('',(-0.816496581,0.,-0.577350269));
#17499=VECTOR('',#17498,1.732050807);
#17500=LINE('',#17497,#17499);
#17501=EDGE_CURVE('',#17494,#17496,#17500,.T.);
#17502=ORIENTED_EDGE('',*,*,#17501,.T.);
#17503=CARTESIAN_POINT('',(1353.0372583,-1387.5,0.4));
#17504=VERTEX_POINT('',#17503);
#17505=CARTESIAN_POINT('',(1334.9627417,-1387.5,0.4));
#17506=DIRECTION('',(1.,0.,-0.));
#17507=VECTOR('',#17506,18.0745166);
#17508=LINE('',#17505,#17507);
#17509=EDGE_CURVE('',#17496,#17504,#17508,.T.);
#17510=ORIENTED_EDGE('',*,*,#17509,.T.);
#17511=CARTESIAN_POINT('',(1353.0372583,-1387.5,0.4));
#17512=DIRECTION('',(-0.816496581,0.,0.577350269));
#17513=VECTOR('',#17512,1.732050807);
#17514=LINE('',#17511,#17513);
#17515=EDGE_CURVE('',#17504,#17186,#17514,.T.);
#17516=ORIENTED_EDGE('',*,*,#17515,.T.);
#17517=CARTESIAN_POINT('',(1351.623044738,-1387.5,1.4));
#17518=DIRECTION('',(-1.,-0.,0.));
#17519=VECTOR('',#17518,15.246089476);
#17520=LINE('',#17517,#17519);
#17521=EDGE_CURVE('',#17186,#17494,#17520,.T.);
#17522=ORIENTED_EDGE('',*,*,#17521,.T.);
#17523=EDGE_LOOP('',(#17502,#17510,#17516,#17522));
#17524=FACE_BOUND('',#17523,.T.);
#17525=ADVANCED_FACE('',(#17524),#17492,.T.);
#17526=CARTESIAN_POINT('',(1344.,-1387.5,1.4));
#17527=DIRECTION('',(0.,0.819231921,-0.573462344));
#17528=DIRECTION('',(-1.,0.,0.));
#17529=AXIS2_PLACEMENT_3D('',#17526,#17527,#17528);
#17530=PLANE('',#17529);
#17531=ORIENTED_EDGE('',*,*,#17191,.F.);
#17532=CARTESIAN_POINT('',(1337.076955262,-1386.8,2.4));
#17533=VERTEX_POINT('',#17532);
#17534=CARTESIAN_POINT('',(1350.923044738,-1386.800000001,2.4));
#17535=DIRECTION('',(-1.,0.,0.));
#17536=VECTOR('',#17535,13.846089476);
#17537=LINE('',#17534,#17536);
#17538=EDGE_CURVE('',#17178,#17533,#17537,.T.);
#17539=ORIENTED_EDGE('',*,*,#17538,.T.);
#17540=CARTESIAN_POINT('',(1336.376955262,-1387.5,1.4));
#17541=DIRECTION('',(0.497468338,0.497468338,0.710669055));
#17542=VECTOR('',#17541,1.407124728);
#17543=LINE('',#17540,#17542);
#17544=EDGE_CURVE('',#17494,#17533,#17543,.T.);
#17545=ORIENTED_EDGE('',*,*,#17544,.F.);
#17546=ORIENTED_EDGE('',*,*,#17521,.F.);
#17547=EDGE_LOOP('',(#17531,#17539,#17545,#17546));
#17548=FACE_BOUND('',#17547,.T.);
#17549=ADVANCED_FACE('',(#17548),#17530,.F.);
#17550=CARTESIAN_POINT('',(1344.,-1386.8,6.8));
#17551=DIRECTION('',(0.,-1.,0.));
#17552=DIRECTION('',(1.,0.,0.));
#17553=AXIS2_PLACEMENT_3D('',#17550,#17551,#17552);
#17554=PLANE('',#17553);
#17555=ORIENTED_EDGE('',*,*,#17538,.F.);
#17556=ORIENTED_EDGE('',*,*,#17183,.F.);
#17557=CARTESIAN_POINT('',(1337.076955262,-1386.8,4.4));
#17558=VERTEX_POINT('',#17557);
#17559=CARTESIAN_POINT('',(1350.923044738,-1386.8,4.4));
#17560=DIRECTION('',(-1.,-0.,0.));
#17561=VECTOR('',#17560,13.846089476);
#17562=LINE('',#17559,#17561);
#17563=EDGE_CURVE('',#17170,#17558,#17562,.T.);
#17564=ORIENTED_EDGE('',*,*,#17563,.T.);
#17565=CARTESIAN_POINT('',(1337.076955262,-1386.8,4.4));
#17566=DIRECTION('',(-0.,-0.,-1.));
#17567=VECTOR('',#17566,2.);
#17568=LINE('',#17565,#17567);
#17569=EDGE_CURVE('',#17558,#17533,#17568,.T.);
#17570=ORIENTED_EDGE('',*,*,#17569,.T.);
#17571=EDGE_LOOP('',(#17555,#17556,#17564,#17570));
#17572=FACE_BOUND('',#17571,.T.);
#17573=ADVANCED_FACE('',(#17572),#17554,.T.);
#17574=CARTESIAN_POINT('',(1336.726955262,-1387.15,6.8));
#17575=DIRECTION('',(0.707106781,-0.707106781,0.));
#17576=DIRECTION('',(0.707106781,0.707106781,0.));
#17577=AXIS2_PLACEMENT_3D('',#17574,#17575,#17576);
#17578=PLANE('',#17577);
#17579=ORIENTED_EDGE('',*,*,#17397,.T.);
#17580=CARTESIAN_POINT('',(1331.5,-1392.376955262,1.4));
#17581=DIRECTION('',(0.707106781,0.707106781,0.));
#17582=VECTOR('',#17581,6.897056275);
#17583=LINE('',#17580,#17582);
#17584=EDGE_CURVE('',#17370,#17494,#17583,.T.);
#17585=ORIENTED_EDGE('',*,*,#17584,.T.);
#17586=ORIENTED_EDGE('',*,*,#17544,.T.);
#17587=ORIENTED_EDGE('',*,*,#17569,.F.);
#17588=CARTESIAN_POINT('',(1336.376955262,-1387.5,5.4));
#17589=VERTEX_POINT('',#17588);
#17590=CARTESIAN_POINT('',(1337.076955262,-1386.8,4.4));
#17591=DIRECTION('',(-0.497468338,-0.497468338,0.710669055));
#17592=VECTOR('',#17591,1.407124728);
#17593=LINE('',#17590,#17592);
#17594=EDGE_CURVE('',#17558,#17589,#17593,.T.);
#17595=ORIENTED_EDGE('',*,*,#17594,.T.);
#17596=CARTESIAN_POINT('',(1331.5,-1392.376955262,5.4));
#17597=VERTEX_POINT('',#17596);
#17598=CARTESIAN_POINT('',(1336.376955262,-1387.5,5.4));
#17599=DIRECTION('',(-0.707106781,-0.707106781,-0.));
#17600=VECTOR('',#17599,6.897056275);
#17601=LINE('',#17598,#17600);
#17602=EDGE_CURVE('',#17589,#17597,#17601,.T.);
#17603=ORIENTED_EDGE('',*,*,#17602,.T.);
#17604=CARTESIAN_POINT('',(1331.5,-1392.376955262,5.4));
#17605=DIRECTION('',(-0.497468338,-0.497468338,-0.710669055));
#17606=VECTOR('',#17605,1.407124728);
#17607=LINE('',#17604,#17606);
#17608=EDGE_CURVE('',#17597,#17424,#17607,.T.);
#17609=ORIENTED_EDGE('',*,*,#17608,.T.);
#17610=ORIENTED_EDGE('',*,*,#17429,.T.);
#17611=EDGE_LOOP('',(#17579,#17585,#17586,#17587,#17595,#17603,#17609,#17610));
#17612=FACE_BOUND('',#17611,.T.);
#17613=ADVANCED_FACE('',(#17612),#17578,.T.);
#17614=CARTESIAN_POINT('',(1356.5,-1400.,4.4));
#17615=DIRECTION('',(-1.,0.,0.));
#17616=DIRECTION('',(0.,-1.,0.));
#17617=AXIS2_PLACEMENT_3D('',#17614,#17615,#17616);
#17618=PLANE('',#17617);
#17619=CARTESIAN_POINT('',(1356.5,-1409.0372583,6.4));
#17620=VERTEX_POINT('',#17619);
#17621=CARTESIAN_POINT('',(1356.5,-1407.623044738,5.4));
#17622=DIRECTION('',(0.,-0.816496581,0.577350269));
#17623=VECTOR('',#17622,1.732050807);
#17624=LINE('',#17621,#17623);
#17625=EDGE_CURVE('',#17320,#17620,#17624,.T.);
#17626=ORIENTED_EDGE('',*,*,#17625,.T.);
#17627=CARTESIAN_POINT('',(1356.5,-1390.9627417,6.4));
#17628=VERTEX_POINT('',#17627);
#17629=CARTESIAN_POINT('',(1356.5,-1409.0372583,6.4));
#17630=DIRECTION('',(-0.,1.,-0.));
#17631=VECTOR('',#17630,18.0745166);
#17632=LINE('',#17629,#17631);
#17633=EDGE_CURVE('',#17620,#17628,#17632,.T.);
#17634=ORIENTED_EDGE('',*,*,#17633,.T.);
#17635=CARTESIAN_POINT('',(1356.5,-1390.9627417,6.4));
#17636=DIRECTION('',(0.,-0.816496581,-0.577350269));
#17637=VECTOR('',#17636,1.732050807);
#17638=LINE('',#17635,#17637);
#17639=EDGE_CURVE('',#17628,#17154,#17638,.T.);
#17640=ORIENTED_EDGE('',*,*,#17639,.T.);
#17641=CARTESIAN_POINT('',(1356.5,-1392.376955262,5.4));
#17642=DIRECTION('',(0.,-1.,0.));
#17643=VECTOR('',#17642,15.246089476);
#17644=LINE('',#17641,#17643);
#17645=EDGE_CURVE('',#17154,#17320,#17644,.T.);
#17646=ORIENTED_EDGE('',*,*,#17645,.T.);
#17647=EDGE_LOOP('',(#17626,#17634,#17640,#17646));
#17648=FACE_BOUND('',#17647,.T.);
#17649=ADVANCED_FACE('',(#17648),#17618,.T.);
#17650=CARTESIAN_POINT('',(1356.5,-1400.,5.4));
#17651=DIRECTION('',(-0.819231921,0.,-0.573462344));
#17652=DIRECTION('',(0.,1.,0.));
#17653=AXIS2_PLACEMENT_3D('',#17650,#17651,#17652);
#17654=PLANE('',#17653);
#17655=ORIENTED_EDGE('',*,*,#17159,.F.);
#17656=ORIENTED_EDGE('',*,*,#17137,.F.);
#17657=ORIENTED_EDGE('',*,*,#17331,.F.);
#17658=ORIENTED_EDGE('',*,*,#17645,.F.);
#17659=EDGE_LOOP('',(#17655,#17656,#17657,#17658));
#17660=FACE_BOUND('',#17659,.T.);
#17661=ADVANCED_FACE('',(#17660),#17654,.T.);
#17662=CARTESIAN_POINT('',(1344.,-1412.5,4.4));
#17663=DIRECTION('',(0.,1.,0.));
#17664=DIRECTION('',(-1.,0.,0.));
#17665=AXIS2_PLACEMENT_3D('',#17662,#17663,#17664);
#17666=PLANE('',#17665);
#17667=CARTESIAN_POINT('',(1334.9627417,-1412.5,6.4));
#17668=VERTEX_POINT('',#17667);
#17669=CARTESIAN_POINT('',(1336.376955262,-1412.5,5.4));
#17670=DIRECTION('',(-0.816496581,0.,0.577350269));
#17671=VECTOR('',#17670,1.732050807);
#17672=LINE('',#17669,#17671);
#17673=EDGE_CURVE('',#17471,#17668,#17672,.T.);
#17674=ORIENTED_EDGE('',*,*,#17673,.T.);
#17675=CARTESIAN_POINT('',(1353.0372583,-1412.5,6.4));
#17676=VERTEX_POINT('',#17675);
#17677=CARTESIAN_POINT('',(1334.9627417,-1412.5,6.4));
#17678=DIRECTION('',(1.,-0.,-0.));
#17679=VECTOR('',#17678,18.0745166);
#17680=LINE('',#17677,#17679);
#17681=EDGE_CURVE('',#17668,#17676,#17680,.T.);
#17682=ORIENTED_EDGE('',*,*,#17681,.T.);
#17683=CARTESIAN_POINT('',(1353.0372583,-1412.5,6.4));
#17684=DIRECTION('',(-0.816496581,0.,-0.577350269));
#17685=VECTOR('',#17684,1.732050807);
#17686=LINE('',#17683,#17685);
#17687=EDGE_CURVE('',#17676,#17312,#17686,.T.);
#17688=ORIENTED_EDGE('',*,*,#17687,.T.);
#17689=CARTESIAN_POINT('',(1351.623044738,-1412.5,5.4));
#17690=DIRECTION('',(-1.,0.,0.));
#17691=VECTOR('',#17690,15.246089476);
#17692=LINE('',#17689,#17691);
#17693=EDGE_CURVE('',#17312,#17471,#17692,.T.);
#17694=ORIENTED_EDGE('',*,*,#17693,.T.);
#17695=EDGE_LOOP('',(#17674,#17682,#17688,#17694));
#17696=FACE_BOUND('',#17695,.T.);
#17697=ADVANCED_FACE('',(#17696),#17666,.T.);
#17698=CARTESIAN_POINT('',(1344.,-1412.5,5.4));
#17699=DIRECTION('',(0.,0.819231921,-0.573462344));
#17700=DIRECTION('',(1.,0.,0.));
#17701=AXIS2_PLACEMENT_3D('',#17698,#17699,#17700);
#17702=PLANE('',#17701);
#17703=ORIENTED_EDGE('',*,*,#17317,.F.);
#17704=ORIENTED_EDGE('',*,*,#17295,.F.);
#17705=ORIENTED_EDGE('',*,*,#17482,.F.);
#17706=ORIENTED_EDGE('',*,*,#17693,.F.);
#17707=EDGE_LOOP('',(#17703,#17704,#17705,#17706));
#17708=FACE_BOUND('',#17707,.T.);
#17709=ADVANCED_FACE('',(#17708),#17702,.T.);
#17710=CARTESIAN_POINT('',(1331.5,-1400.,4.4));
#17711=DIRECTION('',(1.,0.,0.));
#17712=DIRECTION('',(0.,1.,0.));
#17713=AXIS2_PLACEMENT_3D('',#17710,#17711,#17712);
#17714=PLANE('',#17713);
#17715=CARTESIAN_POINT('',(1331.5,-1390.9627417,6.4));
#17716=VERTEX_POINT('',#17715);
#17717=CARTESIAN_POINT('',(1331.5,-1392.376955262,5.4));
#17718=DIRECTION('',(0.,0.816496581,0.577350269));
#17719=VECTOR('',#17718,1.732050807);
#17720=LINE('',#17717,#17719);
#17721=EDGE_CURVE('',#17597,#17716,#17720,.T.);
#17722=ORIENTED_EDGE('',*,*,#17721,.T.);
#17723=CARTESIAN_POINT('',(1331.5,-1409.0372583,6.4));
#17724=VERTEX_POINT('',#17723);
#17725=CARTESIAN_POINT('',(1331.5,-1390.9627417,6.4));
#17726=DIRECTION('',(-0.,-1.,-0.));
#17727=VECTOR('',#17726,18.0745166);
#17728=LINE('',#17725,#17727);
#17729=EDGE_CURVE('',#17716,#17724,#17728,.T.);
#17730=ORIENTED_EDGE('',*,*,#17729,.T.);
#17731=CARTESIAN_POINT('',(1331.5,-1409.0372583,6.4));
#17732=DIRECTION('',(0.,0.816496581,-0.577350269));
#17733=VECTOR('',#17732,1.732050807);
#17734=LINE('',#17731,#17733);
#17735=EDGE_CURVE('',#17724,#17463,#17734,.T.);
#17736=ORIENTED_EDGE('',*,*,#17735,.T.);
#17737=CARTESIAN_POINT('',(1331.5,-1407.623044738,5.4));
#17738=DIRECTION('',(0.,1.,0.));
#17739=VECTOR('',#17738,15.246089476);
#17740=LINE('',#17737,#17739);
#17741=EDGE_CURVE('',#17463,#17597,#17740,.T.);
#17742=ORIENTED_EDGE('',*,*,#17741,.T.);
#17743=EDGE_LOOP('',(#17722,#17730,#17736,#17742));
#17744=FACE_BOUND('',#17743,.T.);
#17745=ADVANCED_FACE('',(#17744),#17714,.T.);
#17746=CARTESIAN_POINT('',(1331.5,-1400.,5.4));
#17747=DIRECTION('',(0.819231921,0.,-0.573462344));
#17748=DIRECTION('',(0.,-1.,0.));
#17749=AXIS2_PLACEMENT_3D('',#17746,#17747,#17748);
#17750=PLANE('',#17749);
#17751=ORIENTED_EDGE('',*,*,#17468,.F.);
#17752=ORIENTED_EDGE('',*,*,#17437,.F.);
#17753=ORIENTED_EDGE('',*,*,#17608,.F.);
#17754=ORIENTED_EDGE('',*,*,#17741,.F.);
#17755=EDGE_LOOP('',(#17751,#17752,#17753,#17754));
#17756=FACE_BOUND('',#17755,.T.);
#17757=ADVANCED_FACE('',(#17756),#17750,.T.);
#17758=CARTESIAN_POINT('',(1344.,-1387.5,4.4));
#17759=DIRECTION('',(0.,-1.,0.));
#17760=DIRECTION('',(1.,0.,0.));
#17761=AXIS2_PLACEMENT_3D('',#17758,#17759,#17760);
#17762=PLANE('',#17761);
#17763=CARTESIAN_POINT('',(1353.0372583,-1387.5,6.4));
#17764=VERTEX_POINT('',#17763);
#17765=CARTESIAN_POINT('',(1351.623044738,-1387.5,5.4));
#17766=DIRECTION('',(0.816496581,0.,0.577350269));
#17767=VECTOR('',#17766,1.732050807);
#17768=LINE('',#17765,#17767);
#17769=EDGE_CURVE('',#17162,#17764,#17768,.T.);
#17770=ORIENTED_EDGE('',*,*,#17769,.T.);
#17771=CARTESIAN_POINT('',(1334.9627417,-1387.5,6.4));
#17772=VERTEX_POINT('',#17771);
#17773=CARTESIAN_POINT('',(1353.0372583,-1387.5,6.4));
#17774=DIRECTION('',(-1.,-0.,0.));
#17775=VECTOR('',#17774,18.0745166);
#17776=LINE('',#17773,#17775);
#17777=EDGE_CURVE('',#17764,#17772,#17776,.T.);
#17778=ORIENTED_EDGE('',*,*,#17777,.T.);
#17779=CARTESIAN_POINT('',(1334.9627417,-1387.5,6.4));
#17780=DIRECTION('',(0.816496581,0.,-0.577350269));
#17781=VECTOR('',#17780,1.732050807);
#17782=LINE('',#17779,#17781);
#17783=EDGE_CURVE('',#17772,#17589,#17782,.T.);
#17784=ORIENTED_EDGE('',*,*,#17783,.T.);
#17785=CARTESIAN_POINT('',(1336.376955262,-1387.5,5.4));
#17786=DIRECTION('',(1.,0.,-0.));
#17787=VECTOR('',#17786,15.246089476);
#17788=LINE('',#17785,#17787);
#17789=EDGE_CURVE('',#17589,#17162,#17788,.T.);
#17790=ORIENTED_EDGE('',*,*,#17789,.T.);
#17791=EDGE_LOOP('',(#17770,#17778,#17784,#17790));
#17792=FACE_BOUND('',#17791,.T.);
#17793=ADVANCED_FACE('',(#17792),#17762,.T.);
#17794=CARTESIAN_POINT('',(1344.,-1387.5,5.4));
#17795=DIRECTION('',(0.,-0.819231921,-0.573462344));
#17796=DIRECTION('',(-1.,0.,0.));
#17797=AXIS2_PLACEMENT_3D('',#17794,#17795,#17796);
#17798=PLANE('',#17797);
#17799=ORIENTED_EDGE('',*,*,#17594,.F.);
#17800=ORIENTED_EDGE('',*,*,#17563,.F.);
#17801=ORIENTED_EDGE('',*,*,#17175,.F.);
#17802=ORIENTED_EDGE('',*,*,#17789,.F.);
#17803=EDGE_LOOP('',(#17799,#17800,#17801,#17802));
#17804=FACE_BOUND('',#17803,.T.);
#17805=ADVANCED_FACE('',(#17804),#17798,.T.);
#17806=CARTESIAN_POINT('',(1332.948528137,-1388.948528137,0.));
#17807=DIRECTION('',(0.5,-0.5,-0.707106781));
#17808=DIRECTION('',(0.707106781,0.707106781,0.));
#17809=AXIS2_PLACEMENT_3D('',#17806,#17807,#17808);
#17810=PLANE('',#17809);
#17811=ORIENTED_EDGE('',*,*,#17501,.F.);
#17812=ORIENTED_EDGE('',*,*,#17584,.F.);
#17813=ORIENTED_EDGE('',*,*,#17375,.F.);
#17814=CARTESIAN_POINT('',(1331.5,-1390.9627417,0.4));
#17815=DIRECTION('',(-0.678598344,0.281084638,-0.678598345));
#17816=VECTOR('',#17815,0.589450303);
#17817=LINE('',#17814,#17816);
#17818=EDGE_CURVE('',#17362,#875,#17817,.T.);
#17819=ORIENTED_EDGE('',*,*,#17818,.T.);
#17820=ORIENTED_EDGE('',*,*,#880,.F.);
#17821=CARTESIAN_POINT('',(1334.797056275,-1387.1,0.));
#17822=DIRECTION('',(0.281084638,-0.678598344,0.678598345));
#17823=VECTOR('',#17822,0.589450303);
#17824=LINE('',#17821,#17823);
#17825=EDGE_CURVE('',#867,#17496,#17824,.T.);
#17826=ORIENTED_EDGE('',*,*,#17825,.T.);
#17827=EDGE_LOOP('',(#17811,#17812,#17813,#17819,#17820,#17826));
#17828=FACE_BOUND('',#17827,.T.);
#17829=ADVANCED_FACE('',(#17828),#17810,.T.);
#17830=CARTESIAN_POINT('',(1336.726955262,-1387.15,5.4));
#17831=DIRECTION('',(-0.5,0.5,-0.707106781));
#17832=DIRECTION('',(-0.707106781,-0.707106781,0.));
#17833=AXIS2_PLACEMENT_3D('',#17830,#17831,#17832);
#17834=PLANE('',#17833);
#17835=ORIENTED_EDGE('',*,*,#17783,.F.);
#17836=CARTESIAN_POINT('',(1334.9627417,-1387.5,6.4));
#17837=DIRECTION('',(-0.281084638,0.678598344,0.678598345));
#17838=VECTOR('',#17837,0.589450303);
#17839=LINE('',#17836,#17838);
#17840=EDGE_CURVE('',#17772,#2481,#17839,.T.);
#17841=ORIENTED_EDGE('',*,*,#17840,.T.);
#17842=ORIENTED_EDGE('',*,*,#2486,.F.);
#17843=CARTESIAN_POINT('',(1331.1,-1390.797056275,6.8));
#17844=DIRECTION('',(0.678598344,-0.281084638,-0.678598345));
#17845=VECTOR('',#17844,0.589450303);
#17846=LINE('',#17843,#17845);
#17847=EDGE_CURVE('',#2473,#17716,#17846,.T.);
#17848=ORIENTED_EDGE('',*,*,#17847,.T.);
#17849=ORIENTED_EDGE('',*,*,#17721,.F.);
#17850=ORIENTED_EDGE('',*,*,#17602,.F.);
#17851=EDGE_LOOP('',(#17835,#17841,#17842,#17848,#17849,#17850));
#17852=FACE_BOUND('',#17851,.T.);
#17853=ADVANCED_FACE('',(#17852),#17834,.F.);
#17854=CARTESIAN_POINT('',(1351.273044738,-1412.85,5.4));
#17855=DIRECTION('',(0.5,-0.5,-0.707106781));
#17856=DIRECTION('',(0.707106781,0.707106781,0.));
#17857=AXIS2_PLACEMENT_3D('',#17854,#17855,#17856);
#17858=PLANE('',#17857);
#17859=ORIENTED_EDGE('',*,*,#17687,.F.);
#17860=CARTESIAN_POINT('',(1353.0372583,-1412.5,6.4));
#17861=DIRECTION('',(0.281084638,-0.678598344,0.678598345));
#17862=VECTOR('',#17861,0.589450303);
#17863=LINE('',#17860,#17862);
#17864=EDGE_CURVE('',#17676,#2513,#17863,.T.);
#17865=ORIENTED_EDGE('',*,*,#17864,.T.);
#17866=ORIENTED_EDGE('',*,*,#2518,.F.);
#17867=CARTESIAN_POINT('',(1356.9,-1409.202943725,6.8));
#17868=DIRECTION('',(-0.678598344,0.281084638,-0.678598345));
#17869=VECTOR('',#17868,0.589450303);
#17870=LINE('',#17867,#17869);
#17871=EDGE_CURVE('',#2505,#17620,#17870,.T.);
#17872=ORIENTED_EDGE('',*,*,#17871,.T.);
#17873=ORIENTED_EDGE('',*,*,#17625,.F.);
#17874=ORIENTED_EDGE('',*,*,#17325,.F.);
#17875=EDGE_LOOP('',(#17859,#17865,#17866,#17872,#17873,#17874));
#17876=FACE_BOUND('',#17875,.T.);
#17877=ADVANCED_FACE('',(#17876),#17858,.F.);
#17878=CARTESIAN_POINT('',(1332.948528137,-1411.051471863,0.));
#17879=DIRECTION('',(0.5,0.5,-0.707106781));
#17880=DIRECTION('',(-0.707106781,0.707106781,0.));
#17881=AXIS2_PLACEMENT_3D('',#17878,#17879,#17880);
#17882=PLANE('',#17881);
#17883=ORIENTED_EDGE('',*,*,#17359,.F.);
#17884=ORIENTED_EDGE('',*,*,#17458,.F.);
#17885=ORIENTED_EDGE('',*,*,#17233,.F.);
#17886=CARTESIAN_POINT('',(1334.9627417,-1412.5,0.4));
#17887=DIRECTION('',(-0.281084638,-0.678598344,-0.678598345));
#17888=VECTOR('',#17887,0.589450303);
#17889=LINE('',#17886,#17888);
#17890=EDGE_CURVE('',#17220,#891,#17889,.T.);
#17891=ORIENTED_EDGE('',*,*,#17890,.T.);
#17892=ORIENTED_EDGE('',*,*,#896,.F.);
#17893=CARTESIAN_POINT('',(1331.1,-1409.202943725,0.));
#17894=DIRECTION('',(0.678598344,0.281084638,0.678598345));
#17895=VECTOR('',#17894,0.589450303);
#17896=LINE('',#17893,#17895);
#17897=EDGE_CURVE('',#883,#17354,#17896,.T.);
#17898=ORIENTED_EDGE('',*,*,#17897,.T.);
#17899=EDGE_LOOP('',(#17883,#17884,#17885,#17891,#17892,#17898));
#17900=FACE_BOUND('',#17899,.T.);
#17901=ADVANCED_FACE('',(#17900),#17882,.T.);
#17902=CARTESIAN_POINT('',(1356.85,-1392.726955262,5.4));
#17903=DIRECTION('',(0.5,0.5,-0.707106781));
#17904=DIRECTION('',(-0.707106781,0.707106781,0.));
#17905=AXIS2_PLACEMENT_3D('',#17902,#17903,#17904);
#17906=PLANE('',#17905);
#17907=ORIENTED_EDGE('',*,*,#17639,.F.);
#17908=CARTESIAN_POINT('',(1356.5,-1390.9627417,6.4));
#17909=DIRECTION('',(0.678598344,0.281084638,0.678598345));
#17910=VECTOR('',#17909,0.589450303);
#17911=LINE('',#17908,#17910);
#17912=EDGE_CURVE('',#17628,#2497,#17911,.T.);
#17913=ORIENTED_EDGE('',*,*,#17912,.T.);
#17914=ORIENTED_EDGE('',*,*,#2502,.F.);
#17915=CARTESIAN_POINT('',(1353.202943725,-1387.1,6.8));
#17916=DIRECTION('',(-0.281084638,-0.678598344,-0.678598345));
#17917=VECTOR('',#17916,0.589450303);
#17918=LINE('',#17915,#17917);
#17919=EDGE_CURVE('',#2489,#17764,#17918,.T.);
#17920=ORIENTED_EDGE('',*,*,#17919,.T.);
#17921=ORIENTED_EDGE('',*,*,#17769,.F.);
#17922=ORIENTED_EDGE('',*,*,#17167,.F.);
#17923=EDGE_LOOP('',(#17907,#17913,#17914,#17920,#17921,#17922));
#17924=FACE_BOUND('',#17923,.T.);
#17925=ADVANCED_FACE('',(#17924),#17906,.F.);
#17926=CARTESIAN_POINT('',(1355.051471863,-1411.051471863,0.));
#17927=DIRECTION('',(-0.5,0.5,-0.707106781));
#17928=DIRECTION('',(-0.707106781,-0.707106781,0.));
#17929=AXIS2_PLACEMENT_3D('',#17926,#17927,#17928);
#17930=PLANE('',#17929);
#17931=ORIENTED_EDGE('',*,*,#17217,.F.);
#17932=ORIENTED_EDGE('',*,*,#17339,.F.);
#17933=ORIENTED_EDGE('',*,*,#17075,.F.);
#17934=CARTESIAN_POINT('',(1356.5,-1409.0372583,0.4));
#17935=DIRECTION('',(0.678598344,-0.281084638,-0.678598345));
#17936=VECTOR('',#17935,0.589450303);
#17937=LINE('',#17934,#17936);
#17938=EDGE_CURVE('',#17062,#907,#17937,.T.);
#17939=ORIENTED_EDGE('',*,*,#17938,.T.);
#17940=ORIENTED_EDGE('',*,*,#912,.F.);
#17941=CARTESIAN_POINT('',(1353.202943725,-1412.9,0.));
#17942=DIRECTION('',(-0.281084638,0.678598344,0.678598345));
#17943=VECTOR('',#17942,0.589450303);
#17944=LINE('',#17941,#17943);
#17945=EDGE_CURVE('',#899,#17212,#17944,.T.);
#17946=ORIENTED_EDGE('',*,*,#17945,.T.);
#17947=EDGE_LOOP('',(#17931,#17932,#17933,#17939,#17940,#17946));
#17948=FACE_BOUND('',#17947,.T.);
#17949=ADVANCED_FACE('',(#17948),#17930,.T.);
#17950=CARTESIAN_POINT('',(1355.051471863,-1388.948528137,0.));
#17951=DIRECTION('',(-0.5,-0.5,-0.707106781));
#17952=DIRECTION('',(0.707106781,-0.707106781,0.));
#17953=AXIS2_PLACEMENT_3D('',#17950,#17951,#17952);
#17954=PLANE('',#17953);
#17955=ORIENTED_EDGE('',*,*,#17059,.F.);
#17956=ORIENTED_EDGE('',*,*,#17197,.F.);
#17957=ORIENTED_EDGE('',*,*,#17515,.F.);
#17958=CARTESIAN_POINT('',(1353.0372583,-1387.5,0.4));
#17959=DIRECTION('',(0.281084638,0.678598344,-0.678598345));
#17960=VECTOR('',#17959,0.589450303);
#17961=LINE('',#17958,#17960);
#17962=EDGE_CURVE('',#17504,#865,#17961,.T.);
#17963=ORIENTED_EDGE('',*,*,#17962,.T.);
#17964=ORIENTED_EDGE('',*,*,#926,.F.);
#17965=CARTESIAN_POINT('',(1356.9,-1390.797056275,0.));
#17966=DIRECTION('',(-0.678598344,-0.281084638,0.678598345));
#17967=VECTOR('',#17966,0.589450303);
#17968=LINE('',#17965,#17967);
#17969=EDGE_CURVE('',#915,#17054,#17968,.T.);
#17970=ORIENTED_EDGE('',*,*,#17969,.T.);
#17971=EDGE_LOOP('',(#17955,#17956,#17957,#17963,#17964,#17970));
#17972=FACE_BOUND('',#17971,.T.);
#17973=ADVANCED_FACE('',(#17972),#17954,.T.);
#17974=CARTESIAN_POINT('',(1331.15,-1407.273044738,5.4));
#17975=DIRECTION('',(-0.5,-0.5,-0.707106781));
#17976=DIRECTION('',(0.707106781,-0.707106781,0.));
#17977=AXIS2_PLACEMENT_3D('',#17974,#17975,#17976);
#17978=PLANE('',#17977);
#17979=ORIENTED_EDGE('',*,*,#17735,.F.);
#17980=CARTESIAN_POINT('',(1331.5,-1409.0372583,6.4));
#17981=DIRECTION('',(-0.678598344,-0.281084638,0.678598345));
#17982=VECTOR('',#17981,0.589450303);
#17983=LINE('',#17980,#17982);
#17984=EDGE_CURVE('',#17724,#2471,#17983,.T.);
#17985=ORIENTED_EDGE('',*,*,#17984,.T.);
#17986=ORIENTED_EDGE('',*,*,#2532,.F.);
#17987=CARTESIAN_POINT('',(1334.797056275,-1412.9,6.8));
#17988=DIRECTION('',(0.281084638,0.678598344,-0.678598345));
#17989=VECTOR('',#17988,0.589450303);
#17990=LINE('',#17987,#17989);
#17991=EDGE_CURVE('',#2521,#17668,#17990,.T.);
#17992=ORIENTED_EDGE('',*,*,#17991,.T.);
#17993=ORIENTED_EDGE('',*,*,#17673,.F.);
#17994=ORIENTED_EDGE('',*,*,#17476,.F.);
#17995=EDGE_LOOP('',(#17979,#17985,#17986,#17992,#17993,#17994));
#17996=FACE_BOUND('',#17995,.T.);
#17997=ADVANCED_FACE('',(#17996),#17978,.F.);
#17998=CARTESIAN_POINT('',(1331.1,-1400.,6.8));
#17999=DIRECTION('',(-0.707106781,0.,-0.707106781));
#18000=DIRECTION('',(0.,1.,0.));
#18001=AXIS2_PLACEMENT_3D('',#17998,#17999,#18000);
#18002=PLANE('',#18001);
#18003=ORIENTED_EDGE('',*,*,#17984,.F.);
#18004=ORIENTED_EDGE('',*,*,#17729,.F.);
#18005=ORIENTED_EDGE('',*,*,#17847,.F.);
#18006=ORIENTED_EDGE('',*,*,#2478,.F.);
#18007=EDGE_LOOP('',(#18003,#18004,#18005,#18006));
#18008=FACE_BOUND('',#18007,.T.);
#18009=ADVANCED_FACE('',(#18008),#18002,.F.);
#18010=CARTESIAN_POINT('',(1344.,-1387.1,0.));
#18011=DIRECTION('',(0.,-0.707106781,-0.707106781));
#18012=DIRECTION('',(1.,0.,0.));
#18013=AXIS2_PLACEMENT_3D('',#18010,#18011,#18012);
#18014=PLANE('',#18013);
#18015=ORIENTED_EDGE('',*,*,#17962,.F.);
#18016=ORIENTED_EDGE('',*,*,#17509,.F.);
#18017=ORIENTED_EDGE('',*,*,#17825,.F.);
#18018=ORIENTED_EDGE('',*,*,#872,.F.);
#18019=EDGE_LOOP('',(#18015,#18016,#18017,#18018));
#18020=FACE_BOUND('',#18019,.T.);
#18021=ADVANCED_FACE('',(#18020),#18014,.T.);
#18022=CARTESIAN_POINT('',(1356.9,-1400.,0.));
#18023=DIRECTION('',(-0.707106781,0.,-0.707106781));
#18024=DIRECTION('',(0.,-1.,0.));
#18025=AXIS2_PLACEMENT_3D('',#18022,#18023,#18024);
#18026=PLANE('',#18025);
#18027=ORIENTED_EDGE('',*,*,#17938,.F.);
#18028=ORIENTED_EDGE('',*,*,#17067,.F.);
#18029=ORIENTED_EDGE('',*,*,#17969,.F.);
#18030=ORIENTED_EDGE('',*,*,#920,.F.);
#18031=EDGE_LOOP('',(#18027,#18028,#18029,#18030));
#18032=FACE_BOUND('',#18031,.T.);
#18033=ADVANCED_FACE('',(#18032),#18026,.T.);
#18034=CARTESIAN_POINT('',(1344.,-1412.9,6.8));
#18035=DIRECTION('',(0.,-0.707106781,-0.707106781));
#18036=DIRECTION('',(-1.,0.,0.));
#18037=AXIS2_PLACEMENT_3D('',#18034,#18035,#18036);
#18038=PLANE('',#18037);
#18039=ORIENTED_EDGE('',*,*,#17864,.F.);
#18040=ORIENTED_EDGE('',*,*,#17681,.F.);
#18041=ORIENTED_EDGE('',*,*,#17991,.F.);
#18042=ORIENTED_EDGE('',*,*,#2526,.F.);
#18043=EDGE_LOOP('',(#18039,#18040,#18041,#18042));
#18044=FACE_BOUND('',#18043,.T.);
#18045=ADVANCED_FACE('',(#18044),#18038,.F.);
#18046=CARTESIAN_POINT('',(1356.9,-1400.,6.8));
#18047=DIRECTION('',(0.707106781,0.,-0.707106781));
#18048=DIRECTION('',(0.,-1.,0.));
#18049=AXIS2_PLACEMENT_3D('',#18046,#18047,#18048);
#18050=PLANE('',#18049);
#18051=ORIENTED_EDGE('',*,*,#17912,.F.);
#18052=ORIENTED_EDGE('',*,*,#17633,.F.);
#18053=ORIENTED_EDGE('',*,*,#17871,.F.);
#18054=ORIENTED_EDGE('',*,*,#2510,.F.);
#18055=EDGE_LOOP('',(#18051,#18052,#18053,#18054));
#18056=FACE_BOUND('',#18055,.T.);
#18057=ADVANCED_FACE('',(#18056),#18050,.F.);
#18058=CARTESIAN_POINT('',(1344.,-1387.1,6.8));
#18059=DIRECTION('',(0.,0.707106781,-0.707106781));
#18060=DIRECTION('',(1.,0.,0.));
#18061=AXIS2_PLACEMENT_3D('',#18058,#18059,#18060);
#18062=PLANE('',#18061);
#18063=ORIENTED_EDGE('',*,*,#17840,.F.);
#18064=ORIENTED_EDGE('',*,*,#17777,.F.);
#18065=ORIENTED_EDGE('',*,*,#17919,.F.);
#18066=ORIENTED_EDGE('',*,*,#2494,.F.);
#18067=EDGE_LOOP('',(#18063,#18064,#18065,#18066));
#18068=FACE_BOUND('',#18067,.T.);
#18069=ADVANCED_FACE('',(#18068),#18062,.F.);
#18070=CARTESIAN_POINT('',(1331.1,-1400.,0.));
#18071=DIRECTION('',(0.707106781,0.,-0.707106781));
#18072=DIRECTION('',(0.,1.,0.));
#18073=AXIS2_PLACEMENT_3D('',#18070,#18071,#18072);
#18074=PLANE('',#18073);
#18075=ORIENTED_EDGE('',*,*,#17818,.F.);
#18076=ORIENTED_EDGE('',*,*,#17367,.F.);
#18077=ORIENTED_EDGE('',*,*,#17897,.F.);
#18078=ORIENTED_EDGE('',*,*,#888,.F.);
#18079=EDGE_LOOP('',(#18075,#18076,#18077,#18078));
#18080=FACE_BOUND('',#18079,.T.);
#18081=ADVANCED_FACE('',(#18080),#18074,.T.);
#18082=CARTESIAN_POINT('',(1344.,-1412.9,0.));
#18083=DIRECTION('',(0.,0.707106781,-0.707106781));
#18084=DIRECTION('',(-1.,0.,0.));
#18085=AXIS2_PLACEMENT_3D('',#18082,#18083,#18084);
#18086=PLANE('',#18085);
#18087=ORIENTED_EDGE('',*,*,#17890,.F.);
#18088=ORIENTED_EDGE('',*,*,#17225,.F.);
#18089=ORIENTED_EDGE('',*,*,#17945,.F.);
#18090=ORIENTED_EDGE('',*,*,#904,.F.);
#18091=EDGE_LOOP('',(#18087,#18088,#18089,#18090));
#18092=FACE_BOUND('',#18091,.T.);
#18093=ADVANCED_FACE('',(#18092),#18086,.T.);
#18094=CARTESIAN_POINT('',(1358.,-1409.8,6.8));
#18095=DIRECTION('',(-0.707106781,0.707106781,0.));
#18096=DIRECTION('',(0.,0.,-1.));
#18097=AXIS2_PLACEMENT_3D('',#18094,#18095,#18096);
#18098=PLANE('',#18097);
#18099=ORIENTED_EDGE('',*,*,#1792,.F.);
#18100=ORIENTED_EDGE('',*,*,#6977,.F.);
#18101=ORIENTED_EDGE('',*,*,#104,.F.);
#18102=ORIENTED_EDGE('',*,*,#13349,.F.);
#18103=EDGE_LOOP('',(#18099,#18100,#18101,#18102));
#18104=FACE_BOUND('',#18103,.T.);
#18105=ADVANCED_FACE('',(#18104),#18098,.F.);
#18106=CARTESIAN_POINT('',(1332.6,-1412.125,4.6));
#18107=DIRECTION('',(1.,0.,0.));
#18108=DIRECTION('',(0.,0.,1.));
#18109=AXIS2_PLACEMENT_3D('',#18106,#18107,#18108);
#18110=PLANE('',#18109);
#18111=ORIENTED_EDGE('',*,*,#12491,.F.);
#18112=ORIENTED_EDGE('',*,*,#12424,.T.);
#18113=ORIENTED_EDGE('',*,*,#12558,.T.);
#18114=CARTESIAN_POINT('',(1332.6,-1412.63706751,4.6));
#18115=DIRECTION('',(0.,0.,-1.));
#18116=VECTOR('',#18115,2.4);
#18117=LINE('',#18114,#18116);
#18118=EDGE_CURVE('',#12486,#12546,#18117,.T.);
#18119=ORIENTED_EDGE('',*,*,#18118,.F.);
#18120=EDGE_LOOP('',(#18111,#18112,#18113,#18119));
#18121=FACE_BOUND('',#18120,.T.);
#18122=ADVANCED_FACE('',(#18121),#18110,.F.);
#18123=CARTESIAN_POINT('',(1332.1,-1412.63706751,4.6));
#18124=DIRECTION('',(0.,0.,-1.));
#18125=DIRECTION('',(0.,1.,0.));
#18126=AXIS2_PLACEMENT_3D('',#18123,#18124,#18125);
#18127=CYLINDRICAL_SURFACE('',#18126,0.5);
#18128=ORIENTED_EDGE('',*,*,#12500,.T.);
#18129=ORIENTED_EDGE('',*,*,#18118,.T.);
#18130=ORIENTED_EDGE('',*,*,#12552,.T.);
#18131=CARTESIAN_POINT('',(1332.555223465,-1412.843880461,2.2));
#18132=DIRECTION('',(-0.,-0.,1.));
#18133=VECTOR('',#18132,2.4);
#18134=LINE('',#18131,#18133);
#18135=EDGE_CURVE('',#12537,#12494,#18134,.T.);
#18136=ORIENTED_EDGE('',*,*,#18135,.T.);
#18137=EDGE_LOOP('',(#18128,#18129,#18130,#18136));
#18138=FACE_BOUND('',#18137,.T.);
#18139=ADVANCED_FACE('',(#18138),#18127,.F.);
#18140=CARTESIAN_POINT('',(1335.1,-1414.,4.6));
#18141=DIRECTION('',(0.,0.,-1.));
#18142=DIRECTION('',(0.,1.,0.));
#18143=AXIS2_PLACEMENT_3D('',#18140,#18141,#18142);
#18144=CYLINDRICAL_SURFACE('',#18143,2.795084972);
#18145=ORIENTED_EDGE('',*,*,#12543,.T.);
#18146=CARTESIAN_POINT('',(1332.318432388,-1413.725442863,4.6));
#18147=DIRECTION('',(0.,0.,-1.));
#18148=VECTOR('',#18147,2.4);
#18149=LINE('',#18146,#18148);
#18150=EDGE_CURVE('',#12503,#12528,#18149,.T.);
#18151=ORIENTED_EDGE('',*,*,#18150,.F.);
#18152=ORIENTED_EDGE('',*,*,#12509,.F.);
#18153=ORIENTED_EDGE('',*,*,#18135,.F.);
#18154=EDGE_LOOP('',(#18145,#18151,#18152,#18153));
#18155=FACE_BOUND('',#18154,.T.);
#18156=ADVANCED_FACE('',(#18155),#18144,.T.);
#18157=CARTESIAN_POINT('',(1332.567223359,-1413.75,4.6));
#18158=DIRECTION('',(0.,0.,-1.));
#18159=DIRECTION('',(0.,1.,0.));
#18160=AXIS2_PLACEMENT_3D('',#18157,#18158,#18159);
#18161=CYLINDRICAL_SURFACE('',#18160,0.25);
#18162=ORIENTED_EDGE('',*,*,#12516,.T.);
#18163=ORIENTED_EDGE('',*,*,#18150,.T.);
#18164=ORIENTED_EDGE('',*,*,#12534,.T.);
#18165=ORIENTED_EDGE('',*,*,#7005,.T.);
#18166=EDGE_LOOP('',(#18162,#18163,#18164,#18165));
#18167=FACE_BOUND('',#18166,.T.);
#18168=ADVANCED_FACE('',(#18167),#18161,.T.);
#18169=CARTESIAN_POINT('',(1356.63706751,-1388.1,4.6));
#18170=DIRECTION('',(0.,0.,-1.));
#18171=DIRECTION('',(-1.,0.,0.));
#18172=AXIS2_PLACEMENT_3D('',#18169,#18170,#18171);
#18173=CYLINDRICAL_SURFACE('',#18172,0.5);
#18174=ORIENTED_EDGE('',*,*,#16887,.T.);
#18175=CARTESIAN_POINT('',(1356.843880461,-1388.555223465,4.6));
#18176=DIRECTION('',(0.,0.,-1.));
#18177=VECTOR('',#18176,2.4);
#18178=LINE('',#18175,#18177);
#18179=EDGE_CURVE('',#16872,#16922,#18178,.T.);
#18180=ORIENTED_EDGE('',*,*,#18179,.T.);
#18181=ORIENTED_EDGE('',*,*,#16928,.T.);
#18182=CARTESIAN_POINT('',(1356.63706751,-1388.6,2.2));
#18183=DIRECTION('',(-0.,-0.,1.));
#18184=VECTOR('',#18183,2.4);
#18185=LINE('',#18182,#18184);
#18186=EDGE_CURVE('',#16914,#16881,#18185,.T.);
#18187=ORIENTED_EDGE('',*,*,#18186,.T.);
#18188=EDGE_LOOP('',(#18174,#18180,#18181,#18187));
#18189=FACE_BOUND('',#18188,.T.);
#18190=ADVANCED_FACE('',(#18189),#18173,.F.);
#18191=CARTESIAN_POINT('',(1356.125,-1388.6,4.6));
#18192=DIRECTION('',(0.,1.,0.));
#18193=DIRECTION('',(0.,0.,1.));
#18194=AXIS2_PLACEMENT_3D('',#18191,#18192,#18193);
#18195=PLANE('',#18194);
#18196=ORIENTED_EDGE('',*,*,#16919,.F.);
#18197=CARTESIAN_POINT('',(1355.5,-1388.6,4.6));
#18198=DIRECTION('',(0.,0.,-1.));
#18199=VECTOR('',#18198,2.4);
#18200=LINE('',#18197,#18199);
#18201=EDGE_CURVE('',#16819,#16905,#18200,.T.);
#18202=ORIENTED_EDGE('',*,*,#18201,.F.);
#18203=ORIENTED_EDGE('',*,*,#16893,.T.);
#18204=ORIENTED_EDGE('',*,*,#18186,.F.);
#18205=EDGE_LOOP('',(#18196,#18202,#18203,#18204));
#18206=FACE_BOUND('',#18205,.T.);
#18207=ADVANCED_FACE('',(#18206),#18195,.T.);
#18208=CARTESIAN_POINT('',(1358.,-1391.1,4.6));
#18209=DIRECTION('',(0.,0.,-1.));
#18210=DIRECTION('',(-1.,0.,0.));
#18211=AXIS2_PLACEMENT_3D('',#18208,#18209,#18210);
#18212=CYLINDRICAL_SURFACE('',#18211,2.795084972);
#18213=ORIENTED_EDGE('',*,*,#16878,.F.);
#18214=CARTESIAN_POINT('',(1357.725442863,-1388.318432388,2.2));
#18215=DIRECTION('',(-0.,-0.,1.));
#18216=VECTOR('',#18215,2.4);
#18217=LINE('',#18214,#18216);
#18218=EDGE_CURVE('',#16931,#16863,#18217,.T.);
#18219=ORIENTED_EDGE('',*,*,#18218,.F.);
#18220=ORIENTED_EDGE('',*,*,#16937,.T.);
#18221=ORIENTED_EDGE('',*,*,#18179,.F.);
#18222=EDGE_LOOP('',(#18213,#18219,#18220,#18221));
#18223=FACE_BOUND('',#18222,.T.);
#18224=ADVANCED_FACE('',(#18223),#18212,.T.);
#18225=CARTESIAN_POINT('',(1357.75,-1388.567223359,4.6));
#18226=DIRECTION('',(0.,0.,-1.));
#18227=DIRECTION('',(-1.,0.,0.));
#18228=AXIS2_PLACEMENT_3D('',#18225,#18226,#18227);
#18229=CYLINDRICAL_SURFACE('',#18228,0.25);
#18230=ORIENTED_EDGE('',*,*,#16869,.T.);
#18231=ORIENTED_EDGE('',*,*,#13402,.T.);
#18232=ORIENTED_EDGE('',*,*,#16944,.T.);
#18233=ORIENTED_EDGE('',*,*,#18218,.T.);
#18234=EDGE_LOOP('',(#18230,#18231,#18232,#18233));
#18235=FACE_BOUND('',#18234,.T.);
#18236=ADVANCED_FACE('',(#18235),#18229,.T.);
#18237=CARTESIAN_POINT('',(1276.5,-1330.,4.6));
#18238=DIRECTION('',(0.,0.,-1.));
#18239=DIRECTION('',(1.,0.,0.));
#18240=AXIS2_PLACEMENT_3D('',#18237,#18238,#18239);
#18241=CYLINDRICAL_SURFACE('',#18240,2.6);
#18242=ORIENTED_EDGE('',*,*,#3042,.T.);
#18243=ORIENTED_EDGE('',*,*,#3117,.T.);
#18244=ORIENTED_EDGE('',*,*,#3273,.T.);
#18245=ORIENTED_EDGE('',*,*,#3203,.F.);
#18246=EDGE_LOOP('',(#18242,#18243,#18244,#18245));
#18247=FACE_BOUND('',#18246,.T.);
#18248=ADVANCED_FACE('',(#18247),#18241,.F.);
#18249=CARTESIAN_POINT('',(1302.,-1304.5,4.6));
#18250=DIRECTION('',(0.,0.,-1.));
#18251=DIRECTION('',(0.,-1.,0.));
#18252=AXIS2_PLACEMENT_3D('',#18249,#18250,#18251);
#18253=CYLINDRICAL_SURFACE('',#18252,2.6);
#18254=ORIENTED_EDGE('',*,*,#3322,.T.);
#18255=ORIENTED_EDGE('',*,*,#3363,.T.);
#18256=ORIENTED_EDGE('',*,*,#8939,.T.);
#18257=ORIENTED_EDGE('',*,*,#3449,.F.);
#18258=EDGE_LOOP('',(#18254,#18255,#18256,#18257));
#18259=FACE_BOUND('',#18258,.T.);
#18260=ADVANCED_FACE('',(#18259),#18253,.F.);
#18261=CARTESIAN_POINT('',(1276.5,-1358.,4.6));
#18262=DIRECTION('',(0.,0.,-1.));
#18263=DIRECTION('',(1.,0.,0.));
#18264=AXIS2_PLACEMENT_3D('',#18261,#18262,#18263);
#18265=CYLINDRICAL_SURFACE('',#18264,2.6);
#18266=ORIENTED_EDGE('',*,*,#4645,.T.);
#18267=ORIENTED_EDGE('',*,*,#4720,.T.);
#18268=ORIENTED_EDGE('',*,*,#4876,.T.);
#18269=ORIENTED_EDGE('',*,*,#4806,.F.);
#18270=EDGE_LOOP('',(#18266,#18267,#18268,#18269));
#18271=FACE_BOUND('',#18270,.T.);
#18272=ADVANCED_FACE('',(#18271),#18265,.F.);
#18273=CARTESIAN_POINT('',(1276.5,-1386.,4.6));
#18274=DIRECTION('',(0.,0.,-1.));
#18275=DIRECTION('',(1.,0.,0.));
#18276=AXIS2_PLACEMENT_3D('',#18273,#18274,#18275);
#18277=CYLINDRICAL_SURFACE('',#18276,2.6);
#18278=ORIENTED_EDGE('',*,*,#6036,.T.);
#18279=ORIENTED_EDGE('',*,*,#6111,.T.);
#18280=ORIENTED_EDGE('',*,*,#6267,.T.);
#18281=ORIENTED_EDGE('',*,*,#6197,.F.);
#18282=EDGE_LOOP('',(#18278,#18279,#18280,#18281));
#18283=FACE_BOUND('',#18282,.T.);
#18284=ADVANCED_FACE('',(#18283),#18277,.F.);
#18285=CARTESIAN_POINT('',(1302.,-1411.5,4.6));
#18286=DIRECTION('',(0.,0.,-1.));
#18287=DIRECTION('',(0.,1.,0.));
#18288=AXIS2_PLACEMENT_3D('',#18285,#18286,#18287);
#18289=CYLINDRICAL_SURFACE('',#18288,2.6);
#18290=ORIENTED_EDGE('',*,*,#7529,.T.);
#18291=ORIENTED_EDGE('',*,*,#7604,.T.);
#18292=ORIENTED_EDGE('',*,*,#7760,.T.);
#18293=ORIENTED_EDGE('',*,*,#7690,.F.);
#18294=EDGE_LOOP('',(#18290,#18291,#18292,#18293));
#18295=FACE_BOUND('',#18294,.T.);
#18296=ADVANCED_FACE('',(#18295),#18289,.F.);
#18297=CARTESIAN_POINT('',(1330.,-1304.5,4.6));
#18298=DIRECTION('',(0.,0.,-1.));
#18299=DIRECTION('',(0.,-1.,0.));
#18300=AXIS2_PLACEMENT_3D('',#18297,#18298,#18299);
#18301=CYLINDRICAL_SURFACE('',#18300,2.6);
#18302=ORIENTED_EDGE('',*,*,#8988,.T.);
#18303=ORIENTED_EDGE('',*,*,#9029,.T.);
#18304=ORIENTED_EDGE('',*,*,#13953,.T.);
#18305=ORIENTED_EDGE('',*,*,#9115,.F.);
#18306=EDGE_LOOP('',(#18302,#18303,#18304,#18305));
#18307=FACE_BOUND('',#18306,.T.);
#18308=ADVANCED_FACE('',(#18307),#18301,.F.);
#18309=CARTESIAN_POINT('',(1330.,-1411.5,4.6));
#18310=DIRECTION('',(0.,0.,-1.));
#18311=DIRECTION('',(0.,1.,0.));
#18312=AXIS2_PLACEMENT_3D('',#18309,#18310,#18311);
#18313=CYLINDRICAL_SURFACE('',#18312,2.6);
#18314=ORIENTED_EDGE('',*,*,#12407,.T.);
#18315=ORIENTED_EDGE('',*,*,#12482,.T.);
#18316=ORIENTED_EDGE('',*,*,#12638,.T.);
#18317=ORIENTED_EDGE('',*,*,#12568,.F.);
#18318=EDGE_LOOP('',(#18314,#18315,#18316,#18317));
#18319=FACE_BOUND('',#18318,.T.);
#18320=ADVANCED_FACE('',(#18319),#18313,.F.);
#18321=CARTESIAN_POINT('',(1355.5,-1330.,4.6));
#18322=DIRECTION('',(0.,0.,-1.));
#18323=DIRECTION('',(-1.,0.,0.));
#18324=AXIS2_PLACEMENT_3D('',#18321,#18322,#18323);
#18325=CYLINDRICAL_SURFACE('',#18324,2.6);
#18326=ORIENTED_EDGE('',*,*,#14002,.T.);
#18327=ORIENTED_EDGE('',*,*,#14043,.T.);
#18328=ORIENTED_EDGE('',*,*,#15344,.T.);
#18329=ORIENTED_EDGE('',*,*,#14129,.F.);
#18330=EDGE_LOOP('',(#18326,#18327,#18328,#18329));
#18331=FACE_BOUND('',#18330,.T.);
#18332=ADVANCED_FACE('',(#18331),#18325,.F.);
#18333=CARTESIAN_POINT('',(1355.5,-1358.,4.6));
#18334=DIRECTION('',(0.,0.,-1.));
#18335=DIRECTION('',(-1.,0.,0.));
#18336=AXIS2_PLACEMENT_3D('',#18333,#18334,#18335);
#18337=CYLINDRICAL_SURFACE('',#18336,2.6);
#18338=ORIENTED_EDGE('',*,*,#15393,.T.);
#18339=ORIENTED_EDGE('',*,*,#15434,.T.);
#18340=ORIENTED_EDGE('',*,*,#16735,.T.);
#18341=ORIENTED_EDGE('',*,*,#15520,.F.);
#18342=EDGE_LOOP('',(#18338,#18339,#18340,#18341));
#18343=FACE_BOUND('',#18342,.T.);
#18344=ADVANCED_FACE('',(#18343),#18337,.F.);
#18345=CARTESIAN_POINT('',(1355.5,-1386.,4.6));
#18346=DIRECTION('',(0.,0.,-1.));
#18347=DIRECTION('',(-1.,0.,0.));
#18348=AXIS2_PLACEMENT_3D('',#18345,#18346,#18347);
#18349=CYLINDRICAL_SURFACE('',#18348,2.6);
#18350=ORIENTED_EDGE('',*,*,#16784,.T.);
#18351=ORIENTED_EDGE('',*,*,#16825,.T.);
#18352=ORIENTED_EDGE('',*,*,#18201,.T.);
#18353=ORIENTED_EDGE('',*,*,#16911,.F.);
#18354=EDGE_LOOP('',(#18350,#18351,#18352,#18353));
#18355=FACE_BOUND('',#18354,.T.);
#18356=ADVANCED_FACE('',(#18355),#18349,.F.);
#18357=CLOSED_SHELL('',(#66,#930,#961,#992,#1048,#1088,#1119,#1150,#1190,#1230,#1261,#1292,#1332,#1370,#1394,#1418,#1458,#1557,#1690,#2536,#2572,#2584,#2620,#2632,#2668,#2680,
#2716,#2728,#2752,#2776,#2800,#2824,#2848,#2872,#2896,#2920,#2932,#2944,#2956,#2968,#2980,#2992,#3004,#3016,#3028,#3070,#3155,#3240,#3262,#3279,#3296,
#3308,#3350,#3435,#3520,#3537,#3554,#3571,#3583,#3623,#3654,#3685,#3741,#3781,#3812,#3843,#3883,#3923,#3954,#3985,#4025,#4063,#4087,#4111,#4151,#4187,
#4199,#4235,#4247,#4283,#4295,#4331,#4343,#4367,#4391,#4415,#4439,#4463,#4487,#4511,#4535,#4547,#4559,#4571,#4583,#4595,#4607,#4619,#4631,#4673,#4758,
#4843,#4865,#4882,#4899,#4911,#4928,#4945,#4962,#4974,#5014,#5045,#5076,#5132,#5172,#5203,#5234,#5274,#5314,#5345,#5376,#5416,#5454,#5478,#5502,#5542,
#5578,#5590,#5626,#5638,#5674,#5686,#5722,#5734,#5758,#5782,#5806,#5830,#5854,#5878,#5902,#5926,#5938,#5950,#5962,#5974,#5986,#5998,#6010,#6022,#6064,
#6149,#6234,#6256,#6273,#6290,#6302,#6319,#6336,#6353,#6365,#6405,#6436,#6467,#6523,#6563,#6594,#6625,#6665,#6705,#6736,#6767,#6807,#6845,#6869,#6893,
#6933,#7023,#7059,#7071,#7107,#7119,#7155,#7167,#7203,#7215,#7239,#7263,#7287,#7311,#7335,#7359,#7383,#7407,#7419,#7431,#7443,#7455,#7467,#7479,#7491,
#7503,#7515,#7557,#7642,#7727,#7749,#7766,#7783,#7795,#7812,#7829,#7846,#7858,#7898,#7929,#7960,#8016,#8056,#8087,#8118,#8158,#8198,#8229,#8260,#8300,
#8338,#8362,#8386,#8426,#8462,#8474,#8510,#8522,#8558,#8570,#8606,#8618,#8642,#8666,#8690,#8714,#8738,#8762,#8786,#8810,#8822,#8834,#8846,#8858,#8870,
#8882,#8894,#8906,#8928,#8945,#8962,#8974,#9016,#9101,#9186,#9203,#9220,#9237,#9249,#9289,#9320,#9351,#9407,#9447,#9478,#9509,#9549,#9589,#9620,#9651,
#9691,#9729,#9753,#9777,#9817,#9853,#9865,#9901,#9913,#9949,#9961,#9997,#10009,#10033,#10057,#10081,#10105,#10129,#10153,#10177,#10201,#10213,#10225,#10237,#10249,
#10261,#10273,#10285,#10297,#10337,#10368,#10399,#10455,#10495,#10526,#10557,#10597,#10637,#10668,#10699,#10739,#10777,#10801,#10825,#10865,#10901,#10913,#10949,#10961,#10997,
#11009,#11045,#11057,#11081,#11105,#11129,#11153,#11177,#11201,#11225,#11249,#11261,#11273,#11285,#11297,#11309,#11321,#11333,#11345,#11385,#11416,#11447,#11503,#11543,#11574,
#11605,#11645,#11685,#11716,#11747,#11787,#11825,#11849,#11873,#11913,#11949,#11961,#11997,#12009,#12045,#12057,#12093,#12105,#12129,#12153,#12177,#12201,#12225,#12249,#12273,
#12297,#12309,#12321,#12333,#12345,#12357,#12369,#12381,#12393,#12435,#12520,#12605,#12627,#12644,#12661,#12673,#12690,#12707,#12724,#12736,#12776,#12807,#12838,#12894,#12934,
#12965,#12996,#13036,#13076,#13107,#13138,#13178,#13216,#13240,#13264,#13304,#13428,#13464,#13476,#13512,#13524,#13560,#13572,#13608,#13620,#13644,#13668,#13692,#13716,#13740,
#13764,#13788,#13812,#13824,#13836,#13848,#13860,#13872,#13884,#13896,#13908,#13920,#13942,#13959,#13976,#13988,#14030,#14115,#14200,#14217,#14234,#14251,#14263,#14303,#14334,
#14365,#14421,#14461,#14492,#14523,#14563,#14603,#14634,#14665,#14705,#14743,#14767,#14791,#14831,#14867,#14879,#14915,#14927,#14963,#14975,#15011,#15023,#15047,#15071,#15095,
#15119,#15143,#15167,#15191,#15215,#15227,#15239,#15251,#15263,#15275,#15287,#15299,#15311,#15333,#15350,#15367,#15379,#15421,#15506,#15591,#15608,#15625,#15642,#15654,#15694,
#15725,#15756,#15812,#15852,#15883,#15914,#15954,#15994,#16025,#16056,#16096,#16134,#16158,#16182,#16222,#16258,#16270,#16306,#16318,#16354,#16366,#16402,#16414,#16438,#16462,
#16486,#16510,#16534,#16558,#16582,#16606,#16618,#16630,#16642,#16654,#16666,#16678,#16690,#16702,#16724,#16741,#16758,#16770,#16812,#16897,#16982,#16999,#17016,#17033,#17045,
#17085,#17116,#17147,#17203,#17243,#17274,#17305,#17345,#17385,#17416,#17447,#17487,#17525,#17549,#17573,#17613,#17649,#17661,#17697,#17709,#17745,#17757,#17793,#17805,#17829,
#17853,#17877,#17901,#17925,#17949,#17973,#17997,#18009,#18021,#18033,#18045,#18057,#18069,#18081,#18093,#18105,#18122,#18139,#18156,#18168,#18190,#18207,#18224,#18236,#18248,
#18260,#18272,#18284,#18296,#18308,#18320,#18332,#18344,#18356));
#18358=MANIFOLD_SOLID_BREP('Body 03 (14)',#18357);
#18359=COLOUR_RGB('',0.494117647,0.494117647,0.525490224);
#18360=FILL_AREA_STYLE_COLOUR('',#18359);
#18361=FILL_AREA_STYLE('',(#18360));
#18362=SURFACE_STYLE_FILL_AREA(#18361);
#18363=SURFACE_SIDE_STYLE('',(#18362));
#18364=SURFACE_STYLE_USAGE(.BOTH.,#18363);
#18365=PRESENTATION_STYLE_ASSIGNMENT((#18364));
#26=STYLED_ITEM('',(#18365),#18358);
#16=SHAPE_REPRESENTATION('openGrid 4x3',(#15),#10);
#17=ADVANCED_BREP_SHAPE_REPRESENTATION('openGrid 4x3',(#18358),#10);
#18373=SHAPE_REPRESENTATION_RELATIONSHIP('','',#16,#17);
#18374=CARTESIAN_POINT('',(0.,0.,0.));
#18375=DIRECTION('',(0.,0.,1.));
#18376=DIRECTION('',(1.,0.,0.));
#18377=AXIS2_PLACEMENT_3D('',#18374,#18375,#18376);
#18379=MAPPED_ITEM('',#18378,#18377);
#18378=REPRESENTATION_MAP(#18377,#16);
#18380=APPLICATION_CONTEXT('Managed model based 3d engineering');
#18381=APPLICATION_PROTOCOL_DEFINITION('international standard','ap242_managed_model_based_3d_engineering',2014,#18380);
#18382=PRODUCT_CONTEXT('',#18380,'mechanical');
#18383=PRODUCT_DEFINITION_CONTEXT('part definition',#18380,'design');
#24=PRODUCT('openGrid 4x3','openGrid 4x3','',(#18382));
#18384=PRODUCT_RELATED_PRODUCT_CATEGORY('part','',(#24));
#18385=PRODUCT_DEFINITION_FORMATION_WITH_SPECIFIED_SOURCE('','',#24,.NOT_KNOWN.);
#25=PRODUCT_DEFINITION('design','',#18385,#18383);
#23=PRODUCT_DEFINITION_SHAPE('','',#25);
#18386=SHAPE_DEFINITION_REPRESENTATION(#23,#16);
#11=DRAUGHTING_MODEL('',(#18379),#10);
#18387=DESCRIPTIVE_REPRESENTATION_ITEM('KEY','/Users/ddanier/Library/Containers/com.shapr3d.shapr/Data/tmp/6CD2B77F-26B6-475E-8131-EA086C218F60.tmp');
#18388=PROPERTY_DEFINITION('KEY','',#25);
#18389=REPRESENTATION('',(#18387),#10);
#18390=PROPERTY_DEFINITION_REPRESENTATION(#18388,#18389);
#18391=GENERAL_PROPERTY('','KEY','');
#18392=GENERAL_PROPERTY_ASSOCIATION('','',#18391,#18388);
#1=MECHANICAL_DESIGN_GEOMETRIC_PRESENTATION_REPRESENTATION('',(#26),#10);
ENDSEC;
END-ISO-10303-21;
