ISO-10303-21;
HEADER;
/* Generated by software containing ST-Developer
 * from STEP Tools, Inc. (www.steptools.com) 
 */

FILE_DESCRIPTION(
/* description */ (''),
/* implementation_level */ '2;1');

FILE_NAME(
/* name */ 'R06 Exterior Gauge.stp',
/* time_stamp */ '2025-04-23T18:58:02+10:00',
/* author */ (''),
/* organization */ (''),
/* preprocessor_version */ 'ST-DEVELOPER v20.1',
/* originating_system */ 'Autodesk Translation Framework v14.4.0.0',
/* authorisation */ '');

FILE_SCHEMA (('AUTOMOTIVE_DESIGN { 1 0 10303 214 3 1 1 }'));
ENDSEC;

DATA;
#10=MECHANICAL_DESIGN_GEOMETRIC_PRESENTATION_REPRESENTATION('',(#13),#2430);
#11=SHAPE_REPRESENTATION_RELATIONSHIP('SRR','None',#2437,#12);
#12=ADVANCED_BREP_SHAPE_REPRESENTATION('',(#14),#2429);
#13=STYLED_ITEM('',(#2446),#14);
#14=MANIFOLD_SOLID_BREP('Body1',#1206);
#15=B_SPLINE_SURFACE_WITH_KNOTS('',3,1,((#1620,#1621),(#1622,#1623),(#1624,
#1625),(#1626,#1627),(#1628,#1629)),.UNSPECIFIED.,.F.,.F.,.F.,(4,1,4),(2,
2),(0.,0.0310218658525985,0.0628399126073439),(0.,0.04),.UNSPECIFIED.);
#16=B_SPLINE_SURFACE_WITH_KNOTS('',3,1,((#1646,#1647),(#1648,#1649),(#1650,
#1651),(#1652,#1653),(#1654,#1655)),.UNSPECIFIED.,.F.,.F.,.F.,(4,1,4),(2,
2),(0.,0.0326193946438077,0.0645981409806405),(0.,0.04),.UNSPECIFIED.);
#17=B_SPLINE_SURFACE_WITH_KNOTS('',3,1,((#1669,#1670),(#1671,#1672),(#1673,
#1674),(#1675,#1676),(#1677,#1678)),.UNSPECIFIED.,.F.,.F.,.F.,(4,1,4),(2,
2),(0.,0.0506077440573385,0.0893239735993331),(0.,0.04),.UNSPECIFIED.);
#18=B_SPLINE_SURFACE_WITH_KNOTS('',3,1,((#1692,#1693),(#1694,#1695),(#1696,
#1697),(#1698,#1699),(#1700,#1701)),.UNSPECIFIED.,.F.,.F.,.F.,(4,1,4),(2,
2),(0.,0.0363124238388038,0.0851101392596139),(0.,0.04),.UNSPECIFIED.);
#19=B_SPLINE_SURFACE_WITH_KNOTS('',3,1,((#1715,#1716),(#1717,#1718),(#1719,
#1720),(#1721,#1722),(#1723,#1724)),.UNSPECIFIED.,.F.,.F.,.F.,(4,1,4),(2,
2),(0.,0.0296785936530195,0.0598268010719773),(0.,0.04),.UNSPECIFIED.);
#20=B_SPLINE_SURFACE_WITH_KNOTS('',3,1,((#1738,#1739),(#1740,#1741),(#1742,
#1743),(#1744,#1745),(#1746,#1747)),.UNSPECIFIED.,.F.,.F.,.F.,(4,1,4),(2,
2),(0.,0.0355720229730411,0.0675346173994577),(0.,0.04),.UNSPECIFIED.);
#21=B_SPLINE_SURFACE_WITH_KNOTS('',3,1,((#1761,#1762),(#1763,#1764),(#1765,
#1766),(#1767,#1768),(#1769,#1770)),.UNSPECIFIED.,.F.,.F.,.F.,(4,1,4),(2,
2),(0.,0.0496857648268039,0.0909956315530043),(0.,0.04),.UNSPECIFIED.);
#22=B_SPLINE_SURFACE_WITH_KNOTS('',3,1,((#1784,#1785),(#1786,#1787),(#1788,
#1789),(#1790,#1791),(#1792,#1793)),.UNSPECIFIED.,.F.,.F.,.F.,(4,1,4),(2,
2),(0.,0.0361866416300436,0.0807487647728924),(0.,0.04),.UNSPECIFIED.);
#23=B_SPLINE_SURFACE_WITH_KNOTS('',3,1,((#1804,#1805),(#1806,#1807),(#1808,
#1809),(#1810,#1811),(#1812,#1813)),.UNSPECIFIED.,.F.,.F.,.F.,(4,1,4),(2,
2),(0.,0.0626812264416351,0.120467312693559),(0.,0.04),.UNSPECIFIED.);
#24=B_SPLINE_SURFACE_WITH_KNOTS('',3,1,((#1823,#1824),(#1825,#1826),(#1827,
#1828),(#1829,#1830),(#1831,#1832)),.UNSPECIFIED.,.F.,.F.,.F.,(4,1,4),(2,
2),(0.,0.0881479280069572,0.177576153705635),(0.,0.04),.UNSPECIFIED.);
#25=B_SPLINE_SURFACE_WITH_KNOTS('',3,1,((#1840,#1841),(#1842,#1843),(#1844,
#1845),(#1846,#1847),(#1848,#1849)),.UNSPECIFIED.,.F.,.F.,.F.,(4,1,4),(2,
2),(0.,0.141574445196538,0.246935838214754),(0.,0.04),.UNSPECIFIED.);
#26=B_SPLINE_SURFACE_WITH_KNOTS('',3,1,((#1857,#1858),(#1859,#1860),(#1861,
#1862),(#1863,#1864),(#1865,#1866)),.UNSPECIFIED.,.F.,.F.,.F.,(4,1,4),(2,
2),(0.,0.10214861289453,0.240075936994289),(0.,0.04),.UNSPECIFIED.);
#27=B_SPLINE_SURFACE_WITH_KNOTS('',3,1,((#1874,#1875),(#1876,#1877),(#1878,
#1879),(#1880,#1881),(#1882,#1883)),.UNSPECIFIED.,.F.,.F.,.F.,(4,1,4),(2,
2),(0.,0.0839499132890172,0.168350701043833),(0.,0.04),.UNSPECIFIED.);
#28=B_SPLINE_SURFACE_WITH_KNOTS('',3,1,((#1891,#1892),(#1893,#1894),(#1895,
#1896),(#1897,#1898),(#1899,#1900)),.UNSPECIFIED.,.F.,.F.,.F.,(4,1,4),(2,
2),(0.,0.0738898307670685,0.151547102388444),(0.,0.04),.UNSPECIFIED.);
#29=B_SPLINE_SURFACE_WITH_KNOTS('',3,1,((#1908,#1909),(#1910,#1911),(#1912,
#1913),(#1914,#1915),(#1916,#1917)),.UNSPECIFIED.,.F.,.F.,.F.,(4,1,4),(2,
2),(0.,0.0833902561721415,0.15916790844612),(0.,0.04),.UNSPECIFIED.);
#30=B_SPLINE_SURFACE_WITH_KNOTS('',3,1,((#1925,#1926),(#1927,#1928),(#1929,
#1930),(#1931,#1932),(#1933,#1934)),.UNSPECIFIED.,.F.,.F.,.F.,(4,1,4),(2,
2),(0.,0.0730962748731328,0.152273537761047),(0.,0.04),.UNSPECIFIED.);
#31=B_SPLINE_SURFACE_WITH_KNOTS('',3,1,((#1942,#1943),(#1944,#1945),(#1946,
#1947),(#1948,#1949),(#1950,#1951)),.UNSPECIFIED.,.F.,.F.,.F.,(4,1,4),(2,
2),(0.,0.0677027285250712,0.13704691063564),(0.,0.04),.UNSPECIFIED.);
#32=B_SPLINE_SURFACE_WITH_KNOTS('',3,1,((#1959,#1960),(#1961,#1962),(#1963,
#1964),(#1965,#1966),(#1967,#1968)),.UNSPECIFIED.,.F.,.F.,.F.,(4,1,4),(2,
2),(0.,0.0609121268935082,0.120411141511612),(0.,0.04),.UNSPECIFIED.);
#33=B_SPLINE_SURFACE_WITH_KNOTS('',3,1,((#1976,#1977),(#1978,#1979),(#1980,
#1981),(#1982,#1983),(#1984,#1985)),.UNSPECIFIED.,.F.,.F.,.F.,(4,1,4),(2,
2),(0.,0.0540133864595268,0.139884357399171),(0.,0.04),.UNSPECIFIED.);
#34=B_SPLINE_SURFACE_WITH_KNOTS('',3,1,((#1993,#1994),(#1995,#1996),(#1997,
#1998),(#1999,#2000),(#2001,#2002)),.UNSPECIFIED.,.F.,.F.,.F.,(4,1,4),(2,
2),(0.,0.0343133490449369,0.0712421066138533),(0.,0.04),.UNSPECIFIED.);
#35=B_SPLINE_SURFACE_WITH_KNOTS('',3,1,((#2010,#2011),(#2012,#2013),(#2014,
#2015),(#2016,#2017),(#2018,#2019)),.UNSPECIFIED.,.F.,.F.,.F.,(4,1,4),(2,
2),(0.,0.0230647023310541,0.048058309417559),(0.,0.04),.UNSPECIFIED.);
#36=B_SPLINE_SURFACE_WITH_KNOTS('',3,1,((#2027,#2028),(#2029,#2030),(#2031,
#2032),(#2033,#2034),(#2035,#2036)),.UNSPECIFIED.,.F.,.F.,.F.,(4,1,4),(2,
2),(0.,0.0305222461274587,0.0554049179218903),(0.,0.04),.UNSPECIFIED.);
#37=B_SPLINE_SURFACE_WITH_KNOTS('',3,1,((#2048,#2049),(#2050,#2051),(#2052,
#2053),(#2054,#2055),(#2056,#2057)),.UNSPECIFIED.,.F.,.F.,.F.,(4,1,4),(2,
2),(0.,0.0590680990090166,0.125893229405405),(0.,0.04),.UNSPECIFIED.);
#38=B_SPLINE_SURFACE_WITH_KNOTS('',3,1,((#2073,#2074),(#2075,#2076),(#2077,
#2078),(#2079,#2080),(#2081,#2082)),.UNSPECIFIED.,.F.,.F.,.F.,(4,1,4),(2,
2),(0.,0.0292683046402059,0.0877278816271959),(0.,0.04),.UNSPECIFIED.);
#39=B_SPLINE_SURFACE_WITH_KNOTS('',3,1,((#2096,#2097),(#2098,#2099),(#2100,
#2101),(#2102,#2103),(#2104,#2105)),.UNSPECIFIED.,.F.,.F.,.F.,(4,1,4),(2,
2),(0.,0.0245137084432334,0.0517312719764843),(0.,0.04),.UNSPECIFIED.);
#40=B_SPLINE_SURFACE_WITH_KNOTS('',3,1,((#2119,#2120),(#2121,#2122),(#2123,
#2124),(#2125,#2126),(#2127,#2128)),.UNSPECIFIED.,.F.,.F.,.F.,(4,1,4),(2,
2),(0.,0.0274425680625578,0.0519583922673294),(0.,0.04),.UNSPECIFIED.);
#41=B_SPLINE_SURFACE_WITH_KNOTS('',3,1,((#2142,#2143),(#2144,#2145),(#2146,
#2147),(#2148,#2149),(#2150,#2151)),.UNSPECIFIED.,.F.,.F.,.F.,(4,1,4),(2,
2),(0.,0.0220732232643195,0.0468214363530435),(0.,0.04),.UNSPECIFIED.);
#42=B_SPLINE_SURFACE_WITH_KNOTS('',3,1,((#2165,#2166),(#2167,#2168),(#2169,
#2170),(#2171,#2172),(#2173,#2174)),.UNSPECIFIED.,.F.,.F.,.F.,(4,1,4),(2,
2),(0.,0.0216065502965852,0.0426391915051792),(0.,0.04),.UNSPECIFIED.);
#43=B_SPLINE_SURFACE_WITH_KNOTS('',3,1,((#2188,#2189),(#2190,#2191),(#2192,
#2193),(#2194,#2195),(#2196,#2197)),.UNSPECIFIED.,.F.,.F.,.F.,(4,1,4),(2,
2),(0.,0.0702538216177741,0.108403218828905),(0.,0.04),.UNSPECIFIED.);
#44=B_SPLINE_SURFACE_WITH_KNOTS('',3,1,((#2230,#2231),(#2232,#2233),(#2234,
#2235),(#2236,#2237),(#2238,#2239)),.UNSPECIFIED.,.F.,.F.,.F.,(4,1,4),(2,
2),(0.,0.0251681682852492,0.0610327282194378),(0.,0.04),.UNSPECIFIED.);
#45=B_SPLINE_SURFACE_WITH_KNOTS('',3,1,((#2247,#2248),(#2249,#2250),(#2251,
#2252),(#2253,#2254),(#2255,#2256)),.UNSPECIFIED.,.F.,.F.,.F.,(4,1,4),(2,
2),(0.,0.0232381939306405,0.0441174517585879),(0.,0.04),.UNSPECIFIED.);
#46=B_SPLINE_SURFACE_WITH_KNOTS('',3,1,((#2264,#2265),(#2266,#2267),(#2268,
#2269),(#2270,#2271),(#2272,#2273)),.UNSPECIFIED.,.F.,.F.,.F.,(4,1,4),(2,
2),(0.,0.0687027131930971,0.108050995604873),(0.,0.04),.UNSPECIFIED.);
#47=B_SPLINE_SURFACE_WITH_KNOTS('',3,1,((#2293,#2294),(#2295,#2296),(#2297,
#2298),(#2299,#2300),(#2301,#2302)),.UNSPECIFIED.,.F.,.F.,.F.,(4,1,4),(2,
2),(0.,0.048089486218889,0.118489257737085),(0.,0.04),.UNSPECIFIED.);
#48=B_SPLINE_SURFACE_WITH_KNOTS('',3,1,((#2310,#2311),(#2312,#2313),(#2314,
#2315),(#2316,#2317),(#2318,#2319)),.UNSPECIFIED.,.F.,.F.,.F.,(4,1,4),(2,
2),(0.,0.0428271087353407,0.081661699097431),(0.,0.04),.UNSPECIFIED.);
#49=B_SPLINE_SURFACE_WITH_KNOTS('',3,1,((#2327,#2328),(#2329,#2330),(#2331,
#2332),(#2333,#2334),(#2335,#2336)),.UNSPECIFIED.,.F.,.F.,.F.,(4,1,4),(2,
2),(0.,0.0606478741289087,0.131953803512571),(0.,0.04),.UNSPECIFIED.);
#50=B_SPLINE_SURFACE_WITH_KNOTS('',3,1,((#2344,#2345),(#2346,#2347),(#2348,
#2349),(#2350,#2351),(#2352,#2353)),.UNSPECIFIED.,.F.,.F.,.F.,(4,1,4),(2,
2),(0.,0.0619341756070439,0.119554039611203),(0.,0.04),.UNSPECIFIED.);
#51=B_SPLINE_SURFACE_WITH_KNOTS('',3,1,((#2361,#2362),(#2363,#2364),(#2365,
#2366),(#2367,#2368),(#2369,#2370)),.UNSPECIFIED.,.F.,.F.,.F.,(4,1,4),(2,
2),(0.,0.0480709378532739,0.0983233220010378),(0.,0.04),.UNSPECIFIED.);
#52=B_SPLINE_SURFACE_WITH_KNOTS('',3,1,((#2378,#2379),(#2380,#2381),(#2382,
#2383),(#2384,#2385),(#2386,#2387)),.UNSPECIFIED.,.F.,.F.,.F.,(4,1,4),(2,
2),(0.,0.0448451320081345,0.0909536372865049),(0.,0.04),.UNSPECIFIED.);
#53=B_SPLINE_SURFACE_WITH_KNOTS('',3,1,((#2395,#2396),(#2397,#2398),(#2399,
#2400),(#2401,#2402),(#2403,#2404)),.UNSPECIFIED.,.F.,.F.,.F.,(4,1,4),(2,
2),(0.,0.0824554494320585,0.140001490706005),(0.,0.04),.UNSPECIFIED.);
#54=CYLINDRICAL_SURFACE('',#1229,6.);
#55=FACE_BOUND('',#209,.T.);
#56=FACE_BOUND('',#210,.T.);
#57=FACE_BOUND('',#239,.T.);
#58=FACE_BOUND('',#268,.T.);
#59=B_SPLINE_CURVE_WITH_KNOTS('',3,(#1448,#1449,#1450,#1451,#1452),
 .UNSPECIFIED.,.F.,.F.,(4,1,4),(0.,0.0626812264416351,0.120467312693559),
 .UNSPECIFIED.);
#60=B_SPLINE_CURVE_WITH_KNOTS('',3,(#1454,#1455,#1456,#1457,#1458),
 .UNSPECIFIED.,.F.,.F.,(4,1,4),(0.,0.0590680990090166,0.125893229405405),
 .UNSPECIFIED.);
#61=B_SPLINE_CURVE_WITH_KNOTS('',3,(#1462,#1463,#1464,#1465,#1466),
 .UNSPECIFIED.,.F.,.F.,(4,1,4),(0.,0.0305222461274587,0.0554049179218903),
 .UNSPECIFIED.);
#62=B_SPLINE_CURVE_WITH_KNOTS('',3,(#1468,#1469,#1470,#1471,#1472),
 .UNSPECIFIED.,.F.,.F.,(4,1,4),(0.,0.0230647023310541,0.048058309417559),
 .UNSPECIFIED.);
#63=B_SPLINE_CURVE_WITH_KNOTS('',3,(#1474,#1475,#1476,#1477,#1478),
 .UNSPECIFIED.,.F.,.F.,(4,1,4),(0.,0.0343133490449369,0.0712421066138533),
 .UNSPECIFIED.);
#64=B_SPLINE_CURVE_WITH_KNOTS('',3,(#1480,#1481,#1482,#1483,#1484),
 .UNSPECIFIED.,.F.,.F.,(4,1,4),(0.,0.0540133864595268,0.139884357399171),
 .UNSPECIFIED.);
#65=B_SPLINE_CURVE_WITH_KNOTS('',3,(#1486,#1487,#1488,#1489,#1490),
 .UNSPECIFIED.,.F.,.F.,(4,1,4),(0.,0.0609121268935082,0.120411141511612),
 .UNSPECIFIED.);
#66=B_SPLINE_CURVE_WITH_KNOTS('',3,(#1492,#1493,#1494,#1495,#1496),
 .UNSPECIFIED.,.F.,.F.,(4,1,4),(0.,0.0677027285250712,0.13704691063564),
 .UNSPECIFIED.);
#67=B_SPLINE_CURVE_WITH_KNOTS('',3,(#1498,#1499,#1500,#1501,#1502),
 .UNSPECIFIED.,.F.,.F.,(4,1,4),(0.,0.0730962748731328,0.152273537761047),
 .UNSPECIFIED.);
#68=B_SPLINE_CURVE_WITH_KNOTS('',3,(#1504,#1505,#1506,#1507,#1508),
 .UNSPECIFIED.,.F.,.F.,(4,1,4),(0.,0.0833902561721415,0.15916790844612),
 .UNSPECIFIED.);
#69=B_SPLINE_CURVE_WITH_KNOTS('',3,(#1510,#1511,#1512,#1513,#1514),
 .UNSPECIFIED.,.F.,.F.,(4,1,4),(0.,0.0738898307670685,0.151547102388444),
 .UNSPECIFIED.);
#70=B_SPLINE_CURVE_WITH_KNOTS('',3,(#1516,#1517,#1518,#1519,#1520),
 .UNSPECIFIED.,.F.,.F.,(4,1,4),(0.,0.0839499132890172,0.168350701043833),
 .UNSPECIFIED.);
#71=B_SPLINE_CURVE_WITH_KNOTS('',3,(#1522,#1523,#1524,#1525,#1526),
 .UNSPECIFIED.,.F.,.F.,(4,1,4),(0.,0.10214861289453,0.240075936994289),
 .UNSPECIFIED.);
#72=B_SPLINE_CURVE_WITH_KNOTS('',3,(#1528,#1529,#1530,#1531,#1532),
 .UNSPECIFIED.,.F.,.F.,(4,1,4),(0.,0.141574445196538,0.246935838214754),
 .UNSPECIFIED.);
#73=B_SPLINE_CURVE_WITH_KNOTS('',3,(#1533,#1534,#1535,#1536,#1537),
 .UNSPECIFIED.,.F.,.F.,(4,1,4),(0.,0.0881479280069572,0.177576153705635),
 .UNSPECIFIED.);
#74=B_SPLINE_CURVE_WITH_KNOTS('',3,(#1548,#1549,#1550,#1551,#1552),
 .UNSPECIFIED.,.F.,.F.,(4,1,4),(0.,0.0824554494320585,0.140001490706005),
 .UNSPECIFIED.);
#75=B_SPLINE_CURVE_WITH_KNOTS('',3,(#1554,#1555,#1556,#1557,#1558),
 .UNSPECIFIED.,.F.,.F.,(4,1,4),(0.,0.0448451320081345,0.0909536372865049),
 .UNSPECIFIED.);
#76=B_SPLINE_CURVE_WITH_KNOTS('',3,(#1560,#1561,#1562,#1563,#1564),
 .UNSPECIFIED.,.F.,.F.,(4,1,4),(0.,0.0480709378532739,0.0983233220010378),
 .UNSPECIFIED.);
#77=B_SPLINE_CURVE_WITH_KNOTS('',3,(#1566,#1567,#1568,#1569,#1570),
 .UNSPECIFIED.,.F.,.F.,(4,1,4),(0.,0.0619341756070439,0.119554039611203),
 .UNSPECIFIED.);
#78=B_SPLINE_CURVE_WITH_KNOTS('',3,(#1572,#1573,#1574,#1575,#1576),
 .UNSPECIFIED.,.F.,.F.,(4,1,4),(0.,0.0606478741289087,0.131953803512571),
 .UNSPECIFIED.);
#79=B_SPLINE_CURVE_WITH_KNOTS('',3,(#1578,#1579,#1580,#1581,#1582),
 .UNSPECIFIED.,.F.,.F.,(4,1,4),(0.,0.0428271087353407,0.081661699097431),
 .UNSPECIFIED.);
#80=B_SPLINE_CURVE_WITH_KNOTS('',3,(#1584,#1585,#1586,#1587,#1588),
 .UNSPECIFIED.,.F.,.F.,(4,1,4),(0.,0.048089486218889,0.118489257737085),
 .UNSPECIFIED.);
#81=B_SPLINE_CURVE_WITH_KNOTS('',3,(#1596,#1597,#1598,#1599,#1600),
 .UNSPECIFIED.,.F.,.F.,(4,1,4),(0.,0.0687027131930971,0.108050995604873),
 .UNSPECIFIED.);
#82=B_SPLINE_CURVE_WITH_KNOTS('',3,(#1602,#1603,#1604,#1605,#1606),
 .UNSPECIFIED.,.F.,.F.,(4,1,4),(0.,0.0232381939306405,0.0441174517585879),
 .UNSPECIFIED.);
#83=B_SPLINE_CURVE_WITH_KNOTS('',3,(#1608,#1609,#1610,#1611,#1612),
 .UNSPECIFIED.,.F.,.F.,(4,1,4),(0.,0.0251681682852492,0.0610327282194378),
 .UNSPECIFIED.);
#84=B_SPLINE_CURVE_WITH_KNOTS('',3,(#1632,#1633,#1634,#1635,#1636),
 .UNSPECIFIED.,.F.,.F.,(4,1,4),(0.,0.0310218658525985,0.0628399126073439),
 .UNSPECIFIED.);
#85=B_SPLINE_CURVE_WITH_KNOTS('',3,(#1640,#1641,#1642,#1643,#1644),
 .UNSPECIFIED.,.F.,.F.,(4,1,4),(0.,0.0310218658525985,0.0628399126073439),
 .UNSPECIFIED.);
#86=B_SPLINE_CURVE_WITH_KNOTS('',3,(#1657,#1658,#1659,#1660,#1661),
 .UNSPECIFIED.,.F.,.F.,(4,1,4),(0.,0.0326193946438077,0.0645981409806405),
 .UNSPECIFIED.);
#87=B_SPLINE_CURVE_WITH_KNOTS('',3,(#1664,#1665,#1666,#1667,#1668),
 .UNSPECIFIED.,.F.,.F.,(4,1,4),(0.,0.0326193946438077,0.0645981409806405),
 .UNSPECIFIED.);
#88=B_SPLINE_CURVE_WITH_KNOTS('',3,(#1680,#1681,#1682,#1683,#1684),
 .UNSPECIFIED.,.F.,.F.,(4,1,4),(0.,0.0506077440573385,0.0893239735993331),
 .UNSPECIFIED.);
#89=B_SPLINE_CURVE_WITH_KNOTS('',3,(#1687,#1688,#1689,#1690,#1691),
 .UNSPECIFIED.,.F.,.F.,(4,1,4),(0.,0.0506077440573385,0.0893239735993331),
 .UNSPECIFIED.);
#90=B_SPLINE_CURVE_WITH_KNOTS('',3,(#1703,#1704,#1705,#1706,#1707),
 .UNSPECIFIED.,.F.,.F.,(4,1,4),(0.,0.0363124238388038,0.0851101392596139),
 .UNSPECIFIED.);
#91=B_SPLINE_CURVE_WITH_KNOTS('',3,(#1710,#1711,#1712,#1713,#1714),
 .UNSPECIFIED.,.F.,.F.,(4,1,4),(0.,0.0363124238388038,0.0851101392596139),
 .UNSPECIFIED.);
#92=B_SPLINE_CURVE_WITH_KNOTS('',3,(#1726,#1727,#1728,#1729,#1730),
 .UNSPECIFIED.,.F.,.F.,(4,1,4),(0.,0.0296785936530195,0.0598268010719773),
 .UNSPECIFIED.);
#93=B_SPLINE_CURVE_WITH_KNOTS('',3,(#1733,#1734,#1735,#1736,#1737),
 .UNSPECIFIED.,.F.,.F.,(4,1,4),(0.,0.0296785936530195,0.0598268010719773),
 .UNSPECIFIED.);
#94=B_SPLINE_CURVE_WITH_KNOTS('',3,(#1749,#1750,#1751,#1752,#1753),
 .UNSPECIFIED.,.F.,.F.,(4,1,4),(0.,0.0355720229730411,0.0675346173994577),
 .UNSPECIFIED.);
#95=B_SPLINE_CURVE_WITH_KNOTS('',3,(#1756,#1757,#1758,#1759,#1760),
 .UNSPECIFIED.,.F.,.F.,(4,1,4),(0.,0.0355720229730411,0.0675346173994577),
 .UNSPECIFIED.);
#96=B_SPLINE_CURVE_WITH_KNOTS('',3,(#1772,#1773,#1774,#1775,#1776),
 .UNSPECIFIED.,.F.,.F.,(4,1,4),(0.,0.0496857648268039,0.0909956315530043),
 .UNSPECIFIED.);
#97=B_SPLINE_CURVE_WITH_KNOTS('',3,(#1779,#1780,#1781,#1782,#1783),
 .UNSPECIFIED.,.F.,.F.,(4,1,4),(0.,0.0496857648268039,0.0909956315530043),
 .UNSPECIFIED.);
#98=B_SPLINE_CURVE_WITH_KNOTS('',3,(#1794,#1795,#1796,#1797,#1798),
 .UNSPECIFIED.,.F.,.F.,(4,1,4),(0.,0.0361866416300436,0.0807487647728924),
 .UNSPECIFIED.);
#99=B_SPLINE_CURVE_WITH_KNOTS('',3,(#1799,#1800,#1801,#1802,#1803),
 .UNSPECIFIED.,.F.,.F.,(4,1,4),(0.,0.0361866416300436,0.0807487647728924),
 .UNSPECIFIED.);
#100=B_SPLINE_CURVE_WITH_KNOTS('',3,(#1817,#1818,#1819,#1820,#1821),
 .UNSPECIFIED.,.F.,.F.,(4,1,4),(0.,0.0626812264416351,0.120467312693559),
 .UNSPECIFIED.);
#101=B_SPLINE_CURVE_WITH_KNOTS('',3,(#1835,#1836,#1837,#1838,#1839),
 .UNSPECIFIED.,.F.,.F.,(4,1,4),(0.,0.0881479280069572,0.177576153705635),
 .UNSPECIFIED.);
#102=B_SPLINE_CURVE_WITH_KNOTS('',3,(#1852,#1853,#1854,#1855,#1856),
 .UNSPECIFIED.,.F.,.F.,(4,1,4),(0.,0.141574445196538,0.246935838214754),
 .UNSPECIFIED.);
#103=B_SPLINE_CURVE_WITH_KNOTS('',3,(#1869,#1870,#1871,#1872,#1873),
 .UNSPECIFIED.,.F.,.F.,(4,1,4),(0.,0.10214861289453,0.240075936994289),
 .UNSPECIFIED.);
#104=B_SPLINE_CURVE_WITH_KNOTS('',3,(#1886,#1887,#1888,#1889,#1890),
 .UNSPECIFIED.,.F.,.F.,(4,1,4),(0.,0.0839499132890172,0.168350701043833),
 .UNSPECIFIED.);
#105=B_SPLINE_CURVE_WITH_KNOTS('',3,(#1903,#1904,#1905,#1906,#1907),
 .UNSPECIFIED.,.F.,.F.,(4,1,4),(0.,0.0738898307670685,0.151547102388444),
 .UNSPECIFIED.);
#106=B_SPLINE_CURVE_WITH_KNOTS('',3,(#1920,#1921,#1922,#1923,#1924),
 .UNSPECIFIED.,.F.,.F.,(4,1,4),(0.,0.0833902561721415,0.15916790844612),
 .UNSPECIFIED.);
#107=B_SPLINE_CURVE_WITH_KNOTS('',3,(#1937,#1938,#1939,#1940,#1941),
 .UNSPECIFIED.,.F.,.F.,(4,1,4),(0.,0.0730962748731328,0.152273537761047),
 .UNSPECIFIED.);
#108=B_SPLINE_CURVE_WITH_KNOTS('',3,(#1954,#1955,#1956,#1957,#1958),
 .UNSPECIFIED.,.F.,.F.,(4,1,4),(0.,0.0677027285250712,0.13704691063564),
 .UNSPECIFIED.);
#109=B_SPLINE_CURVE_WITH_KNOTS('',3,(#1971,#1972,#1973,#1974,#1975),
 .UNSPECIFIED.,.F.,.F.,(4,1,4),(0.,0.0609121268935082,0.120411141511612),
 .UNSPECIFIED.);
#110=B_SPLINE_CURVE_WITH_KNOTS('',3,(#1988,#1989,#1990,#1991,#1992),
 .UNSPECIFIED.,.F.,.F.,(4,1,4),(0.,0.0540133864595268,0.139884357399171),
 .UNSPECIFIED.);
#111=B_SPLINE_CURVE_WITH_KNOTS('',3,(#2005,#2006,#2007,#2008,#2009),
 .UNSPECIFIED.,.F.,.F.,(4,1,4),(0.,0.0343133490449369,0.0712421066138533),
 .UNSPECIFIED.);
#112=B_SPLINE_CURVE_WITH_KNOTS('',3,(#2022,#2023,#2024,#2025,#2026),
 .UNSPECIFIED.,.F.,.F.,(4,1,4),(0.,0.0230647023310541,0.048058309417559),
 .UNSPECIFIED.);
#113=B_SPLINE_CURVE_WITH_KNOTS('',3,(#2039,#2040,#2041,#2042,#2043),
 .UNSPECIFIED.,.F.,.F.,(4,1,4),(0.,0.0305222461274587,0.0554049179218903),
 .UNSPECIFIED.);
#114=B_SPLINE_CURVE_WITH_KNOTS('',3,(#2058,#2059,#2060,#2061,#2062),
 .UNSPECIFIED.,.F.,.F.,(4,1,4),(0.,0.0590680990090166,0.125893229405405),
 .UNSPECIFIED.);
#115=B_SPLINE_CURVE_WITH_KNOTS('',3,(#2084,#2085,#2086,#2087,#2088),
 .UNSPECIFIED.,.F.,.F.,(4,1,4),(0.,0.0292683046402059,0.0877278816271959),
 .UNSPECIFIED.);
#116=B_SPLINE_CURVE_WITH_KNOTS('',3,(#2091,#2092,#2093,#2094,#2095),
 .UNSPECIFIED.,.F.,.F.,(4,1,4),(0.,0.0292683046402059,0.0877278816271959),
 .UNSPECIFIED.);
#117=B_SPLINE_CURVE_WITH_KNOTS('',3,(#2107,#2108,#2109,#2110,#2111),
 .UNSPECIFIED.,.F.,.F.,(4,1,4),(0.,0.0245137084432334,0.0517312719764843),
 .UNSPECIFIED.);
#118=B_SPLINE_CURVE_WITH_KNOTS('',3,(#2114,#2115,#2116,#2117,#2118),
 .UNSPECIFIED.,.F.,.F.,(4,1,4),(0.,0.0245137084432334,0.0517312719764843),
 .UNSPECIFIED.);
#119=B_SPLINE_CURVE_WITH_KNOTS('',3,(#2130,#2131,#2132,#2133,#2134),
 .UNSPECIFIED.,.F.,.F.,(4,1,4),(0.,0.0274425680625578,0.0519583922673294),
 .UNSPECIFIED.);
#120=B_SPLINE_CURVE_WITH_KNOTS('',3,(#2137,#2138,#2139,#2140,#2141),
 .UNSPECIFIED.,.F.,.F.,(4,1,4),(0.,0.0274425680625578,0.0519583922673294),
 .UNSPECIFIED.);
#121=B_SPLINE_CURVE_WITH_KNOTS('',3,(#2153,#2154,#2155,#2156,#2157),
 .UNSPECIFIED.,.F.,.F.,(4,1,4),(0.,0.0220732232643195,0.0468214363530435),
 .UNSPECIFIED.);
#122=B_SPLINE_CURVE_WITH_KNOTS('',3,(#2160,#2161,#2162,#2163,#2164),
 .UNSPECIFIED.,.F.,.F.,(4,1,4),(0.,0.0220732232643195,0.0468214363530435),
 .UNSPECIFIED.);
#123=B_SPLINE_CURVE_WITH_KNOTS('',3,(#2176,#2177,#2178,#2179,#2180),
 .UNSPECIFIED.,.F.,.F.,(4,1,4),(0.,0.0216065502965852,0.0426391915051792),
 .UNSPECIFIED.);
#124=B_SPLINE_CURVE_WITH_KNOTS('',3,(#2183,#2184,#2185,#2186,#2187),
 .UNSPECIFIED.,.F.,.F.,(4,1,4),(0.,0.0216065502965852,0.0426391915051792),
 .UNSPECIFIED.);
#125=B_SPLINE_CURVE_WITH_KNOTS('',3,(#2199,#2200,#2201,#2202,#2203),
 .UNSPECIFIED.,.F.,.F.,(4,1,4),(0.,0.0702538216177741,0.108403218828905),
 .UNSPECIFIED.);
#126=B_SPLINE_CURVE_WITH_KNOTS('',3,(#2206,#2207,#2208,#2209,#2210),
 .UNSPECIFIED.,.F.,.F.,(4,1,4),(0.,0.0702538216177741,0.108403218828905),
 .UNSPECIFIED.);
#127=B_SPLINE_CURVE_WITH_KNOTS('',3,(#2242,#2243,#2244,#2245,#2246),
 .UNSPECIFIED.,.F.,.F.,(4,1,4),(0.,0.0251681682852492,0.0610327282194378),
 .UNSPECIFIED.);
#128=B_SPLINE_CURVE_WITH_KNOTS('',3,(#2259,#2260,#2261,#2262,#2263),
 .UNSPECIFIED.,.F.,.F.,(4,1,4),(0.,0.0232381939306405,0.0441174517585879),
 .UNSPECIFIED.);
#129=B_SPLINE_CURVE_WITH_KNOTS('',3,(#2276,#2277,#2278,#2279,#2280),
 .UNSPECIFIED.,.F.,.F.,(4,1,4),(0.,0.0687027131930971,0.108050995604873),
 .UNSPECIFIED.);
#130=B_SPLINE_CURVE_WITH_KNOTS('',3,(#2305,#2306,#2307,#2308,#2309),
 .UNSPECIFIED.,.F.,.F.,(4,1,4),(0.,0.048089486218889,0.118489257737085),
 .UNSPECIFIED.);
#131=B_SPLINE_CURVE_WITH_KNOTS('',3,(#2322,#2323,#2324,#2325,#2326),
 .UNSPECIFIED.,.F.,.F.,(4,1,4),(0.,0.0428271087353407,0.081661699097431),
 .UNSPECIFIED.);
#132=B_SPLINE_CURVE_WITH_KNOTS('',3,(#2339,#2340,#2341,#2342,#2343),
 .UNSPECIFIED.,.F.,.F.,(4,1,4),(0.,0.0606478741289087,0.131953803512571),
 .UNSPECIFIED.);
#133=B_SPLINE_CURVE_WITH_KNOTS('',3,(#2356,#2357,#2358,#2359,#2360),
 .UNSPECIFIED.,.F.,.F.,(4,1,4),(0.,0.0619341756070439,0.119554039611203),
 .UNSPECIFIED.);
#134=B_SPLINE_CURVE_WITH_KNOTS('',3,(#2373,#2374,#2375,#2376,#2377),
 .UNSPECIFIED.,.F.,.F.,(4,1,4),(0.,0.0480709378532739,0.0983233220010378),
 .UNSPECIFIED.);
#135=B_SPLINE_CURVE_WITH_KNOTS('',3,(#2390,#2391,#2392,#2393,#2394),
 .UNSPECIFIED.,.F.,.F.,(4,1,4),(0.,0.0448451320081345,0.0909536372865049),
 .UNSPECIFIED.);
#136=B_SPLINE_CURVE_WITH_KNOTS('',3,(#2407,#2408,#2409,#2410,#2411),
 .UNSPECIFIED.,.F.,.F.,(4,1,4),(0.,0.0824554494320585,0.140001490706005),
 .UNSPECIFIED.);
#137=CIRCLE('',#1223,6.);
#138=CIRCLE('',#1226,6.);
#139=FACE_OUTER_BOUND('',#204,.T.);
#140=FACE_OUTER_BOUND('',#205,.T.);
#141=FACE_OUTER_BOUND('',#206,.T.);
#142=FACE_OUTER_BOUND('',#207,.T.);
#143=FACE_OUTER_BOUND('',#208,.T.);
#144=FACE_OUTER_BOUND('',#211,.T.);
#145=FACE_OUTER_BOUND('',#212,.T.);
#146=FACE_OUTER_BOUND('',#213,.T.);
#147=FACE_OUTER_BOUND('',#214,.T.);
#148=FACE_OUTER_BOUND('',#215,.T.);
#149=FACE_OUTER_BOUND('',#216,.T.);
#150=FACE_OUTER_BOUND('',#217,.T.);
#151=FACE_OUTER_BOUND('',#218,.T.);
#152=FACE_OUTER_BOUND('',#219,.T.);
#153=FACE_OUTER_BOUND('',#220,.T.);
#154=FACE_OUTER_BOUND('',#221,.T.);
#155=FACE_OUTER_BOUND('',#222,.T.);
#156=FACE_OUTER_BOUND('',#223,.T.);
#157=FACE_OUTER_BOUND('',#224,.T.);
#158=FACE_OUTER_BOUND('',#225,.T.);
#159=FACE_OUTER_BOUND('',#226,.T.);
#160=FACE_OUTER_BOUND('',#227,.T.);
#161=FACE_OUTER_BOUND('',#228,.T.);
#162=FACE_OUTER_BOUND('',#229,.T.);
#163=FACE_OUTER_BOUND('',#230,.T.);
#164=FACE_OUTER_BOUND('',#231,.T.);
#165=FACE_OUTER_BOUND('',#232,.T.);
#166=FACE_OUTER_BOUND('',#233,.T.);
#167=FACE_OUTER_BOUND('',#234,.T.);
#168=FACE_OUTER_BOUND('',#235,.T.);
#169=FACE_OUTER_BOUND('',#236,.T.);
#170=FACE_OUTER_BOUND('',#237,.T.);
#171=FACE_OUTER_BOUND('',#238,.T.);
#172=FACE_OUTER_BOUND('',#240,.T.);
#173=FACE_OUTER_BOUND('',#241,.T.);
#174=FACE_OUTER_BOUND('',#242,.T.);
#175=FACE_OUTER_BOUND('',#243,.T.);
#176=FACE_OUTER_BOUND('',#244,.T.);
#177=FACE_OUTER_BOUND('',#245,.T.);
#178=FACE_OUTER_BOUND('',#246,.T.);
#179=FACE_OUTER_BOUND('',#247,.T.);
#180=FACE_OUTER_BOUND('',#248,.T.);
#181=FACE_OUTER_BOUND('',#249,.T.);
#182=FACE_OUTER_BOUND('',#250,.T.);
#183=FACE_OUTER_BOUND('',#251,.T.);
#184=FACE_OUTER_BOUND('',#252,.T.);
#185=FACE_OUTER_BOUND('',#253,.T.);
#186=FACE_OUTER_BOUND('',#254,.T.);
#187=FACE_OUTER_BOUND('',#255,.T.);
#188=FACE_OUTER_BOUND('',#256,.T.);
#189=FACE_OUTER_BOUND('',#257,.T.);
#190=FACE_OUTER_BOUND('',#258,.T.);
#191=FACE_OUTER_BOUND('',#259,.T.);
#192=FACE_OUTER_BOUND('',#260,.T.);
#193=FACE_OUTER_BOUND('',#261,.T.);
#194=FACE_OUTER_BOUND('',#262,.T.);
#195=FACE_OUTER_BOUND('',#263,.T.);
#196=FACE_OUTER_BOUND('',#264,.T.);
#197=FACE_OUTER_BOUND('',#265,.T.);
#198=FACE_OUTER_BOUND('',#266,.T.);
#199=FACE_OUTER_BOUND('',#267,.T.);
#200=FACE_OUTER_BOUND('',#269,.T.);
#201=FACE_OUTER_BOUND('',#270,.T.);
#202=FACE_OUTER_BOUND('',#271,.T.);
#203=FACE_OUTER_BOUND('',#272,.T.);
#204=EDGE_LOOP('',(#762,#763,#764,#765));
#205=EDGE_LOOP('',(#766,#767,#768,#769));
#206=EDGE_LOOP('',(#770,#771,#772,#773,#774,#775,#776,#777));
#207=EDGE_LOOP('',(#778,#779,#780,#781));
#208=EDGE_LOOP('',(#782,#783,#784,#785,#786,#787,#788,#789));
#209=EDGE_LOOP('',(#790,#791,#792,#793,#794,#795,#796,#797,#798,#799,#800,
#801,#802,#803,#804,#805));
#210=EDGE_LOOP('',(#806,#807,#808,#809,#810,#811,#812,#813,#814,#815,#816,
#817,#818,#819,#820,#821,#822,#823));
#211=EDGE_LOOP('',(#824,#825,#826,#827));
#212=EDGE_LOOP('',(#828,#829,#830,#831));
#213=EDGE_LOOP('',(#832,#833,#834,#835));
#214=EDGE_LOOP('',(#836,#837,#838,#839));
#215=EDGE_LOOP('',(#840,#841,#842,#843));
#216=EDGE_LOOP('',(#844,#845,#846,#847));
#217=EDGE_LOOP('',(#848,#849,#850,#851));
#218=EDGE_LOOP('',(#852,#853,#854,#855));
#219=EDGE_LOOP('',(#856,#857,#858,#859));
#220=EDGE_LOOP('',(#860,#861,#862,#863));
#221=EDGE_LOOP('',(#864,#865,#866,#867));
#222=EDGE_LOOP('',(#868,#869,#870,#871));
#223=EDGE_LOOP('',(#872,#873,#874,#875));
#224=EDGE_LOOP('',(#876,#877,#878,#879));
#225=EDGE_LOOP('',(#880,#881,#882,#883));
#226=EDGE_LOOP('',(#884,#885,#886,#887));
#227=EDGE_LOOP('',(#888,#889,#890,#891));
#228=EDGE_LOOP('',(#892,#893,#894,#895));
#229=EDGE_LOOP('',(#896,#897,#898,#899));
#230=EDGE_LOOP('',(#900,#901,#902,#903));
#231=EDGE_LOOP('',(#904,#905,#906,#907));
#232=EDGE_LOOP('',(#908,#909,#910,#911));
#233=EDGE_LOOP('',(#912,#913,#914,#915));
#234=EDGE_LOOP('',(#916,#917,#918,#919));
#235=EDGE_LOOP('',(#920,#921,#922,#923));
#236=EDGE_LOOP('',(#924,#925,#926,#927));
#237=EDGE_LOOP('',(#928,#929,#930,#931));
#238=EDGE_LOOP('',(#932,#933,#934,#935,#936,#937,#938,#939,#940,#941,#942,
#943,#944,#945,#946,#947));
#239=EDGE_LOOP('',(#948,#949,#950,#951,#952,#953,#954,#955));
#240=EDGE_LOOP('',(#956,#957,#958,#959));
#241=EDGE_LOOP('',(#960,#961,#962,#963));
#242=EDGE_LOOP('',(#964,#965,#966,#967));
#243=EDGE_LOOP('',(#968,#969,#970,#971));
#244=EDGE_LOOP('',(#972,#973,#974,#975));
#245=EDGE_LOOP('',(#976,#977,#978,#979));
#246=EDGE_LOOP('',(#980,#981,#982,#983));
#247=EDGE_LOOP('',(#984,#985,#986,#987));
#248=EDGE_LOOP('',(#988,#989,#990,#991));
#249=EDGE_LOOP('',(#992,#993,#994,#995));
#250=EDGE_LOOP('',(#996,#997,#998,#999));
#251=EDGE_LOOP('',(#1000,#1001,#1002,#1003));
#252=EDGE_LOOP('',(#1004,#1005,#1006,#1007));
#253=EDGE_LOOP('',(#1008,#1009,#1010,#1011));
#254=EDGE_LOOP('',(#1012,#1013,#1014,#1015));
#255=EDGE_LOOP('',(#1016,#1017,#1018,#1019));
#256=EDGE_LOOP('',(#1020,#1021,#1022,#1023));
#257=EDGE_LOOP('',(#1024,#1025,#1026,#1027));
#258=EDGE_LOOP('',(#1028,#1029,#1030,#1031));
#259=EDGE_LOOP('',(#1032,#1033,#1034,#1035));
#260=EDGE_LOOP('',(#1036,#1037,#1038,#1039));
#261=EDGE_LOOP('',(#1040,#1041,#1042,#1043));
#262=EDGE_LOOP('',(#1044,#1045,#1046,#1047));
#263=EDGE_LOOP('',(#1048,#1049,#1050,#1051));
#264=EDGE_LOOP('',(#1052,#1053,#1054,#1055));
#265=EDGE_LOOP('',(#1056,#1057,#1058,#1059));
#266=EDGE_LOOP('',(#1060,#1061,#1062,#1063));
#267=EDGE_LOOP('',(#1064,#1065,#1066,#1067,#1068,#1069,#1070,#1071,#1072,
#1073,#1074,#1075,#1076,#1077,#1078,#1079,#1080,#1081));
#268=EDGE_LOOP('',(#1082,#1083,#1084,#1085,#1086,#1087,#1088,#1089,#1090));
#269=EDGE_LOOP('',(#1091,#1092,#1093,#1094,#1095,#1096,#1097,#1098,#1099));
#270=EDGE_LOOP('',(#1100,#1101,#1102,#1103));
#271=EDGE_LOOP('',(#1104,#1105,#1106,#1107));
#272=EDGE_LOOP('',(#1108,#1109,#1110,#1111,#1112,#1113,#1114,#1115));
#273=LINE('',#1407,#370);
#274=LINE('',#1409,#371);
#275=LINE('',#1411,#372);
#276=LINE('',#1412,#373);
#277=LINE('',#1415,#374);
#278=LINE('',#1417,#375);
#279=LINE('',#1418,#376);
#280=LINE('',#1421,#377);
#281=LINE('',#1423,#378);
#282=LINE('',#1425,#379);
#283=LINE('',#1427,#380);
#284=LINE('',#1429,#381);
#285=LINE('',#1433,#382);
#286=LINE('',#1435,#383);
#287=LINE('',#1436,#384);
#288=LINE('',#1440,#385);
#289=LINE('',#1442,#386);
#290=LINE('',#1444,#387);
#291=LINE('',#1445,#388);
#292=LINE('',#1460,#389);
#293=LINE('',#1540,#390);
#294=LINE('',#1542,#391);
#295=LINE('',#1544,#392);
#296=LINE('',#1546,#393);
#297=LINE('',#1590,#394);
#298=LINE('',#1592,#395);
#299=LINE('',#1594,#396);
#300=LINE('',#1613,#397);
#301=LINE('',#1615,#398);
#302=LINE('',#1617,#399);
#303=LINE('',#1619,#400);
#304=LINE('',#1638,#401);
#305=LINE('',#1645,#402);
#306=LINE('',#1663,#403);
#307=LINE('',#1686,#404);
#308=LINE('',#1709,#405);
#309=LINE('',#1732,#406);
#310=LINE('',#1755,#407);
#311=LINE('',#1778,#408);
#312=LINE('',#1815,#409);
#313=LINE('',#1822,#410);
#314=LINE('',#1834,#411);
#315=LINE('',#1851,#412);
#316=LINE('',#1868,#413);
#317=LINE('',#1885,#414);
#318=LINE('',#1902,#415);
#319=LINE('',#1919,#416);
#320=LINE('',#1936,#417);
#321=LINE('',#1953,#418);
#322=LINE('',#1970,#419);
#323=LINE('',#1987,#420);
#324=LINE('',#2004,#421);
#325=LINE('',#2021,#422);
#326=LINE('',#2038,#423);
#327=LINE('',#2046,#424);
#328=LINE('',#2047,#425);
#329=LINE('',#2067,#426);
#330=LINE('',#2069,#427);
#331=LINE('',#2071,#428);
#332=LINE('',#2072,#429);
#333=LINE('',#2090,#430);
#334=LINE('',#2113,#431);
#335=LINE('',#2136,#432);
#336=LINE('',#2159,#433);
#337=LINE('',#2182,#434);
#338=LINE('',#2205,#435);
#339=LINE('',#2213,#436);
#340=LINE('',#2215,#437);
#341=LINE('',#2216,#438);
#342=LINE('',#2218,#439);
#343=LINE('',#2219,#440);
#344=LINE('',#2222,#441);
#345=LINE('',#2224,#442);
#346=LINE('',#2225,#443);
#347=LINE('',#2228,#444);
#348=LINE('',#2229,#445);
#349=LINE('',#2241,#446);
#350=LINE('',#2258,#447);
#351=LINE('',#2275,#448);
#352=LINE('',#2283,#449);
#353=LINE('',#2284,#450);
#354=LINE('',#2287,#451);
#355=LINE('',#2288,#452);
#356=LINE('',#2291,#453);
#357=LINE('',#2292,#454);
#358=LINE('',#2304,#455);
#359=LINE('',#2321,#456);
#360=LINE('',#2338,#457);
#361=LINE('',#2355,#458);
#362=LINE('',#2372,#459);
#363=LINE('',#2389,#460);
#364=LINE('',#2406,#461);
#365=LINE('',#2414,#462);
#366=LINE('',#2415,#463);
#367=LINE('',#2418,#464);
#368=LINE('',#2419,#465);
#369=LINE('',#2421,#466);
#370=VECTOR('',#1252,10.);
#371=VECTOR('',#1253,10.);
#372=VECTOR('',#1254,10.);
#373=VECTOR('',#1255,10.);
#374=VECTOR('',#1258,10.);
#375=VECTOR('',#1259,10.);
#376=VECTOR('',#1260,10.);
#377=VECTOR('',#1263,10.);
#378=VECTOR('',#1264,10.);
#379=VECTOR('',#1265,10.);
#380=VECTOR('',#1266,10.);
#381=VECTOR('',#1267,10.);
#382=VECTOR('',#1272,10.);
#383=VECTOR('',#1273,10.);
#384=VECTOR('',#1274,10.);
#385=VECTOR('',#1279,10.);
#386=VECTOR('',#1280,10.);
#387=VECTOR('',#1281,10.);
#388=VECTOR('',#1282,10.);
#389=VECTOR('',#1283,10.);
#390=VECTOR('',#1284,10.);
#391=VECTOR('',#1285,10.);
#392=VECTOR('',#1286,10.);
#393=VECTOR('',#1287,10.);
#394=VECTOR('',#1288,10.);
#395=VECTOR('',#1289,10.);
#396=VECTOR('',#1290,10.);
#397=VECTOR('',#1291,10.);
#398=VECTOR('',#1294,10.);
#399=VECTOR('',#1297,10.);
#400=VECTOR('',#1300,10.);
#401=VECTOR('',#1301,10.);
#402=VECTOR('',#1302,10.);
#403=VECTOR('',#1303,10.);
#404=VECTOR('',#1304,10.);
#405=VECTOR('',#1305,10.);
#406=VECTOR('',#1306,10.);
#407=VECTOR('',#1307,10.);
#408=VECTOR('',#1308,10.);
#409=VECTOR('',#1309,10.);
#410=VECTOR('',#1310,10.);
#411=VECTOR('',#1311,10.);
#412=VECTOR('',#1312,10.);
#413=VECTOR('',#1313,10.);
#414=VECTOR('',#1314,10.);
#415=VECTOR('',#1315,10.);
#416=VECTOR('',#1316,10.);
#417=VECTOR('',#1317,10.);
#418=VECTOR('',#1318,10.);
#419=VECTOR('',#1319,10.);
#420=VECTOR('',#1320,10.);
#421=VECTOR('',#1321,10.);
#422=VECTOR('',#1322,10.);
#423=VECTOR('',#1323,10.);
#424=VECTOR('',#1326,10.);
#425=VECTOR('',#1327,10.);
#426=VECTOR('',#1332,10.);
#427=VECTOR('',#1333,10.);
#428=VECTOR('',#1334,10.);
#429=VECTOR('',#1335,10.);
#430=VECTOR('',#1336,10.);
#431=VECTOR('',#1337,10.);
#432=VECTOR('',#1338,10.);
#433=VECTOR('',#1339,10.);
#434=VECTOR('',#1340,10.);
#435=VECTOR('',#1341,10.);
#436=VECTOR('',#1344,10.);
#437=VECTOR('',#1345,10.);
#438=VECTOR('',#1346,10.);
#439=VECTOR('',#1349,10.);
#440=VECTOR('',#1350,10.);
#441=VECTOR('',#1353,10.);
#442=VECTOR('',#1354,10.);
#443=VECTOR('',#1355,10.);
#444=VECTOR('',#1358,10.);
#445=VECTOR('',#1359,10.);
#446=VECTOR('',#1360,10.);
#447=VECTOR('',#1361,10.);
#448=VECTOR('',#1362,10.);
#449=VECTOR('',#1365,10.);
#450=VECTOR('',#1366,10.);
#451=VECTOR('',#1369,10.);
#452=VECTOR('',#1370,10.);
#453=VECTOR('',#1373,10.);
#454=VECTOR('',#1374,10.);
#455=VECTOR('',#1375,10.);
#456=VECTOR('',#1376,10.);
#457=VECTOR('',#1377,10.);
#458=VECTOR('',#1378,10.);
#459=VECTOR('',#1379,10.);
#460=VECTOR('',#1380,10.);
#461=VECTOR('',#1381,10.);
#462=VECTOR('',#1384,10.);
#463=VECTOR('',#1385,10.);
#464=VECTOR('',#1388,10.);
#465=VECTOR('',#1389,10.);
#466=VECTOR('',#1392,10.);
#467=VERTEX_POINT('',#1405);
#468=VERTEX_POINT('',#1406);
#469=VERTEX_POINT('',#1408);
#470=VERTEX_POINT('',#1410);
#471=VERTEX_POINT('',#1414);
#472=VERTEX_POINT('',#1416);
#473=VERTEX_POINT('',#1420);
#474=VERTEX_POINT('',#1422);
#475=VERTEX_POINT('',#1424);
#476=VERTEX_POINT('',#1426);
#477=VERTEX_POINT('',#1428);
#478=VERTEX_POINT('',#1432);
#479=VERTEX_POINT('',#1434);
#480=VERTEX_POINT('',#1438);
#481=VERTEX_POINT('',#1441);
#482=VERTEX_POINT('',#1443);
#483=VERTEX_POINT('',#1446);
#484=VERTEX_POINT('',#1447);
#485=VERTEX_POINT('',#1453);
#486=VERTEX_POINT('',#1459);
#487=VERTEX_POINT('',#1461);
#488=VERTEX_POINT('',#1467);
#489=VERTEX_POINT('',#1473);
#490=VERTEX_POINT('',#1479);
#491=VERTEX_POINT('',#1485);
#492=VERTEX_POINT('',#1491);
#493=VERTEX_POINT('',#1497);
#494=VERTEX_POINT('',#1503);
#495=VERTEX_POINT('',#1509);
#496=VERTEX_POINT('',#1515);
#497=VERTEX_POINT('',#1521);
#498=VERTEX_POINT('',#1527);
#499=VERTEX_POINT('',#1538);
#500=VERTEX_POINT('',#1539);
#501=VERTEX_POINT('',#1541);
#502=VERTEX_POINT('',#1543);
#503=VERTEX_POINT('',#1545);
#504=VERTEX_POINT('',#1547);
#505=VERTEX_POINT('',#1553);
#506=VERTEX_POINT('',#1559);
#507=VERTEX_POINT('',#1565);
#508=VERTEX_POINT('',#1571);
#509=VERTEX_POINT('',#1577);
#510=VERTEX_POINT('',#1583);
#511=VERTEX_POINT('',#1589);
#512=VERTEX_POINT('',#1591);
#513=VERTEX_POINT('',#1593);
#514=VERTEX_POINT('',#1595);
#515=VERTEX_POINT('',#1601);
#516=VERTEX_POINT('',#1607);
#517=VERTEX_POINT('',#1630);
#518=VERTEX_POINT('',#1631);
#519=VERTEX_POINT('',#1637);
#520=VERTEX_POINT('',#1639);
#521=VERTEX_POINT('',#1656);
#522=VERTEX_POINT('',#1662);
#523=VERTEX_POINT('',#1679);
#524=VERTEX_POINT('',#1685);
#525=VERTEX_POINT('',#1702);
#526=VERTEX_POINT('',#1708);
#527=VERTEX_POINT('',#1725);
#528=VERTEX_POINT('',#1731);
#529=VERTEX_POINT('',#1748);
#530=VERTEX_POINT('',#1754);
#531=VERTEX_POINT('',#1771);
#532=VERTEX_POINT('',#1777);
#533=VERTEX_POINT('',#1814);
#534=VERTEX_POINT('',#1816);
#535=VERTEX_POINT('',#1833);
#536=VERTEX_POINT('',#1850);
#537=VERTEX_POINT('',#1867);
#538=VERTEX_POINT('',#1884);
#539=VERTEX_POINT('',#1901);
#540=VERTEX_POINT('',#1918);
#541=VERTEX_POINT('',#1935);
#542=VERTEX_POINT('',#1952);
#543=VERTEX_POINT('',#1969);
#544=VERTEX_POINT('',#1986);
#545=VERTEX_POINT('',#2003);
#546=VERTEX_POINT('',#2020);
#547=VERTEX_POINT('',#2037);
#548=VERTEX_POINT('',#2045);
#549=VERTEX_POINT('',#2065);
#550=VERTEX_POINT('',#2066);
#551=VERTEX_POINT('',#2068);
#552=VERTEX_POINT('',#2070);
#553=VERTEX_POINT('',#2083);
#554=VERTEX_POINT('',#2089);
#555=VERTEX_POINT('',#2106);
#556=VERTEX_POINT('',#2112);
#557=VERTEX_POINT('',#2129);
#558=VERTEX_POINT('',#2135);
#559=VERTEX_POINT('',#2152);
#560=VERTEX_POINT('',#2158);
#561=VERTEX_POINT('',#2175);
#562=VERTEX_POINT('',#2181);
#563=VERTEX_POINT('',#2198);
#564=VERTEX_POINT('',#2204);
#565=VERTEX_POINT('',#2212);
#566=VERTEX_POINT('',#2214);
#567=VERTEX_POINT('',#2221);
#568=VERTEX_POINT('',#2223);
#569=VERTEX_POINT('',#2227);
#570=VERTEX_POINT('',#2240);
#571=VERTEX_POINT('',#2257);
#572=VERTEX_POINT('',#2274);
#573=VERTEX_POINT('',#2282);
#574=VERTEX_POINT('',#2286);
#575=VERTEX_POINT('',#2290);
#576=VERTEX_POINT('',#2303);
#577=VERTEX_POINT('',#2320);
#578=VERTEX_POINT('',#2337);
#579=VERTEX_POINT('',#2354);
#580=VERTEX_POINT('',#2371);
#581=VERTEX_POINT('',#2388);
#582=VERTEX_POINT('',#2405);
#583=VERTEX_POINT('',#2413);
#584=VERTEX_POINT('',#2417);
#585=EDGE_CURVE('',#467,#468,#273,.T.);
#586=EDGE_CURVE('',#468,#469,#274,.T.);
#587=EDGE_CURVE('',#469,#470,#275,.T.);
#588=EDGE_CURVE('',#470,#467,#276,.T.);
#589=EDGE_CURVE('',#471,#468,#277,.T.);
#590=EDGE_CURVE('',#471,#472,#278,.T.);
#591=EDGE_CURVE('',#472,#469,#279,.T.);
#592=EDGE_CURVE('',#467,#473,#280,.T.);
#593=EDGE_CURVE('',#474,#473,#281,.T.);
#594=EDGE_CURVE('',#474,#475,#282,.T.);
#595=EDGE_CURVE('',#476,#475,#283,.T.);
#596=EDGE_CURVE('',#476,#477,#284,.T.);
#597=EDGE_CURVE('',#477,#471,#137,.T.);
#598=EDGE_CURVE('',#475,#478,#285,.T.);
#599=EDGE_CURVE('',#478,#479,#286,.T.);
#600=EDGE_CURVE('',#479,#476,#287,.T.);
#601=EDGE_CURVE('',#472,#480,#138,.T.);
#602=EDGE_CURVE('',#479,#480,#288,.T.);
#603=EDGE_CURVE('',#481,#478,#289,.T.);
#604=EDGE_CURVE('',#482,#481,#290,.T.);
#605=EDGE_CURVE('',#470,#482,#291,.T.);
#606=EDGE_CURVE('',#483,#484,#59,.T.);
#607=EDGE_CURVE('',#484,#485,#60,.T.);
#608=EDGE_CURVE('',#485,#486,#292,.T.);
#609=EDGE_CURVE('',#486,#487,#61,.T.);
#610=EDGE_CURVE('',#487,#488,#62,.T.);
#611=EDGE_CURVE('',#488,#489,#63,.T.);
#612=EDGE_CURVE('',#489,#490,#64,.T.);
#613=EDGE_CURVE('',#490,#491,#65,.T.);
#614=EDGE_CURVE('',#491,#492,#66,.T.);
#615=EDGE_CURVE('',#492,#493,#67,.T.);
#616=EDGE_CURVE('',#493,#494,#68,.T.);
#617=EDGE_CURVE('',#494,#495,#69,.T.);
#618=EDGE_CURVE('',#495,#496,#70,.T.);
#619=EDGE_CURVE('',#496,#497,#71,.T.);
#620=EDGE_CURVE('',#497,#498,#72,.T.);
#621=EDGE_CURVE('',#498,#483,#73,.T.);
#622=EDGE_CURVE('',#499,#500,#293,.T.);
#623=EDGE_CURVE('',#500,#501,#294,.T.);
#624=EDGE_CURVE('',#501,#502,#295,.T.);
#625=EDGE_CURVE('',#502,#503,#296,.T.);
#626=EDGE_CURVE('',#503,#504,#74,.T.);
#627=EDGE_CURVE('',#504,#505,#75,.T.);
#628=EDGE_CURVE('',#505,#506,#76,.T.);
#629=EDGE_CURVE('',#506,#507,#77,.T.);
#630=EDGE_CURVE('',#507,#508,#78,.T.);
#631=EDGE_CURVE('',#508,#509,#79,.T.);
#632=EDGE_CURVE('',#509,#510,#80,.T.);
#633=EDGE_CURVE('',#510,#511,#297,.T.);
#634=EDGE_CURVE('',#511,#512,#298,.T.);
#635=EDGE_CURVE('',#512,#513,#299,.T.);
#636=EDGE_CURVE('',#513,#514,#81,.T.);
#637=EDGE_CURVE('',#514,#515,#82,.T.);
#638=EDGE_CURVE('',#515,#516,#83,.T.);
#639=EDGE_CURVE('',#516,#499,#300,.T.);
#640=EDGE_CURVE('',#481,#474,#301,.T.);
#641=EDGE_CURVE('',#473,#482,#302,.T.);
#642=EDGE_CURVE('',#480,#477,#303,.T.);
#643=EDGE_CURVE('',#517,#518,#84,.T.);
#644=EDGE_CURVE('',#517,#519,#304,.T.);
#645=EDGE_CURVE('',#519,#520,#85,.T.);
#646=EDGE_CURVE('',#518,#520,#305,.T.);
#647=EDGE_CURVE('',#521,#517,#86,.T.);
#648=EDGE_CURVE('',#521,#522,#306,.T.);
#649=EDGE_CURVE('',#522,#519,#87,.T.);
#650=EDGE_CURVE('',#523,#521,#88,.T.);
#651=EDGE_CURVE('',#523,#524,#307,.T.);
#652=EDGE_CURVE('',#524,#522,#89,.T.);
#653=EDGE_CURVE('',#525,#523,#90,.T.);
#654=EDGE_CURVE('',#525,#526,#308,.T.);
#655=EDGE_CURVE('',#526,#524,#91,.T.);
#656=EDGE_CURVE('',#527,#525,#92,.T.);
#657=EDGE_CURVE('',#527,#528,#309,.T.);
#658=EDGE_CURVE('',#528,#526,#93,.T.);
#659=EDGE_CURVE('',#529,#527,#94,.T.);
#660=EDGE_CURVE('',#529,#530,#310,.T.);
#661=EDGE_CURVE('',#530,#528,#95,.T.);
#662=EDGE_CURVE('',#531,#529,#96,.T.);
#663=EDGE_CURVE('',#531,#532,#311,.T.);
#664=EDGE_CURVE('',#532,#530,#97,.T.);
#665=EDGE_CURVE('',#518,#531,#98,.T.);
#666=EDGE_CURVE('',#520,#532,#99,.T.);
#667=EDGE_CURVE('',#483,#533,#312,.T.);
#668=EDGE_CURVE('',#533,#534,#100,.T.);
#669=EDGE_CURVE('',#484,#534,#313,.T.);
#670=EDGE_CURVE('',#498,#535,#314,.T.);
#671=EDGE_CURVE('',#535,#533,#101,.T.);
#672=EDGE_CURVE('',#497,#536,#315,.T.);
#673=EDGE_CURVE('',#536,#535,#102,.T.);
#674=EDGE_CURVE('',#496,#537,#316,.T.);
#675=EDGE_CURVE('',#537,#536,#103,.T.);
#676=EDGE_CURVE('',#495,#538,#317,.T.);
#677=EDGE_CURVE('',#538,#537,#104,.T.);
#678=EDGE_CURVE('',#494,#539,#318,.T.);
#679=EDGE_CURVE('',#539,#538,#105,.T.);
#680=EDGE_CURVE('',#493,#540,#319,.T.);
#681=EDGE_CURVE('',#540,#539,#106,.T.);
#682=EDGE_CURVE('',#492,#541,#320,.T.);
#683=EDGE_CURVE('',#541,#540,#107,.T.);
#684=EDGE_CURVE('',#491,#542,#321,.T.);
#685=EDGE_CURVE('',#542,#541,#108,.T.);
#686=EDGE_CURVE('',#490,#543,#322,.T.);
#687=EDGE_CURVE('',#543,#542,#109,.T.);
#688=EDGE_CURVE('',#489,#544,#323,.T.);
#689=EDGE_CURVE('',#544,#543,#110,.T.);
#690=EDGE_CURVE('',#488,#545,#324,.T.);
#691=EDGE_CURVE('',#545,#544,#111,.T.);
#692=EDGE_CURVE('',#487,#546,#325,.T.);
#693=EDGE_CURVE('',#546,#545,#112,.T.);
#694=EDGE_CURVE('',#486,#547,#326,.T.);
#695=EDGE_CURVE('',#547,#546,#113,.T.);
#696=EDGE_CURVE('',#485,#548,#327,.T.);
#697=EDGE_CURVE('',#548,#547,#328,.T.);
#698=EDGE_CURVE('',#534,#548,#114,.T.);
#699=EDGE_CURVE('',#549,#550,#329,.T.);
#700=EDGE_CURVE('',#549,#551,#330,.T.);
#701=EDGE_CURVE('',#551,#552,#331,.T.);
#702=EDGE_CURVE('',#550,#552,#332,.T.);
#703=EDGE_CURVE('',#553,#549,#115,.T.);
#704=EDGE_CURVE('',#553,#554,#333,.T.);
#705=EDGE_CURVE('',#554,#551,#116,.T.);
#706=EDGE_CURVE('',#555,#553,#117,.T.);
#707=EDGE_CURVE('',#555,#556,#334,.T.);
#708=EDGE_CURVE('',#556,#554,#118,.T.);
#709=EDGE_CURVE('',#557,#555,#119,.T.);
#710=EDGE_CURVE('',#557,#558,#335,.T.);
#711=EDGE_CURVE('',#558,#556,#120,.T.);
#712=EDGE_CURVE('',#559,#557,#121,.T.);
#713=EDGE_CURVE('',#559,#560,#336,.T.);
#714=EDGE_CURVE('',#560,#558,#122,.T.);
#715=EDGE_CURVE('',#561,#559,#123,.T.);
#716=EDGE_CURVE('',#561,#562,#337,.T.);
#717=EDGE_CURVE('',#562,#560,#124,.T.);
#718=EDGE_CURVE('',#563,#561,#125,.T.);
#719=EDGE_CURVE('',#563,#564,#338,.T.);
#720=EDGE_CURVE('',#564,#562,#126,.T.);
#721=EDGE_CURVE('',#565,#563,#339,.T.);
#722=EDGE_CURVE('',#565,#566,#340,.T.);
#723=EDGE_CURVE('',#566,#564,#341,.T.);
#724=EDGE_CURVE('',#550,#565,#342,.T.);
#725=EDGE_CURVE('',#552,#566,#343,.T.);
#726=EDGE_CURVE('',#499,#567,#344,.T.);
#727=EDGE_CURVE('',#567,#568,#345,.T.);
#728=EDGE_CURVE('',#500,#568,#346,.T.);
#729=EDGE_CURVE('',#516,#569,#347,.T.);
#730=EDGE_CURVE('',#569,#567,#348,.T.);
#731=EDGE_CURVE('',#515,#570,#349,.T.);
#732=EDGE_CURVE('',#570,#569,#127,.T.);
#733=EDGE_CURVE('',#514,#571,#350,.T.);
#734=EDGE_CURVE('',#571,#570,#128,.T.);
#735=EDGE_CURVE('',#513,#572,#351,.T.);
#736=EDGE_CURVE('',#572,#571,#129,.T.);
#737=EDGE_CURVE('',#512,#573,#352,.T.);
#738=EDGE_CURVE('',#573,#572,#353,.T.);
#739=EDGE_CURVE('',#511,#574,#354,.T.);
#740=EDGE_CURVE('',#574,#573,#355,.T.);
#741=EDGE_CURVE('',#510,#575,#356,.T.);
#742=EDGE_CURVE('',#575,#574,#357,.T.);
#743=EDGE_CURVE('',#509,#576,#358,.T.);
#744=EDGE_CURVE('',#576,#575,#130,.T.);
#745=EDGE_CURVE('',#508,#577,#359,.T.);
#746=EDGE_CURVE('',#577,#576,#131,.T.);
#747=EDGE_CURVE('',#507,#578,#360,.T.);
#748=EDGE_CURVE('',#578,#577,#132,.T.);
#749=EDGE_CURVE('',#506,#579,#361,.T.);
#750=EDGE_CURVE('',#579,#578,#133,.T.);
#751=EDGE_CURVE('',#505,#580,#362,.T.);
#752=EDGE_CURVE('',#580,#579,#134,.T.);
#753=EDGE_CURVE('',#504,#581,#363,.T.);
#754=EDGE_CURVE('',#581,#580,#135,.T.);
#755=EDGE_CURVE('',#503,#582,#364,.T.);
#756=EDGE_CURVE('',#582,#581,#136,.T.);
#757=EDGE_CURVE('',#502,#583,#365,.T.);
#758=EDGE_CURVE('',#583,#582,#366,.T.);
#759=EDGE_CURVE('',#501,#584,#367,.T.);
#760=EDGE_CURVE('',#584,#583,#368,.T.);
#761=EDGE_CURVE('',#568,#584,#369,.T.);
#762=ORIENTED_EDGE('',*,*,#585,.T.);
#763=ORIENTED_EDGE('',*,*,#586,.T.);
#764=ORIENTED_EDGE('',*,*,#587,.T.);
#765=ORIENTED_EDGE('',*,*,#588,.T.);
#766=ORIENTED_EDGE('',*,*,#586,.F.);
#767=ORIENTED_EDGE('',*,*,#589,.F.);
#768=ORIENTED_EDGE('',*,*,#590,.T.);
#769=ORIENTED_EDGE('',*,*,#591,.T.);
#770=ORIENTED_EDGE('',*,*,#585,.F.);
#771=ORIENTED_EDGE('',*,*,#592,.T.);
#772=ORIENTED_EDGE('',*,*,#593,.F.);
#773=ORIENTED_EDGE('',*,*,#594,.T.);
#774=ORIENTED_EDGE('',*,*,#595,.F.);
#775=ORIENTED_EDGE('',*,*,#596,.T.);
#776=ORIENTED_EDGE('',*,*,#597,.T.);
#777=ORIENTED_EDGE('',*,*,#589,.T.);
#778=ORIENTED_EDGE('',*,*,#595,.T.);
#779=ORIENTED_EDGE('',*,*,#598,.T.);
#780=ORIENTED_EDGE('',*,*,#599,.T.);
#781=ORIENTED_EDGE('',*,*,#600,.T.);
#782=ORIENTED_EDGE('',*,*,#587,.F.);
#783=ORIENTED_EDGE('',*,*,#591,.F.);
#784=ORIENTED_EDGE('',*,*,#601,.T.);
#785=ORIENTED_EDGE('',*,*,#602,.F.);
#786=ORIENTED_EDGE('',*,*,#599,.F.);
#787=ORIENTED_EDGE('',*,*,#603,.F.);
#788=ORIENTED_EDGE('',*,*,#604,.F.);
#789=ORIENTED_EDGE('',*,*,#605,.F.);
#790=ORIENTED_EDGE('',*,*,#606,.T.);
#791=ORIENTED_EDGE('',*,*,#607,.T.);
#792=ORIENTED_EDGE('',*,*,#608,.T.);
#793=ORIENTED_EDGE('',*,*,#609,.T.);
#794=ORIENTED_EDGE('',*,*,#610,.T.);
#795=ORIENTED_EDGE('',*,*,#611,.T.);
#796=ORIENTED_EDGE('',*,*,#612,.T.);
#797=ORIENTED_EDGE('',*,*,#613,.T.);
#798=ORIENTED_EDGE('',*,*,#614,.T.);
#799=ORIENTED_EDGE('',*,*,#615,.T.);
#800=ORIENTED_EDGE('',*,*,#616,.T.);
#801=ORIENTED_EDGE('',*,*,#617,.T.);
#802=ORIENTED_EDGE('',*,*,#618,.T.);
#803=ORIENTED_EDGE('',*,*,#619,.T.);
#804=ORIENTED_EDGE('',*,*,#620,.T.);
#805=ORIENTED_EDGE('',*,*,#621,.T.);
#806=ORIENTED_EDGE('',*,*,#622,.T.);
#807=ORIENTED_EDGE('',*,*,#623,.T.);
#808=ORIENTED_EDGE('',*,*,#624,.T.);
#809=ORIENTED_EDGE('',*,*,#625,.T.);
#810=ORIENTED_EDGE('',*,*,#626,.T.);
#811=ORIENTED_EDGE('',*,*,#627,.T.);
#812=ORIENTED_EDGE('',*,*,#628,.T.);
#813=ORIENTED_EDGE('',*,*,#629,.T.);
#814=ORIENTED_EDGE('',*,*,#630,.T.);
#815=ORIENTED_EDGE('',*,*,#631,.T.);
#816=ORIENTED_EDGE('',*,*,#632,.T.);
#817=ORIENTED_EDGE('',*,*,#633,.T.);
#818=ORIENTED_EDGE('',*,*,#634,.T.);
#819=ORIENTED_EDGE('',*,*,#635,.T.);
#820=ORIENTED_EDGE('',*,*,#636,.T.);
#821=ORIENTED_EDGE('',*,*,#637,.T.);
#822=ORIENTED_EDGE('',*,*,#638,.T.);
#823=ORIENTED_EDGE('',*,*,#639,.T.);
#824=ORIENTED_EDGE('',*,*,#598,.F.);
#825=ORIENTED_EDGE('',*,*,#594,.F.);
#826=ORIENTED_EDGE('',*,*,#640,.F.);
#827=ORIENTED_EDGE('',*,*,#603,.T.);
#828=ORIENTED_EDGE('',*,*,#593,.T.);
#829=ORIENTED_EDGE('',*,*,#641,.T.);
#830=ORIENTED_EDGE('',*,*,#604,.T.);
#831=ORIENTED_EDGE('',*,*,#640,.T.);
#832=ORIENTED_EDGE('',*,*,#642,.F.);
#833=ORIENTED_EDGE('',*,*,#601,.F.);
#834=ORIENTED_EDGE('',*,*,#590,.F.);
#835=ORIENTED_EDGE('',*,*,#597,.F.);
#836=ORIENTED_EDGE('',*,*,#643,.F.);
#837=ORIENTED_EDGE('',*,*,#644,.T.);
#838=ORIENTED_EDGE('',*,*,#645,.T.);
#839=ORIENTED_EDGE('',*,*,#646,.F.);
#840=ORIENTED_EDGE('',*,*,#647,.F.);
#841=ORIENTED_EDGE('',*,*,#648,.T.);
#842=ORIENTED_EDGE('',*,*,#649,.T.);
#843=ORIENTED_EDGE('',*,*,#644,.F.);
#844=ORIENTED_EDGE('',*,*,#650,.F.);
#845=ORIENTED_EDGE('',*,*,#651,.T.);
#846=ORIENTED_EDGE('',*,*,#652,.T.);
#847=ORIENTED_EDGE('',*,*,#648,.F.);
#848=ORIENTED_EDGE('',*,*,#653,.F.);
#849=ORIENTED_EDGE('',*,*,#654,.T.);
#850=ORIENTED_EDGE('',*,*,#655,.T.);
#851=ORIENTED_EDGE('',*,*,#651,.F.);
#852=ORIENTED_EDGE('',*,*,#656,.F.);
#853=ORIENTED_EDGE('',*,*,#657,.T.);
#854=ORIENTED_EDGE('',*,*,#658,.T.);
#855=ORIENTED_EDGE('',*,*,#654,.F.);
#856=ORIENTED_EDGE('',*,*,#659,.F.);
#857=ORIENTED_EDGE('',*,*,#660,.T.);
#858=ORIENTED_EDGE('',*,*,#661,.T.);
#859=ORIENTED_EDGE('',*,*,#657,.F.);
#860=ORIENTED_EDGE('',*,*,#662,.F.);
#861=ORIENTED_EDGE('',*,*,#663,.T.);
#862=ORIENTED_EDGE('',*,*,#664,.T.);
#863=ORIENTED_EDGE('',*,*,#660,.F.);
#864=ORIENTED_EDGE('',*,*,#665,.F.);
#865=ORIENTED_EDGE('',*,*,#646,.T.);
#866=ORIENTED_EDGE('',*,*,#666,.T.);
#867=ORIENTED_EDGE('',*,*,#663,.F.);
#868=ORIENTED_EDGE('',*,*,#606,.F.);
#869=ORIENTED_EDGE('',*,*,#667,.T.);
#870=ORIENTED_EDGE('',*,*,#668,.T.);
#871=ORIENTED_EDGE('',*,*,#669,.F.);
#872=ORIENTED_EDGE('',*,*,#621,.F.);
#873=ORIENTED_EDGE('',*,*,#670,.T.);
#874=ORIENTED_EDGE('',*,*,#671,.T.);
#875=ORIENTED_EDGE('',*,*,#667,.F.);
#876=ORIENTED_EDGE('',*,*,#620,.F.);
#877=ORIENTED_EDGE('',*,*,#672,.T.);
#878=ORIENTED_EDGE('',*,*,#673,.T.);
#879=ORIENTED_EDGE('',*,*,#670,.F.);
#880=ORIENTED_EDGE('',*,*,#619,.F.);
#881=ORIENTED_EDGE('',*,*,#674,.T.);
#882=ORIENTED_EDGE('',*,*,#675,.T.);
#883=ORIENTED_EDGE('',*,*,#672,.F.);
#884=ORIENTED_EDGE('',*,*,#618,.F.);
#885=ORIENTED_EDGE('',*,*,#676,.T.);
#886=ORIENTED_EDGE('',*,*,#677,.T.);
#887=ORIENTED_EDGE('',*,*,#674,.F.);
#888=ORIENTED_EDGE('',*,*,#617,.F.);
#889=ORIENTED_EDGE('',*,*,#678,.T.);
#890=ORIENTED_EDGE('',*,*,#679,.T.);
#891=ORIENTED_EDGE('',*,*,#676,.F.);
#892=ORIENTED_EDGE('',*,*,#616,.F.);
#893=ORIENTED_EDGE('',*,*,#680,.T.);
#894=ORIENTED_EDGE('',*,*,#681,.T.);
#895=ORIENTED_EDGE('',*,*,#678,.F.);
#896=ORIENTED_EDGE('',*,*,#615,.F.);
#897=ORIENTED_EDGE('',*,*,#682,.T.);
#898=ORIENTED_EDGE('',*,*,#683,.T.);
#899=ORIENTED_EDGE('',*,*,#680,.F.);
#900=ORIENTED_EDGE('',*,*,#614,.F.);
#901=ORIENTED_EDGE('',*,*,#684,.T.);
#902=ORIENTED_EDGE('',*,*,#685,.T.);
#903=ORIENTED_EDGE('',*,*,#682,.F.);
#904=ORIENTED_EDGE('',*,*,#613,.F.);
#905=ORIENTED_EDGE('',*,*,#686,.T.);
#906=ORIENTED_EDGE('',*,*,#687,.T.);
#907=ORIENTED_EDGE('',*,*,#684,.F.);
#908=ORIENTED_EDGE('',*,*,#612,.F.);
#909=ORIENTED_EDGE('',*,*,#688,.T.);
#910=ORIENTED_EDGE('',*,*,#689,.T.);
#911=ORIENTED_EDGE('',*,*,#686,.F.);
#912=ORIENTED_EDGE('',*,*,#611,.F.);
#913=ORIENTED_EDGE('',*,*,#690,.T.);
#914=ORIENTED_EDGE('',*,*,#691,.T.);
#915=ORIENTED_EDGE('',*,*,#688,.F.);
#916=ORIENTED_EDGE('',*,*,#610,.F.);
#917=ORIENTED_EDGE('',*,*,#692,.T.);
#918=ORIENTED_EDGE('',*,*,#693,.T.);
#919=ORIENTED_EDGE('',*,*,#690,.F.);
#920=ORIENTED_EDGE('',*,*,#609,.F.);
#921=ORIENTED_EDGE('',*,*,#694,.T.);
#922=ORIENTED_EDGE('',*,*,#695,.T.);
#923=ORIENTED_EDGE('',*,*,#692,.F.);
#924=ORIENTED_EDGE('',*,*,#608,.F.);
#925=ORIENTED_EDGE('',*,*,#696,.T.);
#926=ORIENTED_EDGE('',*,*,#697,.T.);
#927=ORIENTED_EDGE('',*,*,#694,.F.);
#928=ORIENTED_EDGE('',*,*,#607,.F.);
#929=ORIENTED_EDGE('',*,*,#669,.T.);
#930=ORIENTED_EDGE('',*,*,#698,.T.);
#931=ORIENTED_EDGE('',*,*,#696,.F.);
#932=ORIENTED_EDGE('',*,*,#698,.F.);
#933=ORIENTED_EDGE('',*,*,#668,.F.);
#934=ORIENTED_EDGE('',*,*,#671,.F.);
#935=ORIENTED_EDGE('',*,*,#673,.F.);
#936=ORIENTED_EDGE('',*,*,#675,.F.);
#937=ORIENTED_EDGE('',*,*,#677,.F.);
#938=ORIENTED_EDGE('',*,*,#679,.F.);
#939=ORIENTED_EDGE('',*,*,#681,.F.);
#940=ORIENTED_EDGE('',*,*,#683,.F.);
#941=ORIENTED_EDGE('',*,*,#685,.F.);
#942=ORIENTED_EDGE('',*,*,#687,.F.);
#943=ORIENTED_EDGE('',*,*,#689,.F.);
#944=ORIENTED_EDGE('',*,*,#691,.F.);
#945=ORIENTED_EDGE('',*,*,#693,.F.);
#946=ORIENTED_EDGE('',*,*,#695,.F.);
#947=ORIENTED_EDGE('',*,*,#697,.F.);
#948=ORIENTED_EDGE('',*,*,#666,.F.);
#949=ORIENTED_EDGE('',*,*,#645,.F.);
#950=ORIENTED_EDGE('',*,*,#649,.F.);
#951=ORIENTED_EDGE('',*,*,#652,.F.);
#952=ORIENTED_EDGE('',*,*,#655,.F.);
#953=ORIENTED_EDGE('',*,*,#658,.F.);
#954=ORIENTED_EDGE('',*,*,#661,.F.);
#955=ORIENTED_EDGE('',*,*,#664,.F.);
#956=ORIENTED_EDGE('',*,*,#699,.F.);
#957=ORIENTED_EDGE('',*,*,#700,.T.);
#958=ORIENTED_EDGE('',*,*,#701,.T.);
#959=ORIENTED_EDGE('',*,*,#702,.F.);
#960=ORIENTED_EDGE('',*,*,#703,.F.);
#961=ORIENTED_EDGE('',*,*,#704,.T.);
#962=ORIENTED_EDGE('',*,*,#705,.T.);
#963=ORIENTED_EDGE('',*,*,#700,.F.);
#964=ORIENTED_EDGE('',*,*,#706,.F.);
#965=ORIENTED_EDGE('',*,*,#707,.T.);
#966=ORIENTED_EDGE('',*,*,#708,.T.);
#967=ORIENTED_EDGE('',*,*,#704,.F.);
#968=ORIENTED_EDGE('',*,*,#709,.F.);
#969=ORIENTED_EDGE('',*,*,#710,.T.);
#970=ORIENTED_EDGE('',*,*,#711,.T.);
#971=ORIENTED_EDGE('',*,*,#707,.F.);
#972=ORIENTED_EDGE('',*,*,#712,.F.);
#973=ORIENTED_EDGE('',*,*,#713,.T.);
#974=ORIENTED_EDGE('',*,*,#714,.T.);
#975=ORIENTED_EDGE('',*,*,#710,.F.);
#976=ORIENTED_EDGE('',*,*,#715,.F.);
#977=ORIENTED_EDGE('',*,*,#716,.T.);
#978=ORIENTED_EDGE('',*,*,#717,.T.);
#979=ORIENTED_EDGE('',*,*,#713,.F.);
#980=ORIENTED_EDGE('',*,*,#718,.F.);
#981=ORIENTED_EDGE('',*,*,#719,.T.);
#982=ORIENTED_EDGE('',*,*,#720,.T.);
#983=ORIENTED_EDGE('',*,*,#716,.F.);
#984=ORIENTED_EDGE('',*,*,#721,.F.);
#985=ORIENTED_EDGE('',*,*,#722,.T.);
#986=ORIENTED_EDGE('',*,*,#723,.T.);
#987=ORIENTED_EDGE('',*,*,#719,.F.);
#988=ORIENTED_EDGE('',*,*,#724,.F.);
#989=ORIENTED_EDGE('',*,*,#702,.T.);
#990=ORIENTED_EDGE('',*,*,#725,.T.);
#991=ORIENTED_EDGE('',*,*,#722,.F.);
#992=ORIENTED_EDGE('',*,*,#622,.F.);
#993=ORIENTED_EDGE('',*,*,#726,.T.);
#994=ORIENTED_EDGE('',*,*,#727,.T.);
#995=ORIENTED_EDGE('',*,*,#728,.F.);
#996=ORIENTED_EDGE('',*,*,#639,.F.);
#997=ORIENTED_EDGE('',*,*,#729,.T.);
#998=ORIENTED_EDGE('',*,*,#730,.T.);
#999=ORIENTED_EDGE('',*,*,#726,.F.);
#1000=ORIENTED_EDGE('',*,*,#638,.F.);
#1001=ORIENTED_EDGE('',*,*,#731,.T.);
#1002=ORIENTED_EDGE('',*,*,#732,.T.);
#1003=ORIENTED_EDGE('',*,*,#729,.F.);
#1004=ORIENTED_EDGE('',*,*,#637,.F.);
#1005=ORIENTED_EDGE('',*,*,#733,.T.);
#1006=ORIENTED_EDGE('',*,*,#734,.T.);
#1007=ORIENTED_EDGE('',*,*,#731,.F.);
#1008=ORIENTED_EDGE('',*,*,#636,.F.);
#1009=ORIENTED_EDGE('',*,*,#735,.T.);
#1010=ORIENTED_EDGE('',*,*,#736,.T.);
#1011=ORIENTED_EDGE('',*,*,#733,.F.);
#1012=ORIENTED_EDGE('',*,*,#635,.F.);
#1013=ORIENTED_EDGE('',*,*,#737,.T.);
#1014=ORIENTED_EDGE('',*,*,#738,.T.);
#1015=ORIENTED_EDGE('',*,*,#735,.F.);
#1016=ORIENTED_EDGE('',*,*,#634,.F.);
#1017=ORIENTED_EDGE('',*,*,#739,.T.);
#1018=ORIENTED_EDGE('',*,*,#740,.T.);
#1019=ORIENTED_EDGE('',*,*,#737,.F.);
#1020=ORIENTED_EDGE('',*,*,#633,.F.);
#1021=ORIENTED_EDGE('',*,*,#741,.T.);
#1022=ORIENTED_EDGE('',*,*,#742,.T.);
#1023=ORIENTED_EDGE('',*,*,#739,.F.);
#1024=ORIENTED_EDGE('',*,*,#632,.F.);
#1025=ORIENTED_EDGE('',*,*,#743,.T.);
#1026=ORIENTED_EDGE('',*,*,#744,.T.);
#1027=ORIENTED_EDGE('',*,*,#741,.F.);
#1028=ORIENTED_EDGE('',*,*,#631,.F.);
#1029=ORIENTED_EDGE('',*,*,#745,.T.);
#1030=ORIENTED_EDGE('',*,*,#746,.T.);
#1031=ORIENTED_EDGE('',*,*,#743,.F.);
#1032=ORIENTED_EDGE('',*,*,#630,.F.);
#1033=ORIENTED_EDGE('',*,*,#747,.T.);
#1034=ORIENTED_EDGE('',*,*,#748,.T.);
#1035=ORIENTED_EDGE('',*,*,#745,.F.);
#1036=ORIENTED_EDGE('',*,*,#629,.F.);
#1037=ORIENTED_EDGE('',*,*,#749,.T.);
#1038=ORIENTED_EDGE('',*,*,#750,.T.);
#1039=ORIENTED_EDGE('',*,*,#747,.F.);
#1040=ORIENTED_EDGE('',*,*,#628,.F.);
#1041=ORIENTED_EDGE('',*,*,#751,.T.);
#1042=ORIENTED_EDGE('',*,*,#752,.T.);
#1043=ORIENTED_EDGE('',*,*,#749,.F.);
#1044=ORIENTED_EDGE('',*,*,#627,.F.);
#1045=ORIENTED_EDGE('',*,*,#753,.T.);
#1046=ORIENTED_EDGE('',*,*,#754,.T.);
#1047=ORIENTED_EDGE('',*,*,#751,.F.);
#1048=ORIENTED_EDGE('',*,*,#626,.F.);
#1049=ORIENTED_EDGE('',*,*,#755,.T.);
#1050=ORIENTED_EDGE('',*,*,#756,.T.);
#1051=ORIENTED_EDGE('',*,*,#753,.F.);
#1052=ORIENTED_EDGE('',*,*,#625,.F.);
#1053=ORIENTED_EDGE('',*,*,#757,.T.);
#1054=ORIENTED_EDGE('',*,*,#758,.T.);
#1055=ORIENTED_EDGE('',*,*,#755,.F.);
#1056=ORIENTED_EDGE('',*,*,#624,.F.);
#1057=ORIENTED_EDGE('',*,*,#759,.T.);
#1058=ORIENTED_EDGE('',*,*,#760,.T.);
#1059=ORIENTED_EDGE('',*,*,#757,.F.);
#1060=ORIENTED_EDGE('',*,*,#623,.F.);
#1061=ORIENTED_EDGE('',*,*,#728,.T.);
#1062=ORIENTED_EDGE('',*,*,#761,.T.);
#1063=ORIENTED_EDGE('',*,*,#759,.F.);
#1064=ORIENTED_EDGE('',*,*,#761,.F.);
#1065=ORIENTED_EDGE('',*,*,#727,.F.);
#1066=ORIENTED_EDGE('',*,*,#730,.F.);
#1067=ORIENTED_EDGE('',*,*,#732,.F.);
#1068=ORIENTED_EDGE('',*,*,#734,.F.);
#1069=ORIENTED_EDGE('',*,*,#736,.F.);
#1070=ORIENTED_EDGE('',*,*,#738,.F.);
#1071=ORIENTED_EDGE('',*,*,#740,.F.);
#1072=ORIENTED_EDGE('',*,*,#742,.F.);
#1073=ORIENTED_EDGE('',*,*,#744,.F.);
#1074=ORIENTED_EDGE('',*,*,#746,.F.);
#1075=ORIENTED_EDGE('',*,*,#748,.F.);
#1076=ORIENTED_EDGE('',*,*,#750,.F.);
#1077=ORIENTED_EDGE('',*,*,#752,.F.);
#1078=ORIENTED_EDGE('',*,*,#754,.F.);
#1079=ORIENTED_EDGE('',*,*,#756,.F.);
#1080=ORIENTED_EDGE('',*,*,#758,.F.);
#1081=ORIENTED_EDGE('',*,*,#760,.F.);
#1082=ORIENTED_EDGE('',*,*,#725,.F.);
#1083=ORIENTED_EDGE('',*,*,#701,.F.);
#1084=ORIENTED_EDGE('',*,*,#705,.F.);
#1085=ORIENTED_EDGE('',*,*,#708,.F.);
#1086=ORIENTED_EDGE('',*,*,#711,.F.);
#1087=ORIENTED_EDGE('',*,*,#714,.F.);
#1088=ORIENTED_EDGE('',*,*,#717,.F.);
#1089=ORIENTED_EDGE('',*,*,#720,.F.);
#1090=ORIENTED_EDGE('',*,*,#723,.F.);
#1091=ORIENTED_EDGE('',*,*,#699,.T.);
#1092=ORIENTED_EDGE('',*,*,#724,.T.);
#1093=ORIENTED_EDGE('',*,*,#721,.T.);
#1094=ORIENTED_EDGE('',*,*,#718,.T.);
#1095=ORIENTED_EDGE('',*,*,#715,.T.);
#1096=ORIENTED_EDGE('',*,*,#712,.T.);
#1097=ORIENTED_EDGE('',*,*,#709,.T.);
#1098=ORIENTED_EDGE('',*,*,#706,.T.);
#1099=ORIENTED_EDGE('',*,*,#703,.T.);
#1100=ORIENTED_EDGE('',*,*,#600,.F.);
#1101=ORIENTED_EDGE('',*,*,#602,.T.);
#1102=ORIENTED_EDGE('',*,*,#642,.T.);
#1103=ORIENTED_EDGE('',*,*,#596,.F.);
#1104=ORIENTED_EDGE('',*,*,#588,.F.);
#1105=ORIENTED_EDGE('',*,*,#605,.T.);
#1106=ORIENTED_EDGE('',*,*,#641,.F.);
#1107=ORIENTED_EDGE('',*,*,#592,.F.);
#1108=ORIENTED_EDGE('',*,*,#643,.T.);
#1109=ORIENTED_EDGE('',*,*,#665,.T.);
#1110=ORIENTED_EDGE('',*,*,#662,.T.);
#1111=ORIENTED_EDGE('',*,*,#659,.T.);
#1112=ORIENTED_EDGE('',*,*,#656,.T.);
#1113=ORIENTED_EDGE('',*,*,#653,.T.);
#1114=ORIENTED_EDGE('',*,*,#650,.T.);
#1115=ORIENTED_EDGE('',*,*,#647,.T.);
#1116=PLANE('',#1220);
#1117=PLANE('',#1221);
#1118=PLANE('',#1222);
#1119=PLANE('',#1224);
#1120=PLANE('',#1225);
#1121=PLANE('',#1227);
#1122=PLANE('',#1228);
#1123=PLANE('',#1230);
#1124=PLANE('',#1231);
#1125=PLANE('',#1232);
#1126=PLANE('',#1233);
#1127=PLANE('',#1234);
#1128=PLANE('',#1235);
#1129=PLANE('',#1236);
#1130=PLANE('',#1237);
#1131=PLANE('',#1238);
#1132=PLANE('',#1239);
#1133=PLANE('',#1240);
#1134=PLANE('',#1241);
#1135=PLANE('',#1242);
#1136=PLANE('',#1243);
#1137=PLANE('',#1244);
#1138=PLANE('',#1245);
#1139=PLANE('',#1246);
#1140=PLANE('',#1247);
#1141=ADVANCED_FACE('',(#139),#1116,.T.);
#1142=ADVANCED_FACE('',(#140),#1117,.T.);
#1143=ADVANCED_FACE('',(#141),#1118,.T.);
#1144=ADVANCED_FACE('',(#142),#1119,.T.);
#1145=ADVANCED_FACE('',(#143,#55,#56),#1120,.T.);
#1146=ADVANCED_FACE('',(#144),#1121,.T.);
#1147=ADVANCED_FACE('',(#145),#1122,.T.);
#1148=ADVANCED_FACE('',(#146),#54,.F.);
#1149=ADVANCED_FACE('',(#147),#15,.F.);
#1150=ADVANCED_FACE('',(#148),#16,.F.);
#1151=ADVANCED_FACE('',(#149),#17,.F.);
#1152=ADVANCED_FACE('',(#150),#18,.F.);
#1153=ADVANCED_FACE('',(#151),#19,.F.);
#1154=ADVANCED_FACE('',(#152),#20,.F.);
#1155=ADVANCED_FACE('',(#153),#21,.F.);
#1156=ADVANCED_FACE('',(#154),#22,.F.);
#1157=ADVANCED_FACE('',(#155),#23,.F.);
#1158=ADVANCED_FACE('',(#156),#24,.F.);
#1159=ADVANCED_FACE('',(#157),#25,.F.);
#1160=ADVANCED_FACE('',(#158),#26,.F.);
#1161=ADVANCED_FACE('',(#159),#27,.F.);
#1162=ADVANCED_FACE('',(#160),#28,.F.);
#1163=ADVANCED_FACE('',(#161),#29,.F.);
#1164=ADVANCED_FACE('',(#162),#30,.F.);
#1165=ADVANCED_FACE('',(#163),#31,.F.);
#1166=ADVANCED_FACE('',(#164),#32,.F.);
#1167=ADVANCED_FACE('',(#165),#33,.F.);
#1168=ADVANCED_FACE('',(#166),#34,.F.);
#1169=ADVANCED_FACE('',(#167),#35,.F.);
#1170=ADVANCED_FACE('',(#168),#36,.F.);
#1171=ADVANCED_FACE('',(#169),#1123,.F.);
#1172=ADVANCED_FACE('',(#170),#37,.F.);
#1173=ADVANCED_FACE('',(#171,#57),#1124,.T.);
#1174=ADVANCED_FACE('',(#172),#1125,.F.);
#1175=ADVANCED_FACE('',(#173),#38,.F.);
#1176=ADVANCED_FACE('',(#174),#39,.F.);
#1177=ADVANCED_FACE('',(#175),#40,.F.);
#1178=ADVANCED_FACE('',(#176),#41,.F.);
#1179=ADVANCED_FACE('',(#177),#42,.F.);
#1180=ADVANCED_FACE('',(#178),#43,.F.);
#1181=ADVANCED_FACE('',(#179),#1126,.F.);
#1182=ADVANCED_FACE('',(#180),#1127,.F.);
#1183=ADVANCED_FACE('',(#181),#1128,.F.);
#1184=ADVANCED_FACE('',(#182),#1129,.F.);
#1185=ADVANCED_FACE('',(#183),#44,.F.);
#1186=ADVANCED_FACE('',(#184),#45,.F.);
#1187=ADVANCED_FACE('',(#185),#46,.F.);
#1188=ADVANCED_FACE('',(#186),#1130,.F.);
#1189=ADVANCED_FACE('',(#187),#1131,.F.);
#1190=ADVANCED_FACE('',(#188),#1132,.F.);
#1191=ADVANCED_FACE('',(#189),#47,.F.);
#1192=ADVANCED_FACE('',(#190),#48,.F.);
#1193=ADVANCED_FACE('',(#191),#49,.F.);
#1194=ADVANCED_FACE('',(#192),#50,.F.);
#1195=ADVANCED_FACE('',(#193),#51,.F.);
#1196=ADVANCED_FACE('',(#194),#52,.F.);
#1197=ADVANCED_FACE('',(#195),#53,.F.);
#1198=ADVANCED_FACE('',(#196),#1133,.F.);
#1199=ADVANCED_FACE('',(#197),#1134,.F.);
#1200=ADVANCED_FACE('',(#198),#1135,.F.);
#1201=ADVANCED_FACE('',(#199,#58),#1136,.T.);
#1202=ADVANCED_FACE('',(#200),#1137,.T.);
#1203=ADVANCED_FACE('',(#201),#1138,.T.);
#1204=ADVANCED_FACE('',(#202),#1139,.T.);
#1205=ADVANCED_FACE('',(#203),#1140,.T.);
#1206=CLOSED_SHELL('',(#1141,#1142,#1143,#1144,#1145,#1146,#1147,#1148,
#1149,#1150,#1151,#1152,#1153,#1154,#1155,#1156,#1157,#1158,#1159,#1160,
#1161,#1162,#1163,#1164,#1165,#1166,#1167,#1168,#1169,#1170,#1171,#1172,
#1173,#1174,#1175,#1176,#1177,#1178,#1179,#1180,#1181,#1182,#1183,#1184,
#1185,#1186,#1187,#1188,#1189,#1190,#1191,#1192,#1193,#1194,#1195,#1196,
#1197,#1198,#1199,#1200,#1201,#1202,#1203,#1204,#1205));
#1207=DERIVED_UNIT_ELEMENT(#1209,1.);
#1208=DERIVED_UNIT_ELEMENT(#2432,-3.);
#1209=(
MASS_UNIT()
NAMED_UNIT(*)
SI_UNIT(.KILO.,.GRAM.)
);
#1210=DERIVED_UNIT((#1207,#1208));
#1211=MEASURE_REPRESENTATION_ITEM('density measure',
POSITIVE_RATIO_MEASURE(7850.),#1210);
#1212=PROPERTY_DEFINITION_REPRESENTATION(#1217,#1214);
#1213=PROPERTY_DEFINITION_REPRESENTATION(#1218,#1215);
#1214=REPRESENTATION('material name',(#1216),#2429);
#1215=REPRESENTATION('density',(#1211),#2429);
#1216=DESCRIPTIVE_REPRESENTATION_ITEM('Steel','Steel');
#1217=PROPERTY_DEFINITION('material property','material name',#2439);
#1218=PROPERTY_DEFINITION('material property','density of part',#2439);
#1219=AXIS2_PLACEMENT_3D('',#1403,#1248,#1249);
#1220=AXIS2_PLACEMENT_3D('',#1404,#1250,#1251);
#1221=AXIS2_PLACEMENT_3D('',#1413,#1256,#1257);
#1222=AXIS2_PLACEMENT_3D('',#1419,#1261,#1262);
#1223=AXIS2_PLACEMENT_3D('',#1430,#1268,#1269);
#1224=AXIS2_PLACEMENT_3D('',#1431,#1270,#1271);
#1225=AXIS2_PLACEMENT_3D('',#1437,#1275,#1276);
#1226=AXIS2_PLACEMENT_3D('',#1439,#1277,#1278);
#1227=AXIS2_PLACEMENT_3D('',#1614,#1292,#1293);
#1228=AXIS2_PLACEMENT_3D('',#1616,#1295,#1296);
#1229=AXIS2_PLACEMENT_3D('',#1618,#1298,#1299);
#1230=AXIS2_PLACEMENT_3D('',#2044,#1324,#1325);
#1231=AXIS2_PLACEMENT_3D('',#2063,#1328,#1329);
#1232=AXIS2_PLACEMENT_3D('',#2064,#1330,#1331);
#1233=AXIS2_PLACEMENT_3D('',#2211,#1342,#1343);
#1234=AXIS2_PLACEMENT_3D('',#2217,#1347,#1348);
#1235=AXIS2_PLACEMENT_3D('',#2220,#1351,#1352);
#1236=AXIS2_PLACEMENT_3D('',#2226,#1356,#1357);
#1237=AXIS2_PLACEMENT_3D('',#2281,#1363,#1364);
#1238=AXIS2_PLACEMENT_3D('',#2285,#1367,#1368);
#1239=AXIS2_PLACEMENT_3D('',#2289,#1371,#1372);
#1240=AXIS2_PLACEMENT_3D('',#2412,#1382,#1383);
#1241=AXIS2_PLACEMENT_3D('',#2416,#1386,#1387);
#1242=AXIS2_PLACEMENT_3D('',#2420,#1390,#1391);
#1243=AXIS2_PLACEMENT_3D('',#2422,#1393,#1394);
#1244=AXIS2_PLACEMENT_3D('',#2423,#1395,#1396);
#1245=AXIS2_PLACEMENT_3D('',#2424,#1397,#1398);
#1246=AXIS2_PLACEMENT_3D('',#2425,#1399,#1400);
#1247=AXIS2_PLACEMENT_3D('',#2426,#1401,#1402);
#1248=DIRECTION('axis',(0.,0.,1.));
#1249=DIRECTION('refdir',(1.,0.,0.));
#1250=DIRECTION('center_axis',(0.707106781186546,0.707106781186549,0.));
#1251=DIRECTION('ref_axis',(0.,0.,-1.));
#1252=DIRECTION('',(-0.707106781186549,0.707106781186546,0.));
#1253=DIRECTION('',(0.,0.,1.));
#1254=DIRECTION('',(0.707106781186549,-0.707106781186546,0.));
#1255=DIRECTION('',(0.,0.,-1.));
#1256=DIRECTION('center_axis',(0.,1.,0.));
#1257=DIRECTION('ref_axis',(1.,0.,0.));
#1258=DIRECTION('',(1.,0.,0.));
#1259=DIRECTION('',(0.,0.,1.));
#1260=DIRECTION('',(1.,0.,0.));
#1261=DIRECTION('center_axis',(0.,0.,-1.));
#1262=DIRECTION('ref_axis',(-1.,0.,0.));
#1263=DIRECTION('',(0.,-1.,0.));
#1264=DIRECTION('',(0.707106781186547,0.707106781186548,0.));
#1265=DIRECTION('',(-1.,0.,0.));
#1266=DIRECTION('',(0.707106786454904,-0.707106775918191,0.));
#1267=DIRECTION('',(-1.49011611938477E-8,1.,0.));
#1268=DIRECTION('center_axis',(0.,0.,1.));
#1269=DIRECTION('ref_axis',(-1.,0.,0.));
#1270=DIRECTION('center_axis',(-0.707106775918191,-0.707106786454904,0.));
#1271=DIRECTION('ref_axis',(0.,0.,1.));
#1272=DIRECTION('',(0.,0.,1.));
#1273=DIRECTION('',(-0.707106786454904,0.707106775918191,0.));
#1274=DIRECTION('',(0.,0.,-1.));
#1275=DIRECTION('center_axis',(0.,0.,1.));
#1276=DIRECTION('ref_axis',(1.,0.,0.));
#1277=DIRECTION('center_axis',(0.,0.,-1.));
#1278=DIRECTION('ref_axis',(-1.,0.,0.));
#1279=DIRECTION('',(-1.49011611938477E-8,1.,0.));
#1280=DIRECTION('',(-1.,0.,0.));
#1281=DIRECTION('',(-0.707106781186547,-0.707106781186548,0.));
#1282=DIRECTION('',(0.,-1.,0.));
#1283=DIRECTION('',(-0.994362895649885,-0.106030334125552,0.));
#1284=DIRECTION('',(-0.00362015454037838,-0.999993447219082,0.));
#1285=DIRECTION('',(-0.999993447219082,0.00362015454037839,0.));
#1286=DIRECTION('',(0.00362015454037841,0.999993447219082,0.));
#1287=DIRECTION('',(0.999993447219082,-0.00362015454037848,0.));
#1288=DIRECTION('',(0.52745952721964,-0.84958015934062,0.));
#1289=DIRECTION('',(-0.999993447219082,0.00362015454037869,0.));
#1290=DIRECTION('',(-0.554090951440179,0.832456135500314,0.));
#1291=DIRECTION('',(-0.999993447219082,0.003620154540377,0.));
#1292=DIRECTION('center_axis',(0.,-1.,0.));
#1293=DIRECTION('ref_axis',(-1.,0.,0.));
#1294=DIRECTION('',(0.,0.,-1.));
#1295=DIRECTION('center_axis',(0.707106781186548,-0.707106781186547,0.));
#1296=DIRECTION('ref_axis',(0.,0.,-1.));
#1297=DIRECTION('',(0.,0.,1.));
#1298=DIRECTION('center_axis',(0.,0.,-1.));
#1299=DIRECTION('ref_axis',(-1.,0.,0.));
#1300=DIRECTION('',(0.,0.,-1.));
#1301=DIRECTION('',(0.,0.,-1.));
#1302=DIRECTION('',(0.,0.,-1.));
#1303=DIRECTION('',(0.,0.,-1.));
#1304=DIRECTION('',(0.,0.,-1.));
#1305=DIRECTION('',(0.,0.,-1.));
#1306=DIRECTION('',(0.,0.,-1.));
#1307=DIRECTION('',(0.,0.,-1.));
#1308=DIRECTION('',(0.,0.,-1.));
#1309=DIRECTION('',(0.,0.,-1.));
#1310=DIRECTION('',(0.,0.,-1.));
#1311=DIRECTION('',(0.,0.,-1.));
#1312=DIRECTION('',(0.,0.,-1.));
#1313=DIRECTION('',(0.,0.,-1.));
#1314=DIRECTION('',(0.,0.,-1.));
#1315=DIRECTION('',(0.,0.,-1.));
#1316=DIRECTION('',(0.,0.,-1.));
#1317=DIRECTION('',(0.,0.,-1.));
#1318=DIRECTION('',(0.,0.,-1.));
#1319=DIRECTION('',(0.,0.,-1.));
#1320=DIRECTION('',(0.,0.,-1.));
#1321=DIRECTION('',(0.,0.,-1.));
#1322=DIRECTION('',(0.,0.,-1.));
#1323=DIRECTION('',(0.,0.,-1.));
#1324=DIRECTION('center_axis',(0.106030334125552,-0.994362895649885,0.));
#1325=DIRECTION('ref_axis',(-0.994362895649885,-0.106030334125552,0.));
#1326=DIRECTION('',(0.,0.,-1.));
#1327=DIRECTION('',(-0.994362895649885,-0.106030334125552,0.));
#1328=DIRECTION('center_axis',(0.,0.,1.));
#1329=DIRECTION('ref_axis',(1.,0.,0.));
#1330=DIRECTION('center_axis',(-0.0036201545403791,-0.999993447219082,0.));
#1331=DIRECTION('ref_axis',(-0.999993447219082,0.0036201545403791,0.));
#1332=DIRECTION('',(-0.999993447219082,0.0036201545403791,0.));
#1333=DIRECTION('',(0.,0.,-1.));
#1334=DIRECTION('',(-0.999993447219082,0.0036201545403791,0.));
#1335=DIRECTION('',(0.,0.,-1.));
#1336=DIRECTION('',(0.,0.,-1.));
#1337=DIRECTION('',(0.,0.,-1.));
#1338=DIRECTION('',(0.,0.,-1.));
#1339=DIRECTION('',(0.,0.,-1.));
#1340=DIRECTION('',(0.,0.,-1.));
#1341=DIRECTION('',(0.,0.,-1.));
#1342=DIRECTION('center_axis',(0.00362015454037866,0.999993447219082,0.));
#1343=DIRECTION('ref_axis',(0.999993447219082,-0.00362015454037866,0.));
#1344=DIRECTION('',(0.999993447219082,-0.00362015454037866,0.));
#1345=DIRECTION('',(0.,0.,-1.));
#1346=DIRECTION('',(0.999993447219082,-0.00362015454037866,0.));
#1347=DIRECTION('center_axis',(0.999993447219082,-0.00362015454037793,0.));
#1348=DIRECTION('ref_axis',(-0.00362015454037793,-0.999993447219082,0.));
#1349=DIRECTION('',(-0.00362015454037793,-0.999993447219082,0.));
#1350=DIRECTION('',(-0.00362015454037793,-0.999993447219082,0.));
#1351=DIRECTION('center_axis',(0.999993447219082,-0.00362015454037838,0.));
#1352=DIRECTION('ref_axis',(-0.00362015454037838,-0.999993447219082,0.));
#1353=DIRECTION('',(0.,0.,-1.));
#1354=DIRECTION('',(-0.00362015454037838,-0.999993447219082,0.));
#1355=DIRECTION('',(0.,0.,-1.));
#1356=DIRECTION('center_axis',(-0.003620154540377,-0.999993447219082,0.));
#1357=DIRECTION('ref_axis',(-0.999993447219082,0.003620154540377,0.));
#1358=DIRECTION('',(0.,0.,-1.));
#1359=DIRECTION('',(-0.999993447219082,0.003620154540377,0.));
#1360=DIRECTION('',(0.,0.,-1.));
#1361=DIRECTION('',(0.,0.,-1.));
#1362=DIRECTION('',(0.,0.,-1.));
#1363=DIRECTION('center_axis',(-0.832456135500314,-0.554090951440179,0.));
#1364=DIRECTION('ref_axis',(-0.554090951440179,0.832456135500314,0.));
#1365=DIRECTION('',(0.,0.,-1.));
#1366=DIRECTION('',(-0.554090951440179,0.832456135500314,0.));
#1367=DIRECTION('center_axis',(-0.00362015454037869,-0.999993447219082,
0.));
#1368=DIRECTION('ref_axis',(-0.999993447219082,0.00362015454037869,0.));
#1369=DIRECTION('',(0.,0.,-1.));
#1370=DIRECTION('',(-0.999993447219082,0.00362015454037869,0.));
#1371=DIRECTION('center_axis',(0.84958015934062,0.52745952721964,0.));
#1372=DIRECTION('ref_axis',(0.52745952721964,-0.84958015934062,0.));
#1373=DIRECTION('',(0.,0.,-1.));
#1374=DIRECTION('',(0.52745952721964,-0.84958015934062,0.));
#1375=DIRECTION('',(0.,0.,-1.));
#1376=DIRECTION('',(0.,0.,-1.));
#1377=DIRECTION('',(0.,0.,-1.));
#1378=DIRECTION('',(0.,0.,-1.));
#1379=DIRECTION('',(0.,0.,-1.));
#1380=DIRECTION('',(0.,0.,-1.));
#1381=DIRECTION('',(0.,0.,-1.));
#1382=DIRECTION('center_axis',(0.00362015454037848,0.999993447219082,0.));
#1383=DIRECTION('ref_axis',(0.999993447219082,-0.00362015454037848,0.));
#1384=DIRECTION('',(0.,0.,-1.));
#1385=DIRECTION('',(0.999993447219082,-0.00362015454037848,0.));
#1386=DIRECTION('center_axis',(-0.999993447219082,0.00362015454037841,0.));
#1387=DIRECTION('ref_axis',(0.00362015454037841,0.999993447219082,0.));
#1388=DIRECTION('',(0.,0.,-1.));
#1389=DIRECTION('',(0.00362015454037841,0.999993447219082,0.));
#1390=DIRECTION('center_axis',(-0.00362015454037839,-0.999993447219082,
0.));
#1391=DIRECTION('ref_axis',(-0.999993447219082,0.00362015454037839,0.));
#1392=DIRECTION('',(-0.999993447219082,0.00362015454037839,0.));
#1393=DIRECTION('center_axis',(0.,0.,1.));
#1394=DIRECTION('ref_axis',(1.,0.,0.));
#1395=DIRECTION('center_axis',(0.,0.,1.));
#1396=DIRECTION('ref_axis',(1.,0.,0.));
#1397=DIRECTION('center_axis',(-1.,-1.49011611938477E-8,0.));
#1398=DIRECTION('ref_axis',(-1.49011611938477E-8,1.,0.));
#1399=DIRECTION('center_axis',(1.,0.,0.));
#1400=DIRECTION('ref_axis',(0.,-1.,0.));
#1401=DIRECTION('center_axis',(0.,0.,1.));
#1402=DIRECTION('ref_axis',(1.,0.,0.));
#1403=CARTESIAN_POINT('',(0.,0.,0.));
#1404=CARTESIAN_POINT('Origin',(-0.5,34.5,0.));
#1405=CARTESIAN_POINT('',(0.,34.,-2.));
#1406=CARTESIAN_POINT('',(-1.,35.,-2.));
#1407=CARTESIAN_POINT('',(-0.500000065192598,34.5000000651926,-2.));
#1408=CARTESIAN_POINT('',(-1.,35.,0.));
#1409=CARTESIAN_POINT('',(-1.,35.,0.));
#1410=CARTESIAN_POINT('',(0.,34.,0.));
#1411=CARTESIAN_POINT('',(-0.500000065192598,34.5000000651926,0.));
#1412=CARTESIAN_POINT('',(0.,34.,0.));
#1413=CARTESIAN_POINT('Origin',(-35.0000005215406,35.,0.));
#1414=CARTESIAN_POINT('',(-29.0000005215406,35.,-2.));
#1415=CARTESIAN_POINT('',(-35.0000005215406,35.,-2.));
#1416=CARTESIAN_POINT('',(-29.0000005215406,35.,0.));
#1417=CARTESIAN_POINT('',(-29.0000005215406,35.,0.));
#1418=CARTESIAN_POINT('',(-35.0000005215406,35.,0.));
#1419=CARTESIAN_POINT('Origin',(-17.5000002607703,17.5,-2.));
#1420=CARTESIAN_POINT('',(0.,1.,-2.));
#1421=CARTESIAN_POINT('',(0.,35.,-2.));
#1422=CARTESIAN_POINT('',(-1.,0.,-2.));
#1423=CARTESIAN_POINT('',(-0.500000065192576,0.499999934807424,-2.));
#1424=CARTESIAN_POINT('',(-34.,0.,-2.));
#1425=CARTESIAN_POINT('',(0.,0.,-2.));
#1426=CARTESIAN_POINT('',(-35.0000000149012,1.,-2.));
#1427=CARTESIAN_POINT('',(-34.5000000074506,0.5,-2.));
#1428=CARTESIAN_POINT('',(-35.0000004321337,29.,-2.));
#1429=CARTESIAN_POINT('',(-35.,0.,-2.));
#1430=CARTESIAN_POINT('Origin',(-35.0000005215406,35.,-2.));
#1431=CARTESIAN_POINT('Origin',(-34.5000000074506,0.5,0.));
#1432=CARTESIAN_POINT('',(-34.,0.,0.));
#1433=CARTESIAN_POINT('',(-34.,0.,0.));
#1434=CARTESIAN_POINT('',(-35.0000000149012,1.,0.));
#1435=CARTESIAN_POINT('',(-34.5000000074506,0.5,0.));
#1436=CARTESIAN_POINT('',(-35.0000000149012,1.,0.));
#1437=CARTESIAN_POINT('Origin',(-17.5000002607703,17.5,0.));
#1438=CARTESIAN_POINT('',(-35.0000004321337,29.,0.));
#1439=CARTESIAN_POINT('Origin',(-35.0000005215406,35.,0.));
#1440=CARTESIAN_POINT('',(-35.,0.,0.));
#1441=CARTESIAN_POINT('',(-1.,0.,0.));
#1442=CARTESIAN_POINT('',(0.,0.,0.));
#1443=CARTESIAN_POINT('',(0.,1.,0.));
#1444=CARTESIAN_POINT('',(-0.500000065192576,0.499999934807424,0.));
#1445=CARTESIAN_POINT('',(0.,35.,0.));
#1446=CARTESIAN_POINT('',(-9.09195036106172,9.3680215979808,0.));
#1447=CARTESIAN_POINT('',(-7.97086905856107,8.98439345028095,0.));
#1448=CARTESIAN_POINT('Ctrl Pts',(-9.09195036106172,9.3680215979808,0.));
#1449=CARTESIAN_POINT('Ctrl Pts',(-8.87904269709668,9.35416936241519,0.));
#1450=CARTESIAN_POINT('Ctrl Pts',(-8.46985456237481,9.32754669262838,0.));
#1451=CARTESIAN_POINT('Ctrl Pts',(-8.13262989752639,9.09563667468634,0.));
#1452=CARTESIAN_POINT('Ctrl Pts',(-7.97086905856107,8.98439345028095,0.));
#1453=CARTESIAN_POINT('',(-7.40855666389324,7.88018527510541,0.));
#1454=CARTESIAN_POINT('Ctrl Pts',(-7.97086905856107,8.98439345028095,0.));
#1455=CARTESIAN_POINT('Ctrl Pts',(-7.83566855831638,8.83642628542585,0.));
#1456=CARTESIAN_POINT('Ctrl Pts',(-7.54751255061361,8.52106038501441,0.));
#1457=CARTESIAN_POINT('Ctrl Pts',(-7.45673964583116,8.1024088496082,0.));
#1458=CARTESIAN_POINT('Ctrl Pts',(-7.40855666389324,7.88018527510541,0.));
#1459=CARTESIAN_POINT('',(-8.51318543150873,7.76239713374639,0.));
#1460=CARTESIAN_POINT('',(-11.8904310957539,7.40227661057467,0.));
#1461=CARTESIAN_POINT('',(-8.72245753399709,8.26654101546631,0.));
#1462=CARTESIAN_POINT('Ctrl Pts',(-8.51318543150873,7.76239713374639,0.));
#1463=CARTESIAN_POINT('Ctrl Pts',(-8.5283349838914,7.86512653184867,0.));
#1464=CARTESIAN_POINT('Ctrl Pts',(-8.5558349163279,8.05160408812856,0.));
#1465=CARTESIAN_POINT('Ctrl Pts',(-8.67081797271943,8.19992791824487,0.));
#1466=CARTESIAN_POINT('Ctrl Pts',(-8.72245753399709,8.26654101546631,0.));
#1467=CARTESIAN_POINT('',(-9.16435676879719,8.43052366136119,0.));
#1468=CARTESIAN_POINT('Ctrl Pts',(-8.72245753399709,8.26654101546631,0.));
#1469=CARTESIAN_POINT('Ctrl Pts',(-8.78504011229775,8.31410825790169,0.));
#1470=CARTESIAN_POINT('Ctrl Pts',(-8.91543905996041,8.41322079888694,0.));
#1471=CARTESIAN_POINT('Ctrl Pts',(-9.0791933438076,8.42460374896397,0.));
#1472=CARTESIAN_POINT('Ctrl Pts',(-9.16435676879719,8.43052366136119,0.));
#1473=CARTESIAN_POINT('',(-9.77648918081874,8.10797420405664,0.));
#1474=CARTESIAN_POINT('Ctrl Pts',(-9.16435676879719,8.43052366136119,0.));
#1475=CARTESIAN_POINT('Ctrl Pts',(-9.28160052275626,8.41553468793368,0.));
#1476=CARTESIAN_POINT('Ctrl Pts',(-9.52502450356391,8.38441426184074,0.));
#1477=CARTESIAN_POINT('Ctrl Pts',(-9.69064094272203,8.20234885802074,0.));
#1478=CARTESIAN_POINT('Ctrl Pts',(-9.77648918081874,8.10797420405664,0.));
#1479=CARTESIAN_POINT('',(-10.0959957138944,6.75729522938469,0.));
#1480=CARTESIAN_POINT('Ctrl Pts',(-9.77648918081874,8.10797420405664,0.));
#1481=CARTESIAN_POINT('Ctrl Pts',(-9.85350927204306,7.94374120993608,0.));
#1482=CARTESIAN_POINT('Ctrl Pts',(-10.0529766017913,7.51840911446544,0.));
#1483=CARTESIAN_POINT('Ctrl Pts',(-10.079632454819,7.04680152271762,0.));
#1484=CARTESIAN_POINT('Ctrl Pts',(-10.0959957138944,6.75729522938469,0.));
#1485=CARTESIAN_POINT('',(-9.03464041851262,7.25683921341896,0.));
#1486=CARTESIAN_POINT('Ctrl Pts',(-10.0959957138944,6.75729522938469,0.));
#1487=CARTESIAN_POINT('Ctrl Pts',(-9.94602050664587,6.90356748199636,0.));
#1488=CARTESIAN_POINT('Ctrl Pts',(-9.64954939614251,7.19271858879055,0.));
#1489=CARTESIAN_POINT('Ctrl Pts',(-9.23800013447232,7.23563355130316,0.));
#1490=CARTESIAN_POINT('Ctrl Pts',(-9.03464041851262,7.25683921341896,0.));
#1491=CARTESIAN_POINT('',(-7.81266614586114,6.7084336698623,0.));
#1492=CARTESIAN_POINT('Ctrl Pts',(-9.03464041851262,7.25683921341896,0.));
#1493=CARTESIAN_POINT('Ctrl Pts',(-8.80411927148639,7.23227215021245,0.));
#1494=CARTESIAN_POINT('Ctrl Pts',(-8.33748798904951,7.18254239501366,0.));
#1495=CARTESIAN_POINT('Ctrl Pts',(-7.9889980843446,6.86772679312481,0.));
#1496=CARTESIAN_POINT('Ctrl Pts',(-7.81266614586114,6.7084336698623,0.));
#1497=CARTESIAN_POINT('',(-7.30828246275274,5.30199776743639,0.));
#1498=CARTESIAN_POINT('Ctrl Pts',(-7.81266614586114,6.7084336698623,0.));
#1499=CARTESIAN_POINT('Ctrl Pts',(-7.66485974022176,6.50804883084311,0.));
#1500=CARTESIAN_POINT('Ctrl Pts',(-7.35695069383716,6.09060883948802,0.));
#1501=CARTESIAN_POINT('Ctrl Pts',(-7.32493143227912,5.57177460982828,0.));
#1502=CARTESIAN_POINT('Ctrl Pts',(-7.30828246275274,5.30199776743639,0.));
#1503=CARTESIAN_POINT('',(-7.84944313583034,3.83845322574286,0.));
#1504=CARTESIAN_POINT('Ctrl Pts',(-7.30828246275274,5.30199776743639,0.));
#1505=CARTESIAN_POINT('Ctrl Pts',(-7.32704657451751,5.01756789201522,0.));
#1506=CARTESIAN_POINT('Ctrl Pts',(-7.36286184311775,4.47467342869897,0.));
#1507=CARTESIAN_POINT('Ctrl Pts',(-7.69250470341567,4.0436551166044,0.));
#1508=CARTESIAN_POINT('Ctrl Pts',(-7.84944313583034,3.83845322574286,0.));
#1509=CARTESIAN_POINT('',(-9.22761701940608,3.29134188015536,0.));
#1510=CARTESIAN_POINT('Ctrl Pts',(-7.84944313583034,3.83845322574286,0.));
#1511=CARTESIAN_POINT('Ctrl Pts',(-8.04465869881716,3.67815827559924,0.));
#1512=CARTESIAN_POINT('Ctrl Pts',(-8.44504333368043,3.34939537318651,0.));
#1513=CARTESIAN_POINT('Ctrl Pts',(-8.96247139319943,3.31101112030999,0.));
#1514=CARTESIAN_POINT('Ctrl Pts',(-9.22761701940608,3.29134188015536,0.));
#1515=CARTESIAN_POINT('',(-10.7068043524391,3.99697192429591,0.));
#1516=CARTESIAN_POINT('Ctrl Pts',(-9.22761701940608,3.29134188015536,0.));
#1517=CARTESIAN_POINT('Ctrl Pts',(-9.51480927909491,3.32187109726371,0.));
#1518=CARTESIAN_POINT('Ctrl Pts',(-10.0907362379057,3.38309349644374,0.));
#1519=CARTESIAN_POINT('Ctrl Pts',(-10.5010819868682,3.79198075632029,0.));
#1520=CARTESIAN_POINT('Ctrl Pts',(-10.7068043524391,3.99697192429591,0.));
#1521=CARTESIAN_POINT('',(-11.2790039441275,6.29472774918177,0.));
#1522=CARTESIAN_POINT('Ctrl Pts',(-10.7068043524391,3.99697192429591,0.));
#1523=CARTESIAN_POINT('Ctrl Pts',(-10.8740933213753,4.29908974793985,0.));
#1524=CARTESIAN_POINT('Ctrl Pts',(-11.2672661195964,5.00914559244636,0.));
#1525=CARTESIAN_POINT('Ctrl Pts',(-11.2747210003147,5.82563945011338,0.));
#1526=CARTESIAN_POINT('Ctrl Pts',(-11.2790039441275,6.29472774918177,0.));
#1527=CARTESIAN_POINT('',(-10.6655979260107,8.65111531413362,0.));
#1528=CARTESIAN_POINT('Ctrl Pts',(-11.2790039441275,6.29472774918177,0.));
#1529=CARTESIAN_POINT('Ctrl Pts',(-11.2706523126369,6.77632389519705,0.));
#1530=CARTESIAN_POINT('Ctrl Pts',(-11.2560852972427,7.61632964504962,0.));
#1531=CARTESIAN_POINT('Ctrl Pts',(-10.8421947495933,8.34164237508041,0.));
#1532=CARTESIAN_POINT('Ctrl Pts',(-10.6655979260107,8.65111531413362,0.));
#1533=CARTESIAN_POINT('Ctrl Pts',(-10.6655979260107,8.65111531413362,0.));
#1534=CARTESIAN_POINT('Ctrl Pts',(-10.4470127287554,8.86108014646186,0.));
#1535=CARTESIAN_POINT('Ctrl Pts',(-10.0066675106294,9.28405942891708,0.));
#1536=CARTESIAN_POINT('Ctrl Pts',(-9.39831811384724,9.33990000753374,0.));
#1537=CARTESIAN_POINT('Ctrl Pts',(-9.09195036106172,9.3680215979808,0.));
#1538=CARTESIAN_POINT('',(-15.8312027303608,5.90119163467797,0.));
#1539=CARTESIAN_POINT('',(-15.8401967813848,3.4167694953166,0.));
#1540=CARTESIAN_POINT('',(-15.8102190637801,11.6974991804532,0.));
#1541=CARTESIAN_POINT('',(-17.0418127718788,3.42111955940539,0.));
#1542=CARTESIAN_POINT('',(-16.6955792131703,3.41986613220237,0.));
#1543=CARTESIAN_POINT('',(-17.0202681991536,9.37236592417989,0.));
#1544=CARTESIAN_POINT('',(-17.0163320797861,10.4596381748613,0.));
#1545=CARTESIAN_POINT('',(-14.491191558368,9.36321021590043,0.));
#1546=CARTESIAN_POINT('',(-17.274842635692,9.37328752902126,0.));
#1547=CARTESIAN_POINT('',(-13.1054483296109,9.19784113202468,0.));
#1548=CARTESIAN_POINT('Ctrl Pts',(-14.491191558368,9.36321021590043,0.));
#1549=CARTESIAN_POINT('Ctrl Pts',(-14.2149767463002,9.36182767210644,0.));
#1550=CARTESIAN_POINT('Ctrl Pts',(-13.7459903335049,9.35948024457486,0.));
#1551=CARTESIAN_POINT('Ctrl Pts',(-13.2920396589196,9.24492696979278,0.));
#1552=CARTESIAN_POINT('Ctrl Pts',(-13.1054483296109,9.19784113202468,0.));
#1553=CARTESIAN_POINT('',(-12.4153655945037,8.62497338544868,0.));
#1554=CARTESIAN_POINT('Ctrl Pts',(-13.1054483296109,9.19784113202468,0.));
#1555=CARTESIAN_POINT('Ctrl Pts',(-12.9681765788187,9.13256336688472,0.));
#1556=CARTESIAN_POINT('Ctrl Pts',(-12.6897658690683,9.00016883692021,0.));
#1557=CARTESIAN_POINT('Ctrl Pts',(-12.5076754495182,8.75119132667492,0.));
#1558=CARTESIAN_POINT('Ctrl Pts',(-12.4153655945037,8.62497338544868,0.));
#1559=CARTESIAN_POINT('',(-12.1589520199344,7.68628535990198,0.));
#1560=CARTESIAN_POINT('Ctrl Pts',(-12.4153655945037,8.62497338544868,0.));
#1561=CARTESIAN_POINT('Ctrl Pts',(-12.3401178041366,8.48125217039315,0.));
#1562=CARTESIAN_POINT('Ctrl Pts',(-12.1862074988143,8.18728771000718,0.));
#1563=CARTESIAN_POINT('Ctrl Pts',(-12.1681705714076,7.85573811371359,0.));
#1564=CARTESIAN_POINT('Ctrl Pts',(-12.1589520199344,7.68628535990198,0.));
#1565=CARTESIAN_POINT('',(-12.5567292493002,6.58149347938074,0.));
#1566=CARTESIAN_POINT('Ctrl Pts',(-12.1589520199344,7.68628535990198,0.));
#1567=CARTESIAN_POINT('Ctrl Pts',(-12.1736205798988,7.47563601024323,0.));
#1568=CARTESIAN_POINT('Ctrl Pts',(-12.2019358934043,7.06901106615803,0.));
#1569=CARTESIAN_POINT('Ctrl Pts',(-12.4413446215467,6.7400422073623,0.));
#1570=CARTESIAN_POINT('Ctrl Pts',(-12.5567292493002,6.58149347938074,0.));
#1571=CARTESIAN_POINT('',(-13.7359797001803,6.03569154696008,0.));
#1572=CARTESIAN_POINT('Ctrl Pts',(-12.5567292493002,6.58149347938074,0.));
#1573=CARTESIAN_POINT('Ctrl Pts',(-12.7138737793242,6.44890286597119,0.));
#1574=CARTESIAN_POINT('Ctrl Pts',(-13.0557788953022,6.1604206066876,0.));
#1575=CARTESIAN_POINT('Ctrl Pts',(-13.4973571758453,6.07944798311343,0.));
#1576=CARTESIAN_POINT('Ctrl Pts',(-13.7359797001803,6.03569154696008,0.));
#1577=CARTESIAN_POINT('',(-13.0943543372804,5.53404216832301,0.));
#1578=CARTESIAN_POINT('Ctrl Pts',(-13.7359797001803,6.03569154696008,0.));
#1579=CARTESIAN_POINT('Ctrl Pts',(-13.6143223743151,5.96004663227764,0.));
#1580=CARTESIAN_POINT('Ctrl Pts',(-13.3823491164613,5.81580873148396,0.));
#1581=CARTESIAN_POINT('Ctrl Pts',(-13.1871717951962,5.62485234270407,0.));
#1582=CARTESIAN_POINT('Ctrl Pts',(-13.0943543372804,5.53404216832301,0.));
#1583=CARTESIAN_POINT('',(-12.4138237698157,4.56540116897722,0.));
#1584=CARTESIAN_POINT('Ctrl Pts',(-13.0943543372804,5.53404216832301,0.));
#1585=CARTESIAN_POINT('Ctrl Pts',(-12.9932095889902,5.40949040901798,0.));
#1586=CARTESIAN_POINT('Ctrl Pts',(-12.7439957360002,5.10260325612292,0.));
#1587=CARTESIAN_POINT('Ctrl Pts',(-12.5368803129763,4.765618748279,0.));
#1588=CARTESIAN_POINT('Ctrl Pts',(-12.4138237698157,4.56540116897722,0.));
#1589=CARTESIAN_POINT('',(-11.6913741229564,3.40175001771312,0.));
#1590=CARTESIAN_POINT('',(-16.0194660973909,10.3730167775791,0.));
#1591=CARTESIAN_POINT('',(-13.1284419303588,3.40695245935138,0.));
#1592=CARTESIAN_POINT('',(-14.621167883956,3.41235639340063,0.));
#1593=CARTESIAN_POINT('',(-13.9924897342131,4.70508211444599,0.));
#1594=CARTESIAN_POINT('',(-17.0497670892862,9.29827982962577,0.));
#1595=CARTESIAN_POINT('',(-14.6226068845848,5.58220006390735,0.));
#1596=CARTESIAN_POINT('Ctrl Pts',(-13.9924897342131,4.70508211444599,0.));
#1597=CARTESIAN_POINT('Ctrl Pts',(-14.1179325153597,4.8969157588529,0.));
#1598=CARTESIAN_POINT('Ctrl Pts',(-14.3152204646178,5.19861878199873,0.));
#1599=CARTESIAN_POINT('Ctrl Pts',(-14.5405499856287,5.47980292321914,0.));
#1600=CARTESIAN_POINT('Ctrl Pts',(-14.6226068845848,5.58220006390735,0.));
#1601=CARTESIAN_POINT('',(-14.9830069708851,5.83113806819682,0.));
#1602=CARTESIAN_POINT('Ctrl Pts',(-14.6226068845848,5.58220006390735,0.));
#1603=CARTESIAN_POINT('Ctrl Pts',(-14.6782001398671,5.63718906394071,0.));
#1604=CARTESIAN_POINT('Ctrl Pts',(-14.7837433144072,5.74158506663635,0.));
#1605=CARTESIAN_POINT('Ctrl Pts',(-14.9189963881063,5.80237045487082,0.));
#1606=CARTESIAN_POINT('Ctrl Pts',(-14.9830069708851,5.83113806819682,0.));
#1607=CARTESIAN_POINT('',(-15.5876318827139,5.90030986478992,0.));
#1608=CARTESIAN_POINT('Ctrl Pts',(-14.9830069708851,5.83113806819682,0.));
#1609=CARTESIAN_POINT('Ctrl Pts',(-15.0648126392393,5.85082516507084,0.));
#1610=CARTESIAN_POINT('Ctrl Pts',(-15.2631911253843,5.89856631251248,0.));
#1611=CARTESIAN_POINT('Ctrl Pts',(-15.4675467368026,5.89966452438521,0.));
#1612=CARTESIAN_POINT('Ctrl Pts',(-15.5876318827139,5.90030986478992,0.));
#1613=CARTESIAN_POINT('',(-16.5647997383228,5.90384738661972,0.));
#1614=CARTESIAN_POINT('Origin',(0.,0.,0.));
#1615=CARTESIAN_POINT('',(-1.,0.,0.));
#1616=CARTESIAN_POINT('Origin',(-0.5,0.5,0.));
#1617=CARTESIAN_POINT('',(0.,1.,0.));
#1618=CARTESIAN_POINT('Origin',(-35.0000005215406,35.,0.));
#1619=CARTESIAN_POINT('',(-35.0000004321337,29.,0.));
#1620=CARTESIAN_POINT('Ctrl Pts',(-9.216300976735,6.41716659103954,0.));
#1621=CARTESIAN_POINT('Ctrl Pts',(-9.216300976735,6.41716659103954,-0.4));
#1622=CARTESIAN_POINT('Ctrl Pts',(-9.32218682463881,6.40627473240294,0.));
#1623=CARTESIAN_POINT('Ctrl Pts',(-9.32218682463881,6.40627473240294,-0.4));
#1624=CARTESIAN_POINT('Ctrl Pts',(-9.53667609682657,6.38421147392235,0.));
#1625=CARTESIAN_POINT('Ctrl Pts',(-9.53667609682657,6.38421147392235,-0.4));
#1626=CARTESIAN_POINT('Ctrl Pts',(-9.69381981208453,6.23629572370937,0.));
#1627=CARTESIAN_POINT('Ctrl Pts',(-9.69381981208453,6.23629572370937,-0.4));
#1628=CARTESIAN_POINT('Ctrl Pts',(-9.77338717416115,6.16140080325574,0.));
#1629=CARTESIAN_POINT('Ctrl Pts',(-9.77338717416115,6.16140080325574,-0.4));
#1630=CARTESIAN_POINT('',(-9.216300976735,6.41716659103954,0.));
#1631=CARTESIAN_POINT('',(-9.77338717416115,6.16140080325574,0.));
#1632=CARTESIAN_POINT('Ctrl Pts',(-9.216300976735,6.41716659103954,0.));
#1633=CARTESIAN_POINT('Ctrl Pts',(-9.32218682463881,6.40627473240294,0.));
#1634=CARTESIAN_POINT('Ctrl Pts',(-9.53667609682657,6.38421147392235,0.));
#1635=CARTESIAN_POINT('Ctrl Pts',(-9.69381981208453,6.23629572370937,0.));
#1636=CARTESIAN_POINT('Ctrl Pts',(-9.77338717416115,6.16140080325574,0.));
#1637=CARTESIAN_POINT('',(-9.216300976735,6.41716659103954,-0.4));
#1638=CARTESIAN_POINT('',(-9.216300976735,6.41716659103954,0.));
#1639=CARTESIAN_POINT('',(-9.77338717416115,6.16140080325574,-0.4));
#1640=CARTESIAN_POINT('Ctrl Pts',(-9.216300976735,6.41716659103954,-0.4));
#1641=CARTESIAN_POINT('Ctrl Pts',(-9.32218682463881,6.40627473240294,-0.4));
#1642=CARTESIAN_POINT('Ctrl Pts',(-9.53667609682657,6.38421147392235,-0.4));
#1643=CARTESIAN_POINT('Ctrl Pts',(-9.69381981208453,6.23629572370937,-0.4));
#1644=CARTESIAN_POINT('Ctrl Pts',(-9.77338717416115,6.16140080325574,-0.4));
#1645=CARTESIAN_POINT('',(-9.77338717416115,6.16140080325574,0.));
#1646=CARTESIAN_POINT('Ctrl Pts',(-8.6489463428431,6.14515162617705,0.));
#1647=CARTESIAN_POINT('Ctrl Pts',(-8.6489463428431,6.14515162617705,-0.4));
#1648=CARTESIAN_POINT('Ctrl Pts',(-8.72860099083128,6.2241764295093,0.));
#1649=CARTESIAN_POINT('Ctrl Pts',(-8.72860099083128,6.2241764295093,-0.4));
#1650=CARTESIAN_POINT('Ctrl Pts',(-8.88634586122789,6.38067398080867,0.));
#1651=CARTESIAN_POINT('Ctrl Pts',(-8.88634586122789,6.38067398080867,-0.4));
#1652=CARTESIAN_POINT('Ctrl Pts',(-9.10704553027754,6.40508307956846,0.));
#1653=CARTESIAN_POINT('Ctrl Pts',(-9.10704553027754,6.40508307956846,-0.4));
#1654=CARTESIAN_POINT('Ctrl Pts',(-9.216300976735,6.41716659103954,0.));
#1655=CARTESIAN_POINT('Ctrl Pts',(-9.216300976735,6.41716659103954,-0.4));
#1656=CARTESIAN_POINT('',(-8.6489463428431,6.14515162617705,0.));
#1657=CARTESIAN_POINT('Ctrl Pts',(-8.6489463428431,6.14515162617705,0.));
#1658=CARTESIAN_POINT('Ctrl Pts',(-8.72860099083128,6.2241764295093,0.));
#1659=CARTESIAN_POINT('Ctrl Pts',(-8.88634586122789,6.38067398080867,0.));
#1660=CARTESIAN_POINT('Ctrl Pts',(-9.10704553027754,6.40508307956846,0.));
#1661=CARTESIAN_POINT('Ctrl Pts',(-9.216300976735,6.41716659103954,0.));
#1662=CARTESIAN_POINT('',(-8.6489463428431,6.14515162617705,-0.4));
#1663=CARTESIAN_POINT('',(-8.6489463428431,6.14515162617705,0.));
#1664=CARTESIAN_POINT('Ctrl Pts',(-8.6489463428431,6.14515162617705,-0.4));
#1665=CARTESIAN_POINT('Ctrl Pts',(-8.72860099083128,6.2241764295093,-0.4));
#1666=CARTESIAN_POINT('Ctrl Pts',(-8.88634586122789,6.38067398080867,-0.4));
#1667=CARTESIAN_POINT('Ctrl Pts',(-9.10704553027754,6.40508307956846,-0.4));
#1668=CARTESIAN_POINT('Ctrl Pts',(-9.216300976735,6.41716659103954,-0.4));
#1669=CARTESIAN_POINT('Ctrl Pts',(-8.42469277629639,5.29386027491173,0.));
#1670=CARTESIAN_POINT('Ctrl Pts',(-8.42469277629639,5.29386027491173,-0.4));
#1671=CARTESIAN_POINT('Ctrl Pts',(-8.42733563730962,5.46607746302614,0.));
#1672=CARTESIAN_POINT('Ctrl Pts',(-8.42733563730962,5.46607746302614,-0.4));
#1673=CARTESIAN_POINT('Ctrl Pts',(-8.43200035516595,5.77004524208885,0.));
#1674=CARTESIAN_POINT('Ctrl Pts',(-8.43200035516595,5.77004524208885,-0.4));
#1675=CARTESIAN_POINT('Ctrl Pts',(-8.58334717593259,6.03172861908453,0.));
#1676=CARTESIAN_POINT('Ctrl Pts',(-8.58334717593259,6.03172861908453,-0.4));
#1677=CARTESIAN_POINT('Ctrl Pts',(-8.6489463428431,6.14515162617705,0.));
#1678=CARTESIAN_POINT('Ctrl Pts',(-8.6489463428431,6.14515162617705,-0.4));
#1679=CARTESIAN_POINT('',(-8.42469277629639,5.29386027491173,0.));
#1680=CARTESIAN_POINT('Ctrl Pts',(-8.42469277629639,5.29386027491173,0.));
#1681=CARTESIAN_POINT('Ctrl Pts',(-8.42733563730962,5.46607746302614,0.));
#1682=CARTESIAN_POINT('Ctrl Pts',(-8.43200035516595,5.77004524208885,0.));
#1683=CARTESIAN_POINT('Ctrl Pts',(-8.58334717593259,6.03172861908453,0.));
#1684=CARTESIAN_POINT('Ctrl Pts',(-8.6489463428431,6.14515162617705,0.));
#1685=CARTESIAN_POINT('',(-8.42469277629639,5.29386027491173,-0.4));
#1686=CARTESIAN_POINT('',(-8.42469277629639,5.29386027491173,0.));
#1687=CARTESIAN_POINT('Ctrl Pts',(-8.42469277629639,5.29386027491173,-0.4));
#1688=CARTESIAN_POINT('Ctrl Pts',(-8.42733563730962,5.46607746302614,-0.4));
#1689=CARTESIAN_POINT('Ctrl Pts',(-8.43200035516595,5.77004524208885,-0.4));
#1690=CARTESIAN_POINT('Ctrl Pts',(-8.58334717593259,6.03172861908453,-0.4));
#1691=CARTESIAN_POINT('Ctrl Pts',(-8.6489463428431,6.14515162617705,-0.4));
#1692=CARTESIAN_POINT('Ctrl Pts',(-8.63872643413037,4.48272214557925,0.));
#1693=CARTESIAN_POINT('Ctrl Pts',(-8.63872643413037,4.48272214557925,-0.4));
#1694=CARTESIAN_POINT('Ctrl Pts',(-8.5771018119812,4.58899856987734,0.));
#1695=CARTESIAN_POINT('Ctrl Pts',(-8.5771018119812,4.58899856987734,-0.4));
#1696=CARTESIAN_POINT('Ctrl Pts',(-8.43266418930365,4.83809241478773,0.));
#1697=CARTESIAN_POINT('Ctrl Pts',(-8.43266418930365,4.83809241478773,-0.4));
#1698=CARTESIAN_POINT('Ctrl Pts',(-8.42759765998942,5.12777270380278,0.));
#1699=CARTESIAN_POINT('Ctrl Pts',(-8.42759765998942,5.12777270380278,-0.4));
#1700=CARTESIAN_POINT('Ctrl Pts',(-8.42469277629639,5.29386027491173,0.));
#1701=CARTESIAN_POINT('Ctrl Pts',(-8.42469277629639,5.29386027491173,-0.4));
#1702=CARTESIAN_POINT('',(-8.63872643413037,4.48272214557925,0.));
#1703=CARTESIAN_POINT('Ctrl Pts',(-8.63872643413037,4.48272214557925,0.));
#1704=CARTESIAN_POINT('Ctrl Pts',(-8.5771018119812,4.58899856987734,0.));
#1705=CARTESIAN_POINT('Ctrl Pts',(-8.43266418930365,4.83809241478773,0.));
#1706=CARTESIAN_POINT('Ctrl Pts',(-8.42759765998942,5.12777270380278,0.));
#1707=CARTESIAN_POINT('Ctrl Pts',(-8.42469277629639,5.29386027491173,0.));
#1708=CARTESIAN_POINT('',(-8.63872643413037,4.48272214557925,-0.4));
#1709=CARTESIAN_POINT('',(-8.63872643413037,4.48272214557925,0.));
#1710=CARTESIAN_POINT('Ctrl Pts',(-8.63872643413037,4.48272214557925,-0.4));
#1711=CARTESIAN_POINT('Ctrl Pts',(-8.5771018119812,4.58899856987734,-0.4));
#1712=CARTESIAN_POINT('Ctrl Pts',(-8.43266418930365,4.83809241478773,-0.4));
#1713=CARTESIAN_POINT('Ctrl Pts',(-8.42759765998942,5.12777270380278,-0.4));
#1714=CARTESIAN_POINT('Ctrl Pts',(-8.42469277629639,5.29386027491173,-0.4));
#1715=CARTESIAN_POINT('Ctrl Pts',(-9.16735956176376,4.23700260000561,0.));
#1716=CARTESIAN_POINT('Ctrl Pts',(-9.16735956176376,4.23700260000561,-0.4));
#1717=CARTESIAN_POINT('Ctrl Pts',(-9.06590006278129,4.24727346195564,0.));
#1718=CARTESIAN_POINT('Ctrl Pts',(-9.06590006278129,4.24727346195564,-0.4));
#1719=CARTESIAN_POINT('Ctrl Pts',(-8.8613756391023,4.26797770494998,0.));
#1720=CARTESIAN_POINT('Ctrl Pts',(-8.8613756391023,4.26797770494998,-0.4));
#1721=CARTESIAN_POINT('Ctrl Pts',(-8.71333019939521,4.41076705441845,0.));
#1722=CARTESIAN_POINT('Ctrl Pts',(-8.71333019939521,4.41076705441845,-0.4));
#1723=CARTESIAN_POINT('Ctrl Pts',(-8.63872643413037,4.48272214557925,0.));
#1724=CARTESIAN_POINT('Ctrl Pts',(-8.63872643413037,4.48272214557925,-0.4));
#1725=CARTESIAN_POINT('',(-9.16735956176376,4.23700260000561,0.));
#1726=CARTESIAN_POINT('Ctrl Pts',(-9.16735956176376,4.23700260000561,0.));
#1727=CARTESIAN_POINT('Ctrl Pts',(-9.06590006278129,4.24727346195564,0.));
#1728=CARTESIAN_POINT('Ctrl Pts',(-8.8613756391023,4.26797770494998,0.));
#1729=CARTESIAN_POINT('Ctrl Pts',(-8.71333019939521,4.41076705441845,0.));
#1730=CARTESIAN_POINT('Ctrl Pts',(-8.63872643413037,4.48272214557925,0.));
#1731=CARTESIAN_POINT('',(-9.16735956176376,4.23700260000561,-0.4));
#1732=CARTESIAN_POINT('',(-9.16735956176376,4.23700260000561,0.));
#1733=CARTESIAN_POINT('Ctrl Pts',(-9.16735956176376,4.23700260000561,-0.4));
#1734=CARTESIAN_POINT('Ctrl Pts',(-9.06590006278129,4.24727346195564,-0.4));
#1735=CARTESIAN_POINT('Ctrl Pts',(-8.8613756391023,4.26797770494998,-0.4));
#1736=CARTESIAN_POINT('Ctrl Pts',(-8.71333019939521,4.41076705441845,-0.4));
#1737=CARTESIAN_POINT('Ctrl Pts',(-8.63872643413037,4.48272214557925,-0.4));
#1738=CARTESIAN_POINT('Ctrl Pts',(-9.75083461489112,4.54155202519727,0.));
#1739=CARTESIAN_POINT('Ctrl Pts',(-9.75083461489112,4.54155202519727,-0.4));
#1740=CARTESIAN_POINT('Ctrl Pts',(-9.66610049521965,4.45311034081892,0.));
#1741=CARTESIAN_POINT('Ctrl Pts',(-9.66610049521965,4.45311034081892,-0.4));
#1742=CARTESIAN_POINT('Ctrl Pts',(-9.50523007306151,4.28520098910221,0.));
#1743=CARTESIAN_POINT('Ctrl Pts',(-9.50523007306151,4.28520098910221,-0.4));
#1744=CARTESIAN_POINT('Ctrl Pts',(-9.27589745868649,4.25248590385333,0.));
#1745=CARTESIAN_POINT('Ctrl Pts',(-9.27589745868649,4.25248590385333,-0.4));
#1746=CARTESIAN_POINT('Ctrl Pts',(-9.16735956176376,4.23700260000561,0.));
#1747=CARTESIAN_POINT('Ctrl Pts',(-9.16735956176376,4.23700260000561,-0.4));
#1748=CARTESIAN_POINT('',(-9.75083461489112,4.54155202519727,0.));
#1749=CARTESIAN_POINT('Ctrl Pts',(-9.75083461489112,4.54155202519727,0.));
#1750=CARTESIAN_POINT('Ctrl Pts',(-9.66610049521965,4.45311034081892,0.));
#1751=CARTESIAN_POINT('Ctrl Pts',(-9.50523007306151,4.28520098910221,0.));
#1752=CARTESIAN_POINT('Ctrl Pts',(-9.27589745868649,4.25248590385333,0.));
#1753=CARTESIAN_POINT('Ctrl Pts',(-9.16735956176376,4.23700260000561,0.));
#1754=CARTESIAN_POINT('',(-9.75083461489112,4.54155202519727,-0.4));
#1755=CARTESIAN_POINT('',(-9.75083461489112,4.54155202519727,0.));
#1756=CARTESIAN_POINT('Ctrl Pts',(-9.75083461489112,4.54155202519727,-0.4));
#1757=CARTESIAN_POINT('Ctrl Pts',(-9.66610049521965,4.45311034081892,-0.4));
#1758=CARTESIAN_POINT('Ctrl Pts',(-9.50523007306151,4.28520098910221,-0.4));
#1759=CARTESIAN_POINT('Ctrl Pts',(-9.27589745868649,4.25248590385333,-0.4));
#1760=CARTESIAN_POINT('Ctrl Pts',(-9.16735956176376,4.23700260000561,-0.4));
#1761=CARTESIAN_POINT('Ctrl Pts',(-10.0034757134661,5.40106524427973,0.));
#1762=CARTESIAN_POINT('Ctrl Pts',(-10.0034757134661,5.40106524427973,-0.4));
#1763=CARTESIAN_POINT('Ctrl Pts',(-9.99795149315934,5.23200805646025,0.));
#1764=CARTESIAN_POINT('Ctrl Pts',(-9.99795149315934,5.23200805646025,-0.4));
#1765=CARTESIAN_POINT('Ctrl Pts',(-9.9878343113588,4.92239290556476,0.));
#1766=CARTESIAN_POINT('Ctrl Pts',(-9.9878343113588,4.92239290556476,-0.4));
#1767=CARTESIAN_POINT('Ctrl Pts',(-9.82483324686459,4.6604623215681,0.));
#1768=CARTESIAN_POINT('Ctrl Pts',(-9.82483324686459,4.6604623215681,-0.4));
#1769=CARTESIAN_POINT('Ctrl Pts',(-9.75083461489112,4.54155202519727,0.));
#1770=CARTESIAN_POINT('Ctrl Pts',(-9.75083461489112,4.54155202519727,-0.4));
#1771=CARTESIAN_POINT('',(-10.0034757134661,5.40106524427973,0.));
#1772=CARTESIAN_POINT('Ctrl Pts',(-10.0034757134661,5.40106524427973,0.));
#1773=CARTESIAN_POINT('Ctrl Pts',(-9.99795149315934,5.23200805646025,0.));
#1774=CARTESIAN_POINT('Ctrl Pts',(-9.9878343113588,4.92239290556476,0.));
#1775=CARTESIAN_POINT('Ctrl Pts',(-9.82483324686459,4.6604623215681,0.));
#1776=CARTESIAN_POINT('Ctrl Pts',(-9.75083461489112,4.54155202519727,0.));
#1777=CARTESIAN_POINT('',(-10.0034757134661,5.40106524427973,-0.4));
#1778=CARTESIAN_POINT('',(-10.0034757134661,5.40106524427973,0.));
#1779=CARTESIAN_POINT('Ctrl Pts',(-10.0034757134661,5.40106524427973,-0.4));
#1780=CARTESIAN_POINT('Ctrl Pts',(-9.99795149315934,5.23200805646025,-0.4));
#1781=CARTESIAN_POINT('Ctrl Pts',(-9.9878343113588,4.92239290556476,-0.4));
#1782=CARTESIAN_POINT('Ctrl Pts',(-9.82483324686459,4.6604623215681,-0.4));
#1783=CARTESIAN_POINT('Ctrl Pts',(-9.75083461489112,4.54155202519727,-0.4));
#1784=CARTESIAN_POINT('Ctrl Pts',(-9.77338717416115,6.16140080325574,0.));
#1785=CARTESIAN_POINT('Ctrl Pts',(-9.77338717416115,6.16140080325574,-0.4));
#1786=CARTESIAN_POINT('Ctrl Pts',(-9.83988239638307,6.05821447458896,0.));
#1787=CARTESIAN_POINT('Ctrl Pts',(-9.83988239638307,6.05821447458896,-0.4));
#1788=CARTESIAN_POINT('Ctrl Pts',(-9.98826331309297,5.82795910393378,0.));
#1789=CARTESIAN_POINT('Ctrl Pts',(-9.98826331309297,5.82795910393378,-0.4));
#1790=CARTESIAN_POINT('Ctrl Pts',(-9.99806599312974,5.55287405402674,0.));
#1791=CARTESIAN_POINT('Ctrl Pts',(-9.99806599312974,5.55287405402674,-0.4));
#1792=CARTESIAN_POINT('Ctrl Pts',(-10.0034757134661,5.40106524427973,0.));
#1793=CARTESIAN_POINT('Ctrl Pts',(-10.0034757134661,5.40106524427973,-0.4));
#1794=CARTESIAN_POINT('Ctrl Pts',(-9.77338717416115,6.16140080325574,0.));
#1795=CARTESIAN_POINT('Ctrl Pts',(-9.83988239638307,6.05821447458896,0.));
#1796=CARTESIAN_POINT('Ctrl Pts',(-9.98826331309297,5.82795910393378,0.));
#1797=CARTESIAN_POINT('Ctrl Pts',(-9.99806599312974,5.55287405402674,0.));
#1798=CARTESIAN_POINT('Ctrl Pts',(-10.0034757134661,5.40106524427973,0.));
#1799=CARTESIAN_POINT('Ctrl Pts',(-9.77338717416115,6.16140080325574,-0.4));
#1800=CARTESIAN_POINT('Ctrl Pts',(-9.83988239638307,6.05821447458896,-0.4));
#1801=CARTESIAN_POINT('Ctrl Pts',(-9.98826331309297,5.82795910393378,-0.4));
#1802=CARTESIAN_POINT('Ctrl Pts',(-9.99806599312974,5.55287405402674,-0.4));
#1803=CARTESIAN_POINT('Ctrl Pts',(-10.0034757134661,5.40106524427973,-0.4));
#1804=CARTESIAN_POINT('Ctrl Pts',(-9.09195036106172,9.3680215979808,0.));
#1805=CARTESIAN_POINT('Ctrl Pts',(-9.09195036106172,9.3680215979808,-0.4));
#1806=CARTESIAN_POINT('Ctrl Pts',(-8.87904269709668,9.35416936241519,0.));
#1807=CARTESIAN_POINT('Ctrl Pts',(-8.87904269709668,9.35416936241519,-0.4));
#1808=CARTESIAN_POINT('Ctrl Pts',(-8.46985456237481,9.32754669262838,0.));
#1809=CARTESIAN_POINT('Ctrl Pts',(-8.46985456237481,9.32754669262838,-0.4));
#1810=CARTESIAN_POINT('Ctrl Pts',(-8.13262989752639,9.09563667468634,0.));
#1811=CARTESIAN_POINT('Ctrl Pts',(-8.13262989752639,9.09563667468634,-0.4));
#1812=CARTESIAN_POINT('Ctrl Pts',(-7.97086905856107,8.98439345028095,0.));
#1813=CARTESIAN_POINT('Ctrl Pts',(-7.97086905856107,8.98439345028095,-0.4));
#1814=CARTESIAN_POINT('',(-9.09195036106172,9.3680215979808,-0.4));
#1815=CARTESIAN_POINT('',(-9.09195036106172,9.3680215979808,0.));
#1816=CARTESIAN_POINT('',(-7.97086905856107,8.98439345028095,-0.4));
#1817=CARTESIAN_POINT('Ctrl Pts',(-9.09195036106172,9.3680215979808,-0.4));
#1818=CARTESIAN_POINT('Ctrl Pts',(-8.87904269709668,9.35416936241519,-0.4));
#1819=CARTESIAN_POINT('Ctrl Pts',(-8.46985456237481,9.32754669262838,-0.4));
#1820=CARTESIAN_POINT('Ctrl Pts',(-8.13262989752639,9.09563667468634,-0.4));
#1821=CARTESIAN_POINT('Ctrl Pts',(-7.97086905856107,8.98439345028095,-0.4));
#1822=CARTESIAN_POINT('',(-7.97086905856107,8.98439345028095,0.));
#1823=CARTESIAN_POINT('Ctrl Pts',(-10.6655979260107,8.65111531413362,0.));
#1824=CARTESIAN_POINT('Ctrl Pts',(-10.6655979260107,8.65111531413362,-0.4));
#1825=CARTESIAN_POINT('Ctrl Pts',(-10.4470127287554,8.86108014646186,0.));
#1826=CARTESIAN_POINT('Ctrl Pts',(-10.4470127287554,8.86108014646186,-0.4));
#1827=CARTESIAN_POINT('Ctrl Pts',(-10.0066675106294,9.28405942891708,0.));
#1828=CARTESIAN_POINT('Ctrl Pts',(-10.0066675106294,9.28405942891708,-0.4));
#1829=CARTESIAN_POINT('Ctrl Pts',(-9.39831811384724,9.33990000753374,0.));
#1830=CARTESIAN_POINT('Ctrl Pts',(-9.39831811384724,9.33990000753374,-0.4));
#1831=CARTESIAN_POINT('Ctrl Pts',(-9.09195036106172,9.3680215979808,0.));
#1832=CARTESIAN_POINT('Ctrl Pts',(-9.09195036106172,9.3680215979808,-0.4));
#1833=CARTESIAN_POINT('',(-10.6655979260107,8.65111531413362,-0.4));
#1834=CARTESIAN_POINT('',(-10.6655979260107,8.65111531413362,0.));
#1835=CARTESIAN_POINT('Ctrl Pts',(-10.6655979260107,8.65111531413362,-0.4));
#1836=CARTESIAN_POINT('Ctrl Pts',(-10.4470127287554,8.86108014646186,-0.4));
#1837=CARTESIAN_POINT('Ctrl Pts',(-10.0066675106294,9.28405942891708,-0.4));
#1838=CARTESIAN_POINT('Ctrl Pts',(-9.39831811384724,9.33990000753374,-0.4));
#1839=CARTESIAN_POINT('Ctrl Pts',(-9.09195036106172,9.3680215979808,-0.4));
#1840=CARTESIAN_POINT('Ctrl Pts',(-11.2790039441275,6.29472774918177,0.));
#1841=CARTESIAN_POINT('Ctrl Pts',(-11.2790039441275,6.29472774918177,-0.4));
#1842=CARTESIAN_POINT('Ctrl Pts',(-11.2706523126369,6.77632389519705,0.));
#1843=CARTESIAN_POINT('Ctrl Pts',(-11.2706523126369,6.77632389519705,-0.4));
#1844=CARTESIAN_POINT('Ctrl Pts',(-11.2560852972427,7.61632964504962,0.));
#1845=CARTESIAN_POINT('Ctrl Pts',(-11.2560852972427,7.61632964504962,-0.4));
#1846=CARTESIAN_POINT('Ctrl Pts',(-10.8421947495933,8.34164237508041,0.));
#1847=CARTESIAN_POINT('Ctrl Pts',(-10.8421947495933,8.34164237508041,-0.4));
#1848=CARTESIAN_POINT('Ctrl Pts',(-10.6655979260107,8.65111531413362,0.));
#1849=CARTESIAN_POINT('Ctrl Pts',(-10.6655979260107,8.65111531413362,-0.4));
#1850=CARTESIAN_POINT('',(-11.2790039441275,6.29472774918177,-0.4));
#1851=CARTESIAN_POINT('',(-11.2790039441275,6.29472774918177,0.));
#1852=CARTESIAN_POINT('Ctrl Pts',(-11.2790039441275,6.29472774918177,-0.4));
#1853=CARTESIAN_POINT('Ctrl Pts',(-11.2706523126369,6.77632389519705,-0.4));
#1854=CARTESIAN_POINT('Ctrl Pts',(-11.2560852972427,7.61632964504962,-0.4));
#1855=CARTESIAN_POINT('Ctrl Pts',(-10.8421947495933,8.34164237508041,-0.4));
#1856=CARTESIAN_POINT('Ctrl Pts',(-10.6655979260107,8.65111531413362,-0.4));
#1857=CARTESIAN_POINT('Ctrl Pts',(-10.7068043524391,3.99697192429591,0.));
#1858=CARTESIAN_POINT('Ctrl Pts',(-10.7068043524391,3.99697192429591,-0.4));
#1859=CARTESIAN_POINT('Ctrl Pts',(-10.8740933213753,4.29908974793985,0.));
#1860=CARTESIAN_POINT('Ctrl Pts',(-10.8740933213753,4.29908974793985,-0.4));
#1861=CARTESIAN_POINT('Ctrl Pts',(-11.2672661195964,5.00914559244636,0.));
#1862=CARTESIAN_POINT('Ctrl Pts',(-11.2672661195964,5.00914559244636,-0.4));
#1863=CARTESIAN_POINT('Ctrl Pts',(-11.2747210003147,5.82563945011338,0.));
#1864=CARTESIAN_POINT('Ctrl Pts',(-11.2747210003147,5.82563945011338,-0.4));
#1865=CARTESIAN_POINT('Ctrl Pts',(-11.2790039441275,6.29472774918177,0.));
#1866=CARTESIAN_POINT('Ctrl Pts',(-11.2790039441275,6.29472774918177,-0.4));
#1867=CARTESIAN_POINT('',(-10.7068043524391,3.99697192429591,-0.4));
#1868=CARTESIAN_POINT('',(-10.7068043524391,3.99697192429591,0.));
#1869=CARTESIAN_POINT('Ctrl Pts',(-10.7068043524391,3.99697192429591,-0.4));
#1870=CARTESIAN_POINT('Ctrl Pts',(-10.8740933213753,4.29908974793985,-0.4));
#1871=CARTESIAN_POINT('Ctrl Pts',(-11.2672661195964,5.00914559244636,-0.4));
#1872=CARTESIAN_POINT('Ctrl Pts',(-11.2747210003147,5.82563945011338,-0.4));
#1873=CARTESIAN_POINT('Ctrl Pts',(-11.2790039441275,6.29472774918177,-0.4));
#1874=CARTESIAN_POINT('Ctrl Pts',(-9.22761701940608,3.29134188015536,0.));
#1875=CARTESIAN_POINT('Ctrl Pts',(-9.22761701940608,3.29134188015536,-0.4));
#1876=CARTESIAN_POINT('Ctrl Pts',(-9.51480927909491,3.32187109726371,0.));
#1877=CARTESIAN_POINT('Ctrl Pts',(-9.51480927909491,3.32187109726371,-0.4));
#1878=CARTESIAN_POINT('Ctrl Pts',(-10.0907362379057,3.38309349644374,0.));
#1879=CARTESIAN_POINT('Ctrl Pts',(-10.0907362379057,3.38309349644374,-0.4));
#1880=CARTESIAN_POINT('Ctrl Pts',(-10.5010819868682,3.79198075632029,0.));
#1881=CARTESIAN_POINT('Ctrl Pts',(-10.5010819868682,3.79198075632029,-0.4));
#1882=CARTESIAN_POINT('Ctrl Pts',(-10.7068043524391,3.99697192429591,0.));
#1883=CARTESIAN_POINT('Ctrl Pts',(-10.7068043524391,3.99697192429591,-0.4));
#1884=CARTESIAN_POINT('',(-9.22761701940608,3.29134188015536,-0.4));
#1885=CARTESIAN_POINT('',(-9.22761701940608,3.29134188015536,0.));
#1886=CARTESIAN_POINT('Ctrl Pts',(-9.22761701940608,3.29134188015536,-0.4));
#1887=CARTESIAN_POINT('Ctrl Pts',(-9.51480927909491,3.32187109726371,-0.4));
#1888=CARTESIAN_POINT('Ctrl Pts',(-10.0907362379057,3.38309349644374,-0.4));
#1889=CARTESIAN_POINT('Ctrl Pts',(-10.5010819868682,3.79198075632029,-0.4));
#1890=CARTESIAN_POINT('Ctrl Pts',(-10.7068043524391,3.99697192429591,-0.4));
#1891=CARTESIAN_POINT('Ctrl Pts',(-7.84944313583034,3.83845322574286,0.));
#1892=CARTESIAN_POINT('Ctrl Pts',(-7.84944313583034,3.83845322574286,-0.4));
#1893=CARTESIAN_POINT('Ctrl Pts',(-8.04465869881716,3.67815827559924,0.));
#1894=CARTESIAN_POINT('Ctrl Pts',(-8.04465869881716,3.67815827559924,-0.4));
#1895=CARTESIAN_POINT('Ctrl Pts',(-8.44504333368043,3.34939537318651,0.));
#1896=CARTESIAN_POINT('Ctrl Pts',(-8.44504333368043,3.34939537318651,-0.4));
#1897=CARTESIAN_POINT('Ctrl Pts',(-8.96247139319943,3.31101112030999,0.));
#1898=CARTESIAN_POINT('Ctrl Pts',(-8.96247139319943,3.31101112030999,-0.4));
#1899=CARTESIAN_POINT('Ctrl Pts',(-9.22761701940608,3.29134188015536,0.));
#1900=CARTESIAN_POINT('Ctrl Pts',(-9.22761701940608,3.29134188015536,-0.4));
#1901=CARTESIAN_POINT('',(-7.84944313583034,3.83845322574286,-0.4));
#1902=CARTESIAN_POINT('',(-7.84944313583034,3.83845322574286,0.));
#1903=CARTESIAN_POINT('Ctrl Pts',(-7.84944313583034,3.83845322574286,-0.4));
#1904=CARTESIAN_POINT('Ctrl Pts',(-8.04465869881716,3.67815827559924,-0.4));
#1905=CARTESIAN_POINT('Ctrl Pts',(-8.44504333368043,3.34939537318651,-0.4));
#1906=CARTESIAN_POINT('Ctrl Pts',(-8.96247139319943,3.31101112030999,-0.4));
#1907=CARTESIAN_POINT('Ctrl Pts',(-9.22761701940608,3.29134188015536,-0.4));
#1908=CARTESIAN_POINT('Ctrl Pts',(-7.30828246275274,5.30199776743639,0.));
#1909=CARTESIAN_POINT('Ctrl Pts',(-7.30828246275274,5.30199776743639,-0.4));
#1910=CARTESIAN_POINT('Ctrl Pts',(-7.32704657451751,5.01756789201522,0.));
#1911=CARTESIAN_POINT('Ctrl Pts',(-7.32704657451751,5.01756789201522,-0.4));
#1912=CARTESIAN_POINT('Ctrl Pts',(-7.36286184311775,4.47467342869897,0.));
#1913=CARTESIAN_POINT('Ctrl Pts',(-7.36286184311775,4.47467342869897,-0.4));
#1914=CARTESIAN_POINT('Ctrl Pts',(-7.69250470341567,4.0436551166044,0.));
#1915=CARTESIAN_POINT('Ctrl Pts',(-7.69250470341567,4.0436551166044,-0.4));
#1916=CARTESIAN_POINT('Ctrl Pts',(-7.84944313583034,3.83845322574286,0.));
#1917=CARTESIAN_POINT('Ctrl Pts',(-7.84944313583034,3.83845322574286,-0.4));
#1918=CARTESIAN_POINT('',(-7.30828246275274,5.30199776743639,-0.4));
#1919=CARTESIAN_POINT('',(-7.30828246275274,5.30199776743639,0.));
#1920=CARTESIAN_POINT('Ctrl Pts',(-7.30828246275274,5.30199776743639,-0.4));
#1921=CARTESIAN_POINT('Ctrl Pts',(-7.32704657451751,5.01756789201522,-0.4));
#1922=CARTESIAN_POINT('Ctrl Pts',(-7.36286184311775,4.47467342869897,-0.4));
#1923=CARTESIAN_POINT('Ctrl Pts',(-7.69250470341567,4.0436551166044,-0.4));
#1924=CARTESIAN_POINT('Ctrl Pts',(-7.84944313583034,3.83845322574286,-0.4));
#1925=CARTESIAN_POINT('Ctrl Pts',(-7.81266614586114,6.7084336698623,0.));
#1926=CARTESIAN_POINT('Ctrl Pts',(-7.81266614586114,6.7084336698623,-0.4));
#1927=CARTESIAN_POINT('Ctrl Pts',(-7.66485974022176,6.50804883084311,0.));
#1928=CARTESIAN_POINT('Ctrl Pts',(-7.66485974022176,6.50804883084311,-0.4));
#1929=CARTESIAN_POINT('Ctrl Pts',(-7.35695069383716,6.09060883948802,0.));
#1930=CARTESIAN_POINT('Ctrl Pts',(-7.35695069383716,6.09060883948802,-0.4));
#1931=CARTESIAN_POINT('Ctrl Pts',(-7.32493143227912,5.57177460982828,0.));
#1932=CARTESIAN_POINT('Ctrl Pts',(-7.32493143227912,5.57177460982828,-0.4));
#1933=CARTESIAN_POINT('Ctrl Pts',(-7.30828246275274,5.30199776743639,0.));
#1934=CARTESIAN_POINT('Ctrl Pts',(-7.30828246275274,5.30199776743639,-0.4));
#1935=CARTESIAN_POINT('',(-7.81266614586114,6.7084336698623,-0.4));
#1936=CARTESIAN_POINT('',(-7.81266614586114,6.7084336698623,0.));
#1937=CARTESIAN_POINT('Ctrl Pts',(-7.81266614586114,6.7084336698623,-0.4));
#1938=CARTESIAN_POINT('Ctrl Pts',(-7.66485974022176,6.50804883084311,-0.4));
#1939=CARTESIAN_POINT('Ctrl Pts',(-7.35695069383716,6.09060883948802,-0.4));
#1940=CARTESIAN_POINT('Ctrl Pts',(-7.32493143227912,5.57177460982828,-0.4));
#1941=CARTESIAN_POINT('Ctrl Pts',(-7.30828246275274,5.30199776743639,-0.4));
#1942=CARTESIAN_POINT('Ctrl Pts',(-9.03464041851262,7.25683921341896,0.));
#1943=CARTESIAN_POINT('Ctrl Pts',(-9.03464041851262,7.25683921341896,-0.4));
#1944=CARTESIAN_POINT('Ctrl Pts',(-8.80411927148639,7.23227215021245,0.));
#1945=CARTESIAN_POINT('Ctrl Pts',(-8.80411927148639,7.23227215021245,-0.4));
#1946=CARTESIAN_POINT('Ctrl Pts',(-8.33748798904951,7.18254239501366,0.));
#1947=CARTESIAN_POINT('Ctrl Pts',(-8.33748798904951,7.18254239501366,-0.4));
#1948=CARTESIAN_POINT('Ctrl Pts',(-7.9889980843446,6.86772679312481,0.));
#1949=CARTESIAN_POINT('Ctrl Pts',(-7.9889980843446,6.86772679312481,-0.4));
#1950=CARTESIAN_POINT('Ctrl Pts',(-7.81266614586114,6.7084336698623,0.));
#1951=CARTESIAN_POINT('Ctrl Pts',(-7.81266614586114,6.7084336698623,-0.4));
#1952=CARTESIAN_POINT('',(-9.03464041851262,7.25683921341896,-0.4));
#1953=CARTESIAN_POINT('',(-9.03464041851262,7.25683921341896,0.));
#1954=CARTESIAN_POINT('Ctrl Pts',(-9.03464041851262,7.25683921341896,-0.4));
#1955=CARTESIAN_POINT('Ctrl Pts',(-8.80411927148639,7.23227215021245,-0.4));
#1956=CARTESIAN_POINT('Ctrl Pts',(-8.33748798904951,7.18254239501366,-0.4));
#1957=CARTESIAN_POINT('Ctrl Pts',(-7.9889980843446,6.86772679312481,-0.4));
#1958=CARTESIAN_POINT('Ctrl Pts',(-7.81266614586114,6.7084336698623,-0.4));
#1959=CARTESIAN_POINT('Ctrl Pts',(-10.0959957138944,6.75729522938469,0.));
#1960=CARTESIAN_POINT('Ctrl Pts',(-10.0959957138944,6.75729522938469,-0.4));
#1961=CARTESIAN_POINT('Ctrl Pts',(-9.94602050664587,6.90356748199636,0.));
#1962=CARTESIAN_POINT('Ctrl Pts',(-9.94602050664587,6.90356748199636,-0.4));
#1963=CARTESIAN_POINT('Ctrl Pts',(-9.64954939614251,7.19271858879055,0.));
#1964=CARTESIAN_POINT('Ctrl Pts',(-9.64954939614251,7.19271858879055,-0.4));
#1965=CARTESIAN_POINT('Ctrl Pts',(-9.23800013447232,7.23563355130316,0.));
#1966=CARTESIAN_POINT('Ctrl Pts',(-9.23800013447232,7.23563355130316,-0.4));
#1967=CARTESIAN_POINT('Ctrl Pts',(-9.03464041851262,7.25683921341896,0.));
#1968=CARTESIAN_POINT('Ctrl Pts',(-9.03464041851262,7.25683921341896,-0.4));
#1969=CARTESIAN_POINT('',(-10.0959957138944,6.75729522938469,-0.4));
#1970=CARTESIAN_POINT('',(-10.0959957138944,6.75729522938469,0.));
#1971=CARTESIAN_POINT('Ctrl Pts',(-10.0959957138944,6.75729522938469,-0.4));
#1972=CARTESIAN_POINT('Ctrl Pts',(-9.94602050664587,6.90356748199636,-0.4));
#1973=CARTESIAN_POINT('Ctrl Pts',(-9.64954939614251,7.19271858879055,-0.4));
#1974=CARTESIAN_POINT('Ctrl Pts',(-9.23800013447232,7.23563355130316,-0.4));
#1975=CARTESIAN_POINT('Ctrl Pts',(-9.03464041851262,7.25683921341896,-0.4));
#1976=CARTESIAN_POINT('Ctrl Pts',(-9.77648918081874,8.10797420405664,0.));
#1977=CARTESIAN_POINT('Ctrl Pts',(-9.77648918081874,8.10797420405664,-0.4));
#1978=CARTESIAN_POINT('Ctrl Pts',(-9.85350927204306,7.94374120993608,0.));
#1979=CARTESIAN_POINT('Ctrl Pts',(-9.85350927204306,7.94374120993608,-0.4));
#1980=CARTESIAN_POINT('Ctrl Pts',(-10.0529766017913,7.51840911446544,0.));
#1981=CARTESIAN_POINT('Ctrl Pts',(-10.0529766017913,7.51840911446544,-0.4));
#1982=CARTESIAN_POINT('Ctrl Pts',(-10.079632454819,7.04680152271762,0.));
#1983=CARTESIAN_POINT('Ctrl Pts',(-10.079632454819,7.04680152271762,-0.4));
#1984=CARTESIAN_POINT('Ctrl Pts',(-10.0959957138944,6.75729522938469,0.));
#1985=CARTESIAN_POINT('Ctrl Pts',(-10.0959957138944,6.75729522938469,-0.4));
#1986=CARTESIAN_POINT('',(-9.77648918081874,8.10797420405664,-0.4));
#1987=CARTESIAN_POINT('',(-9.77648918081874,8.10797420405664,0.));
#1988=CARTESIAN_POINT('Ctrl Pts',(-9.77648918081874,8.10797420405664,-0.4));
#1989=CARTESIAN_POINT('Ctrl Pts',(-9.85350927204306,7.94374120993608,-0.4));
#1990=CARTESIAN_POINT('Ctrl Pts',(-10.0529766017913,7.51840911446544,-0.4));
#1991=CARTESIAN_POINT('Ctrl Pts',(-10.079632454819,7.04680152271762,-0.4));
#1992=CARTESIAN_POINT('Ctrl Pts',(-10.0959957138944,6.75729522938469,-0.4));
#1993=CARTESIAN_POINT('Ctrl Pts',(-9.16435676879719,8.43052366136119,0.));
#1994=CARTESIAN_POINT('Ctrl Pts',(-9.16435676879719,8.43052366136119,-0.4));
#1995=CARTESIAN_POINT('Ctrl Pts',(-9.28160052275626,8.41553468793368,0.));
#1996=CARTESIAN_POINT('Ctrl Pts',(-9.28160052275626,8.41553468793368,-0.4));
#1997=CARTESIAN_POINT('Ctrl Pts',(-9.52502450356391,8.38441426184074,0.));
#1998=CARTESIAN_POINT('Ctrl Pts',(-9.52502450356391,8.38441426184074,-0.4));
#1999=CARTESIAN_POINT('Ctrl Pts',(-9.69064094272203,8.20234885802074,0.));
#2000=CARTESIAN_POINT('Ctrl Pts',(-9.69064094272203,8.20234885802074,-0.4));
#2001=CARTESIAN_POINT('Ctrl Pts',(-9.77648918081874,8.10797420405664,0.));
#2002=CARTESIAN_POINT('Ctrl Pts',(-9.77648918081874,8.10797420405664,-0.4));
#2003=CARTESIAN_POINT('',(-9.16435676879719,8.43052366136119,-0.4));
#2004=CARTESIAN_POINT('',(-9.16435676879719,8.43052366136119,0.));
#2005=CARTESIAN_POINT('Ctrl Pts',(-9.16435676879719,8.43052366136119,-0.4));
#2006=CARTESIAN_POINT('Ctrl Pts',(-9.28160052275626,8.41553468793368,-0.4));
#2007=CARTESIAN_POINT('Ctrl Pts',(-9.52502450356391,8.38441426184074,-0.4));
#2008=CARTESIAN_POINT('Ctrl Pts',(-9.69064094272203,8.20234885802074,-0.4));
#2009=CARTESIAN_POINT('Ctrl Pts',(-9.77648918081874,8.10797420405664,-0.4));
#2010=CARTESIAN_POINT('Ctrl Pts',(-8.72245753399709,8.26654101546631,0.));
#2011=CARTESIAN_POINT('Ctrl Pts',(-8.72245753399709,8.26654101546631,-0.4));
#2012=CARTESIAN_POINT('Ctrl Pts',(-8.78504011229775,8.31410825790169,0.));
#2013=CARTESIAN_POINT('Ctrl Pts',(-8.78504011229775,8.31410825790169,-0.4));
#2014=CARTESIAN_POINT('Ctrl Pts',(-8.91543905996041,8.41322079888694,0.));
#2015=CARTESIAN_POINT('Ctrl Pts',(-8.91543905996041,8.41322079888694,-0.4));
#2016=CARTESIAN_POINT('Ctrl Pts',(-9.0791933438076,8.42460374896397,0.));
#2017=CARTESIAN_POINT('Ctrl Pts',(-9.0791933438076,8.42460374896397,-0.4));
#2018=CARTESIAN_POINT('Ctrl Pts',(-9.16435676879719,8.43052366136119,0.));
#2019=CARTESIAN_POINT('Ctrl Pts',(-9.16435676879719,8.43052366136119,-0.4));
#2020=CARTESIAN_POINT('',(-8.72245753399709,8.26654101546631,-0.4));
#2021=CARTESIAN_POINT('',(-8.72245753399709,8.26654101546631,0.));
#2022=CARTESIAN_POINT('Ctrl Pts',(-8.72245753399709,8.26654101546631,-0.4));
#2023=CARTESIAN_POINT('Ctrl Pts',(-8.78504011229775,8.31410825790169,-0.4));
#2024=CARTESIAN_POINT('Ctrl Pts',(-8.91543905996041,8.41322079888694,-0.4));
#2025=CARTESIAN_POINT('Ctrl Pts',(-9.0791933438076,8.42460374896397,-0.4));
#2026=CARTESIAN_POINT('Ctrl Pts',(-9.16435676879719,8.43052366136119,-0.4));
#2027=CARTESIAN_POINT('Ctrl Pts',(-8.51318543150873,7.76239713374639,0.));
#2028=CARTESIAN_POINT('Ctrl Pts',(-8.51318543150873,7.76239713374639,-0.4));
#2029=CARTESIAN_POINT('Ctrl Pts',(-8.5283349838914,7.86512653184867,0.));
#2030=CARTESIAN_POINT('Ctrl Pts',(-8.5283349838914,7.86512653184867,-0.4));
#2031=CARTESIAN_POINT('Ctrl Pts',(-8.5558349163279,8.05160408812856,0.));
#2032=CARTESIAN_POINT('Ctrl Pts',(-8.5558349163279,8.05160408812856,-0.4));
#2033=CARTESIAN_POINT('Ctrl Pts',(-8.67081797271943,8.19992791824487,0.));
#2034=CARTESIAN_POINT('Ctrl Pts',(-8.67081797271943,8.19992791824487,-0.4));
#2035=CARTESIAN_POINT('Ctrl Pts',(-8.72245753399709,8.26654101546631,0.));
#2036=CARTESIAN_POINT('Ctrl Pts',(-8.72245753399709,8.26654101546631,-0.4));
#2037=CARTESIAN_POINT('',(-8.51318543150873,7.76239713374639,-0.4));
#2038=CARTESIAN_POINT('',(-8.51318543150873,7.76239713374639,0.));
#2039=CARTESIAN_POINT('Ctrl Pts',(-8.51318543150873,7.76239713374639,-0.4));
#2040=CARTESIAN_POINT('Ctrl Pts',(-8.5283349838914,7.86512653184867,-0.4));
#2041=CARTESIAN_POINT('Ctrl Pts',(-8.5558349163279,8.05160408812856,-0.4));
#2042=CARTESIAN_POINT('Ctrl Pts',(-8.67081797271943,8.19992791824487,-0.4));
#2043=CARTESIAN_POINT('Ctrl Pts',(-8.72245753399709,8.26654101546631,-0.4));
#2044=CARTESIAN_POINT('Origin',(-7.40855666389324,7.88018527510541,0.));
#2045=CARTESIAN_POINT('',(-7.40855666389324,7.88018527510541,-0.4));
#2046=CARTESIAN_POINT('',(-7.40855666389324,7.88018527510541,0.));
#2047=CARTESIAN_POINT('',(-7.40855666389324,7.88018527510541,-0.4));
#2048=CARTESIAN_POINT('Ctrl Pts',(-7.97086905856107,8.98439345028095,0.));
#2049=CARTESIAN_POINT('Ctrl Pts',(-7.97086905856107,8.98439345028095,-0.4));
#2050=CARTESIAN_POINT('Ctrl Pts',(-7.83566855831638,8.83642628542585,0.));
#2051=CARTESIAN_POINT('Ctrl Pts',(-7.83566855831638,8.83642628542585,-0.4));
#2052=CARTESIAN_POINT('Ctrl Pts',(-7.54751255061361,8.52106038501441,0.));
#2053=CARTESIAN_POINT('Ctrl Pts',(-7.54751255061361,8.52106038501441,-0.4));
#2054=CARTESIAN_POINT('Ctrl Pts',(-7.45673964583116,8.1024088496082,0.));
#2055=CARTESIAN_POINT('Ctrl Pts',(-7.45673964583116,8.1024088496082,-0.4));
#2056=CARTESIAN_POINT('Ctrl Pts',(-7.40855666389324,7.88018527510541,0.));
#2057=CARTESIAN_POINT('Ctrl Pts',(-7.40855666389324,7.88018527510541,-0.4));
#2058=CARTESIAN_POINT('Ctrl Pts',(-7.97086905856107,8.98439345028095,-0.4));
#2059=CARTESIAN_POINT('Ctrl Pts',(-7.83566855831638,8.83642628542585,-0.4));
#2060=CARTESIAN_POINT('Ctrl Pts',(-7.54751255061361,8.52106038501441,-0.4));
#2061=CARTESIAN_POINT('Ctrl Pts',(-7.45673964583116,8.1024088496082,-0.4));
#2062=CARTESIAN_POINT('Ctrl Pts',(-7.40855666389324,7.88018527510541,-0.4));
#2063=CARTESIAN_POINT('Origin',(-12.1750476173158,6.33185390216763,-0.4));
#2064=CARTESIAN_POINT('Origin',(-14.8845493830784,8.35786198056501,0.));
#2065=CARTESIAN_POINT('',(-14.8845493830784,8.35786198056501,0.));
#2066=CARTESIAN_POINT('',(-15.8222968559479,8.36125679358211,0.));
#2067=CARTESIAN_POINT('',(-16.2088055512986,8.36265602395933,0.));
#2068=CARTESIAN_POINT('',(-14.8845493830784,8.35786198056501,-0.4));
#2069=CARTESIAN_POINT('',(-14.8845493830784,8.35786198056501,0.));
#2070=CARTESIAN_POINT('',(-15.8222968559479,8.36125679358211,-0.4));
#2071=CARTESIAN_POINT('',(-14.8845493830784,8.35786198056501,-0.4));
#2072=CARTESIAN_POINT('',(-15.8222968559479,8.36125679358211,0.));
#2073=CARTESIAN_POINT('Ctrl Pts',(-14.0077679914114,8.33438997689034,0.));
#2074=CARTESIAN_POINT('Ctrl Pts',(-14.0077679914114,8.33438997689034,-0.4));
#2075=CARTESIAN_POINT('Ctrl Pts',(-14.105153971646,8.34052222729334,0.));
#2076=CARTESIAN_POINT('Ctrl Pts',(-14.105153971646,8.34052222729334,-0.4));
#2077=CARTESIAN_POINT('Ctrl Pts',(-14.3970555987198,8.35890283881409,0.));
#2078=CARTESIAN_POINT('Ctrl Pts',(-14.3970555987198,8.35890283881409,-0.4));
#2079=CARTESIAN_POINT('Ctrl Pts',(-14.6896032455126,8.35827821417029,0.));
#2080=CARTESIAN_POINT('Ctrl Pts',(-14.6896032455126,8.35827821417029,-0.4));
#2081=CARTESIAN_POINT('Ctrl Pts',(-14.8845493830784,8.35786198056501,0.));
#2082=CARTESIAN_POINT('Ctrl Pts',(-14.8845493830784,8.35786198056501,-0.4));
#2083=CARTESIAN_POINT('',(-14.0077679914114,8.33438997689034,0.));
#2084=CARTESIAN_POINT('Ctrl Pts',(-14.0077679914114,8.33438997689034,0.));
#2085=CARTESIAN_POINT('Ctrl Pts',(-14.105153971646,8.34052222729334,0.));
#2086=CARTESIAN_POINT('Ctrl Pts',(-14.3970555987198,8.35890283881409,0.));
#2087=CARTESIAN_POINT('Ctrl Pts',(-14.6896032455126,8.35827821417029,0.));
#2088=CARTESIAN_POINT('Ctrl Pts',(-14.8845493830784,8.35786198056501,0.));
#2089=CARTESIAN_POINT('',(-14.0077679914114,8.33438997689034,-0.4));
#2090=CARTESIAN_POINT('',(-14.0077679914114,8.33438997689034,0.));
#2091=CARTESIAN_POINT('Ctrl Pts',(-14.0077679914114,8.33438997689034,-0.4));
#2092=CARTESIAN_POINT('Ctrl Pts',(-14.105153971646,8.34052222729334,-0.4));
#2093=CARTESIAN_POINT('Ctrl Pts',(-14.3970555987198,8.35890283881409,-0.4));
#2094=CARTESIAN_POINT('Ctrl Pts',(-14.6896032455126,8.35827821417029,-0.4));
#2095=CARTESIAN_POINT('Ctrl Pts',(-14.8845493830784,8.35786198056501,-0.4));
#2096=CARTESIAN_POINT('Ctrl Pts',(-13.555977419783,8.09932947305501,0.));
#2097=CARTESIAN_POINT('Ctrl Pts',(-13.555977419783,8.09932947305501,-0.4));
#2098=CARTESIAN_POINT('Ctrl Pts',(-13.6170429669528,8.15580691388351,0.));
#2099=CARTESIAN_POINT('Ctrl Pts',(-13.6170429669528,8.15580691388351,-0.4));
#2100=CARTESIAN_POINT('Ctrl Pts',(-13.745909573829,8.27499124124878,0.));
#2101=CARTESIAN_POINT('Ctrl Pts',(-13.745909573829,8.27499124124878,-0.4));
#2102=CARTESIAN_POINT('Ctrl Pts',(-13.9174924595274,8.31391229852206,0.));
#2103=CARTESIAN_POINT('Ctrl Pts',(-13.9174924595274,8.31391229852206,-0.4));
#2104=CARTESIAN_POINT('Ctrl Pts',(-14.0077679914114,8.33438997689034,0.));
#2105=CARTESIAN_POINT('Ctrl Pts',(-14.0077679914114,8.33438997689034,-0.4));
#2106=CARTESIAN_POINT('',(-13.555977419783,8.09932947305501,0.));
#2107=CARTESIAN_POINT('Ctrl Pts',(-13.555977419783,8.09932947305501,0.));
#2108=CARTESIAN_POINT('Ctrl Pts',(-13.6170429669528,8.15580691388351,0.));
#2109=CARTESIAN_POINT('Ctrl Pts',(-13.745909573829,8.27499124124878,0.));
#2110=CARTESIAN_POINT('Ctrl Pts',(-13.9174924595274,8.31391229852206,0.));
#2111=CARTESIAN_POINT('Ctrl Pts',(-14.0077679914114,8.33438997689034,0.));
#2112=CARTESIAN_POINT('',(-13.555977419783,8.09932947305501,-0.4));
#2113=CARTESIAN_POINT('',(-13.555977419783,8.09932947305501,0.));
#2114=CARTESIAN_POINT('Ctrl Pts',(-13.555977419783,8.09932947305501,-0.4));
#2115=CARTESIAN_POINT('Ctrl Pts',(-13.6170429669528,8.15580691388351,-0.4));
#2116=CARTESIAN_POINT('Ctrl Pts',(-13.745909573829,8.27499124124878,-0.4));
#2117=CARTESIAN_POINT('Ctrl Pts',(-13.9174924595274,8.31391229852206,-0.4));
#2118=CARTESIAN_POINT('Ctrl Pts',(-14.0077679914114,8.33438997689034,-0.4));
#2119=CARTESIAN_POINT('Ctrl Pts',(-13.3973826703365,7.61363710164749,0.));
#2120=CARTESIAN_POINT('Ctrl Pts',(-13.3973826703365,7.61363710164749,-0.4));
#2121=CARTESIAN_POINT('Ctrl Pts',(-13.4020858719467,7.706995922665,0.));
#2122=CARTESIAN_POINT('Ctrl Pts',(-13.4020858719467,7.706995922665,-0.4));
#2123=CARTESIAN_POINT('Ctrl Pts',(-13.4109906797481,7.88375686693906,0.));
#2124=CARTESIAN_POINT('Ctrl Pts',(-13.4109906797481,7.88375686693906,-0.4));
#2125=CARTESIAN_POINT('Ctrl Pts',(-13.509498101724,8.0302219965916,0.));
#2126=CARTESIAN_POINT('Ctrl Pts',(-13.509498101724,8.0302219965916,-0.4));
#2127=CARTESIAN_POINT('Ctrl Pts',(-13.555977419783,8.09932947305501,0.));
#2128=CARTESIAN_POINT('Ctrl Pts',(-13.555977419783,8.09932947305501,-0.4));
#2129=CARTESIAN_POINT('',(-13.3973826703365,7.61363710164749,0.));
#2130=CARTESIAN_POINT('Ctrl Pts',(-13.3973826703365,7.61363710164749,0.));
#2131=CARTESIAN_POINT('Ctrl Pts',(-13.4020858719467,7.706995922665,0.));
#2132=CARTESIAN_POINT('Ctrl Pts',(-13.4109906797481,7.88375686693906,0.));
#2133=CARTESIAN_POINT('Ctrl Pts',(-13.509498101724,8.0302219965916,0.));
#2134=CARTESIAN_POINT('Ctrl Pts',(-13.555977419783,8.09932947305501,0.));
#2135=CARTESIAN_POINT('',(-13.3973826703365,7.61363710164749,-0.4));
#2136=CARTESIAN_POINT('',(-13.3973826703365,7.61363710164749,0.));
#2137=CARTESIAN_POINT('Ctrl Pts',(-13.3973826703365,7.61363710164749,-0.4));
#2138=CARTESIAN_POINT('Ctrl Pts',(-13.4020858719467,7.706995922665,-0.4));
#2139=CARTESIAN_POINT('Ctrl Pts',(-13.4109906797481,7.88375686693906,-0.4));
#2140=CARTESIAN_POINT('Ctrl Pts',(-13.509498101724,8.0302219965916,-0.4));
#2141=CARTESIAN_POINT('Ctrl Pts',(-13.555977419783,8.09932947305501,-0.4));
#2142=CARTESIAN_POINT('Ctrl Pts',(-13.5207847463438,7.16753155701761,0.));
#2143=CARTESIAN_POINT('Ctrl Pts',(-13.5207847463438,7.16753155701761,-0.4));
#2144=CARTESIAN_POINT('Ctrl Pts',(-13.4850580117575,7.23296225285577,0.));
#2145=CARTESIAN_POINT('Ctrl Pts',(-13.4850580117575,7.23296225285577,-0.4));
#2146=CARTESIAN_POINT('Ctrl Pts',(-13.4092749233749,7.37175300054298,0.));
#2147=CARTESIAN_POINT('Ctrl Pts',(-13.4092749233749,7.37175300054298,-0.4));
#2148=CARTESIAN_POINT('Ctrl Pts',(-13.4014949164435,7.52999551162155,0.));
#2149=CARTESIAN_POINT('Ctrl Pts',(-13.4014949164435,7.52999551162155,-0.4));
#2150=CARTESIAN_POINT('Ctrl Pts',(-13.3973826703365,7.61363710164749,0.));
#2151=CARTESIAN_POINT('Ctrl Pts',(-13.3973826703365,7.61363710164749,-0.4));
#2152=CARTESIAN_POINT('',(-13.5207847463438,7.16753155701761,0.));
#2153=CARTESIAN_POINT('Ctrl Pts',(-13.5207847463438,7.16753155701761,0.));
#2154=CARTESIAN_POINT('Ctrl Pts',(-13.4850580117575,7.23296225285577,0.));
#2155=CARTESIAN_POINT('Ctrl Pts',(-13.4092749233749,7.37175300054298,0.));
#2156=CARTESIAN_POINT('Ctrl Pts',(-13.4014949164435,7.52999551162155,0.));
#2157=CARTESIAN_POINT('Ctrl Pts',(-13.3973826703365,7.61363710164749,0.));
#2158=CARTESIAN_POINT('',(-13.5207847463438,7.16753155701761,-0.4));
#2159=CARTESIAN_POINT('',(-13.5207847463438,7.16753155701761,0.));
#2160=CARTESIAN_POINT('Ctrl Pts',(-13.5207847463438,7.16753155701761,-0.4));
#2161=CARTESIAN_POINT('Ctrl Pts',(-13.4850580117575,7.23296225285577,-0.4));
#2162=CARTESIAN_POINT('Ctrl Pts',(-13.4092749233749,7.37175300054298,-0.4));
#2163=CARTESIAN_POINT('Ctrl Pts',(-13.4014949164435,7.52999551162155,-0.4));
#2164=CARTESIAN_POINT('Ctrl Pts',(-13.3973826703365,7.61363710164749,-0.4));
#2165=CARTESIAN_POINT('Ctrl Pts',(-13.8586354797292,6.91706134818427,0.));
#2166=CARTESIAN_POINT('Ctrl Pts',(-13.8586354797292,6.91706134818427,-0.4));
#2167=CARTESIAN_POINT('Ctrl Pts',(-13.7909873191015,6.9451616667956,0.));
#2168=CARTESIAN_POINT('Ctrl Pts',(-13.7909873191015,6.9451616667956,-0.4));
#2169=CARTESIAN_POINT('Ctrl Pts',(-13.6574878554491,7.00061590868884,0.));
#2170=CARTESIAN_POINT('Ctrl Pts',(-13.6574878554491,7.00061590868884,-0.4));
#2171=CARTESIAN_POINT('Ctrl Pts',(-13.5659417227235,7.11239450828241,0.));
#2172=CARTESIAN_POINT('Ctrl Pts',(-13.5659417227235,7.11239450828241,-0.4));
#2173=CARTESIAN_POINT('Ctrl Pts',(-13.5207847463438,7.16753155701761,0.));
#2174=CARTESIAN_POINT('Ctrl Pts',(-13.5207847463438,7.16753155701761,-0.4));
#2175=CARTESIAN_POINT('',(-13.8586354797292,6.91706134818427,0.));
#2176=CARTESIAN_POINT('Ctrl Pts',(-13.8586354797292,6.91706134818427,0.));
#2177=CARTESIAN_POINT('Ctrl Pts',(-13.7909873191015,6.9451616667956,0.));
#2178=CARTESIAN_POINT('Ctrl Pts',(-13.6574878554491,7.00061590868884,0.));
#2179=CARTESIAN_POINT('Ctrl Pts',(-13.5659417227235,7.11239450828241,0.));
#2180=CARTESIAN_POINT('Ctrl Pts',(-13.5207847463438,7.16753155701761,0.));
#2181=CARTESIAN_POINT('',(-13.8586354797292,6.91706134818427,-0.4));
#2182=CARTESIAN_POINT('',(-13.8586354797292,6.91706134818427,0.));
#2183=CARTESIAN_POINT('Ctrl Pts',(-13.8586354797292,6.91706134818427,-0.4));
#2184=CARTESIAN_POINT('Ctrl Pts',(-13.7909873191015,6.9451616667956,-0.4));
#2185=CARTESIAN_POINT('Ctrl Pts',(-13.6574878554491,7.00061590868884,-0.4));
#2186=CARTESIAN_POINT('Ctrl Pts',(-13.5659417227235,7.11239450828241,-0.4));
#2187=CARTESIAN_POINT('Ctrl Pts',(-13.5207847463438,7.16753155701761,-0.4));
#2188=CARTESIAN_POINT('Ctrl Pts',(-14.9387306145649,6.84789928807091,0.));
#2189=CARTESIAN_POINT('Ctrl Pts',(-14.9387306145649,6.84789928807091,-0.4));
#2190=CARTESIAN_POINT('Ctrl Pts',(-14.7038807825871,6.84421048083876,0.));
#2191=CARTESIAN_POINT('Ctrl Pts',(-14.7038807825871,6.84421048083876,-0.4));
#2192=CARTESIAN_POINT('Ctrl Pts',(-14.3415022366009,6.83851856873495,0.));
#2193=CARTESIAN_POINT('Ctrl Pts',(-14.3415022366009,6.83851856873495,-0.4));
#2194=CARTESIAN_POINT('Ctrl Pts',(-13.9843314666429,6.89661572413304,0.));
#2195=CARTESIAN_POINT('Ctrl Pts',(-13.9843314666429,6.89661572413304,-0.4));
#2196=CARTESIAN_POINT('Ctrl Pts',(-13.8586354797292,6.91706134818427,0.));
#2197=CARTESIAN_POINT('Ctrl Pts',(-13.8586354797292,6.91706134818427,-0.4));
#2198=CARTESIAN_POINT('',(-14.9387306145649,6.84789928807091,0.));
#2199=CARTESIAN_POINT('Ctrl Pts',(-14.9387306145649,6.84789928807091,0.));
#2200=CARTESIAN_POINT('Ctrl Pts',(-14.7038807825871,6.84421048083876,0.));
#2201=CARTESIAN_POINT('Ctrl Pts',(-14.3415022366009,6.83851856873495,0.));
#2202=CARTESIAN_POINT('Ctrl Pts',(-13.9843314666429,6.89661572413304,0.));
#2203=CARTESIAN_POINT('Ctrl Pts',(-13.8586354797292,6.91706134818427,0.));
#2204=CARTESIAN_POINT('',(-14.9387306145649,6.84789928807091,-0.4));
#2205=CARTESIAN_POINT('',(-14.9387306145649,6.84789928807091,0.));
#2206=CARTESIAN_POINT('Ctrl Pts',(-14.9387306145649,6.84789928807091,-0.4));
#2207=CARTESIAN_POINT('Ctrl Pts',(-14.7038807825871,6.84421048083876,-0.4));
#2208=CARTESIAN_POINT('Ctrl Pts',(-14.3415022366009,6.83851856873495,-0.4));
#2209=CARTESIAN_POINT('Ctrl Pts',(-13.9843314666429,6.89661572413304,-0.4));
#2210=CARTESIAN_POINT('Ctrl Pts',(-13.8586354797292,6.91706134818427,-0.4));
#2211=CARTESIAN_POINT('Origin',(-15.8277638284986,6.85111774678674,0.));
#2212=CARTESIAN_POINT('',(-15.8277638284986,6.85111774678674,0.));
#2213=CARTESIAN_POINT('',(-16.683146260284,6.85421438367251,0.));
#2214=CARTESIAN_POINT('',(-15.8277638284986,6.85111774678674,-0.4));
#2215=CARTESIAN_POINT('',(-15.8277638284986,6.85111774678674,0.));
#2216=CARTESIAN_POINT('',(-15.8277638284986,6.85111774678674,-0.4));
#2217=CARTESIAN_POINT('Origin',(-15.8222968559479,8.36125679358211,0.));
#2218=CARTESIAN_POINT('',(-15.8057661265737,12.9275317599053,0.));
#2219=CARTESIAN_POINT('',(-15.8222968559479,8.36125679358211,-0.4));
#2220=CARTESIAN_POINT('Origin',(-15.8312027303608,5.90119163467797,0.));
#2221=CARTESIAN_POINT('',(-15.8312027303608,5.90119163467797,-0.4));
#2222=CARTESIAN_POINT('',(-15.8312027303608,5.90119163467797,0.));
#2223=CARTESIAN_POINT('',(-15.8401967813848,3.4167694953166,-0.4));
#2224=CARTESIAN_POINT('',(-15.8312027303608,5.90119163467798,-0.4));
#2225=CARTESIAN_POINT('',(-15.8401967813848,3.4167694953166,0.));
#2226=CARTESIAN_POINT('Origin',(-15.5876318827139,5.90030986478992,0.));
#2227=CARTESIAN_POINT('',(-15.5876318827139,5.90030986478992,-0.4));
#2228=CARTESIAN_POINT('',(-15.5876318827139,5.90030986478992,0.));
#2229=CARTESIAN_POINT('',(-15.5876318827139,5.90030986478992,-0.4));
#2230=CARTESIAN_POINT('Ctrl Pts',(-14.9830069708851,5.83113806819682,0.));
#2231=CARTESIAN_POINT('Ctrl Pts',(-14.9830069708851,5.83113806819682,-0.4));
#2232=CARTESIAN_POINT('Ctrl Pts',(-15.0648126392393,5.85082516507084,0.));
#2233=CARTESIAN_POINT('Ctrl Pts',(-15.0648126392393,5.85082516507084,-0.4));
#2234=CARTESIAN_POINT('Ctrl Pts',(-15.2631911253843,5.89856631251248,0.));
#2235=CARTESIAN_POINT('Ctrl Pts',(-15.2631911253843,5.89856631251248,-0.4));
#2236=CARTESIAN_POINT('Ctrl Pts',(-15.4675467368026,5.89966452438521,0.));
#2237=CARTESIAN_POINT('Ctrl Pts',(-15.4675467368026,5.89966452438521,-0.4));
#2238=CARTESIAN_POINT('Ctrl Pts',(-15.5876318827139,5.90030986478992,0.));
#2239=CARTESIAN_POINT('Ctrl Pts',(-15.5876318827139,5.90030986478992,-0.4));
#2240=CARTESIAN_POINT('',(-14.9830069708851,5.83113806819682,-0.4));
#2241=CARTESIAN_POINT('',(-14.9830069708851,5.83113806819682,0.));
#2242=CARTESIAN_POINT('Ctrl Pts',(-14.9830069708851,5.83113806819682,-0.4));
#2243=CARTESIAN_POINT('Ctrl Pts',(-15.0648126392393,5.85082516507084,-0.4));
#2244=CARTESIAN_POINT('Ctrl Pts',(-15.2631911253843,5.89856631251248,-0.4));
#2245=CARTESIAN_POINT('Ctrl Pts',(-15.4675467368026,5.89966452438521,-0.4));
#2246=CARTESIAN_POINT('Ctrl Pts',(-15.5876318827139,5.90030986478992,-0.4));
#2247=CARTESIAN_POINT('Ctrl Pts',(-14.6226068845848,5.58220006390735,0.));
#2248=CARTESIAN_POINT('Ctrl Pts',(-14.6226068845848,5.58220006390735,-0.4));
#2249=CARTESIAN_POINT('Ctrl Pts',(-14.6782001398671,5.63718906394071,0.));
#2250=CARTESIAN_POINT('Ctrl Pts',(-14.6782001398671,5.63718906394071,-0.4));
#2251=CARTESIAN_POINT('Ctrl Pts',(-14.7837433144072,5.74158506663635,0.));
#2252=CARTESIAN_POINT('Ctrl Pts',(-14.7837433144072,5.74158506663635,-0.4));
#2253=CARTESIAN_POINT('Ctrl Pts',(-14.9189963881063,5.80237045487082,0.));
#2254=CARTESIAN_POINT('Ctrl Pts',(-14.9189963881063,5.80237045487082,-0.4));
#2255=CARTESIAN_POINT('Ctrl Pts',(-14.9830069708851,5.83113806819682,0.));
#2256=CARTESIAN_POINT('Ctrl Pts',(-14.9830069708851,5.83113806819682,-0.4));
#2257=CARTESIAN_POINT('',(-14.6226068845848,5.58220006390735,-0.4));
#2258=CARTESIAN_POINT('',(-14.6226068845848,5.58220006390735,0.));
#2259=CARTESIAN_POINT('Ctrl Pts',(-14.6226068845848,5.58220006390735,-0.4));
#2260=CARTESIAN_POINT('Ctrl Pts',(-14.6782001398671,5.63718906394071,-0.4));
#2261=CARTESIAN_POINT('Ctrl Pts',(-14.7837433144072,5.74158506663635,-0.4));
#2262=CARTESIAN_POINT('Ctrl Pts',(-14.9189963881063,5.80237045487082,-0.4));
#2263=CARTESIAN_POINT('Ctrl Pts',(-14.9830069708851,5.83113806819682,-0.4));
#2264=CARTESIAN_POINT('Ctrl Pts',(-13.9924897342131,4.70508211444599,0.));
#2265=CARTESIAN_POINT('Ctrl Pts',(-13.9924897342131,4.70508211444599,-0.4));
#2266=CARTESIAN_POINT('Ctrl Pts',(-14.1179325153597,4.8969157588529,0.));
#2267=CARTESIAN_POINT('Ctrl Pts',(-14.1179325153597,4.8969157588529,-0.4));
#2268=CARTESIAN_POINT('Ctrl Pts',(-14.3152204646178,5.19861878199873,0.));
#2269=CARTESIAN_POINT('Ctrl Pts',(-14.3152204646178,5.19861878199873,-0.4));
#2270=CARTESIAN_POINT('Ctrl Pts',(-14.5405499856287,5.47980292321914,0.));
#2271=CARTESIAN_POINT('Ctrl Pts',(-14.5405499856287,5.47980292321914,-0.4));
#2272=CARTESIAN_POINT('Ctrl Pts',(-14.6226068845848,5.58220006390735,0.));
#2273=CARTESIAN_POINT('Ctrl Pts',(-14.6226068845848,5.58220006390735,-0.4));
#2274=CARTESIAN_POINT('',(-13.9924897342131,4.70508211444599,-0.4));
#2275=CARTESIAN_POINT('',(-13.9924897342131,4.70508211444599,0.));
#2276=CARTESIAN_POINT('Ctrl Pts',(-13.9924897342131,4.70508211444599,-0.4));
#2277=CARTESIAN_POINT('Ctrl Pts',(-14.1179325153597,4.8969157588529,-0.4));
#2278=CARTESIAN_POINT('Ctrl Pts',(-14.3152204646178,5.19861878199873,-0.4));
#2279=CARTESIAN_POINT('Ctrl Pts',(-14.5405499856287,5.47980292321914,-0.4));
#2280=CARTESIAN_POINT('Ctrl Pts',(-14.6226068845848,5.58220006390735,-0.4));
#2281=CARTESIAN_POINT('Origin',(-13.1284419303588,3.40695245935138,0.));
#2282=CARTESIAN_POINT('',(-13.1284419303588,3.40695245935138,-0.4));
#2283=CARTESIAN_POINT('',(-13.1284419303588,3.40695245935138,0.));
#2284=CARTESIAN_POINT('',(-13.1284419303588,3.40695245935138,-0.4));
#2285=CARTESIAN_POINT('Origin',(-11.6913741229564,3.40175001771312,0.));
#2286=CARTESIAN_POINT('',(-11.6913741229564,3.40175001771312,-0.4));
#2287=CARTESIAN_POINT('',(-11.6913741229564,3.40175001771312,0.));
#2288=CARTESIAN_POINT('',(-11.6913741229564,3.40175001771312,-0.4));
#2289=CARTESIAN_POINT('Origin',(-12.4138237698157,4.56540116897722,0.));
#2290=CARTESIAN_POINT('',(-12.4138237698157,4.56540116897722,-0.4));
#2291=CARTESIAN_POINT('',(-12.4138237698157,4.56540116897722,0.));
#2292=CARTESIAN_POINT('',(-12.4138237698157,4.56540116897722,-0.4));
#2293=CARTESIAN_POINT('Ctrl Pts',(-13.0943543372804,5.53404216832301,0.));
#2294=CARTESIAN_POINT('Ctrl Pts',(-13.0943543372804,5.53404216832301,-0.4));
#2295=CARTESIAN_POINT('Ctrl Pts',(-12.9932095889902,5.40949040901798,0.));
#2296=CARTESIAN_POINT('Ctrl Pts',(-12.9932095889902,5.40949040901798,-0.4));
#2297=CARTESIAN_POINT('Ctrl Pts',(-12.7439957360002,5.10260325612292,0.));
#2298=CARTESIAN_POINT('Ctrl Pts',(-12.7439957360002,5.10260325612292,-0.4));
#2299=CARTESIAN_POINT('Ctrl Pts',(-12.5368803129763,4.765618748279,0.));
#2300=CARTESIAN_POINT('Ctrl Pts',(-12.5368803129763,4.765618748279,-0.4));
#2301=CARTESIAN_POINT('Ctrl Pts',(-12.4138237698157,4.56540116897722,0.));
#2302=CARTESIAN_POINT('Ctrl Pts',(-12.4138237698157,4.56540116897722,-0.4));
#2303=CARTESIAN_POINT('',(-13.0943543372804,5.53404216832301,-0.4));
#2304=CARTESIAN_POINT('',(-13.0943543372804,5.53404216832301,0.));
#2305=CARTESIAN_POINT('Ctrl Pts',(-13.0943543372804,5.53404216832301,-0.4));
#2306=CARTESIAN_POINT('Ctrl Pts',(-12.9932095889902,5.40949040901798,-0.4));
#2307=CARTESIAN_POINT('Ctrl Pts',(-12.7439957360002,5.10260325612292,-0.4));
#2308=CARTESIAN_POINT('Ctrl Pts',(-12.5368803129763,4.765618748279,-0.4));
#2309=CARTESIAN_POINT('Ctrl Pts',(-12.4138237698157,4.56540116897722,-0.4));
#2310=CARTESIAN_POINT('Ctrl Pts',(-13.7359797001803,6.03569154696008,0.));
#2311=CARTESIAN_POINT('Ctrl Pts',(-13.7359797001803,6.03569154696008,-0.4));
#2312=CARTESIAN_POINT('Ctrl Pts',(-13.6143223743151,5.96004663227764,0.));
#2313=CARTESIAN_POINT('Ctrl Pts',(-13.6143223743151,5.96004663227764,-0.4));
#2314=CARTESIAN_POINT('Ctrl Pts',(-13.3823491164613,5.81580873148396,0.));
#2315=CARTESIAN_POINT('Ctrl Pts',(-13.3823491164613,5.81580873148396,-0.4));
#2316=CARTESIAN_POINT('Ctrl Pts',(-13.1871717951962,5.62485234270407,0.));
#2317=CARTESIAN_POINT('Ctrl Pts',(-13.1871717951962,5.62485234270407,-0.4));
#2318=CARTESIAN_POINT('Ctrl Pts',(-13.0943543372804,5.53404216832301,0.));
#2319=CARTESIAN_POINT('Ctrl Pts',(-13.0943543372804,5.53404216832301,-0.4));
#2320=CARTESIAN_POINT('',(-13.7359797001803,6.03569154696008,-0.4));
#2321=CARTESIAN_POINT('',(-13.7359797001803,6.03569154696008,0.));
#2322=CARTESIAN_POINT('Ctrl Pts',(-13.7359797001803,6.03569154696008,-0.4));
#2323=CARTESIAN_POINT('Ctrl Pts',(-13.6143223743151,5.96004663227764,-0.4));
#2324=CARTESIAN_POINT('Ctrl Pts',(-13.3823491164613,5.81580873148396,-0.4));
#2325=CARTESIAN_POINT('Ctrl Pts',(-13.1871717951962,5.62485234270407,-0.4));
#2326=CARTESIAN_POINT('Ctrl Pts',(-13.0943543372804,5.53404216832301,-0.4));
#2327=CARTESIAN_POINT('Ctrl Pts',(-12.5567292493002,6.58149347938074,0.));
#2328=CARTESIAN_POINT('Ctrl Pts',(-12.5567292493002,6.58149347938074,-0.4));
#2329=CARTESIAN_POINT('Ctrl Pts',(-12.7138737793242,6.44890286597119,0.));
#2330=CARTESIAN_POINT('Ctrl Pts',(-12.7138737793242,6.44890286597119,-0.4));
#2331=CARTESIAN_POINT('Ctrl Pts',(-13.0557788953022,6.1604206066876,0.));
#2332=CARTESIAN_POINT('Ctrl Pts',(-13.0557788953022,6.1604206066876,-0.4));
#2333=CARTESIAN_POINT('Ctrl Pts',(-13.4973571758453,6.07944798311343,0.));
#2334=CARTESIAN_POINT('Ctrl Pts',(-13.4973571758453,6.07944798311343,-0.4));
#2335=CARTESIAN_POINT('Ctrl Pts',(-13.7359797001803,6.03569154696008,0.));
#2336=CARTESIAN_POINT('Ctrl Pts',(-13.7359797001803,6.03569154696008,-0.4));
#2337=CARTESIAN_POINT('',(-12.5567292493002,6.58149347938074,-0.4));
#2338=CARTESIAN_POINT('',(-12.5567292493002,6.58149347938074,0.));
#2339=CARTESIAN_POINT('Ctrl Pts',(-12.5567292493002,6.58149347938074,-0.4));
#2340=CARTESIAN_POINT('Ctrl Pts',(-12.7138737793242,6.44890286597119,-0.4));
#2341=CARTESIAN_POINT('Ctrl Pts',(-13.0557788953022,6.1604206066876,-0.4));
#2342=CARTESIAN_POINT('Ctrl Pts',(-13.4973571758453,6.07944798311343,-0.4));
#2343=CARTESIAN_POINT('Ctrl Pts',(-13.7359797001803,6.03569154696008,-0.4));
#2344=CARTESIAN_POINT('Ctrl Pts',(-12.1589520199344,7.68628535990198,0.));
#2345=CARTESIAN_POINT('Ctrl Pts',(-12.1589520199344,7.68628535990198,-0.4));
#2346=CARTESIAN_POINT('Ctrl Pts',(-12.1736205798988,7.47563601024323,0.));
#2347=CARTESIAN_POINT('Ctrl Pts',(-12.1736205798988,7.47563601024323,-0.4));
#2348=CARTESIAN_POINT('Ctrl Pts',(-12.2019358934043,7.06901106615803,0.));
#2349=CARTESIAN_POINT('Ctrl Pts',(-12.2019358934043,7.06901106615803,-0.4));
#2350=CARTESIAN_POINT('Ctrl Pts',(-12.4413446215467,6.7400422073623,0.));
#2351=CARTESIAN_POINT('Ctrl Pts',(-12.4413446215467,6.7400422073623,-0.4));
#2352=CARTESIAN_POINT('Ctrl Pts',(-12.5567292493002,6.58149347938074,0.));
#2353=CARTESIAN_POINT('Ctrl Pts',(-12.5567292493002,6.58149347938074,-0.4));
#2354=CARTESIAN_POINT('',(-12.1589520199344,7.68628535990198,-0.4));
#2355=CARTESIAN_POINT('',(-12.1589520199344,7.68628535990198,0.));
#2356=CARTESIAN_POINT('Ctrl Pts',(-12.1589520199344,7.68628535990198,-0.4));
#2357=CARTESIAN_POINT('Ctrl Pts',(-12.1736205798988,7.47563601024323,-0.4));
#2358=CARTESIAN_POINT('Ctrl Pts',(-12.2019358934043,7.06901106615803,-0.4));
#2359=CARTESIAN_POINT('Ctrl Pts',(-12.4413446215467,6.7400422073623,-0.4));
#2360=CARTESIAN_POINT('Ctrl Pts',(-12.5567292493002,6.58149347938074,-0.4));
#2361=CARTESIAN_POINT('Ctrl Pts',(-12.4153655945037,8.62497338544868,0.));
#2362=CARTESIAN_POINT('Ctrl Pts',(-12.4153655945037,8.62497338544868,-0.4));
#2363=CARTESIAN_POINT('Ctrl Pts',(-12.3401178041366,8.48125217039315,0.));
#2364=CARTESIAN_POINT('Ctrl Pts',(-12.3401178041366,8.48125217039315,-0.4));
#2365=CARTESIAN_POINT('Ctrl Pts',(-12.1862074988143,8.18728771000718,0.));
#2366=CARTESIAN_POINT('Ctrl Pts',(-12.1862074988143,8.18728771000718,-0.4));
#2367=CARTESIAN_POINT('Ctrl Pts',(-12.1681705714076,7.85573811371359,0.));
#2368=CARTESIAN_POINT('Ctrl Pts',(-12.1681705714076,7.85573811371359,-0.4));
#2369=CARTESIAN_POINT('Ctrl Pts',(-12.1589520199344,7.68628535990198,0.));
#2370=CARTESIAN_POINT('Ctrl Pts',(-12.1589520199344,7.68628535990198,-0.4));
#2371=CARTESIAN_POINT('',(-12.4153655945037,8.62497338544868,-0.4));
#2372=CARTESIAN_POINT('',(-12.4153655945037,8.62497338544868,0.));
#2373=CARTESIAN_POINT('Ctrl Pts',(-12.4153655945037,8.62497338544868,-0.4));
#2374=CARTESIAN_POINT('Ctrl Pts',(-12.3401178041366,8.48125217039315,-0.4));
#2375=CARTESIAN_POINT('Ctrl Pts',(-12.1862074988143,8.18728771000718,-0.4));
#2376=CARTESIAN_POINT('Ctrl Pts',(-12.1681705714076,7.85573811371359,-0.4));
#2377=CARTESIAN_POINT('Ctrl Pts',(-12.1589520199344,7.68628535990198,-0.4));
#2378=CARTESIAN_POINT('Ctrl Pts',(-13.1054483296109,9.19784113202468,0.));
#2379=CARTESIAN_POINT('Ctrl Pts',(-13.1054483296109,9.19784113202468,-0.4));
#2380=CARTESIAN_POINT('Ctrl Pts',(-12.9681765788187,9.13256336688472,0.));
#2381=CARTESIAN_POINT('Ctrl Pts',(-12.9681765788187,9.13256336688472,-0.4));
#2382=CARTESIAN_POINT('Ctrl Pts',(-12.6897658690683,9.00016883692021,0.));
#2383=CARTESIAN_POINT('Ctrl Pts',(-12.6897658690683,9.00016883692021,-0.4));
#2384=CARTESIAN_POINT('Ctrl Pts',(-12.5076754495182,8.75119132667492,0.));
#2385=CARTESIAN_POINT('Ctrl Pts',(-12.5076754495182,8.75119132667492,-0.4));
#2386=CARTESIAN_POINT('Ctrl Pts',(-12.4153655945037,8.62497338544868,0.));
#2387=CARTESIAN_POINT('Ctrl Pts',(-12.4153655945037,8.62497338544868,-0.4));
#2388=CARTESIAN_POINT('',(-13.1054483296109,9.19784113202468,-0.4));
#2389=CARTESIAN_POINT('',(-13.1054483296109,9.19784113202468,0.));
#2390=CARTESIAN_POINT('Ctrl Pts',(-13.1054483296109,9.19784113202468,-0.4));
#2391=CARTESIAN_POINT('Ctrl Pts',(-12.9681765788187,9.13256336688472,-0.4));
#2392=CARTESIAN_POINT('Ctrl Pts',(-12.6897658690683,9.00016883692021,-0.4));
#2393=CARTESIAN_POINT('Ctrl Pts',(-12.5076754495182,8.75119132667492,-0.4));
#2394=CARTESIAN_POINT('Ctrl Pts',(-12.4153655945037,8.62497338544868,-0.4));
#2395=CARTESIAN_POINT('Ctrl Pts',(-14.491191558368,9.36321021590043,0.));
#2396=CARTESIAN_POINT('Ctrl Pts',(-14.491191558368,9.36321021590043,-0.4));
#2397=CARTESIAN_POINT('Ctrl Pts',(-14.2149767463002,9.36182767210644,0.));
#2398=CARTESIAN_POINT('Ctrl Pts',(-14.2149767463002,9.36182767210644,-0.4));
#2399=CARTESIAN_POINT('Ctrl Pts',(-13.7459903335049,9.35948024457486,0.));
#2400=CARTESIAN_POINT('Ctrl Pts',(-13.7459903335049,9.35948024457486,-0.4));
#2401=CARTESIAN_POINT('Ctrl Pts',(-13.2920396589196,9.24492696979278,0.));
#2402=CARTESIAN_POINT('Ctrl Pts',(-13.2920396589196,9.24492696979278,-0.4));
#2403=CARTESIAN_POINT('Ctrl Pts',(-13.1054483296109,9.19784113202468,0.));
#2404=CARTESIAN_POINT('Ctrl Pts',(-13.1054483296109,9.19784113202468,-0.4));
#2405=CARTESIAN_POINT('',(-14.491191558368,9.36321021590043,-0.4));
#2406=CARTESIAN_POINT('',(-14.491191558368,9.36321021590043,0.));
#2407=CARTESIAN_POINT('Ctrl Pts',(-14.491191558368,9.36321021590043,-0.4));
#2408=CARTESIAN_POINT('Ctrl Pts',(-14.2149767463002,9.36182767210644,-0.4));
#2409=CARTESIAN_POINT('Ctrl Pts',(-13.7459903335049,9.35948024457486,-0.4));
#2410=CARTESIAN_POINT('Ctrl Pts',(-13.2920396589196,9.24492696979278,-0.4));
#2411=CARTESIAN_POINT('Ctrl Pts',(-13.1054483296109,9.19784113202468,-0.4));
#2412=CARTESIAN_POINT('Origin',(-17.0202681991536,9.37236592417989,0.));
#2413=CARTESIAN_POINT('',(-17.0202681991536,9.37236592417989,-0.4));
#2414=CARTESIAN_POINT('',(-17.0202681991536,9.37236592417989,0.));
#2415=CARTESIAN_POINT('',(-17.0202681991536,9.37236592417989,-0.4));
#2416=CARTESIAN_POINT('Origin',(-17.0418127718788,3.42111955940539,0.));
#2417=CARTESIAN_POINT('',(-17.0418127718788,3.42111955940539,-0.4));
#2418=CARTESIAN_POINT('',(-17.0418127718788,3.42111955940539,0.));
#2419=CARTESIAN_POINT('',(-17.0418127718788,3.42111955940539,-0.4));
#2420=CARTESIAN_POINT('Origin',(-15.8401967813848,3.4167694953166,0.));
#2421=CARTESIAN_POINT('',(-15.8401967813848,3.4167694953166,-0.4));
#2422=CARTESIAN_POINT('Origin',(-12.1750476173158,6.33185390216763,-0.4));
#2423=CARTESIAN_POINT('Origin',(-17.5000002607703,17.5,0.));
#2424=CARTESIAN_POINT('Origin',(-35.,0.,0.));
#2425=CARTESIAN_POINT('Origin',(0.,35.,0.));
#2426=CARTESIAN_POINT('Origin',(-17.5000002607703,17.5,0.));
#2427=UNCERTAINTY_MEASURE_WITH_UNIT(LENGTH_MEASURE(0.01),#2431,
'DISTANCE_ACCURACY_VALUE',
'Maximum model space distance between geometric entities at asserted c
onnectivities');
#2428=UNCERTAINTY_MEASURE_WITH_UNIT(LENGTH_MEASURE(0.01),#2431,
'DISTANCE_ACCURACY_VALUE',
'Maximum model space distance between geometric entities at asserted c
onnectivities');
#2429=(
GEOMETRIC_REPRESENTATION_CONTEXT(3)
GLOBAL_UNCERTAINTY_ASSIGNED_CONTEXT((#2427))
GLOBAL_UNIT_ASSIGNED_CONTEXT((#2431,#2433,#2434))
REPRESENTATION_CONTEXT('','3D')
);
#2430=(
GEOMETRIC_REPRESENTATION_CONTEXT(3)
GLOBAL_UNCERTAINTY_ASSIGNED_CONTEXT((#2428))
GLOBAL_UNIT_ASSIGNED_CONTEXT((#2431,#2433,#2434))
REPRESENTATION_CONTEXT('','3D')
);
#2431=(
LENGTH_UNIT()
NAMED_UNIT(*)
SI_UNIT(.MILLI.,.METRE.)
);
#2432=(
LENGTH_UNIT()
NAMED_UNIT(*)
SI_UNIT($,.METRE.)
);
#2433=(
NAMED_UNIT(*)
PLANE_ANGLE_UNIT()
SI_UNIT($,.RADIAN.)
);
#2434=(
NAMED_UNIT(*)
SI_UNIT($,.STERADIAN.)
SOLID_ANGLE_UNIT()
);
#2435=SHAPE_DEFINITION_REPRESENTATION(#2436,#2437);
#2436=PRODUCT_DEFINITION_SHAPE('',$,#2439);
#2437=SHAPE_REPRESENTATION('',(#1219),#2429);
#2438=PRODUCT_DEFINITION_CONTEXT('part definition',#2443,'design');
#2439=PRODUCT_DEFINITION('Fillet Chips Inverted',
'Fillet Chips Inverted v2',#2440,#2438);
#2440=PRODUCT_DEFINITION_FORMATION('',$,#2445);
#2441=PRODUCT_RELATED_PRODUCT_CATEGORY('Fillet Chips Inverted v2',
'Fillet Chips Inverted v2',(#2445));
#2442=APPLICATION_PROTOCOL_DEFINITION('international standard',
'automotive_design',2009,#2443);
#2443=APPLICATION_CONTEXT(
'Core Data for Automotive Mechanical Design Process');
#2444=PRODUCT_CONTEXT('part definition',#2443,'mechanical');
#2445=PRODUCT('Fillet Chips Inverted','Fillet Chips Inverted v2',$,(#2444));
#2446=PRESENTATION_STYLE_ASSIGNMENT((#2447));
#2447=SURFACE_STYLE_USAGE(.BOTH.,#2448);
#2448=SURFACE_SIDE_STYLE('',(#2449));
#2449=SURFACE_STYLE_FILL_AREA(#2450);
#2450=FILL_AREA_STYLE('Steel - Satin',(#2451));
#2451=FILL_AREA_STYLE_COLOUR('Steel - Satin',#2452);
#2452=COLOUR_RGB('Steel - Satin',0.627450980392157,0.627450980392157,0.627450980392157);
ENDSEC;
END-ISO-10303-21;
