ISO-10303-21;
HEADER;
/* Generated by software containing ST-Developer
 * from STEP Tools, Inc. (www.steptools.com) 
 */

FILE_DESCRIPTION(
/* description */ (''),
/* implementation_level */ '2;1');

FILE_NAME(
/* name */ 'R17 Exterior Gauge.stp',
/* time_stamp */ '2025-04-23T18:58:13+10:00',
/* author */ (''),
/* organization */ (''),
/* preprocessor_version */ 'ST-DEVELOPER v20.1',
/* originating_system */ 'Autodesk Translation Framework v14.4.0.0',
/* authorisation */ '');

FILE_SCHEMA (('AUTOMOTIVE_DESIGN { 1 0 10303 214 3 1 1 }'));
ENDSEC;

DATA;
#10=MECHANICAL_DESIGN_GEOMETRIC_PRESENTATION_REPRESENTATION('',(#13),#2082);
#11=SHAPE_REPRESENTATION_RELATIONSHIP('SRR','None',#2089,#12);
#12=ADVANCED_BREP_SHAPE_REPRESENTATION('',(#14),#2081);
#13=STYLED_ITEM('',(#2098),#14);
#14=MANIFOLD_SOLID_BREP('Body1',#1110);
#15=B_SPLINE_SURFACE_WITH_KNOTS('',3,1,((#1539,#1540),(#1541,#1542),(#1543,
#1544),(#1545,#1546),(#1547,#1548)),.UNSPECIFIED.,.F.,.F.,.F.,(4,1,4),(2,
2),(0.,0.13384061671686,0.263715239426552),(0.,0.04),.UNSPECIFIED.);
#16=B_SPLINE_SURFACE_WITH_KNOTS('',3,1,((#1558,#1559),(#1560,#1561),(#1562,
#1563),(#1564,#1565),(#1566,#1567)),.UNSPECIFIED.,.F.,.F.,.F.,(4,1,4),(2,
2),(0.,0.125429447406834,0.257711835494675),(0.,0.04),.UNSPECIFIED.);
#17=B_SPLINE_SURFACE_WITH_KNOTS('',3,1,((#1579,#1580),(#1581,#1582),(#1583,
#1584),(#1585,#1586),(#1587,#1588)),.UNSPECIFIED.,.F.,.F.,.F.,(4,1,4),(2,
2),(0.,0.0967329218794824,0.181047461013276),(0.,0.04),.UNSPECIFIED.);
#18=B_SPLINE_SURFACE_WITH_KNOTS('',3,1,((#1596,#1597),(#1598,#1599),(#1600,
#1601),(#1602,#1603),(#1604,#1605)),.UNSPECIFIED.,.F.,.F.,.F.,(4,1,4),(2,
2),(0.,0.101703122838191,0.204145936412656),(0.,0.04),.UNSPECIFIED.);
#19=B_SPLINE_SURFACE_WITH_KNOTS('',3,1,((#1613,#1614),(#1615,#1616),(#1617,
#1618),(#1619,#1620),(#1621,#1622)),.UNSPECIFIED.,.F.,.F.,.F.,(4,1,4),(2,
2),(0.,0.0756276158403474,0.16848934910311),(0.,0.04),.UNSPECIFIED.);
#20=B_SPLINE_SURFACE_WITH_KNOTS('',3,1,((#1651,#1652),(#1653,#1654),(#1655,
#1656),(#1657,#1658),(#1659,#1660)),.UNSPECIFIED.,.F.,.F.,.F.,(4,1,4),(2,
2),(0.,0.0624698689678472,0.120508064374643),(0.,0.04),.UNSPECIFIED.);
#21=B_SPLINE_SURFACE_WITH_KNOTS('',3,1,((#1668,#1669),(#1670,#1671),(#1672,
#1673),(#1674,#1675),(#1676,#1677)),.UNSPECIFIED.,.F.,.F.,.F.,(4,1,4),(2,
2),(0.,0.0511640383340466,0.112134491171033),(0.,0.04),.UNSPECIFIED.);
#22=B_SPLINE_SURFACE_WITH_KNOTS('',3,1,((#1689,#1690),(#1691,#1692),(#1693,
#1694),(#1695,#1696),(#1697,#1698)),.UNSPECIFIED.,.F.,.F.,.F.,(4,1,4),(2,
2),(0.,0.0849866684587009,0.171886046490542),(0.,0.04),.UNSPECIFIED.);
#23=B_SPLINE_SURFACE_WITH_KNOTS('',3,1,((#1726,#1727),(#1728,#1729),(#1730,
#1731),(#1732,#1733),(#1734,#1735)),.UNSPECIFIED.,.F.,.F.,.F.,(4,1,4),(2,
2),(0.,0.0292683046402059,0.0877278816271959),(0.,0.04),.UNSPECIFIED.);
#24=B_SPLINE_SURFACE_WITH_KNOTS('',3,1,((#1749,#1750),(#1751,#1752),(#1753,
#1754),(#1755,#1756),(#1757,#1758)),.UNSPECIFIED.,.F.,.F.,.F.,(4,1,4),(2,
2),(0.,0.0245137084432334,0.0517312719764843),(0.,0.04),.UNSPECIFIED.);
#25=B_SPLINE_SURFACE_WITH_KNOTS('',3,1,((#1772,#1773),(#1774,#1775),(#1776,
#1777),(#1778,#1779),(#1780,#1781)),.UNSPECIFIED.,.F.,.F.,.F.,(4,1,4),(2,
2),(0.,0.0274425680625578,0.0519583922673294),(0.,0.04),.UNSPECIFIED.);
#26=B_SPLINE_SURFACE_WITH_KNOTS('',3,1,((#1795,#1796),(#1797,#1798),(#1799,
#1800),(#1801,#1802),(#1803,#1804)),.UNSPECIFIED.,.F.,.F.,.F.,(4,1,4),(2,
2),(0.,0.0220732232643195,0.0468214363530435),(0.,0.04),.UNSPECIFIED.);
#27=B_SPLINE_SURFACE_WITH_KNOTS('',3,1,((#1818,#1819),(#1820,#1821),(#1822,
#1823),(#1824,#1825),(#1826,#1827)),.UNSPECIFIED.,.F.,.F.,.F.,(4,1,4),(2,
2),(0.,0.0216065502965852,0.0426391915051792),(0.,0.04),.UNSPECIFIED.);
#28=B_SPLINE_SURFACE_WITH_KNOTS('',3,1,((#1841,#1842),(#1843,#1844),(#1845,
#1846),(#1847,#1848),(#1849,#1850)),.UNSPECIFIED.,.F.,.F.,.F.,(4,1,4),(2,
2),(0.,0.0702538216177741,0.108403218828905),(0.,0.04),.UNSPECIFIED.);
#29=B_SPLINE_SURFACE_WITH_KNOTS('',3,1,((#1883,#1884),(#1885,#1886),(#1887,
#1888),(#1889,#1890),(#1891,#1892)),.UNSPECIFIED.,.F.,.F.,.F.,(4,1,4),(2,
2),(0.,0.0251681682852492,0.0610327282194378),(0.,0.04),.UNSPECIFIED.);
#30=B_SPLINE_SURFACE_WITH_KNOTS('',3,1,((#1900,#1901),(#1902,#1903),(#1904,
#1905),(#1906,#1907),(#1908,#1909)),.UNSPECIFIED.,.F.,.F.,.F.,(4,1,4),(2,
2),(0.,0.0232381939306405,0.0441174517585879),(0.,0.04),.UNSPECIFIED.);
#31=B_SPLINE_SURFACE_WITH_KNOTS('',3,1,((#1917,#1918),(#1919,#1920),(#1921,
#1922),(#1923,#1924),(#1925,#1926)),.UNSPECIFIED.,.F.,.F.,.F.,(4,1,4),(2,
2),(0.,0.0687027131930971,0.108050995604873),(0.,0.04),.UNSPECIFIED.);
#32=B_SPLINE_SURFACE_WITH_KNOTS('',3,1,((#1946,#1947),(#1948,#1949),(#1950,
#1951),(#1952,#1953),(#1954,#1955)),.UNSPECIFIED.,.F.,.F.,.F.,(4,1,4),(2,
2),(0.,0.048089486218889,0.118489257737085),(0.,0.04),.UNSPECIFIED.);
#33=B_SPLINE_SURFACE_WITH_KNOTS('',3,1,((#1963,#1964),(#1965,#1966),(#1967,
#1968),(#1969,#1970),(#1971,#1972)),.UNSPECIFIED.,.F.,.F.,.F.,(4,1,4),(2,
2),(0.,0.0428271087353407,0.081661699097431),(0.,0.04),.UNSPECIFIED.);
#34=B_SPLINE_SURFACE_WITH_KNOTS('',3,1,((#1980,#1981),(#1982,#1983),(#1984,
#1985),(#1986,#1987),(#1988,#1989)),.UNSPECIFIED.,.F.,.F.,.F.,(4,1,4),(2,
2),(0.,0.0606478741289087,0.131953803512571),(0.,0.04),.UNSPECIFIED.);
#35=B_SPLINE_SURFACE_WITH_KNOTS('',3,1,((#1997,#1998),(#1999,#2000),(#2001,
#2002),(#2003,#2004),(#2005,#2006)),.UNSPECIFIED.,.F.,.F.,.F.,(4,1,4),(2,
2),(0.,0.0619341756070439,0.119554039611203),(0.,0.04),.UNSPECIFIED.);
#36=B_SPLINE_SURFACE_WITH_KNOTS('',3,1,((#2014,#2015),(#2016,#2017),(#2018,
#2019),(#2020,#2021),(#2022,#2023)),.UNSPECIFIED.,.F.,.F.,.F.,(4,1,4),(2,
2),(0.,0.0480709378532739,0.0983233220010378),(0.,0.04),.UNSPECIFIED.);
#37=B_SPLINE_SURFACE_WITH_KNOTS('',3,1,((#2031,#2032),(#2033,#2034),(#2035,
#2036),(#2037,#2038),(#2039,#2040)),.UNSPECIFIED.,.F.,.F.,.F.,(4,1,4),(2,
2),(0.,0.0448451320081345,0.0909536372865049),(0.,0.04),.UNSPECIFIED.);
#38=B_SPLINE_SURFACE_WITH_KNOTS('',3,1,((#2048,#2049),(#2050,#2051),(#2052,
#2053),(#2054,#2055),(#2056,#2057)),.UNSPECIFIED.,.F.,.F.,.F.,(4,1,4),(2,
2),(0.,0.0824554494320585,0.140001490706005),(0.,0.04),.UNSPECIFIED.);
#39=CYLINDRICAL_SURFACE('',#1133,17.);
#40=FACE_BOUND('',#158,.T.);
#41=FACE_BOUND('',#159,.T.);
#42=FACE_BOUND('',#160,.T.);
#43=FACE_BOUND('',#212,.T.);
#44=B_SPLINE_CURVE_WITH_KNOTS('',3,(#1399,#1400,#1401,#1402,#1403),
 .UNSPECIFIED.,.F.,.F.,(4,1,4),(0.,0.0824554494320585,0.140001490706005),
 .UNSPECIFIED.);
#45=B_SPLINE_CURVE_WITH_KNOTS('',3,(#1405,#1406,#1407,#1408,#1409),
 .UNSPECIFIED.,.F.,.F.,(4,1,4),(0.,0.0448451320081345,0.0909536372865049),
 .UNSPECIFIED.);
#46=B_SPLINE_CURVE_WITH_KNOTS('',3,(#1411,#1412,#1413,#1414,#1415),
 .UNSPECIFIED.,.F.,.F.,(4,1,4),(0.,0.0480709378532739,0.0983233220010378),
 .UNSPECIFIED.);
#47=B_SPLINE_CURVE_WITH_KNOTS('',3,(#1417,#1418,#1419,#1420,#1421),
 .UNSPECIFIED.,.F.,.F.,(4,1,4),(0.,0.0619341756070439,0.119554039611203),
 .UNSPECIFIED.);
#48=B_SPLINE_CURVE_WITH_KNOTS('',3,(#1423,#1424,#1425,#1426,#1427),
 .UNSPECIFIED.,.F.,.F.,(4,1,4),(0.,0.0606478741289087,0.131953803512571),
 .UNSPECIFIED.);
#49=B_SPLINE_CURVE_WITH_KNOTS('',3,(#1429,#1430,#1431,#1432,#1433),
 .UNSPECIFIED.,.F.,.F.,(4,1,4),(0.,0.0428271087353407,0.081661699097431),
 .UNSPECIFIED.);
#50=B_SPLINE_CURVE_WITH_KNOTS('',3,(#1435,#1436,#1437,#1438,#1439),
 .UNSPECIFIED.,.F.,.F.,(4,1,4),(0.,0.048089486218889,0.118489257737085),
 .UNSPECIFIED.);
#51=B_SPLINE_CURVE_WITH_KNOTS('',3,(#1447,#1448,#1449,#1450,#1451),
 .UNSPECIFIED.,.F.,.F.,(4,1,4),(0.,0.0687027131930971,0.108050995604873),
 .UNSPECIFIED.);
#52=B_SPLINE_CURVE_WITH_KNOTS('',3,(#1453,#1454,#1455,#1456,#1457),
 .UNSPECIFIED.,.F.,.F.,(4,1,4),(0.,0.0232381939306405,0.0441174517585879),
 .UNSPECIFIED.);
#53=B_SPLINE_CURVE_WITH_KNOTS('',3,(#1459,#1460,#1461,#1462,#1463),
 .UNSPECIFIED.,.F.,.F.,(4,1,4),(0.,0.0251681682852492,0.0610327282194378),
 .UNSPECIFIED.);
#54=B_SPLINE_CURVE_WITH_KNOTS('',3,(#1475,#1476,#1477,#1478,#1479),
 .UNSPECIFIED.,.F.,.F.,(4,1,4),(0.,0.0849866684587009,0.171886046490542),
 .UNSPECIFIED.);
#55=B_SPLINE_CURVE_WITH_KNOTS('',3,(#1483,#1484,#1485,#1486,#1487),
 .UNSPECIFIED.,.F.,.F.,(4,1,4),(0.,0.0511640383340466,0.112134491171033),
 .UNSPECIFIED.);
#56=B_SPLINE_CURVE_WITH_KNOTS('',3,(#1488,#1489,#1490,#1491,#1492),
 .UNSPECIFIED.,.F.,.F.,(4,1,4),(0.,0.0624698689678472,0.120508064374643),
 .UNSPECIFIED.);
#57=B_SPLINE_CURVE_WITH_KNOTS('',3,(#1495,#1496,#1497,#1498,#1499),
 .UNSPECIFIED.,.F.,.F.,(4,1,4),(0.,0.13384061671686,0.263715239426552),
 .UNSPECIFIED.);
#58=B_SPLINE_CURVE_WITH_KNOTS('',3,(#1509,#1510,#1511,#1512,#1513),
 .UNSPECIFIED.,.F.,.F.,(4,1,4),(0.,0.0756276158403474,0.16848934910311),
 .UNSPECIFIED.);
#59=B_SPLINE_CURVE_WITH_KNOTS('',3,(#1515,#1516,#1517,#1518,#1519),
 .UNSPECIFIED.,.F.,.F.,(4,1,4),(0.,0.101703122838191,0.204145936412656),
 .UNSPECIFIED.);
#60=B_SPLINE_CURVE_WITH_KNOTS('',3,(#1521,#1522,#1523,#1524,#1525),
 .UNSPECIFIED.,.F.,.F.,(4,1,4),(0.,0.0967329218794824,0.181047461013276),
 .UNSPECIFIED.);
#61=B_SPLINE_CURVE_WITH_KNOTS('',3,(#1528,#1529,#1530,#1531,#1532),
 .UNSPECIFIED.,.F.,.F.,(4,1,4),(0.,0.125429447406834,0.257711835494675),
 .UNSPECIFIED.);
#62=B_SPLINE_CURVE_WITH_KNOTS('',3,(#1552,#1553,#1554,#1555,#1556),
 .UNSPECIFIED.,.F.,.F.,(4,1,4),(0.,0.13384061671686,0.263715239426552),
 .UNSPECIFIED.);
#63=B_SPLINE_CURVE_WITH_KNOTS('',3,(#1570,#1571,#1572,#1573,#1574),
 .UNSPECIFIED.,.F.,.F.,(4,1,4),(0.,0.125429447406834,0.257711835494675),
 .UNSPECIFIED.);
#64=B_SPLINE_CURVE_WITH_KNOTS('',3,(#1591,#1592,#1593,#1594,#1595),
 .UNSPECIFIED.,.F.,.F.,(4,1,4),(0.,0.0967329218794824,0.181047461013276),
 .UNSPECIFIED.);
#65=B_SPLINE_CURVE_WITH_KNOTS('',3,(#1608,#1609,#1610,#1611,#1612),
 .UNSPECIFIED.,.F.,.F.,(4,1,4),(0.,0.101703122838191,0.204145936412656),
 .UNSPECIFIED.);
#66=B_SPLINE_CURVE_WITH_KNOTS('',3,(#1625,#1626,#1627,#1628,#1629),
 .UNSPECIFIED.,.F.,.F.,(4,1,4),(0.,0.0756276158403474,0.16848934910311),
 .UNSPECIFIED.);
#67=B_SPLINE_CURVE_WITH_KNOTS('',3,(#1663,#1664,#1665,#1666,#1667),
 .UNSPECIFIED.,.F.,.F.,(4,1,4),(0.,0.0624698689678472,0.120508064374643),
 .UNSPECIFIED.);
#68=B_SPLINE_CURVE_WITH_KNOTS('',3,(#1680,#1681,#1682,#1683,#1684),
 .UNSPECIFIED.,.F.,.F.,(4,1,4),(0.,0.0511640383340466,0.112134491171033),
 .UNSPECIFIED.);
#69=B_SPLINE_CURVE_WITH_KNOTS('',3,(#1701,#1702,#1703,#1704,#1705),
 .UNSPECIFIED.,.F.,.F.,(4,1,4),(0.,0.0849866684587009,0.171886046490542),
 .UNSPECIFIED.);
#70=B_SPLINE_CURVE_WITH_KNOTS('',3,(#1737,#1738,#1739,#1740,#1741),
 .UNSPECIFIED.,.F.,.F.,(4,1,4),(0.,0.0292683046402059,0.0877278816271959),
 .UNSPECIFIED.);
#71=B_SPLINE_CURVE_WITH_KNOTS('',3,(#1744,#1745,#1746,#1747,#1748),
 .UNSPECIFIED.,.F.,.F.,(4,1,4),(0.,0.0292683046402059,0.0877278816271959),
 .UNSPECIFIED.);
#72=B_SPLINE_CURVE_WITH_KNOTS('',3,(#1760,#1761,#1762,#1763,#1764),
 .UNSPECIFIED.,.F.,.F.,(4,1,4),(0.,0.0245137084432334,0.0517312719764843),
 .UNSPECIFIED.);
#73=B_SPLINE_CURVE_WITH_KNOTS('',3,(#1767,#1768,#1769,#1770,#1771),
 .UNSPECIFIED.,.F.,.F.,(4,1,4),(0.,0.0245137084432334,0.0517312719764843),
 .UNSPECIFIED.);
#74=B_SPLINE_CURVE_WITH_KNOTS('',3,(#1783,#1784,#1785,#1786,#1787),
 .UNSPECIFIED.,.F.,.F.,(4,1,4),(0.,0.0274425680625578,0.0519583922673294),
 .UNSPECIFIED.);
#75=B_SPLINE_CURVE_WITH_KNOTS('',3,(#1790,#1791,#1792,#1793,#1794),
 .UNSPECIFIED.,.F.,.F.,(4,1,4),(0.,0.0274425680625578,0.0519583922673294),
 .UNSPECIFIED.);
#76=B_SPLINE_CURVE_WITH_KNOTS('',3,(#1806,#1807,#1808,#1809,#1810),
 .UNSPECIFIED.,.F.,.F.,(4,1,4),(0.,0.0220732232643195,0.0468214363530435),
 .UNSPECIFIED.);
#77=B_SPLINE_CURVE_WITH_KNOTS('',3,(#1813,#1814,#1815,#1816,#1817),
 .UNSPECIFIED.,.F.,.F.,(4,1,4),(0.,0.0220732232643195,0.0468214363530435),
 .UNSPECIFIED.);
#78=B_SPLINE_CURVE_WITH_KNOTS('',3,(#1829,#1830,#1831,#1832,#1833),
 .UNSPECIFIED.,.F.,.F.,(4,1,4),(0.,0.0216065502965852,0.0426391915051792),
 .UNSPECIFIED.);
#79=B_SPLINE_CURVE_WITH_KNOTS('',3,(#1836,#1837,#1838,#1839,#1840),
 .UNSPECIFIED.,.F.,.F.,(4,1,4),(0.,0.0216065502965852,0.0426391915051792),
 .UNSPECIFIED.);
#80=B_SPLINE_CURVE_WITH_KNOTS('',3,(#1852,#1853,#1854,#1855,#1856),
 .UNSPECIFIED.,.F.,.F.,(4,1,4),(0.,0.0702538216177741,0.108403218828905),
 .UNSPECIFIED.);
#81=B_SPLINE_CURVE_WITH_KNOTS('',3,(#1859,#1860,#1861,#1862,#1863),
 .UNSPECIFIED.,.F.,.F.,(4,1,4),(0.,0.0702538216177741,0.108403218828905),
 .UNSPECIFIED.);
#82=B_SPLINE_CURVE_WITH_KNOTS('',3,(#1895,#1896,#1897,#1898,#1899),
 .UNSPECIFIED.,.F.,.F.,(4,1,4),(0.,0.0251681682852492,0.0610327282194378),
 .UNSPECIFIED.);
#83=B_SPLINE_CURVE_WITH_KNOTS('',3,(#1912,#1913,#1914,#1915,#1916),
 .UNSPECIFIED.,.F.,.F.,(4,1,4),(0.,0.0232381939306405,0.0441174517585879),
 .UNSPECIFIED.);
#84=B_SPLINE_CURVE_WITH_KNOTS('',3,(#1929,#1930,#1931,#1932,#1933),
 .UNSPECIFIED.,.F.,.F.,(4,1,4),(0.,0.0687027131930971,0.108050995604873),
 .UNSPECIFIED.);
#85=B_SPLINE_CURVE_WITH_KNOTS('',3,(#1958,#1959,#1960,#1961,#1962),
 .UNSPECIFIED.,.F.,.F.,(4,1,4),(0.,0.048089486218889,0.118489257737085),
 .UNSPECIFIED.);
#86=B_SPLINE_CURVE_WITH_KNOTS('',3,(#1975,#1976,#1977,#1978,#1979),
 .UNSPECIFIED.,.F.,.F.,(4,1,4),(0.,0.0428271087353407,0.081661699097431),
 .UNSPECIFIED.);
#87=B_SPLINE_CURVE_WITH_KNOTS('',3,(#1992,#1993,#1994,#1995,#1996),
 .UNSPECIFIED.,.F.,.F.,(4,1,4),(0.,0.0606478741289087,0.131953803512571),
 .UNSPECIFIED.);
#88=B_SPLINE_CURVE_WITH_KNOTS('',3,(#2009,#2010,#2011,#2012,#2013),
 .UNSPECIFIED.,.F.,.F.,(4,1,4),(0.,0.0619341756070439,0.119554039611203),
 .UNSPECIFIED.);
#89=B_SPLINE_CURVE_WITH_KNOTS('',3,(#2026,#2027,#2028,#2029,#2030),
 .UNSPECIFIED.,.F.,.F.,(4,1,4),(0.,0.0480709378532739,0.0983233220010378),
 .UNSPECIFIED.);
#90=B_SPLINE_CURVE_WITH_KNOTS('',3,(#2043,#2044,#2045,#2046,#2047),
 .UNSPECIFIED.,.F.,.F.,(4,1,4),(0.,0.0448451320081345,0.0909536372865049),
 .UNSPECIFIED.);
#91=B_SPLINE_CURVE_WITH_KNOTS('',3,(#2060,#2061,#2062,#2063,#2064),
 .UNSPECIFIED.,.F.,.F.,(4,1,4),(0.,0.0824554494320585,0.140001490706005),
 .UNSPECIFIED.);
#92=CIRCLE('',#1127,17.);
#93=CIRCLE('',#1130,17.);
#94=FACE_OUTER_BOUND('',#153,.T.);
#95=FACE_OUTER_BOUND('',#154,.T.);
#96=FACE_OUTER_BOUND('',#155,.T.);
#97=FACE_OUTER_BOUND('',#156,.T.);
#98=FACE_OUTER_BOUND('',#157,.T.);
#99=FACE_OUTER_BOUND('',#161,.T.);
#100=FACE_OUTER_BOUND('',#162,.T.);
#101=FACE_OUTER_BOUND('',#163,.T.);
#102=FACE_OUTER_BOUND('',#164,.T.);
#103=FACE_OUTER_BOUND('',#165,.T.);
#104=FACE_OUTER_BOUND('',#166,.T.);
#105=FACE_OUTER_BOUND('',#167,.T.);
#106=FACE_OUTER_BOUND('',#168,.T.);
#107=FACE_OUTER_BOUND('',#169,.T.);
#108=FACE_OUTER_BOUND('',#170,.T.);
#109=FACE_OUTER_BOUND('',#171,.T.);
#110=FACE_OUTER_BOUND('',#172,.T.);
#111=FACE_OUTER_BOUND('',#173,.T.);
#112=FACE_OUTER_BOUND('',#174,.T.);
#113=FACE_OUTER_BOUND('',#175,.T.);
#114=FACE_OUTER_BOUND('',#176,.T.);
#115=FACE_OUTER_BOUND('',#177,.T.);
#116=FACE_OUTER_BOUND('',#178,.T.);
#117=FACE_OUTER_BOUND('',#179,.T.);
#118=FACE_OUTER_BOUND('',#180,.T.);
#119=FACE_OUTER_BOUND('',#181,.T.);
#120=FACE_OUTER_BOUND('',#182,.T.);
#121=FACE_OUTER_BOUND('',#183,.T.);
#122=FACE_OUTER_BOUND('',#184,.T.);
#123=FACE_OUTER_BOUND('',#185,.T.);
#124=FACE_OUTER_BOUND('',#186,.T.);
#125=FACE_OUTER_BOUND('',#187,.T.);
#126=FACE_OUTER_BOUND('',#188,.T.);
#127=FACE_OUTER_BOUND('',#189,.T.);
#128=FACE_OUTER_BOUND('',#190,.T.);
#129=FACE_OUTER_BOUND('',#191,.T.);
#130=FACE_OUTER_BOUND('',#192,.T.);
#131=FACE_OUTER_BOUND('',#193,.T.);
#132=FACE_OUTER_BOUND('',#194,.T.);
#133=FACE_OUTER_BOUND('',#195,.T.);
#134=FACE_OUTER_BOUND('',#196,.T.);
#135=FACE_OUTER_BOUND('',#197,.T.);
#136=FACE_OUTER_BOUND('',#198,.T.);
#137=FACE_OUTER_BOUND('',#199,.T.);
#138=FACE_OUTER_BOUND('',#200,.T.);
#139=FACE_OUTER_BOUND('',#201,.T.);
#140=FACE_OUTER_BOUND('',#202,.T.);
#141=FACE_OUTER_BOUND('',#203,.T.);
#142=FACE_OUTER_BOUND('',#204,.T.);
#143=FACE_OUTER_BOUND('',#205,.T.);
#144=FACE_OUTER_BOUND('',#206,.T.);
#145=FACE_OUTER_BOUND('',#207,.T.);
#146=FACE_OUTER_BOUND('',#208,.T.);
#147=FACE_OUTER_BOUND('',#209,.T.);
#148=FACE_OUTER_BOUND('',#210,.T.);
#149=FACE_OUTER_BOUND('',#211,.T.);
#150=FACE_OUTER_BOUND('',#213,.T.);
#151=FACE_OUTER_BOUND('',#214,.T.);
#152=FACE_OUTER_BOUND('',#215,.T.);
#153=EDGE_LOOP('',(#699,#700,#701,#702));
#154=EDGE_LOOP('',(#703,#704,#705,#706));
#155=EDGE_LOOP('',(#707,#708,#709,#710,#711,#712,#713,#714));
#156=EDGE_LOOP('',(#715,#716,#717,#718));
#157=EDGE_LOOP('',(#719,#720,#721,#722,#723,#724,#725,#726));
#158=EDGE_LOOP('',(#727,#728,#729,#730,#731,#732,#733,#734,#735,#736,#737,
#738,#739,#740,#741,#742,#743,#744));
#159=EDGE_LOOP('',(#745,#746,#747,#748,#749,#750,#751,#752));
#160=EDGE_LOOP('',(#753,#754,#755,#756,#757,#758,#759,#760,#761,#762));
#161=EDGE_LOOP('',(#763,#764,#765,#766));
#162=EDGE_LOOP('',(#767,#768,#769,#770));
#163=EDGE_LOOP('',(#771,#772,#773,#774));
#164=EDGE_LOOP('',(#775,#776,#777,#778));
#165=EDGE_LOOP('',(#779,#780,#781,#782));
#166=EDGE_LOOP('',(#783,#784,#785,#786));
#167=EDGE_LOOP('',(#787,#788,#789,#790));
#168=EDGE_LOOP('',(#791,#792,#793,#794));
#169=EDGE_LOOP('',(#795,#796,#797,#798));
#170=EDGE_LOOP('',(#799,#800,#801,#802));
#171=EDGE_LOOP('',(#803,#804,#805,#806));
#172=EDGE_LOOP('',(#807,#808,#809,#810));
#173=EDGE_LOOP('',(#811,#812,#813,#814));
#174=EDGE_LOOP('',(#815,#816,#817,#818,#819,#820,#821,#822,#823,#824));
#175=EDGE_LOOP('',(#825,#826,#827,#828));
#176=EDGE_LOOP('',(#829,#830,#831,#832));
#177=EDGE_LOOP('',(#833,#834,#835,#836));
#178=EDGE_LOOP('',(#837,#838,#839,#840));
#179=EDGE_LOOP('',(#841,#842,#843,#844));
#180=EDGE_LOOP('',(#845,#846,#847,#848));
#181=EDGE_LOOP('',(#849,#850,#851,#852));
#182=EDGE_LOOP('',(#853,#854,#855,#856));
#183=EDGE_LOOP('',(#857,#858,#859,#860,#861,#862,#863,#864));
#184=EDGE_LOOP('',(#865,#866,#867,#868));
#185=EDGE_LOOP('',(#869,#870,#871,#872));
#186=EDGE_LOOP('',(#873,#874,#875,#876));
#187=EDGE_LOOP('',(#877,#878,#879,#880));
#188=EDGE_LOOP('',(#881,#882,#883,#884));
#189=EDGE_LOOP('',(#885,#886,#887,#888));
#190=EDGE_LOOP('',(#889,#890,#891,#892));
#191=EDGE_LOOP('',(#893,#894,#895,#896));
#192=EDGE_LOOP('',(#897,#898,#899,#900));
#193=EDGE_LOOP('',(#901,#902,#903,#904));
#194=EDGE_LOOP('',(#905,#906,#907,#908));
#195=EDGE_LOOP('',(#909,#910,#911,#912));
#196=EDGE_LOOP('',(#913,#914,#915,#916));
#197=EDGE_LOOP('',(#917,#918,#919,#920));
#198=EDGE_LOOP('',(#921,#922,#923,#924));
#199=EDGE_LOOP('',(#925,#926,#927,#928));
#200=EDGE_LOOP('',(#929,#930,#931,#932));
#201=EDGE_LOOP('',(#933,#934,#935,#936));
#202=EDGE_LOOP('',(#937,#938,#939,#940));
#203=EDGE_LOOP('',(#941,#942,#943,#944));
#204=EDGE_LOOP('',(#945,#946,#947,#948));
#205=EDGE_LOOP('',(#949,#950,#951,#952));
#206=EDGE_LOOP('',(#953,#954,#955,#956));
#207=EDGE_LOOP('',(#957,#958,#959,#960));
#208=EDGE_LOOP('',(#961,#962,#963,#964));
#209=EDGE_LOOP('',(#965,#966,#967,#968));
#210=EDGE_LOOP('',(#969,#970,#971,#972));
#211=EDGE_LOOP('',(#973,#974,#975,#976,#977,#978,#979,#980,#981,#982,#983,
#984,#985,#986,#987,#988,#989,#990));
#212=EDGE_LOOP('',(#991,#992,#993,#994,#995,#996,#997,#998,#999));
#213=EDGE_LOOP('',(#1000,#1001,#1002,#1003));
#214=EDGE_LOOP('',(#1004,#1005,#1006,#1007));
#215=EDGE_LOOP('',(#1008,#1009,#1010,#1011,#1012,#1013,#1014,#1015,#1016));
#216=LINE('',#1350,#325);
#217=LINE('',#1352,#326);
#218=LINE('',#1354,#327);
#219=LINE('',#1355,#328);
#220=LINE('',#1358,#329);
#221=LINE('',#1360,#330);
#222=LINE('',#1361,#331);
#223=LINE('',#1364,#332);
#224=LINE('',#1366,#333);
#225=LINE('',#1368,#334);
#226=LINE('',#1370,#335);
#227=LINE('',#1372,#336);
#228=LINE('',#1376,#337);
#229=LINE('',#1378,#338);
#230=LINE('',#1379,#339);
#231=LINE('',#1383,#340);
#232=LINE('',#1385,#341);
#233=LINE('',#1387,#342);
#234=LINE('',#1388,#343);
#235=LINE('',#1391,#344);
#236=LINE('',#1393,#345);
#237=LINE('',#1395,#346);
#238=LINE('',#1397,#347);
#239=LINE('',#1441,#348);
#240=LINE('',#1443,#349);
#241=LINE('',#1445,#350);
#242=LINE('',#1464,#351);
#243=LINE('',#1467,#352);
#244=LINE('',#1469,#353);
#245=LINE('',#1471,#354);
#246=LINE('',#1473,#355);
#247=LINE('',#1481,#356);
#248=LINE('',#1501,#357);
#249=LINE('',#1503,#358);
#250=LINE('',#1505,#359);
#251=LINE('',#1507,#360);
#252=LINE('',#1527,#361);
#253=LINE('',#1534,#362);
#254=LINE('',#1536,#363);
#255=LINE('',#1538,#364);
#256=LINE('',#1550,#365);
#257=LINE('',#1557,#366);
#258=LINE('',#1569,#367);
#259=LINE('',#1577,#368);
#260=LINE('',#1578,#369);
#261=LINE('',#1590,#370);
#262=LINE('',#1607,#371);
#263=LINE('',#1624,#372);
#264=LINE('',#1632,#373);
#265=LINE('',#1633,#374);
#266=LINE('',#1636,#375);
#267=LINE('',#1637,#376);
#268=LINE('',#1640,#377);
#269=LINE('',#1641,#378);
#270=LINE('',#1643,#379);
#271=LINE('',#1647,#380);
#272=LINE('',#1649,#381);
#273=LINE('',#1650,#382);
#274=LINE('',#1662,#383);
#275=LINE('',#1679,#384);
#276=LINE('',#1687,#385);
#277=LINE('',#1688,#386);
#278=LINE('',#1700,#387);
#279=LINE('',#1708,#388);
#280=LINE('',#1709,#389);
#281=LINE('',#1712,#390);
#282=LINE('',#1713,#391);
#283=LINE('',#1715,#392);
#284=LINE('',#1720,#393);
#285=LINE('',#1722,#394);
#286=LINE('',#1724,#395);
#287=LINE('',#1725,#396);
#288=LINE('',#1743,#397);
#289=LINE('',#1766,#398);
#290=LINE('',#1789,#399);
#291=LINE('',#1812,#400);
#292=LINE('',#1835,#401);
#293=LINE('',#1858,#402);
#294=LINE('',#1866,#403);
#295=LINE('',#1868,#404);
#296=LINE('',#1869,#405);
#297=LINE('',#1871,#406);
#298=LINE('',#1872,#407);
#299=LINE('',#1875,#408);
#300=LINE('',#1877,#409);
#301=LINE('',#1878,#410);
#302=LINE('',#1881,#411);
#303=LINE('',#1882,#412);
#304=LINE('',#1894,#413);
#305=LINE('',#1911,#414);
#306=LINE('',#1928,#415);
#307=LINE('',#1936,#416);
#308=LINE('',#1937,#417);
#309=LINE('',#1940,#418);
#310=LINE('',#1941,#419);
#311=LINE('',#1944,#420);
#312=LINE('',#1945,#421);
#313=LINE('',#1957,#422);
#314=LINE('',#1974,#423);
#315=LINE('',#1991,#424);
#316=LINE('',#2008,#425);
#317=LINE('',#2025,#426);
#318=LINE('',#2042,#427);
#319=LINE('',#2059,#428);
#320=LINE('',#2067,#429);
#321=LINE('',#2068,#430);
#322=LINE('',#2071,#431);
#323=LINE('',#2072,#432);
#324=LINE('',#2074,#433);
#325=VECTOR('',#1165,10.);
#326=VECTOR('',#1166,10.);
#327=VECTOR('',#1167,10.);
#328=VECTOR('',#1168,10.);
#329=VECTOR('',#1171,10.);
#330=VECTOR('',#1172,10.);
#331=VECTOR('',#1173,10.);
#332=VECTOR('',#1176,10.);
#333=VECTOR('',#1177,10.);
#334=VECTOR('',#1178,10.);
#335=VECTOR('',#1179,10.);
#336=VECTOR('',#1180,10.);
#337=VECTOR('',#1185,10.);
#338=VECTOR('',#1186,10.);
#339=VECTOR('',#1187,10.);
#340=VECTOR('',#1192,10.);
#341=VECTOR('',#1193,10.);
#342=VECTOR('',#1194,10.);
#343=VECTOR('',#1195,10.);
#344=VECTOR('',#1196,10.);
#345=VECTOR('',#1197,10.);
#346=VECTOR('',#1198,10.);
#347=VECTOR('',#1199,10.);
#348=VECTOR('',#1200,10.);
#349=VECTOR('',#1201,10.);
#350=VECTOR('',#1202,10.);
#351=VECTOR('',#1203,10.);
#352=VECTOR('',#1204,10.);
#353=VECTOR('',#1205,10.);
#354=VECTOR('',#1206,10.);
#355=VECTOR('',#1207,10.);
#356=VECTOR('',#1208,10.);
#357=VECTOR('',#1209,10.);
#358=VECTOR('',#1210,10.);
#359=VECTOR('',#1211,10.);
#360=VECTOR('',#1212,10.);
#361=VECTOR('',#1213,10.);
#362=VECTOR('',#1216,10.);
#363=VECTOR('',#1219,10.);
#364=VECTOR('',#1222,10.);
#365=VECTOR('',#1223,10.);
#366=VECTOR('',#1224,10.);
#367=VECTOR('',#1225,10.);
#368=VECTOR('',#1228,10.);
#369=VECTOR('',#1229,10.);
#370=VECTOR('',#1230,10.);
#371=VECTOR('',#1231,10.);
#372=VECTOR('',#1232,10.);
#373=VECTOR('',#1235,10.);
#374=VECTOR('',#1236,10.);
#375=VECTOR('',#1239,10.);
#376=VECTOR('',#1240,10.);
#377=VECTOR('',#1243,10.);
#378=VECTOR('',#1244,10.);
#379=VECTOR('',#1247,10.);
#380=VECTOR('',#1252,10.);
#381=VECTOR('',#1253,10.);
#382=VECTOR('',#1254,10.);
#383=VECTOR('',#1255,10.);
#384=VECTOR('',#1256,10.);
#385=VECTOR('',#1259,10.);
#386=VECTOR('',#1260,10.);
#387=VECTOR('',#1261,10.);
#388=VECTOR('',#1264,10.);
#389=VECTOR('',#1265,10.);
#390=VECTOR('',#1268,10.);
#391=VECTOR('',#1269,10.);
#392=VECTOR('',#1272,10.);
#393=VECTOR('',#1277,10.);
#394=VECTOR('',#1278,10.);
#395=VECTOR('',#1279,10.);
#396=VECTOR('',#1280,10.);
#397=VECTOR('',#1281,10.);
#398=VECTOR('',#1282,10.);
#399=VECTOR('',#1283,10.);
#400=VECTOR('',#1284,10.);
#401=VECTOR('',#1285,10.);
#402=VECTOR('',#1286,10.);
#403=VECTOR('',#1289,10.);
#404=VECTOR('',#1290,10.);
#405=VECTOR('',#1291,10.);
#406=VECTOR('',#1294,10.);
#407=VECTOR('',#1295,10.);
#408=VECTOR('',#1298,10.);
#409=VECTOR('',#1299,10.);
#410=VECTOR('',#1300,10.);
#411=VECTOR('',#1303,10.);
#412=VECTOR('',#1304,10.);
#413=VECTOR('',#1305,10.);
#414=VECTOR('',#1306,10.);
#415=VECTOR('',#1307,10.);
#416=VECTOR('',#1310,10.);
#417=VECTOR('',#1311,10.);
#418=VECTOR('',#1314,10.);
#419=VECTOR('',#1315,10.);
#420=VECTOR('',#1318,10.);
#421=VECTOR('',#1319,10.);
#422=VECTOR('',#1320,10.);
#423=VECTOR('',#1321,10.);
#424=VECTOR('',#1322,10.);
#425=VECTOR('',#1323,10.);
#426=VECTOR('',#1324,10.);
#427=VECTOR('',#1325,10.);
#428=VECTOR('',#1326,10.);
#429=VECTOR('',#1329,10.);
#430=VECTOR('',#1330,10.);
#431=VECTOR('',#1333,10.);
#432=VECTOR('',#1334,10.);
#433=VECTOR('',#1337,10.);
#434=VERTEX_POINT('',#1348);
#435=VERTEX_POINT('',#1349);
#436=VERTEX_POINT('',#1351);
#437=VERTEX_POINT('',#1353);
#438=VERTEX_POINT('',#1357);
#439=VERTEX_POINT('',#1359);
#440=VERTEX_POINT('',#1363);
#441=VERTEX_POINT('',#1365);
#442=VERTEX_POINT('',#1367);
#443=VERTEX_POINT('',#1369);
#444=VERTEX_POINT('',#1371);
#445=VERTEX_POINT('',#1375);
#446=VERTEX_POINT('',#1377);
#447=VERTEX_POINT('',#1381);
#448=VERTEX_POINT('',#1384);
#449=VERTEX_POINT('',#1386);
#450=VERTEX_POINT('',#1389);
#451=VERTEX_POINT('',#1390);
#452=VERTEX_POINT('',#1392);
#453=VERTEX_POINT('',#1394);
#454=VERTEX_POINT('',#1396);
#455=VERTEX_POINT('',#1398);
#456=VERTEX_POINT('',#1404);
#457=VERTEX_POINT('',#1410);
#458=VERTEX_POINT('',#1416);
#459=VERTEX_POINT('',#1422);
#460=VERTEX_POINT('',#1428);
#461=VERTEX_POINT('',#1434);
#462=VERTEX_POINT('',#1440);
#463=VERTEX_POINT('',#1442);
#464=VERTEX_POINT('',#1444);
#465=VERTEX_POINT('',#1446);
#466=VERTEX_POINT('',#1452);
#467=VERTEX_POINT('',#1458);
#468=VERTEX_POINT('',#1465);
#469=VERTEX_POINT('',#1466);
#470=VERTEX_POINT('',#1468);
#471=VERTEX_POINT('',#1470);
#472=VERTEX_POINT('',#1472);
#473=VERTEX_POINT('',#1474);
#474=VERTEX_POINT('',#1480);
#475=VERTEX_POINT('',#1482);
#476=VERTEX_POINT('',#1493);
#477=VERTEX_POINT('',#1494);
#478=VERTEX_POINT('',#1500);
#479=VERTEX_POINT('',#1502);
#480=VERTEX_POINT('',#1504);
#481=VERTEX_POINT('',#1506);
#482=VERTEX_POINT('',#1508);
#483=VERTEX_POINT('',#1514);
#484=VERTEX_POINT('',#1520);
#485=VERTEX_POINT('',#1526);
#486=VERTEX_POINT('',#1549);
#487=VERTEX_POINT('',#1551);
#488=VERTEX_POINT('',#1568);
#489=VERTEX_POINT('',#1576);
#490=VERTEX_POINT('',#1589);
#491=VERTEX_POINT('',#1606);
#492=VERTEX_POINT('',#1623);
#493=VERTEX_POINT('',#1631);
#494=VERTEX_POINT('',#1635);
#495=VERTEX_POINT('',#1639);
#496=VERTEX_POINT('',#1646);
#497=VERTEX_POINT('',#1648);
#498=VERTEX_POINT('',#1661);
#499=VERTEX_POINT('',#1678);
#500=VERTEX_POINT('',#1686);
#501=VERTEX_POINT('',#1699);
#502=VERTEX_POINT('',#1707);
#503=VERTEX_POINT('',#1711);
#504=VERTEX_POINT('',#1718);
#505=VERTEX_POINT('',#1719);
#506=VERTEX_POINT('',#1721);
#507=VERTEX_POINT('',#1723);
#508=VERTEX_POINT('',#1736);
#509=VERTEX_POINT('',#1742);
#510=VERTEX_POINT('',#1759);
#511=VERTEX_POINT('',#1765);
#512=VERTEX_POINT('',#1782);
#513=VERTEX_POINT('',#1788);
#514=VERTEX_POINT('',#1805);
#515=VERTEX_POINT('',#1811);
#516=VERTEX_POINT('',#1828);
#517=VERTEX_POINT('',#1834);
#518=VERTEX_POINT('',#1851);
#519=VERTEX_POINT('',#1857);
#520=VERTEX_POINT('',#1865);
#521=VERTEX_POINT('',#1867);
#522=VERTEX_POINT('',#1874);
#523=VERTEX_POINT('',#1876);
#524=VERTEX_POINT('',#1880);
#525=VERTEX_POINT('',#1893);
#526=VERTEX_POINT('',#1910);
#527=VERTEX_POINT('',#1927);
#528=VERTEX_POINT('',#1935);
#529=VERTEX_POINT('',#1939);
#530=VERTEX_POINT('',#1943);
#531=VERTEX_POINT('',#1956);
#532=VERTEX_POINT('',#1973);
#533=VERTEX_POINT('',#1990);
#534=VERTEX_POINT('',#2007);
#535=VERTEX_POINT('',#2024);
#536=VERTEX_POINT('',#2041);
#537=VERTEX_POINT('',#2058);
#538=VERTEX_POINT('',#2066);
#539=VERTEX_POINT('',#2070);
#540=EDGE_CURVE('',#434,#435,#216,.T.);
#541=EDGE_CURVE('',#435,#436,#217,.T.);
#542=EDGE_CURVE('',#436,#437,#218,.T.);
#543=EDGE_CURVE('',#437,#434,#219,.T.);
#544=EDGE_CURVE('',#438,#435,#220,.T.);
#545=EDGE_CURVE('',#438,#439,#221,.T.);
#546=EDGE_CURVE('',#439,#436,#222,.T.);
#547=EDGE_CURVE('',#434,#440,#223,.T.);
#548=EDGE_CURVE('',#441,#440,#224,.T.);
#549=EDGE_CURVE('',#441,#442,#225,.T.);
#550=EDGE_CURVE('',#443,#442,#226,.T.);
#551=EDGE_CURVE('',#443,#444,#227,.T.);
#552=EDGE_CURVE('',#444,#438,#92,.T.);
#553=EDGE_CURVE('',#442,#445,#228,.T.);
#554=EDGE_CURVE('',#445,#446,#229,.T.);
#555=EDGE_CURVE('',#446,#443,#230,.T.);
#556=EDGE_CURVE('',#439,#447,#93,.T.);
#557=EDGE_CURVE('',#446,#447,#231,.T.);
#558=EDGE_CURVE('',#448,#445,#232,.T.);
#559=EDGE_CURVE('',#449,#448,#233,.T.);
#560=EDGE_CURVE('',#437,#449,#234,.T.);
#561=EDGE_CURVE('',#450,#451,#235,.T.);
#562=EDGE_CURVE('',#451,#452,#236,.T.);
#563=EDGE_CURVE('',#452,#453,#237,.T.);
#564=EDGE_CURVE('',#453,#454,#238,.T.);
#565=EDGE_CURVE('',#454,#455,#44,.T.);
#566=EDGE_CURVE('',#455,#456,#45,.T.);
#567=EDGE_CURVE('',#456,#457,#46,.T.);
#568=EDGE_CURVE('',#457,#458,#47,.T.);
#569=EDGE_CURVE('',#458,#459,#48,.T.);
#570=EDGE_CURVE('',#459,#460,#49,.T.);
#571=EDGE_CURVE('',#460,#461,#50,.T.);
#572=EDGE_CURVE('',#461,#462,#239,.T.);
#573=EDGE_CURVE('',#462,#463,#240,.T.);
#574=EDGE_CURVE('',#463,#464,#241,.T.);
#575=EDGE_CURVE('',#464,#465,#51,.T.);
#576=EDGE_CURVE('',#465,#466,#52,.T.);
#577=EDGE_CURVE('',#466,#467,#53,.T.);
#578=EDGE_CURVE('',#467,#450,#242,.T.);
#579=EDGE_CURVE('',#468,#469,#243,.T.);
#580=EDGE_CURVE('',#469,#470,#244,.T.);
#581=EDGE_CURVE('',#470,#471,#245,.T.);
#582=EDGE_CURVE('',#471,#472,#246,.T.);
#583=EDGE_CURVE('',#472,#473,#54,.T.);
#584=EDGE_CURVE('',#473,#474,#247,.T.);
#585=EDGE_CURVE('',#474,#475,#55,.T.);
#586=EDGE_CURVE('',#475,#468,#56,.T.);
#587=EDGE_CURVE('',#476,#477,#57,.T.);
#588=EDGE_CURVE('',#477,#478,#248,.T.);
#589=EDGE_CURVE('',#478,#479,#249,.T.);
#590=EDGE_CURVE('',#479,#480,#250,.T.);
#591=EDGE_CURVE('',#480,#481,#251,.T.);
#592=EDGE_CURVE('',#481,#482,#58,.T.);
#593=EDGE_CURVE('',#482,#483,#59,.T.);
#594=EDGE_CURVE('',#483,#484,#60,.T.);
#595=EDGE_CURVE('',#484,#485,#252,.T.);
#596=EDGE_CURVE('',#485,#476,#61,.T.);
#597=EDGE_CURVE('',#448,#441,#253,.T.);
#598=EDGE_CURVE('',#440,#449,#254,.T.);
#599=EDGE_CURVE('',#447,#444,#255,.T.);
#600=EDGE_CURVE('',#476,#486,#256,.T.);
#601=EDGE_CURVE('',#486,#487,#62,.T.);
#602=EDGE_CURVE('',#477,#487,#257,.T.);
#603=EDGE_CURVE('',#485,#488,#258,.T.);
#604=EDGE_CURVE('',#488,#486,#63,.T.);
#605=EDGE_CURVE('',#484,#489,#259,.T.);
#606=EDGE_CURVE('',#489,#488,#260,.T.);
#607=EDGE_CURVE('',#483,#490,#261,.T.);
#608=EDGE_CURVE('',#490,#489,#64,.T.);
#609=EDGE_CURVE('',#482,#491,#262,.T.);
#610=EDGE_CURVE('',#491,#490,#65,.T.);
#611=EDGE_CURVE('',#481,#492,#263,.T.);
#612=EDGE_CURVE('',#492,#491,#66,.T.);
#613=EDGE_CURVE('',#480,#493,#264,.T.);
#614=EDGE_CURVE('',#493,#492,#265,.T.);
#615=EDGE_CURVE('',#479,#494,#266,.T.);
#616=EDGE_CURVE('',#494,#493,#267,.T.);
#617=EDGE_CURVE('',#478,#495,#268,.T.);
#618=EDGE_CURVE('',#495,#494,#269,.T.);
#619=EDGE_CURVE('',#487,#495,#270,.T.);
#620=EDGE_CURVE('',#468,#496,#271,.T.);
#621=EDGE_CURVE('',#496,#497,#272,.T.);
#622=EDGE_CURVE('',#469,#497,#273,.T.);
#623=EDGE_CURVE('',#475,#498,#274,.T.);
#624=EDGE_CURVE('',#498,#496,#67,.T.);
#625=EDGE_CURVE('',#474,#499,#275,.T.);
#626=EDGE_CURVE('',#499,#498,#68,.T.);
#627=EDGE_CURVE('',#473,#500,#276,.T.);
#628=EDGE_CURVE('',#500,#499,#277,.T.);
#629=EDGE_CURVE('',#472,#501,#278,.T.);
#630=EDGE_CURVE('',#501,#500,#69,.T.);
#631=EDGE_CURVE('',#471,#502,#279,.T.);
#632=EDGE_CURVE('',#502,#501,#280,.T.);
#633=EDGE_CURVE('',#470,#503,#281,.T.);
#634=EDGE_CURVE('',#503,#502,#282,.T.);
#635=EDGE_CURVE('',#497,#503,#283,.T.);
#636=EDGE_CURVE('',#504,#505,#284,.T.);
#637=EDGE_CURVE('',#504,#506,#285,.T.);
#638=EDGE_CURVE('',#506,#507,#286,.T.);
#639=EDGE_CURVE('',#505,#507,#287,.T.);
#640=EDGE_CURVE('',#508,#504,#70,.T.);
#641=EDGE_CURVE('',#508,#509,#288,.T.);
#642=EDGE_CURVE('',#509,#506,#71,.T.);
#643=EDGE_CURVE('',#510,#508,#72,.T.);
#644=EDGE_CURVE('',#510,#511,#289,.T.);
#645=EDGE_CURVE('',#511,#509,#73,.T.);
#646=EDGE_CURVE('',#512,#510,#74,.T.);
#647=EDGE_CURVE('',#512,#513,#290,.T.);
#648=EDGE_CURVE('',#513,#511,#75,.T.);
#649=EDGE_CURVE('',#514,#512,#76,.T.);
#650=EDGE_CURVE('',#514,#515,#291,.T.);
#651=EDGE_CURVE('',#515,#513,#77,.T.);
#652=EDGE_CURVE('',#516,#514,#78,.T.);
#653=EDGE_CURVE('',#516,#517,#292,.T.);
#654=EDGE_CURVE('',#517,#515,#79,.T.);
#655=EDGE_CURVE('',#518,#516,#80,.T.);
#656=EDGE_CURVE('',#518,#519,#293,.T.);
#657=EDGE_CURVE('',#519,#517,#81,.T.);
#658=EDGE_CURVE('',#520,#518,#294,.T.);
#659=EDGE_CURVE('',#520,#521,#295,.T.);
#660=EDGE_CURVE('',#521,#519,#296,.T.);
#661=EDGE_CURVE('',#505,#520,#297,.T.);
#662=EDGE_CURVE('',#507,#521,#298,.T.);
#663=EDGE_CURVE('',#450,#522,#299,.T.);
#664=EDGE_CURVE('',#522,#523,#300,.T.);
#665=EDGE_CURVE('',#451,#523,#301,.T.);
#666=EDGE_CURVE('',#467,#524,#302,.T.);
#667=EDGE_CURVE('',#524,#522,#303,.T.);
#668=EDGE_CURVE('',#466,#525,#304,.T.);
#669=EDGE_CURVE('',#525,#524,#82,.T.);
#670=EDGE_CURVE('',#465,#526,#305,.T.);
#671=EDGE_CURVE('',#526,#525,#83,.T.);
#672=EDGE_CURVE('',#464,#527,#306,.T.);
#673=EDGE_CURVE('',#527,#526,#84,.T.);
#674=EDGE_CURVE('',#463,#528,#307,.T.);
#675=EDGE_CURVE('',#528,#527,#308,.T.);
#676=EDGE_CURVE('',#462,#529,#309,.T.);
#677=EDGE_CURVE('',#529,#528,#310,.T.);
#678=EDGE_CURVE('',#461,#530,#311,.T.);
#679=EDGE_CURVE('',#530,#529,#312,.T.);
#680=EDGE_CURVE('',#460,#531,#313,.T.);
#681=EDGE_CURVE('',#531,#530,#85,.T.);
#682=EDGE_CURVE('',#459,#532,#314,.T.);
#683=EDGE_CURVE('',#532,#531,#86,.T.);
#684=EDGE_CURVE('',#458,#533,#315,.T.);
#685=EDGE_CURVE('',#533,#532,#87,.T.);
#686=EDGE_CURVE('',#457,#534,#316,.T.);
#687=EDGE_CURVE('',#534,#533,#88,.T.);
#688=EDGE_CURVE('',#456,#535,#317,.T.);
#689=EDGE_CURVE('',#535,#534,#89,.T.);
#690=EDGE_CURVE('',#455,#536,#318,.T.);
#691=EDGE_CURVE('',#536,#535,#90,.T.);
#692=EDGE_CURVE('',#454,#537,#319,.T.);
#693=EDGE_CURVE('',#537,#536,#91,.T.);
#694=EDGE_CURVE('',#453,#538,#320,.T.);
#695=EDGE_CURVE('',#538,#537,#321,.T.);
#696=EDGE_CURVE('',#452,#539,#322,.T.);
#697=EDGE_CURVE('',#539,#538,#323,.T.);
#698=EDGE_CURVE('',#523,#539,#324,.T.);
#699=ORIENTED_EDGE('',*,*,#540,.T.);
#700=ORIENTED_EDGE('',*,*,#541,.T.);
#701=ORIENTED_EDGE('',*,*,#542,.T.);
#702=ORIENTED_EDGE('',*,*,#543,.T.);
#703=ORIENTED_EDGE('',*,*,#541,.F.);
#704=ORIENTED_EDGE('',*,*,#544,.F.);
#705=ORIENTED_EDGE('',*,*,#545,.T.);
#706=ORIENTED_EDGE('',*,*,#546,.T.);
#707=ORIENTED_EDGE('',*,*,#540,.F.);
#708=ORIENTED_EDGE('',*,*,#547,.T.);
#709=ORIENTED_EDGE('',*,*,#548,.F.);
#710=ORIENTED_EDGE('',*,*,#549,.T.);
#711=ORIENTED_EDGE('',*,*,#550,.F.);
#712=ORIENTED_EDGE('',*,*,#551,.T.);
#713=ORIENTED_EDGE('',*,*,#552,.T.);
#714=ORIENTED_EDGE('',*,*,#544,.T.);
#715=ORIENTED_EDGE('',*,*,#550,.T.);
#716=ORIENTED_EDGE('',*,*,#553,.T.);
#717=ORIENTED_EDGE('',*,*,#554,.T.);
#718=ORIENTED_EDGE('',*,*,#555,.T.);
#719=ORIENTED_EDGE('',*,*,#542,.F.);
#720=ORIENTED_EDGE('',*,*,#546,.F.);
#721=ORIENTED_EDGE('',*,*,#556,.T.);
#722=ORIENTED_EDGE('',*,*,#557,.F.);
#723=ORIENTED_EDGE('',*,*,#554,.F.);
#724=ORIENTED_EDGE('',*,*,#558,.F.);
#725=ORIENTED_EDGE('',*,*,#559,.F.);
#726=ORIENTED_EDGE('',*,*,#560,.F.);
#727=ORIENTED_EDGE('',*,*,#561,.T.);
#728=ORIENTED_EDGE('',*,*,#562,.T.);
#729=ORIENTED_EDGE('',*,*,#563,.T.);
#730=ORIENTED_EDGE('',*,*,#564,.T.);
#731=ORIENTED_EDGE('',*,*,#565,.T.);
#732=ORIENTED_EDGE('',*,*,#566,.T.);
#733=ORIENTED_EDGE('',*,*,#567,.T.);
#734=ORIENTED_EDGE('',*,*,#568,.T.);
#735=ORIENTED_EDGE('',*,*,#569,.T.);
#736=ORIENTED_EDGE('',*,*,#570,.T.);
#737=ORIENTED_EDGE('',*,*,#571,.T.);
#738=ORIENTED_EDGE('',*,*,#572,.T.);
#739=ORIENTED_EDGE('',*,*,#573,.T.);
#740=ORIENTED_EDGE('',*,*,#574,.T.);
#741=ORIENTED_EDGE('',*,*,#575,.T.);
#742=ORIENTED_EDGE('',*,*,#576,.T.);
#743=ORIENTED_EDGE('',*,*,#577,.T.);
#744=ORIENTED_EDGE('',*,*,#578,.T.);
#745=ORIENTED_EDGE('',*,*,#579,.T.);
#746=ORIENTED_EDGE('',*,*,#580,.T.);
#747=ORIENTED_EDGE('',*,*,#581,.T.);
#748=ORIENTED_EDGE('',*,*,#582,.T.);
#749=ORIENTED_EDGE('',*,*,#583,.T.);
#750=ORIENTED_EDGE('',*,*,#584,.T.);
#751=ORIENTED_EDGE('',*,*,#585,.T.);
#752=ORIENTED_EDGE('',*,*,#586,.T.);
#753=ORIENTED_EDGE('',*,*,#587,.T.);
#754=ORIENTED_EDGE('',*,*,#588,.T.);
#755=ORIENTED_EDGE('',*,*,#589,.T.);
#756=ORIENTED_EDGE('',*,*,#590,.T.);
#757=ORIENTED_EDGE('',*,*,#591,.T.);
#758=ORIENTED_EDGE('',*,*,#592,.T.);
#759=ORIENTED_EDGE('',*,*,#593,.T.);
#760=ORIENTED_EDGE('',*,*,#594,.T.);
#761=ORIENTED_EDGE('',*,*,#595,.T.);
#762=ORIENTED_EDGE('',*,*,#596,.T.);
#763=ORIENTED_EDGE('',*,*,#553,.F.);
#764=ORIENTED_EDGE('',*,*,#549,.F.);
#765=ORIENTED_EDGE('',*,*,#597,.F.);
#766=ORIENTED_EDGE('',*,*,#558,.T.);
#767=ORIENTED_EDGE('',*,*,#548,.T.);
#768=ORIENTED_EDGE('',*,*,#598,.T.);
#769=ORIENTED_EDGE('',*,*,#559,.T.);
#770=ORIENTED_EDGE('',*,*,#597,.T.);
#771=ORIENTED_EDGE('',*,*,#599,.F.);
#772=ORIENTED_EDGE('',*,*,#556,.F.);
#773=ORIENTED_EDGE('',*,*,#545,.F.);
#774=ORIENTED_EDGE('',*,*,#552,.F.);
#775=ORIENTED_EDGE('',*,*,#587,.F.);
#776=ORIENTED_EDGE('',*,*,#600,.T.);
#777=ORIENTED_EDGE('',*,*,#601,.T.);
#778=ORIENTED_EDGE('',*,*,#602,.F.);
#779=ORIENTED_EDGE('',*,*,#596,.F.);
#780=ORIENTED_EDGE('',*,*,#603,.T.);
#781=ORIENTED_EDGE('',*,*,#604,.T.);
#782=ORIENTED_EDGE('',*,*,#600,.F.);
#783=ORIENTED_EDGE('',*,*,#595,.F.);
#784=ORIENTED_EDGE('',*,*,#605,.T.);
#785=ORIENTED_EDGE('',*,*,#606,.T.);
#786=ORIENTED_EDGE('',*,*,#603,.F.);
#787=ORIENTED_EDGE('',*,*,#594,.F.);
#788=ORIENTED_EDGE('',*,*,#607,.T.);
#789=ORIENTED_EDGE('',*,*,#608,.T.);
#790=ORIENTED_EDGE('',*,*,#605,.F.);
#791=ORIENTED_EDGE('',*,*,#593,.F.);
#792=ORIENTED_EDGE('',*,*,#609,.T.);
#793=ORIENTED_EDGE('',*,*,#610,.T.);
#794=ORIENTED_EDGE('',*,*,#607,.F.);
#795=ORIENTED_EDGE('',*,*,#592,.F.);
#796=ORIENTED_EDGE('',*,*,#611,.T.);
#797=ORIENTED_EDGE('',*,*,#612,.T.);
#798=ORIENTED_EDGE('',*,*,#609,.F.);
#799=ORIENTED_EDGE('',*,*,#591,.F.);
#800=ORIENTED_EDGE('',*,*,#613,.T.);
#801=ORIENTED_EDGE('',*,*,#614,.T.);
#802=ORIENTED_EDGE('',*,*,#611,.F.);
#803=ORIENTED_EDGE('',*,*,#590,.F.);
#804=ORIENTED_EDGE('',*,*,#615,.T.);
#805=ORIENTED_EDGE('',*,*,#616,.T.);
#806=ORIENTED_EDGE('',*,*,#613,.F.);
#807=ORIENTED_EDGE('',*,*,#589,.F.);
#808=ORIENTED_EDGE('',*,*,#617,.T.);
#809=ORIENTED_EDGE('',*,*,#618,.T.);
#810=ORIENTED_EDGE('',*,*,#615,.F.);
#811=ORIENTED_EDGE('',*,*,#588,.F.);
#812=ORIENTED_EDGE('',*,*,#602,.T.);
#813=ORIENTED_EDGE('',*,*,#619,.T.);
#814=ORIENTED_EDGE('',*,*,#617,.F.);
#815=ORIENTED_EDGE('',*,*,#619,.F.);
#816=ORIENTED_EDGE('',*,*,#601,.F.);
#817=ORIENTED_EDGE('',*,*,#604,.F.);
#818=ORIENTED_EDGE('',*,*,#606,.F.);
#819=ORIENTED_EDGE('',*,*,#608,.F.);
#820=ORIENTED_EDGE('',*,*,#610,.F.);
#821=ORIENTED_EDGE('',*,*,#612,.F.);
#822=ORIENTED_EDGE('',*,*,#614,.F.);
#823=ORIENTED_EDGE('',*,*,#616,.F.);
#824=ORIENTED_EDGE('',*,*,#618,.F.);
#825=ORIENTED_EDGE('',*,*,#579,.F.);
#826=ORIENTED_EDGE('',*,*,#620,.T.);
#827=ORIENTED_EDGE('',*,*,#621,.T.);
#828=ORIENTED_EDGE('',*,*,#622,.F.);
#829=ORIENTED_EDGE('',*,*,#586,.F.);
#830=ORIENTED_EDGE('',*,*,#623,.T.);
#831=ORIENTED_EDGE('',*,*,#624,.T.);
#832=ORIENTED_EDGE('',*,*,#620,.F.);
#833=ORIENTED_EDGE('',*,*,#585,.F.);
#834=ORIENTED_EDGE('',*,*,#625,.T.);
#835=ORIENTED_EDGE('',*,*,#626,.T.);
#836=ORIENTED_EDGE('',*,*,#623,.F.);
#837=ORIENTED_EDGE('',*,*,#584,.F.);
#838=ORIENTED_EDGE('',*,*,#627,.T.);
#839=ORIENTED_EDGE('',*,*,#628,.T.);
#840=ORIENTED_EDGE('',*,*,#625,.F.);
#841=ORIENTED_EDGE('',*,*,#583,.F.);
#842=ORIENTED_EDGE('',*,*,#629,.T.);
#843=ORIENTED_EDGE('',*,*,#630,.T.);
#844=ORIENTED_EDGE('',*,*,#627,.F.);
#845=ORIENTED_EDGE('',*,*,#582,.F.);
#846=ORIENTED_EDGE('',*,*,#631,.T.);
#847=ORIENTED_EDGE('',*,*,#632,.T.);
#848=ORIENTED_EDGE('',*,*,#629,.F.);
#849=ORIENTED_EDGE('',*,*,#581,.F.);
#850=ORIENTED_EDGE('',*,*,#633,.T.);
#851=ORIENTED_EDGE('',*,*,#634,.T.);
#852=ORIENTED_EDGE('',*,*,#631,.F.);
#853=ORIENTED_EDGE('',*,*,#580,.F.);
#854=ORIENTED_EDGE('',*,*,#622,.T.);
#855=ORIENTED_EDGE('',*,*,#635,.T.);
#856=ORIENTED_EDGE('',*,*,#633,.F.);
#857=ORIENTED_EDGE('',*,*,#635,.F.);
#858=ORIENTED_EDGE('',*,*,#621,.F.);
#859=ORIENTED_EDGE('',*,*,#624,.F.);
#860=ORIENTED_EDGE('',*,*,#626,.F.);
#861=ORIENTED_EDGE('',*,*,#628,.F.);
#862=ORIENTED_EDGE('',*,*,#630,.F.);
#863=ORIENTED_EDGE('',*,*,#632,.F.);
#864=ORIENTED_EDGE('',*,*,#634,.F.);
#865=ORIENTED_EDGE('',*,*,#636,.F.);
#866=ORIENTED_EDGE('',*,*,#637,.T.);
#867=ORIENTED_EDGE('',*,*,#638,.T.);
#868=ORIENTED_EDGE('',*,*,#639,.F.);
#869=ORIENTED_EDGE('',*,*,#640,.F.);
#870=ORIENTED_EDGE('',*,*,#641,.T.);
#871=ORIENTED_EDGE('',*,*,#642,.T.);
#872=ORIENTED_EDGE('',*,*,#637,.F.);
#873=ORIENTED_EDGE('',*,*,#643,.F.);
#874=ORIENTED_EDGE('',*,*,#644,.T.);
#875=ORIENTED_EDGE('',*,*,#645,.T.);
#876=ORIENTED_EDGE('',*,*,#641,.F.);
#877=ORIENTED_EDGE('',*,*,#646,.F.);
#878=ORIENTED_EDGE('',*,*,#647,.T.);
#879=ORIENTED_EDGE('',*,*,#648,.T.);
#880=ORIENTED_EDGE('',*,*,#644,.F.);
#881=ORIENTED_EDGE('',*,*,#649,.F.);
#882=ORIENTED_EDGE('',*,*,#650,.T.);
#883=ORIENTED_EDGE('',*,*,#651,.T.);
#884=ORIENTED_EDGE('',*,*,#647,.F.);
#885=ORIENTED_EDGE('',*,*,#652,.F.);
#886=ORIENTED_EDGE('',*,*,#653,.T.);
#887=ORIENTED_EDGE('',*,*,#654,.T.);
#888=ORIENTED_EDGE('',*,*,#650,.F.);
#889=ORIENTED_EDGE('',*,*,#655,.F.);
#890=ORIENTED_EDGE('',*,*,#656,.T.);
#891=ORIENTED_EDGE('',*,*,#657,.T.);
#892=ORIENTED_EDGE('',*,*,#653,.F.);
#893=ORIENTED_EDGE('',*,*,#658,.F.);
#894=ORIENTED_EDGE('',*,*,#659,.T.);
#895=ORIENTED_EDGE('',*,*,#660,.T.);
#896=ORIENTED_EDGE('',*,*,#656,.F.);
#897=ORIENTED_EDGE('',*,*,#661,.F.);
#898=ORIENTED_EDGE('',*,*,#639,.T.);
#899=ORIENTED_EDGE('',*,*,#662,.T.);
#900=ORIENTED_EDGE('',*,*,#659,.F.);
#901=ORIENTED_EDGE('',*,*,#561,.F.);
#902=ORIENTED_EDGE('',*,*,#663,.T.);
#903=ORIENTED_EDGE('',*,*,#664,.T.);
#904=ORIENTED_EDGE('',*,*,#665,.F.);
#905=ORIENTED_EDGE('',*,*,#578,.F.);
#906=ORIENTED_EDGE('',*,*,#666,.T.);
#907=ORIENTED_EDGE('',*,*,#667,.T.);
#908=ORIENTED_EDGE('',*,*,#663,.F.);
#909=ORIENTED_EDGE('',*,*,#577,.F.);
#910=ORIENTED_EDGE('',*,*,#668,.T.);
#911=ORIENTED_EDGE('',*,*,#669,.T.);
#912=ORIENTED_EDGE('',*,*,#666,.F.);
#913=ORIENTED_EDGE('',*,*,#576,.F.);
#914=ORIENTED_EDGE('',*,*,#670,.T.);
#915=ORIENTED_EDGE('',*,*,#671,.T.);
#916=ORIENTED_EDGE('',*,*,#668,.F.);
#917=ORIENTED_EDGE('',*,*,#575,.F.);
#918=ORIENTED_EDGE('',*,*,#672,.T.);
#919=ORIENTED_EDGE('',*,*,#673,.T.);
#920=ORIENTED_EDGE('',*,*,#670,.F.);
#921=ORIENTED_EDGE('',*,*,#574,.F.);
#922=ORIENTED_EDGE('',*,*,#674,.T.);
#923=ORIENTED_EDGE('',*,*,#675,.T.);
#924=ORIENTED_EDGE('',*,*,#672,.F.);
#925=ORIENTED_EDGE('',*,*,#573,.F.);
#926=ORIENTED_EDGE('',*,*,#676,.T.);
#927=ORIENTED_EDGE('',*,*,#677,.T.);
#928=ORIENTED_EDGE('',*,*,#674,.F.);
#929=ORIENTED_EDGE('',*,*,#572,.F.);
#930=ORIENTED_EDGE('',*,*,#678,.T.);
#931=ORIENTED_EDGE('',*,*,#679,.T.);
#932=ORIENTED_EDGE('',*,*,#676,.F.);
#933=ORIENTED_EDGE('',*,*,#571,.F.);
#934=ORIENTED_EDGE('',*,*,#680,.T.);
#935=ORIENTED_EDGE('',*,*,#681,.T.);
#936=ORIENTED_EDGE('',*,*,#678,.F.);
#937=ORIENTED_EDGE('',*,*,#570,.F.);
#938=ORIENTED_EDGE('',*,*,#682,.T.);
#939=ORIENTED_EDGE('',*,*,#683,.T.);
#940=ORIENTED_EDGE('',*,*,#680,.F.);
#941=ORIENTED_EDGE('',*,*,#569,.F.);
#942=ORIENTED_EDGE('',*,*,#684,.T.);
#943=ORIENTED_EDGE('',*,*,#685,.T.);
#944=ORIENTED_EDGE('',*,*,#682,.F.);
#945=ORIENTED_EDGE('',*,*,#568,.F.);
#946=ORIENTED_EDGE('',*,*,#686,.T.);
#947=ORIENTED_EDGE('',*,*,#687,.T.);
#948=ORIENTED_EDGE('',*,*,#684,.F.);
#949=ORIENTED_EDGE('',*,*,#567,.F.);
#950=ORIENTED_EDGE('',*,*,#688,.T.);
#951=ORIENTED_EDGE('',*,*,#689,.T.);
#952=ORIENTED_EDGE('',*,*,#686,.F.);
#953=ORIENTED_EDGE('',*,*,#566,.F.);
#954=ORIENTED_EDGE('',*,*,#690,.T.);
#955=ORIENTED_EDGE('',*,*,#691,.T.);
#956=ORIENTED_EDGE('',*,*,#688,.F.);
#957=ORIENTED_EDGE('',*,*,#565,.F.);
#958=ORIENTED_EDGE('',*,*,#692,.T.);
#959=ORIENTED_EDGE('',*,*,#693,.T.);
#960=ORIENTED_EDGE('',*,*,#690,.F.);
#961=ORIENTED_EDGE('',*,*,#564,.F.);
#962=ORIENTED_EDGE('',*,*,#694,.T.);
#963=ORIENTED_EDGE('',*,*,#695,.T.);
#964=ORIENTED_EDGE('',*,*,#692,.F.);
#965=ORIENTED_EDGE('',*,*,#563,.F.);
#966=ORIENTED_EDGE('',*,*,#696,.T.);
#967=ORIENTED_EDGE('',*,*,#697,.T.);
#968=ORIENTED_EDGE('',*,*,#694,.F.);
#969=ORIENTED_EDGE('',*,*,#562,.F.);
#970=ORIENTED_EDGE('',*,*,#665,.T.);
#971=ORIENTED_EDGE('',*,*,#698,.T.);
#972=ORIENTED_EDGE('',*,*,#696,.F.);
#973=ORIENTED_EDGE('',*,*,#698,.F.);
#974=ORIENTED_EDGE('',*,*,#664,.F.);
#975=ORIENTED_EDGE('',*,*,#667,.F.);
#976=ORIENTED_EDGE('',*,*,#669,.F.);
#977=ORIENTED_EDGE('',*,*,#671,.F.);
#978=ORIENTED_EDGE('',*,*,#673,.F.);
#979=ORIENTED_EDGE('',*,*,#675,.F.);
#980=ORIENTED_EDGE('',*,*,#677,.F.);
#981=ORIENTED_EDGE('',*,*,#679,.F.);
#982=ORIENTED_EDGE('',*,*,#681,.F.);
#983=ORIENTED_EDGE('',*,*,#683,.F.);
#984=ORIENTED_EDGE('',*,*,#685,.F.);
#985=ORIENTED_EDGE('',*,*,#687,.F.);
#986=ORIENTED_EDGE('',*,*,#689,.F.);
#987=ORIENTED_EDGE('',*,*,#691,.F.);
#988=ORIENTED_EDGE('',*,*,#693,.F.);
#989=ORIENTED_EDGE('',*,*,#695,.F.);
#990=ORIENTED_EDGE('',*,*,#697,.F.);
#991=ORIENTED_EDGE('',*,*,#662,.F.);
#992=ORIENTED_EDGE('',*,*,#638,.F.);
#993=ORIENTED_EDGE('',*,*,#642,.F.);
#994=ORIENTED_EDGE('',*,*,#645,.F.);
#995=ORIENTED_EDGE('',*,*,#648,.F.);
#996=ORIENTED_EDGE('',*,*,#651,.F.);
#997=ORIENTED_EDGE('',*,*,#654,.F.);
#998=ORIENTED_EDGE('',*,*,#657,.F.);
#999=ORIENTED_EDGE('',*,*,#660,.F.);
#1000=ORIENTED_EDGE('',*,*,#555,.F.);
#1001=ORIENTED_EDGE('',*,*,#557,.T.);
#1002=ORIENTED_EDGE('',*,*,#599,.T.);
#1003=ORIENTED_EDGE('',*,*,#551,.F.);
#1004=ORIENTED_EDGE('',*,*,#543,.F.);
#1005=ORIENTED_EDGE('',*,*,#560,.T.);
#1006=ORIENTED_EDGE('',*,*,#598,.F.);
#1007=ORIENTED_EDGE('',*,*,#547,.F.);
#1008=ORIENTED_EDGE('',*,*,#636,.T.);
#1009=ORIENTED_EDGE('',*,*,#661,.T.);
#1010=ORIENTED_EDGE('',*,*,#658,.T.);
#1011=ORIENTED_EDGE('',*,*,#655,.T.);
#1012=ORIENTED_EDGE('',*,*,#652,.T.);
#1013=ORIENTED_EDGE('',*,*,#649,.T.);
#1014=ORIENTED_EDGE('',*,*,#646,.T.);
#1015=ORIENTED_EDGE('',*,*,#643,.T.);
#1016=ORIENTED_EDGE('',*,*,#640,.T.);
#1017=PLANE('',#1124);
#1018=PLANE('',#1125);
#1019=PLANE('',#1126);
#1020=PLANE('',#1128);
#1021=PLANE('',#1129);
#1022=PLANE('',#1131);
#1023=PLANE('',#1132);
#1024=PLANE('',#1134);
#1025=PLANE('',#1135);
#1026=PLANE('',#1136);
#1027=PLANE('',#1137);
#1028=PLANE('',#1138);
#1029=PLANE('',#1139);
#1030=PLANE('',#1140);
#1031=PLANE('',#1141);
#1032=PLANE('',#1142);
#1033=PLANE('',#1143);
#1034=PLANE('',#1144);
#1035=PLANE('',#1145);
#1036=PLANE('',#1146);
#1037=PLANE('',#1147);
#1038=PLANE('',#1148);
#1039=PLANE('',#1149);
#1040=PLANE('',#1150);
#1041=PLANE('',#1151);
#1042=PLANE('',#1152);
#1043=PLANE('',#1153);
#1044=PLANE('',#1154);
#1045=PLANE('',#1155);
#1046=PLANE('',#1156);
#1047=PLANE('',#1157);
#1048=PLANE('',#1158);
#1049=PLANE('',#1159);
#1050=PLANE('',#1160);
#1051=ADVANCED_FACE('',(#94),#1017,.T.);
#1052=ADVANCED_FACE('',(#95),#1018,.T.);
#1053=ADVANCED_FACE('',(#96),#1019,.T.);
#1054=ADVANCED_FACE('',(#97),#1020,.T.);
#1055=ADVANCED_FACE('',(#98,#40,#41,#42),#1021,.T.);
#1056=ADVANCED_FACE('',(#99),#1022,.T.);
#1057=ADVANCED_FACE('',(#100),#1023,.T.);
#1058=ADVANCED_FACE('',(#101),#39,.F.);
#1059=ADVANCED_FACE('',(#102),#15,.F.);
#1060=ADVANCED_FACE('',(#103),#16,.F.);
#1061=ADVANCED_FACE('',(#104),#1024,.F.);
#1062=ADVANCED_FACE('',(#105),#17,.F.);
#1063=ADVANCED_FACE('',(#106),#18,.F.);
#1064=ADVANCED_FACE('',(#107),#19,.F.);
#1065=ADVANCED_FACE('',(#108),#1025,.F.);
#1066=ADVANCED_FACE('',(#109),#1026,.F.);
#1067=ADVANCED_FACE('',(#110),#1027,.F.);
#1068=ADVANCED_FACE('',(#111),#1028,.F.);
#1069=ADVANCED_FACE('',(#112),#1029,.T.);
#1070=ADVANCED_FACE('',(#113),#1030,.F.);
#1071=ADVANCED_FACE('',(#114),#20,.F.);
#1072=ADVANCED_FACE('',(#115),#21,.F.);
#1073=ADVANCED_FACE('',(#116),#1031,.F.);
#1074=ADVANCED_FACE('',(#117),#22,.F.);
#1075=ADVANCED_FACE('',(#118),#1032,.F.);
#1076=ADVANCED_FACE('',(#119),#1033,.F.);
#1077=ADVANCED_FACE('',(#120),#1034,.F.);
#1078=ADVANCED_FACE('',(#121),#1035,.T.);
#1079=ADVANCED_FACE('',(#122),#1036,.F.);
#1080=ADVANCED_FACE('',(#123),#23,.F.);
#1081=ADVANCED_FACE('',(#124),#24,.F.);
#1082=ADVANCED_FACE('',(#125),#25,.F.);
#1083=ADVANCED_FACE('',(#126),#26,.F.);
#1084=ADVANCED_FACE('',(#127),#27,.F.);
#1085=ADVANCED_FACE('',(#128),#28,.F.);
#1086=ADVANCED_FACE('',(#129),#1037,.F.);
#1087=ADVANCED_FACE('',(#130),#1038,.F.);
#1088=ADVANCED_FACE('',(#131),#1039,.F.);
#1089=ADVANCED_FACE('',(#132),#1040,.F.);
#1090=ADVANCED_FACE('',(#133),#29,.F.);
#1091=ADVANCED_FACE('',(#134),#30,.F.);
#1092=ADVANCED_FACE('',(#135),#31,.F.);
#1093=ADVANCED_FACE('',(#136),#1041,.F.);
#1094=ADVANCED_FACE('',(#137),#1042,.F.);
#1095=ADVANCED_FACE('',(#138),#1043,.F.);
#1096=ADVANCED_FACE('',(#139),#32,.F.);
#1097=ADVANCED_FACE('',(#140),#33,.F.);
#1098=ADVANCED_FACE('',(#141),#34,.F.);
#1099=ADVANCED_FACE('',(#142),#35,.F.);
#1100=ADVANCED_FACE('',(#143),#36,.F.);
#1101=ADVANCED_FACE('',(#144),#37,.F.);
#1102=ADVANCED_FACE('',(#145),#38,.F.);
#1103=ADVANCED_FACE('',(#146),#1044,.F.);
#1104=ADVANCED_FACE('',(#147),#1045,.F.);
#1105=ADVANCED_FACE('',(#148),#1046,.F.);
#1106=ADVANCED_FACE('',(#149,#43),#1047,.T.);
#1107=ADVANCED_FACE('',(#150),#1048,.T.);
#1108=ADVANCED_FACE('',(#151),#1049,.T.);
#1109=ADVANCED_FACE('',(#152),#1050,.T.);
#1110=CLOSED_SHELL('',(#1051,#1052,#1053,#1054,#1055,#1056,#1057,#1058,
#1059,#1060,#1061,#1062,#1063,#1064,#1065,#1066,#1067,#1068,#1069,#1070,
#1071,#1072,#1073,#1074,#1075,#1076,#1077,#1078,#1079,#1080,#1081,#1082,
#1083,#1084,#1085,#1086,#1087,#1088,#1089,#1090,#1091,#1092,#1093,#1094,
#1095,#1096,#1097,#1098,#1099,#1100,#1101,#1102,#1103,#1104,#1105,#1106,
#1107,#1108,#1109));
#1111=DERIVED_UNIT_ELEMENT(#1113,1.);
#1112=DERIVED_UNIT_ELEMENT(#2084,-3.);
#1113=(
MASS_UNIT()
NAMED_UNIT(*)
SI_UNIT(.KILO.,.GRAM.)
);
#1114=DERIVED_UNIT((#1111,#1112));
#1115=MEASURE_REPRESENTATION_ITEM('density measure',
POSITIVE_RATIO_MEASURE(7850.),#1114);
#1116=PROPERTY_DEFINITION_REPRESENTATION(#1121,#1118);
#1117=PROPERTY_DEFINITION_REPRESENTATION(#1122,#1119);
#1118=REPRESENTATION('material name',(#1120),#2081);
#1119=REPRESENTATION('density',(#1115),#2081);
#1120=DESCRIPTIVE_REPRESENTATION_ITEM('Steel','Steel');
#1121=PROPERTY_DEFINITION('material property','material name',#2091);
#1122=PROPERTY_DEFINITION('material property','density of part',#2091);
#1123=AXIS2_PLACEMENT_3D('',#1346,#1161,#1162);
#1124=AXIS2_PLACEMENT_3D('',#1347,#1163,#1164);
#1125=AXIS2_PLACEMENT_3D('',#1356,#1169,#1170);
#1126=AXIS2_PLACEMENT_3D('',#1362,#1174,#1175);
#1127=AXIS2_PLACEMENT_3D('',#1373,#1181,#1182);
#1128=AXIS2_PLACEMENT_3D('',#1374,#1183,#1184);
#1129=AXIS2_PLACEMENT_3D('',#1380,#1188,#1189);
#1130=AXIS2_PLACEMENT_3D('',#1382,#1190,#1191);
#1131=AXIS2_PLACEMENT_3D('',#1533,#1214,#1215);
#1132=AXIS2_PLACEMENT_3D('',#1535,#1217,#1218);
#1133=AXIS2_PLACEMENT_3D('',#1537,#1220,#1221);
#1134=AXIS2_PLACEMENT_3D('',#1575,#1226,#1227);
#1135=AXIS2_PLACEMENT_3D('',#1630,#1233,#1234);
#1136=AXIS2_PLACEMENT_3D('',#1634,#1237,#1238);
#1137=AXIS2_PLACEMENT_3D('',#1638,#1241,#1242);
#1138=AXIS2_PLACEMENT_3D('',#1642,#1245,#1246);
#1139=AXIS2_PLACEMENT_3D('',#1644,#1248,#1249);
#1140=AXIS2_PLACEMENT_3D('',#1645,#1250,#1251);
#1141=AXIS2_PLACEMENT_3D('',#1685,#1257,#1258);
#1142=AXIS2_PLACEMENT_3D('',#1706,#1262,#1263);
#1143=AXIS2_PLACEMENT_3D('',#1710,#1266,#1267);
#1144=AXIS2_PLACEMENT_3D('',#1714,#1270,#1271);
#1145=AXIS2_PLACEMENT_3D('',#1716,#1273,#1274);
#1146=AXIS2_PLACEMENT_3D('',#1717,#1275,#1276);
#1147=AXIS2_PLACEMENT_3D('',#1864,#1287,#1288);
#1148=AXIS2_PLACEMENT_3D('',#1870,#1292,#1293);
#1149=AXIS2_PLACEMENT_3D('',#1873,#1296,#1297);
#1150=AXIS2_PLACEMENT_3D('',#1879,#1301,#1302);
#1151=AXIS2_PLACEMENT_3D('',#1934,#1308,#1309);
#1152=AXIS2_PLACEMENT_3D('',#1938,#1312,#1313);
#1153=AXIS2_PLACEMENT_3D('',#1942,#1316,#1317);
#1154=AXIS2_PLACEMENT_3D('',#2065,#1327,#1328);
#1155=AXIS2_PLACEMENT_3D('',#2069,#1331,#1332);
#1156=AXIS2_PLACEMENT_3D('',#2073,#1335,#1336);
#1157=AXIS2_PLACEMENT_3D('',#2075,#1338,#1339);
#1158=AXIS2_PLACEMENT_3D('',#2076,#1340,#1341);
#1159=AXIS2_PLACEMENT_3D('',#2077,#1342,#1343);
#1160=AXIS2_PLACEMENT_3D('',#2078,#1344,#1345);
#1161=DIRECTION('axis',(0.,0.,1.));
#1162=DIRECTION('refdir',(1.,0.,0.));
#1163=DIRECTION('center_axis',(0.707106781186546,0.707106781186549,0.));
#1164=DIRECTION('ref_axis',(0.,0.,-1.));
#1165=DIRECTION('',(-0.707106781186549,0.707106781186546,0.));
#1166=DIRECTION('',(0.,0.,1.));
#1167=DIRECTION('',(0.707106781186549,-0.707106781186546,0.));
#1168=DIRECTION('',(0.,0.,-1.));
#1169=DIRECTION('center_axis',(0.,1.,0.));
#1170=DIRECTION('ref_axis',(1.,0.,0.));
#1171=DIRECTION('',(1.,0.,0.));
#1172=DIRECTION('',(0.,0.,1.));
#1173=DIRECTION('',(1.,0.,0.));
#1174=DIRECTION('center_axis',(0.,0.,-1.));
#1175=DIRECTION('ref_axis',(-1.,0.,0.));
#1176=DIRECTION('',(0.,-1.,0.));
#1177=DIRECTION('',(0.707106781186547,0.707106781186548,0.));
#1178=DIRECTION('',(-1.,0.,0.));
#1179=DIRECTION('',(0.707106786454904,-0.707106775918191,0.));
#1180=DIRECTION('',(-1.49011611938477E-8,1.,0.));
#1181=DIRECTION('center_axis',(0.,0.,1.));
#1182=DIRECTION('ref_axis',(-1.,0.,0.));
#1183=DIRECTION('center_axis',(-0.707106775918191,-0.707106786454904,0.));
#1184=DIRECTION('ref_axis',(0.,0.,1.));
#1185=DIRECTION('',(0.,0.,1.));
#1186=DIRECTION('',(-0.707106786454904,0.707106775918191,0.));
#1187=DIRECTION('',(0.,0.,-1.));
#1188=DIRECTION('center_axis',(0.,0.,1.));
#1189=DIRECTION('ref_axis',(1.,0.,0.));
#1190=DIRECTION('center_axis',(0.,0.,-1.));
#1191=DIRECTION('ref_axis',(-1.,0.,0.));
#1192=DIRECTION('',(-1.49011611938477E-8,1.,0.));
#1193=DIRECTION('',(-1.,0.,0.));
#1194=DIRECTION('',(-0.707106781186547,-0.707106781186548,0.));
#1195=DIRECTION('',(0.,-1.,0.));
#1196=DIRECTION('',(-0.00362015454037838,-0.999993447219082,0.));
#1197=DIRECTION('',(-0.999993447219082,0.00362015454037839,0.));
#1198=DIRECTION('',(0.00362015454037841,0.999993447219082,0.));
#1199=DIRECTION('',(0.999993447219082,-0.00362015454037848,0.));
#1200=DIRECTION('',(0.52745952721964,-0.84958015934062,0.));
#1201=DIRECTION('',(-0.999993447219082,0.00362015454037869,0.));
#1202=DIRECTION('',(-0.554090951440179,0.832456135500314,0.));
#1203=DIRECTION('',(-0.999993447219082,0.003620154540377,0.));
#1204=DIRECTION('',(0.999993447219082,-0.00362015454037905,0.));
#1205=DIRECTION('',(-0.00362015454037837,-0.999993447219082,0.));
#1206=DIRECTION('',(-0.999993447219082,0.00362015454037858,0.));
#1207=DIRECTION('',(0.00362015454037828,0.999993447219082,0.));
#1208=DIRECTION('',(0.00362015454037773,0.999993447219082,0.));
#1209=DIRECTION('',(-0.999993447219082,0.00362015454037852,0.));
#1210=DIRECTION('',(0.00362015454037856,0.999993447219082,0.));
#1211=DIRECTION('',(0.999993447219082,-0.00362015454037856,0.));
#1212=DIRECTION('',(-0.00362015454037808,-0.999993447219082,0.));
#1213=DIRECTION('',(-0.999993447219082,0.00362015454037841,0.));
#1214=DIRECTION('center_axis',(0.,-1.,0.));
#1215=DIRECTION('ref_axis',(-1.,0.,0.));
#1216=DIRECTION('',(0.,0.,-1.));
#1217=DIRECTION('center_axis',(0.707106781186548,-0.707106781186547,0.));
#1218=DIRECTION('ref_axis',(0.,0.,-1.));
#1219=DIRECTION('',(0.,0.,1.));
#1220=DIRECTION('center_axis',(0.,0.,-1.));
#1221=DIRECTION('ref_axis',(-1.,0.,0.));
#1222=DIRECTION('',(0.,0.,-1.));
#1223=DIRECTION('',(0.,0.,-1.));
#1224=DIRECTION('',(0.,0.,-1.));
#1225=DIRECTION('',(0.,0.,-1.));
#1226=DIRECTION('center_axis',(-0.00362015454037841,-0.999993447219082,
0.));
#1227=DIRECTION('ref_axis',(-0.999993447219082,0.00362015454037841,0.));
#1228=DIRECTION('',(0.,0.,-1.));
#1229=DIRECTION('',(-0.999993447219082,0.00362015454037841,0.));
#1230=DIRECTION('',(0.,0.,-1.));
#1231=DIRECTION('',(0.,0.,-1.));
#1232=DIRECTION('',(0.,0.,-1.));
#1233=DIRECTION('center_axis',(0.999993447219082,-0.00362015454037808,0.));
#1234=DIRECTION('ref_axis',(-0.00362015454037808,-0.999993447219082,0.));
#1235=DIRECTION('',(0.,0.,-1.));
#1236=DIRECTION('',(-0.00362015454037808,-0.999993447219082,0.));
#1237=DIRECTION('center_axis',(0.00362015454037856,0.999993447219082,0.));
#1238=DIRECTION('ref_axis',(0.999993447219082,-0.00362015454037856,0.));
#1239=DIRECTION('',(0.,0.,-1.));
#1240=DIRECTION('',(0.999993447219082,-0.00362015454037856,0.));
#1241=DIRECTION('center_axis',(-0.999993447219082,0.00362015454037856,0.));
#1242=DIRECTION('ref_axis',(0.00362015454037856,0.999993447219082,0.));
#1243=DIRECTION('',(0.,0.,-1.));
#1244=DIRECTION('',(0.00362015454037856,0.999993447219082,0.));
#1245=DIRECTION('center_axis',(-0.00362015454037852,-0.999993447219082,
0.));
#1246=DIRECTION('ref_axis',(-0.999993447219082,0.00362015454037852,0.));
#1247=DIRECTION('',(-0.999993447219082,0.00362015454037852,0.));
#1248=DIRECTION('center_axis',(0.,0.,1.));
#1249=DIRECTION('ref_axis',(1.,0.,0.));
#1250=DIRECTION('center_axis',(0.00362015454037905,0.999993447219082,0.));
#1251=DIRECTION('ref_axis',(0.999993447219082,-0.00362015454037905,0.));
#1252=DIRECTION('',(0.,0.,-1.));
#1253=DIRECTION('',(0.999993447219082,-0.00362015454037905,0.));
#1254=DIRECTION('',(0.,0.,-1.));
#1255=DIRECTION('',(0.,0.,-1.));
#1256=DIRECTION('',(0.,0.,-1.));
#1257=DIRECTION('center_axis',(-0.999993447219082,0.00362015454037773,0.));
#1258=DIRECTION('ref_axis',(0.00362015454037773,0.999993447219082,0.));
#1259=DIRECTION('',(0.,0.,-1.));
#1260=DIRECTION('',(0.00362015454037773,0.999993447219082,0.));
#1261=DIRECTION('',(0.,0.,-1.));
#1262=DIRECTION('center_axis',(-0.999993447219082,0.00362015454037828,0.));
#1263=DIRECTION('ref_axis',(0.00362015454037828,0.999993447219082,0.));
#1264=DIRECTION('',(0.,0.,-1.));
#1265=DIRECTION('',(0.00362015454037828,0.999993447219082,0.));
#1266=DIRECTION('center_axis',(-0.00362015454037858,-0.999993447219082,
0.));
#1267=DIRECTION('ref_axis',(-0.999993447219082,0.00362015454037858,0.));
#1268=DIRECTION('',(0.,0.,-1.));
#1269=DIRECTION('',(-0.999993447219082,0.00362015454037858,0.));
#1270=DIRECTION('center_axis',(0.999993447219082,-0.00362015454037837,0.));
#1271=DIRECTION('ref_axis',(-0.00362015454037837,-0.999993447219082,0.));
#1272=DIRECTION('',(-0.00362015454037837,-0.999993447219082,0.));
#1273=DIRECTION('center_axis',(0.,0.,1.));
#1274=DIRECTION('ref_axis',(1.,0.,0.));
#1275=DIRECTION('center_axis',(-0.0036201545403791,-0.999993447219082,0.));
#1276=DIRECTION('ref_axis',(-0.999993447219082,0.0036201545403791,0.));
#1277=DIRECTION('',(-0.999993447219082,0.0036201545403791,0.));
#1278=DIRECTION('',(0.,0.,-1.));
#1279=DIRECTION('',(-0.999993447219082,0.0036201545403791,0.));
#1280=DIRECTION('',(0.,0.,-1.));
#1281=DIRECTION('',(0.,0.,-1.));
#1282=DIRECTION('',(0.,0.,-1.));
#1283=DIRECTION('',(0.,0.,-1.));
#1284=DIRECTION('',(0.,0.,-1.));
#1285=DIRECTION('',(0.,0.,-1.));
#1286=DIRECTION('',(0.,0.,-1.));
#1287=DIRECTION('center_axis',(0.00362015454037866,0.999993447219082,0.));
#1288=DIRECTION('ref_axis',(0.999993447219082,-0.00362015454037866,0.));
#1289=DIRECTION('',(0.999993447219082,-0.00362015454037866,0.));
#1290=DIRECTION('',(0.,0.,-1.));
#1291=DIRECTION('',(0.999993447219082,-0.00362015454037866,0.));
#1292=DIRECTION('center_axis',(0.999993447219082,-0.00362015454037793,0.));
#1293=DIRECTION('ref_axis',(-0.00362015454037793,-0.999993447219082,0.));
#1294=DIRECTION('',(-0.00362015454037793,-0.999993447219082,0.));
#1295=DIRECTION('',(-0.00362015454037793,-0.999993447219082,0.));
#1296=DIRECTION('center_axis',(0.999993447219082,-0.00362015454037838,0.));
#1297=DIRECTION('ref_axis',(-0.00362015454037838,-0.999993447219082,0.));
#1298=DIRECTION('',(0.,0.,-1.));
#1299=DIRECTION('',(-0.00362015454037838,-0.999993447219082,0.));
#1300=DIRECTION('',(0.,0.,-1.));
#1301=DIRECTION('center_axis',(-0.003620154540377,-0.999993447219082,0.));
#1302=DIRECTION('ref_axis',(-0.999993447219082,0.003620154540377,0.));
#1303=DIRECTION('',(0.,0.,-1.));
#1304=DIRECTION('',(-0.999993447219082,0.003620154540377,0.));
#1305=DIRECTION('',(0.,0.,-1.));
#1306=DIRECTION('',(0.,0.,-1.));
#1307=DIRECTION('',(0.,0.,-1.));
#1308=DIRECTION('center_axis',(-0.832456135500314,-0.554090951440179,0.));
#1309=DIRECTION('ref_axis',(-0.554090951440179,0.832456135500314,0.));
#1310=DIRECTION('',(0.,0.,-1.));
#1311=DIRECTION('',(-0.554090951440179,0.832456135500314,0.));
#1312=DIRECTION('center_axis',(-0.00362015454037869,-0.999993447219082,
0.));
#1313=DIRECTION('ref_axis',(-0.999993447219082,0.00362015454037869,0.));
#1314=DIRECTION('',(0.,0.,-1.));
#1315=DIRECTION('',(-0.999993447219082,0.00362015454037869,0.));
#1316=DIRECTION('center_axis',(0.84958015934062,0.52745952721964,0.));
#1317=DIRECTION('ref_axis',(0.52745952721964,-0.84958015934062,0.));
#1318=DIRECTION('',(0.,0.,-1.));
#1319=DIRECTION('',(0.52745952721964,-0.84958015934062,0.));
#1320=DIRECTION('',(0.,0.,-1.));
#1321=DIRECTION('',(0.,0.,-1.));
#1322=DIRECTION('',(0.,0.,-1.));
#1323=DIRECTION('',(0.,0.,-1.));
#1324=DIRECTION('',(0.,0.,-1.));
#1325=DIRECTION('',(0.,0.,-1.));
#1326=DIRECTION('',(0.,0.,-1.));
#1327=DIRECTION('center_axis',(0.00362015454037848,0.999993447219082,0.));
#1328=DIRECTION('ref_axis',(0.999993447219082,-0.00362015454037848,0.));
#1329=DIRECTION('',(0.,0.,-1.));
#1330=DIRECTION('',(0.999993447219082,-0.00362015454037848,0.));
#1331=DIRECTION('center_axis',(-0.999993447219082,0.00362015454037841,0.));
#1332=DIRECTION('ref_axis',(0.00362015454037841,0.999993447219082,0.));
#1333=DIRECTION('',(0.,0.,-1.));
#1334=DIRECTION('',(0.00362015454037841,0.999993447219082,0.));
#1335=DIRECTION('center_axis',(-0.00362015454037839,-0.999993447219082,
0.));
#1336=DIRECTION('ref_axis',(-0.999993447219082,0.00362015454037839,0.));
#1337=DIRECTION('',(-0.999993447219082,0.00362015454037839,0.));
#1338=DIRECTION('center_axis',(0.,0.,1.));
#1339=DIRECTION('ref_axis',(1.,0.,0.));
#1340=DIRECTION('center_axis',(-1.,-1.49011611938477E-8,0.));
#1341=DIRECTION('ref_axis',(-1.49011611938477E-8,1.,0.));
#1342=DIRECTION('center_axis',(1.,0.,0.));
#1343=DIRECTION('ref_axis',(0.,-1.,0.));
#1344=DIRECTION('center_axis',(0.,0.,1.));
#1345=DIRECTION('ref_axis',(1.,0.,0.));
#1346=CARTESIAN_POINT('',(0.,0.,0.));
#1347=CARTESIAN_POINT('Origin',(-0.5,34.5,0.));
#1348=CARTESIAN_POINT('',(0.,34.,-2.));
#1349=CARTESIAN_POINT('',(-1.,35.,-2.));
#1350=CARTESIAN_POINT('',(-0.500000065192598,34.5000000651926,-2.));
#1351=CARTESIAN_POINT('',(-1.,35.,0.));
#1352=CARTESIAN_POINT('',(-1.,35.,0.));
#1353=CARTESIAN_POINT('',(0.,34.,0.));
#1354=CARTESIAN_POINT('',(-0.500000065192598,34.5000000651926,0.));
#1355=CARTESIAN_POINT('',(0.,34.,0.));
#1356=CARTESIAN_POINT('Origin',(-35.0000005215406,35.,0.));
#1357=CARTESIAN_POINT('',(-18.0000005215406,35.,-2.));
#1358=CARTESIAN_POINT('',(-35.0000005215406,35.,-2.));
#1359=CARTESIAN_POINT('',(-18.0000005215406,35.,0.));
#1360=CARTESIAN_POINT('',(-18.0000005215406,35.,0.));
#1361=CARTESIAN_POINT('',(-35.0000005215406,35.,0.));
#1362=CARTESIAN_POINT('Origin',(-17.5000002607703,17.5,-2.));
#1363=CARTESIAN_POINT('',(0.,1.,-2.));
#1364=CARTESIAN_POINT('',(0.,35.,-2.));
#1365=CARTESIAN_POINT('',(-1.,0.,-2.));
#1366=CARTESIAN_POINT('',(-0.500000065192576,0.499999934807424,-2.));
#1367=CARTESIAN_POINT('',(-34.,0.,-2.));
#1368=CARTESIAN_POINT('',(0.,0.,-2.));
#1369=CARTESIAN_POINT('',(-35.0000000149012,1.,-2.));
#1370=CARTESIAN_POINT('',(-34.5000000074506,0.5,-2.));
#1371=CARTESIAN_POINT('',(-35.0000002682209,18.,-2.));
#1372=CARTESIAN_POINT('',(-35.,0.,-2.));
#1373=CARTESIAN_POINT('Origin',(-35.0000005215406,35.,-2.));
#1374=CARTESIAN_POINT('Origin',(-34.5000000074506,0.5,0.));
#1375=CARTESIAN_POINT('',(-34.,0.,0.));
#1376=CARTESIAN_POINT('',(-34.,0.,0.));
#1377=CARTESIAN_POINT('',(-35.0000000149012,1.,0.));
#1378=CARTESIAN_POINT('',(-34.5000000074506,0.5,0.));
#1379=CARTESIAN_POINT('',(-35.0000000149012,1.,0.));
#1380=CARTESIAN_POINT('Origin',(-17.5000002607703,17.5,0.));
#1381=CARTESIAN_POINT('',(-35.0000002682209,18.,0.));
#1382=CARTESIAN_POINT('Origin',(-35.0000005215406,35.,0.));
#1383=CARTESIAN_POINT('',(-35.,0.,0.));
#1384=CARTESIAN_POINT('',(-1.,0.,0.));
#1385=CARTESIAN_POINT('',(0.,0.,0.));
#1386=CARTESIAN_POINT('',(0.,1.,0.));
#1387=CARTESIAN_POINT('',(-0.500000065192576,0.499999934807424,0.));
#1388=CARTESIAN_POINT('',(0.,35.,0.));
#1389=CARTESIAN_POINT('',(-15.8312027303608,5.90119163467797,0.));
#1390=CARTESIAN_POINT('',(-15.8401967813848,3.4167694953166,0.));
#1391=CARTESIAN_POINT('',(-15.8102190637801,11.6974991804532,0.));
#1392=CARTESIAN_POINT('',(-17.0418127718788,3.42111955940539,0.));
#1393=CARTESIAN_POINT('',(-16.6955792131703,3.41986613220237,0.));
#1394=CARTESIAN_POINT('',(-17.0202681991536,9.37236592417989,0.));
#1395=CARTESIAN_POINT('',(-17.0163320797861,10.4596381748613,0.));
#1396=CARTESIAN_POINT('',(-14.491191558368,9.36321021590043,0.));
#1397=CARTESIAN_POINT('',(-17.274842635692,9.37328752902126,0.));
#1398=CARTESIAN_POINT('',(-13.1054483296109,9.19784113202468,0.));
#1399=CARTESIAN_POINT('Ctrl Pts',(-14.491191558368,9.36321021590043,0.));
#1400=CARTESIAN_POINT('Ctrl Pts',(-14.2149767463002,9.36182767210644,0.));
#1401=CARTESIAN_POINT('Ctrl Pts',(-13.7459903335049,9.35948024457486,0.));
#1402=CARTESIAN_POINT('Ctrl Pts',(-13.2920396589196,9.24492696979278,0.));
#1403=CARTESIAN_POINT('Ctrl Pts',(-13.1054483296109,9.19784113202468,0.));
#1404=CARTESIAN_POINT('',(-12.4153655945037,8.62497338544868,0.));
#1405=CARTESIAN_POINT('Ctrl Pts',(-13.1054483296109,9.19784113202468,0.));
#1406=CARTESIAN_POINT('Ctrl Pts',(-12.9681765788187,9.13256336688472,0.));
#1407=CARTESIAN_POINT('Ctrl Pts',(-12.6897658690683,9.00016883692021,0.));
#1408=CARTESIAN_POINT('Ctrl Pts',(-12.5076754495182,8.75119132667492,0.));
#1409=CARTESIAN_POINT('Ctrl Pts',(-12.4153655945037,8.62497338544868,0.));
#1410=CARTESIAN_POINT('',(-12.1589520199344,7.68628535990198,0.));
#1411=CARTESIAN_POINT('Ctrl Pts',(-12.4153655945037,8.62497338544868,0.));
#1412=CARTESIAN_POINT('Ctrl Pts',(-12.3401178041366,8.48125217039315,0.));
#1413=CARTESIAN_POINT('Ctrl Pts',(-12.1862074988143,8.18728771000718,0.));
#1414=CARTESIAN_POINT('Ctrl Pts',(-12.1681705714076,7.85573811371359,0.));
#1415=CARTESIAN_POINT('Ctrl Pts',(-12.1589520199344,7.68628535990198,0.));
#1416=CARTESIAN_POINT('',(-12.5567292493002,6.58149347938074,0.));
#1417=CARTESIAN_POINT('Ctrl Pts',(-12.1589520199344,7.68628535990198,0.));
#1418=CARTESIAN_POINT('Ctrl Pts',(-12.1736205798988,7.47563601024323,0.));
#1419=CARTESIAN_POINT('Ctrl Pts',(-12.2019358934043,7.06901106615803,0.));
#1420=CARTESIAN_POINT('Ctrl Pts',(-12.4413446215467,6.7400422073623,0.));
#1421=CARTESIAN_POINT('Ctrl Pts',(-12.5567292493002,6.58149347938074,0.));
#1422=CARTESIAN_POINT('',(-13.7359797001803,6.03569154696008,0.));
#1423=CARTESIAN_POINT('Ctrl Pts',(-12.5567292493002,6.58149347938074,0.));
#1424=CARTESIAN_POINT('Ctrl Pts',(-12.7138737793242,6.44890286597119,0.));
#1425=CARTESIAN_POINT('Ctrl Pts',(-13.0557788953022,6.1604206066876,0.));
#1426=CARTESIAN_POINT('Ctrl Pts',(-13.4973571758453,6.07944798311343,0.));
#1427=CARTESIAN_POINT('Ctrl Pts',(-13.7359797001803,6.03569154696008,0.));
#1428=CARTESIAN_POINT('',(-13.0943543372804,5.53404216832301,0.));
#1429=CARTESIAN_POINT('Ctrl Pts',(-13.7359797001803,6.03569154696008,0.));
#1430=CARTESIAN_POINT('Ctrl Pts',(-13.6143223743151,5.96004663227764,0.));
#1431=CARTESIAN_POINT('Ctrl Pts',(-13.3823491164613,5.81580873148396,0.));
#1432=CARTESIAN_POINT('Ctrl Pts',(-13.1871717951962,5.62485234270407,0.));
#1433=CARTESIAN_POINT('Ctrl Pts',(-13.0943543372804,5.53404216832301,0.));
#1434=CARTESIAN_POINT('',(-12.4138237698157,4.56540116897722,0.));
#1435=CARTESIAN_POINT('Ctrl Pts',(-13.0943543372804,5.53404216832301,0.));
#1436=CARTESIAN_POINT('Ctrl Pts',(-12.9932095889902,5.40949040901798,0.));
#1437=CARTESIAN_POINT('Ctrl Pts',(-12.7439957360002,5.10260325612292,0.));
#1438=CARTESIAN_POINT('Ctrl Pts',(-12.5368803129763,4.765618748279,0.));
#1439=CARTESIAN_POINT('Ctrl Pts',(-12.4138237698157,4.56540116897722,0.));
#1440=CARTESIAN_POINT('',(-11.6913741229564,3.40175001771312,0.));
#1441=CARTESIAN_POINT('',(-16.0194660973909,10.3730167775791,0.));
#1442=CARTESIAN_POINT('',(-13.1284419303588,3.40695245935138,0.));
#1443=CARTESIAN_POINT('',(-14.621167883956,3.41235639340063,0.));
#1444=CARTESIAN_POINT('',(-13.9924897342131,4.70508211444599,0.));
#1445=CARTESIAN_POINT('',(-17.0497670892862,9.29827982962577,0.));
#1446=CARTESIAN_POINT('',(-14.6226068845848,5.58220006390735,0.));
#1447=CARTESIAN_POINT('Ctrl Pts',(-13.9924897342131,4.70508211444599,0.));
#1448=CARTESIAN_POINT('Ctrl Pts',(-14.1179325153597,4.8969157588529,0.));
#1449=CARTESIAN_POINT('Ctrl Pts',(-14.3152204646178,5.19861878199873,0.));
#1450=CARTESIAN_POINT('Ctrl Pts',(-14.5405499856287,5.47980292321914,0.));
#1451=CARTESIAN_POINT('Ctrl Pts',(-14.6226068845848,5.58220006390735,0.));
#1452=CARTESIAN_POINT('',(-14.9830069708851,5.83113806819682,0.));
#1453=CARTESIAN_POINT('Ctrl Pts',(-14.6226068845848,5.58220006390735,0.));
#1454=CARTESIAN_POINT('Ctrl Pts',(-14.6782001398671,5.63718906394071,0.));
#1455=CARTESIAN_POINT('Ctrl Pts',(-14.7837433144072,5.74158506663635,0.));
#1456=CARTESIAN_POINT('Ctrl Pts',(-14.9189963881063,5.80237045487082,0.));
#1457=CARTESIAN_POINT('Ctrl Pts',(-14.9830069708851,5.83113806819682,0.));
#1458=CARTESIAN_POINT('',(-15.5876318827139,5.90030986478992,0.));
#1459=CARTESIAN_POINT('Ctrl Pts',(-14.9830069708851,5.83113806819682,0.));
#1460=CARTESIAN_POINT('Ctrl Pts',(-15.0648126392393,5.85082516507084,0.));
#1461=CARTESIAN_POINT('Ctrl Pts',(-15.2631911253843,5.89856631251248,0.));
#1462=CARTESIAN_POINT('Ctrl Pts',(-15.4675467368026,5.89966452438521,0.));
#1463=CARTESIAN_POINT('Ctrl Pts',(-15.5876318827139,5.90030986478992,0.));
#1464=CARTESIAN_POINT('',(-16.5647997383228,5.90384738661972,0.));
#1465=CARTESIAN_POINT('',(-9.27462905558671,9.36868292741977,0.));
#1466=CARTESIAN_POINT('',(-8.34905962591392,9.36533220108992,0.));
#1467=CARTESIAN_POINT('',(-13.4019789750635,9.38362466988046,0.));
#1468=CARTESIAN_POINT('',(-8.37069237632922,3.38972855783692,0.));
#1469=CARTESIAN_POINT('',(-8.3343953090289,13.4160489949194,0.));
#1470=CARTESIAN_POINT('',(-9.51141587842745,3.39385818026287,0.));
#1471=CARTESIAN_POINT('',(-12.9608270106424,3.40634566346253,0.));
#1472=CARTESIAN_POINT('',(-9.4958526434366,7.69288266520953,0.));
#1473=CARTESIAN_POINT('',(-9.48593518633478,10.4323767957188,0.));
#1474=CARTESIAN_POINT('',(-10.9725860546188,6.83354113774861,0.));
#1475=CARTESIAN_POINT('Ctrl Pts',(-9.4958526434366,7.69288266520953,0.));
#1476=CARTESIAN_POINT('Ctrl Pts',(-9.71574656942006,7.51100068227868,0.));
#1477=CARTESIAN_POINT('Ctrl Pts',(-10.1604833530833,7.14314328133776,0.));
#1478=CARTESIAN_POINT('Ctrl Pts',(-10.6998843760306,6.93750461932752,0.));
#1479=CARTESIAN_POINT('Ctrl Pts',(-10.9725860546188,6.83354113774861,0.));
#1480=CARTESIAN_POINT('',(-10.9688385329992,7.86871712848961,0.));
#1481=CARTESIAN_POINT('',(-10.9533218389693,12.1548856274695,0.));
#1482=CARTESIAN_POINT('',(-9.99660876135992,8.41932850965632,0.));
#1483=CARTESIAN_POINT('Ctrl Pts',(-10.9688385329992,7.86871712848961,0.));
#1484=CARTESIAN_POINT('Ctrl Pts',(-10.8100910464259,7.93291094046331,0.));
#1485=CARTESIAN_POINT('Ctrl Pts',(-10.4621695529083,8.07360234552799,0.));
#1486=CARTESIAN_POINT('Ctrl Pts',(-10.160587048904,8.29755797961576,0.));
#1487=CARTESIAN_POINT('Ctrl Pts',(-9.99660876135992,8.41932850965632,0.));
#1488=CARTESIAN_POINT('Ctrl Pts',(-9.99660876135992,8.41932850965632,0.));
#1489=CARTESIAN_POINT('Ctrl Pts',(-9.83657460818533,8.55683825536164,0.));
#1490=CARTESIAN_POINT('Ctrl Pts',(-9.52785928107571,8.82210267101339,0.));
#1491=CARTESIAN_POINT('Ctrl Pts',(-9.35694399921997,9.1910117078398,0.));
#1492=CARTESIAN_POINT('Ctrl Pts',(-9.27462905558671,9.36868292741977,0.));
#1493=CARTESIAN_POINT('',(-5.34333218775495,5.89570007328158,0.));
#1494=CARTESIAN_POINT('',(-4.05019240018708,8.18467378366563,0.));
#1495=CARTESIAN_POINT('Ctrl Pts',(-5.34333218775495,5.89570007328158,0.));
#1496=CARTESIAN_POINT('Ctrl Pts',(-5.17010725424701,6.30873154294298,0.));
#1497=CARTESIAN_POINT('Ctrl Pts',(-4.82879042580372,7.12255544471774,0.));
#1498=CARTESIAN_POINT('Ctrl Pts',(-4.30710990377986,7.83420180302261,0.));
#1499=CARTESIAN_POINT('Ctrl Pts',(-4.05019240018708,8.18467378366563,0.));
#1500=CARTESIAN_POINT('',(-6.64422199468047,8.19406463321619,0.));
#1501=CARTESIAN_POINT('',(-10.7918695468823,8.20907985672565,0.));
#1502=CARTESIAN_POINT('',(-6.64038629537072,9.25359790243569,0.));
#1503=CARTESIAN_POINT('',(-6.62744877827687,12.8273216683233,0.));
#1504=CARTESIAN_POINT('',(-2.73919368331068,9.23947488974324,0.));
#1505=CARTESIAN_POINT('',(-12.0850486448192,9.27330855072044,0.));
#1506=CARTESIAN_POINT('',(-2.74219170103796,8.41133397794194,0.));
#1507=CARTESIAN_POINT('',(-2.72433831656196,13.3429652902407,0.));
#1508=CARTESIAN_POINT('',(-3.7295316978155,7.05089388060959,0.));
#1509=CARTESIAN_POINT('Ctrl Pts',(-2.74219170103797,8.41133397794194,0.));
#1510=CARTESIAN_POINT('Ctrl Pts',(-2.9115220766196,8.22369983112593,0.));
#1511=CARTESIAN_POINT('Ctrl Pts',(-3.28877004944163,7.80567322913329,0.));
#1512=CARTESIAN_POINT('Ctrl Pts',(-3.57292285482455,7.31907765050394,0.));
#1513=CARTESIAN_POINT('Ctrl Pts',(-3.7295316978155,7.05089388060959,0.));
#1514=CARTESIAN_POINT('',(-4.49753219899637,5.16394630363151,0.));
#1515=CARTESIAN_POINT('Ctrl Pts',(-3.7295316978155,7.05089388060959,0.));
#1516=CARTESIAN_POINT('Ctrl Pts',(-3.88732516206559,6.74986521915712,0.));
#1517=CARTESIAN_POINT('Ctrl Pts',(-4.20405972851919,6.14561850318326,0.));
#1518=CARTESIAN_POINT('Ctrl Pts',(-4.39947202691375,5.49195984664031,0.));
#1519=CARTESIAN_POINT('Ctrl Pts',(-4.49753219899637,5.16394630363151,0.));
#1520=CARTESIAN_POINT('',(-4.7617847218411,3.37666366879436,0.));
#1521=CARTESIAN_POINT('Ctrl Pts',(-4.49753219899637,5.16394630363151,0.));
#1522=CARTESIAN_POINT('Ctrl Pts',(-4.57481144192118,4.84996421815127,0.));
#1523=CARTESIAN_POINT('Ctrl Pts',(-4.71944897016619,4.26230845137238,0.));
#1524=CARTESIAN_POINT('Ctrl Pts',(-4.74833321262209,3.6580631594446,0.));
#1525=CARTESIAN_POINT('Ctrl Pts',(-4.7617847218411,3.37666366879436,0.));
#1526=CARTESIAN_POINT('',(-5.86191236244679,3.38064632696498,0.));
#1527=CARTESIAN_POINT('',(-11.1563731833984,3.39981321894125,0.));
#1528=CARTESIAN_POINT('Ctrl Pts',(-5.86191236244679,3.38064632696498,0.));
#1529=CARTESIAN_POINT('Ctrl Pts',(-5.83001726315558,3.79932375064533,0.));
#1530=CARTESIAN_POINT('Ctrl Pts',(-5.7644844496771,4.65955338226344,0.));
#1531=CARTESIAN_POINT('Ctrl Pts',(-5.48618309063216,5.47641069301166,0.));
#1532=CARTESIAN_POINT('Ctrl Pts',(-5.34333218775495,5.89570007328158,0.));
#1533=CARTESIAN_POINT('Origin',(0.,0.,0.));
#1534=CARTESIAN_POINT('',(-1.,0.,0.));
#1535=CARTESIAN_POINT('Origin',(-0.5,0.5,0.));
#1536=CARTESIAN_POINT('',(0.,1.,0.));
#1537=CARTESIAN_POINT('Origin',(-35.0000005215406,35.,0.));
#1538=CARTESIAN_POINT('',(-35.0000002682209,18.,0.));
#1539=CARTESIAN_POINT('Ctrl Pts',(-5.34333218775495,5.89570007328158,0.));
#1540=CARTESIAN_POINT('Ctrl Pts',(-5.34333218775495,5.89570007328158,-0.4));
#1541=CARTESIAN_POINT('Ctrl Pts',(-5.17010725424701,6.30873154294298,0.));
#1542=CARTESIAN_POINT('Ctrl Pts',(-5.17010725424701,6.30873154294298,-0.4));
#1543=CARTESIAN_POINT('Ctrl Pts',(-4.82879042580372,7.12255544471774,0.));
#1544=CARTESIAN_POINT('Ctrl Pts',(-4.82879042580372,7.12255544471774,-0.4));
#1545=CARTESIAN_POINT('Ctrl Pts',(-4.30710990377986,7.83420180302261,0.));
#1546=CARTESIAN_POINT('Ctrl Pts',(-4.30710990377986,7.83420180302261,-0.4));
#1547=CARTESIAN_POINT('Ctrl Pts',(-4.05019240018708,8.18467378366563,0.));
#1548=CARTESIAN_POINT('Ctrl Pts',(-4.05019240018708,8.18467378366563,-0.4));
#1549=CARTESIAN_POINT('',(-5.34333218775495,5.89570007328158,-0.4));
#1550=CARTESIAN_POINT('',(-5.34333218775495,5.89570007328158,0.));
#1551=CARTESIAN_POINT('',(-4.05019240018708,8.18467378366563,-0.4));
#1552=CARTESIAN_POINT('Ctrl Pts',(-5.34333218775495,5.89570007328158,-0.4));
#1553=CARTESIAN_POINT('Ctrl Pts',(-5.17010725424701,6.30873154294298,-0.4));
#1554=CARTESIAN_POINT('Ctrl Pts',(-4.82879042580372,7.12255544471774,-0.4));
#1555=CARTESIAN_POINT('Ctrl Pts',(-4.30710990377986,7.83420180302261,-0.4));
#1556=CARTESIAN_POINT('Ctrl Pts',(-4.05019240018708,8.18467378366563,-0.4));
#1557=CARTESIAN_POINT('',(-4.05019240018708,8.18467378366563,0.));
#1558=CARTESIAN_POINT('Ctrl Pts',(-5.86191236244679,3.38064632696498,0.));
#1559=CARTESIAN_POINT('Ctrl Pts',(-5.86191236244679,3.38064632696498,-0.4));
#1560=CARTESIAN_POINT('Ctrl Pts',(-5.83001726315558,3.79932375064533,0.));
#1561=CARTESIAN_POINT('Ctrl Pts',(-5.83001726315558,3.79932375064533,-0.4));
#1562=CARTESIAN_POINT('Ctrl Pts',(-5.7644844496771,4.65955338226344,0.));
#1563=CARTESIAN_POINT('Ctrl Pts',(-5.7644844496771,4.65955338226344,-0.4));
#1564=CARTESIAN_POINT('Ctrl Pts',(-5.48618309063216,5.47641069301166,0.));
#1565=CARTESIAN_POINT('Ctrl Pts',(-5.48618309063216,5.47641069301166,-0.4));
#1566=CARTESIAN_POINT('Ctrl Pts',(-5.34333218775495,5.89570007328158,0.));
#1567=CARTESIAN_POINT('Ctrl Pts',(-5.34333218775495,5.89570007328158,-0.4));
#1568=CARTESIAN_POINT('',(-5.86191236244679,3.38064632696498,-0.4));
#1569=CARTESIAN_POINT('',(-5.86191236244679,3.38064632696498,0.));
#1570=CARTESIAN_POINT('Ctrl Pts',(-5.86191236244679,3.38064632696498,-0.4));
#1571=CARTESIAN_POINT('Ctrl Pts',(-5.83001726315558,3.79932375064533,-0.4));
#1572=CARTESIAN_POINT('Ctrl Pts',(-5.7644844496771,4.65955338226344,-0.4));
#1573=CARTESIAN_POINT('Ctrl Pts',(-5.48618309063216,5.47641069301166,-0.4));
#1574=CARTESIAN_POINT('Ctrl Pts',(-5.34333218775495,5.89570007328158,-0.4));
#1575=CARTESIAN_POINT('Origin',(-4.7617847218411,3.37666366879436,0.));
#1576=CARTESIAN_POINT('',(-4.7617847218411,3.37666366879436,-0.4));
#1577=CARTESIAN_POINT('',(-4.7617847218411,3.37666366879436,0.));
#1578=CARTESIAN_POINT('',(-4.7617847218411,3.37666366879436,-0.4));
#1579=CARTESIAN_POINT('Ctrl Pts',(-4.49753219899637,5.16394630363151,0.));
#1580=CARTESIAN_POINT('Ctrl Pts',(-4.49753219899637,5.16394630363151,-0.4));
#1581=CARTESIAN_POINT('Ctrl Pts',(-4.57481144192118,4.84996421815127,0.));
#1582=CARTESIAN_POINT('Ctrl Pts',(-4.57481144192118,4.84996421815127,-0.4));
#1583=CARTESIAN_POINT('Ctrl Pts',(-4.71944897016619,4.26230845137238,0.));
#1584=CARTESIAN_POINT('Ctrl Pts',(-4.71944897016619,4.26230845137238,-0.4));
#1585=CARTESIAN_POINT('Ctrl Pts',(-4.74833321262209,3.6580631594446,0.));
#1586=CARTESIAN_POINT('Ctrl Pts',(-4.74833321262209,3.6580631594446,-0.4));
#1587=CARTESIAN_POINT('Ctrl Pts',(-4.7617847218411,3.37666366879436,0.));
#1588=CARTESIAN_POINT('Ctrl Pts',(-4.7617847218411,3.37666366879436,-0.4));
#1589=CARTESIAN_POINT('',(-4.49753219899637,5.16394630363151,-0.4));
#1590=CARTESIAN_POINT('',(-4.49753219899637,5.16394630363151,0.));
#1591=CARTESIAN_POINT('Ctrl Pts',(-4.49753219899637,5.16394630363151,-0.4));
#1592=CARTESIAN_POINT('Ctrl Pts',(-4.57481144192118,4.84996421815127,-0.4));
#1593=CARTESIAN_POINT('Ctrl Pts',(-4.71944897016619,4.26230845137238,-0.4));
#1594=CARTESIAN_POINT('Ctrl Pts',(-4.74833321262209,3.6580631594446,-0.4));
#1595=CARTESIAN_POINT('Ctrl Pts',(-4.7617847218411,3.37666366879436,-0.4));
#1596=CARTESIAN_POINT('Ctrl Pts',(-3.7295316978155,7.05089388060959,0.));
#1597=CARTESIAN_POINT('Ctrl Pts',(-3.7295316978155,7.05089388060959,-0.4));
#1598=CARTESIAN_POINT('Ctrl Pts',(-3.88732516206559,6.74986521915712,0.));
#1599=CARTESIAN_POINT('Ctrl Pts',(-3.88732516206559,6.74986521915712,-0.4));
#1600=CARTESIAN_POINT('Ctrl Pts',(-4.20405972851919,6.14561850318326,0.));
#1601=CARTESIAN_POINT('Ctrl Pts',(-4.20405972851919,6.14561850318326,-0.4));
#1602=CARTESIAN_POINT('Ctrl Pts',(-4.39947202691375,5.49195984664031,0.));
#1603=CARTESIAN_POINT('Ctrl Pts',(-4.39947202691375,5.49195984664031,-0.4));
#1604=CARTESIAN_POINT('Ctrl Pts',(-4.49753219899637,5.16394630363151,0.));
#1605=CARTESIAN_POINT('Ctrl Pts',(-4.49753219899637,5.16394630363151,-0.4));
#1606=CARTESIAN_POINT('',(-3.7295316978155,7.05089388060959,-0.4));
#1607=CARTESIAN_POINT('',(-3.7295316978155,7.05089388060959,0.));
#1608=CARTESIAN_POINT('Ctrl Pts',(-3.7295316978155,7.05089388060959,-0.4));
#1609=CARTESIAN_POINT('Ctrl Pts',(-3.88732516206559,6.74986521915712,-0.4));
#1610=CARTESIAN_POINT('Ctrl Pts',(-4.20405972851919,6.14561850318326,-0.4));
#1611=CARTESIAN_POINT('Ctrl Pts',(-4.39947202691375,5.49195984664031,-0.4));
#1612=CARTESIAN_POINT('Ctrl Pts',(-4.49753219899637,5.16394630363151,-0.4));
#1613=CARTESIAN_POINT('Ctrl Pts',(-2.74219170103797,8.41133397794194,0.));
#1614=CARTESIAN_POINT('Ctrl Pts',(-2.74219170103797,8.41133397794194,-0.4));
#1615=CARTESIAN_POINT('Ctrl Pts',(-2.9115220766196,8.22369983112593,0.));
#1616=CARTESIAN_POINT('Ctrl Pts',(-2.9115220766196,8.22369983112593,-0.4));
#1617=CARTESIAN_POINT('Ctrl Pts',(-3.28877004944163,7.80567322913329,0.));
#1618=CARTESIAN_POINT('Ctrl Pts',(-3.28877004944163,7.80567322913329,-0.4));
#1619=CARTESIAN_POINT('Ctrl Pts',(-3.57292285482455,7.31907765050394,0.));
#1620=CARTESIAN_POINT('Ctrl Pts',(-3.57292285482455,7.31907765050394,-0.4));
#1621=CARTESIAN_POINT('Ctrl Pts',(-3.7295316978155,7.05089388060959,0.));
#1622=CARTESIAN_POINT('Ctrl Pts',(-3.7295316978155,7.05089388060959,-0.4));
#1623=CARTESIAN_POINT('',(-2.74219170103796,8.41133397794194,-0.4));
#1624=CARTESIAN_POINT('',(-2.74219170103796,8.41133397794194,0.));
#1625=CARTESIAN_POINT('Ctrl Pts',(-2.74219170103797,8.41133397794194,-0.4));
#1626=CARTESIAN_POINT('Ctrl Pts',(-2.9115220766196,8.22369983112593,-0.4));
#1627=CARTESIAN_POINT('Ctrl Pts',(-3.28877004944163,7.80567322913329,-0.4));
#1628=CARTESIAN_POINT('Ctrl Pts',(-3.57292285482455,7.31907765050394,-0.4));
#1629=CARTESIAN_POINT('Ctrl Pts',(-3.7295316978155,7.05089388060959,-0.4));
#1630=CARTESIAN_POINT('Origin',(-2.73919368331068,9.23947488974324,0.));
#1631=CARTESIAN_POINT('',(-2.73919368331068,9.23947488974324,-0.4));
#1632=CARTESIAN_POINT('',(-2.73919368331068,9.23947488974324,0.));
#1633=CARTESIAN_POINT('',(-2.73919368331068,9.23947488974324,-0.4));
#1634=CARTESIAN_POINT('Origin',(-6.64038629537072,9.25359790243569,0.));
#1635=CARTESIAN_POINT('',(-6.64038629537072,9.25359790243569,-0.4));
#1636=CARTESIAN_POINT('',(-6.64038629537072,9.25359790243569,0.));
#1637=CARTESIAN_POINT('',(-6.64038629537072,9.25359790243569,-0.4));
#1638=CARTESIAN_POINT('Origin',(-6.64422199468047,8.19406463321619,0.));
#1639=CARTESIAN_POINT('',(-6.64422199468047,8.19406463321619,-0.4));
#1640=CARTESIAN_POINT('',(-6.64422199468047,8.19406463321619,0.));
#1641=CARTESIAN_POINT('',(-6.64422199468047,8.19406463321619,-0.4));
#1642=CARTESIAN_POINT('Origin',(-4.05019240018708,8.18467378366563,0.));
#1643=CARTESIAN_POINT('',(-4.05019240018708,8.18467378366563,-0.4));
#1644=CARTESIAN_POINT('Origin',(-9.89050322759475,6.37451479648713,-0.4));
#1645=CARTESIAN_POINT('Origin',(-9.27462905558671,9.36868292741977,0.));
#1646=CARTESIAN_POINT('',(-9.27462905558671,9.36868292741977,-0.4));
#1647=CARTESIAN_POINT('',(-9.27462905558671,9.36868292741977,0.));
#1648=CARTESIAN_POINT('',(-8.34905962591392,9.36533220108992,-0.4));
#1649=CARTESIAN_POINT('',(-9.27462905558671,9.36868292741977,-0.4));
#1650=CARTESIAN_POINT('',(-8.34905962591392,9.36533220108992,0.));
#1651=CARTESIAN_POINT('Ctrl Pts',(-9.99660876135992,8.41932850965632,0.));
#1652=CARTESIAN_POINT('Ctrl Pts',(-9.99660876135992,8.41932850965632,-0.4));
#1653=CARTESIAN_POINT('Ctrl Pts',(-9.83657460818533,8.55683825536164,0.));
#1654=CARTESIAN_POINT('Ctrl Pts',(-9.83657460818533,8.55683825536164,-0.4));
#1655=CARTESIAN_POINT('Ctrl Pts',(-9.52785928107571,8.82210267101339,0.));
#1656=CARTESIAN_POINT('Ctrl Pts',(-9.52785928107571,8.82210267101339,-0.4));
#1657=CARTESIAN_POINT('Ctrl Pts',(-9.35694399921997,9.1910117078398,0.));
#1658=CARTESIAN_POINT('Ctrl Pts',(-9.35694399921997,9.1910117078398,-0.4));
#1659=CARTESIAN_POINT('Ctrl Pts',(-9.27462905558671,9.36868292741977,0.));
#1660=CARTESIAN_POINT('Ctrl Pts',(-9.27462905558671,9.36868292741977,-0.4));
#1661=CARTESIAN_POINT('',(-9.99660876135992,8.41932850965632,-0.4));
#1662=CARTESIAN_POINT('',(-9.99660876135992,8.41932850965632,0.));
#1663=CARTESIAN_POINT('Ctrl Pts',(-9.99660876135992,8.41932850965632,-0.4));
#1664=CARTESIAN_POINT('Ctrl Pts',(-9.83657460818533,8.55683825536164,-0.4));
#1665=CARTESIAN_POINT('Ctrl Pts',(-9.52785928107571,8.82210267101339,-0.4));
#1666=CARTESIAN_POINT('Ctrl Pts',(-9.35694399921997,9.1910117078398,-0.4));
#1667=CARTESIAN_POINT('Ctrl Pts',(-9.27462905558671,9.36868292741977,-0.4));
#1668=CARTESIAN_POINT('Ctrl Pts',(-10.9688385329992,7.86871712848961,0.));
#1669=CARTESIAN_POINT('Ctrl Pts',(-10.9688385329992,7.86871712848961,-0.4));
#1670=CARTESIAN_POINT('Ctrl Pts',(-10.8100910464259,7.93291094046331,0.));
#1671=CARTESIAN_POINT('Ctrl Pts',(-10.8100910464259,7.93291094046331,-0.4));
#1672=CARTESIAN_POINT('Ctrl Pts',(-10.4621695529083,8.07360234552799,0.));
#1673=CARTESIAN_POINT('Ctrl Pts',(-10.4621695529083,8.07360234552799,-0.4));
#1674=CARTESIAN_POINT('Ctrl Pts',(-10.160587048904,8.29755797961576,0.));
#1675=CARTESIAN_POINT('Ctrl Pts',(-10.160587048904,8.29755797961576,-0.4));
#1676=CARTESIAN_POINT('Ctrl Pts',(-9.99660876135992,8.41932850965632,0.));
#1677=CARTESIAN_POINT('Ctrl Pts',(-9.99660876135992,8.41932850965632,-0.4));
#1678=CARTESIAN_POINT('',(-10.9688385329992,7.86871712848961,-0.4));
#1679=CARTESIAN_POINT('',(-10.9688385329992,7.86871712848961,0.));
#1680=CARTESIAN_POINT('Ctrl Pts',(-10.9688385329992,7.86871712848961,-0.4));
#1681=CARTESIAN_POINT('Ctrl Pts',(-10.8100910464259,7.93291094046331,-0.4));
#1682=CARTESIAN_POINT('Ctrl Pts',(-10.4621695529083,8.07360234552799,-0.4));
#1683=CARTESIAN_POINT('Ctrl Pts',(-10.160587048904,8.29755797961576,-0.4));
#1684=CARTESIAN_POINT('Ctrl Pts',(-9.99660876135992,8.41932850965632,-0.4));
#1685=CARTESIAN_POINT('Origin',(-10.9725860546188,6.83354113774861,0.));
#1686=CARTESIAN_POINT('',(-10.9725860546188,6.83354113774861,-0.4));
#1687=CARTESIAN_POINT('',(-10.9725860546188,6.83354113774861,0.));
#1688=CARTESIAN_POINT('',(-10.9725860546188,6.83354113774861,-0.4));
#1689=CARTESIAN_POINT('Ctrl Pts',(-9.4958526434366,7.69288266520953,0.));
#1690=CARTESIAN_POINT('Ctrl Pts',(-9.4958526434366,7.69288266520953,-0.4));
#1691=CARTESIAN_POINT('Ctrl Pts',(-9.71574656942006,7.51100068227868,0.));
#1692=CARTESIAN_POINT('Ctrl Pts',(-9.71574656942006,7.51100068227868,-0.4));
#1693=CARTESIAN_POINT('Ctrl Pts',(-10.1604833530833,7.14314328133776,0.));
#1694=CARTESIAN_POINT('Ctrl Pts',(-10.1604833530833,7.14314328133776,-0.4));
#1695=CARTESIAN_POINT('Ctrl Pts',(-10.6998843760306,6.93750461932752,0.));
#1696=CARTESIAN_POINT('Ctrl Pts',(-10.6998843760306,6.93750461932752,-0.4));
#1697=CARTESIAN_POINT('Ctrl Pts',(-10.9725860546188,6.83354113774861,0.));
#1698=CARTESIAN_POINT('Ctrl Pts',(-10.9725860546188,6.83354113774861,-0.4));
#1699=CARTESIAN_POINT('',(-9.4958526434366,7.69288266520953,-0.4));
#1700=CARTESIAN_POINT('',(-9.4958526434366,7.69288266520953,0.));
#1701=CARTESIAN_POINT('Ctrl Pts',(-9.4958526434366,7.69288266520953,-0.4));
#1702=CARTESIAN_POINT('Ctrl Pts',(-9.71574656942006,7.51100068227868,-0.4));
#1703=CARTESIAN_POINT('Ctrl Pts',(-10.1604833530833,7.14314328133776,-0.4));
#1704=CARTESIAN_POINT('Ctrl Pts',(-10.6998843760306,6.93750461932752,-0.4));
#1705=CARTESIAN_POINT('Ctrl Pts',(-10.9725860546188,6.83354113774861,-0.4));
#1706=CARTESIAN_POINT('Origin',(-9.51141587842745,3.39385818026287,0.));
#1707=CARTESIAN_POINT('',(-9.51141587842745,3.39385818026287,-0.4));
#1708=CARTESIAN_POINT('',(-9.51141587842745,3.39385818026287,0.));
#1709=CARTESIAN_POINT('',(-9.51141587842745,3.39385818026287,-0.4));
#1710=CARTESIAN_POINT('Origin',(-8.37069237632922,3.38972855783692,0.));
#1711=CARTESIAN_POINT('',(-8.37069237632922,3.38972855783692,-0.4));
#1712=CARTESIAN_POINT('',(-8.37069237632922,3.38972855783692,0.));
#1713=CARTESIAN_POINT('',(-8.37069237632922,3.38972855783692,-0.4));
#1714=CARTESIAN_POINT('Origin',(-8.34905962591392,9.36533220108992,0.));
#1715=CARTESIAN_POINT('',(-8.34905962591392,9.36533220108992,-0.4));
#1716=CARTESIAN_POINT('Origin',(-9.89050322759475,6.37451479648713,-0.4));
#1717=CARTESIAN_POINT('Origin',(-14.8845493830784,8.35786198056501,0.));
#1718=CARTESIAN_POINT('',(-14.8845493830784,8.35786198056501,0.));
#1719=CARTESIAN_POINT('',(-15.8222968559479,8.36125679358211,0.));
#1720=CARTESIAN_POINT('',(-16.2088055512986,8.36265602395933,0.));
#1721=CARTESIAN_POINT('',(-14.8845493830784,8.35786198056501,-0.4));
#1722=CARTESIAN_POINT('',(-14.8845493830784,8.35786198056501,0.));
#1723=CARTESIAN_POINT('',(-15.8222968559479,8.36125679358211,-0.4));
#1724=CARTESIAN_POINT('',(-14.8845493830784,8.35786198056501,-0.4));
#1725=CARTESIAN_POINT('',(-15.8222968559479,8.36125679358211,0.));
#1726=CARTESIAN_POINT('Ctrl Pts',(-14.0077679914114,8.33438997689034,0.));
#1727=CARTESIAN_POINT('Ctrl Pts',(-14.0077679914114,8.33438997689034,-0.4));
#1728=CARTESIAN_POINT('Ctrl Pts',(-14.105153971646,8.34052222729334,0.));
#1729=CARTESIAN_POINT('Ctrl Pts',(-14.105153971646,8.34052222729334,-0.4));
#1730=CARTESIAN_POINT('Ctrl Pts',(-14.3970555987198,8.35890283881409,0.));
#1731=CARTESIAN_POINT('Ctrl Pts',(-14.3970555987198,8.35890283881409,-0.4));
#1732=CARTESIAN_POINT('Ctrl Pts',(-14.6896032455126,8.35827821417029,0.));
#1733=CARTESIAN_POINT('Ctrl Pts',(-14.6896032455126,8.35827821417029,-0.4));
#1734=CARTESIAN_POINT('Ctrl Pts',(-14.8845493830784,8.35786198056501,0.));
#1735=CARTESIAN_POINT('Ctrl Pts',(-14.8845493830784,8.35786198056501,-0.4));
#1736=CARTESIAN_POINT('',(-14.0077679914114,8.33438997689034,0.));
#1737=CARTESIAN_POINT('Ctrl Pts',(-14.0077679914114,8.33438997689034,0.));
#1738=CARTESIAN_POINT('Ctrl Pts',(-14.105153971646,8.34052222729334,0.));
#1739=CARTESIAN_POINT('Ctrl Pts',(-14.3970555987198,8.35890283881409,0.));
#1740=CARTESIAN_POINT('Ctrl Pts',(-14.6896032455126,8.35827821417029,0.));
#1741=CARTESIAN_POINT('Ctrl Pts',(-14.8845493830784,8.35786198056501,0.));
#1742=CARTESIAN_POINT('',(-14.0077679914114,8.33438997689034,-0.4));
#1743=CARTESIAN_POINT('',(-14.0077679914114,8.33438997689034,0.));
#1744=CARTESIAN_POINT('Ctrl Pts',(-14.0077679914114,8.33438997689034,-0.4));
#1745=CARTESIAN_POINT('Ctrl Pts',(-14.105153971646,8.34052222729334,-0.4));
#1746=CARTESIAN_POINT('Ctrl Pts',(-14.3970555987198,8.35890283881409,-0.4));
#1747=CARTESIAN_POINT('Ctrl Pts',(-14.6896032455126,8.35827821417029,-0.4));
#1748=CARTESIAN_POINT('Ctrl Pts',(-14.8845493830784,8.35786198056501,-0.4));
#1749=CARTESIAN_POINT('Ctrl Pts',(-13.555977419783,8.09932947305501,0.));
#1750=CARTESIAN_POINT('Ctrl Pts',(-13.555977419783,8.09932947305501,-0.4));
#1751=CARTESIAN_POINT('Ctrl Pts',(-13.6170429669528,8.15580691388351,0.));
#1752=CARTESIAN_POINT('Ctrl Pts',(-13.6170429669528,8.15580691388351,-0.4));
#1753=CARTESIAN_POINT('Ctrl Pts',(-13.745909573829,8.27499124124878,0.));
#1754=CARTESIAN_POINT('Ctrl Pts',(-13.745909573829,8.27499124124878,-0.4));
#1755=CARTESIAN_POINT('Ctrl Pts',(-13.9174924595274,8.31391229852206,0.));
#1756=CARTESIAN_POINT('Ctrl Pts',(-13.9174924595274,8.31391229852206,-0.4));
#1757=CARTESIAN_POINT('Ctrl Pts',(-14.0077679914114,8.33438997689034,0.));
#1758=CARTESIAN_POINT('Ctrl Pts',(-14.0077679914114,8.33438997689034,-0.4));
#1759=CARTESIAN_POINT('',(-13.555977419783,8.09932947305501,0.));
#1760=CARTESIAN_POINT('Ctrl Pts',(-13.555977419783,8.09932947305501,0.));
#1761=CARTESIAN_POINT('Ctrl Pts',(-13.6170429669528,8.15580691388351,0.));
#1762=CARTESIAN_POINT('Ctrl Pts',(-13.745909573829,8.27499124124878,0.));
#1763=CARTESIAN_POINT('Ctrl Pts',(-13.9174924595274,8.31391229852206,0.));
#1764=CARTESIAN_POINT('Ctrl Pts',(-14.0077679914114,8.33438997689034,0.));
#1765=CARTESIAN_POINT('',(-13.555977419783,8.09932947305501,-0.4));
#1766=CARTESIAN_POINT('',(-13.555977419783,8.09932947305501,0.));
#1767=CARTESIAN_POINT('Ctrl Pts',(-13.555977419783,8.09932947305501,-0.4));
#1768=CARTESIAN_POINT('Ctrl Pts',(-13.6170429669528,8.15580691388351,-0.4));
#1769=CARTESIAN_POINT('Ctrl Pts',(-13.745909573829,8.27499124124878,-0.4));
#1770=CARTESIAN_POINT('Ctrl Pts',(-13.9174924595274,8.31391229852206,-0.4));
#1771=CARTESIAN_POINT('Ctrl Pts',(-14.0077679914114,8.33438997689034,-0.4));
#1772=CARTESIAN_POINT('Ctrl Pts',(-13.3973826703365,7.61363710164749,0.));
#1773=CARTESIAN_POINT('Ctrl Pts',(-13.3973826703365,7.61363710164749,-0.4));
#1774=CARTESIAN_POINT('Ctrl Pts',(-13.4020858719467,7.706995922665,0.));
#1775=CARTESIAN_POINT('Ctrl Pts',(-13.4020858719467,7.706995922665,-0.4));
#1776=CARTESIAN_POINT('Ctrl Pts',(-13.4109906797481,7.88375686693906,0.));
#1777=CARTESIAN_POINT('Ctrl Pts',(-13.4109906797481,7.88375686693906,-0.4));
#1778=CARTESIAN_POINT('Ctrl Pts',(-13.509498101724,8.0302219965916,0.));
#1779=CARTESIAN_POINT('Ctrl Pts',(-13.509498101724,8.0302219965916,-0.4));
#1780=CARTESIAN_POINT('Ctrl Pts',(-13.555977419783,8.09932947305501,0.));
#1781=CARTESIAN_POINT('Ctrl Pts',(-13.555977419783,8.09932947305501,-0.4));
#1782=CARTESIAN_POINT('',(-13.3973826703365,7.61363710164749,0.));
#1783=CARTESIAN_POINT('Ctrl Pts',(-13.3973826703365,7.61363710164749,0.));
#1784=CARTESIAN_POINT('Ctrl Pts',(-13.4020858719467,7.706995922665,0.));
#1785=CARTESIAN_POINT('Ctrl Pts',(-13.4109906797481,7.88375686693906,0.));
#1786=CARTESIAN_POINT('Ctrl Pts',(-13.509498101724,8.0302219965916,0.));
#1787=CARTESIAN_POINT('Ctrl Pts',(-13.555977419783,8.09932947305501,0.));
#1788=CARTESIAN_POINT('',(-13.3973826703365,7.61363710164749,-0.4));
#1789=CARTESIAN_POINT('',(-13.3973826703365,7.61363710164749,0.));
#1790=CARTESIAN_POINT('Ctrl Pts',(-13.3973826703365,7.61363710164749,-0.4));
#1791=CARTESIAN_POINT('Ctrl Pts',(-13.4020858719467,7.706995922665,-0.4));
#1792=CARTESIAN_POINT('Ctrl Pts',(-13.4109906797481,7.88375686693906,-0.4));
#1793=CARTESIAN_POINT('Ctrl Pts',(-13.509498101724,8.0302219965916,-0.4));
#1794=CARTESIAN_POINT('Ctrl Pts',(-13.555977419783,8.09932947305501,-0.4));
#1795=CARTESIAN_POINT('Ctrl Pts',(-13.5207847463438,7.16753155701761,0.));
#1796=CARTESIAN_POINT('Ctrl Pts',(-13.5207847463438,7.16753155701761,-0.4));
#1797=CARTESIAN_POINT('Ctrl Pts',(-13.4850580117575,7.23296225285577,0.));
#1798=CARTESIAN_POINT('Ctrl Pts',(-13.4850580117575,7.23296225285577,-0.4));
#1799=CARTESIAN_POINT('Ctrl Pts',(-13.4092749233749,7.37175300054298,0.));
#1800=CARTESIAN_POINT('Ctrl Pts',(-13.4092749233749,7.37175300054298,-0.4));
#1801=CARTESIAN_POINT('Ctrl Pts',(-13.4014949164435,7.52999551162155,0.));
#1802=CARTESIAN_POINT('Ctrl Pts',(-13.4014949164435,7.52999551162155,-0.4));
#1803=CARTESIAN_POINT('Ctrl Pts',(-13.3973826703365,7.61363710164749,0.));
#1804=CARTESIAN_POINT('Ctrl Pts',(-13.3973826703365,7.61363710164749,-0.4));
#1805=CARTESIAN_POINT('',(-13.5207847463438,7.16753155701761,0.));
#1806=CARTESIAN_POINT('Ctrl Pts',(-13.5207847463438,7.16753155701761,0.));
#1807=CARTESIAN_POINT('Ctrl Pts',(-13.4850580117575,7.23296225285577,0.));
#1808=CARTESIAN_POINT('Ctrl Pts',(-13.4092749233749,7.37175300054298,0.));
#1809=CARTESIAN_POINT('Ctrl Pts',(-13.4014949164435,7.52999551162155,0.));
#1810=CARTESIAN_POINT('Ctrl Pts',(-13.3973826703365,7.61363710164749,0.));
#1811=CARTESIAN_POINT('',(-13.5207847463438,7.16753155701761,-0.4));
#1812=CARTESIAN_POINT('',(-13.5207847463438,7.16753155701761,0.));
#1813=CARTESIAN_POINT('Ctrl Pts',(-13.5207847463438,7.16753155701761,-0.4));
#1814=CARTESIAN_POINT('Ctrl Pts',(-13.4850580117575,7.23296225285577,-0.4));
#1815=CARTESIAN_POINT('Ctrl Pts',(-13.4092749233749,7.37175300054298,-0.4));
#1816=CARTESIAN_POINT('Ctrl Pts',(-13.4014949164435,7.52999551162155,-0.4));
#1817=CARTESIAN_POINT('Ctrl Pts',(-13.3973826703365,7.61363710164749,-0.4));
#1818=CARTESIAN_POINT('Ctrl Pts',(-13.8586354797292,6.91706134818427,0.));
#1819=CARTESIAN_POINT('Ctrl Pts',(-13.8586354797292,6.91706134818427,-0.4));
#1820=CARTESIAN_POINT('Ctrl Pts',(-13.7909873191015,6.9451616667956,0.));
#1821=CARTESIAN_POINT('Ctrl Pts',(-13.7909873191015,6.9451616667956,-0.4));
#1822=CARTESIAN_POINT('Ctrl Pts',(-13.6574878554491,7.00061590868884,0.));
#1823=CARTESIAN_POINT('Ctrl Pts',(-13.6574878554491,7.00061590868884,-0.4));
#1824=CARTESIAN_POINT('Ctrl Pts',(-13.5659417227235,7.11239450828241,0.));
#1825=CARTESIAN_POINT('Ctrl Pts',(-13.5659417227235,7.11239450828241,-0.4));
#1826=CARTESIAN_POINT('Ctrl Pts',(-13.5207847463438,7.16753155701761,0.));
#1827=CARTESIAN_POINT('Ctrl Pts',(-13.5207847463438,7.16753155701761,-0.4));
#1828=CARTESIAN_POINT('',(-13.8586354797292,6.91706134818427,0.));
#1829=CARTESIAN_POINT('Ctrl Pts',(-13.8586354797292,6.91706134818427,0.));
#1830=CARTESIAN_POINT('Ctrl Pts',(-13.7909873191015,6.9451616667956,0.));
#1831=CARTESIAN_POINT('Ctrl Pts',(-13.6574878554491,7.00061590868884,0.));
#1832=CARTESIAN_POINT('Ctrl Pts',(-13.5659417227235,7.11239450828241,0.));
#1833=CARTESIAN_POINT('Ctrl Pts',(-13.5207847463438,7.16753155701761,0.));
#1834=CARTESIAN_POINT('',(-13.8586354797292,6.91706134818427,-0.4));
#1835=CARTESIAN_POINT('',(-13.8586354797292,6.91706134818427,0.));
#1836=CARTESIAN_POINT('Ctrl Pts',(-13.8586354797292,6.91706134818427,-0.4));
#1837=CARTESIAN_POINT('Ctrl Pts',(-13.7909873191015,6.9451616667956,-0.4));
#1838=CARTESIAN_POINT('Ctrl Pts',(-13.6574878554491,7.00061590868884,-0.4));
#1839=CARTESIAN_POINT('Ctrl Pts',(-13.5659417227235,7.11239450828241,-0.4));
#1840=CARTESIAN_POINT('Ctrl Pts',(-13.5207847463438,7.16753155701761,-0.4));
#1841=CARTESIAN_POINT('Ctrl Pts',(-14.9387306145649,6.84789928807091,0.));
#1842=CARTESIAN_POINT('Ctrl Pts',(-14.9387306145649,6.84789928807091,-0.4));
#1843=CARTESIAN_POINT('Ctrl Pts',(-14.7038807825871,6.84421048083876,0.));
#1844=CARTESIAN_POINT('Ctrl Pts',(-14.7038807825871,6.84421048083876,-0.4));
#1845=CARTESIAN_POINT('Ctrl Pts',(-14.3415022366009,6.83851856873495,0.));
#1846=CARTESIAN_POINT('Ctrl Pts',(-14.3415022366009,6.83851856873495,-0.4));
#1847=CARTESIAN_POINT('Ctrl Pts',(-13.9843314666429,6.89661572413304,0.));
#1848=CARTESIAN_POINT('Ctrl Pts',(-13.9843314666429,6.89661572413304,-0.4));
#1849=CARTESIAN_POINT('Ctrl Pts',(-13.8586354797292,6.91706134818427,0.));
#1850=CARTESIAN_POINT('Ctrl Pts',(-13.8586354797292,6.91706134818427,-0.4));
#1851=CARTESIAN_POINT('',(-14.9387306145649,6.84789928807091,0.));
#1852=CARTESIAN_POINT('Ctrl Pts',(-14.9387306145649,6.84789928807091,0.));
#1853=CARTESIAN_POINT('Ctrl Pts',(-14.7038807825871,6.84421048083876,0.));
#1854=CARTESIAN_POINT('Ctrl Pts',(-14.3415022366009,6.83851856873495,0.));
#1855=CARTESIAN_POINT('Ctrl Pts',(-13.9843314666429,6.89661572413304,0.));
#1856=CARTESIAN_POINT('Ctrl Pts',(-13.8586354797292,6.91706134818427,0.));
#1857=CARTESIAN_POINT('',(-14.9387306145649,6.84789928807091,-0.4));
#1858=CARTESIAN_POINT('',(-14.9387306145649,6.84789928807091,0.));
#1859=CARTESIAN_POINT('Ctrl Pts',(-14.9387306145649,6.84789928807091,-0.4));
#1860=CARTESIAN_POINT('Ctrl Pts',(-14.7038807825871,6.84421048083876,-0.4));
#1861=CARTESIAN_POINT('Ctrl Pts',(-14.3415022366009,6.83851856873495,-0.4));
#1862=CARTESIAN_POINT('Ctrl Pts',(-13.9843314666429,6.89661572413304,-0.4));
#1863=CARTESIAN_POINT('Ctrl Pts',(-13.8586354797292,6.91706134818427,-0.4));
#1864=CARTESIAN_POINT('Origin',(-15.8277638284986,6.85111774678674,0.));
#1865=CARTESIAN_POINT('',(-15.8277638284986,6.85111774678674,0.));
#1866=CARTESIAN_POINT('',(-16.683146260284,6.85421438367251,0.));
#1867=CARTESIAN_POINT('',(-15.8277638284986,6.85111774678674,-0.4));
#1868=CARTESIAN_POINT('',(-15.8277638284986,6.85111774678674,0.));
#1869=CARTESIAN_POINT('',(-15.8277638284986,6.85111774678674,-0.4));
#1870=CARTESIAN_POINT('Origin',(-15.8222968559479,8.36125679358211,0.));
#1871=CARTESIAN_POINT('',(-15.8057661265737,12.9275317599053,0.));
#1872=CARTESIAN_POINT('',(-15.8222968559479,8.36125679358211,-0.4));
#1873=CARTESIAN_POINT('Origin',(-15.8312027303608,5.90119163467797,0.));
#1874=CARTESIAN_POINT('',(-15.8312027303608,5.90119163467797,-0.4));
#1875=CARTESIAN_POINT('',(-15.8312027303608,5.90119163467797,0.));
#1876=CARTESIAN_POINT('',(-15.8401967813848,3.4167694953166,-0.4));
#1877=CARTESIAN_POINT('',(-15.8312027303608,5.90119163467798,-0.4));
#1878=CARTESIAN_POINT('',(-15.8401967813848,3.4167694953166,0.));
#1879=CARTESIAN_POINT('Origin',(-15.5876318827139,5.90030986478992,0.));
#1880=CARTESIAN_POINT('',(-15.5876318827139,5.90030986478992,-0.4));
#1881=CARTESIAN_POINT('',(-15.5876318827139,5.90030986478992,0.));
#1882=CARTESIAN_POINT('',(-15.5876318827139,5.90030986478992,-0.4));
#1883=CARTESIAN_POINT('Ctrl Pts',(-14.9830069708851,5.83113806819682,0.));
#1884=CARTESIAN_POINT('Ctrl Pts',(-14.9830069708851,5.83113806819682,-0.4));
#1885=CARTESIAN_POINT('Ctrl Pts',(-15.0648126392393,5.85082516507084,0.));
#1886=CARTESIAN_POINT('Ctrl Pts',(-15.0648126392393,5.85082516507084,-0.4));
#1887=CARTESIAN_POINT('Ctrl Pts',(-15.2631911253843,5.89856631251248,0.));
#1888=CARTESIAN_POINT('Ctrl Pts',(-15.2631911253843,5.89856631251248,-0.4));
#1889=CARTESIAN_POINT('Ctrl Pts',(-15.4675467368026,5.89966452438521,0.));
#1890=CARTESIAN_POINT('Ctrl Pts',(-15.4675467368026,5.89966452438521,-0.4));
#1891=CARTESIAN_POINT('Ctrl Pts',(-15.5876318827139,5.90030986478992,0.));
#1892=CARTESIAN_POINT('Ctrl Pts',(-15.5876318827139,5.90030986478992,-0.4));
#1893=CARTESIAN_POINT('',(-14.9830069708851,5.83113806819682,-0.4));
#1894=CARTESIAN_POINT('',(-14.9830069708851,5.83113806819682,0.));
#1895=CARTESIAN_POINT('Ctrl Pts',(-14.9830069708851,5.83113806819682,-0.4));
#1896=CARTESIAN_POINT('Ctrl Pts',(-15.0648126392393,5.85082516507084,-0.4));
#1897=CARTESIAN_POINT('Ctrl Pts',(-15.2631911253843,5.89856631251248,-0.4));
#1898=CARTESIAN_POINT('Ctrl Pts',(-15.4675467368026,5.89966452438521,-0.4));
#1899=CARTESIAN_POINT('Ctrl Pts',(-15.5876318827139,5.90030986478992,-0.4));
#1900=CARTESIAN_POINT('Ctrl Pts',(-14.6226068845848,5.58220006390735,0.));
#1901=CARTESIAN_POINT('Ctrl Pts',(-14.6226068845848,5.58220006390735,-0.4));
#1902=CARTESIAN_POINT('Ctrl Pts',(-14.6782001398671,5.63718906394071,0.));
#1903=CARTESIAN_POINT('Ctrl Pts',(-14.6782001398671,5.63718906394071,-0.4));
#1904=CARTESIAN_POINT('Ctrl Pts',(-14.7837433144072,5.74158506663635,0.));
#1905=CARTESIAN_POINT('Ctrl Pts',(-14.7837433144072,5.74158506663635,-0.4));
#1906=CARTESIAN_POINT('Ctrl Pts',(-14.9189963881063,5.80237045487082,0.));
#1907=CARTESIAN_POINT('Ctrl Pts',(-14.9189963881063,5.80237045487082,-0.4));
#1908=CARTESIAN_POINT('Ctrl Pts',(-14.9830069708851,5.83113806819682,0.));
#1909=CARTESIAN_POINT('Ctrl Pts',(-14.9830069708851,5.83113806819682,-0.4));
#1910=CARTESIAN_POINT('',(-14.6226068845848,5.58220006390735,-0.4));
#1911=CARTESIAN_POINT('',(-14.6226068845848,5.58220006390735,0.));
#1912=CARTESIAN_POINT('Ctrl Pts',(-14.6226068845848,5.58220006390735,-0.4));
#1913=CARTESIAN_POINT('Ctrl Pts',(-14.6782001398671,5.63718906394071,-0.4));
#1914=CARTESIAN_POINT('Ctrl Pts',(-14.7837433144072,5.74158506663635,-0.4));
#1915=CARTESIAN_POINT('Ctrl Pts',(-14.9189963881063,5.80237045487082,-0.4));
#1916=CARTESIAN_POINT('Ctrl Pts',(-14.9830069708851,5.83113806819682,-0.4));
#1917=CARTESIAN_POINT('Ctrl Pts',(-13.9924897342131,4.70508211444599,0.));
#1918=CARTESIAN_POINT('Ctrl Pts',(-13.9924897342131,4.70508211444599,-0.4));
#1919=CARTESIAN_POINT('Ctrl Pts',(-14.1179325153597,4.8969157588529,0.));
#1920=CARTESIAN_POINT('Ctrl Pts',(-14.1179325153597,4.8969157588529,-0.4));
#1921=CARTESIAN_POINT('Ctrl Pts',(-14.3152204646178,5.19861878199873,0.));
#1922=CARTESIAN_POINT('Ctrl Pts',(-14.3152204646178,5.19861878199873,-0.4));
#1923=CARTESIAN_POINT('Ctrl Pts',(-14.5405499856287,5.47980292321914,0.));
#1924=CARTESIAN_POINT('Ctrl Pts',(-14.5405499856287,5.47980292321914,-0.4));
#1925=CARTESIAN_POINT('Ctrl Pts',(-14.6226068845848,5.58220006390735,0.));
#1926=CARTESIAN_POINT('Ctrl Pts',(-14.6226068845848,5.58220006390735,-0.4));
#1927=CARTESIAN_POINT('',(-13.9924897342131,4.70508211444599,-0.4));
#1928=CARTESIAN_POINT('',(-13.9924897342131,4.70508211444599,0.));
#1929=CARTESIAN_POINT('Ctrl Pts',(-13.9924897342131,4.70508211444599,-0.4));
#1930=CARTESIAN_POINT('Ctrl Pts',(-14.1179325153597,4.8969157588529,-0.4));
#1931=CARTESIAN_POINT('Ctrl Pts',(-14.3152204646178,5.19861878199873,-0.4));
#1932=CARTESIAN_POINT('Ctrl Pts',(-14.5405499856287,5.47980292321914,-0.4));
#1933=CARTESIAN_POINT('Ctrl Pts',(-14.6226068845848,5.58220006390735,-0.4));
#1934=CARTESIAN_POINT('Origin',(-13.1284419303588,3.40695245935138,0.));
#1935=CARTESIAN_POINT('',(-13.1284419303588,3.40695245935138,-0.4));
#1936=CARTESIAN_POINT('',(-13.1284419303588,3.40695245935138,0.));
#1937=CARTESIAN_POINT('',(-13.1284419303588,3.40695245935138,-0.4));
#1938=CARTESIAN_POINT('Origin',(-11.6913741229564,3.40175001771312,0.));
#1939=CARTESIAN_POINT('',(-11.6913741229564,3.40175001771312,-0.4));
#1940=CARTESIAN_POINT('',(-11.6913741229564,3.40175001771312,0.));
#1941=CARTESIAN_POINT('',(-11.6913741229564,3.40175001771312,-0.4));
#1942=CARTESIAN_POINT('Origin',(-12.4138237698157,4.56540116897722,0.));
#1943=CARTESIAN_POINT('',(-12.4138237698157,4.56540116897722,-0.4));
#1944=CARTESIAN_POINT('',(-12.4138237698157,4.56540116897722,0.));
#1945=CARTESIAN_POINT('',(-12.4138237698157,4.56540116897722,-0.4));
#1946=CARTESIAN_POINT('Ctrl Pts',(-13.0943543372804,5.53404216832301,0.));
#1947=CARTESIAN_POINT('Ctrl Pts',(-13.0943543372804,5.53404216832301,-0.4));
#1948=CARTESIAN_POINT('Ctrl Pts',(-12.9932095889902,5.40949040901798,0.));
#1949=CARTESIAN_POINT('Ctrl Pts',(-12.9932095889902,5.40949040901798,-0.4));
#1950=CARTESIAN_POINT('Ctrl Pts',(-12.7439957360002,5.10260325612292,0.));
#1951=CARTESIAN_POINT('Ctrl Pts',(-12.7439957360002,5.10260325612292,-0.4));
#1952=CARTESIAN_POINT('Ctrl Pts',(-12.5368803129763,4.765618748279,0.));
#1953=CARTESIAN_POINT('Ctrl Pts',(-12.5368803129763,4.765618748279,-0.4));
#1954=CARTESIAN_POINT('Ctrl Pts',(-12.4138237698157,4.56540116897722,0.));
#1955=CARTESIAN_POINT('Ctrl Pts',(-12.4138237698157,4.56540116897722,-0.4));
#1956=CARTESIAN_POINT('',(-13.0943543372804,5.53404216832301,-0.4));
#1957=CARTESIAN_POINT('',(-13.0943543372804,5.53404216832301,0.));
#1958=CARTESIAN_POINT('Ctrl Pts',(-13.0943543372804,5.53404216832301,-0.4));
#1959=CARTESIAN_POINT('Ctrl Pts',(-12.9932095889902,5.40949040901798,-0.4));
#1960=CARTESIAN_POINT('Ctrl Pts',(-12.7439957360002,5.10260325612292,-0.4));
#1961=CARTESIAN_POINT('Ctrl Pts',(-12.5368803129763,4.765618748279,-0.4));
#1962=CARTESIAN_POINT('Ctrl Pts',(-12.4138237698157,4.56540116897722,-0.4));
#1963=CARTESIAN_POINT('Ctrl Pts',(-13.7359797001803,6.03569154696008,0.));
#1964=CARTESIAN_POINT('Ctrl Pts',(-13.7359797001803,6.03569154696008,-0.4));
#1965=CARTESIAN_POINT('Ctrl Pts',(-13.6143223743151,5.96004663227764,0.));
#1966=CARTESIAN_POINT('Ctrl Pts',(-13.6143223743151,5.96004663227764,-0.4));
#1967=CARTESIAN_POINT('Ctrl Pts',(-13.3823491164613,5.81580873148396,0.));
#1968=CARTESIAN_POINT('Ctrl Pts',(-13.3823491164613,5.81580873148396,-0.4));
#1969=CARTESIAN_POINT('Ctrl Pts',(-13.1871717951962,5.62485234270407,0.));
#1970=CARTESIAN_POINT('Ctrl Pts',(-13.1871717951962,5.62485234270407,-0.4));
#1971=CARTESIAN_POINT('Ctrl Pts',(-13.0943543372804,5.53404216832301,0.));
#1972=CARTESIAN_POINT('Ctrl Pts',(-13.0943543372804,5.53404216832301,-0.4));
#1973=CARTESIAN_POINT('',(-13.7359797001803,6.03569154696008,-0.4));
#1974=CARTESIAN_POINT('',(-13.7359797001803,6.03569154696008,0.));
#1975=CARTESIAN_POINT('Ctrl Pts',(-13.7359797001803,6.03569154696008,-0.4));
#1976=CARTESIAN_POINT('Ctrl Pts',(-13.6143223743151,5.96004663227764,-0.4));
#1977=CARTESIAN_POINT('Ctrl Pts',(-13.3823491164613,5.81580873148396,-0.4));
#1978=CARTESIAN_POINT('Ctrl Pts',(-13.1871717951962,5.62485234270407,-0.4));
#1979=CARTESIAN_POINT('Ctrl Pts',(-13.0943543372804,5.53404216832301,-0.4));
#1980=CARTESIAN_POINT('Ctrl Pts',(-12.5567292493002,6.58149347938074,0.));
#1981=CARTESIAN_POINT('Ctrl Pts',(-12.5567292493002,6.58149347938074,-0.4));
#1982=CARTESIAN_POINT('Ctrl Pts',(-12.7138737793242,6.44890286597119,0.));
#1983=CARTESIAN_POINT('Ctrl Pts',(-12.7138737793242,6.44890286597119,-0.4));
#1984=CARTESIAN_POINT('Ctrl Pts',(-13.0557788953022,6.1604206066876,0.));
#1985=CARTESIAN_POINT('Ctrl Pts',(-13.0557788953022,6.1604206066876,-0.4));
#1986=CARTESIAN_POINT('Ctrl Pts',(-13.4973571758453,6.07944798311343,0.));
#1987=CARTESIAN_POINT('Ctrl Pts',(-13.4973571758453,6.07944798311343,-0.4));
#1988=CARTESIAN_POINT('Ctrl Pts',(-13.7359797001803,6.03569154696008,0.));
#1989=CARTESIAN_POINT('Ctrl Pts',(-13.7359797001803,6.03569154696008,-0.4));
#1990=CARTESIAN_POINT('',(-12.5567292493002,6.58149347938074,-0.4));
#1991=CARTESIAN_POINT('',(-12.5567292493002,6.58149347938074,0.));
#1992=CARTESIAN_POINT('Ctrl Pts',(-12.5567292493002,6.58149347938074,-0.4));
#1993=CARTESIAN_POINT('Ctrl Pts',(-12.7138737793242,6.44890286597119,-0.4));
#1994=CARTESIAN_POINT('Ctrl Pts',(-13.0557788953022,6.1604206066876,-0.4));
#1995=CARTESIAN_POINT('Ctrl Pts',(-13.4973571758453,6.07944798311343,-0.4));
#1996=CARTESIAN_POINT('Ctrl Pts',(-13.7359797001803,6.03569154696008,-0.4));
#1997=CARTESIAN_POINT('Ctrl Pts',(-12.1589520199344,7.68628535990198,0.));
#1998=CARTESIAN_POINT('Ctrl Pts',(-12.1589520199344,7.68628535990198,-0.4));
#1999=CARTESIAN_POINT('Ctrl Pts',(-12.1736205798988,7.47563601024323,0.));
#2000=CARTESIAN_POINT('Ctrl Pts',(-12.1736205798988,7.47563601024323,-0.4));
#2001=CARTESIAN_POINT('Ctrl Pts',(-12.2019358934043,7.06901106615803,0.));
#2002=CARTESIAN_POINT('Ctrl Pts',(-12.2019358934043,7.06901106615803,-0.4));
#2003=CARTESIAN_POINT('Ctrl Pts',(-12.4413446215467,6.7400422073623,0.));
#2004=CARTESIAN_POINT('Ctrl Pts',(-12.4413446215467,6.7400422073623,-0.4));
#2005=CARTESIAN_POINT('Ctrl Pts',(-12.5567292493002,6.58149347938074,0.));
#2006=CARTESIAN_POINT('Ctrl Pts',(-12.5567292493002,6.58149347938074,-0.4));
#2007=CARTESIAN_POINT('',(-12.1589520199344,7.68628535990198,-0.4));
#2008=CARTESIAN_POINT('',(-12.1589520199344,7.68628535990198,0.));
#2009=CARTESIAN_POINT('Ctrl Pts',(-12.1589520199344,7.68628535990198,-0.4));
#2010=CARTESIAN_POINT('Ctrl Pts',(-12.1736205798988,7.47563601024323,-0.4));
#2011=CARTESIAN_POINT('Ctrl Pts',(-12.2019358934043,7.06901106615803,-0.4));
#2012=CARTESIAN_POINT('Ctrl Pts',(-12.4413446215467,6.7400422073623,-0.4));
#2013=CARTESIAN_POINT('Ctrl Pts',(-12.5567292493002,6.58149347938074,-0.4));
#2014=CARTESIAN_POINT('Ctrl Pts',(-12.4153655945037,8.62497338544868,0.));
#2015=CARTESIAN_POINT('Ctrl Pts',(-12.4153655945037,8.62497338544868,-0.4));
#2016=CARTESIAN_POINT('Ctrl Pts',(-12.3401178041366,8.48125217039315,0.));
#2017=CARTESIAN_POINT('Ctrl Pts',(-12.3401178041366,8.48125217039315,-0.4));
#2018=CARTESIAN_POINT('Ctrl Pts',(-12.1862074988143,8.18728771000718,0.));
#2019=CARTESIAN_POINT('Ctrl Pts',(-12.1862074988143,8.18728771000718,-0.4));
#2020=CARTESIAN_POINT('Ctrl Pts',(-12.1681705714076,7.85573811371359,0.));
#2021=CARTESIAN_POINT('Ctrl Pts',(-12.1681705714076,7.85573811371359,-0.4));
#2022=CARTESIAN_POINT('Ctrl Pts',(-12.1589520199344,7.68628535990198,0.));
#2023=CARTESIAN_POINT('Ctrl Pts',(-12.1589520199344,7.68628535990198,-0.4));
#2024=CARTESIAN_POINT('',(-12.4153655945037,8.62497338544868,-0.4));
#2025=CARTESIAN_POINT('',(-12.4153655945037,8.62497338544868,0.));
#2026=CARTESIAN_POINT('Ctrl Pts',(-12.4153655945037,8.62497338544868,-0.4));
#2027=CARTESIAN_POINT('Ctrl Pts',(-12.3401178041366,8.48125217039315,-0.4));
#2028=CARTESIAN_POINT('Ctrl Pts',(-12.1862074988143,8.18728771000718,-0.4));
#2029=CARTESIAN_POINT('Ctrl Pts',(-12.1681705714076,7.85573811371359,-0.4));
#2030=CARTESIAN_POINT('Ctrl Pts',(-12.1589520199344,7.68628535990198,-0.4));
#2031=CARTESIAN_POINT('Ctrl Pts',(-13.1054483296109,9.19784113202468,0.));
#2032=CARTESIAN_POINT('Ctrl Pts',(-13.1054483296109,9.19784113202468,-0.4));
#2033=CARTESIAN_POINT('Ctrl Pts',(-12.9681765788187,9.13256336688472,0.));
#2034=CARTESIAN_POINT('Ctrl Pts',(-12.9681765788187,9.13256336688472,-0.4));
#2035=CARTESIAN_POINT('Ctrl Pts',(-12.6897658690683,9.00016883692021,0.));
#2036=CARTESIAN_POINT('Ctrl Pts',(-12.6897658690683,9.00016883692021,-0.4));
#2037=CARTESIAN_POINT('Ctrl Pts',(-12.5076754495182,8.75119132667492,0.));
#2038=CARTESIAN_POINT('Ctrl Pts',(-12.5076754495182,8.75119132667492,-0.4));
#2039=CARTESIAN_POINT('Ctrl Pts',(-12.4153655945037,8.62497338544868,0.));
#2040=CARTESIAN_POINT('Ctrl Pts',(-12.4153655945037,8.62497338544868,-0.4));
#2041=CARTESIAN_POINT('',(-13.1054483296109,9.19784113202468,-0.4));
#2042=CARTESIAN_POINT('',(-13.1054483296109,9.19784113202468,0.));
#2043=CARTESIAN_POINT('Ctrl Pts',(-13.1054483296109,9.19784113202468,-0.4));
#2044=CARTESIAN_POINT('Ctrl Pts',(-12.9681765788187,9.13256336688472,-0.4));
#2045=CARTESIAN_POINT('Ctrl Pts',(-12.6897658690683,9.00016883692021,-0.4));
#2046=CARTESIAN_POINT('Ctrl Pts',(-12.5076754495182,8.75119132667492,-0.4));
#2047=CARTESIAN_POINT('Ctrl Pts',(-12.4153655945037,8.62497338544868,-0.4));
#2048=CARTESIAN_POINT('Ctrl Pts',(-14.491191558368,9.36321021590043,0.));
#2049=CARTESIAN_POINT('Ctrl Pts',(-14.491191558368,9.36321021590043,-0.4));
#2050=CARTESIAN_POINT('Ctrl Pts',(-14.2149767463002,9.36182767210644,0.));
#2051=CARTESIAN_POINT('Ctrl Pts',(-14.2149767463002,9.36182767210644,-0.4));
#2052=CARTESIAN_POINT('Ctrl Pts',(-13.7459903335049,9.35948024457486,0.));
#2053=CARTESIAN_POINT('Ctrl Pts',(-13.7459903335049,9.35948024457486,-0.4));
#2054=CARTESIAN_POINT('Ctrl Pts',(-13.2920396589196,9.24492696979278,0.));
#2055=CARTESIAN_POINT('Ctrl Pts',(-13.2920396589196,9.24492696979278,-0.4));
#2056=CARTESIAN_POINT('Ctrl Pts',(-13.1054483296109,9.19784113202468,0.));
#2057=CARTESIAN_POINT('Ctrl Pts',(-13.1054483296109,9.19784113202468,-0.4));
#2058=CARTESIAN_POINT('',(-14.491191558368,9.36321021590043,-0.4));
#2059=CARTESIAN_POINT('',(-14.491191558368,9.36321021590043,0.));
#2060=CARTESIAN_POINT('Ctrl Pts',(-14.491191558368,9.36321021590043,-0.4));
#2061=CARTESIAN_POINT('Ctrl Pts',(-14.2149767463002,9.36182767210644,-0.4));
#2062=CARTESIAN_POINT('Ctrl Pts',(-13.7459903335049,9.35948024457486,-0.4));
#2063=CARTESIAN_POINT('Ctrl Pts',(-13.2920396589196,9.24492696979278,-0.4));
#2064=CARTESIAN_POINT('Ctrl Pts',(-13.1054483296109,9.19784113202468,-0.4));
#2065=CARTESIAN_POINT('Origin',(-17.0202681991536,9.37236592417989,0.));
#2066=CARTESIAN_POINT('',(-17.0202681991536,9.37236592417989,-0.4));
#2067=CARTESIAN_POINT('',(-17.0202681991536,9.37236592417989,0.));
#2068=CARTESIAN_POINT('',(-17.0202681991536,9.37236592417989,-0.4));
#2069=CARTESIAN_POINT('Origin',(-17.0418127718788,3.42111955940539,0.));
#2070=CARTESIAN_POINT('',(-17.0418127718788,3.42111955940539,-0.4));
#2071=CARTESIAN_POINT('',(-17.0418127718788,3.42111955940539,0.));
#2072=CARTESIAN_POINT('',(-17.0418127718788,3.42111955940539,-0.4));
#2073=CARTESIAN_POINT('Origin',(-15.8401967813848,3.4167694953166,0.));
#2074=CARTESIAN_POINT('',(-15.8401967813848,3.4167694953166,-0.4));
#2075=CARTESIAN_POINT('Origin',(-9.89050322759475,6.37451479648713,-0.4));
#2076=CARTESIAN_POINT('Origin',(-35.,0.,0.));
#2077=CARTESIAN_POINT('Origin',(0.,35.,0.));
#2078=CARTESIAN_POINT('Origin',(-17.5000002607703,17.5,0.));
#2079=UNCERTAINTY_MEASURE_WITH_UNIT(LENGTH_MEASURE(0.01),#2083,
'DISTANCE_ACCURACY_VALUE',
'Maximum model space distance between geometric entities at asserted c
onnectivities');
#2080=UNCERTAINTY_MEASURE_WITH_UNIT(LENGTH_MEASURE(0.01),#2083,
'DISTANCE_ACCURACY_VALUE',
'Maximum model space distance between geometric entities at asserted c
onnectivities');
#2081=(
GEOMETRIC_REPRESENTATION_CONTEXT(3)
GLOBAL_UNCERTAINTY_ASSIGNED_CONTEXT((#2079))
GLOBAL_UNIT_ASSIGNED_CONTEXT((#2083,#2085,#2086))
REPRESENTATION_CONTEXT('','3D')
);
#2082=(
GEOMETRIC_REPRESENTATION_CONTEXT(3)
GLOBAL_UNCERTAINTY_ASSIGNED_CONTEXT((#2080))
GLOBAL_UNIT_ASSIGNED_CONTEXT((#2083,#2085,#2086))
REPRESENTATION_CONTEXT('','3D')
);
#2083=(
LENGTH_UNIT()
NAMED_UNIT(*)
SI_UNIT(.MILLI.,.METRE.)
);
#2084=(
LENGTH_UNIT()
NAMED_UNIT(*)
SI_UNIT($,.METRE.)
);
#2085=(
NAMED_UNIT(*)
PLANE_ANGLE_UNIT()
SI_UNIT($,.RADIAN.)
);
#2086=(
NAMED_UNIT(*)
SI_UNIT($,.STERADIAN.)
SOLID_ANGLE_UNIT()
);
#2087=SHAPE_DEFINITION_REPRESENTATION(#2088,#2089);
#2088=PRODUCT_DEFINITION_SHAPE('',$,#2091);
#2089=SHAPE_REPRESENTATION('',(#1123),#2081);
#2090=PRODUCT_DEFINITION_CONTEXT('part definition',#2095,'design');
#2091=PRODUCT_DEFINITION('Fillet Chips Inverted',
'Fillet Chips Inverted v2',#2092,#2090);
#2092=PRODUCT_DEFINITION_FORMATION('',$,#2097);
#2093=PRODUCT_RELATED_PRODUCT_CATEGORY('Fillet Chips Inverted v2',
'Fillet Chips Inverted v2',(#2097));
#2094=APPLICATION_PROTOCOL_DEFINITION('international standard',
'automotive_design',2009,#2095);
#2095=APPLICATION_CONTEXT(
'Core Data for Automotive Mechanical Design Process');
#2096=PRODUCT_CONTEXT('part definition',#2095,'mechanical');
#2097=PRODUCT('Fillet Chips Inverted','Fillet Chips Inverted v2',$,(#2096));
#2098=PRESENTATION_STYLE_ASSIGNMENT((#2099));
#2099=SURFACE_STYLE_USAGE(.BOTH.,#2100);
#2100=SURFACE_SIDE_STYLE('',(#2101));
#2101=SURFACE_STYLE_FILL_AREA(#2102);
#2102=FILL_AREA_STYLE('Steel - Satin',(#2103));
#2103=FILL_AREA_STYLE_COLOUR('Steel - Satin',#2104);
#2104=COLOUR_RGB('Steel - Satin',0.627450980392157,0.627450980392157,0.627450980392157);
ENDSEC;
END-ISO-10303-21;
