ISO-10303-21;
HEADER;
/* Generated by software containing ST-Developer
 * from STEP Tools, Inc. (www.steptools.com) 
 */

FILE_DESCRIPTION(
/* description */ (''),
/* implementation_level */ '2;1');

FILE_NAME(
/* name */ 'R19 Exterior Gauge.stp',
/* time_stamp */ '2025-04-23T18:58:15+10:00',
/* author */ (''),
/* organization */ (''),
/* preprocessor_version */ 'ST-DEVELOPER v20.1',
/* originating_system */ 'Autodesk Translation Framework v14.4.0.0',
/* authorisation */ '');

FILE_SCHEMA (('AUTOMOTIVE_DESIGN { 1 0 10303 214 3 1 1 }'));
ENDSEC;

DATA;
#10=MECHANICAL_DESIGN_GEOMETRIC_PRESENTATION_REPRESENTATION('',(#13),#2734);
#11=SHAPE_REPRESENTATION_RELATIONSHIP('SRR','None',#2741,#12);
#12=ADVANCED_BREP_SHAPE_REPRESENTATION('',(#14),#2733);
#13=STYLED_ITEM('',(#2750),#14);
#14=MANIFOLD_SOLID_BREP('Body1',#1374);
#15=B_SPLINE_SURFACE_WITH_KNOTS('',3,1,((#1852,#1853),(#1854,#1855),(#1856,
#1857),(#1858,#1859),(#1860,#1861)),.UNSPECIFIED.,.F.,.F.,.F.,(4,1,4),(2,
2),(0.,0.0309827864289466,0.0627731625601435),(0.,0.04),.UNSPECIFIED.);
#16=B_SPLINE_SURFACE_WITH_KNOTS('',3,1,((#1878,#1879),(#1880,#1881),(#1882,
#1883),(#1884,#1885),(#1886,#1887)),.UNSPECIFIED.,.F.,.F.,.F.,(4,1,4),(2,
2),(0.,0.0326194413766038,0.0645981877134365),(0.,0.04),.UNSPECIFIED.);
#17=B_SPLINE_SURFACE_WITH_KNOTS('',3,1,((#1901,#1902),(#1903,#1904),(#1905,
#1906),(#1907,#1908),(#1909,#1910)),.UNSPECIFIED.,.F.,.F.,.F.,(4,1,4),(2,
2),(0.,0.0503051686505766,0.0889303438781822),(0.,0.04),.UNSPECIFIED.);
#18=B_SPLINE_SURFACE_WITH_KNOTS('',3,1,((#1924,#1925),(#1926,#1927),(#1928,
#1929),(#1930,#1931),(#1932,#1933)),.UNSPECIFIED.,.F.,.F.,.F.,(4,1,4),(2,
2),(0.,0.0364752932444283,0.0856207274220571),(0.,0.04),.UNSPECIFIED.);
#19=B_SPLINE_SURFACE_WITH_KNOTS('',3,1,((#1947,#1948),(#1949,#1950),(#1951,
#1952),(#1953,#1954),(#1955,#1956)),.UNSPECIFIED.,.F.,.F.,.F.,(4,1,4),(2,
2),(0.,0.0296396401930452,0.0597624704873239),(0.,0.04),.UNSPECIFIED.);
#20=B_SPLINE_SURFACE_WITH_KNOTS('',3,1,((#1970,#1971),(#1972,#1973),(#1974,
#1975),(#1976,#1977),(#1978,#1979)),.UNSPECIFIED.,.F.,.F.,.F.,(4,1,4),(2,
2),(0.,0.0356303072768247,0.0678513940223277),(0.,0.04),.UNSPECIFIED.);
#21=B_SPLINE_SURFACE_WITH_KNOTS('',3,1,((#1993,#1994),(#1995,#1996),(#1997,
#1998),(#1999,#2000),(#2001,#2002)),.UNSPECIFIED.,.F.,.F.,.F.,(4,1,4),(2,
2),(0.,0.0494276352506763,0.0907120460790531),(0.,0.04),.UNSPECIFIED.);
#22=B_SPLINE_SURFACE_WITH_KNOTS('',3,1,((#2016,#2017),(#2018,#2019),(#2020,
#2021),(#2022,#2023),(#2024,#2025)),.UNSPECIFIED.,.F.,.F.,.F.,(4,1,4),(2,
2),(0.,0.0362498017858883,0.0808558157256179),(0.,0.04),.UNSPECIFIED.);
#23=B_SPLINE_SURFACE_WITH_KNOTS('',3,1,((#2036,#2037),(#2038,#2039),(#2040,
#2041),(#2042,#2043),(#2044,#2045)),.UNSPECIFIED.,.F.,.F.,.F.,(4,1,4),(2,
2),(0.,0.0638052251368827,0.120806164428872),(0.,0.04),.UNSPECIFIED.);
#24=B_SPLINE_SURFACE_WITH_KNOTS('',3,1,((#2055,#2056),(#2057,#2058),(#2059,
#2060),(#2061,#2062),(#2063,#2064)),.UNSPECIFIED.,.F.,.F.,.F.,(4,1,4),(2,
2),(0.,0.0882279595562032,0.177954393241448),(0.,0.04),.UNSPECIFIED.);
#25=B_SPLINE_SURFACE_WITH_KNOTS('',3,1,((#2072,#2073),(#2074,#2075),(#2076,
#2077),(#2078,#2079),(#2080,#2081)),.UNSPECIFIED.,.F.,.F.,.F.,(4,1,4),(2,
2),(0.,0.141271759784871,0.246541546209421),(0.,0.04),.UNSPECIFIED.);
#26=B_SPLINE_SURFACE_WITH_KNOTS('',3,1,((#2089,#2090),(#2091,#2092),(#2093,
#2094),(#2095,#2096),(#2097,#2098)),.UNSPECIFIED.,.F.,.F.,.F.,(4,1,4),(2,
2),(0.,0.102332271676245,0.240865216966752),(0.,0.04),.UNSPECIFIED.);
#27=B_SPLINE_SURFACE_WITH_KNOTS('',3,1,((#2106,#2107),(#2108,#2109),(#2110,
#2111),(#2112,#2113),(#2114,#2115)),.UNSPECIFIED.,.F.,.F.,.F.,(4,1,4),(2,
2),(0.,0.0842477008301454,0.168727934313449),(0.,0.04),.UNSPECIFIED.);
#28=B_SPLINE_SURFACE_WITH_KNOTS('',3,1,((#2123,#2124),(#2125,#2126),(#2127,
#2128),(#2129,#2130),(#2131,#2132)),.UNSPECIFIED.,.F.,.F.,.F.,(4,1,4),(2,
2),(0.,0.0739332986106184,0.151050427697437),(0.,0.04),.UNSPECIFIED.);
#29=B_SPLINE_SURFACE_WITH_KNOTS('',3,1,((#2140,#2141),(#2142,#2143),(#2144,
#2145),(#2146,#2147),(#2148,#2149)),.UNSPECIFIED.,.F.,.F.,.F.,(4,1,4),(2,
2),(0.,0.0828476142821307,0.158663111184768),(0.,0.04),.UNSPECIFIED.);
#30=B_SPLINE_SURFACE_WITH_KNOTS('',3,1,((#2157,#2158),(#2159,#2160),(#2161,
#2162),(#2163,#2164),(#2165,#2166)),.UNSPECIFIED.,.F.,.F.,.F.,(4,1,4),(2,
2),(0.,0.073139521091448,0.152867791793302),(0.,0.04),.UNSPECIFIED.);
#31=B_SPLINE_SURFACE_WITH_KNOTS('',3,1,((#2174,#2175),(#2176,#2177),(#2178,
#2179),(#2180,#2181),(#2182,#2183)),.UNSPECIFIED.,.F.,.F.,.F.,(4,1,4),(2,
2),(0.,0.0667977919896816,0.135806339504223),(0.,0.04),.UNSPECIFIED.);
#32=B_SPLINE_SURFACE_WITH_KNOTS('',3,1,((#2191,#2192),(#2193,#2194),(#2195,
#2196),(#2197,#2198),(#2199,#2200)),.UNSPECIFIED.,.F.,.F.,.F.,(4,1,4),(2,
2),(0.,0.0612043484399074,0.12167469391867),(0.,0.04),.UNSPECIFIED.);
#33=B_SPLINE_SURFACE_WITH_KNOTS('',3,1,((#2208,#2209),(#2210,#2211),(#2212,
#2213),(#2214,#2215),(#2216,#2217)),.UNSPECIFIED.,.F.,.F.,.F.,(4,1,4),(2,
2),(0.,0.0539002776773569,0.139502694149671),(0.,0.04),.UNSPECIFIED.);
#34=B_SPLINE_SURFACE_WITH_KNOTS('',3,1,((#2225,#2226),(#2227,#2228),(#2229,
#2230),(#2231,#2232),(#2233,#2234)),.UNSPECIFIED.,.F.,.F.,.F.,(4,1,4),(2,
2),(0.,0.0336727907126107,0.0703353264340401),(0.,0.04),.UNSPECIFIED.);
#35=B_SPLINE_SURFACE_WITH_KNOTS('',3,1,((#2242,#2243),(#2244,#2245),(#2246,
#2247),(#2248,#2249),(#2250,#2251)),.UNSPECIFIED.,.F.,.F.,.F.,(4,1,4),(2,
2),(0.,0.023237237885582,0.0488319301716775),(0.,0.04),.UNSPECIFIED.);
#36=B_SPLINE_SURFACE_WITH_KNOTS('',3,1,((#2259,#2260),(#2261,#2262),(#2263,
#2264),(#2265,#2266),(#2267,#2268)),.UNSPECIFIED.,.F.,.F.,.F.,(4,1,4),(2,
2),(0.,0.0302267272442533,0.0550250289953348),(0.,0.04),.UNSPECIFIED.);
#37=B_SPLINE_SURFACE_WITH_KNOTS('',3,1,((#2280,#2281),(#2282,#2283),(#2284,
#2285),(#2286,#2287),(#2288,#2289)),.UNSPECIFIED.,.F.,.F.,.F.,(4,1,4),(2,
2),(0.,0.0582561991304591,0.125943963229229),(0.,0.04),.UNSPECIFIED.);
#38=B_SPLINE_SURFACE_WITH_KNOTS('',3,1,((#2302,#2303),(#2304,#2305),(#2306,
#2307),(#2308,#2309),(#2310,#2311)),.UNSPECIFIED.,.F.,.F.,.F.,(4,1,4),(2,
2),(0.,0.0624698689678472,0.120508064374643),(0.,0.04),.UNSPECIFIED.);
#39=B_SPLINE_SURFACE_WITH_KNOTS('',3,1,((#2319,#2320),(#2321,#2322),(#2323,
#2324),(#2325,#2326),(#2327,#2328)),.UNSPECIFIED.,.F.,.F.,.F.,(4,1,4),(2,
2),(0.,0.0511640383340466,0.112134491171033),(0.,0.04),.UNSPECIFIED.);
#40=B_SPLINE_SURFACE_WITH_KNOTS('',3,1,((#2340,#2341),(#2342,#2343),(#2344,
#2345),(#2346,#2347),(#2348,#2349)),.UNSPECIFIED.,.F.,.F.,.F.,(4,1,4),(2,
2),(0.,0.0849866684587009,0.171886046490542),(0.,0.04),.UNSPECIFIED.);
#41=B_SPLINE_SURFACE_WITH_KNOTS('',3,1,((#2377,#2378),(#2379,#2380),(#2381,
#2382),(#2383,#2384),(#2385,#2386)),.UNSPECIFIED.,.F.,.F.,.F.,(4,1,4),(2,
2),(0.,0.0292683046402059,0.0877278816271959),(0.,0.04),.UNSPECIFIED.);
#42=B_SPLINE_SURFACE_WITH_KNOTS('',3,1,((#2400,#2401),(#2402,#2403),(#2404,
#2405),(#2406,#2407),(#2408,#2409)),.UNSPECIFIED.,.F.,.F.,.F.,(4,1,4),(2,
2),(0.,0.0245137084432334,0.0517312719764843),(0.,0.04),.UNSPECIFIED.);
#43=B_SPLINE_SURFACE_WITH_KNOTS('',3,1,((#2423,#2424),(#2425,#2426),(#2427,
#2428),(#2429,#2430),(#2431,#2432)),.UNSPECIFIED.,.F.,.F.,.F.,(4,1,4),(2,
2),(0.,0.0274425680625578,0.0519583922673294),(0.,0.04),.UNSPECIFIED.);
#44=B_SPLINE_SURFACE_WITH_KNOTS('',3,1,((#2446,#2447),(#2448,#2449),(#2450,
#2451),(#2452,#2453),(#2454,#2455)),.UNSPECIFIED.,.F.,.F.,.F.,(4,1,4),(2,
2),(0.,0.0220732232643195,0.0468214363530435),(0.,0.04),.UNSPECIFIED.);
#45=B_SPLINE_SURFACE_WITH_KNOTS('',3,1,((#2469,#2470),(#2471,#2472),(#2473,
#2474),(#2475,#2476),(#2477,#2478)),.UNSPECIFIED.,.F.,.F.,.F.,(4,1,4),(2,
2),(0.,0.0216065502965852,0.0426391915051792),(0.,0.04),.UNSPECIFIED.);
#46=B_SPLINE_SURFACE_WITH_KNOTS('',3,1,((#2492,#2493),(#2494,#2495),(#2496,
#2497),(#2498,#2499),(#2500,#2501)),.UNSPECIFIED.,.F.,.F.,.F.,(4,1,4),(2,
2),(0.,0.0702538216177741,0.108403218828905),(0.,0.04),.UNSPECIFIED.);
#47=B_SPLINE_SURFACE_WITH_KNOTS('',3,1,((#2534,#2535),(#2536,#2537),(#2538,
#2539),(#2540,#2541),(#2542,#2543)),.UNSPECIFIED.,.F.,.F.,.F.,(4,1,4),(2,
2),(0.,0.0251681682852492,0.0610327282194378),(0.,0.04),.UNSPECIFIED.);
#48=B_SPLINE_SURFACE_WITH_KNOTS('',3,1,((#2551,#2552),(#2553,#2554),(#2555,
#2556),(#2557,#2558),(#2559,#2560)),.UNSPECIFIED.,.F.,.F.,.F.,(4,1,4),(2,
2),(0.,0.0232381939306405,0.0441174517585879),(0.,0.04),.UNSPECIFIED.);
#49=B_SPLINE_SURFACE_WITH_KNOTS('',3,1,((#2568,#2569),(#2570,#2571),(#2572,
#2573),(#2574,#2575),(#2576,#2577)),.UNSPECIFIED.,.F.,.F.,.F.,(4,1,4),(2,
2),(0.,0.0687027131930971,0.108050995604873),(0.,0.04),.UNSPECIFIED.);
#50=B_SPLINE_SURFACE_WITH_KNOTS('',3,1,((#2597,#2598),(#2599,#2600),(#2601,
#2602),(#2603,#2604),(#2605,#2606)),.UNSPECIFIED.,.F.,.F.,.F.,(4,1,4),(2,
2),(0.,0.048089486218889,0.118489257737085),(0.,0.04),.UNSPECIFIED.);
#51=B_SPLINE_SURFACE_WITH_KNOTS('',3,1,((#2614,#2615),(#2616,#2617),(#2618,
#2619),(#2620,#2621),(#2622,#2623)),.UNSPECIFIED.,.F.,.F.,.F.,(4,1,4),(2,
2),(0.,0.0428271087353407,0.081661699097431),(0.,0.04),.UNSPECIFIED.);
#52=B_SPLINE_SURFACE_WITH_KNOTS('',3,1,((#2631,#2632),(#2633,#2634),(#2635,
#2636),(#2637,#2638),(#2639,#2640)),.UNSPECIFIED.,.F.,.F.,.F.,(4,1,4),(2,
2),(0.,0.0606478741289087,0.131953803512571),(0.,0.04),.UNSPECIFIED.);
#53=B_SPLINE_SURFACE_WITH_KNOTS('',3,1,((#2648,#2649),(#2650,#2651),(#2652,
#2653),(#2654,#2655),(#2656,#2657)),.UNSPECIFIED.,.F.,.F.,.F.,(4,1,4),(2,
2),(0.,0.0619341756070439,0.119554039611203),(0.,0.04),.UNSPECIFIED.);
#54=B_SPLINE_SURFACE_WITH_KNOTS('',3,1,((#2665,#2666),(#2667,#2668),(#2669,
#2670),(#2671,#2672),(#2673,#2674)),.UNSPECIFIED.,.F.,.F.,.F.,(4,1,4),(2,
2),(0.,0.0480709378532739,0.0983233220010378),(0.,0.04),.UNSPECIFIED.);
#55=B_SPLINE_SURFACE_WITH_KNOTS('',3,1,((#2682,#2683),(#2684,#2685),(#2686,
#2687),(#2688,#2689),(#2690,#2691)),.UNSPECIFIED.,.F.,.F.,.F.,(4,1,4),(2,
2),(0.,0.0448451320081345,0.0909536372865049),(0.,0.04),.UNSPECIFIED.);
#56=B_SPLINE_SURFACE_WITH_KNOTS('',3,1,((#2699,#2700),(#2701,#2702),(#2703,
#2704),(#2705,#2706),(#2707,#2708)),.UNSPECIFIED.,.F.,.F.,.F.,(4,1,4),(2,
2),(0.,0.0824554494320585,0.140001490706005),(0.,0.04),.UNSPECIFIED.);
#57=CYLINDRICAL_SURFACE('',#1397,19.);
#58=FACE_BOUND('',#228,.T.);
#59=FACE_BOUND('',#229,.T.);
#60=FACE_BOUND('',#230,.T.);
#61=FACE_BOUND('',#259,.T.);
#62=FACE_BOUND('',#297,.T.);
#63=B_SPLINE_CURVE_WITH_KNOTS('',3,(#1652,#1653,#1654,#1655,#1656),
 .UNSPECIFIED.,.F.,.F.,(4,1,4),(0.,0.0638052251368827,0.120806164428872),
 .UNSPECIFIED.);
#64=B_SPLINE_CURVE_WITH_KNOTS('',3,(#1658,#1659,#1660,#1661,#1662),
 .UNSPECIFIED.,.F.,.F.,(4,1,4),(0.,0.0582561991304591,0.125943963229229),
 .UNSPECIFIED.);
#65=B_SPLINE_CURVE_WITH_KNOTS('',3,(#1666,#1667,#1668,#1669,#1670),
 .UNSPECIFIED.,.F.,.F.,(4,1,4),(0.,0.0302267272442533,0.0550250289953348),
 .UNSPECIFIED.);
#66=B_SPLINE_CURVE_WITH_KNOTS('',3,(#1672,#1673,#1674,#1675,#1676),
 .UNSPECIFIED.,.F.,.F.,(4,1,4),(0.,0.023237237885582,0.0488319301716775),
 .UNSPECIFIED.);
#67=B_SPLINE_CURVE_WITH_KNOTS('',3,(#1678,#1679,#1680,#1681,#1682),
 .UNSPECIFIED.,.F.,.F.,(4,1,4),(0.,0.0336727907126107,0.0703353264340401),
 .UNSPECIFIED.);
#68=B_SPLINE_CURVE_WITH_KNOTS('',3,(#1684,#1685,#1686,#1687,#1688),
 .UNSPECIFIED.,.F.,.F.,(4,1,4),(0.,0.0539002776773569,0.139502694149671),
 .UNSPECIFIED.);
#69=B_SPLINE_CURVE_WITH_KNOTS('',3,(#1690,#1691,#1692,#1693,#1694),
 .UNSPECIFIED.,.F.,.F.,(4,1,4),(0.,0.0612043484399074,0.12167469391867),
 .UNSPECIFIED.);
#70=B_SPLINE_CURVE_WITH_KNOTS('',3,(#1696,#1697,#1698,#1699,#1700),
 .UNSPECIFIED.,.F.,.F.,(4,1,4),(0.,0.0667977919896816,0.135806339504223),
 .UNSPECIFIED.);
#71=B_SPLINE_CURVE_WITH_KNOTS('',3,(#1702,#1703,#1704,#1705,#1706),
 .UNSPECIFIED.,.F.,.F.,(4,1,4),(0.,0.073139521091448,0.152867791793302),
 .UNSPECIFIED.);
#72=B_SPLINE_CURVE_WITH_KNOTS('',3,(#1708,#1709,#1710,#1711,#1712),
 .UNSPECIFIED.,.F.,.F.,(4,1,4),(0.,0.0828476142821307,0.158663111184768),
 .UNSPECIFIED.);
#73=B_SPLINE_CURVE_WITH_KNOTS('',3,(#1714,#1715,#1716,#1717,#1718),
 .UNSPECIFIED.,.F.,.F.,(4,1,4),(0.,0.0739332986106184,0.151050427697437),
 .UNSPECIFIED.);
#74=B_SPLINE_CURVE_WITH_KNOTS('',3,(#1720,#1721,#1722,#1723,#1724),
 .UNSPECIFIED.,.F.,.F.,(4,1,4),(0.,0.0842477008301454,0.168727934313449),
 .UNSPECIFIED.);
#75=B_SPLINE_CURVE_WITH_KNOTS('',3,(#1726,#1727,#1728,#1729,#1730),
 .UNSPECIFIED.,.F.,.F.,(4,1,4),(0.,0.102332271676245,0.240865216966752),
 .UNSPECIFIED.);
#76=B_SPLINE_CURVE_WITH_KNOTS('',3,(#1732,#1733,#1734,#1735,#1736),
 .UNSPECIFIED.,.F.,.F.,(4,1,4),(0.,0.141271759784871,0.246541546209421),
 .UNSPECIFIED.);
#77=B_SPLINE_CURVE_WITH_KNOTS('',3,(#1737,#1738,#1739,#1740,#1741),
 .UNSPECIFIED.,.F.,.F.,(4,1,4),(0.,0.0882279595562032,0.177954393241448),
 .UNSPECIFIED.);
#78=B_SPLINE_CURVE_WITH_KNOTS('',3,(#1752,#1753,#1754,#1755,#1756),
 .UNSPECIFIED.,.F.,.F.,(4,1,4),(0.,0.0849866684587009,0.171886046490542),
 .UNSPECIFIED.);
#79=B_SPLINE_CURVE_WITH_KNOTS('',3,(#1760,#1761,#1762,#1763,#1764),
 .UNSPECIFIED.,.F.,.F.,(4,1,4),(0.,0.0511640383340466,0.112134491171033),
 .UNSPECIFIED.);
#80=B_SPLINE_CURVE_WITH_KNOTS('',3,(#1765,#1766,#1767,#1768,#1769),
 .UNSPECIFIED.,.F.,.F.,(4,1,4),(0.,0.0624698689678472,0.120508064374643),
 .UNSPECIFIED.);
#81=B_SPLINE_CURVE_WITH_KNOTS('',3,(#1780,#1781,#1782,#1783,#1784),
 .UNSPECIFIED.,.F.,.F.,(4,1,4),(0.,0.0824554494320585,0.140001490706005),
 .UNSPECIFIED.);
#82=B_SPLINE_CURVE_WITH_KNOTS('',3,(#1786,#1787,#1788,#1789,#1790),
 .UNSPECIFIED.,.F.,.F.,(4,1,4),(0.,0.0448451320081345,0.0909536372865049),
 .UNSPECIFIED.);
#83=B_SPLINE_CURVE_WITH_KNOTS('',3,(#1792,#1793,#1794,#1795,#1796),
 .UNSPECIFIED.,.F.,.F.,(4,1,4),(0.,0.0480709378532739,0.0983233220010378),
 .UNSPECIFIED.);
#84=B_SPLINE_CURVE_WITH_KNOTS('',3,(#1798,#1799,#1800,#1801,#1802),
 .UNSPECIFIED.,.F.,.F.,(4,1,4),(0.,0.0619341756070439,0.119554039611203),
 .UNSPECIFIED.);
#85=B_SPLINE_CURVE_WITH_KNOTS('',3,(#1804,#1805,#1806,#1807,#1808),
 .UNSPECIFIED.,.F.,.F.,(4,1,4),(0.,0.0606478741289087,0.131953803512571),
 .UNSPECIFIED.);
#86=B_SPLINE_CURVE_WITH_KNOTS('',3,(#1810,#1811,#1812,#1813,#1814),
 .UNSPECIFIED.,.F.,.F.,(4,1,4),(0.,0.0428271087353407,0.081661699097431),
 .UNSPECIFIED.);
#87=B_SPLINE_CURVE_WITH_KNOTS('',3,(#1816,#1817,#1818,#1819,#1820),
 .UNSPECIFIED.,.F.,.F.,(4,1,4),(0.,0.048089486218889,0.118489257737085),
 .UNSPECIFIED.);
#88=B_SPLINE_CURVE_WITH_KNOTS('',3,(#1828,#1829,#1830,#1831,#1832),
 .UNSPECIFIED.,.F.,.F.,(4,1,4),(0.,0.0687027131930971,0.108050995604873),
 .UNSPECIFIED.);
#89=B_SPLINE_CURVE_WITH_KNOTS('',3,(#1834,#1835,#1836,#1837,#1838),
 .UNSPECIFIED.,.F.,.F.,(4,1,4),(0.,0.0232381939306405,0.0441174517585879),
 .UNSPECIFIED.);
#90=B_SPLINE_CURVE_WITH_KNOTS('',3,(#1840,#1841,#1842,#1843,#1844),
 .UNSPECIFIED.,.F.,.F.,(4,1,4),(0.,0.0251681682852492,0.0610327282194378),
 .UNSPECIFIED.);
#91=B_SPLINE_CURVE_WITH_KNOTS('',3,(#1864,#1865,#1866,#1867,#1868),
 .UNSPECIFIED.,.F.,.F.,(4,1,4),(0.,0.0309827864289466,0.0627731625601435),
 .UNSPECIFIED.);
#92=B_SPLINE_CURVE_WITH_KNOTS('',3,(#1872,#1873,#1874,#1875,#1876),
 .UNSPECIFIED.,.F.,.F.,(4,1,4),(0.,0.0309827864289466,0.0627731625601435),
 .UNSPECIFIED.);
#93=B_SPLINE_CURVE_WITH_KNOTS('',3,(#1889,#1890,#1891,#1892,#1893),
 .UNSPECIFIED.,.F.,.F.,(4,1,4),(0.,0.0326194413766038,0.0645981877134365),
 .UNSPECIFIED.);
#94=B_SPLINE_CURVE_WITH_KNOTS('',3,(#1896,#1897,#1898,#1899,#1900),
 .UNSPECIFIED.,.F.,.F.,(4,1,4),(0.,0.0326194413766038,0.0645981877134365),
 .UNSPECIFIED.);
#95=B_SPLINE_CURVE_WITH_KNOTS('',3,(#1912,#1913,#1914,#1915,#1916),
 .UNSPECIFIED.,.F.,.F.,(4,1,4),(0.,0.0503051686505766,0.0889303438781822),
 .UNSPECIFIED.);
#96=B_SPLINE_CURVE_WITH_KNOTS('',3,(#1919,#1920,#1921,#1922,#1923),
 .UNSPECIFIED.,.F.,.F.,(4,1,4),(0.,0.0503051686505766,0.0889303438781822),
 .UNSPECIFIED.);
#97=B_SPLINE_CURVE_WITH_KNOTS('',3,(#1935,#1936,#1937,#1938,#1939),
 .UNSPECIFIED.,.F.,.F.,(4,1,4),(0.,0.0364752932444283,0.0856207274220571),
 .UNSPECIFIED.);
#98=B_SPLINE_CURVE_WITH_KNOTS('',3,(#1942,#1943,#1944,#1945,#1946),
 .UNSPECIFIED.,.F.,.F.,(4,1,4),(0.,0.0364752932444283,0.0856207274220571),
 .UNSPECIFIED.);
#99=B_SPLINE_CURVE_WITH_KNOTS('',3,(#1958,#1959,#1960,#1961,#1962),
 .UNSPECIFIED.,.F.,.F.,(4,1,4),(0.,0.0296396401930452,0.0597624704873239),
 .UNSPECIFIED.);
#100=B_SPLINE_CURVE_WITH_KNOTS('',3,(#1965,#1966,#1967,#1968,#1969),
 .UNSPECIFIED.,.F.,.F.,(4,1,4),(0.,0.0296396401930452,0.0597624704873239),
 .UNSPECIFIED.);
#101=B_SPLINE_CURVE_WITH_KNOTS('',3,(#1981,#1982,#1983,#1984,#1985),
 .UNSPECIFIED.,.F.,.F.,(4,1,4),(0.,0.0356303072768247,0.0678513940223277),
 .UNSPECIFIED.);
#102=B_SPLINE_CURVE_WITH_KNOTS('',3,(#1988,#1989,#1990,#1991,#1992),
 .UNSPECIFIED.,.F.,.F.,(4,1,4),(0.,0.0356303072768247,0.0678513940223277),
 .UNSPECIFIED.);
#103=B_SPLINE_CURVE_WITH_KNOTS('',3,(#2004,#2005,#2006,#2007,#2008),
 .UNSPECIFIED.,.F.,.F.,(4,1,4),(0.,0.0494276352506763,0.0907120460790531),
 .UNSPECIFIED.);
#104=B_SPLINE_CURVE_WITH_KNOTS('',3,(#2011,#2012,#2013,#2014,#2015),
 .UNSPECIFIED.,.F.,.F.,(4,1,4),(0.,0.0494276352506763,0.0907120460790531),
 .UNSPECIFIED.);
#105=B_SPLINE_CURVE_WITH_KNOTS('',3,(#2026,#2027,#2028,#2029,#2030),
 .UNSPECIFIED.,.F.,.F.,(4,1,4),(0.,0.0362498017858883,0.0808558157256179),
 .UNSPECIFIED.);
#106=B_SPLINE_CURVE_WITH_KNOTS('',3,(#2031,#2032,#2033,#2034,#2035),
 .UNSPECIFIED.,.F.,.F.,(4,1,4),(0.,0.0362498017858883,0.0808558157256179),
 .UNSPECIFIED.);
#107=B_SPLINE_CURVE_WITH_KNOTS('',3,(#2049,#2050,#2051,#2052,#2053),
 .UNSPECIFIED.,.F.,.F.,(4,1,4),(0.,0.0638052251368827,0.120806164428872),
 .UNSPECIFIED.);
#108=B_SPLINE_CURVE_WITH_KNOTS('',3,(#2067,#2068,#2069,#2070,#2071),
 .UNSPECIFIED.,.F.,.F.,(4,1,4),(0.,0.0882279595562032,0.177954393241448),
 .UNSPECIFIED.);
#109=B_SPLINE_CURVE_WITH_KNOTS('',3,(#2084,#2085,#2086,#2087,#2088),
 .UNSPECIFIED.,.F.,.F.,(4,1,4),(0.,0.141271759784871,0.246541546209421),
 .UNSPECIFIED.);
#110=B_SPLINE_CURVE_WITH_KNOTS('',3,(#2101,#2102,#2103,#2104,#2105),
 .UNSPECIFIED.,.F.,.F.,(4,1,4),(0.,0.102332271676245,0.240865216966752),
 .UNSPECIFIED.);
#111=B_SPLINE_CURVE_WITH_KNOTS('',3,(#2118,#2119,#2120,#2121,#2122),
 .UNSPECIFIED.,.F.,.F.,(4,1,4),(0.,0.0842477008301454,0.168727934313449),
 .UNSPECIFIED.);
#112=B_SPLINE_CURVE_WITH_KNOTS('',3,(#2135,#2136,#2137,#2138,#2139),
 .UNSPECIFIED.,.F.,.F.,(4,1,4),(0.,0.0739332986106184,0.151050427697437),
 .UNSPECIFIED.);
#113=B_SPLINE_CURVE_WITH_KNOTS('',3,(#2152,#2153,#2154,#2155,#2156),
 .UNSPECIFIED.,.F.,.F.,(4,1,4),(0.,0.0828476142821307,0.158663111184768),
 .UNSPECIFIED.);
#114=B_SPLINE_CURVE_WITH_KNOTS('',3,(#2169,#2170,#2171,#2172,#2173),
 .UNSPECIFIED.,.F.,.F.,(4,1,4),(0.,0.073139521091448,0.152867791793302),
 .UNSPECIFIED.);
#115=B_SPLINE_CURVE_WITH_KNOTS('',3,(#2186,#2187,#2188,#2189,#2190),
 .UNSPECIFIED.,.F.,.F.,(4,1,4),(0.,0.0667977919896816,0.135806339504223),
 .UNSPECIFIED.);
#116=B_SPLINE_CURVE_WITH_KNOTS('',3,(#2203,#2204,#2205,#2206,#2207),
 .UNSPECIFIED.,.F.,.F.,(4,1,4),(0.,0.0612043484399074,0.12167469391867),
 .UNSPECIFIED.);
#117=B_SPLINE_CURVE_WITH_KNOTS('',3,(#2220,#2221,#2222,#2223,#2224),
 .UNSPECIFIED.,.F.,.F.,(4,1,4),(0.,0.0539002776773569,0.139502694149671),
 .UNSPECIFIED.);
#118=B_SPLINE_CURVE_WITH_KNOTS('',3,(#2237,#2238,#2239,#2240,#2241),
 .UNSPECIFIED.,.F.,.F.,(4,1,4),(0.,0.0336727907126107,0.0703353264340401),
 .UNSPECIFIED.);
#119=B_SPLINE_CURVE_WITH_KNOTS('',3,(#2254,#2255,#2256,#2257,#2258),
 .UNSPECIFIED.,.F.,.F.,(4,1,4),(0.,0.023237237885582,0.0488319301716775),
 .UNSPECIFIED.);
#120=B_SPLINE_CURVE_WITH_KNOTS('',3,(#2271,#2272,#2273,#2274,#2275),
 .UNSPECIFIED.,.F.,.F.,(4,1,4),(0.,0.0302267272442533,0.0550250289953348),
 .UNSPECIFIED.);
#121=B_SPLINE_CURVE_WITH_KNOTS('',3,(#2290,#2291,#2292,#2293,#2294),
 .UNSPECIFIED.,.F.,.F.,(4,1,4),(0.,0.0582561991304591,0.125943963229229),
 .UNSPECIFIED.);
#122=B_SPLINE_CURVE_WITH_KNOTS('',3,(#2314,#2315,#2316,#2317,#2318),
 .UNSPECIFIED.,.F.,.F.,(4,1,4),(0.,0.0624698689678472,0.120508064374643),
 .UNSPECIFIED.);
#123=B_SPLINE_CURVE_WITH_KNOTS('',3,(#2331,#2332,#2333,#2334,#2335),
 .UNSPECIFIED.,.F.,.F.,(4,1,4),(0.,0.0511640383340466,0.112134491171033),
 .UNSPECIFIED.);
#124=B_SPLINE_CURVE_WITH_KNOTS('',3,(#2352,#2353,#2354,#2355,#2356),
 .UNSPECIFIED.,.F.,.F.,(4,1,4),(0.,0.0849866684587009,0.171886046490542),
 .UNSPECIFIED.);
#125=B_SPLINE_CURVE_WITH_KNOTS('',3,(#2388,#2389,#2390,#2391,#2392),
 .UNSPECIFIED.,.F.,.F.,(4,1,4),(0.,0.0292683046402059,0.0877278816271959),
 .UNSPECIFIED.);
#126=B_SPLINE_CURVE_WITH_KNOTS('',3,(#2395,#2396,#2397,#2398,#2399),
 .UNSPECIFIED.,.F.,.F.,(4,1,4),(0.,0.0292683046402059,0.0877278816271959),
 .UNSPECIFIED.);
#127=B_SPLINE_CURVE_WITH_KNOTS('',3,(#2411,#2412,#2413,#2414,#2415),
 .UNSPECIFIED.,.F.,.F.,(4,1,4),(0.,0.0245137084432334,0.0517312719764843),
 .UNSPECIFIED.);
#128=B_SPLINE_CURVE_WITH_KNOTS('',3,(#2418,#2419,#2420,#2421,#2422),
 .UNSPECIFIED.,.F.,.F.,(4,1,4),(0.,0.0245137084432334,0.0517312719764843),
 .UNSPECIFIED.);
#129=B_SPLINE_CURVE_WITH_KNOTS('',3,(#2434,#2435,#2436,#2437,#2438),
 .UNSPECIFIED.,.F.,.F.,(4,1,4),(0.,0.0274425680625578,0.0519583922673294),
 .UNSPECIFIED.);
#130=B_SPLINE_CURVE_WITH_KNOTS('',3,(#2441,#2442,#2443,#2444,#2445),
 .UNSPECIFIED.,.F.,.F.,(4,1,4),(0.,0.0274425680625578,0.0519583922673294),
 .UNSPECIFIED.);
#131=B_SPLINE_CURVE_WITH_KNOTS('',3,(#2457,#2458,#2459,#2460,#2461),
 .UNSPECIFIED.,.F.,.F.,(4,1,4),(0.,0.0220732232643195,0.0468214363530435),
 .UNSPECIFIED.);
#132=B_SPLINE_CURVE_WITH_KNOTS('',3,(#2464,#2465,#2466,#2467,#2468),
 .UNSPECIFIED.,.F.,.F.,(4,1,4),(0.,0.0220732232643195,0.0468214363530435),
 .UNSPECIFIED.);
#133=B_SPLINE_CURVE_WITH_KNOTS('',3,(#2480,#2481,#2482,#2483,#2484),
 .UNSPECIFIED.,.F.,.F.,(4,1,4),(0.,0.0216065502965852,0.0426391915051792),
 .UNSPECIFIED.);
#134=B_SPLINE_CURVE_WITH_KNOTS('',3,(#2487,#2488,#2489,#2490,#2491),
 .UNSPECIFIED.,.F.,.F.,(4,1,4),(0.,0.0216065502965852,0.0426391915051792),
 .UNSPECIFIED.);
#135=B_SPLINE_CURVE_WITH_KNOTS('',3,(#2503,#2504,#2505,#2506,#2507),
 .UNSPECIFIED.,.F.,.F.,(4,1,4),(0.,0.0702538216177741,0.108403218828905),
 .UNSPECIFIED.);
#136=B_SPLINE_CURVE_WITH_KNOTS('',3,(#2510,#2511,#2512,#2513,#2514),
 .UNSPECIFIED.,.F.,.F.,(4,1,4),(0.,0.0702538216177741,0.108403218828905),
 .UNSPECIFIED.);
#137=B_SPLINE_CURVE_WITH_KNOTS('',3,(#2546,#2547,#2548,#2549,#2550),
 .UNSPECIFIED.,.F.,.F.,(4,1,4),(0.,0.0251681682852492,0.0610327282194378),
 .UNSPECIFIED.);
#138=B_SPLINE_CURVE_WITH_KNOTS('',3,(#2563,#2564,#2565,#2566,#2567),
 .UNSPECIFIED.,.F.,.F.,(4,1,4),(0.,0.0232381939306405,0.0441174517585879),
 .UNSPECIFIED.);
#139=B_SPLINE_CURVE_WITH_KNOTS('',3,(#2580,#2581,#2582,#2583,#2584),
 .UNSPECIFIED.,.F.,.F.,(4,1,4),(0.,0.0687027131930971,0.108050995604873),
 .UNSPECIFIED.);
#140=B_SPLINE_CURVE_WITH_KNOTS('',3,(#2609,#2610,#2611,#2612,#2613),
 .UNSPECIFIED.,.F.,.F.,(4,1,4),(0.,0.048089486218889,0.118489257737085),
 .UNSPECIFIED.);
#141=B_SPLINE_CURVE_WITH_KNOTS('',3,(#2626,#2627,#2628,#2629,#2630),
 .UNSPECIFIED.,.F.,.F.,(4,1,4),(0.,0.0428271087353407,0.081661699097431),
 .UNSPECIFIED.);
#142=B_SPLINE_CURVE_WITH_KNOTS('',3,(#2643,#2644,#2645,#2646,#2647),
 .UNSPECIFIED.,.F.,.F.,(4,1,4),(0.,0.0606478741289087,0.131953803512571),
 .UNSPECIFIED.);
#143=B_SPLINE_CURVE_WITH_KNOTS('',3,(#2660,#2661,#2662,#2663,#2664),
 .UNSPECIFIED.,.F.,.F.,(4,1,4),(0.,0.0619341756070439,0.119554039611203),
 .UNSPECIFIED.);
#144=B_SPLINE_CURVE_WITH_KNOTS('',3,(#2677,#2678,#2679,#2680,#2681),
 .UNSPECIFIED.,.F.,.F.,(4,1,4),(0.,0.0480709378532739,0.0983233220010378),
 .UNSPECIFIED.);
#145=B_SPLINE_CURVE_WITH_KNOTS('',3,(#2694,#2695,#2696,#2697,#2698),
 .UNSPECIFIED.,.F.,.F.,(4,1,4),(0.,0.0448451320081345,0.0909536372865049),
 .UNSPECIFIED.);
#146=B_SPLINE_CURVE_WITH_KNOTS('',3,(#2711,#2712,#2713,#2714,#2715),
 .UNSPECIFIED.,.F.,.F.,(4,1,4),(0.,0.0824554494320585,0.140001490706005),
 .UNSPECIFIED.);
#147=CIRCLE('',#1391,19.);
#148=CIRCLE('',#1394,19.);
#149=FACE_OUTER_BOUND('',#223,.T.);
#150=FACE_OUTER_BOUND('',#224,.T.);
#151=FACE_OUTER_BOUND('',#225,.T.);
#152=FACE_OUTER_BOUND('',#226,.T.);
#153=FACE_OUTER_BOUND('',#227,.T.);
#154=FACE_OUTER_BOUND('',#231,.T.);
#155=FACE_OUTER_BOUND('',#232,.T.);
#156=FACE_OUTER_BOUND('',#233,.T.);
#157=FACE_OUTER_BOUND('',#234,.T.);
#158=FACE_OUTER_BOUND('',#235,.T.);
#159=FACE_OUTER_BOUND('',#236,.T.);
#160=FACE_OUTER_BOUND('',#237,.T.);
#161=FACE_OUTER_BOUND('',#238,.T.);
#162=FACE_OUTER_BOUND('',#239,.T.);
#163=FACE_OUTER_BOUND('',#240,.T.);
#164=FACE_OUTER_BOUND('',#241,.T.);
#165=FACE_OUTER_BOUND('',#242,.T.);
#166=FACE_OUTER_BOUND('',#243,.T.);
#167=FACE_OUTER_BOUND('',#244,.T.);
#168=FACE_OUTER_BOUND('',#245,.T.);
#169=FACE_OUTER_BOUND('',#246,.T.);
#170=FACE_OUTER_BOUND('',#247,.T.);
#171=FACE_OUTER_BOUND('',#248,.T.);
#172=FACE_OUTER_BOUND('',#249,.T.);
#173=FACE_OUTER_BOUND('',#250,.T.);
#174=FACE_OUTER_BOUND('',#251,.T.);
#175=FACE_OUTER_BOUND('',#252,.T.);
#176=FACE_OUTER_BOUND('',#253,.T.);
#177=FACE_OUTER_BOUND('',#254,.T.);
#178=FACE_OUTER_BOUND('',#255,.T.);
#179=FACE_OUTER_BOUND('',#256,.T.);
#180=FACE_OUTER_BOUND('',#257,.T.);
#181=FACE_OUTER_BOUND('',#258,.T.);
#182=FACE_OUTER_BOUND('',#260,.T.);
#183=FACE_OUTER_BOUND('',#261,.T.);
#184=FACE_OUTER_BOUND('',#262,.T.);
#185=FACE_OUTER_BOUND('',#263,.T.);
#186=FACE_OUTER_BOUND('',#264,.T.);
#187=FACE_OUTER_BOUND('',#265,.T.);
#188=FACE_OUTER_BOUND('',#266,.T.);
#189=FACE_OUTER_BOUND('',#267,.T.);
#190=FACE_OUTER_BOUND('',#268,.T.);
#191=FACE_OUTER_BOUND('',#269,.T.);
#192=FACE_OUTER_BOUND('',#270,.T.);
#193=FACE_OUTER_BOUND('',#271,.T.);
#194=FACE_OUTER_BOUND('',#272,.T.);
#195=FACE_OUTER_BOUND('',#273,.T.);
#196=FACE_OUTER_BOUND('',#274,.T.);
#197=FACE_OUTER_BOUND('',#275,.T.);
#198=FACE_OUTER_BOUND('',#276,.T.);
#199=FACE_OUTER_BOUND('',#277,.T.);
#200=FACE_OUTER_BOUND('',#278,.T.);
#201=FACE_OUTER_BOUND('',#279,.T.);
#202=FACE_OUTER_BOUND('',#280,.T.);
#203=FACE_OUTER_BOUND('',#281,.T.);
#204=FACE_OUTER_BOUND('',#282,.T.);
#205=FACE_OUTER_BOUND('',#283,.T.);
#206=FACE_OUTER_BOUND('',#284,.T.);
#207=FACE_OUTER_BOUND('',#285,.T.);
#208=FACE_OUTER_BOUND('',#286,.T.);
#209=FACE_OUTER_BOUND('',#287,.T.);
#210=FACE_OUTER_BOUND('',#288,.T.);
#211=FACE_OUTER_BOUND('',#289,.T.);
#212=FACE_OUTER_BOUND('',#290,.T.);
#213=FACE_OUTER_BOUND('',#291,.T.);
#214=FACE_OUTER_BOUND('',#292,.T.);
#215=FACE_OUTER_BOUND('',#293,.T.);
#216=FACE_OUTER_BOUND('',#294,.T.);
#217=FACE_OUTER_BOUND('',#295,.T.);
#218=FACE_OUTER_BOUND('',#296,.T.);
#219=FACE_OUTER_BOUND('',#298,.T.);
#220=FACE_OUTER_BOUND('',#299,.T.);
#221=FACE_OUTER_BOUND('',#300,.T.);
#222=FACE_OUTER_BOUND('',#301,.T.);
#223=EDGE_LOOP('',(#867,#868,#869,#870));
#224=EDGE_LOOP('',(#871,#872,#873,#874));
#225=EDGE_LOOP('',(#875,#876,#877,#878,#879,#880,#881,#882));
#226=EDGE_LOOP('',(#883,#884,#885,#886));
#227=EDGE_LOOP('',(#887,#888,#889,#890,#891,#892,#893,#894));
#228=EDGE_LOOP('',(#895,#896,#897,#898,#899,#900,#901,#902,#903,#904,#905,
#906,#907,#908,#909,#910));
#229=EDGE_LOOP('',(#911,#912,#913,#914,#915,#916,#917,#918));
#230=EDGE_LOOP('',(#919,#920,#921,#922,#923,#924,#925,#926,#927,#928,#929,
#930,#931,#932,#933,#934,#935,#936));
#231=EDGE_LOOP('',(#937,#938,#939,#940));
#232=EDGE_LOOP('',(#941,#942,#943,#944));
#233=EDGE_LOOP('',(#945,#946,#947,#948));
#234=EDGE_LOOP('',(#949,#950,#951,#952));
#235=EDGE_LOOP('',(#953,#954,#955,#956));
#236=EDGE_LOOP('',(#957,#958,#959,#960));
#237=EDGE_LOOP('',(#961,#962,#963,#964));
#238=EDGE_LOOP('',(#965,#966,#967,#968));
#239=EDGE_LOOP('',(#969,#970,#971,#972));
#240=EDGE_LOOP('',(#973,#974,#975,#976));
#241=EDGE_LOOP('',(#977,#978,#979,#980));
#242=EDGE_LOOP('',(#981,#982,#983,#984));
#243=EDGE_LOOP('',(#985,#986,#987,#988));
#244=EDGE_LOOP('',(#989,#990,#991,#992));
#245=EDGE_LOOP('',(#993,#994,#995,#996));
#246=EDGE_LOOP('',(#997,#998,#999,#1000));
#247=EDGE_LOOP('',(#1001,#1002,#1003,#1004));
#248=EDGE_LOOP('',(#1005,#1006,#1007,#1008));
#249=EDGE_LOOP('',(#1009,#1010,#1011,#1012));
#250=EDGE_LOOP('',(#1013,#1014,#1015,#1016));
#251=EDGE_LOOP('',(#1017,#1018,#1019,#1020));
#252=EDGE_LOOP('',(#1021,#1022,#1023,#1024));
#253=EDGE_LOOP('',(#1025,#1026,#1027,#1028));
#254=EDGE_LOOP('',(#1029,#1030,#1031,#1032));
#255=EDGE_LOOP('',(#1033,#1034,#1035,#1036));
#256=EDGE_LOOP('',(#1037,#1038,#1039,#1040));
#257=EDGE_LOOP('',(#1041,#1042,#1043,#1044));
#258=EDGE_LOOP('',(#1045,#1046,#1047,#1048,#1049,#1050,#1051,#1052,#1053,
#1054,#1055,#1056,#1057,#1058,#1059,#1060));
#259=EDGE_LOOP('',(#1061,#1062,#1063,#1064,#1065,#1066,#1067,#1068));
#260=EDGE_LOOP('',(#1069,#1070,#1071,#1072));
#261=EDGE_LOOP('',(#1073,#1074,#1075,#1076));
#262=EDGE_LOOP('',(#1077,#1078,#1079,#1080));
#263=EDGE_LOOP('',(#1081,#1082,#1083,#1084));
#264=EDGE_LOOP('',(#1085,#1086,#1087,#1088));
#265=EDGE_LOOP('',(#1089,#1090,#1091,#1092));
#266=EDGE_LOOP('',(#1093,#1094,#1095,#1096));
#267=EDGE_LOOP('',(#1097,#1098,#1099,#1100));
#268=EDGE_LOOP('',(#1101,#1102,#1103,#1104,#1105,#1106,#1107,#1108));
#269=EDGE_LOOP('',(#1109,#1110,#1111,#1112));
#270=EDGE_LOOP('',(#1113,#1114,#1115,#1116));
#271=EDGE_LOOP('',(#1117,#1118,#1119,#1120));
#272=EDGE_LOOP('',(#1121,#1122,#1123,#1124));
#273=EDGE_LOOP('',(#1125,#1126,#1127,#1128));
#274=EDGE_LOOP('',(#1129,#1130,#1131,#1132));
#275=EDGE_LOOP('',(#1133,#1134,#1135,#1136));
#276=EDGE_LOOP('',(#1137,#1138,#1139,#1140));
#277=EDGE_LOOP('',(#1141,#1142,#1143,#1144));
#278=EDGE_LOOP('',(#1145,#1146,#1147,#1148));
#279=EDGE_LOOP('',(#1149,#1150,#1151,#1152));
#280=EDGE_LOOP('',(#1153,#1154,#1155,#1156));
#281=EDGE_LOOP('',(#1157,#1158,#1159,#1160));
#282=EDGE_LOOP('',(#1161,#1162,#1163,#1164));
#283=EDGE_LOOP('',(#1165,#1166,#1167,#1168));
#284=EDGE_LOOP('',(#1169,#1170,#1171,#1172));
#285=EDGE_LOOP('',(#1173,#1174,#1175,#1176));
#286=EDGE_LOOP('',(#1177,#1178,#1179,#1180));
#287=EDGE_LOOP('',(#1181,#1182,#1183,#1184));
#288=EDGE_LOOP('',(#1185,#1186,#1187,#1188));
#289=EDGE_LOOP('',(#1189,#1190,#1191,#1192));
#290=EDGE_LOOP('',(#1193,#1194,#1195,#1196));
#291=EDGE_LOOP('',(#1197,#1198,#1199,#1200));
#292=EDGE_LOOP('',(#1201,#1202,#1203,#1204));
#293=EDGE_LOOP('',(#1205,#1206,#1207,#1208));
#294=EDGE_LOOP('',(#1209,#1210,#1211,#1212));
#295=EDGE_LOOP('',(#1213,#1214,#1215,#1216));
#296=EDGE_LOOP('',(#1217,#1218,#1219,#1220,#1221,#1222,#1223,#1224,#1225,
#1226,#1227,#1228,#1229,#1230,#1231,#1232,#1233,#1234));
#297=EDGE_LOOP('',(#1235,#1236,#1237,#1238,#1239,#1240,#1241,#1242,#1243));
#298=EDGE_LOOP('',(#1244,#1245,#1246,#1247,#1248,#1249,#1250,#1251,#1252));
#299=EDGE_LOOP('',(#1253,#1254,#1255,#1256));
#300=EDGE_LOOP('',(#1257,#1258,#1259,#1260));
#301=EDGE_LOOP('',(#1261,#1262,#1263,#1264,#1265,#1266,#1267,#1268));
#302=LINE('',#1611,#417);
#303=LINE('',#1613,#418);
#304=LINE('',#1615,#419);
#305=LINE('',#1616,#420);
#306=LINE('',#1619,#421);
#307=LINE('',#1621,#422);
#308=LINE('',#1622,#423);
#309=LINE('',#1625,#424);
#310=LINE('',#1627,#425);
#311=LINE('',#1629,#426);
#312=LINE('',#1631,#427);
#313=LINE('',#1633,#428);
#314=LINE('',#1637,#429);
#315=LINE('',#1639,#430);
#316=LINE('',#1640,#431);
#317=LINE('',#1644,#432);
#318=LINE('',#1646,#433);
#319=LINE('',#1648,#434);
#320=LINE('',#1649,#435);
#321=LINE('',#1664,#436);
#322=LINE('',#1744,#437);
#323=LINE('',#1746,#438);
#324=LINE('',#1748,#439);
#325=LINE('',#1750,#440);
#326=LINE('',#1758,#441);
#327=LINE('',#1772,#442);
#328=LINE('',#1774,#443);
#329=LINE('',#1776,#444);
#330=LINE('',#1778,#445);
#331=LINE('',#1822,#446);
#332=LINE('',#1824,#447);
#333=LINE('',#1826,#448);
#334=LINE('',#1845,#449);
#335=LINE('',#1847,#450);
#336=LINE('',#1849,#451);
#337=LINE('',#1851,#452);
#338=LINE('',#1870,#453);
#339=LINE('',#1877,#454);
#340=LINE('',#1895,#455);
#341=LINE('',#1918,#456);
#342=LINE('',#1941,#457);
#343=LINE('',#1964,#458);
#344=LINE('',#1987,#459);
#345=LINE('',#2010,#460);
#346=LINE('',#2047,#461);
#347=LINE('',#2054,#462);
#348=LINE('',#2066,#463);
#349=LINE('',#2083,#464);
#350=LINE('',#2100,#465);
#351=LINE('',#2117,#466);
#352=LINE('',#2134,#467);
#353=LINE('',#2151,#468);
#354=LINE('',#2168,#469);
#355=LINE('',#2185,#470);
#356=LINE('',#2202,#471);
#357=LINE('',#2219,#472);
#358=LINE('',#2236,#473);
#359=LINE('',#2253,#474);
#360=LINE('',#2270,#475);
#361=LINE('',#2278,#476);
#362=LINE('',#2279,#477);
#363=LINE('',#2298,#478);
#364=LINE('',#2300,#479);
#365=LINE('',#2301,#480);
#366=LINE('',#2313,#481);
#367=LINE('',#2330,#482);
#368=LINE('',#2338,#483);
#369=LINE('',#2339,#484);
#370=LINE('',#2351,#485);
#371=LINE('',#2359,#486);
#372=LINE('',#2360,#487);
#373=LINE('',#2363,#488);
#374=LINE('',#2364,#489);
#375=LINE('',#2366,#490);
#376=LINE('',#2371,#491);
#377=LINE('',#2373,#492);
#378=LINE('',#2375,#493);
#379=LINE('',#2376,#494);
#380=LINE('',#2394,#495);
#381=LINE('',#2417,#496);
#382=LINE('',#2440,#497);
#383=LINE('',#2463,#498);
#384=LINE('',#2486,#499);
#385=LINE('',#2509,#500);
#386=LINE('',#2517,#501);
#387=LINE('',#2519,#502);
#388=LINE('',#2520,#503);
#389=LINE('',#2522,#504);
#390=LINE('',#2523,#505);
#391=LINE('',#2526,#506);
#392=LINE('',#2528,#507);
#393=LINE('',#2529,#508);
#394=LINE('',#2532,#509);
#395=LINE('',#2533,#510);
#396=LINE('',#2545,#511);
#397=LINE('',#2562,#512);
#398=LINE('',#2579,#513);
#399=LINE('',#2587,#514);
#400=LINE('',#2588,#515);
#401=LINE('',#2591,#516);
#402=LINE('',#2592,#517);
#403=LINE('',#2595,#518);
#404=LINE('',#2596,#519);
#405=LINE('',#2608,#520);
#406=LINE('',#2625,#521);
#407=LINE('',#2642,#522);
#408=LINE('',#2659,#523);
#409=LINE('',#2676,#524);
#410=LINE('',#2693,#525);
#411=LINE('',#2710,#526);
#412=LINE('',#2718,#527);
#413=LINE('',#2719,#528);
#414=LINE('',#2722,#529);
#415=LINE('',#2723,#530);
#416=LINE('',#2725,#531);
#417=VECTOR('',#1426,10.);
#418=VECTOR('',#1427,10.);
#419=VECTOR('',#1428,10.);
#420=VECTOR('',#1429,10.);
#421=VECTOR('',#1432,10.);
#422=VECTOR('',#1433,10.);
#423=VECTOR('',#1434,10.);
#424=VECTOR('',#1437,10.);
#425=VECTOR('',#1438,10.);
#426=VECTOR('',#1439,10.);
#427=VECTOR('',#1440,10.);
#428=VECTOR('',#1441,10.);
#429=VECTOR('',#1446,10.);
#430=VECTOR('',#1447,10.);
#431=VECTOR('',#1448,10.);
#432=VECTOR('',#1453,10.);
#433=VECTOR('',#1454,10.);
#434=VECTOR('',#1455,10.);
#435=VECTOR('',#1456,10.);
#436=VECTOR('',#1457,10.);
#437=VECTOR('',#1458,10.);
#438=VECTOR('',#1459,10.);
#439=VECTOR('',#1460,10.);
#440=VECTOR('',#1461,10.);
#441=VECTOR('',#1462,10.);
#442=VECTOR('',#1463,10.);
#443=VECTOR('',#1464,10.);
#444=VECTOR('',#1465,10.);
#445=VECTOR('',#1466,10.);
#446=VECTOR('',#1467,10.);
#447=VECTOR('',#1468,10.);
#448=VECTOR('',#1469,10.);
#449=VECTOR('',#1470,10.);
#450=VECTOR('',#1473,10.);
#451=VECTOR('',#1476,10.);
#452=VECTOR('',#1479,10.);
#453=VECTOR('',#1480,10.);
#454=VECTOR('',#1481,10.);
#455=VECTOR('',#1482,10.);
#456=VECTOR('',#1483,10.);
#457=VECTOR('',#1484,10.);
#458=VECTOR('',#1485,10.);
#459=VECTOR('',#1486,10.);
#460=VECTOR('',#1487,10.);
#461=VECTOR('',#1488,10.);
#462=VECTOR('',#1489,10.);
#463=VECTOR('',#1490,10.);
#464=VECTOR('',#1491,10.);
#465=VECTOR('',#1492,10.);
#466=VECTOR('',#1493,10.);
#467=VECTOR('',#1494,10.);
#468=VECTOR('',#1495,10.);
#469=VECTOR('',#1496,10.);
#470=VECTOR('',#1497,10.);
#471=VECTOR('',#1498,10.);
#472=VECTOR('',#1499,10.);
#473=VECTOR('',#1500,10.);
#474=VECTOR('',#1501,10.);
#475=VECTOR('',#1502,10.);
#476=VECTOR('',#1505,10.);
#477=VECTOR('',#1506,10.);
#478=VECTOR('',#1511,10.);
#479=VECTOR('',#1512,10.);
#480=VECTOR('',#1513,10.);
#481=VECTOR('',#1514,10.);
#482=VECTOR('',#1515,10.);
#483=VECTOR('',#1518,10.);
#484=VECTOR('',#1519,10.);
#485=VECTOR('',#1520,10.);
#486=VECTOR('',#1523,10.);
#487=VECTOR('',#1524,10.);
#488=VECTOR('',#1527,10.);
#489=VECTOR('',#1528,10.);
#490=VECTOR('',#1531,10.);
#491=VECTOR('',#1536,10.);
#492=VECTOR('',#1537,10.);
#493=VECTOR('',#1538,10.);
#494=VECTOR('',#1539,10.);
#495=VECTOR('',#1540,10.);
#496=VECTOR('',#1541,10.);
#497=VECTOR('',#1542,10.);
#498=VECTOR('',#1543,10.);
#499=VECTOR('',#1544,10.);
#500=VECTOR('',#1545,10.);
#501=VECTOR('',#1548,10.);
#502=VECTOR('',#1549,10.);
#503=VECTOR('',#1550,10.);
#504=VECTOR('',#1553,10.);
#505=VECTOR('',#1554,10.);
#506=VECTOR('',#1557,10.);
#507=VECTOR('',#1558,10.);
#508=VECTOR('',#1559,10.);
#509=VECTOR('',#1562,10.);
#510=VECTOR('',#1563,10.);
#511=VECTOR('',#1564,10.);
#512=VECTOR('',#1565,10.);
#513=VECTOR('',#1566,10.);
#514=VECTOR('',#1569,10.);
#515=VECTOR('',#1570,10.);
#516=VECTOR('',#1573,10.);
#517=VECTOR('',#1574,10.);
#518=VECTOR('',#1577,10.);
#519=VECTOR('',#1578,10.);
#520=VECTOR('',#1579,10.);
#521=VECTOR('',#1580,10.);
#522=VECTOR('',#1581,10.);
#523=VECTOR('',#1582,10.);
#524=VECTOR('',#1583,10.);
#525=VECTOR('',#1584,10.);
#526=VECTOR('',#1585,10.);
#527=VECTOR('',#1588,10.);
#528=VECTOR('',#1589,10.);
#529=VECTOR('',#1592,10.);
#530=VECTOR('',#1593,10.);
#531=VECTOR('',#1596,10.);
#532=VERTEX_POINT('',#1609);
#533=VERTEX_POINT('',#1610);
#534=VERTEX_POINT('',#1612);
#535=VERTEX_POINT('',#1614);
#536=VERTEX_POINT('',#1618);
#537=VERTEX_POINT('',#1620);
#538=VERTEX_POINT('',#1624);
#539=VERTEX_POINT('',#1626);
#540=VERTEX_POINT('',#1628);
#541=VERTEX_POINT('',#1630);
#542=VERTEX_POINT('',#1632);
#543=VERTEX_POINT('',#1636);
#544=VERTEX_POINT('',#1638);
#545=VERTEX_POINT('',#1642);
#546=VERTEX_POINT('',#1645);
#547=VERTEX_POINT('',#1647);
#548=VERTEX_POINT('',#1650);
#549=VERTEX_POINT('',#1651);
#550=VERTEX_POINT('',#1657);
#551=VERTEX_POINT('',#1663);
#552=VERTEX_POINT('',#1665);
#553=VERTEX_POINT('',#1671);
#554=VERTEX_POINT('',#1677);
#555=VERTEX_POINT('',#1683);
#556=VERTEX_POINT('',#1689);
#557=VERTEX_POINT('',#1695);
#558=VERTEX_POINT('',#1701);
#559=VERTEX_POINT('',#1707);
#560=VERTEX_POINT('',#1713);
#561=VERTEX_POINT('',#1719);
#562=VERTEX_POINT('',#1725);
#563=VERTEX_POINT('',#1731);
#564=VERTEX_POINT('',#1742);
#565=VERTEX_POINT('',#1743);
#566=VERTEX_POINT('',#1745);
#567=VERTEX_POINT('',#1747);
#568=VERTEX_POINT('',#1749);
#569=VERTEX_POINT('',#1751);
#570=VERTEX_POINT('',#1757);
#571=VERTEX_POINT('',#1759);
#572=VERTEX_POINT('',#1770);
#573=VERTEX_POINT('',#1771);
#574=VERTEX_POINT('',#1773);
#575=VERTEX_POINT('',#1775);
#576=VERTEX_POINT('',#1777);
#577=VERTEX_POINT('',#1779);
#578=VERTEX_POINT('',#1785);
#579=VERTEX_POINT('',#1791);
#580=VERTEX_POINT('',#1797);
#581=VERTEX_POINT('',#1803);
#582=VERTEX_POINT('',#1809);
#583=VERTEX_POINT('',#1815);
#584=VERTEX_POINT('',#1821);
#585=VERTEX_POINT('',#1823);
#586=VERTEX_POINT('',#1825);
#587=VERTEX_POINT('',#1827);
#588=VERTEX_POINT('',#1833);
#589=VERTEX_POINT('',#1839);
#590=VERTEX_POINT('',#1862);
#591=VERTEX_POINT('',#1863);
#592=VERTEX_POINT('',#1869);
#593=VERTEX_POINT('',#1871);
#594=VERTEX_POINT('',#1888);
#595=VERTEX_POINT('',#1894);
#596=VERTEX_POINT('',#1911);
#597=VERTEX_POINT('',#1917);
#598=VERTEX_POINT('',#1934);
#599=VERTEX_POINT('',#1940);
#600=VERTEX_POINT('',#1957);
#601=VERTEX_POINT('',#1963);
#602=VERTEX_POINT('',#1980);
#603=VERTEX_POINT('',#1986);
#604=VERTEX_POINT('',#2003);
#605=VERTEX_POINT('',#2009);
#606=VERTEX_POINT('',#2046);
#607=VERTEX_POINT('',#2048);
#608=VERTEX_POINT('',#2065);
#609=VERTEX_POINT('',#2082);
#610=VERTEX_POINT('',#2099);
#611=VERTEX_POINT('',#2116);
#612=VERTEX_POINT('',#2133);
#613=VERTEX_POINT('',#2150);
#614=VERTEX_POINT('',#2167);
#615=VERTEX_POINT('',#2184);
#616=VERTEX_POINT('',#2201);
#617=VERTEX_POINT('',#2218);
#618=VERTEX_POINT('',#2235);
#619=VERTEX_POINT('',#2252);
#620=VERTEX_POINT('',#2269);
#621=VERTEX_POINT('',#2277);
#622=VERTEX_POINT('',#2297);
#623=VERTEX_POINT('',#2299);
#624=VERTEX_POINT('',#2312);
#625=VERTEX_POINT('',#2329);
#626=VERTEX_POINT('',#2337);
#627=VERTEX_POINT('',#2350);
#628=VERTEX_POINT('',#2358);
#629=VERTEX_POINT('',#2362);
#630=VERTEX_POINT('',#2369);
#631=VERTEX_POINT('',#2370);
#632=VERTEX_POINT('',#2372);
#633=VERTEX_POINT('',#2374);
#634=VERTEX_POINT('',#2387);
#635=VERTEX_POINT('',#2393);
#636=VERTEX_POINT('',#2410);
#637=VERTEX_POINT('',#2416);
#638=VERTEX_POINT('',#2433);
#639=VERTEX_POINT('',#2439);
#640=VERTEX_POINT('',#2456);
#641=VERTEX_POINT('',#2462);
#642=VERTEX_POINT('',#2479);
#643=VERTEX_POINT('',#2485);
#644=VERTEX_POINT('',#2502);
#645=VERTEX_POINT('',#2508);
#646=VERTEX_POINT('',#2516);
#647=VERTEX_POINT('',#2518);
#648=VERTEX_POINT('',#2525);
#649=VERTEX_POINT('',#2527);
#650=VERTEX_POINT('',#2531);
#651=VERTEX_POINT('',#2544);
#652=VERTEX_POINT('',#2561);
#653=VERTEX_POINT('',#2578);
#654=VERTEX_POINT('',#2586);
#655=VERTEX_POINT('',#2590);
#656=VERTEX_POINT('',#2594);
#657=VERTEX_POINT('',#2607);
#658=VERTEX_POINT('',#2624);
#659=VERTEX_POINT('',#2641);
#660=VERTEX_POINT('',#2658);
#661=VERTEX_POINT('',#2675);
#662=VERTEX_POINT('',#2692);
#663=VERTEX_POINT('',#2709);
#664=VERTEX_POINT('',#2717);
#665=VERTEX_POINT('',#2721);
#666=EDGE_CURVE('',#532,#533,#302,.T.);
#667=EDGE_CURVE('',#533,#534,#303,.T.);
#668=EDGE_CURVE('',#534,#535,#304,.T.);
#669=EDGE_CURVE('',#535,#532,#305,.T.);
#670=EDGE_CURVE('',#536,#533,#306,.T.);
#671=EDGE_CURVE('',#536,#537,#307,.T.);
#672=EDGE_CURVE('',#537,#534,#308,.T.);
#673=EDGE_CURVE('',#532,#538,#309,.T.);
#674=EDGE_CURVE('',#539,#538,#310,.T.);
#675=EDGE_CURVE('',#539,#540,#311,.T.);
#676=EDGE_CURVE('',#541,#540,#312,.T.);
#677=EDGE_CURVE('',#541,#542,#313,.T.);
#678=EDGE_CURVE('',#542,#536,#147,.T.);
#679=EDGE_CURVE('',#540,#543,#314,.T.);
#680=EDGE_CURVE('',#543,#544,#315,.T.);
#681=EDGE_CURVE('',#544,#541,#316,.T.);
#682=EDGE_CURVE('',#537,#545,#148,.T.);
#683=EDGE_CURVE('',#544,#545,#317,.T.);
#684=EDGE_CURVE('',#546,#543,#318,.T.);
#685=EDGE_CURVE('',#547,#546,#319,.T.);
#686=EDGE_CURVE('',#535,#547,#320,.T.);
#687=EDGE_CURVE('',#548,#549,#63,.T.);
#688=EDGE_CURVE('',#549,#550,#64,.T.);
#689=EDGE_CURVE('',#550,#551,#321,.T.);
#690=EDGE_CURVE('',#551,#552,#65,.T.);
#691=EDGE_CURVE('',#552,#553,#66,.T.);
#692=EDGE_CURVE('',#553,#554,#67,.T.);
#693=EDGE_CURVE('',#554,#555,#68,.T.);
#694=EDGE_CURVE('',#555,#556,#69,.T.);
#695=EDGE_CURVE('',#556,#557,#70,.T.);
#696=EDGE_CURVE('',#557,#558,#71,.T.);
#697=EDGE_CURVE('',#558,#559,#72,.T.);
#698=EDGE_CURVE('',#559,#560,#73,.T.);
#699=EDGE_CURVE('',#560,#561,#74,.T.);
#700=EDGE_CURVE('',#561,#562,#75,.T.);
#701=EDGE_CURVE('',#562,#563,#76,.T.);
#702=EDGE_CURVE('',#563,#548,#77,.T.);
#703=EDGE_CURVE('',#564,#565,#322,.T.);
#704=EDGE_CURVE('',#565,#566,#323,.T.);
#705=EDGE_CURVE('',#566,#567,#324,.T.);
#706=EDGE_CURVE('',#567,#568,#325,.T.);
#707=EDGE_CURVE('',#568,#569,#78,.T.);
#708=EDGE_CURVE('',#569,#570,#326,.T.);
#709=EDGE_CURVE('',#570,#571,#79,.T.);
#710=EDGE_CURVE('',#571,#564,#80,.T.);
#711=EDGE_CURVE('',#572,#573,#327,.T.);
#712=EDGE_CURVE('',#573,#574,#328,.T.);
#713=EDGE_CURVE('',#574,#575,#329,.T.);
#714=EDGE_CURVE('',#575,#576,#330,.T.);
#715=EDGE_CURVE('',#576,#577,#81,.T.);
#716=EDGE_CURVE('',#577,#578,#82,.T.);
#717=EDGE_CURVE('',#578,#579,#83,.T.);
#718=EDGE_CURVE('',#579,#580,#84,.T.);
#719=EDGE_CURVE('',#580,#581,#85,.T.);
#720=EDGE_CURVE('',#581,#582,#86,.T.);
#721=EDGE_CURVE('',#582,#583,#87,.T.);
#722=EDGE_CURVE('',#583,#584,#331,.T.);
#723=EDGE_CURVE('',#584,#585,#332,.T.);
#724=EDGE_CURVE('',#585,#586,#333,.T.);
#725=EDGE_CURVE('',#586,#587,#88,.T.);
#726=EDGE_CURVE('',#587,#588,#89,.T.);
#727=EDGE_CURVE('',#588,#589,#90,.T.);
#728=EDGE_CURVE('',#589,#572,#334,.T.);
#729=EDGE_CURVE('',#546,#539,#335,.T.);
#730=EDGE_CURVE('',#538,#547,#336,.T.);
#731=EDGE_CURVE('',#545,#542,#337,.T.);
#732=EDGE_CURVE('',#590,#591,#91,.T.);
#733=EDGE_CURVE('',#590,#592,#338,.T.);
#734=EDGE_CURVE('',#592,#593,#92,.T.);
#735=EDGE_CURVE('',#591,#593,#339,.T.);
#736=EDGE_CURVE('',#594,#590,#93,.T.);
#737=EDGE_CURVE('',#594,#595,#340,.T.);
#738=EDGE_CURVE('',#595,#592,#94,.T.);
#739=EDGE_CURVE('',#596,#594,#95,.T.);
#740=EDGE_CURVE('',#596,#597,#341,.T.);
#741=EDGE_CURVE('',#597,#595,#96,.T.);
#742=EDGE_CURVE('',#598,#596,#97,.T.);
#743=EDGE_CURVE('',#598,#599,#342,.T.);
#744=EDGE_CURVE('',#599,#597,#98,.T.);
#745=EDGE_CURVE('',#600,#598,#99,.T.);
#746=EDGE_CURVE('',#600,#601,#343,.T.);
#747=EDGE_CURVE('',#601,#599,#100,.T.);
#748=EDGE_CURVE('',#602,#600,#101,.T.);
#749=EDGE_CURVE('',#602,#603,#344,.T.);
#750=EDGE_CURVE('',#603,#601,#102,.T.);
#751=EDGE_CURVE('',#604,#602,#103,.T.);
#752=EDGE_CURVE('',#604,#605,#345,.T.);
#753=EDGE_CURVE('',#605,#603,#104,.T.);
#754=EDGE_CURVE('',#591,#604,#105,.T.);
#755=EDGE_CURVE('',#593,#605,#106,.T.);
#756=EDGE_CURVE('',#548,#606,#346,.T.);
#757=EDGE_CURVE('',#606,#607,#107,.T.);
#758=EDGE_CURVE('',#549,#607,#347,.T.);
#759=EDGE_CURVE('',#563,#608,#348,.T.);
#760=EDGE_CURVE('',#608,#606,#108,.T.);
#761=EDGE_CURVE('',#562,#609,#349,.T.);
#762=EDGE_CURVE('',#609,#608,#109,.T.);
#763=EDGE_CURVE('',#561,#610,#350,.T.);
#764=EDGE_CURVE('',#610,#609,#110,.T.);
#765=EDGE_CURVE('',#560,#611,#351,.T.);
#766=EDGE_CURVE('',#611,#610,#111,.T.);
#767=EDGE_CURVE('',#559,#612,#352,.T.);
#768=EDGE_CURVE('',#612,#611,#112,.T.);
#769=EDGE_CURVE('',#558,#613,#353,.T.);
#770=EDGE_CURVE('',#613,#612,#113,.T.);
#771=EDGE_CURVE('',#557,#614,#354,.T.);
#772=EDGE_CURVE('',#614,#613,#114,.T.);
#773=EDGE_CURVE('',#556,#615,#355,.T.);
#774=EDGE_CURVE('',#615,#614,#115,.T.);
#775=EDGE_CURVE('',#555,#616,#356,.T.);
#776=EDGE_CURVE('',#616,#615,#116,.T.);
#777=EDGE_CURVE('',#554,#617,#357,.T.);
#778=EDGE_CURVE('',#617,#616,#117,.T.);
#779=EDGE_CURVE('',#553,#618,#358,.T.);
#780=EDGE_CURVE('',#618,#617,#118,.T.);
#781=EDGE_CURVE('',#552,#619,#359,.T.);
#782=EDGE_CURVE('',#619,#618,#119,.T.);
#783=EDGE_CURVE('',#551,#620,#360,.T.);
#784=EDGE_CURVE('',#620,#619,#120,.T.);
#785=EDGE_CURVE('',#550,#621,#361,.T.);
#786=EDGE_CURVE('',#621,#620,#362,.T.);
#787=EDGE_CURVE('',#607,#621,#121,.T.);
#788=EDGE_CURVE('',#564,#622,#363,.T.);
#789=EDGE_CURVE('',#622,#623,#364,.T.);
#790=EDGE_CURVE('',#565,#623,#365,.T.);
#791=EDGE_CURVE('',#571,#624,#366,.T.);
#792=EDGE_CURVE('',#624,#622,#122,.T.);
#793=EDGE_CURVE('',#570,#625,#367,.T.);
#794=EDGE_CURVE('',#625,#624,#123,.T.);
#795=EDGE_CURVE('',#569,#626,#368,.T.);
#796=EDGE_CURVE('',#626,#625,#369,.T.);
#797=EDGE_CURVE('',#568,#627,#370,.T.);
#798=EDGE_CURVE('',#627,#626,#124,.T.);
#799=EDGE_CURVE('',#567,#628,#371,.T.);
#800=EDGE_CURVE('',#628,#627,#372,.T.);
#801=EDGE_CURVE('',#566,#629,#373,.T.);
#802=EDGE_CURVE('',#629,#628,#374,.T.);
#803=EDGE_CURVE('',#623,#629,#375,.T.);
#804=EDGE_CURVE('',#630,#631,#376,.T.);
#805=EDGE_CURVE('',#630,#632,#377,.T.);
#806=EDGE_CURVE('',#632,#633,#378,.T.);
#807=EDGE_CURVE('',#631,#633,#379,.T.);
#808=EDGE_CURVE('',#634,#630,#125,.T.);
#809=EDGE_CURVE('',#634,#635,#380,.T.);
#810=EDGE_CURVE('',#635,#632,#126,.T.);
#811=EDGE_CURVE('',#636,#634,#127,.T.);
#812=EDGE_CURVE('',#636,#637,#381,.T.);
#813=EDGE_CURVE('',#637,#635,#128,.T.);
#814=EDGE_CURVE('',#638,#636,#129,.T.);
#815=EDGE_CURVE('',#638,#639,#382,.T.);
#816=EDGE_CURVE('',#639,#637,#130,.T.);
#817=EDGE_CURVE('',#640,#638,#131,.T.);
#818=EDGE_CURVE('',#640,#641,#383,.T.);
#819=EDGE_CURVE('',#641,#639,#132,.T.);
#820=EDGE_CURVE('',#642,#640,#133,.T.);
#821=EDGE_CURVE('',#642,#643,#384,.T.);
#822=EDGE_CURVE('',#643,#641,#134,.T.);
#823=EDGE_CURVE('',#644,#642,#135,.T.);
#824=EDGE_CURVE('',#644,#645,#385,.T.);
#825=EDGE_CURVE('',#645,#643,#136,.T.);
#826=EDGE_CURVE('',#646,#644,#386,.T.);
#827=EDGE_CURVE('',#646,#647,#387,.T.);
#828=EDGE_CURVE('',#647,#645,#388,.T.);
#829=EDGE_CURVE('',#631,#646,#389,.T.);
#830=EDGE_CURVE('',#633,#647,#390,.T.);
#831=EDGE_CURVE('',#572,#648,#391,.T.);
#832=EDGE_CURVE('',#648,#649,#392,.T.);
#833=EDGE_CURVE('',#573,#649,#393,.T.);
#834=EDGE_CURVE('',#589,#650,#394,.T.);
#835=EDGE_CURVE('',#650,#648,#395,.T.);
#836=EDGE_CURVE('',#588,#651,#396,.T.);
#837=EDGE_CURVE('',#651,#650,#137,.T.);
#838=EDGE_CURVE('',#587,#652,#397,.T.);
#839=EDGE_CURVE('',#652,#651,#138,.T.);
#840=EDGE_CURVE('',#586,#653,#398,.T.);
#841=EDGE_CURVE('',#653,#652,#139,.T.);
#842=EDGE_CURVE('',#585,#654,#399,.T.);
#843=EDGE_CURVE('',#654,#653,#400,.T.);
#844=EDGE_CURVE('',#584,#655,#401,.T.);
#845=EDGE_CURVE('',#655,#654,#402,.T.);
#846=EDGE_CURVE('',#583,#656,#403,.T.);
#847=EDGE_CURVE('',#656,#655,#404,.T.);
#848=EDGE_CURVE('',#582,#657,#405,.T.);
#849=EDGE_CURVE('',#657,#656,#140,.T.);
#850=EDGE_CURVE('',#581,#658,#406,.T.);
#851=EDGE_CURVE('',#658,#657,#141,.T.);
#852=EDGE_CURVE('',#580,#659,#407,.T.);
#853=EDGE_CURVE('',#659,#658,#142,.T.);
#854=EDGE_CURVE('',#579,#660,#408,.T.);
#855=EDGE_CURVE('',#660,#659,#143,.T.);
#856=EDGE_CURVE('',#578,#661,#409,.T.);
#857=EDGE_CURVE('',#661,#660,#144,.T.);
#858=EDGE_CURVE('',#577,#662,#410,.T.);
#859=EDGE_CURVE('',#662,#661,#145,.T.);
#860=EDGE_CURVE('',#576,#663,#411,.T.);
#861=EDGE_CURVE('',#663,#662,#146,.T.);
#862=EDGE_CURVE('',#575,#664,#412,.T.);
#863=EDGE_CURVE('',#664,#663,#413,.T.);
#864=EDGE_CURVE('',#574,#665,#414,.T.);
#865=EDGE_CURVE('',#665,#664,#415,.T.);
#866=EDGE_CURVE('',#649,#665,#416,.T.);
#867=ORIENTED_EDGE('',*,*,#666,.T.);
#868=ORIENTED_EDGE('',*,*,#667,.T.);
#869=ORIENTED_EDGE('',*,*,#668,.T.);
#870=ORIENTED_EDGE('',*,*,#669,.T.);
#871=ORIENTED_EDGE('',*,*,#667,.F.);
#872=ORIENTED_EDGE('',*,*,#670,.F.);
#873=ORIENTED_EDGE('',*,*,#671,.T.);
#874=ORIENTED_EDGE('',*,*,#672,.T.);
#875=ORIENTED_EDGE('',*,*,#666,.F.);
#876=ORIENTED_EDGE('',*,*,#673,.T.);
#877=ORIENTED_EDGE('',*,*,#674,.F.);
#878=ORIENTED_EDGE('',*,*,#675,.T.);
#879=ORIENTED_EDGE('',*,*,#676,.F.);
#880=ORIENTED_EDGE('',*,*,#677,.T.);
#881=ORIENTED_EDGE('',*,*,#678,.T.);
#882=ORIENTED_EDGE('',*,*,#670,.T.);
#883=ORIENTED_EDGE('',*,*,#676,.T.);
#884=ORIENTED_EDGE('',*,*,#679,.T.);
#885=ORIENTED_EDGE('',*,*,#680,.T.);
#886=ORIENTED_EDGE('',*,*,#681,.T.);
#887=ORIENTED_EDGE('',*,*,#668,.F.);
#888=ORIENTED_EDGE('',*,*,#672,.F.);
#889=ORIENTED_EDGE('',*,*,#682,.T.);
#890=ORIENTED_EDGE('',*,*,#683,.F.);
#891=ORIENTED_EDGE('',*,*,#680,.F.);
#892=ORIENTED_EDGE('',*,*,#684,.F.);
#893=ORIENTED_EDGE('',*,*,#685,.F.);
#894=ORIENTED_EDGE('',*,*,#686,.F.);
#895=ORIENTED_EDGE('',*,*,#687,.T.);
#896=ORIENTED_EDGE('',*,*,#688,.T.);
#897=ORIENTED_EDGE('',*,*,#689,.T.);
#898=ORIENTED_EDGE('',*,*,#690,.T.);
#899=ORIENTED_EDGE('',*,*,#691,.T.);
#900=ORIENTED_EDGE('',*,*,#692,.T.);
#901=ORIENTED_EDGE('',*,*,#693,.T.);
#902=ORIENTED_EDGE('',*,*,#694,.T.);
#903=ORIENTED_EDGE('',*,*,#695,.T.);
#904=ORIENTED_EDGE('',*,*,#696,.T.);
#905=ORIENTED_EDGE('',*,*,#697,.T.);
#906=ORIENTED_EDGE('',*,*,#698,.T.);
#907=ORIENTED_EDGE('',*,*,#699,.T.);
#908=ORIENTED_EDGE('',*,*,#700,.T.);
#909=ORIENTED_EDGE('',*,*,#701,.T.);
#910=ORIENTED_EDGE('',*,*,#702,.T.);
#911=ORIENTED_EDGE('',*,*,#703,.T.);
#912=ORIENTED_EDGE('',*,*,#704,.T.);
#913=ORIENTED_EDGE('',*,*,#705,.T.);
#914=ORIENTED_EDGE('',*,*,#706,.T.);
#915=ORIENTED_EDGE('',*,*,#707,.T.);
#916=ORIENTED_EDGE('',*,*,#708,.T.);
#917=ORIENTED_EDGE('',*,*,#709,.T.);
#918=ORIENTED_EDGE('',*,*,#710,.T.);
#919=ORIENTED_EDGE('',*,*,#711,.T.);
#920=ORIENTED_EDGE('',*,*,#712,.T.);
#921=ORIENTED_EDGE('',*,*,#713,.T.);
#922=ORIENTED_EDGE('',*,*,#714,.T.);
#923=ORIENTED_EDGE('',*,*,#715,.T.);
#924=ORIENTED_EDGE('',*,*,#716,.T.);
#925=ORIENTED_EDGE('',*,*,#717,.T.);
#926=ORIENTED_EDGE('',*,*,#718,.T.);
#927=ORIENTED_EDGE('',*,*,#719,.T.);
#928=ORIENTED_EDGE('',*,*,#720,.T.);
#929=ORIENTED_EDGE('',*,*,#721,.T.);
#930=ORIENTED_EDGE('',*,*,#722,.T.);
#931=ORIENTED_EDGE('',*,*,#723,.T.);
#932=ORIENTED_EDGE('',*,*,#724,.T.);
#933=ORIENTED_EDGE('',*,*,#725,.T.);
#934=ORIENTED_EDGE('',*,*,#726,.T.);
#935=ORIENTED_EDGE('',*,*,#727,.T.);
#936=ORIENTED_EDGE('',*,*,#728,.T.);
#937=ORIENTED_EDGE('',*,*,#679,.F.);
#938=ORIENTED_EDGE('',*,*,#675,.F.);
#939=ORIENTED_EDGE('',*,*,#729,.F.);
#940=ORIENTED_EDGE('',*,*,#684,.T.);
#941=ORIENTED_EDGE('',*,*,#674,.T.);
#942=ORIENTED_EDGE('',*,*,#730,.T.);
#943=ORIENTED_EDGE('',*,*,#685,.T.);
#944=ORIENTED_EDGE('',*,*,#729,.T.);
#945=ORIENTED_EDGE('',*,*,#731,.F.);
#946=ORIENTED_EDGE('',*,*,#682,.F.);
#947=ORIENTED_EDGE('',*,*,#671,.F.);
#948=ORIENTED_EDGE('',*,*,#678,.F.);
#949=ORIENTED_EDGE('',*,*,#732,.F.);
#950=ORIENTED_EDGE('',*,*,#733,.T.);
#951=ORIENTED_EDGE('',*,*,#734,.T.);
#952=ORIENTED_EDGE('',*,*,#735,.F.);
#953=ORIENTED_EDGE('',*,*,#736,.F.);
#954=ORIENTED_EDGE('',*,*,#737,.T.);
#955=ORIENTED_EDGE('',*,*,#738,.T.);
#956=ORIENTED_EDGE('',*,*,#733,.F.);
#957=ORIENTED_EDGE('',*,*,#739,.F.);
#958=ORIENTED_EDGE('',*,*,#740,.T.);
#959=ORIENTED_EDGE('',*,*,#741,.T.);
#960=ORIENTED_EDGE('',*,*,#737,.F.);
#961=ORIENTED_EDGE('',*,*,#742,.F.);
#962=ORIENTED_EDGE('',*,*,#743,.T.);
#963=ORIENTED_EDGE('',*,*,#744,.T.);
#964=ORIENTED_EDGE('',*,*,#740,.F.);
#965=ORIENTED_EDGE('',*,*,#745,.F.);
#966=ORIENTED_EDGE('',*,*,#746,.T.);
#967=ORIENTED_EDGE('',*,*,#747,.T.);
#968=ORIENTED_EDGE('',*,*,#743,.F.);
#969=ORIENTED_EDGE('',*,*,#748,.F.);
#970=ORIENTED_EDGE('',*,*,#749,.T.);
#971=ORIENTED_EDGE('',*,*,#750,.T.);
#972=ORIENTED_EDGE('',*,*,#746,.F.);
#973=ORIENTED_EDGE('',*,*,#751,.F.);
#974=ORIENTED_EDGE('',*,*,#752,.T.);
#975=ORIENTED_EDGE('',*,*,#753,.T.);
#976=ORIENTED_EDGE('',*,*,#749,.F.);
#977=ORIENTED_EDGE('',*,*,#754,.F.);
#978=ORIENTED_EDGE('',*,*,#735,.T.);
#979=ORIENTED_EDGE('',*,*,#755,.T.);
#980=ORIENTED_EDGE('',*,*,#752,.F.);
#981=ORIENTED_EDGE('',*,*,#687,.F.);
#982=ORIENTED_EDGE('',*,*,#756,.T.);
#983=ORIENTED_EDGE('',*,*,#757,.T.);
#984=ORIENTED_EDGE('',*,*,#758,.F.);
#985=ORIENTED_EDGE('',*,*,#702,.F.);
#986=ORIENTED_EDGE('',*,*,#759,.T.);
#987=ORIENTED_EDGE('',*,*,#760,.T.);
#988=ORIENTED_EDGE('',*,*,#756,.F.);
#989=ORIENTED_EDGE('',*,*,#701,.F.);
#990=ORIENTED_EDGE('',*,*,#761,.T.);
#991=ORIENTED_EDGE('',*,*,#762,.T.);
#992=ORIENTED_EDGE('',*,*,#759,.F.);
#993=ORIENTED_EDGE('',*,*,#700,.F.);
#994=ORIENTED_EDGE('',*,*,#763,.T.);
#995=ORIENTED_EDGE('',*,*,#764,.T.);
#996=ORIENTED_EDGE('',*,*,#761,.F.);
#997=ORIENTED_EDGE('',*,*,#699,.F.);
#998=ORIENTED_EDGE('',*,*,#765,.T.);
#999=ORIENTED_EDGE('',*,*,#766,.T.);
#1000=ORIENTED_EDGE('',*,*,#763,.F.);
#1001=ORIENTED_EDGE('',*,*,#698,.F.);
#1002=ORIENTED_EDGE('',*,*,#767,.T.);
#1003=ORIENTED_EDGE('',*,*,#768,.T.);
#1004=ORIENTED_EDGE('',*,*,#765,.F.);
#1005=ORIENTED_EDGE('',*,*,#697,.F.);
#1006=ORIENTED_EDGE('',*,*,#769,.T.);
#1007=ORIENTED_EDGE('',*,*,#770,.T.);
#1008=ORIENTED_EDGE('',*,*,#767,.F.);
#1009=ORIENTED_EDGE('',*,*,#696,.F.);
#1010=ORIENTED_EDGE('',*,*,#771,.T.);
#1011=ORIENTED_EDGE('',*,*,#772,.T.);
#1012=ORIENTED_EDGE('',*,*,#769,.F.);
#1013=ORIENTED_EDGE('',*,*,#695,.F.);
#1014=ORIENTED_EDGE('',*,*,#773,.T.);
#1015=ORIENTED_EDGE('',*,*,#774,.T.);
#1016=ORIENTED_EDGE('',*,*,#771,.F.);
#1017=ORIENTED_EDGE('',*,*,#694,.F.);
#1018=ORIENTED_EDGE('',*,*,#775,.T.);
#1019=ORIENTED_EDGE('',*,*,#776,.T.);
#1020=ORIENTED_EDGE('',*,*,#773,.F.);
#1021=ORIENTED_EDGE('',*,*,#693,.F.);
#1022=ORIENTED_EDGE('',*,*,#777,.T.);
#1023=ORIENTED_EDGE('',*,*,#778,.T.);
#1024=ORIENTED_EDGE('',*,*,#775,.F.);
#1025=ORIENTED_EDGE('',*,*,#692,.F.);
#1026=ORIENTED_EDGE('',*,*,#779,.T.);
#1027=ORIENTED_EDGE('',*,*,#780,.T.);
#1028=ORIENTED_EDGE('',*,*,#777,.F.);
#1029=ORIENTED_EDGE('',*,*,#691,.F.);
#1030=ORIENTED_EDGE('',*,*,#781,.T.);
#1031=ORIENTED_EDGE('',*,*,#782,.T.);
#1032=ORIENTED_EDGE('',*,*,#779,.F.);
#1033=ORIENTED_EDGE('',*,*,#690,.F.);
#1034=ORIENTED_EDGE('',*,*,#783,.T.);
#1035=ORIENTED_EDGE('',*,*,#784,.T.);
#1036=ORIENTED_EDGE('',*,*,#781,.F.);
#1037=ORIENTED_EDGE('',*,*,#689,.F.);
#1038=ORIENTED_EDGE('',*,*,#785,.T.);
#1039=ORIENTED_EDGE('',*,*,#786,.T.);
#1040=ORIENTED_EDGE('',*,*,#783,.F.);
#1041=ORIENTED_EDGE('',*,*,#688,.F.);
#1042=ORIENTED_EDGE('',*,*,#758,.T.);
#1043=ORIENTED_EDGE('',*,*,#787,.T.);
#1044=ORIENTED_EDGE('',*,*,#785,.F.);
#1045=ORIENTED_EDGE('',*,*,#787,.F.);
#1046=ORIENTED_EDGE('',*,*,#757,.F.);
#1047=ORIENTED_EDGE('',*,*,#760,.F.);
#1048=ORIENTED_EDGE('',*,*,#762,.F.);
#1049=ORIENTED_EDGE('',*,*,#764,.F.);
#1050=ORIENTED_EDGE('',*,*,#766,.F.);
#1051=ORIENTED_EDGE('',*,*,#768,.F.);
#1052=ORIENTED_EDGE('',*,*,#770,.F.);
#1053=ORIENTED_EDGE('',*,*,#772,.F.);
#1054=ORIENTED_EDGE('',*,*,#774,.F.);
#1055=ORIENTED_EDGE('',*,*,#776,.F.);
#1056=ORIENTED_EDGE('',*,*,#778,.F.);
#1057=ORIENTED_EDGE('',*,*,#780,.F.);
#1058=ORIENTED_EDGE('',*,*,#782,.F.);
#1059=ORIENTED_EDGE('',*,*,#784,.F.);
#1060=ORIENTED_EDGE('',*,*,#786,.F.);
#1061=ORIENTED_EDGE('',*,*,#755,.F.);
#1062=ORIENTED_EDGE('',*,*,#734,.F.);
#1063=ORIENTED_EDGE('',*,*,#738,.F.);
#1064=ORIENTED_EDGE('',*,*,#741,.F.);
#1065=ORIENTED_EDGE('',*,*,#744,.F.);
#1066=ORIENTED_EDGE('',*,*,#747,.F.);
#1067=ORIENTED_EDGE('',*,*,#750,.F.);
#1068=ORIENTED_EDGE('',*,*,#753,.F.);
#1069=ORIENTED_EDGE('',*,*,#703,.F.);
#1070=ORIENTED_EDGE('',*,*,#788,.T.);
#1071=ORIENTED_EDGE('',*,*,#789,.T.);
#1072=ORIENTED_EDGE('',*,*,#790,.F.);
#1073=ORIENTED_EDGE('',*,*,#710,.F.);
#1074=ORIENTED_EDGE('',*,*,#791,.T.);
#1075=ORIENTED_EDGE('',*,*,#792,.T.);
#1076=ORIENTED_EDGE('',*,*,#788,.F.);
#1077=ORIENTED_EDGE('',*,*,#709,.F.);
#1078=ORIENTED_EDGE('',*,*,#793,.T.);
#1079=ORIENTED_EDGE('',*,*,#794,.T.);
#1080=ORIENTED_EDGE('',*,*,#791,.F.);
#1081=ORIENTED_EDGE('',*,*,#708,.F.);
#1082=ORIENTED_EDGE('',*,*,#795,.T.);
#1083=ORIENTED_EDGE('',*,*,#796,.T.);
#1084=ORIENTED_EDGE('',*,*,#793,.F.);
#1085=ORIENTED_EDGE('',*,*,#707,.F.);
#1086=ORIENTED_EDGE('',*,*,#797,.T.);
#1087=ORIENTED_EDGE('',*,*,#798,.T.);
#1088=ORIENTED_EDGE('',*,*,#795,.F.);
#1089=ORIENTED_EDGE('',*,*,#706,.F.);
#1090=ORIENTED_EDGE('',*,*,#799,.T.);
#1091=ORIENTED_EDGE('',*,*,#800,.T.);
#1092=ORIENTED_EDGE('',*,*,#797,.F.);
#1093=ORIENTED_EDGE('',*,*,#705,.F.);
#1094=ORIENTED_EDGE('',*,*,#801,.T.);
#1095=ORIENTED_EDGE('',*,*,#802,.T.);
#1096=ORIENTED_EDGE('',*,*,#799,.F.);
#1097=ORIENTED_EDGE('',*,*,#704,.F.);
#1098=ORIENTED_EDGE('',*,*,#790,.T.);
#1099=ORIENTED_EDGE('',*,*,#803,.T.);
#1100=ORIENTED_EDGE('',*,*,#801,.F.);
#1101=ORIENTED_EDGE('',*,*,#803,.F.);
#1102=ORIENTED_EDGE('',*,*,#789,.F.);
#1103=ORIENTED_EDGE('',*,*,#792,.F.);
#1104=ORIENTED_EDGE('',*,*,#794,.F.);
#1105=ORIENTED_EDGE('',*,*,#796,.F.);
#1106=ORIENTED_EDGE('',*,*,#798,.F.);
#1107=ORIENTED_EDGE('',*,*,#800,.F.);
#1108=ORIENTED_EDGE('',*,*,#802,.F.);
#1109=ORIENTED_EDGE('',*,*,#804,.F.);
#1110=ORIENTED_EDGE('',*,*,#805,.T.);
#1111=ORIENTED_EDGE('',*,*,#806,.T.);
#1112=ORIENTED_EDGE('',*,*,#807,.F.);
#1113=ORIENTED_EDGE('',*,*,#808,.F.);
#1114=ORIENTED_EDGE('',*,*,#809,.T.);
#1115=ORIENTED_EDGE('',*,*,#810,.T.);
#1116=ORIENTED_EDGE('',*,*,#805,.F.);
#1117=ORIENTED_EDGE('',*,*,#811,.F.);
#1118=ORIENTED_EDGE('',*,*,#812,.T.);
#1119=ORIENTED_EDGE('',*,*,#813,.T.);
#1120=ORIENTED_EDGE('',*,*,#809,.F.);
#1121=ORIENTED_EDGE('',*,*,#814,.F.);
#1122=ORIENTED_EDGE('',*,*,#815,.T.);
#1123=ORIENTED_EDGE('',*,*,#816,.T.);
#1124=ORIENTED_EDGE('',*,*,#812,.F.);
#1125=ORIENTED_EDGE('',*,*,#817,.F.);
#1126=ORIENTED_EDGE('',*,*,#818,.T.);
#1127=ORIENTED_EDGE('',*,*,#819,.T.);
#1128=ORIENTED_EDGE('',*,*,#815,.F.);
#1129=ORIENTED_EDGE('',*,*,#820,.F.);
#1130=ORIENTED_EDGE('',*,*,#821,.T.);
#1131=ORIENTED_EDGE('',*,*,#822,.T.);
#1132=ORIENTED_EDGE('',*,*,#818,.F.);
#1133=ORIENTED_EDGE('',*,*,#823,.F.);
#1134=ORIENTED_EDGE('',*,*,#824,.T.);
#1135=ORIENTED_EDGE('',*,*,#825,.T.);
#1136=ORIENTED_EDGE('',*,*,#821,.F.);
#1137=ORIENTED_EDGE('',*,*,#826,.F.);
#1138=ORIENTED_EDGE('',*,*,#827,.T.);
#1139=ORIENTED_EDGE('',*,*,#828,.T.);
#1140=ORIENTED_EDGE('',*,*,#824,.F.);
#1141=ORIENTED_EDGE('',*,*,#829,.F.);
#1142=ORIENTED_EDGE('',*,*,#807,.T.);
#1143=ORIENTED_EDGE('',*,*,#830,.T.);
#1144=ORIENTED_EDGE('',*,*,#827,.F.);
#1145=ORIENTED_EDGE('',*,*,#711,.F.);
#1146=ORIENTED_EDGE('',*,*,#831,.T.);
#1147=ORIENTED_EDGE('',*,*,#832,.T.);
#1148=ORIENTED_EDGE('',*,*,#833,.F.);
#1149=ORIENTED_EDGE('',*,*,#728,.F.);
#1150=ORIENTED_EDGE('',*,*,#834,.T.);
#1151=ORIENTED_EDGE('',*,*,#835,.T.);
#1152=ORIENTED_EDGE('',*,*,#831,.F.);
#1153=ORIENTED_EDGE('',*,*,#727,.F.);
#1154=ORIENTED_EDGE('',*,*,#836,.T.);
#1155=ORIENTED_EDGE('',*,*,#837,.T.);
#1156=ORIENTED_EDGE('',*,*,#834,.F.);
#1157=ORIENTED_EDGE('',*,*,#726,.F.);
#1158=ORIENTED_EDGE('',*,*,#838,.T.);
#1159=ORIENTED_EDGE('',*,*,#839,.T.);
#1160=ORIENTED_EDGE('',*,*,#836,.F.);
#1161=ORIENTED_EDGE('',*,*,#725,.F.);
#1162=ORIENTED_EDGE('',*,*,#840,.T.);
#1163=ORIENTED_EDGE('',*,*,#841,.T.);
#1164=ORIENTED_EDGE('',*,*,#838,.F.);
#1165=ORIENTED_EDGE('',*,*,#724,.F.);
#1166=ORIENTED_EDGE('',*,*,#842,.T.);
#1167=ORIENTED_EDGE('',*,*,#843,.T.);
#1168=ORIENTED_EDGE('',*,*,#840,.F.);
#1169=ORIENTED_EDGE('',*,*,#723,.F.);
#1170=ORIENTED_EDGE('',*,*,#844,.T.);
#1171=ORIENTED_EDGE('',*,*,#845,.T.);
#1172=ORIENTED_EDGE('',*,*,#842,.F.);
#1173=ORIENTED_EDGE('',*,*,#722,.F.);
#1174=ORIENTED_EDGE('',*,*,#846,.T.);
#1175=ORIENTED_EDGE('',*,*,#847,.T.);
#1176=ORIENTED_EDGE('',*,*,#844,.F.);
#1177=ORIENTED_EDGE('',*,*,#721,.F.);
#1178=ORIENTED_EDGE('',*,*,#848,.T.);
#1179=ORIENTED_EDGE('',*,*,#849,.T.);
#1180=ORIENTED_EDGE('',*,*,#846,.F.);
#1181=ORIENTED_EDGE('',*,*,#720,.F.);
#1182=ORIENTED_EDGE('',*,*,#850,.T.);
#1183=ORIENTED_EDGE('',*,*,#851,.T.);
#1184=ORIENTED_EDGE('',*,*,#848,.F.);
#1185=ORIENTED_EDGE('',*,*,#719,.F.);
#1186=ORIENTED_EDGE('',*,*,#852,.T.);
#1187=ORIENTED_EDGE('',*,*,#853,.T.);
#1188=ORIENTED_EDGE('',*,*,#850,.F.);
#1189=ORIENTED_EDGE('',*,*,#718,.F.);
#1190=ORIENTED_EDGE('',*,*,#854,.T.);
#1191=ORIENTED_EDGE('',*,*,#855,.T.);
#1192=ORIENTED_EDGE('',*,*,#852,.F.);
#1193=ORIENTED_EDGE('',*,*,#717,.F.);
#1194=ORIENTED_EDGE('',*,*,#856,.T.);
#1195=ORIENTED_EDGE('',*,*,#857,.T.);
#1196=ORIENTED_EDGE('',*,*,#854,.F.);
#1197=ORIENTED_EDGE('',*,*,#716,.F.);
#1198=ORIENTED_EDGE('',*,*,#858,.T.);
#1199=ORIENTED_EDGE('',*,*,#859,.T.);
#1200=ORIENTED_EDGE('',*,*,#856,.F.);
#1201=ORIENTED_EDGE('',*,*,#715,.F.);
#1202=ORIENTED_EDGE('',*,*,#860,.T.);
#1203=ORIENTED_EDGE('',*,*,#861,.T.);
#1204=ORIENTED_EDGE('',*,*,#858,.F.);
#1205=ORIENTED_EDGE('',*,*,#714,.F.);
#1206=ORIENTED_EDGE('',*,*,#862,.T.);
#1207=ORIENTED_EDGE('',*,*,#863,.T.);
#1208=ORIENTED_EDGE('',*,*,#860,.F.);
#1209=ORIENTED_EDGE('',*,*,#713,.F.);
#1210=ORIENTED_EDGE('',*,*,#864,.T.);
#1211=ORIENTED_EDGE('',*,*,#865,.T.);
#1212=ORIENTED_EDGE('',*,*,#862,.F.);
#1213=ORIENTED_EDGE('',*,*,#712,.F.);
#1214=ORIENTED_EDGE('',*,*,#833,.T.);
#1215=ORIENTED_EDGE('',*,*,#866,.T.);
#1216=ORIENTED_EDGE('',*,*,#864,.F.);
#1217=ORIENTED_EDGE('',*,*,#866,.F.);
#1218=ORIENTED_EDGE('',*,*,#832,.F.);
#1219=ORIENTED_EDGE('',*,*,#835,.F.);
#1220=ORIENTED_EDGE('',*,*,#837,.F.);
#1221=ORIENTED_EDGE('',*,*,#839,.F.);
#1222=ORIENTED_EDGE('',*,*,#841,.F.);
#1223=ORIENTED_EDGE('',*,*,#843,.F.);
#1224=ORIENTED_EDGE('',*,*,#845,.F.);
#1225=ORIENTED_EDGE('',*,*,#847,.F.);
#1226=ORIENTED_EDGE('',*,*,#849,.F.);
#1227=ORIENTED_EDGE('',*,*,#851,.F.);
#1228=ORIENTED_EDGE('',*,*,#853,.F.);
#1229=ORIENTED_EDGE('',*,*,#855,.F.);
#1230=ORIENTED_EDGE('',*,*,#857,.F.);
#1231=ORIENTED_EDGE('',*,*,#859,.F.);
#1232=ORIENTED_EDGE('',*,*,#861,.F.);
#1233=ORIENTED_EDGE('',*,*,#863,.F.);
#1234=ORIENTED_EDGE('',*,*,#865,.F.);
#1235=ORIENTED_EDGE('',*,*,#830,.F.);
#1236=ORIENTED_EDGE('',*,*,#806,.F.);
#1237=ORIENTED_EDGE('',*,*,#810,.F.);
#1238=ORIENTED_EDGE('',*,*,#813,.F.);
#1239=ORIENTED_EDGE('',*,*,#816,.F.);
#1240=ORIENTED_EDGE('',*,*,#819,.F.);
#1241=ORIENTED_EDGE('',*,*,#822,.F.);
#1242=ORIENTED_EDGE('',*,*,#825,.F.);
#1243=ORIENTED_EDGE('',*,*,#828,.F.);
#1244=ORIENTED_EDGE('',*,*,#804,.T.);
#1245=ORIENTED_EDGE('',*,*,#829,.T.);
#1246=ORIENTED_EDGE('',*,*,#826,.T.);
#1247=ORIENTED_EDGE('',*,*,#823,.T.);
#1248=ORIENTED_EDGE('',*,*,#820,.T.);
#1249=ORIENTED_EDGE('',*,*,#817,.T.);
#1250=ORIENTED_EDGE('',*,*,#814,.T.);
#1251=ORIENTED_EDGE('',*,*,#811,.T.);
#1252=ORIENTED_EDGE('',*,*,#808,.T.);
#1253=ORIENTED_EDGE('',*,*,#681,.F.);
#1254=ORIENTED_EDGE('',*,*,#683,.T.);
#1255=ORIENTED_EDGE('',*,*,#731,.T.);
#1256=ORIENTED_EDGE('',*,*,#677,.F.);
#1257=ORIENTED_EDGE('',*,*,#669,.F.);
#1258=ORIENTED_EDGE('',*,*,#686,.T.);
#1259=ORIENTED_EDGE('',*,*,#730,.F.);
#1260=ORIENTED_EDGE('',*,*,#673,.F.);
#1261=ORIENTED_EDGE('',*,*,#732,.T.);
#1262=ORIENTED_EDGE('',*,*,#754,.T.);
#1263=ORIENTED_EDGE('',*,*,#751,.T.);
#1264=ORIENTED_EDGE('',*,*,#748,.T.);
#1265=ORIENTED_EDGE('',*,*,#745,.T.);
#1266=ORIENTED_EDGE('',*,*,#742,.T.);
#1267=ORIENTED_EDGE('',*,*,#739,.T.);
#1268=ORIENTED_EDGE('',*,*,#736,.T.);
#1269=PLANE('',#1388);
#1270=PLANE('',#1389);
#1271=PLANE('',#1390);
#1272=PLANE('',#1392);
#1273=PLANE('',#1393);
#1274=PLANE('',#1395);
#1275=PLANE('',#1396);
#1276=PLANE('',#1398);
#1277=PLANE('',#1399);
#1278=PLANE('',#1400);
#1279=PLANE('',#1401);
#1280=PLANE('',#1402);
#1281=PLANE('',#1403);
#1282=PLANE('',#1404);
#1283=PLANE('',#1405);
#1284=PLANE('',#1406);
#1285=PLANE('',#1407);
#1286=PLANE('',#1408);
#1287=PLANE('',#1409);
#1288=PLANE('',#1410);
#1289=PLANE('',#1411);
#1290=PLANE('',#1412);
#1291=PLANE('',#1413);
#1292=PLANE('',#1414);
#1293=PLANE('',#1415);
#1294=PLANE('',#1416);
#1295=PLANE('',#1417);
#1296=PLANE('',#1418);
#1297=PLANE('',#1419);
#1298=PLANE('',#1420);
#1299=PLANE('',#1421);
#1300=ADVANCED_FACE('',(#149),#1269,.T.);
#1301=ADVANCED_FACE('',(#150),#1270,.T.);
#1302=ADVANCED_FACE('',(#151),#1271,.T.);
#1303=ADVANCED_FACE('',(#152),#1272,.T.);
#1304=ADVANCED_FACE('',(#153,#58,#59,#60),#1273,.T.);
#1305=ADVANCED_FACE('',(#154),#1274,.T.);
#1306=ADVANCED_FACE('',(#155),#1275,.T.);
#1307=ADVANCED_FACE('',(#156),#57,.F.);
#1308=ADVANCED_FACE('',(#157),#15,.F.);
#1309=ADVANCED_FACE('',(#158),#16,.F.);
#1310=ADVANCED_FACE('',(#159),#17,.F.);
#1311=ADVANCED_FACE('',(#160),#18,.F.);
#1312=ADVANCED_FACE('',(#161),#19,.F.);
#1313=ADVANCED_FACE('',(#162),#20,.F.);
#1314=ADVANCED_FACE('',(#163),#21,.F.);
#1315=ADVANCED_FACE('',(#164),#22,.F.);
#1316=ADVANCED_FACE('',(#165),#23,.F.);
#1317=ADVANCED_FACE('',(#166),#24,.F.);
#1318=ADVANCED_FACE('',(#167),#25,.F.);
#1319=ADVANCED_FACE('',(#168),#26,.F.);
#1320=ADVANCED_FACE('',(#169),#27,.F.);
#1321=ADVANCED_FACE('',(#170),#28,.F.);
#1322=ADVANCED_FACE('',(#171),#29,.F.);
#1323=ADVANCED_FACE('',(#172),#30,.F.);
#1324=ADVANCED_FACE('',(#173),#31,.F.);
#1325=ADVANCED_FACE('',(#174),#32,.F.);
#1326=ADVANCED_FACE('',(#175),#33,.F.);
#1327=ADVANCED_FACE('',(#176),#34,.F.);
#1328=ADVANCED_FACE('',(#177),#35,.F.);
#1329=ADVANCED_FACE('',(#178),#36,.F.);
#1330=ADVANCED_FACE('',(#179),#1276,.F.);
#1331=ADVANCED_FACE('',(#180),#37,.F.);
#1332=ADVANCED_FACE('',(#181,#61),#1277,.T.);
#1333=ADVANCED_FACE('',(#182),#1278,.F.);
#1334=ADVANCED_FACE('',(#183),#38,.F.);
#1335=ADVANCED_FACE('',(#184),#39,.F.);
#1336=ADVANCED_FACE('',(#185),#1279,.F.);
#1337=ADVANCED_FACE('',(#186),#40,.F.);
#1338=ADVANCED_FACE('',(#187),#1280,.F.);
#1339=ADVANCED_FACE('',(#188),#1281,.F.);
#1340=ADVANCED_FACE('',(#189),#1282,.F.);
#1341=ADVANCED_FACE('',(#190),#1283,.T.);
#1342=ADVANCED_FACE('',(#191),#1284,.F.);
#1343=ADVANCED_FACE('',(#192),#41,.F.);
#1344=ADVANCED_FACE('',(#193),#42,.F.);
#1345=ADVANCED_FACE('',(#194),#43,.F.);
#1346=ADVANCED_FACE('',(#195),#44,.F.);
#1347=ADVANCED_FACE('',(#196),#45,.F.);
#1348=ADVANCED_FACE('',(#197),#46,.F.);
#1349=ADVANCED_FACE('',(#198),#1285,.F.);
#1350=ADVANCED_FACE('',(#199),#1286,.F.);
#1351=ADVANCED_FACE('',(#200),#1287,.F.);
#1352=ADVANCED_FACE('',(#201),#1288,.F.);
#1353=ADVANCED_FACE('',(#202),#47,.F.);
#1354=ADVANCED_FACE('',(#203),#48,.F.);
#1355=ADVANCED_FACE('',(#204),#49,.F.);
#1356=ADVANCED_FACE('',(#205),#1289,.F.);
#1357=ADVANCED_FACE('',(#206),#1290,.F.);
#1358=ADVANCED_FACE('',(#207),#1291,.F.);
#1359=ADVANCED_FACE('',(#208),#50,.F.);
#1360=ADVANCED_FACE('',(#209),#51,.F.);
#1361=ADVANCED_FACE('',(#210),#52,.F.);
#1362=ADVANCED_FACE('',(#211),#53,.F.);
#1363=ADVANCED_FACE('',(#212),#54,.F.);
#1364=ADVANCED_FACE('',(#213),#55,.F.);
#1365=ADVANCED_FACE('',(#214),#56,.F.);
#1366=ADVANCED_FACE('',(#215),#1292,.F.);
#1367=ADVANCED_FACE('',(#216),#1293,.F.);
#1368=ADVANCED_FACE('',(#217),#1294,.F.);
#1369=ADVANCED_FACE('',(#218,#62),#1295,.T.);
#1370=ADVANCED_FACE('',(#219),#1296,.T.);
#1371=ADVANCED_FACE('',(#220),#1297,.T.);
#1372=ADVANCED_FACE('',(#221),#1298,.T.);
#1373=ADVANCED_FACE('',(#222),#1299,.T.);
#1374=CLOSED_SHELL('',(#1300,#1301,#1302,#1303,#1304,#1305,#1306,#1307,
#1308,#1309,#1310,#1311,#1312,#1313,#1314,#1315,#1316,#1317,#1318,#1319,
#1320,#1321,#1322,#1323,#1324,#1325,#1326,#1327,#1328,#1329,#1330,#1331,
#1332,#1333,#1334,#1335,#1336,#1337,#1338,#1339,#1340,#1341,#1342,#1343,
#1344,#1345,#1346,#1347,#1348,#1349,#1350,#1351,#1352,#1353,#1354,#1355,
#1356,#1357,#1358,#1359,#1360,#1361,#1362,#1363,#1364,#1365,#1366,#1367,
#1368,#1369,#1370,#1371,#1372,#1373));
#1375=DERIVED_UNIT_ELEMENT(#1377,1.);
#1376=DERIVED_UNIT_ELEMENT(#2736,-3.);
#1377=(
MASS_UNIT()
NAMED_UNIT(*)
SI_UNIT(.KILO.,.GRAM.)
);
#1378=DERIVED_UNIT((#1375,#1376));
#1379=MEASURE_REPRESENTATION_ITEM('density measure',
POSITIVE_RATIO_MEASURE(7850.),#1378);
#1380=PROPERTY_DEFINITION_REPRESENTATION(#1385,#1382);
#1381=PROPERTY_DEFINITION_REPRESENTATION(#1386,#1383);
#1382=REPRESENTATION('material name',(#1384),#2733);
#1383=REPRESENTATION('density',(#1379),#2733);
#1384=DESCRIPTIVE_REPRESENTATION_ITEM('Steel','Steel');
#1385=PROPERTY_DEFINITION('material property','material name',#2743);
#1386=PROPERTY_DEFINITION('material property','density of part',#2743);
#1387=AXIS2_PLACEMENT_3D('',#1607,#1422,#1423);
#1388=AXIS2_PLACEMENT_3D('',#1608,#1424,#1425);
#1389=AXIS2_PLACEMENT_3D('',#1617,#1430,#1431);
#1390=AXIS2_PLACEMENT_3D('',#1623,#1435,#1436);
#1391=AXIS2_PLACEMENT_3D('',#1634,#1442,#1443);
#1392=AXIS2_PLACEMENT_3D('',#1635,#1444,#1445);
#1393=AXIS2_PLACEMENT_3D('',#1641,#1449,#1450);
#1394=AXIS2_PLACEMENT_3D('',#1643,#1451,#1452);
#1395=AXIS2_PLACEMENT_3D('',#1846,#1471,#1472);
#1396=AXIS2_PLACEMENT_3D('',#1848,#1474,#1475);
#1397=AXIS2_PLACEMENT_3D('',#1850,#1477,#1478);
#1398=AXIS2_PLACEMENT_3D('',#2276,#1503,#1504);
#1399=AXIS2_PLACEMENT_3D('',#2295,#1507,#1508);
#1400=AXIS2_PLACEMENT_3D('',#2296,#1509,#1510);
#1401=AXIS2_PLACEMENT_3D('',#2336,#1516,#1517);
#1402=AXIS2_PLACEMENT_3D('',#2357,#1521,#1522);
#1403=AXIS2_PLACEMENT_3D('',#2361,#1525,#1526);
#1404=AXIS2_PLACEMENT_3D('',#2365,#1529,#1530);
#1405=AXIS2_PLACEMENT_3D('',#2367,#1532,#1533);
#1406=AXIS2_PLACEMENT_3D('',#2368,#1534,#1535);
#1407=AXIS2_PLACEMENT_3D('',#2515,#1546,#1547);
#1408=AXIS2_PLACEMENT_3D('',#2521,#1551,#1552);
#1409=AXIS2_PLACEMENT_3D('',#2524,#1555,#1556);
#1410=AXIS2_PLACEMENT_3D('',#2530,#1560,#1561);
#1411=AXIS2_PLACEMENT_3D('',#2585,#1567,#1568);
#1412=AXIS2_PLACEMENT_3D('',#2589,#1571,#1572);
#1413=AXIS2_PLACEMENT_3D('',#2593,#1575,#1576);
#1414=AXIS2_PLACEMENT_3D('',#2716,#1586,#1587);
#1415=AXIS2_PLACEMENT_3D('',#2720,#1590,#1591);
#1416=AXIS2_PLACEMENT_3D('',#2724,#1594,#1595);
#1417=AXIS2_PLACEMENT_3D('',#2726,#1597,#1598);
#1418=AXIS2_PLACEMENT_3D('',#2727,#1599,#1600);
#1419=AXIS2_PLACEMENT_3D('',#2728,#1601,#1602);
#1420=AXIS2_PLACEMENT_3D('',#2729,#1603,#1604);
#1421=AXIS2_PLACEMENT_3D('',#2730,#1605,#1606);
#1422=DIRECTION('axis',(0.,0.,1.));
#1423=DIRECTION('refdir',(1.,0.,0.));
#1424=DIRECTION('center_axis',(0.707106781186546,0.707106781186549,0.));
#1425=DIRECTION('ref_axis',(0.,0.,-1.));
#1426=DIRECTION('',(-0.707106781186549,0.707106781186546,0.));
#1427=DIRECTION('',(0.,0.,1.));
#1428=DIRECTION('',(0.707106781186549,-0.707106781186546,0.));
#1429=DIRECTION('',(0.,0.,-1.));
#1430=DIRECTION('center_axis',(0.,1.,0.));
#1431=DIRECTION('ref_axis',(1.,0.,0.));
#1432=DIRECTION('',(1.,0.,0.));
#1433=DIRECTION('',(0.,0.,1.));
#1434=DIRECTION('',(1.,0.,0.));
#1435=DIRECTION('center_axis',(0.,0.,-1.));
#1436=DIRECTION('ref_axis',(-1.,0.,0.));
#1437=DIRECTION('',(0.,-1.,0.));
#1438=DIRECTION('',(0.707106781186547,0.707106781186548,0.));
#1439=DIRECTION('',(-1.,0.,0.));
#1440=DIRECTION('',(0.707106786454904,-0.707106775918191,0.));
#1441=DIRECTION('',(-1.49011611938477E-8,1.,0.));
#1442=DIRECTION('center_axis',(0.,0.,1.));
#1443=DIRECTION('ref_axis',(-1.,0.,0.));
#1444=DIRECTION('center_axis',(-0.707106775918191,-0.707106786454904,0.));
#1445=DIRECTION('ref_axis',(0.,0.,1.));
#1446=DIRECTION('',(0.,0.,1.));
#1447=DIRECTION('',(-0.707106786454904,0.707106775918191,0.));
#1448=DIRECTION('',(0.,0.,-1.));
#1449=DIRECTION('center_axis',(0.,0.,1.));
#1450=DIRECTION('ref_axis',(1.,0.,0.));
#1451=DIRECTION('center_axis',(0.,0.,-1.));
#1452=DIRECTION('ref_axis',(-1.,0.,0.));
#1453=DIRECTION('',(-1.49011611938477E-8,1.,0.));
#1454=DIRECTION('',(-1.,0.,0.));
#1455=DIRECTION('',(-0.707106781186547,-0.707106781186548,0.));
#1456=DIRECTION('',(0.,-1.,0.));
#1457=DIRECTION('',(0.994362923923585,0.106030068971675,0.));
#1458=DIRECTION('',(0.999993447219082,-0.00362015454037905,0.));
#1459=DIRECTION('',(-0.00362015454037837,-0.999993447219082,0.));
#1460=DIRECTION('',(-0.999993447219082,0.00362015454037858,0.));
#1461=DIRECTION('',(0.00362015454037828,0.999993447219082,0.));
#1462=DIRECTION('',(0.00362015454037773,0.999993447219082,0.));
#1463=DIRECTION('',(-0.00362015454037838,-0.999993447219082,0.));
#1464=DIRECTION('',(-0.999993447219082,0.00362015454037839,0.));
#1465=DIRECTION('',(0.00362015454037841,0.999993447219082,0.));
#1466=DIRECTION('',(0.999993447219082,-0.00362015454037848,0.));
#1467=DIRECTION('',(0.52745952721964,-0.84958015934062,0.));
#1468=DIRECTION('',(-0.999993447219082,0.00362015454037869,0.));
#1469=DIRECTION('',(-0.554090951440179,0.832456135500314,0.));
#1470=DIRECTION('',(-0.999993447219082,0.003620154540377,0.));
#1471=DIRECTION('center_axis',(0.,-1.,0.));
#1472=DIRECTION('ref_axis',(-1.,0.,0.));
#1473=DIRECTION('',(0.,0.,-1.));
#1474=DIRECTION('center_axis',(0.707106781186548,-0.707106781186547,0.));
#1475=DIRECTION('ref_axis',(0.,0.,-1.));
#1476=DIRECTION('',(0.,0.,1.));
#1477=DIRECTION('center_axis',(0.,0.,-1.));
#1478=DIRECTION('ref_axis',(-1.,0.,0.));
#1479=DIRECTION('',(0.,0.,-1.));
#1480=DIRECTION('',(0.,0.,-1.));
#1481=DIRECTION('',(0.,0.,-1.));
#1482=DIRECTION('',(0.,0.,-1.));
#1483=DIRECTION('',(0.,0.,-1.));
#1484=DIRECTION('',(0.,0.,-1.));
#1485=DIRECTION('',(0.,0.,-1.));
#1486=DIRECTION('',(0.,0.,-1.));
#1487=DIRECTION('',(0.,0.,-1.));
#1488=DIRECTION('',(0.,0.,-1.));
#1489=DIRECTION('',(0.,0.,-1.));
#1490=DIRECTION('',(0.,0.,-1.));
#1491=DIRECTION('',(0.,0.,-1.));
#1492=DIRECTION('',(0.,0.,-1.));
#1493=DIRECTION('',(0.,0.,-1.));
#1494=DIRECTION('',(0.,0.,-1.));
#1495=DIRECTION('',(0.,0.,-1.));
#1496=DIRECTION('',(0.,0.,-1.));
#1497=DIRECTION('',(0.,0.,-1.));
#1498=DIRECTION('',(0.,0.,-1.));
#1499=DIRECTION('',(0.,0.,-1.));
#1500=DIRECTION('',(0.,0.,-1.));
#1501=DIRECTION('',(0.,0.,-1.));
#1502=DIRECTION('',(0.,0.,-1.));
#1503=DIRECTION('center_axis',(-0.106030068971675,0.994362923923585,0.));
#1504=DIRECTION('ref_axis',(0.994362923923585,0.106030068971675,0.));
#1505=DIRECTION('',(0.,0.,-1.));
#1506=DIRECTION('',(0.994362923923585,0.106030068971675,0.));
#1507=DIRECTION('center_axis',(0.,0.,1.));
#1508=DIRECTION('ref_axis',(1.,0.,0.));
#1509=DIRECTION('center_axis',(0.00362015454037905,0.999993447219082,0.));
#1510=DIRECTION('ref_axis',(0.999993447219082,-0.00362015454037905,0.));
#1511=DIRECTION('',(0.,0.,-1.));
#1512=DIRECTION('',(0.999993447219082,-0.00362015454037905,0.));
#1513=DIRECTION('',(0.,0.,-1.));
#1514=DIRECTION('',(0.,0.,-1.));
#1515=DIRECTION('',(0.,0.,-1.));
#1516=DIRECTION('center_axis',(-0.999993447219082,0.00362015454037773,0.));
#1517=DIRECTION('ref_axis',(0.00362015454037773,0.999993447219082,0.));
#1518=DIRECTION('',(0.,0.,-1.));
#1519=DIRECTION('',(0.00362015454037773,0.999993447219082,0.));
#1520=DIRECTION('',(0.,0.,-1.));
#1521=DIRECTION('center_axis',(-0.999993447219082,0.00362015454037828,0.));
#1522=DIRECTION('ref_axis',(0.00362015454037828,0.999993447219082,0.));
#1523=DIRECTION('',(0.,0.,-1.));
#1524=DIRECTION('',(0.00362015454037828,0.999993447219082,0.));
#1525=DIRECTION('center_axis',(-0.00362015454037858,-0.999993447219082,
0.));
#1526=DIRECTION('ref_axis',(-0.999993447219082,0.00362015454037858,0.));
#1527=DIRECTION('',(0.,0.,-1.));
#1528=DIRECTION('',(-0.999993447219082,0.00362015454037858,0.));
#1529=DIRECTION('center_axis',(0.999993447219082,-0.00362015454037837,0.));
#1530=DIRECTION('ref_axis',(-0.00362015454037837,-0.999993447219082,0.));
#1531=DIRECTION('',(-0.00362015454037837,-0.999993447219082,0.));
#1532=DIRECTION('center_axis',(0.,0.,1.));
#1533=DIRECTION('ref_axis',(1.,0.,0.));
#1534=DIRECTION('center_axis',(-0.0036201545403791,-0.999993447219082,0.));
#1535=DIRECTION('ref_axis',(-0.999993447219082,0.0036201545403791,0.));
#1536=DIRECTION('',(-0.999993447219082,0.0036201545403791,0.));
#1537=DIRECTION('',(0.,0.,-1.));
#1538=DIRECTION('',(-0.999993447219082,0.0036201545403791,0.));
#1539=DIRECTION('',(0.,0.,-1.));
#1540=DIRECTION('',(0.,0.,-1.));
#1541=DIRECTION('',(0.,0.,-1.));
#1542=DIRECTION('',(0.,0.,-1.));
#1543=DIRECTION('',(0.,0.,-1.));
#1544=DIRECTION('',(0.,0.,-1.));
#1545=DIRECTION('',(0.,0.,-1.));
#1546=DIRECTION('center_axis',(0.00362015454037866,0.999993447219082,0.));
#1547=DIRECTION('ref_axis',(0.999993447219082,-0.00362015454037866,0.));
#1548=DIRECTION('',(0.999993447219082,-0.00362015454037866,0.));
#1549=DIRECTION('',(0.,0.,-1.));
#1550=DIRECTION('',(0.999993447219082,-0.00362015454037866,0.));
#1551=DIRECTION('center_axis',(0.999993447219082,-0.00362015454037793,0.));
#1552=DIRECTION('ref_axis',(-0.00362015454037793,-0.999993447219082,0.));
#1553=DIRECTION('',(-0.00362015454037793,-0.999993447219082,0.));
#1554=DIRECTION('',(-0.00362015454037793,-0.999993447219082,0.));
#1555=DIRECTION('center_axis',(0.999993447219082,-0.00362015454037838,0.));
#1556=DIRECTION('ref_axis',(-0.00362015454037838,-0.999993447219082,0.));
#1557=DIRECTION('',(0.,0.,-1.));
#1558=DIRECTION('',(-0.00362015454037838,-0.999993447219082,0.));
#1559=DIRECTION('',(0.,0.,-1.));
#1560=DIRECTION('center_axis',(-0.003620154540377,-0.999993447219082,0.));
#1561=DIRECTION('ref_axis',(-0.999993447219082,0.003620154540377,0.));
#1562=DIRECTION('',(0.,0.,-1.));
#1563=DIRECTION('',(-0.999993447219082,0.003620154540377,0.));
#1564=DIRECTION('',(0.,0.,-1.));
#1565=DIRECTION('',(0.,0.,-1.));
#1566=DIRECTION('',(0.,0.,-1.));
#1567=DIRECTION('center_axis',(-0.832456135500314,-0.554090951440179,0.));
#1568=DIRECTION('ref_axis',(-0.554090951440179,0.832456135500314,0.));
#1569=DIRECTION('',(0.,0.,-1.));
#1570=DIRECTION('',(-0.554090951440179,0.832456135500314,0.));
#1571=DIRECTION('center_axis',(-0.00362015454037869,-0.999993447219082,
0.));
#1572=DIRECTION('ref_axis',(-0.999993447219082,0.00362015454037869,0.));
#1573=DIRECTION('',(0.,0.,-1.));
#1574=DIRECTION('',(-0.999993447219082,0.00362015454037869,0.));
#1575=DIRECTION('center_axis',(0.84958015934062,0.52745952721964,0.));
#1576=DIRECTION('ref_axis',(0.52745952721964,-0.84958015934062,0.));
#1577=DIRECTION('',(0.,0.,-1.));
#1578=DIRECTION('',(0.52745952721964,-0.84958015934062,0.));
#1579=DIRECTION('',(0.,0.,-1.));
#1580=DIRECTION('',(0.,0.,-1.));
#1581=DIRECTION('',(0.,0.,-1.));
#1582=DIRECTION('',(0.,0.,-1.));
#1583=DIRECTION('',(0.,0.,-1.));
#1584=DIRECTION('',(0.,0.,-1.));
#1585=DIRECTION('',(0.,0.,-1.));
#1586=DIRECTION('center_axis',(0.00362015454037848,0.999993447219082,0.));
#1587=DIRECTION('ref_axis',(0.999993447219082,-0.00362015454037848,0.));
#1588=DIRECTION('',(0.,0.,-1.));
#1589=DIRECTION('',(0.999993447219082,-0.00362015454037848,0.));
#1590=DIRECTION('center_axis',(-0.999993447219082,0.00362015454037841,0.));
#1591=DIRECTION('ref_axis',(0.00362015454037841,0.999993447219082,0.));
#1592=DIRECTION('',(0.,0.,-1.));
#1593=DIRECTION('',(0.00362015454037841,0.999993447219082,0.));
#1594=DIRECTION('center_axis',(-0.00362015454037839,-0.999993447219082,
0.));
#1595=DIRECTION('ref_axis',(-0.999993447219082,0.00362015454037839,0.));
#1596=DIRECTION('',(-0.999993447219082,0.00362015454037839,0.));
#1597=DIRECTION('center_axis',(0.,0.,1.));
#1598=DIRECTION('ref_axis',(1.,0.,0.));
#1599=DIRECTION('center_axis',(0.,0.,1.));
#1600=DIRECTION('ref_axis',(1.,0.,0.));
#1601=DIRECTION('center_axis',(-1.,-1.49011611938477E-8,0.));
#1602=DIRECTION('ref_axis',(-1.49011611938477E-8,1.,0.));
#1603=DIRECTION('center_axis',(1.,0.,0.));
#1604=DIRECTION('ref_axis',(0.,-1.,0.));
#1605=DIRECTION('center_axis',(0.,0.,1.));
#1606=DIRECTION('ref_axis',(1.,0.,0.));
#1607=CARTESIAN_POINT('',(0.,0.,0.));
#1608=CARTESIAN_POINT('Origin',(-0.5,34.5,0.));
#1609=CARTESIAN_POINT('',(0.,34.,-2.));
#1610=CARTESIAN_POINT('',(-1.,35.,-2.));
#1611=CARTESIAN_POINT('',(-0.500000065192598,34.5000000651926,-2.));
#1612=CARTESIAN_POINT('',(-1.,35.,0.));
#1613=CARTESIAN_POINT('',(-1.,35.,0.));
#1614=CARTESIAN_POINT('',(0.,34.,0.));
#1615=CARTESIAN_POINT('',(-0.500000065192598,34.5000000651926,0.));
#1616=CARTESIAN_POINT('',(0.,34.,0.));
#1617=CARTESIAN_POINT('Origin',(-35.0000005215406,35.,0.));
#1618=CARTESIAN_POINT('',(-16.0000005215406,35.,-2.));
#1619=CARTESIAN_POINT('',(-35.0000005215406,35.,-2.));
#1620=CARTESIAN_POINT('',(-16.0000005215406,35.,0.));
#1621=CARTESIAN_POINT('',(-16.0000005215406,35.,0.));
#1622=CARTESIAN_POINT('',(-35.0000005215406,35.,0.));
#1623=CARTESIAN_POINT('Origin',(-17.5000002607703,17.5,-2.));
#1624=CARTESIAN_POINT('',(0.,1.,-2.));
#1625=CARTESIAN_POINT('',(0.,35.,-2.));
#1626=CARTESIAN_POINT('',(-1.,0.,-2.));
#1627=CARTESIAN_POINT('',(-0.500000065192576,0.499999934807424,-2.));
#1628=CARTESIAN_POINT('',(-34.,0.,-2.));
#1629=CARTESIAN_POINT('',(0.,0.,-2.));
#1630=CARTESIAN_POINT('',(-35.0000000149012,1.,-2.));
#1631=CARTESIAN_POINT('',(-34.5000000074506,0.5,-2.));
#1632=CARTESIAN_POINT('',(-35.0000002384186,16.,-2.));
#1633=CARTESIAN_POINT('',(-35.,0.,-2.));
#1634=CARTESIAN_POINT('Origin',(-35.0000005215406,35.,-2.));
#1635=CARTESIAN_POINT('Origin',(-34.5000000074506,0.5,0.));
#1636=CARTESIAN_POINT('',(-34.,0.,0.));
#1637=CARTESIAN_POINT('',(-34.,0.,0.));
#1638=CARTESIAN_POINT('',(-35.0000000149012,1.,0.));
#1639=CARTESIAN_POINT('',(-34.5000000074506,0.5,0.));
#1640=CARTESIAN_POINT('',(-35.0000000149012,1.,0.));
#1641=CARTESIAN_POINT('Origin',(-17.5000002607703,17.5,0.));
#1642=CARTESIAN_POINT('',(-35.0000002384186,16.,0.));
#1643=CARTESIAN_POINT('Origin',(-35.0000005215406,35.,0.));
#1644=CARTESIAN_POINT('',(-35.,0.,0.));
#1645=CARTESIAN_POINT('',(-1.,0.,0.));
#1646=CARTESIAN_POINT('',(0.,0.,0.));
#1647=CARTESIAN_POINT('',(0.,1.,0.));
#1648=CARTESIAN_POINT('',(-0.500000065192576,0.499999934807424,0.));
#1649=CARTESIAN_POINT('',(0.,35.,0.));
#1650=CARTESIAN_POINT('',(-4.95702385731148,3.27182187266351,0.));
#1651=CARTESIAN_POINT('',(-6.08422372370375,3.64735277273943,0.));
#1652=CARTESIAN_POINT('Ctrl Pts',(-4.95702385731148,3.27182187266351,0.));
#1653=CARTESIAN_POINT('Ctrl Pts',(-5.17396667714442,3.28428538585714,0.));
#1654=CARTESIAN_POINT('Ctrl Pts',(-5.58471720593224,3.3078832843208,0.));
#1655=CARTESIAN_POINT('Ctrl Pts',(-5.92409322216796,3.538526526229,0.));
#1656=CARTESIAN_POINT('Ctrl Pts',(-6.08422372370375,3.64735277273943,0.));
#1657=CARTESIAN_POINT('',(-6.63229826405183,4.75962850423502,0.));
#1658=CARTESIAN_POINT('Ctrl Pts',(-6.08422372370375,3.64735277273943,0.));
#1659=CARTESIAN_POINT('Ctrl Pts',(-6.21544594643606,3.79504893390984,0.));
#1660=CARTESIAN_POINT('Ctrl Pts',(-6.49913501371706,4.11435297655582,0.));
#1661=CARTESIAN_POINT('Ctrl Pts',(-6.58574844084018,4.53405980070188,0.));
#1662=CARTESIAN_POINT('Ctrl Pts',(-6.63229826405183,4.75962850423502,0.));
#1663=CARTESIAN_POINT('',(-5.52766949751523,4.87741634757276,0.));
#1664=CARTESIAN_POINT('',(-11.3334360919757,4.25834073882511,0.));
#1665=CARTESIAN_POINT('',(-5.31838269946445,4.37733181358508,0.));
#1666=CARTESIAN_POINT('Ctrl Pts',(-5.52766949751523,4.87741634757276,0.));
#1667=CARTESIAN_POINT('Ctrl Pts',(-5.51239317303603,4.77573116102282,0.));
#1668=CARTESIAN_POINT('Ctrl Pts',(-5.48458400300522,4.59062245596544,0.));
#1669=CARTESIAN_POINT('Ctrl Pts',(-5.37001559974671,4.4435937154748,0.));
#1670=CARTESIAN_POINT('Ctrl Pts',(-5.31838269946445,4.37733181358508,0.));
#1671=CARTESIAN_POINT('',(-4.86836476812099,4.21332007458663,0.));
#1672=CARTESIAN_POINT('Ctrl Pts',(-5.31838269946445,4.37733181358508,0.));
#1673=CARTESIAN_POINT('Ctrl Pts',(-5.25508780477364,4.32977124288758,0.));
#1674=CARTESIAN_POINT('Ctrl Pts',(-5.12207664858612,4.22982500664983,0.));
#1675=CARTESIAN_POINT('Ctrl Pts',(-4.95561415947307,4.2189959825267,0.));
#1676=CARTESIAN_POINT('Ctrl Pts',(-4.86836476812099,4.21332007458663,0.));
#1677=CARTESIAN_POINT('',(-4.26638057749829,4.53590597223652,0.));
#1678=CARTESIAN_POINT('Ctrl Pts',(-4.86836476812099,4.21332007458663,0.));
#1679=CARTESIAN_POINT('Ctrl Pts',(-4.7533837769664,4.22859564203821,0.));
#1680=CARTESIAN_POINT('Ctrl Pts',(-4.51321284442948,4.26050306641363,0.));
#1681=CARTESIAN_POINT('Ctrl Pts',(-4.35095700380499,4.44153989174562,0.));
#1682=CARTESIAN_POINT('Ctrl Pts',(-4.26638057749829,4.53590597223652,0.));
#1683=CARTESIAN_POINT('',(-3.94485981009318,5.88251855211352,0.));
#1684=CARTESIAN_POINT('Ctrl Pts',(-4.26638057749829,4.53590597223652,0.));
#1685=CARTESIAN_POINT('Ctrl Pts',(-4.18966540856348,4.6998227092255,0.));
#1686=CARTESIAN_POINT('Ctrl Pts',(-3.99111406134009,5.124065911887,0.));
#1687=CARTESIAN_POINT('Ctrl Pts',(-3.96244926271784,5.59409605204765,0.));
#1688=CARTESIAN_POINT('Ctrl Pts',(-3.94485981009318,5.88251855211352,0.));
#1689=CARTESIAN_POINT('',(-5.02243839688406,5.38709270021895,0.));
#1690=CARTESIAN_POINT('Ctrl Pts',(-3.94485981009318,5.88251855211352,0.));
#1691=CARTESIAN_POINT('Ctrl Pts',(-4.09713137686385,5.73743416993784,0.));
#1692=CARTESIAN_POINT('Ctrl Pts',(-4.39984836922801,5.44900535330013,0.));
#1693=CARTESIAN_POINT('Ctrl Pts',(-4.81574468626455,5.40764708662283,0.));
#1694=CARTESIAN_POINT('Ctrl Pts',(-5.02243839688406,5.38709270021895,0.));
#1695=CARTESIAN_POINT('',(-6.23224167555932,5.93342463115397,0.));
#1696=CARTESIAN_POINT('Ctrl Pts',(-5.02243839688406,5.38709270021895,0.));
#1697=CARTESIAN_POINT('Ctrl Pts',(-5.24974917356515,5.41193207627568,0.));
#1698=CARTESIAN_POINT('Ctrl Pts',(-5.71189385816324,5.46243291825492,0.));
#1699=CARTESIAN_POINT('Ctrl Pts',(-6.05692020550634,5.77473277788272,0.));
#1700=CARTESIAN_POINT('Ctrl Pts',(-6.23224167555932,5.93342463115397,0.));
#1701=CARTESIAN_POINT('',(-6.73660331370576,7.34595000221014,0.));
#1702=CARTESIAN_POINT('Ctrl Pts',(-6.23224167555932,5.93342463115397,0.));
#1703=CARTESIAN_POINT('Ctrl Pts',(-6.38003688659635,6.13400032891718,0.));
#1704=CARTESIAN_POINT('Ctrl Pts',(-6.68894139146188,6.55322051995625,0.));
#1705=CARTESIAN_POINT('Ctrl Pts',(-6.72026596646924,7.07422162436713,0.));
#1706=CARTESIAN_POINT('Ctrl Pts',(-6.73660331370576,7.34595000221014,0.));
#1707=CARTESIAN_POINT('',(-6.1934345646921,8.80339772587386,0.));
#1708=CARTESIAN_POINT('Ctrl Pts',(-6.73660331370576,7.34595000221014,0.));
#1709=CARTESIAN_POINT('Ctrl Pts',(-6.7174177503156,7.62847725767251,0.));
#1710=CARTESIAN_POINT('Ctrl Pts',(-6.68067509690679,8.16955081464301,0.));
#1711=CARTESIAN_POINT('Ctrl Pts',(-6.35097722226021,8.59845187206166,0.));
#1712=CARTESIAN_POINT('Ctrl Pts',(-6.1934345646921,8.80339772587386,0.));
#1713=CARTESIAN_POINT('',(-4.8213425023258,9.35256123624246,0.));
#1714=CARTESIAN_POINT('Ctrl Pts',(-6.1934345646921,8.80339772587386,0.));
#1715=CARTESIAN_POINT('Ctrl Pts',(-5.99847762816199,8.96429331718384,0.));
#1716=CARTESIAN_POINT('Ctrl Pts',(-5.60016821685668,9.29301323552539,0.));
#1717=CARTESIAN_POINT('Ctrl Pts',(-5.0845736295294,9.3324349267755,0.));
#1718=CARTESIAN_POINT('Ctrl Pts',(-4.8213425023258,9.35256123624246,0.));
#1719=CARTESIAN_POINT('',(-3.33809611958177,8.64691649761838,0.));
#1720=CARTESIAN_POINT('Ctrl Pts',(-4.8213425023258,9.35256123624246,0.));
#1721=CARTESIAN_POINT('Ctrl Pts',(-4.53309028152973,9.32217906623984,0.));
#1722=CARTESIAN_POINT('Ctrl Pts',(-3.95579023301871,9.26133086820013,0.));
#1723=CARTESIAN_POINT('Ctrl Pts',(-3.54418324298887,8.85190936942774,0.));
#1724=CARTESIAN_POINT('Ctrl Pts',(-3.33809611958177,8.64691649761838,0.));
#1725=CARTESIAN_POINT('',(-2.76592532621243,6.34104108104646,0.));
#1726=CARTESIAN_POINT('Ctrl Pts',(-3.33809611958177,8.64691649761838,0.));
#1727=CARTESIAN_POINT('Ctrl Pts',(-3.17082458387324,8.34410156853347,0.));
#1728=CARTESIAN_POINT('Ctrl Pts',(-2.77710817280531,7.63134905752142,0.));
#1729=CARTESIAN_POINT('Ctrl Pts',(-2.77000861608929,6.81218243621123,0.));
#1730=CARTESIAN_POINT('Ctrl Pts',(-2.76592532621243,6.34104108104646,0.));
#1731=CARTESIAN_POINT('',(-3.37931664876676,3.98871286382684,0.));
#1732=CARTESIAN_POINT('Ctrl Pts',(-2.76592532621243,6.34104108104646,0.));
#1733=CARTESIAN_POINT('Ctrl Pts',(-2.77437089587863,5.8604724834925,0.));
#1734=CARTESIAN_POINT('Ctrl Pts',(-2.78910974961199,5.0218043357957,0.));
#1735=CARTESIAN_POINT('Ctrl Pts',(-3.20271359918575,4.29783684171852,0.));
#1736=CARTESIAN_POINT('Ctrl Pts',(-3.37931664876676,3.98871286382684,0.));
#1737=CARTESIAN_POINT('Ctrl Pts',(-3.37931664876676,3.98871286382684,0.));
#1738=CARTESIAN_POINT('Ctrl Pts',(-3.5982661883186,3.77875079879262,0.));
#1739=CARTESIAN_POINT('Ctrl Pts',(-4.03988393236968,3.35526064810989,0.));
#1740=CARTESIAN_POINT('Ctrl Pts',(-4.64959916948385,3.29979049424102,0.));
#1741=CARTESIAN_POINT('Ctrl Pts',(-4.95702385731148,3.27182187266351,0.));
#1742=CARTESIAN_POINT('',(-9.27462905558671,9.36868292741977,0.));
#1743=CARTESIAN_POINT('',(-8.34905962591392,9.36533220108992,0.));
#1744=CARTESIAN_POINT('',(-13.4019789750635,9.38362466988046,0.));
#1745=CARTESIAN_POINT('',(-8.37069237632922,3.38972855783692,0.));
#1746=CARTESIAN_POINT('',(-8.3343953090289,13.4160489949194,0.));
#1747=CARTESIAN_POINT('',(-9.51141587842745,3.39385818026287,0.));
#1748=CARTESIAN_POINT('',(-12.9608270106424,3.40634566346253,0.));
#1749=CARTESIAN_POINT('',(-9.4958526434366,7.69288266520953,0.));
#1750=CARTESIAN_POINT('',(-9.48593518633478,10.4323767957188,0.));
#1751=CARTESIAN_POINT('',(-10.9725860546188,6.83354113774861,0.));
#1752=CARTESIAN_POINT('Ctrl Pts',(-9.4958526434366,7.69288266520953,0.));
#1753=CARTESIAN_POINT('Ctrl Pts',(-9.71574656942006,7.51100068227868,0.));
#1754=CARTESIAN_POINT('Ctrl Pts',(-10.1604833530833,7.14314328133776,0.));
#1755=CARTESIAN_POINT('Ctrl Pts',(-10.6998843760306,6.93750461932752,0.));
#1756=CARTESIAN_POINT('Ctrl Pts',(-10.9725860546188,6.83354113774861,0.));
#1757=CARTESIAN_POINT('',(-10.9688385329992,7.86871712848961,0.));
#1758=CARTESIAN_POINT('',(-10.9533218389693,12.1548856274695,0.));
#1759=CARTESIAN_POINT('',(-9.99660876135992,8.41932850965632,0.));
#1760=CARTESIAN_POINT('Ctrl Pts',(-10.9688385329992,7.86871712848961,0.));
#1761=CARTESIAN_POINT('Ctrl Pts',(-10.8100910464259,7.93291094046331,0.));
#1762=CARTESIAN_POINT('Ctrl Pts',(-10.4621695529083,8.07360234552799,0.));
#1763=CARTESIAN_POINT('Ctrl Pts',(-10.160587048904,8.29755797961576,0.));
#1764=CARTESIAN_POINT('Ctrl Pts',(-9.99660876135992,8.41932850965632,0.));
#1765=CARTESIAN_POINT('Ctrl Pts',(-9.99660876135992,8.41932850965632,0.));
#1766=CARTESIAN_POINT('Ctrl Pts',(-9.83657460818533,8.55683825536164,0.));
#1767=CARTESIAN_POINT('Ctrl Pts',(-9.52785928107571,8.82210267101339,0.));
#1768=CARTESIAN_POINT('Ctrl Pts',(-9.35694399921997,9.1910117078398,0.));
#1769=CARTESIAN_POINT('Ctrl Pts',(-9.27462905558671,9.36868292741977,0.));
#1770=CARTESIAN_POINT('',(-15.8312027303608,5.90119163467797,0.));
#1771=CARTESIAN_POINT('',(-15.8401967813848,3.4167694953166,0.));
#1772=CARTESIAN_POINT('',(-15.8102190637801,11.6974991804532,0.));
#1773=CARTESIAN_POINT('',(-17.0418127718788,3.42111955940539,0.));
#1774=CARTESIAN_POINT('',(-16.6955792131703,3.41986613220237,0.));
#1775=CARTESIAN_POINT('',(-17.0202681991536,9.37236592417989,0.));
#1776=CARTESIAN_POINT('',(-17.0163320797861,10.4596381748613,0.));
#1777=CARTESIAN_POINT('',(-14.491191558368,9.36321021590043,0.));
#1778=CARTESIAN_POINT('',(-17.274842635692,9.37328752902126,0.));
#1779=CARTESIAN_POINT('',(-13.1054483296109,9.19784113202468,0.));
#1780=CARTESIAN_POINT('Ctrl Pts',(-14.491191558368,9.36321021590043,0.));
#1781=CARTESIAN_POINT('Ctrl Pts',(-14.2149767463002,9.36182767210644,0.));
#1782=CARTESIAN_POINT('Ctrl Pts',(-13.7459903335049,9.35948024457486,0.));
#1783=CARTESIAN_POINT('Ctrl Pts',(-13.2920396589196,9.24492696979278,0.));
#1784=CARTESIAN_POINT('Ctrl Pts',(-13.1054483296109,9.19784113202468,0.));
#1785=CARTESIAN_POINT('',(-12.4153655945037,8.62497338544868,0.));
#1786=CARTESIAN_POINT('Ctrl Pts',(-13.1054483296109,9.19784113202468,0.));
#1787=CARTESIAN_POINT('Ctrl Pts',(-12.9681765788187,9.13256336688472,0.));
#1788=CARTESIAN_POINT('Ctrl Pts',(-12.6897658690683,9.00016883692021,0.));
#1789=CARTESIAN_POINT('Ctrl Pts',(-12.5076754495182,8.75119132667492,0.));
#1790=CARTESIAN_POINT('Ctrl Pts',(-12.4153655945037,8.62497338544868,0.));
#1791=CARTESIAN_POINT('',(-12.1589520199344,7.68628535990198,0.));
#1792=CARTESIAN_POINT('Ctrl Pts',(-12.4153655945037,8.62497338544868,0.));
#1793=CARTESIAN_POINT('Ctrl Pts',(-12.3401178041366,8.48125217039315,0.));
#1794=CARTESIAN_POINT('Ctrl Pts',(-12.1862074988143,8.18728771000718,0.));
#1795=CARTESIAN_POINT('Ctrl Pts',(-12.1681705714076,7.85573811371359,0.));
#1796=CARTESIAN_POINT('Ctrl Pts',(-12.1589520199344,7.68628535990198,0.));
#1797=CARTESIAN_POINT('',(-12.5567292493002,6.58149347938074,0.));
#1798=CARTESIAN_POINT('Ctrl Pts',(-12.1589520199344,7.68628535990198,0.));
#1799=CARTESIAN_POINT('Ctrl Pts',(-12.1736205798988,7.47563601024323,0.));
#1800=CARTESIAN_POINT('Ctrl Pts',(-12.2019358934043,7.06901106615803,0.));
#1801=CARTESIAN_POINT('Ctrl Pts',(-12.4413446215467,6.7400422073623,0.));
#1802=CARTESIAN_POINT('Ctrl Pts',(-12.5567292493002,6.58149347938074,0.));
#1803=CARTESIAN_POINT('',(-13.7359797001803,6.03569154696008,0.));
#1804=CARTESIAN_POINT('Ctrl Pts',(-12.5567292493002,6.58149347938074,0.));
#1805=CARTESIAN_POINT('Ctrl Pts',(-12.7138737793242,6.44890286597119,0.));
#1806=CARTESIAN_POINT('Ctrl Pts',(-13.0557788953022,6.1604206066876,0.));
#1807=CARTESIAN_POINT('Ctrl Pts',(-13.4973571758453,6.07944798311343,0.));
#1808=CARTESIAN_POINT('Ctrl Pts',(-13.7359797001803,6.03569154696008,0.));
#1809=CARTESIAN_POINT('',(-13.0943543372804,5.53404216832301,0.));
#1810=CARTESIAN_POINT('Ctrl Pts',(-13.7359797001803,6.03569154696008,0.));
#1811=CARTESIAN_POINT('Ctrl Pts',(-13.6143223743151,5.96004663227764,0.));
#1812=CARTESIAN_POINT('Ctrl Pts',(-13.3823491164613,5.81580873148396,0.));
#1813=CARTESIAN_POINT('Ctrl Pts',(-13.1871717951962,5.62485234270407,0.));
#1814=CARTESIAN_POINT('Ctrl Pts',(-13.0943543372804,5.53404216832301,0.));
#1815=CARTESIAN_POINT('',(-12.4138237698157,4.56540116897722,0.));
#1816=CARTESIAN_POINT('Ctrl Pts',(-13.0943543372804,5.53404216832301,0.));
#1817=CARTESIAN_POINT('Ctrl Pts',(-12.9932095889902,5.40949040901798,0.));
#1818=CARTESIAN_POINT('Ctrl Pts',(-12.7439957360002,5.10260325612292,0.));
#1819=CARTESIAN_POINT('Ctrl Pts',(-12.5368803129763,4.765618748279,0.));
#1820=CARTESIAN_POINT('Ctrl Pts',(-12.4138237698157,4.56540116897722,0.));
#1821=CARTESIAN_POINT('',(-11.6913741229564,3.40175001771312,0.));
#1822=CARTESIAN_POINT('',(-16.0194660973909,10.3730167775791,0.));
#1823=CARTESIAN_POINT('',(-13.1284419303588,3.40695245935138,0.));
#1824=CARTESIAN_POINT('',(-14.621167883956,3.41235639340063,0.));
#1825=CARTESIAN_POINT('',(-13.9924897342131,4.70508211444599,0.));
#1826=CARTESIAN_POINT('',(-17.0497670892862,9.29827982962577,0.));
#1827=CARTESIAN_POINT('',(-14.6226068845848,5.58220006390735,0.));
#1828=CARTESIAN_POINT('Ctrl Pts',(-13.9924897342131,4.70508211444599,0.));
#1829=CARTESIAN_POINT('Ctrl Pts',(-14.1179325153597,4.8969157588529,0.));
#1830=CARTESIAN_POINT('Ctrl Pts',(-14.3152204646178,5.19861878199873,0.));
#1831=CARTESIAN_POINT('Ctrl Pts',(-14.5405499856287,5.47980292321914,0.));
#1832=CARTESIAN_POINT('Ctrl Pts',(-14.6226068845848,5.58220006390735,0.));
#1833=CARTESIAN_POINT('',(-14.9830069708851,5.83113806819682,0.));
#1834=CARTESIAN_POINT('Ctrl Pts',(-14.6226068845848,5.58220006390735,0.));
#1835=CARTESIAN_POINT('Ctrl Pts',(-14.6782001398671,5.63718906394071,0.));
#1836=CARTESIAN_POINT('Ctrl Pts',(-14.7837433144072,5.74158506663635,0.));
#1837=CARTESIAN_POINT('Ctrl Pts',(-14.9189963881063,5.80237045487082,0.));
#1838=CARTESIAN_POINT('Ctrl Pts',(-14.9830069708851,5.83113806819682,0.));
#1839=CARTESIAN_POINT('',(-15.5876318827139,5.90030986478992,0.));
#1840=CARTESIAN_POINT('Ctrl Pts',(-14.9830069708851,5.83113806819682,0.));
#1841=CARTESIAN_POINT('Ctrl Pts',(-15.0648126392393,5.85082516507084,0.));
#1842=CARTESIAN_POINT('Ctrl Pts',(-15.2631911253843,5.89856631251248,0.));
#1843=CARTESIAN_POINT('Ctrl Pts',(-15.4675467368026,5.89966452438521,0.));
#1844=CARTESIAN_POINT('Ctrl Pts',(-15.5876318827139,5.90030986478992,0.));
#1845=CARTESIAN_POINT('',(-16.5647997383228,5.90384738661972,0.));
#1846=CARTESIAN_POINT('Origin',(0.,0.,0.));
#1847=CARTESIAN_POINT('',(-1.,0.,0.));
#1848=CARTESIAN_POINT('Origin',(-0.5,0.5,0.));
#1849=CARTESIAN_POINT('',(0.,1.,0.));
#1850=CARTESIAN_POINT('Origin',(-35.0000005215406,35.,0.));
#1851=CARTESIAN_POINT('',(-35.0000002384186,16.,0.));
#1852=CARTESIAN_POINT('Ctrl Pts',(-4.82455395121007,6.22264718830088,0.));
#1853=CARTESIAN_POINT('Ctrl Pts',(-4.82455395121007,6.22264718830088,-0.4));
#1854=CARTESIAN_POINT('Ctrl Pts',(-4.71874977443272,6.23363615045437,0.));
#1855=CARTESIAN_POINT('Ctrl Pts',(-4.71874977443272,6.23363615045437,-0.4));
#1856=CARTESIAN_POINT('Ctrl Pts',(-4.50438355518971,6.25590051035016,0.));
#1857=CARTESIAN_POINT('Ctrl Pts',(-4.50438355518971,6.25590051035016,-0.4));
#1858=CARTESIAN_POINT('Ctrl Pts',(-4.34845687893642,6.40496103753373,0.));
#1859=CARTESIAN_POINT('Ctrl Pts',(-4.34845687893642,6.40496103753373,-0.4));
#1860=CARTESIAN_POINT('Ctrl Pts',(-4.26949052636129,6.48045014836099,0.));
#1861=CARTESIAN_POINT('Ctrl Pts',(-4.26949052636129,6.48045014836099,-0.4));
#1862=CARTESIAN_POINT('',(-4.82455395121007,6.22264718830088,0.));
#1863=CARTESIAN_POINT('',(-4.26949052636129,6.48045014836099,0.));
#1864=CARTESIAN_POINT('Ctrl Pts',(-4.82455395121007,6.22264718830088,0.));
#1865=CARTESIAN_POINT('Ctrl Pts',(-4.71874977443272,6.23363615045437,0.));
#1866=CARTESIAN_POINT('Ctrl Pts',(-4.50438355518971,6.25590051035016,0.));
#1867=CARTESIAN_POINT('Ctrl Pts',(-4.34845687893642,6.40496103753373,0.));
#1868=CARTESIAN_POINT('Ctrl Pts',(-4.26949052636129,6.48045014836099,0.));
#1869=CARTESIAN_POINT('',(-4.82455395121007,6.22264718830088,-0.4));
#1870=CARTESIAN_POINT('',(-4.82455395121007,6.22264718830088,0.));
#1871=CARTESIAN_POINT('',(-4.26949052636129,6.48045014836099,-0.4));
#1872=CARTESIAN_POINT('Ctrl Pts',(-4.82455395121007,6.22264718830088,-0.4));
#1873=CARTESIAN_POINT('Ctrl Pts',(-4.71874977443272,6.23363615045437,-0.4));
#1874=CARTESIAN_POINT('Ctrl Pts',(-4.50438355518971,6.25590051035016,-0.4));
#1875=CARTESIAN_POINT('Ctrl Pts',(-4.34845687893642,6.40496103753373,-0.4));
#1876=CARTESIAN_POINT('Ctrl Pts',(-4.26949052636129,6.48045014836099,-0.4));
#1877=CARTESIAN_POINT('',(-4.26949052636129,6.48045014836099,0.));
#1878=CARTESIAN_POINT('Ctrl Pts',(-5.39190918114451,6.49466215532115,0.));
#1879=CARTESIAN_POINT('Ctrl Pts',(-5.39190918114451,6.49466215532115,-0.4));
#1880=CARTESIAN_POINT('Ctrl Pts',(-5.31225432652167,6.41563735156528,0.));
#1881=CARTESIAN_POINT('Ctrl Pts',(-5.31225432652167,6.41563735156528,-0.4));
#1882=CARTESIAN_POINT('Ctrl Pts',(-5.15450915879163,6.25913991041961,0.));
#1883=CARTESIAN_POINT('Ctrl Pts',(-5.15450915879163,6.25913991041961,-0.4));
#1884=CARTESIAN_POINT('Ctrl Pts',(-4.93380937528758,6.23473073097338,0.));
#1885=CARTESIAN_POINT('Ctrl Pts',(-4.93380937528758,6.23473073097338,-0.4));
#1886=CARTESIAN_POINT('Ctrl Pts',(-4.82455395121007,6.22264718830088,0.));
#1887=CARTESIAN_POINT('Ctrl Pts',(-4.82455395121007,6.22264718830088,-0.4));
#1888=CARTESIAN_POINT('',(-5.39190918114451,6.49466215532115,0.));
#1889=CARTESIAN_POINT('Ctrl Pts',(-5.39190918114451,6.49466215532115,0.));
#1890=CARTESIAN_POINT('Ctrl Pts',(-5.31225432652167,6.41563735156528,0.));
#1891=CARTESIAN_POINT('Ctrl Pts',(-5.15450915879163,6.25913991041961,0.));
#1892=CARTESIAN_POINT('Ctrl Pts',(-4.93380937528758,6.23473073097338,0.));
#1893=CARTESIAN_POINT('Ctrl Pts',(-4.82455395121007,6.22264718830088,0.));
#1894=CARTESIAN_POINT('',(-5.39190918114451,6.49466215532115,-0.4));
#1895=CARTESIAN_POINT('',(-5.39190918114451,6.49466215532115,0.));
#1896=CARTESIAN_POINT('Ctrl Pts',(-5.39190918114451,6.49466215532115,-0.4));
#1897=CARTESIAN_POINT('Ctrl Pts',(-5.31225432652167,6.41563735156528,-0.4));
#1898=CARTESIAN_POINT('Ctrl Pts',(-5.15450915879163,6.25913991041961,-0.4));
#1899=CARTESIAN_POINT('Ctrl Pts',(-4.93380937528758,6.23473073097338,-0.4));
#1900=CARTESIAN_POINT('Ctrl Pts',(-4.82455395121007,6.22264718830088,-0.4));
#1901=CARTESIAN_POINT('Ctrl Pts',(-5.61617804037507,7.34189386299074,0.));
#1902=CARTESIAN_POINT('Ctrl Pts',(-5.61617804037507,7.34189386299074,-0.4));
#1903=CARTESIAN_POINT('Ctrl Pts',(-5.61343005432935,7.17070540029314,0.));
#1904=CARTESIAN_POINT('Ctrl Pts',(-5.61343005432935,7.17070540029314,-0.4));
#1905=CARTESIAN_POINT('Ctrl Pts',(-5.60857211725104,6.86807548642839,0.));
#1906=CARTESIAN_POINT('Ctrl Pts',(-5.60857211725104,6.86807548642839,-0.4));
#1907=CARTESIAN_POINT('Ctrl Pts',(-5.45751703512927,6.60773570515618,0.));
#1908=CARTESIAN_POINT('Ctrl Pts',(-5.45751703512927,6.60773570515618,-0.4));
#1909=CARTESIAN_POINT('Ctrl Pts',(-5.39190918114451,6.49466215532115,0.));
#1910=CARTESIAN_POINT('Ctrl Pts',(-5.39190918114451,6.49466215532115,-0.4));
#1911=CARTESIAN_POINT('',(-5.61617804037507,7.34189386299074,0.));
#1912=CARTESIAN_POINT('Ctrl Pts',(-5.61617804037507,7.34189386299074,0.));
#1913=CARTESIAN_POINT('Ctrl Pts',(-5.61343005432935,7.17070540029314,0.));
#1914=CARTESIAN_POINT('Ctrl Pts',(-5.60857211725104,6.86807548642839,0.));
#1915=CARTESIAN_POINT('Ctrl Pts',(-5.45751703512927,6.60773570515618,0.));
#1916=CARTESIAN_POINT('Ctrl Pts',(-5.39190918114451,6.49466215532115,0.));
#1917=CARTESIAN_POINT('',(-5.61617804037507,7.34189386299074,-0.4));
#1918=CARTESIAN_POINT('',(-5.61617804037507,7.34189386299074,0.));
#1919=CARTESIAN_POINT('Ctrl Pts',(-5.61617804037507,7.34189386299074,-0.4));
#1920=CARTESIAN_POINT('Ctrl Pts',(-5.61343005432935,7.17070540029314,-0.4));
#1921=CARTESIAN_POINT('Ctrl Pts',(-5.60857211725104,6.86807548642839,-0.4));
#1922=CARTESIAN_POINT('Ctrl Pts',(-5.45751703512927,6.60773570515618,-0.4));
#1923=CARTESIAN_POINT('Ctrl Pts',(-5.39190918114451,6.49466215532115,-0.4));
#1924=CARTESIAN_POINT('Ctrl Pts',(-5.40415126639208,8.15912880603747,0.));
#1925=CARTESIAN_POINT('Ctrl Pts',(-5.40415126639208,8.15912880603747,-0.4));
#1926=CARTESIAN_POINT('Ctrl Pts',(-5.46518547900797,8.05194061717249,0.));
#1927=CARTESIAN_POINT('Ctrl Pts',(-5.46518547900797,8.05194061717249,-0.4));
#1928=CARTESIAN_POINT('Ctrl Pts',(-5.60845488733831,7.80033110603923,0.));
#1929=CARTESIAN_POINT('Ctrl Pts',(-5.60845488733831,7.80033110603923,-0.4));
#1930=CARTESIAN_POINT('Ctrl Pts',(-5.61336162337019,7.50907305015004,0.));
#1931=CARTESIAN_POINT('Ctrl Pts',(-5.61336162337019,7.50907305015004,-0.4));
#1932=CARTESIAN_POINT('Ctrl Pts',(-5.61617804037507,7.34189386299074,0.));
#1933=CARTESIAN_POINT('Ctrl Pts',(-5.61617804037507,7.34189386299074,-0.4));
#1934=CARTESIAN_POINT('',(-5.40415126639208,8.15912880603747,0.));
#1935=CARTESIAN_POINT('Ctrl Pts',(-5.40415126639208,8.15912880603747,0.));
#1936=CARTESIAN_POINT('Ctrl Pts',(-5.46518547900797,8.05194061717249,0.));
#1937=CARTESIAN_POINT('Ctrl Pts',(-5.60845488733831,7.80033110603923,0.));
#1938=CARTESIAN_POINT('Ctrl Pts',(-5.61336162337019,7.50907305015004,0.));
#1939=CARTESIAN_POINT('Ctrl Pts',(-5.61617804037507,7.34189386299074,0.));
#1940=CARTESIAN_POINT('',(-5.40415126639208,8.15912880603747,-0.4));
#1941=CARTESIAN_POINT('',(-5.40415126639208,8.15912880603747,0.));
#1942=CARTESIAN_POINT('Ctrl Pts',(-5.40415126639208,8.15912880603747,-0.4));
#1943=CARTESIAN_POINT('Ctrl Pts',(-5.46518547900797,8.05194061717249,-0.4));
#1944=CARTESIAN_POINT('Ctrl Pts',(-5.60845488733831,7.80033110603923,-0.4));
#1945=CARTESIAN_POINT('Ctrl Pts',(-5.61336162337019,7.50907305015004,-0.4));
#1946=CARTESIAN_POINT('Ctrl Pts',(-5.61617804037507,7.34189386299074,-0.4));
#1947=CARTESIAN_POINT('Ctrl Pts',(-4.87754031421462,8.40688581975091,0.));
#1948=CARTESIAN_POINT('Ctrl Pts',(-4.87754031421462,8.40688581975091,-0.4));
#1949=CARTESIAN_POINT('Ctrl Pts',(-4.97892096875355,8.39651773697448,0.));
#1950=CARTESIAN_POINT('Ctrl Pts',(-4.97892096875355,8.39651773697448,-0.4));
#1951=CARTESIAN_POINT('Ctrl Pts',(-5.18333500129266,8.37561254929674,0.));
#1952=CARTESIAN_POINT('Ctrl Pts',(-5.18333500129266,8.37561254929674,-0.4));
#1953=CARTESIAN_POINT('Ctrl Pts',(-5.33015016919413,8.2316779659442,0.));
#1954=CARTESIAN_POINT('Ctrl Pts',(-5.33015016919413,8.2316779659442,-0.4));
#1955=CARTESIAN_POINT('Ctrl Pts',(-5.40415126639208,8.15912880603747,0.));
#1956=CARTESIAN_POINT('Ctrl Pts',(-5.40415126639208,8.15912880603747,-0.4));
#1957=CARTESIAN_POINT('',(-4.87754031421462,8.40688581975091,0.));
#1958=CARTESIAN_POINT('Ctrl Pts',(-4.87754031421462,8.40688581975091,0.));
#1959=CARTESIAN_POINT('Ctrl Pts',(-4.97892096875355,8.39651773697448,0.));
#1960=CARTESIAN_POINT('Ctrl Pts',(-5.18333500129266,8.37561254929674,0.));
#1961=CARTESIAN_POINT('Ctrl Pts',(-5.33015016919413,8.2316779659442,0.));
#1962=CARTESIAN_POINT('Ctrl Pts',(-5.40415126639208,8.15912880603747,0.));
#1963=CARTESIAN_POINT('',(-4.87754031421462,8.40688581975091,-0.4));
#1964=CARTESIAN_POINT('',(-4.87754031421462,8.40688581975091,0.));
#1965=CARTESIAN_POINT('Ctrl Pts',(-4.87754031421462,8.40688581975091,-0.4));
#1966=CARTESIAN_POINT('Ctrl Pts',(-4.97892096875355,8.39651773697448,-0.4));
#1967=CARTESIAN_POINT('Ctrl Pts',(-5.18333500129266,8.37561254929674,-0.4));
#1968=CARTESIAN_POINT('Ctrl Pts',(-5.33015016919413,8.2316779659442,-0.4));
#1969=CARTESIAN_POINT('Ctrl Pts',(-5.40415126639208,8.15912880603747,-0.4));
#1970=CARTESIAN_POINT('Ctrl Pts',(-4.29204368275276,8.10029863055596,0.));
#1971=CARTESIAN_POINT('Ctrl Pts',(-4.29204368275276,8.10029863055596,-0.4));
#1972=CARTESIAN_POINT('Ctrl Pts',(-4.37652899929198,8.18934012359436,0.));
#1973=CARTESIAN_POINT('Ctrl Pts',(-4.37652899929198,8.18934012359436,-0.4));
#1974=CARTESIAN_POINT('Ctrl Pts',(-4.53741580998004,8.35890333789801,0.));
#1975=CARTESIAN_POINT('Ctrl Pts',(-4.53741580998004,8.35890333789801,-0.4));
#1976=CARTESIAN_POINT('Ctrl Pts',(-4.76802787811704,8.39143654040673,0.));
#1977=CARTESIAN_POINT('Ctrl Pts',(-4.76802787811704,8.39143654040673,-0.4));
#1978=CARTESIAN_POINT('Ctrl Pts',(-4.87754031421462,8.40688581975091,0.));
#1979=CARTESIAN_POINT('Ctrl Pts',(-4.87754031421462,8.40688581975091,-0.4));
#1980=CARTESIAN_POINT('',(-4.29204368275276,8.10029863055596,0.));
#1981=CARTESIAN_POINT('Ctrl Pts',(-4.29204368275276,8.10029863055596,0.));
#1982=CARTESIAN_POINT('Ctrl Pts',(-4.37652899929198,8.18934012359436,0.));
#1983=CARTESIAN_POINT('Ctrl Pts',(-4.53741580998004,8.35890333789801,0.));
#1984=CARTESIAN_POINT('Ctrl Pts',(-4.76802787811704,8.39143654040673,0.));
#1985=CARTESIAN_POINT('Ctrl Pts',(-4.87754031421462,8.40688581975091,0.));
#1986=CARTESIAN_POINT('',(-4.29204368275276,8.10029863055596,-0.4));
#1987=CARTESIAN_POINT('',(-4.29204368275276,8.10029863055596,0.));
#1988=CARTESIAN_POINT('Ctrl Pts',(-4.29204368275276,8.10029863055596,-0.4));
#1989=CARTESIAN_POINT('Ctrl Pts',(-4.37652899929198,8.18934012359436,-0.4));
#1990=CARTESIAN_POINT('Ctrl Pts',(-4.53741580998004,8.35890333789801,-0.4));
#1991=CARTESIAN_POINT('Ctrl Pts',(-4.76802787811704,8.39143654040673,-0.4));
#1992=CARTESIAN_POINT('Ctrl Pts',(-4.87754031421462,8.40688581975091,-0.4));
#1993=CARTESIAN_POINT('Ctrl Pts',(-4.0414247596337,7.24282287961329,0.));
#1994=CARTESIAN_POINT('Ctrl Pts',(-4.0414247596337,7.24282287961329,-0.4));
#1995=CARTESIAN_POINT('Ctrl Pts',(-4.04703014538394,7.41092225080782,0.));
#1996=CARTESIAN_POINT('Ctrl Pts',(-4.04703014538394,7.41092225080782,-0.4));
#1997=CARTESIAN_POINT('Ctrl Pts',(-4.05731742714216,7.71942654862267,0.));
#1998=CARTESIAN_POINT('Ctrl Pts',(-4.05731742714216,7.71942654862267,-0.4));
#1999=CARTESIAN_POINT('Ctrl Pts',(-4.21862856695438,7.98117361862764,0.));
#2000=CARTESIAN_POINT('Ctrl Pts',(-4.21862856695438,7.98117361862764,-0.4));
#2001=CARTESIAN_POINT('Ctrl Pts',(-4.29204368275276,8.10029863055596,0.));
#2002=CARTESIAN_POINT('Ctrl Pts',(-4.29204368275276,8.10029863055596,-0.4));
#2003=CARTESIAN_POINT('',(-4.0414247596337,7.24282287961329,0.));
#2004=CARTESIAN_POINT('Ctrl Pts',(-4.0414247596337,7.24282287961329,0.));
#2005=CARTESIAN_POINT('Ctrl Pts',(-4.04703014538394,7.41092225080782,0.));
#2006=CARTESIAN_POINT('Ctrl Pts',(-4.05731742714216,7.71942654862267,0.));
#2007=CARTESIAN_POINT('Ctrl Pts',(-4.21862856695438,7.98117361862764,0.));
#2008=CARTESIAN_POINT('Ctrl Pts',(-4.29204368275276,8.10029863055596,0.));
#2009=CARTESIAN_POINT('',(-4.0414247596337,7.24282287961329,-0.4));
#2010=CARTESIAN_POINT('',(-4.0414247596337,7.24282287961329,0.));
#2011=CARTESIAN_POINT('Ctrl Pts',(-4.0414247596337,7.24282287961329,-0.4));
#2012=CARTESIAN_POINT('Ctrl Pts',(-4.04703014538394,7.41092225080782,-0.4));
#2013=CARTESIAN_POINT('Ctrl Pts',(-4.05731742714216,7.71942654862267,-0.4));
#2014=CARTESIAN_POINT('Ctrl Pts',(-4.21862856695438,7.98117361862764,-0.4));
#2015=CARTESIAN_POINT('Ctrl Pts',(-4.29204368275276,8.10029863055596,-0.4));
#2016=CARTESIAN_POINT('Ctrl Pts',(-4.26949052636129,6.48045014836099,0.));
#2017=CARTESIAN_POINT('Ctrl Pts',(-4.26949052636129,6.48045014836099,-0.4));
#2018=CARTESIAN_POINT('Ctrl Pts',(-4.20358203432043,6.58420735006464,0.));
#2019=CARTESIAN_POINT('Ctrl Pts',(-4.20358203432043,6.58420735006464,-0.4));
#2020=CARTESIAN_POINT('Ctrl Pts',(-4.05657199220528,6.81563959983827,0.));
#2021=CARTESIAN_POINT('Ctrl Pts',(-4.05657199220528,6.81563959983827,-0.4));
#2022=CARTESIAN_POINT('Ctrl Pts',(-4.04681012400339,7.09094446859944,0.));
#2023=CARTESIAN_POINT('Ctrl Pts',(-4.04681012400339,7.09094446859944,-0.4));
#2024=CARTESIAN_POINT('Ctrl Pts',(-4.0414247596337,7.24282287961329,0.));
#2025=CARTESIAN_POINT('Ctrl Pts',(-4.0414247596337,7.24282287961329,-0.4));
#2026=CARTESIAN_POINT('Ctrl Pts',(-4.26949052636129,6.48045014836099,0.));
#2027=CARTESIAN_POINT('Ctrl Pts',(-4.20358203432043,6.58420735006464,0.));
#2028=CARTESIAN_POINT('Ctrl Pts',(-4.05657199220528,6.81563959983827,0.));
#2029=CARTESIAN_POINT('Ctrl Pts',(-4.04681012400339,7.09094446859944,0.));
#2030=CARTESIAN_POINT('Ctrl Pts',(-4.0414247596337,7.24282287961329,0.));
#2031=CARTESIAN_POINT('Ctrl Pts',(-4.26949052636129,6.48045014836099,-0.4));
#2032=CARTESIAN_POINT('Ctrl Pts',(-4.20358203432043,6.58420735006464,-0.4));
#2033=CARTESIAN_POINT('Ctrl Pts',(-4.05657199220528,6.81563959983827,-0.4));
#2034=CARTESIAN_POINT('Ctrl Pts',(-4.04681012400339,7.09094446859944,-0.4));
#2035=CARTESIAN_POINT('Ctrl Pts',(-4.0414247596337,7.24282287961329,-0.4));
#2036=CARTESIAN_POINT('Ctrl Pts',(-4.95702385731148,3.27182187266351,0.));
#2037=CARTESIAN_POINT('Ctrl Pts',(-4.95702385731148,3.27182187266351,-0.4));
#2038=CARTESIAN_POINT('Ctrl Pts',(-5.17396667714442,3.28428538585714,0.));
#2039=CARTESIAN_POINT('Ctrl Pts',(-5.17396667714442,3.28428538585714,-0.4));
#2040=CARTESIAN_POINT('Ctrl Pts',(-5.58471720593224,3.3078832843208,0.));
#2041=CARTESIAN_POINT('Ctrl Pts',(-5.58471720593224,3.3078832843208,-0.4));
#2042=CARTESIAN_POINT('Ctrl Pts',(-5.92409322216796,3.538526526229,0.));
#2043=CARTESIAN_POINT('Ctrl Pts',(-5.92409322216796,3.538526526229,-0.4));
#2044=CARTESIAN_POINT('Ctrl Pts',(-6.08422372370375,3.64735277273943,0.));
#2045=CARTESIAN_POINT('Ctrl Pts',(-6.08422372370375,3.64735277273943,-0.4));
#2046=CARTESIAN_POINT('',(-4.95702385731148,3.27182187266351,-0.4));
#2047=CARTESIAN_POINT('',(-4.95702385731148,3.27182187266351,0.));
#2048=CARTESIAN_POINT('',(-6.08422372370375,3.64735277273943,-0.4));
#2049=CARTESIAN_POINT('Ctrl Pts',(-4.95702385731148,3.27182187266351,-0.4));
#2050=CARTESIAN_POINT('Ctrl Pts',(-5.17396667714442,3.28428538585714,-0.4));
#2051=CARTESIAN_POINT('Ctrl Pts',(-5.58471720593224,3.3078832843208,-0.4));
#2052=CARTESIAN_POINT('Ctrl Pts',(-5.92409322216796,3.538526526229,-0.4));
#2053=CARTESIAN_POINT('Ctrl Pts',(-6.08422372370375,3.64735277273943,-0.4));
#2054=CARTESIAN_POINT('',(-6.08422372370375,3.64735277273943,0.));
#2055=CARTESIAN_POINT('Ctrl Pts',(-3.37931664876676,3.98871286382684,0.));
#2056=CARTESIAN_POINT('Ctrl Pts',(-3.37931664876676,3.98871286382684,-0.4));
#2057=CARTESIAN_POINT('Ctrl Pts',(-3.5982661883186,3.77875079879262,0.));
#2058=CARTESIAN_POINT('Ctrl Pts',(-3.5982661883186,3.77875079879262,-0.4));
#2059=CARTESIAN_POINT('Ctrl Pts',(-4.03988393236968,3.35526064810989,0.));
#2060=CARTESIAN_POINT('Ctrl Pts',(-4.03988393236968,3.35526064810989,-0.4));
#2061=CARTESIAN_POINT('Ctrl Pts',(-4.64959916948385,3.29979049424102,0.));
#2062=CARTESIAN_POINT('Ctrl Pts',(-4.64959916948385,3.29979049424102,-0.4));
#2063=CARTESIAN_POINT('Ctrl Pts',(-4.95702385731148,3.27182187266351,0.));
#2064=CARTESIAN_POINT('Ctrl Pts',(-4.95702385731148,3.27182187266351,-0.4));
#2065=CARTESIAN_POINT('',(-3.37931664876676,3.98871286382684,-0.4));
#2066=CARTESIAN_POINT('',(-3.37931664876676,3.98871286382684,0.));
#2067=CARTESIAN_POINT('Ctrl Pts',(-3.37931664876676,3.98871286382684,-0.4));
#2068=CARTESIAN_POINT('Ctrl Pts',(-3.5982661883186,3.77875079879262,-0.4));
#2069=CARTESIAN_POINT('Ctrl Pts',(-4.03988393236968,3.35526064810989,-0.4));
#2070=CARTESIAN_POINT('Ctrl Pts',(-4.64959916948385,3.29979049424102,-0.4));
#2071=CARTESIAN_POINT('Ctrl Pts',(-4.95702385731148,3.27182187266351,-0.4));
#2072=CARTESIAN_POINT('Ctrl Pts',(-2.76592532621243,6.34104108104646,0.));
#2073=CARTESIAN_POINT('Ctrl Pts',(-2.76592532621243,6.34104108104646,-0.4));
#2074=CARTESIAN_POINT('Ctrl Pts',(-2.77437089587863,5.8604724834925,0.));
#2075=CARTESIAN_POINT('Ctrl Pts',(-2.77437089587863,5.8604724834925,-0.4));
#2076=CARTESIAN_POINT('Ctrl Pts',(-2.78910974961199,5.0218043357957,0.));
#2077=CARTESIAN_POINT('Ctrl Pts',(-2.78910974961199,5.0218043357957,-0.4));
#2078=CARTESIAN_POINT('Ctrl Pts',(-3.20271359918575,4.29783684171852,0.));
#2079=CARTESIAN_POINT('Ctrl Pts',(-3.20271359918575,4.29783684171852,-0.4));
#2080=CARTESIAN_POINT('Ctrl Pts',(-3.37931664876676,3.98871286382684,0.));
#2081=CARTESIAN_POINT('Ctrl Pts',(-3.37931664876676,3.98871286382684,-0.4));
#2082=CARTESIAN_POINT('',(-2.76592532621243,6.34104108104646,-0.4));
#2083=CARTESIAN_POINT('',(-2.76592532621243,6.34104108104646,0.));
#2084=CARTESIAN_POINT('Ctrl Pts',(-2.76592532621243,6.34104108104646,-0.4));
#2085=CARTESIAN_POINT('Ctrl Pts',(-2.77437089587863,5.8604724834925,-0.4));
#2086=CARTESIAN_POINT('Ctrl Pts',(-2.78910974961199,5.0218043357957,-0.4));
#2087=CARTESIAN_POINT('Ctrl Pts',(-3.20271359918575,4.29783684171852,-0.4));
#2088=CARTESIAN_POINT('Ctrl Pts',(-3.37931664876676,3.98871286382684,-0.4));
#2089=CARTESIAN_POINT('Ctrl Pts',(-3.33809611958177,8.64691649761838,0.));
#2090=CARTESIAN_POINT('Ctrl Pts',(-3.33809611958177,8.64691649761838,-0.4));
#2091=CARTESIAN_POINT('Ctrl Pts',(-3.17082458387324,8.34410156853347,0.));
#2092=CARTESIAN_POINT('Ctrl Pts',(-3.17082458387324,8.34410156853347,-0.4));
#2093=CARTESIAN_POINT('Ctrl Pts',(-2.77710817280531,7.63134905752142,0.));
#2094=CARTESIAN_POINT('Ctrl Pts',(-2.77710817280531,7.63134905752142,-0.4));
#2095=CARTESIAN_POINT('Ctrl Pts',(-2.77000861608929,6.81218243621123,0.));
#2096=CARTESIAN_POINT('Ctrl Pts',(-2.77000861608929,6.81218243621123,-0.4));
#2097=CARTESIAN_POINT('Ctrl Pts',(-2.76592532621243,6.34104108104646,0.));
#2098=CARTESIAN_POINT('Ctrl Pts',(-2.76592532621243,6.34104108104646,-0.4));
#2099=CARTESIAN_POINT('',(-3.33809611958177,8.64691649761838,-0.4));
#2100=CARTESIAN_POINT('',(-3.33809611958177,8.64691649761838,0.));
#2101=CARTESIAN_POINT('Ctrl Pts',(-3.33809611958177,8.64691649761838,-0.4));
#2102=CARTESIAN_POINT('Ctrl Pts',(-3.17082458387324,8.34410156853347,-0.4));
#2103=CARTESIAN_POINT('Ctrl Pts',(-2.77710817280531,7.63134905752142,-0.4));
#2104=CARTESIAN_POINT('Ctrl Pts',(-2.77000861608929,6.81218243621123,-0.4));
#2105=CARTESIAN_POINT('Ctrl Pts',(-2.76592532621243,6.34104108104646,-0.4));
#2106=CARTESIAN_POINT('Ctrl Pts',(-4.8213425023258,9.35256123624246,0.));
#2107=CARTESIAN_POINT('Ctrl Pts',(-4.8213425023258,9.35256123624246,-0.4));
#2108=CARTESIAN_POINT('Ctrl Pts',(-4.53309028152973,9.32217906623984,0.));
#2109=CARTESIAN_POINT('Ctrl Pts',(-4.53309028152973,9.32217906623984,-0.4));
#2110=CARTESIAN_POINT('Ctrl Pts',(-3.95579023301871,9.26133086820013,0.));
#2111=CARTESIAN_POINT('Ctrl Pts',(-3.95579023301871,9.26133086820013,-0.4));
#2112=CARTESIAN_POINT('Ctrl Pts',(-3.54418324298887,8.85190936942774,0.));
#2113=CARTESIAN_POINT('Ctrl Pts',(-3.54418324298887,8.85190936942774,-0.4));
#2114=CARTESIAN_POINT('Ctrl Pts',(-3.33809611958177,8.64691649761838,0.));
#2115=CARTESIAN_POINT('Ctrl Pts',(-3.33809611958177,8.64691649761838,-0.4));
#2116=CARTESIAN_POINT('',(-4.8213425023258,9.35256123624246,-0.4));
#2117=CARTESIAN_POINT('',(-4.8213425023258,9.35256123624246,0.));
#2118=CARTESIAN_POINT('Ctrl Pts',(-4.8213425023258,9.35256123624246,-0.4));
#2119=CARTESIAN_POINT('Ctrl Pts',(-4.53309028152973,9.32217906623984,-0.4));
#2120=CARTESIAN_POINT('Ctrl Pts',(-3.95579023301871,9.26133086820013,-0.4));
#2121=CARTESIAN_POINT('Ctrl Pts',(-3.54418324298887,8.85190936942774,-0.4));
#2122=CARTESIAN_POINT('Ctrl Pts',(-3.33809611958177,8.64691649761838,-0.4));
#2123=CARTESIAN_POINT('Ctrl Pts',(-6.1934345646921,8.80339772587386,0.));
#2124=CARTESIAN_POINT('Ctrl Pts',(-6.1934345646921,8.80339772587386,-0.4));
#2125=CARTESIAN_POINT('Ctrl Pts',(-5.99847762816199,8.96429331718384,0.));
#2126=CARTESIAN_POINT('Ctrl Pts',(-5.99847762816199,8.96429331718384,-0.4));
#2127=CARTESIAN_POINT('Ctrl Pts',(-5.60016821685668,9.29301323552539,0.));
#2128=CARTESIAN_POINT('Ctrl Pts',(-5.60016821685668,9.29301323552539,-0.4));
#2129=CARTESIAN_POINT('Ctrl Pts',(-5.0845736295294,9.3324349267755,0.));
#2130=CARTESIAN_POINT('Ctrl Pts',(-5.0845736295294,9.3324349267755,-0.4));
#2131=CARTESIAN_POINT('Ctrl Pts',(-4.8213425023258,9.35256123624246,0.));
#2132=CARTESIAN_POINT('Ctrl Pts',(-4.8213425023258,9.35256123624246,-0.4));
#2133=CARTESIAN_POINT('',(-6.1934345646921,8.80339772587386,-0.4));
#2134=CARTESIAN_POINT('',(-6.1934345646921,8.80339772587386,0.));
#2135=CARTESIAN_POINT('Ctrl Pts',(-6.1934345646921,8.80339772587386,-0.4));
#2136=CARTESIAN_POINT('Ctrl Pts',(-5.99847762816199,8.96429331718384,-0.4));
#2137=CARTESIAN_POINT('Ctrl Pts',(-5.60016821685668,9.29301323552539,-0.4));
#2138=CARTESIAN_POINT('Ctrl Pts',(-5.0845736295294,9.3324349267755,-0.4));
#2139=CARTESIAN_POINT('Ctrl Pts',(-4.8213425023258,9.35256123624246,-0.4));
#2140=CARTESIAN_POINT('Ctrl Pts',(-6.73660331370576,7.34595000221014,0.));
#2141=CARTESIAN_POINT('Ctrl Pts',(-6.73660331370576,7.34595000221014,-0.4));
#2142=CARTESIAN_POINT('Ctrl Pts',(-6.7174177503156,7.62847725767251,0.));
#2143=CARTESIAN_POINT('Ctrl Pts',(-6.7174177503156,7.62847725767251,-0.4));
#2144=CARTESIAN_POINT('Ctrl Pts',(-6.68067509690679,8.16955081464301,0.));
#2145=CARTESIAN_POINT('Ctrl Pts',(-6.68067509690679,8.16955081464301,-0.4));
#2146=CARTESIAN_POINT('Ctrl Pts',(-6.35097722226021,8.59845187206166,0.));
#2147=CARTESIAN_POINT('Ctrl Pts',(-6.35097722226021,8.59845187206166,-0.4));
#2148=CARTESIAN_POINT('Ctrl Pts',(-6.1934345646921,8.80339772587386,0.));
#2149=CARTESIAN_POINT('Ctrl Pts',(-6.1934345646921,8.80339772587386,-0.4));
#2150=CARTESIAN_POINT('',(-6.73660331370576,7.34595000221014,-0.4));
#2151=CARTESIAN_POINT('',(-6.73660331370576,7.34595000221014,0.));
#2152=CARTESIAN_POINT('Ctrl Pts',(-6.73660331370576,7.34595000221014,-0.4));
#2153=CARTESIAN_POINT('Ctrl Pts',(-6.7174177503156,7.62847725767251,-0.4));
#2154=CARTESIAN_POINT('Ctrl Pts',(-6.68067509690679,8.16955081464301,-0.4));
#2155=CARTESIAN_POINT('Ctrl Pts',(-6.35097722226021,8.59845187206166,-0.4));
#2156=CARTESIAN_POINT('Ctrl Pts',(-6.1934345646921,8.80339772587386,-0.4));
#2157=CARTESIAN_POINT('Ctrl Pts',(-6.23224167555932,5.93342463115397,0.));
#2158=CARTESIAN_POINT('Ctrl Pts',(-6.23224167555932,5.93342463115397,-0.4));
#2159=CARTESIAN_POINT('Ctrl Pts',(-6.38003688659635,6.13400032891718,0.));
#2160=CARTESIAN_POINT('Ctrl Pts',(-6.38003688659635,6.13400032891718,-0.4));
#2161=CARTESIAN_POINT('Ctrl Pts',(-6.68894139146188,6.55322051995625,0.));
#2162=CARTESIAN_POINT('Ctrl Pts',(-6.68894139146188,6.55322051995625,-0.4));
#2163=CARTESIAN_POINT('Ctrl Pts',(-6.72026596646924,7.07422162436713,0.));
#2164=CARTESIAN_POINT('Ctrl Pts',(-6.72026596646924,7.07422162436713,-0.4));
#2165=CARTESIAN_POINT('Ctrl Pts',(-6.73660331370576,7.34595000221014,0.));
#2166=CARTESIAN_POINT('Ctrl Pts',(-6.73660331370576,7.34595000221014,-0.4));
#2167=CARTESIAN_POINT('',(-6.23224167555932,5.93342463115397,-0.4));
#2168=CARTESIAN_POINT('',(-6.23224167555932,5.93342463115397,0.));
#2169=CARTESIAN_POINT('Ctrl Pts',(-6.23224167555932,5.93342463115397,-0.4));
#2170=CARTESIAN_POINT('Ctrl Pts',(-6.38003688659635,6.13400032891718,-0.4));
#2171=CARTESIAN_POINT('Ctrl Pts',(-6.68894139146188,6.55322051995625,-0.4));
#2172=CARTESIAN_POINT('Ctrl Pts',(-6.72026596646924,7.07422162436713,-0.4));
#2173=CARTESIAN_POINT('Ctrl Pts',(-6.73660331370576,7.34595000221014,-0.4));
#2174=CARTESIAN_POINT('Ctrl Pts',(-5.02243839688406,5.38709270021895,0.));
#2175=CARTESIAN_POINT('Ctrl Pts',(-5.02243839688406,5.38709270021895,-0.4));
#2176=CARTESIAN_POINT('Ctrl Pts',(-5.24974917356515,5.41193207627568,0.));
#2177=CARTESIAN_POINT('Ctrl Pts',(-5.24974917356515,5.41193207627568,-0.4));
#2178=CARTESIAN_POINT('Ctrl Pts',(-5.71189385816324,5.46243291825492,0.));
#2179=CARTESIAN_POINT('Ctrl Pts',(-5.71189385816324,5.46243291825492,-0.4));
#2180=CARTESIAN_POINT('Ctrl Pts',(-6.05692020550634,5.77473277788272,0.));
#2181=CARTESIAN_POINT('Ctrl Pts',(-6.05692020550634,5.77473277788272,-0.4));
#2182=CARTESIAN_POINT('Ctrl Pts',(-6.23224167555932,5.93342463115397,0.));
#2183=CARTESIAN_POINT('Ctrl Pts',(-6.23224167555932,5.93342463115397,-0.4));
#2184=CARTESIAN_POINT('',(-5.02243839688406,5.38709270021895,-0.4));
#2185=CARTESIAN_POINT('',(-5.02243839688406,5.38709270021895,0.));
#2186=CARTESIAN_POINT('Ctrl Pts',(-5.02243839688406,5.38709270021895,-0.4));
#2187=CARTESIAN_POINT('Ctrl Pts',(-5.24974917356515,5.41193207627568,-0.4));
#2188=CARTESIAN_POINT('Ctrl Pts',(-5.71189385816324,5.46243291825492,-0.4));
#2189=CARTESIAN_POINT('Ctrl Pts',(-6.05692020550634,5.77473277788272,-0.4));
#2190=CARTESIAN_POINT('Ctrl Pts',(-6.23224167555932,5.93342463115397,-0.4));
#2191=CARTESIAN_POINT('Ctrl Pts',(-3.94485981009318,5.88251855211352,0.));
#2192=CARTESIAN_POINT('Ctrl Pts',(-3.94485981009318,5.88251855211352,-0.4));
#2193=CARTESIAN_POINT('Ctrl Pts',(-4.09713137686385,5.73743416993784,0.));
#2194=CARTESIAN_POINT('Ctrl Pts',(-4.09713137686385,5.73743416993784,-0.4));
#2195=CARTESIAN_POINT('Ctrl Pts',(-4.39984836922801,5.44900535330013,0.));
#2196=CARTESIAN_POINT('Ctrl Pts',(-4.39984836922801,5.44900535330013,-0.4));
#2197=CARTESIAN_POINT('Ctrl Pts',(-4.81574468626455,5.40764708662283,0.));
#2198=CARTESIAN_POINT('Ctrl Pts',(-4.81574468626455,5.40764708662283,-0.4));
#2199=CARTESIAN_POINT('Ctrl Pts',(-5.02243839688406,5.38709270021895,0.));
#2200=CARTESIAN_POINT('Ctrl Pts',(-5.02243839688406,5.38709270021895,-0.4));
#2201=CARTESIAN_POINT('',(-3.94485981009318,5.88251855211352,-0.4));
#2202=CARTESIAN_POINT('',(-3.94485981009318,5.88251855211352,0.));
#2203=CARTESIAN_POINT('Ctrl Pts',(-3.94485981009318,5.88251855211352,-0.4));
#2204=CARTESIAN_POINT('Ctrl Pts',(-4.09713137686385,5.73743416993784,-0.4));
#2205=CARTESIAN_POINT('Ctrl Pts',(-4.39984836922801,5.44900535330013,-0.4));
#2206=CARTESIAN_POINT('Ctrl Pts',(-4.81574468626455,5.40764708662283,-0.4));
#2207=CARTESIAN_POINT('Ctrl Pts',(-5.02243839688406,5.38709270021895,-0.4));
#2208=CARTESIAN_POINT('Ctrl Pts',(-4.26638057749829,4.53590597223652,0.));
#2209=CARTESIAN_POINT('Ctrl Pts',(-4.26638057749829,4.53590597223652,-0.4));
#2210=CARTESIAN_POINT('Ctrl Pts',(-4.18966540856348,4.6998227092255,0.));
#2211=CARTESIAN_POINT('Ctrl Pts',(-4.18966540856348,4.6998227092255,-0.4));
#2212=CARTESIAN_POINT('Ctrl Pts',(-3.99111406134009,5.124065911887,0.));
#2213=CARTESIAN_POINT('Ctrl Pts',(-3.99111406134009,5.124065911887,-0.4));
#2214=CARTESIAN_POINT('Ctrl Pts',(-3.96244926271784,5.59409605204765,0.));
#2215=CARTESIAN_POINT('Ctrl Pts',(-3.96244926271784,5.59409605204765,-0.4));
#2216=CARTESIAN_POINT('Ctrl Pts',(-3.94485981009318,5.88251855211352,0.));
#2217=CARTESIAN_POINT('Ctrl Pts',(-3.94485981009318,5.88251855211352,-0.4));
#2218=CARTESIAN_POINT('',(-4.26638057749829,4.53590597223652,-0.4));
#2219=CARTESIAN_POINT('',(-4.26638057749829,4.53590597223652,0.));
#2220=CARTESIAN_POINT('Ctrl Pts',(-4.26638057749829,4.53590597223652,-0.4));
#2221=CARTESIAN_POINT('Ctrl Pts',(-4.18966540856348,4.6998227092255,-0.4));
#2222=CARTESIAN_POINT('Ctrl Pts',(-3.99111406134009,5.124065911887,-0.4));
#2223=CARTESIAN_POINT('Ctrl Pts',(-3.96244926271784,5.59409605204765,-0.4));
#2224=CARTESIAN_POINT('Ctrl Pts',(-3.94485981009318,5.88251855211352,-0.4));
#2225=CARTESIAN_POINT('Ctrl Pts',(-4.86836476812099,4.21332007458663,0.));
#2226=CARTESIAN_POINT('Ctrl Pts',(-4.86836476812099,4.21332007458663,-0.4));
#2227=CARTESIAN_POINT('Ctrl Pts',(-4.7533837769664,4.22859564203821,0.));
#2228=CARTESIAN_POINT('Ctrl Pts',(-4.7533837769664,4.22859564203821,-0.4));
#2229=CARTESIAN_POINT('Ctrl Pts',(-4.51321284442948,4.26050306641363,0.));
#2230=CARTESIAN_POINT('Ctrl Pts',(-4.51321284442948,4.26050306641363,-0.4));
#2231=CARTESIAN_POINT('Ctrl Pts',(-4.35095700380499,4.44153989174562,0.));
#2232=CARTESIAN_POINT('Ctrl Pts',(-4.35095700380499,4.44153989174562,-0.4));
#2233=CARTESIAN_POINT('Ctrl Pts',(-4.26638057749829,4.53590597223652,0.));
#2234=CARTESIAN_POINT('Ctrl Pts',(-4.26638057749829,4.53590597223652,-0.4));
#2235=CARTESIAN_POINT('',(-4.86836476812099,4.21332007458663,-0.4));
#2236=CARTESIAN_POINT('',(-4.86836476812099,4.21332007458663,0.));
#2237=CARTESIAN_POINT('Ctrl Pts',(-4.86836476812099,4.21332007458663,-0.4));
#2238=CARTESIAN_POINT('Ctrl Pts',(-4.7533837769664,4.22859564203821,-0.4));
#2239=CARTESIAN_POINT('Ctrl Pts',(-4.51321284442948,4.26050306641363,-0.4));
#2240=CARTESIAN_POINT('Ctrl Pts',(-4.35095700380499,4.44153989174562,-0.4));
#2241=CARTESIAN_POINT('Ctrl Pts',(-4.26638057749829,4.53590597223652,-0.4));
#2242=CARTESIAN_POINT('Ctrl Pts',(-5.31838269946445,4.37733181358508,0.));
#2243=CARTESIAN_POINT('Ctrl Pts',(-5.31838269946445,4.37733181358508,-0.4));
#2244=CARTESIAN_POINT('Ctrl Pts',(-5.25508780477364,4.32977124288758,0.));
#2245=CARTESIAN_POINT('Ctrl Pts',(-5.25508780477364,4.32977124288758,-0.4));
#2246=CARTESIAN_POINT('Ctrl Pts',(-5.12207664858612,4.22982500664983,0.));
#2247=CARTESIAN_POINT('Ctrl Pts',(-5.12207664858612,4.22982500664983,-0.4));
#2248=CARTESIAN_POINT('Ctrl Pts',(-4.95561415947307,4.2189959825267,0.));
#2249=CARTESIAN_POINT('Ctrl Pts',(-4.95561415947307,4.2189959825267,-0.4));
#2250=CARTESIAN_POINT('Ctrl Pts',(-4.86836476812099,4.21332007458663,0.));
#2251=CARTESIAN_POINT('Ctrl Pts',(-4.86836476812099,4.21332007458663,-0.4));
#2252=CARTESIAN_POINT('',(-5.31838269946445,4.37733181358508,-0.4));
#2253=CARTESIAN_POINT('',(-5.31838269946445,4.37733181358508,0.));
#2254=CARTESIAN_POINT('Ctrl Pts',(-5.31838269946445,4.37733181358508,-0.4));
#2255=CARTESIAN_POINT('Ctrl Pts',(-5.25508780477364,4.32977124288758,-0.4));
#2256=CARTESIAN_POINT('Ctrl Pts',(-5.12207664858612,4.22982500664983,-0.4));
#2257=CARTESIAN_POINT('Ctrl Pts',(-4.95561415947307,4.2189959825267,-0.4));
#2258=CARTESIAN_POINT('Ctrl Pts',(-4.86836476812099,4.21332007458663,-0.4));
#2259=CARTESIAN_POINT('Ctrl Pts',(-5.52766949751523,4.87741634757276,0.));
#2260=CARTESIAN_POINT('Ctrl Pts',(-5.52766949751523,4.87741634757276,-0.4));
#2261=CARTESIAN_POINT('Ctrl Pts',(-5.51239317303603,4.77573116102282,0.));
#2262=CARTESIAN_POINT('Ctrl Pts',(-5.51239317303603,4.77573116102282,-0.4));
#2263=CARTESIAN_POINT('Ctrl Pts',(-5.48458400300522,4.59062245596544,0.));
#2264=CARTESIAN_POINT('Ctrl Pts',(-5.48458400300522,4.59062245596544,-0.4));
#2265=CARTESIAN_POINT('Ctrl Pts',(-5.37001559974671,4.4435937154748,0.));
#2266=CARTESIAN_POINT('Ctrl Pts',(-5.37001559974671,4.4435937154748,-0.4));
#2267=CARTESIAN_POINT('Ctrl Pts',(-5.31838269946445,4.37733181358508,0.));
#2268=CARTESIAN_POINT('Ctrl Pts',(-5.31838269946445,4.37733181358508,-0.4));
#2269=CARTESIAN_POINT('',(-5.52766949751523,4.87741634757276,-0.4));
#2270=CARTESIAN_POINT('',(-5.52766949751523,4.87741634757276,0.));
#2271=CARTESIAN_POINT('Ctrl Pts',(-5.52766949751523,4.87741634757276,-0.4));
#2272=CARTESIAN_POINT('Ctrl Pts',(-5.51239317303603,4.77573116102282,-0.4));
#2273=CARTESIAN_POINT('Ctrl Pts',(-5.48458400300522,4.59062245596544,-0.4));
#2274=CARTESIAN_POINT('Ctrl Pts',(-5.37001559974671,4.4435937154748,-0.4));
#2275=CARTESIAN_POINT('Ctrl Pts',(-5.31838269946445,4.37733181358508,-0.4));
#2276=CARTESIAN_POINT('Origin',(-6.63229826405183,4.75962850423502,0.));
#2277=CARTESIAN_POINT('',(-6.63229826405183,4.75962850423502,-0.4));
#2278=CARTESIAN_POINT('',(-6.63229826405183,4.75962850423502,0.));
#2279=CARTESIAN_POINT('',(-6.63229826405183,4.75962850423502,-0.4));
#2280=CARTESIAN_POINT('Ctrl Pts',(-6.08422372370375,3.64735277273943,0.));
#2281=CARTESIAN_POINT('Ctrl Pts',(-6.08422372370375,3.64735277273943,-0.4));
#2282=CARTESIAN_POINT('Ctrl Pts',(-6.21544594643606,3.79504893390984,0.));
#2283=CARTESIAN_POINT('Ctrl Pts',(-6.21544594643606,3.79504893390984,-0.4));
#2284=CARTESIAN_POINT('Ctrl Pts',(-6.49913501371706,4.11435297655582,0.));
#2285=CARTESIAN_POINT('Ctrl Pts',(-6.49913501371706,4.11435297655582,-0.4));
#2286=CARTESIAN_POINT('Ctrl Pts',(-6.58574844084018,4.53405980070188,0.));
#2287=CARTESIAN_POINT('Ctrl Pts',(-6.58574844084018,4.53405980070188,-0.4));
#2288=CARTESIAN_POINT('Ctrl Pts',(-6.63229826405183,4.75962850423502,0.));
#2289=CARTESIAN_POINT('Ctrl Pts',(-6.63229826405183,4.75962850423502,-0.4));
#2290=CARTESIAN_POINT('Ctrl Pts',(-6.08422372370375,3.64735277273943,-0.4));
#2291=CARTESIAN_POINT('Ctrl Pts',(-6.21544594643606,3.79504893390984,-0.4));
#2292=CARTESIAN_POINT('Ctrl Pts',(-6.49913501371706,4.11435297655582,-0.4));
#2293=CARTESIAN_POINT('Ctrl Pts',(-6.58574844084018,4.53405980070188,-0.4));
#2294=CARTESIAN_POINT('Ctrl Pts',(-6.63229826405183,4.75962850423502,-0.4));
#2295=CARTESIAN_POINT('Origin',(-9.90386904904562,6.3220938984217,-0.4));
#2296=CARTESIAN_POINT('Origin',(-9.27462905558671,9.36868292741977,0.));
#2297=CARTESIAN_POINT('',(-9.27462905558671,9.36868292741977,-0.4));
#2298=CARTESIAN_POINT('',(-9.27462905558671,9.36868292741977,0.));
#2299=CARTESIAN_POINT('',(-8.34905962591392,9.36533220108992,-0.4));
#2300=CARTESIAN_POINT('',(-9.27462905558671,9.36868292741977,-0.4));
#2301=CARTESIAN_POINT('',(-8.34905962591392,9.36533220108992,0.));
#2302=CARTESIAN_POINT('Ctrl Pts',(-9.99660876135992,8.41932850965632,0.));
#2303=CARTESIAN_POINT('Ctrl Pts',(-9.99660876135992,8.41932850965632,-0.4));
#2304=CARTESIAN_POINT('Ctrl Pts',(-9.83657460818533,8.55683825536164,0.));
#2305=CARTESIAN_POINT('Ctrl Pts',(-9.83657460818533,8.55683825536164,-0.4));
#2306=CARTESIAN_POINT('Ctrl Pts',(-9.52785928107571,8.82210267101339,0.));
#2307=CARTESIAN_POINT('Ctrl Pts',(-9.52785928107571,8.82210267101339,-0.4));
#2308=CARTESIAN_POINT('Ctrl Pts',(-9.35694399921997,9.1910117078398,0.));
#2309=CARTESIAN_POINT('Ctrl Pts',(-9.35694399921997,9.1910117078398,-0.4));
#2310=CARTESIAN_POINT('Ctrl Pts',(-9.27462905558671,9.36868292741977,0.));
#2311=CARTESIAN_POINT('Ctrl Pts',(-9.27462905558671,9.36868292741977,-0.4));
#2312=CARTESIAN_POINT('',(-9.99660876135992,8.41932850965632,-0.4));
#2313=CARTESIAN_POINT('',(-9.99660876135992,8.41932850965632,0.));
#2314=CARTESIAN_POINT('Ctrl Pts',(-9.99660876135992,8.41932850965632,-0.4));
#2315=CARTESIAN_POINT('Ctrl Pts',(-9.83657460818533,8.55683825536164,-0.4));
#2316=CARTESIAN_POINT('Ctrl Pts',(-9.52785928107571,8.82210267101339,-0.4));
#2317=CARTESIAN_POINT('Ctrl Pts',(-9.35694399921997,9.1910117078398,-0.4));
#2318=CARTESIAN_POINT('Ctrl Pts',(-9.27462905558671,9.36868292741977,-0.4));
#2319=CARTESIAN_POINT('Ctrl Pts',(-10.9688385329992,7.86871712848961,0.));
#2320=CARTESIAN_POINT('Ctrl Pts',(-10.9688385329992,7.86871712848961,-0.4));
#2321=CARTESIAN_POINT('Ctrl Pts',(-10.8100910464259,7.93291094046331,0.));
#2322=CARTESIAN_POINT('Ctrl Pts',(-10.8100910464259,7.93291094046331,-0.4));
#2323=CARTESIAN_POINT('Ctrl Pts',(-10.4621695529083,8.07360234552799,0.));
#2324=CARTESIAN_POINT('Ctrl Pts',(-10.4621695529083,8.07360234552799,-0.4));
#2325=CARTESIAN_POINT('Ctrl Pts',(-10.160587048904,8.29755797961576,0.));
#2326=CARTESIAN_POINT('Ctrl Pts',(-10.160587048904,8.29755797961576,-0.4));
#2327=CARTESIAN_POINT('Ctrl Pts',(-9.99660876135992,8.41932850965632,0.));
#2328=CARTESIAN_POINT('Ctrl Pts',(-9.99660876135992,8.41932850965632,-0.4));
#2329=CARTESIAN_POINT('',(-10.9688385329992,7.86871712848961,-0.4));
#2330=CARTESIAN_POINT('',(-10.9688385329992,7.86871712848961,0.));
#2331=CARTESIAN_POINT('Ctrl Pts',(-10.9688385329992,7.86871712848961,-0.4));
#2332=CARTESIAN_POINT('Ctrl Pts',(-10.8100910464259,7.93291094046331,-0.4));
#2333=CARTESIAN_POINT('Ctrl Pts',(-10.4621695529083,8.07360234552799,-0.4));
#2334=CARTESIAN_POINT('Ctrl Pts',(-10.160587048904,8.29755797961576,-0.4));
#2335=CARTESIAN_POINT('Ctrl Pts',(-9.99660876135992,8.41932850965632,-0.4));
#2336=CARTESIAN_POINT('Origin',(-10.9725860546188,6.83354113774861,0.));
#2337=CARTESIAN_POINT('',(-10.9725860546188,6.83354113774861,-0.4));
#2338=CARTESIAN_POINT('',(-10.9725860546188,6.83354113774861,0.));
#2339=CARTESIAN_POINT('',(-10.9725860546188,6.83354113774861,-0.4));
#2340=CARTESIAN_POINT('Ctrl Pts',(-9.4958526434366,7.69288266520953,0.));
#2341=CARTESIAN_POINT('Ctrl Pts',(-9.4958526434366,7.69288266520953,-0.4));
#2342=CARTESIAN_POINT('Ctrl Pts',(-9.71574656942006,7.51100068227868,0.));
#2343=CARTESIAN_POINT('Ctrl Pts',(-9.71574656942006,7.51100068227868,-0.4));
#2344=CARTESIAN_POINT('Ctrl Pts',(-10.1604833530833,7.14314328133776,0.));
#2345=CARTESIAN_POINT('Ctrl Pts',(-10.1604833530833,7.14314328133776,-0.4));
#2346=CARTESIAN_POINT('Ctrl Pts',(-10.6998843760306,6.93750461932752,0.));
#2347=CARTESIAN_POINT('Ctrl Pts',(-10.6998843760306,6.93750461932752,-0.4));
#2348=CARTESIAN_POINT('Ctrl Pts',(-10.9725860546188,6.83354113774861,0.));
#2349=CARTESIAN_POINT('Ctrl Pts',(-10.9725860546188,6.83354113774861,-0.4));
#2350=CARTESIAN_POINT('',(-9.4958526434366,7.69288266520953,-0.4));
#2351=CARTESIAN_POINT('',(-9.4958526434366,7.69288266520953,0.));
#2352=CARTESIAN_POINT('Ctrl Pts',(-9.4958526434366,7.69288266520953,-0.4));
#2353=CARTESIAN_POINT('Ctrl Pts',(-9.71574656942006,7.51100068227868,-0.4));
#2354=CARTESIAN_POINT('Ctrl Pts',(-10.1604833530833,7.14314328133776,-0.4));
#2355=CARTESIAN_POINT('Ctrl Pts',(-10.6998843760306,6.93750461932752,-0.4));
#2356=CARTESIAN_POINT('Ctrl Pts',(-10.9725860546188,6.83354113774861,-0.4));
#2357=CARTESIAN_POINT('Origin',(-9.51141587842745,3.39385818026287,0.));
#2358=CARTESIAN_POINT('',(-9.51141587842745,3.39385818026287,-0.4));
#2359=CARTESIAN_POINT('',(-9.51141587842745,3.39385818026287,0.));
#2360=CARTESIAN_POINT('',(-9.51141587842745,3.39385818026287,-0.4));
#2361=CARTESIAN_POINT('Origin',(-8.37069237632922,3.38972855783692,0.));
#2362=CARTESIAN_POINT('',(-8.37069237632922,3.38972855783692,-0.4));
#2363=CARTESIAN_POINT('',(-8.37069237632922,3.38972855783692,0.));
#2364=CARTESIAN_POINT('',(-8.37069237632922,3.38972855783692,-0.4));
#2365=CARTESIAN_POINT('Origin',(-8.34905962591392,9.36533220108992,0.));
#2366=CARTESIAN_POINT('',(-8.34905962591392,9.36533220108992,-0.4));
#2367=CARTESIAN_POINT('Origin',(-9.90386904904562,6.3220938984217,-0.4));
#2368=CARTESIAN_POINT('Origin',(-14.8845493830784,8.35786198056501,0.));
#2369=CARTESIAN_POINT('',(-14.8845493830784,8.35786198056501,0.));
#2370=CARTESIAN_POINT('',(-15.8222968559479,8.36125679358211,0.));
#2371=CARTESIAN_POINT('',(-16.2088055512986,8.36265602395933,0.));
#2372=CARTESIAN_POINT('',(-14.8845493830784,8.35786198056501,-0.4));
#2373=CARTESIAN_POINT('',(-14.8845493830784,8.35786198056501,0.));
#2374=CARTESIAN_POINT('',(-15.8222968559479,8.36125679358211,-0.4));
#2375=CARTESIAN_POINT('',(-14.8845493830784,8.35786198056501,-0.4));
#2376=CARTESIAN_POINT('',(-15.8222968559479,8.36125679358211,0.));
#2377=CARTESIAN_POINT('Ctrl Pts',(-14.0077679914114,8.33438997689034,0.));
#2378=CARTESIAN_POINT('Ctrl Pts',(-14.0077679914114,8.33438997689034,-0.4));
#2379=CARTESIAN_POINT('Ctrl Pts',(-14.105153971646,8.34052222729334,0.));
#2380=CARTESIAN_POINT('Ctrl Pts',(-14.105153971646,8.34052222729334,-0.4));
#2381=CARTESIAN_POINT('Ctrl Pts',(-14.3970555987198,8.35890283881409,0.));
#2382=CARTESIAN_POINT('Ctrl Pts',(-14.3970555987198,8.35890283881409,-0.4));
#2383=CARTESIAN_POINT('Ctrl Pts',(-14.6896032455126,8.35827821417029,0.));
#2384=CARTESIAN_POINT('Ctrl Pts',(-14.6896032455126,8.35827821417029,-0.4));
#2385=CARTESIAN_POINT('Ctrl Pts',(-14.8845493830784,8.35786198056501,0.));
#2386=CARTESIAN_POINT('Ctrl Pts',(-14.8845493830784,8.35786198056501,-0.4));
#2387=CARTESIAN_POINT('',(-14.0077679914114,8.33438997689034,0.));
#2388=CARTESIAN_POINT('Ctrl Pts',(-14.0077679914114,8.33438997689034,0.));
#2389=CARTESIAN_POINT('Ctrl Pts',(-14.105153971646,8.34052222729334,0.));
#2390=CARTESIAN_POINT('Ctrl Pts',(-14.3970555987198,8.35890283881409,0.));
#2391=CARTESIAN_POINT('Ctrl Pts',(-14.6896032455126,8.35827821417029,0.));
#2392=CARTESIAN_POINT('Ctrl Pts',(-14.8845493830784,8.35786198056501,0.));
#2393=CARTESIAN_POINT('',(-14.0077679914114,8.33438997689034,-0.4));
#2394=CARTESIAN_POINT('',(-14.0077679914114,8.33438997689034,0.));
#2395=CARTESIAN_POINT('Ctrl Pts',(-14.0077679914114,8.33438997689034,-0.4));
#2396=CARTESIAN_POINT('Ctrl Pts',(-14.105153971646,8.34052222729334,-0.4));
#2397=CARTESIAN_POINT('Ctrl Pts',(-14.3970555987198,8.35890283881409,-0.4));
#2398=CARTESIAN_POINT('Ctrl Pts',(-14.6896032455126,8.35827821417029,-0.4));
#2399=CARTESIAN_POINT('Ctrl Pts',(-14.8845493830784,8.35786198056501,-0.4));
#2400=CARTESIAN_POINT('Ctrl Pts',(-13.555977419783,8.09932947305501,0.));
#2401=CARTESIAN_POINT('Ctrl Pts',(-13.555977419783,8.09932947305501,-0.4));
#2402=CARTESIAN_POINT('Ctrl Pts',(-13.6170429669528,8.15580691388351,0.));
#2403=CARTESIAN_POINT('Ctrl Pts',(-13.6170429669528,8.15580691388351,-0.4));
#2404=CARTESIAN_POINT('Ctrl Pts',(-13.745909573829,8.27499124124878,0.));
#2405=CARTESIAN_POINT('Ctrl Pts',(-13.745909573829,8.27499124124878,-0.4));
#2406=CARTESIAN_POINT('Ctrl Pts',(-13.9174924595274,8.31391229852206,0.));
#2407=CARTESIAN_POINT('Ctrl Pts',(-13.9174924595274,8.31391229852206,-0.4));
#2408=CARTESIAN_POINT('Ctrl Pts',(-14.0077679914114,8.33438997689034,0.));
#2409=CARTESIAN_POINT('Ctrl Pts',(-14.0077679914114,8.33438997689034,-0.4));
#2410=CARTESIAN_POINT('',(-13.555977419783,8.09932947305501,0.));
#2411=CARTESIAN_POINT('Ctrl Pts',(-13.555977419783,8.09932947305501,0.));
#2412=CARTESIAN_POINT('Ctrl Pts',(-13.6170429669528,8.15580691388351,0.));
#2413=CARTESIAN_POINT('Ctrl Pts',(-13.745909573829,8.27499124124878,0.));
#2414=CARTESIAN_POINT('Ctrl Pts',(-13.9174924595274,8.31391229852206,0.));
#2415=CARTESIAN_POINT('Ctrl Pts',(-14.0077679914114,8.33438997689034,0.));
#2416=CARTESIAN_POINT('',(-13.555977419783,8.09932947305501,-0.4));
#2417=CARTESIAN_POINT('',(-13.555977419783,8.09932947305501,0.));
#2418=CARTESIAN_POINT('Ctrl Pts',(-13.555977419783,8.09932947305501,-0.4));
#2419=CARTESIAN_POINT('Ctrl Pts',(-13.6170429669528,8.15580691388351,-0.4));
#2420=CARTESIAN_POINT('Ctrl Pts',(-13.745909573829,8.27499124124878,-0.4));
#2421=CARTESIAN_POINT('Ctrl Pts',(-13.9174924595274,8.31391229852206,-0.4));
#2422=CARTESIAN_POINT('Ctrl Pts',(-14.0077679914114,8.33438997689034,-0.4));
#2423=CARTESIAN_POINT('Ctrl Pts',(-13.3973826703365,7.61363710164749,0.));
#2424=CARTESIAN_POINT('Ctrl Pts',(-13.3973826703365,7.61363710164749,-0.4));
#2425=CARTESIAN_POINT('Ctrl Pts',(-13.4020858719467,7.706995922665,0.));
#2426=CARTESIAN_POINT('Ctrl Pts',(-13.4020858719467,7.706995922665,-0.4));
#2427=CARTESIAN_POINT('Ctrl Pts',(-13.4109906797481,7.88375686693906,0.));
#2428=CARTESIAN_POINT('Ctrl Pts',(-13.4109906797481,7.88375686693906,-0.4));
#2429=CARTESIAN_POINT('Ctrl Pts',(-13.509498101724,8.0302219965916,0.));
#2430=CARTESIAN_POINT('Ctrl Pts',(-13.509498101724,8.0302219965916,-0.4));
#2431=CARTESIAN_POINT('Ctrl Pts',(-13.555977419783,8.09932947305501,0.));
#2432=CARTESIAN_POINT('Ctrl Pts',(-13.555977419783,8.09932947305501,-0.4));
#2433=CARTESIAN_POINT('',(-13.3973826703365,7.61363710164749,0.));
#2434=CARTESIAN_POINT('Ctrl Pts',(-13.3973826703365,7.61363710164749,0.));
#2435=CARTESIAN_POINT('Ctrl Pts',(-13.4020858719467,7.706995922665,0.));
#2436=CARTESIAN_POINT('Ctrl Pts',(-13.4109906797481,7.88375686693906,0.));
#2437=CARTESIAN_POINT('Ctrl Pts',(-13.509498101724,8.0302219965916,0.));
#2438=CARTESIAN_POINT('Ctrl Pts',(-13.555977419783,8.09932947305501,0.));
#2439=CARTESIAN_POINT('',(-13.3973826703365,7.61363710164749,-0.4));
#2440=CARTESIAN_POINT('',(-13.3973826703365,7.61363710164749,0.));
#2441=CARTESIAN_POINT('Ctrl Pts',(-13.3973826703365,7.61363710164749,-0.4));
#2442=CARTESIAN_POINT('Ctrl Pts',(-13.4020858719467,7.706995922665,-0.4));
#2443=CARTESIAN_POINT('Ctrl Pts',(-13.4109906797481,7.88375686693906,-0.4));
#2444=CARTESIAN_POINT('Ctrl Pts',(-13.509498101724,8.0302219965916,-0.4));
#2445=CARTESIAN_POINT('Ctrl Pts',(-13.555977419783,8.09932947305501,-0.4));
#2446=CARTESIAN_POINT('Ctrl Pts',(-13.5207847463438,7.16753155701761,0.));
#2447=CARTESIAN_POINT('Ctrl Pts',(-13.5207847463438,7.16753155701761,-0.4));
#2448=CARTESIAN_POINT('Ctrl Pts',(-13.4850580117575,7.23296225285577,0.));
#2449=CARTESIAN_POINT('Ctrl Pts',(-13.4850580117575,7.23296225285577,-0.4));
#2450=CARTESIAN_POINT('Ctrl Pts',(-13.4092749233749,7.37175300054298,0.));
#2451=CARTESIAN_POINT('Ctrl Pts',(-13.4092749233749,7.37175300054298,-0.4));
#2452=CARTESIAN_POINT('Ctrl Pts',(-13.4014949164435,7.52999551162155,0.));
#2453=CARTESIAN_POINT('Ctrl Pts',(-13.4014949164435,7.52999551162155,-0.4));
#2454=CARTESIAN_POINT('Ctrl Pts',(-13.3973826703365,7.61363710164749,0.));
#2455=CARTESIAN_POINT('Ctrl Pts',(-13.3973826703365,7.61363710164749,-0.4));
#2456=CARTESIAN_POINT('',(-13.5207847463438,7.16753155701761,0.));
#2457=CARTESIAN_POINT('Ctrl Pts',(-13.5207847463438,7.16753155701761,0.));
#2458=CARTESIAN_POINT('Ctrl Pts',(-13.4850580117575,7.23296225285577,0.));
#2459=CARTESIAN_POINT('Ctrl Pts',(-13.4092749233749,7.37175300054298,0.));
#2460=CARTESIAN_POINT('Ctrl Pts',(-13.4014949164435,7.52999551162155,0.));
#2461=CARTESIAN_POINT('Ctrl Pts',(-13.3973826703365,7.61363710164749,0.));
#2462=CARTESIAN_POINT('',(-13.5207847463438,7.16753155701761,-0.4));
#2463=CARTESIAN_POINT('',(-13.5207847463438,7.16753155701761,0.));
#2464=CARTESIAN_POINT('Ctrl Pts',(-13.5207847463438,7.16753155701761,-0.4));
#2465=CARTESIAN_POINT('Ctrl Pts',(-13.4850580117575,7.23296225285577,-0.4));
#2466=CARTESIAN_POINT('Ctrl Pts',(-13.4092749233749,7.37175300054298,-0.4));
#2467=CARTESIAN_POINT('Ctrl Pts',(-13.4014949164435,7.52999551162155,-0.4));
#2468=CARTESIAN_POINT('Ctrl Pts',(-13.3973826703365,7.61363710164749,-0.4));
#2469=CARTESIAN_POINT('Ctrl Pts',(-13.8586354797292,6.91706134818427,0.));
#2470=CARTESIAN_POINT('Ctrl Pts',(-13.8586354797292,6.91706134818427,-0.4));
#2471=CARTESIAN_POINT('Ctrl Pts',(-13.7909873191015,6.9451616667956,0.));
#2472=CARTESIAN_POINT('Ctrl Pts',(-13.7909873191015,6.9451616667956,-0.4));
#2473=CARTESIAN_POINT('Ctrl Pts',(-13.6574878554491,7.00061590868884,0.));
#2474=CARTESIAN_POINT('Ctrl Pts',(-13.6574878554491,7.00061590868884,-0.4));
#2475=CARTESIAN_POINT('Ctrl Pts',(-13.5659417227235,7.11239450828241,0.));
#2476=CARTESIAN_POINT('Ctrl Pts',(-13.5659417227235,7.11239450828241,-0.4));
#2477=CARTESIAN_POINT('Ctrl Pts',(-13.5207847463438,7.16753155701761,0.));
#2478=CARTESIAN_POINT('Ctrl Pts',(-13.5207847463438,7.16753155701761,-0.4));
#2479=CARTESIAN_POINT('',(-13.8586354797292,6.91706134818427,0.));
#2480=CARTESIAN_POINT('Ctrl Pts',(-13.8586354797292,6.91706134818427,0.));
#2481=CARTESIAN_POINT('Ctrl Pts',(-13.7909873191015,6.9451616667956,0.));
#2482=CARTESIAN_POINT('Ctrl Pts',(-13.6574878554491,7.00061590868884,0.));
#2483=CARTESIAN_POINT('Ctrl Pts',(-13.5659417227235,7.11239450828241,0.));
#2484=CARTESIAN_POINT('Ctrl Pts',(-13.5207847463438,7.16753155701761,0.));
#2485=CARTESIAN_POINT('',(-13.8586354797292,6.91706134818427,-0.4));
#2486=CARTESIAN_POINT('',(-13.8586354797292,6.91706134818427,0.));
#2487=CARTESIAN_POINT('Ctrl Pts',(-13.8586354797292,6.91706134818427,-0.4));
#2488=CARTESIAN_POINT('Ctrl Pts',(-13.7909873191015,6.9451616667956,-0.4));
#2489=CARTESIAN_POINT('Ctrl Pts',(-13.6574878554491,7.00061590868884,-0.4));
#2490=CARTESIAN_POINT('Ctrl Pts',(-13.5659417227235,7.11239450828241,-0.4));
#2491=CARTESIAN_POINT('Ctrl Pts',(-13.5207847463438,7.16753155701761,-0.4));
#2492=CARTESIAN_POINT('Ctrl Pts',(-14.9387306145649,6.84789928807091,0.));
#2493=CARTESIAN_POINT('Ctrl Pts',(-14.9387306145649,6.84789928807091,-0.4));
#2494=CARTESIAN_POINT('Ctrl Pts',(-14.7038807825871,6.84421048083876,0.));
#2495=CARTESIAN_POINT('Ctrl Pts',(-14.7038807825871,6.84421048083876,-0.4));
#2496=CARTESIAN_POINT('Ctrl Pts',(-14.3415022366009,6.83851856873495,0.));
#2497=CARTESIAN_POINT('Ctrl Pts',(-14.3415022366009,6.83851856873495,-0.4));
#2498=CARTESIAN_POINT('Ctrl Pts',(-13.9843314666429,6.89661572413304,0.));
#2499=CARTESIAN_POINT('Ctrl Pts',(-13.9843314666429,6.89661572413304,-0.4));
#2500=CARTESIAN_POINT('Ctrl Pts',(-13.8586354797292,6.91706134818427,0.));
#2501=CARTESIAN_POINT('Ctrl Pts',(-13.8586354797292,6.91706134818427,-0.4));
#2502=CARTESIAN_POINT('',(-14.9387306145649,6.84789928807091,0.));
#2503=CARTESIAN_POINT('Ctrl Pts',(-14.9387306145649,6.84789928807091,0.));
#2504=CARTESIAN_POINT('Ctrl Pts',(-14.7038807825871,6.84421048083876,0.));
#2505=CARTESIAN_POINT('Ctrl Pts',(-14.3415022366009,6.83851856873495,0.));
#2506=CARTESIAN_POINT('Ctrl Pts',(-13.9843314666429,6.89661572413304,0.));
#2507=CARTESIAN_POINT('Ctrl Pts',(-13.8586354797292,6.91706134818427,0.));
#2508=CARTESIAN_POINT('',(-14.9387306145649,6.84789928807091,-0.4));
#2509=CARTESIAN_POINT('',(-14.9387306145649,6.84789928807091,0.));
#2510=CARTESIAN_POINT('Ctrl Pts',(-14.9387306145649,6.84789928807091,-0.4));
#2511=CARTESIAN_POINT('Ctrl Pts',(-14.7038807825871,6.84421048083876,-0.4));
#2512=CARTESIAN_POINT('Ctrl Pts',(-14.3415022366009,6.83851856873495,-0.4));
#2513=CARTESIAN_POINT('Ctrl Pts',(-13.9843314666429,6.89661572413304,-0.4));
#2514=CARTESIAN_POINT('Ctrl Pts',(-13.8586354797292,6.91706134818427,-0.4));
#2515=CARTESIAN_POINT('Origin',(-15.8277638284986,6.85111774678674,0.));
#2516=CARTESIAN_POINT('',(-15.8277638284986,6.85111774678674,0.));
#2517=CARTESIAN_POINT('',(-16.683146260284,6.85421438367251,0.));
#2518=CARTESIAN_POINT('',(-15.8277638284986,6.85111774678674,-0.4));
#2519=CARTESIAN_POINT('',(-15.8277638284986,6.85111774678674,0.));
#2520=CARTESIAN_POINT('',(-15.8277638284986,6.85111774678674,-0.4));
#2521=CARTESIAN_POINT('Origin',(-15.8222968559479,8.36125679358211,0.));
#2522=CARTESIAN_POINT('',(-15.8057661265737,12.9275317599053,0.));
#2523=CARTESIAN_POINT('',(-15.8222968559479,8.36125679358211,-0.4));
#2524=CARTESIAN_POINT('Origin',(-15.8312027303608,5.90119163467797,0.));
#2525=CARTESIAN_POINT('',(-15.8312027303608,5.90119163467797,-0.4));
#2526=CARTESIAN_POINT('',(-15.8312027303608,5.90119163467797,0.));
#2527=CARTESIAN_POINT('',(-15.8401967813848,3.4167694953166,-0.4));
#2528=CARTESIAN_POINT('',(-15.8312027303608,5.90119163467798,-0.4));
#2529=CARTESIAN_POINT('',(-15.8401967813848,3.4167694953166,0.));
#2530=CARTESIAN_POINT('Origin',(-15.5876318827139,5.90030986478992,0.));
#2531=CARTESIAN_POINT('',(-15.5876318827139,5.90030986478992,-0.4));
#2532=CARTESIAN_POINT('',(-15.5876318827139,5.90030986478992,0.));
#2533=CARTESIAN_POINT('',(-15.5876318827139,5.90030986478992,-0.4));
#2534=CARTESIAN_POINT('Ctrl Pts',(-14.9830069708851,5.83113806819682,0.));
#2535=CARTESIAN_POINT('Ctrl Pts',(-14.9830069708851,5.83113806819682,-0.4));
#2536=CARTESIAN_POINT('Ctrl Pts',(-15.0648126392393,5.85082516507084,0.));
#2537=CARTESIAN_POINT('Ctrl Pts',(-15.0648126392393,5.85082516507084,-0.4));
#2538=CARTESIAN_POINT('Ctrl Pts',(-15.2631911253843,5.89856631251248,0.));
#2539=CARTESIAN_POINT('Ctrl Pts',(-15.2631911253843,5.89856631251248,-0.4));
#2540=CARTESIAN_POINT('Ctrl Pts',(-15.4675467368026,5.89966452438521,0.));
#2541=CARTESIAN_POINT('Ctrl Pts',(-15.4675467368026,5.89966452438521,-0.4));
#2542=CARTESIAN_POINT('Ctrl Pts',(-15.5876318827139,5.90030986478992,0.));
#2543=CARTESIAN_POINT('Ctrl Pts',(-15.5876318827139,5.90030986478992,-0.4));
#2544=CARTESIAN_POINT('',(-14.9830069708851,5.83113806819682,-0.4));
#2545=CARTESIAN_POINT('',(-14.9830069708851,5.83113806819682,0.));
#2546=CARTESIAN_POINT('Ctrl Pts',(-14.9830069708851,5.83113806819682,-0.4));
#2547=CARTESIAN_POINT('Ctrl Pts',(-15.0648126392393,5.85082516507084,-0.4));
#2548=CARTESIAN_POINT('Ctrl Pts',(-15.2631911253843,5.89856631251248,-0.4));
#2549=CARTESIAN_POINT('Ctrl Pts',(-15.4675467368026,5.89966452438521,-0.4));
#2550=CARTESIAN_POINT('Ctrl Pts',(-15.5876318827139,5.90030986478992,-0.4));
#2551=CARTESIAN_POINT('Ctrl Pts',(-14.6226068845848,5.58220006390735,0.));
#2552=CARTESIAN_POINT('Ctrl Pts',(-14.6226068845848,5.58220006390735,-0.4));
#2553=CARTESIAN_POINT('Ctrl Pts',(-14.6782001398671,5.63718906394071,0.));
#2554=CARTESIAN_POINT('Ctrl Pts',(-14.6782001398671,5.63718906394071,-0.4));
#2555=CARTESIAN_POINT('Ctrl Pts',(-14.7837433144072,5.74158506663635,0.));
#2556=CARTESIAN_POINT('Ctrl Pts',(-14.7837433144072,5.74158506663635,-0.4));
#2557=CARTESIAN_POINT('Ctrl Pts',(-14.9189963881063,5.80237045487082,0.));
#2558=CARTESIAN_POINT('Ctrl Pts',(-14.9189963881063,5.80237045487082,-0.4));
#2559=CARTESIAN_POINT('Ctrl Pts',(-14.9830069708851,5.83113806819682,0.));
#2560=CARTESIAN_POINT('Ctrl Pts',(-14.9830069708851,5.83113806819682,-0.4));
#2561=CARTESIAN_POINT('',(-14.6226068845848,5.58220006390735,-0.4));
#2562=CARTESIAN_POINT('',(-14.6226068845848,5.58220006390735,0.));
#2563=CARTESIAN_POINT('Ctrl Pts',(-14.6226068845848,5.58220006390735,-0.4));
#2564=CARTESIAN_POINT('Ctrl Pts',(-14.6782001398671,5.63718906394071,-0.4));
#2565=CARTESIAN_POINT('Ctrl Pts',(-14.7837433144072,5.74158506663635,-0.4));
#2566=CARTESIAN_POINT('Ctrl Pts',(-14.9189963881063,5.80237045487082,-0.4));
#2567=CARTESIAN_POINT('Ctrl Pts',(-14.9830069708851,5.83113806819682,-0.4));
#2568=CARTESIAN_POINT('Ctrl Pts',(-13.9924897342131,4.70508211444599,0.));
#2569=CARTESIAN_POINT('Ctrl Pts',(-13.9924897342131,4.70508211444599,-0.4));
#2570=CARTESIAN_POINT('Ctrl Pts',(-14.1179325153597,4.8969157588529,0.));
#2571=CARTESIAN_POINT('Ctrl Pts',(-14.1179325153597,4.8969157588529,-0.4));
#2572=CARTESIAN_POINT('Ctrl Pts',(-14.3152204646178,5.19861878199873,0.));
#2573=CARTESIAN_POINT('Ctrl Pts',(-14.3152204646178,5.19861878199873,-0.4));
#2574=CARTESIAN_POINT('Ctrl Pts',(-14.5405499856287,5.47980292321914,0.));
#2575=CARTESIAN_POINT('Ctrl Pts',(-14.5405499856287,5.47980292321914,-0.4));
#2576=CARTESIAN_POINT('Ctrl Pts',(-14.6226068845848,5.58220006390735,0.));
#2577=CARTESIAN_POINT('Ctrl Pts',(-14.6226068845848,5.58220006390735,-0.4));
#2578=CARTESIAN_POINT('',(-13.9924897342131,4.70508211444599,-0.4));
#2579=CARTESIAN_POINT('',(-13.9924897342131,4.70508211444599,0.));
#2580=CARTESIAN_POINT('Ctrl Pts',(-13.9924897342131,4.70508211444599,-0.4));
#2581=CARTESIAN_POINT('Ctrl Pts',(-14.1179325153597,4.8969157588529,-0.4));
#2582=CARTESIAN_POINT('Ctrl Pts',(-14.3152204646178,5.19861878199873,-0.4));
#2583=CARTESIAN_POINT('Ctrl Pts',(-14.5405499856287,5.47980292321914,-0.4));
#2584=CARTESIAN_POINT('Ctrl Pts',(-14.6226068845848,5.58220006390735,-0.4));
#2585=CARTESIAN_POINT('Origin',(-13.1284419303588,3.40695245935138,0.));
#2586=CARTESIAN_POINT('',(-13.1284419303588,3.40695245935138,-0.4));
#2587=CARTESIAN_POINT('',(-13.1284419303588,3.40695245935138,0.));
#2588=CARTESIAN_POINT('',(-13.1284419303588,3.40695245935138,-0.4));
#2589=CARTESIAN_POINT('Origin',(-11.6913741229564,3.40175001771312,0.));
#2590=CARTESIAN_POINT('',(-11.6913741229564,3.40175001771312,-0.4));
#2591=CARTESIAN_POINT('',(-11.6913741229564,3.40175001771312,0.));
#2592=CARTESIAN_POINT('',(-11.6913741229564,3.40175001771312,-0.4));
#2593=CARTESIAN_POINT('Origin',(-12.4138237698157,4.56540116897722,0.));
#2594=CARTESIAN_POINT('',(-12.4138237698157,4.56540116897722,-0.4));
#2595=CARTESIAN_POINT('',(-12.4138237698157,4.56540116897722,0.));
#2596=CARTESIAN_POINT('',(-12.4138237698157,4.56540116897722,-0.4));
#2597=CARTESIAN_POINT('Ctrl Pts',(-13.0943543372804,5.53404216832301,0.));
#2598=CARTESIAN_POINT('Ctrl Pts',(-13.0943543372804,5.53404216832301,-0.4));
#2599=CARTESIAN_POINT('Ctrl Pts',(-12.9932095889902,5.40949040901798,0.));
#2600=CARTESIAN_POINT('Ctrl Pts',(-12.9932095889902,5.40949040901798,-0.4));
#2601=CARTESIAN_POINT('Ctrl Pts',(-12.7439957360002,5.10260325612292,0.));
#2602=CARTESIAN_POINT('Ctrl Pts',(-12.7439957360002,5.10260325612292,-0.4));
#2603=CARTESIAN_POINT('Ctrl Pts',(-12.5368803129763,4.765618748279,0.));
#2604=CARTESIAN_POINT('Ctrl Pts',(-12.5368803129763,4.765618748279,-0.4));
#2605=CARTESIAN_POINT('Ctrl Pts',(-12.4138237698157,4.56540116897722,0.));
#2606=CARTESIAN_POINT('Ctrl Pts',(-12.4138237698157,4.56540116897722,-0.4));
#2607=CARTESIAN_POINT('',(-13.0943543372804,5.53404216832301,-0.4));
#2608=CARTESIAN_POINT('',(-13.0943543372804,5.53404216832301,0.));
#2609=CARTESIAN_POINT('Ctrl Pts',(-13.0943543372804,5.53404216832301,-0.4));
#2610=CARTESIAN_POINT('Ctrl Pts',(-12.9932095889902,5.40949040901798,-0.4));
#2611=CARTESIAN_POINT('Ctrl Pts',(-12.7439957360002,5.10260325612292,-0.4));
#2612=CARTESIAN_POINT('Ctrl Pts',(-12.5368803129763,4.765618748279,-0.4));
#2613=CARTESIAN_POINT('Ctrl Pts',(-12.4138237698157,4.56540116897722,-0.4));
#2614=CARTESIAN_POINT('Ctrl Pts',(-13.7359797001803,6.03569154696008,0.));
#2615=CARTESIAN_POINT('Ctrl Pts',(-13.7359797001803,6.03569154696008,-0.4));
#2616=CARTESIAN_POINT('Ctrl Pts',(-13.6143223743151,5.96004663227764,0.));
#2617=CARTESIAN_POINT('Ctrl Pts',(-13.6143223743151,5.96004663227764,-0.4));
#2618=CARTESIAN_POINT('Ctrl Pts',(-13.3823491164613,5.81580873148396,0.));
#2619=CARTESIAN_POINT('Ctrl Pts',(-13.3823491164613,5.81580873148396,-0.4));
#2620=CARTESIAN_POINT('Ctrl Pts',(-13.1871717951962,5.62485234270407,0.));
#2621=CARTESIAN_POINT('Ctrl Pts',(-13.1871717951962,5.62485234270407,-0.4));
#2622=CARTESIAN_POINT('Ctrl Pts',(-13.0943543372804,5.53404216832301,0.));
#2623=CARTESIAN_POINT('Ctrl Pts',(-13.0943543372804,5.53404216832301,-0.4));
#2624=CARTESIAN_POINT('',(-13.7359797001803,6.03569154696008,-0.4));
#2625=CARTESIAN_POINT('',(-13.7359797001803,6.03569154696008,0.));
#2626=CARTESIAN_POINT('Ctrl Pts',(-13.7359797001803,6.03569154696008,-0.4));
#2627=CARTESIAN_POINT('Ctrl Pts',(-13.6143223743151,5.96004663227764,-0.4));
#2628=CARTESIAN_POINT('Ctrl Pts',(-13.3823491164613,5.81580873148396,-0.4));
#2629=CARTESIAN_POINT('Ctrl Pts',(-13.1871717951962,5.62485234270407,-0.4));
#2630=CARTESIAN_POINT('Ctrl Pts',(-13.0943543372804,5.53404216832301,-0.4));
#2631=CARTESIAN_POINT('Ctrl Pts',(-12.5567292493002,6.58149347938074,0.));
#2632=CARTESIAN_POINT('Ctrl Pts',(-12.5567292493002,6.58149347938074,-0.4));
#2633=CARTESIAN_POINT('Ctrl Pts',(-12.7138737793242,6.44890286597119,0.));
#2634=CARTESIAN_POINT('Ctrl Pts',(-12.7138737793242,6.44890286597119,-0.4));
#2635=CARTESIAN_POINT('Ctrl Pts',(-13.0557788953022,6.1604206066876,0.));
#2636=CARTESIAN_POINT('Ctrl Pts',(-13.0557788953022,6.1604206066876,-0.4));
#2637=CARTESIAN_POINT('Ctrl Pts',(-13.4973571758453,6.07944798311343,0.));
#2638=CARTESIAN_POINT('Ctrl Pts',(-13.4973571758453,6.07944798311343,-0.4));
#2639=CARTESIAN_POINT('Ctrl Pts',(-13.7359797001803,6.03569154696008,0.));
#2640=CARTESIAN_POINT('Ctrl Pts',(-13.7359797001803,6.03569154696008,-0.4));
#2641=CARTESIAN_POINT('',(-12.5567292493002,6.58149347938074,-0.4));
#2642=CARTESIAN_POINT('',(-12.5567292493002,6.58149347938074,0.));
#2643=CARTESIAN_POINT('Ctrl Pts',(-12.5567292493002,6.58149347938074,-0.4));
#2644=CARTESIAN_POINT('Ctrl Pts',(-12.7138737793242,6.44890286597119,-0.4));
#2645=CARTESIAN_POINT('Ctrl Pts',(-13.0557788953022,6.1604206066876,-0.4));
#2646=CARTESIAN_POINT('Ctrl Pts',(-13.4973571758453,6.07944798311343,-0.4));
#2647=CARTESIAN_POINT('Ctrl Pts',(-13.7359797001803,6.03569154696008,-0.4));
#2648=CARTESIAN_POINT('Ctrl Pts',(-12.1589520199344,7.68628535990198,0.));
#2649=CARTESIAN_POINT('Ctrl Pts',(-12.1589520199344,7.68628535990198,-0.4));
#2650=CARTESIAN_POINT('Ctrl Pts',(-12.1736205798988,7.47563601024323,0.));
#2651=CARTESIAN_POINT('Ctrl Pts',(-12.1736205798988,7.47563601024323,-0.4));
#2652=CARTESIAN_POINT('Ctrl Pts',(-12.2019358934043,7.06901106615803,0.));
#2653=CARTESIAN_POINT('Ctrl Pts',(-12.2019358934043,7.06901106615803,-0.4));
#2654=CARTESIAN_POINT('Ctrl Pts',(-12.4413446215467,6.7400422073623,0.));
#2655=CARTESIAN_POINT('Ctrl Pts',(-12.4413446215467,6.7400422073623,-0.4));
#2656=CARTESIAN_POINT('Ctrl Pts',(-12.5567292493002,6.58149347938074,0.));
#2657=CARTESIAN_POINT('Ctrl Pts',(-12.5567292493002,6.58149347938074,-0.4));
#2658=CARTESIAN_POINT('',(-12.1589520199344,7.68628535990198,-0.4));
#2659=CARTESIAN_POINT('',(-12.1589520199344,7.68628535990198,0.));
#2660=CARTESIAN_POINT('Ctrl Pts',(-12.1589520199344,7.68628535990198,-0.4));
#2661=CARTESIAN_POINT('Ctrl Pts',(-12.1736205798988,7.47563601024323,-0.4));
#2662=CARTESIAN_POINT('Ctrl Pts',(-12.2019358934043,7.06901106615803,-0.4));
#2663=CARTESIAN_POINT('Ctrl Pts',(-12.4413446215467,6.7400422073623,-0.4));
#2664=CARTESIAN_POINT('Ctrl Pts',(-12.5567292493002,6.58149347938074,-0.4));
#2665=CARTESIAN_POINT('Ctrl Pts',(-12.4153655945037,8.62497338544868,0.));
#2666=CARTESIAN_POINT('Ctrl Pts',(-12.4153655945037,8.62497338544868,-0.4));
#2667=CARTESIAN_POINT('Ctrl Pts',(-12.3401178041366,8.48125217039315,0.));
#2668=CARTESIAN_POINT('Ctrl Pts',(-12.3401178041366,8.48125217039315,-0.4));
#2669=CARTESIAN_POINT('Ctrl Pts',(-12.1862074988143,8.18728771000718,0.));
#2670=CARTESIAN_POINT('Ctrl Pts',(-12.1862074988143,8.18728771000718,-0.4));
#2671=CARTESIAN_POINT('Ctrl Pts',(-12.1681705714076,7.85573811371359,0.));
#2672=CARTESIAN_POINT('Ctrl Pts',(-12.1681705714076,7.85573811371359,-0.4));
#2673=CARTESIAN_POINT('Ctrl Pts',(-12.1589520199344,7.68628535990198,0.));
#2674=CARTESIAN_POINT('Ctrl Pts',(-12.1589520199344,7.68628535990198,-0.4));
#2675=CARTESIAN_POINT('',(-12.4153655945037,8.62497338544868,-0.4));
#2676=CARTESIAN_POINT('',(-12.4153655945037,8.62497338544868,0.));
#2677=CARTESIAN_POINT('Ctrl Pts',(-12.4153655945037,8.62497338544868,-0.4));
#2678=CARTESIAN_POINT('Ctrl Pts',(-12.3401178041366,8.48125217039315,-0.4));
#2679=CARTESIAN_POINT('Ctrl Pts',(-12.1862074988143,8.18728771000718,-0.4));
#2680=CARTESIAN_POINT('Ctrl Pts',(-12.1681705714076,7.85573811371359,-0.4));
#2681=CARTESIAN_POINT('Ctrl Pts',(-12.1589520199344,7.68628535990198,-0.4));
#2682=CARTESIAN_POINT('Ctrl Pts',(-13.1054483296109,9.19784113202468,0.));
#2683=CARTESIAN_POINT('Ctrl Pts',(-13.1054483296109,9.19784113202468,-0.4));
#2684=CARTESIAN_POINT('Ctrl Pts',(-12.9681765788187,9.13256336688472,0.));
#2685=CARTESIAN_POINT('Ctrl Pts',(-12.9681765788187,9.13256336688472,-0.4));
#2686=CARTESIAN_POINT('Ctrl Pts',(-12.6897658690683,9.00016883692021,0.));
#2687=CARTESIAN_POINT('Ctrl Pts',(-12.6897658690683,9.00016883692021,-0.4));
#2688=CARTESIAN_POINT('Ctrl Pts',(-12.5076754495182,8.75119132667492,0.));
#2689=CARTESIAN_POINT('Ctrl Pts',(-12.5076754495182,8.75119132667492,-0.4));
#2690=CARTESIAN_POINT('Ctrl Pts',(-12.4153655945037,8.62497338544868,0.));
#2691=CARTESIAN_POINT('Ctrl Pts',(-12.4153655945037,8.62497338544868,-0.4));
#2692=CARTESIAN_POINT('',(-13.1054483296109,9.19784113202468,-0.4));
#2693=CARTESIAN_POINT('',(-13.1054483296109,9.19784113202468,0.));
#2694=CARTESIAN_POINT('Ctrl Pts',(-13.1054483296109,9.19784113202468,-0.4));
#2695=CARTESIAN_POINT('Ctrl Pts',(-12.9681765788187,9.13256336688472,-0.4));
#2696=CARTESIAN_POINT('Ctrl Pts',(-12.6897658690683,9.00016883692021,-0.4));
#2697=CARTESIAN_POINT('Ctrl Pts',(-12.5076754495182,8.75119132667492,-0.4));
#2698=CARTESIAN_POINT('Ctrl Pts',(-12.4153655945037,8.62497338544868,-0.4));
#2699=CARTESIAN_POINT('Ctrl Pts',(-14.491191558368,9.36321021590043,0.));
#2700=CARTESIAN_POINT('Ctrl Pts',(-14.491191558368,9.36321021590043,-0.4));
#2701=CARTESIAN_POINT('Ctrl Pts',(-14.2149767463002,9.36182767210644,0.));
#2702=CARTESIAN_POINT('Ctrl Pts',(-14.2149767463002,9.36182767210644,-0.4));
#2703=CARTESIAN_POINT('Ctrl Pts',(-13.7459903335049,9.35948024457486,0.));
#2704=CARTESIAN_POINT('Ctrl Pts',(-13.7459903335049,9.35948024457486,-0.4));
#2705=CARTESIAN_POINT('Ctrl Pts',(-13.2920396589196,9.24492696979278,0.));
#2706=CARTESIAN_POINT('Ctrl Pts',(-13.2920396589196,9.24492696979278,-0.4));
#2707=CARTESIAN_POINT('Ctrl Pts',(-13.1054483296109,9.19784113202468,0.));
#2708=CARTESIAN_POINT('Ctrl Pts',(-13.1054483296109,9.19784113202468,-0.4));
#2709=CARTESIAN_POINT('',(-14.491191558368,9.36321021590043,-0.4));
#2710=CARTESIAN_POINT('',(-14.491191558368,9.36321021590043,0.));
#2711=CARTESIAN_POINT('Ctrl Pts',(-14.491191558368,9.36321021590043,-0.4));
#2712=CARTESIAN_POINT('Ctrl Pts',(-14.2149767463002,9.36182767210644,-0.4));
#2713=CARTESIAN_POINT('Ctrl Pts',(-13.7459903335049,9.35948024457486,-0.4));
#2714=CARTESIAN_POINT('Ctrl Pts',(-13.2920396589196,9.24492696979278,-0.4));
#2715=CARTESIAN_POINT('Ctrl Pts',(-13.1054483296109,9.19784113202468,-0.4));
#2716=CARTESIAN_POINT('Origin',(-17.0202681991536,9.37236592417989,0.));
#2717=CARTESIAN_POINT('',(-17.0202681991536,9.37236592417989,-0.4));
#2718=CARTESIAN_POINT('',(-17.0202681991536,9.37236592417989,0.));
#2719=CARTESIAN_POINT('',(-17.0202681991536,9.37236592417989,-0.4));
#2720=CARTESIAN_POINT('Origin',(-17.0418127718788,3.42111955940539,0.));
#2721=CARTESIAN_POINT('',(-17.0418127718788,3.42111955940539,-0.4));
#2722=CARTESIAN_POINT('',(-17.0418127718788,3.42111955940539,0.));
#2723=CARTESIAN_POINT('',(-17.0418127718788,3.42111955940539,-0.4));
#2724=CARTESIAN_POINT('Origin',(-15.8401967813848,3.4167694953166,0.));
#2725=CARTESIAN_POINT('',(-15.8401967813848,3.4167694953166,-0.4));
#2726=CARTESIAN_POINT('Origin',(-9.90386904904562,6.3220938984217,-0.4));
#2727=CARTESIAN_POINT('Origin',(-17.5000002607703,17.5,0.));
#2728=CARTESIAN_POINT('Origin',(-35.,0.,0.));
#2729=CARTESIAN_POINT('Origin',(0.,35.,0.));
#2730=CARTESIAN_POINT('Origin',(-17.5000002607703,17.5,0.));
#2731=UNCERTAINTY_MEASURE_WITH_UNIT(LENGTH_MEASURE(0.01),#2735,
'DISTANCE_ACCURACY_VALUE',
'Maximum model space distance between geometric entities at asserted c
onnectivities');
#2732=UNCERTAINTY_MEASURE_WITH_UNIT(LENGTH_MEASURE(0.01),#2735,
'DISTANCE_ACCURACY_VALUE',
'Maximum model space distance between geometric entities at asserted c
onnectivities');
#2733=(
GEOMETRIC_REPRESENTATION_CONTEXT(3)
GLOBAL_UNCERTAINTY_ASSIGNED_CONTEXT((#2731))
GLOBAL_UNIT_ASSIGNED_CONTEXT((#2735,#2737,#2738))
REPRESENTATION_CONTEXT('','3D')
);
#2734=(
GEOMETRIC_REPRESENTATION_CONTEXT(3)
GLOBAL_UNCERTAINTY_ASSIGNED_CONTEXT((#2732))
GLOBAL_UNIT_ASSIGNED_CONTEXT((#2735,#2737,#2738))
REPRESENTATION_CONTEXT('','3D')
);
#2735=(
LENGTH_UNIT()
NAMED_UNIT(*)
SI_UNIT(.MILLI.,.METRE.)
);
#2736=(
LENGTH_UNIT()
NAMED_UNIT(*)
SI_UNIT($,.METRE.)
);
#2737=(
NAMED_UNIT(*)
PLANE_ANGLE_UNIT()
SI_UNIT($,.RADIAN.)
);
#2738=(
NAMED_UNIT(*)
SI_UNIT($,.STERADIAN.)
SOLID_ANGLE_UNIT()
);
#2739=SHAPE_DEFINITION_REPRESENTATION(#2740,#2741);
#2740=PRODUCT_DEFINITION_SHAPE('',$,#2743);
#2741=SHAPE_REPRESENTATION('',(#1387),#2733);
#2742=PRODUCT_DEFINITION_CONTEXT('part definition',#2747,'design');
#2743=PRODUCT_DEFINITION('Fillet Chips Inverted',
'Fillet Chips Inverted v2',#2744,#2742);
#2744=PRODUCT_DEFINITION_FORMATION('',$,#2749);
#2745=PRODUCT_RELATED_PRODUCT_CATEGORY('Fillet Chips Inverted v2',
'Fillet Chips Inverted v2',(#2749));
#2746=APPLICATION_PROTOCOL_DEFINITION('international standard',
'automotive_design',2009,#2747);
#2747=APPLICATION_CONTEXT(
'Core Data for Automotive Mechanical Design Process');
#2748=PRODUCT_CONTEXT('part definition',#2747,'mechanical');
#2749=PRODUCT('Fillet Chips Inverted','Fillet Chips Inverted v2',$,(#2748));
#2750=PRESENTATION_STYLE_ASSIGNMENT((#2751));
#2751=SURFACE_STYLE_USAGE(.BOTH.,#2752);
#2752=SURFACE_SIDE_STYLE('',(#2753));
#2753=SURFACE_STYLE_FILL_AREA(#2754);
#2754=FILL_AREA_STYLE('Steel - Satin',(#2755));
#2755=FILL_AREA_STYLE_COLOUR('Steel - Satin',#2756);
#2756=COLOUR_RGB('Steel - Satin',0.627450980392157,0.627450980392157,0.627450980392157);
ENDSEC;
END-ISO-10303-21;
