ISO-10303-21;
HEADER;
/* Generated by software containing ST-Developer
 * from STEP Tools, Inc. (www.steptools.com) 
 */

FILE_DESCRIPTION(
/* description */ (''),
/* implementation_level */ '2;1');

FILE_NAME(
/* name */ 'R21 Exterior Gauge.stp',
/* time_stamp */ '2025-04-23T18:58:17+10:00',
/* author */ (''),
/* organization */ (''),
/* preprocessor_version */ 'ST-DEVELOPER v20.1',
/* originating_system */ 'Autodesk Translation Framework v14.4.0.0',
/* authorisation */ '');

FILE_SCHEMA (('AUTOMOTIVE_DESIGN { 1 0 10303 214 3 1 1 }'));
ENDSEC;

DATA;
#10=MECHANICAL_DESIGN_GEOMETRIC_PRESENTATION_REPRESENTATION('',(#13),#2565);
#11=SHAPE_REPRESENTATION_RELATIONSHIP('SRR','None',#2572,#12);
#12=ADVANCED_BREP_SHAPE_REPRESENTATION('',(#14),#2564);
#13=STYLED_ITEM('',(#2581),#14);
#14=MANIFOLD_SOLID_BREP('Body1',#1317);
#15=B_SPLINE_SURFACE_WITH_KNOTS('',3,1,((#1828,#1829),(#1830,#1831),(#1832,
#1833),(#1834,#1835),(#1836,#1837)),.UNSPECIFIED.,.F.,.F.,.F.,(4,1,4),(2,
2),(0.,0.0624698689678472,0.120508092828785),(0.,0.04),.UNSPECIFIED.);
#16=B_SPLINE_SURFACE_WITH_KNOTS('',3,1,((#1845,#1846),(#1847,#1848),(#1849,
#1850),(#1851,#1852),(#1853,#1854)),.UNSPECIFIED.,.F.,.F.,.F.,(4,1,4),(2,
2),(0.,0.0511639840659126,0.112134486212775),(0.,0.04),.UNSPECIFIED.);
#17=B_SPLINE_SURFACE_WITH_KNOTS('',3,1,((#1866,#1867),(#1868,#1869),(#1870,
#1871),(#1872,#1873),(#1874,#1875)),.UNSPECIFIED.,.F.,.F.,.F.,(4,1,4),(2,
2),(0.,0.0849866684587009,0.171886046490542),(0.,0.04),.UNSPECIFIED.);
#18=B_SPLINE_SURFACE_WITH_KNOTS('',3,1,((#1894,#1895),(#1896,#1897),(#1898,
#1899),(#1900,#1901),(#1902,#1903)),.UNSPECIFIED.,.F.,.F.,.F.,(4,1,4),(2,
2),(0.,0.0206688659291774,0.0393874615603758),(0.,0.04),.UNSPECIFIED.);
#19=B_SPLINE_SURFACE_WITH_KNOTS('',3,1,((#1913,#1914),(#1915,#1916),(#1917,
#1918),(#1919,#1920),(#1921,#1922)),.UNSPECIFIED.,.F.,.F.,.F.,(4,1,4),(2,
2),(0.,0.0603516094717792,0.0949060845180639),(0.,0.04),.UNSPECIFIED.);
#20=B_SPLINE_SURFACE_WITH_KNOTS('',3,1,((#1930,#1931),(#1932,#1933),(#1934,
#1935),(#1936,#1937),(#1938,#1939)),.UNSPECIFIED.,.F.,.F.,.F.,(4,1,4),(2,
2),(0.,0.0433303685916559,0.106568419103963),(0.,0.04),.UNSPECIFIED.);
#21=B_SPLINE_SURFACE_WITH_KNOTS('',3,1,((#1947,#1948),(#1949,#1950),(#1951,
#1952),(#1953,#1954),(#1955,#1956)),.UNSPECIFIED.,.F.,.F.,.F.,(4,1,4),(2,
2),(0.,0.0415972389922475,0.0889929469638505),(0.,0.04),.UNSPECIFIED.);
#22=B_SPLINE_SURFACE_WITH_KNOTS('',3,1,((#1964,#1965),(#1966,#1967),(#1968,
#1969),(#1970,#1971),(#1972,#1973)),.UNSPECIFIED.,.F.,.F.,.F.,(4,1,4),(2,
2),(0.,0.0393904248340719,0.0782219837003971),(0.,0.04),.UNSPECIFIED.);
#23=B_SPLINE_SURFACE_WITH_KNOTS('',3,1,((#1981,#1982),(#1983,#1984),(#1985,
#1986),(#1987,#1988),(#1989,#1990)),.UNSPECIFIED.,.F.,.F.,.F.,(4,1,4),(2,
2),(0.,0.0653012674705913,0.131362185618663),(0.,0.04),.UNSPECIFIED.);
#24=B_SPLINE_SURFACE_WITH_KNOTS('',3,1,((#1998,#1999),(#2000,#2001),(#2002,
#2003),(#2004,#2005),(#2006,#2007)),.UNSPECIFIED.,.F.,.F.,.F.,(4,1,4),(2,
2),(0.,0.0795447726965861,0.149130809388403),(0.,0.04),.UNSPECIFIED.);
#25=B_SPLINE_SURFACE_WITH_KNOTS('',3,1,((#2015,#2016),(#2017,#2018),(#2019,
#2020),(#2021,#2022),(#2023,#2024)),.UNSPECIFIED.,.F.,.F.,.F.,(4,1,4),(2,
2),(0.,0.0676742977637865,0.142064526778044),(0.,0.04),.UNSPECIFIED.);
#26=B_SPLINE_SURFACE_WITH_KNOTS('',3,1,((#2032,#2033),(#2034,#2035),(#2036,
#2037),(#2038,#2039),(#2040,#2041)),.UNSPECIFIED.,.F.,.F.,.F.,(4,1,4),(2,
2),(0.,0.0835699601670269,0.152661640587579),(0.,0.04),.UNSPECIFIED.);
#27=B_SPLINE_SURFACE_WITH_KNOTS('',3,1,((#2053,#2054),(#2055,#2056),(#2057,
#2058),(#2059,#2060),(#2061,#2062)),.UNSPECIFIED.,.F.,.F.,.F.,(4,1,4),(2,
2),(0.,0.0331076134316992,0.0766248030077802),(0.,0.04),.UNSPECIFIED.);
#28=B_SPLINE_SURFACE_WITH_KNOTS('',3,1,((#2070,#2071),(#2072,#2073),(#2074,
#2075),(#2076,#2077),(#2078,#2079)),.UNSPECIFIED.,.F.,.F.,.F.,(4,1,4),(2,
2),(0.,0.0325183492103737,0.0620751885174605),(0.,0.04),.UNSPECIFIED.);
#29=B_SPLINE_SURFACE_WITH_KNOTS('',3,1,((#2087,#2088),(#2089,#2090),(#2091,
#2092),(#2093,#2094),(#2095,#2096)),.UNSPECIFIED.,.F.,.F.,.F.,(4,1,4),(2,
2),(0.,0.0288471209528663,0.0614747949367912),(0.,0.04),.UNSPECIFIED.);
#30=B_SPLINE_SURFACE_WITH_KNOTS('',3,1,((#2104,#2105),(#2106,#2107),(#2108,
#2109),(#2110,#2111),(#2112,#2113)),.UNSPECIFIED.,.F.,.F.,.F.,(4,1,4),(2,
2),(0.,0.0341319161378435,0.0634096268790492),(0.,0.04),.UNSPECIFIED.);
#31=B_SPLINE_SURFACE_WITH_KNOTS('',3,1,((#2121,#2122),(#2123,#2124),(#2125,
#2126),(#2127,#2128),(#2129,#2130)),.UNSPECIFIED.,.F.,.F.,.F.,(4,1,4),(2,
2),(0.,0.0393052943413589,0.0745099530211515),(0.,0.04),.UNSPECIFIED.);
#32=B_SPLINE_SURFACE_WITH_KNOTS('',3,1,((#2138,#2139),(#2140,#2141),(#2142,
#2143),(#2144,#2145),(#2146,#2147)),.UNSPECIFIED.,.F.,.F.,.F.,(4,1,4),(2,
2),(0.,0.0866288895956602,0.135902254953032),(0.,0.04),.UNSPECIFIED.);
#33=B_SPLINE_SURFACE_WITH_KNOTS('',3,1,((#2155,#2156),(#2157,#2158),(#2159,
#2160),(#2161,#2162),(#2163,#2164)),.UNSPECIFIED.,.F.,.F.,.F.,(4,1,4),(2,
2),(0.,0.0790469566565513,0.192253506133546),(0.,0.04),.UNSPECIFIED.);
#34=B_SPLINE_SURFACE_WITH_KNOTS('',3,1,((#2172,#2173),(#2174,#2175),(#2176,
#2177),(#2178,#2179),(#2180,#2181)),.UNSPECIFIED.,.F.,.F.,.F.,(4,1,4),(2,
2),(0.,0.0599328918691769,0.121088148697906),(0.,0.04),.UNSPECIFIED.);
#35=B_SPLINE_SURFACE_WITH_KNOTS('',3,1,((#2209,#2210),(#2211,#2212),(#2213,
#2214),(#2215,#2216),(#2217,#2218)),.UNSPECIFIED.,.F.,.F.,.F.,(4,1,4),(2,
2),(0.,0.0292683046402059,0.0877278816271959),(0.,0.04),.UNSPECIFIED.);
#36=B_SPLINE_SURFACE_WITH_KNOTS('',3,1,((#2232,#2233),(#2234,#2235),(#2236,
#2237),(#2238,#2239),(#2240,#2241)),.UNSPECIFIED.,.F.,.F.,.F.,(4,1,4),(2,
2),(0.,0.0245137084432334,0.0517312719764843),(0.,0.04),.UNSPECIFIED.);
#37=B_SPLINE_SURFACE_WITH_KNOTS('',3,1,((#2255,#2256),(#2257,#2258),(#2259,
#2260),(#2261,#2262),(#2263,#2264)),.UNSPECIFIED.,.F.,.F.,.F.,(4,1,4),(2,
2),(0.,0.0274425680625578,0.0519583922673294),(0.,0.04),.UNSPECIFIED.);
#38=B_SPLINE_SURFACE_WITH_KNOTS('',3,1,((#2278,#2279),(#2280,#2281),(#2282,
#2283),(#2284,#2285),(#2286,#2287)),.UNSPECIFIED.,.F.,.F.,.F.,(4,1,4),(2,
2),(0.,0.0220732232643195,0.0468214363530435),(0.,0.04),.UNSPECIFIED.);
#39=B_SPLINE_SURFACE_WITH_KNOTS('',3,1,((#2301,#2302),(#2303,#2304),(#2305,
#2306),(#2307,#2308),(#2309,#2310)),.UNSPECIFIED.,.F.,.F.,.F.,(4,1,4),(2,
2),(0.,0.0216065502965852,0.0426391915051792),(0.,0.04),.UNSPECIFIED.);
#40=B_SPLINE_SURFACE_WITH_KNOTS('',3,1,((#2324,#2325),(#2326,#2327),(#2328,
#2329),(#2330,#2331),(#2332,#2333)),.UNSPECIFIED.,.F.,.F.,.F.,(4,1,4),(2,
2),(0.,0.0702538216177741,0.108403218828905),(0.,0.04),.UNSPECIFIED.);
#41=B_SPLINE_SURFACE_WITH_KNOTS('',3,1,((#2366,#2367),(#2368,#2369),(#2370,
#2371),(#2372,#2373),(#2374,#2375)),.UNSPECIFIED.,.F.,.F.,.F.,(4,1,4),(2,
2),(0.,0.0251681682852492,0.0610327282194378),(0.,0.04),.UNSPECIFIED.);
#42=B_SPLINE_SURFACE_WITH_KNOTS('',3,1,((#2383,#2384),(#2385,#2386),(#2387,
#2388),(#2389,#2390),(#2391,#2392)),.UNSPECIFIED.,.F.,.F.,.F.,(4,1,4),(2,
2),(0.,0.0232381939306405,0.0441174517585879),(0.,0.04),.UNSPECIFIED.);
#43=B_SPLINE_SURFACE_WITH_KNOTS('',3,1,((#2400,#2401),(#2402,#2403),(#2404,
#2405),(#2406,#2407),(#2408,#2409)),.UNSPECIFIED.,.F.,.F.,.F.,(4,1,4),(2,
2),(0.,0.0687027131930971,0.108050995604873),(0.,0.04),.UNSPECIFIED.);
#44=B_SPLINE_SURFACE_WITH_KNOTS('',3,1,((#2429,#2430),(#2431,#2432),(#2433,
#2434),(#2435,#2436),(#2437,#2438)),.UNSPECIFIED.,.F.,.F.,.F.,(4,1,4),(2,
2),(0.,0.048089486218889,0.118489257737085),(0.,0.04),.UNSPECIFIED.);
#45=B_SPLINE_SURFACE_WITH_KNOTS('',3,1,((#2446,#2447),(#2448,#2449),(#2450,
#2451),(#2452,#2453),(#2454,#2455)),.UNSPECIFIED.,.F.,.F.,.F.,(4,1,4),(2,
2),(0.,0.0428271087353407,0.081661699097431),(0.,0.04),.UNSPECIFIED.);
#46=B_SPLINE_SURFACE_WITH_KNOTS('',3,1,((#2463,#2464),(#2465,#2466),(#2467,
#2468),(#2469,#2470),(#2471,#2472)),.UNSPECIFIED.,.F.,.F.,.F.,(4,1,4),(2,
2),(0.,0.0606478741289087,0.131953803512571),(0.,0.04),.UNSPECIFIED.);
#47=B_SPLINE_SURFACE_WITH_KNOTS('',3,1,((#2480,#2481),(#2482,#2483),(#2484,
#2485),(#2486,#2487),(#2488,#2489)),.UNSPECIFIED.,.F.,.F.,.F.,(4,1,4),(2,
2),(0.,0.0619341756070439,0.119554039611203),(0.,0.04),.UNSPECIFIED.);
#48=B_SPLINE_SURFACE_WITH_KNOTS('',3,1,((#2497,#2498),(#2499,#2500),(#2501,
#2502),(#2503,#2504),(#2505,#2506)),.UNSPECIFIED.,.F.,.F.,.F.,(4,1,4),(2,
2),(0.,0.0480709378532739,0.0983233220010378),(0.,0.04),.UNSPECIFIED.);
#49=B_SPLINE_SURFACE_WITH_KNOTS('',3,1,((#2514,#2515),(#2516,#2517),(#2518,
#2519),(#2520,#2521),(#2522,#2523)),.UNSPECIFIED.,.F.,.F.,.F.,(4,1,4),(2,
2),(0.,0.0448451320081345,0.0909536372865049),(0.,0.04),.UNSPECIFIED.);
#50=B_SPLINE_SURFACE_WITH_KNOTS('',3,1,((#2531,#2532),(#2533,#2534),(#2535,
#2536),(#2537,#2538),(#2539,#2540)),.UNSPECIFIED.,.F.,.F.,.F.,(4,1,4),(2,
2),(0.,0.0824554494320585,0.140001490706005),(0.,0.04),.UNSPECIFIED.);
#51=CYLINDRICAL_SURFACE('',#1340,21.);
#52=FACE_BOUND('',#205,.T.);
#53=FACE_BOUND('',#206,.T.);
#54=FACE_BOUND('',#207,.T.);
#55=FACE_BOUND('',#270,.T.);
#56=B_SPLINE_CURVE_WITH_KNOTS('',3,(#1612,#1613,#1614,#1615,#1616),
 .UNSPECIFIED.,.F.,.F.,(4,1,4),(0.,0.0824554494320585,0.140001490706005),
 .UNSPECIFIED.);
#57=B_SPLINE_CURVE_WITH_KNOTS('',3,(#1618,#1619,#1620,#1621,#1622),
 .UNSPECIFIED.,.F.,.F.,(4,1,4),(0.,0.0448451320081345,0.0909536372865049),
 .UNSPECIFIED.);
#58=B_SPLINE_CURVE_WITH_KNOTS('',3,(#1624,#1625,#1626,#1627,#1628),
 .UNSPECIFIED.,.F.,.F.,(4,1,4),(0.,0.0480709378532739,0.0983233220010378),
 .UNSPECIFIED.);
#59=B_SPLINE_CURVE_WITH_KNOTS('',3,(#1630,#1631,#1632,#1633,#1634),
 .UNSPECIFIED.,.F.,.F.,(4,1,4),(0.,0.0619341756070439,0.119554039611203),
 .UNSPECIFIED.);
#60=B_SPLINE_CURVE_WITH_KNOTS('',3,(#1636,#1637,#1638,#1639,#1640),
 .UNSPECIFIED.,.F.,.F.,(4,1,4),(0.,0.0606478741289087,0.131953803512571),
 .UNSPECIFIED.);
#61=B_SPLINE_CURVE_WITH_KNOTS('',3,(#1642,#1643,#1644,#1645,#1646),
 .UNSPECIFIED.,.F.,.F.,(4,1,4),(0.,0.0428271087353407,0.081661699097431),
 .UNSPECIFIED.);
#62=B_SPLINE_CURVE_WITH_KNOTS('',3,(#1648,#1649,#1650,#1651,#1652),
 .UNSPECIFIED.,.F.,.F.,(4,1,4),(0.,0.048089486218889,0.118489257737085),
 .UNSPECIFIED.);
#63=B_SPLINE_CURVE_WITH_KNOTS('',3,(#1660,#1661,#1662,#1663,#1664),
 .UNSPECIFIED.,.F.,.F.,(4,1,4),(0.,0.0687027131930971,0.108050995604873),
 .UNSPECIFIED.);
#64=B_SPLINE_CURVE_WITH_KNOTS('',3,(#1666,#1667,#1668,#1669,#1670),
 .UNSPECIFIED.,.F.,.F.,(4,1,4),(0.,0.0232381939306405,0.0441174517585879),
 .UNSPECIFIED.);
#65=B_SPLINE_CURVE_WITH_KNOTS('',3,(#1672,#1673,#1674,#1675,#1676),
 .UNSPECIFIED.,.F.,.F.,(4,1,4),(0.,0.0251681682852492,0.0610327282194378),
 .UNSPECIFIED.);
#66=B_SPLINE_CURVE_WITH_KNOTS('',3,(#1680,#1681,#1682,#1683,#1684),
 .UNSPECIFIED.,.F.,.F.,(4,1,4),(0.,0.0206688659291774,0.0393874615603758),
 .UNSPECIFIED.);
#67=B_SPLINE_CURVE_WITH_KNOTS('',3,(#1692,#1693,#1694,#1695,#1696),
 .UNSPECIFIED.,.F.,.F.,(4,1,4),(0.,0.0599328918691769,0.121088148697906),
 .UNSPECIFIED.);
#68=B_SPLINE_CURVE_WITH_KNOTS('',3,(#1698,#1699,#1700,#1701,#1702),
 .UNSPECIFIED.,.F.,.F.,(4,1,4),(0.,0.0790469566565513,0.192253506133546),
 .UNSPECIFIED.);
#69=B_SPLINE_CURVE_WITH_KNOTS('',3,(#1704,#1705,#1706,#1707,#1708),
 .UNSPECIFIED.,.F.,.F.,(4,1,4),(0.,0.0866288895956602,0.135902254953032),
 .UNSPECIFIED.);
#70=B_SPLINE_CURVE_WITH_KNOTS('',3,(#1710,#1711,#1712,#1713,#1714),
 .UNSPECIFIED.,.F.,.F.,(4,1,4),(0.,0.0393052943413589,0.0745099530211515),
 .UNSPECIFIED.);
#71=B_SPLINE_CURVE_WITH_KNOTS('',3,(#1716,#1717,#1718,#1719,#1720),
 .UNSPECIFIED.,.F.,.F.,(4,1,4),(0.,0.0341319161378435,0.0634096268790492),
 .UNSPECIFIED.);
#72=B_SPLINE_CURVE_WITH_KNOTS('',3,(#1722,#1723,#1724,#1725,#1726),
 .UNSPECIFIED.,.F.,.F.,(4,1,4),(0.,0.0288471209528663,0.0614747949367912),
 .UNSPECIFIED.);
#73=B_SPLINE_CURVE_WITH_KNOTS('',3,(#1728,#1729,#1730,#1731,#1732),
 .UNSPECIFIED.,.F.,.F.,(4,1,4),(0.,0.0325183492103737,0.0620751885174605),
 .UNSPECIFIED.);
#74=B_SPLINE_CURVE_WITH_KNOTS('',3,(#1734,#1735,#1736,#1737,#1738),
 .UNSPECIFIED.,.F.,.F.,(4,1,4),(0.,0.0331076134316992,0.0766248030077802),
 .UNSPECIFIED.);
#75=B_SPLINE_CURVE_WITH_KNOTS('',3,(#1742,#1743,#1744,#1745,#1746),
 .UNSPECIFIED.,.F.,.F.,(4,1,4),(0.,0.0835699601670269,0.152661640587579),
 .UNSPECIFIED.);
#76=B_SPLINE_CURVE_WITH_KNOTS('',3,(#1748,#1749,#1750,#1751,#1752),
 .UNSPECIFIED.,.F.,.F.,(4,1,4),(0.,0.0676742977637865,0.142064526778044),
 .UNSPECIFIED.);
#77=B_SPLINE_CURVE_WITH_KNOTS('',3,(#1754,#1755,#1756,#1757,#1758),
 .UNSPECIFIED.,.F.,.F.,(4,1,4),(0.,0.0795447726965861,0.149130809388403),
 .UNSPECIFIED.);
#78=B_SPLINE_CURVE_WITH_KNOTS('',3,(#1760,#1761,#1762,#1763,#1764),
 .UNSPECIFIED.,.F.,.F.,(4,1,4),(0.,0.0653012674705913,0.131362185618663),
 .UNSPECIFIED.);
#79=B_SPLINE_CURVE_WITH_KNOTS('',3,(#1766,#1767,#1768,#1769,#1770),
 .UNSPECIFIED.,.F.,.F.,(4,1,4),(0.,0.0393904248340719,0.0782219837003971),
 .UNSPECIFIED.);
#80=B_SPLINE_CURVE_WITH_KNOTS('',3,(#1772,#1773,#1774,#1775,#1776),
 .UNSPECIFIED.,.F.,.F.,(4,1,4),(0.,0.0415972389922475,0.0889929469638505),
 .UNSPECIFIED.);
#81=B_SPLINE_CURVE_WITH_KNOTS('',3,(#1778,#1779,#1780,#1781,#1782),
 .UNSPECIFIED.,.F.,.F.,(4,1,4),(0.,0.0433303685916559,0.106568419103963),
 .UNSPECIFIED.);
#82=B_SPLINE_CURVE_WITH_KNOTS('',3,(#1783,#1784,#1785,#1786,#1787),
 .UNSPECIFIED.,.F.,.F.,(4,1,4),(0.,0.0603516094717792,0.0949060845180639),
 .UNSPECIFIED.);
#83=B_SPLINE_CURVE_WITH_KNOTS('',3,(#1798,#1799,#1800,#1801,#1802),
 .UNSPECIFIED.,.F.,.F.,(4,1,4),(0.,0.0849866684587009,0.171886046490542),
 .UNSPECIFIED.);
#84=B_SPLINE_CURVE_WITH_KNOTS('',3,(#1806,#1807,#1808,#1809,#1810),
 .UNSPECIFIED.,.F.,.F.,(4,1,4),(0.,0.0511639840659126,0.112134486212775),
 .UNSPECIFIED.);
#85=B_SPLINE_CURVE_WITH_KNOTS('',3,(#1811,#1812,#1813,#1814,#1815),
 .UNSPECIFIED.,.F.,.F.,(4,1,4),(0.,0.0624698689678472,0.120508092828785),
 .UNSPECIFIED.);
#86=B_SPLINE_CURVE_WITH_KNOTS('',3,(#1840,#1841,#1842,#1843,#1844),
 .UNSPECIFIED.,.F.,.F.,(4,1,4),(0.,0.0624698689678472,0.120508092828785),
 .UNSPECIFIED.);
#87=B_SPLINE_CURVE_WITH_KNOTS('',3,(#1857,#1858,#1859,#1860,#1861),
 .UNSPECIFIED.,.F.,.F.,(4,1,4),(0.,0.0511639840659126,0.112134486212775),
 .UNSPECIFIED.);
#88=B_SPLINE_CURVE_WITH_KNOTS('',3,(#1878,#1879,#1880,#1881,#1882),
 .UNSPECIFIED.,.F.,.F.,(4,1,4),(0.,0.0849866684587009,0.171886046490542),
 .UNSPECIFIED.);
#89=B_SPLINE_CURVE_WITH_KNOTS('',3,(#1907,#1908,#1909,#1910,#1911),
 .UNSPECIFIED.,.F.,.F.,(4,1,4),(0.,0.0206688659291774,0.0393874615603758),
 .UNSPECIFIED.);
#90=B_SPLINE_CURVE_WITH_KNOTS('',3,(#1925,#1926,#1927,#1928,#1929),
 .UNSPECIFIED.,.F.,.F.,(4,1,4),(0.,0.0603516094717792,0.0949060845180639),
 .UNSPECIFIED.);
#91=B_SPLINE_CURVE_WITH_KNOTS('',3,(#1942,#1943,#1944,#1945,#1946),
 .UNSPECIFIED.,.F.,.F.,(4,1,4),(0.,0.0433303685916559,0.106568419103963),
 .UNSPECIFIED.);
#92=B_SPLINE_CURVE_WITH_KNOTS('',3,(#1959,#1960,#1961,#1962,#1963),
 .UNSPECIFIED.,.F.,.F.,(4,1,4),(0.,0.0415972389922475,0.0889929469638505),
 .UNSPECIFIED.);
#93=B_SPLINE_CURVE_WITH_KNOTS('',3,(#1976,#1977,#1978,#1979,#1980),
 .UNSPECIFIED.,.F.,.F.,(4,1,4),(0.,0.0393904248340719,0.0782219837003971),
 .UNSPECIFIED.);
#94=B_SPLINE_CURVE_WITH_KNOTS('',3,(#1993,#1994,#1995,#1996,#1997),
 .UNSPECIFIED.,.F.,.F.,(4,1,4),(0.,0.0653012674705913,0.131362185618663),
 .UNSPECIFIED.);
#95=B_SPLINE_CURVE_WITH_KNOTS('',3,(#2010,#2011,#2012,#2013,#2014),
 .UNSPECIFIED.,.F.,.F.,(4,1,4),(0.,0.0795447726965861,0.149130809388403),
 .UNSPECIFIED.);
#96=B_SPLINE_CURVE_WITH_KNOTS('',3,(#2027,#2028,#2029,#2030,#2031),
 .UNSPECIFIED.,.F.,.F.,(4,1,4),(0.,0.0676742977637865,0.142064526778044),
 .UNSPECIFIED.);
#97=B_SPLINE_CURVE_WITH_KNOTS('',3,(#2044,#2045,#2046,#2047,#2048),
 .UNSPECIFIED.,.F.,.F.,(4,1,4),(0.,0.0835699601670269,0.152661640587579),
 .UNSPECIFIED.);
#98=B_SPLINE_CURVE_WITH_KNOTS('',3,(#2065,#2066,#2067,#2068,#2069),
 .UNSPECIFIED.,.F.,.F.,(4,1,4),(0.,0.0331076134316992,0.0766248030077802),
 .UNSPECIFIED.);
#99=B_SPLINE_CURVE_WITH_KNOTS('',3,(#2082,#2083,#2084,#2085,#2086),
 .UNSPECIFIED.,.F.,.F.,(4,1,4),(0.,0.0325183492103737,0.0620751885174605),
 .UNSPECIFIED.);
#100=B_SPLINE_CURVE_WITH_KNOTS('',3,(#2099,#2100,#2101,#2102,#2103),
 .UNSPECIFIED.,.F.,.F.,(4,1,4),(0.,0.0288471209528663,0.0614747949367912),
 .UNSPECIFIED.);
#101=B_SPLINE_CURVE_WITH_KNOTS('',3,(#2116,#2117,#2118,#2119,#2120),
 .UNSPECIFIED.,.F.,.F.,(4,1,4),(0.,0.0341319161378435,0.0634096268790492),
 .UNSPECIFIED.);
#102=B_SPLINE_CURVE_WITH_KNOTS('',3,(#2133,#2134,#2135,#2136,#2137),
 .UNSPECIFIED.,.F.,.F.,(4,1,4),(0.,0.0393052943413589,0.0745099530211515),
 .UNSPECIFIED.);
#103=B_SPLINE_CURVE_WITH_KNOTS('',3,(#2150,#2151,#2152,#2153,#2154),
 .UNSPECIFIED.,.F.,.F.,(4,1,4),(0.,0.0866288895956602,0.135902254953032),
 .UNSPECIFIED.);
#104=B_SPLINE_CURVE_WITH_KNOTS('',3,(#2167,#2168,#2169,#2170,#2171),
 .UNSPECIFIED.,.F.,.F.,(4,1,4),(0.,0.0790469566565513,0.192253506133546),
 .UNSPECIFIED.);
#105=B_SPLINE_CURVE_WITH_KNOTS('',3,(#2184,#2185,#2186,#2187,#2188),
 .UNSPECIFIED.,.F.,.F.,(4,1,4),(0.,0.0599328918691769,0.121088148697906),
 .UNSPECIFIED.);
#106=B_SPLINE_CURVE_WITH_KNOTS('',3,(#2220,#2221,#2222,#2223,#2224),
 .UNSPECIFIED.,.F.,.F.,(4,1,4),(0.,0.0292683046402059,0.0877278816271959),
 .UNSPECIFIED.);
#107=B_SPLINE_CURVE_WITH_KNOTS('',3,(#2227,#2228,#2229,#2230,#2231),
 .UNSPECIFIED.,.F.,.F.,(4,1,4),(0.,0.0292683046402059,0.0877278816271959),
 .UNSPECIFIED.);
#108=B_SPLINE_CURVE_WITH_KNOTS('',3,(#2243,#2244,#2245,#2246,#2247),
 .UNSPECIFIED.,.F.,.F.,(4,1,4),(0.,0.0245137084432334,0.0517312719764843),
 .UNSPECIFIED.);
#109=B_SPLINE_CURVE_WITH_KNOTS('',3,(#2250,#2251,#2252,#2253,#2254),
 .UNSPECIFIED.,.F.,.F.,(4,1,4),(0.,0.0245137084432334,0.0517312719764843),
 .UNSPECIFIED.);
#110=B_SPLINE_CURVE_WITH_KNOTS('',3,(#2266,#2267,#2268,#2269,#2270),
 .UNSPECIFIED.,.F.,.F.,(4,1,4),(0.,0.0274425680625578,0.0519583922673294),
 .UNSPECIFIED.);
#111=B_SPLINE_CURVE_WITH_KNOTS('',3,(#2273,#2274,#2275,#2276,#2277),
 .UNSPECIFIED.,.F.,.F.,(4,1,4),(0.,0.0274425680625578,0.0519583922673294),
 .UNSPECIFIED.);
#112=B_SPLINE_CURVE_WITH_KNOTS('',3,(#2289,#2290,#2291,#2292,#2293),
 .UNSPECIFIED.,.F.,.F.,(4,1,4),(0.,0.0220732232643195,0.0468214363530435),
 .UNSPECIFIED.);
#113=B_SPLINE_CURVE_WITH_KNOTS('',3,(#2296,#2297,#2298,#2299,#2300),
 .UNSPECIFIED.,.F.,.F.,(4,1,4),(0.,0.0220732232643195,0.0468214363530435),
 .UNSPECIFIED.);
#114=B_SPLINE_CURVE_WITH_KNOTS('',3,(#2312,#2313,#2314,#2315,#2316),
 .UNSPECIFIED.,.F.,.F.,(4,1,4),(0.,0.0216065502965852,0.0426391915051792),
 .UNSPECIFIED.);
#115=B_SPLINE_CURVE_WITH_KNOTS('',3,(#2319,#2320,#2321,#2322,#2323),
 .UNSPECIFIED.,.F.,.F.,(4,1,4),(0.,0.0216065502965852,0.0426391915051792),
 .UNSPECIFIED.);
#116=B_SPLINE_CURVE_WITH_KNOTS('',3,(#2335,#2336,#2337,#2338,#2339),
 .UNSPECIFIED.,.F.,.F.,(4,1,4),(0.,0.0702538216177741,0.108403218828905),
 .UNSPECIFIED.);
#117=B_SPLINE_CURVE_WITH_KNOTS('',3,(#2342,#2343,#2344,#2345,#2346),
 .UNSPECIFIED.,.F.,.F.,(4,1,4),(0.,0.0702538216177741,0.108403218828905),
 .UNSPECIFIED.);
#118=B_SPLINE_CURVE_WITH_KNOTS('',3,(#2378,#2379,#2380,#2381,#2382),
 .UNSPECIFIED.,.F.,.F.,(4,1,4),(0.,0.0251681682852492,0.0610327282194378),
 .UNSPECIFIED.);
#119=B_SPLINE_CURVE_WITH_KNOTS('',3,(#2395,#2396,#2397,#2398,#2399),
 .UNSPECIFIED.,.F.,.F.,(4,1,4),(0.,0.0232381939306405,0.0441174517585879),
 .UNSPECIFIED.);
#120=B_SPLINE_CURVE_WITH_KNOTS('',3,(#2412,#2413,#2414,#2415,#2416),
 .UNSPECIFIED.,.F.,.F.,(4,1,4),(0.,0.0687027131930971,0.108050995604873),
 .UNSPECIFIED.);
#121=B_SPLINE_CURVE_WITH_KNOTS('',3,(#2441,#2442,#2443,#2444,#2445),
 .UNSPECIFIED.,.F.,.F.,(4,1,4),(0.,0.048089486218889,0.118489257737085),
 .UNSPECIFIED.);
#122=B_SPLINE_CURVE_WITH_KNOTS('',3,(#2458,#2459,#2460,#2461,#2462),
 .UNSPECIFIED.,.F.,.F.,(4,1,4),(0.,0.0428271087353407,0.081661699097431),
 .UNSPECIFIED.);
#123=B_SPLINE_CURVE_WITH_KNOTS('',3,(#2475,#2476,#2477,#2478,#2479),
 .UNSPECIFIED.,.F.,.F.,(4,1,4),(0.,0.0606478741289087,0.131953803512571),
 .UNSPECIFIED.);
#124=B_SPLINE_CURVE_WITH_KNOTS('',3,(#2492,#2493,#2494,#2495,#2496),
 .UNSPECIFIED.,.F.,.F.,(4,1,4),(0.,0.0619341756070439,0.119554039611203),
 .UNSPECIFIED.);
#125=B_SPLINE_CURVE_WITH_KNOTS('',3,(#2509,#2510,#2511,#2512,#2513),
 .UNSPECIFIED.,.F.,.F.,(4,1,4),(0.,0.0480709378532739,0.0983233220010378),
 .UNSPECIFIED.);
#126=B_SPLINE_CURVE_WITH_KNOTS('',3,(#2526,#2527,#2528,#2529,#2530),
 .UNSPECIFIED.,.F.,.F.,(4,1,4),(0.,0.0448451320081345,0.0909536372865049),
 .UNSPECIFIED.);
#127=B_SPLINE_CURVE_WITH_KNOTS('',3,(#2543,#2544,#2545,#2546,#2547),
 .UNSPECIFIED.,.F.,.F.,(4,1,4),(0.,0.0824554494320585,0.140001490706005),
 .UNSPECIFIED.);
#128=CIRCLE('',#1334,21.);
#129=CIRCLE('',#1337,21.);
#130=FACE_OUTER_BOUND('',#200,.T.);
#131=FACE_OUTER_BOUND('',#201,.T.);
#132=FACE_OUTER_BOUND('',#202,.T.);
#133=FACE_OUTER_BOUND('',#203,.T.);
#134=FACE_OUTER_BOUND('',#204,.T.);
#135=FACE_OUTER_BOUND('',#208,.T.);
#136=FACE_OUTER_BOUND('',#209,.T.);
#137=FACE_OUTER_BOUND('',#210,.T.);
#138=FACE_OUTER_BOUND('',#211,.T.);
#139=FACE_OUTER_BOUND('',#212,.T.);
#140=FACE_OUTER_BOUND('',#213,.T.);
#141=FACE_OUTER_BOUND('',#214,.T.);
#142=FACE_OUTER_BOUND('',#215,.T.);
#143=FACE_OUTER_BOUND('',#216,.T.);
#144=FACE_OUTER_BOUND('',#217,.T.);
#145=FACE_OUTER_BOUND('',#218,.T.);
#146=FACE_OUTER_BOUND('',#219,.T.);
#147=FACE_OUTER_BOUND('',#220,.T.);
#148=FACE_OUTER_BOUND('',#221,.T.);
#149=FACE_OUTER_BOUND('',#222,.T.);
#150=FACE_OUTER_BOUND('',#223,.T.);
#151=FACE_OUTER_BOUND('',#224,.T.);
#152=FACE_OUTER_BOUND('',#225,.T.);
#153=FACE_OUTER_BOUND('',#226,.T.);
#154=FACE_OUTER_BOUND('',#227,.T.);
#155=FACE_OUTER_BOUND('',#228,.T.);
#156=FACE_OUTER_BOUND('',#229,.T.);
#157=FACE_OUTER_BOUND('',#230,.T.);
#158=FACE_OUTER_BOUND('',#231,.T.);
#159=FACE_OUTER_BOUND('',#232,.T.);
#160=FACE_OUTER_BOUND('',#233,.T.);
#161=FACE_OUTER_BOUND('',#234,.T.);
#162=FACE_OUTER_BOUND('',#235,.T.);
#163=FACE_OUTER_BOUND('',#236,.T.);
#164=FACE_OUTER_BOUND('',#237,.T.);
#165=FACE_OUTER_BOUND('',#238,.T.);
#166=FACE_OUTER_BOUND('',#239,.T.);
#167=FACE_OUTER_BOUND('',#240,.T.);
#168=FACE_OUTER_BOUND('',#241,.T.);
#169=FACE_OUTER_BOUND('',#242,.T.);
#170=FACE_OUTER_BOUND('',#243,.T.);
#171=FACE_OUTER_BOUND('',#244,.T.);
#172=FACE_OUTER_BOUND('',#245,.T.);
#173=FACE_OUTER_BOUND('',#246,.T.);
#174=FACE_OUTER_BOUND('',#247,.T.);
#175=FACE_OUTER_BOUND('',#248,.T.);
#176=FACE_OUTER_BOUND('',#249,.T.);
#177=FACE_OUTER_BOUND('',#250,.T.);
#178=FACE_OUTER_BOUND('',#251,.T.);
#179=FACE_OUTER_BOUND('',#252,.T.);
#180=FACE_OUTER_BOUND('',#253,.T.);
#181=FACE_OUTER_BOUND('',#254,.T.);
#182=FACE_OUTER_BOUND('',#255,.T.);
#183=FACE_OUTER_BOUND('',#256,.T.);
#184=FACE_OUTER_BOUND('',#257,.T.);
#185=FACE_OUTER_BOUND('',#258,.T.);
#186=FACE_OUTER_BOUND('',#259,.T.);
#187=FACE_OUTER_BOUND('',#260,.T.);
#188=FACE_OUTER_BOUND('',#261,.T.);
#189=FACE_OUTER_BOUND('',#262,.T.);
#190=FACE_OUTER_BOUND('',#263,.T.);
#191=FACE_OUTER_BOUND('',#264,.T.);
#192=FACE_OUTER_BOUND('',#265,.T.);
#193=FACE_OUTER_BOUND('',#266,.T.);
#194=FACE_OUTER_BOUND('',#267,.T.);
#195=FACE_OUTER_BOUND('',#268,.T.);
#196=FACE_OUTER_BOUND('',#269,.T.);
#197=FACE_OUTER_BOUND('',#271,.T.);
#198=FACE_OUTER_BOUND('',#272,.T.);
#199=FACE_OUTER_BOUND('',#273,.T.);
#200=EDGE_LOOP('',(#830,#831,#832,#833));
#201=EDGE_LOOP('',(#834,#835,#836,#837));
#202=EDGE_LOOP('',(#838,#839,#840,#841,#842,#843,#844,#845));
#203=EDGE_LOOP('',(#846,#847,#848,#849));
#204=EDGE_LOOP('',(#850,#851,#852,#853,#854,#855,#856,#857));
#205=EDGE_LOOP('',(#858,#859,#860,#861,#862,#863,#864,#865,#866,#867,#868,
#869,#870,#871,#872,#873,#874,#875));
#206=EDGE_LOOP('',(#876,#877,#878,#879,#880,#881,#882,#883,#884,#885,#886,
#887,#888,#889,#890,#891,#892,#893,#894,#895,#896));
#207=EDGE_LOOP('',(#897,#898,#899,#900,#901,#902,#903,#904));
#208=EDGE_LOOP('',(#905,#906,#907,#908));
#209=EDGE_LOOP('',(#909,#910,#911,#912));
#210=EDGE_LOOP('',(#913,#914,#915,#916));
#211=EDGE_LOOP('',(#917,#918,#919,#920));
#212=EDGE_LOOP('',(#921,#922,#923,#924));
#213=EDGE_LOOP('',(#925,#926,#927,#928));
#214=EDGE_LOOP('',(#929,#930,#931,#932));
#215=EDGE_LOOP('',(#933,#934,#935,#936));
#216=EDGE_LOOP('',(#937,#938,#939,#940));
#217=EDGE_LOOP('',(#941,#942,#943,#944));
#218=EDGE_LOOP('',(#945,#946,#947,#948));
#219=EDGE_LOOP('',(#949,#950,#951,#952,#953,#954,#955,#956));
#220=EDGE_LOOP('',(#957,#958,#959,#960));
#221=EDGE_LOOP('',(#961,#962,#963,#964));
#222=EDGE_LOOP('',(#965,#966,#967,#968));
#223=EDGE_LOOP('',(#969,#970,#971,#972));
#224=EDGE_LOOP('',(#973,#974,#975,#976));
#225=EDGE_LOOP('',(#977,#978,#979,#980));
#226=EDGE_LOOP('',(#981,#982,#983,#984));
#227=EDGE_LOOP('',(#985,#986,#987,#988));
#228=EDGE_LOOP('',(#989,#990,#991,#992));
#229=EDGE_LOOP('',(#993,#994,#995,#996));
#230=EDGE_LOOP('',(#997,#998,#999,#1000));
#231=EDGE_LOOP('',(#1001,#1002,#1003,#1004));
#232=EDGE_LOOP('',(#1005,#1006,#1007,#1008));
#233=EDGE_LOOP('',(#1009,#1010,#1011,#1012));
#234=EDGE_LOOP('',(#1013,#1014,#1015,#1016));
#235=EDGE_LOOP('',(#1017,#1018,#1019,#1020));
#236=EDGE_LOOP('',(#1021,#1022,#1023,#1024));
#237=EDGE_LOOP('',(#1025,#1026,#1027,#1028));
#238=EDGE_LOOP('',(#1029,#1030,#1031,#1032));
#239=EDGE_LOOP('',(#1033,#1034,#1035,#1036));
#240=EDGE_LOOP('',(#1037,#1038,#1039,#1040));
#241=EDGE_LOOP('',(#1041,#1042,#1043,#1044,#1045,#1046,#1047,#1048,#1049,
#1050,#1051,#1052,#1053,#1054,#1055,#1056,#1057,#1058,#1059,#1060,#1061));
#242=EDGE_LOOP('',(#1062,#1063,#1064,#1065));
#243=EDGE_LOOP('',(#1066,#1067,#1068,#1069));
#244=EDGE_LOOP('',(#1070,#1071,#1072,#1073));
#245=EDGE_LOOP('',(#1074,#1075,#1076,#1077));
#246=EDGE_LOOP('',(#1078,#1079,#1080,#1081));
#247=EDGE_LOOP('',(#1082,#1083,#1084,#1085));
#248=EDGE_LOOP('',(#1086,#1087,#1088,#1089));
#249=EDGE_LOOP('',(#1090,#1091,#1092,#1093));
#250=EDGE_LOOP('',(#1094,#1095,#1096,#1097));
#251=EDGE_LOOP('',(#1098,#1099,#1100,#1101));
#252=EDGE_LOOP('',(#1102,#1103,#1104,#1105));
#253=EDGE_LOOP('',(#1106,#1107,#1108,#1109));
#254=EDGE_LOOP('',(#1110,#1111,#1112,#1113));
#255=EDGE_LOOP('',(#1114,#1115,#1116,#1117));
#256=EDGE_LOOP('',(#1118,#1119,#1120,#1121));
#257=EDGE_LOOP('',(#1122,#1123,#1124,#1125));
#258=EDGE_LOOP('',(#1126,#1127,#1128,#1129));
#259=EDGE_LOOP('',(#1130,#1131,#1132,#1133));
#260=EDGE_LOOP('',(#1134,#1135,#1136,#1137));
#261=EDGE_LOOP('',(#1138,#1139,#1140,#1141));
#262=EDGE_LOOP('',(#1142,#1143,#1144,#1145));
#263=EDGE_LOOP('',(#1146,#1147,#1148,#1149));
#264=EDGE_LOOP('',(#1150,#1151,#1152,#1153));
#265=EDGE_LOOP('',(#1154,#1155,#1156,#1157));
#266=EDGE_LOOP('',(#1158,#1159,#1160,#1161));
#267=EDGE_LOOP('',(#1162,#1163,#1164,#1165));
#268=EDGE_LOOP('',(#1166,#1167,#1168,#1169));
#269=EDGE_LOOP('',(#1170,#1171,#1172,#1173,#1174,#1175,#1176,#1177,#1178,
#1179,#1180,#1181,#1182,#1183,#1184,#1185,#1186,#1187));
#270=EDGE_LOOP('',(#1188,#1189,#1190,#1191,#1192,#1193,#1194,#1195,#1196));
#271=EDGE_LOOP('',(#1197,#1198,#1199,#1200));
#272=EDGE_LOOP('',(#1201,#1202,#1203,#1204));
#273=EDGE_LOOP('',(#1205,#1206,#1207,#1208,#1209,#1210,#1211,#1212,#1213));
#274=LINE('',#1563,#392);
#275=LINE('',#1565,#393);
#276=LINE('',#1567,#394);
#277=LINE('',#1568,#395);
#278=LINE('',#1571,#396);
#279=LINE('',#1573,#397);
#280=LINE('',#1574,#398);
#281=LINE('',#1577,#399);
#282=LINE('',#1579,#400);
#283=LINE('',#1581,#401);
#284=LINE('',#1583,#402);
#285=LINE('',#1585,#403);
#286=LINE('',#1589,#404);
#287=LINE('',#1591,#405);
#288=LINE('',#1592,#406);
#289=LINE('',#1596,#407);
#290=LINE('',#1598,#408);
#291=LINE('',#1600,#409);
#292=LINE('',#1601,#410);
#293=LINE('',#1604,#411);
#294=LINE('',#1606,#412);
#295=LINE('',#1608,#413);
#296=LINE('',#1610,#414);
#297=LINE('',#1654,#415);
#298=LINE('',#1656,#416);
#299=LINE('',#1658,#417);
#300=LINE('',#1677,#418);
#301=LINE('',#1686,#419);
#302=LINE('',#1688,#420);
#303=LINE('',#1690,#421);
#304=LINE('',#1740,#422);
#305=LINE('',#1790,#423);
#306=LINE('',#1792,#424);
#307=LINE('',#1794,#425);
#308=LINE('',#1796,#426);
#309=LINE('',#1804,#427);
#310=LINE('',#1817,#428);
#311=LINE('',#1819,#429);
#312=LINE('',#1821,#430);
#313=LINE('',#1824,#431);
#314=LINE('',#1826,#432);
#315=LINE('',#1827,#433);
#316=LINE('',#1839,#434);
#317=LINE('',#1856,#435);
#318=LINE('',#1864,#436);
#319=LINE('',#1865,#437);
#320=LINE('',#1877,#438);
#321=LINE('',#1885,#439);
#322=LINE('',#1886,#440);
#323=LINE('',#1889,#441);
#324=LINE('',#1890,#442);
#325=LINE('',#1892,#443);
#326=LINE('',#1905,#444);
#327=LINE('',#1912,#445);
#328=LINE('',#1924,#446);
#329=LINE('',#1941,#447);
#330=LINE('',#1958,#448);
#331=LINE('',#1975,#449);
#332=LINE('',#1992,#450);
#333=LINE('',#2009,#451);
#334=LINE('',#2026,#452);
#335=LINE('',#2043,#453);
#336=LINE('',#2051,#454);
#337=LINE('',#2052,#455);
#338=LINE('',#2064,#456);
#339=LINE('',#2081,#457);
#340=LINE('',#2098,#458);
#341=LINE('',#2115,#459);
#342=LINE('',#2132,#460);
#343=LINE('',#2149,#461);
#344=LINE('',#2166,#462);
#345=LINE('',#2183,#463);
#346=LINE('',#2191,#464);
#347=LINE('',#2192,#465);
#348=LINE('',#2195,#466);
#349=LINE('',#2196,#467);
#350=LINE('',#2198,#468);
#351=LINE('',#2203,#469);
#352=LINE('',#2205,#470);
#353=LINE('',#2207,#471);
#354=LINE('',#2208,#472);
#355=LINE('',#2226,#473);
#356=LINE('',#2249,#474);
#357=LINE('',#2272,#475);
#358=LINE('',#2295,#476);
#359=LINE('',#2318,#477);
#360=LINE('',#2341,#478);
#361=LINE('',#2349,#479);
#362=LINE('',#2351,#480);
#363=LINE('',#2352,#481);
#364=LINE('',#2354,#482);
#365=LINE('',#2355,#483);
#366=LINE('',#2358,#484);
#367=LINE('',#2360,#485);
#368=LINE('',#2361,#486);
#369=LINE('',#2364,#487);
#370=LINE('',#2365,#488);
#371=LINE('',#2377,#489);
#372=LINE('',#2394,#490);
#373=LINE('',#2411,#491);
#374=LINE('',#2419,#492);
#375=LINE('',#2420,#493);
#376=LINE('',#2423,#494);
#377=LINE('',#2424,#495);
#378=LINE('',#2427,#496);
#379=LINE('',#2428,#497);
#380=LINE('',#2440,#498);
#381=LINE('',#2457,#499);
#382=LINE('',#2474,#500);
#383=LINE('',#2491,#501);
#384=LINE('',#2508,#502);
#385=LINE('',#2525,#503);
#386=LINE('',#2542,#504);
#387=LINE('',#2550,#505);
#388=LINE('',#2551,#506);
#389=LINE('',#2554,#507);
#390=LINE('',#2555,#508);
#391=LINE('',#2557,#509);
#392=VECTOR('',#1371,10.);
#393=VECTOR('',#1372,10.);
#394=VECTOR('',#1373,10.);
#395=VECTOR('',#1374,10.);
#396=VECTOR('',#1377,10.);
#397=VECTOR('',#1378,10.);
#398=VECTOR('',#1379,10.);
#399=VECTOR('',#1382,10.);
#400=VECTOR('',#1383,10.);
#401=VECTOR('',#1384,10.);
#402=VECTOR('',#1385,10.);
#403=VECTOR('',#1386,10.);
#404=VECTOR('',#1391,10.);
#405=VECTOR('',#1392,10.);
#406=VECTOR('',#1393,10.);
#407=VECTOR('',#1398,10.);
#408=VECTOR('',#1399,10.);
#409=VECTOR('',#1400,10.);
#410=VECTOR('',#1401,10.);
#411=VECTOR('',#1402,10.);
#412=VECTOR('',#1403,10.);
#413=VECTOR('',#1404,10.);
#414=VECTOR('',#1405,10.);
#415=VECTOR('',#1406,10.);
#416=VECTOR('',#1407,10.);
#417=VECTOR('',#1408,10.);
#418=VECTOR('',#1409,10.);
#419=VECTOR('',#1410,10.);
#420=VECTOR('',#1411,10.);
#421=VECTOR('',#1412,10.);
#422=VECTOR('',#1413,10.);
#423=VECTOR('',#1414,10.);
#424=VECTOR('',#1415,10.);
#425=VECTOR('',#1416,10.);
#426=VECTOR('',#1417,10.);
#427=VECTOR('',#1418,10.);
#428=VECTOR('',#1421,10.);
#429=VECTOR('',#1424,10.);
#430=VECTOR('',#1427,10.);
#431=VECTOR('',#1430,10.);
#432=VECTOR('',#1431,10.);
#433=VECTOR('',#1432,10.);
#434=VECTOR('',#1433,10.);
#435=VECTOR('',#1434,10.);
#436=VECTOR('',#1437,10.);
#437=VECTOR('',#1438,10.);
#438=VECTOR('',#1439,10.);
#439=VECTOR('',#1442,10.);
#440=VECTOR('',#1443,10.);
#441=VECTOR('',#1446,10.);
#442=VECTOR('',#1447,10.);
#443=VECTOR('',#1450,10.);
#444=VECTOR('',#1453,10.);
#445=VECTOR('',#1454,10.);
#446=VECTOR('',#1455,10.);
#447=VECTOR('',#1456,10.);
#448=VECTOR('',#1457,10.);
#449=VECTOR('',#1458,10.);
#450=VECTOR('',#1459,10.);
#451=VECTOR('',#1460,10.);
#452=VECTOR('',#1461,10.);
#453=VECTOR('',#1462,10.);
#454=VECTOR('',#1465,10.);
#455=VECTOR('',#1466,10.);
#456=VECTOR('',#1467,10.);
#457=VECTOR('',#1468,10.);
#458=VECTOR('',#1469,10.);
#459=VECTOR('',#1470,10.);
#460=VECTOR('',#1471,10.);
#461=VECTOR('',#1472,10.);
#462=VECTOR('',#1473,10.);
#463=VECTOR('',#1474,10.);
#464=VECTOR('',#1477,10.);
#465=VECTOR('',#1478,10.);
#466=VECTOR('',#1481,10.);
#467=VECTOR('',#1482,10.);
#468=VECTOR('',#1485,10.);
#469=VECTOR('',#1490,10.);
#470=VECTOR('',#1491,10.);
#471=VECTOR('',#1492,10.);
#472=VECTOR('',#1493,10.);
#473=VECTOR('',#1494,10.);
#474=VECTOR('',#1495,10.);
#475=VECTOR('',#1496,10.);
#476=VECTOR('',#1497,10.);
#477=VECTOR('',#1498,10.);
#478=VECTOR('',#1499,10.);
#479=VECTOR('',#1502,10.);
#480=VECTOR('',#1503,10.);
#481=VECTOR('',#1504,10.);
#482=VECTOR('',#1507,10.);
#483=VECTOR('',#1508,10.);
#484=VECTOR('',#1511,10.);
#485=VECTOR('',#1512,10.);
#486=VECTOR('',#1513,10.);
#487=VECTOR('',#1516,10.);
#488=VECTOR('',#1517,10.);
#489=VECTOR('',#1518,10.);
#490=VECTOR('',#1519,10.);
#491=VECTOR('',#1520,10.);
#492=VECTOR('',#1523,10.);
#493=VECTOR('',#1524,10.);
#494=VECTOR('',#1527,10.);
#495=VECTOR('',#1528,10.);
#496=VECTOR('',#1531,10.);
#497=VECTOR('',#1532,10.);
#498=VECTOR('',#1533,10.);
#499=VECTOR('',#1534,10.);
#500=VECTOR('',#1535,10.);
#501=VECTOR('',#1536,10.);
#502=VECTOR('',#1537,10.);
#503=VECTOR('',#1538,10.);
#504=VECTOR('',#1539,10.);
#505=VECTOR('',#1542,10.);
#506=VECTOR('',#1543,10.);
#507=VECTOR('',#1546,10.);
#508=VECTOR('',#1547,10.);
#509=VECTOR('',#1550,10.);
#510=VERTEX_POINT('',#1561);
#511=VERTEX_POINT('',#1562);
#512=VERTEX_POINT('',#1564);
#513=VERTEX_POINT('',#1566);
#514=VERTEX_POINT('',#1570);
#515=VERTEX_POINT('',#1572);
#516=VERTEX_POINT('',#1576);
#517=VERTEX_POINT('',#1578);
#518=VERTEX_POINT('',#1580);
#519=VERTEX_POINT('',#1582);
#520=VERTEX_POINT('',#1584);
#521=VERTEX_POINT('',#1588);
#522=VERTEX_POINT('',#1590);
#523=VERTEX_POINT('',#1594);
#524=VERTEX_POINT('',#1597);
#525=VERTEX_POINT('',#1599);
#526=VERTEX_POINT('',#1602);
#527=VERTEX_POINT('',#1603);
#528=VERTEX_POINT('',#1605);
#529=VERTEX_POINT('',#1607);
#530=VERTEX_POINT('',#1609);
#531=VERTEX_POINT('',#1611);
#532=VERTEX_POINT('',#1617);
#533=VERTEX_POINT('',#1623);
#534=VERTEX_POINT('',#1629);
#535=VERTEX_POINT('',#1635);
#536=VERTEX_POINT('',#1641);
#537=VERTEX_POINT('',#1647);
#538=VERTEX_POINT('',#1653);
#539=VERTEX_POINT('',#1655);
#540=VERTEX_POINT('',#1657);
#541=VERTEX_POINT('',#1659);
#542=VERTEX_POINT('',#1665);
#543=VERTEX_POINT('',#1671);
#544=VERTEX_POINT('',#1678);
#545=VERTEX_POINT('',#1679);
#546=VERTEX_POINT('',#1685);
#547=VERTEX_POINT('',#1687);
#548=VERTEX_POINT('',#1689);
#549=VERTEX_POINT('',#1691);
#550=VERTEX_POINT('',#1697);
#551=VERTEX_POINT('',#1703);
#552=VERTEX_POINT('',#1709);
#553=VERTEX_POINT('',#1715);
#554=VERTEX_POINT('',#1721);
#555=VERTEX_POINT('',#1727);
#556=VERTEX_POINT('',#1733);
#557=VERTEX_POINT('',#1739);
#558=VERTEX_POINT('',#1741);
#559=VERTEX_POINT('',#1747);
#560=VERTEX_POINT('',#1753);
#561=VERTEX_POINT('',#1759);
#562=VERTEX_POINT('',#1765);
#563=VERTEX_POINT('',#1771);
#564=VERTEX_POINT('',#1777);
#565=VERTEX_POINT('',#1788);
#566=VERTEX_POINT('',#1789);
#567=VERTEX_POINT('',#1791);
#568=VERTEX_POINT('',#1793);
#569=VERTEX_POINT('',#1795);
#570=VERTEX_POINT('',#1797);
#571=VERTEX_POINT('',#1803);
#572=VERTEX_POINT('',#1805);
#573=VERTEX_POINT('',#1823);
#574=VERTEX_POINT('',#1825);
#575=VERTEX_POINT('',#1838);
#576=VERTEX_POINT('',#1855);
#577=VERTEX_POINT('',#1863);
#578=VERTEX_POINT('',#1876);
#579=VERTEX_POINT('',#1884);
#580=VERTEX_POINT('',#1888);
#581=VERTEX_POINT('',#1904);
#582=VERTEX_POINT('',#1906);
#583=VERTEX_POINT('',#1923);
#584=VERTEX_POINT('',#1940);
#585=VERTEX_POINT('',#1957);
#586=VERTEX_POINT('',#1974);
#587=VERTEX_POINT('',#1991);
#588=VERTEX_POINT('',#2008);
#589=VERTEX_POINT('',#2025);
#590=VERTEX_POINT('',#2042);
#591=VERTEX_POINT('',#2050);
#592=VERTEX_POINT('',#2063);
#593=VERTEX_POINT('',#2080);
#594=VERTEX_POINT('',#2097);
#595=VERTEX_POINT('',#2114);
#596=VERTEX_POINT('',#2131);
#597=VERTEX_POINT('',#2148);
#598=VERTEX_POINT('',#2165);
#599=VERTEX_POINT('',#2182);
#600=VERTEX_POINT('',#2190);
#601=VERTEX_POINT('',#2194);
#602=VERTEX_POINT('',#2201);
#603=VERTEX_POINT('',#2202);
#604=VERTEX_POINT('',#2204);
#605=VERTEX_POINT('',#2206);
#606=VERTEX_POINT('',#2219);
#607=VERTEX_POINT('',#2225);
#608=VERTEX_POINT('',#2242);
#609=VERTEX_POINT('',#2248);
#610=VERTEX_POINT('',#2265);
#611=VERTEX_POINT('',#2271);
#612=VERTEX_POINT('',#2288);
#613=VERTEX_POINT('',#2294);
#614=VERTEX_POINT('',#2311);
#615=VERTEX_POINT('',#2317);
#616=VERTEX_POINT('',#2334);
#617=VERTEX_POINT('',#2340);
#618=VERTEX_POINT('',#2348);
#619=VERTEX_POINT('',#2350);
#620=VERTEX_POINT('',#2357);
#621=VERTEX_POINT('',#2359);
#622=VERTEX_POINT('',#2363);
#623=VERTEX_POINT('',#2376);
#624=VERTEX_POINT('',#2393);
#625=VERTEX_POINT('',#2410);
#626=VERTEX_POINT('',#2418);
#627=VERTEX_POINT('',#2422);
#628=VERTEX_POINT('',#2426);
#629=VERTEX_POINT('',#2439);
#630=VERTEX_POINT('',#2456);
#631=VERTEX_POINT('',#2473);
#632=VERTEX_POINT('',#2490);
#633=VERTEX_POINT('',#2507);
#634=VERTEX_POINT('',#2524);
#635=VERTEX_POINT('',#2541);
#636=VERTEX_POINT('',#2549);
#637=VERTEX_POINT('',#2553);
#638=EDGE_CURVE('',#510,#511,#274,.T.);
#639=EDGE_CURVE('',#511,#512,#275,.T.);
#640=EDGE_CURVE('',#512,#513,#276,.T.);
#641=EDGE_CURVE('',#513,#510,#277,.T.);
#642=EDGE_CURVE('',#514,#511,#278,.T.);
#643=EDGE_CURVE('',#514,#515,#279,.T.);
#644=EDGE_CURVE('',#515,#512,#280,.T.);
#645=EDGE_CURVE('',#510,#516,#281,.T.);
#646=EDGE_CURVE('',#517,#516,#282,.T.);
#647=EDGE_CURVE('',#517,#518,#283,.T.);
#648=EDGE_CURVE('',#519,#518,#284,.T.);
#649=EDGE_CURVE('',#519,#520,#285,.T.);
#650=EDGE_CURVE('',#520,#514,#128,.T.);
#651=EDGE_CURVE('',#518,#521,#286,.T.);
#652=EDGE_CURVE('',#521,#522,#287,.T.);
#653=EDGE_CURVE('',#522,#519,#288,.T.);
#654=EDGE_CURVE('',#515,#523,#129,.T.);
#655=EDGE_CURVE('',#522,#523,#289,.T.);
#656=EDGE_CURVE('',#524,#521,#290,.T.);
#657=EDGE_CURVE('',#525,#524,#291,.T.);
#658=EDGE_CURVE('',#513,#525,#292,.T.);
#659=EDGE_CURVE('',#526,#527,#293,.T.);
#660=EDGE_CURVE('',#527,#528,#294,.T.);
#661=EDGE_CURVE('',#528,#529,#295,.T.);
#662=EDGE_CURVE('',#529,#530,#296,.T.);
#663=EDGE_CURVE('',#530,#531,#56,.T.);
#664=EDGE_CURVE('',#531,#532,#57,.T.);
#665=EDGE_CURVE('',#532,#533,#58,.T.);
#666=EDGE_CURVE('',#533,#534,#59,.T.);
#667=EDGE_CURVE('',#534,#535,#60,.T.);
#668=EDGE_CURVE('',#535,#536,#61,.T.);
#669=EDGE_CURVE('',#536,#537,#62,.T.);
#670=EDGE_CURVE('',#537,#538,#297,.T.);
#671=EDGE_CURVE('',#538,#539,#298,.T.);
#672=EDGE_CURVE('',#539,#540,#299,.T.);
#673=EDGE_CURVE('',#540,#541,#63,.T.);
#674=EDGE_CURVE('',#541,#542,#64,.T.);
#675=EDGE_CURVE('',#542,#543,#65,.T.);
#676=EDGE_CURVE('',#543,#526,#300,.T.);
#677=EDGE_CURVE('',#544,#545,#66,.T.);
#678=EDGE_CURVE('',#545,#546,#301,.T.);
#679=EDGE_CURVE('',#546,#547,#302,.T.);
#680=EDGE_CURVE('',#547,#548,#303,.T.);
#681=EDGE_CURVE('',#548,#549,#67,.T.);
#682=EDGE_CURVE('',#549,#550,#68,.T.);
#683=EDGE_CURVE('',#550,#551,#69,.T.);
#684=EDGE_CURVE('',#551,#552,#70,.T.);
#685=EDGE_CURVE('',#552,#553,#71,.T.);
#686=EDGE_CURVE('',#553,#554,#72,.T.);
#687=EDGE_CURVE('',#554,#555,#73,.T.);
#688=EDGE_CURVE('',#555,#556,#74,.T.);
#689=EDGE_CURVE('',#556,#557,#304,.T.);
#690=EDGE_CURVE('',#557,#558,#75,.T.);
#691=EDGE_CURVE('',#558,#559,#76,.T.);
#692=EDGE_CURVE('',#559,#560,#77,.T.);
#693=EDGE_CURVE('',#560,#561,#78,.T.);
#694=EDGE_CURVE('',#561,#562,#79,.T.);
#695=EDGE_CURVE('',#562,#563,#80,.T.);
#696=EDGE_CURVE('',#563,#564,#81,.T.);
#697=EDGE_CURVE('',#564,#544,#82,.T.);
#698=EDGE_CURVE('',#565,#566,#305,.T.);
#699=EDGE_CURVE('',#566,#567,#306,.T.);
#700=EDGE_CURVE('',#567,#568,#307,.T.);
#701=EDGE_CURVE('',#568,#569,#308,.T.);
#702=EDGE_CURVE('',#569,#570,#83,.T.);
#703=EDGE_CURVE('',#570,#571,#309,.T.);
#704=EDGE_CURVE('',#571,#572,#84,.T.);
#705=EDGE_CURVE('',#572,#565,#85,.T.);
#706=EDGE_CURVE('',#524,#517,#310,.T.);
#707=EDGE_CURVE('',#516,#525,#311,.T.);
#708=EDGE_CURVE('',#523,#520,#312,.T.);
#709=EDGE_CURVE('',#565,#573,#313,.T.);
#710=EDGE_CURVE('',#573,#574,#314,.T.);
#711=EDGE_CURVE('',#566,#574,#315,.T.);
#712=EDGE_CURVE('',#572,#575,#316,.T.);
#713=EDGE_CURVE('',#575,#573,#86,.T.);
#714=EDGE_CURVE('',#571,#576,#317,.T.);
#715=EDGE_CURVE('',#576,#575,#87,.T.);
#716=EDGE_CURVE('',#570,#577,#318,.T.);
#717=EDGE_CURVE('',#577,#576,#319,.T.);
#718=EDGE_CURVE('',#569,#578,#320,.T.);
#719=EDGE_CURVE('',#578,#577,#88,.T.);
#720=EDGE_CURVE('',#568,#579,#321,.T.);
#721=EDGE_CURVE('',#579,#578,#322,.T.);
#722=EDGE_CURVE('',#567,#580,#323,.T.);
#723=EDGE_CURVE('',#580,#579,#324,.T.);
#724=EDGE_CURVE('',#574,#580,#325,.T.);
#725=EDGE_CURVE('',#544,#581,#326,.T.);
#726=EDGE_CURVE('',#581,#582,#89,.T.);
#727=EDGE_CURVE('',#545,#582,#327,.T.);
#728=EDGE_CURVE('',#564,#583,#328,.T.);
#729=EDGE_CURVE('',#583,#581,#90,.T.);
#730=EDGE_CURVE('',#563,#584,#329,.T.);
#731=EDGE_CURVE('',#584,#583,#91,.T.);
#732=EDGE_CURVE('',#562,#585,#330,.T.);
#733=EDGE_CURVE('',#585,#584,#92,.T.);
#734=EDGE_CURVE('',#561,#586,#331,.T.);
#735=EDGE_CURVE('',#586,#585,#93,.T.);
#736=EDGE_CURVE('',#560,#587,#332,.T.);
#737=EDGE_CURVE('',#587,#586,#94,.T.);
#738=EDGE_CURVE('',#559,#588,#333,.T.);
#739=EDGE_CURVE('',#588,#587,#95,.T.);
#740=EDGE_CURVE('',#558,#589,#334,.T.);
#741=EDGE_CURVE('',#589,#588,#96,.T.);
#742=EDGE_CURVE('',#557,#590,#335,.T.);
#743=EDGE_CURVE('',#590,#589,#97,.T.);
#744=EDGE_CURVE('',#556,#591,#336,.T.);
#745=EDGE_CURVE('',#591,#590,#337,.T.);
#746=EDGE_CURVE('',#555,#592,#338,.T.);
#747=EDGE_CURVE('',#592,#591,#98,.T.);
#748=EDGE_CURVE('',#554,#593,#339,.T.);
#749=EDGE_CURVE('',#593,#592,#99,.T.);
#750=EDGE_CURVE('',#553,#594,#340,.T.);
#751=EDGE_CURVE('',#594,#593,#100,.T.);
#752=EDGE_CURVE('',#552,#595,#341,.T.);
#753=EDGE_CURVE('',#595,#594,#101,.T.);
#754=EDGE_CURVE('',#551,#596,#342,.T.);
#755=EDGE_CURVE('',#596,#595,#102,.T.);
#756=EDGE_CURVE('',#550,#597,#343,.T.);
#757=EDGE_CURVE('',#597,#596,#103,.T.);
#758=EDGE_CURVE('',#549,#598,#344,.T.);
#759=EDGE_CURVE('',#598,#597,#104,.T.);
#760=EDGE_CURVE('',#548,#599,#345,.T.);
#761=EDGE_CURVE('',#599,#598,#105,.T.);
#762=EDGE_CURVE('',#547,#600,#346,.T.);
#763=EDGE_CURVE('',#600,#599,#347,.T.);
#764=EDGE_CURVE('',#546,#601,#348,.T.);
#765=EDGE_CURVE('',#601,#600,#349,.T.);
#766=EDGE_CURVE('',#582,#601,#350,.T.);
#767=EDGE_CURVE('',#602,#603,#351,.T.);
#768=EDGE_CURVE('',#602,#604,#352,.T.);
#769=EDGE_CURVE('',#604,#605,#353,.T.);
#770=EDGE_CURVE('',#603,#605,#354,.T.);
#771=EDGE_CURVE('',#606,#602,#106,.T.);
#772=EDGE_CURVE('',#606,#607,#355,.T.);
#773=EDGE_CURVE('',#607,#604,#107,.T.);
#774=EDGE_CURVE('',#608,#606,#108,.T.);
#775=EDGE_CURVE('',#608,#609,#356,.T.);
#776=EDGE_CURVE('',#609,#607,#109,.T.);
#777=EDGE_CURVE('',#610,#608,#110,.T.);
#778=EDGE_CURVE('',#610,#611,#357,.T.);
#779=EDGE_CURVE('',#611,#609,#111,.T.);
#780=EDGE_CURVE('',#612,#610,#112,.T.);
#781=EDGE_CURVE('',#612,#613,#358,.T.);
#782=EDGE_CURVE('',#613,#611,#113,.T.);
#783=EDGE_CURVE('',#614,#612,#114,.T.);
#784=EDGE_CURVE('',#614,#615,#359,.T.);
#785=EDGE_CURVE('',#615,#613,#115,.T.);
#786=EDGE_CURVE('',#616,#614,#116,.T.);
#787=EDGE_CURVE('',#616,#617,#360,.T.);
#788=EDGE_CURVE('',#617,#615,#117,.T.);
#789=EDGE_CURVE('',#618,#616,#361,.T.);
#790=EDGE_CURVE('',#618,#619,#362,.T.);
#791=EDGE_CURVE('',#619,#617,#363,.T.);
#792=EDGE_CURVE('',#603,#618,#364,.T.);
#793=EDGE_CURVE('',#605,#619,#365,.T.);
#794=EDGE_CURVE('',#526,#620,#366,.T.);
#795=EDGE_CURVE('',#620,#621,#367,.T.);
#796=EDGE_CURVE('',#527,#621,#368,.T.);
#797=EDGE_CURVE('',#543,#622,#369,.T.);
#798=EDGE_CURVE('',#622,#620,#370,.T.);
#799=EDGE_CURVE('',#542,#623,#371,.T.);
#800=EDGE_CURVE('',#623,#622,#118,.T.);
#801=EDGE_CURVE('',#541,#624,#372,.T.);
#802=EDGE_CURVE('',#624,#623,#119,.T.);
#803=EDGE_CURVE('',#540,#625,#373,.T.);
#804=EDGE_CURVE('',#625,#624,#120,.T.);
#805=EDGE_CURVE('',#539,#626,#374,.T.);
#806=EDGE_CURVE('',#626,#625,#375,.T.);
#807=EDGE_CURVE('',#538,#627,#376,.T.);
#808=EDGE_CURVE('',#627,#626,#377,.T.);
#809=EDGE_CURVE('',#537,#628,#378,.T.);
#810=EDGE_CURVE('',#628,#627,#379,.T.);
#811=EDGE_CURVE('',#536,#629,#380,.T.);
#812=EDGE_CURVE('',#629,#628,#121,.T.);
#813=EDGE_CURVE('',#535,#630,#381,.T.);
#814=EDGE_CURVE('',#630,#629,#122,.T.);
#815=EDGE_CURVE('',#534,#631,#382,.T.);
#816=EDGE_CURVE('',#631,#630,#123,.T.);
#817=EDGE_CURVE('',#533,#632,#383,.T.);
#818=EDGE_CURVE('',#632,#631,#124,.T.);
#819=EDGE_CURVE('',#532,#633,#384,.T.);
#820=EDGE_CURVE('',#633,#632,#125,.T.);
#821=EDGE_CURVE('',#531,#634,#385,.T.);
#822=EDGE_CURVE('',#634,#633,#126,.T.);
#823=EDGE_CURVE('',#530,#635,#386,.T.);
#824=EDGE_CURVE('',#635,#634,#127,.T.);
#825=EDGE_CURVE('',#529,#636,#387,.T.);
#826=EDGE_CURVE('',#636,#635,#388,.T.);
#827=EDGE_CURVE('',#528,#637,#389,.T.);
#828=EDGE_CURVE('',#637,#636,#390,.T.);
#829=EDGE_CURVE('',#621,#637,#391,.T.);
#830=ORIENTED_EDGE('',*,*,#638,.T.);
#831=ORIENTED_EDGE('',*,*,#639,.T.);
#832=ORIENTED_EDGE('',*,*,#640,.T.);
#833=ORIENTED_EDGE('',*,*,#641,.T.);
#834=ORIENTED_EDGE('',*,*,#639,.F.);
#835=ORIENTED_EDGE('',*,*,#642,.F.);
#836=ORIENTED_EDGE('',*,*,#643,.T.);
#837=ORIENTED_EDGE('',*,*,#644,.T.);
#838=ORIENTED_EDGE('',*,*,#638,.F.);
#839=ORIENTED_EDGE('',*,*,#645,.T.);
#840=ORIENTED_EDGE('',*,*,#646,.F.);
#841=ORIENTED_EDGE('',*,*,#647,.T.);
#842=ORIENTED_EDGE('',*,*,#648,.F.);
#843=ORIENTED_EDGE('',*,*,#649,.T.);
#844=ORIENTED_EDGE('',*,*,#650,.T.);
#845=ORIENTED_EDGE('',*,*,#642,.T.);
#846=ORIENTED_EDGE('',*,*,#648,.T.);
#847=ORIENTED_EDGE('',*,*,#651,.T.);
#848=ORIENTED_EDGE('',*,*,#652,.T.);
#849=ORIENTED_EDGE('',*,*,#653,.T.);
#850=ORIENTED_EDGE('',*,*,#640,.F.);
#851=ORIENTED_EDGE('',*,*,#644,.F.);
#852=ORIENTED_EDGE('',*,*,#654,.T.);
#853=ORIENTED_EDGE('',*,*,#655,.F.);
#854=ORIENTED_EDGE('',*,*,#652,.F.);
#855=ORIENTED_EDGE('',*,*,#656,.F.);
#856=ORIENTED_EDGE('',*,*,#657,.F.);
#857=ORIENTED_EDGE('',*,*,#658,.F.);
#858=ORIENTED_EDGE('',*,*,#659,.T.);
#859=ORIENTED_EDGE('',*,*,#660,.T.);
#860=ORIENTED_EDGE('',*,*,#661,.T.);
#861=ORIENTED_EDGE('',*,*,#662,.T.);
#862=ORIENTED_EDGE('',*,*,#663,.T.);
#863=ORIENTED_EDGE('',*,*,#664,.T.);
#864=ORIENTED_EDGE('',*,*,#665,.T.);
#865=ORIENTED_EDGE('',*,*,#666,.T.);
#866=ORIENTED_EDGE('',*,*,#667,.T.);
#867=ORIENTED_EDGE('',*,*,#668,.T.);
#868=ORIENTED_EDGE('',*,*,#669,.T.);
#869=ORIENTED_EDGE('',*,*,#670,.T.);
#870=ORIENTED_EDGE('',*,*,#671,.T.);
#871=ORIENTED_EDGE('',*,*,#672,.T.);
#872=ORIENTED_EDGE('',*,*,#673,.T.);
#873=ORIENTED_EDGE('',*,*,#674,.T.);
#874=ORIENTED_EDGE('',*,*,#675,.T.);
#875=ORIENTED_EDGE('',*,*,#676,.T.);
#876=ORIENTED_EDGE('',*,*,#677,.T.);
#877=ORIENTED_EDGE('',*,*,#678,.T.);
#878=ORIENTED_EDGE('',*,*,#679,.T.);
#879=ORIENTED_EDGE('',*,*,#680,.T.);
#880=ORIENTED_EDGE('',*,*,#681,.T.);
#881=ORIENTED_EDGE('',*,*,#682,.T.);
#882=ORIENTED_EDGE('',*,*,#683,.T.);
#883=ORIENTED_EDGE('',*,*,#684,.T.);
#884=ORIENTED_EDGE('',*,*,#685,.T.);
#885=ORIENTED_EDGE('',*,*,#686,.T.);
#886=ORIENTED_EDGE('',*,*,#687,.T.);
#887=ORIENTED_EDGE('',*,*,#688,.T.);
#888=ORIENTED_EDGE('',*,*,#689,.T.);
#889=ORIENTED_EDGE('',*,*,#690,.T.);
#890=ORIENTED_EDGE('',*,*,#691,.T.);
#891=ORIENTED_EDGE('',*,*,#692,.T.);
#892=ORIENTED_EDGE('',*,*,#693,.T.);
#893=ORIENTED_EDGE('',*,*,#694,.T.);
#894=ORIENTED_EDGE('',*,*,#695,.T.);
#895=ORIENTED_EDGE('',*,*,#696,.T.);
#896=ORIENTED_EDGE('',*,*,#697,.T.);
#897=ORIENTED_EDGE('',*,*,#698,.T.);
#898=ORIENTED_EDGE('',*,*,#699,.T.);
#899=ORIENTED_EDGE('',*,*,#700,.T.);
#900=ORIENTED_EDGE('',*,*,#701,.T.);
#901=ORIENTED_EDGE('',*,*,#702,.T.);
#902=ORIENTED_EDGE('',*,*,#703,.T.);
#903=ORIENTED_EDGE('',*,*,#704,.T.);
#904=ORIENTED_EDGE('',*,*,#705,.T.);
#905=ORIENTED_EDGE('',*,*,#651,.F.);
#906=ORIENTED_EDGE('',*,*,#647,.F.);
#907=ORIENTED_EDGE('',*,*,#706,.F.);
#908=ORIENTED_EDGE('',*,*,#656,.T.);
#909=ORIENTED_EDGE('',*,*,#646,.T.);
#910=ORIENTED_EDGE('',*,*,#707,.T.);
#911=ORIENTED_EDGE('',*,*,#657,.T.);
#912=ORIENTED_EDGE('',*,*,#706,.T.);
#913=ORIENTED_EDGE('',*,*,#708,.F.);
#914=ORIENTED_EDGE('',*,*,#654,.F.);
#915=ORIENTED_EDGE('',*,*,#643,.F.);
#916=ORIENTED_EDGE('',*,*,#650,.F.);
#917=ORIENTED_EDGE('',*,*,#698,.F.);
#918=ORIENTED_EDGE('',*,*,#709,.T.);
#919=ORIENTED_EDGE('',*,*,#710,.T.);
#920=ORIENTED_EDGE('',*,*,#711,.F.);
#921=ORIENTED_EDGE('',*,*,#705,.F.);
#922=ORIENTED_EDGE('',*,*,#712,.T.);
#923=ORIENTED_EDGE('',*,*,#713,.T.);
#924=ORIENTED_EDGE('',*,*,#709,.F.);
#925=ORIENTED_EDGE('',*,*,#704,.F.);
#926=ORIENTED_EDGE('',*,*,#714,.T.);
#927=ORIENTED_EDGE('',*,*,#715,.T.);
#928=ORIENTED_EDGE('',*,*,#712,.F.);
#929=ORIENTED_EDGE('',*,*,#703,.F.);
#930=ORIENTED_EDGE('',*,*,#716,.T.);
#931=ORIENTED_EDGE('',*,*,#717,.T.);
#932=ORIENTED_EDGE('',*,*,#714,.F.);
#933=ORIENTED_EDGE('',*,*,#702,.F.);
#934=ORIENTED_EDGE('',*,*,#718,.T.);
#935=ORIENTED_EDGE('',*,*,#719,.T.);
#936=ORIENTED_EDGE('',*,*,#716,.F.);
#937=ORIENTED_EDGE('',*,*,#701,.F.);
#938=ORIENTED_EDGE('',*,*,#720,.T.);
#939=ORIENTED_EDGE('',*,*,#721,.T.);
#940=ORIENTED_EDGE('',*,*,#718,.F.);
#941=ORIENTED_EDGE('',*,*,#700,.F.);
#942=ORIENTED_EDGE('',*,*,#722,.T.);
#943=ORIENTED_EDGE('',*,*,#723,.T.);
#944=ORIENTED_EDGE('',*,*,#720,.F.);
#945=ORIENTED_EDGE('',*,*,#699,.F.);
#946=ORIENTED_EDGE('',*,*,#711,.T.);
#947=ORIENTED_EDGE('',*,*,#724,.T.);
#948=ORIENTED_EDGE('',*,*,#722,.F.);
#949=ORIENTED_EDGE('',*,*,#724,.F.);
#950=ORIENTED_EDGE('',*,*,#710,.F.);
#951=ORIENTED_EDGE('',*,*,#713,.F.);
#952=ORIENTED_EDGE('',*,*,#715,.F.);
#953=ORIENTED_EDGE('',*,*,#717,.F.);
#954=ORIENTED_EDGE('',*,*,#719,.F.);
#955=ORIENTED_EDGE('',*,*,#721,.F.);
#956=ORIENTED_EDGE('',*,*,#723,.F.);
#957=ORIENTED_EDGE('',*,*,#677,.F.);
#958=ORIENTED_EDGE('',*,*,#725,.T.);
#959=ORIENTED_EDGE('',*,*,#726,.T.);
#960=ORIENTED_EDGE('',*,*,#727,.F.);
#961=ORIENTED_EDGE('',*,*,#697,.F.);
#962=ORIENTED_EDGE('',*,*,#728,.T.);
#963=ORIENTED_EDGE('',*,*,#729,.T.);
#964=ORIENTED_EDGE('',*,*,#725,.F.);
#965=ORIENTED_EDGE('',*,*,#696,.F.);
#966=ORIENTED_EDGE('',*,*,#730,.T.);
#967=ORIENTED_EDGE('',*,*,#731,.T.);
#968=ORIENTED_EDGE('',*,*,#728,.F.);
#969=ORIENTED_EDGE('',*,*,#695,.F.);
#970=ORIENTED_EDGE('',*,*,#732,.T.);
#971=ORIENTED_EDGE('',*,*,#733,.T.);
#972=ORIENTED_EDGE('',*,*,#730,.F.);
#973=ORIENTED_EDGE('',*,*,#694,.F.);
#974=ORIENTED_EDGE('',*,*,#734,.T.);
#975=ORIENTED_EDGE('',*,*,#735,.T.);
#976=ORIENTED_EDGE('',*,*,#732,.F.);
#977=ORIENTED_EDGE('',*,*,#693,.F.);
#978=ORIENTED_EDGE('',*,*,#736,.T.);
#979=ORIENTED_EDGE('',*,*,#737,.T.);
#980=ORIENTED_EDGE('',*,*,#734,.F.);
#981=ORIENTED_EDGE('',*,*,#692,.F.);
#982=ORIENTED_EDGE('',*,*,#738,.T.);
#983=ORIENTED_EDGE('',*,*,#739,.T.);
#984=ORIENTED_EDGE('',*,*,#736,.F.);
#985=ORIENTED_EDGE('',*,*,#691,.F.);
#986=ORIENTED_EDGE('',*,*,#740,.T.);
#987=ORIENTED_EDGE('',*,*,#741,.T.);
#988=ORIENTED_EDGE('',*,*,#738,.F.);
#989=ORIENTED_EDGE('',*,*,#690,.F.);
#990=ORIENTED_EDGE('',*,*,#742,.T.);
#991=ORIENTED_EDGE('',*,*,#743,.T.);
#992=ORIENTED_EDGE('',*,*,#740,.F.);
#993=ORIENTED_EDGE('',*,*,#689,.F.);
#994=ORIENTED_EDGE('',*,*,#744,.T.);
#995=ORIENTED_EDGE('',*,*,#745,.T.);
#996=ORIENTED_EDGE('',*,*,#742,.F.);
#997=ORIENTED_EDGE('',*,*,#688,.F.);
#998=ORIENTED_EDGE('',*,*,#746,.T.);
#999=ORIENTED_EDGE('',*,*,#747,.T.);
#1000=ORIENTED_EDGE('',*,*,#744,.F.);
#1001=ORIENTED_EDGE('',*,*,#687,.F.);
#1002=ORIENTED_EDGE('',*,*,#748,.T.);
#1003=ORIENTED_EDGE('',*,*,#749,.T.);
#1004=ORIENTED_EDGE('',*,*,#746,.F.);
#1005=ORIENTED_EDGE('',*,*,#686,.F.);
#1006=ORIENTED_EDGE('',*,*,#750,.T.);
#1007=ORIENTED_EDGE('',*,*,#751,.T.);
#1008=ORIENTED_EDGE('',*,*,#748,.F.);
#1009=ORIENTED_EDGE('',*,*,#685,.F.);
#1010=ORIENTED_EDGE('',*,*,#752,.T.);
#1011=ORIENTED_EDGE('',*,*,#753,.T.);
#1012=ORIENTED_EDGE('',*,*,#750,.F.);
#1013=ORIENTED_EDGE('',*,*,#684,.F.);
#1014=ORIENTED_EDGE('',*,*,#754,.T.);
#1015=ORIENTED_EDGE('',*,*,#755,.T.);
#1016=ORIENTED_EDGE('',*,*,#752,.F.);
#1017=ORIENTED_EDGE('',*,*,#683,.F.);
#1018=ORIENTED_EDGE('',*,*,#756,.T.);
#1019=ORIENTED_EDGE('',*,*,#757,.T.);
#1020=ORIENTED_EDGE('',*,*,#754,.F.);
#1021=ORIENTED_EDGE('',*,*,#682,.F.);
#1022=ORIENTED_EDGE('',*,*,#758,.T.);
#1023=ORIENTED_EDGE('',*,*,#759,.T.);
#1024=ORIENTED_EDGE('',*,*,#756,.F.);
#1025=ORIENTED_EDGE('',*,*,#681,.F.);
#1026=ORIENTED_EDGE('',*,*,#760,.T.);
#1027=ORIENTED_EDGE('',*,*,#761,.T.);
#1028=ORIENTED_EDGE('',*,*,#758,.F.);
#1029=ORIENTED_EDGE('',*,*,#680,.F.);
#1030=ORIENTED_EDGE('',*,*,#762,.T.);
#1031=ORIENTED_EDGE('',*,*,#763,.T.);
#1032=ORIENTED_EDGE('',*,*,#760,.F.);
#1033=ORIENTED_EDGE('',*,*,#679,.F.);
#1034=ORIENTED_EDGE('',*,*,#764,.T.);
#1035=ORIENTED_EDGE('',*,*,#765,.T.);
#1036=ORIENTED_EDGE('',*,*,#762,.F.);
#1037=ORIENTED_EDGE('',*,*,#678,.F.);
#1038=ORIENTED_EDGE('',*,*,#727,.T.);
#1039=ORIENTED_EDGE('',*,*,#766,.T.);
#1040=ORIENTED_EDGE('',*,*,#764,.F.);
#1041=ORIENTED_EDGE('',*,*,#766,.F.);
#1042=ORIENTED_EDGE('',*,*,#726,.F.);
#1043=ORIENTED_EDGE('',*,*,#729,.F.);
#1044=ORIENTED_EDGE('',*,*,#731,.F.);
#1045=ORIENTED_EDGE('',*,*,#733,.F.);
#1046=ORIENTED_EDGE('',*,*,#735,.F.);
#1047=ORIENTED_EDGE('',*,*,#737,.F.);
#1048=ORIENTED_EDGE('',*,*,#739,.F.);
#1049=ORIENTED_EDGE('',*,*,#741,.F.);
#1050=ORIENTED_EDGE('',*,*,#743,.F.);
#1051=ORIENTED_EDGE('',*,*,#745,.F.);
#1052=ORIENTED_EDGE('',*,*,#747,.F.);
#1053=ORIENTED_EDGE('',*,*,#749,.F.);
#1054=ORIENTED_EDGE('',*,*,#751,.F.);
#1055=ORIENTED_EDGE('',*,*,#753,.F.);
#1056=ORIENTED_EDGE('',*,*,#755,.F.);
#1057=ORIENTED_EDGE('',*,*,#757,.F.);
#1058=ORIENTED_EDGE('',*,*,#759,.F.);
#1059=ORIENTED_EDGE('',*,*,#761,.F.);
#1060=ORIENTED_EDGE('',*,*,#763,.F.);
#1061=ORIENTED_EDGE('',*,*,#765,.F.);
#1062=ORIENTED_EDGE('',*,*,#767,.F.);
#1063=ORIENTED_EDGE('',*,*,#768,.T.);
#1064=ORIENTED_EDGE('',*,*,#769,.T.);
#1065=ORIENTED_EDGE('',*,*,#770,.F.);
#1066=ORIENTED_EDGE('',*,*,#771,.F.);
#1067=ORIENTED_EDGE('',*,*,#772,.T.);
#1068=ORIENTED_EDGE('',*,*,#773,.T.);
#1069=ORIENTED_EDGE('',*,*,#768,.F.);
#1070=ORIENTED_EDGE('',*,*,#774,.F.);
#1071=ORIENTED_EDGE('',*,*,#775,.T.);
#1072=ORIENTED_EDGE('',*,*,#776,.T.);
#1073=ORIENTED_EDGE('',*,*,#772,.F.);
#1074=ORIENTED_EDGE('',*,*,#777,.F.);
#1075=ORIENTED_EDGE('',*,*,#778,.T.);
#1076=ORIENTED_EDGE('',*,*,#779,.T.);
#1077=ORIENTED_EDGE('',*,*,#775,.F.);
#1078=ORIENTED_EDGE('',*,*,#780,.F.);
#1079=ORIENTED_EDGE('',*,*,#781,.T.);
#1080=ORIENTED_EDGE('',*,*,#782,.T.);
#1081=ORIENTED_EDGE('',*,*,#778,.F.);
#1082=ORIENTED_EDGE('',*,*,#783,.F.);
#1083=ORIENTED_EDGE('',*,*,#784,.T.);
#1084=ORIENTED_EDGE('',*,*,#785,.T.);
#1085=ORIENTED_EDGE('',*,*,#781,.F.);
#1086=ORIENTED_EDGE('',*,*,#786,.F.);
#1087=ORIENTED_EDGE('',*,*,#787,.T.);
#1088=ORIENTED_EDGE('',*,*,#788,.T.);
#1089=ORIENTED_EDGE('',*,*,#784,.F.);
#1090=ORIENTED_EDGE('',*,*,#789,.F.);
#1091=ORIENTED_EDGE('',*,*,#790,.T.);
#1092=ORIENTED_EDGE('',*,*,#791,.T.);
#1093=ORIENTED_EDGE('',*,*,#787,.F.);
#1094=ORIENTED_EDGE('',*,*,#792,.F.);
#1095=ORIENTED_EDGE('',*,*,#770,.T.);
#1096=ORIENTED_EDGE('',*,*,#793,.T.);
#1097=ORIENTED_EDGE('',*,*,#790,.F.);
#1098=ORIENTED_EDGE('',*,*,#659,.F.);
#1099=ORIENTED_EDGE('',*,*,#794,.T.);
#1100=ORIENTED_EDGE('',*,*,#795,.T.);
#1101=ORIENTED_EDGE('',*,*,#796,.F.);
#1102=ORIENTED_EDGE('',*,*,#676,.F.);
#1103=ORIENTED_EDGE('',*,*,#797,.T.);
#1104=ORIENTED_EDGE('',*,*,#798,.T.);
#1105=ORIENTED_EDGE('',*,*,#794,.F.);
#1106=ORIENTED_EDGE('',*,*,#675,.F.);
#1107=ORIENTED_EDGE('',*,*,#799,.T.);
#1108=ORIENTED_EDGE('',*,*,#800,.T.);
#1109=ORIENTED_EDGE('',*,*,#797,.F.);
#1110=ORIENTED_EDGE('',*,*,#674,.F.);
#1111=ORIENTED_EDGE('',*,*,#801,.T.);
#1112=ORIENTED_EDGE('',*,*,#802,.T.);
#1113=ORIENTED_EDGE('',*,*,#799,.F.);
#1114=ORIENTED_EDGE('',*,*,#673,.F.);
#1115=ORIENTED_EDGE('',*,*,#803,.T.);
#1116=ORIENTED_EDGE('',*,*,#804,.T.);
#1117=ORIENTED_EDGE('',*,*,#801,.F.);
#1118=ORIENTED_EDGE('',*,*,#672,.F.);
#1119=ORIENTED_EDGE('',*,*,#805,.T.);
#1120=ORIENTED_EDGE('',*,*,#806,.T.);
#1121=ORIENTED_EDGE('',*,*,#803,.F.);
#1122=ORIENTED_EDGE('',*,*,#671,.F.);
#1123=ORIENTED_EDGE('',*,*,#807,.T.);
#1124=ORIENTED_EDGE('',*,*,#808,.T.);
#1125=ORIENTED_EDGE('',*,*,#805,.F.);
#1126=ORIENTED_EDGE('',*,*,#670,.F.);
#1127=ORIENTED_EDGE('',*,*,#809,.T.);
#1128=ORIENTED_EDGE('',*,*,#810,.T.);
#1129=ORIENTED_EDGE('',*,*,#807,.F.);
#1130=ORIENTED_EDGE('',*,*,#669,.F.);
#1131=ORIENTED_EDGE('',*,*,#811,.T.);
#1132=ORIENTED_EDGE('',*,*,#812,.T.);
#1133=ORIENTED_EDGE('',*,*,#809,.F.);
#1134=ORIENTED_EDGE('',*,*,#668,.F.);
#1135=ORIENTED_EDGE('',*,*,#813,.T.);
#1136=ORIENTED_EDGE('',*,*,#814,.T.);
#1137=ORIENTED_EDGE('',*,*,#811,.F.);
#1138=ORIENTED_EDGE('',*,*,#667,.F.);
#1139=ORIENTED_EDGE('',*,*,#815,.T.);
#1140=ORIENTED_EDGE('',*,*,#816,.T.);
#1141=ORIENTED_EDGE('',*,*,#813,.F.);
#1142=ORIENTED_EDGE('',*,*,#666,.F.);
#1143=ORIENTED_EDGE('',*,*,#817,.T.);
#1144=ORIENTED_EDGE('',*,*,#818,.T.);
#1145=ORIENTED_EDGE('',*,*,#815,.F.);
#1146=ORIENTED_EDGE('',*,*,#665,.F.);
#1147=ORIENTED_EDGE('',*,*,#819,.T.);
#1148=ORIENTED_EDGE('',*,*,#820,.T.);
#1149=ORIENTED_EDGE('',*,*,#817,.F.);
#1150=ORIENTED_EDGE('',*,*,#664,.F.);
#1151=ORIENTED_EDGE('',*,*,#821,.T.);
#1152=ORIENTED_EDGE('',*,*,#822,.T.);
#1153=ORIENTED_EDGE('',*,*,#819,.F.);
#1154=ORIENTED_EDGE('',*,*,#663,.F.);
#1155=ORIENTED_EDGE('',*,*,#823,.T.);
#1156=ORIENTED_EDGE('',*,*,#824,.T.);
#1157=ORIENTED_EDGE('',*,*,#821,.F.);
#1158=ORIENTED_EDGE('',*,*,#662,.F.);
#1159=ORIENTED_EDGE('',*,*,#825,.T.);
#1160=ORIENTED_EDGE('',*,*,#826,.T.);
#1161=ORIENTED_EDGE('',*,*,#823,.F.);
#1162=ORIENTED_EDGE('',*,*,#661,.F.);
#1163=ORIENTED_EDGE('',*,*,#827,.T.);
#1164=ORIENTED_EDGE('',*,*,#828,.T.);
#1165=ORIENTED_EDGE('',*,*,#825,.F.);
#1166=ORIENTED_EDGE('',*,*,#660,.F.);
#1167=ORIENTED_EDGE('',*,*,#796,.T.);
#1168=ORIENTED_EDGE('',*,*,#829,.T.);
#1169=ORIENTED_EDGE('',*,*,#827,.F.);
#1170=ORIENTED_EDGE('',*,*,#829,.F.);
#1171=ORIENTED_EDGE('',*,*,#795,.F.);
#1172=ORIENTED_EDGE('',*,*,#798,.F.);
#1173=ORIENTED_EDGE('',*,*,#800,.F.);
#1174=ORIENTED_EDGE('',*,*,#802,.F.);
#1175=ORIENTED_EDGE('',*,*,#804,.F.);
#1176=ORIENTED_EDGE('',*,*,#806,.F.);
#1177=ORIENTED_EDGE('',*,*,#808,.F.);
#1178=ORIENTED_EDGE('',*,*,#810,.F.);
#1179=ORIENTED_EDGE('',*,*,#812,.F.);
#1180=ORIENTED_EDGE('',*,*,#814,.F.);
#1181=ORIENTED_EDGE('',*,*,#816,.F.);
#1182=ORIENTED_EDGE('',*,*,#818,.F.);
#1183=ORIENTED_EDGE('',*,*,#820,.F.);
#1184=ORIENTED_EDGE('',*,*,#822,.F.);
#1185=ORIENTED_EDGE('',*,*,#824,.F.);
#1186=ORIENTED_EDGE('',*,*,#826,.F.);
#1187=ORIENTED_EDGE('',*,*,#828,.F.);
#1188=ORIENTED_EDGE('',*,*,#793,.F.);
#1189=ORIENTED_EDGE('',*,*,#769,.F.);
#1190=ORIENTED_EDGE('',*,*,#773,.F.);
#1191=ORIENTED_EDGE('',*,*,#776,.F.);
#1192=ORIENTED_EDGE('',*,*,#779,.F.);
#1193=ORIENTED_EDGE('',*,*,#782,.F.);
#1194=ORIENTED_EDGE('',*,*,#785,.F.);
#1195=ORIENTED_EDGE('',*,*,#788,.F.);
#1196=ORIENTED_EDGE('',*,*,#791,.F.);
#1197=ORIENTED_EDGE('',*,*,#653,.F.);
#1198=ORIENTED_EDGE('',*,*,#655,.T.);
#1199=ORIENTED_EDGE('',*,*,#708,.T.);
#1200=ORIENTED_EDGE('',*,*,#649,.F.);
#1201=ORIENTED_EDGE('',*,*,#641,.F.);
#1202=ORIENTED_EDGE('',*,*,#658,.T.);
#1203=ORIENTED_EDGE('',*,*,#707,.F.);
#1204=ORIENTED_EDGE('',*,*,#645,.F.);
#1205=ORIENTED_EDGE('',*,*,#767,.T.);
#1206=ORIENTED_EDGE('',*,*,#792,.T.);
#1207=ORIENTED_EDGE('',*,*,#789,.T.);
#1208=ORIENTED_EDGE('',*,*,#786,.T.);
#1209=ORIENTED_EDGE('',*,*,#783,.T.);
#1210=ORIENTED_EDGE('',*,*,#780,.T.);
#1211=ORIENTED_EDGE('',*,*,#777,.T.);
#1212=ORIENTED_EDGE('',*,*,#774,.T.);
#1213=ORIENTED_EDGE('',*,*,#771,.T.);
#1214=PLANE('',#1331);
#1215=PLANE('',#1332);
#1216=PLANE('',#1333);
#1217=PLANE('',#1335);
#1218=PLANE('',#1336);
#1219=PLANE('',#1338);
#1220=PLANE('',#1339);
#1221=PLANE('',#1341);
#1222=PLANE('',#1342);
#1223=PLANE('',#1343);
#1224=PLANE('',#1344);
#1225=PLANE('',#1345);
#1226=PLANE('',#1346);
#1227=PLANE('',#1347);
#1228=PLANE('',#1348);
#1229=PLANE('',#1349);
#1230=PLANE('',#1350);
#1231=PLANE('',#1351);
#1232=PLANE('',#1352);
#1233=PLANE('',#1353);
#1234=PLANE('',#1354);
#1235=PLANE('',#1355);
#1236=PLANE('',#1356);
#1237=PLANE('',#1357);
#1238=PLANE('',#1358);
#1239=PLANE('',#1359);
#1240=PLANE('',#1360);
#1241=PLANE('',#1361);
#1242=PLANE('',#1362);
#1243=PLANE('',#1363);
#1244=PLANE('',#1364);
#1245=PLANE('',#1365);
#1246=PLANE('',#1366);
#1247=ADVANCED_FACE('',(#130),#1214,.T.);
#1248=ADVANCED_FACE('',(#131),#1215,.T.);
#1249=ADVANCED_FACE('',(#132),#1216,.T.);
#1250=ADVANCED_FACE('',(#133),#1217,.T.);
#1251=ADVANCED_FACE('',(#134,#52,#53,#54),#1218,.T.);
#1252=ADVANCED_FACE('',(#135),#1219,.T.);
#1253=ADVANCED_FACE('',(#136),#1220,.T.);
#1254=ADVANCED_FACE('',(#137),#51,.F.);
#1255=ADVANCED_FACE('',(#138),#1221,.F.);
#1256=ADVANCED_FACE('',(#139),#15,.F.);
#1257=ADVANCED_FACE('',(#140),#16,.F.);
#1258=ADVANCED_FACE('',(#141),#1222,.F.);
#1259=ADVANCED_FACE('',(#142),#17,.F.);
#1260=ADVANCED_FACE('',(#143),#1223,.F.);
#1261=ADVANCED_FACE('',(#144),#1224,.F.);
#1262=ADVANCED_FACE('',(#145),#1225,.F.);
#1263=ADVANCED_FACE('',(#146),#1226,.T.);
#1264=ADVANCED_FACE('',(#147),#18,.F.);
#1265=ADVANCED_FACE('',(#148),#19,.F.);
#1266=ADVANCED_FACE('',(#149),#20,.F.);
#1267=ADVANCED_FACE('',(#150),#21,.F.);
#1268=ADVANCED_FACE('',(#151),#22,.F.);
#1269=ADVANCED_FACE('',(#152),#23,.F.);
#1270=ADVANCED_FACE('',(#153),#24,.F.);
#1271=ADVANCED_FACE('',(#154),#25,.F.);
#1272=ADVANCED_FACE('',(#155),#26,.F.);
#1273=ADVANCED_FACE('',(#156),#1227,.F.);
#1274=ADVANCED_FACE('',(#157),#27,.F.);
#1275=ADVANCED_FACE('',(#158),#28,.F.);
#1276=ADVANCED_FACE('',(#159),#29,.F.);
#1277=ADVANCED_FACE('',(#160),#30,.F.);
#1278=ADVANCED_FACE('',(#161),#31,.F.);
#1279=ADVANCED_FACE('',(#162),#32,.F.);
#1280=ADVANCED_FACE('',(#163),#33,.F.);
#1281=ADVANCED_FACE('',(#164),#34,.F.);
#1282=ADVANCED_FACE('',(#165),#1228,.F.);
#1283=ADVANCED_FACE('',(#166),#1229,.F.);
#1284=ADVANCED_FACE('',(#167),#1230,.F.);
#1285=ADVANCED_FACE('',(#168),#1231,.T.);
#1286=ADVANCED_FACE('',(#169),#1232,.F.);
#1287=ADVANCED_FACE('',(#170),#35,.F.);
#1288=ADVANCED_FACE('',(#171),#36,.F.);
#1289=ADVANCED_FACE('',(#172),#37,.F.);
#1290=ADVANCED_FACE('',(#173),#38,.F.);
#1291=ADVANCED_FACE('',(#174),#39,.F.);
#1292=ADVANCED_FACE('',(#175),#40,.F.);
#1293=ADVANCED_FACE('',(#176),#1233,.F.);
#1294=ADVANCED_FACE('',(#177),#1234,.F.);
#1295=ADVANCED_FACE('',(#178),#1235,.F.);
#1296=ADVANCED_FACE('',(#179),#1236,.F.);
#1297=ADVANCED_FACE('',(#180),#41,.F.);
#1298=ADVANCED_FACE('',(#181),#42,.F.);
#1299=ADVANCED_FACE('',(#182),#43,.F.);
#1300=ADVANCED_FACE('',(#183),#1237,.F.);
#1301=ADVANCED_FACE('',(#184),#1238,.F.);
#1302=ADVANCED_FACE('',(#185),#1239,.F.);
#1303=ADVANCED_FACE('',(#186),#44,.F.);
#1304=ADVANCED_FACE('',(#187),#45,.F.);
#1305=ADVANCED_FACE('',(#188),#46,.F.);
#1306=ADVANCED_FACE('',(#189),#47,.F.);
#1307=ADVANCED_FACE('',(#190),#48,.F.);
#1308=ADVANCED_FACE('',(#191),#49,.F.);
#1309=ADVANCED_FACE('',(#192),#50,.F.);
#1310=ADVANCED_FACE('',(#193),#1240,.F.);
#1311=ADVANCED_FACE('',(#194),#1241,.F.);
#1312=ADVANCED_FACE('',(#195),#1242,.F.);
#1313=ADVANCED_FACE('',(#196,#55),#1243,.T.);
#1314=ADVANCED_FACE('',(#197),#1244,.T.);
#1315=ADVANCED_FACE('',(#198),#1245,.T.);
#1316=ADVANCED_FACE('',(#199),#1246,.T.);
#1317=CLOSED_SHELL('',(#1247,#1248,#1249,#1250,#1251,#1252,#1253,#1254,
#1255,#1256,#1257,#1258,#1259,#1260,#1261,#1262,#1263,#1264,#1265,#1266,
#1267,#1268,#1269,#1270,#1271,#1272,#1273,#1274,#1275,#1276,#1277,#1278,
#1279,#1280,#1281,#1282,#1283,#1284,#1285,#1286,#1287,#1288,#1289,#1290,
#1291,#1292,#1293,#1294,#1295,#1296,#1297,#1298,#1299,#1300,#1301,#1302,
#1303,#1304,#1305,#1306,#1307,#1308,#1309,#1310,#1311,#1312,#1313,#1314,
#1315,#1316));
#1318=DERIVED_UNIT_ELEMENT(#1320,1.);
#1319=DERIVED_UNIT_ELEMENT(#2567,-3.);
#1320=(
MASS_UNIT()
NAMED_UNIT(*)
SI_UNIT(.KILO.,.GRAM.)
);
#1321=DERIVED_UNIT((#1318,#1319));
#1322=MEASURE_REPRESENTATION_ITEM('density measure',
POSITIVE_RATIO_MEASURE(7850.),#1321);
#1323=PROPERTY_DEFINITION_REPRESENTATION(#1328,#1325);
#1324=PROPERTY_DEFINITION_REPRESENTATION(#1329,#1326);
#1325=REPRESENTATION('material name',(#1327),#2564);
#1326=REPRESENTATION('density',(#1322),#2564);
#1327=DESCRIPTIVE_REPRESENTATION_ITEM('Steel','Steel');
#1328=PROPERTY_DEFINITION('material property','material name',#2574);
#1329=PROPERTY_DEFINITION('material property','density of part',#2574);
#1330=AXIS2_PLACEMENT_3D('',#1559,#1367,#1368);
#1331=AXIS2_PLACEMENT_3D('',#1560,#1369,#1370);
#1332=AXIS2_PLACEMENT_3D('',#1569,#1375,#1376);
#1333=AXIS2_PLACEMENT_3D('',#1575,#1380,#1381);
#1334=AXIS2_PLACEMENT_3D('',#1586,#1387,#1388);
#1335=AXIS2_PLACEMENT_3D('',#1587,#1389,#1390);
#1336=AXIS2_PLACEMENT_3D('',#1593,#1394,#1395);
#1337=AXIS2_PLACEMENT_3D('',#1595,#1396,#1397);
#1338=AXIS2_PLACEMENT_3D('',#1816,#1419,#1420);
#1339=AXIS2_PLACEMENT_3D('',#1818,#1422,#1423);
#1340=AXIS2_PLACEMENT_3D('',#1820,#1425,#1426);
#1341=AXIS2_PLACEMENT_3D('',#1822,#1428,#1429);
#1342=AXIS2_PLACEMENT_3D('',#1862,#1435,#1436);
#1343=AXIS2_PLACEMENT_3D('',#1883,#1440,#1441);
#1344=AXIS2_PLACEMENT_3D('',#1887,#1444,#1445);
#1345=AXIS2_PLACEMENT_3D('',#1891,#1448,#1449);
#1346=AXIS2_PLACEMENT_3D('',#1893,#1451,#1452);
#1347=AXIS2_PLACEMENT_3D('',#2049,#1463,#1464);
#1348=AXIS2_PLACEMENT_3D('',#2189,#1475,#1476);
#1349=AXIS2_PLACEMENT_3D('',#2193,#1479,#1480);
#1350=AXIS2_PLACEMENT_3D('',#2197,#1483,#1484);
#1351=AXIS2_PLACEMENT_3D('',#2199,#1486,#1487);
#1352=AXIS2_PLACEMENT_3D('',#2200,#1488,#1489);
#1353=AXIS2_PLACEMENT_3D('',#2347,#1500,#1501);
#1354=AXIS2_PLACEMENT_3D('',#2353,#1505,#1506);
#1355=AXIS2_PLACEMENT_3D('',#2356,#1509,#1510);
#1356=AXIS2_PLACEMENT_3D('',#2362,#1514,#1515);
#1357=AXIS2_PLACEMENT_3D('',#2417,#1521,#1522);
#1358=AXIS2_PLACEMENT_3D('',#2421,#1525,#1526);
#1359=AXIS2_PLACEMENT_3D('',#2425,#1529,#1530);
#1360=AXIS2_PLACEMENT_3D('',#2548,#1540,#1541);
#1361=AXIS2_PLACEMENT_3D('',#2552,#1544,#1545);
#1362=AXIS2_PLACEMENT_3D('',#2556,#1548,#1549);
#1363=AXIS2_PLACEMENT_3D('',#2558,#1551,#1552);
#1364=AXIS2_PLACEMENT_3D('',#2559,#1553,#1554);
#1365=AXIS2_PLACEMENT_3D('',#2560,#1555,#1556);
#1366=AXIS2_PLACEMENT_3D('',#2561,#1557,#1558);
#1367=DIRECTION('axis',(0.,0.,1.));
#1368=DIRECTION('refdir',(1.,0.,0.));
#1369=DIRECTION('center_axis',(0.707106781186546,0.707106781186549,0.));
#1370=DIRECTION('ref_axis',(0.,0.,-1.));
#1371=DIRECTION('',(-0.707106781186549,0.707106781186546,0.));
#1372=DIRECTION('',(0.,0.,1.));
#1373=DIRECTION('',(0.707106781186549,-0.707106781186546,0.));
#1374=DIRECTION('',(0.,0.,-1.));
#1375=DIRECTION('center_axis',(0.,1.,0.));
#1376=DIRECTION('ref_axis',(1.,0.,0.));
#1377=DIRECTION('',(1.,0.,0.));
#1378=DIRECTION('',(0.,0.,1.));
#1379=DIRECTION('',(1.,0.,0.));
#1380=DIRECTION('center_axis',(0.,0.,-1.));
#1381=DIRECTION('ref_axis',(-1.,0.,0.));
#1382=DIRECTION('',(0.,-1.,0.));
#1383=DIRECTION('',(0.707106781186547,0.707106781186548,0.));
#1384=DIRECTION('',(-1.,0.,0.));
#1385=DIRECTION('',(0.707106786454904,-0.707106775918191,0.));
#1386=DIRECTION('',(-1.49011611938477E-8,1.,0.));
#1387=DIRECTION('center_axis',(0.,0.,1.));
#1388=DIRECTION('ref_axis',(-1.,0.,0.));
#1389=DIRECTION('center_axis',(-0.707106775918191,-0.707106786454904,0.));
#1390=DIRECTION('ref_axis',(0.,0.,1.));
#1391=DIRECTION('',(0.,0.,1.));
#1392=DIRECTION('',(-0.707106786454904,0.707106775918191,0.));
#1393=DIRECTION('',(0.,0.,-1.));
#1394=DIRECTION('center_axis',(0.,0.,1.));
#1395=DIRECTION('ref_axis',(1.,0.,0.));
#1396=DIRECTION('center_axis',(0.,0.,-1.));
#1397=DIRECTION('ref_axis',(-1.,0.,0.));
#1398=DIRECTION('',(-1.49011611938477E-8,1.,0.));
#1399=DIRECTION('',(-1.,0.,0.));
#1400=DIRECTION('',(-0.707106781186547,-0.707106781186548,0.));
#1401=DIRECTION('',(0.,-1.,0.));
#1402=DIRECTION('',(-0.00362015454037838,-0.999993447219082,0.));
#1403=DIRECTION('',(-0.999993447219082,0.00362015454037839,0.));
#1404=DIRECTION('',(0.00362015454037841,0.999993447219082,0.));
#1405=DIRECTION('',(0.999993447219082,-0.00362015454037848,0.));
#1406=DIRECTION('',(0.52745952721964,-0.84958015934062,0.));
#1407=DIRECTION('',(-0.999993447219082,0.00362015454037869,0.));
#1408=DIRECTION('',(-0.554090951440179,0.832456135500314,0.));
#1409=DIRECTION('',(-0.999993447219082,0.003620154540377,0.));
#1410=DIRECTION('',(0.999993447219082,-0.00362015454037847,0.));
#1411=DIRECTION('',(-0.00362015454037838,-0.999993447219082,0.));
#1412=DIRECTION('',(-0.999993447219082,0.00362015454037859,0.));
#1413=DIRECTION('',(-0.994670435049785,0.103105410322989,0.));
#1414=DIRECTION('',(0.999993447219082,-0.00362015454037826,0.));
#1415=DIRECTION('',(-0.00362015454037837,-0.999993447219082,0.));
#1416=DIRECTION('',(-0.999993447219082,0.00362015454037874,0.));
#1417=DIRECTION('',(0.00362015454037828,0.999993447219082,0.));
#1418=DIRECTION('',(0.0036201545403788,0.999993447219082,0.));
#1419=DIRECTION('center_axis',(0.,-1.,0.));
#1420=DIRECTION('ref_axis',(-1.,0.,0.));
#1421=DIRECTION('',(0.,0.,-1.));
#1422=DIRECTION('center_axis',(0.707106781186548,-0.707106781186547,0.));
#1423=DIRECTION('ref_axis',(0.,0.,-1.));
#1424=DIRECTION('',(0.,0.,1.));
#1425=DIRECTION('center_axis',(0.,0.,-1.));
#1426=DIRECTION('ref_axis',(-1.,0.,0.));
#1427=DIRECTION('',(0.,0.,-1.));
#1428=DIRECTION('center_axis',(0.00362015454037826,0.999993447219082,0.));
#1429=DIRECTION('ref_axis',(0.999993447219082,-0.00362015454037826,0.));
#1430=DIRECTION('',(0.,0.,-1.));
#1431=DIRECTION('',(0.999993447219082,-0.00362015454037826,0.));
#1432=DIRECTION('',(0.,0.,-1.));
#1433=DIRECTION('',(0.,0.,-1.));
#1434=DIRECTION('',(0.,0.,-1.));
#1435=DIRECTION('center_axis',(-0.999993447219082,0.0036201545403788,0.));
#1436=DIRECTION('ref_axis',(0.0036201545403788,0.999993447219082,0.));
#1437=DIRECTION('',(0.,0.,-1.));
#1438=DIRECTION('',(0.0036201545403788,0.999993447219082,0.));
#1439=DIRECTION('',(0.,0.,-1.));
#1440=DIRECTION('center_axis',(-0.999993447219082,0.00362015454037828,0.));
#1441=DIRECTION('ref_axis',(0.00362015454037828,0.999993447219082,0.));
#1442=DIRECTION('',(0.,0.,-1.));
#1443=DIRECTION('',(0.00362015454037828,0.999993447219082,0.));
#1444=DIRECTION('center_axis',(-0.00362015454037874,-0.999993447219082,
0.));
#1445=DIRECTION('ref_axis',(-0.999993447219082,0.00362015454037874,0.));
#1446=DIRECTION('',(0.,0.,-1.));
#1447=DIRECTION('',(-0.999993447219082,0.00362015454037874,0.));
#1448=DIRECTION('center_axis',(0.999993447219082,-0.00362015454037837,0.));
#1449=DIRECTION('ref_axis',(-0.00362015454037837,-0.999993447219082,0.));
#1450=DIRECTION('',(-0.00362015454037837,-0.999993447219082,0.));
#1451=DIRECTION('center_axis',(0.,0.,1.));
#1452=DIRECTION('ref_axis',(1.,0.,0.));
#1453=DIRECTION('',(0.,0.,-1.));
#1454=DIRECTION('',(0.,0.,-1.));
#1455=DIRECTION('',(0.,0.,-1.));
#1456=DIRECTION('',(0.,0.,-1.));
#1457=DIRECTION('',(0.,0.,-1.));
#1458=DIRECTION('',(0.,0.,-1.));
#1459=DIRECTION('',(0.,0.,-1.));
#1460=DIRECTION('',(0.,0.,-1.));
#1461=DIRECTION('',(0.,0.,-1.));
#1462=DIRECTION('',(0.,0.,-1.));
#1463=DIRECTION('center_axis',(-0.103105410322989,-0.994670435049785,0.));
#1464=DIRECTION('ref_axis',(-0.994670435049785,0.103105410322989,0.));
#1465=DIRECTION('',(0.,0.,-1.));
#1466=DIRECTION('',(-0.994670435049785,0.103105410322989,0.));
#1467=DIRECTION('',(0.,0.,-1.));
#1468=DIRECTION('',(0.,0.,-1.));
#1469=DIRECTION('',(0.,0.,-1.));
#1470=DIRECTION('',(0.,0.,-1.));
#1471=DIRECTION('',(0.,0.,-1.));
#1472=DIRECTION('',(0.,0.,-1.));
#1473=DIRECTION('',(0.,0.,-1.));
#1474=DIRECTION('',(0.,0.,-1.));
#1475=DIRECTION('center_axis',(-0.00362015454037859,-0.999993447219082,
0.));
#1476=DIRECTION('ref_axis',(-0.999993447219082,0.00362015454037859,0.));
#1477=DIRECTION('',(0.,0.,-1.));
#1478=DIRECTION('',(-0.999993447219082,0.00362015454037859,0.));
#1479=DIRECTION('center_axis',(0.999993447219082,-0.00362015454037838,0.));
#1480=DIRECTION('ref_axis',(-0.00362015454037838,-0.999993447219082,0.));
#1481=DIRECTION('',(0.,0.,-1.));
#1482=DIRECTION('',(-0.00362015454037838,-0.999993447219082,0.));
#1483=DIRECTION('center_axis',(0.00362015454037847,0.999993447219082,0.));
#1484=DIRECTION('ref_axis',(0.999993447219082,-0.00362015454037847,0.));
#1485=DIRECTION('',(0.999993447219082,-0.00362015454037847,0.));
#1486=DIRECTION('center_axis',(0.,0.,1.));
#1487=DIRECTION('ref_axis',(1.,0.,0.));
#1488=DIRECTION('center_axis',(-0.0036201545403791,-0.999993447219082,0.));
#1489=DIRECTION('ref_axis',(-0.999993447219082,0.0036201545403791,0.));
#1490=DIRECTION('',(-0.999993447219082,0.0036201545403791,0.));
#1491=DIRECTION('',(0.,0.,-1.));
#1492=DIRECTION('',(-0.999993447219082,0.0036201545403791,0.));
#1493=DIRECTION('',(0.,0.,-1.));
#1494=DIRECTION('',(0.,0.,-1.));
#1495=DIRECTION('',(0.,0.,-1.));
#1496=DIRECTION('',(0.,0.,-1.));
#1497=DIRECTION('',(0.,0.,-1.));
#1498=DIRECTION('',(0.,0.,-1.));
#1499=DIRECTION('',(0.,0.,-1.));
#1500=DIRECTION('center_axis',(0.00362015454037866,0.999993447219082,0.));
#1501=DIRECTION('ref_axis',(0.999993447219082,-0.00362015454037866,0.));
#1502=DIRECTION('',(0.999993447219082,-0.00362015454037866,0.));
#1503=DIRECTION('',(0.,0.,-1.));
#1504=DIRECTION('',(0.999993447219082,-0.00362015454037866,0.));
#1505=DIRECTION('center_axis',(0.999993447219082,-0.00362015454037793,0.));
#1506=DIRECTION('ref_axis',(-0.00362015454037793,-0.999993447219082,0.));
#1507=DIRECTION('',(-0.00362015454037793,-0.999993447219082,0.));
#1508=DIRECTION('',(-0.00362015454037793,-0.999993447219082,0.));
#1509=DIRECTION('center_axis',(0.999993447219082,-0.00362015454037838,0.));
#1510=DIRECTION('ref_axis',(-0.00362015454037838,-0.999993447219082,0.));
#1511=DIRECTION('',(0.,0.,-1.));
#1512=DIRECTION('',(-0.00362015454037838,-0.999993447219082,0.));
#1513=DIRECTION('',(0.,0.,-1.));
#1514=DIRECTION('center_axis',(-0.003620154540377,-0.999993447219082,0.));
#1515=DIRECTION('ref_axis',(-0.999993447219082,0.003620154540377,0.));
#1516=DIRECTION('',(0.,0.,-1.));
#1517=DIRECTION('',(-0.999993447219082,0.003620154540377,0.));
#1518=DIRECTION('',(0.,0.,-1.));
#1519=DIRECTION('',(0.,0.,-1.));
#1520=DIRECTION('',(0.,0.,-1.));
#1521=DIRECTION('center_axis',(-0.832456135500314,-0.554090951440179,0.));
#1522=DIRECTION('ref_axis',(-0.554090951440179,0.832456135500314,0.));
#1523=DIRECTION('',(0.,0.,-1.));
#1524=DIRECTION('',(-0.554090951440179,0.832456135500314,0.));
#1525=DIRECTION('center_axis',(-0.00362015454037869,-0.999993447219082,
0.));
#1526=DIRECTION('ref_axis',(-0.999993447219082,0.00362015454037869,0.));
#1527=DIRECTION('',(0.,0.,-1.));
#1528=DIRECTION('',(-0.999993447219082,0.00362015454037869,0.));
#1529=DIRECTION('center_axis',(0.84958015934062,0.52745952721964,0.));
#1530=DIRECTION('ref_axis',(0.52745952721964,-0.84958015934062,0.));
#1531=DIRECTION('',(0.,0.,-1.));
#1532=DIRECTION('',(0.52745952721964,-0.84958015934062,0.));
#1533=DIRECTION('',(0.,0.,-1.));
#1534=DIRECTION('',(0.,0.,-1.));
#1535=DIRECTION('',(0.,0.,-1.));
#1536=DIRECTION('',(0.,0.,-1.));
#1537=DIRECTION('',(0.,0.,-1.));
#1538=DIRECTION('',(0.,0.,-1.));
#1539=DIRECTION('',(0.,0.,-1.));
#1540=DIRECTION('center_axis',(0.00362015454037848,0.999993447219082,0.));
#1541=DIRECTION('ref_axis',(0.999993447219082,-0.00362015454037848,0.));
#1542=DIRECTION('',(0.,0.,-1.));
#1543=DIRECTION('',(0.999993447219082,-0.00362015454037848,0.));
#1544=DIRECTION('center_axis',(-0.999993447219082,0.00362015454037841,0.));
#1545=DIRECTION('ref_axis',(0.00362015454037841,0.999993447219082,0.));
#1546=DIRECTION('',(0.,0.,-1.));
#1547=DIRECTION('',(0.00362015454037841,0.999993447219082,0.));
#1548=DIRECTION('center_axis',(-0.00362015454037839,-0.999993447219082,
0.));
#1549=DIRECTION('ref_axis',(-0.999993447219082,0.00362015454037839,0.));
#1550=DIRECTION('',(-0.999993447219082,0.00362015454037839,0.));
#1551=DIRECTION('center_axis',(0.,0.,1.));
#1552=DIRECTION('ref_axis',(1.,0.,0.));
#1553=DIRECTION('center_axis',(-1.,-1.49011611938477E-8,0.));
#1554=DIRECTION('ref_axis',(-1.49011611938477E-8,1.,0.));
#1555=DIRECTION('center_axis',(1.,0.,0.));
#1556=DIRECTION('ref_axis',(0.,-1.,0.));
#1557=DIRECTION('center_axis',(0.,0.,1.));
#1558=DIRECTION('ref_axis',(1.,0.,0.));
#1559=CARTESIAN_POINT('',(0.,0.,0.));
#1560=CARTESIAN_POINT('Origin',(-0.5,34.5,0.));
#1561=CARTESIAN_POINT('',(0.,34.,-2.));
#1562=CARTESIAN_POINT('',(-1.,35.,-2.));
#1563=CARTESIAN_POINT('',(-0.500000065192598,34.5000000651926,-2.));
#1564=CARTESIAN_POINT('',(-1.,35.,0.));
#1565=CARTESIAN_POINT('',(-1.,35.,0.));
#1566=CARTESIAN_POINT('',(0.,34.,0.));
#1567=CARTESIAN_POINT('',(-0.500000065192598,34.5000000651926,0.));
#1568=CARTESIAN_POINT('',(0.,34.,0.));
#1569=CARTESIAN_POINT('Origin',(-35.0000005215406,35.,0.));
#1570=CARTESIAN_POINT('',(-14.0000005215406,35.,-2.));
#1571=CARTESIAN_POINT('',(-35.0000005215406,35.,-2.));
#1572=CARTESIAN_POINT('',(-14.0000005215406,35.,0.));
#1573=CARTESIAN_POINT('',(-14.0000005215406,35.,0.));
#1574=CARTESIAN_POINT('',(-35.0000005215406,35.,0.));
#1575=CARTESIAN_POINT('Origin',(-17.5000002607703,17.5,-2.));
#1576=CARTESIAN_POINT('',(0.,1.,-2.));
#1577=CARTESIAN_POINT('',(0.,35.,-2.));
#1578=CARTESIAN_POINT('',(-1.,0.,-2.));
#1579=CARTESIAN_POINT('',(-0.500000065192576,0.499999934807424,-2.));
#1580=CARTESIAN_POINT('',(-34.,0.,-2.));
#1581=CARTESIAN_POINT('',(0.,0.,-2.));
#1582=CARTESIAN_POINT('',(-35.0000000149012,1.,-2.));
#1583=CARTESIAN_POINT('',(-34.5000000074506,0.5,-2.));
#1584=CARTESIAN_POINT('',(-35.0000002086163,14.,-2.));
#1585=CARTESIAN_POINT('',(-35.,0.,-2.));
#1586=CARTESIAN_POINT('Origin',(-35.0000005215406,35.,-2.));
#1587=CARTESIAN_POINT('Origin',(-34.5000000074506,0.5,0.));
#1588=CARTESIAN_POINT('',(-34.,0.,0.));
#1589=CARTESIAN_POINT('',(-34.,0.,0.));
#1590=CARTESIAN_POINT('',(-35.0000000149012,1.,0.));
#1591=CARTESIAN_POINT('',(-34.5000000074506,0.5,0.));
#1592=CARTESIAN_POINT('',(-35.0000000149012,1.,0.));
#1593=CARTESIAN_POINT('Origin',(-17.5000002607703,17.5,0.));
#1594=CARTESIAN_POINT('',(-35.0000002086163,14.,0.));
#1595=CARTESIAN_POINT('Origin',(-35.0000005215406,35.,0.));
#1596=CARTESIAN_POINT('',(-35.,0.,0.));
#1597=CARTESIAN_POINT('',(-1.,0.,0.));
#1598=CARTESIAN_POINT('',(0.,0.,0.));
#1599=CARTESIAN_POINT('',(0.,1.,0.));
#1600=CARTESIAN_POINT('',(-0.500000065192576,0.499999934807424,0.));
#1601=CARTESIAN_POINT('',(0.,35.,0.));
#1602=CARTESIAN_POINT('',(-15.8312027303608,5.90119163467797,0.));
#1603=CARTESIAN_POINT('',(-15.8401967813848,3.4167694953166,0.));
#1604=CARTESIAN_POINT('',(-15.8102190637801,11.6974991804532,0.));
#1605=CARTESIAN_POINT('',(-17.0418127718788,3.42111955940539,0.));
#1606=CARTESIAN_POINT('',(-16.6955792131703,3.41986613220237,0.));
#1607=CARTESIAN_POINT('',(-17.0202681991536,9.37236592417989,0.));
#1608=CARTESIAN_POINT('',(-17.0163320797861,10.4596381748613,0.));
#1609=CARTESIAN_POINT('',(-14.491191558368,9.36321021590043,0.));
#1610=CARTESIAN_POINT('',(-17.274842635692,9.37328752902126,0.));
#1611=CARTESIAN_POINT('',(-13.1054483296109,9.19784113202468,0.));
#1612=CARTESIAN_POINT('Ctrl Pts',(-14.491191558368,9.36321021590043,0.));
#1613=CARTESIAN_POINT('Ctrl Pts',(-14.2149767463002,9.36182767210644,0.));
#1614=CARTESIAN_POINT('Ctrl Pts',(-13.7459903335049,9.35948024457486,0.));
#1615=CARTESIAN_POINT('Ctrl Pts',(-13.2920396589196,9.24492696979278,0.));
#1616=CARTESIAN_POINT('Ctrl Pts',(-13.1054483296109,9.19784113202468,0.));
#1617=CARTESIAN_POINT('',(-12.4153655945037,8.62497338544868,0.));
#1618=CARTESIAN_POINT('Ctrl Pts',(-13.1054483296109,9.19784113202468,0.));
#1619=CARTESIAN_POINT('Ctrl Pts',(-12.9681765788187,9.13256336688472,0.));
#1620=CARTESIAN_POINT('Ctrl Pts',(-12.6897658690683,9.00016883692021,0.));
#1621=CARTESIAN_POINT('Ctrl Pts',(-12.5076754495182,8.75119132667492,0.));
#1622=CARTESIAN_POINT('Ctrl Pts',(-12.4153655945037,8.62497338544868,0.));
#1623=CARTESIAN_POINT('',(-12.1589520199344,7.68628535990198,0.));
#1624=CARTESIAN_POINT('Ctrl Pts',(-12.4153655945037,8.62497338544868,0.));
#1625=CARTESIAN_POINT('Ctrl Pts',(-12.3401178041366,8.48125217039315,0.));
#1626=CARTESIAN_POINT('Ctrl Pts',(-12.1862074988143,8.18728771000718,0.));
#1627=CARTESIAN_POINT('Ctrl Pts',(-12.1681705714076,7.85573811371359,0.));
#1628=CARTESIAN_POINT('Ctrl Pts',(-12.1589520199344,7.68628535990198,0.));
#1629=CARTESIAN_POINT('',(-12.5567292493002,6.58149347938074,0.));
#1630=CARTESIAN_POINT('Ctrl Pts',(-12.1589520199344,7.68628535990198,0.));
#1631=CARTESIAN_POINT('Ctrl Pts',(-12.1736205798988,7.47563601024323,0.));
#1632=CARTESIAN_POINT('Ctrl Pts',(-12.2019358934043,7.06901106615803,0.));
#1633=CARTESIAN_POINT('Ctrl Pts',(-12.4413446215467,6.7400422073623,0.));
#1634=CARTESIAN_POINT('Ctrl Pts',(-12.5567292493002,6.58149347938074,0.));
#1635=CARTESIAN_POINT('',(-13.7359797001803,6.03569154696008,0.));
#1636=CARTESIAN_POINT('Ctrl Pts',(-12.5567292493002,6.58149347938074,0.));
#1637=CARTESIAN_POINT('Ctrl Pts',(-12.7138737793242,6.44890286597119,0.));
#1638=CARTESIAN_POINT('Ctrl Pts',(-13.0557788953022,6.1604206066876,0.));
#1639=CARTESIAN_POINT('Ctrl Pts',(-13.4973571758453,6.07944798311343,0.));
#1640=CARTESIAN_POINT('Ctrl Pts',(-13.7359797001803,6.03569154696008,0.));
#1641=CARTESIAN_POINT('',(-13.0943543372804,5.53404216832301,0.));
#1642=CARTESIAN_POINT('Ctrl Pts',(-13.7359797001803,6.03569154696008,0.));
#1643=CARTESIAN_POINT('Ctrl Pts',(-13.6143223743151,5.96004663227764,0.));
#1644=CARTESIAN_POINT('Ctrl Pts',(-13.3823491164613,5.81580873148396,0.));
#1645=CARTESIAN_POINT('Ctrl Pts',(-13.1871717951962,5.62485234270407,0.));
#1646=CARTESIAN_POINT('Ctrl Pts',(-13.0943543372804,5.53404216832301,0.));
#1647=CARTESIAN_POINT('',(-12.4138237698157,4.56540116897722,0.));
#1648=CARTESIAN_POINT('Ctrl Pts',(-13.0943543372804,5.53404216832301,0.));
#1649=CARTESIAN_POINT('Ctrl Pts',(-12.9932095889902,5.40949040901798,0.));
#1650=CARTESIAN_POINT('Ctrl Pts',(-12.7439957360002,5.10260325612292,0.));
#1651=CARTESIAN_POINT('Ctrl Pts',(-12.5368803129763,4.765618748279,0.));
#1652=CARTESIAN_POINT('Ctrl Pts',(-12.4138237698157,4.56540116897722,0.));
#1653=CARTESIAN_POINT('',(-11.6913741229564,3.40175001771312,0.));
#1654=CARTESIAN_POINT('',(-16.0194660973909,10.3730167775791,0.));
#1655=CARTESIAN_POINT('',(-13.1284419303588,3.40695245935138,0.));
#1656=CARTESIAN_POINT('',(-14.621167883956,3.41235639340063,0.));
#1657=CARTESIAN_POINT('',(-13.9924897342131,4.70508211444599,0.));
#1658=CARTESIAN_POINT('',(-17.0497670892862,9.29827982962577,0.));
#1659=CARTESIAN_POINT('',(-14.6226068845848,5.58220006390735,0.));
#1660=CARTESIAN_POINT('Ctrl Pts',(-13.9924897342131,4.70508211444599,0.));
#1661=CARTESIAN_POINT('Ctrl Pts',(-14.1179325153597,4.8969157588529,0.));
#1662=CARTESIAN_POINT('Ctrl Pts',(-14.3152204646178,5.19861878199873,0.));
#1663=CARTESIAN_POINT('Ctrl Pts',(-14.5405499856287,5.47980292321914,0.));
#1664=CARTESIAN_POINT('Ctrl Pts',(-14.6226068845848,5.58220006390735,0.));
#1665=CARTESIAN_POINT('',(-14.9830069708851,5.83113806819682,0.));
#1666=CARTESIAN_POINT('Ctrl Pts',(-14.6226068845848,5.58220006390735,0.));
#1667=CARTESIAN_POINT('Ctrl Pts',(-14.6782001398671,5.63718906394071,0.));
#1668=CARTESIAN_POINT('Ctrl Pts',(-14.7837433144072,5.74158506663635,0.));
#1669=CARTESIAN_POINT('Ctrl Pts',(-14.9189963881063,5.80237045487082,0.));
#1670=CARTESIAN_POINT('Ctrl Pts',(-14.9830069708851,5.83113806819682,0.));
#1671=CARTESIAN_POINT('',(-15.5876318827139,5.90030986478992,0.));
#1672=CARTESIAN_POINT('Ctrl Pts',(-14.9830069708851,5.83113806819682,0.));
#1673=CARTESIAN_POINT('Ctrl Pts',(-15.0648126392393,5.85082516507084,0.));
#1674=CARTESIAN_POINT('Ctrl Pts',(-15.2631911253843,5.89856631251248,0.));
#1675=CARTESIAN_POINT('Ctrl Pts',(-15.4675467368026,5.89966452438521,0.));
#1676=CARTESIAN_POINT('Ctrl Pts',(-15.5876318827139,5.90030986478992,0.));
#1677=CARTESIAN_POINT('',(-16.5647997383228,5.90384738661972,0.));
#1678=CARTESIAN_POINT('',(-9.4638084925086,4.76987907601444,0.));
#1679=CARTESIAN_POINT('',(-9.69837697414352,4.45408186986713,0.));
#1680=CARTESIAN_POINT('Ctrl Pts',(-9.4638084925086,4.76987907601444,0.));
#1681=CARTESIAN_POINT('Ctrl Pts',(-9.5089265356896,4.7176605325725,0.));
#1682=CARTESIAN_POINT('Ctrl Pts',(-9.59490537930688,4.61815067655981,0.));
#1683=CARTESIAN_POINT('Ctrl Pts',(-9.66504408190001,4.5069358716117,0.));
#1684=CARTESIAN_POINT('Ctrl Pts',(-9.69837697414352,4.45408186986713,0.));
#1685=CARTESIAN_POINT('',(-7.43316914900364,4.44588141373825,0.));
#1686=CARTESIAN_POINT('',(-13.6227514604342,4.46828880507675,0.));
#1687=CARTESIAN_POINT('',(-7.43700484723449,3.38634844254002,0.));
#1688=CARTESIAN_POINT('',(-7.40960630602639,10.9546335435951,0.));
#1689=CARTESIAN_POINT('',(-11.4356247850809,3.40082415951946,0.));
#1690=CARTESIAN_POINT('',(-12.4939832460951,3.40465560581408,0.));
#1691=CARTESIAN_POINT('',(-11.0417890366111,4.53810670846722,0.));
#1692=CARTESIAN_POINT('Ctrl Pts',(-11.4356247850809,3.40082415951946,0.));
#1693=CARTESIAN_POINT('Ctrl Pts',(-11.401892269578,3.59923846277283,0.));
#1694=CARTESIAN_POINT('Ctrl Pts',(-11.3337392449901,4.00011384032976,0.));
#1695=CARTESIAN_POINT('Ctrl Pts',(-11.1397585072925,4.35757292219443,0.));
#1696=CARTESIAN_POINT('Ctrl Pts',(-11.0417890366111,4.53810670846722,0.));
#1697=CARTESIAN_POINT('',(-9.75381700036656,5.96038171189754,0.));
#1698=CARTESIAN_POINT('Ctrl Pts',(-11.0417890366111,4.53810670846722,0.));
#1699=CARTESIAN_POINT('Ctrl Pts',(-10.8851524183181,4.75063628712527,0.));
#1700=CARTESIAN_POINT('Ctrl Pts',(-10.5041897560038,5.26753862444895,0.));
#1701=CARTESIAN_POINT('Ctrl Pts',(-10.0319126430765,5.70360713918861,0.));
#1702=CARTESIAN_POINT('Ctrl Pts',(-9.75381700036656,5.96038171189754,0.));
#1703=CARTESIAN_POINT('',(-8.80442405050162,6.93124089942175,0.));
#1704=CARTESIAN_POINT('Ctrl Pts',(-9.75381700036656,5.96038171189754,0.));
#1705=CARTESIAN_POINT('Ctrl Pts',(-9.54011192924837,6.15522211946187,0.));
#1706=CARTESIAN_POINT('Ctrl Pts',(-9.20485424332605,6.46088517098604,0.));
#1707=CARTESIAN_POINT('Ctrl Pts',(-8.91097448709844,6.8060839828887,0.));
#1708=CARTESIAN_POINT('Ctrl Pts',(-8.80442405050162,6.93124089942175,0.));
#1709=CARTESIAN_POINT('',(-8.56644401007773,7.62862464208465,0.));
#1710=CARTESIAN_POINT('Ctrl Pts',(-8.80442405050162,6.93124089942175,0.));
#1711=CARTESIAN_POINT('Ctrl Pts',(-8.7354010342826,7.04484417228063,0.));
#1712=CARTESIAN_POINT('Ctrl Pts',(-8.60455602263627,7.26019873622946,0.));
#1713=CARTESIAN_POINT('Ctrl Pts',(-8.5786731960806,7.51040603780449,0.));
#1714=CARTESIAN_POINT('Ctrl Pts',(-8.56644401007773,7.62862464208465,0.));
#1715=CARTESIAN_POINT('',(-8.76932567052023,8.21596653567698,0.));
#1716=CARTESIAN_POINT('Ctrl Pts',(-8.56644401007773,7.62862464208465,0.));
#1717=CARTESIAN_POINT('Ctrl Pts',(-8.5716225462308,7.74534246569572,0.));
#1718=CARTESIAN_POINT('Ctrl Pts',(-8.58124313254421,7.96217862618034,0.));
#1719=CARTESIAN_POINT('Ctrl Pts',(-8.70991490003403,8.1358010115112,0.));
#1720=CARTESIAN_POINT('Ctrl Pts',(-8.76932567052023,8.21596653567698,0.));
#1721=CARTESIAN_POINT('',(-9.3348859171865,8.42302220541174,0.));
#1722=CARTESIAN_POINT('Ctrl Pts',(-8.76932567052023,8.21596653567698,0.));
#1723=CARTESIAN_POINT('Ctrl Pts',(-8.84727714903934,8.27598197218823,0.));
#1724=CARTESIAN_POINT('Ctrl Pts',(-9.01339601978598,8.40387815491645,0.));
#1725=CARTESIAN_POINT('Ctrl Pts',(-9.22341734806376,8.41638448542994,0.));
#1726=CARTESIAN_POINT('Ctrl Pts',(-9.3348859171865,8.42302220541174,0.));
#1727=CARTESIAN_POINT('',(-9.90399674253386,8.20992529785735,0.));
#1728=CARTESIAN_POINT('Ctrl Pts',(-9.3348859171865,8.42302220541174,0.));
#1729=CARTESIAN_POINT('Ctrl Pts',(-9.44602587574453,8.41629899554241,0.));
#1730=CARTESIAN_POINT('Ctrl Pts',(-9.65818405864245,8.40346487172568,0.));
#1731=CARTESIAN_POINT('Ctrl Pts',(-9.82470736992133,8.27235344902019,0.));
#1732=CARTESIAN_POINT('Ctrl Pts',(-9.90399674253386,8.20992529785735,0.));
#1733=CARTESIAN_POINT('',(-10.1501542639086,7.49633266132653,0.));
#1734=CARTESIAN_POINT('Ctrl Pts',(-9.90399674253386,8.20992529785735,0.));
#1735=CARTESIAN_POINT('Ctrl Pts',(-9.96757154452184,8.11761006079887,0.));
#1736=CARTESIAN_POINT('Ctrl Pts',(-10.1147101079413,7.90395416352873,0.));
#1737=CARTESIAN_POINT('Ctrl Pts',(-10.1373158714247,7.64397914033959,0.));
#1738=CARTESIAN_POINT('Ctrl Pts',(-10.1501542639086,7.49633266132653,0.));
#1739=CARTESIAN_POINT('',(-11.2864060312007,7.61411408979637,0.));
#1740=CARTESIAN_POINT('',(-14.2989777345279,7.92639083056772,0.));
#1741=CARTESIAN_POINT('',(-10.644168688587,8.96362442338178,0.));
#1742=CARTESIAN_POINT('Ctrl Pts',(-11.2864060312007,7.61411408979637,0.));
#1743=CARTESIAN_POINT('Ctrl Pts',(-11.2433372302438,7.89746017613989,0.));
#1744=CARTESIAN_POINT('Ctrl Pts',(-11.1646611868535,8.41506337122122,0.));
#1745=CARTESIAN_POINT('Ctrl Pts',(-10.806338532033,8.79270926082757,0.));
#1746=CARTESIAN_POINT('Ctrl Pts',(-10.644168688587,8.96362442338178,0.));
#1747=CARTESIAN_POINT('',(-9.30304478773365,9.3687857974356,0.));
#1748=CARTESIAN_POINT('Ctrl Pts',(-10.644168688587,8.96362442338178,0.));
#1749=CARTESIAN_POINT('Ctrl Pts',(-10.4481447606099,9.08243000996335,0.));
#1750=CARTESIAN_POINT('Ctrl Pts',(-10.0366436813901,9.33183133356793,0.));
#1751=CARTESIAN_POINT('Ctrl Pts',(-9.55516486476293,9.35608544802469,0.));
#1752=CARTESIAN_POINT('Ctrl Pts',(-9.30304478773365,9.3687857974356,0.));
#1753=CARTESIAN_POINT('',(-7.92047093199412,8.88881135284333,0.));
#1754=CARTESIAN_POINT('Ctrl Pts',(-9.30304478773365,9.3687857974356,0.));
#1755=CARTESIAN_POINT('Ctrl Pts',(-9.03174264830706,9.35386694698774,0.));
#1756=CARTESIAN_POINT('Ctrl Pts',(-8.52310447800489,9.32589703561568,0.));
#1757=CARTESIAN_POINT('Ctrl Pts',(-8.11220229972354,9.02787270501603,0.));
#1758=CARTESIAN_POINT('Ctrl Pts',(-7.92047093199412,8.88881135284333,0.));
#1759=CARTESIAN_POINT('',(-7.42136813119487,7.70567056021168,0.));
#1760=CARTESIAN_POINT('Ctrl Pts',(-7.92047093199412,8.88881135284333,0.));
#1761=CARTESIAN_POINT('Ctrl Pts',(-7.77426383182549,8.71964391086523,0.));
#1762=CARTESIAN_POINT('Ctrl Pts',(-7.48014880197914,8.37934109938045,0.));
#1763=CARTESIAN_POINT('Ctrl Pts',(-7.44103708081262,7.93109146332633,0.));
#1764=CARTESIAN_POINT('Ctrl Pts',(-7.42136813119487,7.70567056021168,0.));
#1765=CARTESIAN_POINT('',(-7.56825071534311,6.94097408188753,0.));
#1766=CARTESIAN_POINT('Ctrl Pts',(-7.42136813119487,7.70567056021168,0.));
#1767=CARTESIAN_POINT('Ctrl Pts',(-7.4276770725058,7.57377361757801,0.));
#1768=CARTESIAN_POINT('Ctrl Pts',(-7.44020544472998,7.31185106811877,0.));
#1769=CARTESIAN_POINT('Ctrl Pts',(-7.52577274027,7.06400949975875,0.));
#1770=CARTESIAN_POINT('Ctrl Pts',(-7.56825071534311,6.94097408188753,0.));
#1771=CARTESIAN_POINT('',(-8.02770119422587,6.18146855599428,0.));
#1772=CARTESIAN_POINT('Ctrl Pts',(-7.56825071534311,6.94097408188753,0.));
#1773=CARTESIAN_POINT('Ctrl Pts',(-7.62680030578643,6.81483455215923,0.));
#1774=CARTESIAN_POINT('Ctrl Pts',(-7.75206103758759,6.54497220669809,0.));
#1775=CARTESIAN_POINT('Ctrl Pts',(-7.93191492537926,6.30778780801361,0.));
#1776=CARTESIAN_POINT('Ctrl Pts',(-8.02770119422587,6.18146855599428,0.));
#1777=CARTESIAN_POINT('',(-8.77739975642552,5.42504392740718,0.));
#1778=CARTESIAN_POINT('Ctrl Pts',(-8.02770119422587,6.18146855599428,0.));
#1779=CARTESIAN_POINT('Ctrl Pts',(-8.12331040512727,6.07308336172213,0.));
#1780=CARTESIAN_POINT('Ctrl Pts',(-8.35845547286394,5.80651653611514,0.));
#1781=CARTESIAN_POINT('Ctrl Pts',(-8.62137967176338,5.56710909225661,0.));
#1782=CARTESIAN_POINT('Ctrl Pts',(-8.77739975642552,5.42504392740718,0.));
#1783=CARTESIAN_POINT('Ctrl Pts',(-8.77739975642552,5.42504392740718,0.));
#1784=CARTESIAN_POINT('Ctrl Pts',(-8.9266206989698,5.29002836585569,0.));
#1785=CARTESIAN_POINT('Ctrl Pts',(-9.16127849035141,5.07770928426018,0.));
#1786=CARTESIAN_POINT('Ctrl Pts',(-9.38305984253002,4.85204241043162,0.));
#1787=CARTESIAN_POINT('Ctrl Pts',(-9.4638084925086,4.76987907601444,0.));
#1788=CARTESIAN_POINT('',(-4.64678309930782,9.35192930008612,0.));
#1789=CARTESIAN_POINT('',(-3.72121486172011,9.34857857807184,0.));
#1790=CARTESIAN_POINT('',(-11.0880559969241,9.37524785621363,0.));
#1791=CARTESIAN_POINT('',(-3.74284761213541,3.37297493481884,0.));
#1792=CARTESIAN_POINT('',(-3.70655054483508,13.3992953719013,0.));
#1793=CARTESIAN_POINT('',(-4.8835705181911,3.377104555087,0.));
#1794=CARTESIAN_POINT('',(-10.6469046285455,3.39796885195349,0.));
#1795=CARTESIAN_POINT('',(-4.86800728320025,7.67612904003367,0.));
#1796=CARTESIAN_POINT('',(-4.85808982609843,10.4156231705429,0.));
#1797=CARTESIAN_POINT('',(-6.3447406943825,6.81678751257275,0.));
#1798=CARTESIAN_POINT('Ctrl Pts',(-4.86800728320025,7.67612904003367,0.));
#1799=CARTESIAN_POINT('Ctrl Pts',(-5.08790120918371,7.49424705710281,0.));
#1800=CARTESIAN_POINT('Ctrl Pts',(-5.53263799284699,7.1263896561619,0.));
#1801=CARTESIAN_POINT('Ctrl Pts',(-6.0720390157943,6.92075099415165,0.));
#1802=CARTESIAN_POINT('Ctrl Pts',(-6.3447406943825,6.81678751257275,0.));
#1803=CARTESIAN_POINT('',(-6.34099317276284,7.85196350331375,0.));
#1804=CARTESIAN_POINT('',(-6.32547647873293,12.1381320022936,0.));
#1805=CARTESIAN_POINT('',(-5.36876340112357,8.40257488448045,0.));
#1806=CARTESIAN_POINT('Ctrl Pts',(-6.34099317276284,7.85196350331374,0.));
#1807=CARTESIAN_POINT('Ctrl Pts',(-6.18224591118135,7.91615736282531,0.));
#1808=CARTESIAN_POINT('Ctrl Pts',(-5.83432455712509,8.05684901508348,0.));
#1809=CARTESIAN_POINT('Ctrl Pts',(-5.53274190763843,8.28080439096642,0.));
#1810=CARTESIAN_POINT('Ctrl Pts',(-5.36876340112357,8.40257488448045,0.));
#1811=CARTESIAN_POINT('Ctrl Pts',(-5.36876340112357,8.40257488448045,0.));
#1812=CARTESIAN_POINT('Ctrl Pts',(-5.20872929357644,8.5400846557838,0.));
#1813=CARTESIAN_POINT('Ctrl Pts',(-4.90001398159162,8.8053491834494,0.));
#1814=CARTESIAN_POINT('Ctrl Pts',(-4.72909827055848,9.17425809546291,0.));
#1815=CARTESIAN_POINT('Ctrl Pts',(-4.64678309930782,9.35192930008612,0.));
#1816=CARTESIAN_POINT('Origin',(0.,0.,0.));
#1817=CARTESIAN_POINT('',(-1.,0.,0.));
#1818=CARTESIAN_POINT('Origin',(-0.5,0.5,0.));
#1819=CARTESIAN_POINT('',(0.,1.,0.));
#1820=CARTESIAN_POINT('Origin',(-35.0000005215406,35.,0.));
#1821=CARTESIAN_POINT('',(-35.0000002086163,14.,0.));
#1822=CARTESIAN_POINT('Origin',(-4.64678309930782,9.35192930008612,0.));
#1823=CARTESIAN_POINT('',(-4.64678309930782,9.35192930008612,-0.4));
#1824=CARTESIAN_POINT('',(-4.64678309930782,9.35192930008612,0.));
#1825=CARTESIAN_POINT('',(-3.72121486172011,9.34857857807184,-0.4));
#1826=CARTESIAN_POINT('',(-4.64678309930782,9.35192930008612,-0.4));
#1827=CARTESIAN_POINT('',(-3.72121486172011,9.34857857807184,0.));
#1828=CARTESIAN_POINT('Ctrl Pts',(-5.36876340112357,8.40257488448045,0.));
#1829=CARTESIAN_POINT('Ctrl Pts',(-5.36876340112357,8.40257488448045,-0.4));
#1830=CARTESIAN_POINT('Ctrl Pts',(-5.20872929357644,8.5400846557838,0.));
#1831=CARTESIAN_POINT('Ctrl Pts',(-5.20872929357644,8.5400846557838,-0.4));
#1832=CARTESIAN_POINT('Ctrl Pts',(-4.90001398159162,8.8053491834494,0.));
#1833=CARTESIAN_POINT('Ctrl Pts',(-4.90001398159162,8.8053491834494,-0.4));
#1834=CARTESIAN_POINT('Ctrl Pts',(-4.72909827055848,9.17425809546291,0.));
#1835=CARTESIAN_POINT('Ctrl Pts',(-4.72909827055848,9.17425809546291,-0.4));
#1836=CARTESIAN_POINT('Ctrl Pts',(-4.64678309930782,9.35192930008612,0.));
#1837=CARTESIAN_POINT('Ctrl Pts',(-4.64678309930782,9.35192930008612,-0.4));
#1838=CARTESIAN_POINT('',(-5.36876340112357,8.40257488448045,-0.4));
#1839=CARTESIAN_POINT('',(-5.36876340112357,8.40257488448045,0.));
#1840=CARTESIAN_POINT('Ctrl Pts',(-5.36876340112357,8.40257488448045,-0.4));
#1841=CARTESIAN_POINT('Ctrl Pts',(-5.20872929357644,8.5400846557838,-0.4));
#1842=CARTESIAN_POINT('Ctrl Pts',(-4.90001398159162,8.8053491834494,-0.4));
#1843=CARTESIAN_POINT('Ctrl Pts',(-4.72909827055848,9.17425809546291,-0.4));
#1844=CARTESIAN_POINT('Ctrl Pts',(-4.64678309930782,9.35192930008612,-0.4));
#1845=CARTESIAN_POINT('Ctrl Pts',(-6.34099317276284,7.85196350331374,0.));
#1846=CARTESIAN_POINT('Ctrl Pts',(-6.34099317276284,7.85196350331374,-0.4));
#1847=CARTESIAN_POINT('Ctrl Pts',(-6.18224591118135,7.91615736282531,0.));
#1848=CARTESIAN_POINT('Ctrl Pts',(-6.18224591118135,7.91615736282531,-0.4));
#1849=CARTESIAN_POINT('Ctrl Pts',(-5.83432455712509,8.05684901508348,0.));
#1850=CARTESIAN_POINT('Ctrl Pts',(-5.83432455712509,8.05684901508348,-0.4));
#1851=CARTESIAN_POINT('Ctrl Pts',(-5.53274190763843,8.28080439096642,0.));
#1852=CARTESIAN_POINT('Ctrl Pts',(-5.53274190763843,8.28080439096642,-0.4));
#1853=CARTESIAN_POINT('Ctrl Pts',(-5.36876340112357,8.40257488448045,0.));
#1854=CARTESIAN_POINT('Ctrl Pts',(-5.36876340112357,8.40257488448045,-0.4));
#1855=CARTESIAN_POINT('',(-6.34099317276284,7.85196350331375,-0.4));
#1856=CARTESIAN_POINT('',(-6.34099317276284,7.85196350331375,0.));
#1857=CARTESIAN_POINT('Ctrl Pts',(-6.34099317276284,7.85196350331374,-0.4));
#1858=CARTESIAN_POINT('Ctrl Pts',(-6.18224591118135,7.91615736282531,-0.4));
#1859=CARTESIAN_POINT('Ctrl Pts',(-5.83432455712509,8.05684901508348,-0.4));
#1860=CARTESIAN_POINT('Ctrl Pts',(-5.53274190763843,8.28080439096642,-0.4));
#1861=CARTESIAN_POINT('Ctrl Pts',(-5.36876340112357,8.40257488448045,-0.4));
#1862=CARTESIAN_POINT('Origin',(-6.3447406943825,6.81678751257275,0.));
#1863=CARTESIAN_POINT('',(-6.3447406943825,6.81678751257275,-0.4));
#1864=CARTESIAN_POINT('',(-6.3447406943825,6.81678751257275,0.));
#1865=CARTESIAN_POINT('',(-6.3447406943825,6.81678751257275,-0.4));
#1866=CARTESIAN_POINT('Ctrl Pts',(-4.86800728320025,7.67612904003367,0.));
#1867=CARTESIAN_POINT('Ctrl Pts',(-4.86800728320025,7.67612904003367,-0.4));
#1868=CARTESIAN_POINT('Ctrl Pts',(-5.08790120918371,7.49424705710281,0.));
#1869=CARTESIAN_POINT('Ctrl Pts',(-5.08790120918371,7.49424705710281,-0.4));
#1870=CARTESIAN_POINT('Ctrl Pts',(-5.53263799284699,7.1263896561619,0.));
#1871=CARTESIAN_POINT('Ctrl Pts',(-5.53263799284699,7.1263896561619,-0.4));
#1872=CARTESIAN_POINT('Ctrl Pts',(-6.0720390157943,6.92075099415165,0.));
#1873=CARTESIAN_POINT('Ctrl Pts',(-6.0720390157943,6.92075099415165,-0.4));
#1874=CARTESIAN_POINT('Ctrl Pts',(-6.3447406943825,6.81678751257275,0.));
#1875=CARTESIAN_POINT('Ctrl Pts',(-6.3447406943825,6.81678751257275,-0.4));
#1876=CARTESIAN_POINT('',(-4.86800728320025,7.67612904003367,-0.4));
#1877=CARTESIAN_POINT('',(-4.86800728320025,7.67612904003367,0.));
#1878=CARTESIAN_POINT('Ctrl Pts',(-4.86800728320025,7.67612904003367,-0.4));
#1879=CARTESIAN_POINT('Ctrl Pts',(-5.08790120918371,7.49424705710281,-0.4));
#1880=CARTESIAN_POINT('Ctrl Pts',(-5.53263799284699,7.1263896561619,-0.4));
#1881=CARTESIAN_POINT('Ctrl Pts',(-6.0720390157943,6.92075099415165,-0.4));
#1882=CARTESIAN_POINT('Ctrl Pts',(-6.3447406943825,6.81678751257275,-0.4));
#1883=CARTESIAN_POINT('Origin',(-4.8835705181911,3.377104555087,0.));
#1884=CARTESIAN_POINT('',(-4.8835705181911,3.377104555087,-0.4));
#1885=CARTESIAN_POINT('',(-4.8835705181911,3.377104555087,0.));
#1886=CARTESIAN_POINT('',(-4.8835705181911,3.377104555087,-0.4));
#1887=CARTESIAN_POINT('Origin',(-3.74284761213541,3.37297493481884,0.));
#1888=CARTESIAN_POINT('',(-3.74284761213541,3.37297493481884,-0.4));
#1889=CARTESIAN_POINT('',(-3.74284761213541,3.37297493481884,0.));
#1890=CARTESIAN_POINT('',(-3.74284761213541,3.37297493481884,-0.4));
#1891=CARTESIAN_POINT('Origin',(-3.72121486172011,9.34857857807184,0.));
#1892=CARTESIAN_POINT('',(-3.72121486172011,9.34857857807184,-0.4));
#1893=CARTESIAN_POINT('Origin',(-10.3815138167995,6.37267042949936,-0.4));
#1894=CARTESIAN_POINT('Ctrl Pts',(-9.4638084925086,4.76987907601444,0.));
#1895=CARTESIAN_POINT('Ctrl Pts',(-9.4638084925086,4.76987907601444,-0.4));
#1896=CARTESIAN_POINT('Ctrl Pts',(-9.5089265356896,4.7176605325725,0.));
#1897=CARTESIAN_POINT('Ctrl Pts',(-9.5089265356896,4.7176605325725,-0.4));
#1898=CARTESIAN_POINT('Ctrl Pts',(-9.59490537930688,4.61815067655981,0.));
#1899=CARTESIAN_POINT('Ctrl Pts',(-9.59490537930688,4.61815067655981,-0.4));
#1900=CARTESIAN_POINT('Ctrl Pts',(-9.66504408190001,4.5069358716117,0.));
#1901=CARTESIAN_POINT('Ctrl Pts',(-9.66504408190001,4.5069358716117,-0.4));
#1902=CARTESIAN_POINT('Ctrl Pts',(-9.69837697414352,4.45408186986713,0.));
#1903=CARTESIAN_POINT('Ctrl Pts',(-9.69837697414352,4.45408186986713,-0.4));
#1904=CARTESIAN_POINT('',(-9.4638084925086,4.76987907601444,-0.4));
#1905=CARTESIAN_POINT('',(-9.4638084925086,4.76987907601444,0.));
#1906=CARTESIAN_POINT('',(-9.69837697414352,4.45408186986713,-0.4));
#1907=CARTESIAN_POINT('Ctrl Pts',(-9.4638084925086,4.76987907601444,-0.4));
#1908=CARTESIAN_POINT('Ctrl Pts',(-9.5089265356896,4.7176605325725,-0.4));
#1909=CARTESIAN_POINT('Ctrl Pts',(-9.59490537930688,4.61815067655981,-0.4));
#1910=CARTESIAN_POINT('Ctrl Pts',(-9.66504408190001,4.5069358716117,-0.4));
#1911=CARTESIAN_POINT('Ctrl Pts',(-9.69837697414352,4.45408186986713,-0.4));
#1912=CARTESIAN_POINT('',(-9.69837697414352,4.45408186986713,0.));
#1913=CARTESIAN_POINT('Ctrl Pts',(-8.77739975642552,5.42504392740718,0.));
#1914=CARTESIAN_POINT('Ctrl Pts',(-8.77739975642552,5.42504392740718,-0.4));
#1915=CARTESIAN_POINT('Ctrl Pts',(-8.9266206989698,5.29002836585569,0.));
#1916=CARTESIAN_POINT('Ctrl Pts',(-8.9266206989698,5.29002836585569,-0.4));
#1917=CARTESIAN_POINT('Ctrl Pts',(-9.16127849035141,5.07770928426018,0.));
#1918=CARTESIAN_POINT('Ctrl Pts',(-9.16127849035141,5.07770928426018,-0.4));
#1919=CARTESIAN_POINT('Ctrl Pts',(-9.38305984253002,4.85204241043162,0.));
#1920=CARTESIAN_POINT('Ctrl Pts',(-9.38305984253002,4.85204241043162,-0.4));
#1921=CARTESIAN_POINT('Ctrl Pts',(-9.4638084925086,4.76987907601444,0.));
#1922=CARTESIAN_POINT('Ctrl Pts',(-9.4638084925086,4.76987907601444,-0.4));
#1923=CARTESIAN_POINT('',(-8.77739975642552,5.42504392740718,-0.4));
#1924=CARTESIAN_POINT('',(-8.77739975642552,5.42504392740718,0.));
#1925=CARTESIAN_POINT('Ctrl Pts',(-8.77739975642552,5.42504392740718,-0.4));
#1926=CARTESIAN_POINT('Ctrl Pts',(-8.9266206989698,5.29002836585569,-0.4));
#1927=CARTESIAN_POINT('Ctrl Pts',(-9.16127849035141,5.07770928426018,-0.4));
#1928=CARTESIAN_POINT('Ctrl Pts',(-9.38305984253002,4.85204241043162,-0.4));
#1929=CARTESIAN_POINT('Ctrl Pts',(-9.4638084925086,4.76987907601444,-0.4));
#1930=CARTESIAN_POINT('Ctrl Pts',(-8.02770119422587,6.18146855599428,0.));
#1931=CARTESIAN_POINT('Ctrl Pts',(-8.02770119422587,6.18146855599428,-0.4));
#1932=CARTESIAN_POINT('Ctrl Pts',(-8.12331040512727,6.07308336172213,0.));
#1933=CARTESIAN_POINT('Ctrl Pts',(-8.12331040512727,6.07308336172213,-0.4));
#1934=CARTESIAN_POINT('Ctrl Pts',(-8.35845547286394,5.80651653611514,0.));
#1935=CARTESIAN_POINT('Ctrl Pts',(-8.35845547286394,5.80651653611514,-0.4));
#1936=CARTESIAN_POINT('Ctrl Pts',(-8.62137967176338,5.56710909225661,0.));
#1937=CARTESIAN_POINT('Ctrl Pts',(-8.62137967176338,5.56710909225661,-0.4));
#1938=CARTESIAN_POINT('Ctrl Pts',(-8.77739975642552,5.42504392740718,0.));
#1939=CARTESIAN_POINT('Ctrl Pts',(-8.77739975642552,5.42504392740718,-0.4));
#1940=CARTESIAN_POINT('',(-8.02770119422587,6.18146855599428,-0.4));
#1941=CARTESIAN_POINT('',(-8.02770119422587,6.18146855599428,0.));
#1942=CARTESIAN_POINT('Ctrl Pts',(-8.02770119422587,6.18146855599428,-0.4));
#1943=CARTESIAN_POINT('Ctrl Pts',(-8.12331040512727,6.07308336172213,-0.4));
#1944=CARTESIAN_POINT('Ctrl Pts',(-8.35845547286394,5.80651653611514,-0.4));
#1945=CARTESIAN_POINT('Ctrl Pts',(-8.62137967176338,5.56710909225661,-0.4));
#1946=CARTESIAN_POINT('Ctrl Pts',(-8.77739975642552,5.42504392740718,-0.4));
#1947=CARTESIAN_POINT('Ctrl Pts',(-7.56825071534311,6.94097408188753,0.));
#1948=CARTESIAN_POINT('Ctrl Pts',(-7.56825071534311,6.94097408188753,-0.4));
#1949=CARTESIAN_POINT('Ctrl Pts',(-7.62680030578643,6.81483455215923,0.));
#1950=CARTESIAN_POINT('Ctrl Pts',(-7.62680030578643,6.81483455215923,-0.4));
#1951=CARTESIAN_POINT('Ctrl Pts',(-7.75206103758759,6.54497220669809,0.));
#1952=CARTESIAN_POINT('Ctrl Pts',(-7.75206103758759,6.54497220669809,-0.4));
#1953=CARTESIAN_POINT('Ctrl Pts',(-7.93191492537926,6.30778780801361,0.));
#1954=CARTESIAN_POINT('Ctrl Pts',(-7.93191492537926,6.30778780801361,-0.4));
#1955=CARTESIAN_POINT('Ctrl Pts',(-8.02770119422587,6.18146855599428,0.));
#1956=CARTESIAN_POINT('Ctrl Pts',(-8.02770119422587,6.18146855599428,-0.4));
#1957=CARTESIAN_POINT('',(-7.56825071534311,6.94097408188753,-0.4));
#1958=CARTESIAN_POINT('',(-7.56825071534311,6.94097408188753,0.));
#1959=CARTESIAN_POINT('Ctrl Pts',(-7.56825071534311,6.94097408188753,-0.4));
#1960=CARTESIAN_POINT('Ctrl Pts',(-7.62680030578643,6.81483455215923,-0.4));
#1961=CARTESIAN_POINT('Ctrl Pts',(-7.75206103758759,6.54497220669809,-0.4));
#1962=CARTESIAN_POINT('Ctrl Pts',(-7.93191492537926,6.30778780801361,-0.4));
#1963=CARTESIAN_POINT('Ctrl Pts',(-8.02770119422587,6.18146855599428,-0.4));
#1964=CARTESIAN_POINT('Ctrl Pts',(-7.42136813119487,7.70567056021168,0.));
#1965=CARTESIAN_POINT('Ctrl Pts',(-7.42136813119487,7.70567056021168,-0.4));
#1966=CARTESIAN_POINT('Ctrl Pts',(-7.4276770725058,7.57377361757801,0.));
#1967=CARTESIAN_POINT('Ctrl Pts',(-7.4276770725058,7.57377361757801,-0.4));
#1968=CARTESIAN_POINT('Ctrl Pts',(-7.44020544472998,7.31185106811877,0.));
#1969=CARTESIAN_POINT('Ctrl Pts',(-7.44020544472998,7.31185106811877,-0.4));
#1970=CARTESIAN_POINT('Ctrl Pts',(-7.52577274027,7.06400949975875,0.));
#1971=CARTESIAN_POINT('Ctrl Pts',(-7.52577274027,7.06400949975875,-0.4));
#1972=CARTESIAN_POINT('Ctrl Pts',(-7.56825071534311,6.94097408188753,0.));
#1973=CARTESIAN_POINT('Ctrl Pts',(-7.56825071534311,6.94097408188753,-0.4));
#1974=CARTESIAN_POINT('',(-7.42136813119487,7.70567056021168,-0.4));
#1975=CARTESIAN_POINT('',(-7.42136813119487,7.70567056021168,0.));
#1976=CARTESIAN_POINT('Ctrl Pts',(-7.42136813119487,7.70567056021168,-0.4));
#1977=CARTESIAN_POINT('Ctrl Pts',(-7.4276770725058,7.57377361757801,-0.4));
#1978=CARTESIAN_POINT('Ctrl Pts',(-7.44020544472998,7.31185106811877,-0.4));
#1979=CARTESIAN_POINT('Ctrl Pts',(-7.52577274027,7.06400949975875,-0.4));
#1980=CARTESIAN_POINT('Ctrl Pts',(-7.56825071534311,6.94097408188753,-0.4));
#1981=CARTESIAN_POINT('Ctrl Pts',(-7.92047093199412,8.88881135284333,0.));
#1982=CARTESIAN_POINT('Ctrl Pts',(-7.92047093199412,8.88881135284333,-0.4));
#1983=CARTESIAN_POINT('Ctrl Pts',(-7.77426383182549,8.71964391086523,0.));
#1984=CARTESIAN_POINT('Ctrl Pts',(-7.77426383182549,8.71964391086523,-0.4));
#1985=CARTESIAN_POINT('Ctrl Pts',(-7.48014880197914,8.37934109938045,0.));
#1986=CARTESIAN_POINT('Ctrl Pts',(-7.48014880197914,8.37934109938045,-0.4));
#1987=CARTESIAN_POINT('Ctrl Pts',(-7.44103708081262,7.93109146332633,0.));
#1988=CARTESIAN_POINT('Ctrl Pts',(-7.44103708081262,7.93109146332633,-0.4));
#1989=CARTESIAN_POINT('Ctrl Pts',(-7.42136813119487,7.70567056021168,0.));
#1990=CARTESIAN_POINT('Ctrl Pts',(-7.42136813119487,7.70567056021168,-0.4));
#1991=CARTESIAN_POINT('',(-7.92047093199412,8.88881135284333,-0.4));
#1992=CARTESIAN_POINT('',(-7.92047093199412,8.88881135284333,0.));
#1993=CARTESIAN_POINT('Ctrl Pts',(-7.92047093199412,8.88881135284333,-0.4));
#1994=CARTESIAN_POINT('Ctrl Pts',(-7.77426383182549,8.71964391086523,-0.4));
#1995=CARTESIAN_POINT('Ctrl Pts',(-7.48014880197914,8.37934109938045,-0.4));
#1996=CARTESIAN_POINT('Ctrl Pts',(-7.44103708081262,7.93109146332633,-0.4));
#1997=CARTESIAN_POINT('Ctrl Pts',(-7.42136813119487,7.70567056021168,-0.4));
#1998=CARTESIAN_POINT('Ctrl Pts',(-9.30304478773365,9.3687857974356,0.));
#1999=CARTESIAN_POINT('Ctrl Pts',(-9.30304478773365,9.3687857974356,-0.4));
#2000=CARTESIAN_POINT('Ctrl Pts',(-9.03174264830706,9.35386694698774,0.));
#2001=CARTESIAN_POINT('Ctrl Pts',(-9.03174264830706,9.35386694698774,-0.4));
#2002=CARTESIAN_POINT('Ctrl Pts',(-8.52310447800489,9.32589703561568,0.));
#2003=CARTESIAN_POINT('Ctrl Pts',(-8.52310447800489,9.32589703561568,-0.4));
#2004=CARTESIAN_POINT('Ctrl Pts',(-8.11220229972354,9.02787270501603,0.));
#2005=CARTESIAN_POINT('Ctrl Pts',(-8.11220229972354,9.02787270501603,-0.4));
#2006=CARTESIAN_POINT('Ctrl Pts',(-7.92047093199412,8.88881135284333,0.));
#2007=CARTESIAN_POINT('Ctrl Pts',(-7.92047093199412,8.88881135284333,-0.4));
#2008=CARTESIAN_POINT('',(-9.30304478773365,9.3687857974356,-0.4));
#2009=CARTESIAN_POINT('',(-9.30304478773365,9.3687857974356,0.));
#2010=CARTESIAN_POINT('Ctrl Pts',(-9.30304478773365,9.3687857974356,-0.4));
#2011=CARTESIAN_POINT('Ctrl Pts',(-9.03174264830706,9.35386694698774,-0.4));
#2012=CARTESIAN_POINT('Ctrl Pts',(-8.52310447800489,9.32589703561568,-0.4));
#2013=CARTESIAN_POINT('Ctrl Pts',(-8.11220229972354,9.02787270501603,-0.4));
#2014=CARTESIAN_POINT('Ctrl Pts',(-7.92047093199412,8.88881135284333,-0.4));
#2015=CARTESIAN_POINT('Ctrl Pts',(-10.644168688587,8.96362442338178,0.));
#2016=CARTESIAN_POINT('Ctrl Pts',(-10.644168688587,8.96362442338178,-0.4));
#2017=CARTESIAN_POINT('Ctrl Pts',(-10.4481447606099,9.08243000996335,0.));
#2018=CARTESIAN_POINT('Ctrl Pts',(-10.4481447606099,9.08243000996335,-0.4));
#2019=CARTESIAN_POINT('Ctrl Pts',(-10.0366436813901,9.33183133356793,0.));
#2020=CARTESIAN_POINT('Ctrl Pts',(-10.0366436813901,9.33183133356793,-0.4));
#2021=CARTESIAN_POINT('Ctrl Pts',(-9.55516486476293,9.35608544802469,0.));
#2022=CARTESIAN_POINT('Ctrl Pts',(-9.55516486476293,9.35608544802469,-0.4));
#2023=CARTESIAN_POINT('Ctrl Pts',(-9.30304478773365,9.3687857974356,0.));
#2024=CARTESIAN_POINT('Ctrl Pts',(-9.30304478773365,9.3687857974356,-0.4));
#2025=CARTESIAN_POINT('',(-10.644168688587,8.96362442338178,-0.4));
#2026=CARTESIAN_POINT('',(-10.644168688587,8.96362442338178,0.));
#2027=CARTESIAN_POINT('Ctrl Pts',(-10.644168688587,8.96362442338178,-0.4));
#2028=CARTESIAN_POINT('Ctrl Pts',(-10.4481447606099,9.08243000996335,-0.4));
#2029=CARTESIAN_POINT('Ctrl Pts',(-10.0366436813901,9.33183133356793,-0.4));
#2030=CARTESIAN_POINT('Ctrl Pts',(-9.55516486476293,9.35608544802469,-0.4));
#2031=CARTESIAN_POINT('Ctrl Pts',(-9.30304478773365,9.3687857974356,-0.4));
#2032=CARTESIAN_POINT('Ctrl Pts',(-11.2864060312007,7.61411408979637,0.));
#2033=CARTESIAN_POINT('Ctrl Pts',(-11.2864060312007,7.61411408979637,-0.4));
#2034=CARTESIAN_POINT('Ctrl Pts',(-11.2433372302438,7.89746017613989,0.));
#2035=CARTESIAN_POINT('Ctrl Pts',(-11.2433372302438,7.89746017613989,-0.4));
#2036=CARTESIAN_POINT('Ctrl Pts',(-11.1646611868535,8.41506337122122,0.));
#2037=CARTESIAN_POINT('Ctrl Pts',(-11.1646611868535,8.41506337122122,-0.4));
#2038=CARTESIAN_POINT('Ctrl Pts',(-10.806338532033,8.79270926082757,0.));
#2039=CARTESIAN_POINT('Ctrl Pts',(-10.806338532033,8.79270926082757,-0.4));
#2040=CARTESIAN_POINT('Ctrl Pts',(-10.644168688587,8.96362442338178,0.));
#2041=CARTESIAN_POINT('Ctrl Pts',(-10.644168688587,8.96362442338178,-0.4));
#2042=CARTESIAN_POINT('',(-11.2864060312007,7.61411408979637,-0.4));
#2043=CARTESIAN_POINT('',(-11.2864060312007,7.61411408979637,0.));
#2044=CARTESIAN_POINT('Ctrl Pts',(-11.2864060312007,7.61411408979637,-0.4));
#2045=CARTESIAN_POINT('Ctrl Pts',(-11.2433372302438,7.89746017613989,-0.4));
#2046=CARTESIAN_POINT('Ctrl Pts',(-11.1646611868535,8.41506337122122,-0.4));
#2047=CARTESIAN_POINT('Ctrl Pts',(-10.806338532033,8.79270926082757,-0.4));
#2048=CARTESIAN_POINT('Ctrl Pts',(-10.644168688587,8.96362442338178,-0.4));
#2049=CARTESIAN_POINT('Origin',(-10.1501542639086,7.49633266132653,0.));
#2050=CARTESIAN_POINT('',(-10.1501542639086,7.49633266132653,-0.4));
#2051=CARTESIAN_POINT('',(-10.1501542639086,7.49633266132653,0.));
#2052=CARTESIAN_POINT('',(-10.1501542639086,7.49633266132653,-0.4));
#2053=CARTESIAN_POINT('Ctrl Pts',(-9.90399674253386,8.20992529785735,0.));
#2054=CARTESIAN_POINT('Ctrl Pts',(-9.90399674253386,8.20992529785735,-0.4));
#2055=CARTESIAN_POINT('Ctrl Pts',(-9.96757154452184,8.11761006079887,0.));
#2056=CARTESIAN_POINT('Ctrl Pts',(-9.96757154452184,8.11761006079887,-0.4));
#2057=CARTESIAN_POINT('Ctrl Pts',(-10.1147101079413,7.90395416352873,0.));
#2058=CARTESIAN_POINT('Ctrl Pts',(-10.1147101079413,7.90395416352873,-0.4));
#2059=CARTESIAN_POINT('Ctrl Pts',(-10.1373158714247,7.64397914033959,0.));
#2060=CARTESIAN_POINT('Ctrl Pts',(-10.1373158714247,7.64397914033959,-0.4));
#2061=CARTESIAN_POINT('Ctrl Pts',(-10.1501542639086,7.49633266132653,0.));
#2062=CARTESIAN_POINT('Ctrl Pts',(-10.1501542639086,7.49633266132653,-0.4));
#2063=CARTESIAN_POINT('',(-9.90399674253386,8.20992529785735,-0.4));
#2064=CARTESIAN_POINT('',(-9.90399674253386,8.20992529785735,0.));
#2065=CARTESIAN_POINT('Ctrl Pts',(-9.90399674253386,8.20992529785735,-0.4));
#2066=CARTESIAN_POINT('Ctrl Pts',(-9.96757154452184,8.11761006079887,-0.4));
#2067=CARTESIAN_POINT('Ctrl Pts',(-10.1147101079413,7.90395416352873,-0.4));
#2068=CARTESIAN_POINT('Ctrl Pts',(-10.1373158714247,7.64397914033959,-0.4));
#2069=CARTESIAN_POINT('Ctrl Pts',(-10.1501542639086,7.49633266132653,-0.4));
#2070=CARTESIAN_POINT('Ctrl Pts',(-9.3348859171865,8.42302220541174,0.));
#2071=CARTESIAN_POINT('Ctrl Pts',(-9.3348859171865,8.42302220541174,-0.4));
#2072=CARTESIAN_POINT('Ctrl Pts',(-9.44602587574453,8.41629899554241,0.));
#2073=CARTESIAN_POINT('Ctrl Pts',(-9.44602587574453,8.41629899554241,-0.4));
#2074=CARTESIAN_POINT('Ctrl Pts',(-9.65818405864245,8.40346487172568,0.));
#2075=CARTESIAN_POINT('Ctrl Pts',(-9.65818405864245,8.40346487172568,-0.4));
#2076=CARTESIAN_POINT('Ctrl Pts',(-9.82470736992133,8.27235344902019,0.));
#2077=CARTESIAN_POINT('Ctrl Pts',(-9.82470736992133,8.27235344902019,-0.4));
#2078=CARTESIAN_POINT('Ctrl Pts',(-9.90399674253386,8.20992529785735,0.));
#2079=CARTESIAN_POINT('Ctrl Pts',(-9.90399674253386,8.20992529785735,-0.4));
#2080=CARTESIAN_POINT('',(-9.3348859171865,8.42302220541174,-0.4));
#2081=CARTESIAN_POINT('',(-9.3348859171865,8.42302220541174,0.));
#2082=CARTESIAN_POINT('Ctrl Pts',(-9.3348859171865,8.42302220541174,-0.4));
#2083=CARTESIAN_POINT('Ctrl Pts',(-9.44602587574453,8.41629899554241,-0.4));
#2084=CARTESIAN_POINT('Ctrl Pts',(-9.65818405864245,8.40346487172568,-0.4));
#2085=CARTESIAN_POINT('Ctrl Pts',(-9.82470736992133,8.27235344902019,-0.4));
#2086=CARTESIAN_POINT('Ctrl Pts',(-9.90399674253386,8.20992529785735,-0.4));
#2087=CARTESIAN_POINT('Ctrl Pts',(-8.76932567052023,8.21596653567698,0.));
#2088=CARTESIAN_POINT('Ctrl Pts',(-8.76932567052023,8.21596653567698,-0.4));
#2089=CARTESIAN_POINT('Ctrl Pts',(-8.84727714903934,8.27598197218823,0.));
#2090=CARTESIAN_POINT('Ctrl Pts',(-8.84727714903934,8.27598197218823,-0.4));
#2091=CARTESIAN_POINT('Ctrl Pts',(-9.01339601978598,8.40387815491645,0.));
#2092=CARTESIAN_POINT('Ctrl Pts',(-9.01339601978598,8.40387815491645,-0.4));
#2093=CARTESIAN_POINT('Ctrl Pts',(-9.22341734806376,8.41638448542994,0.));
#2094=CARTESIAN_POINT('Ctrl Pts',(-9.22341734806376,8.41638448542994,-0.4));
#2095=CARTESIAN_POINT('Ctrl Pts',(-9.3348859171865,8.42302220541174,0.));
#2096=CARTESIAN_POINT('Ctrl Pts',(-9.3348859171865,8.42302220541174,-0.4));
#2097=CARTESIAN_POINT('',(-8.76932567052023,8.21596653567698,-0.4));
#2098=CARTESIAN_POINT('',(-8.76932567052023,8.21596653567698,0.));
#2099=CARTESIAN_POINT('Ctrl Pts',(-8.76932567052023,8.21596653567698,-0.4));
#2100=CARTESIAN_POINT('Ctrl Pts',(-8.84727714903934,8.27598197218823,-0.4));
#2101=CARTESIAN_POINT('Ctrl Pts',(-9.01339601978598,8.40387815491645,-0.4));
#2102=CARTESIAN_POINT('Ctrl Pts',(-9.22341734806376,8.41638448542994,-0.4));
#2103=CARTESIAN_POINT('Ctrl Pts',(-9.3348859171865,8.42302220541174,-0.4));
#2104=CARTESIAN_POINT('Ctrl Pts',(-8.56644401007773,7.62862464208465,0.));
#2105=CARTESIAN_POINT('Ctrl Pts',(-8.56644401007773,7.62862464208465,-0.4));
#2106=CARTESIAN_POINT('Ctrl Pts',(-8.5716225462308,7.74534246569572,0.));
#2107=CARTESIAN_POINT('Ctrl Pts',(-8.5716225462308,7.74534246569572,-0.4));
#2108=CARTESIAN_POINT('Ctrl Pts',(-8.58124313254421,7.96217862618034,0.));
#2109=CARTESIAN_POINT('Ctrl Pts',(-8.58124313254421,7.96217862618034,-0.4));
#2110=CARTESIAN_POINT('Ctrl Pts',(-8.70991490003403,8.1358010115112,0.));
#2111=CARTESIAN_POINT('Ctrl Pts',(-8.70991490003403,8.1358010115112,-0.4));
#2112=CARTESIAN_POINT('Ctrl Pts',(-8.76932567052023,8.21596653567698,0.));
#2113=CARTESIAN_POINT('Ctrl Pts',(-8.76932567052023,8.21596653567698,-0.4));
#2114=CARTESIAN_POINT('',(-8.56644401007773,7.62862464208465,-0.4));
#2115=CARTESIAN_POINT('',(-8.56644401007773,7.62862464208465,0.));
#2116=CARTESIAN_POINT('Ctrl Pts',(-8.56644401007773,7.62862464208465,-0.4));
#2117=CARTESIAN_POINT('Ctrl Pts',(-8.5716225462308,7.74534246569572,-0.4));
#2118=CARTESIAN_POINT('Ctrl Pts',(-8.58124313254421,7.96217862618034,-0.4));
#2119=CARTESIAN_POINT('Ctrl Pts',(-8.70991490003403,8.1358010115112,-0.4));
#2120=CARTESIAN_POINT('Ctrl Pts',(-8.76932567052023,8.21596653567698,-0.4));
#2121=CARTESIAN_POINT('Ctrl Pts',(-8.80442405050162,6.93124089942175,0.));
#2122=CARTESIAN_POINT('Ctrl Pts',(-8.80442405050162,6.93124089942175,-0.4));
#2123=CARTESIAN_POINT('Ctrl Pts',(-8.7354010342826,7.04484417228063,0.));
#2124=CARTESIAN_POINT('Ctrl Pts',(-8.7354010342826,7.04484417228063,-0.4));
#2125=CARTESIAN_POINT('Ctrl Pts',(-8.60455602263627,7.26019873622946,0.));
#2126=CARTESIAN_POINT('Ctrl Pts',(-8.60455602263627,7.26019873622946,-0.4));
#2127=CARTESIAN_POINT('Ctrl Pts',(-8.5786731960806,7.51040603780449,0.));
#2128=CARTESIAN_POINT('Ctrl Pts',(-8.5786731960806,7.51040603780449,-0.4));
#2129=CARTESIAN_POINT('Ctrl Pts',(-8.56644401007773,7.62862464208465,0.));
#2130=CARTESIAN_POINT('Ctrl Pts',(-8.56644401007773,7.62862464208465,-0.4));
#2131=CARTESIAN_POINT('',(-8.80442405050162,6.93124089942175,-0.4));
#2132=CARTESIAN_POINT('',(-8.80442405050162,6.93124089942175,0.));
#2133=CARTESIAN_POINT('Ctrl Pts',(-8.80442405050162,6.93124089942175,-0.4));
#2134=CARTESIAN_POINT('Ctrl Pts',(-8.7354010342826,7.04484417228063,-0.4));
#2135=CARTESIAN_POINT('Ctrl Pts',(-8.60455602263627,7.26019873622946,-0.4));
#2136=CARTESIAN_POINT('Ctrl Pts',(-8.5786731960806,7.51040603780449,-0.4));
#2137=CARTESIAN_POINT('Ctrl Pts',(-8.56644401007773,7.62862464208465,-0.4));
#2138=CARTESIAN_POINT('Ctrl Pts',(-9.75381700036656,5.96038171189754,0.));
#2139=CARTESIAN_POINT('Ctrl Pts',(-9.75381700036656,5.96038171189754,-0.4));
#2140=CARTESIAN_POINT('Ctrl Pts',(-9.54011192924837,6.15522211946187,0.));
#2141=CARTESIAN_POINT('Ctrl Pts',(-9.54011192924837,6.15522211946187,-0.4));
#2142=CARTESIAN_POINT('Ctrl Pts',(-9.20485424332605,6.46088517098604,0.));
#2143=CARTESIAN_POINT('Ctrl Pts',(-9.20485424332605,6.46088517098604,-0.4));
#2144=CARTESIAN_POINT('Ctrl Pts',(-8.91097448709844,6.8060839828887,0.));
#2145=CARTESIAN_POINT('Ctrl Pts',(-8.91097448709844,6.8060839828887,-0.4));
#2146=CARTESIAN_POINT('Ctrl Pts',(-8.80442405050162,6.93124089942175,0.));
#2147=CARTESIAN_POINT('Ctrl Pts',(-8.80442405050162,6.93124089942175,-0.4));
#2148=CARTESIAN_POINT('',(-9.75381700036656,5.96038171189754,-0.4));
#2149=CARTESIAN_POINT('',(-9.75381700036656,5.96038171189754,0.));
#2150=CARTESIAN_POINT('Ctrl Pts',(-9.75381700036656,5.96038171189754,-0.4));
#2151=CARTESIAN_POINT('Ctrl Pts',(-9.54011192924837,6.15522211946187,-0.4));
#2152=CARTESIAN_POINT('Ctrl Pts',(-9.20485424332605,6.46088517098604,-0.4));
#2153=CARTESIAN_POINT('Ctrl Pts',(-8.91097448709844,6.8060839828887,-0.4));
#2154=CARTESIAN_POINT('Ctrl Pts',(-8.80442405050162,6.93124089942175,-0.4));
#2155=CARTESIAN_POINT('Ctrl Pts',(-11.0417890366111,4.53810670846722,0.));
#2156=CARTESIAN_POINT('Ctrl Pts',(-11.0417890366111,4.53810670846722,-0.4));
#2157=CARTESIAN_POINT('Ctrl Pts',(-10.8851524183181,4.75063628712527,0.));
#2158=CARTESIAN_POINT('Ctrl Pts',(-10.8851524183181,4.75063628712527,-0.4));
#2159=CARTESIAN_POINT('Ctrl Pts',(-10.5041897560038,5.26753862444895,0.));
#2160=CARTESIAN_POINT('Ctrl Pts',(-10.5041897560038,5.26753862444895,-0.4));
#2161=CARTESIAN_POINT('Ctrl Pts',(-10.0319126430765,5.70360713918861,0.));
#2162=CARTESIAN_POINT('Ctrl Pts',(-10.0319126430765,5.70360713918861,-0.4));
#2163=CARTESIAN_POINT('Ctrl Pts',(-9.75381700036656,5.96038171189754,0.));
#2164=CARTESIAN_POINT('Ctrl Pts',(-9.75381700036656,5.96038171189754,-0.4));
#2165=CARTESIAN_POINT('',(-11.0417890366111,4.53810670846722,-0.4));
#2166=CARTESIAN_POINT('',(-11.0417890366111,4.53810670846722,0.));
#2167=CARTESIAN_POINT('Ctrl Pts',(-11.0417890366111,4.53810670846722,-0.4));
#2168=CARTESIAN_POINT('Ctrl Pts',(-10.8851524183181,4.75063628712527,-0.4));
#2169=CARTESIAN_POINT('Ctrl Pts',(-10.5041897560038,5.26753862444895,-0.4));
#2170=CARTESIAN_POINT('Ctrl Pts',(-10.0319126430765,5.70360713918861,-0.4));
#2171=CARTESIAN_POINT('Ctrl Pts',(-9.75381700036656,5.96038171189754,-0.4));
#2172=CARTESIAN_POINT('Ctrl Pts',(-11.4356247850809,3.40082415951946,0.));
#2173=CARTESIAN_POINT('Ctrl Pts',(-11.4356247850809,3.40082415951946,-0.4));
#2174=CARTESIAN_POINT('Ctrl Pts',(-11.401892269578,3.59923846277283,0.));
#2175=CARTESIAN_POINT('Ctrl Pts',(-11.401892269578,3.59923846277283,-0.4));
#2176=CARTESIAN_POINT('Ctrl Pts',(-11.3337392449901,4.00011384032976,0.));
#2177=CARTESIAN_POINT('Ctrl Pts',(-11.3337392449901,4.00011384032976,-0.4));
#2178=CARTESIAN_POINT('Ctrl Pts',(-11.1397585072925,4.35757292219443,0.));
#2179=CARTESIAN_POINT('Ctrl Pts',(-11.1397585072925,4.35757292219443,-0.4));
#2180=CARTESIAN_POINT('Ctrl Pts',(-11.0417890366111,4.53810670846722,0.));
#2181=CARTESIAN_POINT('Ctrl Pts',(-11.0417890366111,4.53810670846722,-0.4));
#2182=CARTESIAN_POINT('',(-11.4356247850809,3.40082415951946,-0.4));
#2183=CARTESIAN_POINT('',(-11.4356247850809,3.40082415951946,0.));
#2184=CARTESIAN_POINT('Ctrl Pts',(-11.4356247850809,3.40082415951946,-0.4));
#2185=CARTESIAN_POINT('Ctrl Pts',(-11.401892269578,3.59923846277283,-0.4));
#2186=CARTESIAN_POINT('Ctrl Pts',(-11.3337392449901,4.00011384032976,-0.4));
#2187=CARTESIAN_POINT('Ctrl Pts',(-11.1397585072925,4.35757292219443,-0.4));
#2188=CARTESIAN_POINT('Ctrl Pts',(-11.0417890366111,4.53810670846722,-0.4));
#2189=CARTESIAN_POINT('Origin',(-7.43700484723449,3.38634844254002,0.));
#2190=CARTESIAN_POINT('',(-7.43700484723449,3.38634844254002,-0.4));
#2191=CARTESIAN_POINT('',(-7.43700484723449,3.38634844254002,0.));
#2192=CARTESIAN_POINT('',(-7.43700484723449,3.38634844254002,-0.4));
#2193=CARTESIAN_POINT('Origin',(-7.43316914900364,4.44588141373825,0.));
#2194=CARTESIAN_POINT('',(-7.43316914900364,4.44588141373825,-0.4));
#2195=CARTESIAN_POINT('',(-7.43316914900364,4.44588141373825,0.));
#2196=CARTESIAN_POINT('',(-7.43316914900364,4.44588141373825,-0.4));
#2197=CARTESIAN_POINT('Origin',(-9.69837697414352,4.45408186986713,0.));
#2198=CARTESIAN_POINT('',(-9.69837697414352,4.45408186986713,-0.4));
#2199=CARTESIAN_POINT('Origin',(-10.3815138167995,6.37267042949936,-0.4));
#2200=CARTESIAN_POINT('Origin',(-14.8845493830784,8.35786198056501,0.));
#2201=CARTESIAN_POINT('',(-14.8845493830784,8.35786198056501,0.));
#2202=CARTESIAN_POINT('',(-15.8222968559479,8.36125679358211,0.));
#2203=CARTESIAN_POINT('',(-16.2088055512986,8.36265602395933,0.));
#2204=CARTESIAN_POINT('',(-14.8845493830784,8.35786198056501,-0.4));
#2205=CARTESIAN_POINT('',(-14.8845493830784,8.35786198056501,0.));
#2206=CARTESIAN_POINT('',(-15.8222968559479,8.36125679358211,-0.4));
#2207=CARTESIAN_POINT('',(-14.8845493830784,8.35786198056501,-0.4));
#2208=CARTESIAN_POINT('',(-15.8222968559479,8.36125679358211,0.));
#2209=CARTESIAN_POINT('Ctrl Pts',(-14.0077679914114,8.33438997689034,0.));
#2210=CARTESIAN_POINT('Ctrl Pts',(-14.0077679914114,8.33438997689034,-0.4));
#2211=CARTESIAN_POINT('Ctrl Pts',(-14.105153971646,8.34052222729334,0.));
#2212=CARTESIAN_POINT('Ctrl Pts',(-14.105153971646,8.34052222729334,-0.4));
#2213=CARTESIAN_POINT('Ctrl Pts',(-14.3970555987198,8.35890283881409,0.));
#2214=CARTESIAN_POINT('Ctrl Pts',(-14.3970555987198,8.35890283881409,-0.4));
#2215=CARTESIAN_POINT('Ctrl Pts',(-14.6896032455126,8.35827821417029,0.));
#2216=CARTESIAN_POINT('Ctrl Pts',(-14.6896032455126,8.35827821417029,-0.4));
#2217=CARTESIAN_POINT('Ctrl Pts',(-14.8845493830784,8.35786198056501,0.));
#2218=CARTESIAN_POINT('Ctrl Pts',(-14.8845493830784,8.35786198056501,-0.4));
#2219=CARTESIAN_POINT('',(-14.0077679914114,8.33438997689034,0.));
#2220=CARTESIAN_POINT('Ctrl Pts',(-14.0077679914114,8.33438997689034,0.));
#2221=CARTESIAN_POINT('Ctrl Pts',(-14.105153971646,8.34052222729334,0.));
#2222=CARTESIAN_POINT('Ctrl Pts',(-14.3970555987198,8.35890283881409,0.));
#2223=CARTESIAN_POINT('Ctrl Pts',(-14.6896032455126,8.35827821417029,0.));
#2224=CARTESIAN_POINT('Ctrl Pts',(-14.8845493830784,8.35786198056501,0.));
#2225=CARTESIAN_POINT('',(-14.0077679914114,8.33438997689034,-0.4));
#2226=CARTESIAN_POINT('',(-14.0077679914114,8.33438997689034,0.));
#2227=CARTESIAN_POINT('Ctrl Pts',(-14.0077679914114,8.33438997689034,-0.4));
#2228=CARTESIAN_POINT('Ctrl Pts',(-14.105153971646,8.34052222729334,-0.4));
#2229=CARTESIAN_POINT('Ctrl Pts',(-14.3970555987198,8.35890283881409,-0.4));
#2230=CARTESIAN_POINT('Ctrl Pts',(-14.6896032455126,8.35827821417029,-0.4));
#2231=CARTESIAN_POINT('Ctrl Pts',(-14.8845493830784,8.35786198056501,-0.4));
#2232=CARTESIAN_POINT('Ctrl Pts',(-13.555977419783,8.09932947305501,0.));
#2233=CARTESIAN_POINT('Ctrl Pts',(-13.555977419783,8.09932947305501,-0.4));
#2234=CARTESIAN_POINT('Ctrl Pts',(-13.6170429669528,8.15580691388351,0.));
#2235=CARTESIAN_POINT('Ctrl Pts',(-13.6170429669528,8.15580691388351,-0.4));
#2236=CARTESIAN_POINT('Ctrl Pts',(-13.745909573829,8.27499124124878,0.));
#2237=CARTESIAN_POINT('Ctrl Pts',(-13.745909573829,8.27499124124878,-0.4));
#2238=CARTESIAN_POINT('Ctrl Pts',(-13.9174924595274,8.31391229852206,0.));
#2239=CARTESIAN_POINT('Ctrl Pts',(-13.9174924595274,8.31391229852206,-0.4));
#2240=CARTESIAN_POINT('Ctrl Pts',(-14.0077679914114,8.33438997689034,0.));
#2241=CARTESIAN_POINT('Ctrl Pts',(-14.0077679914114,8.33438997689034,-0.4));
#2242=CARTESIAN_POINT('',(-13.555977419783,8.09932947305501,0.));
#2243=CARTESIAN_POINT('Ctrl Pts',(-13.555977419783,8.09932947305501,0.));
#2244=CARTESIAN_POINT('Ctrl Pts',(-13.6170429669528,8.15580691388351,0.));
#2245=CARTESIAN_POINT('Ctrl Pts',(-13.745909573829,8.27499124124878,0.));
#2246=CARTESIAN_POINT('Ctrl Pts',(-13.9174924595274,8.31391229852206,0.));
#2247=CARTESIAN_POINT('Ctrl Pts',(-14.0077679914114,8.33438997689034,0.));
#2248=CARTESIAN_POINT('',(-13.555977419783,8.09932947305501,-0.4));
#2249=CARTESIAN_POINT('',(-13.555977419783,8.09932947305501,0.));
#2250=CARTESIAN_POINT('Ctrl Pts',(-13.555977419783,8.09932947305501,-0.4));
#2251=CARTESIAN_POINT('Ctrl Pts',(-13.6170429669528,8.15580691388351,-0.4));
#2252=CARTESIAN_POINT('Ctrl Pts',(-13.745909573829,8.27499124124878,-0.4));
#2253=CARTESIAN_POINT('Ctrl Pts',(-13.9174924595274,8.31391229852206,-0.4));
#2254=CARTESIAN_POINT('Ctrl Pts',(-14.0077679914114,8.33438997689034,-0.4));
#2255=CARTESIAN_POINT('Ctrl Pts',(-13.3973826703365,7.61363710164749,0.));
#2256=CARTESIAN_POINT('Ctrl Pts',(-13.3973826703365,7.61363710164749,-0.4));
#2257=CARTESIAN_POINT('Ctrl Pts',(-13.4020858719467,7.706995922665,0.));
#2258=CARTESIAN_POINT('Ctrl Pts',(-13.4020858719467,7.706995922665,-0.4));
#2259=CARTESIAN_POINT('Ctrl Pts',(-13.4109906797481,7.88375686693906,0.));
#2260=CARTESIAN_POINT('Ctrl Pts',(-13.4109906797481,7.88375686693906,-0.4));
#2261=CARTESIAN_POINT('Ctrl Pts',(-13.509498101724,8.0302219965916,0.));
#2262=CARTESIAN_POINT('Ctrl Pts',(-13.509498101724,8.0302219965916,-0.4));
#2263=CARTESIAN_POINT('Ctrl Pts',(-13.555977419783,8.09932947305501,0.));
#2264=CARTESIAN_POINT('Ctrl Pts',(-13.555977419783,8.09932947305501,-0.4));
#2265=CARTESIAN_POINT('',(-13.3973826703365,7.61363710164749,0.));
#2266=CARTESIAN_POINT('Ctrl Pts',(-13.3973826703365,7.61363710164749,0.));
#2267=CARTESIAN_POINT('Ctrl Pts',(-13.4020858719467,7.706995922665,0.));
#2268=CARTESIAN_POINT('Ctrl Pts',(-13.4109906797481,7.88375686693906,0.));
#2269=CARTESIAN_POINT('Ctrl Pts',(-13.509498101724,8.0302219965916,0.));
#2270=CARTESIAN_POINT('Ctrl Pts',(-13.555977419783,8.09932947305501,0.));
#2271=CARTESIAN_POINT('',(-13.3973826703365,7.61363710164749,-0.4));
#2272=CARTESIAN_POINT('',(-13.3973826703365,7.61363710164749,0.));
#2273=CARTESIAN_POINT('Ctrl Pts',(-13.3973826703365,7.61363710164749,-0.4));
#2274=CARTESIAN_POINT('Ctrl Pts',(-13.4020858719467,7.706995922665,-0.4));
#2275=CARTESIAN_POINT('Ctrl Pts',(-13.4109906797481,7.88375686693906,-0.4));
#2276=CARTESIAN_POINT('Ctrl Pts',(-13.509498101724,8.0302219965916,-0.4));
#2277=CARTESIAN_POINT('Ctrl Pts',(-13.555977419783,8.09932947305501,-0.4));
#2278=CARTESIAN_POINT('Ctrl Pts',(-13.5207847463438,7.16753155701761,0.));
#2279=CARTESIAN_POINT('Ctrl Pts',(-13.5207847463438,7.16753155701761,-0.4));
#2280=CARTESIAN_POINT('Ctrl Pts',(-13.4850580117575,7.23296225285577,0.));
#2281=CARTESIAN_POINT('Ctrl Pts',(-13.4850580117575,7.23296225285577,-0.4));
#2282=CARTESIAN_POINT('Ctrl Pts',(-13.4092749233749,7.37175300054298,0.));
#2283=CARTESIAN_POINT('Ctrl Pts',(-13.4092749233749,7.37175300054298,-0.4));
#2284=CARTESIAN_POINT('Ctrl Pts',(-13.4014949164435,7.52999551162155,0.));
#2285=CARTESIAN_POINT('Ctrl Pts',(-13.4014949164435,7.52999551162155,-0.4));
#2286=CARTESIAN_POINT('Ctrl Pts',(-13.3973826703365,7.61363710164749,0.));
#2287=CARTESIAN_POINT('Ctrl Pts',(-13.3973826703365,7.61363710164749,-0.4));
#2288=CARTESIAN_POINT('',(-13.5207847463438,7.16753155701761,0.));
#2289=CARTESIAN_POINT('Ctrl Pts',(-13.5207847463438,7.16753155701761,0.));
#2290=CARTESIAN_POINT('Ctrl Pts',(-13.4850580117575,7.23296225285577,0.));
#2291=CARTESIAN_POINT('Ctrl Pts',(-13.4092749233749,7.37175300054298,0.));
#2292=CARTESIAN_POINT('Ctrl Pts',(-13.4014949164435,7.52999551162155,0.));
#2293=CARTESIAN_POINT('Ctrl Pts',(-13.3973826703365,7.61363710164749,0.));
#2294=CARTESIAN_POINT('',(-13.5207847463438,7.16753155701761,-0.4));
#2295=CARTESIAN_POINT('',(-13.5207847463438,7.16753155701761,0.));
#2296=CARTESIAN_POINT('Ctrl Pts',(-13.5207847463438,7.16753155701761,-0.4));
#2297=CARTESIAN_POINT('Ctrl Pts',(-13.4850580117575,7.23296225285577,-0.4));
#2298=CARTESIAN_POINT('Ctrl Pts',(-13.4092749233749,7.37175300054298,-0.4));
#2299=CARTESIAN_POINT('Ctrl Pts',(-13.4014949164435,7.52999551162155,-0.4));
#2300=CARTESIAN_POINT('Ctrl Pts',(-13.3973826703365,7.61363710164749,-0.4));
#2301=CARTESIAN_POINT('Ctrl Pts',(-13.8586354797292,6.91706134818427,0.));
#2302=CARTESIAN_POINT('Ctrl Pts',(-13.8586354797292,6.91706134818427,-0.4));
#2303=CARTESIAN_POINT('Ctrl Pts',(-13.7909873191015,6.9451616667956,0.));
#2304=CARTESIAN_POINT('Ctrl Pts',(-13.7909873191015,6.9451616667956,-0.4));
#2305=CARTESIAN_POINT('Ctrl Pts',(-13.6574878554491,7.00061590868884,0.));
#2306=CARTESIAN_POINT('Ctrl Pts',(-13.6574878554491,7.00061590868884,-0.4));
#2307=CARTESIAN_POINT('Ctrl Pts',(-13.5659417227235,7.11239450828241,0.));
#2308=CARTESIAN_POINT('Ctrl Pts',(-13.5659417227235,7.11239450828241,-0.4));
#2309=CARTESIAN_POINT('Ctrl Pts',(-13.5207847463438,7.16753155701761,0.));
#2310=CARTESIAN_POINT('Ctrl Pts',(-13.5207847463438,7.16753155701761,-0.4));
#2311=CARTESIAN_POINT('',(-13.8586354797292,6.91706134818427,0.));
#2312=CARTESIAN_POINT('Ctrl Pts',(-13.8586354797292,6.91706134818427,0.));
#2313=CARTESIAN_POINT('Ctrl Pts',(-13.7909873191015,6.9451616667956,0.));
#2314=CARTESIAN_POINT('Ctrl Pts',(-13.6574878554491,7.00061590868884,0.));
#2315=CARTESIAN_POINT('Ctrl Pts',(-13.5659417227235,7.11239450828241,0.));
#2316=CARTESIAN_POINT('Ctrl Pts',(-13.5207847463438,7.16753155701761,0.));
#2317=CARTESIAN_POINT('',(-13.8586354797292,6.91706134818427,-0.4));
#2318=CARTESIAN_POINT('',(-13.8586354797292,6.91706134818427,0.));
#2319=CARTESIAN_POINT('Ctrl Pts',(-13.8586354797292,6.91706134818427,-0.4));
#2320=CARTESIAN_POINT('Ctrl Pts',(-13.7909873191015,6.9451616667956,-0.4));
#2321=CARTESIAN_POINT('Ctrl Pts',(-13.6574878554491,7.00061590868884,-0.4));
#2322=CARTESIAN_POINT('Ctrl Pts',(-13.5659417227235,7.11239450828241,-0.4));
#2323=CARTESIAN_POINT('Ctrl Pts',(-13.5207847463438,7.16753155701761,-0.4));
#2324=CARTESIAN_POINT('Ctrl Pts',(-14.9387306145649,6.84789928807091,0.));
#2325=CARTESIAN_POINT('Ctrl Pts',(-14.9387306145649,6.84789928807091,-0.4));
#2326=CARTESIAN_POINT('Ctrl Pts',(-14.7038807825871,6.84421048083876,0.));
#2327=CARTESIAN_POINT('Ctrl Pts',(-14.7038807825871,6.84421048083876,-0.4));
#2328=CARTESIAN_POINT('Ctrl Pts',(-14.3415022366009,6.83851856873495,0.));
#2329=CARTESIAN_POINT('Ctrl Pts',(-14.3415022366009,6.83851856873495,-0.4));
#2330=CARTESIAN_POINT('Ctrl Pts',(-13.9843314666429,6.89661572413304,0.));
#2331=CARTESIAN_POINT('Ctrl Pts',(-13.9843314666429,6.89661572413304,-0.4));
#2332=CARTESIAN_POINT('Ctrl Pts',(-13.8586354797292,6.91706134818427,0.));
#2333=CARTESIAN_POINT('Ctrl Pts',(-13.8586354797292,6.91706134818427,-0.4));
#2334=CARTESIAN_POINT('',(-14.9387306145649,6.84789928807091,0.));
#2335=CARTESIAN_POINT('Ctrl Pts',(-14.9387306145649,6.84789928807091,0.));
#2336=CARTESIAN_POINT('Ctrl Pts',(-14.7038807825871,6.84421048083876,0.));
#2337=CARTESIAN_POINT('Ctrl Pts',(-14.3415022366009,6.83851856873495,0.));
#2338=CARTESIAN_POINT('Ctrl Pts',(-13.9843314666429,6.89661572413304,0.));
#2339=CARTESIAN_POINT('Ctrl Pts',(-13.8586354797292,6.91706134818427,0.));
#2340=CARTESIAN_POINT('',(-14.9387306145649,6.84789928807091,-0.4));
#2341=CARTESIAN_POINT('',(-14.9387306145649,6.84789928807091,0.));
#2342=CARTESIAN_POINT('Ctrl Pts',(-14.9387306145649,6.84789928807091,-0.4));
#2343=CARTESIAN_POINT('Ctrl Pts',(-14.7038807825871,6.84421048083876,-0.4));
#2344=CARTESIAN_POINT('Ctrl Pts',(-14.3415022366009,6.83851856873495,-0.4));
#2345=CARTESIAN_POINT('Ctrl Pts',(-13.9843314666429,6.89661572413304,-0.4));
#2346=CARTESIAN_POINT('Ctrl Pts',(-13.8586354797292,6.91706134818427,-0.4));
#2347=CARTESIAN_POINT('Origin',(-15.8277638284986,6.85111774678674,0.));
#2348=CARTESIAN_POINT('',(-15.8277638284986,6.85111774678674,0.));
#2349=CARTESIAN_POINT('',(-16.683146260284,6.85421438367251,0.));
#2350=CARTESIAN_POINT('',(-15.8277638284986,6.85111774678674,-0.4));
#2351=CARTESIAN_POINT('',(-15.8277638284986,6.85111774678674,0.));
#2352=CARTESIAN_POINT('',(-15.8277638284986,6.85111774678674,-0.4));
#2353=CARTESIAN_POINT('Origin',(-15.8222968559479,8.36125679358211,0.));
#2354=CARTESIAN_POINT('',(-15.8057661265737,12.9275317599053,0.));
#2355=CARTESIAN_POINT('',(-15.8222968559479,8.36125679358211,-0.4));
#2356=CARTESIAN_POINT('Origin',(-15.8312027303608,5.90119163467797,0.));
#2357=CARTESIAN_POINT('',(-15.8312027303608,5.90119163467797,-0.4));
#2358=CARTESIAN_POINT('',(-15.8312027303608,5.90119163467797,0.));
#2359=CARTESIAN_POINT('',(-15.8401967813848,3.4167694953166,-0.4));
#2360=CARTESIAN_POINT('',(-15.8312027303608,5.90119163467798,-0.4));
#2361=CARTESIAN_POINT('',(-15.8401967813848,3.4167694953166,0.));
#2362=CARTESIAN_POINT('Origin',(-15.5876318827139,5.90030986478992,0.));
#2363=CARTESIAN_POINT('',(-15.5876318827139,5.90030986478992,-0.4));
#2364=CARTESIAN_POINT('',(-15.5876318827139,5.90030986478992,0.));
#2365=CARTESIAN_POINT('',(-15.5876318827139,5.90030986478992,-0.4));
#2366=CARTESIAN_POINT('Ctrl Pts',(-14.9830069708851,5.83113806819682,0.));
#2367=CARTESIAN_POINT('Ctrl Pts',(-14.9830069708851,5.83113806819682,-0.4));
#2368=CARTESIAN_POINT('Ctrl Pts',(-15.0648126392393,5.85082516507084,0.));
#2369=CARTESIAN_POINT('Ctrl Pts',(-15.0648126392393,5.85082516507084,-0.4));
#2370=CARTESIAN_POINT('Ctrl Pts',(-15.2631911253843,5.89856631251248,0.));
#2371=CARTESIAN_POINT('Ctrl Pts',(-15.2631911253843,5.89856631251248,-0.4));
#2372=CARTESIAN_POINT('Ctrl Pts',(-15.4675467368026,5.89966452438521,0.));
#2373=CARTESIAN_POINT('Ctrl Pts',(-15.4675467368026,5.89966452438521,-0.4));
#2374=CARTESIAN_POINT('Ctrl Pts',(-15.5876318827139,5.90030986478992,0.));
#2375=CARTESIAN_POINT('Ctrl Pts',(-15.5876318827139,5.90030986478992,-0.4));
#2376=CARTESIAN_POINT('',(-14.9830069708851,5.83113806819682,-0.4));
#2377=CARTESIAN_POINT('',(-14.9830069708851,5.83113806819682,0.));
#2378=CARTESIAN_POINT('Ctrl Pts',(-14.9830069708851,5.83113806819682,-0.4));
#2379=CARTESIAN_POINT('Ctrl Pts',(-15.0648126392393,5.85082516507084,-0.4));
#2380=CARTESIAN_POINT('Ctrl Pts',(-15.2631911253843,5.89856631251248,-0.4));
#2381=CARTESIAN_POINT('Ctrl Pts',(-15.4675467368026,5.89966452438521,-0.4));
#2382=CARTESIAN_POINT('Ctrl Pts',(-15.5876318827139,5.90030986478992,-0.4));
#2383=CARTESIAN_POINT('Ctrl Pts',(-14.6226068845848,5.58220006390735,0.));
#2384=CARTESIAN_POINT('Ctrl Pts',(-14.6226068845848,5.58220006390735,-0.4));
#2385=CARTESIAN_POINT('Ctrl Pts',(-14.6782001398671,5.63718906394071,0.));
#2386=CARTESIAN_POINT('Ctrl Pts',(-14.6782001398671,5.63718906394071,-0.4));
#2387=CARTESIAN_POINT('Ctrl Pts',(-14.7837433144072,5.74158506663635,0.));
#2388=CARTESIAN_POINT('Ctrl Pts',(-14.7837433144072,5.74158506663635,-0.4));
#2389=CARTESIAN_POINT('Ctrl Pts',(-14.9189963881063,5.80237045487082,0.));
#2390=CARTESIAN_POINT('Ctrl Pts',(-14.9189963881063,5.80237045487082,-0.4));
#2391=CARTESIAN_POINT('Ctrl Pts',(-14.9830069708851,5.83113806819682,0.));
#2392=CARTESIAN_POINT('Ctrl Pts',(-14.9830069708851,5.83113806819682,-0.4));
#2393=CARTESIAN_POINT('',(-14.6226068845848,5.58220006390735,-0.4));
#2394=CARTESIAN_POINT('',(-14.6226068845848,5.58220006390735,0.));
#2395=CARTESIAN_POINT('Ctrl Pts',(-14.6226068845848,5.58220006390735,-0.4));
#2396=CARTESIAN_POINT('Ctrl Pts',(-14.6782001398671,5.63718906394071,-0.4));
#2397=CARTESIAN_POINT('Ctrl Pts',(-14.7837433144072,5.74158506663635,-0.4));
#2398=CARTESIAN_POINT('Ctrl Pts',(-14.9189963881063,5.80237045487082,-0.4));
#2399=CARTESIAN_POINT('Ctrl Pts',(-14.9830069708851,5.83113806819682,-0.4));
#2400=CARTESIAN_POINT('Ctrl Pts',(-13.9924897342131,4.70508211444599,0.));
#2401=CARTESIAN_POINT('Ctrl Pts',(-13.9924897342131,4.70508211444599,-0.4));
#2402=CARTESIAN_POINT('Ctrl Pts',(-14.1179325153597,4.8969157588529,0.));
#2403=CARTESIAN_POINT('Ctrl Pts',(-14.1179325153597,4.8969157588529,-0.4));
#2404=CARTESIAN_POINT('Ctrl Pts',(-14.3152204646178,5.19861878199873,0.));
#2405=CARTESIAN_POINT('Ctrl Pts',(-14.3152204646178,5.19861878199873,-0.4));
#2406=CARTESIAN_POINT('Ctrl Pts',(-14.5405499856287,5.47980292321914,0.));
#2407=CARTESIAN_POINT('Ctrl Pts',(-14.5405499856287,5.47980292321914,-0.4));
#2408=CARTESIAN_POINT('Ctrl Pts',(-14.6226068845848,5.58220006390735,0.));
#2409=CARTESIAN_POINT('Ctrl Pts',(-14.6226068845848,5.58220006390735,-0.4));
#2410=CARTESIAN_POINT('',(-13.9924897342131,4.70508211444599,-0.4));
#2411=CARTESIAN_POINT('',(-13.9924897342131,4.70508211444599,0.));
#2412=CARTESIAN_POINT('Ctrl Pts',(-13.9924897342131,4.70508211444599,-0.4));
#2413=CARTESIAN_POINT('Ctrl Pts',(-14.1179325153597,4.8969157588529,-0.4));
#2414=CARTESIAN_POINT('Ctrl Pts',(-14.3152204646178,5.19861878199873,-0.4));
#2415=CARTESIAN_POINT('Ctrl Pts',(-14.5405499856287,5.47980292321914,-0.4));
#2416=CARTESIAN_POINT('Ctrl Pts',(-14.6226068845848,5.58220006390735,-0.4));
#2417=CARTESIAN_POINT('Origin',(-13.1284419303588,3.40695245935138,0.));
#2418=CARTESIAN_POINT('',(-13.1284419303588,3.40695245935138,-0.4));
#2419=CARTESIAN_POINT('',(-13.1284419303588,3.40695245935138,0.));
#2420=CARTESIAN_POINT('',(-13.1284419303588,3.40695245935138,-0.4));
#2421=CARTESIAN_POINT('Origin',(-11.6913741229564,3.40175001771312,0.));
#2422=CARTESIAN_POINT('',(-11.6913741229564,3.40175001771312,-0.4));
#2423=CARTESIAN_POINT('',(-11.6913741229564,3.40175001771312,0.));
#2424=CARTESIAN_POINT('',(-11.6913741229564,3.40175001771312,-0.4));
#2425=CARTESIAN_POINT('Origin',(-12.4138237698157,4.56540116897722,0.));
#2426=CARTESIAN_POINT('',(-12.4138237698157,4.56540116897722,-0.4));
#2427=CARTESIAN_POINT('',(-12.4138237698157,4.56540116897722,0.));
#2428=CARTESIAN_POINT('',(-12.4138237698157,4.56540116897722,-0.4));
#2429=CARTESIAN_POINT('Ctrl Pts',(-13.0943543372804,5.53404216832301,0.));
#2430=CARTESIAN_POINT('Ctrl Pts',(-13.0943543372804,5.53404216832301,-0.4));
#2431=CARTESIAN_POINT('Ctrl Pts',(-12.9932095889902,5.40949040901798,0.));
#2432=CARTESIAN_POINT('Ctrl Pts',(-12.9932095889902,5.40949040901798,-0.4));
#2433=CARTESIAN_POINT('Ctrl Pts',(-12.7439957360002,5.10260325612292,0.));
#2434=CARTESIAN_POINT('Ctrl Pts',(-12.7439957360002,5.10260325612292,-0.4));
#2435=CARTESIAN_POINT('Ctrl Pts',(-12.5368803129763,4.765618748279,0.));
#2436=CARTESIAN_POINT('Ctrl Pts',(-12.5368803129763,4.765618748279,-0.4));
#2437=CARTESIAN_POINT('Ctrl Pts',(-12.4138237698157,4.56540116897722,0.));
#2438=CARTESIAN_POINT('Ctrl Pts',(-12.4138237698157,4.56540116897722,-0.4));
#2439=CARTESIAN_POINT('',(-13.0943543372804,5.53404216832301,-0.4));
#2440=CARTESIAN_POINT('',(-13.0943543372804,5.53404216832301,0.));
#2441=CARTESIAN_POINT('Ctrl Pts',(-13.0943543372804,5.53404216832301,-0.4));
#2442=CARTESIAN_POINT('Ctrl Pts',(-12.9932095889902,5.40949040901798,-0.4));
#2443=CARTESIAN_POINT('Ctrl Pts',(-12.7439957360002,5.10260325612292,-0.4));
#2444=CARTESIAN_POINT('Ctrl Pts',(-12.5368803129763,4.765618748279,-0.4));
#2445=CARTESIAN_POINT('Ctrl Pts',(-12.4138237698157,4.56540116897722,-0.4));
#2446=CARTESIAN_POINT('Ctrl Pts',(-13.7359797001803,6.03569154696008,0.));
#2447=CARTESIAN_POINT('Ctrl Pts',(-13.7359797001803,6.03569154696008,-0.4));
#2448=CARTESIAN_POINT('Ctrl Pts',(-13.6143223743151,5.96004663227764,0.));
#2449=CARTESIAN_POINT('Ctrl Pts',(-13.6143223743151,5.96004663227764,-0.4));
#2450=CARTESIAN_POINT('Ctrl Pts',(-13.3823491164613,5.81580873148396,0.));
#2451=CARTESIAN_POINT('Ctrl Pts',(-13.3823491164613,5.81580873148396,-0.4));
#2452=CARTESIAN_POINT('Ctrl Pts',(-13.1871717951962,5.62485234270407,0.));
#2453=CARTESIAN_POINT('Ctrl Pts',(-13.1871717951962,5.62485234270407,-0.4));
#2454=CARTESIAN_POINT('Ctrl Pts',(-13.0943543372804,5.53404216832301,0.));
#2455=CARTESIAN_POINT('Ctrl Pts',(-13.0943543372804,5.53404216832301,-0.4));
#2456=CARTESIAN_POINT('',(-13.7359797001803,6.03569154696008,-0.4));
#2457=CARTESIAN_POINT('',(-13.7359797001803,6.03569154696008,0.));
#2458=CARTESIAN_POINT('Ctrl Pts',(-13.7359797001803,6.03569154696008,-0.4));
#2459=CARTESIAN_POINT('Ctrl Pts',(-13.6143223743151,5.96004663227764,-0.4));
#2460=CARTESIAN_POINT('Ctrl Pts',(-13.3823491164613,5.81580873148396,-0.4));
#2461=CARTESIAN_POINT('Ctrl Pts',(-13.1871717951962,5.62485234270407,-0.4));
#2462=CARTESIAN_POINT('Ctrl Pts',(-13.0943543372804,5.53404216832301,-0.4));
#2463=CARTESIAN_POINT('Ctrl Pts',(-12.5567292493002,6.58149347938074,0.));
#2464=CARTESIAN_POINT('Ctrl Pts',(-12.5567292493002,6.58149347938074,-0.4));
#2465=CARTESIAN_POINT('Ctrl Pts',(-12.7138737793242,6.44890286597119,0.));
#2466=CARTESIAN_POINT('Ctrl Pts',(-12.7138737793242,6.44890286597119,-0.4));
#2467=CARTESIAN_POINT('Ctrl Pts',(-13.0557788953022,6.1604206066876,0.));
#2468=CARTESIAN_POINT('Ctrl Pts',(-13.0557788953022,6.1604206066876,-0.4));
#2469=CARTESIAN_POINT('Ctrl Pts',(-13.4973571758453,6.07944798311343,0.));
#2470=CARTESIAN_POINT('Ctrl Pts',(-13.4973571758453,6.07944798311343,-0.4));
#2471=CARTESIAN_POINT('Ctrl Pts',(-13.7359797001803,6.03569154696008,0.));
#2472=CARTESIAN_POINT('Ctrl Pts',(-13.7359797001803,6.03569154696008,-0.4));
#2473=CARTESIAN_POINT('',(-12.5567292493002,6.58149347938074,-0.4));
#2474=CARTESIAN_POINT('',(-12.5567292493002,6.58149347938074,0.));
#2475=CARTESIAN_POINT('Ctrl Pts',(-12.5567292493002,6.58149347938074,-0.4));
#2476=CARTESIAN_POINT('Ctrl Pts',(-12.7138737793242,6.44890286597119,-0.4));
#2477=CARTESIAN_POINT('Ctrl Pts',(-13.0557788953022,6.1604206066876,-0.4));
#2478=CARTESIAN_POINT('Ctrl Pts',(-13.4973571758453,6.07944798311343,-0.4));
#2479=CARTESIAN_POINT('Ctrl Pts',(-13.7359797001803,6.03569154696008,-0.4));
#2480=CARTESIAN_POINT('Ctrl Pts',(-12.1589520199344,7.68628535990198,0.));
#2481=CARTESIAN_POINT('Ctrl Pts',(-12.1589520199344,7.68628535990198,-0.4));
#2482=CARTESIAN_POINT('Ctrl Pts',(-12.1736205798988,7.47563601024323,0.));
#2483=CARTESIAN_POINT('Ctrl Pts',(-12.1736205798988,7.47563601024323,-0.4));
#2484=CARTESIAN_POINT('Ctrl Pts',(-12.2019358934043,7.06901106615803,0.));
#2485=CARTESIAN_POINT('Ctrl Pts',(-12.2019358934043,7.06901106615803,-0.4));
#2486=CARTESIAN_POINT('Ctrl Pts',(-12.4413446215467,6.7400422073623,0.));
#2487=CARTESIAN_POINT('Ctrl Pts',(-12.4413446215467,6.7400422073623,-0.4));
#2488=CARTESIAN_POINT('Ctrl Pts',(-12.5567292493002,6.58149347938074,0.));
#2489=CARTESIAN_POINT('Ctrl Pts',(-12.5567292493002,6.58149347938074,-0.4));
#2490=CARTESIAN_POINT('',(-12.1589520199344,7.68628535990198,-0.4));
#2491=CARTESIAN_POINT('',(-12.1589520199344,7.68628535990198,0.));
#2492=CARTESIAN_POINT('Ctrl Pts',(-12.1589520199344,7.68628535990198,-0.4));
#2493=CARTESIAN_POINT('Ctrl Pts',(-12.1736205798988,7.47563601024323,-0.4));
#2494=CARTESIAN_POINT('Ctrl Pts',(-12.2019358934043,7.06901106615803,-0.4));
#2495=CARTESIAN_POINT('Ctrl Pts',(-12.4413446215467,6.7400422073623,-0.4));
#2496=CARTESIAN_POINT('Ctrl Pts',(-12.5567292493002,6.58149347938074,-0.4));
#2497=CARTESIAN_POINT('Ctrl Pts',(-12.4153655945037,8.62497338544868,0.));
#2498=CARTESIAN_POINT('Ctrl Pts',(-12.4153655945037,8.62497338544868,-0.4));
#2499=CARTESIAN_POINT('Ctrl Pts',(-12.3401178041366,8.48125217039315,0.));
#2500=CARTESIAN_POINT('Ctrl Pts',(-12.3401178041366,8.48125217039315,-0.4));
#2501=CARTESIAN_POINT('Ctrl Pts',(-12.1862074988143,8.18728771000718,0.));
#2502=CARTESIAN_POINT('Ctrl Pts',(-12.1862074988143,8.18728771000718,-0.4));
#2503=CARTESIAN_POINT('Ctrl Pts',(-12.1681705714076,7.85573811371359,0.));
#2504=CARTESIAN_POINT('Ctrl Pts',(-12.1681705714076,7.85573811371359,-0.4));
#2505=CARTESIAN_POINT('Ctrl Pts',(-12.1589520199344,7.68628535990198,0.));
#2506=CARTESIAN_POINT('Ctrl Pts',(-12.1589520199344,7.68628535990198,-0.4));
#2507=CARTESIAN_POINT('',(-12.4153655945037,8.62497338544868,-0.4));
#2508=CARTESIAN_POINT('',(-12.4153655945037,8.62497338544868,0.));
#2509=CARTESIAN_POINT('Ctrl Pts',(-12.4153655945037,8.62497338544868,-0.4));
#2510=CARTESIAN_POINT('Ctrl Pts',(-12.3401178041366,8.48125217039315,-0.4));
#2511=CARTESIAN_POINT('Ctrl Pts',(-12.1862074988143,8.18728771000718,-0.4));
#2512=CARTESIAN_POINT('Ctrl Pts',(-12.1681705714076,7.85573811371359,-0.4));
#2513=CARTESIAN_POINT('Ctrl Pts',(-12.1589520199344,7.68628535990198,-0.4));
#2514=CARTESIAN_POINT('Ctrl Pts',(-13.1054483296109,9.19784113202468,0.));
#2515=CARTESIAN_POINT('Ctrl Pts',(-13.1054483296109,9.19784113202468,-0.4));
#2516=CARTESIAN_POINT('Ctrl Pts',(-12.9681765788187,9.13256336688472,0.));
#2517=CARTESIAN_POINT('Ctrl Pts',(-12.9681765788187,9.13256336688472,-0.4));
#2518=CARTESIAN_POINT('Ctrl Pts',(-12.6897658690683,9.00016883692021,0.));
#2519=CARTESIAN_POINT('Ctrl Pts',(-12.6897658690683,9.00016883692021,-0.4));
#2520=CARTESIAN_POINT('Ctrl Pts',(-12.5076754495182,8.75119132667492,0.));
#2521=CARTESIAN_POINT('Ctrl Pts',(-12.5076754495182,8.75119132667492,-0.4));
#2522=CARTESIAN_POINT('Ctrl Pts',(-12.4153655945037,8.62497338544868,0.));
#2523=CARTESIAN_POINT('Ctrl Pts',(-12.4153655945037,8.62497338544868,-0.4));
#2524=CARTESIAN_POINT('',(-13.1054483296109,9.19784113202468,-0.4));
#2525=CARTESIAN_POINT('',(-13.1054483296109,9.19784113202468,0.));
#2526=CARTESIAN_POINT('Ctrl Pts',(-13.1054483296109,9.19784113202468,-0.4));
#2527=CARTESIAN_POINT('Ctrl Pts',(-12.9681765788187,9.13256336688472,-0.4));
#2528=CARTESIAN_POINT('Ctrl Pts',(-12.6897658690683,9.00016883692021,-0.4));
#2529=CARTESIAN_POINT('Ctrl Pts',(-12.5076754495182,8.75119132667492,-0.4));
#2530=CARTESIAN_POINT('Ctrl Pts',(-12.4153655945037,8.62497338544868,-0.4));
#2531=CARTESIAN_POINT('Ctrl Pts',(-14.491191558368,9.36321021590043,0.));
#2532=CARTESIAN_POINT('Ctrl Pts',(-14.491191558368,9.36321021590043,-0.4));
#2533=CARTESIAN_POINT('Ctrl Pts',(-14.2149767463002,9.36182767210644,0.));
#2534=CARTESIAN_POINT('Ctrl Pts',(-14.2149767463002,9.36182767210644,-0.4));
#2535=CARTESIAN_POINT('Ctrl Pts',(-13.7459903335049,9.35948024457486,0.));
#2536=CARTESIAN_POINT('Ctrl Pts',(-13.7459903335049,9.35948024457486,-0.4));
#2537=CARTESIAN_POINT('Ctrl Pts',(-13.2920396589196,9.24492696979278,0.));
#2538=CARTESIAN_POINT('Ctrl Pts',(-13.2920396589196,9.24492696979278,-0.4));
#2539=CARTESIAN_POINT('Ctrl Pts',(-13.1054483296109,9.19784113202468,0.));
#2540=CARTESIAN_POINT('Ctrl Pts',(-13.1054483296109,9.19784113202468,-0.4));
#2541=CARTESIAN_POINT('',(-14.491191558368,9.36321021590043,-0.4));
#2542=CARTESIAN_POINT('',(-14.491191558368,9.36321021590043,0.));
#2543=CARTESIAN_POINT('Ctrl Pts',(-14.491191558368,9.36321021590043,-0.4));
#2544=CARTESIAN_POINT('Ctrl Pts',(-14.2149767463002,9.36182767210644,-0.4));
#2545=CARTESIAN_POINT('Ctrl Pts',(-13.7459903335049,9.35948024457486,-0.4));
#2546=CARTESIAN_POINT('Ctrl Pts',(-13.2920396589196,9.24492696979278,-0.4));
#2547=CARTESIAN_POINT('Ctrl Pts',(-13.1054483296109,9.19784113202468,-0.4));
#2548=CARTESIAN_POINT('Origin',(-17.0202681991536,9.37236592417989,0.));
#2549=CARTESIAN_POINT('',(-17.0202681991536,9.37236592417989,-0.4));
#2550=CARTESIAN_POINT('',(-17.0202681991536,9.37236592417989,0.));
#2551=CARTESIAN_POINT('',(-17.0202681991536,9.37236592417989,-0.4));
#2552=CARTESIAN_POINT('Origin',(-17.0418127718788,3.42111955940539,0.));
#2553=CARTESIAN_POINT('',(-17.0418127718788,3.42111955940539,-0.4));
#2554=CARTESIAN_POINT('',(-17.0418127718788,3.42111955940539,0.));
#2555=CARTESIAN_POINT('',(-17.0418127718788,3.42111955940539,-0.4));
#2556=CARTESIAN_POINT('Origin',(-15.8401967813848,3.4167694953166,0.));
#2557=CARTESIAN_POINT('',(-15.8401967813848,3.4167694953166,-0.4));
#2558=CARTESIAN_POINT('Origin',(-10.3815138167995,6.37267042949936,-0.4));
#2559=CARTESIAN_POINT('Origin',(-35.,0.,0.));
#2560=CARTESIAN_POINT('Origin',(0.,35.,0.));
#2561=CARTESIAN_POINT('Origin',(-17.5000002607703,17.5,0.));
#2562=UNCERTAINTY_MEASURE_WITH_UNIT(LENGTH_MEASURE(0.01),#2566,
'DISTANCE_ACCURACY_VALUE',
'Maximum model space distance between geometric entities at asserted c
onnectivities');
#2563=UNCERTAINTY_MEASURE_WITH_UNIT(LENGTH_MEASURE(0.01),#2566,
'DISTANCE_ACCURACY_VALUE',
'Maximum model space distance between geometric entities at asserted c
onnectivities');
#2564=(
GEOMETRIC_REPRESENTATION_CONTEXT(3)
GLOBAL_UNCERTAINTY_ASSIGNED_CONTEXT((#2562))
GLOBAL_UNIT_ASSIGNED_CONTEXT((#2566,#2568,#2569))
REPRESENTATION_CONTEXT('','3D')
);
#2565=(
GEOMETRIC_REPRESENTATION_CONTEXT(3)
GLOBAL_UNCERTAINTY_ASSIGNED_CONTEXT((#2563))
GLOBAL_UNIT_ASSIGNED_CONTEXT((#2566,#2568,#2569))
REPRESENTATION_CONTEXT('','3D')
);
#2566=(
LENGTH_UNIT()
NAMED_UNIT(*)
SI_UNIT(.MILLI.,.METRE.)
);
#2567=(
LENGTH_UNIT()
NAMED_UNIT(*)
SI_UNIT($,.METRE.)
);
#2568=(
NAMED_UNIT(*)
PLANE_ANGLE_UNIT()
SI_UNIT($,.RADIAN.)
);
#2569=(
NAMED_UNIT(*)
SI_UNIT($,.STERADIAN.)
SOLID_ANGLE_UNIT()
);
#2570=SHAPE_DEFINITION_REPRESENTATION(#2571,#2572);
#2571=PRODUCT_DEFINITION_SHAPE('',$,#2574);
#2572=SHAPE_REPRESENTATION('',(#1330),#2564);
#2573=PRODUCT_DEFINITION_CONTEXT('part definition',#2578,'design');
#2574=PRODUCT_DEFINITION('Fillet Chips Inverted',
'Fillet Chips Inverted v2',#2575,#2573);
#2575=PRODUCT_DEFINITION_FORMATION('',$,#2580);
#2576=PRODUCT_RELATED_PRODUCT_CATEGORY('Fillet Chips Inverted v2',
'Fillet Chips Inverted v2',(#2580));
#2577=APPLICATION_PROTOCOL_DEFINITION('international standard',
'automotive_design',2009,#2578);
#2578=APPLICATION_CONTEXT(
'Core Data for Automotive Mechanical Design Process');
#2579=PRODUCT_CONTEXT('part definition',#2578,'mechanical');
#2580=PRODUCT('Fillet Chips Inverted','Fillet Chips Inverted v2',$,(#2579));
#2581=PRESENTATION_STYLE_ASSIGNMENT((#2582));
#2582=SURFACE_STYLE_USAGE(.BOTH.,#2583);
#2583=SURFACE_SIDE_STYLE('',(#2584));
#2584=SURFACE_STYLE_FILL_AREA(#2585);
#2585=FILL_AREA_STYLE('Steel - Satin',(#2586));
#2586=FILL_AREA_STYLE_COLOUR('Steel - Satin',#2587);
#2587=COLOUR_RGB('Steel - Satin',0.627450980392157,0.627450980392157,0.627450980392157);
ENDSEC;
END-ISO-10303-21;
