ISO-10303-21;
HEADER;

/* File generated by Shapr3D Version 5.800.0.8232 */

FILE_DESCRIPTION(('HOOPS Exchange Step'),'2;1');

FILE_NAME('/Users/ddanier/Library/Containers/com.shapr3d.shapr/Data/tmp/export/temp_export',
'2025-03-02T21:46:38+01:00',
('ddanier'),
('Shapr3D Limited'),
'HOOPS Exchange 2024.8',
'Shapr3D',
'Authorized');

FILE_SCHEMA( ('AP242_MANAGED_MODEL_BASED_3D_ENGINEERING_MIM_LF {1 0 10303 442 1 1 4}') );

ENDSEC;

DATA;
#3=(NAMED_UNIT(*)PLANE_ANGLE_UNIT()SI_UNIT($,.RADIAN.));
#4=PLANE_ANGLE_MEASURE_WITH_UNIT(PLANE_ANGLE_MEASURE(0.0174532925),#3);
#5=(CONVERSION_BASED_UNIT('DEGREE',#4)NAMED_UNIT(#6)PLANE_ANGLE_UNIT());
#6=DIMENSIONAL_EXPONENTS(0.,0.,0.,0.,0.,0.,0.);
#7=(NAMED_UNIT(*)SI_UNIT($,.STERADIAN.)SOLID_ANGLE_UNIT());
#8=(LENGTH_UNIT()NAMED_UNIT(*)SI_UNIT(.MILLI.,.METRE.));
#9=UNCERTAINTY_MEASURE_WITH_UNIT(LENGTH_MEASURE(1.000000E-05),#8,'DISTANCE_ACCURACY_VALUE','Maximum Tolerance applied to model');
#10=(GEOMETRIC_REPRESENTATION_CONTEXT(3)GLOBAL_UNCERTAINTY_ASSIGNED_CONTEXT((#9))GLOBAL_UNIT_ASSIGNED_CONTEXT((#8,#5,#7))REPRESENTATION_CONTEXT('','openGrid Lite 2x2'));
#12=CARTESIAN_POINT('',(0.,0.,0.));
#13=DIRECTION('',(0.,0.,1.));
#14=DIRECTION('',(1.,0.,0.));
#15=AXIS2_PLACEMENT_3D('TS3D_PRODUCT_CSYS',#12,#13,#14);
#27=CARTESIAN_POINT('',(1400.,-1932.,0.));
#28=DIRECTION('',(0.,0.,1.));
#29=DIRECTION('',(1.,0.,0.));
#30=AXIS2_PLACEMENT_3D('',#27,#28,#29);
#31=PLANE('',#30);
#32=CARTESIAN_POINT('',(1437.8,-1890.,0.));
#33=VERTEX_POINT('',#32);
#34=CARTESIAN_POINT('',(1442.,-1894.2,-0.));
#35=VERTEX_POINT('',#34);
#36=CARTESIAN_POINT('',(1437.8,-1890.,0.));
#37=DIRECTION('',(0.707106781,-0.707106781,0.));
#38=VECTOR('',#37,5.939696962);
#39=LINE('',#36,#38);
#40=EDGE_CURVE('',#33,#35,#39,.T.);
#41=ORIENTED_EDGE('',*,*,#40,.T.);
#42=CARTESIAN_POINT('',(1442.,-1941.8,0.));
#43=VERTEX_POINT('',#42);
#44=CARTESIAN_POINT('',(1442.,-1941.8,0.));
#45=DIRECTION('',(-0.,1.,-0.));
#46=VECTOR('',#45,47.6);
#47=LINE('',#44,#46);
#48=EDGE_CURVE('',#43,#35,#47,.T.);
#49=ORIENTED_EDGE('',*,*,#48,.F.);
#50=CARTESIAN_POINT('',(1437.8,-1946.,0.));
#51=VERTEX_POINT('',#50);
#52=CARTESIAN_POINT('',(1442.,-1941.8,0.));
#53=DIRECTION('',(-0.707106781,-0.707106781,0.));
#54=VECTOR('',#53,5.939696962);
#55=LINE('',#52,#54);
#56=EDGE_CURVE('',#43,#51,#55,.T.);
#57=ORIENTED_EDGE('',*,*,#56,.T.);
#58=CARTESIAN_POINT('',(1390.2,-1946.,0.));
#59=VERTEX_POINT('',#58);
#60=CARTESIAN_POINT('',(1390.2,-1946.,0.));
#61=DIRECTION('',(1.,0.,-0.));
#62=VECTOR('',#61,47.6);
#63=LINE('',#60,#62);
#64=EDGE_CURVE('',#59,#51,#63,.T.);
#65=ORIENTED_EDGE('',*,*,#64,.F.);
#66=CARTESIAN_POINT('',(1386.,-1941.8,0.));
#67=VERTEX_POINT('',#66);
#68=CARTESIAN_POINT('',(1390.2,-1946.,0.));
#69=DIRECTION('',(-0.707106781,0.707106781,0.));
#70=VECTOR('',#69,5.939696962);
#71=LINE('',#68,#70);
#72=EDGE_CURVE('',#59,#67,#71,.T.);
#73=ORIENTED_EDGE('',*,*,#72,.T.);
#74=CARTESIAN_POINT('',(1386.,-1894.2,0.));
#75=VERTEX_POINT('',#74);
#76=CARTESIAN_POINT('',(1386.,-1894.2,0.));
#77=DIRECTION('',(-0.,-1.,-0.));
#78=VECTOR('',#77,47.6);
#79=LINE('',#76,#78);
#80=EDGE_CURVE('',#75,#67,#79,.T.);
#81=ORIENTED_EDGE('',*,*,#80,.F.);
#82=CARTESIAN_POINT('',(1390.2,-1890.,0.));
#83=VERTEX_POINT('',#82);
#84=CARTESIAN_POINT('',(1386.,-1894.2,0.));
#85=DIRECTION('',(0.707106781,0.707106781,0.));
#86=VECTOR('',#85,5.939696962);
#87=LINE('',#84,#86);
#88=EDGE_CURVE('',#75,#83,#87,.T.);
#89=ORIENTED_EDGE('',*,*,#88,.T.);
#90=CARTESIAN_POINT('',(1437.8,-1890.,0.));
#91=DIRECTION('',(-1.,-0.,0.));
#92=VECTOR('',#91,47.6);
#93=LINE('',#90,#92);
#94=EDGE_CURVE('',#33,#83,#93,.T.);
#95=ORIENTED_EDGE('',*,*,#94,.F.);
#96=EDGE_LOOP('',(#41,#49,#57,#65,#73,#81,#89,#95));
#97=FACE_BOUND('',#96,.T.);
#98=CARTESIAN_POINT('',(1409.202943725,-1919.1,0.));
#99=VERTEX_POINT('',#98);
#100=CARTESIAN_POINT('',(1390.797056275,-1919.1,0.));
#101=VERTEX_POINT('',#100);
#102=CARTESIAN_POINT('',(1409.202943725,-1919.1,0.));
#103=DIRECTION('',(-1.,-0.,0.));
#104=VECTOR('',#103,18.40588745);
#105=LINE('',#102,#104);
#106=EDGE_CURVE('',#99,#101,#105,.T.);
#107=ORIENTED_EDGE('',*,*,#106,.T.);
#108=CARTESIAN_POINT('',(1387.1,-1922.797056275,0.));
#109=VERTEX_POINT('',#108);
#110=CARTESIAN_POINT('',(1390.797056275,-1919.1,0.));
#111=DIRECTION('',(-0.707106781,-0.707106781,0.));
#112=VECTOR('',#111,5.228427125);
#113=LINE('',#110,#112);
#114=EDGE_CURVE('',#101,#109,#113,.T.);
#115=ORIENTED_EDGE('',*,*,#114,.T.);
#116=CARTESIAN_POINT('',(1387.1,-1941.202943725,0.));
#117=VERTEX_POINT('',#116);
#118=CARTESIAN_POINT('',(1387.1,-1922.797056275,0.));
#119=DIRECTION('',(-0.,-1.,-0.));
#120=VECTOR('',#119,18.40588745);
#121=LINE('',#118,#120);
#122=EDGE_CURVE('',#109,#117,#121,.T.);
#123=ORIENTED_EDGE('',*,*,#122,.T.);
#124=CARTESIAN_POINT('',(1390.797056275,-1944.9,0.));
#125=VERTEX_POINT('',#124);
#126=CARTESIAN_POINT('',(1387.1,-1941.202943725,0.));
#127=DIRECTION('',(0.707106781,-0.707106781,0.));
#128=VECTOR('',#127,5.228427125);
#129=LINE('',#126,#128);
#130=EDGE_CURVE('',#117,#125,#129,.T.);
#131=ORIENTED_EDGE('',*,*,#130,.T.);
#132=CARTESIAN_POINT('',(1409.202943725,-1944.9,0.));
#133=VERTEX_POINT('',#132);
#134=CARTESIAN_POINT('',(1390.797056275,-1944.9,0.));
#135=DIRECTION('',(1.,0.,-0.));
#136=VECTOR('',#135,18.40588745);
#137=LINE('',#134,#136);
#138=EDGE_CURVE('',#125,#133,#137,.T.);
#139=ORIENTED_EDGE('',*,*,#138,.T.);
#140=CARTESIAN_POINT('',(1412.9,-1941.202943725,0.));
#141=VERTEX_POINT('',#140);
#142=CARTESIAN_POINT('',(1409.202943725,-1944.9,0.));
#143=DIRECTION('',(0.707106781,0.707106781,0.));
#144=VECTOR('',#143,5.228427125);
#145=LINE('',#142,#144);
#146=EDGE_CURVE('',#133,#141,#145,.T.);
#147=ORIENTED_EDGE('',*,*,#146,.T.);
#148=CARTESIAN_POINT('',(1412.9,-1922.797056275,0.));
#149=VERTEX_POINT('',#148);
#150=CARTESIAN_POINT('',(1412.9,-1941.202943725,0.));
#151=DIRECTION('',(0.,1.,0.));
#152=VECTOR('',#151,18.40588745);
#153=LINE('',#150,#152);
#154=EDGE_CURVE('',#141,#149,#153,.T.);
#155=ORIENTED_EDGE('',*,*,#154,.T.);
#156=CARTESIAN_POINT('',(1412.9,-1922.797056275,0.));
#157=DIRECTION('',(-0.707106781,0.707106781,0.));
#158=VECTOR('',#157,5.228427125);
#159=LINE('',#156,#158);
#160=EDGE_CURVE('',#149,#99,#159,.T.);
#161=ORIENTED_EDGE('',*,*,#160,.T.);
#162=EDGE_LOOP('',(#107,#115,#123,#131,#139,#147,#155,#161));
#163=FACE_BOUND('',#162,.T.);
#164=CARTESIAN_POINT('',(1410.4,-1918.,0.));
#165=VERTEX_POINT('',#164);
#166=CARTESIAN_POINT('',(1414.,-1918.,0.));
#167=DIRECTION('',(0.,0.,-1.));
#168=DIRECTION('',(-1.,0.,0.));
#169=AXIS2_PLACEMENT_3D('',#166,#167,#168);
#170=CIRCLE('',#169,3.6);
#171=EDGE_CURVE('',#165,#165,#170,.T.);
#172=ORIENTED_EDGE('',*,*,#171,.F.);
#173=EDGE_LOOP('',(#172));
#174=FACE_BOUND('',#173,.T.);
#175=CARTESIAN_POINT('',(1409.202943725,-1891.1,0.));
#176=VERTEX_POINT('',#175);
#177=CARTESIAN_POINT('',(1390.797056275,-1891.1,0.));
#178=VERTEX_POINT('',#177);
#179=CARTESIAN_POINT('',(1409.202943725,-1891.1,0.));
#180=DIRECTION('',(-1.,-0.,0.));
#181=VECTOR('',#180,18.40588745);
#182=LINE('',#179,#181);
#183=EDGE_CURVE('',#176,#178,#182,.T.);
#184=ORIENTED_EDGE('',*,*,#183,.T.);
#185=CARTESIAN_POINT('',(1387.1,-1894.797056275,0.));
#186=VERTEX_POINT('',#185);
#187=CARTESIAN_POINT('',(1390.797056275,-1891.1,0.));
#188=DIRECTION('',(-0.707106781,-0.707106781,0.));
#189=VECTOR('',#188,5.228427125);
#190=LINE('',#187,#189);
#191=EDGE_CURVE('',#178,#186,#190,.T.);
#192=ORIENTED_EDGE('',*,*,#191,.T.);
#193=CARTESIAN_POINT('',(1387.1,-1913.202943725,0.));
#194=VERTEX_POINT('',#193);
#195=CARTESIAN_POINT('',(1387.1,-1894.797056275,0.));
#196=DIRECTION('',(-0.,-1.,-0.));
#197=VECTOR('',#196,18.40588745);
#198=LINE('',#195,#197);
#199=EDGE_CURVE('',#186,#194,#198,.T.);
#200=ORIENTED_EDGE('',*,*,#199,.T.);
#201=CARTESIAN_POINT('',(1390.797056275,-1916.9,0.));
#202=VERTEX_POINT('',#201);
#203=CARTESIAN_POINT('',(1387.1,-1913.202943725,0.));
#204=DIRECTION('',(0.707106781,-0.707106781,0.));
#205=VECTOR('',#204,5.228427125);
#206=LINE('',#203,#205);
#207=EDGE_CURVE('',#194,#202,#206,.T.);
#208=ORIENTED_EDGE('',*,*,#207,.T.);
#209=CARTESIAN_POINT('',(1409.202943725,-1916.9,0.));
#210=VERTEX_POINT('',#209);
#211=CARTESIAN_POINT('',(1390.797056275,-1916.9,0.));
#212=DIRECTION('',(1.,0.,-0.));
#213=VECTOR('',#212,18.40588745);
#214=LINE('',#211,#213);
#215=EDGE_CURVE('',#202,#210,#214,.T.);
#216=ORIENTED_EDGE('',*,*,#215,.T.);
#217=CARTESIAN_POINT('',(1412.9,-1913.202943725,0.));
#218=VERTEX_POINT('',#217);
#219=CARTESIAN_POINT('',(1409.202943725,-1916.9,0.));
#220=DIRECTION('',(0.707106781,0.707106781,0.));
#221=VECTOR('',#220,5.228427125);
#222=LINE('',#219,#221);
#223=EDGE_CURVE('',#210,#218,#222,.T.);
#224=ORIENTED_EDGE('',*,*,#223,.T.);
#225=CARTESIAN_POINT('',(1412.9,-1894.797056275,0.));
#226=VERTEX_POINT('',#225);
#227=CARTESIAN_POINT('',(1412.9,-1913.202943725,0.));
#228=DIRECTION('',(0.,1.,0.));
#229=VECTOR('',#228,18.40588745);
#230=LINE('',#227,#229);
#231=EDGE_CURVE('',#218,#226,#230,.T.);
#232=ORIENTED_EDGE('',*,*,#231,.T.);
#233=CARTESIAN_POINT('',(1412.9,-1894.797056275,0.));
#234=DIRECTION('',(-0.707106781,0.707106781,0.));
#235=VECTOR('',#234,5.228427125);
#236=LINE('',#233,#235);
#237=EDGE_CURVE('',#226,#176,#236,.T.);
#238=ORIENTED_EDGE('',*,*,#237,.T.);
#239=EDGE_LOOP('',(#184,#192,#200,#208,#216,#224,#232,#238));
#240=FACE_BOUND('',#239,.T.);
#241=CARTESIAN_POINT('',(1437.202943725,-1919.1,0.));
#242=VERTEX_POINT('',#241);
#243=CARTESIAN_POINT('',(1418.797056275,-1919.1,0.));
#244=VERTEX_POINT('',#243);
#245=CARTESIAN_POINT('',(1437.202943725,-1919.1,0.));
#246=DIRECTION('',(-1.,-0.,0.));
#247=VECTOR('',#246,18.40588745);
#248=LINE('',#245,#247);
#249=EDGE_CURVE('',#242,#244,#248,.T.);
#250=ORIENTED_EDGE('',*,*,#249,.T.);
#251=CARTESIAN_POINT('',(1415.1,-1922.797056275,0.));
#252=VERTEX_POINT('',#251);
#253=CARTESIAN_POINT('',(1418.797056275,-1919.1,0.));
#254=DIRECTION('',(-0.707106781,-0.707106781,0.));
#255=VECTOR('',#254,5.228427125);
#256=LINE('',#253,#255);
#257=EDGE_CURVE('',#244,#252,#256,.T.);
#258=ORIENTED_EDGE('',*,*,#257,.T.);
#259=CARTESIAN_POINT('',(1415.1,-1941.202943725,0.));
#260=VERTEX_POINT('',#259);
#261=CARTESIAN_POINT('',(1415.1,-1922.797056275,0.));
#262=DIRECTION('',(-0.,-1.,-0.));
#263=VECTOR('',#262,18.40588745);
#264=LINE('',#261,#263);
#265=EDGE_CURVE('',#252,#260,#264,.T.);
#266=ORIENTED_EDGE('',*,*,#265,.T.);
#267=CARTESIAN_POINT('',(1418.797056275,-1944.9,0.));
#268=VERTEX_POINT('',#267);
#269=CARTESIAN_POINT('',(1415.1,-1941.202943725,0.));
#270=DIRECTION('',(0.707106781,-0.707106781,0.));
#271=VECTOR('',#270,5.228427125);
#272=LINE('',#269,#271);
#273=EDGE_CURVE('',#260,#268,#272,.T.);
#274=ORIENTED_EDGE('',*,*,#273,.T.);
#275=CARTESIAN_POINT('',(1437.202943725,-1944.9,0.));
#276=VERTEX_POINT('',#275);
#277=CARTESIAN_POINT('',(1418.797056275,-1944.9,0.));
#278=DIRECTION('',(1.,0.,-0.));
#279=VECTOR('',#278,18.40588745);
#280=LINE('',#277,#279);
#281=EDGE_CURVE('',#268,#276,#280,.T.);
#282=ORIENTED_EDGE('',*,*,#281,.T.);
#283=CARTESIAN_POINT('',(1440.9,-1941.202943725,0.));
#284=VERTEX_POINT('',#283);
#285=CARTESIAN_POINT('',(1437.202943725,-1944.9,0.));
#286=DIRECTION('',(0.707106781,0.707106781,0.));
#287=VECTOR('',#286,5.228427125);
#288=LINE('',#285,#287);
#289=EDGE_CURVE('',#276,#284,#288,.T.);
#290=ORIENTED_EDGE('',*,*,#289,.T.);
#291=CARTESIAN_POINT('',(1440.9,-1922.797056275,0.));
#292=VERTEX_POINT('',#291);
#293=CARTESIAN_POINT('',(1440.9,-1941.202943725,0.));
#294=DIRECTION('',(0.,1.,0.));
#295=VECTOR('',#294,18.40588745);
#296=LINE('',#293,#295);
#297=EDGE_CURVE('',#284,#292,#296,.T.);
#298=ORIENTED_EDGE('',*,*,#297,.T.);
#299=CARTESIAN_POINT('',(1440.9,-1922.797056275,0.));
#300=DIRECTION('',(-0.707106781,0.707106781,0.));
#301=VECTOR('',#300,5.228427125);
#302=LINE('',#299,#301);
#303=EDGE_CURVE('',#292,#242,#302,.T.);
#304=ORIENTED_EDGE('',*,*,#303,.T.);
#305=EDGE_LOOP('',(#250,#258,#266,#274,#282,#290,#298,#304));
#306=FACE_BOUND('',#305,.T.);
#307=CARTESIAN_POINT('',(1437.202943725,-1891.1,0.));
#308=VERTEX_POINT('',#307);
#309=CARTESIAN_POINT('',(1418.797056275,-1891.1,0.));
#310=VERTEX_POINT('',#309);
#311=CARTESIAN_POINT('',(1437.202943725,-1891.1,0.));
#312=DIRECTION('',(-1.,-0.,0.));
#313=VECTOR('',#312,18.40588745);
#314=LINE('',#311,#313);
#315=EDGE_CURVE('',#308,#310,#314,.T.);
#316=ORIENTED_EDGE('',*,*,#315,.T.);
#317=CARTESIAN_POINT('',(1415.1,-1894.797056275,0.));
#318=VERTEX_POINT('',#317);
#319=CARTESIAN_POINT('',(1418.797056275,-1891.1,0.));
#320=DIRECTION('',(-0.707106781,-0.707106781,0.));
#321=VECTOR('',#320,5.228427125);
#322=LINE('',#319,#321);
#323=EDGE_CURVE('',#310,#318,#322,.T.);
#324=ORIENTED_EDGE('',*,*,#323,.T.);
#325=CARTESIAN_POINT('',(1415.1,-1913.202943725,0.));
#326=VERTEX_POINT('',#325);
#327=CARTESIAN_POINT('',(1415.1,-1894.797056275,0.));
#328=DIRECTION('',(-0.,-1.,-0.));
#329=VECTOR('',#328,18.40588745);
#330=LINE('',#327,#329);
#331=EDGE_CURVE('',#318,#326,#330,.T.);
#332=ORIENTED_EDGE('',*,*,#331,.T.);
#333=CARTESIAN_POINT('',(1418.797056275,-1916.9,0.));
#334=VERTEX_POINT('',#333);
#335=CARTESIAN_POINT('',(1415.1,-1913.202943725,0.));
#336=DIRECTION('',(0.707106781,-0.707106781,0.));
#337=VECTOR('',#336,5.228427125);
#338=LINE('',#335,#337);
#339=EDGE_CURVE('',#326,#334,#338,.T.);
#340=ORIENTED_EDGE('',*,*,#339,.T.);
#341=CARTESIAN_POINT('',(1437.202943725,-1916.9,0.));
#342=VERTEX_POINT('',#341);
#343=CARTESIAN_POINT('',(1418.797056275,-1916.9,0.));
#344=DIRECTION('',(1.,0.,-0.));
#345=VECTOR('',#344,18.40588745);
#346=LINE('',#343,#345);
#347=EDGE_CURVE('',#334,#342,#346,.T.);
#348=ORIENTED_EDGE('',*,*,#347,.T.);
#349=CARTESIAN_POINT('',(1440.9,-1913.202943725,0.));
#350=VERTEX_POINT('',#349);
#351=CARTESIAN_POINT('',(1437.202943725,-1916.9,0.));
#352=DIRECTION('',(0.707106781,0.707106781,0.));
#353=VECTOR('',#352,5.228427125);
#354=LINE('',#351,#353);
#355=EDGE_CURVE('',#342,#350,#354,.T.);
#356=ORIENTED_EDGE('',*,*,#355,.T.);
#357=CARTESIAN_POINT('',(1440.9,-1894.797056275,0.));
#358=VERTEX_POINT('',#357);
#359=CARTESIAN_POINT('',(1440.9,-1913.202943725,0.));
#360=DIRECTION('',(0.,1.,0.));
#361=VECTOR('',#360,18.40588745);
#362=LINE('',#359,#361);
#363=EDGE_CURVE('',#350,#358,#362,.T.);
#364=ORIENTED_EDGE('',*,*,#363,.T.);
#365=CARTESIAN_POINT('',(1440.9,-1894.797056275,0.));
#366=DIRECTION('',(-0.707106781,0.707106781,0.));
#367=VECTOR('',#366,5.228427125);
#368=LINE('',#365,#367);
#369=EDGE_CURVE('',#358,#308,#368,.T.);
#370=ORIENTED_EDGE('',*,*,#369,.T.);
#371=EDGE_LOOP('',(#316,#324,#332,#340,#348,#356,#364,#370));
#372=FACE_BOUND('',#371,.T.);
#373=ADVANCED_FACE('',(#97,#163,#174,#240,#306,#372),#31,.F.);
#374=CARTESIAN_POINT('',(1400.811914685,-1820.811914685,4.));
#375=DIRECTION('',(0.,0.,-1.));
#376=DIRECTION('',(-1.,0.,0.));
#377=AXIS2_PLACEMENT_3D('',#374,#375,#376);
#378=PLANE('',#377);
#379=CARTESIAN_POINT('',(1442.,-1894.2,4.));
#380=VERTEX_POINT('',#379);
#381=CARTESIAN_POINT('',(1437.8,-1890.,4.));
#382=VERTEX_POINT('',#381);
#383=CARTESIAN_POINT('',(1442.,-1894.2,4.));
#384=DIRECTION('',(-0.707106781,0.707106781,0.));
#385=VECTOR('',#384,5.939696962);
#386=LINE('',#383,#385);
#387=EDGE_CURVE('',#380,#382,#386,.T.);
#388=ORIENTED_EDGE('',*,*,#387,.T.);
#389=CARTESIAN_POINT('',(1390.2,-1890.,4.));
#390=VERTEX_POINT('',#389);
#391=CARTESIAN_POINT('',(1390.2,-1890.,4.));
#392=DIRECTION('',(1.,0.,-0.));
#393=VECTOR('',#392,47.6);
#394=LINE('',#391,#393);
#395=EDGE_CURVE('',#390,#382,#394,.T.);
#396=ORIENTED_EDGE('',*,*,#395,.F.);
#397=CARTESIAN_POINT('',(1386.,-1894.2,4.));
#398=VERTEX_POINT('',#397);
#399=CARTESIAN_POINT('',(1390.2,-1890.,4.));
#400=DIRECTION('',(-0.707106781,-0.707106781,0.));
#401=VECTOR('',#400,5.939696962);
#402=LINE('',#399,#401);
#403=EDGE_CURVE('',#390,#398,#402,.T.);
#404=ORIENTED_EDGE('',*,*,#403,.T.);
#405=CARTESIAN_POINT('',(1386.,-1941.8,4.));
#406=VERTEX_POINT('',#405);
#407=CARTESIAN_POINT('',(1386.,-1941.8,4.));
#408=DIRECTION('',(0.,1.,0.));
#409=VECTOR('',#408,47.6);
#410=LINE('',#407,#409);
#411=EDGE_CURVE('',#406,#398,#410,.T.);
#412=ORIENTED_EDGE('',*,*,#411,.F.);
#413=CARTESIAN_POINT('',(1390.2,-1946.,4.));
#414=VERTEX_POINT('',#413);
#415=CARTESIAN_POINT('',(1386.,-1941.8,4.));
#416=DIRECTION('',(0.707106781,-0.707106781,0.));
#417=VECTOR('',#416,5.939696962);
#418=LINE('',#415,#417);
#419=EDGE_CURVE('',#406,#414,#418,.T.);
#420=ORIENTED_EDGE('',*,*,#419,.T.);
#421=CARTESIAN_POINT('',(1437.8,-1946.,4.));
#422=VERTEX_POINT('',#421);
#423=CARTESIAN_POINT('',(1437.8,-1946.,4.));
#424=DIRECTION('',(-1.,-0.,0.));
#425=VECTOR('',#424,47.6);
#426=LINE('',#423,#425);
#427=EDGE_CURVE('',#422,#414,#426,.T.);
#428=ORIENTED_EDGE('',*,*,#427,.F.);
#429=CARTESIAN_POINT('',(1442.,-1941.8,4.));
#430=VERTEX_POINT('',#429);
#431=CARTESIAN_POINT('',(1437.8,-1946.,4.));
#432=DIRECTION('',(0.707106781,0.707106781,0.));
#433=VECTOR('',#432,5.939696962);
#434=LINE('',#431,#433);
#435=EDGE_CURVE('',#422,#430,#434,.T.);
#436=ORIENTED_EDGE('',*,*,#435,.T.);
#437=CARTESIAN_POINT('',(1442.,-1894.2,4.));
#438=DIRECTION('',(0.,-1.,0.));
#439=VECTOR('',#438,47.6);
#440=LINE('',#437,#439);
#441=EDGE_CURVE('',#380,#430,#440,.T.);
#442=ORIENTED_EDGE('',*,*,#441,.F.);
#443=EDGE_LOOP('',(#388,#396,#404,#412,#420,#428,#436,#442));
#444=FACE_BOUND('',#443,.T.);
#445=CARTESIAN_POINT('',(1406.923044738,-1945.2,4.));
#446=VERTEX_POINT('',#445);
#447=CARTESIAN_POINT('',(1393.076955262,-1945.2,4.));
#448=VERTEX_POINT('',#447);
#449=CARTESIAN_POINT('',(1406.923044738,-1945.2,4.));
#450=DIRECTION('',(-1.,0.,0.));
#451=VECTOR('',#450,13.846089476);
#452=LINE('',#449,#451);
#453=EDGE_CURVE('',#446,#448,#452,.T.);
#454=ORIENTED_EDGE('',*,*,#453,.T.);
#455=CARTESIAN_POINT('',(1386.8,-1938.923044738,4.));
#456=VERTEX_POINT('',#455);
#457=CARTESIAN_POINT('',(1393.076955262,-1945.2,4.));
#458=DIRECTION('',(-0.707106781,0.707106781,0.));
#459=VECTOR('',#458,8.876955262);
#460=LINE('',#457,#459);
#461=EDGE_CURVE('',#448,#456,#460,.T.);
#462=ORIENTED_EDGE('',*,*,#461,.T.);
#463=CARTESIAN_POINT('',(1386.8,-1925.076955262,4.));
#464=VERTEX_POINT('',#463);
#465=CARTESIAN_POINT('',(1386.8,-1938.923044738,4.));
#466=DIRECTION('',(0.,1.,0.));
#467=VECTOR('',#466,13.846089476);
#468=LINE('',#465,#467);
#469=EDGE_CURVE('',#456,#464,#468,.T.);
#470=ORIENTED_EDGE('',*,*,#469,.T.);
#471=CARTESIAN_POINT('',(1393.076955262,-1918.8,4.));
#472=VERTEX_POINT('',#471);
#473=CARTESIAN_POINT('',(1386.8,-1925.076955262,4.));
#474=DIRECTION('',(0.707106781,0.707106781,0.));
#475=VECTOR('',#474,8.876955262);
#476=LINE('',#473,#475);
#477=EDGE_CURVE('',#464,#472,#476,.T.);
#478=ORIENTED_EDGE('',*,*,#477,.T.);
#479=CARTESIAN_POINT('',(1406.923044738,-1918.8,4.));
#480=VERTEX_POINT('',#479);
#481=CARTESIAN_POINT('',(1393.076955262,-1918.8,4.));
#482=DIRECTION('',(1.,-0.,-0.));
#483=VECTOR('',#482,13.846089476);
#484=LINE('',#481,#483);
#485=EDGE_CURVE('',#472,#480,#484,.T.);
#486=ORIENTED_EDGE('',*,*,#485,.T.);
#487=CARTESIAN_POINT('',(1413.2,-1925.076955262,4.));
#488=VERTEX_POINT('',#487);
#489=CARTESIAN_POINT('',(1406.923044738,-1918.8,4.));
#490=DIRECTION('',(0.707106781,-0.707106781,0.));
#491=VECTOR('',#490,8.876955262);
#492=LINE('',#489,#491);
#493=EDGE_CURVE('',#480,#488,#492,.T.);
#494=ORIENTED_EDGE('',*,*,#493,.T.);
#495=CARTESIAN_POINT('',(1413.2,-1938.923044738,4.));
#496=VERTEX_POINT('',#495);
#497=CARTESIAN_POINT('',(1413.2,-1925.076955262,4.));
#498=DIRECTION('',(-0.,-1.,-0.));
#499=VECTOR('',#498,13.846089476);
#500=LINE('',#497,#499);
#501=EDGE_CURVE('',#488,#496,#500,.T.);
#502=ORIENTED_EDGE('',*,*,#501,.T.);
#503=CARTESIAN_POINT('',(1413.2,-1938.923044738,4.));
#504=DIRECTION('',(-0.707106781,-0.707106781,0.));
#505=VECTOR('',#504,8.876955262);
#506=LINE('',#503,#505);
#507=EDGE_CURVE('',#496,#446,#506,.T.);
#508=ORIENTED_EDGE('',*,*,#507,.T.);
#509=EDGE_LOOP('',(#454,#462,#470,#478,#486,#494,#502,#508));
#510=FACE_BOUND('',#509,.T.);
#511=CARTESIAN_POINT('',(1411.95,-1918.,4.));
#512=VERTEX_POINT('',#511);
#513=CARTESIAN_POINT('',(1414.,-1918.,4.));
#514=DIRECTION('',(-0.,-0.,1.));
#515=DIRECTION('',(-1.,0.,0.));
#516=AXIS2_PLACEMENT_3D('',#513,#514,#515);
#517=CIRCLE('',#516,2.05);
#518=EDGE_CURVE('',#512,#512,#517,.T.);
#519=ORIENTED_EDGE('',*,*,#518,.F.);
#520=EDGE_LOOP('',(#519));
#521=FACE_BOUND('',#520,.T.);
#522=CARTESIAN_POINT('',(1406.923044738,-1917.2,4.));
#523=VERTEX_POINT('',#522);
#524=CARTESIAN_POINT('',(1393.076955262,-1917.2,4.));
#525=VERTEX_POINT('',#524);
#526=CARTESIAN_POINT('',(1406.923044738,-1917.2,4.));
#527=DIRECTION('',(-1.,0.,0.));
#528=VECTOR('',#527,13.846089476);
#529=LINE('',#526,#528);
#530=EDGE_CURVE('',#523,#525,#529,.T.);
#531=ORIENTED_EDGE('',*,*,#530,.T.);
#532=CARTESIAN_POINT('',(1386.8,-1910.923044738,4.));
#533=VERTEX_POINT('',#532);
#534=CARTESIAN_POINT('',(1393.076955262,-1917.2,4.));
#535=DIRECTION('',(-0.707106781,0.707106781,0.));
#536=VECTOR('',#535,8.876955262);
#537=LINE('',#534,#536);
#538=EDGE_CURVE('',#525,#533,#537,.T.);
#539=ORIENTED_EDGE('',*,*,#538,.T.);
#540=CARTESIAN_POINT('',(1386.8,-1897.076955262,4.));
#541=VERTEX_POINT('',#540);
#542=CARTESIAN_POINT('',(1386.8,-1910.923044738,4.));
#543=DIRECTION('',(0.,1.,0.));
#544=VECTOR('',#543,13.846089476);
#545=LINE('',#542,#544);
#546=EDGE_CURVE('',#533,#541,#545,.T.);
#547=ORIENTED_EDGE('',*,*,#546,.T.);
#548=CARTESIAN_POINT('',(1393.076955262,-1890.8,4.));
#549=VERTEX_POINT('',#548);
#550=CARTESIAN_POINT('',(1386.8,-1897.076955262,4.));
#551=DIRECTION('',(0.707106781,0.707106781,0.));
#552=VECTOR('',#551,8.876955262);
#553=LINE('',#550,#552);
#554=EDGE_CURVE('',#541,#549,#553,.T.);
#555=ORIENTED_EDGE('',*,*,#554,.T.);
#556=CARTESIAN_POINT('',(1406.923044738,-1890.8,4.));
#557=VERTEX_POINT('',#556);
#558=CARTESIAN_POINT('',(1393.076955262,-1890.8,4.));
#559=DIRECTION('',(1.,-0.,-0.));
#560=VECTOR('',#559,13.846089476);
#561=LINE('',#558,#560);
#562=EDGE_CURVE('',#549,#557,#561,.T.);
#563=ORIENTED_EDGE('',*,*,#562,.T.);
#564=CARTESIAN_POINT('',(1413.2,-1897.076955262,4.));
#565=VERTEX_POINT('',#564);
#566=CARTESIAN_POINT('',(1406.923044738,-1890.8,4.));
#567=DIRECTION('',(0.707106781,-0.707106781,0.));
#568=VECTOR('',#567,8.876955262);
#569=LINE('',#566,#568);
#570=EDGE_CURVE('',#557,#565,#569,.T.);
#571=ORIENTED_EDGE('',*,*,#570,.T.);
#572=CARTESIAN_POINT('',(1413.2,-1910.923044738,4.));
#573=VERTEX_POINT('',#572);
#574=CARTESIAN_POINT('',(1413.2,-1897.076955262,4.));
#575=DIRECTION('',(-0.,-1.,-0.));
#576=VECTOR('',#575,13.846089476);
#577=LINE('',#574,#576);
#578=EDGE_CURVE('',#565,#573,#577,.T.);
#579=ORIENTED_EDGE('',*,*,#578,.T.);
#580=CARTESIAN_POINT('',(1413.2,-1910.923044738,4.));
#581=DIRECTION('',(-0.707106781,-0.707106781,0.));
#582=VECTOR('',#581,8.876955262);
#583=LINE('',#580,#582);
#584=EDGE_CURVE('',#573,#523,#583,.T.);
#585=ORIENTED_EDGE('',*,*,#584,.T.);
#586=EDGE_LOOP('',(#531,#539,#547,#555,#563,#571,#579,#585));
#587=FACE_BOUND('',#586,.T.);
#588=CARTESIAN_POINT('',(1434.923044738,-1945.2,4.));
#589=VERTEX_POINT('',#588);
#590=CARTESIAN_POINT('',(1421.076955262,-1945.2,4.));
#591=VERTEX_POINT('',#590);
#592=CARTESIAN_POINT('',(1434.923044738,-1945.2,4.));
#593=DIRECTION('',(-1.,0.,0.));
#594=VECTOR('',#593,13.846089476);
#595=LINE('',#592,#594);
#596=EDGE_CURVE('',#589,#591,#595,.T.);
#597=ORIENTED_EDGE('',*,*,#596,.T.);
#598=CARTESIAN_POINT('',(1414.8,-1938.923044738,4.));
#599=VERTEX_POINT('',#598);
#600=CARTESIAN_POINT('',(1421.076955262,-1945.2,4.));
#601=DIRECTION('',(-0.707106781,0.707106781,0.));
#602=VECTOR('',#601,8.876955262);
#603=LINE('',#600,#602);
#604=EDGE_CURVE('',#591,#599,#603,.T.);
#605=ORIENTED_EDGE('',*,*,#604,.T.);
#606=CARTESIAN_POINT('',(1414.8,-1925.076955262,4.));
#607=VERTEX_POINT('',#606);
#608=CARTESIAN_POINT('',(1414.8,-1938.923044738,4.));
#609=DIRECTION('',(0.,1.,0.));
#610=VECTOR('',#609,13.846089476);
#611=LINE('',#608,#610);
#612=EDGE_CURVE('',#599,#607,#611,.T.);
#613=ORIENTED_EDGE('',*,*,#612,.T.);
#614=CARTESIAN_POINT('',(1421.076955262,-1918.8,4.));
#615=VERTEX_POINT('',#614);
#616=CARTESIAN_POINT('',(1414.8,-1925.076955262,4.));
#617=DIRECTION('',(0.707106781,0.707106781,0.));
#618=VECTOR('',#617,8.876955262);
#619=LINE('',#616,#618);
#620=EDGE_CURVE('',#607,#615,#619,.T.);
#621=ORIENTED_EDGE('',*,*,#620,.T.);
#622=CARTESIAN_POINT('',(1434.923044738,-1918.8,4.));
#623=VERTEX_POINT('',#622);
#624=CARTESIAN_POINT('',(1421.076955262,-1918.8,4.));
#625=DIRECTION('',(1.,-0.,-0.));
#626=VECTOR('',#625,13.846089476);
#627=LINE('',#624,#626);
#628=EDGE_CURVE('',#615,#623,#627,.T.);
#629=ORIENTED_EDGE('',*,*,#628,.T.);
#630=CARTESIAN_POINT('',(1441.2,-1925.076955262,4.));
#631=VERTEX_POINT('',#630);
#632=CARTESIAN_POINT('',(1434.923044738,-1918.8,4.));
#633=DIRECTION('',(0.707106781,-0.707106781,0.));
#634=VECTOR('',#633,8.876955262);
#635=LINE('',#632,#634);
#636=EDGE_CURVE('',#623,#631,#635,.T.);
#637=ORIENTED_EDGE('',*,*,#636,.T.);
#638=CARTESIAN_POINT('',(1441.2,-1938.923044738,4.));
#639=VERTEX_POINT('',#638);
#640=CARTESIAN_POINT('',(1441.2,-1925.076955262,4.));
#641=DIRECTION('',(-0.,-1.,-0.));
#642=VECTOR('',#641,13.846089476);
#643=LINE('',#640,#642);
#644=EDGE_CURVE('',#631,#639,#643,.T.);
#645=ORIENTED_EDGE('',*,*,#644,.T.);
#646=CARTESIAN_POINT('',(1441.2,-1938.923044738,4.));
#647=DIRECTION('',(-0.707106781,-0.707106781,0.));
#648=VECTOR('',#647,8.876955262);
#649=LINE('',#646,#648);
#650=EDGE_CURVE('',#639,#589,#649,.T.);
#651=ORIENTED_EDGE('',*,*,#650,.T.);
#652=EDGE_LOOP('',(#597,#605,#613,#621,#629,#637,#645,#651));
#653=FACE_BOUND('',#652,.T.);
#654=CARTESIAN_POINT('',(1434.923044738,-1917.2,4.));
#655=VERTEX_POINT('',#654);
#656=CARTESIAN_POINT('',(1421.076955262,-1917.2,4.));
#657=VERTEX_POINT('',#656);
#658=CARTESIAN_POINT('',(1434.923044738,-1917.2,4.));
#659=DIRECTION('',(-1.,0.,0.));
#660=VECTOR('',#659,13.846089476);
#661=LINE('',#658,#660);
#662=EDGE_CURVE('',#655,#657,#661,.T.);
#663=ORIENTED_EDGE('',*,*,#662,.T.);
#664=CARTESIAN_POINT('',(1414.8,-1910.923044738,4.));
#665=VERTEX_POINT('',#664);
#666=CARTESIAN_POINT('',(1421.076955262,-1917.2,4.));
#667=DIRECTION('',(-0.707106781,0.707106781,0.));
#668=VECTOR('',#667,8.876955262);
#669=LINE('',#666,#668);
#670=EDGE_CURVE('',#657,#665,#669,.T.);
#671=ORIENTED_EDGE('',*,*,#670,.T.);
#672=CARTESIAN_POINT('',(1414.8,-1897.076955262,4.));
#673=VERTEX_POINT('',#672);
#674=CARTESIAN_POINT('',(1414.8,-1910.923044738,4.));
#675=DIRECTION('',(0.,1.,0.));
#676=VECTOR('',#675,13.846089476);
#677=LINE('',#674,#676);
#678=EDGE_CURVE('',#665,#673,#677,.T.);
#679=ORIENTED_EDGE('',*,*,#678,.T.);
#680=CARTESIAN_POINT('',(1421.076955262,-1890.8,4.));
#681=VERTEX_POINT('',#680);
#682=CARTESIAN_POINT('',(1414.8,-1897.076955262,4.));
#683=DIRECTION('',(0.707106781,0.707106781,0.));
#684=VECTOR('',#683,8.876955262);
#685=LINE('',#682,#684);
#686=EDGE_CURVE('',#673,#681,#685,.T.);
#687=ORIENTED_EDGE('',*,*,#686,.T.);
#688=CARTESIAN_POINT('',(1434.923044738,-1890.8,4.));
#689=VERTEX_POINT('',#688);
#690=CARTESIAN_POINT('',(1421.076955262,-1890.8,4.));
#691=DIRECTION('',(1.,-0.,-0.));
#692=VECTOR('',#691,13.846089476);
#693=LINE('',#690,#692);
#694=EDGE_CURVE('',#681,#689,#693,.T.);
#695=ORIENTED_EDGE('',*,*,#694,.T.);
#696=CARTESIAN_POINT('',(1441.2,-1897.076955262,4.));
#697=VERTEX_POINT('',#696);
#698=CARTESIAN_POINT('',(1434.923044738,-1890.8,4.));
#699=DIRECTION('',(0.707106781,-0.707106781,0.));
#700=VECTOR('',#699,8.876955262);
#701=LINE('',#698,#700);
#702=EDGE_CURVE('',#689,#697,#701,.T.);
#703=ORIENTED_EDGE('',*,*,#702,.T.);
#704=CARTESIAN_POINT('',(1441.2,-1910.923044738,4.));
#705=VERTEX_POINT('',#704);
#706=CARTESIAN_POINT('',(1441.2,-1897.076955262,4.));
#707=DIRECTION('',(-0.,-1.,-0.));
#708=VECTOR('',#707,13.846089476);
#709=LINE('',#706,#708);
#710=EDGE_CURVE('',#697,#705,#709,.T.);
#711=ORIENTED_EDGE('',*,*,#710,.T.);
#712=CARTESIAN_POINT('',(1441.2,-1910.923044738,4.));
#713=DIRECTION('',(-0.707106781,-0.707106781,0.));
#714=VECTOR('',#713,8.876955262);
#715=LINE('',#712,#714);
#716=EDGE_CURVE('',#705,#655,#715,.T.);
#717=ORIENTED_EDGE('',*,*,#716,.T.);
#718=EDGE_LOOP('',(#663,#671,#679,#687,#695,#703,#711,#717));
#719=FACE_BOUND('',#718,.T.);
#720=ADVANCED_FACE('',(#444,#510,#521,#587,#653,#719),#378,.F.);
#721=CARTESIAN_POINT('',(1412.5,-1932.,2.4));
#722=DIRECTION('',(-1.,0.,0.));
#723=DIRECTION('',(0.,-1.,0.));
#724=AXIS2_PLACEMENT_3D('',#721,#722,#723);
#725=PLANE('',#724);
#726=CARTESIAN_POINT('',(1412.5,-1924.376955262,1.4));
#727=VERTEX_POINT('',#726);
#728=CARTESIAN_POINT('',(1412.5,-1922.9627417,0.4));
#729=VERTEX_POINT('',#728);
#730=CARTESIAN_POINT('',(1412.5,-1924.376955262,1.4));
#731=DIRECTION('',(0.,0.816496581,-0.577350269));
#732=VECTOR('',#731,1.732050807);
#733=LINE('',#730,#732);
#734=EDGE_CURVE('',#727,#729,#733,.T.);
#735=ORIENTED_EDGE('',*,*,#734,.T.);
#736=CARTESIAN_POINT('',(1412.5,-1941.0372583,0.4));
#737=VERTEX_POINT('',#736);
#738=CARTESIAN_POINT('',(1412.5,-1922.9627417,0.4));
#739=DIRECTION('',(0.,-1.,0.));
#740=VECTOR('',#739,18.0745166);
#741=LINE('',#738,#740);
#742=EDGE_CURVE('',#729,#737,#741,.T.);
#743=ORIENTED_EDGE('',*,*,#742,.T.);
#744=CARTESIAN_POINT('',(1412.5,-1939.623044738,1.4));
#745=VERTEX_POINT('',#744);
#746=CARTESIAN_POINT('',(1412.5,-1941.0372583,0.4));
#747=DIRECTION('',(0.,0.816496581,0.577350269));
#748=VECTOR('',#747,1.732050807);
#749=LINE('',#746,#748);
#750=EDGE_CURVE('',#737,#745,#749,.T.);
#751=ORIENTED_EDGE('',*,*,#750,.T.);
#752=CARTESIAN_POINT('',(1412.5,-1939.623044738,1.4));
#753=DIRECTION('',(-0.,1.,-0.));
#754=VECTOR('',#753,15.246089476);
#755=LINE('',#752,#754);
#756=EDGE_CURVE('',#745,#727,#755,.T.);
#757=ORIENTED_EDGE('',*,*,#756,.T.);
#758=EDGE_LOOP('',(#735,#743,#751,#757));
#759=FACE_BOUND('',#758,.T.);
#760=ADVANCED_FACE('',(#759),#725,.T.);
#761=CARTESIAN_POINT('',(1412.5,-1932.,1.4));
#762=DIRECTION('',(0.819231921,0.,-0.573462344));
#763=DIRECTION('',(0.,1.,0.));
#764=AXIS2_PLACEMENT_3D('',#761,#762,#763);
#765=PLANE('',#764);
#766=CARTESIAN_POINT('',(1413.2,-1938.923044738,2.4));
#767=VERTEX_POINT('',#766);
#768=CARTESIAN_POINT('',(1413.2,-1938.923044738,2.4));
#769=DIRECTION('',(-0.497468338,-0.497468338,-0.710669055));
#770=VECTOR('',#769,1.407124728);
#771=LINE('',#768,#770);
#772=EDGE_CURVE('',#767,#745,#771,.T.);
#773=ORIENTED_EDGE('',*,*,#772,.F.);
#774=CARTESIAN_POINT('',(1413.2,-1925.076955262,2.4));
#775=VERTEX_POINT('',#774);
#776=CARTESIAN_POINT('',(1413.199999999,-1938.923044738,2.4));
#777=DIRECTION('',(0.,1.,0.));
#778=VECTOR('',#777,13.846089476);
#779=LINE('',#776,#778);
#780=EDGE_CURVE('',#767,#775,#779,.T.);
#781=ORIENTED_EDGE('',*,*,#780,.T.);
#782=CARTESIAN_POINT('',(1412.5,-1924.376955262,1.4));
#783=DIRECTION('',(0.497468338,-0.497468338,0.710669055));
#784=VECTOR('',#783,1.407124728);
#785=LINE('',#782,#784);
#786=EDGE_CURVE('',#727,#775,#785,.T.);
#787=ORIENTED_EDGE('',*,*,#786,.F.);
#788=ORIENTED_EDGE('',*,*,#756,.F.);
#789=EDGE_LOOP('',(#773,#781,#787,#788));
#790=FACE_BOUND('',#789,.T.);
#791=ADVANCED_FACE('',(#790),#765,.F.);
#792=CARTESIAN_POINT('',(1413.2,-1932.,6.8));
#793=DIRECTION('',(-1.,0.,0.));
#794=DIRECTION('',(0.,-1.,0.));
#795=AXIS2_PLACEMENT_3D('',#792,#793,#794);
#796=PLANE('',#795);
#797=ORIENTED_EDGE('',*,*,#501,.F.);
#798=CARTESIAN_POINT('',(1413.2,-1925.076955262,4.));
#799=DIRECTION('',(-0.,-0.,-1.));
#800=VECTOR('',#799,1.6);
#801=LINE('',#798,#800);
#802=EDGE_CURVE('',#488,#775,#801,.T.);
#803=ORIENTED_EDGE('',*,*,#802,.T.);
#804=ORIENTED_EDGE('',*,*,#780,.F.);
#805=CARTESIAN_POINT('',(1413.2,-1938.923044738,4.));
#806=DIRECTION('',(-0.,-0.,-1.));
#807=VECTOR('',#806,1.6);
#808=LINE('',#805,#807);
#809=EDGE_CURVE('',#496,#767,#808,.T.);
#810=ORIENTED_EDGE('',*,*,#809,.F.);
#811=EDGE_LOOP('',(#797,#803,#804,#810));
#812=FACE_BOUND('',#811,.T.);
#813=ADVANCED_FACE('',(#812),#796,.T.);
#814=CARTESIAN_POINT('',(1412.85,-1924.726955262,6.8));
#815=DIRECTION('',(-0.707106781,-0.707106781,0.));
#816=DIRECTION('',(0.707106781,-0.707106781,0.));
#817=AXIS2_PLACEMENT_3D('',#814,#815,#816);
#818=PLANE('',#817);
#819=ORIENTED_EDGE('',*,*,#493,.F.);
#820=CARTESIAN_POINT('',(1406.923044738,-1918.8,2.4));
#821=VERTEX_POINT('',#820);
#822=CARTESIAN_POINT('',(1406.923044738,-1918.8,4.));
#823=DIRECTION('',(-0.,-0.,-1.));
#824=VECTOR('',#823,1.6);
#825=LINE('',#822,#824);
#826=EDGE_CURVE('',#480,#821,#825,.T.);
#827=ORIENTED_EDGE('',*,*,#826,.T.);
#828=CARTESIAN_POINT('',(1407.623044738,-1919.5,1.4));
#829=VERTEX_POINT('',#828);
#830=CARTESIAN_POINT('',(1406.923044738,-1918.8,2.4));
#831=DIRECTION('',(0.497468338,-0.497468338,-0.710669055));
#832=VECTOR('',#831,1.407124728);
#833=LINE('',#830,#832);
#834=EDGE_CURVE('',#821,#829,#833,.T.);
#835=ORIENTED_EDGE('',*,*,#834,.T.);
#836=CARTESIAN_POINT('',(1407.623044738,-1919.5,1.4));
#837=DIRECTION('',(0.707106781,-0.707106781,0.));
#838=VECTOR('',#837,6.897056275);
#839=LINE('',#836,#838);
#840=EDGE_CURVE('',#829,#727,#839,.T.);
#841=ORIENTED_EDGE('',*,*,#840,.T.);
#842=ORIENTED_EDGE('',*,*,#786,.T.);
#843=ORIENTED_EDGE('',*,*,#802,.F.);
#844=EDGE_LOOP('',(#819,#827,#835,#841,#842,#843));
#845=FACE_BOUND('',#844,.T.);
#846=ADVANCED_FACE('',(#845),#818,.T.);
#847=CARTESIAN_POINT('',(1400.,-1944.5,2.4));
#848=DIRECTION('',(0.,1.,0.));
#849=DIRECTION('',(-1.,0.,0.));
#850=AXIS2_PLACEMENT_3D('',#847,#848,#849);
#851=PLANE('',#850);
#852=CARTESIAN_POINT('',(1407.623044738,-1944.5,1.4));
#853=VERTEX_POINT('',#852);
#854=CARTESIAN_POINT('',(1409.0372583,-1944.5,0.4));
#855=VERTEX_POINT('',#854);
#856=CARTESIAN_POINT('',(1407.623044738,-1944.5,1.4));
#857=DIRECTION('',(0.816496581,0.,-0.577350269));
#858=VECTOR('',#857,1.732050807);
#859=LINE('',#856,#858);
#860=EDGE_CURVE('',#853,#855,#859,.T.);
#861=ORIENTED_EDGE('',*,*,#860,.T.);
#862=CARTESIAN_POINT('',(1390.9627417,-1944.5,0.4));
#863=VERTEX_POINT('',#862);
#864=CARTESIAN_POINT('',(1409.0372583,-1944.5,0.4));
#865=DIRECTION('',(-1.,0.,0.));
#866=VECTOR('',#865,18.0745166);
#867=LINE('',#864,#866);
#868=EDGE_CURVE('',#855,#863,#867,.T.);
#869=ORIENTED_EDGE('',*,*,#868,.T.);
#870=CARTESIAN_POINT('',(1392.376955262,-1944.5,1.4));
#871=VERTEX_POINT('',#870);
#872=CARTESIAN_POINT('',(1390.9627417,-1944.5,0.4));
#873=DIRECTION('',(0.816496581,0.,0.577350269));
#874=VECTOR('',#873,1.732050807);
#875=LINE('',#872,#874);
#876=EDGE_CURVE('',#863,#871,#875,.T.);
#877=ORIENTED_EDGE('',*,*,#876,.T.);
#878=CARTESIAN_POINT('',(1392.376955262,-1944.5,1.4));
#879=DIRECTION('',(1.,-0.,-0.));
#880=VECTOR('',#879,15.246089476);
#881=LINE('',#878,#880);
#882=EDGE_CURVE('',#871,#853,#881,.T.);
#883=ORIENTED_EDGE('',*,*,#882,.T.);
#884=EDGE_LOOP('',(#861,#869,#877,#883));
#885=FACE_BOUND('',#884,.T.);
#886=ADVANCED_FACE('',(#885),#851,.T.);
#887=CARTESIAN_POINT('',(1400.,-1944.5,1.4));
#888=DIRECTION('',(0.,-0.819231921,-0.573462344));
#889=DIRECTION('',(1.,0.,0.));
#890=AXIS2_PLACEMENT_3D('',#887,#888,#889);
#891=PLANE('',#890);
#892=CARTESIAN_POINT('',(1393.076955262,-1945.2,2.4));
#893=VERTEX_POINT('',#892);
#894=CARTESIAN_POINT('',(1393.076955262,-1945.2,2.4));
#895=DIRECTION('',(-0.497468338,0.497468338,-0.710669055));
#896=VECTOR('',#895,1.407124728);
#897=LINE('',#894,#896);
#898=EDGE_CURVE('',#893,#871,#897,.T.);
#899=ORIENTED_EDGE('',*,*,#898,.F.);
#900=CARTESIAN_POINT('',(1406.923044738,-1945.2,2.4));
#901=VERTEX_POINT('',#900);
#902=CARTESIAN_POINT('',(1393.076955262,-1945.199999999,2.4));
#903=DIRECTION('',(1.,0.,-0.));
#904=VECTOR('',#903,13.846089476);
#905=LINE('',#902,#904);
#906=EDGE_CURVE('',#893,#901,#905,.T.);
#907=ORIENTED_EDGE('',*,*,#906,.T.);
#908=CARTESIAN_POINT('',(1407.623044738,-1944.5,1.4));
#909=DIRECTION('',(-0.497468338,-0.497468338,0.710669055));
#910=VECTOR('',#909,1.407124728);
#911=LINE('',#908,#910);
#912=EDGE_CURVE('',#853,#901,#911,.T.);
#913=ORIENTED_EDGE('',*,*,#912,.F.);
#914=ORIENTED_EDGE('',*,*,#882,.F.);
#915=EDGE_LOOP('',(#899,#907,#913,#914));
#916=FACE_BOUND('',#915,.T.);
#917=ADVANCED_FACE('',(#916),#891,.F.);
#918=CARTESIAN_POINT('',(1400.,-1945.2,6.8));
#919=DIRECTION('',(0.,1.,0.));
#920=DIRECTION('',(-1.,0.,0.));
#921=AXIS2_PLACEMENT_3D('',#918,#919,#920);
#922=PLANE('',#921);
#923=ORIENTED_EDGE('',*,*,#453,.F.);
#924=CARTESIAN_POINT('',(1406.923044738,-1945.2,4.));
#925=DIRECTION('',(-0.,-0.,-1.));
#926=VECTOR('',#925,1.6);
#927=LINE('',#924,#926);
#928=EDGE_CURVE('',#446,#901,#927,.T.);
#929=ORIENTED_EDGE('',*,*,#928,.T.);
#930=ORIENTED_EDGE('',*,*,#906,.F.);
#931=CARTESIAN_POINT('',(1393.076955262,-1945.2,4.));
#932=DIRECTION('',(-0.,-0.,-1.));
#933=VECTOR('',#932,1.6);
#934=LINE('',#931,#933);
#935=EDGE_CURVE('',#448,#893,#934,.T.);
#936=ORIENTED_EDGE('',*,*,#935,.F.);
#937=EDGE_LOOP('',(#923,#929,#930,#936));
#938=FACE_BOUND('',#937,.T.);
#939=ADVANCED_FACE('',(#938),#922,.T.);
#940=CARTESIAN_POINT('',(1407.273044738,-1944.85,6.8));
#941=DIRECTION('',(-0.707106781,0.707106781,0.));
#942=DIRECTION('',(-0.707106781,-0.707106781,0.));
#943=AXIS2_PLACEMENT_3D('',#940,#941,#942);
#944=PLANE('',#943);
#945=ORIENTED_EDGE('',*,*,#507,.F.);
#946=ORIENTED_EDGE('',*,*,#809,.T.);
#947=ORIENTED_EDGE('',*,*,#772,.T.);
#948=CARTESIAN_POINT('',(1412.5,-1939.623044738,1.4));
#949=DIRECTION('',(-0.707106781,-0.707106781,0.));
#950=VECTOR('',#949,6.897056275);
#951=LINE('',#948,#950);
#952=EDGE_CURVE('',#745,#853,#951,.T.);
#953=ORIENTED_EDGE('',*,*,#952,.T.);
#954=ORIENTED_EDGE('',*,*,#912,.T.);
#955=ORIENTED_EDGE('',*,*,#928,.F.);
#956=EDGE_LOOP('',(#945,#946,#947,#953,#954,#955));
#957=FACE_BOUND('',#956,.T.);
#958=ADVANCED_FACE('',(#957),#944,.T.);
#959=CARTESIAN_POINT('',(1387.5,-1932.,2.4));
#960=DIRECTION('',(1.,0.,0.));
#961=DIRECTION('',(0.,1.,0.));
#962=AXIS2_PLACEMENT_3D('',#959,#960,#961);
#963=PLANE('',#962);
#964=CARTESIAN_POINT('',(1387.5,-1939.623044738,1.4));
#965=VERTEX_POINT('',#964);
#966=CARTESIAN_POINT('',(1387.5,-1941.0372583,0.4));
#967=VERTEX_POINT('',#966);
#968=CARTESIAN_POINT('',(1387.5,-1939.623044738,1.4));
#969=DIRECTION('',(0.,-0.816496581,-0.577350269));
#970=VECTOR('',#969,1.732050807);
#971=LINE('',#968,#970);
#972=EDGE_CURVE('',#965,#967,#971,.T.);
#973=ORIENTED_EDGE('',*,*,#972,.T.);
#974=CARTESIAN_POINT('',(1387.5,-1922.9627417,0.4));
#975=VERTEX_POINT('',#974);
#976=CARTESIAN_POINT('',(1387.5,-1941.0372583,0.4));
#977=DIRECTION('',(0.,1.,0.));
#978=VECTOR('',#977,18.0745166);
#979=LINE('',#976,#978);
#980=EDGE_CURVE('',#967,#975,#979,.T.);
#981=ORIENTED_EDGE('',*,*,#980,.T.);
#982=CARTESIAN_POINT('',(1387.5,-1924.376955262,1.4));
#983=VERTEX_POINT('',#982);
#984=CARTESIAN_POINT('',(1387.5,-1922.9627417,0.4));
#985=DIRECTION('',(0.,-0.816496581,0.577350269));
#986=VECTOR('',#985,1.732050807);
#987=LINE('',#984,#986);
#988=EDGE_CURVE('',#975,#983,#987,.T.);
#989=ORIENTED_EDGE('',*,*,#988,.T.);
#990=CARTESIAN_POINT('',(1387.5,-1924.376955262,1.4));
#991=DIRECTION('',(-0.,-1.,-0.));
#992=VECTOR('',#991,15.246089476);
#993=LINE('',#990,#992);
#994=EDGE_CURVE('',#983,#965,#993,.T.);
#995=ORIENTED_EDGE('',*,*,#994,.T.);
#996=EDGE_LOOP('',(#973,#981,#989,#995));
#997=FACE_BOUND('',#996,.T.);
#998=ADVANCED_FACE('',(#997),#963,.T.);
#999=CARTESIAN_POINT('',(1387.5,-1932.,1.4));
#1000=DIRECTION('',(-0.819231921,0.,-0.573462344));
#1001=DIRECTION('',(0.,-1.,0.));
#1002=AXIS2_PLACEMENT_3D('',#999,#1000,#1001);
#1003=PLANE('',#1002);
#1004=CARTESIAN_POINT('',(1386.8,-1925.076955262,2.4));
#1005=VERTEX_POINT('',#1004);
#1006=CARTESIAN_POINT('',(1386.8,-1925.076955262,2.4));
#1007=DIRECTION('',(0.497468338,0.497468338,-0.710669055));
#1008=VECTOR('',#1007,1.407124728);
#1009=LINE('',#1006,#1008);
#1010=EDGE_CURVE('',#1005,#983,#1009,.T.);
#1011=ORIENTED_EDGE('',*,*,#1010,.F.);
#1012=CARTESIAN_POINT('',(1386.8,-1938.923044738,2.4));
#1013=VERTEX_POINT('',#1012);
#1014=CARTESIAN_POINT('',(1386.800000001,-1925.076955262,2.4));
#1015=DIRECTION('',(0.,-1.,0.));
#1016=VECTOR('',#1015,13.846089476);
#1017=LINE('',#1014,#1016);
#1018=EDGE_CURVE('',#1005,#1013,#1017,.T.);
#1019=ORIENTED_EDGE('',*,*,#1018,.T.);
#1020=CARTESIAN_POINT('',(1387.5,-1939.623044738,1.4));
#1021=DIRECTION('',(-0.497468338,0.497468338,0.710669055));
#1022=VECTOR('',#1021,1.407124728);
#1023=LINE('',#1020,#1022);
#1024=EDGE_CURVE('',#965,#1013,#1023,.T.);
#1025=ORIENTED_EDGE('',*,*,#1024,.F.);
#1026=ORIENTED_EDGE('',*,*,#994,.F.);
#1027=EDGE_LOOP('',(#1011,#1019,#1025,#1026));
#1028=FACE_BOUND('',#1027,.T.);
#1029=ADVANCED_FACE('',(#1028),#1003,.F.);
#1030=CARTESIAN_POINT('',(1386.8,-1932.,6.8));
#1031=DIRECTION('',(1.,0.,0.));
#1032=DIRECTION('',(0.,1.,0.));
#1033=AXIS2_PLACEMENT_3D('',#1030,#1031,#1032);
#1034=PLANE('',#1033);
#1035=ORIENTED_EDGE('',*,*,#469,.F.);
#1036=CARTESIAN_POINT('',(1386.8,-1938.923044738,4.));
#1037=DIRECTION('',(-0.,-0.,-1.));
#1038=VECTOR('',#1037,1.6);
#1039=LINE('',#1036,#1038);
#1040=EDGE_CURVE('',#456,#1013,#1039,.T.);
#1041=ORIENTED_EDGE('',*,*,#1040,.T.);
#1042=ORIENTED_EDGE('',*,*,#1018,.F.);
#1043=CARTESIAN_POINT('',(1386.8,-1925.076955262,4.));
#1044=DIRECTION('',(-0.,-0.,-1.));
#1045=VECTOR('',#1044,1.6);
#1046=LINE('',#1043,#1045);
#1047=EDGE_CURVE('',#464,#1005,#1046,.T.);
#1048=ORIENTED_EDGE('',*,*,#1047,.F.);
#1049=EDGE_LOOP('',(#1035,#1041,#1042,#1048));
#1050=FACE_BOUND('',#1049,.T.);
#1051=ADVANCED_FACE('',(#1050),#1034,.T.);
#1052=CARTESIAN_POINT('',(1387.15,-1939.273044738,6.8));
#1053=DIRECTION('',(0.707106781,0.707106781,0.));
#1054=DIRECTION('',(-0.707106781,0.707106781,0.));
#1055=AXIS2_PLACEMENT_3D('',#1052,#1053,#1054);
#1056=PLANE('',#1055);
#1057=ORIENTED_EDGE('',*,*,#461,.F.);
#1058=ORIENTED_EDGE('',*,*,#935,.T.);
#1059=ORIENTED_EDGE('',*,*,#898,.T.);
#1060=CARTESIAN_POINT('',(1392.376955262,-1944.5,1.4));
#1061=DIRECTION('',(-0.707106781,0.707106781,0.));
#1062=VECTOR('',#1061,6.897056275);
#1063=LINE('',#1060,#1062);
#1064=EDGE_CURVE('',#871,#965,#1063,.T.);
#1065=ORIENTED_EDGE('',*,*,#1064,.T.);
#1066=ORIENTED_EDGE('',*,*,#1024,.T.);
#1067=ORIENTED_EDGE('',*,*,#1040,.F.);
#1068=EDGE_LOOP('',(#1057,#1058,#1059,#1065,#1066,#1067));
#1069=FACE_BOUND('',#1068,.T.);
#1070=ADVANCED_FACE('',(#1069),#1056,.T.);
#1071=CARTESIAN_POINT('',(1400.,-1919.5,2.4));
#1072=DIRECTION('',(0.,-1.,0.));
#1073=DIRECTION('',(1.,0.,0.));
#1074=AXIS2_PLACEMENT_3D('',#1071,#1072,#1073);
#1075=PLANE('',#1074);
#1076=CARTESIAN_POINT('',(1392.376955262,-1919.5,1.4));
#1077=VERTEX_POINT('',#1076);
#1078=CARTESIAN_POINT('',(1390.9627417,-1919.5,0.4));
#1079=VERTEX_POINT('',#1078);
#1080=CARTESIAN_POINT('',(1392.376955262,-1919.5,1.4));
#1081=DIRECTION('',(-0.816496581,0.,-0.577350269));
#1082=VECTOR('',#1081,1.732050807);
#1083=LINE('',#1080,#1082);
#1084=EDGE_CURVE('',#1077,#1079,#1083,.T.);
#1085=ORIENTED_EDGE('',*,*,#1084,.T.);
#1086=CARTESIAN_POINT('',(1409.0372583,-1919.5,0.4));
#1087=VERTEX_POINT('',#1086);
#1088=CARTESIAN_POINT('',(1390.9627417,-1919.5,0.4));
#1089=DIRECTION('',(1.,0.,-0.));
#1090=VECTOR('',#1089,18.0745166);
#1091=LINE('',#1088,#1090);
#1092=EDGE_CURVE('',#1079,#1087,#1091,.T.);
#1093=ORIENTED_EDGE('',*,*,#1092,.T.);
#1094=CARTESIAN_POINT('',(1409.0372583,-1919.5,0.4));
#1095=DIRECTION('',(-0.816496581,0.,0.577350269));
#1096=VECTOR('',#1095,1.732050807);
#1097=LINE('',#1094,#1096);
#1098=EDGE_CURVE('',#1087,#829,#1097,.T.);
#1099=ORIENTED_EDGE('',*,*,#1098,.T.);
#1100=CARTESIAN_POINT('',(1407.623044738,-1919.5,1.4));
#1101=DIRECTION('',(-1.,-0.,0.));
#1102=VECTOR('',#1101,15.246089476);
#1103=LINE('',#1100,#1102);
#1104=EDGE_CURVE('',#829,#1077,#1103,.T.);
#1105=ORIENTED_EDGE('',*,*,#1104,.T.);
#1106=EDGE_LOOP('',(#1085,#1093,#1099,#1105));
#1107=FACE_BOUND('',#1106,.T.);
#1108=ADVANCED_FACE('',(#1107),#1075,.T.);
#1109=CARTESIAN_POINT('',(1400.,-1919.5,1.4));
#1110=DIRECTION('',(0.,0.819231921,-0.573462344));
#1111=DIRECTION('',(-1.,0.,0.));
#1112=AXIS2_PLACEMENT_3D('',#1109,#1110,#1111);
#1113=PLANE('',#1112);
#1114=ORIENTED_EDGE('',*,*,#834,.F.);
#1115=CARTESIAN_POINT('',(1393.076955262,-1918.8,2.4));
#1116=VERTEX_POINT('',#1115);
#1117=CARTESIAN_POINT('',(1406.923044738,-1918.800000001,2.4));
#1118=DIRECTION('',(-1.,0.,0.));
#1119=VECTOR('',#1118,13.846089476);
#1120=LINE('',#1117,#1119);
#1121=EDGE_CURVE('',#821,#1116,#1120,.T.);
#1122=ORIENTED_EDGE('',*,*,#1121,.T.);
#1123=CARTESIAN_POINT('',(1392.376955262,-1919.5,1.4));
#1124=DIRECTION('',(0.497468338,0.497468338,0.710669055));
#1125=VECTOR('',#1124,1.407124728);
#1126=LINE('',#1123,#1125);
#1127=EDGE_CURVE('',#1077,#1116,#1126,.T.);
#1128=ORIENTED_EDGE('',*,*,#1127,.F.);
#1129=ORIENTED_EDGE('',*,*,#1104,.F.);
#1130=EDGE_LOOP('',(#1114,#1122,#1128,#1129));
#1131=FACE_BOUND('',#1130,.T.);
#1132=ADVANCED_FACE('',(#1131),#1113,.F.);
#1133=CARTESIAN_POINT('',(1400.,-1918.8,6.8));
#1134=DIRECTION('',(0.,-1.,0.));
#1135=DIRECTION('',(1.,0.,0.));
#1136=AXIS2_PLACEMENT_3D('',#1133,#1134,#1135);
#1137=PLANE('',#1136);
#1138=ORIENTED_EDGE('',*,*,#485,.F.);
#1139=CARTESIAN_POINT('',(1393.076955262,-1918.8,4.));
#1140=DIRECTION('',(-0.,-0.,-1.));
#1141=VECTOR('',#1140,1.6);
#1142=LINE('',#1139,#1141);
#1143=EDGE_CURVE('',#472,#1116,#1142,.T.);
#1144=ORIENTED_EDGE('',*,*,#1143,.T.);
#1145=ORIENTED_EDGE('',*,*,#1121,.F.);
#1146=ORIENTED_EDGE('',*,*,#826,.F.);
#1147=EDGE_LOOP('',(#1138,#1144,#1145,#1146));
#1148=FACE_BOUND('',#1147,.T.);
#1149=ADVANCED_FACE('',(#1148),#1137,.T.);
#1150=CARTESIAN_POINT('',(1392.726955262,-1919.15,6.8));
#1151=DIRECTION('',(0.707106781,-0.707106781,0.));
#1152=DIRECTION('',(0.707106781,0.707106781,0.));
#1153=AXIS2_PLACEMENT_3D('',#1150,#1151,#1152);
#1154=PLANE('',#1153);
#1155=ORIENTED_EDGE('',*,*,#477,.F.);
#1156=ORIENTED_EDGE('',*,*,#1047,.T.);
#1157=ORIENTED_EDGE('',*,*,#1010,.T.);
#1158=CARTESIAN_POINT('',(1387.5,-1924.376955262,1.4));
#1159=DIRECTION('',(0.707106781,0.707106781,0.));
#1160=VECTOR('',#1159,6.897056275);
#1161=LINE('',#1158,#1160);
#1162=EDGE_CURVE('',#983,#1077,#1161,.T.);
#1163=ORIENTED_EDGE('',*,*,#1162,.T.);
#1164=ORIENTED_EDGE('',*,*,#1127,.T.);
#1165=ORIENTED_EDGE('',*,*,#1143,.F.);
#1166=EDGE_LOOP('',(#1155,#1156,#1157,#1163,#1164,#1165));
#1167=FACE_BOUND('',#1166,.T.);
#1168=ADVANCED_FACE('',(#1167),#1154,.T.);
#1169=CARTESIAN_POINT('',(1407.961522369,-1946.,6.8));
#1170=DIRECTION('',(0.,1.,0.));
#1171=DIRECTION('',(0.,0.,1.));
#1172=AXIS2_PLACEMENT_3D('',#1169,#1170,#1171);
#1173=PLANE('',#1172);
#1174=CARTESIAN_POINT('',(1411.432776641,-1946.,3.4));
#1175=VERTEX_POINT('',#1174);
#1176=CARTESIAN_POINT('',(1416.567223359,-1946.,3.4));
#1177=VERTEX_POINT('',#1176);
#1178=CARTESIAN_POINT('',(1411.432776641,-1946.,3.4));
#1179=DIRECTION('',(1.,0.,-0.));
#1180=VECTOR('',#1179,5.134446718);
#1181=LINE('',#1178,#1180);
#1182=EDGE_CURVE('',#1175,#1177,#1181,.T.);
#1183=ORIENTED_EDGE('',*,*,#1182,.T.);
#1184=CARTESIAN_POINT('',(1416.567223359,-1946.,1.));
#1185=VERTEX_POINT('',#1184);
#1186=CARTESIAN_POINT('',(1416.567223359,-1946.,1.));
#1187=DIRECTION('',(-0.,-0.,1.));
#1188=VECTOR('',#1187,2.4);
#1189=LINE('',#1186,#1188);
#1190=EDGE_CURVE('',#1185,#1177,#1189,.T.);
#1191=ORIENTED_EDGE('',*,*,#1190,.F.);
#1192=CARTESIAN_POINT('',(1411.432776641,-1946.,1.));
#1193=VERTEX_POINT('',#1192);
#1194=CARTESIAN_POINT('',(1411.432776641,-1946.,1.));
#1195=DIRECTION('',(1.,0.,-0.));
#1196=VECTOR('',#1195,5.134446718);
#1197=LINE('',#1194,#1196);
#1198=EDGE_CURVE('',#1193,#1185,#1197,.T.);
#1199=ORIENTED_EDGE('',*,*,#1198,.F.);
#1200=CARTESIAN_POINT('',(1411.432776641,-1946.,3.4));
#1201=DIRECTION('',(0.,0.,-1.));
#1202=VECTOR('',#1201,2.4);
#1203=LINE('',#1200,#1202);
#1204=EDGE_CURVE('',#1175,#1193,#1203,.T.);
#1205=ORIENTED_EDGE('',*,*,#1204,.F.);
#1206=EDGE_LOOP('',(#1183,#1191,#1199,#1205));
#1207=FACE_BOUND('',#1206,.T.);
#1208=CARTESIAN_POINT('',(1437.8,-1946.,0.));
#1209=DIRECTION('',(0.,0.,1.));
#1210=VECTOR('',#1209,4.);
#1211=LINE('',#1208,#1210);
#1212=EDGE_CURVE('',#51,#422,#1211,.T.);
#1213=ORIENTED_EDGE('',*,*,#1212,.T.);
#1214=ORIENTED_EDGE('',*,*,#427,.T.);
#1215=CARTESIAN_POINT('',(1390.2,-1946.,4.));
#1216=DIRECTION('',(-0.,-0.,-1.));
#1217=VECTOR('',#1216,4.);
#1218=LINE('',#1215,#1217);
#1219=EDGE_CURVE('',#414,#59,#1218,.T.);
#1220=ORIENTED_EDGE('',*,*,#1219,.T.);
#1221=ORIENTED_EDGE('',*,*,#64,.T.);
#1222=EDGE_LOOP('',(#1213,#1214,#1220,#1221));
#1223=FACE_BOUND('',#1222,.T.);
#1224=ADVANCED_FACE('',(#1207,#1223),#1173,.F.);
#1225=CARTESIAN_POINT('',(1386.,-1939.961522369,6.8));
#1226=DIRECTION('',(1.,0.,0.));
#1227=DIRECTION('',(0.,0.,-1.));
#1228=AXIS2_PLACEMENT_3D('',#1225,#1226,#1227);
#1229=PLANE('',#1228);
#1230=CARTESIAN_POINT('',(1386.,-1894.2,4.));
#1231=DIRECTION('',(0.,0.,-1.));
#1232=VECTOR('',#1231,4.);
#1233=LINE('',#1230,#1232);
#1234=EDGE_CURVE('',#398,#75,#1233,.T.);
#1235=ORIENTED_EDGE('',*,*,#1234,.T.);
#1236=ORIENTED_EDGE('',*,*,#80,.T.);
#1237=CARTESIAN_POINT('',(1386.,-1941.8,-0.));
#1238=DIRECTION('',(-0.,-0.,1.));
#1239=VECTOR('',#1238,4.);
#1240=LINE('',#1237,#1239);
#1241=EDGE_CURVE('',#67,#406,#1240,.T.);
#1242=ORIENTED_EDGE('',*,*,#1241,.T.);
#1243=ORIENTED_EDGE('',*,*,#411,.T.);
#1244=EDGE_LOOP('',(#1235,#1236,#1242,#1243));
#1245=FACE_BOUND('',#1244,.T.);
#1246=CARTESIAN_POINT('',(1386.,-1915.432776641,1.));
#1247=VERTEX_POINT('',#1246);
#1248=CARTESIAN_POINT('',(1386.,-1920.567223359,1.));
#1249=VERTEX_POINT('',#1248);
#1250=CARTESIAN_POINT('',(1386.,-1915.432776641,1.));
#1251=DIRECTION('',(0.,-1.,0.));
#1252=VECTOR('',#1251,5.134446718);
#1253=LINE('',#1250,#1252);
#1254=EDGE_CURVE('',#1247,#1249,#1253,.T.);
#1255=ORIENTED_EDGE('',*,*,#1254,.F.);
#1256=CARTESIAN_POINT('',(1386.,-1915.432776641,3.4));
#1257=VERTEX_POINT('',#1256);
#1258=CARTESIAN_POINT('',(1386.,-1915.432776641,3.4));
#1259=DIRECTION('',(0.,0.,-1.));
#1260=VECTOR('',#1259,2.4);
#1261=LINE('',#1258,#1260);
#1262=EDGE_CURVE('',#1257,#1247,#1261,.T.);
#1263=ORIENTED_EDGE('',*,*,#1262,.F.);
#1264=CARTESIAN_POINT('',(1386.,-1920.567223359,3.4));
#1265=VERTEX_POINT('',#1264);
#1266=CARTESIAN_POINT('',(1386.,-1915.432776641,3.4));
#1267=DIRECTION('',(-0.,-1.,-0.));
#1268=VECTOR('',#1267,5.134446718);
#1269=LINE('',#1266,#1268);
#1270=EDGE_CURVE('',#1257,#1265,#1269,.T.);
#1271=ORIENTED_EDGE('',*,*,#1270,.T.);
#1272=CARTESIAN_POINT('',(1386.,-1920.567223359,1.));
#1273=DIRECTION('',(-0.,-0.,1.));
#1274=VECTOR('',#1273,2.4);
#1275=LINE('',#1272,#1274);
#1276=EDGE_CURVE('',#1249,#1265,#1275,.T.);
#1277=ORIENTED_EDGE('',*,*,#1276,.F.);
#1278=EDGE_LOOP('',(#1255,#1263,#1271,#1277));
#1279=FACE_BOUND('',#1278,.T.);
#1280=ADVANCED_FACE('',(#1245,#1279),#1229,.F.);
#1281=CARTESIAN_POINT('',(1388.948528137,-1920.948528137,0.));
#1282=DIRECTION('',(0.5,-0.5,-0.707106781));
#1283=DIRECTION('',(0.707106781,0.707106781,0.));
#1284=AXIS2_PLACEMENT_3D('',#1281,#1282,#1283);
#1285=PLANE('',#1284);
#1286=ORIENTED_EDGE('',*,*,#1084,.F.);
#1287=ORIENTED_EDGE('',*,*,#1162,.F.);
#1288=ORIENTED_EDGE('',*,*,#988,.F.);
#1289=CARTESIAN_POINT('',(1387.5,-1922.9627417,0.4));
#1290=DIRECTION('',(-0.678598344,0.281084638,-0.678598345));
#1291=VECTOR('',#1290,0.589450303);
#1292=LINE('',#1289,#1291);
#1293=EDGE_CURVE('',#975,#109,#1292,.T.);
#1294=ORIENTED_EDGE('',*,*,#1293,.T.);
#1295=ORIENTED_EDGE('',*,*,#114,.F.);
#1296=CARTESIAN_POINT('',(1390.797056275,-1919.1,0.));
#1297=DIRECTION('',(0.281084638,-0.678598344,0.678598345));
#1298=VECTOR('',#1297,0.589450303);
#1299=LINE('',#1296,#1298);
#1300=EDGE_CURVE('',#101,#1079,#1299,.T.);
#1301=ORIENTED_EDGE('',*,*,#1300,.T.);
#1302=EDGE_LOOP('',(#1286,#1287,#1288,#1294,#1295,#1301));
#1303=FACE_BOUND('',#1302,.T.);
#1304=ADVANCED_FACE('',(#1303),#1285,.T.);
#1305=CARTESIAN_POINT('',(1388.948528137,-1943.051471863,0.));
#1306=DIRECTION('',(0.5,0.5,-0.707106781));
#1307=DIRECTION('',(-0.707106781,0.707106781,0.));
#1308=AXIS2_PLACEMENT_3D('',#1305,#1306,#1307);
#1309=PLANE('',#1308);
#1310=ORIENTED_EDGE('',*,*,#972,.F.);
#1311=ORIENTED_EDGE('',*,*,#1064,.F.);
#1312=ORIENTED_EDGE('',*,*,#876,.F.);
#1313=CARTESIAN_POINT('',(1390.9627417,-1944.5,0.4));
#1314=DIRECTION('',(-0.281084638,-0.678598344,-0.678598345));
#1315=VECTOR('',#1314,0.589450303);
#1316=LINE('',#1313,#1315);
#1317=EDGE_CURVE('',#863,#125,#1316,.T.);
#1318=ORIENTED_EDGE('',*,*,#1317,.T.);
#1319=ORIENTED_EDGE('',*,*,#130,.F.);
#1320=CARTESIAN_POINT('',(1387.1,-1941.202943725,0.));
#1321=DIRECTION('',(0.678598344,0.281084638,0.678598345));
#1322=VECTOR('',#1321,0.589450303);
#1323=LINE('',#1320,#1322);
#1324=EDGE_CURVE('',#117,#967,#1323,.T.);
#1325=ORIENTED_EDGE('',*,*,#1324,.T.);
#1326=EDGE_LOOP('',(#1310,#1311,#1312,#1318,#1319,#1325));
#1327=FACE_BOUND('',#1326,.T.);
#1328=ADVANCED_FACE('',(#1327),#1309,.T.);
#1329=CARTESIAN_POINT('',(1411.051471863,-1943.051471863,0.));
#1330=DIRECTION('',(-0.5,0.5,-0.707106781));
#1331=DIRECTION('',(-0.707106781,-0.707106781,0.));
#1332=AXIS2_PLACEMENT_3D('',#1329,#1330,#1331);
#1333=PLANE('',#1332);
#1334=ORIENTED_EDGE('',*,*,#860,.F.);
#1335=ORIENTED_EDGE('',*,*,#952,.F.);
#1336=ORIENTED_EDGE('',*,*,#750,.F.);
#1337=CARTESIAN_POINT('',(1412.5,-1941.0372583,0.4));
#1338=DIRECTION('',(0.678598344,-0.281084638,-0.678598345));
#1339=VECTOR('',#1338,0.589450303);
#1340=LINE('',#1337,#1339);
#1341=EDGE_CURVE('',#737,#141,#1340,.T.);
#1342=ORIENTED_EDGE('',*,*,#1341,.T.);
#1343=ORIENTED_EDGE('',*,*,#146,.F.);
#1344=CARTESIAN_POINT('',(1409.202943725,-1944.9,0.));
#1345=DIRECTION('',(-0.281084638,0.678598344,0.678598345));
#1346=VECTOR('',#1345,0.589450303);
#1347=LINE('',#1344,#1346);
#1348=EDGE_CURVE('',#133,#855,#1347,.T.);
#1349=ORIENTED_EDGE('',*,*,#1348,.T.);
#1350=EDGE_LOOP('',(#1334,#1335,#1336,#1342,#1343,#1349));
#1351=FACE_BOUND('',#1350,.T.);
#1352=ADVANCED_FACE('',(#1351),#1333,.T.);
#1353=CARTESIAN_POINT('',(1411.051471863,-1920.948528137,0.));
#1354=DIRECTION('',(-0.5,-0.5,-0.707106781));
#1355=DIRECTION('',(0.707106781,-0.707106781,0.));
#1356=AXIS2_PLACEMENT_3D('',#1353,#1354,#1355);
#1357=PLANE('',#1356);
#1358=ORIENTED_EDGE('',*,*,#734,.F.);
#1359=ORIENTED_EDGE('',*,*,#840,.F.);
#1360=ORIENTED_EDGE('',*,*,#1098,.F.);
#1361=CARTESIAN_POINT('',(1409.0372583,-1919.5,0.4));
#1362=DIRECTION('',(0.281084638,0.678598344,-0.678598345));
#1363=VECTOR('',#1362,0.589450303);
#1364=LINE('',#1361,#1363);
#1365=EDGE_CURVE('',#1087,#99,#1364,.T.);
#1366=ORIENTED_EDGE('',*,*,#1365,.T.);
#1367=ORIENTED_EDGE('',*,*,#160,.F.);
#1368=CARTESIAN_POINT('',(1412.9,-1922.797056275,0.));
#1369=DIRECTION('',(-0.678598344,-0.281084638,0.678598345));
#1370=VECTOR('',#1369,0.589450303);
#1371=LINE('',#1368,#1370);
#1372=EDGE_CURVE('',#149,#729,#1371,.T.);
#1373=ORIENTED_EDGE('',*,*,#1372,.T.);
#1374=EDGE_LOOP('',(#1358,#1359,#1360,#1366,#1367,#1373));
#1375=FACE_BOUND('',#1374,.T.);
#1376=ADVANCED_FACE('',(#1375),#1357,.T.);
#1377=CARTESIAN_POINT('',(1400.,-1919.1,0.));
#1378=DIRECTION('',(0.,-0.707106781,-0.707106781));
#1379=DIRECTION('',(1.,0.,0.));
#1380=AXIS2_PLACEMENT_3D('',#1377,#1378,#1379);
#1381=PLANE('',#1380);
#1382=ORIENTED_EDGE('',*,*,#1365,.F.);
#1383=ORIENTED_EDGE('',*,*,#1092,.F.);
#1384=ORIENTED_EDGE('',*,*,#1300,.F.);
#1385=ORIENTED_EDGE('',*,*,#106,.F.);
#1386=EDGE_LOOP('',(#1382,#1383,#1384,#1385));
#1387=FACE_BOUND('',#1386,.T.);
#1388=ADVANCED_FACE('',(#1387),#1381,.T.);
#1389=CARTESIAN_POINT('',(1412.9,-1932.,0.));
#1390=DIRECTION('',(-0.707106781,0.,-0.707106781));
#1391=DIRECTION('',(0.,-1.,0.));
#1392=AXIS2_PLACEMENT_3D('',#1389,#1390,#1391);
#1393=PLANE('',#1392);
#1394=ORIENTED_EDGE('',*,*,#1341,.F.);
#1395=ORIENTED_EDGE('',*,*,#742,.F.);
#1396=ORIENTED_EDGE('',*,*,#1372,.F.);
#1397=ORIENTED_EDGE('',*,*,#154,.F.);
#1398=EDGE_LOOP('',(#1394,#1395,#1396,#1397));
#1399=FACE_BOUND('',#1398,.T.);
#1400=ADVANCED_FACE('',(#1399),#1393,.T.);
#1401=CARTESIAN_POINT('',(1387.1,-1932.,0.));
#1402=DIRECTION('',(0.707106781,0.,-0.707106781));
#1403=DIRECTION('',(0.,1.,0.));
#1404=AXIS2_PLACEMENT_3D('',#1401,#1402,#1403);
#1405=PLANE('',#1404);
#1406=ORIENTED_EDGE('',*,*,#1293,.F.);
#1407=ORIENTED_EDGE('',*,*,#980,.F.);
#1408=ORIENTED_EDGE('',*,*,#1324,.F.);
#1409=ORIENTED_EDGE('',*,*,#122,.F.);
#1410=EDGE_LOOP('',(#1406,#1407,#1408,#1409));
#1411=FACE_BOUND('',#1410,.T.);
#1412=ADVANCED_FACE('',(#1411),#1405,.T.);
#1413=CARTESIAN_POINT('',(1400.,-1944.9,0.));
#1414=DIRECTION('',(0.,0.707106781,-0.707106781));
#1415=DIRECTION('',(-1.,0.,0.));
#1416=AXIS2_PLACEMENT_3D('',#1413,#1414,#1415);
#1417=PLANE('',#1416);
#1418=ORIENTED_EDGE('',*,*,#1317,.F.);
#1419=ORIENTED_EDGE('',*,*,#868,.F.);
#1420=ORIENTED_EDGE('',*,*,#1348,.F.);
#1421=ORIENTED_EDGE('',*,*,#138,.F.);
#1422=EDGE_LOOP('',(#1418,#1419,#1420,#1421));
#1423=FACE_BOUND('',#1422,.T.);
#1424=ADVANCED_FACE('',(#1423),#1417,.T.);
#1425=CARTESIAN_POINT('',(1390.2,-1946.,6.8));
#1426=DIRECTION('',(0.707106781,0.707106781,0.));
#1427=DIRECTION('',(0.,0.,-1.));
#1428=AXIS2_PLACEMENT_3D('',#1425,#1426,#1427);
#1429=PLANE('',#1428);
#1430=ORIENTED_EDGE('',*,*,#419,.F.);
#1431=ORIENTED_EDGE('',*,*,#1241,.F.);
#1432=ORIENTED_EDGE('',*,*,#72,.F.);
#1433=ORIENTED_EDGE('',*,*,#1219,.F.);
#1434=EDGE_LOOP('',(#1430,#1431,#1432,#1433));
#1435=FACE_BOUND('',#1434,.T.);
#1436=ADVANCED_FACE('',(#1435),#1429,.F.);
#1437=CARTESIAN_POINT('',(1414.,-1943.5,3.4));
#1438=DIRECTION('',(0.,0.,-1.));
#1439=DIRECTION('',(0.,1.,0.));
#1440=AXIS2_PLACEMENT_3D('',#1437,#1438,#1439);
#1441=CYLINDRICAL_SURFACE('',#1440,2.6);
#1442=CARTESIAN_POINT('',(1414.,-1940.9,1.));
#1443=VERTEX_POINT('',#1442);
#1444=CARTESIAN_POINT('',(1414.,-1940.9,3.4));
#1445=VERTEX_POINT('',#1444);
#1446=CARTESIAN_POINT('',(1414.,-1940.9,1.));
#1447=DIRECTION('',(-0.,-0.,1.));
#1448=VECTOR('',#1447,2.4);
#1449=LINE('',#1446,#1448);
#1450=EDGE_CURVE('',#1443,#1445,#1449,.T.);
#1451=ORIENTED_EDGE('',*,*,#1450,.F.);
#1452=CARTESIAN_POINT('',(1416.6,-1943.5,1.));
#1453=VERTEX_POINT('',#1452);
#1454=CARTESIAN_POINT('',(1414.,-1943.5,1.));
#1455=DIRECTION('',(-0.,-0.,1.));
#1456=DIRECTION('',(-1.,0.,0.));
#1457=AXIS2_PLACEMENT_3D('',#1454,#1455,#1456);
#1458=CIRCLE('',#1457,2.6);
#1459=EDGE_CURVE('',#1453,#1443,#1458,.T.);
#1460=ORIENTED_EDGE('',*,*,#1459,.F.);
#1461=CARTESIAN_POINT('',(1416.6,-1943.5,3.4));
#1462=VERTEX_POINT('',#1461);
#1463=CARTESIAN_POINT('',(1416.6,-1943.5,3.4));
#1464=DIRECTION('',(-0.,-0.,-1.));
#1465=VECTOR('',#1464,2.4);
#1466=LINE('',#1463,#1465);
#1467=EDGE_CURVE('',#1462,#1453,#1466,.T.);
#1468=ORIENTED_EDGE('',*,*,#1467,.F.);
#1469=CARTESIAN_POINT('',(1414.,-1943.5,3.4));
#1470=DIRECTION('',(-0.,-0.,1.));
#1471=DIRECTION('',(-1.,0.,0.));
#1472=AXIS2_PLACEMENT_3D('',#1469,#1470,#1471);
#1473=CIRCLE('',#1472,2.6);
#1474=EDGE_CURVE('',#1462,#1445,#1473,.T.);
#1475=ORIENTED_EDGE('',*,*,#1474,.T.);
#1476=EDGE_LOOP('',(#1451,#1460,#1468,#1475));
#1477=FACE_BOUND('',#1476,.T.);
#1478=ADVANCED_FACE('',(#1477),#1441,.F.);
#1479=CARTESIAN_POINT('',(1400.,-1932.,3.4));
#1480=DIRECTION('',(0.,0.,1.));
#1481=DIRECTION('',(0.,-1.,0.));
#1482=AXIS2_PLACEMENT_3D('',#1479,#1480,#1481);
#1483=PLANE('',#1482);
#1484=ORIENTED_EDGE('',*,*,#1182,.F.);
#1485=CARTESIAN_POINT('',(1411.681567612,-1945.725442863,3.4));
#1486=VERTEX_POINT('',#1485);
#1487=CARTESIAN_POINT('',(1411.432776641,-1945.75,3.4));
#1488=DIRECTION('',(0.,0.,-1.));
#1489=DIRECTION('',(-1.,0.,0.));
#1490=AXIS2_PLACEMENT_3D('',#1487,#1488,#1489);
#1491=CIRCLE('',#1490,0.25);
#1492=EDGE_CURVE('',#1486,#1175,#1491,.T.);
#1493=ORIENTED_EDGE('',*,*,#1492,.F.);
#1494=CARTESIAN_POINT('',(1411.444776535,-1944.843880461,3.4));
#1495=VERTEX_POINT('',#1494);
#1496=CARTESIAN_POINT('',(1408.9,-1946.,3.4));
#1497=DIRECTION('',(-0.,-0.,1.));
#1498=DIRECTION('',(-1.,0.,0.));
#1499=AXIS2_PLACEMENT_3D('',#1496,#1497,#1498);
#1500=CIRCLE('',#1499,2.795084972);
#1501=EDGE_CURVE('',#1486,#1495,#1500,.T.);
#1502=ORIENTED_EDGE('',*,*,#1501,.T.);
#1503=CARTESIAN_POINT('',(1411.4,-1944.63706751,3.4));
#1504=VERTEX_POINT('',#1503);
#1505=CARTESIAN_POINT('',(1411.9,-1944.63706751,3.4));
#1506=DIRECTION('',(-0.,-0.,1.));
#1507=DIRECTION('',(-1.,0.,0.));
#1508=AXIS2_PLACEMENT_3D('',#1505,#1506,#1507);
#1509=CIRCLE('',#1508,0.5);
#1510=EDGE_CURVE('',#1504,#1495,#1509,.T.);
#1511=ORIENTED_EDGE('',*,*,#1510,.F.);
#1512=CARTESIAN_POINT('',(1411.4,-1943.5,3.4));
#1513=VERTEX_POINT('',#1512);
#1514=CARTESIAN_POINT('',(1411.4,-1943.5,3.4));
#1515=DIRECTION('',(0.,-1.,0.));
#1516=VECTOR('',#1515,1.13706751);
#1517=LINE('',#1514,#1516);
#1518=EDGE_CURVE('',#1513,#1504,#1517,.T.);
#1519=ORIENTED_EDGE('',*,*,#1518,.F.);
#1520=CARTESIAN_POINT('',(1414.,-1943.5,3.4));
#1521=DIRECTION('',(-0.,-0.,1.));
#1522=DIRECTION('',(-1.,0.,0.));
#1523=AXIS2_PLACEMENT_3D('',#1520,#1521,#1522);
#1524=CIRCLE('',#1523,2.6);
#1525=EDGE_CURVE('',#1445,#1513,#1524,.T.);
#1526=ORIENTED_EDGE('',*,*,#1525,.F.);
#1527=ORIENTED_EDGE('',*,*,#1474,.F.);
#1528=CARTESIAN_POINT('',(1416.6,-1944.63706751,3.4));
#1529=VERTEX_POINT('',#1528);
#1530=CARTESIAN_POINT('',(1416.6,-1943.5,3.4));
#1531=DIRECTION('',(0.,-1.,0.));
#1532=VECTOR('',#1531,1.13706751);
#1533=LINE('',#1530,#1532);
#1534=EDGE_CURVE('',#1462,#1529,#1533,.T.);
#1535=ORIENTED_EDGE('',*,*,#1534,.T.);
#1536=CARTESIAN_POINT('',(1416.555223465,-1944.843880461,3.4));
#1537=VERTEX_POINT('',#1536);
#1538=CARTESIAN_POINT('',(1416.1,-1944.63706751,3.4));
#1539=DIRECTION('',(-0.,-0.,1.));
#1540=DIRECTION('',(-1.,0.,0.));
#1541=AXIS2_PLACEMENT_3D('',#1538,#1539,#1540);
#1542=CIRCLE('',#1541,0.5);
#1543=EDGE_CURVE('',#1537,#1529,#1542,.T.);
#1544=ORIENTED_EDGE('',*,*,#1543,.F.);
#1545=CARTESIAN_POINT('',(1416.318432388,-1945.725442863,3.4));
#1546=VERTEX_POINT('',#1545);
#1547=CARTESIAN_POINT('',(1419.1,-1946.,3.4));
#1548=DIRECTION('',(-0.,-0.,1.));
#1549=DIRECTION('',(-1.,0.,0.));
#1550=AXIS2_PLACEMENT_3D('',#1547,#1548,#1549);
#1551=CIRCLE('',#1550,2.795084972);
#1552=EDGE_CURVE('',#1537,#1546,#1551,.T.);
#1553=ORIENTED_EDGE('',*,*,#1552,.T.);
#1554=CARTESIAN_POINT('',(1416.567223359,-1945.75,3.4));
#1555=DIRECTION('',(0.,0.,-1.));
#1556=DIRECTION('',(-1.,0.,0.));
#1557=AXIS2_PLACEMENT_3D('',#1554,#1555,#1556);
#1558=CIRCLE('',#1557,0.25);
#1559=EDGE_CURVE('',#1177,#1546,#1558,.T.);
#1560=ORIENTED_EDGE('',*,*,#1559,.F.);
#1561=EDGE_LOOP('',(#1484,#1493,#1502,#1511,#1519,#1526,#1527,#1535,#1544,#1553,#1560));
#1562=FACE_BOUND('',#1561,.T.);
#1563=ADVANCED_FACE('',(#1562),#1483,.F.);
#1564=CARTESIAN_POINT('',(1400.,-1932.,1.));
#1565=DIRECTION('',(0.,0.,1.));
#1566=DIRECTION('',(0.,-1.,0.));
#1567=AXIS2_PLACEMENT_3D('',#1564,#1565,#1566);
#1568=PLANE('',#1567);
#1569=ORIENTED_EDGE('',*,*,#1198,.T.);
#1570=CARTESIAN_POINT('',(1416.318432388,-1945.725442863,1.));
#1571=VERTEX_POINT('',#1570);
#1572=CARTESIAN_POINT('',(1416.567223359,-1945.75,1.));
#1573=DIRECTION('',(-0.,-0.,1.));
#1574=DIRECTION('',(-1.,0.,0.));
#1575=AXIS2_PLACEMENT_3D('',#1572,#1573,#1574);
#1576=CIRCLE('',#1575,0.25);
#1577=EDGE_CURVE('',#1571,#1185,#1576,.T.);
#1578=ORIENTED_EDGE('',*,*,#1577,.F.);
#1579=CARTESIAN_POINT('',(1416.555223465,-1944.843880461,1.));
#1580=VERTEX_POINT('',#1579);
#1581=CARTESIAN_POINT('',(1419.1,-1946.,1.));
#1582=DIRECTION('',(-0.,-0.,1.));
#1583=DIRECTION('',(-1.,0.,0.));
#1584=AXIS2_PLACEMENT_3D('',#1581,#1582,#1583);
#1585=CIRCLE('',#1584,2.795084972);
#1586=EDGE_CURVE('',#1580,#1571,#1585,.T.);
#1587=ORIENTED_EDGE('',*,*,#1586,.F.);
#1588=CARTESIAN_POINT('',(1416.6,-1944.63706751,1.));
#1589=VERTEX_POINT('',#1588);
#1590=CARTESIAN_POINT('',(1416.1,-1944.63706751,1.));
#1591=DIRECTION('',(0.,0.,-1.));
#1592=DIRECTION('',(-1.,0.,0.));
#1593=AXIS2_PLACEMENT_3D('',#1590,#1591,#1592);
#1594=CIRCLE('',#1593,0.5);
#1595=EDGE_CURVE('',#1589,#1580,#1594,.T.);
#1596=ORIENTED_EDGE('',*,*,#1595,.F.);
#1597=CARTESIAN_POINT('',(1416.6,-1943.5,1.));
#1598=DIRECTION('',(0.,-1.,0.));
#1599=VECTOR('',#1598,1.13706751);
#1600=LINE('',#1597,#1599);
#1601=EDGE_CURVE('',#1453,#1589,#1600,.T.);
#1602=ORIENTED_EDGE('',*,*,#1601,.F.);
#1603=ORIENTED_EDGE('',*,*,#1459,.T.);
#1604=CARTESIAN_POINT('',(1411.4,-1943.5,1.));
#1605=VERTEX_POINT('',#1604);
#1606=CARTESIAN_POINT('',(1414.,-1943.5,1.));
#1607=DIRECTION('',(-0.,-0.,1.));
#1608=DIRECTION('',(-1.,0.,0.));
#1609=AXIS2_PLACEMENT_3D('',#1606,#1607,#1608);
#1610=CIRCLE('',#1609,2.6);
#1611=EDGE_CURVE('',#1443,#1605,#1610,.T.);
#1612=ORIENTED_EDGE('',*,*,#1611,.T.);
#1613=CARTESIAN_POINT('',(1411.4,-1944.63706751,1.));
#1614=VERTEX_POINT('',#1613);
#1615=CARTESIAN_POINT('',(1411.4,-1943.5,1.));
#1616=DIRECTION('',(0.,-1.,0.));
#1617=VECTOR('',#1616,1.13706751);
#1618=LINE('',#1615,#1617);
#1619=EDGE_CURVE('',#1605,#1614,#1618,.T.);
#1620=ORIENTED_EDGE('',*,*,#1619,.T.);
#1621=CARTESIAN_POINT('',(1411.444776535,-1944.843880461,1.));
#1622=VERTEX_POINT('',#1621);
#1623=CARTESIAN_POINT('',(1411.9,-1944.63706751,1.));
#1624=DIRECTION('',(0.,0.,-1.));
#1625=DIRECTION('',(-1.,0.,0.));
#1626=AXIS2_PLACEMENT_3D('',#1623,#1624,#1625);
#1627=CIRCLE('',#1626,0.5);
#1628=EDGE_CURVE('',#1622,#1614,#1627,.T.);
#1629=ORIENTED_EDGE('',*,*,#1628,.F.);
#1630=CARTESIAN_POINT('',(1411.681567612,-1945.725442863,1.));
#1631=VERTEX_POINT('',#1630);
#1632=CARTESIAN_POINT('',(1408.9,-1946.,1.));
#1633=DIRECTION('',(-0.,-0.,1.));
#1634=DIRECTION('',(-1.,0.,0.));
#1635=AXIS2_PLACEMENT_3D('',#1632,#1633,#1634);
#1636=CIRCLE('',#1635,2.795084972);
#1637=EDGE_CURVE('',#1631,#1622,#1636,.T.);
#1638=ORIENTED_EDGE('',*,*,#1637,.F.);
#1639=CARTESIAN_POINT('',(1411.432776641,-1945.75,1.));
#1640=DIRECTION('',(-0.,-0.,1.));
#1641=DIRECTION('',(-1.,0.,0.));
#1642=AXIS2_PLACEMENT_3D('',#1639,#1640,#1641);
#1643=CIRCLE('',#1642,0.25);
#1644=EDGE_CURVE('',#1193,#1631,#1643,.T.);
#1645=ORIENTED_EDGE('',*,*,#1644,.F.);
#1646=EDGE_LOOP('',(#1569,#1578,#1587,#1596,#1602,#1603,#1612,#1620,#1629,#1638,#1645));
#1647=FACE_BOUND('',#1646,.T.);
#1648=ADVANCED_FACE('',(#1647),#1568,.T.);
#1649=CARTESIAN_POINT('',(1411.9,-1944.63706751,3.4));
#1650=DIRECTION('',(0.,0.,-1.));
#1651=DIRECTION('',(0.,1.,0.));
#1652=AXIS2_PLACEMENT_3D('',#1649,#1650,#1651);
#1653=CYLINDRICAL_SURFACE('',#1652,0.5);
#1654=ORIENTED_EDGE('',*,*,#1510,.T.);
#1655=CARTESIAN_POINT('',(1411.444776535,-1944.843880461,3.4));
#1656=DIRECTION('',(0.,0.,-1.));
#1657=VECTOR('',#1656,2.4);
#1658=LINE('',#1655,#1657);
#1659=EDGE_CURVE('',#1495,#1622,#1658,.T.);
#1660=ORIENTED_EDGE('',*,*,#1659,.T.);
#1661=ORIENTED_EDGE('',*,*,#1628,.T.);
#1662=CARTESIAN_POINT('',(1411.4,-1944.63706751,1.));
#1663=DIRECTION('',(-0.,-0.,1.));
#1664=VECTOR('',#1663,2.4);
#1665=LINE('',#1662,#1664);
#1666=EDGE_CURVE('',#1614,#1504,#1665,.T.);
#1667=ORIENTED_EDGE('',*,*,#1666,.T.);
#1668=EDGE_LOOP('',(#1654,#1660,#1661,#1667));
#1669=FACE_BOUND('',#1668,.T.);
#1670=ADVANCED_FACE('',(#1669),#1653,.F.);
#1671=CARTESIAN_POINT('',(1411.4,-1944.125,3.4));
#1672=DIRECTION('',(1.,0.,0.));
#1673=DIRECTION('',(0.,0.,1.));
#1674=AXIS2_PLACEMENT_3D('',#1671,#1672,#1673);
#1675=PLANE('',#1674);
#1676=ORIENTED_EDGE('',*,*,#1619,.F.);
#1677=CARTESIAN_POINT('',(1411.4,-1943.5,3.4));
#1678=DIRECTION('',(0.,0.,-1.));
#1679=VECTOR('',#1678,2.4);
#1680=LINE('',#1677,#1679);
#1681=EDGE_CURVE('',#1513,#1605,#1680,.T.);
#1682=ORIENTED_EDGE('',*,*,#1681,.F.);
#1683=ORIENTED_EDGE('',*,*,#1518,.T.);
#1684=ORIENTED_EDGE('',*,*,#1666,.F.);
#1685=EDGE_LOOP('',(#1676,#1682,#1683,#1684));
#1686=FACE_BOUND('',#1685,.T.);
#1687=ADVANCED_FACE('',(#1686),#1675,.T.);
#1688=CARTESIAN_POINT('',(1408.9,-1946.,3.4));
#1689=DIRECTION('',(0.,0.,-1.));
#1690=DIRECTION('',(0.,1.,0.));
#1691=AXIS2_PLACEMENT_3D('',#1688,#1689,#1690);
#1692=CYLINDRICAL_SURFACE('',#1691,2.795084972);
#1693=ORIENTED_EDGE('',*,*,#1501,.F.);
#1694=CARTESIAN_POINT('',(1411.681567612,-1945.725442863,1.));
#1695=DIRECTION('',(-0.,-0.,1.));
#1696=VECTOR('',#1695,2.4);
#1697=LINE('',#1694,#1696);
#1698=EDGE_CURVE('',#1631,#1486,#1697,.T.);
#1699=ORIENTED_EDGE('',*,*,#1698,.F.);
#1700=ORIENTED_EDGE('',*,*,#1637,.T.);
#1701=ORIENTED_EDGE('',*,*,#1659,.F.);
#1702=EDGE_LOOP('',(#1693,#1699,#1700,#1701));
#1703=FACE_BOUND('',#1702,.T.);
#1704=ADVANCED_FACE('',(#1703),#1692,.T.);
#1705=CARTESIAN_POINT('',(1411.432776641,-1945.75,3.4));
#1706=DIRECTION('',(0.,0.,-1.));
#1707=DIRECTION('',(0.,1.,0.));
#1708=AXIS2_PLACEMENT_3D('',#1705,#1706,#1707);
#1709=CYLINDRICAL_SURFACE('',#1708,0.25);
#1710=ORIENTED_EDGE('',*,*,#1492,.T.);
#1711=ORIENTED_EDGE('',*,*,#1204,.T.);
#1712=ORIENTED_EDGE('',*,*,#1644,.T.);
#1713=ORIENTED_EDGE('',*,*,#1698,.T.);
#1714=EDGE_LOOP('',(#1710,#1711,#1712,#1713));
#1715=FACE_BOUND('',#1714,.T.);
#1716=ADVANCED_FACE('',(#1715),#1709,.T.);
#1717=CARTESIAN_POINT('',(1388.5,-1918.,3.4));
#1718=DIRECTION('',(0.,0.,-1.));
#1719=DIRECTION('',(1.,0.,0.));
#1720=AXIS2_PLACEMENT_3D('',#1717,#1718,#1719);
#1721=CYLINDRICAL_SURFACE('',#1720,2.6);
#1722=CARTESIAN_POINT('',(1391.1,-1918.,1.));
#1723=VERTEX_POINT('',#1722);
#1724=CARTESIAN_POINT('',(1391.1,-1918.,3.4));
#1725=VERTEX_POINT('',#1724);
#1726=CARTESIAN_POINT('',(1391.1,-1918.,1.));
#1727=DIRECTION('',(-0.,-0.,1.));
#1728=VECTOR('',#1727,2.4);
#1729=LINE('',#1726,#1728);
#1730=EDGE_CURVE('',#1723,#1725,#1729,.T.);
#1731=ORIENTED_EDGE('',*,*,#1730,.F.);
#1732=CARTESIAN_POINT('',(1388.5,-1920.6,1.));
#1733=VERTEX_POINT('',#1732);
#1734=CARTESIAN_POINT('',(1388.5,-1918.,1.));
#1735=DIRECTION('',(-0.,-0.,1.));
#1736=DIRECTION('',(-1.,0.,0.));
#1737=AXIS2_PLACEMENT_3D('',#1734,#1735,#1736);
#1738=CIRCLE('',#1737,2.6);
#1739=EDGE_CURVE('',#1733,#1723,#1738,.T.);
#1740=ORIENTED_EDGE('',*,*,#1739,.F.);
#1741=CARTESIAN_POINT('',(1388.5,-1920.6,3.4));
#1742=VERTEX_POINT('',#1741);
#1743=CARTESIAN_POINT('',(1388.5,-1920.6,3.4));
#1744=DIRECTION('',(-0.,-0.,-1.));
#1745=VECTOR('',#1744,2.4);
#1746=LINE('',#1743,#1745);
#1747=EDGE_CURVE('',#1742,#1733,#1746,.T.);
#1748=ORIENTED_EDGE('',*,*,#1747,.F.);
#1749=CARTESIAN_POINT('',(1388.5,-1918.,3.4));
#1750=DIRECTION('',(-0.,-0.,1.));
#1751=DIRECTION('',(-1.,0.,0.));
#1752=AXIS2_PLACEMENT_3D('',#1749,#1750,#1751);
#1753=CIRCLE('',#1752,2.6);
#1754=EDGE_CURVE('',#1742,#1725,#1753,.T.);
#1755=ORIENTED_EDGE('',*,*,#1754,.T.);
#1756=EDGE_LOOP('',(#1731,#1740,#1748,#1755));
#1757=FACE_BOUND('',#1756,.T.);
#1758=ADVANCED_FACE('',(#1757),#1721,.F.);
#1759=CARTESIAN_POINT('',(1400.,-1904.,3.4));
#1760=DIRECTION('',(0.,0.,1.));
#1761=DIRECTION('',(-1.,0.,0.));
#1762=AXIS2_PLACEMENT_3D('',#1759,#1760,#1761);
#1763=PLANE('',#1762);
#1764=CARTESIAN_POINT('',(1388.5,-1915.4,3.4));
#1765=VERTEX_POINT('',#1764);
#1766=CARTESIAN_POINT('',(1388.5,-1918.,3.4));
#1767=DIRECTION('',(-0.,-0.,1.));
#1768=DIRECTION('',(-1.,0.,0.));
#1769=AXIS2_PLACEMENT_3D('',#1766,#1767,#1768);
#1770=CIRCLE('',#1769,2.6);
#1771=EDGE_CURVE('',#1725,#1765,#1770,.T.);
#1772=ORIENTED_EDGE('',*,*,#1771,.F.);
#1773=ORIENTED_EDGE('',*,*,#1754,.F.);
#1774=CARTESIAN_POINT('',(1387.36293249,-1920.6,3.4));
#1775=VERTEX_POINT('',#1774);
#1776=CARTESIAN_POINT('',(1388.5,-1920.6,3.4));
#1777=DIRECTION('',(-1.,0.,0.));
#1778=VECTOR('',#1777,1.13706751);
#1779=LINE('',#1776,#1778);
#1780=EDGE_CURVE('',#1742,#1775,#1779,.T.);
#1781=ORIENTED_EDGE('',*,*,#1780,.T.);
#1782=CARTESIAN_POINT('',(1387.156119539,-1920.555223465,3.4));
#1783=VERTEX_POINT('',#1782);
#1784=CARTESIAN_POINT('',(1387.36293249,-1920.1,3.4));
#1785=DIRECTION('',(-0.,-0.,1.));
#1786=DIRECTION('',(-1.,0.,0.));
#1787=AXIS2_PLACEMENT_3D('',#1784,#1785,#1786);
#1788=CIRCLE('',#1787,0.5);
#1789=EDGE_CURVE('',#1783,#1775,#1788,.T.);
#1790=ORIENTED_EDGE('',*,*,#1789,.F.);
#1791=CARTESIAN_POINT('',(1386.274557137,-1920.318432388,3.4));
#1792=VERTEX_POINT('',#1791);
#1793=CARTESIAN_POINT('',(1386.,-1923.1,3.4));
#1794=DIRECTION('',(-0.,-0.,1.));
#1795=DIRECTION('',(-1.,0.,0.));
#1796=AXIS2_PLACEMENT_3D('',#1793,#1794,#1795);
#1797=CIRCLE('',#1796,2.795084972);
#1798=EDGE_CURVE('',#1783,#1792,#1797,.T.);
#1799=ORIENTED_EDGE('',*,*,#1798,.T.);
#1800=CARTESIAN_POINT('',(1386.25,-1920.567223359,3.4));
#1801=DIRECTION('',(0.,0.,-1.));
#1802=DIRECTION('',(-1.,0.,0.));
#1803=AXIS2_PLACEMENT_3D('',#1800,#1801,#1802);
#1804=CIRCLE('',#1803,0.25);
#1805=EDGE_CURVE('',#1265,#1792,#1804,.T.);
#1806=ORIENTED_EDGE('',*,*,#1805,.F.);
#1807=ORIENTED_EDGE('',*,*,#1270,.F.);
#1808=CARTESIAN_POINT('',(1386.274557137,-1915.681567612,3.4));
#1809=VERTEX_POINT('',#1808);
#1810=CARTESIAN_POINT('',(1386.25,-1915.432776641,3.4));
#1811=DIRECTION('',(0.,0.,-1.));
#1812=DIRECTION('',(-1.,0.,0.));
#1813=AXIS2_PLACEMENT_3D('',#1810,#1811,#1812);
#1814=CIRCLE('',#1813,0.25);
#1815=EDGE_CURVE('',#1809,#1257,#1814,.T.);
#1816=ORIENTED_EDGE('',*,*,#1815,.F.);
#1817=CARTESIAN_POINT('',(1387.156119539,-1915.444776535,3.4));
#1818=VERTEX_POINT('',#1817);
#1819=CARTESIAN_POINT('',(1386.,-1912.9,3.4));
#1820=DIRECTION('',(-0.,-0.,1.));
#1821=DIRECTION('',(-1.,0.,0.));
#1822=AXIS2_PLACEMENT_3D('',#1819,#1820,#1821);
#1823=CIRCLE('',#1822,2.795084972);
#1824=EDGE_CURVE('',#1809,#1818,#1823,.T.);
#1825=ORIENTED_EDGE('',*,*,#1824,.T.);
#1826=CARTESIAN_POINT('',(1387.36293249,-1915.4,3.4));
#1827=VERTEX_POINT('',#1826);
#1828=CARTESIAN_POINT('',(1387.36293249,-1915.9,3.4));
#1829=DIRECTION('',(-0.,-0.,1.));
#1830=DIRECTION('',(-1.,0.,0.));
#1831=AXIS2_PLACEMENT_3D('',#1828,#1829,#1830);
#1832=CIRCLE('',#1831,0.5);
#1833=EDGE_CURVE('',#1827,#1818,#1832,.T.);
#1834=ORIENTED_EDGE('',*,*,#1833,.F.);
#1835=CARTESIAN_POINT('',(1388.5,-1915.4,3.4));
#1836=DIRECTION('',(-1.,0.,0.));
#1837=VECTOR('',#1836,1.13706751);
#1838=LINE('',#1835,#1837);
#1839=EDGE_CURVE('',#1765,#1827,#1838,.T.);
#1840=ORIENTED_EDGE('',*,*,#1839,.F.);
#1841=EDGE_LOOP('',(#1772,#1773,#1781,#1790,#1799,#1806,#1807,#1816,#1825,#1834,#1840));
#1842=FACE_BOUND('',#1841,.T.);
#1843=ADVANCED_FACE('',(#1842),#1763,.F.);
#1844=CARTESIAN_POINT('',(1400.,-1904.,1.));
#1845=DIRECTION('',(0.,0.,1.));
#1846=DIRECTION('',(-1.,0.,0.));
#1847=AXIS2_PLACEMENT_3D('',#1844,#1845,#1846);
#1848=PLANE('',#1847);
#1849=ORIENTED_EDGE('',*,*,#1739,.T.);
#1850=CARTESIAN_POINT('',(1388.5,-1915.4,1.));
#1851=VERTEX_POINT('',#1850);
#1852=CARTESIAN_POINT('',(1388.5,-1918.,1.));
#1853=DIRECTION('',(-0.,-0.,1.));
#1854=DIRECTION('',(-1.,0.,0.));
#1855=AXIS2_PLACEMENT_3D('',#1852,#1853,#1854);
#1856=CIRCLE('',#1855,2.6);
#1857=EDGE_CURVE('',#1723,#1851,#1856,.T.);
#1858=ORIENTED_EDGE('',*,*,#1857,.T.);
#1859=CARTESIAN_POINT('',(1387.36293249,-1915.4,1.));
#1860=VERTEX_POINT('',#1859);
#1861=CARTESIAN_POINT('',(1388.5,-1915.4,1.));
#1862=DIRECTION('',(-1.,0.,0.));
#1863=VECTOR('',#1862,1.13706751);
#1864=LINE('',#1861,#1863);
#1865=EDGE_CURVE('',#1851,#1860,#1864,.T.);
#1866=ORIENTED_EDGE('',*,*,#1865,.T.);
#1867=CARTESIAN_POINT('',(1387.156119539,-1915.444776535,1.));
#1868=VERTEX_POINT('',#1867);
#1869=CARTESIAN_POINT('',(1387.36293249,-1915.9,1.));
#1870=DIRECTION('',(0.,0.,-1.));
#1871=DIRECTION('',(-1.,0.,0.));
#1872=AXIS2_PLACEMENT_3D('',#1869,#1870,#1871);
#1873=CIRCLE('',#1872,0.5);
#1874=EDGE_CURVE('',#1868,#1860,#1873,.T.);
#1875=ORIENTED_EDGE('',*,*,#1874,.F.);
#1876=CARTESIAN_POINT('',(1386.274557137,-1915.681567612,1.));
#1877=VERTEX_POINT('',#1876);
#1878=CARTESIAN_POINT('',(1386.,-1912.9,1.));
#1879=DIRECTION('',(-0.,-0.,1.));
#1880=DIRECTION('',(-1.,0.,0.));
#1881=AXIS2_PLACEMENT_3D('',#1878,#1879,#1880);
#1882=CIRCLE('',#1881,2.795084972);
#1883=EDGE_CURVE('',#1877,#1868,#1882,.T.);
#1884=ORIENTED_EDGE('',*,*,#1883,.F.);
#1885=CARTESIAN_POINT('',(1386.25,-1915.432776641,1.));
#1886=DIRECTION('',(-0.,-0.,1.));
#1887=DIRECTION('',(-1.,0.,0.));
#1888=AXIS2_PLACEMENT_3D('',#1885,#1886,#1887);
#1889=CIRCLE('',#1888,0.25);
#1890=EDGE_CURVE('',#1247,#1877,#1889,.T.);
#1891=ORIENTED_EDGE('',*,*,#1890,.F.);
#1892=ORIENTED_EDGE('',*,*,#1254,.T.);
#1893=CARTESIAN_POINT('',(1386.274557137,-1920.318432388,1.));
#1894=VERTEX_POINT('',#1893);
#1895=CARTESIAN_POINT('',(1386.25,-1920.567223359,1.));
#1896=DIRECTION('',(-0.,-0.,1.));
#1897=DIRECTION('',(-1.,0.,0.));
#1898=AXIS2_PLACEMENT_3D('',#1895,#1896,#1897);
#1899=CIRCLE('',#1898,0.25);
#1900=EDGE_CURVE('',#1894,#1249,#1899,.T.);
#1901=ORIENTED_EDGE('',*,*,#1900,.F.);
#1902=CARTESIAN_POINT('',(1387.156119539,-1920.555223465,1.));
#1903=VERTEX_POINT('',#1902);
#1904=CARTESIAN_POINT('',(1386.,-1923.1,1.));
#1905=DIRECTION('',(-0.,-0.,1.));
#1906=DIRECTION('',(-1.,0.,0.));
#1907=AXIS2_PLACEMENT_3D('',#1904,#1905,#1906);
#1908=CIRCLE('',#1907,2.795084972);
#1909=EDGE_CURVE('',#1903,#1894,#1908,.T.);
#1910=ORIENTED_EDGE('',*,*,#1909,.F.);
#1911=CARTESIAN_POINT('',(1387.36293249,-1920.6,1.));
#1912=VERTEX_POINT('',#1911);
#1913=CARTESIAN_POINT('',(1387.36293249,-1920.1,1.));
#1914=DIRECTION('',(0.,0.,-1.));
#1915=DIRECTION('',(-1.,0.,0.));
#1916=AXIS2_PLACEMENT_3D('',#1913,#1914,#1915);
#1917=CIRCLE('',#1916,0.5);
#1918=EDGE_CURVE('',#1912,#1903,#1917,.T.);
#1919=ORIENTED_EDGE('',*,*,#1918,.F.);
#1920=CARTESIAN_POINT('',(1388.5,-1920.6,1.));
#1921=DIRECTION('',(-1.,0.,0.));
#1922=VECTOR('',#1921,1.13706751);
#1923=LINE('',#1920,#1922);
#1924=EDGE_CURVE('',#1733,#1912,#1923,.T.);
#1925=ORIENTED_EDGE('',*,*,#1924,.F.);
#1926=EDGE_LOOP('',(#1849,#1858,#1866,#1875,#1884,#1891,#1892,#1901,#1910,#1919,#1925));
#1927=FACE_BOUND('',#1926,.T.);
#1928=ADVANCED_FACE('',(#1927),#1848,.T.);
#1929=CARTESIAN_POINT('',(1387.875,-1920.6,3.4));
#1930=DIRECTION('',(0.,-1.,0.));
#1931=DIRECTION('',(0.,0.,1.));
#1932=AXIS2_PLACEMENT_3D('',#1929,#1930,#1931);
#1933=PLANE('',#1932);
#1934=ORIENTED_EDGE('',*,*,#1780,.F.);
#1935=ORIENTED_EDGE('',*,*,#1747,.T.);
#1936=ORIENTED_EDGE('',*,*,#1924,.T.);
#1937=CARTESIAN_POINT('',(1387.36293249,-1920.6,3.4));
#1938=DIRECTION('',(0.,0.,-1.));
#1939=VECTOR('',#1938,2.4);
#1940=LINE('',#1937,#1939);
#1941=EDGE_CURVE('',#1775,#1912,#1940,.T.);
#1942=ORIENTED_EDGE('',*,*,#1941,.F.);
#1943=EDGE_LOOP('',(#1934,#1935,#1936,#1942));
#1944=FACE_BOUND('',#1943,.T.);
#1945=ADVANCED_FACE('',(#1944),#1933,.F.);
#1946=CARTESIAN_POINT('',(1387.36293249,-1920.1,3.4));
#1947=DIRECTION('',(0.,0.,-1.));
#1948=DIRECTION('',(1.,0.,0.));
#1949=AXIS2_PLACEMENT_3D('',#1946,#1947,#1948);
#1950=CYLINDRICAL_SURFACE('',#1949,0.5);
#1951=ORIENTED_EDGE('',*,*,#1789,.T.);
#1952=ORIENTED_EDGE('',*,*,#1941,.T.);
#1953=ORIENTED_EDGE('',*,*,#1918,.T.);
#1954=CARTESIAN_POINT('',(1387.156119539,-1920.555223465,1.));
#1955=DIRECTION('',(-0.,-0.,1.));
#1956=VECTOR('',#1955,2.4);
#1957=LINE('',#1954,#1956);
#1958=EDGE_CURVE('',#1903,#1783,#1957,.T.);
#1959=ORIENTED_EDGE('',*,*,#1958,.T.);
#1960=EDGE_LOOP('',(#1951,#1952,#1953,#1959));
#1961=FACE_BOUND('',#1960,.T.);
#1962=ADVANCED_FACE('',(#1961),#1950,.F.);
#1963=CARTESIAN_POINT('',(1386.,-1923.1,3.4));
#1964=DIRECTION('',(0.,0.,-1.));
#1965=DIRECTION('',(1.,0.,0.));
#1966=AXIS2_PLACEMENT_3D('',#1963,#1964,#1965);
#1967=CYLINDRICAL_SURFACE('',#1966,2.795084972);
#1968=ORIENTED_EDGE('',*,*,#1909,.T.);
#1969=CARTESIAN_POINT('',(1386.274557137,-1920.318432388,3.4));
#1970=DIRECTION('',(0.,0.,-1.));
#1971=VECTOR('',#1970,2.4);
#1972=LINE('',#1969,#1971);
#1973=EDGE_CURVE('',#1792,#1894,#1972,.T.);
#1974=ORIENTED_EDGE('',*,*,#1973,.F.);
#1975=ORIENTED_EDGE('',*,*,#1798,.F.);
#1976=ORIENTED_EDGE('',*,*,#1958,.F.);
#1977=EDGE_LOOP('',(#1968,#1974,#1975,#1976));
#1978=FACE_BOUND('',#1977,.T.);
#1979=ADVANCED_FACE('',(#1978),#1967,.T.);
#1980=CARTESIAN_POINT('',(1386.25,-1920.567223359,3.4));
#1981=DIRECTION('',(0.,0.,-1.));
#1982=DIRECTION('',(1.,0.,0.));
#1983=AXIS2_PLACEMENT_3D('',#1980,#1981,#1982);
#1984=CYLINDRICAL_SURFACE('',#1983,0.25);
#1985=ORIENTED_EDGE('',*,*,#1805,.T.);
#1986=ORIENTED_EDGE('',*,*,#1973,.T.);
#1987=ORIENTED_EDGE('',*,*,#1900,.T.);
#1988=ORIENTED_EDGE('',*,*,#1276,.T.);
#1989=EDGE_LOOP('',(#1985,#1986,#1987,#1988));
#1990=FACE_BOUND('',#1989,.T.);
#1991=ADVANCED_FACE('',(#1990),#1984,.T.);
#1992=CARTESIAN_POINT('',(1414.,-1918.,4.002));
#1993=DIRECTION('',(0.,0.,-1.));
#1994=DIRECTION('',(-1.,0.,0.));
#1995=AXIS2_PLACEMENT_3D('',#1992,#1993,#1994);
#1996=CYLINDRICAL_SURFACE('',#1995,2.05);
#1997=CARTESIAN_POINT('',(1411.95,-1918.,2.55));
#1998=VERTEX_POINT('',#1997);
#1999=CARTESIAN_POINT('',(1411.95,-1918.,2.55));
#2000=DIRECTION('',(-0.,-0.,1.));
#2001=VECTOR('',#2000,1.45);
#2002=LINE('',#1999,#2001);
#2003=EDGE_CURVE('',#1998,#512,#2002,.T.);
#2004=ORIENTED_EDGE('',*,*,#2003,.F.);
#2005=CARTESIAN_POINT('',(1414.,-1918.,2.55));
#2006=DIRECTION('',(0.,0.,-1.));
#2007=DIRECTION('',(-1.,0.,0.));
#2008=AXIS2_PLACEMENT_3D('',#2005,#2006,#2007);
#2009=CIRCLE('',#2008,2.05);
#2010=EDGE_CURVE('',#1998,#1998,#2009,.T.);
#2011=ORIENTED_EDGE('',*,*,#2010,.T.);
#2012=ORIENTED_EDGE('',*,*,#2003,.T.);
#2013=ORIENTED_EDGE('',*,*,#518,.T.);
#2014=EDGE_LOOP('',(#2004,#2011,#2012,#2013));
#2015=FACE_BOUND('',#2014,.T.);
#2016=ADVANCED_FACE('',(#2015),#1996,.F.);
#2017=CARTESIAN_POINT('',(1414.,-1918.,1.));
#2018=DIRECTION('',(0.,0.,-1.));
#2019=DIRECTION('',(-1.,0.,0.));
#2020=AXIS2_PLACEMENT_3D('',#2017,#2018,#2019);
#2021=CYLINDRICAL_SURFACE('',#2020,3.6);
#2022=CARTESIAN_POINT('',(1410.400000001,-1918.,1.));
#2023=VERTEX_POINT('',#2022);
#2024=CARTESIAN_POINT('',(1410.4,-1918.,0.));
#2025=DIRECTION('',(-0.,-0.,1.));
#2026=VECTOR('',#2025,1.);
#2027=LINE('',#2024,#2026);
#2028=EDGE_CURVE('',#165,#2023,#2027,.T.);
#2029=ORIENTED_EDGE('',*,*,#2028,.F.);
#2030=ORIENTED_EDGE('',*,*,#171,.T.);
#2031=ORIENTED_EDGE('',*,*,#2028,.T.);
#2032=CARTESIAN_POINT('',(1414.,-1918.,1.));
#2033=DIRECTION('',(0.,0.,-1.));
#2034=DIRECTION('',(-1.,0.,0.));
#2035=AXIS2_PLACEMENT_3D('',#2032,#2033,#2034);
#2036=CIRCLE('',#2035,3.599999997);
#2037=EDGE_CURVE('',#2023,#2023,#2036,.T.);
#2038=ORIENTED_EDGE('',*,*,#2037,.F.);
#2039=EDGE_LOOP('',(#2029,#2030,#2031,#2038));
#2040=FACE_BOUND('',#2039,.T.);
#2041=ADVANCED_FACE('',(#2040),#2021,.F.);
#2042=CARTESIAN_POINT('',(1414.,-1918.,2.55));
#2043=DIRECTION('',(0.,0.,-1.));
#2044=DIRECTION('',(-1.,0.,0.));
#2045=AXIS2_PLACEMENT_3D('',#2042,#2043,#2044);
#2046=CONICAL_SURFACE('',#2045,2.05,44.999999949);
#2047=CARTESIAN_POINT('',(1410.400000003,-1918.,1.));
#2048=DIRECTION('',(0.707106781,-0.,0.707106782));
#2049=VECTOR('',#2048,2.19203102);
#2050=LINE('',#2047,#2049);
#2051=EDGE_CURVE('',#2023,#1998,#2050,.T.);
#2052=ORIENTED_EDGE('',*,*,#2051,.F.);
#2053=ORIENTED_EDGE('',*,*,#2037,.T.);
#2054=ORIENTED_EDGE('',*,*,#2051,.T.);
#2055=ORIENTED_EDGE('',*,*,#2010,.F.);
#2056=EDGE_LOOP('',(#2052,#2053,#2054,#2055));
#2057=FACE_BOUND('',#2056,.T.);
#2058=ADVANCED_FACE('',(#2057),#2046,.F.);
#2059=CARTESIAN_POINT('',(1412.5,-1904.,2.4));
#2060=DIRECTION('',(-1.,0.,0.));
#2061=DIRECTION('',(0.,-1.,0.));
#2062=AXIS2_PLACEMENT_3D('',#2059,#2060,#2061);
#2063=PLANE('',#2062);
#2064=CARTESIAN_POINT('',(1412.5,-1896.376955262,1.4));
#2065=VERTEX_POINT('',#2064);
#2066=CARTESIAN_POINT('',(1412.5,-1894.9627417,0.4));
#2067=VERTEX_POINT('',#2066);
#2068=CARTESIAN_POINT('',(1412.5,-1896.376955262,1.4));
#2069=DIRECTION('',(0.,0.816496581,-0.577350269));
#2070=VECTOR('',#2069,1.732050807);
#2071=LINE('',#2068,#2070);
#2072=EDGE_CURVE('',#2065,#2067,#2071,.T.);
#2073=ORIENTED_EDGE('',*,*,#2072,.T.);
#2074=CARTESIAN_POINT('',(1412.5,-1913.0372583,0.4));
#2075=VERTEX_POINT('',#2074);
#2076=CARTESIAN_POINT('',(1412.5,-1894.9627417,0.4));
#2077=DIRECTION('',(0.,-1.,0.));
#2078=VECTOR('',#2077,18.0745166);
#2079=LINE('',#2076,#2078);
#2080=EDGE_CURVE('',#2067,#2075,#2079,.T.);
#2081=ORIENTED_EDGE('',*,*,#2080,.T.);
#2082=CARTESIAN_POINT('',(1412.5,-1911.623044738,1.4));
#2083=VERTEX_POINT('',#2082);
#2084=CARTESIAN_POINT('',(1412.5,-1913.0372583,0.4));
#2085=DIRECTION('',(0.,0.816496581,0.577350269));
#2086=VECTOR('',#2085,1.732050807);
#2087=LINE('',#2084,#2086);
#2088=EDGE_CURVE('',#2075,#2083,#2087,.T.);
#2089=ORIENTED_EDGE('',*,*,#2088,.T.);
#2090=CARTESIAN_POINT('',(1412.5,-1911.623044738,1.4));
#2091=DIRECTION('',(-0.,1.,-0.));
#2092=VECTOR('',#2091,15.246089476);
#2093=LINE('',#2090,#2092);
#2094=EDGE_CURVE('',#2083,#2065,#2093,.T.);
#2095=ORIENTED_EDGE('',*,*,#2094,.T.);
#2096=EDGE_LOOP('',(#2073,#2081,#2089,#2095));
#2097=FACE_BOUND('',#2096,.T.);
#2098=ADVANCED_FACE('',(#2097),#2063,.T.);
#2099=CARTESIAN_POINT('',(1412.5,-1904.,1.4));
#2100=DIRECTION('',(0.819231921,0.,-0.573462344));
#2101=DIRECTION('',(0.,1.,0.));
#2102=AXIS2_PLACEMENT_3D('',#2099,#2100,#2101);
#2103=PLANE('',#2102);
#2104=CARTESIAN_POINT('',(1413.2,-1910.923044738,2.4));
#2105=VERTEX_POINT('',#2104);
#2106=CARTESIAN_POINT('',(1413.2,-1910.923044738,2.4));
#2107=DIRECTION('',(-0.497468338,-0.497468338,-0.710669055));
#2108=VECTOR('',#2107,1.407124728);
#2109=LINE('',#2106,#2108);
#2110=EDGE_CURVE('',#2105,#2083,#2109,.T.);
#2111=ORIENTED_EDGE('',*,*,#2110,.F.);
#2112=CARTESIAN_POINT('',(1413.2,-1897.076955262,2.4));
#2113=VERTEX_POINT('',#2112);
#2114=CARTESIAN_POINT('',(1413.199999999,-1910.923044738,2.4));
#2115=DIRECTION('',(0.,1.,0.));
#2116=VECTOR('',#2115,13.846089476);
#2117=LINE('',#2114,#2116);
#2118=EDGE_CURVE('',#2105,#2113,#2117,.T.);
#2119=ORIENTED_EDGE('',*,*,#2118,.T.);
#2120=CARTESIAN_POINT('',(1412.5,-1896.376955262,1.4));
#2121=DIRECTION('',(0.497468338,-0.497468338,0.710669055));
#2122=VECTOR('',#2121,1.407124728);
#2123=LINE('',#2120,#2122);
#2124=EDGE_CURVE('',#2065,#2113,#2123,.T.);
#2125=ORIENTED_EDGE('',*,*,#2124,.F.);
#2126=ORIENTED_EDGE('',*,*,#2094,.F.);
#2127=EDGE_LOOP('',(#2111,#2119,#2125,#2126));
#2128=FACE_BOUND('',#2127,.T.);
#2129=ADVANCED_FACE('',(#2128),#2103,.F.);
#2130=CARTESIAN_POINT('',(1413.2,-1904.,6.8));
#2131=DIRECTION('',(-1.,0.,0.));
#2132=DIRECTION('',(0.,-1.,0.));
#2133=AXIS2_PLACEMENT_3D('',#2130,#2131,#2132);
#2134=PLANE('',#2133);
#2135=ORIENTED_EDGE('',*,*,#578,.F.);
#2136=CARTESIAN_POINT('',(1413.2,-1897.076955262,4.));
#2137=DIRECTION('',(-0.,-0.,-1.));
#2138=VECTOR('',#2137,1.6);
#2139=LINE('',#2136,#2138);
#2140=EDGE_CURVE('',#565,#2113,#2139,.T.);
#2141=ORIENTED_EDGE('',*,*,#2140,.T.);
#2142=ORIENTED_EDGE('',*,*,#2118,.F.);
#2143=CARTESIAN_POINT('',(1413.2,-1910.923044738,4.));
#2144=DIRECTION('',(-0.,-0.,-1.));
#2145=VECTOR('',#2144,1.6);
#2146=LINE('',#2143,#2145);
#2147=EDGE_CURVE('',#573,#2105,#2146,.T.);
#2148=ORIENTED_EDGE('',*,*,#2147,.F.);
#2149=EDGE_LOOP('',(#2135,#2141,#2142,#2148));
#2150=FACE_BOUND('',#2149,.T.);
#2151=ADVANCED_FACE('',(#2150),#2134,.T.);
#2152=CARTESIAN_POINT('',(1412.85,-1896.726955262,6.8));
#2153=DIRECTION('',(-0.707106781,-0.707106781,0.));
#2154=DIRECTION('',(0.707106781,-0.707106781,0.));
#2155=AXIS2_PLACEMENT_3D('',#2152,#2153,#2154);
#2156=PLANE('',#2155);
#2157=ORIENTED_EDGE('',*,*,#570,.F.);
#2158=CARTESIAN_POINT('',(1406.923044738,-1890.8,2.4));
#2159=VERTEX_POINT('',#2158);
#2160=CARTESIAN_POINT('',(1406.923044738,-1890.8,4.));
#2161=DIRECTION('',(-0.,-0.,-1.));
#2162=VECTOR('',#2161,1.6);
#2163=LINE('',#2160,#2162);
#2164=EDGE_CURVE('',#557,#2159,#2163,.T.);
#2165=ORIENTED_EDGE('',*,*,#2164,.T.);
#2166=CARTESIAN_POINT('',(1407.623044738,-1891.5,1.4));
#2167=VERTEX_POINT('',#2166);
#2168=CARTESIAN_POINT('',(1406.923044738,-1890.8,2.4));
#2169=DIRECTION('',(0.497468338,-0.497468338,-0.710669055));
#2170=VECTOR('',#2169,1.407124728);
#2171=LINE('',#2168,#2170);
#2172=EDGE_CURVE('',#2159,#2167,#2171,.T.);
#2173=ORIENTED_EDGE('',*,*,#2172,.T.);
#2174=CARTESIAN_POINT('',(1407.623044738,-1891.5,1.4));
#2175=DIRECTION('',(0.707106781,-0.707106781,0.));
#2176=VECTOR('',#2175,6.897056275);
#2177=LINE('',#2174,#2176);
#2178=EDGE_CURVE('',#2167,#2065,#2177,.T.);
#2179=ORIENTED_EDGE('',*,*,#2178,.T.);
#2180=ORIENTED_EDGE('',*,*,#2124,.T.);
#2181=ORIENTED_EDGE('',*,*,#2140,.F.);
#2182=EDGE_LOOP('',(#2157,#2165,#2173,#2179,#2180,#2181));
#2183=FACE_BOUND('',#2182,.T.);
#2184=ADVANCED_FACE('',(#2183),#2156,.T.);
#2185=CARTESIAN_POINT('',(1400.,-1916.5,2.4));
#2186=DIRECTION('',(0.,1.,0.));
#2187=DIRECTION('',(-1.,0.,0.));
#2188=AXIS2_PLACEMENT_3D('',#2185,#2186,#2187);
#2189=PLANE('',#2188);
#2190=CARTESIAN_POINT('',(1407.623044738,-1916.5,1.4));
#2191=VERTEX_POINT('',#2190);
#2192=CARTESIAN_POINT('',(1409.0372583,-1916.5,0.4));
#2193=VERTEX_POINT('',#2192);
#2194=CARTESIAN_POINT('',(1407.623044738,-1916.5,1.4));
#2195=DIRECTION('',(0.816496581,0.,-0.577350269));
#2196=VECTOR('',#2195,1.732050807);
#2197=LINE('',#2194,#2196);
#2198=EDGE_CURVE('',#2191,#2193,#2197,.T.);
#2199=ORIENTED_EDGE('',*,*,#2198,.T.);
#2200=CARTESIAN_POINT('',(1390.9627417,-1916.5,0.4));
#2201=VERTEX_POINT('',#2200);
#2202=CARTESIAN_POINT('',(1409.0372583,-1916.5,0.4));
#2203=DIRECTION('',(-1.,0.,0.));
#2204=VECTOR('',#2203,18.0745166);
#2205=LINE('',#2202,#2204);
#2206=EDGE_CURVE('',#2193,#2201,#2205,.T.);
#2207=ORIENTED_EDGE('',*,*,#2206,.T.);
#2208=CARTESIAN_POINT('',(1392.376955262,-1916.5,1.4));
#2209=VERTEX_POINT('',#2208);
#2210=CARTESIAN_POINT('',(1390.9627417,-1916.5,0.4));
#2211=DIRECTION('',(0.816496581,0.,0.577350269));
#2212=VECTOR('',#2211,1.732050807);
#2213=LINE('',#2210,#2212);
#2214=EDGE_CURVE('',#2201,#2209,#2213,.T.);
#2215=ORIENTED_EDGE('',*,*,#2214,.T.);
#2216=CARTESIAN_POINT('',(1392.376955262,-1916.5,1.4));
#2217=DIRECTION('',(1.,-0.,-0.));
#2218=VECTOR('',#2217,15.246089476);
#2219=LINE('',#2216,#2218);
#2220=EDGE_CURVE('',#2209,#2191,#2219,.T.);
#2221=ORIENTED_EDGE('',*,*,#2220,.T.);
#2222=EDGE_LOOP('',(#2199,#2207,#2215,#2221));
#2223=FACE_BOUND('',#2222,.T.);
#2224=ADVANCED_FACE('',(#2223),#2189,.T.);
#2225=CARTESIAN_POINT('',(1400.,-1916.5,1.4));
#2226=DIRECTION('',(0.,-0.819231921,-0.573462344));
#2227=DIRECTION('',(1.,0.,0.));
#2228=AXIS2_PLACEMENT_3D('',#2225,#2226,#2227);
#2229=PLANE('',#2228);
#2230=CARTESIAN_POINT('',(1393.076955262,-1917.2,2.4));
#2231=VERTEX_POINT('',#2230);
#2232=CARTESIAN_POINT('',(1393.076955262,-1917.2,2.4));
#2233=DIRECTION('',(-0.497468338,0.497468338,-0.710669055));
#2234=VECTOR('',#2233,1.407124728);
#2235=LINE('',#2232,#2234);
#2236=EDGE_CURVE('',#2231,#2209,#2235,.T.);
#2237=ORIENTED_EDGE('',*,*,#2236,.F.);
#2238=CARTESIAN_POINT('',(1406.923044738,-1917.2,2.4));
#2239=VERTEX_POINT('',#2238);
#2240=CARTESIAN_POINT('',(1393.076955262,-1917.199999999,2.4));
#2241=DIRECTION('',(1.,0.,-0.));
#2242=VECTOR('',#2241,13.846089476);
#2243=LINE('',#2240,#2242);
#2244=EDGE_CURVE('',#2231,#2239,#2243,.T.);
#2245=ORIENTED_EDGE('',*,*,#2244,.T.);
#2246=CARTESIAN_POINT('',(1407.623044738,-1916.5,1.4));
#2247=DIRECTION('',(-0.497468338,-0.497468338,0.710669055));
#2248=VECTOR('',#2247,1.407124728);
#2249=LINE('',#2246,#2248);
#2250=EDGE_CURVE('',#2191,#2239,#2249,.T.);
#2251=ORIENTED_EDGE('',*,*,#2250,.F.);
#2252=ORIENTED_EDGE('',*,*,#2220,.F.);
#2253=EDGE_LOOP('',(#2237,#2245,#2251,#2252));
#2254=FACE_BOUND('',#2253,.T.);
#2255=ADVANCED_FACE('',(#2254),#2229,.F.);
#2256=CARTESIAN_POINT('',(1400.,-1917.2,6.8));
#2257=DIRECTION('',(0.,1.,0.));
#2258=DIRECTION('',(-1.,0.,0.));
#2259=AXIS2_PLACEMENT_3D('',#2256,#2257,#2258);
#2260=PLANE('',#2259);
#2261=ORIENTED_EDGE('',*,*,#530,.F.);
#2262=CARTESIAN_POINT('',(1406.923044738,-1917.2,4.));
#2263=DIRECTION('',(-0.,-0.,-1.));
#2264=VECTOR('',#2263,1.6);
#2265=LINE('',#2262,#2264);
#2266=EDGE_CURVE('',#523,#2239,#2265,.T.);
#2267=ORIENTED_EDGE('',*,*,#2266,.T.);
#2268=ORIENTED_EDGE('',*,*,#2244,.F.);
#2269=CARTESIAN_POINT('',(1393.076955262,-1917.2,4.));
#2270=DIRECTION('',(-0.,-0.,-1.));
#2271=VECTOR('',#2270,1.6);
#2272=LINE('',#2269,#2271);
#2273=EDGE_CURVE('',#525,#2231,#2272,.T.);
#2274=ORIENTED_EDGE('',*,*,#2273,.F.);
#2275=EDGE_LOOP('',(#2261,#2267,#2268,#2274));
#2276=FACE_BOUND('',#2275,.T.);
#2277=ADVANCED_FACE('',(#2276),#2260,.T.);
#2278=CARTESIAN_POINT('',(1407.273044738,-1916.85,6.8));
#2279=DIRECTION('',(-0.707106781,0.707106781,0.));
#2280=DIRECTION('',(-0.707106781,-0.707106781,0.));
#2281=AXIS2_PLACEMENT_3D('',#2278,#2279,#2280);
#2282=PLANE('',#2281);
#2283=ORIENTED_EDGE('',*,*,#584,.F.);
#2284=ORIENTED_EDGE('',*,*,#2147,.T.);
#2285=ORIENTED_EDGE('',*,*,#2110,.T.);
#2286=CARTESIAN_POINT('',(1412.5,-1911.623044738,1.4));
#2287=DIRECTION('',(-0.707106781,-0.707106781,0.));
#2288=VECTOR('',#2287,6.897056275);
#2289=LINE('',#2286,#2288);
#2290=EDGE_CURVE('',#2083,#2191,#2289,.T.);
#2291=ORIENTED_EDGE('',*,*,#2290,.T.);
#2292=ORIENTED_EDGE('',*,*,#2250,.T.);
#2293=ORIENTED_EDGE('',*,*,#2266,.F.);
#2294=EDGE_LOOP('',(#2283,#2284,#2285,#2291,#2292,#2293));
#2295=FACE_BOUND('',#2294,.T.);
#2296=ADVANCED_FACE('',(#2295),#2282,.T.);
#2297=CARTESIAN_POINT('',(1387.5,-1904.,2.4));
#2298=DIRECTION('',(1.,0.,0.));
#2299=DIRECTION('',(0.,1.,0.));
#2300=AXIS2_PLACEMENT_3D('',#2297,#2298,#2299);
#2301=PLANE('',#2300);
#2302=CARTESIAN_POINT('',(1387.5,-1911.623044738,1.4));
#2303=VERTEX_POINT('',#2302);
#2304=CARTESIAN_POINT('',(1387.5,-1913.0372583,0.4));
#2305=VERTEX_POINT('',#2304);
#2306=CARTESIAN_POINT('',(1387.5,-1911.623044738,1.4));
#2307=DIRECTION('',(0.,-0.816496581,-0.577350269));
#2308=VECTOR('',#2307,1.732050807);
#2309=LINE('',#2306,#2308);
#2310=EDGE_CURVE('',#2303,#2305,#2309,.T.);
#2311=ORIENTED_EDGE('',*,*,#2310,.T.);
#2312=CARTESIAN_POINT('',(1387.5,-1894.9627417,0.4));
#2313=VERTEX_POINT('',#2312);
#2314=CARTESIAN_POINT('',(1387.5,-1913.0372583,0.4));
#2315=DIRECTION('',(0.,1.,0.));
#2316=VECTOR('',#2315,18.0745166);
#2317=LINE('',#2314,#2316);
#2318=EDGE_CURVE('',#2305,#2313,#2317,.T.);
#2319=ORIENTED_EDGE('',*,*,#2318,.T.);
#2320=CARTESIAN_POINT('',(1387.5,-1896.376955262,1.4));
#2321=VERTEX_POINT('',#2320);
#2322=CARTESIAN_POINT('',(1387.5,-1894.9627417,0.4));
#2323=DIRECTION('',(0.,-0.816496581,0.577350269));
#2324=VECTOR('',#2323,1.732050807);
#2325=LINE('',#2322,#2324);
#2326=EDGE_CURVE('',#2313,#2321,#2325,.T.);
#2327=ORIENTED_EDGE('',*,*,#2326,.T.);
#2328=CARTESIAN_POINT('',(1387.5,-1896.376955262,1.4));
#2329=DIRECTION('',(-0.,-1.,-0.));
#2330=VECTOR('',#2329,15.246089476);
#2331=LINE('',#2328,#2330);
#2332=EDGE_CURVE('',#2321,#2303,#2331,.T.);
#2333=ORIENTED_EDGE('',*,*,#2332,.T.);
#2334=EDGE_LOOP('',(#2311,#2319,#2327,#2333));
#2335=FACE_BOUND('',#2334,.T.);
#2336=ADVANCED_FACE('',(#2335),#2301,.T.);
#2337=CARTESIAN_POINT('',(1387.5,-1904.,1.4));
#2338=DIRECTION('',(-0.819231921,0.,-0.573462344));
#2339=DIRECTION('',(0.,-1.,0.));
#2340=AXIS2_PLACEMENT_3D('',#2337,#2338,#2339);
#2341=PLANE('',#2340);
#2342=CARTESIAN_POINT('',(1386.8,-1897.076955262,2.4));
#2343=VERTEX_POINT('',#2342);
#2344=CARTESIAN_POINT('',(1386.8,-1897.076955262,2.4));
#2345=DIRECTION('',(0.497468338,0.497468338,-0.710669055));
#2346=VECTOR('',#2345,1.407124728);
#2347=LINE('',#2344,#2346);
#2348=EDGE_CURVE('',#2343,#2321,#2347,.T.);
#2349=ORIENTED_EDGE('',*,*,#2348,.F.);
#2350=CARTESIAN_POINT('',(1386.8,-1910.923044738,2.4));
#2351=VERTEX_POINT('',#2350);
#2352=CARTESIAN_POINT('',(1386.800000001,-1897.076955262,2.4));
#2353=DIRECTION('',(0.,-1.,0.));
#2354=VECTOR('',#2353,13.846089476);
#2355=LINE('',#2352,#2354);
#2356=EDGE_CURVE('',#2343,#2351,#2355,.T.);
#2357=ORIENTED_EDGE('',*,*,#2356,.T.);
#2358=CARTESIAN_POINT('',(1387.5,-1911.623044738,1.4));
#2359=DIRECTION('',(-0.497468338,0.497468338,0.710669055));
#2360=VECTOR('',#2359,1.407124728);
#2361=LINE('',#2358,#2360);
#2362=EDGE_CURVE('',#2303,#2351,#2361,.T.);
#2363=ORIENTED_EDGE('',*,*,#2362,.F.);
#2364=ORIENTED_EDGE('',*,*,#2332,.F.);
#2365=EDGE_LOOP('',(#2349,#2357,#2363,#2364));
#2366=FACE_BOUND('',#2365,.T.);
#2367=ADVANCED_FACE('',(#2366),#2341,.F.);
#2368=CARTESIAN_POINT('',(1386.8,-1904.,6.8));
#2369=DIRECTION('',(1.,0.,0.));
#2370=DIRECTION('',(0.,1.,0.));
#2371=AXIS2_PLACEMENT_3D('',#2368,#2369,#2370);
#2372=PLANE('',#2371);
#2373=ORIENTED_EDGE('',*,*,#546,.F.);
#2374=CARTESIAN_POINT('',(1386.8,-1910.923044738,4.));
#2375=DIRECTION('',(-0.,-0.,-1.));
#2376=VECTOR('',#2375,1.6);
#2377=LINE('',#2374,#2376);
#2378=EDGE_CURVE('',#533,#2351,#2377,.T.);
#2379=ORIENTED_EDGE('',*,*,#2378,.T.);
#2380=ORIENTED_EDGE('',*,*,#2356,.F.);
#2381=CARTESIAN_POINT('',(1386.8,-1897.076955262,4.));
#2382=DIRECTION('',(-0.,-0.,-1.));
#2383=VECTOR('',#2382,1.6);
#2384=LINE('',#2381,#2383);
#2385=EDGE_CURVE('',#541,#2343,#2384,.T.);
#2386=ORIENTED_EDGE('',*,*,#2385,.F.);
#2387=EDGE_LOOP('',(#2373,#2379,#2380,#2386));
#2388=FACE_BOUND('',#2387,.T.);
#2389=ADVANCED_FACE('',(#2388),#2372,.T.);
#2390=CARTESIAN_POINT('',(1387.15,-1911.273044738,6.8));
#2391=DIRECTION('',(0.707106781,0.707106781,0.));
#2392=DIRECTION('',(-0.707106781,0.707106781,0.));
#2393=AXIS2_PLACEMENT_3D('',#2390,#2391,#2392);
#2394=PLANE('',#2393);
#2395=ORIENTED_EDGE('',*,*,#538,.F.);
#2396=ORIENTED_EDGE('',*,*,#2273,.T.);
#2397=ORIENTED_EDGE('',*,*,#2236,.T.);
#2398=CARTESIAN_POINT('',(1392.376955262,-1916.5,1.4));
#2399=DIRECTION('',(-0.707106781,0.707106781,0.));
#2400=VECTOR('',#2399,6.897056275);
#2401=LINE('',#2398,#2400);
#2402=EDGE_CURVE('',#2209,#2303,#2401,.T.);
#2403=ORIENTED_EDGE('',*,*,#2402,.T.);
#2404=ORIENTED_EDGE('',*,*,#2362,.T.);
#2405=ORIENTED_EDGE('',*,*,#2378,.F.);
#2406=EDGE_LOOP('',(#2395,#2396,#2397,#2403,#2404,#2405));
#2407=FACE_BOUND('',#2406,.T.);
#2408=ADVANCED_FACE('',(#2407),#2394,.T.);
#2409=CARTESIAN_POINT('',(1400.,-1891.5,2.4));
#2410=DIRECTION('',(0.,-1.,0.));
#2411=DIRECTION('',(1.,0.,0.));
#2412=AXIS2_PLACEMENT_3D('',#2409,#2410,#2411);
#2413=PLANE('',#2412);
#2414=CARTESIAN_POINT('',(1392.376955262,-1891.5,1.4));
#2415=VERTEX_POINT('',#2414);
#2416=CARTESIAN_POINT('',(1390.9627417,-1891.5,0.4));
#2417=VERTEX_POINT('',#2416);
#2418=CARTESIAN_POINT('',(1392.376955262,-1891.5,1.4));
#2419=DIRECTION('',(-0.816496581,0.,-0.577350269));
#2420=VECTOR('',#2419,1.732050807);
#2421=LINE('',#2418,#2420);
#2422=EDGE_CURVE('',#2415,#2417,#2421,.T.);
#2423=ORIENTED_EDGE('',*,*,#2422,.T.);
#2424=CARTESIAN_POINT('',(1409.0372583,-1891.5,0.4));
#2425=VERTEX_POINT('',#2424);
#2426=CARTESIAN_POINT('',(1390.9627417,-1891.5,0.4));
#2427=DIRECTION('',(1.,0.,-0.));
#2428=VECTOR('',#2427,18.0745166);
#2429=LINE('',#2426,#2428);
#2430=EDGE_CURVE('',#2417,#2425,#2429,.T.);
#2431=ORIENTED_EDGE('',*,*,#2430,.T.);
#2432=CARTESIAN_POINT('',(1409.0372583,-1891.5,0.4));
#2433=DIRECTION('',(-0.816496581,0.,0.577350269));
#2434=VECTOR('',#2433,1.732050807);
#2435=LINE('',#2432,#2434);
#2436=EDGE_CURVE('',#2425,#2167,#2435,.T.);
#2437=ORIENTED_EDGE('',*,*,#2436,.T.);
#2438=CARTESIAN_POINT('',(1407.623044738,-1891.5,1.4));
#2439=DIRECTION('',(-1.,-0.,0.));
#2440=VECTOR('',#2439,15.246089476);
#2441=LINE('',#2438,#2440);
#2442=EDGE_CURVE('',#2167,#2415,#2441,.T.);
#2443=ORIENTED_EDGE('',*,*,#2442,.T.);
#2444=EDGE_LOOP('',(#2423,#2431,#2437,#2443));
#2445=FACE_BOUND('',#2444,.T.);
#2446=ADVANCED_FACE('',(#2445),#2413,.T.);
#2447=CARTESIAN_POINT('',(1400.,-1891.5,1.4));
#2448=DIRECTION('',(0.,0.819231921,-0.573462344));
#2449=DIRECTION('',(-1.,0.,0.));
#2450=AXIS2_PLACEMENT_3D('',#2447,#2448,#2449);
#2451=PLANE('',#2450);
#2452=ORIENTED_EDGE('',*,*,#2172,.F.);
#2453=CARTESIAN_POINT('',(1393.076955262,-1890.8,2.4));
#2454=VERTEX_POINT('',#2453);
#2455=CARTESIAN_POINT('',(1406.923044738,-1890.800000001,2.4));
#2456=DIRECTION('',(-1.,0.,0.));
#2457=VECTOR('',#2456,13.846089476);
#2458=LINE('',#2455,#2457);
#2459=EDGE_CURVE('',#2159,#2454,#2458,.T.);
#2460=ORIENTED_EDGE('',*,*,#2459,.T.);
#2461=CARTESIAN_POINT('',(1392.376955262,-1891.5,1.4));
#2462=DIRECTION('',(0.497468338,0.497468338,0.710669055));
#2463=VECTOR('',#2462,1.407124728);
#2464=LINE('',#2461,#2463);
#2465=EDGE_CURVE('',#2415,#2454,#2464,.T.);
#2466=ORIENTED_EDGE('',*,*,#2465,.F.);
#2467=ORIENTED_EDGE('',*,*,#2442,.F.);
#2468=EDGE_LOOP('',(#2452,#2460,#2466,#2467));
#2469=FACE_BOUND('',#2468,.T.);
#2470=ADVANCED_FACE('',(#2469),#2451,.F.);
#2471=CARTESIAN_POINT('',(1400.,-1890.8,6.8));
#2472=DIRECTION('',(0.,-1.,0.));
#2473=DIRECTION('',(1.,0.,0.));
#2474=AXIS2_PLACEMENT_3D('',#2471,#2472,#2473);
#2475=PLANE('',#2474);
#2476=ORIENTED_EDGE('',*,*,#562,.F.);
#2477=CARTESIAN_POINT('',(1393.076955262,-1890.8,4.));
#2478=DIRECTION('',(-0.,-0.,-1.));
#2479=VECTOR('',#2478,1.6);
#2480=LINE('',#2477,#2479);
#2481=EDGE_CURVE('',#549,#2454,#2480,.T.);
#2482=ORIENTED_EDGE('',*,*,#2481,.T.);
#2483=ORIENTED_EDGE('',*,*,#2459,.F.);
#2484=ORIENTED_EDGE('',*,*,#2164,.F.);
#2485=EDGE_LOOP('',(#2476,#2482,#2483,#2484));
#2486=FACE_BOUND('',#2485,.T.);
#2487=ADVANCED_FACE('',(#2486),#2475,.T.);
#2488=CARTESIAN_POINT('',(1392.726955262,-1891.15,6.8));
#2489=DIRECTION('',(0.707106781,-0.707106781,0.));
#2490=DIRECTION('',(0.707106781,0.707106781,0.));
#2491=AXIS2_PLACEMENT_3D('',#2488,#2489,#2490);
#2492=PLANE('',#2491);
#2493=ORIENTED_EDGE('',*,*,#554,.F.);
#2494=ORIENTED_EDGE('',*,*,#2385,.T.);
#2495=ORIENTED_EDGE('',*,*,#2348,.T.);
#2496=CARTESIAN_POINT('',(1387.5,-1896.376955262,1.4));
#2497=DIRECTION('',(0.707106781,0.707106781,0.));
#2498=VECTOR('',#2497,6.897056275);
#2499=LINE('',#2496,#2498);
#2500=EDGE_CURVE('',#2321,#2415,#2499,.T.);
#2501=ORIENTED_EDGE('',*,*,#2500,.T.);
#2502=ORIENTED_EDGE('',*,*,#2465,.T.);
#2503=ORIENTED_EDGE('',*,*,#2481,.F.);
#2504=EDGE_LOOP('',(#2493,#2494,#2495,#2501,#2502,#2503));
#2505=FACE_BOUND('',#2504,.T.);
#2506=ADVANCED_FACE('',(#2505),#2492,.T.);
#2507=CARTESIAN_POINT('',(1400.,-1890.,6.8));
#2508=DIRECTION('',(0.,-1.,0.));
#2509=DIRECTION('',(1.,0.,0.));
#2510=AXIS2_PLACEMENT_3D('',#2507,#2508,#2509);
#2511=PLANE('',#2510);
#2512=CARTESIAN_POINT('',(1437.8,-1890.,4.));
#2513=DIRECTION('',(-0.,-0.,-1.));
#2514=VECTOR('',#2513,4.);
#2515=LINE('',#2512,#2514);
#2516=EDGE_CURVE('',#382,#33,#2515,.T.);
#2517=ORIENTED_EDGE('',*,*,#2516,.T.);
#2518=ORIENTED_EDGE('',*,*,#94,.T.);
#2519=CARTESIAN_POINT('',(1390.2,-1890.,0.));
#2520=DIRECTION('',(0.,0.,1.));
#2521=VECTOR('',#2520,4.);
#2522=LINE('',#2519,#2521);
#2523=EDGE_CURVE('',#83,#390,#2522,.T.);
#2524=ORIENTED_EDGE('',*,*,#2523,.T.);
#2525=ORIENTED_EDGE('',*,*,#395,.T.);
#2526=EDGE_LOOP('',(#2517,#2518,#2524,#2525));
#2527=FACE_BOUND('',#2526,.T.);
#2528=CARTESIAN_POINT('',(1416.567223359,-1890.,1.));
#2529=VERTEX_POINT('',#2528);
#2530=CARTESIAN_POINT('',(1411.432776641,-1890.,1.));
#2531=VERTEX_POINT('',#2530);
#2532=CARTESIAN_POINT('',(1416.567223359,-1890.,1.));
#2533=DIRECTION('',(-1.,0.,0.));
#2534=VECTOR('',#2533,5.134446718);
#2535=LINE('',#2532,#2534);
#2536=EDGE_CURVE('',#2529,#2531,#2535,.T.);
#2537=ORIENTED_EDGE('',*,*,#2536,.F.);
#2538=CARTESIAN_POINT('',(1416.567223359,-1890.,3.4));
#2539=VERTEX_POINT('',#2538);
#2540=CARTESIAN_POINT('',(1416.567223359,-1890.,3.4));
#2541=DIRECTION('',(0.,0.,-1.));
#2542=VECTOR('',#2541,2.4);
#2543=LINE('',#2540,#2542);
#2544=EDGE_CURVE('',#2539,#2529,#2543,.T.);
#2545=ORIENTED_EDGE('',*,*,#2544,.F.);
#2546=CARTESIAN_POINT('',(1411.432776641,-1890.,3.4));
#2547=VERTEX_POINT('',#2546);
#2548=CARTESIAN_POINT('',(1416.567223359,-1890.,3.4));
#2549=DIRECTION('',(-1.,-0.,0.));
#2550=VECTOR('',#2549,5.134446718);
#2551=LINE('',#2548,#2550);
#2552=EDGE_CURVE('',#2539,#2547,#2551,.T.);
#2553=ORIENTED_EDGE('',*,*,#2552,.T.);
#2554=CARTESIAN_POINT('',(1411.432776641,-1890.,1.));
#2555=DIRECTION('',(-0.,-0.,1.));
#2556=VECTOR('',#2555,2.4);
#2557=LINE('',#2554,#2556);
#2558=EDGE_CURVE('',#2531,#2547,#2557,.T.);
#2559=ORIENTED_EDGE('',*,*,#2558,.F.);
#2560=EDGE_LOOP('',(#2537,#2545,#2553,#2559));
#2561=FACE_BOUND('',#2560,.T.);
#2562=ADVANCED_FACE('',(#2527,#2561),#2511,.F.);
#2563=CARTESIAN_POINT('',(1388.948528137,-1892.948528137,0.));
#2564=DIRECTION('',(0.5,-0.5,-0.707106781));
#2565=DIRECTION('',(0.707106781,0.707106781,0.));
#2566=AXIS2_PLACEMENT_3D('',#2563,#2564,#2565);
#2567=PLANE('',#2566);
#2568=ORIENTED_EDGE('',*,*,#2422,.F.);
#2569=ORIENTED_EDGE('',*,*,#2500,.F.);
#2570=ORIENTED_EDGE('',*,*,#2326,.F.);
#2571=CARTESIAN_POINT('',(1387.5,-1894.9627417,0.4));
#2572=DIRECTION('',(-0.678598344,0.281084638,-0.678598345));
#2573=VECTOR('',#2572,0.589450303);
#2574=LINE('',#2571,#2573);
#2575=EDGE_CURVE('',#2313,#186,#2574,.T.);
#2576=ORIENTED_EDGE('',*,*,#2575,.T.);
#2577=ORIENTED_EDGE('',*,*,#191,.F.);
#2578=CARTESIAN_POINT('',(1390.797056275,-1891.1,0.));
#2579=DIRECTION('',(0.281084638,-0.678598344,0.678598345));
#2580=VECTOR('',#2579,0.589450303);
#2581=LINE('',#2578,#2580);
#2582=EDGE_CURVE('',#178,#2417,#2581,.T.);
#2583=ORIENTED_EDGE('',*,*,#2582,.T.);
#2584=EDGE_LOOP('',(#2568,#2569,#2570,#2576,#2577,#2583));
#2585=FACE_BOUND('',#2584,.T.);
#2586=ADVANCED_FACE('',(#2585),#2567,.T.);
#2587=CARTESIAN_POINT('',(1388.948528137,-1915.051471863,0.));
#2588=DIRECTION('',(0.5,0.5,-0.707106781));
#2589=DIRECTION('',(-0.707106781,0.707106781,0.));
#2590=AXIS2_PLACEMENT_3D('',#2587,#2588,#2589);
#2591=PLANE('',#2590);
#2592=ORIENTED_EDGE('',*,*,#2310,.F.);
#2593=ORIENTED_EDGE('',*,*,#2402,.F.);
#2594=ORIENTED_EDGE('',*,*,#2214,.F.);
#2595=CARTESIAN_POINT('',(1390.9627417,-1916.5,0.4));
#2596=DIRECTION('',(-0.281084638,-0.678598344,-0.678598345));
#2597=VECTOR('',#2596,0.589450303);
#2598=LINE('',#2595,#2597);
#2599=EDGE_CURVE('',#2201,#202,#2598,.T.);
#2600=ORIENTED_EDGE('',*,*,#2599,.T.);
#2601=ORIENTED_EDGE('',*,*,#207,.F.);
#2602=CARTESIAN_POINT('',(1387.1,-1913.202943725,0.));
#2603=DIRECTION('',(0.678598344,0.281084638,0.678598345));
#2604=VECTOR('',#2603,0.589450303);
#2605=LINE('',#2602,#2604);
#2606=EDGE_CURVE('',#194,#2305,#2605,.T.);
#2607=ORIENTED_EDGE('',*,*,#2606,.T.);
#2608=EDGE_LOOP('',(#2592,#2593,#2594,#2600,#2601,#2607));
#2609=FACE_BOUND('',#2608,.T.);
#2610=ADVANCED_FACE('',(#2609),#2591,.T.);
#2611=CARTESIAN_POINT('',(1411.051471863,-1915.051471863,0.));
#2612=DIRECTION('',(-0.5,0.5,-0.707106781));
#2613=DIRECTION('',(-0.707106781,-0.707106781,0.));
#2614=AXIS2_PLACEMENT_3D('',#2611,#2612,#2613);
#2615=PLANE('',#2614);
#2616=ORIENTED_EDGE('',*,*,#2198,.F.);
#2617=ORIENTED_EDGE('',*,*,#2290,.F.);
#2618=ORIENTED_EDGE('',*,*,#2088,.F.);
#2619=CARTESIAN_POINT('',(1412.5,-1913.0372583,0.4));
#2620=DIRECTION('',(0.678598344,-0.281084638,-0.678598345));
#2621=VECTOR('',#2620,0.589450303);
#2622=LINE('',#2619,#2621);
#2623=EDGE_CURVE('',#2075,#218,#2622,.T.);
#2624=ORIENTED_EDGE('',*,*,#2623,.T.);
#2625=ORIENTED_EDGE('',*,*,#223,.F.);
#2626=CARTESIAN_POINT('',(1409.202943725,-1916.9,0.));
#2627=DIRECTION('',(-0.281084638,0.678598344,0.678598345));
#2628=VECTOR('',#2627,0.589450303);
#2629=LINE('',#2626,#2628);
#2630=EDGE_CURVE('',#210,#2193,#2629,.T.);
#2631=ORIENTED_EDGE('',*,*,#2630,.T.);
#2632=EDGE_LOOP('',(#2616,#2617,#2618,#2624,#2625,#2631));
#2633=FACE_BOUND('',#2632,.T.);
#2634=ADVANCED_FACE('',(#2633),#2615,.T.);
#2635=CARTESIAN_POINT('',(1411.051471863,-1892.948528137,0.));
#2636=DIRECTION('',(-0.5,-0.5,-0.707106781));
#2637=DIRECTION('',(0.707106781,-0.707106781,0.));
#2638=AXIS2_PLACEMENT_3D('',#2635,#2636,#2637);
#2639=PLANE('',#2638);
#2640=ORIENTED_EDGE('',*,*,#2072,.F.);
#2641=ORIENTED_EDGE('',*,*,#2178,.F.);
#2642=ORIENTED_EDGE('',*,*,#2436,.F.);
#2643=CARTESIAN_POINT('',(1409.0372583,-1891.5,0.4));
#2644=DIRECTION('',(0.281084638,0.678598344,-0.678598345));
#2645=VECTOR('',#2644,0.589450303);
#2646=LINE('',#2643,#2645);
#2647=EDGE_CURVE('',#2425,#176,#2646,.T.);
#2648=ORIENTED_EDGE('',*,*,#2647,.T.);
#2649=ORIENTED_EDGE('',*,*,#237,.F.);
#2650=CARTESIAN_POINT('',(1412.9,-1894.797056275,0.));
#2651=DIRECTION('',(-0.678598344,-0.281084638,0.678598345));
#2652=VECTOR('',#2651,0.589450303);
#2653=LINE('',#2650,#2652);
#2654=EDGE_CURVE('',#226,#2067,#2653,.T.);
#2655=ORIENTED_EDGE('',*,*,#2654,.T.);
#2656=EDGE_LOOP('',(#2640,#2641,#2642,#2648,#2649,#2655));
#2657=FACE_BOUND('',#2656,.T.);
#2658=ADVANCED_FACE('',(#2657),#2639,.T.);
#2659=CARTESIAN_POINT('',(1400.,-1891.1,0.));
#2660=DIRECTION('',(0.,-0.707106781,-0.707106781));
#2661=DIRECTION('',(1.,0.,0.));
#2662=AXIS2_PLACEMENT_3D('',#2659,#2660,#2661);
#2663=PLANE('',#2662);
#2664=ORIENTED_EDGE('',*,*,#2647,.F.);
#2665=ORIENTED_EDGE('',*,*,#2430,.F.);
#2666=ORIENTED_EDGE('',*,*,#2582,.F.);
#2667=ORIENTED_EDGE('',*,*,#183,.F.);
#2668=EDGE_LOOP('',(#2664,#2665,#2666,#2667));
#2669=FACE_BOUND('',#2668,.T.);
#2670=ADVANCED_FACE('',(#2669),#2663,.T.);
#2671=CARTESIAN_POINT('',(1412.9,-1904.,0.));
#2672=DIRECTION('',(-0.707106781,0.,-0.707106781));
#2673=DIRECTION('',(0.,-1.,0.));
#2674=AXIS2_PLACEMENT_3D('',#2671,#2672,#2673);
#2675=PLANE('',#2674);
#2676=ORIENTED_EDGE('',*,*,#2623,.F.);
#2677=ORIENTED_EDGE('',*,*,#2080,.F.);
#2678=ORIENTED_EDGE('',*,*,#2654,.F.);
#2679=ORIENTED_EDGE('',*,*,#231,.F.);
#2680=EDGE_LOOP('',(#2676,#2677,#2678,#2679));
#2681=FACE_BOUND('',#2680,.T.);
#2682=ADVANCED_FACE('',(#2681),#2675,.T.);
#2683=CARTESIAN_POINT('',(1387.1,-1904.,0.));
#2684=DIRECTION('',(0.707106781,0.,-0.707106781));
#2685=DIRECTION('',(0.,1.,0.));
#2686=AXIS2_PLACEMENT_3D('',#2683,#2684,#2685);
#2687=PLANE('',#2686);
#2688=ORIENTED_EDGE('',*,*,#2575,.F.);
#2689=ORIENTED_EDGE('',*,*,#2318,.F.);
#2690=ORIENTED_EDGE('',*,*,#2606,.F.);
#2691=ORIENTED_EDGE('',*,*,#199,.F.);
#2692=EDGE_LOOP('',(#2688,#2689,#2690,#2691));
#2693=FACE_BOUND('',#2692,.T.);
#2694=ADVANCED_FACE('',(#2693),#2687,.T.);
#2695=CARTESIAN_POINT('',(1400.,-1916.9,0.));
#2696=DIRECTION('',(0.,0.707106781,-0.707106781));
#2697=DIRECTION('',(-1.,0.,0.));
#2698=AXIS2_PLACEMENT_3D('',#2695,#2696,#2697);
#2699=PLANE('',#2698);
#2700=ORIENTED_EDGE('',*,*,#2599,.F.);
#2701=ORIENTED_EDGE('',*,*,#2206,.F.);
#2702=ORIENTED_EDGE('',*,*,#2630,.F.);
#2703=ORIENTED_EDGE('',*,*,#215,.F.);
#2704=EDGE_LOOP('',(#2700,#2701,#2702,#2703));
#2705=FACE_BOUND('',#2704,.T.);
#2706=ADVANCED_FACE('',(#2705),#2699,.T.);
#2707=CARTESIAN_POINT('',(1386.,-1894.2,6.8));
#2708=DIRECTION('',(0.707106781,-0.707106781,0.));
#2709=DIRECTION('',(0.,0.,-1.));
#2710=AXIS2_PLACEMENT_3D('',#2707,#2708,#2709);
#2711=PLANE('',#2710);
#2712=ORIENTED_EDGE('',*,*,#403,.F.);
#2713=ORIENTED_EDGE('',*,*,#2523,.F.);
#2714=ORIENTED_EDGE('',*,*,#88,.F.);
#2715=ORIENTED_EDGE('',*,*,#1234,.F.);
#2716=EDGE_LOOP('',(#2712,#2713,#2714,#2715));
#2717=FACE_BOUND('',#2716,.T.);
#2718=ADVANCED_FACE('',(#2717),#2711,.F.);
#2719=CARTESIAN_POINT('',(1387.36293249,-1915.9,3.4));
#2720=DIRECTION('',(0.,0.,-1.));
#2721=DIRECTION('',(1.,0.,0.));
#2722=AXIS2_PLACEMENT_3D('',#2719,#2720,#2721);
#2723=CYLINDRICAL_SURFACE('',#2722,0.5);
#2724=ORIENTED_EDGE('',*,*,#1833,.T.);
#2725=CARTESIAN_POINT('',(1387.156119539,-1915.444776535,3.4));
#2726=DIRECTION('',(0.,0.,-1.));
#2727=VECTOR('',#2726,2.4);
#2728=LINE('',#2725,#2727);
#2729=EDGE_CURVE('',#1818,#1868,#2728,.T.);
#2730=ORIENTED_EDGE('',*,*,#2729,.T.);
#2731=ORIENTED_EDGE('',*,*,#1874,.T.);
#2732=CARTESIAN_POINT('',(1387.36293249,-1915.4,1.));
#2733=DIRECTION('',(-0.,-0.,1.));
#2734=VECTOR('',#2733,2.4);
#2735=LINE('',#2732,#2734);
#2736=EDGE_CURVE('',#1860,#1827,#2735,.T.);
#2737=ORIENTED_EDGE('',*,*,#2736,.T.);
#2738=EDGE_LOOP('',(#2724,#2730,#2731,#2737));
#2739=FACE_BOUND('',#2738,.T.);
#2740=ADVANCED_FACE('',(#2739),#2723,.F.);
#2741=CARTESIAN_POINT('',(1387.875,-1915.4,3.4));
#2742=DIRECTION('',(0.,-1.,0.));
#2743=DIRECTION('',(0.,0.,1.));
#2744=AXIS2_PLACEMENT_3D('',#2741,#2742,#2743);
#2745=PLANE('',#2744);
#2746=ORIENTED_EDGE('',*,*,#1865,.F.);
#2747=CARTESIAN_POINT('',(1388.5,-1915.4,3.4));
#2748=DIRECTION('',(0.,0.,-1.));
#2749=VECTOR('',#2748,2.4);
#2750=LINE('',#2747,#2749);
#2751=EDGE_CURVE('',#1765,#1851,#2750,.T.);
#2752=ORIENTED_EDGE('',*,*,#2751,.F.);
#2753=ORIENTED_EDGE('',*,*,#1839,.T.);
#2754=ORIENTED_EDGE('',*,*,#2736,.F.);
#2755=EDGE_LOOP('',(#2746,#2752,#2753,#2754));
#2756=FACE_BOUND('',#2755,.T.);
#2757=ADVANCED_FACE('',(#2756),#2745,.T.);
#2758=CARTESIAN_POINT('',(1386.,-1912.9,3.4));
#2759=DIRECTION('',(0.,0.,-1.));
#2760=DIRECTION('',(1.,0.,0.));
#2761=AXIS2_PLACEMENT_3D('',#2758,#2759,#2760);
#2762=CYLINDRICAL_SURFACE('',#2761,2.795084972);
#2763=ORIENTED_EDGE('',*,*,#1824,.F.);
#2764=CARTESIAN_POINT('',(1386.274557137,-1915.681567612,1.));
#2765=DIRECTION('',(-0.,-0.,1.));
#2766=VECTOR('',#2765,2.4);
#2767=LINE('',#2764,#2766);
#2768=EDGE_CURVE('',#1877,#1809,#2767,.T.);
#2769=ORIENTED_EDGE('',*,*,#2768,.F.);
#2770=ORIENTED_EDGE('',*,*,#1883,.T.);
#2771=ORIENTED_EDGE('',*,*,#2729,.F.);
#2772=EDGE_LOOP('',(#2763,#2769,#2770,#2771));
#2773=FACE_BOUND('',#2772,.T.);
#2774=ADVANCED_FACE('',(#2773),#2762,.T.);
#2775=CARTESIAN_POINT('',(1386.25,-1915.432776641,3.4));
#2776=DIRECTION('',(0.,0.,-1.));
#2777=DIRECTION('',(1.,0.,0.));
#2778=AXIS2_PLACEMENT_3D('',#2775,#2776,#2777);
#2779=CYLINDRICAL_SURFACE('',#2778,0.25);
#2780=ORIENTED_EDGE('',*,*,#1815,.T.);
#2781=ORIENTED_EDGE('',*,*,#1262,.T.);
#2782=ORIENTED_EDGE('',*,*,#1890,.T.);
#2783=ORIENTED_EDGE('',*,*,#2768,.T.);
#2784=EDGE_LOOP('',(#2780,#2781,#2782,#2783));
#2785=FACE_BOUND('',#2784,.T.);
#2786=ADVANCED_FACE('',(#2785),#2779,.T.);
#2787=CARTESIAN_POINT('',(1414.,-1892.5,3.4));
#2788=DIRECTION('',(0.,0.,-1.));
#2789=DIRECTION('',(0.,-1.,0.));
#2790=AXIS2_PLACEMENT_3D('',#2787,#2788,#2789);
#2791=CYLINDRICAL_SURFACE('',#2790,2.6);
#2792=CARTESIAN_POINT('',(1414.,-1895.1,1.));
#2793=VERTEX_POINT('',#2792);
#2794=CARTESIAN_POINT('',(1414.,-1895.1,3.4));
#2795=VERTEX_POINT('',#2794);
#2796=CARTESIAN_POINT('',(1414.,-1895.1,1.));
#2797=DIRECTION('',(-0.,-0.,1.));
#2798=VECTOR('',#2797,2.4);
#2799=LINE('',#2796,#2798);
#2800=EDGE_CURVE('',#2793,#2795,#2799,.T.);
#2801=ORIENTED_EDGE('',*,*,#2800,.F.);
#2802=CARTESIAN_POINT('',(1411.4,-1892.5,1.));
#2803=VERTEX_POINT('',#2802);
#2804=CARTESIAN_POINT('',(1414.,-1892.5,1.));
#2805=DIRECTION('',(-0.,-0.,1.));
#2806=DIRECTION('',(-1.,0.,0.));
#2807=AXIS2_PLACEMENT_3D('',#2804,#2805,#2806);
#2808=CIRCLE('',#2807,2.6);
#2809=EDGE_CURVE('',#2803,#2793,#2808,.T.);
#2810=ORIENTED_EDGE('',*,*,#2809,.F.);
#2811=CARTESIAN_POINT('',(1411.4,-1892.5,3.4));
#2812=VERTEX_POINT('',#2811);
#2813=CARTESIAN_POINT('',(1411.4,-1892.5,3.4));
#2814=DIRECTION('',(-0.,-0.,-1.));
#2815=VECTOR('',#2814,2.4);
#2816=LINE('',#2813,#2815);
#2817=EDGE_CURVE('',#2812,#2803,#2816,.T.);
#2818=ORIENTED_EDGE('',*,*,#2817,.F.);
#2819=CARTESIAN_POINT('',(1414.,-1892.5,3.4));
#2820=DIRECTION('',(-0.,-0.,1.));
#2821=DIRECTION('',(-1.,0.,0.));
#2822=AXIS2_PLACEMENT_3D('',#2819,#2820,#2821);
#2823=CIRCLE('',#2822,2.6);
#2824=EDGE_CURVE('',#2812,#2795,#2823,.T.);
#2825=ORIENTED_EDGE('',*,*,#2824,.T.);
#2826=EDGE_LOOP('',(#2801,#2810,#2818,#2825));
#2827=FACE_BOUND('',#2826,.T.);
#2828=ADVANCED_FACE('',(#2827),#2791,.F.);
#2829=CARTESIAN_POINT('',(1428.,-1904.,3.4));
#2830=DIRECTION('',(0.,0.,1.));
#2831=DIRECTION('',(0.,1.,0.));
#2832=AXIS2_PLACEMENT_3D('',#2829,#2830,#2831);
#2833=PLANE('',#2832);
#2834=CARTESIAN_POINT('',(1416.6,-1892.5,3.4));
#2835=VERTEX_POINT('',#2834);
#2836=CARTESIAN_POINT('',(1414.,-1892.5,3.4));
#2837=DIRECTION('',(-0.,-0.,1.));
#2838=DIRECTION('',(-1.,0.,0.));
#2839=AXIS2_PLACEMENT_3D('',#2836,#2837,#2838);
#2840=CIRCLE('',#2839,2.6);
#2841=EDGE_CURVE('',#2795,#2835,#2840,.T.);
#2842=ORIENTED_EDGE('',*,*,#2841,.F.);
#2843=ORIENTED_EDGE('',*,*,#2824,.F.);
#2844=CARTESIAN_POINT('',(1411.4,-1891.36293249,3.4));
#2845=VERTEX_POINT('',#2844);
#2846=CARTESIAN_POINT('',(1411.4,-1892.5,3.4));
#2847=DIRECTION('',(0.,1.,0.));
#2848=VECTOR('',#2847,1.13706751);
#2849=LINE('',#2846,#2848);
#2850=EDGE_CURVE('',#2812,#2845,#2849,.T.);
#2851=ORIENTED_EDGE('',*,*,#2850,.T.);
#2852=CARTESIAN_POINT('',(1411.444776535,-1891.156119539,3.4));
#2853=VERTEX_POINT('',#2852);
#2854=CARTESIAN_POINT('',(1411.9,-1891.36293249,3.4));
#2855=DIRECTION('',(-0.,-0.,1.));
#2856=DIRECTION('',(-1.,0.,0.));
#2857=AXIS2_PLACEMENT_3D('',#2854,#2855,#2856);
#2858=CIRCLE('',#2857,0.5);
#2859=EDGE_CURVE('',#2853,#2845,#2858,.T.);
#2860=ORIENTED_EDGE('',*,*,#2859,.F.);
#2861=CARTESIAN_POINT('',(1411.681567612,-1890.274557137,3.4));
#2862=VERTEX_POINT('',#2861);
#2863=CARTESIAN_POINT('',(1408.9,-1890.,3.4));
#2864=DIRECTION('',(-0.,-0.,1.));
#2865=DIRECTION('',(-1.,0.,0.));
#2866=AXIS2_PLACEMENT_3D('',#2863,#2864,#2865);
#2867=CIRCLE('',#2866,2.795084972);
#2868=EDGE_CURVE('',#2853,#2862,#2867,.T.);
#2869=ORIENTED_EDGE('',*,*,#2868,.T.);
#2870=CARTESIAN_POINT('',(1411.432776641,-1890.25,3.4));
#2871=DIRECTION('',(0.,0.,-1.));
#2872=DIRECTION('',(-1.,0.,0.));
#2873=AXIS2_PLACEMENT_3D('',#2870,#2871,#2872);
#2874=CIRCLE('',#2873,0.25);
#2875=EDGE_CURVE('',#2547,#2862,#2874,.T.);
#2876=ORIENTED_EDGE('',*,*,#2875,.F.);
#2877=ORIENTED_EDGE('',*,*,#2552,.F.);
#2878=CARTESIAN_POINT('',(1416.318432388,-1890.274557137,3.4));
#2879=VERTEX_POINT('',#2878);
#2880=CARTESIAN_POINT('',(1416.567223359,-1890.25,3.4));
#2881=DIRECTION('',(0.,0.,-1.));
#2882=DIRECTION('',(-1.,0.,0.));
#2883=AXIS2_PLACEMENT_3D('',#2880,#2881,#2882);
#2884=CIRCLE('',#2883,0.25);
#2885=EDGE_CURVE('',#2879,#2539,#2884,.T.);
#2886=ORIENTED_EDGE('',*,*,#2885,.F.);
#2887=CARTESIAN_POINT('',(1416.555223465,-1891.156119539,3.4));
#2888=VERTEX_POINT('',#2887);
#2889=CARTESIAN_POINT('',(1419.1,-1890.,3.4));
#2890=DIRECTION('',(-0.,-0.,1.));
#2891=DIRECTION('',(-1.,0.,0.));
#2892=AXIS2_PLACEMENT_3D('',#2889,#2890,#2891);
#2893=CIRCLE('',#2892,2.795084972);
#2894=EDGE_CURVE('',#2879,#2888,#2893,.T.);
#2895=ORIENTED_EDGE('',*,*,#2894,.T.);
#2896=CARTESIAN_POINT('',(1416.6,-1891.36293249,3.4));
#2897=VERTEX_POINT('',#2896);
#2898=CARTESIAN_POINT('',(1416.1,-1891.36293249,3.4));
#2899=DIRECTION('',(-0.,-0.,1.));
#2900=DIRECTION('',(-1.,0.,0.));
#2901=AXIS2_PLACEMENT_3D('',#2898,#2899,#2900);
#2902=CIRCLE('',#2901,0.5);
#2903=EDGE_CURVE('',#2897,#2888,#2902,.T.);
#2904=ORIENTED_EDGE('',*,*,#2903,.F.);
#2905=CARTESIAN_POINT('',(1416.6,-1892.5,3.4));
#2906=DIRECTION('',(0.,1.,0.));
#2907=VECTOR('',#2906,1.13706751);
#2908=LINE('',#2905,#2907);
#2909=EDGE_CURVE('',#2835,#2897,#2908,.T.);
#2910=ORIENTED_EDGE('',*,*,#2909,.F.);
#2911=EDGE_LOOP('',(#2842,#2843,#2851,#2860,#2869,#2876,#2877,#2886,#2895,#2904,#2910));
#2912=FACE_BOUND('',#2911,.T.);
#2913=ADVANCED_FACE('',(#2912),#2833,.F.);
#2914=CARTESIAN_POINT('',(1428.,-1904.,1.));
#2915=DIRECTION('',(0.,0.,1.));
#2916=DIRECTION('',(0.,1.,0.));
#2917=AXIS2_PLACEMENT_3D('',#2914,#2915,#2916);
#2918=PLANE('',#2917);
#2919=ORIENTED_EDGE('',*,*,#2809,.T.);
#2920=CARTESIAN_POINT('',(1416.6,-1892.5,1.));
#2921=VERTEX_POINT('',#2920);
#2922=CARTESIAN_POINT('',(1414.,-1892.5,1.));
#2923=DIRECTION('',(-0.,-0.,1.));
#2924=DIRECTION('',(-1.,0.,0.));
#2925=AXIS2_PLACEMENT_3D('',#2922,#2923,#2924);
#2926=CIRCLE('',#2925,2.6);
#2927=EDGE_CURVE('',#2793,#2921,#2926,.T.);
#2928=ORIENTED_EDGE('',*,*,#2927,.T.);
#2929=CARTESIAN_POINT('',(1416.6,-1891.36293249,1.));
#2930=VERTEX_POINT('',#2929);
#2931=CARTESIAN_POINT('',(1416.6,-1892.5,1.));
#2932=DIRECTION('',(0.,1.,0.));
#2933=VECTOR('',#2932,1.13706751);
#2934=LINE('',#2931,#2933);
#2935=EDGE_CURVE('',#2921,#2930,#2934,.T.);
#2936=ORIENTED_EDGE('',*,*,#2935,.T.);
#2937=CARTESIAN_POINT('',(1416.555223465,-1891.156119539,1.));
#2938=VERTEX_POINT('',#2937);
#2939=CARTESIAN_POINT('',(1416.1,-1891.36293249,1.));
#2940=DIRECTION('',(0.,0.,-1.));
#2941=DIRECTION('',(-1.,0.,0.));
#2942=AXIS2_PLACEMENT_3D('',#2939,#2940,#2941);
#2943=CIRCLE('',#2942,0.5);
#2944=EDGE_CURVE('',#2938,#2930,#2943,.T.);
#2945=ORIENTED_EDGE('',*,*,#2944,.F.);
#2946=CARTESIAN_POINT('',(1416.318432388,-1890.274557137,1.));
#2947=VERTEX_POINT('',#2946);
#2948=CARTESIAN_POINT('',(1419.1,-1890.,1.));
#2949=DIRECTION('',(-0.,-0.,1.));
#2950=DIRECTION('',(-1.,0.,0.));
#2951=AXIS2_PLACEMENT_3D('',#2948,#2949,#2950);
#2952=CIRCLE('',#2951,2.795084972);
#2953=EDGE_CURVE('',#2947,#2938,#2952,.T.);
#2954=ORIENTED_EDGE('',*,*,#2953,.F.);
#2955=CARTESIAN_POINT('',(1416.567223359,-1890.25,1.));
#2956=DIRECTION('',(-0.,-0.,1.));
#2957=DIRECTION('',(-1.,0.,0.));
#2958=AXIS2_PLACEMENT_3D('',#2955,#2956,#2957);
#2959=CIRCLE('',#2958,0.25);
#2960=EDGE_CURVE('',#2529,#2947,#2959,.T.);
#2961=ORIENTED_EDGE('',*,*,#2960,.F.);
#2962=ORIENTED_EDGE('',*,*,#2536,.T.);
#2963=CARTESIAN_POINT('',(1411.681567612,-1890.274557137,1.));
#2964=VERTEX_POINT('',#2963);
#2965=CARTESIAN_POINT('',(1411.432776641,-1890.25,1.));
#2966=DIRECTION('',(-0.,-0.,1.));
#2967=DIRECTION('',(-1.,0.,0.));
#2968=AXIS2_PLACEMENT_3D('',#2965,#2966,#2967);
#2969=CIRCLE('',#2968,0.25);
#2970=EDGE_CURVE('',#2964,#2531,#2969,.T.);
#2971=ORIENTED_EDGE('',*,*,#2970,.F.);
#2972=CARTESIAN_POINT('',(1411.444776535,-1891.156119539,1.));
#2973=VERTEX_POINT('',#2972);
#2974=CARTESIAN_POINT('',(1408.9,-1890.,1.));
#2975=DIRECTION('',(-0.,-0.,1.));
#2976=DIRECTION('',(-1.,0.,0.));
#2977=AXIS2_PLACEMENT_3D('',#2974,#2975,#2976);
#2978=CIRCLE('',#2977,2.795084972);
#2979=EDGE_CURVE('',#2973,#2964,#2978,.T.);
#2980=ORIENTED_EDGE('',*,*,#2979,.F.);
#2981=CARTESIAN_POINT('',(1411.4,-1891.36293249,1.));
#2982=VERTEX_POINT('',#2981);
#2983=CARTESIAN_POINT('',(1411.9,-1891.36293249,1.));
#2984=DIRECTION('',(0.,0.,-1.));
#2985=DIRECTION('',(-1.,0.,0.));
#2986=AXIS2_PLACEMENT_3D('',#2983,#2984,#2985);
#2987=CIRCLE('',#2986,0.5);
#2988=EDGE_CURVE('',#2982,#2973,#2987,.T.);
#2989=ORIENTED_EDGE('',*,*,#2988,.F.);
#2990=CARTESIAN_POINT('',(1411.4,-1892.5,1.));
#2991=DIRECTION('',(0.,1.,0.));
#2992=VECTOR('',#2991,1.13706751);
#2993=LINE('',#2990,#2992);
#2994=EDGE_CURVE('',#2803,#2982,#2993,.T.);
#2995=ORIENTED_EDGE('',*,*,#2994,.F.);
#2996=EDGE_LOOP('',(#2919,#2928,#2936,#2945,#2954,#2961,#2962,#2971,#2980,#2989,#2995));
#2997=FACE_BOUND('',#2996,.T.);
#2998=ADVANCED_FACE('',(#2997),#2918,.T.);
#2999=CARTESIAN_POINT('',(1411.4,-1891.875,3.4));
#3000=DIRECTION('',(-1.,0.,0.));
#3001=DIRECTION('',(0.,0.,1.));
#3002=AXIS2_PLACEMENT_3D('',#2999,#3000,#3001);
#3003=PLANE('',#3002);
#3004=ORIENTED_EDGE('',*,*,#2850,.F.);
#3005=ORIENTED_EDGE('',*,*,#2817,.T.);
#3006=ORIENTED_EDGE('',*,*,#2994,.T.);
#3007=CARTESIAN_POINT('',(1411.4,-1891.36293249,3.4));
#3008=DIRECTION('',(0.,0.,-1.));
#3009=VECTOR('',#3008,2.4);
#3010=LINE('',#3007,#3009);
#3011=EDGE_CURVE('',#2845,#2982,#3010,.T.);
#3012=ORIENTED_EDGE('',*,*,#3011,.F.);
#3013=EDGE_LOOP('',(#3004,#3005,#3006,#3012));
#3014=FACE_BOUND('',#3013,.T.);
#3015=ADVANCED_FACE('',(#3014),#3003,.F.);
#3016=CARTESIAN_POINT('',(1411.9,-1891.36293249,3.4));
#3017=DIRECTION('',(0.,0.,-1.));
#3018=DIRECTION('',(0.,-1.,0.));
#3019=AXIS2_PLACEMENT_3D('',#3016,#3017,#3018);
#3020=CYLINDRICAL_SURFACE('',#3019,0.5);
#3021=ORIENTED_EDGE('',*,*,#2859,.T.);
#3022=ORIENTED_EDGE('',*,*,#3011,.T.);
#3023=ORIENTED_EDGE('',*,*,#2988,.T.);
#3024=CARTESIAN_POINT('',(1411.444776535,-1891.156119539,1.));
#3025=DIRECTION('',(-0.,-0.,1.));
#3026=VECTOR('',#3025,2.4);
#3027=LINE('',#3024,#3026);
#3028=EDGE_CURVE('',#2973,#2853,#3027,.T.);
#3029=ORIENTED_EDGE('',*,*,#3028,.T.);
#3030=EDGE_LOOP('',(#3021,#3022,#3023,#3029));
#3031=FACE_BOUND('',#3030,.T.);
#3032=ADVANCED_FACE('',(#3031),#3020,.F.);
#3033=CARTESIAN_POINT('',(1408.9,-1890.,3.4));
#3034=DIRECTION('',(0.,0.,-1.));
#3035=DIRECTION('',(0.,-1.,0.));
#3036=AXIS2_PLACEMENT_3D('',#3033,#3034,#3035);
#3037=CYLINDRICAL_SURFACE('',#3036,2.795084972);
#3038=ORIENTED_EDGE('',*,*,#2979,.T.);
#3039=CARTESIAN_POINT('',(1411.681567612,-1890.274557137,3.4));
#3040=DIRECTION('',(0.,0.,-1.));
#3041=VECTOR('',#3040,2.4);
#3042=LINE('',#3039,#3041);
#3043=EDGE_CURVE('',#2862,#2964,#3042,.T.);
#3044=ORIENTED_EDGE('',*,*,#3043,.F.);
#3045=ORIENTED_EDGE('',*,*,#2868,.F.);
#3046=ORIENTED_EDGE('',*,*,#3028,.F.);
#3047=EDGE_LOOP('',(#3038,#3044,#3045,#3046));
#3048=FACE_BOUND('',#3047,.T.);
#3049=ADVANCED_FACE('',(#3048),#3037,.T.);
#3050=CARTESIAN_POINT('',(1411.432776641,-1890.25,3.4));
#3051=DIRECTION('',(0.,0.,-1.));
#3052=DIRECTION('',(0.,-1.,0.));
#3053=AXIS2_PLACEMENT_3D('',#3050,#3051,#3052);
#3054=CYLINDRICAL_SURFACE('',#3053,0.25);
#3055=ORIENTED_EDGE('',*,*,#2875,.T.);
#3056=ORIENTED_EDGE('',*,*,#3043,.T.);
#3057=ORIENTED_EDGE('',*,*,#2970,.T.);
#3058=ORIENTED_EDGE('',*,*,#2558,.T.);
#3059=EDGE_LOOP('',(#3055,#3056,#3057,#3058));
#3060=FACE_BOUND('',#3059,.T.);
#3061=ADVANCED_FACE('',(#3060),#3054,.T.);
#3062=CARTESIAN_POINT('',(1440.5,-1932.,2.4));
#3063=DIRECTION('',(-1.,0.,0.));
#3064=DIRECTION('',(0.,-1.,0.));
#3065=AXIS2_PLACEMENT_3D('',#3062,#3063,#3064);
#3066=PLANE('',#3065);
#3067=CARTESIAN_POINT('',(1440.5,-1924.376955262,1.4));
#3068=VERTEX_POINT('',#3067);
#3069=CARTESIAN_POINT('',(1440.5,-1922.9627417,0.4));
#3070=VERTEX_POINT('',#3069);
#3071=CARTESIAN_POINT('',(1440.5,-1924.376955262,1.4));
#3072=DIRECTION('',(0.,0.816496581,-0.577350269));
#3073=VECTOR('',#3072,1.732050807);
#3074=LINE('',#3071,#3073);
#3075=EDGE_CURVE('',#3068,#3070,#3074,.T.);
#3076=ORIENTED_EDGE('',*,*,#3075,.T.);
#3077=CARTESIAN_POINT('',(1440.5,-1941.0372583,0.4));
#3078=VERTEX_POINT('',#3077);
#3079=CARTESIAN_POINT('',(1440.5,-1922.9627417,0.4));
#3080=DIRECTION('',(0.,-1.,0.));
#3081=VECTOR('',#3080,18.0745166);
#3082=LINE('',#3079,#3081);
#3083=EDGE_CURVE('',#3070,#3078,#3082,.T.);
#3084=ORIENTED_EDGE('',*,*,#3083,.T.);
#3085=CARTESIAN_POINT('',(1440.5,-1939.623044738,1.4));
#3086=VERTEX_POINT('',#3085);
#3087=CARTESIAN_POINT('',(1440.5,-1941.0372583,0.4));
#3088=DIRECTION('',(0.,0.816496581,0.577350269));
#3089=VECTOR('',#3088,1.732050807);
#3090=LINE('',#3087,#3089);
#3091=EDGE_CURVE('',#3078,#3086,#3090,.T.);
#3092=ORIENTED_EDGE('',*,*,#3091,.T.);
#3093=CARTESIAN_POINT('',(1440.5,-1939.623044738,1.4));
#3094=DIRECTION('',(-0.,1.,-0.));
#3095=VECTOR('',#3094,15.246089476);
#3096=LINE('',#3093,#3095);
#3097=EDGE_CURVE('',#3086,#3068,#3096,.T.);
#3098=ORIENTED_EDGE('',*,*,#3097,.T.);
#3099=EDGE_LOOP('',(#3076,#3084,#3092,#3098));
#3100=FACE_BOUND('',#3099,.T.);
#3101=ADVANCED_FACE('',(#3100),#3066,.T.);
#3102=CARTESIAN_POINT('',(1440.5,-1932.,1.4));
#3103=DIRECTION('',(0.819231921,0.,-0.573462344));
#3104=DIRECTION('',(0.,1.,0.));
#3105=AXIS2_PLACEMENT_3D('',#3102,#3103,#3104);
#3106=PLANE('',#3105);
#3107=CARTESIAN_POINT('',(1441.2,-1938.923044738,2.4));
#3108=VERTEX_POINT('',#3107);
#3109=CARTESIAN_POINT('',(1441.2,-1938.923044738,2.4));
#3110=DIRECTION('',(-0.497468338,-0.497468338,-0.710669055));
#3111=VECTOR('',#3110,1.407124728);
#3112=LINE('',#3109,#3111);
#3113=EDGE_CURVE('',#3108,#3086,#3112,.T.);
#3114=ORIENTED_EDGE('',*,*,#3113,.F.);
#3115=CARTESIAN_POINT('',(1441.2,-1925.076955262,2.4));
#3116=VERTEX_POINT('',#3115);
#3117=CARTESIAN_POINT('',(1441.199999999,-1938.923044738,2.4));
#3118=DIRECTION('',(0.,1.,0.));
#3119=VECTOR('',#3118,13.846089476);
#3120=LINE('',#3117,#3119);
#3121=EDGE_CURVE('',#3108,#3116,#3120,.T.);
#3122=ORIENTED_EDGE('',*,*,#3121,.T.);
#3123=CARTESIAN_POINT('',(1440.5,-1924.376955262,1.4));
#3124=DIRECTION('',(0.497468338,-0.497468338,0.710669055));
#3125=VECTOR('',#3124,1.407124728);
#3126=LINE('',#3123,#3125);
#3127=EDGE_CURVE('',#3068,#3116,#3126,.T.);
#3128=ORIENTED_EDGE('',*,*,#3127,.F.);
#3129=ORIENTED_EDGE('',*,*,#3097,.F.);
#3130=EDGE_LOOP('',(#3114,#3122,#3128,#3129));
#3131=FACE_BOUND('',#3130,.T.);
#3132=ADVANCED_FACE('',(#3131),#3106,.F.);
#3133=CARTESIAN_POINT('',(1441.2,-1932.,6.8));
#3134=DIRECTION('',(-1.,0.,0.));
#3135=DIRECTION('',(0.,-1.,0.));
#3136=AXIS2_PLACEMENT_3D('',#3133,#3134,#3135);
#3137=PLANE('',#3136);
#3138=ORIENTED_EDGE('',*,*,#644,.F.);
#3139=CARTESIAN_POINT('',(1441.2,-1925.076955262,4.));
#3140=DIRECTION('',(-0.,-0.,-1.));
#3141=VECTOR('',#3140,1.6);
#3142=LINE('',#3139,#3141);
#3143=EDGE_CURVE('',#631,#3116,#3142,.T.);
#3144=ORIENTED_EDGE('',*,*,#3143,.T.);
#3145=ORIENTED_EDGE('',*,*,#3121,.F.);
#3146=CARTESIAN_POINT('',(1441.2,-1938.923044738,4.));
#3147=DIRECTION('',(-0.,-0.,-1.));
#3148=VECTOR('',#3147,1.6);
#3149=LINE('',#3146,#3148);
#3150=EDGE_CURVE('',#639,#3108,#3149,.T.);
#3151=ORIENTED_EDGE('',*,*,#3150,.F.);
#3152=EDGE_LOOP('',(#3138,#3144,#3145,#3151));
#3153=FACE_BOUND('',#3152,.T.);
#3154=ADVANCED_FACE('',(#3153),#3137,.T.);
#3155=CARTESIAN_POINT('',(1440.85,-1924.726955262,6.8));
#3156=DIRECTION('',(-0.707106781,-0.707106781,0.));
#3157=DIRECTION('',(0.707106781,-0.707106781,0.));
#3158=AXIS2_PLACEMENT_3D('',#3155,#3156,#3157);
#3159=PLANE('',#3158);
#3160=ORIENTED_EDGE('',*,*,#636,.F.);
#3161=CARTESIAN_POINT('',(1434.923044738,-1918.8,2.4));
#3162=VERTEX_POINT('',#3161);
#3163=CARTESIAN_POINT('',(1434.923044738,-1918.8,4.));
#3164=DIRECTION('',(-0.,-0.,-1.));
#3165=VECTOR('',#3164,1.6);
#3166=LINE('',#3163,#3165);
#3167=EDGE_CURVE('',#623,#3162,#3166,.T.);
#3168=ORIENTED_EDGE('',*,*,#3167,.T.);
#3169=CARTESIAN_POINT('',(1435.623044738,-1919.5,1.4));
#3170=VERTEX_POINT('',#3169);
#3171=CARTESIAN_POINT('',(1434.923044738,-1918.8,2.4));
#3172=DIRECTION('',(0.497468338,-0.497468338,-0.710669055));
#3173=VECTOR('',#3172,1.407124728);
#3174=LINE('',#3171,#3173);
#3175=EDGE_CURVE('',#3162,#3170,#3174,.T.);
#3176=ORIENTED_EDGE('',*,*,#3175,.T.);
#3177=CARTESIAN_POINT('',(1435.623044738,-1919.5,1.4));
#3178=DIRECTION('',(0.707106781,-0.707106781,0.));
#3179=VECTOR('',#3178,6.897056275);
#3180=LINE('',#3177,#3179);
#3181=EDGE_CURVE('',#3170,#3068,#3180,.T.);
#3182=ORIENTED_EDGE('',*,*,#3181,.T.);
#3183=ORIENTED_EDGE('',*,*,#3127,.T.);
#3184=ORIENTED_EDGE('',*,*,#3143,.F.);
#3185=EDGE_LOOP('',(#3160,#3168,#3176,#3182,#3183,#3184));
#3186=FACE_BOUND('',#3185,.T.);
#3187=ADVANCED_FACE('',(#3186),#3159,.T.);
#3188=CARTESIAN_POINT('',(1428.,-1944.5,2.4));
#3189=DIRECTION('',(0.,1.,0.));
#3190=DIRECTION('',(-1.,0.,0.));
#3191=AXIS2_PLACEMENT_3D('',#3188,#3189,#3190);
#3192=PLANE('',#3191);
#3193=CARTESIAN_POINT('',(1435.623044738,-1944.5,1.4));
#3194=VERTEX_POINT('',#3193);
#3195=CARTESIAN_POINT('',(1437.0372583,-1944.5,0.4));
#3196=VERTEX_POINT('',#3195);
#3197=CARTESIAN_POINT('',(1435.623044738,-1944.5,1.4));
#3198=DIRECTION('',(0.816496581,0.,-0.577350269));
#3199=VECTOR('',#3198,1.732050807);
#3200=LINE('',#3197,#3199);
#3201=EDGE_CURVE('',#3194,#3196,#3200,.T.);
#3202=ORIENTED_EDGE('',*,*,#3201,.T.);
#3203=CARTESIAN_POINT('',(1418.9627417,-1944.5,0.4));
#3204=VERTEX_POINT('',#3203);
#3205=CARTESIAN_POINT('',(1437.0372583,-1944.5,0.4));
#3206=DIRECTION('',(-1.,0.,0.));
#3207=VECTOR('',#3206,18.0745166);
#3208=LINE('',#3205,#3207);
#3209=EDGE_CURVE('',#3196,#3204,#3208,.T.);
#3210=ORIENTED_EDGE('',*,*,#3209,.T.);
#3211=CARTESIAN_POINT('',(1420.376955262,-1944.5,1.4));
#3212=VERTEX_POINT('',#3211);
#3213=CARTESIAN_POINT('',(1418.9627417,-1944.5,0.4));
#3214=DIRECTION('',(0.816496581,0.,0.577350269));
#3215=VECTOR('',#3214,1.732050807);
#3216=LINE('',#3213,#3215);
#3217=EDGE_CURVE('',#3204,#3212,#3216,.T.);
#3218=ORIENTED_EDGE('',*,*,#3217,.T.);
#3219=CARTESIAN_POINT('',(1420.376955262,-1944.5,1.4));
#3220=DIRECTION('',(1.,-0.,-0.));
#3221=VECTOR('',#3220,15.246089476);
#3222=LINE('',#3219,#3221);
#3223=EDGE_CURVE('',#3212,#3194,#3222,.T.);
#3224=ORIENTED_EDGE('',*,*,#3223,.T.);
#3225=EDGE_LOOP('',(#3202,#3210,#3218,#3224));
#3226=FACE_BOUND('',#3225,.T.);
#3227=ADVANCED_FACE('',(#3226),#3192,.T.);
#3228=CARTESIAN_POINT('',(1428.,-1944.5,1.4));
#3229=DIRECTION('',(0.,-0.819231921,-0.573462344));
#3230=DIRECTION('',(1.,0.,0.));
#3231=AXIS2_PLACEMENT_3D('',#3228,#3229,#3230);
#3232=PLANE('',#3231);
#3233=CARTESIAN_POINT('',(1421.076955262,-1945.2,2.4));
#3234=VERTEX_POINT('',#3233);
#3235=CARTESIAN_POINT('',(1421.076955262,-1945.2,2.4));
#3236=DIRECTION('',(-0.497468338,0.497468338,-0.710669055));
#3237=VECTOR('',#3236,1.407124728);
#3238=LINE('',#3235,#3237);
#3239=EDGE_CURVE('',#3234,#3212,#3238,.T.);
#3240=ORIENTED_EDGE('',*,*,#3239,.F.);
#3241=CARTESIAN_POINT('',(1434.923044738,-1945.2,2.4));
#3242=VERTEX_POINT('',#3241);
#3243=CARTESIAN_POINT('',(1421.076955262,-1945.199999999,2.4));
#3244=DIRECTION('',(1.,0.,-0.));
#3245=VECTOR('',#3244,13.846089476);
#3246=LINE('',#3243,#3245);
#3247=EDGE_CURVE('',#3234,#3242,#3246,.T.);
#3248=ORIENTED_EDGE('',*,*,#3247,.T.);
#3249=CARTESIAN_POINT('',(1435.623044738,-1944.5,1.4));
#3250=DIRECTION('',(-0.497468338,-0.497468338,0.710669055));
#3251=VECTOR('',#3250,1.407124728);
#3252=LINE('',#3249,#3251);
#3253=EDGE_CURVE('',#3194,#3242,#3252,.T.);
#3254=ORIENTED_EDGE('',*,*,#3253,.F.);
#3255=ORIENTED_EDGE('',*,*,#3223,.F.);
#3256=EDGE_LOOP('',(#3240,#3248,#3254,#3255));
#3257=FACE_BOUND('',#3256,.T.);
#3258=ADVANCED_FACE('',(#3257),#3232,.F.);
#3259=CARTESIAN_POINT('',(1428.,-1945.2,6.8));
#3260=DIRECTION('',(0.,1.,0.));
#3261=DIRECTION('',(-1.,0.,0.));
#3262=AXIS2_PLACEMENT_3D('',#3259,#3260,#3261);
#3263=PLANE('',#3262);
#3264=ORIENTED_EDGE('',*,*,#596,.F.);
#3265=CARTESIAN_POINT('',(1434.923044738,-1945.2,4.));
#3266=DIRECTION('',(-0.,-0.,-1.));
#3267=VECTOR('',#3266,1.6);
#3268=LINE('',#3265,#3267);
#3269=EDGE_CURVE('',#589,#3242,#3268,.T.);
#3270=ORIENTED_EDGE('',*,*,#3269,.T.);
#3271=ORIENTED_EDGE('',*,*,#3247,.F.);
#3272=CARTESIAN_POINT('',(1421.076955262,-1945.2,4.));
#3273=DIRECTION('',(-0.,-0.,-1.));
#3274=VECTOR('',#3273,1.6);
#3275=LINE('',#3272,#3274);
#3276=EDGE_CURVE('',#591,#3234,#3275,.T.);
#3277=ORIENTED_EDGE('',*,*,#3276,.F.);
#3278=EDGE_LOOP('',(#3264,#3270,#3271,#3277));
#3279=FACE_BOUND('',#3278,.T.);
#3280=ADVANCED_FACE('',(#3279),#3263,.T.);
#3281=CARTESIAN_POINT('',(1435.273044738,-1944.85,6.8));
#3282=DIRECTION('',(-0.707106781,0.707106781,0.));
#3283=DIRECTION('',(-0.707106781,-0.707106781,0.));
#3284=AXIS2_PLACEMENT_3D('',#3281,#3282,#3283);
#3285=PLANE('',#3284);
#3286=ORIENTED_EDGE('',*,*,#650,.F.);
#3287=ORIENTED_EDGE('',*,*,#3150,.T.);
#3288=ORIENTED_EDGE('',*,*,#3113,.T.);
#3289=CARTESIAN_POINT('',(1440.5,-1939.623044738,1.4));
#3290=DIRECTION('',(-0.707106781,-0.707106781,0.));
#3291=VECTOR('',#3290,6.897056275);
#3292=LINE('',#3289,#3291);
#3293=EDGE_CURVE('',#3086,#3194,#3292,.T.);
#3294=ORIENTED_EDGE('',*,*,#3293,.T.);
#3295=ORIENTED_EDGE('',*,*,#3253,.T.);
#3296=ORIENTED_EDGE('',*,*,#3269,.F.);
#3297=EDGE_LOOP('',(#3286,#3287,#3288,#3294,#3295,#3296));
#3298=FACE_BOUND('',#3297,.T.);
#3299=ADVANCED_FACE('',(#3298),#3285,.T.);
#3300=CARTESIAN_POINT('',(1415.5,-1932.,2.4));
#3301=DIRECTION('',(1.,0.,0.));
#3302=DIRECTION('',(0.,1.,0.));
#3303=AXIS2_PLACEMENT_3D('',#3300,#3301,#3302);
#3304=PLANE('',#3303);
#3305=CARTESIAN_POINT('',(1415.5,-1939.623044738,1.4));
#3306=VERTEX_POINT('',#3305);
#3307=CARTESIAN_POINT('',(1415.5,-1941.0372583,0.4));
#3308=VERTEX_POINT('',#3307);
#3309=CARTESIAN_POINT('',(1415.5,-1939.623044738,1.4));
#3310=DIRECTION('',(0.,-0.816496581,-0.577350269));
#3311=VECTOR('',#3310,1.732050807);
#3312=LINE('',#3309,#3311);
#3313=EDGE_CURVE('',#3306,#3308,#3312,.T.);
#3314=ORIENTED_EDGE('',*,*,#3313,.T.);
#3315=CARTESIAN_POINT('',(1415.5,-1922.9627417,0.4));
#3316=VERTEX_POINT('',#3315);
#3317=CARTESIAN_POINT('',(1415.5,-1941.0372583,0.4));
#3318=DIRECTION('',(0.,1.,0.));
#3319=VECTOR('',#3318,18.0745166);
#3320=LINE('',#3317,#3319);
#3321=EDGE_CURVE('',#3308,#3316,#3320,.T.);
#3322=ORIENTED_EDGE('',*,*,#3321,.T.);
#3323=CARTESIAN_POINT('',(1415.5,-1924.376955262,1.4));
#3324=VERTEX_POINT('',#3323);
#3325=CARTESIAN_POINT('',(1415.5,-1922.9627417,0.4));
#3326=DIRECTION('',(0.,-0.816496581,0.577350269));
#3327=VECTOR('',#3326,1.732050807);
#3328=LINE('',#3325,#3327);
#3329=EDGE_CURVE('',#3316,#3324,#3328,.T.);
#3330=ORIENTED_EDGE('',*,*,#3329,.T.);
#3331=CARTESIAN_POINT('',(1415.5,-1924.376955262,1.4));
#3332=DIRECTION('',(-0.,-1.,-0.));
#3333=VECTOR('',#3332,15.246089476);
#3334=LINE('',#3331,#3333);
#3335=EDGE_CURVE('',#3324,#3306,#3334,.T.);
#3336=ORIENTED_EDGE('',*,*,#3335,.T.);
#3337=EDGE_LOOP('',(#3314,#3322,#3330,#3336));
#3338=FACE_BOUND('',#3337,.T.);
#3339=ADVANCED_FACE('',(#3338),#3304,.T.);
#3340=CARTESIAN_POINT('',(1415.5,-1932.,1.4));
#3341=DIRECTION('',(-0.819231921,0.,-0.573462344));
#3342=DIRECTION('',(0.,-1.,0.));
#3343=AXIS2_PLACEMENT_3D('',#3340,#3341,#3342);
#3344=PLANE('',#3343);
#3345=CARTESIAN_POINT('',(1414.8,-1925.076955262,2.4));
#3346=VERTEX_POINT('',#3345);
#3347=CARTESIAN_POINT('',(1414.8,-1925.076955262,2.4));
#3348=DIRECTION('',(0.497468338,0.497468338,-0.710669055));
#3349=VECTOR('',#3348,1.407124728);
#3350=LINE('',#3347,#3349);
#3351=EDGE_CURVE('',#3346,#3324,#3350,.T.);
#3352=ORIENTED_EDGE('',*,*,#3351,.F.);
#3353=CARTESIAN_POINT('',(1414.8,-1938.923044738,2.4));
#3354=VERTEX_POINT('',#3353);
#3355=CARTESIAN_POINT('',(1414.800000001,-1925.076955262,2.4));
#3356=DIRECTION('',(0.,-1.,0.));
#3357=VECTOR('',#3356,13.846089476);
#3358=LINE('',#3355,#3357);
#3359=EDGE_CURVE('',#3346,#3354,#3358,.T.);
#3360=ORIENTED_EDGE('',*,*,#3359,.T.);
#3361=CARTESIAN_POINT('',(1415.5,-1939.623044738,1.4));
#3362=DIRECTION('',(-0.497468338,0.497468338,0.710669055));
#3363=VECTOR('',#3362,1.407124728);
#3364=LINE('',#3361,#3363);
#3365=EDGE_CURVE('',#3306,#3354,#3364,.T.);
#3366=ORIENTED_EDGE('',*,*,#3365,.F.);
#3367=ORIENTED_EDGE('',*,*,#3335,.F.);
#3368=EDGE_LOOP('',(#3352,#3360,#3366,#3367));
#3369=FACE_BOUND('',#3368,.T.);
#3370=ADVANCED_FACE('',(#3369),#3344,.F.);
#3371=CARTESIAN_POINT('',(1414.8,-1932.,6.8));
#3372=DIRECTION('',(1.,0.,0.));
#3373=DIRECTION('',(0.,1.,0.));
#3374=AXIS2_PLACEMENT_3D('',#3371,#3372,#3373);
#3375=PLANE('',#3374);
#3376=ORIENTED_EDGE('',*,*,#612,.F.);
#3377=CARTESIAN_POINT('',(1414.8,-1938.923044738,4.));
#3378=DIRECTION('',(-0.,-0.,-1.));
#3379=VECTOR('',#3378,1.6);
#3380=LINE('',#3377,#3379);
#3381=EDGE_CURVE('',#599,#3354,#3380,.T.);
#3382=ORIENTED_EDGE('',*,*,#3381,.T.);
#3383=ORIENTED_EDGE('',*,*,#3359,.F.);
#3384=CARTESIAN_POINT('',(1414.8,-1925.076955262,4.));
#3385=DIRECTION('',(-0.,-0.,-1.));
#3386=VECTOR('',#3385,1.6);
#3387=LINE('',#3384,#3386);
#3388=EDGE_CURVE('',#607,#3346,#3387,.T.);
#3389=ORIENTED_EDGE('',*,*,#3388,.F.);
#3390=EDGE_LOOP('',(#3376,#3382,#3383,#3389));
#3391=FACE_BOUND('',#3390,.T.);
#3392=ADVANCED_FACE('',(#3391),#3375,.T.);
#3393=CARTESIAN_POINT('',(1415.15,-1939.273044738,6.8));
#3394=DIRECTION('',(0.707106781,0.707106781,0.));
#3395=DIRECTION('',(-0.707106781,0.707106781,0.));
#3396=AXIS2_PLACEMENT_3D('',#3393,#3394,#3395);
#3397=PLANE('',#3396);
#3398=ORIENTED_EDGE('',*,*,#604,.F.);
#3399=ORIENTED_EDGE('',*,*,#3276,.T.);
#3400=ORIENTED_EDGE('',*,*,#3239,.T.);
#3401=CARTESIAN_POINT('',(1420.376955262,-1944.5,1.4));
#3402=DIRECTION('',(-0.707106781,0.707106781,0.));
#3403=VECTOR('',#3402,6.897056275);
#3404=LINE('',#3401,#3403);
#3405=EDGE_CURVE('',#3212,#3306,#3404,.T.);
#3406=ORIENTED_EDGE('',*,*,#3405,.T.);
#3407=ORIENTED_EDGE('',*,*,#3365,.T.);
#3408=ORIENTED_EDGE('',*,*,#3381,.F.);
#3409=EDGE_LOOP('',(#3398,#3399,#3400,#3406,#3407,#3408));
#3410=FACE_BOUND('',#3409,.T.);
#3411=ADVANCED_FACE('',(#3410),#3397,.T.);
#3412=CARTESIAN_POINT('',(1428.,-1919.5,2.4));
#3413=DIRECTION('',(0.,-1.,0.));
#3414=DIRECTION('',(1.,0.,0.));
#3415=AXIS2_PLACEMENT_3D('',#3412,#3413,#3414);
#3416=PLANE('',#3415);
#3417=CARTESIAN_POINT('',(1420.376955262,-1919.5,1.4));
#3418=VERTEX_POINT('',#3417);
#3419=CARTESIAN_POINT('',(1418.9627417,-1919.5,0.4));
#3420=VERTEX_POINT('',#3419);
#3421=CARTESIAN_POINT('',(1420.376955262,-1919.5,1.4));
#3422=DIRECTION('',(-0.816496581,0.,-0.577350269));
#3423=VECTOR('',#3422,1.732050807);
#3424=LINE('',#3421,#3423);
#3425=EDGE_CURVE('',#3418,#3420,#3424,.T.);
#3426=ORIENTED_EDGE('',*,*,#3425,.T.);
#3427=CARTESIAN_POINT('',(1437.0372583,-1919.5,0.4));
#3428=VERTEX_POINT('',#3427);
#3429=CARTESIAN_POINT('',(1418.9627417,-1919.5,0.4));
#3430=DIRECTION('',(1.,0.,-0.));
#3431=VECTOR('',#3430,18.0745166);
#3432=LINE('',#3429,#3431);
#3433=EDGE_CURVE('',#3420,#3428,#3432,.T.);
#3434=ORIENTED_EDGE('',*,*,#3433,.T.);
#3435=CARTESIAN_POINT('',(1437.0372583,-1919.5,0.4));
#3436=DIRECTION('',(-0.816496581,0.,0.577350269));
#3437=VECTOR('',#3436,1.732050807);
#3438=LINE('',#3435,#3437);
#3439=EDGE_CURVE('',#3428,#3170,#3438,.T.);
#3440=ORIENTED_EDGE('',*,*,#3439,.T.);
#3441=CARTESIAN_POINT('',(1435.623044738,-1919.5,1.4));
#3442=DIRECTION('',(-1.,-0.,0.));
#3443=VECTOR('',#3442,15.246089476);
#3444=LINE('',#3441,#3443);
#3445=EDGE_CURVE('',#3170,#3418,#3444,.T.);
#3446=ORIENTED_EDGE('',*,*,#3445,.T.);
#3447=EDGE_LOOP('',(#3426,#3434,#3440,#3446));
#3448=FACE_BOUND('',#3447,.T.);
#3449=ADVANCED_FACE('',(#3448),#3416,.T.);
#3450=CARTESIAN_POINT('',(1428.,-1919.5,1.4));
#3451=DIRECTION('',(0.,0.819231921,-0.573462344));
#3452=DIRECTION('',(-1.,0.,0.));
#3453=AXIS2_PLACEMENT_3D('',#3450,#3451,#3452);
#3454=PLANE('',#3453);
#3455=ORIENTED_EDGE('',*,*,#3175,.F.);
#3456=CARTESIAN_POINT('',(1421.076955262,-1918.8,2.4));
#3457=VERTEX_POINT('',#3456);
#3458=CARTESIAN_POINT('',(1434.923044738,-1918.800000001,2.4));
#3459=DIRECTION('',(-1.,0.,0.));
#3460=VECTOR('',#3459,13.846089476);
#3461=LINE('',#3458,#3460);
#3462=EDGE_CURVE('',#3162,#3457,#3461,.T.);
#3463=ORIENTED_EDGE('',*,*,#3462,.T.);
#3464=CARTESIAN_POINT('',(1420.376955262,-1919.5,1.4));
#3465=DIRECTION('',(0.497468338,0.497468338,0.710669055));
#3466=VECTOR('',#3465,1.407124728);
#3467=LINE('',#3464,#3466);
#3468=EDGE_CURVE('',#3418,#3457,#3467,.T.);
#3469=ORIENTED_EDGE('',*,*,#3468,.F.);
#3470=ORIENTED_EDGE('',*,*,#3445,.F.);
#3471=EDGE_LOOP('',(#3455,#3463,#3469,#3470));
#3472=FACE_BOUND('',#3471,.T.);
#3473=ADVANCED_FACE('',(#3472),#3454,.F.);
#3474=CARTESIAN_POINT('',(1428.,-1918.8,6.8));
#3475=DIRECTION('',(0.,-1.,0.));
#3476=DIRECTION('',(1.,0.,0.));
#3477=AXIS2_PLACEMENT_3D('',#3474,#3475,#3476);
#3478=PLANE('',#3477);
#3479=ORIENTED_EDGE('',*,*,#628,.F.);
#3480=CARTESIAN_POINT('',(1421.076955262,-1918.8,4.));
#3481=DIRECTION('',(-0.,-0.,-1.));
#3482=VECTOR('',#3481,1.6);
#3483=LINE('',#3480,#3482);
#3484=EDGE_CURVE('',#615,#3457,#3483,.T.);
#3485=ORIENTED_EDGE('',*,*,#3484,.T.);
#3486=ORIENTED_EDGE('',*,*,#3462,.F.);
#3487=ORIENTED_EDGE('',*,*,#3167,.F.);
#3488=EDGE_LOOP('',(#3479,#3485,#3486,#3487));
#3489=FACE_BOUND('',#3488,.T.);
#3490=ADVANCED_FACE('',(#3489),#3478,.T.);
#3491=CARTESIAN_POINT('',(1420.726955262,-1919.15,6.8));
#3492=DIRECTION('',(0.707106781,-0.707106781,0.));
#3493=DIRECTION('',(0.707106781,0.707106781,0.));
#3494=AXIS2_PLACEMENT_3D('',#3491,#3492,#3493);
#3495=PLANE('',#3494);
#3496=ORIENTED_EDGE('',*,*,#620,.F.);
#3497=ORIENTED_EDGE('',*,*,#3388,.T.);
#3498=ORIENTED_EDGE('',*,*,#3351,.T.);
#3499=CARTESIAN_POINT('',(1415.5,-1924.376955262,1.4));
#3500=DIRECTION('',(0.707106781,0.707106781,0.));
#3501=VECTOR('',#3500,6.897056275);
#3502=LINE('',#3499,#3501);
#3503=EDGE_CURVE('',#3324,#3418,#3502,.T.);
#3504=ORIENTED_EDGE('',*,*,#3503,.T.);
#3505=ORIENTED_EDGE('',*,*,#3468,.T.);
#3506=ORIENTED_EDGE('',*,*,#3484,.F.);
#3507=EDGE_LOOP('',(#3496,#3497,#3498,#3504,#3505,#3506));
#3508=FACE_BOUND('',#3507,.T.);
#3509=ADVANCED_FACE('',(#3508),#3495,.T.);
#3510=CARTESIAN_POINT('',(1442.,-1932.,6.8));
#3511=DIRECTION('',(-1.,0.,0.));
#3512=DIRECTION('',(0.,-1.,0.));
#3513=AXIS2_PLACEMENT_3D('',#3510,#3511,#3512);
#3514=PLANE('',#3513);
#3515=CARTESIAN_POINT('',(1442.,-1920.567223359,3.4));
#3516=VERTEX_POINT('',#3515);
#3517=CARTESIAN_POINT('',(1442.,-1915.432776641,3.4));
#3518=VERTEX_POINT('',#3517);
#3519=CARTESIAN_POINT('',(1442.,-1920.567223359,3.4));
#3520=DIRECTION('',(-0.,1.,-0.));
#3521=VECTOR('',#3520,5.134446718);
#3522=LINE('',#3519,#3521);
#3523=EDGE_CURVE('',#3516,#3518,#3522,.T.);
#3524=ORIENTED_EDGE('',*,*,#3523,.T.);
#3525=CARTESIAN_POINT('',(1442.,-1915.432776641,1.));
#3526=VERTEX_POINT('',#3525);
#3527=CARTESIAN_POINT('',(1442.,-1915.432776641,1.));
#3528=DIRECTION('',(-0.,-0.,1.));
#3529=VECTOR('',#3528,2.4);
#3530=LINE('',#3527,#3529);
#3531=EDGE_CURVE('',#3526,#3518,#3530,.T.);
#3532=ORIENTED_EDGE('',*,*,#3531,.F.);
#3533=CARTESIAN_POINT('',(1442.,-1920.567223359,1.));
#3534=VERTEX_POINT('',#3533);
#3535=CARTESIAN_POINT('',(1442.,-1920.567223359,1.));
#3536=DIRECTION('',(0.,1.,0.));
#3537=VECTOR('',#3536,5.134446718);
#3538=LINE('',#3535,#3537);
#3539=EDGE_CURVE('',#3534,#3526,#3538,.T.);
#3540=ORIENTED_EDGE('',*,*,#3539,.F.);
#3541=CARTESIAN_POINT('',(1442.,-1920.567223359,3.4));
#3542=DIRECTION('',(0.,0.,-1.));
#3543=VECTOR('',#3542,2.4);
#3544=LINE('',#3541,#3543);
#3545=EDGE_CURVE('',#3516,#3534,#3544,.T.);
#3546=ORIENTED_EDGE('',*,*,#3545,.F.);
#3547=EDGE_LOOP('',(#3524,#3532,#3540,#3546));
#3548=FACE_BOUND('',#3547,.T.);
#3549=CARTESIAN_POINT('',(1442.,-1894.2,-0.));
#3550=DIRECTION('',(0.,0.,1.));
#3551=VECTOR('',#3550,4.);
#3552=LINE('',#3549,#3551);
#3553=EDGE_CURVE('',#35,#380,#3552,.T.);
#3554=ORIENTED_EDGE('',*,*,#3553,.T.);
#3555=ORIENTED_EDGE('',*,*,#441,.T.);
#3556=CARTESIAN_POINT('',(1442.,-1941.8,4.));
#3557=DIRECTION('',(-0.,-0.,-1.));
#3558=VECTOR('',#3557,4.);
#3559=LINE('',#3556,#3558);
#3560=EDGE_CURVE('',#430,#43,#3559,.T.);
#3561=ORIENTED_EDGE('',*,*,#3560,.T.);
#3562=ORIENTED_EDGE('',*,*,#48,.T.);
#3563=EDGE_LOOP('',(#3554,#3555,#3561,#3562));
#3564=FACE_BOUND('',#3563,.T.);
#3565=ADVANCED_FACE('',(#3548,#3564),#3514,.F.);
#3566=CARTESIAN_POINT('',(1416.948528137,-1920.948528137,0.));
#3567=DIRECTION('',(0.5,-0.5,-0.707106781));
#3568=DIRECTION('',(0.707106781,0.707106781,0.));
#3569=AXIS2_PLACEMENT_3D('',#3566,#3567,#3568);
#3570=PLANE('',#3569);
#3571=ORIENTED_EDGE('',*,*,#3425,.F.);
#3572=ORIENTED_EDGE('',*,*,#3503,.F.);
#3573=ORIENTED_EDGE('',*,*,#3329,.F.);
#3574=CARTESIAN_POINT('',(1415.5,-1922.9627417,0.4));
#3575=DIRECTION('',(-0.678598344,0.281084638,-0.678598345));
#3576=VECTOR('',#3575,0.589450303);
#3577=LINE('',#3574,#3576);
#3578=EDGE_CURVE('',#3316,#252,#3577,.T.);
#3579=ORIENTED_EDGE('',*,*,#3578,.T.);
#3580=ORIENTED_EDGE('',*,*,#257,.F.);
#3581=CARTESIAN_POINT('',(1418.797056275,-1919.1,0.));
#3582=DIRECTION('',(0.281084638,-0.678598344,0.678598345));
#3583=VECTOR('',#3582,0.589450303);
#3584=LINE('',#3581,#3583);
#3585=EDGE_CURVE('',#244,#3420,#3584,.T.);
#3586=ORIENTED_EDGE('',*,*,#3585,.T.);
#3587=EDGE_LOOP('',(#3571,#3572,#3573,#3579,#3580,#3586));
#3588=FACE_BOUND('',#3587,.T.);
#3589=ADVANCED_FACE('',(#3588),#3570,.T.);
#3590=CARTESIAN_POINT('',(1416.948528137,-1943.051471863,0.));
#3591=DIRECTION('',(0.5,0.5,-0.707106781));
#3592=DIRECTION('',(-0.707106781,0.707106781,0.));
#3593=AXIS2_PLACEMENT_3D('',#3590,#3591,#3592);
#3594=PLANE('',#3593);
#3595=ORIENTED_EDGE('',*,*,#3313,.F.);
#3596=ORIENTED_EDGE('',*,*,#3405,.F.);
#3597=ORIENTED_EDGE('',*,*,#3217,.F.);
#3598=CARTESIAN_POINT('',(1418.9627417,-1944.5,0.4));
#3599=DIRECTION('',(-0.281084638,-0.678598344,-0.678598345));
#3600=VECTOR('',#3599,0.589450303);
#3601=LINE('',#3598,#3600);
#3602=EDGE_CURVE('',#3204,#268,#3601,.T.);
#3603=ORIENTED_EDGE('',*,*,#3602,.T.);
#3604=ORIENTED_EDGE('',*,*,#273,.F.);
#3605=CARTESIAN_POINT('',(1415.1,-1941.202943725,0.));
#3606=DIRECTION('',(0.678598344,0.281084638,0.678598345));
#3607=VECTOR('',#3606,0.589450303);
#3608=LINE('',#3605,#3607);
#3609=EDGE_CURVE('',#260,#3308,#3608,.T.);
#3610=ORIENTED_EDGE('',*,*,#3609,.T.);
#3611=EDGE_LOOP('',(#3595,#3596,#3597,#3603,#3604,#3610));
#3612=FACE_BOUND('',#3611,.T.);
#3613=ADVANCED_FACE('',(#3612),#3594,.T.);
#3614=CARTESIAN_POINT('',(1439.051471863,-1943.051471863,0.));
#3615=DIRECTION('',(-0.5,0.5,-0.707106781));
#3616=DIRECTION('',(-0.707106781,-0.707106781,0.));
#3617=AXIS2_PLACEMENT_3D('',#3614,#3615,#3616);
#3618=PLANE('',#3617);
#3619=ORIENTED_EDGE('',*,*,#3201,.F.);
#3620=ORIENTED_EDGE('',*,*,#3293,.F.);
#3621=ORIENTED_EDGE('',*,*,#3091,.F.);
#3622=CARTESIAN_POINT('',(1440.5,-1941.0372583,0.4));
#3623=DIRECTION('',(0.678598344,-0.281084638,-0.678598345));
#3624=VECTOR('',#3623,0.589450303);
#3625=LINE('',#3622,#3624);
#3626=EDGE_CURVE('',#3078,#284,#3625,.T.);
#3627=ORIENTED_EDGE('',*,*,#3626,.T.);
#3628=ORIENTED_EDGE('',*,*,#289,.F.);
#3629=CARTESIAN_POINT('',(1437.202943725,-1944.9,0.));
#3630=DIRECTION('',(-0.281084638,0.678598344,0.678598345));
#3631=VECTOR('',#3630,0.589450303);
#3632=LINE('',#3629,#3631);
#3633=EDGE_CURVE('',#276,#3196,#3632,.T.);
#3634=ORIENTED_EDGE('',*,*,#3633,.T.);
#3635=EDGE_LOOP('',(#3619,#3620,#3621,#3627,#3628,#3634));
#3636=FACE_BOUND('',#3635,.T.);
#3637=ADVANCED_FACE('',(#3636),#3618,.T.);
#3638=CARTESIAN_POINT('',(1439.051471863,-1920.948528137,0.));
#3639=DIRECTION('',(-0.5,-0.5,-0.707106781));
#3640=DIRECTION('',(0.707106781,-0.707106781,0.));
#3641=AXIS2_PLACEMENT_3D('',#3638,#3639,#3640);
#3642=PLANE('',#3641);
#3643=ORIENTED_EDGE('',*,*,#3075,.F.);
#3644=ORIENTED_EDGE('',*,*,#3181,.F.);
#3645=ORIENTED_EDGE('',*,*,#3439,.F.);
#3646=CARTESIAN_POINT('',(1437.0372583,-1919.5,0.4));
#3647=DIRECTION('',(0.281084638,0.678598344,-0.678598345));
#3648=VECTOR('',#3647,0.589450303);
#3649=LINE('',#3646,#3648);
#3650=EDGE_CURVE('',#3428,#242,#3649,.T.);
#3651=ORIENTED_EDGE('',*,*,#3650,.T.);
#3652=ORIENTED_EDGE('',*,*,#303,.F.);
#3653=CARTESIAN_POINT('',(1440.9,-1922.797056275,0.));
#3654=DIRECTION('',(-0.678598344,-0.281084638,0.678598345));
#3655=VECTOR('',#3654,0.589450303);
#3656=LINE('',#3653,#3655);
#3657=EDGE_CURVE('',#292,#3070,#3656,.T.);
#3658=ORIENTED_EDGE('',*,*,#3657,.T.);
#3659=EDGE_LOOP('',(#3643,#3644,#3645,#3651,#3652,#3658));
#3660=FACE_BOUND('',#3659,.T.);
#3661=ADVANCED_FACE('',(#3660),#3642,.T.);
#3662=CARTESIAN_POINT('',(1428.,-1919.1,0.));
#3663=DIRECTION('',(0.,-0.707106781,-0.707106781));
#3664=DIRECTION('',(1.,0.,0.));
#3665=AXIS2_PLACEMENT_3D('',#3662,#3663,#3664);
#3666=PLANE('',#3665);
#3667=ORIENTED_EDGE('',*,*,#3650,.F.);
#3668=ORIENTED_EDGE('',*,*,#3433,.F.);
#3669=ORIENTED_EDGE('',*,*,#3585,.F.);
#3670=ORIENTED_EDGE('',*,*,#249,.F.);
#3671=EDGE_LOOP('',(#3667,#3668,#3669,#3670));
#3672=FACE_BOUND('',#3671,.T.);
#3673=ADVANCED_FACE('',(#3672),#3666,.T.);
#3674=CARTESIAN_POINT('',(1440.9,-1932.,0.));
#3675=DIRECTION('',(-0.707106781,0.,-0.707106781));
#3676=DIRECTION('',(0.,-1.,0.));
#3677=AXIS2_PLACEMENT_3D('',#3674,#3675,#3676);
#3678=PLANE('',#3677);
#3679=ORIENTED_EDGE('',*,*,#3626,.F.);
#3680=ORIENTED_EDGE('',*,*,#3083,.F.);
#3681=ORIENTED_EDGE('',*,*,#3657,.F.);
#3682=ORIENTED_EDGE('',*,*,#297,.F.);
#3683=EDGE_LOOP('',(#3679,#3680,#3681,#3682));
#3684=FACE_BOUND('',#3683,.T.);
#3685=ADVANCED_FACE('',(#3684),#3678,.T.);
#3686=CARTESIAN_POINT('',(1415.1,-1932.,0.));
#3687=DIRECTION('',(0.707106781,0.,-0.707106781));
#3688=DIRECTION('',(0.,1.,0.));
#3689=AXIS2_PLACEMENT_3D('',#3686,#3687,#3688);
#3690=PLANE('',#3689);
#3691=ORIENTED_EDGE('',*,*,#3578,.F.);
#3692=ORIENTED_EDGE('',*,*,#3321,.F.);
#3693=ORIENTED_EDGE('',*,*,#3609,.F.);
#3694=ORIENTED_EDGE('',*,*,#265,.F.);
#3695=EDGE_LOOP('',(#3691,#3692,#3693,#3694));
#3696=FACE_BOUND('',#3695,.T.);
#3697=ADVANCED_FACE('',(#3696),#3690,.T.);
#3698=CARTESIAN_POINT('',(1428.,-1944.9,0.));
#3699=DIRECTION('',(0.,0.707106781,-0.707106781));
#3700=DIRECTION('',(-1.,0.,0.));
#3701=AXIS2_PLACEMENT_3D('',#3698,#3699,#3700);
#3702=PLANE('',#3701);
#3703=ORIENTED_EDGE('',*,*,#3602,.F.);
#3704=ORIENTED_EDGE('',*,*,#3209,.F.);
#3705=ORIENTED_EDGE('',*,*,#3633,.F.);
#3706=ORIENTED_EDGE('',*,*,#281,.F.);
#3707=EDGE_LOOP('',(#3703,#3704,#3705,#3706));
#3708=FACE_BOUND('',#3707,.T.);
#3709=ADVANCED_FACE('',(#3708),#3702,.T.);
#3710=CARTESIAN_POINT('',(1442.,-1941.8,6.8));
#3711=DIRECTION('',(-0.707106781,0.707106781,0.));
#3712=DIRECTION('',(0.,0.,-1.));
#3713=AXIS2_PLACEMENT_3D('',#3710,#3711,#3712);
#3714=PLANE('',#3713);
#3715=ORIENTED_EDGE('',*,*,#435,.F.);
#3716=ORIENTED_EDGE('',*,*,#1212,.F.);
#3717=ORIENTED_EDGE('',*,*,#56,.F.);
#3718=ORIENTED_EDGE('',*,*,#3560,.F.);
#3719=EDGE_LOOP('',(#3715,#3716,#3717,#3718));
#3720=FACE_BOUND('',#3719,.T.);
#3721=ADVANCED_FACE('',(#3720),#3714,.F.);
#3722=CARTESIAN_POINT('',(1416.6,-1944.125,3.4));
#3723=DIRECTION('',(1.,0.,0.));
#3724=DIRECTION('',(0.,0.,1.));
#3725=AXIS2_PLACEMENT_3D('',#3722,#3723,#3724);
#3726=PLANE('',#3725);
#3727=ORIENTED_EDGE('',*,*,#1534,.F.);
#3728=ORIENTED_EDGE('',*,*,#1467,.T.);
#3729=ORIENTED_EDGE('',*,*,#1601,.T.);
#3730=CARTESIAN_POINT('',(1416.6,-1944.63706751,3.4));
#3731=DIRECTION('',(0.,0.,-1.));
#3732=VECTOR('',#3731,2.4);
#3733=LINE('',#3730,#3732);
#3734=EDGE_CURVE('',#1529,#1589,#3733,.T.);
#3735=ORIENTED_EDGE('',*,*,#3734,.F.);
#3736=EDGE_LOOP('',(#3727,#3728,#3729,#3735));
#3737=FACE_BOUND('',#3736,.T.);
#3738=ADVANCED_FACE('',(#3737),#3726,.F.);
#3739=CARTESIAN_POINT('',(1416.1,-1944.63706751,3.4));
#3740=DIRECTION('',(0.,0.,-1.));
#3741=DIRECTION('',(0.,1.,0.));
#3742=AXIS2_PLACEMENT_3D('',#3739,#3740,#3741);
#3743=CYLINDRICAL_SURFACE('',#3742,0.5);
#3744=ORIENTED_EDGE('',*,*,#1543,.T.);
#3745=ORIENTED_EDGE('',*,*,#3734,.T.);
#3746=ORIENTED_EDGE('',*,*,#1595,.T.);
#3747=CARTESIAN_POINT('',(1416.555223465,-1944.843880461,1.));
#3748=DIRECTION('',(-0.,-0.,1.));
#3749=VECTOR('',#3748,2.4);
#3750=LINE('',#3747,#3749);
#3751=EDGE_CURVE('',#1580,#1537,#3750,.T.);
#3752=ORIENTED_EDGE('',*,*,#3751,.T.);
#3753=EDGE_LOOP('',(#3744,#3745,#3746,#3752));
#3754=FACE_BOUND('',#3753,.T.);
#3755=ADVANCED_FACE('',(#3754),#3743,.F.);
#3756=CARTESIAN_POINT('',(1419.1,-1946.,3.4));
#3757=DIRECTION('',(0.,0.,-1.));
#3758=DIRECTION('',(0.,1.,0.));
#3759=AXIS2_PLACEMENT_3D('',#3756,#3757,#3758);
#3760=CYLINDRICAL_SURFACE('',#3759,2.795084972);
#3761=ORIENTED_EDGE('',*,*,#1586,.T.);
#3762=CARTESIAN_POINT('',(1416.318432388,-1945.725442863,3.4));
#3763=DIRECTION('',(0.,0.,-1.));
#3764=VECTOR('',#3763,2.4);
#3765=LINE('',#3762,#3764);
#3766=EDGE_CURVE('',#1546,#1571,#3765,.T.);
#3767=ORIENTED_EDGE('',*,*,#3766,.F.);
#3768=ORIENTED_EDGE('',*,*,#1552,.F.);
#3769=ORIENTED_EDGE('',*,*,#3751,.F.);
#3770=EDGE_LOOP('',(#3761,#3767,#3768,#3769));
#3771=FACE_BOUND('',#3770,.T.);
#3772=ADVANCED_FACE('',(#3771),#3760,.T.);
#3773=CARTESIAN_POINT('',(1416.567223359,-1945.75,3.4));
#3774=DIRECTION('',(0.,0.,-1.));
#3775=DIRECTION('',(0.,1.,0.));
#3776=AXIS2_PLACEMENT_3D('',#3773,#3774,#3775);
#3777=CYLINDRICAL_SURFACE('',#3776,0.25);
#3778=ORIENTED_EDGE('',*,*,#1559,.T.);
#3779=ORIENTED_EDGE('',*,*,#3766,.T.);
#3780=ORIENTED_EDGE('',*,*,#1577,.T.);
#3781=ORIENTED_EDGE('',*,*,#1190,.T.);
#3782=EDGE_LOOP('',(#3778,#3779,#3780,#3781));
#3783=FACE_BOUND('',#3782,.T.);
#3784=ADVANCED_FACE('',(#3783),#3777,.T.);
#3785=CARTESIAN_POINT('',(1439.5,-1918.,3.4));
#3786=DIRECTION('',(0.,0.,-1.));
#3787=DIRECTION('',(-1.,0.,0.));
#3788=AXIS2_PLACEMENT_3D('',#3785,#3786,#3787);
#3789=CYLINDRICAL_SURFACE('',#3788,2.6);
#3790=CARTESIAN_POINT('',(1436.9,-1918.,1.));
#3791=VERTEX_POINT('',#3790);
#3792=CARTESIAN_POINT('',(1436.9,-1918.,3.4));
#3793=VERTEX_POINT('',#3792);
#3794=CARTESIAN_POINT('',(1436.9,-1918.,1.));
#3795=DIRECTION('',(-0.,-0.,1.));
#3796=VECTOR('',#3795,2.4);
#3797=LINE('',#3794,#3796);
#3798=EDGE_CURVE('',#3791,#3793,#3797,.T.);
#3799=ORIENTED_EDGE('',*,*,#3798,.F.);
#3800=CARTESIAN_POINT('',(1439.5,-1915.4,1.));
#3801=VERTEX_POINT('',#3800);
#3802=CARTESIAN_POINT('',(1439.5,-1918.,1.));
#3803=DIRECTION('',(-0.,-0.,1.));
#3804=DIRECTION('',(-1.,0.,0.));
#3805=AXIS2_PLACEMENT_3D('',#3802,#3803,#3804);
#3806=CIRCLE('',#3805,2.6);
#3807=EDGE_CURVE('',#3801,#3791,#3806,.T.);
#3808=ORIENTED_EDGE('',*,*,#3807,.F.);
#3809=CARTESIAN_POINT('',(1439.5,-1915.4,3.4));
#3810=VERTEX_POINT('',#3809);
#3811=CARTESIAN_POINT('',(1439.5,-1915.4,3.4));
#3812=DIRECTION('',(-0.,-0.,-1.));
#3813=VECTOR('',#3812,2.4);
#3814=LINE('',#3811,#3813);
#3815=EDGE_CURVE('',#3810,#3801,#3814,.T.);
#3816=ORIENTED_EDGE('',*,*,#3815,.F.);
#3817=CARTESIAN_POINT('',(1439.5,-1918.,3.4));
#3818=DIRECTION('',(-0.,-0.,1.));
#3819=DIRECTION('',(-1.,0.,0.));
#3820=AXIS2_PLACEMENT_3D('',#3817,#3818,#3819);
#3821=CIRCLE('',#3820,2.6);
#3822=EDGE_CURVE('',#3810,#3793,#3821,.T.);
#3823=ORIENTED_EDGE('',*,*,#3822,.T.);
#3824=EDGE_LOOP('',(#3799,#3808,#3816,#3823));
#3825=FACE_BOUND('',#3824,.T.);
#3826=ADVANCED_FACE('',(#3825),#3789,.F.);
#3827=CARTESIAN_POINT('',(1428.,-1932.,3.4));
#3828=DIRECTION('',(0.,0.,1.));
#3829=DIRECTION('',(1.,0.,0.));
#3830=AXIS2_PLACEMENT_3D('',#3827,#3828,#3829);
#3831=PLANE('',#3830);
#3832=ORIENTED_EDGE('',*,*,#3523,.F.);
#3833=CARTESIAN_POINT('',(1441.725442863,-1920.318432388,3.4));
#3834=VERTEX_POINT('',#3833);
#3835=CARTESIAN_POINT('',(1441.75,-1920.567223359,3.4));
#3836=DIRECTION('',(0.,0.,-1.));
#3837=DIRECTION('',(-1.,0.,0.));
#3838=AXIS2_PLACEMENT_3D('',#3835,#3836,#3837);
#3839=CIRCLE('',#3838,0.25);
#3840=EDGE_CURVE('',#3834,#3516,#3839,.T.);
#3841=ORIENTED_EDGE('',*,*,#3840,.F.);
#3842=CARTESIAN_POINT('',(1440.843880461,-1920.555223465,3.4));
#3843=VERTEX_POINT('',#3842);
#3844=CARTESIAN_POINT('',(1442.,-1923.1,3.4));
#3845=DIRECTION('',(-0.,-0.,1.));
#3846=DIRECTION('',(-1.,0.,0.));
#3847=AXIS2_PLACEMENT_3D('',#3844,#3845,#3846);
#3848=CIRCLE('',#3847,2.795084972);
#3849=EDGE_CURVE('',#3834,#3843,#3848,.T.);
#3850=ORIENTED_EDGE('',*,*,#3849,.T.);
#3851=CARTESIAN_POINT('',(1440.63706751,-1920.6,3.4));
#3852=VERTEX_POINT('',#3851);
#3853=CARTESIAN_POINT('',(1440.63706751,-1920.1,3.4));
#3854=DIRECTION('',(-0.,-0.,1.));
#3855=DIRECTION('',(-1.,0.,0.));
#3856=AXIS2_PLACEMENT_3D('',#3853,#3854,#3855);
#3857=CIRCLE('',#3856,0.5);
#3858=EDGE_CURVE('',#3852,#3843,#3857,.T.);
#3859=ORIENTED_EDGE('',*,*,#3858,.F.);
#3860=CARTESIAN_POINT('',(1439.5,-1920.6,3.4));
#3861=VERTEX_POINT('',#3860);
#3862=CARTESIAN_POINT('',(1439.5,-1920.6,3.4));
#3863=DIRECTION('',(1.,0.,-0.));
#3864=VECTOR('',#3863,1.13706751);
#3865=LINE('',#3862,#3864);
#3866=EDGE_CURVE('',#3861,#3852,#3865,.T.);
#3867=ORIENTED_EDGE('',*,*,#3866,.F.);
#3868=CARTESIAN_POINT('',(1439.5,-1918.,3.4));
#3869=DIRECTION('',(-0.,-0.,1.));
#3870=DIRECTION('',(-1.,0.,0.));
#3871=AXIS2_PLACEMENT_3D('',#3868,#3869,#3870);
#3872=CIRCLE('',#3871,2.6);
#3873=EDGE_CURVE('',#3793,#3861,#3872,.T.);
#3874=ORIENTED_EDGE('',*,*,#3873,.F.);
#3875=ORIENTED_EDGE('',*,*,#3822,.F.);
#3876=CARTESIAN_POINT('',(1440.63706751,-1915.4,3.4));
#3877=VERTEX_POINT('',#3876);
#3878=CARTESIAN_POINT('',(1439.5,-1915.4,3.4));
#3879=DIRECTION('',(1.,0.,-0.));
#3880=VECTOR('',#3879,1.13706751);
#3881=LINE('',#3878,#3880);
#3882=EDGE_CURVE('',#3810,#3877,#3881,.T.);
#3883=ORIENTED_EDGE('',*,*,#3882,.T.);
#3884=CARTESIAN_POINT('',(1440.843880461,-1915.444776535,3.4));
#3885=VERTEX_POINT('',#3884);
#3886=CARTESIAN_POINT('',(1440.63706751,-1915.9,3.4));
#3887=DIRECTION('',(-0.,-0.,1.));
#3888=DIRECTION('',(-1.,0.,0.));
#3889=AXIS2_PLACEMENT_3D('',#3886,#3887,#3888);
#3890=CIRCLE('',#3889,0.5);
#3891=EDGE_CURVE('',#3885,#3877,#3890,.T.);
#3892=ORIENTED_EDGE('',*,*,#3891,.F.);
#3893=CARTESIAN_POINT('',(1441.725442863,-1915.681567612,3.4));
#3894=VERTEX_POINT('',#3893);
#3895=CARTESIAN_POINT('',(1442.,-1912.9,3.4));
#3896=DIRECTION('',(-0.,-0.,1.));
#3897=DIRECTION('',(-1.,0.,0.));
#3898=AXIS2_PLACEMENT_3D('',#3895,#3896,#3897);
#3899=CIRCLE('',#3898,2.795084972);
#3900=EDGE_CURVE('',#3885,#3894,#3899,.T.);
#3901=ORIENTED_EDGE('',*,*,#3900,.T.);
#3902=CARTESIAN_POINT('',(1441.75,-1915.432776641,3.4));
#3903=DIRECTION('',(0.,0.,-1.));
#3904=DIRECTION('',(-1.,0.,0.));
#3905=AXIS2_PLACEMENT_3D('',#3902,#3903,#3904);
#3906=CIRCLE('',#3905,0.25);
#3907=EDGE_CURVE('',#3518,#3894,#3906,.T.);
#3908=ORIENTED_EDGE('',*,*,#3907,.F.);
#3909=EDGE_LOOP('',(#3832,#3841,#3850,#3859,#3867,#3874,#3875,#3883,#3892,#3901,#3908));
#3910=FACE_BOUND('',#3909,.T.);
#3911=ADVANCED_FACE('',(#3910),#3831,.F.);
#3912=CARTESIAN_POINT('',(1428.,-1932.,1.));
#3913=DIRECTION('',(0.,0.,1.));
#3914=DIRECTION('',(1.,0.,0.));
#3915=AXIS2_PLACEMENT_3D('',#3912,#3913,#3914);
#3916=PLANE('',#3915);
#3917=ORIENTED_EDGE('',*,*,#3539,.T.);
#3918=CARTESIAN_POINT('',(1441.725442863,-1915.681567612,1.));
#3919=VERTEX_POINT('',#3918);
#3920=CARTESIAN_POINT('',(1441.75,-1915.432776641,1.));
#3921=DIRECTION('',(-0.,-0.,1.));
#3922=DIRECTION('',(-1.,0.,0.));
#3923=AXIS2_PLACEMENT_3D('',#3920,#3921,#3922);
#3924=CIRCLE('',#3923,0.25);
#3925=EDGE_CURVE('',#3919,#3526,#3924,.T.);
#3926=ORIENTED_EDGE('',*,*,#3925,.F.);
#3927=CARTESIAN_POINT('',(1440.843880461,-1915.444776535,1.));
#3928=VERTEX_POINT('',#3927);
#3929=CARTESIAN_POINT('',(1442.,-1912.9,1.));
#3930=DIRECTION('',(-0.,-0.,1.));
#3931=DIRECTION('',(-1.,0.,0.));
#3932=AXIS2_PLACEMENT_3D('',#3929,#3930,#3931);
#3933=CIRCLE('',#3932,2.795084972);
#3934=EDGE_CURVE('',#3928,#3919,#3933,.T.);
#3935=ORIENTED_EDGE('',*,*,#3934,.F.);
#3936=CARTESIAN_POINT('',(1440.63706751,-1915.4,1.));
#3937=VERTEX_POINT('',#3936);
#3938=CARTESIAN_POINT('',(1440.63706751,-1915.9,1.));
#3939=DIRECTION('',(0.,0.,-1.));
#3940=DIRECTION('',(-1.,0.,0.));
#3941=AXIS2_PLACEMENT_3D('',#3938,#3939,#3940);
#3942=CIRCLE('',#3941,0.5);
#3943=EDGE_CURVE('',#3937,#3928,#3942,.T.);
#3944=ORIENTED_EDGE('',*,*,#3943,.F.);
#3945=CARTESIAN_POINT('',(1439.5,-1915.4,1.));
#3946=DIRECTION('',(1.,0.,-0.));
#3947=VECTOR('',#3946,1.13706751);
#3948=LINE('',#3945,#3947);
#3949=EDGE_CURVE('',#3801,#3937,#3948,.T.);
#3950=ORIENTED_EDGE('',*,*,#3949,.F.);
#3951=ORIENTED_EDGE('',*,*,#3807,.T.);
#3952=CARTESIAN_POINT('',(1439.5,-1920.6,1.));
#3953=VERTEX_POINT('',#3952);
#3954=CARTESIAN_POINT('',(1439.5,-1918.,1.));
#3955=DIRECTION('',(-0.,-0.,1.));
#3956=DIRECTION('',(-1.,0.,0.));
#3957=AXIS2_PLACEMENT_3D('',#3954,#3955,#3956);
#3958=CIRCLE('',#3957,2.6);
#3959=EDGE_CURVE('',#3791,#3953,#3958,.T.);
#3960=ORIENTED_EDGE('',*,*,#3959,.T.);
#3961=CARTESIAN_POINT('',(1440.63706751,-1920.6,1.));
#3962=VERTEX_POINT('',#3961);
#3963=CARTESIAN_POINT('',(1439.5,-1920.6,1.));
#3964=DIRECTION('',(1.,0.,-0.));
#3965=VECTOR('',#3964,1.13706751);
#3966=LINE('',#3963,#3965);
#3967=EDGE_CURVE('',#3953,#3962,#3966,.T.);
#3968=ORIENTED_EDGE('',*,*,#3967,.T.);
#3969=CARTESIAN_POINT('',(1440.843880461,-1920.555223465,1.));
#3970=VERTEX_POINT('',#3969);
#3971=CARTESIAN_POINT('',(1440.63706751,-1920.1,1.));
#3972=DIRECTION('',(0.,0.,-1.));
#3973=DIRECTION('',(-1.,0.,0.));
#3974=AXIS2_PLACEMENT_3D('',#3971,#3972,#3973);
#3975=CIRCLE('',#3974,0.5);
#3976=EDGE_CURVE('',#3970,#3962,#3975,.T.);
#3977=ORIENTED_EDGE('',*,*,#3976,.F.);
#3978=CARTESIAN_POINT('',(1441.725442863,-1920.318432388,1.));
#3979=VERTEX_POINT('',#3978);
#3980=CARTESIAN_POINT('',(1442.,-1923.1,1.));
#3981=DIRECTION('',(-0.,-0.,1.));
#3982=DIRECTION('',(-1.,0.,0.));
#3983=AXIS2_PLACEMENT_3D('',#3980,#3981,#3982);
#3984=CIRCLE('',#3983,2.795084972);
#3985=EDGE_CURVE('',#3979,#3970,#3984,.T.);
#3986=ORIENTED_EDGE('',*,*,#3985,.F.);
#3987=CARTESIAN_POINT('',(1441.75,-1920.567223359,1.));
#3988=DIRECTION('',(-0.,-0.,1.));
#3989=DIRECTION('',(-1.,0.,0.));
#3990=AXIS2_PLACEMENT_3D('',#3987,#3988,#3989);
#3991=CIRCLE('',#3990,0.25);
#3992=EDGE_CURVE('',#3534,#3979,#3991,.T.);
#3993=ORIENTED_EDGE('',*,*,#3992,.F.);
#3994=EDGE_LOOP('',(#3917,#3926,#3935,#3944,#3950,#3951,#3960,#3968,#3977,#3986,#3993));
#3995=FACE_BOUND('',#3994,.T.);
#3996=ADVANCED_FACE('',(#3995),#3916,.T.);
#3997=CARTESIAN_POINT('',(1440.63706751,-1920.1,3.4));
#3998=DIRECTION('',(0.,0.,-1.));
#3999=DIRECTION('',(-1.,0.,0.));
#4000=AXIS2_PLACEMENT_3D('',#3997,#3998,#3999);
#4001=CYLINDRICAL_SURFACE('',#4000,0.5);
#4002=ORIENTED_EDGE('',*,*,#3858,.T.);
#4003=CARTESIAN_POINT('',(1440.843880461,-1920.555223465,3.4));
#4004=DIRECTION('',(0.,0.,-1.));
#4005=VECTOR('',#4004,2.4);
#4006=LINE('',#4003,#4005);
#4007=EDGE_CURVE('',#3843,#3970,#4006,.T.);
#4008=ORIENTED_EDGE('',*,*,#4007,.T.);
#4009=ORIENTED_EDGE('',*,*,#3976,.T.);
#4010=CARTESIAN_POINT('',(1440.63706751,-1920.6,1.));
#4011=DIRECTION('',(-0.,-0.,1.));
#4012=VECTOR('',#4011,2.4);
#4013=LINE('',#4010,#4012);
#4014=EDGE_CURVE('',#3962,#3852,#4013,.T.);
#4015=ORIENTED_EDGE('',*,*,#4014,.T.);
#4016=EDGE_LOOP('',(#4002,#4008,#4009,#4015));
#4017=FACE_BOUND('',#4016,.T.);
#4018=ADVANCED_FACE('',(#4017),#4001,.F.);
#4019=CARTESIAN_POINT('',(1440.125,-1920.6,3.4));
#4020=DIRECTION('',(0.,1.,0.));
#4021=DIRECTION('',(0.,0.,1.));
#4022=AXIS2_PLACEMENT_3D('',#4019,#4020,#4021);
#4023=PLANE('',#4022);
#4024=ORIENTED_EDGE('',*,*,#3967,.F.);
#4025=CARTESIAN_POINT('',(1439.5,-1920.6,3.4));
#4026=DIRECTION('',(0.,0.,-1.));
#4027=VECTOR('',#4026,2.4);
#4028=LINE('',#4025,#4027);
#4029=EDGE_CURVE('',#3861,#3953,#4028,.T.);
#4030=ORIENTED_EDGE('',*,*,#4029,.F.);
#4031=ORIENTED_EDGE('',*,*,#3866,.T.);
#4032=ORIENTED_EDGE('',*,*,#4014,.F.);
#4033=EDGE_LOOP('',(#4024,#4030,#4031,#4032));
#4034=FACE_BOUND('',#4033,.T.);
#4035=ADVANCED_FACE('',(#4034),#4023,.T.);
#4036=CARTESIAN_POINT('',(1442.,-1923.1,3.4));
#4037=DIRECTION('',(0.,0.,-1.));
#4038=DIRECTION('',(-1.,0.,0.));
#4039=AXIS2_PLACEMENT_3D('',#4036,#4037,#4038);
#4040=CYLINDRICAL_SURFACE('',#4039,2.795084972);
#4041=ORIENTED_EDGE('',*,*,#3849,.F.);
#4042=CARTESIAN_POINT('',(1441.725442863,-1920.318432388,1.));
#4043=DIRECTION('',(-0.,-0.,1.));
#4044=VECTOR('',#4043,2.4);
#4045=LINE('',#4042,#4044);
#4046=EDGE_CURVE('',#3979,#3834,#4045,.T.);
#4047=ORIENTED_EDGE('',*,*,#4046,.F.);
#4048=ORIENTED_EDGE('',*,*,#3985,.T.);
#4049=ORIENTED_EDGE('',*,*,#4007,.F.);
#4050=EDGE_LOOP('',(#4041,#4047,#4048,#4049));
#4051=FACE_BOUND('',#4050,.T.);
#4052=ADVANCED_FACE('',(#4051),#4040,.T.);
#4053=CARTESIAN_POINT('',(1441.75,-1920.567223359,3.4));
#4054=DIRECTION('',(0.,0.,-1.));
#4055=DIRECTION('',(-1.,0.,0.));
#4056=AXIS2_PLACEMENT_3D('',#4053,#4054,#4055);
#4057=CYLINDRICAL_SURFACE('',#4056,0.25);
#4058=ORIENTED_EDGE('',*,*,#3840,.T.);
#4059=ORIENTED_EDGE('',*,*,#3545,.T.);
#4060=ORIENTED_EDGE('',*,*,#3992,.T.);
#4061=ORIENTED_EDGE('',*,*,#4046,.T.);
#4062=EDGE_LOOP('',(#4058,#4059,#4060,#4061));
#4063=FACE_BOUND('',#4062,.T.);
#4064=ADVANCED_FACE('',(#4063),#4057,.T.);
#4065=CARTESIAN_POINT('',(1440.5,-1904.,2.4));
#4066=DIRECTION('',(-1.,0.,0.));
#4067=DIRECTION('',(0.,-1.,0.));
#4068=AXIS2_PLACEMENT_3D('',#4065,#4066,#4067);
#4069=PLANE('',#4068);
#4070=CARTESIAN_POINT('',(1440.5,-1896.376955262,1.4));
#4071=VERTEX_POINT('',#4070);
#4072=CARTESIAN_POINT('',(1440.5,-1894.9627417,0.4));
#4073=VERTEX_POINT('',#4072);
#4074=CARTESIAN_POINT('',(1440.5,-1896.376955262,1.4));
#4075=DIRECTION('',(0.,0.816496581,-0.577350269));
#4076=VECTOR('',#4075,1.732050807);
#4077=LINE('',#4074,#4076);
#4078=EDGE_CURVE('',#4071,#4073,#4077,.T.);
#4079=ORIENTED_EDGE('',*,*,#4078,.T.);
#4080=CARTESIAN_POINT('',(1440.5,-1913.0372583,0.4));
#4081=VERTEX_POINT('',#4080);
#4082=CARTESIAN_POINT('',(1440.5,-1894.9627417,0.4));
#4083=DIRECTION('',(0.,-1.,0.));
#4084=VECTOR('',#4083,18.0745166);
#4085=LINE('',#4082,#4084);
#4086=EDGE_CURVE('',#4073,#4081,#4085,.T.);
#4087=ORIENTED_EDGE('',*,*,#4086,.T.);
#4088=CARTESIAN_POINT('',(1440.5,-1911.623044738,1.4));
#4089=VERTEX_POINT('',#4088);
#4090=CARTESIAN_POINT('',(1440.5,-1913.0372583,0.4));
#4091=DIRECTION('',(0.,0.816496581,0.577350269));
#4092=VECTOR('',#4091,1.732050807);
#4093=LINE('',#4090,#4092);
#4094=EDGE_CURVE('',#4081,#4089,#4093,.T.);
#4095=ORIENTED_EDGE('',*,*,#4094,.T.);
#4096=CARTESIAN_POINT('',(1440.5,-1911.623044738,1.4));
#4097=DIRECTION('',(-0.,1.,-0.));
#4098=VECTOR('',#4097,15.246089476);
#4099=LINE('',#4096,#4098);
#4100=EDGE_CURVE('',#4089,#4071,#4099,.T.);
#4101=ORIENTED_EDGE('',*,*,#4100,.T.);
#4102=EDGE_LOOP('',(#4079,#4087,#4095,#4101));
#4103=FACE_BOUND('',#4102,.T.);
#4104=ADVANCED_FACE('',(#4103),#4069,.T.);
#4105=CARTESIAN_POINT('',(1440.5,-1904.,1.4));
#4106=DIRECTION('',(0.819231921,0.,-0.573462344));
#4107=DIRECTION('',(0.,1.,0.));
#4108=AXIS2_PLACEMENT_3D('',#4105,#4106,#4107);
#4109=PLANE('',#4108);
#4110=CARTESIAN_POINT('',(1441.2,-1910.923044738,2.4));
#4111=VERTEX_POINT('',#4110);
#4112=CARTESIAN_POINT('',(1441.2,-1910.923044738,2.4));
#4113=DIRECTION('',(-0.497468338,-0.497468338,-0.710669055));
#4114=VECTOR('',#4113,1.407124728);
#4115=LINE('',#4112,#4114);
#4116=EDGE_CURVE('',#4111,#4089,#4115,.T.);
#4117=ORIENTED_EDGE('',*,*,#4116,.F.);
#4118=CARTESIAN_POINT('',(1441.2,-1897.076955262,2.4));
#4119=VERTEX_POINT('',#4118);
#4120=CARTESIAN_POINT('',(1441.199999999,-1910.923044738,2.4));
#4121=DIRECTION('',(0.,1.,0.));
#4122=VECTOR('',#4121,13.846089476);
#4123=LINE('',#4120,#4122);
#4124=EDGE_CURVE('',#4111,#4119,#4123,.T.);
#4125=ORIENTED_EDGE('',*,*,#4124,.T.);
#4126=CARTESIAN_POINT('',(1440.5,-1896.376955262,1.4));
#4127=DIRECTION('',(0.497468338,-0.497468338,0.710669055));
#4128=VECTOR('',#4127,1.407124728);
#4129=LINE('',#4126,#4128);
#4130=EDGE_CURVE('',#4071,#4119,#4129,.T.);
#4131=ORIENTED_EDGE('',*,*,#4130,.F.);
#4132=ORIENTED_EDGE('',*,*,#4100,.F.);
#4133=EDGE_LOOP('',(#4117,#4125,#4131,#4132));
#4134=FACE_BOUND('',#4133,.T.);
#4135=ADVANCED_FACE('',(#4134),#4109,.F.);
#4136=CARTESIAN_POINT('',(1441.2,-1904.,6.8));
#4137=DIRECTION('',(-1.,0.,0.));
#4138=DIRECTION('',(0.,-1.,0.));
#4139=AXIS2_PLACEMENT_3D('',#4136,#4137,#4138);
#4140=PLANE('',#4139);
#4141=ORIENTED_EDGE('',*,*,#710,.F.);
#4142=CARTESIAN_POINT('',(1441.2,-1897.076955262,4.));
#4143=DIRECTION('',(-0.,-0.,-1.));
#4144=VECTOR('',#4143,1.6);
#4145=LINE('',#4142,#4144);
#4146=EDGE_CURVE('',#697,#4119,#4145,.T.);
#4147=ORIENTED_EDGE('',*,*,#4146,.T.);
#4148=ORIENTED_EDGE('',*,*,#4124,.F.);
#4149=CARTESIAN_POINT('',(1441.2,-1910.923044738,4.));
#4150=DIRECTION('',(-0.,-0.,-1.));
#4151=VECTOR('',#4150,1.6);
#4152=LINE('',#4149,#4151);
#4153=EDGE_CURVE('',#705,#4111,#4152,.T.);
#4154=ORIENTED_EDGE('',*,*,#4153,.F.);
#4155=EDGE_LOOP('',(#4141,#4147,#4148,#4154));
#4156=FACE_BOUND('',#4155,.T.);
#4157=ADVANCED_FACE('',(#4156),#4140,.T.);
#4158=CARTESIAN_POINT('',(1440.85,-1896.726955262,6.8));
#4159=DIRECTION('',(-0.707106781,-0.707106781,0.));
#4160=DIRECTION('',(0.707106781,-0.707106781,0.));
#4161=AXIS2_PLACEMENT_3D('',#4158,#4159,#4160);
#4162=PLANE('',#4161);
#4163=ORIENTED_EDGE('',*,*,#702,.F.);
#4164=CARTESIAN_POINT('',(1434.923044738,-1890.8,2.4));
#4165=VERTEX_POINT('',#4164);
#4166=CARTESIAN_POINT('',(1434.923044738,-1890.8,4.));
#4167=DIRECTION('',(-0.,-0.,-1.));
#4168=VECTOR('',#4167,1.6);
#4169=LINE('',#4166,#4168);
#4170=EDGE_CURVE('',#689,#4165,#4169,.T.);
#4171=ORIENTED_EDGE('',*,*,#4170,.T.);
#4172=CARTESIAN_POINT('',(1435.623044738,-1891.5,1.4));
#4173=VERTEX_POINT('',#4172);
#4174=CARTESIAN_POINT('',(1434.923044738,-1890.8,2.4));
#4175=DIRECTION('',(0.497468338,-0.497468338,-0.710669055));
#4176=VECTOR('',#4175,1.407124728);
#4177=LINE('',#4174,#4176);
#4178=EDGE_CURVE('',#4165,#4173,#4177,.T.);
#4179=ORIENTED_EDGE('',*,*,#4178,.T.);
#4180=CARTESIAN_POINT('',(1435.623044738,-1891.5,1.4));
#4181=DIRECTION('',(0.707106781,-0.707106781,0.));
#4182=VECTOR('',#4181,6.897056275);
#4183=LINE('',#4180,#4182);
#4184=EDGE_CURVE('',#4173,#4071,#4183,.T.);
#4185=ORIENTED_EDGE('',*,*,#4184,.T.);
#4186=ORIENTED_EDGE('',*,*,#4130,.T.);
#4187=ORIENTED_EDGE('',*,*,#4146,.F.);
#4188=EDGE_LOOP('',(#4163,#4171,#4179,#4185,#4186,#4187));
#4189=FACE_BOUND('',#4188,.T.);
#4190=ADVANCED_FACE('',(#4189),#4162,.T.);
#4191=CARTESIAN_POINT('',(1428.,-1916.5,2.4));
#4192=DIRECTION('',(0.,1.,0.));
#4193=DIRECTION('',(-1.,0.,0.));
#4194=AXIS2_PLACEMENT_3D('',#4191,#4192,#4193);
#4195=PLANE('',#4194);
#4196=CARTESIAN_POINT('',(1435.623044738,-1916.5,1.4));
#4197=VERTEX_POINT('',#4196);
#4198=CARTESIAN_POINT('',(1437.0372583,-1916.5,0.4));
#4199=VERTEX_POINT('',#4198);
#4200=CARTESIAN_POINT('',(1435.623044738,-1916.5,1.4));
#4201=DIRECTION('',(0.816496581,0.,-0.577350269));
#4202=VECTOR('',#4201,1.732050807);
#4203=LINE('',#4200,#4202);
#4204=EDGE_CURVE('',#4197,#4199,#4203,.T.);
#4205=ORIENTED_EDGE('',*,*,#4204,.T.);
#4206=CARTESIAN_POINT('',(1418.9627417,-1916.5,0.4));
#4207=VERTEX_POINT('',#4206);
#4208=CARTESIAN_POINT('',(1437.0372583,-1916.5,0.4));
#4209=DIRECTION('',(-1.,0.,0.));
#4210=VECTOR('',#4209,18.0745166);
#4211=LINE('',#4208,#4210);
#4212=EDGE_CURVE('',#4199,#4207,#4211,.T.);
#4213=ORIENTED_EDGE('',*,*,#4212,.T.);
#4214=CARTESIAN_POINT('',(1420.376955262,-1916.5,1.4));
#4215=VERTEX_POINT('',#4214);
#4216=CARTESIAN_POINT('',(1418.9627417,-1916.5,0.4));
#4217=DIRECTION('',(0.816496581,0.,0.577350269));
#4218=VECTOR('',#4217,1.732050807);
#4219=LINE('',#4216,#4218);
#4220=EDGE_CURVE('',#4207,#4215,#4219,.T.);
#4221=ORIENTED_EDGE('',*,*,#4220,.T.);
#4222=CARTESIAN_POINT('',(1420.376955262,-1916.5,1.4));
#4223=DIRECTION('',(1.,-0.,-0.));
#4224=VECTOR('',#4223,15.246089476);
#4225=LINE('',#4222,#4224);
#4226=EDGE_CURVE('',#4215,#4197,#4225,.T.);
#4227=ORIENTED_EDGE('',*,*,#4226,.T.);
#4228=EDGE_LOOP('',(#4205,#4213,#4221,#4227));
#4229=FACE_BOUND('',#4228,.T.);
#4230=ADVANCED_FACE('',(#4229),#4195,.T.);
#4231=CARTESIAN_POINT('',(1428.,-1916.5,1.4));
#4232=DIRECTION('',(0.,-0.819231921,-0.573462344));
#4233=DIRECTION('',(1.,0.,0.));
#4234=AXIS2_PLACEMENT_3D('',#4231,#4232,#4233);
#4235=PLANE('',#4234);
#4236=CARTESIAN_POINT('',(1421.076955262,-1917.2,2.4));
#4237=VERTEX_POINT('',#4236);
#4238=CARTESIAN_POINT('',(1421.076955262,-1917.2,2.4));
#4239=DIRECTION('',(-0.497468338,0.497468338,-0.710669055));
#4240=VECTOR('',#4239,1.407124728);
#4241=LINE('',#4238,#4240);
#4242=EDGE_CURVE('',#4237,#4215,#4241,.T.);
#4243=ORIENTED_EDGE('',*,*,#4242,.F.);
#4244=CARTESIAN_POINT('',(1434.923044738,-1917.2,2.4));
#4245=VERTEX_POINT('',#4244);
#4246=CARTESIAN_POINT('',(1421.076955262,-1917.199999999,2.4));
#4247=DIRECTION('',(1.,0.,-0.));
#4248=VECTOR('',#4247,13.846089476);
#4249=LINE('',#4246,#4248);
#4250=EDGE_CURVE('',#4237,#4245,#4249,.T.);
#4251=ORIENTED_EDGE('',*,*,#4250,.T.);
#4252=CARTESIAN_POINT('',(1435.623044738,-1916.5,1.4));
#4253=DIRECTION('',(-0.497468338,-0.497468338,0.710669055));
#4254=VECTOR('',#4253,1.407124728);
#4255=LINE('',#4252,#4254);
#4256=EDGE_CURVE('',#4197,#4245,#4255,.T.);
#4257=ORIENTED_EDGE('',*,*,#4256,.F.);
#4258=ORIENTED_EDGE('',*,*,#4226,.F.);
#4259=EDGE_LOOP('',(#4243,#4251,#4257,#4258));
#4260=FACE_BOUND('',#4259,.T.);
#4261=ADVANCED_FACE('',(#4260),#4235,.F.);
#4262=CARTESIAN_POINT('',(1428.,-1917.2,6.8));
#4263=DIRECTION('',(0.,1.,0.));
#4264=DIRECTION('',(-1.,0.,0.));
#4265=AXIS2_PLACEMENT_3D('',#4262,#4263,#4264);
#4266=PLANE('',#4265);
#4267=ORIENTED_EDGE('',*,*,#662,.F.);
#4268=CARTESIAN_POINT('',(1434.923044738,-1917.2,4.));
#4269=DIRECTION('',(-0.,-0.,-1.));
#4270=VECTOR('',#4269,1.6);
#4271=LINE('',#4268,#4270);
#4272=EDGE_CURVE('',#655,#4245,#4271,.T.);
#4273=ORIENTED_EDGE('',*,*,#4272,.T.);
#4274=ORIENTED_EDGE('',*,*,#4250,.F.);
#4275=CARTESIAN_POINT('',(1421.076955262,-1917.2,4.));
#4276=DIRECTION('',(-0.,-0.,-1.));
#4277=VECTOR('',#4276,1.6);
#4278=LINE('',#4275,#4277);
#4279=EDGE_CURVE('',#657,#4237,#4278,.T.);
#4280=ORIENTED_EDGE('',*,*,#4279,.F.);
#4281=EDGE_LOOP('',(#4267,#4273,#4274,#4280));
#4282=FACE_BOUND('',#4281,.T.);
#4283=ADVANCED_FACE('',(#4282),#4266,.T.);
#4284=CARTESIAN_POINT('',(1435.273044738,-1916.85,6.8));
#4285=DIRECTION('',(-0.707106781,0.707106781,0.));
#4286=DIRECTION('',(-0.707106781,-0.707106781,0.));
#4287=AXIS2_PLACEMENT_3D('',#4284,#4285,#4286);
#4288=PLANE('',#4287);
#4289=ORIENTED_EDGE('',*,*,#716,.F.);
#4290=ORIENTED_EDGE('',*,*,#4153,.T.);
#4291=ORIENTED_EDGE('',*,*,#4116,.T.);
#4292=CARTESIAN_POINT('',(1440.5,-1911.623044738,1.4));
#4293=DIRECTION('',(-0.707106781,-0.707106781,0.));
#4294=VECTOR('',#4293,6.897056275);
#4295=LINE('',#4292,#4294);
#4296=EDGE_CURVE('',#4089,#4197,#4295,.T.);
#4297=ORIENTED_EDGE('',*,*,#4296,.T.);
#4298=ORIENTED_EDGE('',*,*,#4256,.T.);
#4299=ORIENTED_EDGE('',*,*,#4272,.F.);
#4300=EDGE_LOOP('',(#4289,#4290,#4291,#4297,#4298,#4299));
#4301=FACE_BOUND('',#4300,.T.);
#4302=ADVANCED_FACE('',(#4301),#4288,.T.);
#4303=CARTESIAN_POINT('',(1415.5,-1904.,2.4));
#4304=DIRECTION('',(1.,0.,0.));
#4305=DIRECTION('',(0.,1.,0.));
#4306=AXIS2_PLACEMENT_3D('',#4303,#4304,#4305);
#4307=PLANE('',#4306);
#4308=CARTESIAN_POINT('',(1415.5,-1911.623044738,1.4));
#4309=VERTEX_POINT('',#4308);
#4310=CARTESIAN_POINT('',(1415.5,-1913.0372583,0.4));
#4311=VERTEX_POINT('',#4310);
#4312=CARTESIAN_POINT('',(1415.5,-1911.623044738,1.4));
#4313=DIRECTION('',(0.,-0.816496581,-0.577350269));
#4314=VECTOR('',#4313,1.732050807);
#4315=LINE('',#4312,#4314);
#4316=EDGE_CURVE('',#4309,#4311,#4315,.T.);
#4317=ORIENTED_EDGE('',*,*,#4316,.T.);
#4318=CARTESIAN_POINT('',(1415.5,-1894.9627417,0.4));
#4319=VERTEX_POINT('',#4318);
#4320=CARTESIAN_POINT('',(1415.5,-1913.0372583,0.4));
#4321=DIRECTION('',(0.,1.,0.));
#4322=VECTOR('',#4321,18.0745166);
#4323=LINE('',#4320,#4322);
#4324=EDGE_CURVE('',#4311,#4319,#4323,.T.);
#4325=ORIENTED_EDGE('',*,*,#4324,.T.);
#4326=CARTESIAN_POINT('',(1415.5,-1896.376955262,1.4));
#4327=VERTEX_POINT('',#4326);
#4328=CARTESIAN_POINT('',(1415.5,-1894.9627417,0.4));
#4329=DIRECTION('',(0.,-0.816496581,0.577350269));
#4330=VECTOR('',#4329,1.732050807);
#4331=LINE('',#4328,#4330);
#4332=EDGE_CURVE('',#4319,#4327,#4331,.T.);
#4333=ORIENTED_EDGE('',*,*,#4332,.T.);
#4334=CARTESIAN_POINT('',(1415.5,-1896.376955262,1.4));
#4335=DIRECTION('',(-0.,-1.,-0.));
#4336=VECTOR('',#4335,15.246089476);
#4337=LINE('',#4334,#4336);
#4338=EDGE_CURVE('',#4327,#4309,#4337,.T.);
#4339=ORIENTED_EDGE('',*,*,#4338,.T.);
#4340=EDGE_LOOP('',(#4317,#4325,#4333,#4339));
#4341=FACE_BOUND('',#4340,.T.);
#4342=ADVANCED_FACE('',(#4341),#4307,.T.);
#4343=CARTESIAN_POINT('',(1415.5,-1904.,1.4));
#4344=DIRECTION('',(-0.819231921,0.,-0.573462344));
#4345=DIRECTION('',(0.,-1.,0.));
#4346=AXIS2_PLACEMENT_3D('',#4343,#4344,#4345);
#4347=PLANE('',#4346);
#4348=CARTESIAN_POINT('',(1414.8,-1897.076955262,2.4));
#4349=VERTEX_POINT('',#4348);
#4350=CARTESIAN_POINT('',(1414.8,-1897.076955262,2.4));
#4351=DIRECTION('',(0.497468338,0.497468338,-0.710669055));
#4352=VECTOR('',#4351,1.407124728);
#4353=LINE('',#4350,#4352);
#4354=EDGE_CURVE('',#4349,#4327,#4353,.T.);
#4355=ORIENTED_EDGE('',*,*,#4354,.F.);
#4356=CARTESIAN_POINT('',(1414.8,-1910.923044738,2.4));
#4357=VERTEX_POINT('',#4356);
#4358=CARTESIAN_POINT('',(1414.800000001,-1897.076955262,2.4));
#4359=DIRECTION('',(0.,-1.,0.));
#4360=VECTOR('',#4359,13.846089476);
#4361=LINE('',#4358,#4360);
#4362=EDGE_CURVE('',#4349,#4357,#4361,.T.);
#4363=ORIENTED_EDGE('',*,*,#4362,.T.);
#4364=CARTESIAN_POINT('',(1415.5,-1911.623044738,1.4));
#4365=DIRECTION('',(-0.497468338,0.497468338,0.710669055));
#4366=VECTOR('',#4365,1.407124728);
#4367=LINE('',#4364,#4366);
#4368=EDGE_CURVE('',#4309,#4357,#4367,.T.);
#4369=ORIENTED_EDGE('',*,*,#4368,.F.);
#4370=ORIENTED_EDGE('',*,*,#4338,.F.);
#4371=EDGE_LOOP('',(#4355,#4363,#4369,#4370));
#4372=FACE_BOUND('',#4371,.T.);
#4373=ADVANCED_FACE('',(#4372),#4347,.F.);
#4374=CARTESIAN_POINT('',(1414.8,-1904.,6.8));
#4375=DIRECTION('',(1.,0.,0.));
#4376=DIRECTION('',(0.,1.,0.));
#4377=AXIS2_PLACEMENT_3D('',#4374,#4375,#4376);
#4378=PLANE('',#4377);
#4379=ORIENTED_EDGE('',*,*,#678,.F.);
#4380=CARTESIAN_POINT('',(1414.8,-1910.923044738,4.));
#4381=DIRECTION('',(-0.,-0.,-1.));
#4382=VECTOR('',#4381,1.6);
#4383=LINE('',#4380,#4382);
#4384=EDGE_CURVE('',#665,#4357,#4383,.T.);
#4385=ORIENTED_EDGE('',*,*,#4384,.T.);
#4386=ORIENTED_EDGE('',*,*,#4362,.F.);
#4387=CARTESIAN_POINT('',(1414.8,-1897.076955262,4.));
#4388=DIRECTION('',(-0.,-0.,-1.));
#4389=VECTOR('',#4388,1.6);
#4390=LINE('',#4387,#4389);
#4391=EDGE_CURVE('',#673,#4349,#4390,.T.);
#4392=ORIENTED_EDGE('',*,*,#4391,.F.);
#4393=EDGE_LOOP('',(#4379,#4385,#4386,#4392));
#4394=FACE_BOUND('',#4393,.T.);
#4395=ADVANCED_FACE('',(#4394),#4378,.T.);
#4396=CARTESIAN_POINT('',(1415.15,-1911.273044738,6.8));
#4397=DIRECTION('',(0.707106781,0.707106781,0.));
#4398=DIRECTION('',(-0.707106781,0.707106781,0.));
#4399=AXIS2_PLACEMENT_3D('',#4396,#4397,#4398);
#4400=PLANE('',#4399);
#4401=ORIENTED_EDGE('',*,*,#670,.F.);
#4402=ORIENTED_EDGE('',*,*,#4279,.T.);
#4403=ORIENTED_EDGE('',*,*,#4242,.T.);
#4404=CARTESIAN_POINT('',(1420.376955262,-1916.5,1.4));
#4405=DIRECTION('',(-0.707106781,0.707106781,0.));
#4406=VECTOR('',#4405,6.897056275);
#4407=LINE('',#4404,#4406);
#4408=EDGE_CURVE('',#4215,#4309,#4407,.T.);
#4409=ORIENTED_EDGE('',*,*,#4408,.T.);
#4410=ORIENTED_EDGE('',*,*,#4368,.T.);
#4411=ORIENTED_EDGE('',*,*,#4384,.F.);
#4412=EDGE_LOOP('',(#4401,#4402,#4403,#4409,#4410,#4411));
#4413=FACE_BOUND('',#4412,.T.);
#4414=ADVANCED_FACE('',(#4413),#4400,.T.);
#4415=CARTESIAN_POINT('',(1428.,-1891.5,2.4));
#4416=DIRECTION('',(0.,-1.,0.));
#4417=DIRECTION('',(1.,0.,0.));
#4418=AXIS2_PLACEMENT_3D('',#4415,#4416,#4417);
#4419=PLANE('',#4418);
#4420=CARTESIAN_POINT('',(1420.376955262,-1891.5,1.4));
#4421=VERTEX_POINT('',#4420);
#4422=CARTESIAN_POINT('',(1418.9627417,-1891.5,0.4));
#4423=VERTEX_POINT('',#4422);
#4424=CARTESIAN_POINT('',(1420.376955262,-1891.5,1.4));
#4425=DIRECTION('',(-0.816496581,0.,-0.577350269));
#4426=VECTOR('',#4425,1.732050807);
#4427=LINE('',#4424,#4426);
#4428=EDGE_CURVE('',#4421,#4423,#4427,.T.);
#4429=ORIENTED_EDGE('',*,*,#4428,.T.);
#4430=CARTESIAN_POINT('',(1437.0372583,-1891.5,0.4));
#4431=VERTEX_POINT('',#4430);
#4432=CARTESIAN_POINT('',(1418.9627417,-1891.5,0.4));
#4433=DIRECTION('',(1.,0.,-0.));
#4434=VECTOR('',#4433,18.0745166);
#4435=LINE('',#4432,#4434);
#4436=EDGE_CURVE('',#4423,#4431,#4435,.T.);
#4437=ORIENTED_EDGE('',*,*,#4436,.T.);
#4438=CARTESIAN_POINT('',(1437.0372583,-1891.5,0.4));
#4439=DIRECTION('',(-0.816496581,0.,0.577350269));
#4440=VECTOR('',#4439,1.732050807);
#4441=LINE('',#4438,#4440);
#4442=EDGE_CURVE('',#4431,#4173,#4441,.T.);
#4443=ORIENTED_EDGE('',*,*,#4442,.T.);
#4444=CARTESIAN_POINT('',(1435.623044738,-1891.5,1.4));
#4445=DIRECTION('',(-1.,-0.,0.));
#4446=VECTOR('',#4445,15.246089476);
#4447=LINE('',#4444,#4446);
#4448=EDGE_CURVE('',#4173,#4421,#4447,.T.);
#4449=ORIENTED_EDGE('',*,*,#4448,.T.);
#4450=EDGE_LOOP('',(#4429,#4437,#4443,#4449));
#4451=FACE_BOUND('',#4450,.T.);
#4452=ADVANCED_FACE('',(#4451),#4419,.T.);
#4453=CARTESIAN_POINT('',(1428.,-1891.5,1.4));
#4454=DIRECTION('',(0.,0.819231921,-0.573462344));
#4455=DIRECTION('',(-1.,0.,0.));
#4456=AXIS2_PLACEMENT_3D('',#4453,#4454,#4455);
#4457=PLANE('',#4456);
#4458=ORIENTED_EDGE('',*,*,#4178,.F.);
#4459=CARTESIAN_POINT('',(1421.076955262,-1890.8,2.4));
#4460=VERTEX_POINT('',#4459);
#4461=CARTESIAN_POINT('',(1434.923044738,-1890.800000001,2.4));
#4462=DIRECTION('',(-1.,0.,0.));
#4463=VECTOR('',#4462,13.846089476);
#4464=LINE('',#4461,#4463);
#4465=EDGE_CURVE('',#4165,#4460,#4464,.T.);
#4466=ORIENTED_EDGE('',*,*,#4465,.T.);
#4467=CARTESIAN_POINT('',(1420.376955262,-1891.5,1.4));
#4468=DIRECTION('',(0.497468338,0.497468338,0.710669055));
#4469=VECTOR('',#4468,1.407124728);
#4470=LINE('',#4467,#4469);
#4471=EDGE_CURVE('',#4421,#4460,#4470,.T.);
#4472=ORIENTED_EDGE('',*,*,#4471,.F.);
#4473=ORIENTED_EDGE('',*,*,#4448,.F.);
#4474=EDGE_LOOP('',(#4458,#4466,#4472,#4473));
#4475=FACE_BOUND('',#4474,.T.);
#4476=ADVANCED_FACE('',(#4475),#4457,.F.);
#4477=CARTESIAN_POINT('',(1428.,-1890.8,6.8));
#4478=DIRECTION('',(0.,-1.,0.));
#4479=DIRECTION('',(1.,0.,0.));
#4480=AXIS2_PLACEMENT_3D('',#4477,#4478,#4479);
#4481=PLANE('',#4480);
#4482=ORIENTED_EDGE('',*,*,#694,.F.);
#4483=CARTESIAN_POINT('',(1421.076955262,-1890.8,4.));
#4484=DIRECTION('',(-0.,-0.,-1.));
#4485=VECTOR('',#4484,1.6);
#4486=LINE('',#4483,#4485);
#4487=EDGE_CURVE('',#681,#4460,#4486,.T.);
#4488=ORIENTED_EDGE('',*,*,#4487,.T.);
#4489=ORIENTED_EDGE('',*,*,#4465,.F.);
#4490=ORIENTED_EDGE('',*,*,#4170,.F.);
#4491=EDGE_LOOP('',(#4482,#4488,#4489,#4490));
#4492=FACE_BOUND('',#4491,.T.);
#4493=ADVANCED_FACE('',(#4492),#4481,.T.);
#4494=CARTESIAN_POINT('',(1420.726955262,-1891.15,6.8));
#4495=DIRECTION('',(0.707106781,-0.707106781,0.));
#4496=DIRECTION('',(0.707106781,0.707106781,0.));
#4497=AXIS2_PLACEMENT_3D('',#4494,#4495,#4496);
#4498=PLANE('',#4497);
#4499=ORIENTED_EDGE('',*,*,#686,.F.);
#4500=ORIENTED_EDGE('',*,*,#4391,.T.);
#4501=ORIENTED_EDGE('',*,*,#4354,.T.);
#4502=CARTESIAN_POINT('',(1415.5,-1896.376955262,1.4));
#4503=DIRECTION('',(0.707106781,0.707106781,0.));
#4504=VECTOR('',#4503,6.897056275);
#4505=LINE('',#4502,#4504);
#4506=EDGE_CURVE('',#4327,#4421,#4505,.T.);
#4507=ORIENTED_EDGE('',*,*,#4506,.T.);
#4508=ORIENTED_EDGE('',*,*,#4471,.T.);
#4509=ORIENTED_EDGE('',*,*,#4487,.F.);
#4510=EDGE_LOOP('',(#4499,#4500,#4501,#4507,#4508,#4509));
#4511=FACE_BOUND('',#4510,.T.);
#4512=ADVANCED_FACE('',(#4511),#4498,.T.);
#4513=CARTESIAN_POINT('',(1416.948528137,-1892.948528137,0.));
#4514=DIRECTION('',(0.5,-0.5,-0.707106781));
#4515=DIRECTION('',(0.707106781,0.707106781,0.));
#4516=AXIS2_PLACEMENT_3D('',#4513,#4514,#4515);
#4517=PLANE('',#4516);
#4518=ORIENTED_EDGE('',*,*,#4428,.F.);
#4519=ORIENTED_EDGE('',*,*,#4506,.F.);
#4520=ORIENTED_EDGE('',*,*,#4332,.F.);
#4521=CARTESIAN_POINT('',(1415.5,-1894.9627417,0.4));
#4522=DIRECTION('',(-0.678598344,0.281084638,-0.678598345));
#4523=VECTOR('',#4522,0.589450303);
#4524=LINE('',#4521,#4523);
#4525=EDGE_CURVE('',#4319,#318,#4524,.T.);
#4526=ORIENTED_EDGE('',*,*,#4525,.T.);
#4527=ORIENTED_EDGE('',*,*,#323,.F.);
#4528=CARTESIAN_POINT('',(1418.797056275,-1891.1,0.));
#4529=DIRECTION('',(0.281084638,-0.678598344,0.678598345));
#4530=VECTOR('',#4529,0.589450303);
#4531=LINE('',#4528,#4530);
#4532=EDGE_CURVE('',#310,#4423,#4531,.T.);
#4533=ORIENTED_EDGE('',*,*,#4532,.T.);
#4534=EDGE_LOOP('',(#4518,#4519,#4520,#4526,#4527,#4533));
#4535=FACE_BOUND('',#4534,.T.);
#4536=ADVANCED_FACE('',(#4535),#4517,.T.);
#4537=CARTESIAN_POINT('',(1416.948528137,-1915.051471863,0.));
#4538=DIRECTION('',(0.5,0.5,-0.707106781));
#4539=DIRECTION('',(-0.707106781,0.707106781,0.));
#4540=AXIS2_PLACEMENT_3D('',#4537,#4538,#4539);
#4541=PLANE('',#4540);
#4542=ORIENTED_EDGE('',*,*,#4316,.F.);
#4543=ORIENTED_EDGE('',*,*,#4408,.F.);
#4544=ORIENTED_EDGE('',*,*,#4220,.F.);
#4545=CARTESIAN_POINT('',(1418.9627417,-1916.5,0.4));
#4546=DIRECTION('',(-0.281084638,-0.678598344,-0.678598345));
#4547=VECTOR('',#4546,0.589450303);
#4548=LINE('',#4545,#4547);
#4549=EDGE_CURVE('',#4207,#334,#4548,.T.);
#4550=ORIENTED_EDGE('',*,*,#4549,.T.);
#4551=ORIENTED_EDGE('',*,*,#339,.F.);
#4552=CARTESIAN_POINT('',(1415.1,-1913.202943725,0.));
#4553=DIRECTION('',(0.678598344,0.281084638,0.678598345));
#4554=VECTOR('',#4553,0.589450303);
#4555=LINE('',#4552,#4554);
#4556=EDGE_CURVE('',#326,#4311,#4555,.T.);
#4557=ORIENTED_EDGE('',*,*,#4556,.T.);
#4558=EDGE_LOOP('',(#4542,#4543,#4544,#4550,#4551,#4557));
#4559=FACE_BOUND('',#4558,.T.);
#4560=ADVANCED_FACE('',(#4559),#4541,.T.);
#4561=CARTESIAN_POINT('',(1439.051471863,-1915.051471863,0.));
#4562=DIRECTION('',(-0.5,0.5,-0.707106781));
#4563=DIRECTION('',(-0.707106781,-0.707106781,0.));
#4564=AXIS2_PLACEMENT_3D('',#4561,#4562,#4563);
#4565=PLANE('',#4564);
#4566=ORIENTED_EDGE('',*,*,#4204,.F.);
#4567=ORIENTED_EDGE('',*,*,#4296,.F.);
#4568=ORIENTED_EDGE('',*,*,#4094,.F.);
#4569=CARTESIAN_POINT('',(1440.5,-1913.0372583,0.4));
#4570=DIRECTION('',(0.678598344,-0.281084638,-0.678598345));
#4571=VECTOR('',#4570,0.589450303);
#4572=LINE('',#4569,#4571);
#4573=EDGE_CURVE('',#4081,#350,#4572,.T.);
#4574=ORIENTED_EDGE('',*,*,#4573,.T.);
#4575=ORIENTED_EDGE('',*,*,#355,.F.);
#4576=CARTESIAN_POINT('',(1437.202943725,-1916.9,0.));
#4577=DIRECTION('',(-0.281084638,0.678598344,0.678598345));
#4578=VECTOR('',#4577,0.589450303);
#4579=LINE('',#4576,#4578);
#4580=EDGE_CURVE('',#342,#4199,#4579,.T.);
#4581=ORIENTED_EDGE('',*,*,#4580,.T.);
#4582=EDGE_LOOP('',(#4566,#4567,#4568,#4574,#4575,#4581));
#4583=FACE_BOUND('',#4582,.T.);
#4584=ADVANCED_FACE('',(#4583),#4565,.T.);
#4585=CARTESIAN_POINT('',(1439.051471863,-1892.948528137,0.));
#4586=DIRECTION('',(-0.5,-0.5,-0.707106781));
#4587=DIRECTION('',(0.707106781,-0.707106781,0.));
#4588=AXIS2_PLACEMENT_3D('',#4585,#4586,#4587);
#4589=PLANE('',#4588);
#4590=ORIENTED_EDGE('',*,*,#4078,.F.);
#4591=ORIENTED_EDGE('',*,*,#4184,.F.);
#4592=ORIENTED_EDGE('',*,*,#4442,.F.);
#4593=CARTESIAN_POINT('',(1437.0372583,-1891.5,0.4));
#4594=DIRECTION('',(0.281084638,0.678598344,-0.678598345));
#4595=VECTOR('',#4594,0.589450303);
#4596=LINE('',#4593,#4595);
#4597=EDGE_CURVE('',#4431,#308,#4596,.T.);
#4598=ORIENTED_EDGE('',*,*,#4597,.T.);
#4599=ORIENTED_EDGE('',*,*,#369,.F.);
#4600=CARTESIAN_POINT('',(1440.9,-1894.797056275,0.));
#4601=DIRECTION('',(-0.678598344,-0.281084638,0.678598345));
#4602=VECTOR('',#4601,0.589450303);
#4603=LINE('',#4600,#4602);
#4604=EDGE_CURVE('',#358,#4073,#4603,.T.);
#4605=ORIENTED_EDGE('',*,*,#4604,.T.);
#4606=EDGE_LOOP('',(#4590,#4591,#4592,#4598,#4599,#4605));
#4607=FACE_BOUND('',#4606,.T.);
#4608=ADVANCED_FACE('',(#4607),#4589,.T.);
#4609=CARTESIAN_POINT('',(1428.,-1891.1,0.));
#4610=DIRECTION('',(0.,-0.707106781,-0.707106781));
#4611=DIRECTION('',(1.,0.,0.));
#4612=AXIS2_PLACEMENT_3D('',#4609,#4610,#4611);
#4613=PLANE('',#4612);
#4614=ORIENTED_EDGE('',*,*,#4597,.F.);
#4615=ORIENTED_EDGE('',*,*,#4436,.F.);
#4616=ORIENTED_EDGE('',*,*,#4532,.F.);
#4617=ORIENTED_EDGE('',*,*,#315,.F.);
#4618=EDGE_LOOP('',(#4614,#4615,#4616,#4617));
#4619=FACE_BOUND('',#4618,.T.);
#4620=ADVANCED_FACE('',(#4619),#4613,.T.);
#4621=CARTESIAN_POINT('',(1440.9,-1904.,0.));
#4622=DIRECTION('',(-0.707106781,0.,-0.707106781));
#4623=DIRECTION('',(0.,-1.,0.));
#4624=AXIS2_PLACEMENT_3D('',#4621,#4622,#4623);
#4625=PLANE('',#4624);
#4626=ORIENTED_EDGE('',*,*,#4573,.F.);
#4627=ORIENTED_EDGE('',*,*,#4086,.F.);
#4628=ORIENTED_EDGE('',*,*,#4604,.F.);
#4629=ORIENTED_EDGE('',*,*,#363,.F.);
#4630=EDGE_LOOP('',(#4626,#4627,#4628,#4629));
#4631=FACE_BOUND('',#4630,.T.);
#4632=ADVANCED_FACE('',(#4631),#4625,.T.);
#4633=CARTESIAN_POINT('',(1415.1,-1904.,0.));
#4634=DIRECTION('',(0.707106781,0.,-0.707106781));
#4635=DIRECTION('',(0.,1.,0.));
#4636=AXIS2_PLACEMENT_3D('',#4633,#4634,#4635);
#4637=PLANE('',#4636);
#4638=ORIENTED_EDGE('',*,*,#4525,.F.);
#4639=ORIENTED_EDGE('',*,*,#4324,.F.);
#4640=ORIENTED_EDGE('',*,*,#4556,.F.);
#4641=ORIENTED_EDGE('',*,*,#331,.F.);
#4642=EDGE_LOOP('',(#4638,#4639,#4640,#4641));
#4643=FACE_BOUND('',#4642,.T.);
#4644=ADVANCED_FACE('',(#4643),#4637,.T.);
#4645=CARTESIAN_POINT('',(1428.,-1916.9,0.));
#4646=DIRECTION('',(0.,0.707106781,-0.707106781));
#4647=DIRECTION('',(-1.,0.,0.));
#4648=AXIS2_PLACEMENT_3D('',#4645,#4646,#4647);
#4649=PLANE('',#4648);
#4650=ORIENTED_EDGE('',*,*,#4549,.F.);
#4651=ORIENTED_EDGE('',*,*,#4212,.F.);
#4652=ORIENTED_EDGE('',*,*,#4580,.F.);
#4653=ORIENTED_EDGE('',*,*,#347,.F.);
#4654=EDGE_LOOP('',(#4650,#4651,#4652,#4653));
#4655=FACE_BOUND('',#4654,.T.);
#4656=ADVANCED_FACE('',(#4655),#4649,.T.);
#4657=CARTESIAN_POINT('',(1437.8,-1890.,6.8));
#4658=DIRECTION('',(-0.707106781,-0.707106781,0.));
#4659=DIRECTION('',(0.,0.,-1.));
#4660=AXIS2_PLACEMENT_3D('',#4657,#4658,#4659);
#4661=PLANE('',#4660);
#4662=ORIENTED_EDGE('',*,*,#387,.F.);
#4663=ORIENTED_EDGE('',*,*,#3553,.F.);
#4664=ORIENTED_EDGE('',*,*,#40,.F.);
#4665=ORIENTED_EDGE('',*,*,#2516,.F.);
#4666=EDGE_LOOP('',(#4662,#4663,#4664,#4665));
#4667=FACE_BOUND('',#4666,.T.);
#4668=ADVANCED_FACE('',(#4667),#4661,.F.);
#4669=CARTESIAN_POINT('',(1416.1,-1891.36293249,3.4));
#4670=DIRECTION('',(0.,0.,-1.));
#4671=DIRECTION('',(0.,-1.,0.));
#4672=AXIS2_PLACEMENT_3D('',#4669,#4670,#4671);
#4673=CYLINDRICAL_SURFACE('',#4672,0.5);
#4674=ORIENTED_EDGE('',*,*,#2903,.T.);
#4675=CARTESIAN_POINT('',(1416.555223465,-1891.156119539,3.4));
#4676=DIRECTION('',(0.,0.,-1.));
#4677=VECTOR('',#4676,2.4);
#4678=LINE('',#4675,#4677);
#4679=EDGE_CURVE('',#2888,#2938,#4678,.T.);
#4680=ORIENTED_EDGE('',*,*,#4679,.T.);
#4681=ORIENTED_EDGE('',*,*,#2944,.T.);
#4682=CARTESIAN_POINT('',(1416.6,-1891.36293249,1.));
#4683=DIRECTION('',(-0.,-0.,1.));
#4684=VECTOR('',#4683,2.4);
#4685=LINE('',#4682,#4684);
#4686=EDGE_CURVE('',#2930,#2897,#4685,.T.);
#4687=ORIENTED_EDGE('',*,*,#4686,.T.);
#4688=EDGE_LOOP('',(#4674,#4680,#4681,#4687));
#4689=FACE_BOUND('',#4688,.T.);
#4690=ADVANCED_FACE('',(#4689),#4673,.F.);
#4691=CARTESIAN_POINT('',(1416.6,-1891.875,3.4));
#4692=DIRECTION('',(-1.,0.,0.));
#4693=DIRECTION('',(0.,0.,1.));
#4694=AXIS2_PLACEMENT_3D('',#4691,#4692,#4693);
#4695=PLANE('',#4694);
#4696=ORIENTED_EDGE('',*,*,#2935,.F.);
#4697=CARTESIAN_POINT('',(1416.6,-1892.5,3.4));
#4698=DIRECTION('',(0.,0.,-1.));
#4699=VECTOR('',#4698,2.4);
#4700=LINE('',#4697,#4699);
#4701=EDGE_CURVE('',#2835,#2921,#4700,.T.);
#4702=ORIENTED_EDGE('',*,*,#4701,.F.);
#4703=ORIENTED_EDGE('',*,*,#2909,.T.);
#4704=ORIENTED_EDGE('',*,*,#4686,.F.);
#4705=EDGE_LOOP('',(#4696,#4702,#4703,#4704));
#4706=FACE_BOUND('',#4705,.T.);
#4707=ADVANCED_FACE('',(#4706),#4695,.T.);
#4708=CARTESIAN_POINT('',(1419.1,-1890.,3.4));
#4709=DIRECTION('',(0.,0.,-1.));
#4710=DIRECTION('',(0.,-1.,0.));
#4711=AXIS2_PLACEMENT_3D('',#4708,#4709,#4710);
#4712=CYLINDRICAL_SURFACE('',#4711,2.795084972);
#4713=ORIENTED_EDGE('',*,*,#2894,.F.);
#4714=CARTESIAN_POINT('',(1416.318432388,-1890.274557137,1.));
#4715=DIRECTION('',(-0.,-0.,1.));
#4716=VECTOR('',#4715,2.4);
#4717=LINE('',#4714,#4716);
#4718=EDGE_CURVE('',#2947,#2879,#4717,.T.);
#4719=ORIENTED_EDGE('',*,*,#4718,.F.);
#4720=ORIENTED_EDGE('',*,*,#2953,.T.);
#4721=ORIENTED_EDGE('',*,*,#4679,.F.);
#4722=EDGE_LOOP('',(#4713,#4719,#4720,#4721));
#4723=FACE_BOUND('',#4722,.T.);
#4724=ADVANCED_FACE('',(#4723),#4712,.T.);
#4725=CARTESIAN_POINT('',(1416.567223359,-1890.25,3.4));
#4726=DIRECTION('',(0.,0.,-1.));
#4727=DIRECTION('',(0.,-1.,0.));
#4728=AXIS2_PLACEMENT_3D('',#4725,#4726,#4727);
#4729=CYLINDRICAL_SURFACE('',#4728,0.25);
#4730=ORIENTED_EDGE('',*,*,#2885,.T.);
#4731=ORIENTED_EDGE('',*,*,#2544,.T.);
#4732=ORIENTED_EDGE('',*,*,#2960,.T.);
#4733=ORIENTED_EDGE('',*,*,#4718,.T.);
#4734=EDGE_LOOP('',(#4730,#4731,#4732,#4733));
#4735=FACE_BOUND('',#4734,.T.);
#4736=ADVANCED_FACE('',(#4735),#4729,.T.);
#4737=CARTESIAN_POINT('',(1440.125,-1915.4,3.4));
#4738=DIRECTION('',(0.,1.,0.));
#4739=DIRECTION('',(0.,0.,1.));
#4740=AXIS2_PLACEMENT_3D('',#4737,#4738,#4739);
#4741=PLANE('',#4740);
#4742=ORIENTED_EDGE('',*,*,#3882,.F.);
#4743=ORIENTED_EDGE('',*,*,#3815,.T.);
#4744=ORIENTED_EDGE('',*,*,#3949,.T.);
#4745=CARTESIAN_POINT('',(1440.63706751,-1915.4,3.4));
#4746=DIRECTION('',(0.,0.,-1.));
#4747=VECTOR('',#4746,2.4);
#4748=LINE('',#4745,#4747);
#4749=EDGE_CURVE('',#3877,#3937,#4748,.T.);
#4750=ORIENTED_EDGE('',*,*,#4749,.F.);
#4751=EDGE_LOOP('',(#4742,#4743,#4744,#4750));
#4752=FACE_BOUND('',#4751,.T.);
#4753=ADVANCED_FACE('',(#4752),#4741,.F.);
#4754=CARTESIAN_POINT('',(1440.63706751,-1915.9,3.4));
#4755=DIRECTION('',(0.,0.,-1.));
#4756=DIRECTION('',(-1.,0.,0.));
#4757=AXIS2_PLACEMENT_3D('',#4754,#4755,#4756);
#4758=CYLINDRICAL_SURFACE('',#4757,0.5);
#4759=ORIENTED_EDGE('',*,*,#3891,.T.);
#4760=ORIENTED_EDGE('',*,*,#4749,.T.);
#4761=ORIENTED_EDGE('',*,*,#3943,.T.);
#4762=CARTESIAN_POINT('',(1440.843880461,-1915.444776535,1.));
#4763=DIRECTION('',(-0.,-0.,1.));
#4764=VECTOR('',#4763,2.4);
#4765=LINE('',#4762,#4764);
#4766=EDGE_CURVE('',#3928,#3885,#4765,.T.);
#4767=ORIENTED_EDGE('',*,*,#4766,.T.);
#4768=EDGE_LOOP('',(#4759,#4760,#4761,#4767));
#4769=FACE_BOUND('',#4768,.T.);
#4770=ADVANCED_FACE('',(#4769),#4758,.F.);
#4771=CARTESIAN_POINT('',(1442.,-1912.9,3.4));
#4772=DIRECTION('',(0.,0.,-1.));
#4773=DIRECTION('',(-1.,0.,0.));
#4774=AXIS2_PLACEMENT_3D('',#4771,#4772,#4773);
#4775=CYLINDRICAL_SURFACE('',#4774,2.795084972);
#4776=ORIENTED_EDGE('',*,*,#3934,.T.);
#4777=CARTESIAN_POINT('',(1441.725442863,-1915.681567612,3.4));
#4778=DIRECTION('',(0.,0.,-1.));
#4779=VECTOR('',#4778,2.4);
#4780=LINE('',#4777,#4779);
#4781=EDGE_CURVE('',#3894,#3919,#4780,.T.);
#4782=ORIENTED_EDGE('',*,*,#4781,.F.);
#4783=ORIENTED_EDGE('',*,*,#3900,.F.);
#4784=ORIENTED_EDGE('',*,*,#4766,.F.);
#4785=EDGE_LOOP('',(#4776,#4782,#4783,#4784));
#4786=FACE_BOUND('',#4785,.T.);
#4787=ADVANCED_FACE('',(#4786),#4775,.T.);
#4788=CARTESIAN_POINT('',(1441.75,-1915.432776641,3.4));
#4789=DIRECTION('',(0.,0.,-1.));
#4790=DIRECTION('',(-1.,0.,0.));
#4791=AXIS2_PLACEMENT_3D('',#4788,#4789,#4790);
#4792=CYLINDRICAL_SURFACE('',#4791,0.25);
#4793=ORIENTED_EDGE('',*,*,#3907,.T.);
#4794=ORIENTED_EDGE('',*,*,#4781,.T.);
#4795=ORIENTED_EDGE('',*,*,#3925,.T.);
#4796=ORIENTED_EDGE('',*,*,#3531,.T.);
#4797=EDGE_LOOP('',(#4793,#4794,#4795,#4796));
#4798=FACE_BOUND('',#4797,.T.);
#4799=ADVANCED_FACE('',(#4798),#4792,.T.);
#4800=CARTESIAN_POINT('',(1414.,-1943.5,3.4));
#4801=DIRECTION('',(0.,0.,-1.));
#4802=DIRECTION('',(0.,1.,0.));
#4803=AXIS2_PLACEMENT_3D('',#4800,#4801,#4802);
#4804=CYLINDRICAL_SURFACE('',#4803,2.6);
#4805=ORIENTED_EDGE('',*,*,#1450,.T.);
#4806=ORIENTED_EDGE('',*,*,#1525,.T.);
#4807=ORIENTED_EDGE('',*,*,#1681,.T.);
#4808=ORIENTED_EDGE('',*,*,#1611,.F.);
#4809=EDGE_LOOP('',(#4805,#4806,#4807,#4808));
#4810=FACE_BOUND('',#4809,.T.);
#4811=ADVANCED_FACE('',(#4810),#4804,.F.);
#4812=CARTESIAN_POINT('',(1388.5,-1918.,3.4));
#4813=DIRECTION('',(0.,0.,-1.));
#4814=DIRECTION('',(1.,0.,0.));
#4815=AXIS2_PLACEMENT_3D('',#4812,#4813,#4814);
#4816=CYLINDRICAL_SURFACE('',#4815,2.6);
#4817=ORIENTED_EDGE('',*,*,#1730,.T.);
#4818=ORIENTED_EDGE('',*,*,#1771,.T.);
#4819=ORIENTED_EDGE('',*,*,#2751,.T.);
#4820=ORIENTED_EDGE('',*,*,#1857,.F.);
#4821=EDGE_LOOP('',(#4817,#4818,#4819,#4820));
#4822=FACE_BOUND('',#4821,.T.);
#4823=ADVANCED_FACE('',(#4822),#4816,.F.);
#4824=CARTESIAN_POINT('',(1414.,-1892.5,3.4));
#4825=DIRECTION('',(0.,0.,-1.));
#4826=DIRECTION('',(0.,-1.,0.));
#4827=AXIS2_PLACEMENT_3D('',#4824,#4825,#4826);
#4828=CYLINDRICAL_SURFACE('',#4827,2.6);
#4829=ORIENTED_EDGE('',*,*,#2800,.T.);
#4830=ORIENTED_EDGE('',*,*,#2841,.T.);
#4831=ORIENTED_EDGE('',*,*,#4701,.T.);
#4832=ORIENTED_EDGE('',*,*,#2927,.F.);
#4833=EDGE_LOOP('',(#4829,#4830,#4831,#4832));
#4834=FACE_BOUND('',#4833,.T.);
#4835=ADVANCED_FACE('',(#4834),#4828,.F.);
#4836=CARTESIAN_POINT('',(1439.5,-1918.,3.4));
#4837=DIRECTION('',(0.,0.,-1.));
#4838=DIRECTION('',(-1.,0.,0.));
#4839=AXIS2_PLACEMENT_3D('',#4836,#4837,#4838);
#4840=CYLINDRICAL_SURFACE('',#4839,2.6);
#4841=ORIENTED_EDGE('',*,*,#3798,.T.);
#4842=ORIENTED_EDGE('',*,*,#3873,.T.);
#4843=ORIENTED_EDGE('',*,*,#4029,.T.);
#4844=ORIENTED_EDGE('',*,*,#3959,.F.);
#4845=EDGE_LOOP('',(#4841,#4842,#4843,#4844));
#4846=FACE_BOUND('',#4845,.T.);
#4847=ADVANCED_FACE('',(#4846),#4840,.F.);
#4848=CLOSED_SHELL('',(#373,#720,#760,#791,#813,#846,#886,#917,#939,#958,#998,#1029,#1051,#1070,#1108,#1132,#1149,#1168,#1224,#1280,#1304,#1328,#1352,#1376,#1388,#1400,
#1412,#1424,#1436,#1478,#1563,#1648,#1670,#1687,#1704,#1716,#1758,#1843,#1928,#1945,#1962,#1979,#1991,#2016,#2041,#2058,#2098,#2129,#2151,#2184,#2224,
#2255,#2277,#2296,#2336,#2367,#2389,#2408,#2446,#2470,#2487,#2506,#2562,#2586,#2610,#2634,#2658,#2670,#2682,#2694,#2706,#2718,#2740,#2757,#2774,#2786,
#2828,#2913,#2998,#3015,#3032,#3049,#3061,#3101,#3132,#3154,#3187,#3227,#3258,#3280,#3299,#3339,#3370,#3392,#3411,#3449,#3473,#3490,#3509,#3565,#3589,
#3613,#3637,#3661,#3673,#3685,#3697,#3709,#3721,#3738,#3755,#3772,#3784,#3826,#3911,#3996,#4018,#4035,#4052,#4064,#4104,#4135,#4157,#4190,#4230,#4261,
#4283,#4302,#4342,#4373,#4395,#4414,#4452,#4476,#4493,#4512,#4536,#4560,#4584,#4608,#4620,#4632,#4644,#4656,#4668,#4690,#4707,#4724,#4736,#4753,#4770,
#4787,#4799,#4811,#4823,#4835,#4847));
#4849=MANIFOLD_SOLID_BREP('Body 03 (3)* (16)',#4848);
#4850=COLOUR_RGB('',0.494117647,0.494117647,0.525490224);
#4851=FILL_AREA_STYLE_COLOUR('',#4850);
#4852=FILL_AREA_STYLE('',(#4851));
#4853=SURFACE_STYLE_FILL_AREA(#4852);
#4854=SURFACE_SIDE_STYLE('',(#4853));
#4855=SURFACE_STYLE_USAGE(.BOTH.,#4854);
#4856=PRESENTATION_STYLE_ASSIGNMENT((#4855));
#26=STYLED_ITEM('',(#4856),#4849);
#16=SHAPE_REPRESENTATION('openGrid Lite 2x2',(#15),#10);
#17=ADVANCED_BREP_SHAPE_REPRESENTATION('openGrid Lite 2x2',(#4849),#10);
#4864=SHAPE_REPRESENTATION_RELATIONSHIP('','',#16,#17);
#4865=CARTESIAN_POINT('',(0.,0.,0.));
#4866=DIRECTION('',(0.,0.,1.));
#4867=DIRECTION('',(1.,0.,0.));
#4868=AXIS2_PLACEMENT_3D('',#4865,#4866,#4867);
#4870=MAPPED_ITEM('',#4869,#4868);
#4869=REPRESENTATION_MAP(#4868,#16);
#4871=APPLICATION_CONTEXT('Managed model based 3d engineering');
#4872=APPLICATION_PROTOCOL_DEFINITION('international standard','ap242_managed_model_based_3d_engineering',2014,#4871);
#4873=PRODUCT_CONTEXT('',#4871,'mechanical');
#4874=PRODUCT_DEFINITION_CONTEXT('part definition',#4871,'design');
#24=PRODUCT('openGrid Lite 2x2','openGrid Lite 2x2','',(#4873));
#4875=PRODUCT_RELATED_PRODUCT_CATEGORY('part','',(#24));
#4876=PRODUCT_DEFINITION_FORMATION_WITH_SPECIFIED_SOURCE('','',#24,.NOT_KNOWN.);
#25=PRODUCT_DEFINITION('design','',#4876,#4874);
#23=PRODUCT_DEFINITION_SHAPE('','',#25);
#4877=SHAPE_DEFINITION_REPRESENTATION(#23,#16);
#11=DRAUGHTING_MODEL('',(#4870),#10);
#4878=DESCRIPTIVE_REPRESENTATION_ITEM('KEY','/Users/ddanier/Library/Containers/com.shapr3d.shapr/Data/tmp/62167328-3D06-4A02-BAA4-91FAB7C3C62F.tmp');
#4879=PROPERTY_DEFINITION('KEY','',#25);
#4880=REPRESENTATION('',(#4878),#10);
#4881=PROPERTY_DEFINITION_REPRESENTATION(#4879,#4880);
#4882=GENERAL_PROPERTY('','KEY','');
#4883=GENERAL_PROPERTY_ASSOCIATION('','',#4882,#4879);
#1=MECHANICAL_DESIGN_GEOMETRIC_PRESENTATION_REPRESENTATION('',(#26),#10);
ENDSEC;
END-ISO-10303-21;
